bus_stop_code,route_id,bus_id,meters_distance,min_arrival_time,max_arrival_time,date,X,Y
PJ636,J01,FLXD-49,834,0,3,2025-10-19 22:00:03.786092,334986.886,6297538.401
PJ636,J01,SZZH-67,2898,8,10,2025-10-19 22:00:03.786099,334986.886,6297538.401
PE339,E02,VKJX-86,282,0,3,2025-10-19 22:00:07.629175,354558.394,6285458.228
PE339,E02,VKJY-92,9180,25,60,2025-10-19 22:00:07.629181,354558.394,6285458.228
PE339,E09,VKJX-70,4597,14,20,2025-10-19 22:00:07.629182,354558.394,6285458.228
PE339,E09,VKJY-49,8852,25,60,2025-10-19 22:00:07.629184,354558.394,6285458.228
PE339,E11,VKJZ-33,3958,12,16,2025-10-19 22:00:07.629185,354558.394,6285458.228
PC912,C28,SGPW-42,7294,16,22,2025-10-19 22:00:09.387107,356328.841,6310563.373
PC912,C14,SKPL-29,5927,11,15,2025-10-19 22:00:09.387113,356328.841,6310563.373
PC912,C14,SKPL-32,12197,25,60,2025-10-19 22:00:09.387114,356328.841,6310563.373
PE229,E18,BJFW-42,2455,7,9,2025-10-19 22:00:11.085591,349203.119,6288831.453
PE229,E12,VFKR-65,6707,20,28,2025-10-19 22:00:11.085597,349203.119,6288831.453
PE229,E12,VFJV-39,15772,25,60,2025-10-19 22:00:11.085599,349203.119,6288831.453
PE229,226,VFPD-41,732,0,3,2025-10-19 22:00:11.085600,349203.119,6288831.453
PE229,226,VFPZ-97,1353,0,5,2025-10-19 22:00:11.085601,349203.119,6288831.453
PE810,325,VFJS-19,1982,9,11,2025-10-19 22:00:13.040070,350807.111,6286043.737
PE810,325,VFJV-24,7374,25,60,2025-10-19 22:00:13.040074,350807.111,6286043.737
PI900,I04,FLXF-91,5297,13,19,2025-10-19 22:00:14.971925,341707.418,6294740.732
PI900,I04,FLXY-38,11318,25,60,2025-10-19 22:00:14.971930,341707.418,6294740.732
PJ227,418,PFYC-29,2276,7,9,2025-10-19 22:00:16.916408,335596.104,6298342.542
PJ227,418,SHXD-75,6352,21,29,2025-10-19 22:00:16.916413,335596.104,6298342.542
PF739,F18,SRVK-42,5087,13,19,2025-10-19 22:00:18.875190,349296.975,6277635.683
PF739,F18,STHF-56,8390,25,60,2025-10-19 22:00:18.875195,349296.975,6277635.683
PA57,214,GCBB-57,3627,12,18,2025-10-19 22:00:20.981707,346492.34,6296543.06
PA57,214,GCBB-61,8602,25,60,2025-10-19 22:00:20.981713,346492.34,6296543.06
PA57,301,BJFY-83,73,0,3,2025-10-19 22:00:20.981714,346492.34,6296543.06
PA57,301,BJFS-61,4128,12,16,2025-10-19 22:00:20.981716,346492.34,6296543.06
PA57,223,SFGY-87,1510,4,6,2025-10-19 22:00:20.981717,346492.34,6296543.06
PA57,201,GCBB-75,3936,13,19,2025-10-19 22:00:20.981718,346492.34,6296543.06
PA57,201,GCBB-80,8979,25,60,2025-10-19 22:00:20.981719,346492.34,6296543.06
PC145,314,TWPD-34,14674,25,60,2025-10-19 22:00:22.597615,348018.513,6299005.236
PC145,B15,SPCG-53,1,0,3,2025-10-19 22:00:22.597621,348018.513,6299005.236
PC145,B15,SPCG-97,7211,11,15,2025-10-19 22:00:22.597622,348018.513,6299005.236
PC145,307,TWPD-76,240,0,3,2025-10-19 22:00:22.597624,348018.513,6299005.236
PC145,307,TWPC-60,8142,25,60,2025-10-19 22:00:22.597625,348018.513,6299005.236
PG1599,211,SVPW-61,208,0,3,2025-10-19 22:00:26.563046,341911.167,6281752.541
PG1599,211,TBYY-71,5701,12,18,2025-10-19 22:00:26.563051,341911.167,6281752.541
PB1531,B18E,STHR-60,1506,0,3,2025-10-19 22:00:28.613853,340604.96,6305972.5
PB1531,B11,SKDJ-18,5864,16,22,2025-10-19 22:00:28.613858,340604.96,6305972.5
PB1531,B11,SKDG-93,8950,25,60,2025-10-19 22:00:28.613859,340604.96,6305972.5
PB1531,430,PGBY-61,8831,6,8,2025-10-19 22:00:28.613860,340604.96,6305972.5
PB1531,430,PFZK-88,19751,25,60,2025-10-19 22:00:28.613861,340604.96,6305972.5
PB1531,435,SLLZ-56,150,0,3,2025-10-19 22:00:28.613861,340604.96,6305972.5
PB1531,B18,TXZH-25,3414,6,8,2025-10-19 22:00:28.613863,340604.96,6305972.5
PE575,E14,VKJZ-75,4034,11,15,2025-10-19 22:00:30.601256,351750.466,6289175.421
PE575,E13,VFKW-18,94,0,3,2025-10-19 22:00:30.601261,351750.466,6289175.421
PE575,E13,VFJP-53,7553,25,60,2025-10-19 22:00:30.601262,351750.466,6289175.421
PE575,E18,BJFT-68,3871,11,15,2025-10-19 22:00:30.601263,351750.466,6289175.421
PE575,E10,BJFW-83,4709,13,17,2025-10-19 22:00:30.601264,351750.466,6289175.421
PF715,F18,LBTS-83,665,0,3,2025-10-19 22:00:34.445476,349328.713,6278076.61
PG740,G02,FLXC-91,1847,5,7,2025-10-19 22:00:36.394129,342351.487,6281376.665
PG244,212,SRTK-26,20,0,3,2025-10-19 22:00:38.316566,347852.892,6282558.969
PG244,G23,SFWB-76,2404,8,10,2025-10-19 22:00:38.316572,347852.892,6282558.969
PG244,G13,SFGY-78,465,0,5,2025-10-19 22:00:38.316574,347852.892,6282558.969
PD880,D05,SPBF-62,148,0,3,2025-10-19 22:00:39.671837,350434.233,6294983.34
PD880,D05,SPBS-39,6276,25,60,2025-10-19 22:00:39.671843,350434.233,6294983.34
PJ668,J18,VHZX-10,118,0,3,2025-10-19 22:00:41.680298,339471.331,6298917.379
PJ668,J13,TBFT-86,1969,5,7,2025-10-19 22:00:41.680303,339471.331,6298917.379
PJ668,J13,TBFT-62,7074,25,60,2025-10-19 22:00:41.680304,339471.331,6298917.379
PJ668,412,PFTW-39,3710,11,15,2025-10-19 22:00:41.680305,339471.331,6298917.379
PJ668,412,PFVG-95,16180,25,60,2025-10-19 22:00:41.680306,339471.331,6298917.379
PJ668,J02,VHXJ-20,1775,4,6,2025-10-19 22:00:41.680306,339471.331,6298917.379
PJ668,J02,VHXJ-10,9615,25,60,2025-10-19 22:00:41.680307,339471.331,6298917.379
PE463,E04,VKJX-30,166,0,3,2025-10-19 22:00:46.931443,354205.247,6287322.41
PE463,E04,VKJX-50,9249,25,60,2025-10-19 22:00:46.931448,354205.247,6287322.41
PB824,B03,LXDH-89,1405,5,7,2025-10-19 22:00:50.813881,339455.364,6301716.241
PB824,B03,SKHG-90,3568,9,13,2025-10-19 22:00:50.813886,339455.364,6301716.241
PB824,410,LFGJ-94,4081,13,19,2025-10-19 22:00:50.813888,339455.364,6301716.241
PE1342,226,VGKZ-62,778,0,3,2025-10-19 22:00:52.714602,352675.757,6286230.432
PE1342,226,VFPD-41,6230,17,25,2025-10-19 22:00:52.714607,352675.757,6286230.432
PE1342,E01,VKJZ-69,3528,10,14,2025-10-19 22:00:52.714608,352675.757,6286230.432
PE1401,E06,FLXT-41,105,0,3,2025-10-19 22:00:54.671438,356313.446,6290007.618
PE1401,E17,CJRB-16,3443,9,13,2025-10-19 22:00:54.671443,356313.446,6290007.618
PF531,F11,SKVB-31,1015,0,4,2025-10-19 22:00:58.526831,359447.732,6281381.251
PC98,C14,SKPL-32,242,0,3,2025-10-19 22:01:02.557009,353967.31,6303262.17
PC98,216,SVPW-57,21479,25,60,2025-10-19 22:01:02.557014,353967.31,6303262.17
PB1953,201,GCBB-80,3022,8,10,2025-10-19 22:01:04.525177,345997.14,6301149.893
PB1953,230,GCBB-77,4248,11,15,2025-10-19 22:01:04.525182,345997.14,6301149.893
PB1953,308,FLXK-11,544,0,4,2025-10-19 22:01:04.525183,345997.14,6301149.893
PB1953,308,FLXH-35,6159,12,16,2025-10-19 22:01:04.525184,345997.14,6301149.893
PB1953,B26,FLXS-44,4941,14,20,2025-10-19 22:01:04.525185,345997.14,6301149.893
PB1953,B02,FLXR-81,615,6,8,2025-10-19 22:01:04.525186,345997.14,6301149.893
PB1953,B02,FLXR-83,768,7,9,2025-10-19 22:01:04.525187,345997.14,6301149.893
PB1953,B14,FLXJ-64,1267,0,3,2025-10-19 22:01:04.525187,345997.14,6301149.893
PB1953,B27,FLXS-23,1631,5,7,2025-10-19 22:01:04.525188,345997.14,6301149.893
PH707,329,FLXR-21,5735,12,16,2025-10-19 22:01:06.408563,343332.529,6289775.544
PG843,302,BJFW-67,915,0,5,2025-10-19 22:01:09.820809,346805.297,6285901.674
PG843,E18,BJFV-82,2286,11,15,2025-10-19 22:01:09.820814,346805.297,6285901.674
PG843,E18,BJFW-42,9616,25,60,2025-10-19 22:01:09.820815,346805.297,6285901.674
PG843,G04,SCRZ-23,933,0,3,2025-10-19 22:01:09.820816,346805.297,6285901.674
PG843,G18,THTD-22,423,0,3,2025-10-19 22:01:09.820816,346805.297,6285901.674
PG843,F05,SPZY-50,7054,25,60,2025-10-19 22:01:09.820817,346805.297,6285901.674
PG843,F05,TXZH-41,9289,25,60,2025-10-19 22:01:09.820818,346805.297,6285901.674
PA291,119,BJFT-96,6438,15,21,2025-10-19 22:01:11.758438,345105.21,6296938.56
PA291,119,FLXK-71,13103,25,60,2025-10-19 22:01:11.758444,345105.21,6296938.56
PA291,121,BJFW-38,1277,5,7,2025-10-19 22:01:11.758445,345105.21,6296938.56
PA291,121,CJRW-56,11455,25,60,2025-10-19 22:01:11.758446,345105.21,6296938.56
PC815,C09,SGPY-65,1965,5,7,2025-10-19 22:01:13.716215,360476.732,6304475.804
PC815,C27,LDJW-51,5905,15,21,2025-10-19 22:01:13.716221,360476.732,6304475.804
PB2064,B10,STHF-54,2214,8,10,2025-10-19 22:01:15.607158,344021.0,6307825.0
PB2064,B10,STHK-12,13743,25,60,2025-10-19 22:01:15.607164,344021.0,6307825.0
PA229,J03,PFXC-32,3515,10,14,2025-10-19 22:01:17.509137,345644.187,6299069.449
PA229,J03,GCBC-72,9932,25,60,2025-10-19 22:01:17.509143,345644.187,6299069.449
PA229,402,PFTW-50,7692,21,29,2025-10-19 22:01:17.509145,345644.187,6299069.449
PA229,302,PFTW-50,7692,21,29,2025-10-19 22:01:17.509146,345644.187,6299069.449
PA229,504,TBFX-31,1140,0,3,2025-10-19 22:01:17.509147,345644.187,6299069.449
PA229,504,SZZH-66,7537,25,60,2025-10-19 22:01:17.509148,345644.187,6299069.449
PB1899,B41,GCBB-14,1828,5,7,2025-10-19 22:01:19.505268,346033.96,6301173.58
PB1899,B17,SHXF-83,366,0,3,2025-10-19 22:01:19.505274,346033.96,6301173.58
PB1899,B17,SJTD-57,895,0,3,2025-10-19 22:01:19.505276,346033.96,6301173.58
PB1899,B25,FLXS-58,5796,15,21,2025-10-19 22:01:19.505277,346033.96,6301173.58
PB1899,B02,FLXR-81,8102,25,60,2025-10-19 22:01:19.505278,346033.96,6301173.58
PB1899,B02,FLXR-83,8252,25,60,2025-10-19 22:01:19.505279,346033.96,6301173.58
PI735,I02,FLXZ-40,2966,11,15,2025-10-19 22:01:21.412591,337237.329,6294728.93
PI735,I02,FLXZ-20,7558,25,60,2025-10-19 22:01:21.412596,337237.329,6294728.93
PB1566,B25,FLXS-58,3237,9,13,2025-10-19 22:01:25.305200,345832.191,6302861.469
PD1057,D10,STWW-40,4108,11,15,2025-10-19 22:01:26.764659,356822.613,6295651.516
PD1057,D10,SSXF-31,5059,13,19,2025-10-19 22:01:26.764665,356822.613,6295651.516
PI616,509,FLXX-93,5932,15,21,2025-10-19 22:01:28.186200,334998.499,6288182.192
PI616,509,FLXH-90,11024,25,60,2025-10-19 22:01:28.186205,334998.499,6288182.192
PE818,E17,FLXT-39,1513,9,13,2025-10-19 22:01:30.107842,351353.434,6290836.208
PD202,210,VFPW-23,4043,8,12,2025-10-19 22:01:32.064061,349288.13,6294494.53
PD202,210,VFPZ-98,11062,25,60,2025-10-19 22:01:32.064066,349288.13,6294494.53
PD202,210V,VFPZ-55,7853,14,20,2025-10-19 22:01:32.064068,349288.13,6294494.53
PD202,210V,VGBX-29,12353,25,60,2025-10-19 22:01:32.064069,349288.13,6294494.53
PE23,102,SPZX-48,7773,15,21,2025-10-19 22:01:33.620299,354277.126,6287312.628
PE23,124,SRVH-45,4674,11,15,2025-10-19 22:01:33.620304,354277.126,6287312.628
PE23,712,SHCX-33,2747,6,8,2025-10-19 22:01:33.620305,354277.126,6287312.628
PE23,712,TFYL-48,4430,11,15,2025-10-19 22:01:33.620306,354277.126,6287312.628
PB479,428,SHCV-85,3283,8,12,2025-10-19 22:01:35.270098,337120.532,6305395.995
PD170,D26,SPBP-30,5413,13,19,2025-10-19 22:01:39.260834,353685.47,6290970.573
PD170,D26,PGTV-30,11560,25,60,2025-10-19 22:01:39.260840,353685.47,6290970.573
PJ1712,J08,PFWZ-58,6037,18,26,2025-10-19 22:01:40.665303,336196.751,6296539.799
PJ1712,J08,PFXB-97,12975,25,60,2025-10-19 22:01:40.665307,336196.751,6296539.799
PG1243,G15,THTD-16,3787,12,16,2025-10-19 22:01:42.275339,346990.104,6285009.278
PB1020,B43,SHXG-85,1907,6,8,2025-10-19 22:01:44.262954,339907.254,6308448.856
PA191,I03,FLXL-73,3019,8,10,2025-10-19 22:01:45.976451,343839.824,6298549.409
PA191,I03,FLXL-32,9920,25,60,2025-10-19 22:01:45.976456,343839.824,6298549.409
PA191,I10,FLXL-39,710,0,3,2025-10-19 22:01:45.976457,343839.824,6298549.409
PA191,I10,FLXG-96,6484,16,22,2025-10-19 22:01:45.976458,343839.824,6298549.409
PA191,I17,FLXL-87,3709,13,17,2025-10-19 22:01:45.976459,343839.824,6298549.409
PA689,508,GCBC-46,268,0,3,2025-10-19 22:01:47.604112,344560.706,6298740.935
PA689,508,FLXJ-43,319,0,3,2025-10-19 22:01:47.604117,344560.706,6298740.935
PA689,514,FLXH-85,1518,5,7,2025-10-19 22:01:47.604118,344560.706,6298740.935
PA689,514,FLXX-95,8025,25,60,2025-10-19 22:01:47.604119,344560.706,6298740.935
PE19,712,SHCW-80,917,0,4,2025-10-19 22:01:49.893464,354727.422,6286415.398
PE19,712,SHCW-69,4274,11,15,2025-10-19 22:01:49.893468,354727.422,6286415.398
PE19,104,SKVD-69,5718,19,27,2025-10-19 22:01:49.893469,354727.422,6286415.398
PE19,104,SKWD-67,8894,25,60,2025-10-19 22:01:49.893470,354727.422,6286415.398
PE19,114,SRPK-56,5202,15,21,2025-10-19 22:01:49.893471,354727.422,6286415.398
PE19,114,SRSC-81,10048,25,60,2025-10-19 22:01:49.893472,354727.422,6286415.398
PE19,E04,VKJX-30,914,0,4,2025-10-19 22:01:49.893473,354727.422,6286415.398
PE19,E04,VKJX-50,10059,25,60,2025-10-19 22:01:49.893474,354727.422,6286415.398
PE19,E12,VFJK-22,1266,4,6,2025-10-19 22:01:49.893475,354727.422,6286415.398
PE19,E12,VFKR-65,13552,25,60,2025-10-19 22:01:49.893475,354727.422,6286415.398
PE19,102,SPZX-98,1037,0,4,2025-10-19 22:01:49.893476,354727.422,6286415.398
PE19,102,SPZX-59,7273,18,26,2025-10-19 22:01:49.893477,354727.422,6286415.398
PE19,124,SRVG-88,2237,6,8,2025-10-19 22:01:49.893478,354727.422,6286415.398
PE19,124,SRVH-19,6284,19,27,2025-10-19 22:01:49.893479,354727.422,6286415.398
PI686,I01,FLXL-34,7577,14,20,2025-10-19 22:01:51.833010,339773.951,6292862.223
PI686,I01,FLXJ-16,11111,25,60,2025-10-19 22:01:51.833015,339773.951,6292862.223
PI686,I18,VHSX-92,5044,12,16,2025-10-19 22:01:51.833016,339773.951,6292862.223
PB364,B12,SKDH-78,326,0,3,2025-10-19 22:01:54.032095,344628.164,6304899.785
PB364,B12,SKDJ-78,8186,20,28,2025-10-19 22:01:54.032101,344628.164,6304899.785
PD384,425,SJPC-85,4485,13,19,2025-10-19 22:01:56.163278,353893.504,6294636.71
PD384,425,SHXD-80,11513,25,60,2025-10-19 22:01:56.163283,353893.504,6294636.71
PD384,429,SLGT-38,3641,25,60,2025-10-19 22:01:56.163284,353893.504,6294636.71
PD384,429,SLPC-18,7513,25,60,2025-10-19 22:01:56.163285,353893.504,6294636.71
PC772,C28,SGPY-76,5072,9,13,2025-10-19 22:01:58.142565,356455.65,6309045.62
PA286,119,CJRW-17,2173,5,7,2025-10-19 22:02:00.089951,345299.197,6295007.963
PA286,119,CJRY-80,7175,20,28,2025-10-19 22:02:00.089958,345299.197,6295007.963
PA286,121,FLXF-97,1792,5,7,2025-10-19 22:02:00.089960,345299.197,6295007.963
PA286,121,FLXK-54,2098,5,7,2025-10-19 22:02:00.089961,345299.197,6295007.963
PC727,C05,LWTK-51,4360,9,13,2025-10-19 22:02:02.080758,355706.918,6302400.557
PD997,510,TBFW-78,4828,14,20,2025-10-19 22:02:04.162305,357455.429,6295878.152
PD997,510,TBFP-74,11154,25,60,2025-10-19 22:02:04.162310,357455.429,6295878.152
PG821,G04,SFPG-55,1405,0,4,2025-10-19 22:02:06.062212,346819.278,6285884.683
PG821,G18,THTF-20,49,0,3,2025-10-19 22:02:06.062218,346819.278,6285884.683
PG821,G18,THTF-30,3066,8,12,2025-10-19 22:02:06.062219,346819.278,6285884.683
PB141,116,LCPW-36,2728,7,9,2025-10-19 22:02:07.956072,349743.717,6304953.125
PB141,B05,SPCG-68,3253,8,12,2025-10-19 22:02:07.956078,349743.717,6304953.125
PA226,B26,FLXP-79,2337,6,8,2025-10-19 22:02:09.691856,345354.719,6299276.972
PA226,402,PFTW-50,6904,18,26,2025-10-19 22:02:09.691861,345354.719,6299276.972
PA226,121,BJFW-38,4003,15,21,2025-10-19 22:02:09.691862,345354.719,6299276.972
PA226,121,CJRW-56,14136,25,60,2025-10-19 22:02:09.691863,345354.719,6299276.972
PA226,502,TBFT-16,5720,14,20,2025-10-19 22:02:09.691864,345354.719,6299276.972
PA226,502,TBFT-98,11164,25,60,2025-10-19 22:02:09.691865,345354.719,6299276.972
PA226,518,TBFR-41,2972,7,9,2025-10-19 22:02:09.691866,345354.719,6299276.972
PC1243,C01,LDJJ-63,3081,8,10,2025-10-19 22:02:11.349982,359989.44,6307620.7
PC1243,C01,LCSX-53,4394,11,15,2025-10-19 22:02:11.349987,359989.44,6307620.7
PD879,D05,SPBS-39,5334,25,60,2025-10-19 22:02:13.173642,350771.42,6295007.282
PG390,118,FLXD-58,8840,18,26,2025-10-19 22:02:14.605111,344340.143,6288253.902
PG390,120,TXZH-38,6670,16,22,2025-10-19 22:02:14.605116,344340.143,6288253.902
PG390,120,STHD-21,8726,20,28,2025-10-19 22:02:14.605117,344340.143,6288253.902
PG390,302,BJFV-73,1681,0,5,2025-10-19 22:02:14.605118,344340.143,6288253.902
PG390,302,FLXK-94,6207,14,20,2025-10-19 22:02:14.605119,344340.143,6288253.902
PG808,G07,THTG-81,2099,5,7,2025-10-19 22:02:16.528679,342126.75,6279311.348
PG808,G07,THTF-21,12613,25,60,2025-10-19 22:02:16.528683,342126.75,6279311.348
PG808,211,TBYY-71,1911,0,5,2025-10-19 22:02:16.528684,342126.75,6279311.348
PG808,G37,THTG-13,12347,25,60,2025-10-19 22:02:16.528685,342126.75,6279311.348
PD402,429,SLPB-98,147,0,3,2025-10-19 22:02:18.471887,354860.73,6297821.67
PD402,429,SLGS-99,6989,25,60,2025-10-19 22:02:18.471893,354860.73,6297821.67
PD402,418,PFYC-31,1823,4,6,2025-10-19 22:02:18.471894,354860.73,6297821.67
PD402,418,SKPL-36,10331,25,60,2025-10-19 22:02:18.471895,354860.73,6297821.67
PD402,425,SJPC-27,4200,11,15,2025-10-19 22:02:18.471896,354860.73,6297821.67
PD941,D07,SVDD-57,1158,0,4,2025-10-19 22:02:20.391118,351092.134,6294426.293
PD941,D07,STKS-99,11864,25,60,2025-10-19 22:02:20.391123,351092.134,6294426.293
PI810,I03,FLXL-40,1012,0,5,2025-10-19 22:02:22.995546,335585.935,6289161.372
PD798,D07,STKS-99,851,4,6,2025-10-19 22:02:26.959378,357544.352,6295188.125
PD798,D15,SVDC-83,1095,5,7,2025-10-19 22:02:26.959384,357544.352,6295188.125
PD798,505,VJJX-78,1918,5,7,2025-10-19 22:02:26.959385,357544.352,6295188.125
PD798,513,LZPH-21,1354,5,7,2025-10-19 22:02:26.959386,357544.352,6295188.125
PD798,513,VJJV-48,7068,19,27,2025-10-19 22:02:26.959387,357544.352,6295188.125
PD798,510,TBFR-49,1325,6,8,2025-10-19 22:02:26.959387,357544.352,6295188.125
PD798,D03,SVDC-30,907,6,8,2025-10-19 22:02:26.959388,357544.352,6295188.125
PB837,214,GCBB-70,3024,9,13,2025-10-19 22:02:29.026370,342732.671,6305838.473
PB837,272,GCBB-19,2278,9,11,2025-10-19 22:02:29.026374,342732.671,6305838.473
PB837,B04,SHCX-27,1928,7,9,2025-10-19 22:02:29.026375,342732.671,6305838.473
PD1396,D10,SVDF-53,7151,25,60,2025-10-19 22:02:30.982099,352989.93,6292024.781
PD1396,508,FLXX-91,1632,5,7,2025-10-19 22:02:30.982104,352989.93,6292024.781
PD1396,508,FLXW-27,1894,6,8,2025-10-19 22:02:30.982105,352989.93,6292024.781
PC421,1102 C0,SJPC-78,3149,9,13,2025-10-19 22:02:33.016289,357172.655,6302893.997
PG907,G22,THTD-79,3329,14,20,2025-10-19 22:02:35.232216,342343.208,6278851.577
PG907,G22,THTH-80,8878,25,60,2025-10-19 22:02:35.232221,342343.208,6278851.577
PI416,405,PFBG-13,10982,25,60,2025-10-19 22:02:37.373947,337880.551,6294006.243
PI416,405,PFVL-17,16545,25,60,2025-10-19 22:02:37.373952,337880.551,6294006.243
PI416,I09,VHTB-21,6072,13,19,2025-10-19 22:02:37.373954,337880.551,6294006.243
PI416,506,TBFW-38,3333,7,9,2025-10-19 22:02:37.373955,337880.551,6294006.243
PI416,506,TBFR-35,6153,14,20,2025-10-19 22:02:37.373956,337880.551,6294006.243
PI416,506V,TBFW-99,1870,0,5,2025-10-19 22:02:37.373957,337880.551,6294006.243
PI416,506V,FLXW-18,8982,20,28,2025-10-19 22:02:37.373957,337880.551,6294006.243
PI416,401,PGPT-51,4590,11,15,2025-10-19 22:02:37.373958,337880.551,6294006.243
PI416,401,PFVG-28,12808,25,60,2025-10-19 22:02:37.373959,337880.551,6294006.243
PI416,419,PFVC-57,4465,9,13,2025-10-19 22:02:37.373961,337880.551,6294006.243
PI416,421,PFVJ-20,4403,9,13,2025-10-19 22:02:37.373962,337880.551,6294006.243
PI416,421,PFVJ-22,8668,18,26,2025-10-19 22:02:37.373963,337880.551,6294006.243
PI416,I08,FLXY-68,3396,5,7,2025-10-19 22:02:37.373964,337880.551,6294006.243
PI416,106,PFYR-88,13648,25,60,2025-10-19 22:02:37.373965,337880.551,6294006.243
PI416,106,PFYR-86,19230,25,60,2025-10-19 22:02:37.373966,337880.551,6294006.243
PI1512,I04,FLXF-78,354,0,3,2025-10-19 22:02:40.696300,336265.541,6286735.431
PI1512,I04,FLXF-58,9627,25,60,2025-10-19 22:02:40.696305,336265.541,6286735.431
PG408,302,BJFW-67,7091,25,60,2025-10-19 22:02:42.237699,344398.563,6288294.555
PG408,118,FLXS-66,8802,16,22,2025-10-19 22:02:42.237704,344398.563,6288294.555
PG408,118,FLXS-99,13777,25,60,2025-10-19 22:02:42.237706,344398.563,6288294.555
PG408,120,STHF-76,89,0,3,2025-10-19 22:02:42.237707,344398.563,6288294.555
PE1374,F25,SRVL-78,2933,8,10,2025-10-19 22:02:44.203317,352820.308,6287671.414
PG287,226,VFPH-21,1727,0,5,2025-10-19 22:02:46.157980,347737.876,6290034.852
PG287,226,VFRD-95,6049,16,22,2025-10-19 22:02:46.157986,347737.876,6290034.852
PG287,227,VFPJ-31,4641,13,19,2025-10-19 22:02:46.157987,347737.876,6290034.852
PG287,329,BJFV-93,4514,13,17,2025-10-19 22:02:46.157988,347737.876,6290034.852
PG287,329,FLXR-41,5721,15,21,2025-10-19 22:02:46.157989,347737.876,6290034.852
PC61,C22,SKPJ-89,518,0,3,2025-10-19 22:02:48.139503,352457.335,6302984.505
PC61,425,SJPC-27,10414,25,60,2025-10-19 22:02:48.139508,352457.335,6302984.505
PC61,722,STHJ-99,1752,0,5,2025-10-19 22:02:48.139509,352457.335,6302984.505
PC61,722,STHB-29,7703,16,22,2025-10-19 22:02:48.139510,352457.335,6302984.505
PC61,C18,SHXF-20,278,0,3,2025-10-19 22:02:48.139511,352457.335,6302984.505
PC61,712,LCTG-44,7888,18,26,2025-10-19 22:02:48.139511,352457.335,6302984.505
PC61,712,SHCX-33,19162,25,60,2025-10-19 22:02:48.139512,352457.335,6302984.505
PD916,325,VFJK-37,1821,4,6,2025-10-19 22:02:50.060470,351859.88,6295931.981
PG54,201,GCBB-31,630,0,3,2025-10-19 22:02:53.773611,344407.616,6285844.647
PG54,211,TBYY-75,890,0,3,2025-10-19 22:02:53.773616,344407.616,6285844.647
PG54,211,SVPW-61,3625,8,10,2025-10-19 22:02:53.773618,344407.616,6285844.647
PG54,G05,SHXB-29,914,0,3,2025-10-19 22:02:53.773619,344407.616,6285844.647
PG54,G15,THTD-82,2938,8,10,2025-10-19 22:02:53.773620,344407.616,6285844.647
PG54,F20,SPZX-80,1760,5,7,2025-10-19 22:02:53.773621,344407.616,6285844.647
PG54,F20,SPZY-56,4804,13,19,2025-10-19 22:02:53.773622,344407.616,6285844.647
PE1308,E02,VKJX-68,3023,7,9,2025-10-19 22:02:55.475012,348266.348,6287680.372
PE1308,E02,VKJX-59,8490,25,60,2025-10-19 22:02:55.475017,348266.348,6287680.372
PE1350,329,BJFV-93,5500,15,21,2025-10-19 22:02:57.434519,348797.055,6290108.986
PE1350,329,FLXR-41,6722,18,26,2025-10-19 22:02:57.434526,348797.055,6290108.986
PE1350,E12,VFKR-65,4775,14,20,2025-10-19 22:02:57.434528,348797.055,6290108.986
PE1350,E12,VFJV-39,13133,25,60,2025-10-19 22:02:57.434529,348797.055,6290108.986
PE1350,226,VFPH-21,2843,7,9,2025-10-19 22:02:57.434530,348797.055,6290108.986
PE1350,226,VFRD-95,7006,19,27,2025-10-19 22:02:57.434531,348797.055,6290108.986
PI1342,I02,FLXZ-39,1562,0,5,2025-10-19 22:02:59.356353,333685.908,6290078.477
PI1342,I02,FLXZ-34,11799,25,60,2025-10-19 22:02:59.356358,333685.908,6290078.477
PJ930,J10,VHZX-31,2204,6,8,2025-10-19 22:03:01.261240,336972.122,6297880.51
PJ930,J10,VJBB-71,5321,12,18,2025-10-19 22:03:01.261245,336972.122,6297880.51
PF564,F02,SRVK-82,1762,5,7,2025-10-19 22:03:03.224272,352527.672,6277928.332
PF564,124,LBTS-92,1035,4,6,2025-10-19 22:03:03.224277,352527.672,6277928.332
PF564,124,SRVG-53,8788,25,60,2025-10-19 22:03:03.224278,352527.672,6277928.332
PG261,G02,FLXX-29,3151,9,11,2025-10-19 22:03:05.128755,342528.513,6280147.537
PD787,D03,SVDF-40,3877,13,17,2025-10-19 22:03:07.033840,354175.282,6296631.922
PD787,D03,SVDD-89,8905,25,60,2025-10-19 22:03:07.033845,354175.282,6296631.922
PB299,B05,SPCG-88,4847,12,18,2025-10-19 22:03:08.983182,347490.838,6305297.889
PB299,117,PGLD-64,1267,4,6,2025-10-19 22:03:08.983187,347490.838,6305297.889
PB299,117,PGLD-74,4108,12,16,2025-10-19 22:03:08.983188,347490.838,6305297.889
PB299,B35,SHCY-25,7492,18,26,2025-10-19 22:03:08.983189,347490.838,6305297.889
PB299,208,SRTK-14,1595,5,7,2025-10-19 22:03:08.983190,347490.838,6305297.889
PB299,C18,SHXF-44,1,0,3,2025-10-19 22:03:08.983191,347490.838,6305297.889
PB299,C18,SJPC-34,6138,16,22,2025-10-19 22:03:08.983192,347490.838,6305297.889
PH1479,G09,SFGY-75,743,0,3,2025-10-19 22:03:10.424674,341948.044,6288560.414
PH1479,G09,SHCV-35,1828,6,8,2025-10-19 22:03:10.424679,341948.044,6288560.414
PH1479,223,SHCX-22,2483,7,9,2025-10-19 22:03:10.424680,341948.044,6288560.414
PH1479,223,SCRZ-10,3991,10,14,2025-10-19 22:03:10.424681,341948.044,6288560.414
PH1479,105,SHXC-20,261,0,3,2025-10-19 22:03:10.424682,341948.044,6288560.414
PH1479,105,SJPC-68,942,0,4,2025-10-19 22:03:10.424683,341948.044,6288560.414
PH1479,121,FLXF-97,10329,25,60,2025-10-19 22:03:10.424684,341948.044,6288560.414
PH1479,121,FLXK-54,10943,25,60,2025-10-19 22:03:10.424685,341948.044,6288560.414
PH1479,125,FLXG-66,9013,25,60,2025-10-19 22:03:10.424686,341948.044,6288560.414
PH1479,329,BJFS-35,1457,0,5,2025-10-19 22:03:10.424687,341948.044,6288560.414
PH1479,329,FLXR-21,8711,19,27,2025-10-19 22:03:10.424688,341948.044,6288560.414
PD1217,D16,SPBL-83,8869,25,60,2025-10-19 22:03:12.311954,352324.137,6295523.178
PJ354,518,FLXD-33,1614,0,5,2025-10-19 22:03:13.889341,340506.856,6299518.398
PJ354,518,TBFP-80,6722,25,60,2025-10-19 22:03:13.889345,340506.856,6299518.398
PJ354,B38,TBFP-84,8966,20,28,2025-10-19 22:03:13.889347,340506.856,6299518.398
PJ354,517,VJJW-68,2631,7,9,2025-10-19 22:03:13.889347,340506.856,6299518.398
PJ354,517,VJBC-11,9516,21,29,2025-10-19 22:03:13.889348,340506.856,6299518.398
PJ354,503,VGVF-81,4553,10,14,2025-10-19 22:03:13.889349,340506.856,6299518.398
PJ354,503,VGTZ-99,8464,18,26,2025-10-19 22:03:13.889351,340506.856,6299518.398
PJ354,507,TBFW-25,1658,6,8,2025-10-19 22:03:13.889352,340506.856,6299518.398
PJ354,507,TBFW-61,8507,25,60,2025-10-19 22:03:13.889352,340506.856,6299518.398
PE733,E11,VKJZ-33,270,0,3,2025-10-19 22:03:15.554659,352368.469,6285349.776
PF783,F16,SPRW-80,6529,16,22,2025-10-19 22:03:17.476994,352818.108,6279288.49
PF1126,F29,SPVW-86,9631,25,60,2025-10-19 22:03:19.499793,351877.71,6279407.72
PF1126,F15,SPZY-68,96,0,3,2025-10-19 22:03:19.499799,351877.71,6279407.72
PF1126,F15,SPZX-70,10298,25,60,2025-10-19 22:03:19.499800,351877.71,6279407.72
PF1126,F18,SRVK-42,95,0,3,2025-10-19 22:03:19.499801,351877.71,6279407.72
PF1126,F18,STHF-56,3149,9,13,2025-10-19 22:03:19.499802,351877.71,6279407.72
PF1126,F25,SRVF-83,3953,15,21,2025-10-19 22:03:19.499803,351877.71,6279407.72
PF1126,F25,SRVL-78,14519,25,60,2025-10-19 22:03:19.499804,351877.71,6279407.72
PF1126,F33,SRVK-61,2875,9,13,2025-10-19 22:03:19.499805,351877.71,6279407.72
PF1126,F10,SRRW-90,373,0,3,2025-10-19 22:03:19.499806,351877.71,6279407.72
PF1126,F10,SRSC-78,2224,9,13,2025-10-19 22:03:19.499815,351877.71,6279407.72
PF1126,F13,SRRW-96,1,0,3,2025-10-19 22:03:19.499816,351877.71,6279407.72
PF1126,F13,SRPK-70,3882,14,20,2025-10-19 22:03:19.499817,351877.71,6279407.72
PE537,323,FLXR-54,4402,15,21,2025-10-19 22:03:21.402652,354176.179,6288229.67
PE537,E07,BJFV-89,3713,13,17,2025-10-19 22:03:21.402657,354176.179,6288229.67
PJ1726,412,PFVG-89,862,0,5,2025-10-19 22:03:23.136205,334382.21,6298094.611
PJ1726,412,SKPK-26,2030,8,10,2025-10-19 22:03:23.136209,334382.21,6298094.611
PJ1726,418,SHXF-88,438,0,3,2025-10-19 22:03:23.136210,334382.21,6298094.611
PJ1726,418,SHXD-75,11246,25,60,2025-10-19 22:03:23.136211,334382.21,6298094.611
PJ1726,J01,FLXD-49,1,0,3,2025-10-19 22:03:23.136212,334382.21,6298094.611
PJ1726,J01,SZZH-67,2777,6,8,2025-10-19 22:03:23.136212,334382.21,6298094.611
PJ1726,426,BJFD-59,1484,4,6,2025-10-19 22:03:23.136213,334382.21,6298094.611
PJ1726,426,BJFH-23,5082,13,19,2025-10-19 22:03:23.136214,334382.21,6298094.611
PJ1726,J17,TBFW-13,1857,5,7,2025-10-19 22:03:23.136215,334382.21,6298094.611
PJ1726,402,PFVG-99,2995,8,10,2025-10-19 22:03:23.136216,334382.21,6298094.611
PJ1726,402,SKPK-44,8534,25,60,2025-10-19 22:03:23.136216,334382.21,6298094.611
PJ1726,444,SKPL-33,660,0,3,2025-10-19 22:03:23.136217,334382.21,6298094.611
PJ1726,J07E,VHXF-24,285,0,3,2025-10-19 22:03:23.136218,334382.21,6298094.611
PJ1726,J19,VGVF-89,303,0,3,2025-10-19 22:03:23.136219,334382.21,6298094.611
PJ1726,J19,VGVG-53,11314,25,60,2025-10-19 22:03:23.136220,334382.21,6298094.611
PF569,124,LBTS-92,2097,6,8,2025-10-19 22:03:24.571886,352175.705,6278129.438
PF569,124,SRVG-53,9935,25,60,2025-10-19 22:03:24.571892,352175.705,6278129.438
PH744,H14,FLXR-24,803,0,3,2025-10-19 22:03:26.456666,347058.193,6291038.442
PH744,H14,FLXP-46,7039,16,24,2025-10-19 22:03:26.456670,347058.193,6291038.442
PI1311,I26,PFVH-95,2491,7,9,2025-10-19 22:03:28.399863,338486.14,6290992.053
PI1311,I26,PFVC-59,10560,25,60,2025-10-19 22:03:28.399868,338486.14,6290992.053
PI1311,I01,FLXL-34,10162,25,60,2025-10-19 22:03:28.399869,338486.14,6290992.053
PI1311,I01,FLXJ-16,13779,25,60,2025-10-19 22:03:28.399870,338486.14,6290992.053
PB1258,B05,SPCG-87,6348,13,19,2025-10-19 22:03:32.269202,346885.575,6305295.769
PH441,H05,VFPL-87,368,0,3,2025-10-19 22:03:34.196254,347402.535,6292062.395
PH441,H24,VGLZ-33,351,0,3,2025-10-19 22:03:34.196315,347402.535,6292062.395
PH441,H24,VGRC-83,5118,13,17,2025-10-19 22:03:34.196317,347402.535,6292062.395
PI894,I04,FLXF-91,2578,6,8,2025-10-19 22:03:36.130599,340443.642,6294739.223
PI894,I04,FLXY-38,8335,20,28,2025-10-19 22:03:36.130604,340443.642,6294739.223
PI894,I17,FLXL-78,840,0,3,2025-10-19 22:03:36.130606,340443.642,6294739.223
PF680,F16,SPRW-80,2540,7,9,2025-10-19 22:03:38.054892,353011.261,6281518.469
PI727,I02,FLXZ-20,2106,4,6,2025-10-19 22:03:39.472017,336534.15,6292555.074
PI727,I12,FLXY-19,763,5,7,2025-10-19 22:03:39.472023,336534.15,6292555.074
PG1305,G18,THTD-22,1285,0,5,2025-10-19 22:03:41.113706,346678.737,6287265.867
PG1305,G18,THTH-14,6159,20,28,2025-10-19 22:03:41.113711,346678.737,6287265.867
PH31,107,PGBZ-14,2445,7,9,2025-10-19 22:03:43.074951,347252.514,6291425.918
PH31,107,PGBY-37,4310,12,16,2025-10-19 22:03:43.074956,347252.514,6291425.918
PH31,102,SHCW-68,2455,8,10,2025-10-19 22:03:43.074967,347252.514,6291425.918
PH31,102,SPZY-31,5372,17,25,2025-10-19 22:03:43.074968,347252.514,6291425.918
PD622,D10,STWH-39,2511,12,18,2025-10-19 22:03:45.309678,354170.948,6291790.948
PD622,D10,SPBL-70,14044,25,60,2025-10-19 22:03:45.309684,354170.948,6291790.948
PD622,508,FLXV-83,638,0,3,2025-10-19 22:03:45.309685,354170.948,6291790.948
PE151,210V,VFPZ-55,486,0,3,2025-10-19 22:03:47.372967,351742.989,6289166.321
PE151,210V,VGBX-29,5612,13,17,2025-10-19 22:03:47.372972,351742.989,6289166.321
PE151,225,SFWB-84,3051,7,9,2025-10-19 22:03:47.372973,351742.989,6289166.321
PE151,F25,LBTS-95,11458,25,60,2025-10-19 22:03:47.372975,351742.989,6289166.321
PE151,E08,VKJX-64,3505,9,11,2025-10-19 22:03:47.372976,351742.989,6289166.321
PE151,E08,VKJY-26,6700,16,22,2025-10-19 22:03:47.372977,351742.989,6289166.321
PE151,210,VFPZ-98,4463,9,11,2025-10-19 22:03:47.372978,351742.989,6289166.321
PE151,210,VFRF-65,8607,20,28,2025-10-19 22:03:47.372979,351742.989,6289166.321
PG1216,G14,FLXP-15,4694,9,13,2025-10-19 22:03:49.252664,343834.77,6280041.77
PG1216,G24,GCWF-75,4804,8,10,2025-10-19 22:03:49.252670,343834.77,6280041.77
PH786,E04,VKJZ-17,570,0,3,2025-10-19 22:03:51.176887,347247.635,6294420.871
PC414,421,PFYS-20,2614,9,13,2025-10-19 22:03:53.119467,358731.632,6303879.218
PI1137,I25,FLXL-54,2502,8,10,2025-10-19 22:03:55.059449,339719.364,6293070.868
PI1137,I13,FLXW-86,926,0,5,2025-10-19 22:03:55.059455,339719.364,6293070.868
PI1137,I20,FLXK-79,1119,8,10,2025-10-19 22:03:55.059456,339719.364,6293070.868
PI1137,I20,FLXL-83,4296,18,26,2025-10-19 22:03:55.059457,339719.364,6293070.868
PB361,272,GCBB-19,4066,9,11,2025-10-19 22:03:58.284427,343974.833,6304855.673
PB361,B12,SKDJ-78,6869,16,22,2025-10-19 22:03:58.284432,343974.833,6304855.673
PB361,B12,SKDG-26,13770,25,60,2025-10-19 22:03:58.284433,343974.833,6304855.673
PB361,B22,SKPS-49,4400,12,16,2025-10-19 22:03:58.284434,343974.833,6304855.673
PJ302,502,PFXC-67,3278,7,9,2025-10-19 22:04:00.235485,339818.137,6300728.326
PJ302,502,TBFR-18,3761,8,10,2025-10-19 22:04:00.235491,339818.137,6300728.326
PJ302,J05,TBFX-78,3056,8,10,2025-10-19 22:04:00.235492,339818.137,6300728.326
PJ302,J05,TBFX-42,6652,19,27,2025-10-19 22:04:00.235493,339818.137,6300728.326
PJ302,542,TBFW-87,2164,25,60,2025-10-19 22:04:00.235494,339818.137,6300728.326
PJ302,542,TBFW-71,12878,25,60,2025-10-19 22:04:00.235495,339818.137,6300728.326
PF1146,F03,SRPJ-78,654,0,3,2025-10-19 22:04:02.212721,352701.12,6279310.73
PF1146,F03,FLXG-80,4043,9,13,2025-10-19 22:04:02.212726,352701.12,6279310.73
PI1031,I18,VHSX-92,14774,25,60,2025-10-19 22:04:03.758557,332956.886,6290727.969
PB970,B11,SKDH-69,1684,4,6,2025-10-19 22:04:05.411314,344285.106,6305575.954
PB970,B06,SKDJ-25,4409,9,13,2025-10-19 22:04:05.411319,344285.106,6305575.954
PB970,B06,SKDJ-73,11051,25,60,2025-10-19 22:04:05.411320,344285.106,6305575.954
PB970,B21,SKDH-71,4452,10,14,2025-10-19 22:04:05.411321,344285.106,6305575.954
PJ437,505,VHXK-11,4840,10,14,2025-10-19 22:04:07.384596,337402.63,6301519.31
PJ437,513,LXWS-40,770,0,3,2025-10-19 22:04:07.384601,337402.63,6301519.31
PD642,508,FLXV-35,1130,0,4,2025-10-19 22:04:09.147081,349383.285,6297109.699
PD642,508,FLXW-44,5209,13,17,2025-10-19 22:04:09.147087,349383.285,6297109.699
PB348,272,VFHW-46,5103,16,22,2025-10-19 22:04:10.573784,345893.419,6304613.492
PB348,272,VFPD-94,10928,25,60,2025-10-19 22:04:10.573789,345893.419,6304613.492
PB348,B01,SJTD-61,4936,15,21,2025-10-19 22:04:10.573790,345893.419,6304613.492
PB348,B01,SJTD-56,8346,25,60,2025-10-19 22:04:10.573791,345893.419,6304613.492
PC383,412,PFVG-92,7924,25,60,2025-10-19 22:04:13.367584,352259.619,6300137.416
PC383,412,PGBY-73,16296,25,60,2025-10-19 22:04:13.367590,352259.619,6300137.416
PC383,418,PFYC-72,2036,6,8,2025-10-19 22:04:13.367592,352259.619,6300137.416
PC383,418,PFTW-49,11132,25,60,2025-10-19 22:04:13.367593,352259.619,6300137.416
PC383,429,SLGT-27,13587,25,60,2025-10-19 22:04:13.367594,352259.619,6300137.416
PE1335,E05,BJFT-90,121,0,3,2025-10-19 22:04:15.473291,351313.849,6290645.272
PE1335,325,VFJK-90,9960,25,60,2025-10-19 22:04:15.473296,351313.849,6290645.272
PG1993,G14,FLXX-31,4611,13,19,2025-10-19 22:04:17.433250,343548.0,6280588.0
PG1993,G28,BJFS-71,131,0,3,2025-10-19 22:04:17.433255,343548.0,6280588.0
PG1993,G28,BJFT-25,311,0,3,2025-10-19 22:04:17.433256,343548.0,6280588.0
PG1993,G32,THTC-30,1841,5,7,2025-10-19 22:04:17.433257,343548.0,6280588.0
PG1993,G32,THTF-56,8235,25,60,2025-10-19 22:04:17.433258,343548.0,6280588.0
PG1993,F03,FLXJ-38,30,0,3,2025-10-19 22:04:17.433259,343548.0,6280588.0
PG1993,F03,SPVT-78,4805,13,19,2025-10-19 22:04:17.433259,343548.0,6280588.0
PD420,403,PFTW-36,7289,19,27,2025-10-19 22:04:19.330767,357611.728,6297116.863
PD420,403,PFYC-77,14198,25,60,2025-10-19 22:04:19.330772,357611.728,6297116.863
PD420,422,GCBF-18,2658,8,10,2025-10-19 22:04:19.330773,357611.728,6297116.863
PD420,422,TBFX-50,7430,20,28,2025-10-19 22:04:19.330774,357611.728,6297116.863
PJ67,110,CJRX-34,4004,16,24,2025-10-19 22:04:21.205836,338179.73,6298696.05
PJ67,110,TBFT-30,5238,25,60,2025-10-19 22:04:21.205841,338179.73,6298696.05
PJ648,J02,VHXJ-81,1648,0,5,2025-10-19 22:04:23.418137,338731.576,6298977.381
PJ648,J18,VHZW-31,6067,14,20,2025-10-19 22:04:23.418142,338731.576,6298977.381
PB567,B06,SKDH-95,1863,8,10,2025-10-19 22:04:24.933778,336847.2,6307228.75
PB567,B06,SKDH-30,9693,25,60,2025-10-19 22:04:24.933783,336847.2,6307228.75
PB567,B21,SKDJ-88,7800,21,29,2025-10-19 22:04:24.933785,336847.2,6307228.75
PB567,B21,SKDF-98,16416,25,60,2025-10-19 22:04:24.933785,336847.2,6307228.75
PB567,B43,SJPC-51,2600,20,28,2025-10-19 22:04:24.933786,336847.2,6307228.75
PB567,B43,SHXG-85,8292,25,60,2025-10-19 22:04:24.933787,336847.2,6307228.75
PB567,307,TWPD-94,18198,25,60,2025-10-19 22:04:24.933788,336847.2,6307228.75
PB567,307,TWPD-76,18539,25,60,2025-10-19 22:04:24.933789,336847.2,6307228.75
PB567,307C,TWPD-77,3365,10,14,2025-10-19 22:04:24.933789,336847.2,6307228.75
PB567,B45,TWPD-15,2742,8,10,2025-10-19 22:04:24.933790,336847.2,6307228.75
PB567,B45,FLXG-99,7361,25,60,2025-10-19 22:04:24.933791,336847.2,6307228.75
PI813,I03,FLXL-40,930,0,3,2025-10-19 22:04:26.835162,335530.838,6290135.662
PB1284,B14,FLXT-53,6322,14,20,2025-10-19 22:04:28.772987,347566.433,6302537.681
PB1284,B14,FLXJ-64,8519,18,26,2025-10-19 22:04:28.772992,347566.433,6302537.681
PG453,G18,SHCV-28,765,0,3,2025-10-19 22:04:30.723908,345408.774,6289553.315
PG453,G12,THTF-63,833,0,3,2025-10-19 22:04:30.723913,345408.774,6289553.315
PH437,E04,VKJZ-79,68,0,3,2025-10-19 22:04:32.121695,348488.88,6292554.464
PH437,E04,VKJX-74,5872,15,21,2025-10-19 22:04:32.121700,348488.88,6292554.464
PH437,H24,VGRC-83,2704,8,10,2025-10-19 22:04:32.121701,348488.88,6292554.464
PI644,506V,PFXC-39,3594,11,15,2025-10-19 22:04:33.576404,335268.547,6288241.491
PI644,506V,FLXV-66,4228,13,17,2025-10-19 22:04:33.576409,335268.547,6288241.491
PI635,D18,SVDB-99,660,0,3,2025-10-19 22:04:35.242607,350211.931,6298046.38
PD1039,D09,SVDF-75,7012,21,29,2025-10-19 22:04:37.147284,352337.199,6297708.326
PD1039,D09,SPZK-84,9852,25,60,2025-10-19 22:04:37.147289,352337.199,6297708.326
PG237,G23,SFWB-76,116,0,3,2025-10-19 22:04:38.977759,346494.775,6282790.37
PG237,G13,SDSW-58,7553,25,60,2025-10-19 22:04:38.977764,346494.775,6282790.37
PG237,G13,SFGY-86,7811,25,60,2025-10-19 22:04:38.977765,346494.775,6282790.37
PA504,D05,SPBF-62,2365,6,8,2025-10-19 22:04:40.867989,348568.136,6295396.986
PA504,D05,SPBS-39,8291,25,60,2025-10-19 22:04:40.867995,348568.136,6295396.986
PA504,H13,CJRW-12,704,0,3,2025-10-19 22:04:40.867996,348568.136,6295396.986
PB301,B35,SHCY-25,7829,19,27,2025-10-19 22:04:42.816318,347302.763,6304714.963
PB301,208,SRTK-14,1647,5,7,2025-10-19 22:04:42.816323,347302.763,6304714.963
PB301,C18,SHXF-44,1,0,3,2025-10-19 22:04:42.816324,347302.763,6304714.963
PB301,C18,SJPC-34,6105,16,22,2025-10-19 22:04:42.816325,347302.763,6304714.963
PB986,B06,SKDJ-25,7965,19,27,2025-10-19 22:04:44.733596,346741.72,6304096.52
PB986,B06,SKDJ-73,14567,25,60,2025-10-19 22:04:44.733601,346741.72,6304096.52
PG282,226,VFPH-21,67,0,3,2025-10-19 22:04:46.737934,346616.576,6290282.374
PG282,226,VFRD-95,4292,12,18,2025-10-19 22:04:46.737939,346616.576,6290282.374
PG282,227,VFPJ-31,2969,8,12,2025-10-19 22:04:46.737941,346616.576,6290282.374
PG59,G34,THTH-31,2047,6,8,2025-10-19 22:04:48.955617,345313.105,6287262.571
PG59,G12,THTF-24,1579,0,4,2025-10-19 22:04:48.955622,345313.105,6287262.571
PG59,228,THTF-58,2081,6,8,2025-10-19 22:04:48.955623,345313.105,6287262.571
PG59,228,THTF-98,7154,19,27,2025-10-19 22:04:48.955624,345313.105,6287262.571
PG59,223,SCRZ-24,2154,7,9,2025-10-19 22:04:48.955625,345313.105,6287262.571
PG59,223,SHXB-28,5241,15,21,2025-10-19 22:04:48.955626,345313.105,6287262.571
PG59,444,SHCV-83,6985,13,17,2025-10-19 22:04:48.955626,345313.105,6287262.571
PG59,444,SKPL-33,17592,25,60,2025-10-19 22:04:48.955627,345313.105,6287262.571
PG59,201,GCBB-31,1438,4,6,2025-10-19 22:04:48.955628,345313.105,6287262.571
PG59,211,TBYY-75,1421,0,3,2025-10-19 22:04:48.955629,345313.105,6287262.571
PG59,211,SVPW-61,4329,9,11,2025-10-19 22:04:48.955630,345313.105,6287262.571
PG884,G35,SFGY-13,6546,25,60,2025-10-19 22:04:50.935137,345495.349,6283492.544
PF181,F11,SKHL-24,4605,14,20,2025-10-19 22:04:52.815359,355365.98,6279949.11
PD133,D16,SPBS-40,1848,0,5,2025-10-19 22:04:55.070297,353949.175,6291391.834
PD133,D16,SPBL-65,13023,25,60,2025-10-19 22:04:55.070302,353949.175,6291391.834
PD133,103,SPBF-69,6011,16,22,2025-10-19 22:04:55.070304,353949.175,6291391.834
PD133,103,PGBY-38,11853,25,60,2025-10-19 22:04:55.070305,353949.175,6291391.834
PD133,D26,SPBS-54,1833,0,5,2025-10-19 22:04:55.070306,353949.175,6291391.834
PD133,D26,SPBP-30,7604,17,23,2025-10-19 22:04:55.070307,353949.175,6291391.834
PD133,106,PFVD-57,73,0,3,2025-10-19 22:04:55.070308,353949.175,6291391.834
PD133,106,PGPS-89,3096,10,14,2025-10-19 22:04:55.070309,353949.175,6291391.834
PD133,514,PFWZ-55,1970,5,7,2025-10-19 22:04:55.070310,353949.175,6291391.834
PD133,514,TBFV-19,9337,25,60,2025-10-19 22:04:55.070311,353949.175,6291391.834
PH640,H09,VGRC-73,7122,21,29,2025-10-19 22:04:56.980306,349125.687,6292763.872
PD532,508,PFXC-77,2922,8,10,2025-10-19 22:04:58.891868,352276.455,6295984.615
PD532,508,PFXC-20,6656,17,25,2025-10-19 22:04:58.891873,352276.455,6295984.615
PF10,102,SPZX-48,3797,7,9,2025-10-19 22:05:00.308308,355373.102,6285588.793
PF10,124,SRVH-45,1177,0,4,2025-10-19 22:05:00.308313,355373.102,6285588.793
PF10,712,TFYL-48,1391,0,5,2025-10-19 22:05:00.308314,355373.102,6285588.793
PF10,712,SHCW-72,10507,25,60,2025-10-19 22:05:00.308315,355373.102,6285588.793
PF10,104,SKVD-63,2431,5,7,2025-10-19 22:05:00.308316,355373.102,6285588.793
PF10,114,SRPK-75,1642,0,4,2025-10-19 22:05:00.308317,355373.102,6285588.793
PF10,F08,SPVT-72,5129,13,17,2025-10-19 22:05:00.308317,355373.102,6285588.793
PI985,I24,VHTB-39,835,0,4,2025-10-19 22:05:02.197040,339129.942,6288457.312
PE1316,F25,SRVL-78,3913,10,14,2025-10-19 22:05:03.760943,353188.0,6286287.0
PD609,D10,SVDF-53,6597,19,27,2025-10-19 22:05:05.459826,353266.69,6291967.327
PD609,508,FLXW-27,1177,0,5,2025-10-19 22:05:05.459832,353266.69,6291967.327
PD609,508,FLXX-91,1312,0,5,2025-10-19 22:05:05.459833,353266.69,6291967.327
PE845,E02,VKJY-92,3641,10,14,2025-10-19 22:05:07.396443,352635.904,6286609.964
PE845,E02,VKJX-32,8378,21,29,2025-10-19 22:05:07.396448,352635.904,6286609.964
PD197,210,VFPW-23,918,0,3,2025-10-19 22:05:09.269039,349848.0,6292506.0
PD197,210,VFPZ-98,8113,16,22,2025-10-19 22:05:09.269046,349848.0,6292506.0
PD197,210V,VFPZ-55,3794,7,9,2025-10-19 22:05:09.269048,349848.0,6292506.0
PD197,210V,VGBX-29,9296,17,25,2025-10-19 22:05:09.269050,349848.0,6292506.0
PD197,H05,VFPK-64,4410,12,18,2025-10-19 22:05:09.269051,349848.0,6292506.0
PD197,H05,VFPS-69,6216,18,26,2025-10-19 22:05:09.269053,349848.0,6292506.0
PJ667,J13,TBFT-86,886,0,3,2025-10-19 22:05:14.623253,339614.864,6298889.348
PJ667,J13,TBFT-62,5257,17,25,2025-10-19 22:05:14.623258,339614.864,6298889.348
PJ667,412,PFTW-39,2618,7,9,2025-10-19 22:05:14.623259,339614.864,6298889.348
PJ667,412,PFVG-95,14576,25,60,2025-10-19 22:05:14.623260,339614.864,6298889.348
PJ667,J02,VHXJ-10,7991,18,26,2025-10-19 22:05:14.623261,339614.864,6298889.348
PJ667,J02,VHXJ-81,16994,25,60,2025-10-19 22:05:14.623262,339614.864,6298889.348
PJ50,109,FLXW-21,1119,0,4,2025-10-19 22:05:16.607680,342833.769,6300812.31
PJ50,109,TBFV-98,6363,18,26,2025-10-19 22:05:16.607686,342833.769,6300812.31
PJ50,105,SJPC-41,209,0,3,2025-10-19 22:05:16.607687,342833.769,6300812.31
PJ50,105,SJPD-93,7762,25,60,2025-10-19 22:05:16.607688,342833.769,6300812.31
PJ50,120,SKHG-17,7639,20,28,2025-10-19 22:05:16.607689,342833.769,6300812.31
PJ50,120,STHF-76,12564,25,60,2025-10-19 22:05:16.607690,342833.769,6300812.31
PH523,H24,VGLZ-33,4293,12,16,2025-10-19 22:05:18.557868,343900.367,6291705.287
PH523,H24,VGRC-83,9424,25,60,2025-10-19 22:05:18.557873,343900.367,6291705.287
PH523,H05,VFPJ-53,1899,4,6,2025-10-19 22:05:18.557875,343900.367,6291705.287
PH523,H05,VFPL-87,6107,15,21,2025-10-19 22:05:18.557876,343900.367,6291705.287
PJ669,412,PFTW-39,3023,8,10,2025-10-19 22:05:22.539463,339175.807,6299011.516
PJ669,412,PFVG-95,14997,25,60,2025-10-19 22:05:22.539468,339175.807,6299011.516
PJ669,J02,VHXJ-20,1,0,3,2025-10-19 22:05:22.539469,339175.807,6299011.516
PJ669,J02,VHXJ-10,8400,18,26,2025-10-19 22:05:22.539470,339175.807,6299011.516
PJ669,J13,TBFT-86,1307,0,5,2025-10-19 22:05:22.539471,339175.807,6299011.516
PJ669,J13,TBFT-62,5697,18,26,2025-10-19 22:05:22.539472,339175.807,6299011.516
PC1015,C19,SHCV-77,3284,9,13,2025-10-19 22:05:24.444228,357864.354,6310159.334
PC1015,C19,SKPJ-84,11419,25,60,2025-10-19 22:05:24.444233,357864.354,6310159.334
PC213,405,PFYG-89,22439,25,60,2025-10-19 22:05:28.271927,351754.726,6302989.737
PC213,502,FLXW-40,4690,8,12,2025-10-19 22:05:28.271932,351754.726,6302989.737
PC213,502,TBFT-16,13137,25,60,2025-10-19 22:05:28.271933,351754.726,6302989.737
PF894,F18,STHF-56,235,0,3,2025-10-19 22:05:32.131137,353606.979,6279251.129
PF894,F18,LCTG-24,702,0,3,2025-10-19 22:05:32.131143,353606.979,6279251.129
PB190,201,GCBB-51,681,0,3,2025-10-19 22:05:33.603562,343361.68,6305514.75
PG1749,233,THTH-22,2415,0,5,2025-10-19 22:05:35.257855,348990.128,6281941.474
PG1749,233,THTD-40,16792,25,60,2025-10-19 22:05:35.257860,348990.128,6281941.474
PG1749,F06,SRVF-90,1768,5,7,2025-10-19 22:05:35.257861,348990.128,6281941.474
PC760,C07,SGPY-66,1356,0,3,2025-10-19 22:05:37.215363,353445.357,6305642.25
PC760,C07,SHCV-73,8469,20,28,2025-10-19 22:05:37.215369,353445.357,6305642.25
PC760,712,SJPF-89,550,0,3,2025-10-19 22:05:37.215370,353445.357,6305642.25
PC760,712,LCTG-44,10815,25,60,2025-10-19 22:05:37.215371,353445.357,6305642.25
PD812,D16,SPBL-65,1731,6,8,2025-10-19 22:05:39.158050,353434.668,6297956.281
PF391,F07,SPRY-59,4953,13,17,2025-10-19 22:05:40.559370,354622.828,6281879.962
PB1847,B29,LXDJ-18,4263,9,13,2025-10-19 22:05:42.336736,336309.01,6303601.72
PB1847,B29,LXDJ-16,12526,25,60,2025-10-19 22:05:42.336741,336309.01,6303601.72
PI1627,115,GCBD-75,437,0,3,2025-10-19 22:05:44.335420,341769.058,6292861.304
PI1627,109,TBFS-47,426,0,3,2025-10-19 22:05:44.335425,341769.058,6292861.304
PI1627,109,GCBC-53,10556,25,60,2025-10-19 22:05:44.335426,341769.058,6292861.304
PI1627,108,PFYR-84,7284,16,24,2025-10-19 22:05:44.335427,341769.058,6292861.304
PI1627,I26,PFVC-59,1,0,3,2025-10-19 22:05:44.335428,341769.058,6292861.304
PI1627,I26,PFYS-31,9162,25,60,2025-10-19 22:05:44.335429,341769.058,6292861.304
PI1627,I25,FLXF-69,2148,0,5,2025-10-19 22:05:44.335430,341769.058,6292861.304
PI1627,113,FLXY-60,2643,5,7,2025-10-19 22:05:44.335431,341769.058,6292861.304
PI1627,113,FLXW-85,13225,25,60,2025-10-19 22:05:44.335432,341769.058,6292861.304
PB841,B01,SJTD-62,735,6,8,2025-10-19 22:05:48.316934,342955.144,6305105.828
PB841,B01,SJTD-61,7964,25,60,2025-10-19 22:05:48.316938,342955.144,6305105.828
PB841,B04,SHCX-27,2855,9,13,2025-10-19 22:05:48.316939,342955.144,6305105.828
PB841,214,GCBB-70,3050,9,11,2025-10-19 22:05:48.316940,342955.144,6305105.828
PB841,272,GCBB-19,1997,5,7,2025-10-19 22:05:48.316941,342955.144,6305105.828
PJ534,513,LXWS-34,5203,14,20,2025-10-19 22:05:50.226847,342339.573,6300608.719
PJ534,513,VHZW-21,9605,25,60,2025-10-19 22:05:50.226854,342339.573,6300608.719
PJ534,J01,FLXD-32,3740,14,20,2025-10-19 22:05:50.226855,342339.573,6300608.719
PJ534,B28,LDJV-46,1664,11,15,2025-10-19 22:05:50.226856,342339.573,6300608.719
PJ534,B28,STHF-49,10539,25,60,2025-10-19 22:05:50.226856,342339.573,6300608.719
PE506,418,PFVH-15,342,0,3,2025-10-19 22:05:53.802120,356345.646,6290033.52
PE506,418,SKPK-45,2219,5,7,2025-10-19 22:05:53.802124,356345.646,6290033.52
PG1286,G16,SFPF-75,2502,0,5,2025-10-19 22:05:55.433077,345833.986,6286096.322
PG1286,G16,SFPG-59,6528,17,23,2025-10-19 22:05:55.433082,345833.986,6286096.322
PJ200,507,TBFW-25,6359,25,60,2025-10-19 22:05:57.373404,335607.521,6298458.081
PJ200,507,TBFW-61,13474,25,60,2025-10-19 22:05:57.373408,335607.521,6298458.081
PI1484,423,PGPS-92,1,0,3,2025-10-19 22:06:01.246125,338205.417,6294343.681
PI1484,423,PGPS-98,10979,25,60,2025-10-19 22:06:01.246131,338205.417,6294343.681
PI1484,I20,FLXK-67,6263,16,22,2025-10-19 22:06:01.246132,338205.417,6294343.681
PA186,210V,VFRD-45,637,0,3,2025-10-19 22:06:03.342823,344658.371,6297733.176
PA186,210V,VGKY-42,1106,0,3,2025-10-19 22:06:03.342828,344658.371,6297733.176
PA186,385,FLXL-68,3335,9,11,2025-10-19 22:06:03.342830,344658.371,6297733.176
PA186,385,VHSY-15,9693,25,60,2025-10-19 22:06:03.342831,344658.371,6297733.176
PA186,406,GCBF-19,2386,5,7,2025-10-19 22:06:03.342832,344658.371,6297733.176
PA186,406,PFXB-78,3923,9,13,2025-10-19 22:06:03.342833,344658.371,6297733.176
PA186,210,VFPF-21,1161,0,4,2025-10-19 22:06:03.342834,344658.371,6297733.176
PA186,210,VFPW-23,11122,25,60,2025-10-19 22:06:03.342835,344658.371,6297733.176
PA186,418,PFYC-60,674,0,3,2025-10-19 22:06:03.342836,344658.371,6297733.176
PA186,418,LXWP-74,3775,11,15,2025-10-19 22:06:03.342843,344658.371,6297733.176
PA186,513,VHZW-21,3898,9,13,2025-10-19 22:06:03.342844,344658.371,6297733.176
PA186,513,VJJW-18,10631,25,60,2025-10-19 22:06:03.342845,344658.371,6297733.176
PA186,407,FLXV-91,2397,5,7,2025-10-19 22:06:03.342846,344658.371,6297733.176
PA186,407,FLXV-64,15981,25,60,2025-10-19 22:06:03.342847,344658.371,6297733.176
PA186,422,TBFW-31,252,0,3,2025-10-19 22:06:03.342848,344658.371,6297733.176
PA186,422,PFXB-49,2945,7,9,2025-10-19 22:06:03.342849,344658.371,6297733.176
PA186,426,BJFD-66,3461,10,14,2025-10-19 22:06:03.342850,344658.371,6297733.176
PA186,426,GCBF-10,3939,11,15,2025-10-19 22:06:03.342851,344658.371,6297733.176
PA186,412,PFVG-95,6987,17,25,2025-10-19 22:06:03.342852,344658.371,6297733.176
PA186,412,PFTW-35,18222,25,60,2025-10-19 22:06:03.342853,344658.371,6297733.176
PD843,D05,SPBF-88,5111,15,21,2025-10-19 22:06:05.213046,351048.626,6295017.542
PI592,I03,FLXJ-27,5405,14,20,2025-10-19 22:06:07.155724,339574.44,6294566.523
PI592,I03,FLXG-16,7749,20,28,2025-10-19 22:06:07.155728,339574.44,6294566.523
PI592,I10,FLXL-22,3032,8,12,2025-10-19 22:06:07.155730,339574.44,6294566.523
PI592,I10,FLXL-23,4540,13,17,2025-10-19 22:06:07.155730,339574.44,6294566.523
PI592,385,FLXL-25,938,0,4,2025-10-19 22:06:07.155731,339574.44,6294566.523
PI592,385,FLXG-15,1066,0,5,2025-10-19 22:06:07.155732,339574.44,6294566.523
PI592,I17,FLXL-75,6484,18,26,2025-10-19 22:06:07.155733,339574.44,6294566.523
PI592,509,FDJX-71,7213,16,22,2025-10-19 22:06:07.155734,339574.44,6294566.523
PJ574,J01,BJFC-70,1101,0,5,2025-10-19 22:06:08.890703,341030.312,6301787.959
PJ574,J01,PFXB-41,6027,18,26,2025-10-19 22:06:08.890708,341030.312,6301787.959
PH723,H24,VGRB-93,654,0,3,2025-10-19 22:06:10.279843,343886.961,6292288.942
PH723,H12,BJFS-75,5385,13,17,2025-10-19 22:06:10.279848,343886.961,6292288.942
PA448,506,PFXC-28,1799,0,5,2025-10-19 22:06:12.259926,346770.52,6296575.19
PA448,506,GCBC-94,9009,20,28,2025-10-19 22:06:12.259931,346770.52,6296575.19
PA448,506V,TBFT-69,3776,9,13,2025-10-19 22:06:12.259932,346770.52,6296575.19
PA448,507,TBFX-19,1505,0,5,2025-10-19 22:06:12.259933,346770.52,6296575.19
PA448,507,TBFR-44,3846,9,13,2025-10-19 22:06:12.259933,346770.52,6296575.19
PA448,510,TBFR-95,1861,5,7,2025-10-19 22:06:12.259934,346770.52,6296575.19
PA448,510,TBFR-57,6283,14,20,2025-10-19 22:06:12.259935,346770.52,6296575.19
PI1211,I16,FLXF-23,4235,12,16,2025-10-19 22:06:13.748928,342851.34,6296632.77
PI1211,I17,FLXL-75,743,0,3,2025-10-19 22:06:13.748934,342851.34,6296632.77
PC188,421X,PFVC-58,10374,25,60,2025-10-19 22:06:16.236371,350359.84,6300826.2
PC188,503,VHLR-28,2949,7,9,2025-10-19 22:06:16.236376,350359.84,6300826.2
PC188,503,VGVF-73,8318,20,28,2025-10-19 22:06:16.236377,350359.84,6300826.2
PC188,412,PFVG-95,317,0,3,2025-10-19 22:06:16.236378,350359.84,6300826.2
PC188,412,PFTW-35,11480,25,60,2025-10-19 22:06:16.236379,350359.84,6300826.2
PC188,418,PFYC-31,6594,14,20,2025-10-19 22:06:16.236380,350359.84,6300826.2
PC188,418,SKPL-36,14950,25,60,2025-10-19 22:06:16.236380,350359.84,6300826.2
PC188,401,PFVC-43,7674,17,25,2025-10-19 22:06:16.236381,350359.84,6300826.2
PC188,405,PFVL-17,941,0,3,2025-10-19 22:06:16.236382,350359.84,6300826.2
PC188,405,PGBB-64,6378,17,25,2025-10-19 22:06:16.236383,350359.84,6300826.2
PC188,421,PGPT-18,3357,9,11,2025-10-19 22:06:16.236384,350359.84,6300826.2
PH355,121,FLXF-97,8028,25,60,2025-10-19 22:06:18.314184,342534.374,6289321.63
PH355,121,FLXK-54,8380,25,60,2025-10-19 22:06:18.314189,342534.374,6289321.63
PH355,329,FLXR-21,5708,12,16,2025-10-19 22:06:18.314190,342534.374,6289321.63
PH355,H12,CJRB-43,3349,9,11,2025-10-19 22:06:18.314191,342534.374,6289321.63
PH355,H12,CJRB-12,10205,25,60,2025-10-19 22:06:18.314192,342534.374,6289321.63
PI1040,I08,FLXY-51,2956,9,11,2025-10-19 22:06:20.231834,336869.34,6293259.89
PG1043,G39,SFGY-22,2260,6,8,2025-10-19 22:06:22.132692,341633.707,6284991.998
PG1043,G39,SDSW-55,13394,25,60,2025-10-19 22:06:22.132700,341633.707,6284991.998
PG1043,G09,SFPF-90,1,0,3,2025-10-19 22:06:22.132703,341633.707,6284991.998
PG1043,G09,SHCV-38,6468,17,23,2025-10-19 22:06:22.132706,341633.707,6284991.998
PF651,F29,SRPJ-75,2804,8,12,2025-10-19 22:06:25.261259,352431.549,6280571.82
PF651,F02,SHXD-57,2961,8,10,2025-10-19 22:06:25.261264,352431.549,6280571.82
PF651,F15,SPZX-70,6138,14,20,2025-10-19 22:06:25.261265,352431.549,6280571.82
PJ626,J10,VJBB-71,2534,6,8,2025-10-19 22:06:27.200912,338376.35,6297442.202
PJ626,J10,VJBC-80,9485,25,60,2025-10-19 22:06:27.200918,338376.35,6297442.202
PJ626,J01,FLXV-49,5326,18,26,2025-10-19 22:06:27.200919,338376.35,6297442.202
PJ626,J01,FLXD-32,11988,25,60,2025-10-19 22:06:27.200920,338376.35,6297442.202
PF277,F14,SPRW-92,1242,0,5,2025-10-19 22:06:30.269936,354858.821,6283309.826
PF277,F14,SPRY-60,5877,17,23,2025-10-19 22:06:30.269941,354858.821,6283309.826
PF277,F05,SPZX-64,2687,9,13,2025-10-19 22:06:30.269943,354858.821,6283309.826
PF277,F05,SPZX-79,7033,25,60,2025-10-19 22:06:30.269943,354858.821,6283309.826
PJ870,J08,PFWZ-58,2771,10,14,2025-10-19 22:06:32.195770,337705.912,6296182.431
PJ870,J08,PFXB-97,9782,25,60,2025-10-19 22:06:32.195775,337705.912,6296182.431
PG310,G08V,FLXV-27,9102,19,27,2025-10-19 22:06:33.668802,346142.658,6284787.668
PG310,G08V,FLXV-28,15099,25,60,2025-10-19 22:06:33.668807,346142.658,6284787.668
PG310,G11,THTG-95,15,0,3,2025-10-19 22:06:33.668808,346142.658,6284787.668
PG310,G11,THTD-69,2585,7,9,2025-10-19 22:06:33.668809,346142.658,6284787.668
PG310,228,THTF-98,1867,5,7,2025-10-19 22:06:33.668810,346142.658,6284787.668
PG310,G08,THTD-89,11401,25,60,2025-10-19 22:06:33.668810,346142.658,6284787.668
PG310,F20,SPZY-56,683,0,3,2025-10-19 22:06:33.668811,346142.658,6284787.668
PG310,F20,SPZX-69,3719,9,13,2025-10-19 22:06:33.668812,346142.658,6284787.668
PI248,111,FLXY-66,495,0,3,2025-10-19 22:06:37.244370,337375.986,6295425.962
PI248,111,FLXY-57,2703,9,13,2025-10-19 22:06:37.244375,337375.986,6295425.962
PH1539,385,FLXG-62,3751,10,14,2025-10-19 22:06:39.239802,349151.331,6292780.943
PH1539,385,FLXL-70,6513,17,25,2025-10-19 22:06:39.239808,349151.331,6292780.943
PD1041,D09,SVDF-75,7017,21,29,2025-10-19 22:06:40.641637,352897.796,6297369.644
PD1041,D09,SPZK-84,9946,25,60,2025-10-19 22:06:40.641642,352897.796,6297369.644
PF981,F01,SPVV-63,5722,16,22,2025-10-19 22:06:42.277935,355387.465,6279385.445
PF981,F29,SPVW-98,5428,14,20,2025-10-19 22:06:42.277940,355387.465,6279385.445
PF981,F29,SRPJ-75,12557,25,60,2025-10-19 22:06:42.277941,355387.465,6279385.445
PF981,712,SHCW-80,10872,25,60,2025-10-19 22:06:42.277942,355387.465,6279385.445
PF981,712,SHCW-69,13687,25,60,2025-10-19 22:06:42.277943,355387.465,6279385.445
PE520,E06,FLXT-36,3424,8,12,2025-10-19 22:06:44.166948,352461.286,6289967.912
PI722,I21,FLXF-94,412,0,3,2025-10-19 22:06:46.065528,336245.137,6289546.299
PJ27,107,PGRZ-92,3441,11,15,2025-10-19 22:06:50.920742,341675.229,6300306.399
PJ27,107,PGBZ-14,13692,25,60,2025-10-19 22:06:50.920747,341675.229,6300306.399
PJ27,101,PFYS-25,1104,0,4,2025-10-19 22:06:50.920749,341675.229,6300306.399
PJ27,101,PFYR-72,5626,18,26,2025-10-19 22:06:50.920750,341675.229,6300306.399
PJ27,J16,TBFX-45,9814,25,60,2025-10-19 22:06:50.920751,341675.229,6300306.399
PJ27,J16,TBFS-62,18840,25,60,2025-10-19 22:06:50.920752,341675.229,6300306.399
PE1431,E02,VKJX-32,1,0,3,2025-10-19 22:06:52.877580,349026.6,6289390.9
PE1431,E02,VKJZ-27,3483,9,11,2025-10-19 22:06:52.877585,349026.6,6289390.9
PE1431,233,THTD-40,295,0,3,2025-10-19 22:06:52.877587,349026.6,6289390.9
PE1431,233,THTF-62,10545,25,60,2025-10-19 22:06:52.877587,349026.6,6289390.9
PG1277,G28,BJFT-27,5426,14,20,2025-10-19 22:06:54.908644,344712.0,6284115.0
PG1277,G28,BJFT-94,9517,25,60,2025-10-19 22:06:54.908649,344712.0,6284115.0
PG1277,G35,SFGY-13,1820,7,9,2025-10-19 22:06:54.908650,344712.0,6284115.0
PD1660,D02,SVDD-83,6306,17,23,2025-10-19 22:06:56.830650,358455.55,6295934.61
PD1660,D02,SVDC-74,15235,25,60,2025-10-19 22:06:56.830656,358455.55,6295934.61
PD1660,D18,SPBS-60,4494,12,16,2025-10-19 22:06:56.830657,358455.55,6295934.61
PD1660,D18,SVDC-29,7374,19,27,2025-10-19 22:06:56.830658,358455.55,6295934.61
PD470,D17,PGBS-47,2684,6,8,2025-10-19 22:06:58.767464,355213.401,6293002.525
PD470,D17V,PGRZ-64,3509,9,13,2025-10-19 22:06:58.767469,355213.401,6293002.525
PD470,418,SKPL-36,3099,11,15,2025-10-19 22:06:58.767470,355213.401,6293002.525
PD470,D05,PGTT-86,150,5,7,2025-10-19 22:06:58.767471,355213.401,6293002.525
PD470,D10,SVDF-47,299,0,3,2025-10-19 22:06:58.767472,355213.401,6293002.525
PD470,D10,SVDF-53,9046,25,60,2025-10-19 22:06:58.767473,355213.401,6293002.525
PJ467,505,VHZW-50,4470,12,16,2025-10-19 22:07:02.480766,339651.86,6301520.23
PJ467,505,VHZZ-50,9418,25,60,2025-10-19 22:07:02.480771,339651.86,6301520.23
PJ467,513,LXWS-34,7825,25,60,2025-10-19 22:07:02.480773,339651.86,6301520.23
PJ467,513,VHZW-21,11956,25,60,2025-10-19 22:07:02.480774,339651.86,6301520.23
PJ467,J16,TBFW-18,2500,8,10,2025-10-19 22:07:02.480775,339651.86,6301520.23
PJ467,J16,TBFX-45,14490,25,60,2025-10-19 22:07:02.480776,339651.86,6301520.23
PC876,C11,SGPY-71,16,0,3,2025-10-19 22:07:04.531920,352693.845,6301656.302
PC876,C11,SGPY-75,12,0,3,2025-10-19 22:07:04.531927,352693.845,6301656.302
PB1062,109,TBFR-26,1860,5,7,2025-10-19 22:07:06.447319,337859.922,6302915.951
PB1062,B09,SHCY-39,4098,13,17,2025-10-19 22:07:06.447324,337859.922,6302915.951
PB1062,B29,SKHG-79,2369,5,7,2025-10-19 22:07:06.447325,337859.922,6302915.951
PI1010,I07,VHTB-38,5130,15,21,2025-10-19 22:07:08.373797,336098.97,6291762.238
PB1288,B14,FLXT-53,7219,17,23,2025-10-19 22:07:09.852721,348920.704,6302594.892
PB1288,B14,FLXJ-64,9217,20,28,2025-10-19 22:07:09.852726,348920.704,6302594.892
PB1288,B15,SPCG-53,4658,9,13,2025-10-19 22:07:09.852728,348920.704,6302594.892
PB1288,B15,SPCG-97,10300,12,16,2025-10-19 22:07:09.852729,348920.704,6302594.892
PB901,214,GCBB-61,506,0,4,2025-10-19 22:07:11.745525,345935.143,6301177.632
PB901,214,GCBB-70,9078,25,60,2025-10-19 22:07:11.745530,345935.143,6301177.632
PF71,205,VFPF-54,3224,12,16,2025-10-19 22:07:13.743041,351242.686,6283015.329
PF71,205,VFPB-85,13491,25,60,2025-10-19 22:07:13.743047,351242.686,6283015.329
PF71,F20,SPZY-15,1689,0,5,2025-10-19 22:07:13.743048,351242.686,6283015.329
PF71,F20,SRVL-29,3689,13,17,2025-10-19 22:07:13.743049,351242.686,6283015.329
PC275,517,VJJV-18,14390,25,60,2025-10-19 22:07:15.791948,348874.83,6299568.66
PC275,503,VHLR-28,4276,10,14,2025-10-19 22:07:15.791953,348874.83,6299568.66
PC275,503,VGVF-73,9883,25,60,2025-10-19 22:07:15.791954,348874.83,6299568.66
PC275,406,GCBF-22,224,0,3,2025-10-19 22:07:15.791955,348874.83,6299568.66
PC275,406,PFXC-46,4807,10,14,2025-10-19 22:07:15.791956,348874.83,6299568.66
PC275,407,FLXV-64,11116,25,60,2025-10-19 22:07:15.791957,348874.83,6299568.66
PC275,426,BJFH-44,5835,15,21,2025-10-19 22:07:15.791958,348874.83,6299568.66
PC275,426,BJFH-46,10936,25,60,2025-10-19 22:07:15.791959,348874.83,6299568.66
PC239,C05,LFGP-24,7245,13,19,2025-10-19 22:07:17.864105,357848.929,6305738.646
PC239,409,SKWD-68,15178,25,60,2025-10-19 22:07:17.864110,357848.929,6305738.646
PC239,409,SKWD-83,15834,25,60,2025-10-19 22:07:17.864111,357848.929,6305738.646
PC239,411,SPBS-42,7702,16,24,2025-10-19 22:07:17.864112,357848.929,6305738.646
PC239,405,PFVL-11,5217,15,21,2025-10-19 22:07:17.864113,357848.929,6305738.646
PC239,405,PFVK-87,6665,18,26,2025-10-19 22:07:17.864114,357848.929,6305738.646
PC239,502,GCBC-40,6125,13,19,2025-10-19 22:07:17.864115,357848.929,6305738.646
PC239,502,FLXW-40,11803,25,60,2025-10-19 22:07:17.864116,357848.929,6305738.646
PC239,C28,SKPJ-81,4790,9,11,2025-10-19 22:07:17.864117,357848.929,6305738.646
PC239,C01C,SPBF-52,4833,8,12,2025-10-19 22:07:17.864118,357848.929,6305738.646
PC239,430,SJPC-25,9867,25,60,2025-10-19 22:07:17.864118,357848.929,6305738.646
PC239,430,SHXG-39,25855,25,60,2025-10-19 22:07:17.864119,357848.929,6305738.646
PC239,C13,SJPC-21,4717,10,14,2025-10-19 22:07:17.864120,357848.929,6305738.646
PC239,406,TBFT-64,3843,7,9,2025-10-19 22:07:17.864121,357848.929,6305738.646
PC239,406,PFXC-78,11214,25,60,2025-10-19 22:07:17.864122,357848.929,6305738.646
PC239,426,BJFD-69,4770,10,14,2025-10-19 22:07:17.864131,357848.929,6305738.646
PC239,426,FLXS-78,10486,25,60,2025-10-19 22:07:17.864132,357848.929,6305738.646
PC239,C01,LCSX-49,3025,5,7,2025-10-19 22:07:17.864132,357848.929,6305738.646
PC239,C01,LDJJ-86,7480,16,22,2025-10-19 22:07:17.864133,357848.929,6305738.646
PC239,C16,LFGK-10,5324,12,18,2025-10-19 22:07:17.864134,357848.929,6305738.646
PC239,C19,SKPJ-84,4813,9,11,2025-10-19 22:07:17.864135,357848.929,6305738.646
PD556,508,FLXW-44,259,0,3,2025-10-19 22:07:19.447481,352338.843,6295996.871
PD556,508,FLXV-83,6185,13,17,2025-10-19 22:07:19.447486,352338.843,6295996.871
PD556,511,TBFS-40,2482,6,8,2025-10-19 22:07:19.447488,352338.843,6295996.871
PI1238,I04,FLXF-20,508,0,3,2025-10-19 22:07:21.164951,339387.617,6291712.679
PI1238,I04,FLXF-62,10506,25,60,2025-10-19 22:07:21.164957,339387.617,6291712.679
PI1238,I14,BJFX-24,3564,10,14,2025-10-19 22:07:21.164958,339387.617,6291712.679
PI1238,I14,CJRW-25,8275,25,60,2025-10-19 22:07:21.164959,339387.617,6291712.679
PI1238,I18,VHSX-92,3889,11,15,2025-10-19 22:07:21.164960,339387.617,6291712.679
PF244,F13,SRRX-58,1330,4,6,2025-10-19 22:07:23.131584,352183.249,6279446.882
PF244,F13,SRRW-59,4134,18,26,2025-10-19 22:07:23.131588,352183.249,6279446.882
PF244,F29,SPVW-98,172,0,3,2025-10-19 22:07:23.131589,352183.249,6279446.882
PF244,F29,SRPJ-75,6852,21,29,2025-10-19 22:07:23.131590,352183.249,6279446.882
PF244,F03C,SHXF-39,1608,4,6,2025-10-19 22:07:23.131591,352183.249,6279446.882
PF244,F10,SRRY-62,3571,11,15,2025-10-19 22:07:23.131592,352183.249,6279446.882
PB1206,B12,SPCG-35,9422,14,20,2025-10-19 22:07:24.547464,339085.799,6307460.912
PB1206,B12,SKDH-34,13833,25,60,2025-10-19 22:07:24.547469,339085.799,6307460.912
PB1206,B13,STHR-72,927,0,4,2025-10-19 22:07:24.547471,339085.799,6307460.912
PB1206,B13,STHJ-61,7224,25,60,2025-10-19 22:07:24.547471,339085.799,6307460.912
PB1465,B26,FLXS-43,1392,4,6,2025-10-19 22:07:26.471315,344170.691,6302775.849
PB1465,B26,FLXP-69,5050,17,23,2025-10-19 22:07:26.471320,344170.691,6302775.849
PG86,201E,VFHK-27,3557,9,13,2025-10-19 22:07:28.366941,341112.644,6284190.105
PI1845,108,PFYS-38,5176,17,25,2025-10-19 22:07:30.423020,334342.34,6288058.18
PI1845,108,PFYR-95,8980,25,60,2025-10-19 22:07:30.423026,334342.34,6288058.18
PI1845,419,PFYR-99,5292,15,21,2025-10-19 22:07:30.423027,334342.34,6288058.18
PI1845,419,PFVC-57,10872,25,60,2025-10-19 22:07:30.423028,334342.34,6288058.18
PI1845,I03,FLXJ-20,6632,17,23,2025-10-19 22:07:30.423030,334342.34,6288058.18
PI1845,I03,FLXJ-23,8188,20,28,2025-10-19 22:07:30.423030,334342.34,6288058.18
PI1845,I10,FLXG-53,1126,0,4,2025-10-19 22:07:30.423032,334342.34,6288058.18
PI1845,I10,FLXJ-28,10294,25,60,2025-10-19 22:07:30.423032,334342.34,6288058.18
PI1845,506,FLXW-10,1826,7,9,2025-10-19 22:07:30.423034,334342.34,6288058.18
PI1845,506,TBFR-28,1914,7,9,2025-10-19 22:07:30.423035,334342.34,6288058.18
PI1845,118,LXWR-81,3533,12,16,2025-10-19 22:07:30.423036,334342.34,6288058.18
PI1845,118,FLXD-41,10982,25,60,2025-10-19 22:07:30.423037,334342.34,6288058.18
PF549,F02,SRVK-82,894,0,3,2025-10-19 22:07:32.454587,352521.462,6278386.645
PF549,F02,SHXD-57,7433,20,28,2025-10-19 22:07:32.454592,352521.462,6278386.645
PA622,J03,PFXC-32,4668,15,21,2025-10-19 22:07:34.364825,344769.73,6299372.962
PA622,J03,GCBC-72,10691,25,60,2025-10-19 22:07:34.364831,344769.73,6299372.962
PB1896,B27,FLXS-24,5261,18,26,2025-10-19 22:07:36.279123,344783.238,6303369.107
PB1896,B41,GCBB-32,951,0,4,2025-10-19 22:07:36.279128,344783.238,6303369.107
PB1896,B41,GCBB-14,4882,9,13,2025-10-19 22:07:36.279130,344783.238,6303369.107
PD682,D16,SPBS-40,777,0,3,2025-10-19 22:07:38.986779,353855.501,6291404.526
PD682,D16,SPBL-65,12186,25,60,2025-10-19 22:07:38.986784,353855.501,6291404.526
PD682,D26,SPBS-54,756,0,3,2025-10-19 22:07:38.986785,353855.501,6291404.526
PD682,D26,SPBP-30,4876,11,15,2025-10-19 22:07:38.986786,353855.501,6291404.526
PB96,B03,LXDH-89,216,0,3,2025-10-19 22:07:41.715404,338343.55,6302235.0
PB96,B03,SKHG-90,3092,9,11,2025-10-19 22:07:41.715409,338343.55,6302235.0
PB96,105,SHXF-27,165,0,3,2025-10-19 22:07:41.715410,338343.55,6302235.0
PB96,105,SJPD-96,1627,7,9,2025-10-19 22:07:41.715411,338343.55,6302235.0
PB96,B20,LXDJ-10,127,0,3,2025-10-19 22:07:41.715412,338343.55,6302235.0
PB96,B20,LXDH-98,9286,25,60,2025-10-19 22:07:41.715413,338343.55,6302235.0
PI1822,I25,FLXF-69,11788,25,60,2025-10-19 22:07:43.626617,340395.12,6294297.11
PJ535,J01,BJFC-70,2237,5,7,2025-10-19 22:07:45.775710,342075.833,6301677.42
PJ535,J01,PFXB-41,7168,20,28,2025-10-19 22:07:45.775715,342075.833,6301677.42
PJ535,J16,TBFS-62,4765,12,16,2025-10-19 22:07:45.775716,342075.833,6301677.42
PJ535,B09,SHCY-39,10256,25,60,2025-10-19 22:07:45.775717,342075.833,6301677.42
PJ535,B28,STHF-15,5247,11,15,2025-10-19 22:07:45.775718,342075.833,6301677.42
PJ313,502,PFXC-67,4476,12,16,2025-10-19 22:07:47.975393,336999.534,6301155.687
PJ313,502,TBFR-18,5074,13,17,2025-10-19 22:07:47.975397,336999.534,6301155.687
PJ313,J05,TBFX-78,4409,8,12,2025-10-19 22:07:47.975398,336999.534,6301155.687
PJ313,J05,TBFX-42,8245,21,29,2025-10-19 22:07:47.975399,336999.534,6301155.687
PJ313,J13,PFXB-71,1609,0,5,2025-10-19 22:07:47.975400,336999.534,6301155.687
PJ313,J13,TBFT-86,4849,14,20,2025-10-19 22:07:47.975401,336999.534,6301155.687
PA828,H12,BJFS-75,10440,25,60,2025-10-19 22:07:49.473709,346717.0,6294703.0
PG1409,G22,THTH-84,3,0,3,2025-10-19 22:07:51.148467,343595.735,6286338.82
PG1409,G22,THTD-81,3175,8,10,2025-10-19 22:07:51.148471,343595.735,6286338.82
PJ290,505,VHZZ-50,4295,12,18,2025-10-19 22:07:53.237115,342820.07,6299326.56
PJ290,505,LZPH-30,10278,25,60,2025-10-19 22:07:53.237119,342820.07,6299326.56
PJ290,513,LXWS-34,2647,7,9,2025-10-19 22:07:53.237120,342820.07,6299326.56
PJ290,513,VHZW-21,6523,15,21,2025-10-19 22:07:53.237121,342820.07,6299326.56
PJ290,502,GCBC-82,5975,14,20,2025-10-19 22:07:53.237122,342820.07,6299326.56
PJ290,502,TBFV-34,18653,25,60,2025-10-19 22:07:53.237123,342820.07,6299326.56
PJ290,508,FLXJ-43,442,0,3,2025-10-19 22:07:53.237124,342820.07,6299326.56
PJ290,508,GCBC-46,514,0,3,2025-10-19 22:07:53.237124,342820.07,6299326.56
PJ290,J03,PFXC-32,6592,20,28,2025-10-19 22:07:53.237125,342820.07,6299326.56
PJ290,J03,GCBC-72,12570,25,60,2025-10-19 22:07:53.237126,342820.07,6299326.56
PH93,125,BJFT-65,172,0,3,2025-10-19 22:07:55.225353,343355.698,6293952.557
PH93,H07,BJFT-72,3881,9,13,2025-10-19 22:07:55.225358,343355.698,6293952.557
PH93,105,SJPD-93,1,0,3,2025-10-19 22:07:55.225360,343355.698,6293952.557
PH93,105,SJPD-99,5124,15,21,2025-10-19 22:07:55.225360,343355.698,6293952.557
PH93,120,SKHG-17,165,0,3,2025-10-19 22:07:55.225361,343355.698,6293952.557
PH93,120,STHF-76,4509,13,19,2025-10-19 22:07:55.225362,343355.698,6293952.557
PE45,118,FLXS-96,3172,9,11,2025-10-19 22:07:57.193623,354032.947,6290589.911
PE45,118,BFKC-96,8938,25,60,2025-10-19 22:07:57.193628,354032.947,6290589.911
PE45,E17,FLXT-39,4441,16,22,2025-10-19 22:07:57.193629,354032.947,6290589.911
PB1189,B12,SKDH-34,163,0,3,2025-10-19 22:07:58.904504,343836.566,6305233.207
PB1189,B12,SKDG-18,3275,9,13,2025-10-19 22:07:58.904509,343836.566,6305233.207
PI260,111,FLXW-82,1476,16,22,2025-10-19 22:08:00.344591,337358.39,6295250.966
PI260,111,FLXW-97,7204,25,60,2025-10-19 22:08:00.344596,337358.39,6295250.966
PI260,I20,FLXK-67,7908,21,29,2025-10-19 22:08:00.344597,337358.39,6295250.966
PI260,404,PFYC-61,876,5,7,2025-10-19 22:08:00.344598,337358.39,6295250.966
PI260,404,PFYC-37,8581,19,27,2025-10-19 22:08:00.344599,337358.39,6295250.966
PI888,I18,VHSY-35,3297,5,7,2025-10-19 22:08:02.305492,339399.64,6291665.961
PI888,I04,FLXY-38,745,0,3,2025-10-19 22:08:02.305498,339399.64,6291665.961
PI888,I04,FLXF-59,9972,20,28,2025-10-19 22:08:02.305499,339399.64,6291665.961
PD405,418,PFYC-31,142,0,3,2025-10-19 22:08:03.806722,354238.95,6298450.298
PD405,418,SKPL-36,8881,25,60,2025-10-19 22:08:03.806727,354238.95,6298450.298
PD405,425,SJPC-27,3454,8,10,2025-10-19 22:08:03.806729,354238.95,6298450.298
PD405,429,SLGS-99,5824,25,60,2025-10-19 22:08:03.806730,354238.95,6298450.298
PF882,F29,SPVW-86,7287,16,22,2025-10-19 22:08:05.736169,352430.419,6279569.219
PF882,F25,SRVF-83,2152,9,11,2025-10-19 22:08:05.736174,352430.419,6279569.219
PF882,F25,SRVL-78,12466,25,60,2025-10-19 22:08:05.736175,352430.419,6279569.219
PA241,302,CJRC-56,3203,8,10,2025-10-19 22:08:07.621227,345803.49,6297607.52
PA241,302,BJFW-67,15216,25,60,2025-10-19 22:08:07.621231,345803.49,6297607.52
PB784,B35,SHCY-25,11766,25,60,2025-10-19 22:08:10.514251,346394.709,6306277.272
PB784,C18,SJPC-34,2073,6,8,2025-10-19 22:08:10.514257,346394.709,6306277.272
PB784,C18,SHXF-20,9062,25,60,2025-10-19 22:08:10.514258,346394.709,6306277.272
PD248,225,SFVZ-67,1597,0,5,2025-10-19 22:08:12.539462,356240.754,6297654.882
PD248,225,SFWB-68,6497,14,20,2025-10-19 22:08:12.539467,356240.754,6297654.882
PD248,422,TBFX-50,4581,12,16,2025-10-19 22:08:12.539468,356240.754,6297654.882
PD248,422,GCBC-96,8354,25,60,2025-10-19 22:08:12.539469,356240.754,6297654.882
PD248,D01,SVDC-57,11578,25,60,2025-10-19 22:08:12.539470,356240.754,6297654.882
PD248,D01,SVDF-73,13148,25,60,2025-10-19 22:08:12.539470,356240.754,6297654.882
PD248,D15,SVDC-16,1,0,3,2025-10-19 22:08:12.539471,356240.754,6297654.882
PD248,D15,SVDD-53,7602,25,60,2025-10-19 22:08:12.539472,356240.754,6297654.882
PD248,403,PFTW-36,4035,11,15,2025-10-19 22:08:12.539473,356240.754,6297654.882
PD248,403,PFYC-77,10800,25,60,2025-10-19 22:08:12.539474,356240.754,6297654.882
PD248,517,VJJV-38,6199,16,22,2025-10-19 22:08:12.539475,356240.754,6297654.882
PD248,517,VHZZ-11,10908,25,60,2025-10-19 22:08:12.539475,356240.754,6297654.882
PD248,227,VFPG-58,2838,5,7,2025-10-19 22:08:12.539476,356240.754,6297654.882
PD248,227,VFPH-66,10961,25,60,2025-10-19 22:08:12.539477,356240.754,6297654.882
PB566,307C,TWPD-77,1921,6,8,2025-10-19 22:08:14.550107,337068.26,6307303.471
PB566,307C,TWPD-67,6847,17,25,2025-10-19 22:08:14.550111,337068.26,6307303.471
PB566,B45,TWPD-15,1103,0,4,2025-10-19 22:08:14.550112,337068.26,6307303.471
PB566,B45,FLXG-99,6124,19,27,2025-10-19 22:08:14.550113,337068.26,6307303.471
PB566,B06,SKDH-95,714,0,4,2025-10-19 22:08:14.550114,337068.26,6307303.471
PB566,B06,SKDH-30,7935,25,60,2025-10-19 22:08:14.550115,337068.26,6307303.471
PB566,B43,SJPC-51,1844,17,25,2025-10-19 22:08:14.550116,337068.26,6307303.471
PB566,B43,SHXG-85,7195,25,60,2025-10-19 22:08:14.550117,337068.26,6307303.471
PB566,307,TWPD-94,17197,25,60,2025-10-19 22:08:14.550118,337068.26,6307303.471
PB566,307,TWPD-76,17440,25,60,2025-10-19 22:08:14.550119,337068.26,6307303.471
PC605,C01,LCSX-45,894,0,3,2025-10-19 22:08:16.501888,360035.241,6308458.909
PC605,C17,SKPJ-44,265,0,3,2025-10-19 22:08:16.501892,360035.241,6308458.909
PC70,C18,SJPC-33,13995,25,60,2025-10-19 22:08:18.474689,352389.187,6303046.147
PC70,C18,SKPH-71,14155,25,60,2025-10-19 22:08:18.474693,352389.187,6303046.147
PC70,C22,SPCG-70,2358,10,14,2025-10-19 22:08:18.474694,352389.187,6303046.147
PC70,425,SGPW-35,202,0,3,2025-10-19 22:08:18.474695,352389.187,6303046.147
PC70,425,SGPY-68,8792,21,29,2025-10-19 22:08:18.474696,352389.187,6303046.147
PC70,722,STGZ-85,5193,11,15,2025-10-19 22:08:18.474697,352389.187,6303046.147
PG506,F03,SPVT-88,8178,20,28,2025-10-19 22:08:20.350653,348036.434,6279337.87
PE85,325,VFJV-24,3513,10,14,2025-10-19 22:08:22.406731,351111.1,6286961.2
PE85,325,VFJK-90,13660,25,60,2025-10-19 22:08:22.406737,351111.1,6286961.2
PE85,204,VFPV-83,4232,11,15,2025-10-19 22:08:22.406738,351111.1,6286961.2
PE85,224,VFPZ-88,365,0,3,2025-10-19 22:08:22.406739,351111.1,6286961.2
PE85,224,VFPS-86,6669,18,26,2025-10-19 22:08:22.406740,351111.1,6286961.2
PE85,225,SFWB-48,229,0,3,2025-10-19 22:08:22.406741,351111.1,6286961.2
PE85,225,SFWB-29,833,0,3,2025-10-19 22:08:22.406742,351111.1,6286961.2
PE85,E15C,VFJP-24,2532,6,8,2025-10-19 22:08:22.406744,351111.1,6286961.2
PG1564,G07,THTF-94,2810,7,9,2025-10-19 22:08:24.325667,339602.346,6276997.168
PG1564,G07,THTF-23,6069,14,20,2025-10-19 22:08:24.325672,339602.346,6276997.168
PI1237,345,CJRB-13,4806,13,17,2025-10-19 22:08:26.233740,344575.475,6293464.466
PF662,F02,SHXD-57,4225,12,16,2025-10-19 22:08:28.223726,352363.237,6279642.643
PF662,F15,SPZX-70,8346,19,27,2025-10-19 22:08:28.223732,352363.237,6279642.643
PE1519,E02,VKJX-68,4270,9,11,2025-10-19 22:08:30.135142,348468.3,6289315.6
PE1519,E02,VKJX-59,9899,25,60,2025-10-19 22:08:30.135148,348468.3,6289315.6
PE1519,233,THTD-40,7630,25,60,2025-10-19 22:08:30.135149,348468.3,6289315.6
PE1519,233,THTF-62,18409,25,60,2025-10-19 22:08:30.135150,348468.3,6289315.6
PC320,502,FLXW-40,476,0,3,2025-10-19 22:08:32.064095,350322.244,6301244.455
PC320,502,TBFT-16,9321,25,60,2025-10-19 22:08:32.064100,350322.244,6301244.455
PC320,409,SKWD-68,5093,15,21,2025-10-19 22:08:32.064101,350322.244,6301244.455
PC320,409,SKWD-83,6290,18,26,2025-10-19 22:08:32.064102,350322.244,6301244.455
PD370,D05,PGTT-86,1521,25,60,2025-10-19 22:08:33.692365,355454.467,6295023.0
PD370,D07,STKS-99,4756,10,14,2025-10-19 22:08:33.692370,355454.467,6295023.0
PD370,D10,SVDF-47,1972,11,15,2025-10-19 22:08:33.692371,355454.467,6295023.0
PD370,D10,SVDF-53,11115,25,60,2025-10-19 22:08:33.692371,355454.467,6295023.0
PD370,418,PFYC-33,2639,11,15,2025-10-19 22:08:33.692372,355454.467,6295023.0
PD370,418,PFYC-72,8511,25,60,2025-10-19 22:08:33.692373,355454.467,6295023.0
PD370,425,SJPC-85,708,0,3,2025-10-19 22:08:33.692374,355454.467,6295023.0
PD370,425,SHXD-80,7349,20,28,2025-10-19 22:08:33.692375,355454.467,6295023.0
PD370,429,SLPC-18,2858,17,23,2025-10-19 22:08:33.692375,355454.467,6295023.0
PD370,429,SLGS-95,13235,25,60,2025-10-19 22:08:33.692376,355454.467,6295023.0
PI1485,423,PGPT-55,11753,25,60,2025-10-19 22:08:35.067834,338212.246,6294315.546
PG15,201,FLXZ-96,4196,12,16,2025-10-19 22:08:36.778228,344200.69,6285560.74
PG15,201,GCBB-82,5845,17,25,2025-10-19 22:08:36.778234,344200.69,6285560.74
PG15,211,TBLT-54,2132,5,7,2025-10-19 22:08:36.778235,344200.69,6285560.74
PG15,211,TBYY-74,8854,17,23,2025-10-19 22:08:36.778236,344200.69,6285560.74
PG15,G15,THTD-86,2031,7,9,2025-10-19 22:08:36.778237,344200.69,6285560.74
PB561,308,FLXH-94,3137,9,13,2025-10-19 22:08:38.852313,338575.681,6307714.137
PB561,308,FLXH-31,13921,25,60,2025-10-19 22:08:38.852318,338575.681,6307714.137
PB561,308C,TWPD-64,6524,25,60,2025-10-19 22:08:38.852319,338575.681,6307714.137
PB561,B11,SKDJ-18,7113,18,26,2025-10-19 22:08:38.852320,338575.681,6307714.137
PB561,B11,SKDG-93,9643,25,60,2025-10-19 22:08:38.852321,338575.681,6307714.137
PB561,B06,SKDH-30,4430,15,21,2025-10-19 22:08:38.852322,338575.681,6307714.137
PB561,B06,SKDG-43,10584,25,60,2025-10-19 22:08:38.852322,338575.681,6307714.137
PB561,B21,SKDJ-88,4458,12,18,2025-10-19 22:08:38.852323,338575.681,6307714.137
PB561,B21,SKDF-98,13037,25,60,2025-10-19 22:08:38.852324,338575.681,6307714.137
PB561,425,SGPW-45,10801,25,60,2025-10-19 22:08:38.852325,338575.681,6307714.137
PB561,425,SHCY-12,13583,25,60,2025-10-19 22:08:38.852326,338575.681,6307714.137
PB561,307,TWPD-94,15537,25,60,2025-10-19 22:08:38.852326,338575.681,6307714.137
PB561,307,TWPD-76,15746,25,60,2025-10-19 22:08:38.852327,338575.681,6307714.137
PB561,307C,TWPD-77,225,0,3,2025-10-19 22:08:38.852328,338575.681,6307714.137
PB561,307C,TWPD-67,5104,13,19,2025-10-19 22:08:38.852329,338575.681,6307714.137
PB1035,B08,SHCX-43,6979,14,20,2025-10-19 22:08:40.807017,344556.609,6306430.472
PB1035,B10,STHK-12,10806,25,60,2025-10-19 22:08:40.807023,344556.609,6306430.472
PB1035,B10,STHF-31,16141,25,60,2025-10-19 22:08:40.807024,344556.609,6306430.472
PB1035,B16,STHL-46,1219,0,3,2025-10-19 22:08:40.807025,344556.609,6306430.472
PB1035,B05,SPCG-88,5729,12,18,2025-10-19 22:08:40.807026,344556.609,6306430.472
PB1035,B41,GCBB-32,5012,13,19,2025-10-19 22:08:40.807027,344556.609,6306430.472
PB1035,B41,GCBB-14,8724,20,28,2025-10-19 22:08:40.807028,344556.609,6306430.472
PB700,B01,SJTD-62,2384,9,13,2025-10-19 22:08:42.292385,341958.603,6304173.782
PB700,B01,SJTD-61,10342,25,60,2025-10-19 22:08:42.292391,341958.603,6304173.782
PB700,B17,SHXF-83,10485,25,60,2025-10-19 22:08:42.292392,341958.603,6304173.782
PB700,B17,SJTD-57,11253,25,60,2025-10-19 22:08:42.292393,341958.603,6304173.782
PB700,B24,SJTD-65,1,0,3,2025-10-19 22:08:42.292395,341958.603,6304173.782
PB700,B28,STHF-15,1,0,3,2025-10-19 22:08:42.292396,341958.603,6304173.782
PG783,G24,FLXP-35,600,0,3,2025-10-19 22:08:44.249599,345656.555,6283468.706
PG783,G35,SFGY-13,1,0,3,2025-10-19 22:08:44.249604,345656.555,6283468.706
PD563,516,GCBD-98,3304,7,9,2025-10-19 22:08:46.193409,349240.695,6296543.708
PG1296,G09,SHCX-24,7267,25,60,2025-10-19 22:08:48.180422,344953.304,6282107.769
PG1296,G09,SFPF-94,11765,25,60,2025-10-19 22:08:48.180427,344953.304,6282107.769
PG1296,228,THTG-11,5696,15,21,2025-10-19 22:08:48.180428,344953.304,6282107.769
PG1296,G08,THTF-78,1,0,3,2025-10-19 22:08:48.180430,344953.304,6282107.769
PG1296,G08,THTG-90,6480,16,22,2025-10-19 22:08:48.180431,344953.304,6282107.769
PH336,121,FLXF-97,394,0,3,2025-10-19 22:08:50.126505,345319.581,6294163.329
PH336,121,FLXK-54,708,0,4,2025-10-19 22:08:50.126511,345319.581,6294163.329
PC396,C02,LDJJ-83,5063,13,19,2025-10-19 22:08:52.112853,357166.608,6302868.842
PC396,C02,LCPW-30,9924,25,60,2025-10-19 22:08:52.112858,357166.608,6302868.842
PC396,421,PFYS-48,861,0,3,2025-10-19 22:08:52.112860,357166.608,6302868.842
PC396,421,PGPT-34,20901,25,60,2025-10-19 22:08:52.112861,357166.608,6302868.842
PI1445,I26,PFYS-31,2742,9,11,2025-10-19 22:08:53.730020,338338.603,6290769.988
PC786,C17,SKPJ-44,2171,6,8,2025-10-19 22:08:57.732988,358451.488,6308533.351
PC786,C28,SGPW-42,1061,0,3,2025-10-19 22:08:57.732993,358451.488,6308533.351
PC786,C28,SKPJ-81,8508,17,25,2025-10-19 22:08:57.732994,358451.488,6308533.351
PI823,I03,FLXG-10,3354,9,13,2025-10-19 22:08:59.631194,338704.102,6292360.481
PI823,I03,FLXL-40,5121,13,19,2025-10-19 22:08:59.631199,338704.102,6292360.481
PJ935,J10,VHZX-31,2024,0,5,2025-10-19 22:09:01.557991,336544.581,6299504.775
PJ935,J10,VJBB-71,4696,10,14,2025-10-19 22:09:01.557996,336544.581,6299504.775
PB851,214,GCBB-70,5152,13,17,2025-10-19 22:09:03.493810,344036.744,6303071.782
PB851,B04,SHCX-27,4663,12,16,2025-10-19 22:09:03.493815,344036.744,6303071.782
PD1033,D09,STYX-82,6548,15,21,2025-10-19 22:09:05.426196,352678.582,6297532.865
PD177,D10,SVDF-47,4285,25,60,2025-10-19 22:09:08.635184,353764.698,6296273.407
PD177,D10,SVDF-53,13445,25,60,2025-10-19 22:09:08.635190,353764.698,6296273.407
PD177,216,SVPW-57,10572,25,60,2025-10-19 22:09:08.635191,353764.698,6296273.407
PD177,216,LXWT-95,15456,25,60,2025-10-19 22:09:08.635192,353764.698,6296273.407
PD177,225,SFWB-84,8922,21,29,2025-10-19 22:09:08.635193,353764.698,6296273.407
PD177,225,SFWZ-45,15708,25,60,2025-10-19 22:09:08.635193,353764.698,6296273.407
PD177,286,SHXG-74,3897,0,3,2025-10-19 22:09:08.635194,353764.698,6296273.407
PD177,712,SHCX-33,10023,25,60,2025-10-19 22:09:08.635195,353764.698,6296273.407
PD177,712,TFYL-48,11199,25,60,2025-10-19 22:09:08.635196,353764.698,6296273.407
PE146,210,VFPZ-98,640,0,3,2025-10-19 22:09:10.552939,352461.747,6287302.496
PE146,210,VFRF-65,4875,12,18,2025-10-19 22:09:10.552945,352461.747,6287302.496
PE146,210V,VGBX-29,1896,0,5,2025-10-19 22:09:10.552946,352461.747,6287302.496
PI550,506V,FLXW-18,468,0,3,2025-10-19 22:09:12.529145,342402.579,6296376.499
PI550,506V,TBFT-69,7573,17,25,2025-10-19 22:09:12.529150,342402.579,6296376.499
PI550,509,FDJX-71,2325,5,7,2025-10-19 22:09:12.529151,342402.579,6296376.499
PI550,506,PFXC-28,5921,15,21,2025-10-19 22:09:12.529152,342402.579,6296376.499
PI550,506,GCBC-94,12671,25,60,2025-10-19 22:09:12.529153,342402.579,6296376.499
PF458,F10,SRSC-51,4292,11,15,2025-10-19 22:09:16.455012,354437.477,6281407.552
PF458,F26,SPVV-16,1885,6,8,2025-10-19 22:09:16.455017,354437.477,6281407.552
PF458,F26,TFTB-24,14148,25,60,2025-10-19 22:09:16.455018,354437.477,6281407.552
PF458,F25,SRVL-78,8401,25,60,2025-10-19 22:09:16.455019,354437.477,6281407.552
PF458,124,SRVG-53,1273,0,5,2025-10-19 22:09:16.455020,354437.477,6281407.552
PF458,124,SRVG-88,7644,25,60,2025-10-19 22:09:16.455020,354437.477,6281407.552
PI1506,I20,FLXK-67,2508,7,9,2025-10-19 22:09:20.399931,339046.501,6292455.073
PG523,F03,SRPJ-74,6098,9,13,2025-10-19 22:09:22.316833,343153.43,6281704.75
PG523,F03,SPVT-88,16875,25,60,2025-10-19 22:09:22.316838,343153.43,6281704.75
PG523,G14,FLXX-11,4304,13,17,2025-10-19 22:09:22.316839,343153.43,6281704.75
PC989,D18,SVDD-11,4513,12,16,2025-10-19 22:09:24.218342,351358.162,6298440.749
PB352,B12,SKDG-18,1479,0,5,2025-10-19 22:09:26.172131,345020.558,6304935.97
PB352,B21,SKDF-98,4024,13,19,2025-10-19 22:09:26.172137,345020.558,6304935.97
PB352,272,VFHW-46,4591,19,27,2025-10-19 22:09:26.172138,345020.558,6304935.97
PB352,272,VFPD-94,10408,25,60,2025-10-19 22:09:26.172139,345020.558,6304935.97
PD518,505,VHXK-83,2166,6,8,2025-10-19 22:09:28.130843,353883.33,6297344.759
PD518,505,VJJX-78,6021,14,20,2025-10-19 22:09:28.130847,353883.33,6297344.759
PD518,513,LZPH-21,5793,15,21,2025-10-19 22:09:28.130848,353883.33,6297344.759
PD518,D01,SVDC-57,7683,16,24,2025-10-19 22:09:28.130849,353883.33,6297344.759
PD518,D01,SVDF-73,9935,25,60,2025-10-19 22:09:28.130850,353883.33,6297344.759
PG777,G24,FLXL-89,1286,0,4,2025-10-19 22:09:32.231222,345339.646,6283025.628
PG777,G24,GCWF-75,6430,15,21,2025-10-19 22:09:32.231228,345339.646,6283025.628
PG777,G07,THTH-82,187,0,3,2025-10-19 22:09:32.231229,345339.646,6283025.628
PG777,G07,THTG-81,7730,13,19,2025-10-19 22:09:32.231230,345339.646,6283025.628
PJ1981,444,SJPD-72,288,0,3,2025-10-19 22:09:34.188431,335184.0,6298259.0
PJ1981,444,SHXG-36,14873,25,60,2025-10-19 22:09:34.188435,335184.0,6298259.0
PG33,211,TBYY-77,5260,12,16,2025-10-19 22:09:36.089238,342072.38,6280937.4
PG33,211,TBLT-54,8003,17,23,2025-10-19 22:09:36.089243,342072.38,6280937.4
PG33,G07,THTG-88,6214,20,28,2025-10-19 22:09:36.089244,342072.38,6280937.4
PB582,425,SHCY-20,2911,9,13,2025-10-19 22:09:38.087259,340564.883,6306525.874
PB582,425,SGPY-78,4542,25,60,2025-10-19 22:09:38.087264,340564.883,6306525.874
PB582,428,SKPH-81,2896,9,13,2025-10-19 22:09:38.087265,340564.883,6306525.874
PB582,428,SJPD-56,5932,16,22,2025-10-19 22:09:38.087266,340564.883,6306525.874
PB582,430,SHXG-39,2849,8,10,2025-10-19 22:09:38.087267,340564.883,6306525.874
PB582,435,SLGT-13,2863,7,9,2025-10-19 22:09:38.087268,340564.883,6306525.874
PB582,308,FLXH-96,4455,25,60,2025-10-19 22:09:38.087269,340564.883,6306525.874
PB582,315E,VHSX-72,6955,16,24,2025-10-19 22:09:38.087269,340564.883,6306525.874
PJ335,507,TBFV-29,7172,20,28,2025-10-19 22:09:39.535799,341245.266,6299454.129
PJ335,517,VJJV-98,2611,6,8,2025-10-19 22:09:39.535804,341245.266,6299454.129
PJ335,503,VGTW-85,5934,12,18,2025-10-19 22:09:39.535805,341245.266,6299454.129
PJ335,504,TBFW-35,6971,19,27,2025-10-19 22:09:39.535806,341245.266,6299454.129
PJ248,J08,PFWZ-58,310,0,3,2025-10-19 22:09:41.437031,338525.885,6295539.773
PJ248,J08,PFXB-97,7249,25,60,2025-10-19 22:09:41.437036,338525.885,6295539.773
PI962,I24,VHSY-36,6903,15,21,2025-10-19 22:09:43.367196,330575.425,6290837.584
PI962,I24,VHTB-39,11193,25,60,2025-10-19 22:09:43.367201,330575.425,6290837.584
PA71,229,SFVZ-63,1115,0,5,2025-10-19 22:09:45.353500,346610.14,6297463.17
PA71,229,SFWB-10,5942,17,23,2025-10-19 22:09:45.353505,346610.14,6297463.17
PA71,301,BJFS-60,8010,19,27,2025-10-19 22:09:45.353507,346610.14,6297463.17
PA71,301,BJFX-17,15477,25,60,2025-10-19 22:09:45.353507,346610.14,6297463.17
PF74,F27,SPRY-39,269,0,3,2025-10-19 22:09:47.507697,352206.184,6283184.472
PF74,E16,VFJS-29,268,0,3,2025-10-19 22:09:47.507703,352206.184,6283184.472
PF74,205,VFPF-54,3466,12,18,2025-10-19 22:09:47.507704,352206.184,6283184.472
PF74,205,VFPB-85,13390,25,60,2025-10-19 22:09:47.507705,352206.184,6283184.472
PF74,F05,SPZX-79,2229,8,12,2025-10-19 22:09:47.507706,352206.184,6283184.472
PF74,F05,SPZX-65,4113,13,19,2025-10-19 22:09:47.507706,352206.184,6283184.472
PF74,F20,SPZY-15,2081,6,8,2025-10-19 22:09:47.507707,352206.184,6283184.472
PF74,F20,SRVL-29,3771,13,19,2025-10-19 22:09:47.507708,352206.184,6283184.472
PF74,F14,SPRY-60,997,0,4,2025-10-19 22:09:47.507709,352206.184,6283184.472
PJ429,412,PFZK-83,4201,20,28,2025-10-19 22:09:49.691950,337195.6,6300094.54
PJ429,508,FLXX-47,2276,5,7,2025-10-19 22:09:49.691955,337195.6,6300094.54
PJ429,511,GCBC-49,6677,18,26,2025-10-19 22:09:49.691956,337195.6,6300094.54
PJ429,511,PFXC-16,19047,25,60,2025-10-19 22:09:49.691956,337195.6,6300094.54
PJ429,J20,TBFX-70,4057,13,19,2025-10-19 22:09:49.691957,337195.6,6300094.54
PF794,E12,VFJK-22,7701,25,60,2025-10-19 22:09:53.584973,350880.424,6283525.466
PF794,E12,VFKR-65,19571,25,60,2025-10-19 22:09:53.584978,350880.424,6283525.466
PE761,E10,BJFS-70,3398,9,13,2025-10-19 22:09:55.483460,351543.776,6288982.797
PJ484,412,PFZK-83,4745,25,60,2025-10-19 22:09:57.484777,337231.422,6300525.513
PJ484,508,FLXX-47,2813,8,10,2025-10-19 22:09:57.484783,337231.422,6300525.513
PC633,C02,LDJJ-83,7527,19,27,2025-10-19 22:09:59.407679,359545.706,6303349.18
PC633,C02,LCPW-30,12175,25,60,2025-10-19 22:09:59.407685,359545.706,6303349.18
PB1392,B20,LXDH-98,1292,0,4,2025-10-19 22:10:01.386199,343757.644,6301020.71
PB1392,B20,SKHG-59,5010,13,19,2025-10-19 22:10:01.386205,343757.644,6301020.71
PB1392,B29,SKHG-92,11153,25,60,2025-10-19 22:10:01.386206,343757.644,6301020.71
PB1392,B29,SKHG-79,16359,25,60,2025-10-19 22:10:01.386207,343757.644,6301020.71
PG133,205,VFRB-68,873,0,3,2025-10-19 22:10:03.539649,348836.512,6282971.721
PG133,205,VGBX-48,7215,25,60,2025-10-19 22:10:03.539654,348836.512,6282971.721
PG133,209,SDGY-10,776,0,3,2025-10-19 22:10:03.539655,348836.512,6282971.721
PG133,209,SRTK-34,5204,12,16,2025-10-19 22:10:03.539656,348836.512,6282971.721
PE72,204,VFPC-66,8977,25,60,2025-10-19 22:10:06.865409,349222.163,6289923.991
PI1630,108,PFYR-84,4856,11,15,2025-10-19 22:10:10.630079,341242.715,6291975.781
PI1630,113,FLXW-85,10592,17,25,2025-10-19 22:10:10.630084,341242.715,6291975.781
PI1630,115,TBFT-60,9847,16,22,2025-10-19 22:10:10.630085,341242.715,6291975.781
PI1630,109,GCBC-53,8151,18,26,2025-10-19 22:10:10.630087,341242.715,6291975.781
PD737,513,LZPH-21,719,0,3,2025-10-19 22:10:14.592932,357748.872,6296007.907
PD737,422,PFXC-56,1,0,3,2025-10-19 22:10:14.592936,357748.872,6296007.907
PD1398,D17,PFZK-78,2717,5,7,2025-10-19 22:10:16.549703,355998.16,6293444.507
PD1398,D17,PGBS-47,14037,25,60,2025-10-19 22:10:16.549708,355998.16,6293444.507
PD1398,D17V,PFZK-89,713,0,3,2025-10-19 22:10:16.549710,355998.16,6293444.507
PD1398,D17V,PGRZ-64,14873,25,60,2025-10-19 22:10:16.549711,355998.16,6293444.507
PI918,I04,FLXF-62,595,0,3,2025-10-19 22:10:18.473331,341902.411,6294804.274
PI918,I17,FLXL-75,3046,9,13,2025-10-19 22:10:18.473337,341902.411,6294804.274
PB999,B07,STHB-62,2225,0,5,2025-10-19 22:10:20.404514,342244.208,6306049.587
PB999,B08,SHCX-43,2725,6,8,2025-10-19 22:10:20.404520,342244.208,6306049.587
PB599,314,TWPD-56,6443,25,60,2025-10-19 22:10:22.387729,336835.689,6307196.736
PB599,314,VHTB-24,13842,25,60,2025-10-19 22:10:22.387733,336835.689,6307196.736
PB599,B08,SHXF-23,1,0,3,2025-10-19 22:10:22.387735,336835.689,6307196.736
PB599,B08,SHCY-36,2930,13,17,2025-10-19 22:10:22.387735,336835.689,6307196.736
PB599,B11,SKDJ-18,7425,25,60,2025-10-19 22:10:22.387738,336835.689,6307196.736
PB599,B11,SKDG-93,10465,25,60,2025-10-19 22:10:22.387739,336835.689,6307196.736
PB599,B12,SPCG-35,11687,17,25,2025-10-19 22:10:22.387739,336835.689,6307196.736
PB599,B12,SKDH-34,16550,25,60,2025-10-19 22:10:22.387740,336835.689,6307196.736
PB599,308,FLXJ-93,1,0,3,2025-10-19 22:10:22.387741,336835.689,6307196.736
PB599,308,FLXH-94,4067,14,20,2025-10-19 22:10:22.387742,336835.689,6307196.736
PB599,308C,TWPD-64,7096,25,60,2025-10-19 22:10:22.387743,336835.689,6307196.736
PG2001,G32,THTC-30,5480,14,20,2025-10-19 22:10:24.342956,343492.0,6278138.0
PG2001,G32,THTF-56,11527,25,60,2025-10-19 22:10:24.342962,343492.0,6278138.0
PJ114,J07,VJBB-21,8664,12,18,2025-10-19 22:10:26.362210,334470.08,6298069.45
PJ114,J07,VHZZ-40,23049,25,60,2025-10-19 22:10:26.362215,334470.08,6298069.45
PI653,421,PFYS-94,5596,15,21,2025-10-19 22:10:28.362829,336224.788,6290174.881
PI653,423,PGPS-98,2867,8,10,2025-10-19 22:10:28.362835,336224.788,6290174.881
PI653,I01,FLXF-51,4616,11,15,2025-10-19 22:10:28.362836,336224.788,6290174.881
PI653,I10,FLXH-11,4241,12,16,2025-10-19 22:10:28.362838,336224.788,6290174.881
PD1060,D01,SVDC-57,1825,7,9,2025-10-19 22:10:30.438040,356773.992,6296541.613
PD1060,D01,SVDF-73,4477,13,19,2025-10-19 22:10:30.438045,356773.992,6296541.613
PE1286,107,PGBS-46,188,0,3,2025-10-19 22:10:32.869138,354074.203,6290920.604
PE1286,107,PGRZ-74,6075,13,19,2025-10-19 22:10:32.869143,354074.203,6290920.604
PE1286,117,SPBP-92,8552,25,60,2025-10-19 22:10:32.869145,354074.203,6290920.604
PE1286,117,SPBS-36,13078,25,60,2025-10-19 22:10:32.869146,354074.203,6290920.604
PB134,C18,SJPC-33,4035,12,16,2025-10-19 22:10:35.194340,348028.295,6305956.283
PB134,C18,SKPH-71,4640,13,19,2025-10-19 22:10:35.194345,348028.295,6305956.283
PI970,348,FLXZ-35,1542,0,5,2025-10-19 22:10:37.117321,333109.979,6289877.395
PD32,103,SPBP-94,2158,5,7,2025-10-19 22:10:38.545888,351105.403,6291869.635
PD32,103,SPBP-86,11151,25,60,2025-10-19 22:10:38.545894,351105.403,6291869.635
PD32,117,PFYC-21,1882,5,7,2025-10-19 22:10:38.545895,351105.403,6291869.635
PG815,G13,SFGY-86,1,0,3,2025-10-19 22:10:40.458355,345901.222,6286473.184
PG815,G16,SFPG-41,1113,0,5,2025-10-19 22:10:40.458361,345901.222,6286473.184
PG815,G04,SHXB-26,560,0,3,2025-10-19 22:10:40.458362,345901.222,6286473.184
PA179,210,VFRB-56,6653,16,22,2025-10-19 22:10:42.196890,348730.33,6296243.22
PA179,210V,VFPZ-56,404,0,3,2025-10-19 22:10:42.196895,348730.33,6296243.22
PA179,210V,VFRF-75,6005,16,24,2025-10-19 22:10:42.196897,348730.33,6296243.22
PA179,227,VFPD-61,2516,7,9,2025-10-19 22:10:42.196898,348730.33,6296243.22
PA179,227,VFPJ-11,5210,12,18,2025-10-19 22:10:42.196899,348730.33,6296243.22
PG961,G08,THTG-90,1183,0,5,2025-10-19 22:10:44.132768,346377.866,6286046.569
PF52,204,VFPS-78,1962,5,7,2025-10-19 22:10:50.414726,351626.61,6284271.04
PF52,204,VFPV-83,6451,15,21,2025-10-19 22:10:50.414731,351626.61,6284271.04
PF52,224,VFPZ-88,2070,5,7,2025-10-19 22:10:50.414733,351626.61,6284271.04
PF52,224,VFPS-86,9064,25,60,2025-10-19 22:10:50.414734,351626.61,6284271.04
PF875,124,SRVG-53,7748,25,60,2025-10-19 22:10:52.380561,352229.879,6277835.231
PF875,124,SRVG-88,14191,25,60,2025-10-19 22:10:52.380566,352229.879,6277835.231
PH693,214,GCBC-21,4670,12,18,2025-10-19 22:10:56.204521,343724.196,6289679.197
PH693,214,GCBB-57,10421,25,60,2025-10-19 22:10:56.204526,343724.196,6289679.197
PH693,321,FLXJ-29,60,0,3,2025-10-19 22:10:56.204527,343724.196,6289679.197
PH693,H13,BJFX-20,2426,6,8,2025-10-19 22:10:56.204528,343724.196,6289679.197
PH693,H13,CJRW-12,9486,25,60,2025-10-19 22:10:56.204529,343724.196,6289679.197
PH1519,H05,VFPS-69,1500,5,7,2025-10-19 22:10:58.121930,347804.99,6291954.92
PH1519,H05,VFPS-65,8801,25,60,2025-10-19 22:10:58.121935,347804.99,6291954.92
PG1775,G11,THTG-95,5072,16,22,2025-10-19 22:11:00.029622,347225.715,6287750.934
PG1775,G11,THTD-69,7610,25,60,2025-10-19 22:11:00.029627,347225.715,6287750.934
PH1642,D07,SVDC-25,996,0,4,2025-10-19 22:11:01.790830,349258.79,6294423.89
PI855,I03,FLXJ-27,6129,25,60,2025-10-19 22:11:03.220867,338466.488,6292808.153
PI855,I03,FLXG-16,8718,25,60,2025-10-19 22:11:03.220872,338466.488,6292808.153
PC1229,C03,LWTK-55,5070,13,17,2025-10-19 22:11:04.856107,351715.93,6304131.412
PC1229,C03,SKDF-78,12784,25,60,2025-10-19 22:11:04.856112,351715.93,6304131.412
PA80,125,BJFT-65,5351,11,15,2025-10-19 22:11:06.776578,345857.82,6297403.27
PA80,125,FLXJ-11,13524,25,60,2025-10-19 22:11:06.776582,345857.82,6297403.27
PA80,113,FLXZ-91,1453,0,5,2025-10-19 22:11:06.776584,345857.82,6297403.27
PA80,113,FLXY-60,8894,25,60,2025-10-19 22:11:06.776585,345857.82,6297403.27
PA80,115,GCBD-75,7197,16,22,2025-10-19 22:11:06.776586,345857.82,6297403.27
PA80,115,TBFT-60,19596,25,60,2025-10-19 22:11:06.776587,345857.82,6297403.27
PA80,201E,VFHH-49,7354,14,20,2025-10-19 22:11:06.776588,345857.82,6297403.27
PA80,201E,VFHK-27,17185,25,60,2025-10-19 22:11:06.776589,345857.82,6297403.27
PA80,302,CJRC-56,1969,0,5,2025-10-19 22:11:06.776590,345857.82,6297403.27
PA80,302,BJFW-67,14033,25,60,2025-10-19 22:11:06.776591,345857.82,6297403.27
PI215,111,FLXY-66,1595,6,8,2025-10-19 22:11:08.638264,337109.683,6293694.991
PI215,111,FLXY-57,4895,15,21,2025-10-19 22:11:08.638269,337109.683,6293694.991
PI215,110,GCBC-68,1544,0,4,2025-10-19 22:11:08.638271,337109.683,6293694.991
PI215,110,TBFT-30,11332,25,60,2025-10-19 22:11:08.638271,337109.683,6293694.991
PI215,428,SJPD-75,6608,11,15,2025-10-19 22:11:08.638272,337109.683,6293694.991
PI215,428,SHCV-85,14328,25,60,2025-10-19 22:11:08.638273,337109.683,6293694.991
PI215,444,SKPL-33,1706,0,3,2025-10-19 22:11:08.638274,337109.683,6293694.991
PI215,444,SJPF-43,12046,25,60,2025-10-19 22:11:08.638275,337109.683,6293694.991
PF1184,F01,SPVW-99,2374,7,9,2025-10-19 22:11:10.497613,358580.0,6280031.0
PF1184,F01,SPVV-63,8772,25,60,2025-10-19 22:11:10.497618,358580.0,6280031.0
PG513,F03,SRPJ-74,1,0,3,2025-10-19 22:11:14.379067,347047.218,6279935.196
PG513,F03,SPVT-88,11228,25,60,2025-10-19 22:11:14.379072,347047.218,6279935.196
PD882,D05,SPBS-39,3122,7,9,2025-10-19 22:11:16.303593,349850.801,6294943.873
PD882,D05,PGTT-86,5730,18,26,2025-10-19 22:11:16.303598,349850.801,6294943.873
PI1204,I16,FLXJ-53,3658,10,14,2025-10-19 22:11:18.217017,343727.9,6295712.247
PC1287,C37,SJPB-65,19,0,3,2025-10-19 22:11:20.143960,359976.0,6302063.0
PC1287,C37,SKPL-38,8333,25,60,2025-10-19 22:11:20.143965,359976.0,6302063.0
PG2101,G02,FLXX-13,6718,17,23,2025-10-19 22:11:21.861710,341060.0,6281816.0
PG2101,G27,THTF-11,744,0,3,2025-10-19 22:11:21.861715,341060.0,6281816.0
PI479,405,PFTV-97,2406,8,10,2025-10-19 22:11:23.350449,334507.844,6289839.172
PI479,405,PFBG-13,15068,25,60,2025-10-19 22:11:23.350453,334507.844,6289839.172
PI479,I26,PFYT-21,2183,7,9,2025-10-19 22:11:23.350455,334507.844,6289839.172
PI479,I26,PGPT-25,4317,13,19,2025-10-19 22:11:23.350455,334507.844,6289839.172
PI479,I02,FLXZ-34,7690,19,27,2025-10-19 22:11:23.350456,334507.844,6289839.172
PI479,I02,FLXZ-10,9859,25,60,2025-10-19 22:11:23.350457,334507.844,6289839.172
PD718,D15,SVDC-83,7631,16,22,2025-10-19 22:11:28.132524,356513.952,6298389.481
PB1095,B09,SHCY-39,13307,25,60,2025-10-19 22:11:30.090936,339400.899,6303360.919
PB1095,120,SJTD-63,2312,7,9,2025-10-19 22:11:30.090941,339400.899,6303360.919
PB1095,120,SKHG-17,10073,25,60,2025-10-19 22:11:30.090942,339400.899,6303360.919
PB1095,B29,LXDJ-16,2650,8,12,2025-10-19 22:11:30.090943,339400.899,6303360.919
PB1095,B29,SKHG-92,16121,25,60,2025-10-19 22:11:30.090944,339400.899,6303360.919
PJ235,510,TBFT-27,5436,13,19,2025-10-19 22:11:32.035613,337219.0,6296631.86
PJ235,510,TBFR-95,12132,25,60,2025-10-19 22:11:32.035618,337219.0,6296631.86
PJ235,516,TBFX-43,7276,17,25,2025-10-19 22:11:32.035619,337219.0,6296631.86
PJ235,516,GCBC-39,11531,25,60,2025-10-19 22:11:32.035620,337219.0,6296631.86
PD666,514,TBFV-19,1648,0,5,2025-10-19 22:11:33.574645,352721.981,6293805.919
PD666,514,TBFS-52,7923,25,60,2025-10-19 22:11:33.574651,352721.981,6293805.919
PB441,307,TWPD-94,5691,10,14,2025-10-19 22:11:35.209681,343067.24,6303832.72
PB441,307,TWPD-76,5721,10,14,2025-10-19 22:11:35.209687,343067.24,6303832.72
PB441,314,VHTB-24,3705,6,8,2025-10-19 22:11:35.209688,343067.24,6303832.72
PB441,314,TWPD-34,15529,25,60,2025-10-19 22:11:35.209689,343067.24,6303832.72
PB441,303,FLXF-16,5902,14,20,2025-10-19 22:11:35.209690,343067.24,6303832.72
PB441,303,FLXD-66,8376,25,60,2025-10-19 22:11:35.209691,343067.24,6303832.72
PA630,113,FLXY-67,1288,5,7,2025-10-19 22:11:37.099297,346172.848,6296208.158
PI956,I11,FLXZ-30,711,0,3,2025-10-19 22:11:39.202590,333941.742,6291240.611
PI956,I11,VHSZ-40,6933,16,22,2025-10-19 22:11:39.202595,333941.742,6291240.611
PI956,I24,VHSY-36,1352,0,4,2025-10-19 22:11:39.202596,333941.742,6291240.611
PI956,I24,VHTB-39,5058,12,16,2025-10-19 22:11:39.202597,333941.742,6291240.611
PI956,I05,FLXZ-45,5132,11,15,2025-10-19 22:11:39.202597,333941.742,6291240.611
PI956,I05,VHSX-76,12889,25,60,2025-10-19 22:11:39.202598,333941.742,6291240.611
PI956,I09,VHTB-21,9121,21,29,2025-10-19 22:11:39.202599,333941.742,6291240.611
PI956,I09,FLXY-97,13889,25,60,2025-10-19 22:11:39.202600,333941.742,6291240.611
PD606,325,VFJK-90,4305,13,17,2025-10-19 22:11:40.601178,352068.989,6292268.226
PD606,508,PFXC-77,5304,13,19,2025-10-19 22:11:40.601183,352068.989,6292268.226
PD606,508,PFXC-20,8339,20,28,2025-10-19 22:11:40.601184,352068.989,6292268.226
PG518,228,THTG-99,2066,6,8,2025-10-19 22:11:42.310509,343285.112,6280773.189
PG518,228,THTG-11,8466,25,60,2025-10-19 22:11:42.310514,343285.112,6280773.189
PG518,G32,THTF-56,1175,5,7,2025-10-19 22:11:42.310515,343285.112,6280773.189
PG518,F03,SRPJ-74,3028,5,7,2025-10-19 22:11:42.310516,343285.112,6280773.189
PG518,F03,SPVT-88,14780,25,60,2025-10-19 22:11:42.310516,343285.112,6280773.189
PG518,G14,FLXP-15,2317,7,9,2025-10-19 22:11:42.310517,343285.112,6280773.189
PD582,506V,SZZY-69,6480,13,17,2025-10-19 22:11:46.280493,350598.01,6296321.44
PD582,507,TBFW-83,6495,13,19,2025-10-19 22:11:46.280499,350598.01,6296321.44
PD582,510,TBFR-57,106,0,3,2025-10-19 22:11:46.280500,350598.01,6296321.44
PD582,510,TBFR-49,6437,13,19,2025-10-19 22:11:46.280501,350598.01,6296321.44
PD582,516,GCBD-98,801,0,3,2025-10-19 22:11:46.280502,350598.01,6296321.44
PD582,516,GCBD-46,8099,19,27,2025-10-19 22:11:46.280502,350598.01,6296321.44
PD582,506,GCBC-94,2667,5,7,2025-10-19 22:11:46.280503,350598.01,6296321.44
PD582,506,GCBC-42,6135,12,18,2025-10-19 22:11:46.280504,350598.01,6296321.44
PA40,505,LXWR-89,3206,8,10,2025-10-19 22:11:48.235325,347639.797,6299068.384
PA40,505,VHXK-53,7973,18,26,2025-10-19 22:11:48.235330,347639.797,6299068.384
PA40,517,VJJV-98,9532,25,60,2025-10-19 22:11:48.235331,347639.797,6299068.384
PA40,508,GCBF-28,300,0,3,2025-10-19 22:11:48.235332,347639.797,6299068.384
PA40,508,FDJX-79,5402,16,22,2025-10-19 22:11:48.235333,347639.797,6299068.384
PA40,514,FLXD-44,5617,13,17,2025-10-19 22:11:48.235334,347639.797,6299068.384
PA40,514,FLXX-39,16384,25,60,2025-10-19 22:11:48.235334,347639.797,6299068.384
PI312,I11,VHSX-94,1039,0,4,2025-10-19 22:11:50.158475,334472.691,6284780.339
PI312,I11,FLXZ-28,6427,19,27,2025-10-19 22:11:50.158480,334472.691,6284780.339
PI312,111,FLXW-98,2363,6,8,2025-10-19 22:11:50.158483,334472.691,6284780.339
PI312,111,FLXX-56,5708,13,19,2025-10-19 22:11:50.158484,334472.691,6284780.339
PI312,113,FLXY-39,468,0,3,2025-10-19 22:11:50.158485,334472.691,6284780.339
PI312,113,FLXY-65,12402,25,60,2025-10-19 22:11:50.158486,334472.691,6284780.339
PD398,418,SKPL-36,5413,25,60,2025-10-19 22:11:52.094883,355617.76,6296660.99
PD398,429,SLGS-99,1596,0,5,2025-10-19 22:11:52.094889,355617.76,6296660.99
PD679,103,SPBF-69,4176,10,14,2025-10-19 22:11:55.554189,353182.571,6291484.35
PD679,103,PGBY-38,9005,25,60,2025-10-19 22:11:55.554194,353182.571,6291484.35
PD679,D26,PGTV-30,10312,25,60,2025-10-19 22:11:55.554195,353182.571,6291484.35
PD679,514,TBFV-19,6424,15,21,2025-10-19 22:11:55.554196,353182.571,6291484.35
PD679,514,TBFS-52,12660,25,60,2025-10-19 22:11:55.554197,353182.571,6291484.35
PD679,D16,SPBL-65,10481,25,60,2025-10-19 22:11:55.554198,353182.571,6291484.35
PD1611,224,VFPS-86,1,0,3,2025-10-19 22:11:57.541911,350307.0,6291205.0
PD1611,224,VFPP-11,2578,7,9,2025-10-19 22:11:57.541916,350307.0,6291205.0
PD1611,D13,BJFZ-98,5598,14,20,2025-10-19 22:11:57.541917,350307.0,6291205.0
PJ1739,B09,SHCY-39,8412,25,60,2025-10-19 22:11:59.506399,342204.066,6301333.292
PJ1739,B28,STHF-15,2880,8,10,2025-10-19 22:11:59.506405,342204.066,6301333.292
PJ1739,J01,PFXB-41,6405,17,25,2025-10-19 22:11:59.506406,342204.066,6301333.292
PJ1739,J01,FDJX-82,10988,25,60,2025-10-19 22:11:59.506407,342204.066,6301333.292
PJ1739,J16,TBFS-62,4000,10,14,2025-10-19 22:11:59.506407,342204.066,6301333.292
PC157,401,PFYR-70,1,0,3,2025-10-19 22:12:01.492184,351764.17,6301411.789
PC157,401,PFVD-37,17470,25,60,2025-10-19 22:12:01.492189,351764.17,6301411.789
PC157,421,PGPT-34,13135,25,60,2025-10-19 22:12:01.492190,351764.17,6301411.789
PC157,421,PFYS-94,26014,25,60,2025-10-19 22:12:01.492191,351764.17,6301411.789
PC157,406,PFXC-78,1479,6,8,2025-10-19 22:12:01.492192,351764.17,6301411.789
PC157,406,TBFT-32,2629,8,12,2025-10-19 22:12:01.492193,351764.17,6301411.789
PC157,407,TBFS-67,1,0,3,2025-10-19 22:12:01.492193,351764.17,6301411.789
PC157,407,TBFW-40,8203,20,28,2025-10-19 22:12:01.492194,351764.17,6301411.789
PC157,426,FLXS-78,734,0,3,2025-10-19 22:12:01.492195,351764.17,6301411.789
PC157,426,BJFF-49,1201,4,6,2025-10-19 22:12:01.492196,351764.17,6301411.789
PC157,430,SJPC-25,965,4,6,2025-10-19 22:12:01.492197,351764.17,6301411.789
PC157,430,SHXG-39,16979,25,60,2025-10-19 22:12:01.492197,351764.17,6301411.789
PI1480,I02,FLXZ-20,4625,17,25,2025-10-19 22:12:03.175664,337567.691,6295219.794
PI1480,I02,FLXY-98,12315,25,60,2025-10-19 22:12:03.175669,337567.691,6295219.794
PE272,E12,VFJV-39,7700,25,60,2025-10-19 22:12:04.516172,348826.333,6290094.304
PE272,226,VFRF-95,2181,6,8,2025-10-19 22:12:04.516177,348826.333,6290094.304
PE272,226,VGBX-58,5289,16,22,2025-10-19 22:12:04.516178,348826.333,6290094.304
PJ442,505,VHXK-11,3408,8,10,2025-10-19 22:12:10.339416,339392.5,6301422.68
PI1623,113,FLXY-60,458,0,3,2025-10-19 22:12:11.747519,342441.119,6293759.928
PI1623,113,FLXW-85,12065,25,60,2025-10-19 22:12:11.747524,342441.119,6293759.928
PI1623,115,TBFT-60,11572,18,26,2025-10-19 22:12:11.747525,342441.119,6293759.928
PH629,H09,VGRC-73,413,0,3,2025-10-19 22:12:13.762452,346448.833,6293855.612
PH629,H09,VGRB-63,8028,21,29,2025-10-19 22:12:13.762457,346448.833,6293855.612
PH629,H12,BJFS-75,7595,20,28,2025-10-19 22:12:13.762458,346448.833,6293855.612
PH629,H13,FLXG-63,3171,7,9,2025-10-19 22:12:13.762460,346448.833,6293855.612
PC76,722,STGZ-85,5324,13,17,2025-10-19 22:12:17.258059,353010.25,6300847.77
PC76,712,SHXG-95,25,0,3,2025-10-19 22:12:17.258063,353010.25,6300847.77
PC76,712,SJPC-42,7276,14,20,2025-10-19 22:12:17.258064,353010.25,6300847.77
PC76,C01,LDJJ-77,2404,6,8,2025-10-19 22:12:17.258065,353010.25,6300847.77
PC76,C01,LCPW-45,4066,9,13,2025-10-19 22:12:17.258066,353010.25,6300847.77
PC76,425,SGPW-35,1222,0,5,2025-10-19 22:12:17.258067,353010.25,6300847.77
PC76,425,SGPY-68,9296,25,60,2025-10-19 22:12:17.258067,353010.25,6300847.77
PC76,286,SHXB-25,1767,6,8,2025-10-19 22:12:17.258068,353010.25,6300847.77
PI689,I01,FLXL-34,5119,12,16,2025-10-19 22:12:18.912077,339443.784,6292167.831
PI689,I01,FLXJ-16,8197,18,26,2025-10-19 22:12:18.912082,339443.784,6292167.831
PI689,I18,VHSX-92,1524,5,7,2025-10-19 22:12:18.912083,339443.784,6292167.831
PG1427,G22,THTH-80,239,0,3,2025-10-19 22:12:20.306264,341434.72,6281955.72
PG1253,G15,THTG-80,1,0,3,2025-10-19 22:12:22.323241,349801.08,6285248.69
PJ66,412,PFZK-83,6222,25,60,2025-10-19 22:12:24.226987,338160.233,6299016.186
PJ66,110,TBFT-30,2651,6,8,2025-10-19 22:12:24.226992,338160.233,6299016.186
PJ66,110,TBFT-79,7613,25,60,2025-10-19 22:12:24.226993,338160.233,6299016.186
PB739,B35,SHCY-25,2745,5,7,2025-10-19 22:12:26.217142,346821.13,6305887.468
PB739,B02,FLXR-92,1,0,3,2025-10-19 22:12:26.217146,346821.13,6305887.468
PB739,C18,SJPC-34,2308,5,7,2025-10-19 22:12:26.217148,346821.13,6305887.468
PB739,C18,SHXF-20,7599,19,27,2025-10-19 22:12:26.217148,346821.13,6305887.468
PG363,301,FLXH-10,1484,5,7,2025-10-19 22:12:28.204301,344028.36,6281096.68
PG363,301,BJFW-88,3842,11,15,2025-10-19 22:12:28.204306,344028.36,6281096.68
PG363,301C,BJFV-17,4199,12,16,2025-10-19 22:12:28.204307,344028.36,6281096.68
PG363,G38,THTG-91,5407,12,16,2025-10-19 22:12:28.204308,344028.36,6281096.68
PF1138,F01,SPVV-57,160,0,3,2025-10-19 22:12:30.127848,351420.85,6281599.03
PF1138,F01,SPVW-79,9683,25,60,2025-10-19 22:12:30.127853,351420.85,6281599.03
PF1138,F08,SPVV-69,2369,7,9,2025-10-19 22:12:30.127854,351420.85,6281599.03
PF1138,F08,SPCG-76,6855,17,25,2025-10-19 22:12:30.127855,351420.85,6281599.03
PF1138,F26,SPVV-16,6618,17,25,2025-10-19 22:12:30.127856,351420.85,6281599.03
PF1138,F26,TFTB-24,18388,25,60,2025-10-19 22:12:30.127857,351420.85,6281599.03
PC818,C09,SGPY-65,722,0,4,2025-10-19 22:12:33.569409,359283.57,6302974.395
PC818,C09,SHXF-99,5060,13,19,2025-10-19 22:12:33.569414,359283.57,6302974.395
PC818,C37,SKPP-22,1015,0,4,2025-10-19 22:12:33.569415,359283.57,6302974.395
PB1881,B04,SHXG-90,8346,25,60,2025-10-19 22:12:35.276379,342636.857,6306792.782
PB1881,B04,SJPC-31,10862,25,60,2025-10-19 22:12:35.276384,342636.857,6306792.782
PB1881,214,GCBB-24,3017,5,7,2025-10-19 22:12:35.276385,342636.857,6306792.782
PB1881,214,GCBB-50,9568,25,60,2025-10-19 22:12:35.276386,342636.857,6306792.782
PB1881,272,GCBB-39,1862,6,8,2025-10-19 22:12:35.276387,342636.857,6306792.782
PB1881,272,VFHW-46,9265,25,60,2025-10-19 22:12:35.276388,342636.857,6306792.782
PB1881,B26,FLXS-43,5207,14,20,2025-10-19 22:12:35.276389,342636.857,6306792.782
PB1881,B26,FLXP-69,8908,25,60,2025-10-19 22:12:35.276390,342636.857,6306792.782
PJ1787,J07,VHZZ-40,10607,17,25,2025-10-19 22:12:37.180925,328042.362,6301755.23
PJ1787,J07,VHZX-90,11881,20,28,2025-10-19 22:12:37.180931,328042.362,6301755.23
PI1340,109,FLXV-87,1372,4,6,2025-10-19 22:12:39.080824,334165.167,6290126.449
PI1340,109,TBFW-46,2177,7,9,2025-10-19 22:12:39.080830,334165.167,6290126.449
PG328,229,RYJG-97,5333,13,17,2025-10-19 22:12:40.475391,347213.493,6286821.972
PG328,229,LXWT-90,12000,25,60,2025-10-19 22:12:40.475396,347213.493,6286821.972
PG328,302,BJFV-73,1947,8,10,2025-10-19 22:12:40.475397,347213.493,6286821.972
PG328,302,FLXK-94,4923,13,19,2025-10-19 22:12:40.475398,347213.493,6286821.972
PG328,E18,BJFW-19,252,0,4,2025-10-19 22:12:40.475399,347213.493,6286821.972
PI1640,101,PFYR-67,5683,14,20,2025-10-19 22:12:42.220956,339130.777,6291706.733
PI1640,101,PFYT-10,13486,25,60,2025-10-19 22:12:42.220961,339130.777,6291706.733
PI1640,I26,PFVC-59,5572,14,20,2025-10-19 22:12:42.220962,339130.777,6291706.733
PI1640,I26,PFYS-31,14835,25,60,2025-10-19 22:12:42.220963,339130.777,6291706.733
PG1439,G23,SFWB-42,1362,4,6,2025-10-19 22:12:46.148948,344727.972,6282810.789
PG17,201,FLXZ-96,3407,9,13,2025-10-19 22:12:48.191368,343962.53,6285185.129
PG17,201,GCBB-82,5103,13,19,2025-10-19 22:12:48.191373,343962.53,6285185.129
PG17,211,TBLT-54,1,0,3,2025-10-19 22:12:48.191374,343962.53,6285185.129
PG17,211,TBYY-74,7539,14,20,2025-10-19 22:12:48.191375,343962.53,6285185.129
PG17,G05,SFPF-99,2256,6,8,2025-10-19 22:12:48.191376,343962.53,6285185.129
PB1099,109,FLXW-21,3944,8,10,2025-10-19 22:12:50.169737,338580.209,6302959.322
PB1099,109,TBFV-98,8765,25,60,2025-10-19 22:12:50.169742,338580.209,6302959.322
PB1099,B09,SHCY-32,142,0,3,2025-10-19 22:12:50.169743,338580.209,6302959.322
PB1099,B09,SHCY-39,14518,25,60,2025-10-19 22:12:50.169744,338580.209,6302959.322
PJ1836,428,SHCY-54,3798,8,12,2025-10-19 22:12:52.197847,334809.0,6299551.0
PJ1836,428,SHCY-29,6147,16,22,2025-10-19 22:12:52.197851,334809.0,6299551.0
PJ1836,555,TBFX-58,5023,14,20,2025-10-19 22:12:52.197853,334809.0,6299551.0
PJ1836,422,GCBD-65,237,0,3,2025-10-19 22:12:52.197854,334809.0,6299551.0
PA121,204,VFPC-66,971,0,4,2025-10-19 22:12:53.723931,347609.52,6296831.875
PB10,107,PGBZ-16,2785,8,10,2025-10-19 22:12:55.429448,346592.333,6303623.843
PB10,101,PFYR-76,2023,5,7,2025-10-19 22:12:55.429454,346592.333,6303623.843
PH154,203,SRTG-97,522,0,3,2025-10-19 22:12:57.404349,347755.44,6291875.81
PH154,203,LXWT-82,10927,25,60,2025-10-19 22:12:57.404355,347755.44,6291875.81
PH154,206,SFWZ-74,2041,0,5,2025-10-19 22:12:57.404357,347755.44,6291875.81
PH154,206,LZPT-39,8288,16,24,2025-10-19 22:12:57.404359,347755.44,6291875.81
PB153,116,LCPW-36,3645,10,14,2025-10-19 22:12:59.950325,347484.833,6300656.917
PB153,B15,SPCG-97,1,0,3,2025-10-19 22:12:59.950330,347484.833,6300656.917
PB153,B15,SPCG-49,6243,14,20,2025-10-19 22:12:59.950331,347484.833,6300656.917
PB1335,301,BJFS-57,1605,9,13,2025-10-19 22:13:01.672487,344020.851,6302335.542
PB1335,301,BJFV-27,7223,25,60,2025-10-19 22:13:01.672493,344020.851,6302335.542
PB1335,B17,SHXF-83,5264,12,16,2025-10-19 22:13:01.672494,344020.851,6302335.542
PB1335,B17,SJTD-57,6080,18,26,2025-10-19 22:13:01.672495,344020.851,6302335.542
PB1335,B26,FLXP-69,2723,10,14,2025-10-19 22:13:01.672496,344020.851,6302335.542
PB1335,B26,FLXP-79,4869,16,24,2025-10-19 22:13:01.672497,344020.851,6302335.542
PG317,228,THTF-98,1136,0,4,2025-10-19 22:13:03.171980,346544.298,6286592.936
PG317,228,THTH-21,10532,25,60,2025-10-19 22:13:03.171985,346544.298,6286592.936
PI98,108,PGPT-44,7218,21,29,2025-10-19 22:13:04.875643,335122.932,6289843.507
PI98,419,PFYS-90,4746,13,19,2025-10-19 22:13:04.875649,335122.932,6289843.507
PD1243,D17,PFZK-78,3416,12,16,2025-10-19 22:13:06.812911,354738.669,6292351.965
PD1243,D17,PGBS-47,14826,25,60,2025-10-19 22:13:06.812916,354738.669,6292351.965
PD1243,D17V,PFZK-89,1584,8,10,2025-10-19 22:13:06.812917,354738.669,6292351.965
PD1243,D17V,PGRZ-64,15557,25,60,2025-10-19 22:13:06.812918,354738.669,6292351.965
PH696,321,FLXJ-29,1,0,3,2025-10-19 22:13:12.382197,344084.661,6289267.195
PH779,E04,VKJX-74,1849,0,5,2025-10-19 22:13:14.269901,348690.442,6291346.67
PH779,E04,VKJZ-62,7349,16,24,2025-10-19 22:13:14.269906,348690.442,6291346.67
PC1224,409,SKWD-68,7086,13,17,2025-10-19 22:13:16.251747,355110.81,6303987.59
PC1224,409,SKWD-83,9000,18,26,2025-10-19 22:13:16.251751,355110.81,6303987.59
PC1224,411,SPBS-42,114,0,3,2025-10-19 22:13:16.251753,355110.81,6303987.59
PC1224,286,SHXG-74,10064,19,27,2025-10-19 22:13:16.251754,355110.81,6303987.59
PC1224,286,SCRZ-39,22972,25,60,2025-10-19 22:13:16.251755,355110.81,6303987.59
PE239,E01,VKJY-93,5232,16,22,2025-10-19 22:13:20.146902,351040.816,6286135.934
PE239,226,VFPD-41,640,0,4,2025-10-19 22:13:20.146923,351040.816,6286135.934
PE239,226,VFPZ-97,1313,5,7,2025-10-19 22:13:20.146924,351040.816,6286135.934
PJ1665,505,VHXK-11,1049,0,4,2025-10-19 22:13:21.931941,337532.191,6301523.854
PI464,I02,FLXY-98,1,0,3,2025-10-19 22:13:23.935951,335092.693,6289856.855
PI111,348,VHSZ-38,6314,12,18,2025-10-19 22:13:26.075572,338307.08,6290734.455
PI111,I03,FLXG-10,14,0,3,2025-10-19 22:13:26.075577,338307.08,6290734.455
PI111,I03,FLXL-40,1639,5,7,2025-10-19 22:13:26.075578,338307.08,6290734.455
PI111,110,GCBC-68,5917,13,19,2025-10-19 22:13:26.075579,338307.08,6290734.455
PI111,110,TBFT-30,16167,25,60,2025-10-19 22:13:26.075580,338307.08,6290734.455
PB2132,B20,LXDJ-10,3920,19,27,2025-10-19 22:13:27.981655,335962.0,6301915.0
PB2132,B20,LXDH-98,11666,25,60,2025-10-19 22:13:27.981659,335962.0,6301915.0
PG183,207,LZPT-75,12211,25,60,2025-10-19 22:13:29.471589,349104.473,6279018.978
PG183,207,LZRB-87,21175,25,60,2025-10-19 22:13:29.471594,349104.473,6279018.978
PG877,G05,SFPF-99,3139,7,9,2025-10-19 22:13:31.157463,344094.702,6284323.997
PG877,G35,SFGY-13,1955,6,8,2025-10-19 22:13:31.157468,344094.702,6284323.997
PG877,G35,SDSW-86,10557,25,60,2025-10-19 22:13:31.157469,344094.702,6284323.997
PD43,114,SRPK-75,8492,19,27,2025-10-19 22:13:33.064391,350751.654,6294968.717
PD43,103,SPBF-31,57,0,3,2025-10-19 22:13:33.064396,350751.654,6294968.717
PD43,103,SPBP-94,4847,11,15,2025-10-19 22:13:33.064397,350751.654,6294968.717
PD43,117,PGBY-70,957,5,7,2025-10-19 22:13:33.064398,350751.654,6294968.717
PD43,117,PFYC-21,4459,25,60,2025-10-19 22:13:33.064399,350751.654,6294968.717
PA88,B24,TXZH-35,3286,11,15,2025-10-19 22:13:34.729277,346708.207,6299420.975
PA88,B24,SJTD-65,9629,25,60,2025-10-19 22:13:34.729282,346708.207,6299420.975
PA88,B02,FLXR-83,211,0,4,2025-10-19 22:13:34.729283,346708.207,6299420.975
PA88,B02,FLXR-79,8552,25,60,2025-10-19 22:13:34.729284,346708.207,6299420.975
PA88,116,LCPW-36,5297,13,17,2025-10-19 22:13:34.729285,346708.207,6299420.975
PA88,402,PFTW-50,5670,18,26,2025-10-19 22:13:34.729286,346708.207,6299420.975
PA88,402,SKPK-42,9912,25,60,2025-10-19 22:13:34.729287,346708.207,6299420.975
PA88,214,GCBB-61,742,0,4,2025-10-19 22:13:34.729288,346708.207,6299420.975
PA88,214,GCBB-70,9318,25,60,2025-10-19 22:13:34.729289,346708.207,6299420.975
PA88,230,GCBB-77,2107,7,9,2025-10-19 22:13:34.729290,346708.207,6299420.975
PA88,230,GCBB-38,6655,19,27,2025-10-19 22:13:34.729291,346708.207,6299420.975
PA88,203,SRTK-46,1,0,3,2025-10-19 22:13:34.729292,346708.207,6299420.975
PA88,203,LZPS-18,3770,10,14,2025-10-19 22:13:34.729293,346708.207,6299420.975
PA88,208,SRTH-17,1,0,4,2025-10-19 22:13:34.729294,346708.207,6299420.975
PA88,208,SRTK-14,4073,8,10,2025-10-19 22:13:34.729295,346708.207,6299420.975
PA147,227,VFPJ-31,6347,14,20,2025-10-19 22:13:36.702799,347427.664,6295100.534
PA147,227,VFPG-48,10546,25,60,2025-10-19 22:13:36.702804,347427.664,6295100.534
PA147,207,SFWB-75,307,0,3,2025-10-19 22:13:36.702805,347427.664,6295100.534
PA147,207,SRTK-32,787,0,4,2025-10-19 22:13:36.702806,347427.664,6295100.534
PA147,209,SDGY-40,4457,10,14,2025-10-19 22:13:36.702807,347427.664,6295100.534
PA147,209,SVPX-55,7188,17,23,2025-10-19 22:13:36.702808,347427.664,6295100.534
PA147,205,VFPL-88,983,0,3,2025-10-19 22:13:36.702809,347427.664,6295100.534
PA147,205,VFRB-68,11805,25,60,2025-10-19 22:13:36.702810,347427.664,6295100.534
PC651,C03,LWTK-55,6667,17,25,2025-10-19 22:13:38.548441,353231.237,6304467.376
PC651,C03,SKDF-78,13472,25,60,2025-10-19 22:13:38.548446,353231.237,6304467.376
PC651,712,LCTG-44,4620,9,13,2025-10-19 22:13:38.548447,353231.237,6304467.376
PC651,712,SHCX-33,17725,25,60,2025-10-19 22:13:38.548448,353231.237,6304467.376
PI973,I18,VHTB-67,766,0,4,2025-10-19 22:13:40.468309,333936.487,6290849.946
PI973,348,FLXZ-35,2237,5,7,2025-10-19 22:13:40.468314,333936.487,6290849.946
PF69,204,VFRG-35,5011,12,16,2025-10-19 22:13:44.494821,351701.757,6284567.451
PJ1671,510,TBFT-27,5641,14,20,2025-10-19 22:13:46.497300,337035.111,6295764.951
PJ1671,510,TBFR-95,12115,25,60,2025-10-19 22:13:46.497305,337035.111,6295764.951
PJ1671,516,TBFX-43,7527,19,27,2025-10-19 22:13:46.497307,337035.111,6295764.951
PJ1671,516,GCBC-39,11516,25,60,2025-10-19 22:13:46.497308,337035.111,6295764.951
PD1265,D18,SVDD-11,1397,4,6,2025-10-19 22:13:48.435956,352451.323,6298149.72
PD1265,D18,SVDD-18,10785,25,60,2025-10-19 22:13:48.435961,352451.323,6298149.72
PJ159,402,SKPK-44,3562,11,15,2025-10-19 22:13:50.492886,336041.458,6298325.153
PJ159,402,SJPD-71,11088,25,60,2025-10-19 22:13:50.492891,336041.458,6298325.153
PJ159,406,GCBC-98,2896,10,14,2025-10-19 22:13:50.492892,336041.458,6298325.153
PJ159,406,GCBD-64,4035,13,19,2025-10-19 22:13:50.492892,336041.458,6298325.153
PJ159,407,GCBD-20,4403,11,15,2025-10-19 22:13:50.492893,336041.458,6298325.153
PJ159,407,PFXC-43,7855,20,28,2025-10-19 22:13:50.492894,336041.458,6298325.153
PJ159,422,TBFW-31,8228,19,27,2025-10-19 22:13:50.492895,336041.458,6298325.153
PJ159,422,PFXB-49,10718,25,60,2025-10-19 22:13:50.492896,336041.458,6298325.153
PJ159,426,FLXD-54,3729,11,15,2025-10-19 22:13:50.492897,336041.458,6298325.153
PJ159,426,BJFD-66,11702,25,60,2025-10-19 22:13:50.492898,336041.458,6298325.153
PD399,418,SKPL-36,5451,25,60,2025-10-19 22:13:52.427923,355377.907,6297062.593
PD399,429,SLGS-99,984,0,3,2025-10-19 22:13:52.427929,355377.907,6297062.593
PE279,E08,VKJZ-36,4589,13,17,2025-10-19 22:13:54.480505,355103.875,6285584.36
PE279,E11,VKJZ-33,907,0,4,2025-10-19 22:13:54.480511,355103.875,6285584.36
PE279,E11,VKJX-23,9465,25,60,2025-10-19 22:13:54.480512,355103.875,6285584.36
PD196,210,VFPZ-98,4628,10,14,2025-10-19 22:13:56.452511,349900.0,6292245.0
PD196,210,VFRF-65,9128,21,29,2025-10-19 22:13:56.452516,349900.0,6292245.0
PD196,210V,VGBX-29,5573,10,14,2025-10-19 22:13:56.452517,349900.0,6292245.0
PD196,210V,VFPW-63,14226,25,60,2025-10-19 22:13:56.452518,349900.0,6292245.0
PJ522,508,GCBC-46,1832,0,4,2025-10-19 22:14:00.332955,338243.759,6300486.6
PJ522,508,FLXJ-43,2908,6,8,2025-10-19 22:14:00.332960,338243.759,6300486.6
PJ522,J03,GCBC-67,627,0,3,2025-10-19 22:14:00.332962,338243.759,6300486.6
PJ522,J03,PFXC-32,9797,25,60,2025-10-19 22:14:00.332962,338243.759,6300486.6
PJ522,J16,TBFW-18,1980,4,6,2025-10-19 22:14:00.332963,338243.759,6300486.6
PJ522,J16,TBFX-45,14602,25,60,2025-10-19 22:14:00.332964,338243.759,6300486.6
PC128,C05,LWTK-51,592,0,3,2025-10-19 22:14:02.486320,355495.963,6299954.172
PC128,C05,LWTK-54,9735,25,60,2025-10-19 22:14:02.486325,355495.963,6299954.172
PC128,517,VJJV-38,1162,0,4,2025-10-19 22:14:02.486326,355495.963,6299954.172
PC128,517,VHZZ-11,6046,18,26,2025-10-19 22:14:02.486327,355495.963,6299954.172
PC128,225,SFWB-68,450,0,3,2025-10-19 22:14:02.486328,355495.963,6299954.172
PC128,225,GCBC-25,6193,13,17,2025-10-19 22:14:02.486328,355495.963,6299954.172
PC128,501,TBFW-77,1202,4,6,2025-10-19 22:14:02.486329,355495.963,6299954.172
PC128,504,GCBD-91,1768,5,7,2025-10-19 22:14:02.486330,355495.963,6299954.172
PG1452,G38,THTG-91,11234,25,60,2025-10-19 22:14:04.418040,342699.73,6278231.2
PG1452,G08,THTF-71,2308,5,7,2025-10-19 22:14:04.418045,342699.73,6278231.2
PG1452,G08,THTG-77,3565,8,10,2025-10-19 22:14:04.418046,342699.73,6278231.2
PI185,109,FLXV-87,1,0,3,2025-10-19 22:14:06.521882,334270.183,6291027.288
PI185,109,TBFW-46,945,0,4,2025-10-19 22:14:06.521888,334270.183,6291027.288
PC1109,C06,LWTK-60,81,0,3,2025-10-19 22:14:08.533610,355738.897,6301275.228
PC1109,C06,SKDJ-75,247,0,3,2025-10-19 22:14:08.533615,355738.897,6301275.228
PC1109,D11,SVDD-76,6831,16,24,2025-10-19 22:14:08.533616,355738.897,6301275.228
PC1109,503,VGTZ-70,283,0,3,2025-10-19 22:14:08.533617,355738.897,6301275.228
PC1109,503,VHLS-88,4111,12,16,2025-10-19 22:14:08.533617,355738.897,6301275.228
PC1109,225,SFWB-84,17247,25,60,2025-10-19 22:14:08.533618,355738.897,6301275.228
PC1109,225,SFWZ-45,24135,25,60,2025-10-19 22:14:08.533619,355738.897,6301275.228
PC1109,722,STHJ-72,209,0,3,2025-10-19 22:14:08.533620,355738.897,6301275.228
PC1109,722,STGZ-85,7126,18,26,2025-10-19 22:14:08.533621,355738.897,6301275.228
PB48,B15,SPCG-49,1183,4,6,2025-10-19 22:14:09.956782,348546.513,6302935.949
PB48,101,PGPT-56,4588,11,15,2025-10-19 22:14:09.956788,348546.513,6302935.949
PB48,101,PFYS-25,8895,20,28,2025-10-19 22:14:09.956789,348546.513,6302935.949
PB850,214,GCBB-70,3101,8,10,2025-10-19 22:14:11.919799,343909.155,6303337.299
PB850,B26,FLXP-68,4596,10,14,2025-10-19 22:14:11.919805,343909.155,6303337.299
PB850,B04,SHCX-27,2912,8,10,2025-10-19 22:14:11.919806,343909.155,6303337.299
PG1193,G14,FLXD-13,3864,9,11,2025-10-19 22:14:13.962971,343239.909,6283407.909
PG1193,G14,FLXP-15,9808,25,60,2025-10-19 22:14:13.962976,343239.909,6283407.909
PG1193,G23,SFWB-42,2432,8,10,2025-10-19 22:14:13.962977,343239.909,6283407.909
PG1193,G39,SDSW-55,5959,18,26,2025-10-19 22:14:13.962978,343239.909,6283407.909
PG1193,G39,SHCV-41,6513,20,28,2025-10-19 22:14:13.962979,343239.909,6283407.909
PC35,104,SKWD-86,1517,0,4,2025-10-19 22:14:15.875522,350846.744,6300568.148
PC35,104,SKWD-47,5117,16,22,2025-10-19 22:14:15.875526,350846.744,6300568.148
PC35,212,SRTK-16,2513,8,12,2025-10-19 22:14:15.875527,350846.744,6300568.148
PC35,212,SRTK-26,19214,25,60,2025-10-19 22:14:15.875529,350846.744,6300568.148
PJ1668,J07E,VJJR-56,9186,25,60,2025-10-19 22:14:17.860126,335824.952,6300059.191
PJ1668,J07E,VJJW-88,15724,25,60,2025-10-19 22:14:17.860131,335824.952,6300059.191
PJ1668,508,GCBC-46,5168,12,16,2025-10-19 22:14:17.860132,335824.952,6300059.191
PJ1668,508,FLXJ-43,6222,14,20,2025-10-19 22:14:17.860133,335824.952,6300059.191
PJ1668,422,TBFX-38,1539,6,8,2025-10-19 22:14:17.860134,335824.952,6300059.191
PJ1668,422,TBFW-31,10112,25,60,2025-10-19 22:14:17.860135,335824.952,6300059.191
PJ1668,412,PFTW-19,1964,5,7,2025-10-19 22:14:17.860136,335824.952,6300059.191
PJ1668,412,PFTW-39,5376,17,23,2025-10-19 22:14:17.860136,335824.952,6300059.191
PJ1668,418,SHXD-75,2089,6,8,2025-10-19 22:14:17.860137,335824.952,6300059.191
PJ1668,418,PFYC-60,9252,25,60,2025-10-19 22:14:17.860138,335824.952,6300059.191
PJ1668,J07,VJBB-61,2539,6,8,2025-10-19 22:14:17.860139,335824.952,6300059.191
PJ1668,J07,VJBB-21,15318,25,60,2025-10-19 22:14:17.860140,335824.952,6300059.191
PE734,E11,VKJX-23,6269,25,60,2025-10-19 22:14:19.473742,352537.401,6285372.221
PF940,209,SDGY-11,1,0,3,2025-10-19 22:14:21.246837,350675.43,6277808.4
PI1183,385,FLXL-68,5818,15,21,2025-10-19 22:14:23.011311,342981.663,6294788.843
PI1183,385,VHSY-15,12268,25,60,2025-10-19 22:14:23.011317,342981.663,6294788.843
PI938,I04,FLXF-62,9916,25,60,2025-10-19 22:14:24.397505,339336.362,6291292.216
PG688,G01,THTF-47,353,0,3,2025-10-19 22:14:30.211946,343381.409,6286229.185
PG688,G01,THTD-29,3458,9,13,2025-10-19 22:14:30.211952,343381.409,6286229.185
PI529,108,PGPT-44,3319,8,10,2025-10-19 22:14:32.352370,334202.567,6287339.25
PI529,419,PFYS-90,1072,0,3,2025-10-19 22:14:32.352375,334202.567,6287339.25
PI529,506,GCBD-99,2575,9,13,2025-10-19 22:14:32.352376,334202.567,6287339.25
PB1074,B24,STHD-35,3709,9,13,2025-10-19 22:14:34.270597,342700.167,6302570.595
PB1074,B24,TXZH-35,12337,25,60,2025-10-19 22:14:34.270602,342700.167,6302570.595
PE634,325,VFJT-26,2599,9,13,2025-10-19 22:14:38.157866,350911.329,6285550.125
PE99,E13,VFJP-53,2075,5,7,2025-10-19 22:14:42.028688,351131.174,6288164.322
PE99,204,VFPS-74,1337,0,4,2025-10-19 22:14:42.028694,351131.174,6288164.322
PE99,204,VFRG-35,8380,19,27,2025-10-19 22:14:42.028695,351131.174,6288164.322
PE99,224,VFPV-93,1264,0,4,2025-10-19 22:14:42.028696,351131.174,6288164.322
PH85,125,FLXJ-11,2540,7,9,2025-10-19 22:14:43.630790,342917.96,6291270.508
PH85,H03,FLXF-56,3970,11,15,2025-10-19 22:14:43.630795,342917.96,6291270.508
PH85,105,SJPD-99,179,0,3,2025-10-19 22:14:43.630796,342917.96,6291270.508
PB1437,B22,SPCG-72,8572,25,60,2025-10-19 22:14:45.476270,346300.233,6303810.24
PB2120,B20,LXDJ-10,3074,17,25,2025-10-19 22:14:47.389504,336249.0,6302282.0
PB2120,B20,LXDH-98,10359,25,60,2025-10-19 22:14:47.389509,336249.0,6302282.0
PB468,430,SHXG-39,2365,0,5,2025-10-19 22:14:51.316850,341109.25,6306235.344
PB468,435,SLGT-13,2282,0,5,2025-10-19 22:14:51.316855,341109.25,6306235.344
PB468,315E,VHSX-72,6138,16,22,2025-10-19 22:14:51.316856,341109.25,6306235.344
PB468,B18,STHB-36,1906,0,4,2025-10-19 22:14:51.316857,341109.25,6306235.344
PB468,B11,SKDF-95,4861,13,17,2025-10-19 22:14:51.316858,341109.25,6306235.344
PB468,425,SHCY-20,2529,7,9,2025-10-19 22:14:51.316859,341109.25,6306235.344
PB468,425,SGPY-78,4136,13,19,2025-10-19 22:14:51.316859,341109.25,6306235.344
PB468,428,SKPH-81,1892,7,9,2025-10-19 22:14:51.316860,341109.25,6306235.344
PB468,428,SJPD-56,4363,13,19,2025-10-19 22:14:51.316861,341109.25,6306235.344
PB468,308,FLXH-96,3888,17,23,2025-10-19 22:14:51.316862,341109.25,6306235.344
PB468,314,TWPD-79,2622,7,9,2025-10-19 22:14:51.316863,341109.25,6306235.344
PH1540,385,FLXG-62,1211,0,5,2025-10-19 22:14:53.204127,349175.211,6292536.743
PH1540,385,FLXL-70,3465,10,14,2025-10-19 22:14:53.204133,349175.211,6292536.743
PD279,225,SFWB-84,4355,8,12,2025-10-19 22:14:56.551423,353258.282,6293775.003
PD279,225,SFWZ-45,11389,25,60,2025-10-19 22:14:56.551429,353258.282,6293775.003
PD279,712,SHCX-33,5705,12,18,2025-10-19 22:14:56.551431,353258.282,6293775.003
PD279,712,TFYL-48,6594,15,21,2025-10-19 22:14:56.551432,353258.282,6293775.003
PI1439,I25,FLXF-69,1960,6,8,2025-10-19 22:14:58.474478,340990.785,6293548.341
PI1439,I18,VHSY-18,5018,11,15,2025-10-19 22:14:58.474485,340990.785,6293548.341
PI1439,I18,VHSX-66,7094,17,25,2025-10-19 22:14:58.474486,340990.785,6293548.341
PI1142,I25,FLXF-69,8505,21,29,2025-10-19 22:15:00.403007,340157.659,6294271.293
PD1285,D18,SVDB-99,4633,11,15,2025-10-19 22:15:02.379588,355941.34,6298885.372
PD1285,412,PFVG-92,10048,25,60,2025-10-19 22:15:02.379594,355941.34,6298885.372
PD1285,412,PGBY-73,18775,25,60,2025-10-19 22:15:02.379595,355941.34,6298885.372
PC493,501,TBFW-77,5258,12,18,2025-10-19 22:15:04.303802,351217.37,6299143.3
PC493,504,GCBC-52,2304,6,8,2025-10-19 22:15:04.303807,351217.37,6299143.3
PC493,504,GCBD-91,5652,13,17,2025-10-19 22:15:04.303809,351217.37,6299143.3
PC493,518,TBFP-85,5528,14,20,2025-10-19 22:15:04.303809,351217.37,6299143.3
PB1533,G08V,FLXV-15,1340,0,4,2025-10-19 22:15:06.178930,343454.151,6282344.118
PB1533,G08V,FLXV-32,4381,0,4,2025-10-19 22:15:06.178935,343454.151,6282344.118
PB424,303,FLXF-75,4546,8,10,2025-10-19 22:15:11.401402,343778.04,6301984.59
PB424,307,TWPD-30,8368,14,20,2025-10-19 22:15:11.401407,343778.04,6301984.59
PE12,712,SJPF-90,7379,16,22,2025-10-19 22:15:13.236301,353611.132,6289008.346
PE12,712,SHXG-95,11540,25,60,2025-10-19 22:15:13.236306,353611.132,6289008.346
PE12,104,SKWD-67,1375,6,8,2025-10-19 22:15:13.236307,353611.132,6289008.346
PE12,104,SKWD-26,5304,17,25,2025-10-19 22:15:13.236308,353611.132,6289008.346
PE12,114,SRSC-81,1249,0,5,2025-10-19 22:15:13.236308,353611.132,6289008.346
PE12,114,SRRY-79,6962,18,26,2025-10-19 22:15:13.236309,353611.132,6289008.346
PE12,102,SPZX-59,21,0,3,2025-10-19 22:15:13.236310,353611.132,6289008.346
PE12,102,SRVG-70,4383,12,16,2025-10-19 22:15:13.236311,353611.132,6289008.346
PA449,510,TBFR-57,3666,8,12,2025-10-19 22:15:14.706270,346529.54,6296529.0
PA449,510,TBFR-49,9902,25,60,2025-10-19 22:15:14.706275,346529.54,6296529.0
PA449,506Y2,TBFX-67,2634,6,8,2025-10-19 22:15:14.706276,346529.54,6296529.0
PA449,506,GCBC-94,5661,14,20,2025-10-19 22:15:14.706277,346529.54,6296529.0
PA449,506,GCBC-42,8652,21,29,2025-10-19 22:15:14.706277,346529.54,6296529.0
PA449,506V,TBFT-69,333,0,3,2025-10-19 22:15:14.706278,346529.54,6296529.0
PA449,506V,SZZY-69,9473,20,28,2025-10-19 22:15:14.706279,346529.54,6296529.0
PA449,507,TBFR-44,2067,5,7,2025-10-19 22:15:14.706280,346529.54,6296529.0
PA449,507,TBFW-83,9495,25,60,2025-10-19 22:15:14.706281,346529.54,6296529.0
PJ468,J16,TBFX-45,11262,25,60,2025-10-19 22:15:17.373730,339197.531,6301451.638
PJ468,J16,TBFS-62,20926,25,60,2025-10-19 22:15:17.373735,339197.531,6301451.638
PG939,G08,THTD-89,2954,7,9,2025-10-19 22:15:19.334980,343625.416,6282225.707
PJ1753,B09,SHCY-39,6402,25,60,2025-10-19 22:15:21.301825,341770.614,6301950.002
PJ1753,B28,STHF-15,1055,0,4,2025-10-19 22:15:21.301831,341770.614,6301950.002
PJ1753,J01,PFXB-41,4248,13,17,2025-10-19 22:15:21.301832,341770.614,6301950.002
PJ1753,J01,FDJX-82,8266,25,60,2025-10-19 22:15:21.301833,341770.614,6301950.002
PJ1753,J16,TBFS-62,2022,0,5,2025-10-19 22:15:21.301834,341770.614,6301950.002
PD1393,D26,PGTV-30,3479,8,10,2025-10-19 22:15:22.963528,356717.36,6290837.7
PD1393,D26,PGLD-70,10263,25,60,2025-10-19 22:15:22.963533,356717.36,6290837.7
PA19,511,TBFP-92,562,0,3,2025-10-19 22:15:26.643042,346444.495,6295354.669
PA19,511,TBFX-13,11798,25,60,2025-10-19 22:15:26.643047,346444.495,6295354.669
PA19,115,GCBD-75,2559,7,9,2025-10-19 22:15:26.643048,346444.495,6295354.669
PA19,115,TBFT-60,15614,25,60,2025-10-19 22:15:26.643049,346444.495,6295354.669
PA19,113,FLXY-60,4395,12,16,2025-10-19 22:15:26.643050,346444.495,6295354.669
PA19,113,FLXW-85,15588,25,60,2025-10-19 22:15:26.643051,346444.495,6295354.669
PA19,H07,BJFT-72,5844,12,16,2025-10-19 22:15:26.643052,346444.495,6295354.669
PA19,I01,FLXJ-22,3316,8,10,2025-10-19 22:15:26.643053,346444.495,6295354.669
PA19,I01,FLXL-57,7501,16,22,2025-10-19 22:15:26.643054,346444.495,6295354.669
PG1221,F03,SRPJ-74,4083,9,13,2025-10-19 22:15:30.490824,341333.89,6282265.845
PG1221,F03,SPVT-88,16725,25,60,2025-10-19 22:15:30.490829,341333.89,6282265.845
PG1221,G09,SFGY-66,3462,9,13,2025-10-19 22:15:30.490831,341333.89,6282265.845
PG1221,G09,SDSW-73,3677,9,13,2025-10-19 22:15:30.490832,341333.89,6282265.845
PC654,C03,LWTK-55,7596,19,27,2025-10-19 22:15:32.404540,353828.255,6305540.69
PC654,C03,SKDF-78,14410,25,60,2025-10-19 22:15:32.404545,353828.255,6305540.69
PA340,412,PGBY-73,5528,17,25,2025-10-19 22:15:34.372947,346955.878,6298376.318
PA340,412,PFZK-83,15756,25,60,2025-10-19 22:15:34.372952,346955.878,6298376.318
PA340,418,PFTW-49,267,0,3,2025-10-19 22:15:34.372953,346955.878,6298376.318
PA340,418,PFTW-57,7857,17,25,2025-10-19 22:15:34.372954,346955.878,6298376.318
PA340,401,PFVD-37,9520,21,29,2025-10-19 22:15:34.372955,346955.878,6298376.318
PA340,421,PGPT-34,6102,15,21,2025-10-19 22:15:34.372956,346955.878,6298376.318
PA340,421,PFYS-94,18737,25,60,2025-10-19 22:15:34.372957,346955.878,6298376.318
PA340,407,TBFW-40,840,0,5,2025-10-19 22:15:34.372958,346955.878,6298376.318
PA340,407,TBFT-63,12080,25,60,2025-10-19 22:15:34.372959,346955.878,6298376.318
PI751,J19,VGVG-35,382,0,3,2025-10-19 22:15:36.410623,338916.547,6297059.171
PI751,111,FLXW-82,3787,14,20,2025-10-19 22:15:36.410628,338916.547,6297059.171
PI751,111,FLXW-97,9975,25,60,2025-10-19 22:15:36.410630,338916.547,6297059.171
PI751,514,FLXX-39,4681,11,15,2025-10-19 22:15:36.410631,338916.547,6297059.171
PI751,514,FLXS-79,7567,17,25,2025-10-19 22:15:36.410632,338916.547,6297059.171
PI751,J08,PFWZ-68,342,0,3,2025-10-19 22:15:36.410633,338916.547,6297059.171
PI751,J08,PFXB-59,8160,17,25,2025-10-19 22:15:36.410634,338916.547,6297059.171
PI751,J11,TBFR-39,9072,14,20,2025-10-19 22:15:36.410635,338916.547,6297059.171
PI751,J17,TBFW-13,4414,10,14,2025-10-19 22:15:36.410636,338916.547,6297059.171
PH358,H12,CJRW-11,96,0,3,2025-10-19 22:15:38.321726,341906.538,6288366.207
PH358,G09,SFPF-90,3009,8,10,2025-10-19 22:15:38.321732,341906.538,6288366.207
PH358,G09,SHCV-38,10575,25,60,2025-10-19 22:15:38.321734,341906.538,6288366.207
PH358,223,SCRZ-20,4246,11,15,2025-10-19 22:15:38.321735,341906.538,6288366.207
PH358,223,SFGY-87,11475,25,60,2025-10-19 22:15:38.321736,341906.538,6288366.207
PH358,121,FLXF-97,7085,25,60,2025-10-19 22:15:38.321737,341906.538,6288366.207
PH358,121,FLXK-54,8083,25,60,2025-10-19 22:15:38.321738,341906.538,6288366.207
PH358,329,FLXR-21,3343,9,11,2025-10-19 22:15:38.321739,341906.538,6288366.207
PG1239,G15,THTD-86,1163,5,7,2025-10-19 22:15:39.753701,345972.346,6285163.399
PG1239,F20,SPZX-95,2182,8,10,2025-10-19 22:15:39.753705,345972.346,6285163.399
PH1508,I05,VHTB-73,11447,25,60,2025-10-19 22:15:41.677493,343452.255,6290423.252
PI1568,506V,PFXC-39,3418,12,16,2025-10-19 22:15:43.634676,336020.464,6286417.291
PI1568,506V,FLXV-66,3942,13,17,2025-10-19 22:15:43.634681,336020.464,6286417.291
PF873,F06,SRVF-90,887,0,5,2025-10-19 22:15:47.477638,350779.326,6282218.986
PF873,F06,FLXS-39,10859,25,60,2025-10-19 22:15:47.477644,350779.326,6282218.986
PG1641,G07,THTF-21,1459,0,3,2025-10-19 22:15:49.434369,341126.234,6276631.978
PD1452,103,SPBF-69,5899,13,19,2025-10-19 22:15:51.499564,354922.48,6291625.83
PD1452,103,PGBY-38,10273,25,60,2025-10-19 22:15:51.499569,354922.48,6291625.83
PD1452,D26,SPBS-54,137,0,3,2025-10-19 22:15:51.499571,354922.48,6291625.83
PD1452,D26,SPBP-30,2871,7,9,2025-10-19 22:15:51.499572,354922.48,6291625.83
PD1452,107,PGRZ-74,5086,12,16,2025-10-19 22:15:51.499573,354922.48,6291625.83
PD1452,107,PGTC-60,11565,25,60,2025-10-19 22:15:51.499574,354922.48,6291625.83
PD1452,117,SPBP-92,9508,25,60,2025-10-19 22:15:51.499575,354922.48,6291625.83
PD1452,117,SPBS-36,13419,25,60,2025-10-19 22:15:51.499576,354922.48,6291625.83
PD1452,D10,SPBL-70,9029,25,60,2025-10-19 22:15:51.499577,354922.48,6291625.83
PD1452,D16,SPBL-65,11237,25,60,2025-10-19 22:15:51.499578,354922.48,6291625.83
PG1441,G38,THTG-12,3515,9,13,2025-10-19 22:15:53.207099,343197.211,6278659.737
PI21,I04,FLXF-62,4806,11,15,2025-10-19 22:15:54.659258,341121.833,6291878.848
PI21,I14,BJFX-24,2330,11,15,2025-10-19 22:15:54.659264,341121.833,6291878.848
PI21,I14,CJRW-25,5742,18,26,2025-10-19 22:15:54.659265,341121.833,6291878.848
PI21,101,PFYR-67,2029,4,6,2025-10-19 22:15:54.659266,341121.833,6291878.848
PI21,101,PFYT-10,9859,25,60,2025-10-19 22:15:54.659267,341121.833,6291878.848
PC906,C11,SKPJ-86,4864,13,19,2025-10-19 22:15:56.639683,352611.176,6301685.543
PC906,C11,SGPY-75,10394,25,60,2025-10-19 22:15:56.639688,352611.176,6301685.543
PC906,C01C,SPBS-53,6821,15,21,2025-10-19 22:15:56.639690,352611.176,6301685.543
PC906,C18,SJPC-33,11393,25,60,2025-10-19 22:15:56.639691,352611.176,6301685.543
PC906,C18,SKPH-71,12673,25,60,2025-10-19 22:15:56.639692,352611.176,6301685.543
PC906,C02,LCPW-30,1308,0,5,2025-10-19 22:15:56.639693,352611.176,6301685.543
PC906,C15,SGPY-88,33,0,3,2025-10-19 22:15:56.639694,352611.176,6301685.543
PC906,C15,SKPJ-87,7107,16,22,2025-10-19 22:15:56.639695,352611.176,6301685.543
PC906,C19,SGPY-64,1,0,3,2025-10-19 22:15:56.639696,352611.176,6301685.543
PC906,C19,SHCV-69,6404,15,21,2025-10-19 22:15:56.639697,352611.176,6301685.543
PC906,C20,SGPY-59,633,0,3,2025-10-19 22:15:56.639698,352611.176,6301685.543
PC906,C20,SGPY-63,670,0,3,2025-10-19 22:15:56.639699,352611.176,6301685.543
PC906,C28,SGPY-24,2184,5,7,2025-10-19 22:15:56.639700,352611.176,6301685.543
PC906,C28,SGPY-76,12217,25,60,2025-10-19 22:15:56.639701,352611.176,6301685.543
PC906,C22,SPCG-70,842,0,3,2025-10-19 22:15:56.639702,352611.176,6301685.543
PH202,209,SDGY-40,1088,0,4,2025-10-19 22:15:58.568283,347633.926,6292926.859
PH202,209,SVPX-55,4095,10,14,2025-10-19 22:15:58.568288,347633.926,6292926.859
PH202,205,VFRB-68,8082,16,24,2025-10-19 22:15:58.568289,347633.926,6292926.859
PH202,205,VGBX-48,15384,25,60,2025-10-19 22:15:58.568290,347633.926,6292926.859
PH202,227,VFPJ-31,3283,7,9,2025-10-19 22:15:58.568291,347633.926,6292926.859
PH202,227,VFPG-48,7635,17,25,2025-10-19 22:15:58.568291,347633.926,6292926.859
PH202,207,TBYY-58,4728,9,11,2025-10-19 22:15:58.568292,347633.926,6292926.859
PC147,412,PGBY-73,6889,25,60,2025-10-19 22:16:00.574163,348460.613,6299196.396
PC147,412,PFZK-83,17348,25,60,2025-10-19 22:16:00.574168,348460.613,6299196.396
PC147,418,PFTW-49,2009,5,7,2025-10-19 22:16:00.574169,348460.613,6299196.396
PC147,418,PFTW-57,9290,21,29,2025-10-19 22:16:00.574170,348460.613,6299196.396
PC147,401,PFVD-37,11029,25,60,2025-10-19 22:16:00.574171,348460.613,6299196.396
PC147,421,PGPT-34,7566,19,27,2025-10-19 22:16:00.574172,348460.613,6299196.396
PC147,421,PFYS-94,20447,25,60,2025-10-19 22:16:00.574172,348460.613,6299196.396
PC147,517,VJJV-98,10541,25,60,2025-10-19 22:16:00.574173,348460.613,6299196.396
PC147,503,VGVC-45,762,0,3,2025-10-19 22:16:00.574174,348460.613,6299196.396
PC147,503,VGTY-85,2603,9,11,2025-10-19 22:16:00.574175,348460.613,6299196.396
PC147,407,TBFW-40,2388,7,9,2025-10-19 22:16:00.574175,348460.613,6299196.396
PC147,407,TBFT-63,13828,25,60,2025-10-19 22:16:00.574176,348460.613,6299196.396
PB125,425,SHCY-20,8227,16,22,2025-10-19 22:16:02.456031,346584.34,6305432.637
PB125,425,SGPY-78,9594,20,28,2025-10-19 22:16:02.456036,346584.34,6305432.637
PB125,435,SLGT-13,8052,13,17,2025-10-19 22:16:02.456038,346584.34,6305432.637
PB125,B43,SJPB-24,2295,0,5,2025-10-19 22:16:02.456038,346584.34,6305432.637
PB125,B43,SJPB-29,9517,20,28,2025-10-19 22:16:02.456039,346584.34,6305432.637
PB125,B16,STHK-13,6307,15,21,2025-10-19 22:16:02.456040,346584.34,6305432.637
PB125,B18,STHB-36,7134,13,17,2025-10-19 22:16:02.456041,346584.34,6305432.637
PB125,B25,FLXP-81,3131,7,9,2025-10-19 22:16:02.456042,346584.34,6305432.637
PB125,B25,FLXS-58,9819,25,60,2025-10-19 22:16:02.456042,346584.34,6305432.637
PB125,B05,SPCG-87,2125,0,5,2025-10-19 22:16:02.456043,346584.34,6305432.637
PD535,511,TBFP-91,160,0,3,2025-10-19 22:16:06.389997,353516.895,6295579.618
PD535,511,TBFW-82,3820,9,13,2025-10-19 22:16:06.390002,353516.895,6295579.618
PD535,516,TBFT-81,7875,20,28,2025-10-19 22:16:06.390003,353516.895,6295579.618
PD535,516,TBFX-40,15991,25,60,2025-10-19 22:16:06.390004,353516.895,6295579.618
PD535,519,RKXL-25,2185,0,5,2025-10-19 22:16:06.390005,353516.895,6295579.618
PD535,506Y,PFXC-76,108,0,3,2025-10-19 22:16:06.390006,353516.895,6295579.618
PD535,506Y,TBFT-92,1973,0,5,2025-10-19 22:16:06.390006,353516.895,6295579.618
PD535,506,TBFT-50,4826,11,15,2025-10-19 22:16:06.390007,353516.895,6295579.618
PD535,506,PFWZ-64,12563,25,60,2025-10-19 22:16:06.390008,353516.895,6295579.618
PD535,506V,GCBD-72,4400,9,13,2025-10-19 22:16:06.390009,353516.895,6295579.618
PD535,506V,TBFR-22,9267,25,60,2025-10-19 22:16:06.390010,353516.895,6295579.618
PD535,507,GCBD-87,4883,12,16,2025-10-19 22:16:06.390010,353516.895,6295579.618
PD535,507,GCBF-13,5277,12,18,2025-10-19 22:16:06.390011,353516.895,6295579.618
PD535,510,TBFP-74,1206,0,5,2025-10-19 22:16:06.390012,353516.895,6295579.618
PD535,510,TBFS-48,5860,14,20,2025-10-19 22:16:06.390013,353516.895,6295579.618
PA218,201,GCBB-21,1,0,3,2025-10-19 22:16:08.322781,346074.3,6298412.96
PA218,201,GCBB-16,4911,15,21,2025-10-19 22:16:08.322796,346074.3,6298412.96
PA218,509,FLXS-65,4217,12,16,2025-10-19 22:16:08.322797,346074.3,6298412.96
PA218,509,FLXX-45,15457,25,60,2025-10-19 22:16:08.322798,346074.3,6298412.96
PI1370,I18,VHTB-67,4896,13,17,2025-10-19 22:16:09.784774,338264.669,6290789.79
PI1370,109,GCBC-53,1963,0,5,2025-10-19 22:16:09.784779,338264.669,6290789.79
PI1370,118,BJFD-43,1431,0,5,2025-10-19 22:16:09.784780,338264.669,6290789.79
PI1370,108,PGPT-44,10441,25,60,2025-10-19 22:16:09.784781,338264.669,6290789.79
PI1370,I04,FLXF-59,1820,0,5,2025-10-19 22:16:09.784782,338264.669,6290789.79
PI1370,I05,VHTB-73,2641,8,10,2025-10-19 22:16:09.784783,338264.669,6290789.79
PG647,G01,THTD-25,4186,10,14,2025-10-19 22:16:13.646102,343774.314,6287156.584
PB770,B02,FLXR-81,11047,25,60,2025-10-19 22:16:15.545141,349510.115,6305645.355
PB770,B02,FLXR-83,11883,25,60,2025-10-19 22:16:15.545147,349510.115,6305645.355
PC559,504,GCBC-52,4991,12,16,2025-10-19 22:16:17.468382,348513.207,6298590.758
PC559,504,GCBD-91,8021,17,25,2025-10-19 22:16:17.468387,348513.207,6298590.758
PJ327,503,VGTW-85,494,0,3,2025-10-19 22:16:19.423013,338628.348,6299751.757
PJ327,503,VGVF-76,5509,12,16,2025-10-19 22:16:19.423018,338628.348,6299751.757
PJ327,504,TBFW-35,1494,0,4,2025-10-19 22:16:19.423019,338628.348,6299751.757
PJ327,507,TBFV-29,2014,0,5,2025-10-19 22:16:19.423020,338628.348,6299751.757
PI563,506,TBFW-38,3995,10,14,2025-10-19 22:16:21.376331,335510.987,6288618.006
PI563,506,TBFR-35,7486,17,25,2025-10-19 22:16:21.376336,335510.987,6288618.006
PI563,506V,TBFW-99,3550,11,15,2025-10-19 22:16:21.376337,335510.987,6288618.006
PI563,506V,FLXW-18,9903,25,60,2025-10-19 22:16:21.376338,335510.987,6288618.006
PI563,506Y2,TBFX-67,19345,25,60,2025-10-19 22:16:21.376338,335510.987,6288618.006
PI1360,I08,FLXY-68,361,0,3,2025-10-19 22:16:23.067139,336552.182,6292774.12
PI1360,I08,FLXZ-64,6895,12,18,2025-10-19 22:16:23.067144,336552.182,6292774.12
PG1032,G22,THTF-12,2308,6,8,2025-10-19 22:16:24.444005,341849.666,6283074.87
PI742,111,FLXW-82,710,5,7,2025-10-19 22:16:28.311025,337468.56,6296257.52
PI742,111,FLXW-97,6730,25,60,2025-10-19 22:16:28.311030,337468.56,6296257.52
PI742,I02,FLXZ-20,5569,17,25,2025-10-19 22:16:28.311031,337468.56,6296257.52
PI742,I02,FLXY-98,13717,25,60,2025-10-19 22:16:28.311032,337468.56,6296257.52
PI742,J08,PFXB-59,1912,5,7,2025-10-19 22:16:28.311033,337468.56,6296257.52
PI742,110,TBFT-90,4809,12,16,2025-10-19 22:16:28.311033,337468.56,6296257.52
PI694,I18,VHSX-92,1112,5,7,2025-10-19 22:16:30.203790,338754.247,6291728.615
PI694,I18,VHSY-18,9282,25,60,2025-10-19 22:16:30.203795,338754.247,6291728.615
PI694,I01,FLXL-34,4544,11,15,2025-10-19 22:16:30.203796,338754.247,6291728.615
PI694,I01,FLXJ-16,8225,18,26,2025-10-19 22:16:30.203796,338754.247,6291728.615
PE375,E04,VKJZ-17,7255,19,27,2025-10-19 22:16:32.179345,351806.283,6289616.935
PJ645,J02,VHXD-95,1488,0,5,2025-10-19 22:16:33.609509,337666.804,6298964.211
PI1582,I02,FLXY-98,4518,12,16,2025-10-19 22:16:35.308168,337102.45,6292324.578
PB1012,B12,SKDH-34,4441,8,10,2025-10-19 22:16:37.276867,341635.544,6310884.22
PB1012,B12,SKDG-18,7810,16,22,2025-10-19 22:16:37.276873,341635.544,6310884.22
PB1012,B33,SHXF-21,4391,13,19,2025-10-19 22:16:37.276875,341635.544,6310884.22
PA236,302,BJFW-67,10458,25,60,2025-10-19 22:16:39.414527,346097.165,6295946.413
PA236,302,BJFZ-57,18651,25,60,2025-10-19 22:16:39.414532,346097.165,6295946.413
PA236,125,BJFT-65,1544,0,5,2025-10-19 22:16:39.414533,346097.165,6295946.413
PA236,125,FLXJ-11,9826,25,60,2025-10-19 22:16:39.414534,346097.165,6295946.413
PB1514,B24,STHD-35,4217,11,15,2025-10-19 22:16:41.338733,342064.99,6303208.11
PB1514,B24,TXZH-35,13045,25,60,2025-10-19 22:16:41.338738,342064.99,6303208.11
PB1514,B28,LDJV-46,1480,5,7,2025-10-19 22:16:41.338739,342064.99,6303208.11
PB1514,B28,STHF-49,10195,25,60,2025-10-19 22:16:41.338740,342064.99,6303208.11
PJ121,407,TBFT-63,1,0,3,2025-10-19 22:16:46.165901,337048.197,6298092.615
PJ121,422,GCBD-65,3317,9,13,2025-10-19 22:16:46.165906,337048.197,6298092.615
PJ121,426,FLXS-69,30,0,3,2025-10-19 22:16:46.165907,337048.197,6298092.615
PC259,502,TBFX-22,2326,5,7,2025-10-19 22:16:48.169891,353204.938,6303894.797
PC259,502,TBFV-34,2655,6,8,2025-10-19 22:16:48.169899,353204.938,6303894.797
PC885,C11,SGPY-75,1328,0,4,2025-10-19 22:16:50.066598,356121.464,6304924.669
PE418,322,FLXR-28,4589,13,17,2025-10-19 22:16:52.009148,353447.119,6289690.656
PE418,E03,BJFW-72,1928,0,5,2025-10-19 22:16:52.009153,353447.119,6289690.656
PD511,516,GCBD-46,454,0,3,2025-10-19 22:16:53.481662,355476.856,6295694.233
PD511,D10,SPBL-70,354,0,3,2025-10-19 22:16:53.481667,355476.856,6295694.233
PB1541,B29,LXDJ-16,6065,16,24,2025-10-19 22:16:55.062138,336237.255,6303264.975
PB1541,B29,SKHG-92,19480,25,60,2025-10-19 22:16:55.062143,336237.255,6303264.975
PB1541,B30N,LXDJ-17,32022,25,60,2025-10-19 22:16:55.062144,336237.255,6303264.975
PB1541,109,FLXW-21,5612,12,16,2025-10-19 22:16:55.062145,336237.255,6303264.975
PB1541,109,TBFV-98,10590,25,60,2025-10-19 22:16:55.062146,336237.255,6303264.975
PB1541,B03,SKHG-57,405,0,3,2025-10-19 22:16:55.062147,336237.255,6303264.975
PB1541,B03,LXDH-89,790,0,4,2025-10-19 22:16:55.062147,336237.255,6303264.975
PB1541,B09,SHCY-32,1351,13,17,2025-10-19 22:16:55.062148,336237.255,6303264.975
PB1541,B09,SHCY-39,15534,25,60,2025-10-19 22:16:55.062149,336237.255,6303264.975
PB1541,B20,LXDJ-10,801,0,4,2025-10-19 22:16:55.062150,336237.255,6303264.975
PB1541,B20,LXDH-98,8019,25,60,2025-10-19 22:16:55.062151,336237.255,6303264.975
PF77,F20,SPZY-15,116,0,3,2025-10-19 22:16:57.101897,352927.494,6283314.217
PF77,F20,SRVL-29,3479,8,12,2025-10-19 22:16:57.101902,352927.494,6283314.217
PF77,F01,SPVW-92,1234,6,8,2025-10-19 22:16:57.101903,352927.494,6283314.217
PF77,205,VFPF-54,3485,10,14,2025-10-19 22:16:57.101904,352927.494,6283314.217
PF77,205,VFPB-85,11602,25,60,2025-10-19 22:16:57.101905,352927.494,6283314.217
PF77,F05,SPZX-79,1127,0,4,2025-10-19 22:16:57.101906,352927.494,6283314.217
PF77,F05,SPZX-65,2384,9,11,2025-10-19 22:16:57.101906,352927.494,6283314.217
PF77,F06,SRVF-90,3668,8,12,2025-10-19 22:16:57.101907,352927.494,6283314.217
PF77,F06,FLXS-39,13925,25,60,2025-10-19 22:16:57.101908,352927.494,6283314.217
PF708,F01,SPVV-63,2633,8,10,2025-10-19 22:17:00.609572,355740.805,6279714.514
PF708,F01,SPVW-92,8227,25,60,2025-10-19 22:17:00.609577,355740.805,6279714.514
PJ639,412,PFTW-19,3014,9,13,2025-10-19 22:17:02.659838,335194.881,6299169.563
PJ639,412,PFTW-39,6538,19,27,2025-10-19 22:17:02.659843,335194.881,6299169.563
PJ639,444,SJPF-43,689,0,3,2025-10-19 22:17:02.659844,335194.881,6299169.563
PJ639,J07E,VJJW-88,3038,6,8,2025-10-19 22:17:02.659845,335194.881,6299169.563
PJ639,J07E,VHXF-24,23320,25,60,2025-10-19 22:17:02.659846,335194.881,6299169.563
PJ639,514,TBFV-94,122,0,3,2025-10-19 22:17:02.659846,335194.881,6299169.563
PJ639,514,FLXH-85,9090,21,29,2025-10-19 22:17:02.659847,335194.881,6299169.563
PH603,H12,CJRW-11,4070,10,14,2025-10-19 22:17:04.585741,342374.142,6291177.937
PH603,348,FLXZ-35,14760,25,60,2025-10-19 22:17:04.585749,342374.142,6291177.937
PB1557,428,SJPD-56,3590,11,15,2025-10-19 22:17:06.506766,341554.583,6306732.656
PB1557,428,SJPF-92,6951,18,26,2025-10-19 22:17:06.506772,341554.583,6306732.656
PC195,412,PFTW-35,9529,25,60,2025-10-19 22:17:08.570810,348545.766,6299284.309
PC195,418,PFYC-31,4395,11,15,2025-10-19 22:17:08.570815,348545.766,6299284.309
PC195,418,SKPL-36,13351,25,60,2025-10-19 22:17:08.570817,348545.766,6299284.309
PC195,106,PFYR-86,711,0,3,2025-10-19 22:17:08.570818,348545.766,6299284.309
PC195,401,PFVC-43,4882,13,19,2025-10-19 22:17:08.570819,348545.766,6299284.309
PC195,405,PFVL-17,785,0,3,2025-10-19 22:17:08.570820,348545.766,6299284.309
PC195,405,PGBB-64,4459,15,21,2025-10-19 22:17:08.570820,348545.766,6299284.309
PC195,421,PGPT-18,2610,5,7,2025-10-19 22:17:08.570821,348545.766,6299284.309
PC195,421,PFYS-20,6733,15,21,2025-10-19 22:17:08.570822,348545.766,6299284.309
PC195,508,FLXV-35,107,0,3,2025-10-19 22:17:08.570823,348545.766,6299284.309
PC195,508,FLXW-44,4336,12,16,2025-10-19 22:17:08.570824,348545.766,6299284.309
PC195,421X,PFTW-80,12790,25,60,2025-10-19 22:17:08.570825,348545.766,6299284.309
PC195,505,LZPH-30,345,0,3,2025-10-19 22:17:08.570826,348545.766,6299284.309
PC195,505,VHXK-83,6778,15,21,2025-10-19 22:17:08.570827,348545.766,6299284.309
PC195,514,TBFP-95,2443,6,8,2025-10-19 22:17:08.570828,348545.766,6299284.309
PC195,514,FLXK-42,10165,25,60,2025-10-19 22:17:08.570829,348545.766,6299284.309
PI1009,I07,VHTB-38,1361,4,6,2025-10-19 22:17:09.957243,335862.549,6291858.947
PG885,G05,SFPF-99,4067,14,20,2025-10-19 22:17:13.884258,345610.298,6283464.203
PG885,G35,SFGY-13,2716,9,13,2025-10-19 22:17:13.884264,345610.298,6283464.203
PG885,G35,SDSW-86,10857,25,60,2025-10-19 22:17:13.884265,345610.298,6283464.203
PI996,348,FLXY-95,606,0,3,2025-10-19 22:17:15.833876,334278.499,6290808.469
PI996,348,VHSZ-38,10715,25,60,2025-10-19 22:17:15.833882,334278.499,6290808.469
PI996,I07,VHSY-12,6979,25,60,2025-10-19 22:17:15.833883,334278.499,6290808.469
PI996,I18,VHSX-92,8194,25,60,2025-10-19 22:17:15.833885,334278.499,6290808.469
PI996,I18,VHSY-18,16362,25,60,2025-10-19 22:17:15.833886,334278.499,6290808.469
PB1075,B24,STHD-35,3204,9,11,2025-10-19 22:17:17.701181,342711.73,6302875.71
PB1075,B24,TXZH-35,12092,25,60,2025-10-19 22:17:17.701186,342711.73,6302875.71
PB2094,B13,STHJ-86,3146,20,28,2025-10-19 22:17:23.340109,337026.0,6311769.0
PE755,E13,VFJP-53,1301,0,5,2025-10-19 22:17:24.993183,351313.61,6288530.381
PJ425,J07E,VJJW-88,3310,7,9,2025-10-19 22:17:26.989115,335405.468,6298670.173
PJ425,J07E,VHXF-24,23635,25,60,2025-10-19 22:17:26.989121,335405.468,6298670.173
PJ425,507,FLXV-99,1501,0,4,2025-10-19 22:17:26.989122,335405.468,6298670.173
PJ425,514,FLXS-79,2419,6,8,2025-10-19 22:17:26.989123,335405.468,6298670.173
PE540,322,FLXR-28,1237,0,3,2025-10-19 22:17:28.897562,354806.288,6288550.188
PE540,323,FLXR-54,238,0,3,2025-10-19 22:17:28.897575,354806.288,6288550.188
PD1153,D14,PGLD-66,2104,5,7,2025-10-19 22:17:30.838463,350253.235,6293138.145
PD1153,D14,PFZK-79,6608,14,20,2025-10-19 22:17:30.838468,350253.235,6293138.145
PE456,E04,VKJX-50,986,0,4,2025-10-19 22:17:32.757876,353272.449,6289087.928
PE456,E04,VKJZ-17,8802,25,60,2025-10-19 22:17:32.757881,353272.449,6289087.928
PG147,F20,LBTT-14,13771,25,60,2025-10-19 22:17:34.634791,346704.553,6283752.594
PD1349,505,VJJX-78,1333,0,3,2025-10-19 22:17:38.419150,353764.446,6295989.637
PD1349,505,VHXJ-70,7063,17,23,2025-10-19 22:17:38.419155,353764.446,6295989.637
PF354,F01,SPVW-79,6358,19,27,2025-10-19 22:17:39.854137,351870.847,6282434.831
PF354,F01,SPVW-16,11795,25,60,2025-10-19 22:17:39.854141,351870.847,6282434.831
PF354,F07,SPRY-31,4963,11,15,2025-10-19 22:17:39.854142,351870.847,6282434.831
PF354,F07,SPRY-59,12776,25,60,2025-10-19 22:17:39.854143,351870.847,6282434.831
PF354,F16,SPRX-20,4919,13,17,2025-10-19 22:17:39.854144,351870.847,6282434.831
PB1210,B12,SKDG-28,1477,0,5,2025-10-19 22:17:44.781568,339377.87,6310016.343
PI1233,345,CJRB-13,2693,7,9,2025-10-19 22:17:48.616576,344084.727,6293692.453
PI1235,345,CJRB-49,8928,25,60,2025-10-19 22:17:50.518412,344484.409,6293521.229
PH600,H12,CJRW-11,2960,9,11,2025-10-19 22:17:52.450026,342041.972,6290293.625
PB423,303,FLXF-75,2252,0,5,2025-10-19 22:17:56.340958,343739.77,6302287.92
PB423,307,TWPD-30,7489,13,17,2025-10-19 22:17:56.340964,343739.77,6302287.92
PB423,314,TWPD-79,7613,11,15,2025-10-19 22:17:56.340965,343739.77,6302287.92
PB1055,B16,STHK-13,2834,7,9,2025-10-19 22:17:58.435644,344574.653,6306982.226
PD611,508,PFXC-77,5161,16,24,2025-10-19 22:18:00.339784,354094.858,6291784.251
PD611,508,PFXC-20,8066,25,60,2025-10-19 22:18:00.339789,354094.858,6291784.251
PD611,D10,SVDF-53,2880,10,14,2025-10-19 22:18:00.339790,354094.858,6291784.251
PF1067,F27,SPRY-39,3318,8,10,2025-10-19 22:18:02.276409,356117.0,6284269.59
PC822,C09,SGPY-65,1,0,3,2025-10-19 22:18:03.743436,358453.657,6302442.229
PC822,C09,SHXF-99,4158,12,16,2025-10-19 22:18:03.743441,358453.657,6302442.229
PF25,F10,SRPK-19,3049,10,14,2025-10-19 22:18:05.451001,354397.976,6283267.64
PF25,F10,SRRY-62,5834,20,28,2025-10-19 22:18:05.451006,354397.976,6283267.64
PF25,F20,LBTT-14,3704,9,13,2025-10-19 22:18:05.451008,354397.976,6283267.64
PF25,712,SHCW-72,2254,6,8,2025-10-19 22:18:05.451009,354397.976,6283267.64
PF25,712,SHCW-81,9873,25,60,2025-10-19 22:18:05.451009,354397.976,6283267.64
PH376,H09,VGRB-63,4539,13,17,2025-10-19 22:18:07.390501,345240.131,6293299.13
PH376,121,CJRW-56,753,0,3,2025-10-19 22:18:07.390506,345240.131,6293299.13
PH376,H12,BJFS-75,3846,12,16,2025-10-19 22:18:07.390507,345240.131,6293299.13
PH376,H12,CJRW-11,9183,25,60,2025-10-19 22:18:07.390508,345240.131,6293299.13
PD424,D18,SVDC-29,1330,0,5,2025-10-19 22:18:09.292641,357886.01,6296836.57
PD424,D18,SVDB-99,6990,16,24,2025-10-19 22:18:09.292647,357886.01,6296836.57
PD424,403,PFTW-36,3318,9,11,2025-10-19 22:18:09.292648,357886.01,6296836.57
PD424,403,PFYC-77,10931,25,60,2025-10-19 22:18:09.292649,357886.01,6296836.57
PD424,422,TBFX-50,3734,10,14,2025-10-19 22:18:09.292650,357886.01,6296836.57
PD424,422,GCBC-96,8996,25,60,2025-10-19 22:18:09.292650,357886.01,6296836.57
PA92,203,SRTK-46,830,0,5,2025-10-19 22:18:11.363500,346900.926,6298141.957
PA92,203,LZPS-18,2691,8,12,2025-10-19 22:18:11.363505,346900.926,6298141.957
PA92,B24,TXZH-35,3483,13,17,2025-10-19 22:18:11.363506,346900.926,6298141.957
PA92,B24,SJTD-65,9886,25,60,2025-10-19 22:18:11.363507,346900.926,6298141.957
PA92,B02,FLXR-81,231,0,3,2025-10-19 22:18:11.363507,346900.926,6298141.957
PA92,B02,FLXR-83,874,0,3,2025-10-19 22:18:11.363508,346900.926,6298141.957
PA92,214,GCBB-61,652,0,3,2025-10-19 22:18:11.363509,346900.926,6298141.957
PA92,214,GCBB-70,8021,25,60,2025-10-19 22:18:11.363510,346900.926,6298141.957
PF107,F20,LBTT-14,6725,16,22,2025-10-19 22:18:13.270826,352467.406,6283247.272
PF107,F01,SPVW-79,4690,12,16,2025-10-19 22:18:13.270831,352467.406,6283247.272
PF107,F01,SPVW-16,10288,25,60,2025-10-19 22:18:13.270832,352467.406,6283247.272
PF107,F08,SPCG-76,1505,4,6,2025-10-19 22:18:13.270833,352467.406,6283247.272
PF107,F08,SPVT-72,8886,20,28,2025-10-19 22:18:13.270834,352467.406,6283247.272
PF107,F14,SPRY-46,5370,13,19,2025-10-19 22:18:13.270835,352467.406,6283247.272
PF107,F27,SPRV-99,6471,12,16,2025-10-19 22:18:13.270835,352467.406,6283247.272
PF107,F27,SPRY-39,11710,25,60,2025-10-19 22:18:13.270836,352467.406,6283247.272
PF107,E16,VFHW-92,4552,13,17,2025-10-19 22:18:13.270837,352467.406,6283247.272
PF107,205,VGBX-48,146,0,3,2025-10-19 22:18:13.270838,352467.406,6283247.272
PF107,F05,SPZY-65,7925,25,60,2025-10-19 22:18:13.270839,352467.406,6283247.272
PA714,345,CJRB-49,3084,7,9,2025-10-19 22:18:14.676786,344064.119,6297765.515
PJ1880,J01,PFXB-41,2251,9,11,2025-10-19 22:18:18.577951,341199.168,6301733.117
PJ1880,J01,FDJX-82,6026,17,25,2025-10-19 22:18:18.577956,341199.168,6301733.117
PJ1880,J16,TBFS-62,1,0,3,2025-10-19 22:18:18.577957,341199.168,6301733.117
PB538,B21,SKDH-59,995,4,6,2025-10-19 22:18:20.511557,337608.19,6307395.54
PG1033,G22,THTF-12,1711,4,6,2025-10-19 22:18:22.205613,341955.733,6283366.436
PG1033,G22,THTF-27,6546,18,26,2025-10-19 22:18:22.205618,341955.733,6283366.436
PI871,I03,FLXJ-20,1,0,3,2025-10-19 22:18:24.134184,335519.264,6290155.974
PI871,I03,FLXJ-23,2610,8,10,2025-10-19 22:18:24.134189,335519.264,6290155.974
PI369,401,PFYS-24,523,0,3,2025-10-19 22:18:29.757714,333329.423,6289652.691
PI369,I26,PFVJ-17,332,0,3,2025-10-19 22:18:29.757719,333329.423,6289652.691
PI369,348,FLXY-82,1382,0,5,2025-10-19 22:18:29.757720,333329.423,6289652.691
PB1412,B21,SKDH-71,1865,4,6,2025-10-19 22:18:31.428178,345824.898,6303851.593
PB1412,B21,SKDH-59,11986,25,60,2025-10-19 22:18:31.428184,345824.898,6303851.593
PB1412,B22,SPCG-72,6487,17,23,2025-10-19 22:18:31.428185,345824.898,6303851.593
PE252,E01,VKJX-29,185,0,3,2025-10-19 22:18:33.355405,351329.546,6286159.849
PE252,226,VFPL-11,1583,4,6,2025-10-19 22:18:33.355410,351329.546,6286159.849
PE252,226,VFPX-53,9195,25,60,2025-10-19 22:18:33.355411,351329.546,6286159.849
PC1300,C02,LDJJ-76,245,0,3,2025-10-19 22:18:35.287928,359911.0,6303780.0
PC1300,C02,LDJJ-83,7505,18,26,2025-10-19 22:18:35.287933,359911.0,6303780.0
PC1300,421,PFYS-48,412,0,3,2025-10-19 22:18:35.287934,359911.0,6303780.0
PC1300,421,PGPT-34,19943,25,60,2025-10-19 22:18:35.287935,359911.0,6303780.0
PG1134,G12,THTD-93,2329,6,8,2025-10-19 22:18:37.163987,345082.17,6288904.308
PG1174,286,SCRZ-35,2550,7,9,2025-10-19 22:18:39.572829,349532.58,6281580.971
PG1174,286,SDSW-63,19593,25,60,2025-10-19 22:18:39.572834,349532.58,6281580.971
PG1174,G13,SDSW-58,7378,25,60,2025-10-19 22:18:39.572835,349532.58,6281580.971
PG1174,G13,SFGY-86,7334,25,60,2025-10-19 22:18:39.572836,349532.58,6281580.971
PG1174,G16,SFPF-76,5391,14,20,2025-10-19 22:18:39.572837,349532.58,6281580.971
PH99,125,FLXJ-11,6969,14,20,2025-10-19 22:18:41.036481,345549.697,6294384.965
PH99,113,FLXY-60,953,0,3,2025-10-19 22:18:41.036487,345549.697,6294384.965
PH99,113,FLXW-85,12363,25,60,2025-10-19 22:18:41.036488,345549.697,6294384.965
PH99,H06,CJRW-82,368,0,3,2025-10-19 22:18:41.036489,345549.697,6294384.965
PH99,115,TBFT-60,12544,20,28,2025-10-19 22:18:41.036490,345549.697,6294384.965
PJ433,J03,GCBC-67,125,0,3,2025-10-19 22:18:42.519456,336743.726,6300814.97
PJ433,J03,PFXC-32,9892,25,60,2025-10-19 22:18:42.519461,336743.726,6300814.97
PC331,C15,SKPJ-87,1,0,3,2025-10-19 22:18:44.460401,356065.67,6304500.86
PC331,409,PGTV-17,73,0,3,2025-10-19 22:18:44.460407,356065.67,6304500.86
PC331,411,SPBL-76,1579,0,5,2025-10-19 22:18:44.460408,356065.67,6304500.86
PC331,286,SCRZ-11,760,0,3,2025-10-19 22:18:44.460409,356065.67,6304500.86
PI837,J10,VJBC-80,240,0,3,2025-10-19 22:18:48.387642,342333.939,6297505.734
PI837,J10,VJJX-68,5001,12,16,2025-10-19 22:18:48.387647,342333.939,6297505.734
PI837,I03,FLXL-32,772,0,3,2025-10-19 22:18:48.387648,342333.939,6297505.734
PI837,I03,FLXG-10,8899,21,29,2025-10-19 22:18:48.387649,342333.939,6297505.734
PI837,I10,FLXD-74,4981,13,19,2025-10-19 22:18:48.387650,342333.939,6297505.734
PI837,I10,FLXH-11,13496,25,60,2025-10-19 22:18:48.387651,342333.939,6297505.734
PB336,B05,SPCG-87,2043,5,7,2025-10-19 22:18:50.421867,347698.6,6305891.49
PB336,208,SRTK-25,3062,25,60,2025-10-19 22:18:50.421873,347698.6,6305891.49
PB336,208,SRTK-31,3499,25,60,2025-10-19 22:18:50.421874,347698.6,6305891.49
PB2086,B13,STHJ-86,3645,25,60,2025-10-19 22:18:52.391553,337446.0,6311161.0
PF351,F01,SPVW-16,10770,25,60,2025-10-19 22:18:54.363844,352274.862,6282828.134
PH356,121,FLXF-97,5222,17,25,2025-10-19 22:18:56.412219,342229.34,6289318.61
PH356,121,FLXK-54,5933,19,27,2025-10-19 22:18:56.412223,342229.34,6289318.61
PH356,125,FLXG-66,1556,5,7,2025-10-19 22:18:56.412225,342229.34,6289318.61
PH356,125,FLXF-50,11376,25,60,2025-10-19 22:18:56.412226,342229.34,6289318.61
PH356,329,FLXR-21,1139,0,4,2025-10-19 22:18:56.412227,342229.34,6289318.61
PH356,H08,FLXH-16,1126,5,7,2025-10-19 22:18:56.412227,342229.34,6289318.61
PH356,H12,CJRB-43,459,0,3,2025-10-19 22:18:56.412228,342229.34,6289318.61
PH356,H12,CJRB-12,6933,20,28,2025-10-19 22:18:56.412229,342229.34,6289318.61
PH356,105,SJPC-56,117,0,3,2025-10-19 22:18:56.412230,342229.34,6289318.61
PH356,105,SJPD-90,7874,19,27,2025-10-19 22:18:56.412231,342229.34,6289318.61
PH356,119,CJRW-17,6327,12,18,2025-10-19 22:18:56.412232,342229.34,6289318.61
PH356,119,CJRY-80,8207,25,60,2025-10-19 22:18:56.412233,342229.34,6289318.61
PB324,203,SRTK-21,2732,9,11,2025-10-19 22:18:58.410177,347202.38,6302209.853
PB324,203,SRTG-97,8534,25,60,2025-10-19 22:18:58.410182,347202.38,6302209.853
PB324,208,LZPS-15,221,0,4,2025-10-19 22:18:58.410183,347202.38,6302209.853
PB324,208,SRTH-17,5527,16,22,2025-10-19 22:18:58.410185,347202.38,6302209.853
PB1100,109,FLXW-21,1917,0,5,2025-10-19 22:19:00.352141,338217.149,6303072.132
PB1100,109,TBFV-98,7253,17,25,2025-10-19 22:19:00.352146,338217.149,6303072.132
PB1100,B09,SHCY-39,12277,25,60,2025-10-19 22:19:00.352147,338217.149,6303072.132
PJ59,110,CJRX-34,728,0,5,2025-10-19 22:19:03.830068,337971.128,6301482.523
PJ59,110,TBFT-79,2600,16,22,2025-10-19 22:19:03.830072,337971.128,6301482.523
PC1016,406,GCBC-87,1347,0,4,2025-10-19 22:19:05.854619,350986.391,6301264.916
PC1016,406,GCBD-78,4951,10,14,2025-10-19 22:19:05.854623,350986.391,6301264.916
PC1016,407,FLXV-64,4095,10,14,2025-10-19 22:19:05.854624,350986.391,6301264.916
PC1016,426,BJFH-46,1882,5,7,2025-10-19 22:19:05.854625,350986.391,6301264.916
PC1016,426,BJFC-78,12361,25,60,2025-10-19 22:19:05.854626,350986.391,6301264.916
PC1016,412,PFTW-35,5670,12,16,2025-10-19 22:19:05.854627,350986.391,6301264.916
PC1016,418,PFYC-31,430,0,3,2025-10-19 22:19:05.854627,350986.391,6301264.916
PC1016,418,SKPL-36,9106,21,29,2025-10-19 22:19:05.854628,350986.391,6301264.916
PC1016,401,PFVC-43,831,0,4,2025-10-19 22:19:05.854629,350986.391,6301264.916
PC1016,421,PFYS-20,2238,6,8,2025-10-19 22:19:05.854630,350986.391,6301264.916
PC1016,503,VGVF-73,2591,5,7,2025-10-19 22:19:05.854631,350986.391,6301264.916
PC1016,503,VGVB-66,8050,17,25,2025-10-19 22:19:05.854631,350986.391,6301264.916
PF738,F18,STHF-56,1186,0,4,2025-10-19 22:19:07.752446,349298.96,6277760.918
PF738,F18,LCTG-24,1926,4,6,2025-10-19 22:19:07.752452,349298.96,6277760.918
PC253,502,TBFV-34,44,0,3,2025-10-19 22:19:09.795749,354668.409,6304826.325
PC253,502,TBFW-76,2699,8,10,2025-10-19 22:19:09.795754,354668.409,6304826.325
PB1729,203,LZPG-19,48,0,3,2025-10-19 22:19:13.706963,347229.725,6303305.984
PB1729,203,SRTK-21,3820,11,15,2025-10-19 22:19:13.706967,347229.725,6303305.984
PB1729,208,SRTK-25,187,0,3,2025-10-19 22:19:13.706968,347229.725,6303305.984
PB1729,208,SRTK-31,625,0,4,2025-10-19 22:19:13.706969,347229.725,6303305.984
PG1768,G07,THTG-88,9712,25,60,2025-10-19 22:19:15.629017,340217.156,6276839.605
PD434,D02,SVDC-74,1997,4,6,2025-10-19 22:19:17.609192,353773.84,6296597.45
PA43,514,TBFP-95,3424,6,8,2025-10-19 22:19:19.607130,347072.144,6298655.5
PA43,514,FLXK-42,11178,25,60,2025-10-19 22:19:19.607135,347072.144,6298655.5
PA490,D03,SVDD-48,1055,0,4,2025-10-19 22:19:21.564734,347232.85,6297264.144
PA490,D03,SVDC-30,6878,20,28,2025-10-19 22:19:21.564740,347232.85,6297264.144
PI450,404,PFYC-70,3110,7,9,2025-10-19 22:19:23.534358,342308.02,6296981.67
PI450,404,PFYC-64,10077,25,60,2025-10-19 22:19:23.534364,342308.02,6296981.67
PI450,412,PFVG-95,5615,13,19,2025-10-19 22:19:23.534365,342308.02,6296981.67
PI450,412,PFTW-35,15547,25,60,2025-10-19 22:19:23.534369,342308.02,6296981.67
PI450,418,LXWP-74,582,0,3,2025-10-19 22:19:23.534370,342308.02,6296981.67
PI450,418,PFYC-31,10175,25,60,2025-10-19 22:19:23.534371,342308.02,6296981.67
PI450,I09,FLXZ-21,1,0,3,2025-10-19 22:19:23.534372,342308.02,6296981.67
PI450,I09,VHTB-23,3927,10,14,2025-10-19 22:19:23.534373,342308.02,6296981.67
PI450,510,TBFR-95,3521,8,12,2025-10-19 22:19:23.534374,342308.02,6296981.67
PI450,510,TBFR-57,7706,18,26,2025-10-19 22:19:23.534375,342308.02,6296981.67
PI450,516,GCBC-39,2243,7,9,2025-10-19 22:19:23.534376,342308.02,6296981.67
PI450,516,GCBD-98,9103,25,60,2025-10-19 22:19:23.534377,342308.02,6296981.67
PI450,424,SZZY-77,3697,8,10,2025-10-19 22:19:23.534378,342308.02,6296981.67
PC594,C01,LDJJ-63,206,0,3,2025-10-19 22:19:25.480909,360341.946,6307914.802
PC594,C01,LCSX-53,443,0,3,2025-10-19 22:19:25.480915,360341.946,6307914.802
PC594,C17,SGPX-10,1544,6,8,2025-10-19 22:19:25.480917,360341.946,6307914.802
PD1037,D09,SVDF-75,1841,7,9,2025-10-19 22:19:29.333891,351776.38,6298039.23
PD1037,D09,SPZK-84,2624,9,11,2025-10-19 22:19:29.333896,351776.38,6298039.23
PB558,B12,SPCG-35,2903,4,6,2025-10-19 22:19:34.530874,339098.06,6307915.9
PB558,B12,SKDH-34,9868,14,20,2025-10-19 22:19:34.530878,339098.06,6307915.9
PB558,307,TWPD-76,9971,25,60,2025-10-19 22:19:34.530879,339098.06,6307915.9
PB558,307,TWPD-94,10767,25,60,2025-10-19 22:19:34.530880,339098.06,6307915.9
PB558,307C,TWPD-67,244,0,3,2025-10-19 22:19:34.530881,339098.06,6307915.9
PB558,315E,TWPD-27,968,0,3,2025-10-19 22:19:34.530882,339098.06,6307915.9
PB558,315E,TWPD-32,10565,25,60,2025-10-19 22:19:34.530883,339098.06,6307915.9
PE705,E12,VFJK-22,661,0,3,2025-10-19 22:19:36.470363,352109.53,6285323.283
PE705,E12,VFKR-65,11977,25,60,2025-10-19 22:19:36.470368,352109.53,6285323.283
PD1350,505,VJJX-78,1,0,3,2025-10-19 22:19:38.330541,353673.123,6295599.734
PD1350,505,VHXJ-70,6000,14,20,2025-10-19 22:19:38.330546,353673.123,6295599.734
PJ128,426,FLXS-69,1102,0,4,2025-10-19 22:19:39.749169,339706.935,6298111.97
PJ128,407,TBFT-63,1260,0,5,2025-10-19 22:19:39.749175,339706.935,6298111.97
PJ128,422,GCBD-65,4788,13,17,2025-10-19 22:19:39.749176,339706.935,6298111.97
PD1353,511,TBFS-40,2151,6,8,2025-10-19 22:19:43.283274,349798.946,6295361.207
PG679,G01,THTD-96,9573,25,60,2025-10-19 22:19:44.952654,344296.823,6287566.845
PG679,G01,THTD-32,10857,25,60,2025-10-19 22:19:44.952658,344296.823,6287566.845
PF1108,209,SRTK-45,2017,6,8,2025-10-19 22:19:46.887013,349752.87,6277314.86
PF1108,209,SRTK-49,3637,12,16,2025-10-19 22:19:46.887018,349752.87,6277314.86
PD1015,D08,SVDD-21,123,0,3,2025-10-19 22:19:48.860951,356975.757,6297982.642
PD1015,D08,STKP-84,12875,25,60,2025-10-19 22:19:48.860957,356975.757,6297982.642
PD1015,412,PFVG-92,11389,25,60,2025-10-19 22:19:48.860958,356975.757,6297982.642
PD1015,412,PGBY-73,19089,25,60,2025-10-19 22:19:48.860959,356975.757,6297982.642
PD451,D01,SVDC-57,2646,0,5,2025-10-19 22:19:50.851617,353951.476,6297341.691
PD451,D01,SVDC-12,9649,20,28,2025-10-19 22:19:50.851622,353951.476,6297341.691
PD451,D03,SVDC-30,406,0,3,2025-10-19 22:19:50.851623,353951.476,6297341.691
PD451,D03,SVDC-71,6047,20,28,2025-10-19 22:19:50.851624,353951.476,6297341.691
PD451,D09,STYX-82,685,0,3,2025-10-19 22:19:50.851625,353951.476,6297341.691
PD451,422,PFXC-56,1742,0,5,2025-10-19 22:19:50.851626,353951.476,6297341.691
PI596,I03,FLXJ-27,1129,9,13,2025-10-19 22:19:52.803788,338767.321,6294009.236
PI596,I03,FLXG-16,5086,19,27,2025-10-19 22:19:52.803794,338767.321,6294009.236
PI596,509,FDJX-71,2476,5,7,2025-10-19 22:19:52.803795,338767.321,6294009.236
PI596,509,FLXX-44,10478,25,60,2025-10-19 22:19:52.803805,338767.321,6294009.236
PE309,E01,VKJY-93,5882,17,25,2025-10-19 22:19:54.745765,353939.358,6286300.972
PE309,E14,VKJX-69,4158,12,18,2025-10-19 22:19:54.745770,353939.358,6286300.972
PI1836,113,FLXW-85,1821,0,4,2025-10-19 22:19:56.723299,337424.3,6289218.3
PI1836,I12,FLXY-25,5627,12,18,2025-10-19 22:19:56.723305,337424.3,6289218.3
PI1836,115,TBFT-60,1908,0,4,2025-10-19 22:19:56.723306,337424.3,6289218.3
PG671,G12,THTD-93,996,0,3,2025-10-19 22:19:58.690732,345147.947,6289342.932
PG671,G01,THTD-96,7070,17,25,2025-10-19 22:19:58.690737,345147.947,6289342.932
PG671,G01,THTD-32,8512,25,60,2025-10-19 22:19:58.690738,345147.947,6289342.932
PB877,B04,SHXG-90,1,0,3,2025-10-19 22:20:00.595217,344728.679,6302440.922
PB877,B04,SJPC-31,2989,9,13,2025-10-19 22:20:00.595222,344728.679,6302440.922
PB877,214,GCBB-50,2238,6,8,2025-10-19 22:20:00.595223,344728.679,6302440.922
PB877,214,GCBC-16,8306,25,60,2025-10-19 22:20:00.595224,344728.679,6302440.922
PE36,D26,PGLD-70,1050,0,4,2025-10-19 22:20:02.573024,353289.311,6290991.174
PE36,107,PGRZ-74,939,0,3,2025-10-19 22:20:02.573028,353289.311,6290991.174
PE36,107,PGTC-60,7722,16,22,2025-10-19 22:20:02.573029,353289.311,6290991.174
PE36,117,SPBP-92,5565,17,25,2025-10-19 22:20:02.573030,353289.311,6290991.174
PE36,117,SPBS-36,9381,25,60,2025-10-19 22:20:02.573031,353289.311,6290991.174
PE36,106,PFVG-29,3362,8,10,2025-10-19 22:20:02.573032,353289.311,6290991.174
PE36,106,PFYR-75,14694,25,60,2025-10-19 22:20:02.573033,353289.311,6290991.174
PB1602,B22,SPCG-72,6012,17,23,2025-10-19 22:20:04.534206,346029.304,6303810.482
PH493,H24,VGRC-93,22,0,3,2025-10-19 22:20:06.427784,344114.962,6293844.21
PH493,H24,VGRD-35,11578,25,60,2025-10-19 22:20:06.427790,344114.962,6293844.21
PA595,511,PFXC-16,1,0,3,2025-10-19 22:20:08.354170,346589.828,6295012.911
PA595,511,TBFS-40,5295,15,21,2025-10-19 22:20:08.354175,346589.828,6295012.911
PA151,205,VFRB-68,10336,18,26,2025-10-19 22:20:09.938630,347297.53,6296657.5
PA151,205,VGBX-48,17489,25,60,2025-10-19 22:20:09.938635,347297.53,6296657.5
PA151,207,TBYY-58,6775,12,18,2025-10-19 22:20:09.938636,347297.53,6296657.5
PA151,209,SDGY-40,3258,7,9,2025-10-19 22:20:09.938638,347297.53,6296657.5
PA151,209,SVPX-55,6113,12,18,2025-10-19 22:20:09.938639,347297.53,6296657.5
PG576,203,LZPR-97,578,0,3,2025-10-19 22:20:12.013225,345275.314,6283988.794
PG576,203,LZPT-45,7994,17,25,2025-10-19 22:20:12.013229,345275.314,6283988.794
PG576,G28,BJFZ-83,3279,9,13,2025-10-19 22:20:12.013230,345275.314,6283988.794
PG576,G13,SDSW-58,1,0,3,2025-10-19 22:20:12.013231,345275.314,6283988.794
PG576,G13,SFGY-86,859,0,4,2025-10-19 22:20:12.013232,345275.314,6283988.794
PG576,F06,FLXS-39,2157,6,8,2025-10-19 22:20:12.013233,345275.314,6283988.794
PI1153,I13,FLXY-11,856,0,5,2025-10-19 22:20:14.004066,339437.873,6293133.273
PG689,G01,THTD-29,1426,4,6,2025-10-19 22:20:17.887861,343257.997,6286273.983
PG689,G01,THTD-96,11601,25,60,2025-10-19 22:20:17.887866,343257.997,6286273.983
PJ1701,418,SHXD-75,542,0,3,2025-10-19 22:20:19.567283,335385.2,6299801.2
PJ1701,418,PFYC-60,7953,20,28,2025-10-19 22:20:19.567287,335385.2,6299801.2
PJ1701,J07,VJBB-61,1194,0,5,2025-10-19 22:20:19.567289,335385.2,6299801.2
PJ1701,J07,VJBB-21,12217,25,60,2025-10-19 22:20:19.567289,335385.2,6299801.2
PJ1701,J07E,VJJR-56,7044,20,28,2025-10-19 22:20:19.567290,335385.2,6299801.2
PJ1701,J07E,VJJW-88,11240,25,60,2025-10-19 22:20:19.567291,335385.2,6299801.2
PJ1701,508,GCBC-46,2989,7,9,2025-10-19 22:20:19.567292,335385.2,6299801.2
PJ1701,508,FLXJ-43,4057,9,13,2025-10-19 22:20:19.567292,335385.2,6299801.2
PJ1701,422,TBFX-38,206,0,3,2025-10-19 22:20:19.567293,335385.2,6299801.2
PJ1701,422,TBFW-31,8795,25,60,2025-10-19 22:20:19.567294,335385.2,6299801.2
PJ1701,412,PFTW-19,476,0,3,2025-10-19 22:20:19.567295,335385.2,6299801.2
PJ1701,412,PFTW-39,3948,11,15,2025-10-19 22:20:19.567296,335385.2,6299801.2
PG1744,E18,BJFW-42,4991,25,60,2025-10-19 22:20:21.257683,346086.204,6287181.248
PG1744,G18,THTH-14,835,0,4,2025-10-19 22:20:21.257689,346086.204,6287181.248
PG1744,228,THTH-21,9609,25,60,2025-10-19 22:20:21.257691,346086.204,6287181.248
PA24,113,FLXY-60,3786,10,14,2025-10-19 22:20:24.510035,346304.05,6296906.8
PA24,113,FLXW-85,15338,25,60,2025-10-19 22:20:24.510040,346304.05,6296906.8
PA24,509,FLXS-65,651,0,3,2025-10-19 22:20:24.510041,346304.05,6296906.8
PA24,509,FLXX-45,12511,25,60,2025-10-19 22:20:24.510042,346304.05,6296906.8
PA24,115,GCBD-75,2740,7,9,2025-10-19 22:20:24.510043,346304.05,6296906.8
PA24,115,TBFT-60,15462,25,60,2025-10-19 22:20:24.510044,346304.05,6296906.8
PA710,422,FLXV-88,524,0,3,2025-10-19 22:20:26.434223,347630.883,6298554.147
PA710,422,FLXV-56,7741,16,24,2025-10-19 22:20:26.434228,347630.883,6298554.147
PJ274,J05,TBFT-49,1147,0,4,2025-10-19 22:20:28.392624,340659.815,6300558.11
PJ274,J08,PFWZ-68,3553,11,15,2025-10-19 22:20:28.392628,340659.815,6300558.11
PJ274,J08,PFXB-59,11148,25,60,2025-10-19 22:20:28.392629,340659.815,6300558.11
PD1290,D02,SVDC-74,7851,20,28,2025-10-19 22:20:30.330854,357338.184,6298666.644
PD1290,D08,STKP-84,11940,25,60,2025-10-19 22:20:30.330858,357338.184,6298666.644
PD1290,D08,SPBS-69,17210,25,60,2025-10-19 22:20:30.330859,357338.184,6298666.644
PD1290,D18,SVDB-99,4121,8,12,2025-10-19 22:20:30.330860,357338.184,6298666.644
PD1290,412,PFVG-92,10230,25,60,2025-10-19 22:20:30.330861,357338.184,6298666.644
PD1290,412,PGBY-73,18148,25,60,2025-10-19 22:20:30.330862,357338.184,6298666.644
PH459,E04,VKJZ-17,613,0,3,2025-10-19 22:20:32.273967,348433.222,6292542.276
PH459,H24,VGRD-35,980,0,4,2025-10-19 22:20:32.273973,348433.222,6292542.276
PH459,H24,VGRB-93,1749,5,7,2025-10-19 22:20:32.273974,348433.222,6292542.276
PD176,D07,STKS-99,554,9,13,2025-10-19 22:20:38.083354,353524.357,6295421.457
PD176,D10,SVDF-53,8324,25,60,2025-10-19 22:20:38.083360,353524.357,6295421.457
PD176,225,SFWB-84,4331,9,13,2025-10-19 22:20:38.083361,353524.357,6295421.457
PD176,225,SFWZ-45,10803,25,60,2025-10-19 22:20:38.083362,353524.357,6295421.457
PD176,712,SHCX-33,5722,11,15,2025-10-19 22:20:38.083363,353524.357,6295421.457
PD176,712,TFYL-48,6266,13,17,2025-10-19 22:20:38.083363,353524.357,6295421.457
PF76,F27,SPRY-43,1639,4,6,2025-10-19 22:20:41.291429,352671.05,6283267.1
PF76,205,VFPF-54,2975,9,13,2025-10-19 22:20:41.291435,352671.05,6283267.1
PF76,205,VFPB-85,10151,25,60,2025-10-19 22:20:41.291436,352671.05,6283267.1
PF76,F05,SPZX-79,68,0,3,2025-10-19 22:20:41.291437,352671.05,6283267.1
PF76,F05,SPZX-65,838,0,3,2025-10-19 22:20:41.291438,352671.05,6283267.1
PF76,F06,SRVF-90,2135,4,6,2025-10-19 22:20:41.291439,352671.05,6283267.1
PF76,F06,FLXS-39,12809,25,60,2025-10-19 22:20:41.291439,352671.05,6283267.1
PF76,F20,SRVL-29,2103,6,8,2025-10-19 22:20:41.291440,352671.05,6283267.1
PF76,F20,SPZX-95,9610,25,60,2025-10-19 22:20:41.291441,352671.05,6283267.1
PI831,I03,FLXG-10,5226,11,15,2025-10-19 22:20:43.034851,340717.909,6295975.169
PI831,I03,FLXL-40,6477,13,19,2025-10-19 22:20:43.034855,340717.909,6295975.169
PH787,H14,FLXP-46,508,0,3,2025-10-19 22:20:44.408402,347189.869,6290776.627
PH787,H14,FLXR-37,6176,16,22,2025-10-19 22:20:44.408407,347189.869,6290776.627
PF302,F07,SPRY-59,783,0,4,2025-10-19 22:20:46.318749,355353.347,6283327.74
PE241,E01,VKJY-93,3283,9,13,2025-10-19 22:20:48.204366,351646.395,6286164.304
PE241,226,VFPH-21,2102,7,9,2025-10-19 22:20:48.204372,351646.395,6286164.304
PE241,226,VFRD-95,7650,20,28,2025-10-19 22:20:48.204373,351646.395,6286164.304
PE41,418,PFVH-15,1,0,3,2025-10-19 22:20:50.244074,355545.137,6290256.679
PE41,418,PFYC-33,2286,5,7,2025-10-19 22:20:50.244079,355545.137,6290256.679
PE41,E06,CJRB-10,4323,13,19,2025-10-19 22:20:50.244080,355545.137,6290256.679
PE41,E17,FLXT-33,3778,11,15,2025-10-19 22:20:50.244081,355545.137,6290256.679
PE41,E17,FLXT-39,6756,25,60,2025-10-19 22:20:50.244082,355545.137,6290256.679
PE41,118,FLXS-96,439,0,3,2025-10-19 22:20:50.244083,355545.137,6290256.679
PE41,118,BFKC-96,6740,19,27,2025-10-19 22:20:50.244084,355545.137,6290256.679
PD92,104,SKVD-63,6889,15,21,2025-10-19 22:20:52.246845,351428.706,6294092.868
PD92,104,SKWD-66,11191,25,60,2025-10-19 22:20:52.246850,351428.706,6294092.868
PD92,224,VFPV-93,7747,19,27,2025-10-19 22:20:52.246851,351428.706,6294092.868
PD92,224,VFRF-85,15071,25,60,2025-10-19 22:20:52.246852,351428.706,6294092.868
PD92,212,SRTK-26,10054,25,60,2025-10-19 22:20:52.246853,351428.706,6294092.868
PI1569,115,FLXV-48,10402,25,60,2025-10-19 22:20:53.793526,336291.795,6286273.219
PI1569,115,SZZY-86,17557,25,60,2025-10-19 22:20:53.793530,336291.795,6286273.219
PI1569,506V,PFXC-39,1703,4,6,2025-10-19 22:20:53.793531,336291.795,6286273.219
PI1569,506V,FLXV-66,2217,7,9,2025-10-19 22:20:53.793532,336291.795,6286273.219
PB171,116,LDJJ-78,200,0,3,2025-10-19 22:20:55.764919,347783.404,6301907.459
PB171,116,LCPW-36,7940,20,28,2025-10-19 22:20:55.764924,347783.404,6301907.459
PB171,B02,FLXR-81,5842,19,27,2025-10-19 22:20:55.764926,347783.404,6301907.459
PB171,B02,FLXR-83,6378,25,60,2025-10-19 22:20:55.764927,347783.404,6301907.459
PH171,204,VFPC-66,4838,13,17,2025-10-19 22:20:57.715804,348958.312,6291317.375
PE433,E03,BJFT-52,550,0,3,2025-10-19 22:21:01.497755,347850.61,6289003.167
PE433,E03,BJFW-72,7203,19,27,2025-10-19 22:21:01.497760,347850.61,6289003.167
PI414,I08,FLXZ-64,1997,0,4,2025-10-19 22:21:03.329878,338313.808,6294687.202
PI414,I09,FLXY-97,3384,7,9,2025-10-19 22:21:03.329883,338313.808,6294687.202
PI414,I09,FLXZ-21,3813,8,10,2025-10-19 22:21:03.329884,338313.808,6294687.202
PI414,106,PFYR-88,6848,12,18,2025-10-19 22:21:03.329885,338313.808,6294687.202
PI414,106,PFYR-86,10034,21,29,2025-10-19 22:21:03.329886,338313.808,6294687.202
PI414,401,PFVG-28,4266,10,14,2025-10-19 22:21:03.329886,338313.808,6294687.202
PI414,401,PFVC-43,15041,25,60,2025-10-19 22:21:03.329887,338313.808,6294687.202
PI414,405,PFBG-13,4909,12,16,2025-10-19 22:21:03.329888,338313.808,6294687.202
PI414,405,PFVL-17,10669,25,60,2025-10-19 22:21:03.329889,338313.808,6294687.202
PI414,419,PFVJ-10,3482,6,8,2025-10-19 22:21:03.329890,338313.808,6294687.202
PI414,421,PFVJ-22,1,0,3,2025-10-19 22:21:03.329890,338313.808,6294687.202
PI414,421,PGPT-18,13053,25,60,2025-10-19 22:21:03.329891,338313.808,6294687.202
PI414,423,PGPT-55,4661,7,9,2025-10-19 22:21:03.329892,338313.808,6294687.202
PD1260,D18,SVDD-18,4446,8,12,2025-10-19 22:21:04.713074,354888.074,6298994.506
PD1260,412,PFTW-35,175,0,3,2025-10-19 22:21:04.713079,354888.074,6298994.506
PD85,104,SKVD-63,3496,8,10,2025-10-19 22:21:06.637736,352405.752,6291163.49
PD85,104,SKWD-66,7804,16,22,2025-10-19 22:21:06.637742,352405.752,6291163.49
PD85,114,SRPK-75,359,0,3,2025-10-19 22:21:06.637743,352405.752,6291163.49
PD85,124,SRVH-45,2160,5,7,2025-10-19 22:21:06.637744,352405.752,6291163.49
PD85,712,SHCX-33,1080,0,3,2025-10-19 22:21:06.637745,352405.752,6291163.49
PD85,712,TFYL-48,1420,0,4,2025-10-19 22:21:06.637746,352405.752,6291163.49
PJ21,107,PGBZ-14,5831,16,22,2025-10-19 22:21:08.552847,341305.804,6298443.229
PJ21,107,PGBY-37,6828,18,26,2025-10-19 22:21:08.552852,341305.804,6298443.229
PJ21,101,PFTW-71,3227,11,15,2025-10-19 22:21:08.552853,341305.804,6298443.229
PI18,101,PFYT-10,7006,17,23,2025-10-19 22:21:09.993878,340356.112,6292244.983
PI18,101,PFYR-76,16568,25,60,2025-10-19 22:21:09.993883,340356.112,6292244.983
PI18,I04,FLXF-62,1852,5,7,2025-10-19 22:21:09.993884,340356.112,6292244.983
PI488,419,PFYS-90,108,0,3,2025-10-19 22:21:11.966375,335063.117,6288084.909
PI488,506,GCBD-99,1351,0,5,2025-10-19 22:21:11.966381,335063.117,6288084.909
PI341,401,PFVD-37,3132,8,10,2025-10-19 22:21:14.040810,343247.77,6297216.32
PI341,401,PFYS-24,15648,25,60,2025-10-19 22:21:14.040815,343247.77,6297216.32
PI341,I09,VHSZ-49,494,0,3,2025-10-19 22:21:14.040816,343247.77,6297216.32
PI341,I09,FLXZ-14,3454,7,9,2025-10-19 22:21:14.040817,343247.77,6297216.32
PI341,I16,FLXL-80,5888,15,21,2025-10-19 22:21:14.040818,343247.77,6297216.32
PI341,407,TBFT-63,6105,19,27,2025-10-19 22:21:14.040818,343247.77,6297216.32
PI341,421,PGPT-34,300,0,3,2025-10-19 22:21:14.040819,343247.77,6297216.32
PI341,421,PFYS-94,13110,25,60,2025-10-19 22:21:14.040820,343247.77,6297216.32
PI341,J10,VJBB-81,1738,5,7,2025-10-19 22:21:14.040821,343247.77,6297216.32
PI341,210V,VFRD-65,131,0,3,2025-10-19 22:21:14.040822,343247.77,6297216.32
PI341,I14,CJRZ-69,2224,8,10,2025-10-19 22:21:14.040823,343247.77,6297216.32
PI341,I14,BJFS-53,7016,25,60,2025-10-19 22:21:14.040823,343247.77,6297216.32
PI341,J13,FLXW-23,5997,16,22,2025-10-19 22:21:14.040824,343247.77,6297216.32
PG938,G08V,FLXV-28,4148,9,11,2025-10-19 22:21:15.952012,343447.933,6282292.98
PG938,G08V,FLXV-23,10178,25,60,2025-10-19 22:21:15.952017,343447.933,6282292.98
PJ758,J06,FLXT-58,4370,17,25,2025-10-19 22:21:19.465570,340963.485,6298676.406
PG69,201,GCBB-31,1,0,3,2025-10-19 22:21:22.652128,346014.11,6290386.06
PG69,201,GCBB-97,7487,18,26,2025-10-19 22:21:22.652133,346014.11,6290386.06
PG69,301,BJFX-17,4258,9,13,2025-10-19 22:21:22.652135,346014.11,6290386.06
PG69,301,BJFS-71,9203,25,60,2025-10-19 22:21:22.652136,346014.11,6290386.06
PG69,223,SHXB-28,1938,7,9,2025-10-19 22:21:22.652137,346014.11,6290386.06
PB2043,B03,LXDJ-17,525,0,3,2025-10-19 22:21:24.696939,336821.482,6303213.621
PB2043,105,SJPC-38,91,0,3,2025-10-19 22:21:24.696944,336821.482,6303213.621
PI1138,I13,FLXK-45,4628,15,21,2025-10-19 22:21:26.660711,339844.105,6293142.593
PB684,B01,SJTD-61,805,0,4,2025-10-19 22:21:28.555525,345703.299,6304627.826
PB684,B01,SJTD-56,2172,8,10,2025-10-19 22:21:28.555531,345703.299,6304627.826
PE206,E11,VKJX-23,1232,0,5,2025-10-19 22:21:30.540380,350321.526,6285971.533
PE206,E11,VKJX-84,3899,14,20,2025-10-19 22:21:30.540385,350321.526,6285971.533
PE206,225,SFWB-29,1,0,3,2025-10-19 22:21:30.540387,350321.526,6285971.533
PE206,225,SFWZ-17,3546,13,17,2025-10-19 22:21:30.540388,350321.526,6285971.533
PE206,F05,SPZX-96,2658,14,20,2025-10-19 22:21:30.540389,350321.526,6285971.533
PI928,I04,FLXF-62,4213,11,15,2025-10-19 22:21:32.464340,340455.706,6291903.229
PB1217,B33,SHCX-26,1660,0,4,2025-10-19 22:21:34.415115,342231.994,6309911.107
PB1217,B33,SHXF-21,10620,25,60,2025-10-19 22:21:34.415120,342231.994,6309911.107
PB1217,B12,SKDG-28,4625,8,12,2025-10-19 22:21:34.415122,342231.994,6309911.107
PB1217,B42,VHSZ-46,1033,0,3,2025-10-19 22:21:34.415123,342231.994,6309911.107
PG2122,G34,THTD-94,4783,13,19,2025-10-19 22:21:36.338969,343330.001,6287166.001
PG1567,G07,THTF-23,1,0,3,2025-10-19 22:21:38.226717,339151.101,6276142.494
PG1567,G07,THTG-88,10430,25,60,2025-10-19 22:21:38.226722,339151.101,6276142.494
PG1692,F03,FLXJ-38,2338,4,6,2025-10-19 22:21:39.634778,347955.7,6278114.466
PG1692,F03,SPVT-78,7335,14,20,2025-10-19 22:21:39.634782,347955.7,6278114.466
PD14,117,SPBS-36,1989,7,9,2025-10-19 22:21:41.596040,350730.22,6295114.95
PD14,117,SPBS-64,9406,25,60,2025-10-19 22:21:41.596045,350730.22,6295114.95
PD14,103,PGBY-89,1260,0,5,2025-10-19 22:21:41.596046,350730.22,6295114.95
PC951,C14,SKPP-26,6813,14,20,2025-10-19 22:21:43.454383,353500.316,6302414.196
PI1021,I02,FLXZ-20,2122,7,9,2025-10-19 22:21:45.426854,337402.762,6295229.605
PI1021,I02,FLXY-98,10051,25,60,2025-10-19 22:21:45.426860,337402.762,6295229.605
PG986,G08V,FLXV-13,1,0,3,2025-10-19 22:21:47.378197,343218.639,6278888.572
PG986,G08V,FLXV-19,1956,5,7,2025-10-19 22:21:47.378202,343218.639,6278888.572
PG986,G38,THTG-91,7591,19,27,2025-10-19 22:21:47.378204,343218.639,6278888.572
PG986,G38,THTG-12,14617,25,60,2025-10-19 22:21:47.378205,343218.639,6278888.572
PG986,G08,THTF-78,4649,13,17,2025-10-19 22:21:47.378207,343218.639,6278888.572
PG986,G08,THTG-90,12428,25,60,2025-10-19 22:21:47.378208,343218.639,6278888.572
PG505,F03,SPVT-88,3371,8,10,2025-10-19 22:21:49.305917,348015.812,6279128.133
PH205,205,VFRB-68,7312,14,20,2025-10-19 22:21:51.246492,347479.22,6294158.673
PH205,205,VGBX-48,14495,25,60,2025-10-19 22:21:51.246497,347479.22,6294158.673
PH205,227,VFPJ-31,1823,0,5,2025-10-19 22:21:51.246498,347479.22,6294158.673
PH205,227,VFPG-48,7657,17,25,2025-10-19 22:21:51.246499,347479.22,6294158.673
PH205,207,TBYY-58,3623,7,9,2025-10-19 22:21:51.246501,347479.22,6294158.673
PH205,207,SFWZ-53,18741,25,60,2025-10-19 22:21:51.246501,347479.22,6294158.673
PH205,209,SDGY-40,214,0,3,2025-10-19 22:21:51.246505,347479.22,6294158.673
PH205,209,SVPX-55,2384,6,8,2025-10-19 22:21:51.246506,347479.22,6294158.673
PI1405,I21,FLXL-63,5050,12,16,2025-10-19 22:21:53.167630,333567.629,6286801.062
PB325,B11,SKDH-69,1020,7,9,2025-10-19 22:21:58.945725,347207.879,6302486.22
PB325,B11,SKDF-95,11972,25,60,2025-10-19 22:21:58.945730,347207.879,6302486.22
PB325,203,SRTK-21,2063,6,8,2025-10-19 22:21:58.945731,347207.879,6302486.22
PB325,203,SRTG-97,7409,25,60,2025-10-19 22:21:58.945732,347207.879,6302486.22
PB325,208,LZPS-15,175,0,4,2025-10-19 22:21:58.945734,347207.879,6302486.22
PB325,208,SRTH-17,5292,18,26,2025-10-19 22:21:58.945735,347207.879,6302486.22
PJ427,J07E,VJJW-88,1022,0,4,2025-10-19 22:22:00.327863,335371.066,6298188.085
PJ427,J07E,VHXF-24,21064,25,60,2025-10-19 22:22:00.327867,335371.066,6298188.085
PJ427,507,FLXV-99,247,0,3,2025-10-19 22:22:00.327869,335371.066,6298188.085
PJ427,514,FLXS-79,1122,0,3,2025-10-19 22:22:00.327869,335371.066,6298188.085
PJ427,514,FLXX-36,3594,8,12,2025-10-19 22:22:00.327870,335371.066,6298188.085
PG1764,211,TBYY-61,2320,5,7,2025-10-19 22:22:02.607458,342096.76,6277947.109
PG1764,G02,FLXX-21,6298,13,17,2025-10-19 22:22:02.607464,342096.76,6277947.109
PG1764,G46,FLXY-55,5552,8,12,2025-10-19 22:22:02.607465,342096.76,6277947.109
PG1764,G07,THTF-21,644,0,3,2025-10-19 22:22:02.607466,342096.76,6277947.109
PG1764,G07,THTG-75,11210,19,27,2025-10-19 22:22:02.607467,342096.76,6277947.109
PC917,C13,SJPC-21,5023,12,16,2025-10-19 22:22:04.583566,360214.8,6309567.884
PC260,502,TBFX-22,734,0,3,2025-10-19 22:22:06.598010,352953.282,6303686.57
PC260,502,TBFV-34,920,0,3,2025-10-19 22:22:06.598015,352953.282,6303686.57
PB320,203,SRTK-21,716,0,4,2025-10-19 22:22:08.626995,347166.82,6301123.76
PB320,203,SRTG-97,5916,20,28,2025-10-19 22:22:08.626999,347166.82,6301123.76
PB320,208,SRTH-17,3763,13,17,2025-10-19 22:22:08.627000,347166.82,6301123.76
PB320,208,SRTK-14,5251,17,25,2025-10-19 22:22:08.627001,347166.82,6301123.76
PI1489,101,PFYT-10,1832,5,7,2025-10-19 22:22:09.998725,341536.615,6295932.297
PI1489,101,PFYR-76,11515,25,60,2025-10-19 22:22:09.998731,341536.615,6295932.297
PF976,F20,SPZX-71,358,0,3,2025-10-19 22:22:11.924104,355516.328,6281962.778
PF976,F20,SPZY-15,4485,11,15,2025-10-19 22:22:11.924109,355516.328,6281962.778
PI1471,I21,FLXL-56,1980,4,6,2025-10-19 22:22:13.813793,333348.334,6289365.17
PB1951,B26,FLXP-68,5501,16,22,2025-10-19 22:22:15.907425,346068.208,6300822.264
PB1951,B02,FLXR-79,3181,25,60,2025-10-19 22:22:15.907431,346068.208,6300822.264
PB1951,B14,HPFJ-99,1024,0,5,2025-10-19 22:22:15.907432,346068.208,6300822.264
PB1951,B14,HRKS-55,7422,19,27,2025-10-19 22:22:15.907433,346068.208,6300822.264
PB1951,201,GCBB-51,281,0,3,2025-10-19 22:22:15.907435,346068.208,6300822.264
PB1951,201,GCBC-19,9293,25,60,2025-10-19 22:22:15.907436,346068.208,6300822.264
PB1951,214,GCBB-70,3342,10,14,2025-10-19 22:22:15.907437,346068.208,6300822.264
PB1951,230,GCBB-38,912,0,4,2025-10-19 22:22:15.907438,346068.208,6300822.264
PB1951,308,FLXH-96,11542,17,25,2025-10-19 22:22:15.907439,346068.208,6300822.264
PG711,G02,FLXX-29,6131,13,19,2025-10-19 22:22:17.862306,345177.65,6276226.8
PG711,G02,FLXX-25,12606,25,60,2025-10-19 22:22:17.862310,345177.65,6276226.8
PG711,G14,FLXX-31,3256,7,9,2025-10-19 22:22:17.862311,345177.65,6276226.8
PG711,G14,FLXX-11,8341,20,28,2025-10-19 22:22:17.862312,345177.65,6276226.8
PG711,G24,FLXP-35,5094,13,19,2025-10-19 22:22:17.862313,345177.65,6276226.8
PJ858,J08,PFXB-59,5749,12,16,2025-10-19 22:22:19.476356,339354.525,6297161.925
PB982,B06,SKDJ-25,938,0,4,2025-10-19 22:22:21.130837,345895.245,6304125.561
PB982,B06,SKDJ-73,9634,25,60,2025-10-19 22:22:21.130843,345895.245,6304125.561
PI348,428,SHCV-85,4360,7,9,2025-10-19 22:22:24.447978,336095.761,6295969.671
PI348,428,SLLY-78,15626,25,60,2025-10-19 22:22:24.447983,336095.761,6295969.671
PI348,444,SJPF-43,2631,0,4,2025-10-19 22:22:24.447984,336095.761,6295969.671
PE183,224,VFRF-85,6785,15,21,2025-10-19 22:22:28.268014,351407.444,6289444.311
PE183,211,TBYY-75,2027,0,5,2025-10-19 22:22:28.268018,351407.444,6289444.311
PE183,211,SVPW-61,4176,8,12,2025-10-19 22:22:28.268019,351407.444,6289444.311
PE183,118,FLXD-58,9439,20,28,2025-10-19 22:22:28.268020,351407.444,6289444.311
PE183,118,BJFD-43,14045,25,60,2025-10-19 22:22:28.268021,351407.444,6289444.311
PD687,514,PFXB-23,2950,6,8,2025-10-19 22:22:30.289050,352403.909,6291427.834
PE767,E13,VFKV-40,4837,17,25,2025-10-19 22:22:32.185550,350462.183,6286528.504
PF23,226,VFPX-53,1926,5,7,2025-10-19 22:22:34.149726,354486.916,6282678.247
PF23,F20,LBTT-14,1353,0,5,2025-10-19 22:22:34.149731,354486.916,6282678.247
PF23,712,SHCW-72,36,0,3,2025-10-19 22:22:34.149732,354486.916,6282678.247
PF23,712,SHCW-81,7421,19,27,2025-10-19 22:22:34.149733,354486.916,6282678.247
PF23,F10,SRPK-19,1384,0,5,2025-10-19 22:22:34.149734,354486.916,6282678.247
PF23,F10,SRRY-62,4038,14,20,2025-10-19 22:22:34.149735,354486.916,6282678.247
PF304,F14,SPRY-46,400,0,3,2025-10-19 22:22:36.088098,354646.792,6283314.862
PF304,F05,SPZY-65,4002,12,16,2025-10-19 22:22:36.088103,354646.792,6283314.862
PD895,D16,SPBL-65,332,0,3,2025-10-19 22:22:38.040206,352361.963,6295116.49
PF843,F27,SPRY-43,1,0,3,2025-10-19 22:22:40.671429,351776.336,6282900.498
PF843,204,VFPK-81,5611,13,17,2025-10-19 22:22:40.671435,351776.336,6282900.498
PC728,C05,LDTB-92,961,0,3,2025-10-19 22:22:42.211904,355516.621,6300015.291
PC728,D11,SVDD-76,2960,7,9,2025-10-19 22:22:42.211919,355516.621,6300015.291
PC728,D11,SVDC-55,6620,16,22,2025-10-19 22:22:42.211920,355516.621,6300015.291
PH199,227,VFPG-48,5069,12,18,2025-10-19 22:22:43.626085,347766.16,6291761.38
PH199,227,VFRF-15,8201,25,60,2025-10-19 22:22:43.626089,347766.16,6291761.38
PH199,207,TBYY-58,810,0,3,2025-10-19 22:22:43.626090,347766.16,6291761.38
PH199,207,SFWZ-53,16136,25,60,2025-10-19 22:22:43.626091,347766.16,6291761.38
PH199,209,SDGY-10,5426,13,17,2025-10-19 22:22:43.626092,347766.16,6291761.38
PH199,209,SRTK-34,9321,25,60,2025-10-19 22:22:43.626093,347766.16,6291761.38
PH199,205,VFRB-68,4427,9,13,2025-10-19 22:22:43.626094,347766.16,6291761.38
PH199,205,VGBX-48,11894,25,60,2025-10-19 22:22:43.626094,347766.16,6291761.38
PH173,204,VFPC-66,5415,13,19,2025-10-19 22:22:45.281946,349147.893,6290312.248
PH776,H14,FLXR-37,1184,0,4,2025-10-19 22:22:47.184844,350106.261,6290926.677
PG645,G01,THTD-25,331,0,3,2025-10-19 22:22:50.337792,343393.148,6286708.651
PI1179,I16,FLXL-80,6015,15,21,2025-10-19 22:22:52.250569,343812.37,6297110.604
PI87,J19,VGVG-35,3120,8,10,2025-10-19 22:22:55.695531,343795.412,6298228.252
PI87,I03,FLXL-32,2063,6,8,2025-10-19 22:22:55.695537,343795.412,6298228.252
PI87,I03,FLXG-10,9888,25,60,2025-10-19 22:22:55.695538,343795.412,6298228.252
PI87,I10,FLXD-74,5303,13,19,2025-10-19 22:22:55.695539,343795.412,6298228.252
PI87,I10,FLXH-11,13535,25,60,2025-10-19 22:22:55.695540,343795.412,6298228.252
PI87,514,FLXX-39,7910,17,25,2025-10-19 22:22:55.695540,343795.412,6298228.252
PI87,514,FLXS-79,10655,25,60,2025-10-19 22:22:55.695541,343795.412,6298228.252
PB860,B10,STHF-31,51,0,3,2025-10-19 22:22:57.638044,345316.785,6301118.989
PB860,B04,SHCX-27,1591,0,4,2025-10-19 22:22:57.638050,345316.785,6301118.989
PI1220,I16,FLXF-23,4090,11,15,2025-10-19 22:23:00.500489,342383.83,6295156.326
PG276,E13,VFJP-23,360,0,3,2025-10-19 22:23:02.721701,350436.543,6285514.249
PG276,E13,VFKV-40,5783,21,29,2025-10-19 22:23:02.721705,350436.543,6285514.249
PG276,225,SFWB-29,44,0,3,2025-10-19 22:23:02.721706,350436.543,6285514.249
PG276,225,SFWZ-17,3281,12,16,2025-10-19 22:23:02.721707,350436.543,6285514.249
PG276,F05,SPZX-96,2684,9,13,2025-10-19 22:23:02.721708,350436.543,6285514.249
PG276,E11,VKJX-23,1196,0,5,2025-10-19 22:23:02.721709,350436.543,6285514.249
PG276,E11,VKJX-77,4115,15,21,2025-10-19 22:23:02.721710,350436.543,6285514.249
PD379,425,SHXG-40,3296,12,16,2025-10-19 22:23:04.700904,353547.497,6294316.699
PD379,425,SJPB-22,3429,13,17,2025-10-19 22:23:04.700909,353547.497,6294316.699
PD379,429,SLPC-18,772,0,3,2025-10-19 22:23:04.700910,353547.497,6294316.699
PD379,429,SLGS-95,10644,25,60,2025-10-19 22:23:04.700911,353547.497,6294316.699
PA396,517,VJJV-18,10052,19,27,2025-10-19 22:23:06.257053,346337.705,6299501.462
PA396,503,VHLR-28,3268,6,8,2025-10-19 22:23:06.257058,346337.705,6299501.462
PA396,503,VGVF-73,7035,16,22,2025-10-19 22:23:06.257059,346337.705,6299501.462
PA396,502,TBFX-22,8643,25,60,2025-10-19 22:23:06.257060,346337.705,6299501.462
PA396,502,TBFV-34,9443,25,60,2025-10-19 22:23:06.257061,346337.705,6299501.462
PF503,F29,TFSZ-92,854,0,3,2025-10-19 22:23:07.930869,356321.595,6279657.911
PF503,712,SHCW-81,344,0,3,2025-10-19 22:23:07.930874,356321.595,6279657.911
PD601,508,PFXC-20,2779,6,8,2025-10-19 22:23:11.144481,352228.314,6293283.295
PD601,508,GCBF-28,5746,13,19,2025-10-19 22:23:11.144487,352228.314,6293283.295
PA207,227,VFPJ-31,3778,9,11,2025-10-19 22:23:13.092034,347753.307,6296103.221
PA207,227,VFPG-48,9741,25,60,2025-10-19 22:23:13.092040,347753.307,6296103.221
PJ379,504,GCBD-15,1034,0,3,2025-10-19 22:23:15.020768,335404.118,6299530.232
PJ379,514,FLXH-85,4906,11,15,2025-10-19 22:23:15.020773,335404.118,6299530.232
PJ379,514,FLXX-95,13420,25,60,2025-10-19 22:23:15.020774,335404.118,6299530.232
PJ379,407,GCBD-20,2432,6,8,2025-10-19 22:23:15.020776,335404.118,6299530.232
PJ379,407,PFXC-43,7045,16,24,2025-10-19 22:23:15.020777,335404.118,6299530.232
PF385,F24,SPRV-67,3707,10,14,2025-10-19 22:23:16.646438,353010.682,6281208.362
PD1267,D09,STYX-82,3252,7,9,2025-10-19 22:23:18.312142,351089.679,6297873.277
PJ635,J19,VGVG-53,686,0,3,2025-10-19 22:23:20.206233,335907.987,6297018.679
PJ635,J01,FLXV-49,2306,6,8,2025-10-19 22:23:20.206238,335907.987,6297018.679
PJ635,J01,FLXD-32,9781,25,60,2025-10-19 22:23:20.206239,335907.987,6297018.679
PB645,B12,SPCG-35,4390,8,10,2025-10-19 22:23:22.118979,336969.469,6306955.192
PB645,B12,SKDH-34,12236,18,26,2025-10-19 22:23:22.118983,336969.469,6306955.192
PB645,314,TWPD-56,787,4,6,2025-10-19 22:23:22.118984,336969.469,6306955.192
PB645,314,VHTB-24,6645,16,22,2025-10-19 22:23:22.118985,336969.469,6306955.192
PH372,H09,VGRB-63,2056,6,8,2025-10-19 22:23:25.293099,344690.195,6292256.439
PH372,H09,VGRF-85,4238,12,16,2025-10-19 22:23:25.293104,344690.195,6292256.439
PH372,H24,VGRD-25,1912,6,8,2025-10-19 22:23:25.293106,344690.195,6292256.439
PH372,H13,BJFS-77,4108,10,14,2025-10-19 22:23:25.293107,344690.195,6292256.439
PJ657,J02,VHXD-95,2189,4,6,2025-10-19 22:23:27.188948,341285.664,6299046.621
PJ657,J02,VHXJ-20,6962,15,21,2025-10-19 22:23:27.188954,341285.664,6299046.621
PG285,226,VGBW-39,2832,9,11,2025-10-19 22:23:28.963118,347240.386,6290145.433
PG285,226,VGBW-48,7394,18,26,2025-10-19 22:23:28.963124,347240.386,6290145.433
PG285,227,VFPG-48,2369,7,9,2025-10-19 22:23:28.963125,347240.386,6290145.433
PG285,227,VFRF-15,4998,14,20,2025-10-19 22:23:28.963126,347240.386,6290145.433
PG285,329,FLXR-59,6528,18,26,2025-10-19 22:23:28.963127,347240.386,6290145.433
PG285,329,FLXT-21,13523,25,60,2025-10-19 22:23:28.963128,347240.386,6290145.433
PG285,G11,THTD-97,788,0,3,2025-10-19 22:23:28.963129,347240.386,6290145.433
PG1605,211,TBYY-77,5438,13,19,2025-10-19 22:23:30.355897,341558.449,6276443.576
PG1605,211,TBLT-54,5905,14,20,2025-10-19 22:23:30.355903,341558.449,6276443.576
PG1605,G02,FLXX-29,316,0,3,2025-10-19 22:23:30.355905,341558.449,6276443.576
PG1605,G02,FLXX-25,6300,15,21,2025-10-19 22:23:30.355906,341558.449,6276443.576
PD1134,D13,FLXK-46,7912,19,27,2025-10-19 22:23:32.332259,350090.798,6294901.908
PB785,B35,SHCY-25,4364,9,13,2025-10-19 22:23:34.229212,346275.614,6306035.102
PB785,C18,SHXF-20,2905,8,10,2025-10-19 22:23:34.229218,346275.614,6306035.102
PE180,118,FLXD-58,7884,18,26,2025-10-19 22:23:36.171356,350858.355,6288501.38
PE180,118,BJFD-43,12651,25,60,2025-10-19 22:23:36.171361,350858.355,6288501.38
PE180,211,TBYY-75,787,0,3,2025-10-19 22:23:36.171362,350858.355,6288501.38
PE180,211,SVPW-61,2438,6,8,2025-10-19 22:23:36.171363,350858.355,6288501.38
PD351,114,SRPK-75,6621,19,27,2025-10-19 22:23:39.590661,351306.75,6296975.12
PD662,D07,STKS-99,1928,8,10,2025-10-19 22:23:41.391891,352970.993,6294716.695
PD662,514,PFXB-96,3618,10,14,2025-10-19 22:23:41.391896,352970.993,6294716.695
PD662,514,TBFS-52,3648,10,14,2025-10-19 22:23:41.391897,352970.993,6294716.695
PC910,C28,SGPW-40,1791,0,3,2025-10-19 22:23:45.251279,356130.866,6310297.36
PG1658,205,VFPB-85,4033,8,10,2025-10-19 22:23:48.934061,348755.905,6283652.548
PG1658,205,VGKX-42,4252,9,11,2025-10-19 22:23:48.934066,348755.905,6283652.548
PG1658,233,THTD-40,9372,25,60,2025-10-19 22:23:48.934067,348755.905,6283652.548
PG1658,233,THTF-62,19276,25,60,2025-10-19 22:23:48.934068,348755.905,6283652.548
PI1352,106,PFVH-97,4298,10,14,2025-10-19 22:23:50.330003,336790.811,6290317.593
PI1352,401,PFYS-24,4344,11,15,2025-10-19 22:23:50.330008,336790.811,6290317.593
PD683,514,PFXB-23,1553,0,4,2025-10-19 22:23:52.355282,353368.32,6291474.212
PG97,G01,THTF-81,1101,0,3,2025-10-19 22:23:53.837770,348485.732,6286164.403
PG97,G01,THTD-25,9640,25,60,2025-10-19 22:23:53.837775,348485.732,6286164.403
PG97,203,LZPT-45,1165,0,5,2025-10-19 22:23:53.837776,348485.732,6286164.403
PG97,203,LZRB-85,7103,15,21,2025-10-19 22:23:53.837777,348485.732,6286164.403
PG97,206,LZPT-66,811,0,4,2025-10-19 22:23:53.837778,348485.732,6286164.403
PG97,206,LZPG-27,6072,15,21,2025-10-19 22:23:53.837779,348485.732,6286164.403
PG97,212,SDGY-28,2189,6,8,2025-10-19 22:23:53.837780,348485.732,6286164.403
PG97,212,SVPX-49,4256,12,16,2025-10-19 22:23:53.837781,348485.732,6286164.403
PG97,216,SRTK-17,617,0,4,2025-10-19 22:23:53.837782,348485.732,6286164.403
PG97,216,SDGY-31,3697,9,13,2025-10-19 22:23:53.837783,348485.732,6286164.403
PG97,233,THTD-40,6755,25,60,2025-10-19 22:23:53.837784,348485.732,6286164.403
PG97,233,THTF-62,16643,25,60,2025-10-19 22:23:53.837784,348485.732,6286164.403
PI106,108,PGPT-44,6194,19,27,2025-10-19 22:23:55.551560,336880.89,6290719.56
PI106,109,GCBD-97,4524,9,13,2025-10-19 22:23:55.551565,336880.89,6290719.56
PI106,118,FLXX-38,5178,12,16,2025-10-19 22:23:55.551566,336880.89,6290719.56
PA718,201,GCBB-16,2152,7,9,2025-10-19 22:23:57.484708,345993.714,6298901.527
PA718,201,GCBB-31,7549,21,29,2025-10-19 22:23:57.484714,345993.714,6298901.527
PJ757,J06,FLXT-58,3368,11,15,2025-10-19 22:23:59.375588,340768.593,6298726.103
PC501,501,TBFW-77,3754,11,15,2025-10-19 22:24:00.796069,348848.79,6298561.83
PC501,504,GCBC-52,2605,7,9,2025-10-19 22:24:00.796075,348848.79,6298561.83
PC501,504,GCBD-91,3505,9,13,2025-10-19 22:24:00.796076,348848.79,6298561.83
PC501,518,TBFP-85,4403,13,19,2025-10-19 22:24:00.796077,348848.79,6298561.83
PG1623,G11,THTD-97,7524,25,60,2025-10-19 22:24:02.208655,348530.293,6285884.845
PD416,227,VFPH-66,4966,12,16,2025-10-19 22:24:05.492779,355810.247,6297594.989
PD416,227,VFPJ-31,13008,25,60,2025-10-19 22:24:05.492785,355810.247,6297594.989
PD416,422,GCBC-96,3610,8,12,2025-10-19 22:24:05.492786,355810.247,6297594.989
PD416,422,FLXV-88,8207,25,60,2025-10-19 22:24:05.492787,355810.247,6297594.989
PD416,D01,SVDC-57,2835,7,9,2025-10-19 22:24:05.492788,355810.247,6297594.989
PD416,D01,SVDC-12,11241,25,60,2025-10-19 22:24:05.492789,355810.247,6297594.989
PD416,D02,SVDC-74,3932,9,13,2025-10-19 22:24:05.492790,355810.247,6297594.989
PD416,D15,SVDD-90,2300,5,7,2025-10-19 22:24:05.492792,355810.247,6297594.989
PD416,D15,SVDC-83,15158,25,60,2025-10-19 22:24:05.492793,355810.247,6297594.989
PD416,403,PFYC-77,5005,14,20,2025-10-19 22:24:05.492794,355810.247,6297594.989
PD416,403,PFTW-40,12016,25,60,2025-10-19 22:24:05.492795,355810.247,6297594.989
PD1301,D10,SPBL-70,12375,25,60,2025-10-19 22:24:07.386363,351958.607,6293114.898
PE816,E16,VFJS-29,5950,16,24,2025-10-19 22:24:09.310332,349189.293,6287141.524
PB433,303,FLXD-66,1099,0,3,2025-10-19 22:24:11.221262,343990.378,6301058.639
PB433,307,TWPC-60,6040,18,26,2025-10-19 22:24:11.221268,343990.378,6301058.639
PB433,307,FLXL-27,6179,18,26,2025-10-19 22:24:11.221269,343990.378,6301058.639
PB433,314,TWPD-34,6038,19,27,2025-10-19 22:24:11.221270,343990.378,6301058.639
PB433,314,TWPD-79,17053,25,60,2025-10-19 22:24:11.221271,343990.378,6301058.639
PC710,517,VJJV-18,6339,12,16,2025-10-19 22:24:15.177367,349252.936,6299804.952
PD780,D08,SPBS-69,2723,6,8,2025-10-19 22:24:17.134444,356931.851,6297864.872
PG1259,G15,THTG-16,2610,9,13,2025-10-19 22:24:18.922647,348396.81,6284841.891
PE184,103,PGBY-38,2573,10,14,2025-10-19 22:24:20.339332,351687.297,6289760.732
PE184,103,PGBY-89,11299,25,60,2025-10-19 22:24:20.339337,351687.297,6289760.732
PE184,211,TBYY-75,2023,0,5,2025-10-19 22:24:20.339339,351687.297,6289760.732
PE184,211,SVPW-61,3314,8,10,2025-10-19 22:24:20.339339,351687.297,6289760.732
PE184,225,SFWZ-45,3321,8,12,2025-10-19 22:24:20.339341,351687.297,6289760.732
PE184,E03,FLXK-59,1591,5,7,2025-10-19 22:24:20.339342,351687.297,6289760.732
PE184,118,FLXD-58,8957,25,60,2025-10-19 22:24:20.339343,351687.297,6289760.732
PE184,118,BJFD-43,13846,25,60,2025-10-19 22:24:20.339343,351687.297,6289760.732
PI1373,I03,FLXJ-27,3520,13,19,2025-10-19 22:24:24.185739,338379.911,6290828.136
PI1373,I03,FLXG-16,8427,25,60,2025-10-19 22:24:24.185743,338379.911,6290828.136
PD318,505,VJJX-78,3249,9,11,2025-10-19 22:24:26.177727,351385.728,6297162.245
PD318,505,VHXJ-70,9141,25,60,2025-10-19 22:24:26.177732,351385.728,6297162.245
PD318,513,LZPH-21,2101,8,10,2025-10-19 22:24:26.177733,351385.728,6297162.245
PD318,513,LZPH-20,9071,25,60,2025-10-19 22:24:26.177734,351385.728,6297162.245
PD318,227,VFPL-57,5465,13,17,2025-10-19 22:24:26.177735,351385.728,6297162.245
PD318,514,FLXK-42,3165,7,9,2025-10-19 22:24:26.177736,351385.728,6297162.245
PD318,514,PFXB-23,11121,25,60,2025-10-19 22:24:26.177737,351385.728,6297162.245
PD318,D03,SVDC-30,1656,0,5,2025-10-19 22:24:26.177738,351385.728,6297162.245
PD318,D03,SVDC-71,7100,16,24,2025-10-19 22:24:26.177739,351385.728,6297162.245
PF997,F01,SPVV-63,4420,13,17,2025-10-19 22:24:28.144236,358988.5,6280148.801
PF997,F01,SPVW-92,11391,25,60,2025-10-19 22:24:28.144241,358988.5,6280148.801
PF997,F24,SPRV-91,7048,14,20,2025-10-19 22:24:28.144243,358988.5,6280148.801
PF997,F29,SPVW-98,3990,9,13,2025-10-19 22:24:28.144244,358988.5,6280148.801
PF997,F29,SRPJ-75,12746,25,60,2025-10-19 22:24:28.144244,358988.5,6280148.801
PF997,712,SHCW-80,9557,25,60,2025-10-19 22:24:28.144245,358988.5,6280148.801
PF997,712,SHCW-69,11313,25,60,2025-10-19 22:24:28.144246,358988.5,6280148.801
PB1618,B01,SKHF-49,3981,12,16,2025-10-19 22:24:30.065420,349256.602,6303178.033
PG207,211,TBYY-72,19,0,3,2025-10-19 22:24:33.683965,341733.64,6280053.5
PG207,211,TBYY-61,3856,8,10,2025-10-19 22:24:33.683971,341733.64,6280053.5
PG207,G08V,FLXV-23,4577,12,16,2025-10-19 22:24:33.683974,341733.64,6280053.5
PG299,G08V,FLXV-14,3,0,3,2025-10-19 22:24:35.336000,346289.339,6285618.126
PG299,G08,THTF-10,1451,4,6,2025-10-19 22:24:35.336005,346289.339,6285618.126
PB612,429,SLPC-27,5969,20,28,2025-10-19 22:24:37.215751,336681.627,6305597.197
PB612,429,SLPB-98,13716,25,60,2025-10-19 22:24:37.215756,336681.627,6305597.197
PI250,111,FLXY-30,6045,17,25,2025-10-19 22:24:39.188563,337457.143,6294283.629
PI250,I02,FLXZ-32,3602,8,12,2025-10-19 22:24:39.188569,337457.143,6294283.629
PE141,210V,VFPW-63,3631,9,13,2025-10-19 22:24:41.133934,352835.642,6285518.646
PG137,205,VGBX-48,3874,6,8,2025-10-19 22:24:43.119081,348701.714,6284440.673
PG137,207,SFWZ-53,8167,25,60,2025-10-19 22:24:43.119087,348701.714,6284440.673
PG137,209,SRTK-34,1461,0,3,2025-10-19 22:24:43.119088,348701.714,6284440.673
PG137,209,SDGY-11,5577,13,19,2025-10-19 22:24:43.119089,348701.714,6284440.673
PE39,418,PFYC-75,2042,8,10,2025-10-19 22:24:44.571720,355069.701,6290865.979
PJ494,508,FLXX-47,649,0,3,2025-10-19 22:24:46.553895,340401.775,6300154.329
PJ494,508,FLXX-85,1522,0,5,2025-10-19 22:24:46.553900,340401.775,6300154.329
PJ494,J03,TBFT-47,1916,0,5,2025-10-19 22:24:46.553901,340401.775,6300154.329
PC445,401,PFYR-70,867,0,3,2025-10-19 22:24:48.585889,356216.68,6300557.32
PC445,401,PFVD-37,17941,25,60,2025-10-19 22:24:48.585893,356216.68,6300557.32
PD619,D16,SPBL-65,8573,20,28,2025-10-19 22:24:50.711031,355015.931,6291426.378
PD619,103,SPBF-69,3876,8,12,2025-10-19 22:24:50.711036,355015.931,6291426.378
PD619,103,PGBY-38,7250,21,29,2025-10-19 22:24:50.711037,355015.931,6291426.378
PD619,D26,PGTV-30,8440,15,21,2025-10-19 22:24:50.711038,355015.931,6291426.378
PD619,D26,PGLD-70,14691,25,60,2025-10-19 22:24:50.711039,355015.931,6291426.378
PG797,G07,THTH-70,3905,15,21,2025-10-19 22:24:52.614685,343067.367,6282550.24
PG1284,G28,BJFZ-83,1444,0,5,2025-10-19 22:24:54.639804,344944.154,6284056.318
PG1284,G28,BJFW-75,7518,18,26,2025-10-19 22:24:54.639809,344944.154,6284056.318
PG1284,G16,SFPF-79,3786,11,15,2025-10-19 22:24:54.639810,344944.154,6284056.318
PG1284,G16,SFPG-37,9303,25,60,2025-10-19 22:24:54.639810,344944.154,6284056.318
PB2051,B29,LXDJ-16,694,0,4,2025-10-19 22:24:56.570064,337858.0,6303263.0
PB2051,B29,SKHG-92,13512,25,60,2025-10-19 22:24:56.570069,337858.0,6303263.0
PJ972,504,PFXC-10,237,0,3,2025-10-19 22:24:58.500224,339116.179,6300107.618
PJ972,504,GCBD-94,5777,19,27,2025-10-19 22:24:58.500229,339116.179,6300107.618
PJ972,507,TBFW-61,1545,12,16,2025-10-19 22:24:58.500230,339116.179,6300107.618
PJ972,507,TBFX-19,5182,25,60,2025-10-19 22:24:58.500231,339116.179,6300107.618
PJ972,518,TBFP-80,307,0,3,2025-10-19 22:24:58.500232,339116.179,6300107.618
PJ972,518,TBFS-54,7326,25,60,2025-10-19 22:24:58.500232,339116.179,6300107.618
PJ972,J13,TBFX-74,3601,9,13,2025-10-19 22:24:58.500233,339116.179,6300107.618
PB68,408,LZPH-37,1,0,3,2025-10-19 22:25:00.530038,341146.418,6302553.652
PB68,408,LXWR-72,6449,16,22,2025-10-19 22:25:00.530043,341146.418,6302553.652
PB68,109,GCBC-69,5017,10,14,2025-10-19 22:25:00.530044,341146.418,6302553.652
PB68,110,FLXG-18,8092,19,27,2025-10-19 22:25:00.530045,341146.418,6302553.652
PB68,110,TBFT-90,13464,25,60,2025-10-19 22:25:00.530046,341146.418,6302553.652
PB68,B03,LXDJ-17,6610,25,60,2025-10-19 22:25:00.530047,341146.418,6302553.652
PB68,105,SHCY-17,1472,4,6,2025-10-19 22:25:00.530048,341146.418,6302553.652
PB68,105,SJPC-38,5312,16,24,2025-10-19 22:25:00.530049,341146.418,6302553.652
PB68,B09,SHCY-39,1552,0,4,2025-10-19 22:25:00.530050,341146.418,6302553.652
PB68,B29,SKHG-79,627,0,3,2025-10-19 22:25:00.530051,341146.418,6302553.652
PB68,410,SJPC-50,4531,16,22,2025-10-19 22:25:00.530052,341146.418,6302553.652
PF431,F06,SPZY-86,1987,6,8,2025-10-19 22:25:02.799023,354942.181,6282700.547
PF431,F09,SPZY-53,280,0,3,2025-10-19 22:25:02.799032,354942.181,6282700.547
PA350,404,PFYC-13,9587,19,27,2025-10-19 22:25:04.806560,346468.229,6298223.628
PA350,106,PGPS-95,5431,12,16,2025-10-19 22:25:04.806565,346468.229,6298223.628
PA350,106,PFVH-97,17754,25,60,2025-10-19 22:25:04.806566,346468.229,6298223.628
PA350,405,PFYG-89,4948,13,19,2025-10-19 22:25:04.806567,346468.229,6298223.628
PA350,419,PFYS-90,17416,25,60,2025-10-19 22:25:04.806568,346468.229,6298223.628
PA350,423,PGPS-92,1133,0,4,2025-10-19 22:25:04.806569,346468.229,6298223.628
PA350,423,PGPS-98,14432,25,60,2025-10-19 22:25:04.806570,346468.229,6298223.628
PJ839,J07E,VHXF-24,1456,0,3,2025-10-19 22:25:08.543870,331253.925,6304592.727
PB375,301,BJFV-27,3378,19,27,2025-10-19 22:25:10.461428,344228.463,6301816.81
PB375,301,FLXT-34,4701,25,60,2025-10-19 22:25:10.461434,344228.463,6301816.81
PF645,F15,LBTS-89,811,0,3,2025-10-19 22:25:12.398079,353397.565,6280379.653
PF645,F25,SRVL-78,5613,17,25,2025-10-19 22:25:12.398086,353397.565,6280379.653
PF645,F29,TFSZ-92,4017,7,9,2025-10-19 22:25:12.398087,353397.565,6280379.653
PG314,228,THTH-21,6042,17,23,2025-10-19 22:25:14.330545,346316.714,6285665.814
PE268,E12,VFJV-39,2042,8,10,2025-10-19 22:25:16.287485,349260.528,6288766.004
PE268,E12,VFHX-28,13160,25,60,2025-10-19 22:25:16.287490,349260.528,6288766.004
PE268,226,VGBX-58,228,0,3,2025-10-19 22:25:16.287491,349260.528,6288766.004
PE268,226,VFPL-11,4105,13,19,2025-10-19 22:25:16.287492,349260.528,6288766.004
PE268,E18,BJFW-19,3153,8,10,2025-10-19 22:25:16.287493,349260.528,6288766.004
PJ173,J07E,VJJW-88,3242,9,11,2025-10-19 22:25:18.397919,338561.54,6298065.12
PJ173,J07E,VHXF-24,21367,25,60,2025-10-19 22:25:18.397925,338561.54,6298065.12
PJ173,511,TBFT-61,5322,13,19,2025-10-19 22:25:18.397926,338561.54,6298065.12
PJ173,J20,TBFT-87,941,0,3,2025-10-19 22:25:18.397928,338561.54,6298065.12
PJ173,406,TBFW-11,4154,9,11,2025-10-19 22:25:18.397929,338561.54,6298065.12
PJ173,407,VJBB-21,3486,8,10,2025-10-19 22:25:18.397930,338561.54,6298065.12
PJ173,407,VHZX-90,18031,25,60,2025-10-19 22:25:18.397931,338561.54,6298065.12
PJ173,422,GCBD-65,1384,0,4,2025-10-19 22:25:18.397932,338561.54,6298065.12
PJ173,402,LXWP-82,3330,11,15,2025-10-19 22:25:18.397933,338561.54,6298065.12
PJ173,J07,VJBB-21,3486,8,10,2025-10-19 22:25:18.397934,338561.54,6298065.12
PJ173,J07,VHZX-90,18031,25,60,2025-10-19 22:25:18.397935,338561.54,6298065.12
PF66,204,VFPK-81,5535,12,16,2025-10-19 22:25:20.337598,351631.51,6283743.17
PB169,116,LCPW-36,5667,15,21,2025-10-19 22:25:22.927964,347660.278,6301419.496
PB169,116,LDJJ-85,11531,25,60,2025-10-19 22:25:22.927970,347660.278,6301419.496
PB169,B15,SPCG-97,1,0,3,2025-10-19 22:25:22.927971,347660.278,6301419.496
PB169,B15,SPCG-49,5799,5,7,2025-10-19 22:25:22.927972,347660.278,6301419.496
PG233,G05,SFGY-76,2460,6,8,2025-10-19 22:25:25.049829,345719.835,6282879.893
PG233,G35,SDSW-86,1391,0,5,2025-10-19 22:25:25.049835,345719.835,6282879.893
PG233,228,THTH-21,3159,10,14,2025-10-19 22:25:25.049836,345719.835,6282879.893
PG233,G08,THTD-89,2488,8,10,2025-10-19 22:25:25.049837,345719.835,6282879.893
PI549,506Y2,TBFX-67,3857,11,15,2025-10-19 22:25:29.106162,342578.554,6296470.647
PI549,I16,FLXL-80,2436,6,8,2025-10-19 22:25:29.106167,342578.554,6296470.647
PI549,I17,FLXL-87,1457,5,7,2025-10-19 22:25:29.106168,342578.554,6296470.647
PI549,506,GCBC-94,6785,17,25,2025-10-19 22:25:29.106169,342578.554,6296470.647
PI549,506,GCBC-42,8790,25,60,2025-10-19 22:25:29.106170,342578.554,6296470.647
PI549,506V,TBFT-69,144,0,3,2025-10-19 22:25:29.106171,342578.554,6296470.647
PI549,506V,SZZY-69,9791,25,60,2025-10-19 22:25:29.106172,342578.554,6296470.647
PI549,509,FLXX-44,4055,11,15,2025-10-19 22:25:29.106173,342578.554,6296470.647
PI32,101,PGPT-40,1945,5,7,2025-10-19 22:25:31.042933,339997.939,6292855.759
PI32,I04,FLXF-59,3596,9,13,2025-10-19 22:25:31.042938,339997.939,6292855.759
PI32,I04,FLXZ-68,14194,25,60,2025-10-19 22:25:31.042939,339997.939,6292855.759
PI32,I14,BJFS-53,162,0,3,2025-10-19 22:25:31.042940,339997.939,6292855.759
PD222,216,SVPW-57,1186,0,4,2025-10-19 22:25:33.000884,353918.862,6298084.294
PD222,216,LXWT-95,7466,17,23,2025-10-19 22:25:33.000889,353918.862,6298084.294
PD222,286,SCRZ-39,9834,25,60,2025-10-19 22:25:33.000891,353918.862,6298084.294
PD222,712,SHCX-33,7170,15,21,2025-10-19 22:25:33.000892,353918.862,6298084.294
PD222,712,TFYL-48,7389,15,21,2025-10-19 22:25:33.000893,353918.862,6298084.294
PJ674,J02,VHXJ-10,3064,7,9,2025-10-19 22:25:34.989479,337957.623,6298985.286
PJ674,J02,VHXJ-81,10425,25,60,2025-10-19 22:25:34.989484,337957.623,6298985.286
PE13,104X,SKWD-75,6702,25,60,2025-10-19 22:25:36.990558,353753.183,6288621.648
PE13,102,SRVG-70,873,0,3,2025-10-19 22:25:36.990563,353753.183,6288621.648
PE13,102,LBTT-12,5659,14,20,2025-10-19 22:25:36.990565,353753.183,6288621.648
PE13,712,SJPF-90,3646,7,9,2025-10-19 22:25:36.990566,353753.183,6288621.648
PE13,712,SHXG-95,8452,18,26,2025-10-19 22:25:36.990567,353753.183,6288621.648
PE13,104,SKWD-26,2727,10,14,2025-10-19 22:25:36.990568,353753.183,6288621.648
PE13,104,LFGR-91,7078,25,60,2025-10-19 22:25:36.990569,353753.183,6288621.648
PE13,114,SRRY-79,2825,8,10,2025-10-19 22:25:36.990570,353753.183,6288621.648
PE13,114,SRRZ-45,10302,25,60,2025-10-19 22:25:36.990571,353753.183,6288621.648
PF559,124,SRVG-53,1137,0,5,2025-10-19 22:25:38.891798,353399.925,6278566.366
PF559,124,SRVG-88,6977,25,60,2025-10-19 22:25:38.891803,353399.925,6278566.366
PE332,E02,VKJY-92,49,0,3,2025-10-19 22:25:40.287848,352795.165,6285408.889
PE332,E02,VKJX-32,3063,8,10,2025-10-19 22:25:40.287853,352795.165,6285408.889
PE332,E11,VKJX-23,3270,11,15,2025-10-19 22:25:40.287855,352795.165,6285408.889
PE332,E11,VKJX-77,5867,20,28,2025-10-19 22:25:40.287856,352795.165,6285408.889
PE332,E12,VFHX-28,2153,7,9,2025-10-19 22:25:40.287857,352795.165,6285408.889
PB1474,B26,FLXP-68,1782,6,8,2025-10-19 22:25:42.209656,344684.452,6302140.583
PE48,E17,FLXT-33,1377,4,6,2025-10-19 22:25:44.119996,354570.322,6290546.197
PE48,E17,FLXT-39,5284,17,25,2025-10-19 22:25:44.120000,354570.322,6290546.197
PE48,118,BFKC-96,3884,10,14,2025-10-19 22:25:44.120002,354570.322,6290546.197
PE48,118,FLXD-58,13703,25,60,2025-10-19 22:25:44.120002,354570.322,6290546.197
PG863,G05,SFGY-76,1047,0,3,2025-10-19 22:25:47.995303,346634.821,6282484.701
PG863,G35,SDSW-86,1,0,3,2025-10-19 22:25:47.995308,346634.821,6282484.701
PH684,321,FLXR-26,1092,0,5,2025-10-19 22:25:49.525383,344373.156,6290768.284
PH684,H13,CJRW-12,1442,0,4,2025-10-19 22:25:49.525388,344373.156,6290768.284
PH684,H13,CJRW-84,10361,25,60,2025-10-19 22:25:49.525389,344373.156,6290768.284
PD786,513,VHXJ-50,917,0,4,2025-10-19 22:25:55.142695,354270.812,6296923.837
PD786,513,VJBB-80,10091,25,60,2025-10-19 22:25:55.142700,354270.812,6296923.837
PD786,D03,SVDD-89,645,0,4,2025-10-19 22:25:55.142701,354270.812,6296923.837
PD786,D03,SPBS-67,6579,17,25,2025-10-19 22:25:55.142702,354270.812,6296923.837
PD786,D09,SVDF-75,2812,8,10,2025-10-19 22:25:55.142703,354270.812,6296923.837
PD786,D09,SPZK-84,3395,10,14,2025-10-19 22:25:55.142704,354270.812,6296923.837
PI1080,I03,FLXL-73,416,0,3,2025-10-19 22:25:57.137389,341885.668,6297072.141
PI1080,I10,FLXL-39,153,0,3,2025-10-19 22:25:57.137394,341885.668,6297072.141
PI1080,511,PFXC-16,5947,16,22,2025-10-19 22:25:57.137395,341885.668,6297072.141
PI1080,511,TBFS-40,11710,25,60,2025-10-19 22:25:57.137397,341885.668,6297072.141
PI1080,J13,TBFS-65,1020,5,7,2025-10-19 22:25:57.137398,341885.668,6297072.141
PI1080,102,SRVG-81,634,0,3,2025-10-19 22:25:57.137399,341885.668,6297072.141
PA67,214,GCBB-30,1652,4,6,2025-10-19 22:25:59.005925,346772.51,6296175.09
PA67,214,GCBB-20,7527,25,60,2025-10-19 22:25:59.005930,346772.51,6296175.09
PA67,226,VFRF-95,5071,12,16,2025-10-19 22:25:59.005931,346772.51,6296175.09
PA67,226,VGBX-58,9987,25,60,2025-10-19 22:25:59.005932,346772.51,6296175.09
PA67,301,BJFY-97,140,0,3,2025-10-19 22:25:59.005933,346772.51,6296175.09
PA67,301,BJFS-60,1872,0,5,2025-10-19 22:25:59.005933,346772.51,6296175.09
PA67,H06,CJRW-82,1643,0,4,2025-10-19 22:25:59.005934,346772.51,6296175.09
PA67,223,SCRZ-24,3840,9,11,2025-10-19 22:25:59.005935,346772.51,6296175.09
PA67,223,SHXB-28,5999,14,20,2025-10-19 22:25:59.005936,346772.51,6296175.09
PA67,201,GCBB-31,3841,8,12,2025-10-19 22:25:59.005937,346772.51,6296175.09
PA67,201,GCBB-97,11640,25,60,2025-10-19 22:25:59.005937,346772.51,6296175.09
PC662,C03,LWTK-55,9761,19,27,2025-10-19 22:26:00.463367,356624.811,6302171.149
PC662,C03,SKDF-78,16659,25,60,2025-10-19 22:26:00.463372,356624.811,6302171.149
PC662,C13,SHXF-95,6507,12,18,2025-10-19 22:26:00.463374,356624.811,6302171.149
PC662,C13,SJPC-21,16738,25,60,2025-10-19 22:26:00.463375,356624.811,6302171.149
PC662,C16,LWTK-61,6533,12,16,2025-10-19 22:26:00.463376,356624.811,6302171.149
PC662,C16,SKPK-24,11001,25,60,2025-10-19 22:26:00.463377,356624.811,6302171.149
PC662,D11,SVDD-60,2018,6,8,2025-10-19 22:26:00.463378,356624.811,6302171.149
PC662,225,SFVZ-80,1957,4,6,2025-10-19 22:26:00.463379,356624.811,6302171.149
PD247,403,PFYC-77,4666,13,19,2025-10-19 22:26:02.560478,355999.123,6297622.761
PD247,403,PFTW-40,11837,25,60,2025-10-19 22:26:02.560483,355999.123,6297622.761
PD247,517,VHZZ-11,4675,12,16,2025-10-19 22:26:02.560485,355999.123,6297622.761
PD247,227,VFPH-66,4656,10,14,2025-10-19 22:26:02.560486,355999.123,6297622.761
PD247,227,VFPJ-31,12042,25,60,2025-10-19 22:26:02.560487,355999.123,6297622.761
PD247,225,GCBC-25,5038,11,15,2025-10-19 22:26:02.560487,355999.123,6297622.761
PD247,225,SFVZ-80,8551,17,25,2025-10-19 22:26:02.560488,355999.123,6297622.761
PD247,422,GCBC-96,3226,7,9,2025-10-19 22:26:02.560489,355999.123,6297622.761
PD247,422,FLXV-88,7930,20,28,2025-10-19 22:26:02.560490,355999.123,6297622.761
PD247,D01,SVDC-57,2615,7,9,2025-10-19 22:26:02.560491,355999.123,6297622.761
PD247,D01,SVDC-12,10552,25,60,2025-10-19 22:26:02.560492,355999.123,6297622.761
PD247,D02,SVDC-74,3596,9,13,2025-10-19 22:26:02.560493,355999.123,6297622.761
PD247,D15,SVDD-90,2171,0,5,2025-10-19 22:26:02.560494,355999.123,6297622.761
PD247,D15,SVDC-83,14780,25,60,2025-10-19 22:26:02.560494,355999.123,6297622.761
PE542,323,FLXR-48,4642,12,18,2025-10-19 22:26:04.430815,354613.257,6289164.825
PE488,E05,BJFT-90,3698,12,16,2025-10-19 22:26:06.373153,349253.89,6289909.709
PI1446,I18,VHSY-18,3221,7,9,2025-10-19 22:26:08.273721,341172.645,6292812.259
PI1446,I18,VHSX-66,3384,8,10,2025-10-19 22:26:08.273725,341172.645,6292812.259
PA361,422,PFXB-58,2715,9,11,2025-10-19 22:26:09.664722,347788.41,6298375.94
PA361,422,PFXC-56,6493,18,26,2025-10-19 22:26:09.664728,347788.41,6298375.94
PI1673,106,PFYR-88,12134,25,60,2025-10-19 22:26:11.646568,335777.13,6289116.97
PI1673,106,PFYR-86,15870,25,60,2025-10-19 22:26:11.646573,335777.13,6289116.97
PI1673,401,PGPT-51,2888,8,12,2025-10-19 22:26:11.646574,335777.13,6289116.97
PI1673,401,PFVG-28,8924,25,60,2025-10-19 22:26:11.646575,335777.13,6289116.97
PI1673,421,PFVJ-20,2195,6,8,2025-10-19 22:26:11.646575,335777.13,6289116.97
PI1673,421,PFVJ-22,4929,15,21,2025-10-19 22:26:11.646576,335777.13,6289116.97
PI1673,423,PFVG-48,965,0,4,2025-10-19 22:26:11.646577,335777.13,6289116.97
PI1673,423,PGPT-55,11855,25,60,2025-10-19 22:26:11.646578,335777.13,6289116.97
PI1673,421X,PFTW-80,31713,25,60,2025-10-19 22:26:11.646579,335777.13,6289116.97
PI1673,421X,PFVC-58,31703,25,60,2025-10-19 22:26:11.646580,335777.13,6289116.97
PI1673,I10,FLXJ-28,1195,0,5,2025-10-19 22:26:11.646581,335777.13,6289116.97
PI1673,I10,FLXL-23,4708,12,18,2025-10-19 22:26:11.646581,335777.13,6289116.97
PE509,418,PFYC-33,2421,5,7,2025-10-19 22:26:13.571975,355852.569,6290149.597
PE509,418,PFYC-72,8000,25,60,2025-10-19 22:26:13.571980,355852.569,6290149.597
PH1552,511,TBFP-92,729,0,3,2025-10-19 22:26:15.517983,349139.53,6294869.63
PH1552,511,TBFX-13,12635,25,60,2025-10-19 22:26:15.517988,349139.53,6294869.63
PB146,116,LDJJ-85,1990,5,7,2025-10-19 22:26:19.558299,347988.323,6302315.845
PC82,403,PFYC-79,2229,6,8,2025-10-19 22:26:21.621632,348327.12,6297786.824
PC82,403,LXWP-70,10026,25,60,2025-10-19 22:26:21.621637,348327.12,6297786.824
PC82,513,LZPH-21,4627,14,20,2025-10-19 22:26:21.621638,348327.12,6297786.824
PC82,513,LZPH-20,11801,25,60,2025-10-19 22:26:21.621639,348327.12,6297786.824
PC82,210,VFPW-23,367,0,3,2025-10-19 22:26:21.621640,348327.12,6297786.824
PC82,210,VFPZ-98,6838,17,25,2025-10-19 22:26:21.621641,348327.12,6297786.824
PC82,210V,VGBX-29,5850,9,13,2025-10-19 22:26:21.621641,348327.12,6297786.824
PC82,210V,VFPW-63,16484,25,60,2025-10-19 22:26:21.621642,348327.12,6297786.824
PC82,516,GCBD-46,5459,13,17,2025-10-19 22:26:21.621643,348327.12,6297786.824
PC82,516Y,TBFX-24,1113,0,5,2025-10-19 22:26:21.621644,348327.12,6297786.824
PI1449,108,PFYS-38,2872,7,9,2025-10-19 22:26:23.629659,333141.138,6288781.449
PI1449,108,PFYR-95,7190,19,27,2025-10-19 22:26:23.629664,333141.138,6288781.449
PI1449,419,PFYR-99,2896,7,9,2025-10-19 22:26:23.629666,333141.138,6288781.449
PI1449,419,PFVC-57,5835,15,21,2025-10-19 22:26:23.629667,333141.138,6288781.449
PI1449,421,PFTW-81,199,0,3,2025-10-19 22:26:23.629668,333141.138,6288781.449
PI1449,421,PFVD-56,1259,4,6,2025-10-19 22:26:23.629669,333141.138,6288781.449
PI1449,421X,PFTW-80,34969,25,60,2025-10-19 22:26:23.629670,333141.138,6288781.449
PI1449,421X,PFVC-58,34959,25,60,2025-10-19 22:26:23.629671,333141.138,6288781.449
PB1909,303,FLXF-11,2093,6,8,2025-10-19 22:26:35.528157,340220.95,6306664.76
PB1909,307,TWPC-64,5673,16,24,2025-10-19 22:26:35.528162,340220.95,6306664.76
PB1909,308,FLXK-17,3755,25,60,2025-10-19 22:26:35.528163,340220.95,6306664.76
PB1909,315E,VHSX-72,1,0,3,2025-10-19 22:26:35.528164,340220.95,6306664.76
PB404,428,SHCY-54,6044,12,18,2025-10-19 22:26:39.527217,338656.425,6306661.204
PB404,428,SHCY-29,8439,17,25,2025-10-19 22:26:39.527222,338656.425,6306661.204
PB404,303,FLXF-11,259,0,3,2025-10-19 22:26:39.527224,338656.425,6306661.204
PJ1793,J20,FLXD-38,1,0,3,2025-10-19 22:26:41.705945,336069.717,6300760.337
PJ1793,J20,TBFX-70,1935,5,7,2025-10-19 22:26:41.705950,336069.717,6300760.337
PF724,F18,TXZH-40,3861,9,13,2025-10-19 22:26:43.599023,353509.814,6279975.202
PC848,C09,SGPY-65,14387,25,60,2025-10-19 22:26:45.548837,358401.302,6309499.874
PC848,C09,SHXF-99,18564,25,60,2025-10-19 22:26:45.548842,358401.302,6309499.874
PC848,C19,SKPJ-84,74,0,3,2025-10-19 22:26:45.548844,358401.302,6309499.874
PC848,C19,SGPY-63,10323,21,29,2025-10-19 22:26:45.548845,358401.302,6309499.874
PB1631,B11,SKDJ-18,461,0,4,2025-10-19 22:26:47.516094,338433.309,6307337.639
PB1631,B11,SKDG-93,3275,10,14,2025-10-19 22:26:47.516100,338433.309,6307337.639
PB1631,B21,SKDH-59,71,0,3,2025-10-19 22:26:47.516101,338433.309,6307337.639
PB1631,425,SJPC-20,1937,25,60,2025-10-19 22:26:47.516102,338433.309,6307337.639
PB1631,308,FLXH-31,9613,25,60,2025-10-19 22:26:47.516104,338433.309,6307337.639
PB1631,308,FLXK-11,14372,25,60,2025-10-19 22:26:47.516104,338433.309,6307337.639
PB1631,308C,TWPD-64,589,0,4,2025-10-19 22:26:47.516105,338433.309,6307337.639
PH295,119,BJFW-47,5563,14,20,2025-10-19 22:26:49.459600,344770.457,6293990.242
PJ249,J08,PFXB-97,756,0,3,2025-10-19 22:26:51.401047,338332.581,6295491.836
PJ249,J08,PFXB-68,7744,25,60,2025-10-19 22:26:51.401054,338332.581,6295491.836
PJ249,424,TBFW-67,912,0,4,2025-10-19 22:26:51.401057,338332.581,6295491.836
PJ249,424,SZZY-77,6233,14,20,2025-10-19 22:26:51.401059,338332.581,6295491.836
PG300,228,THTD-41,2719,9,11,2025-10-19 22:26:53.205060,346263.927,6285488.28
PG300,G08,THTF-10,1125,0,4,2025-10-19 22:26:53.205065,346263.927,6285488.28
PG2023,G43,FLXX-23,831,0,4,2025-10-19 22:26:54.602084,344413.01,6279528.01
PG2023,G43,FLXD-11,3956,15,21,2025-10-19 22:26:54.602089,344413.01,6279528.01
PC757,C07,SGPY-61,6297,15,21,2025-10-19 22:26:56.550361,353829.355,6305301.366
PC757,712,LCTG-44,1,0,3,2025-10-19 22:26:56.550367,353829.355,6305301.366
PC757,712,SHCX-33,15027,25,60,2025-10-19 22:26:56.550368,353829.355,6305301.366
PD266,225,SFVZ-67,1,0,3,2025-10-19 22:26:58.491715,353383.72,6294941.523
PD266,225,SFWB-68,4757,12,16,2025-10-19 22:26:58.491719,353383.72,6294941.523
PD266,712,SHXG-95,989,4,6,2025-10-19 22:26:58.491720,353383.72,6294941.523
PD266,712,SJPC-42,8103,25,60,2025-10-19 22:26:58.491721,353383.72,6294941.523
PJ348,508,FLXV-35,4439,12,16,2025-10-19 22:27:02.721682,342208.448,6299502.294
PJ348,508,FLXW-44,9767,25,60,2025-10-19 22:27:02.721688,342208.448,6299502.294
PJ348,518,TBFS-54,2534,6,8,2025-10-19 22:27:02.721689,342208.448,6299502.294
PJ348,518,GCBC-38,7192,25,60,2025-10-19 22:27:02.721689,342208.448,6299502.294
PJ348,J03,PFXC-32,737,0,3,2025-10-19 22:27:02.721690,342208.448,6299502.294
PJ348,J03,GCBC-72,5665,16,22,2025-10-19 22:27:02.721691,342208.448,6299502.294
PJ348,517,VJJV-18,13511,25,60,2025-10-19 22:27:02.721692,342208.448,6299502.294
PJ348,503,VHLR-28,6835,14,20,2025-10-19 22:27:02.721693,342208.448,6299502.294
PJ348,503,VGVF-73,10239,25,60,2025-10-19 22:27:02.721694,342208.448,6299502.294
PJ348,507,TBFX-19,680,0,3,2025-10-19 22:27:02.721694,342208.448,6299502.294
PJ348,507,TBFR-44,6034,15,21,2025-10-19 22:27:02.721695,342208.448,6299502.294
PF424,F29,SPVW-86,5058,13,19,2025-10-19 22:27:04.698212,353687.685,6281299.111
PF424,F29,TFSZ-92,10514,25,60,2025-10-19 22:27:04.698217,353687.685,6281299.111
PF424,F25,SRVL-24,7847,20,28,2025-10-19 22:27:04.698219,353687.685,6281299.111
PF424,F10,SRRY-62,566,0,3,2025-10-19 22:27:04.698220,353687.685,6281299.111
PF424,F10,SRRW-90,7896,25,60,2025-10-19 22:27:04.698220,353687.685,6281299.111
PI858,I03,FLXJ-27,862,0,4,2025-10-19 22:27:06.590970,338687.668,6292486.527
PI858,I03,FLXG-16,5590,16,22,2025-10-19 22:27:06.590975,338687.668,6292486.527
PI858,I13,FLXY-11,247,0,3,2025-10-19 22:27:06.590976,338687.668,6292486.527
PI1550,I21,FLXL-63,3951,11,15,2025-10-19 22:27:08.468080,333436.815,6286261.331
PI608,423,PGPT-55,5730,15,21,2025-10-19 22:27:09.935712,337791.948,6291366.84
PI608,I02,FLXZ-32,10182,25,60,2025-10-19 22:27:09.935717,337791.948,6291366.84
PI608,509,FDJX-71,2681,7,9,2025-10-19 22:27:09.935718,337791.948,6291366.84
PI608,509,FLXX-44,11932,25,60,2025-10-19 22:27:09.935719,337791.948,6291366.84
PG359,301C,BJFT-55,1868,6,8,2025-10-19 22:27:11.904137,344235.001,6282150.001
PG359,301C,FLXC-48,5742,25,60,2025-10-19 22:27:11.904143,344235.001,6282150.001
PG359,G38,THTG-12,6412,17,23,2025-10-19 22:27:11.904144,344235.001,6282150.001
PG359,228,THTG-11,1458,0,5,2025-10-19 22:27:11.904145,344235.001,6282150.001
PG359,228,THTD-41,7640,25,60,2025-10-19 22:27:11.904146,344235.001,6282150.001
PG359,G08,THTG-90,1917,4,6,2025-10-19 22:27:11.904147,344235.001,6282150.001
PG359,G08,THTF-10,5960,14,20,2025-10-19 22:27:11.904148,344235.001,6282150.001
PG359,G14,FLXX-28,72,0,3,2025-10-19 22:27:11.904149,344235.001,6282150.001
PG359,G43,FLXD-11,449,0,5,2025-10-19 22:27:11.904151,344235.001,6282150.001
PG359,G24,FLXL-89,3063,8,12,2025-10-19 22:27:11.904152,344235.001,6282150.001
PJ611,J01,FLXD-32,1304,0,3,2025-10-19 22:27:13.829484,340079.193,6299701.222
PJ611,J01,FLXD-40,2373,5,7,2025-10-19 22:27:13.829489,340079.193,6299701.222
PJ611,J08,PFXB-68,1,0,3,2025-10-19 22:27:13.829491,340079.193,6299701.222
PD1180,D14,PFZK-79,1261,0,4,2025-10-19 22:27:15.703225,350694.87,6293791.582
PI1191,385,FLXL-68,3871,10,14,2025-10-19 22:27:17.576896,341883.576,6295480.554
PI1191,385,VHSY-15,9344,25,60,2025-10-19 22:27:17.576901,341883.576,6295480.554
PB657,408,LXWR-72,3712,9,13,2025-10-19 22:27:19.557216,339966.419,6302559.814
PB657,410,SJPC-50,1535,4,6,2025-10-19 22:27:19.557220,339966.419,6302559.814
PF296,F14,SPRY-60,1135,5,7,2025-10-19 22:27:23.401193,355599.404,6283151.652
PF296,124,SRVH-19,98,0,3,2025-10-19 22:27:23.401198,355599.404,6283151.652
PI353,428,SJPD-75,732,0,3,2025-10-19 22:27:25.314248,338527.93,6291570.204
PI353,428,SHCV-85,6699,11,15,2025-10-19 22:27:25.314254,338527.93,6291570.204
PI353,444,SJPF-43,4762,9,13,2025-10-19 22:27:25.314255,338527.93,6291570.204
PI353,444,SHXF-88,14896,25,60,2025-10-19 22:27:25.314256,338527.93,6291570.204
PB41,107,PGRZ-92,2773,9,13,2025-10-19 22:27:27.244429,346500.734,6303617.537
PB41,107,PGBY-37,12967,25,60,2025-10-19 22:27:27.244434,346500.734,6303617.537
PB41,101,PFYS-25,2108,6,8,2025-10-19 22:27:27.244435,346500.734,6303617.537
PB41,101,PFYR-72,6974,16,24,2025-10-19 22:27:27.244436,346500.734,6303617.537
PI614,509,FDJX-71,4529,10,14,2025-10-19 22:27:28.927690,337043.395,6290133.745
PI614,509,FLXX-44,13683,25,60,2025-10-19 22:27:28.927694,337043.395,6290133.745
PG960,G08,THTF-10,133,0,3,2025-10-19 22:27:30.364836,346420.946,6286297.373
PI268,113,FLXW-78,1557,0,5,2025-10-19 22:27:32.081106,333852.535,6285437.299
PG46,211,TBYY-72,3064,8,10,2025-10-19 22:27:34.251500,343090.889,6283743.424
PG46,211,TBYY-61,6604,15,21,2025-10-19 22:27:34.251505,343090.889,6283743.424
PF618,F14,SPRY-46,2772,8,10,2025-10-19 22:27:36.180009,351186.562,6282772.889
PC294,C01,LCSX-45,1423,0,4,2025-10-19 22:27:38.199324,356290.169,6303983.241
PC294,C01,LCSX-52,7463,12,18,2025-10-19 22:27:38.199330,356290.169,6303983.241
PC294,C19,SHCV-77,8430,14,20,2025-10-19 22:27:38.199331,356290.169,6303983.241
PC294,C28,SGPY-76,1370,0,4,2025-10-19 22:27:38.199332,356290.169,6303983.241
PC294,C28,SGPW-40,11024,25,60,2025-10-19 22:27:38.199333,356290.169,6303983.241
PC294,C01C,SPBS-46,2078,5,7,2025-10-19 22:27:38.199334,356290.169,6303983.241
PC294,C01C,PGTV-43,6153,16,22,2025-10-19 22:27:38.199335,356290.169,6303983.241
PC294,406,PFXC-51,1294,0,4,2025-10-19 22:27:38.199336,356290.169,6303983.241
PC294,426,BJFC-78,3454,6,8,2025-10-19 22:27:38.199337,356290.169,6303983.241
PC294,426,BJFD-64,5802,13,17,2025-10-19 22:27:38.199338,356290.169,6303983.241
PH587,H07,CJRX-35,216,0,3,2025-10-19 22:27:41.589729,343583.672,6291748.851
PE161,211,TBYY-64,2316,6,8,2025-10-19 22:27:45.495717,351256.667,6289366.562
PE161,118,FLXV-41,4472,12,16,2025-10-19 22:27:45.495722,351256.667,6289366.562
PF235,F03,FLXJ-38,693,0,3,2025-10-19 22:27:47.447568,349490.594,6279007.516
PF235,F03,SPVT-78,5532,10,14,2025-10-19 22:27:47.447573,349490.594,6279007.516
PF235,209,SDGY-23,9624,25,60,2025-10-19 22:27:47.447574,349490.594,6279007.516
PF235,209,SDGY-27,11471,25,60,2025-10-19 22:27:47.447575,349490.594,6279007.516
PD1426,D01,SVDC-12,159,0,3,2025-10-19 22:27:49.376964,356752.802,6295326.72
PA374,406,PFXC-46,227,0,3,2025-10-19 22:27:51.315285,346790.315,6298376.481
PA374,406,GCBC-87,3699,8,10,2025-10-19 22:27:51.315290,346790.315,6298376.481
PA374,407,FLXV-64,5510,13,17,2025-10-19 22:27:51.315291,346790.315,6298376.481
PA374,422,PFXB-58,3566,11,15,2025-10-19 22:27:51.315292,346790.315,6298376.481
PA374,422,PFXC-56,7083,21,29,2025-10-19 22:27:51.315293,346790.315,6298376.481
PA374,426,BJFH-44,892,0,4,2025-10-19 22:27:51.315294,346790.315,6298376.481
PA374,426,BJFH-46,3780,9,13,2025-10-19 22:27:51.315295,346790.315,6298376.481
PB1355,B27,FLXS-24,2359,9,11,2025-10-19 22:27:53.199428,346098.504,6305263.328
PB1355,B19,SHCY-56,2775,6,8,2025-10-19 22:27:53.199433,346098.504,6305263.328
PH97,345,BJFX-36,5836,14,20,2025-10-19 22:27:54.605431,344520.51,6294396.0
PH97,115,TBFT-60,7140,12,16,2025-10-19 22:27:54.605436,344520.51,6294396.0
PH97,125,FLXJ-11,1869,0,5,2025-10-19 22:27:54.605437,344520.51,6294396.0
PH97,113,FLXW-85,5926,12,16,2025-10-19 22:27:54.605438,344520.51,6294396.0
PH97,113,FLXW-78,16778,25,60,2025-10-19 22:27:54.605439,344520.51,6294396.0
PH97,H07,CJRX-35,5592,12,16,2025-10-19 22:27:54.605440,344520.51,6294396.0
PB1560,C06,LWTK-65,3876,5,7,2025-10-19 22:27:56.574355,349633.118,6304399.847
PB1560,C06,SKPP-25,4042,6,8,2025-10-19 22:27:56.574360,349633.118,6304399.847
PB1560,117,PGBY-70,8909,25,60,2025-10-19 22:27:56.574362,349633.118,6304399.847
PB1560,117,PFYC-21,10033,25,60,2025-10-19 22:27:56.574363,349633.118,6304399.847
PB1434,B27,FLXT-75,1582,0,5,2025-10-19 22:28:00.458586,344861.415,6303908.293
PB1096,B09,SHCY-39,7161,19,27,2025-10-19 22:28:02.420605,339220.8,6303102.412
PB1096,120,SKHG-17,6913,18,26,2025-10-19 22:28:02.420612,339220.8,6303102.412
PB1096,120,STHF-76,9246,25,60,2025-10-19 22:28:02.420613,339220.8,6303102.412
PB1096,B29,SKHG-92,10099,25,60,2025-10-19 22:28:02.420614,339220.8,6303102.412
PB1096,B29,SKHG-79,15938,25,60,2025-10-19 22:28:02.420615,339220.8,6303102.412
PG1665,212,SRTK-18,3897,11,15,2025-10-19 22:28:04.348330,348767.121,6283695.713
PG1665,216,SRTK-23,2512,5,7,2025-10-19 22:28:04.348335,348767.121,6283695.713
PC510,C06,SKDJ-80,442,0,3,2025-10-19 22:28:06.274454,352088.582,6300363.165
PC510,503,VGTY-85,1212,0,5,2025-10-19 22:28:06.274460,352088.582,6300363.165
PC510,503,VGVC-45,1284,0,5,2025-10-19 22:28:06.274461,352088.582,6300363.165
PH305,119,CJRY-80,1476,0,5,2025-10-19 22:28:07.959181,343484.64,6290678.06
PH305,119,BJFW-47,8712,25,60,2025-10-19 22:28:07.959186,343484.64,6290678.06
PE1262,E04,VKJZ-17,4009,10,14,2025-10-19 22:28:13.238457,351658.37,6289636.16
PE1262,E04,VKJZ-79,9773,25,60,2025-10-19 22:28:13.238461,351658.37,6289636.16
PG269,119,BJFW-48,1793,0,4,2025-10-19 22:28:15.235545,344173.36,6289135.03
PG269,302,BJFZ-57,7426,21,29,2025-10-19 22:28:15.235550,344173.36,6289135.03
PB2068,B33,SHXF-21,1442,6,8,2025-10-19 22:28:17.194779,339915.0,6310640.0
PE123,210V,VFRF-75,6507,12,18,2025-10-19 22:28:19.030595,350926.02,6290215.74
PE123,210V,VFRD-65,12205,25,60,2025-10-19 22:28:19.030601,350926.02,6290215.74
PE123,224,VFPF-61,1,0,3,2025-10-19 22:28:19.030603,350926.02,6290215.74
PE123,224,VFPX-13,6812,17,23,2025-10-19 22:28:19.030604,350926.02,6290215.74
PE123,233,THTF-62,7570,18,26,2025-10-19 22:28:19.030605,350926.02,6290215.74
PE123,E04,VKJZ-17,2832,6,8,2025-10-19 22:28:19.030607,350926.02,6290215.74
PE123,E04,VKJZ-79,8589,25,60,2025-10-19 22:28:19.030608,350926.02,6290215.74
PE123,210,VFRB-56,7080,12,16,2025-10-19 22:28:19.030609,350926.02,6290215.74
PE123,210,VGKY-42,15717,25,60,2025-10-19 22:28:19.030610,350926.02,6290215.74
PJ165,404,PFYC-64,8097,25,60,2025-10-19 22:28:20.501521,341261.238,6296679.573
PJ165,404,PFYC-13,18805,25,60,2025-10-19 22:28:20.501525,341261.238,6296679.573
PJ165,510,TBFR-95,1115,0,3,2025-10-19 22:28:20.501527,341261.238,6296679.573
PJ165,510,TBFR-57,5514,13,17,2025-10-19 22:28:20.501527,341261.238,6296679.573
PJ165,516,GCBC-39,671,0,3,2025-10-19 22:28:20.501528,341261.238,6296679.573
PJ165,516,GCBD-98,7427,18,26,2025-10-19 22:28:20.501529,341261.238,6296679.573
PJ165,424,SZZY-77,632,0,3,2025-10-19 22:28:20.501530,341261.238,6296679.573
PJ165,516Y,TBFX-24,9263,25,60,2025-10-19 22:28:20.501531,341261.238,6296679.573
PI7,509,FLXX-44,5760,13,19,2025-10-19 22:28:22.580066,340366.251,6295242.511
PI7,506Y2,TBFX-67,5121,13,19,2025-10-19 22:28:22.580071,340366.251,6295242.511
PI7,101,PFYT-10,1110,0,4,2025-10-19 22:28:22.580072,340366.251,6295242.511
PI7,101,PFYR-76,10125,25,60,2025-10-19 22:28:22.580073,340366.251,6295242.511
PI7,I10,FLXL-39,2693,8,10,2025-10-19 22:28:22.580074,340366.251,6295242.511
PI7,385,FLXL-68,6094,15,21,2025-10-19 22:28:22.580074,340366.251,6295242.511
PI7,385,VHSY-15,11599,25,60,2025-10-19 22:28:22.580075,340366.251,6295242.511
PI7,506,PFXC-28,737,0,3,2025-10-19 22:28:22.580076,340366.251,6295242.511
PI7,506,GCBC-94,8527,20,28,2025-10-19 22:28:22.580077,340366.251,6295242.511
PI7,506V,TBFT-69,1498,0,4,2025-10-19 22:28:22.580078,340366.251,6295242.511
PI7,506V,SZZY-69,11338,25,60,2025-10-19 22:28:22.580078,340366.251,6295242.511
PF851,F11,SKHL-24,7040,17,25,2025-10-19 22:28:24.444547,357286.969,6280212.047
PH32,107,PGRZ-84,7946,20,28,2025-10-19 22:28:26.418943,346835.959,6291531.443
PH32,108,PFYT-25,6097,17,23,2025-10-19 22:28:26.418949,346835.959,6291531.443
PH32,102,SPZX-48,3135,8,10,2025-10-19 22:28:26.418950,346835.959,6291531.443
PH32,102,SPZX-83,16324,25,60,2025-10-19 22:28:26.418951,346835.959,6291531.443
PD1637,103,SPBP-86,7031,16,22,2025-10-19 22:28:30.346422,350781.74,6293555.62
PD1637,114,SRPK-75,978,0,5,2025-10-19 22:28:30.346428,350781.74,6293555.62
PD200,H24,VGRB-93,423,0,3,2025-10-19 22:28:32.303384,349603.8,6293616.3
PD200,H24,VGRD-35,991,0,3,2025-10-19 22:28:32.303389,349603.8,6293616.3
PD200,D10,STWH-39,577,0,3,2025-10-19 22:28:32.303390,349603.8,6293616.3
PD200,D10,SPBL-70,14824,25,60,2025-10-19 22:28:32.303391,349603.8,6293616.3
PD200,210,VFPZ-98,1634,0,5,2025-10-19 22:28:32.303391,349603.8,6293616.3
PD200,210,VFRF-65,6086,14,20,2025-10-19 22:28:32.303392,349603.8,6293616.3
PD200,210V,VGBX-29,442,0,3,2025-10-19 22:28:32.303393,349603.8,6293616.3
PD200,210V,VFPW-63,11531,25,60,2025-10-19 22:28:32.303394,349603.8,6293616.3
PD200,H05,VFPS-65,7092,18,26,2025-10-19 22:28:32.303395,349603.8,6293616.3
PD200,H05,VFPD-10,12707,25,60,2025-10-19 22:28:32.303395,349603.8,6293616.3
PD200,H09,VGRC-73,1181,0,5,2025-10-19 22:28:32.303396,349603.8,6293616.3
PD200,H09,VGRB-63,9125,25,60,2025-10-19 22:28:32.303397,349603.8,6293616.3
PI1454,I02,FLXZ-20,1,0,3,2025-10-19 22:28:34.229320,337039.301,6295698.855
PI1454,I02,FLXY-98,8937,25,60,2025-10-19 22:28:34.229325,337039.301,6295698.855
PD968,D07,SVDC-25,1953,6,8,2025-10-19 22:28:36.144896,352853.841,6294361.489
PF451,210V,VFPX-33,2489,7,9,2025-10-19 22:28:41.198805,354614.355,6284434.582
PF451,210V,VFPZ-56,6646,19,27,2025-10-19 22:28:41.198810,354614.355,6284434.582
PD1009,D08,STKP-84,6726,13,19,2025-10-19 22:28:44.974024,356996.603,6299627.273
PD1009,D08,SPBS-69,12951,25,60,2025-10-19 22:28:44.974029,356996.603,6299627.273
PG572,203,LZPT-45,4119,8,12,2025-10-19 22:28:47.027607,345336.739,6284784.81
PG572,203,LZRB-85,10192,25,60,2025-10-19 22:28:47.027612,345336.739,6284784.81
PF697,102,SPZX-83,1284,0,3,2025-10-19 22:28:49.035546,356615.658,6282776.56
PH742,H14,FLXR-37,2104,5,7,2025-10-19 22:28:50.415110,347976.671,6290639.226
PE370,E18,BJFW-19,3660,9,13,2025-10-19 22:28:53.759176,350675.554,6289208.17
PE370,E03,BJFX-33,5601,14,20,2025-10-19 22:28:53.759181,350675.554,6289208.17
PG1945,G14,FLXP-15,4872,10,14,2025-10-19 22:28:55.720256,343828.76,6283141.72
PG1945,G14,FLXX-18,12105,25,60,2025-10-19 22:28:55.720261,343828.76,6283141.72
PG1945,G23,SFWZ-14,7506,20,28,2025-10-19 22:28:55.720263,343828.76,6283141.72
PG1945,G07,THTH-70,1561,6,8,2025-10-19 22:28:55.720264,343828.76,6283141.72
PA717,201,GCBB-31,4767,13,19,2025-10-19 22:28:57.650007,346445.462,6297877.61
PA717,201,GCBB-97,12411,25,60,2025-10-19 22:28:57.650012,346445.462,6297877.61
PA717,214,GCBB-70,4826,16,22,2025-10-19 22:28:57.650013,346445.462,6297877.61
PA717,214,GCBC-22,12606,25,60,2025-10-19 22:28:57.650014,346445.462,6297877.61
PA717,223,SCRZ-24,4515,11,15,2025-10-19 22:28:57.650015,346445.462,6297877.61
PA717,223,SHXB-28,6522,16,22,2025-10-19 22:28:57.650016,346445.462,6297877.61
PJ1813,505,VJJW-68,5230,11,15,2025-10-19 22:28:59.630120,341539.592,6300826.72
PB1436,B22,SPCG-72,2246,8,10,2025-10-19 22:29:01.567458,345565.741,6303947.728
PH252,214,GCBB-57,673,0,4,2025-10-19 22:29:03.595084,344875.066,6290815.828
PH252,214,GCBB-61,6717,16,24,2025-10-19 22:29:03.595089,344875.066,6290815.828
PH252,227,VFPD-81,20,0,3,2025-10-19 22:29:03.595090,344875.066,6290815.828
PH252,227,VFPD-61,7250,15,21,2025-10-19 22:29:03.595091,344875.066,6290815.828
PH252,I05,VHSY-10,499,0,3,2025-10-19 22:29:03.595092,344875.066,6290815.828
PI419,106,PFYR-88,8203,16,24,2025-10-19 22:29:05.017343,336778.33,6290791.71
PI419,106,PFYR-86,12153,25,60,2025-10-19 22:29:05.017348,336778.33,6290791.71
PI419,401,PFVG-28,4398,12,18,2025-10-19 22:29:05.017349,336778.33,6290791.71
PI419,401,PFVC-43,17542,25,60,2025-10-19 22:29:05.017349,336778.33,6290791.71
PI419,405,PFBG-13,6544,16,22,2025-10-19 22:29:05.017350,336778.33,6290791.71
PI419,405,PFVL-17,13092,25,60,2025-10-19 22:29:05.017351,336778.33,6290791.71
PI419,I26,PFVC-59,3866,8,12,2025-10-19 22:29:05.017352,336778.33,6290791.71
PI419,I26,PFYS-31,13883,25,60,2025-10-19 22:29:05.017353,336778.33,6290791.71
PB504,425,SJPC-20,6901,25,60,2025-10-19 22:29:06.970258,342791.427,6306805.386
PB504,429,SLPC-48,7218,14,20,2025-10-19 22:29:06.970274,342791.427,6306805.386
PB362,B12,SKDG-26,2513,6,8,2025-10-19 22:29:08.968449,344213.352,6304836.11
PB362,B12,SKDG-28,6395,14,20,2025-10-19 22:29:08.968453,344213.352,6304836.11
PB362,B01,SKHG-37,3125,8,10,2025-10-19 22:29:08.968454,344213.352,6304836.11
PJ609,J01,FLXD-32,196,0,3,2025-10-19 22:29:12.554848,340190.5,6300242.235
PJ609,J01,FLXD-40,1178,0,4,2025-10-19 22:29:12.554854,340190.5,6300242.235
PC898,C11,SGPY-75,1246,0,5,2025-10-19 22:29:14.475116,355049.291,6304423.087
PC898,C11,SGPY-71,6272,16,22,2025-10-19 22:29:14.475121,355049.291,6304423.087
PI885,I04,FLXZ-68,9144,16,22,2025-10-19 22:29:16.413151,338919.304,6291555.118
PI885,I18,VHTB-67,2573,4,6,2025-10-19 22:29:16.413156,338919.304,6291555.118
PD517,511,PFXB-19,1253,0,4,2025-10-19 22:29:18.288529,353912.471,6295501.988
PI228,I01,FLXL-34,1296,0,4,2025-10-19 22:29:19.861105,336987.82,6290733.94
PI228,I01,FLXJ-16,5125,13,19,2025-10-19 22:29:19.861110,336987.82,6290733.94
PI228,I02,FLXZ-34,1,0,3,2025-10-19 22:29:19.861111,336987.82,6290733.94
PI228,I02,FLXZ-32,10770,25,60,2025-10-19 22:29:19.861112,336987.82,6290733.94
PI228,I04,FLXF-62,7679,17,25,2025-10-19 22:29:19.861113,336987.82,6290733.94
PI228,I04,FLXF-90,13820,25,60,2025-10-19 22:29:19.861114,336987.82,6290733.94
PI228,I05,VHSX-76,1791,0,5,2025-10-19 22:29:19.861115,336987.82,6290733.94
PI228,I05,VHSY-10,12071,25,60,2025-10-19 22:29:19.861115,336987.82,6290733.94
PI228,I18,VHSX-92,262,0,3,2025-10-19 22:29:19.861116,336987.82,6290733.94
PI228,I18,VHSX-66,9429,25,60,2025-10-19 22:29:19.861117,336987.82,6290733.94
PI228,I26,PFVC-59,1245,0,3,2025-10-19 22:29:19.861118,336987.82,6290733.94
PI228,I26,PFYS-31,11210,25,60,2025-10-19 22:29:19.861118,336987.82,6290733.94
PI228,348,VHSZ-38,2757,5,7,2025-10-19 22:29:19.861119,336987.82,6290733.94
PI228,348,VHSX-71,9737,21,29,2025-10-19 22:29:19.861120,336987.82,6290733.94
PJ1699,424,PFXC-15,4756,12,16,2025-10-19 22:29:21.598518,339102.835,6295535.164
PJ1699,J08,PFXB-68,6150,16,22,2025-10-19 22:29:21.598523,339102.835,6295535.164
PH119,214,GCBB-61,4216,9,13,2025-10-19 22:29:25.113864,346254.287,6291612.911
PH119,214,GCBB-70,11243,25,60,2025-10-19 22:29:25.113869,346254.287,6291612.911
PH119,226,VGBW-48,1718,0,4,2025-10-19 22:29:25.113870,346254.287,6291612.911
PH119,226,VFPL-46,6298,15,21,2025-10-19 22:29:25.113871,346254.287,6291612.911
PH119,229,SFVZ-63,4247,10,14,2025-10-19 22:29:25.113871,346254.287,6291612.911
PH119,223,SHCX-14,1205,0,5,2025-10-19 22:29:25.113872,346254.287,6291612.911
PH119,223,SFGY-23,5801,15,21,2025-10-19 22:29:25.113873,346254.287,6291612.911
PH119,201,GCBB-80,5032,12,18,2025-10-19 22:29:25.113874,346254.287,6291612.911
PH119,201,GCBB-51,7728,20,28,2025-10-19 22:29:25.113875,346254.287,6291612.911
PD1431,D15,SVDC-83,7210,17,23,2025-10-19 22:29:27.005273,356436.925,6298642.539
PA424,504,GCBC-52,5074,14,20,2025-10-19 22:29:28.924501,345469.34,6298991.98
PA424,504,GCBD-91,5230,14,20,2025-10-19 22:29:28.924507,345469.34,6298991.98
PA424,508,FLXW-44,4594,12,18,2025-10-19 22:29:28.924508,345469.34,6298991.98
PA424,508,FLXV-83,7609,25,60,2025-10-19 22:29:28.924509,345469.34,6298991.98
PA424,514,TBFP-95,1984,6,8,2025-10-19 22:29:28.924510,345469.34,6298991.98
PA424,514,FLXK-42,10101,25,60,2025-10-19 22:29:28.924511,345469.34,6298991.98
PA424,402,PFTW-50,1137,9,13,2025-10-19 22:29:28.924512,345469.34,6298991.98
PA424,402,SKPK-42,4197,16,22,2025-10-19 22:29:28.924513,345469.34,6298991.98
PA424,505,LZPH-30,275,0,3,2025-10-19 22:29:28.924514,345469.34,6298991.98
PA424,505,VHXK-83,4896,13,17,2025-10-19 22:29:28.924515,345469.34,6298991.98
PG393,302,BJFS-93,6404,13,17,2025-10-19 22:29:30.406798,346639.632,6287306.76
PA537,H07,CJRX-35,6254,13,19,2025-10-19 22:29:32.338821,344999.449,6295293.413
PA537,I01,FLXF-51,11246,25,60,2025-10-19 22:29:32.338826,344999.449,6295293.413
PA537,I01,FLXJ-21,14865,25,60,2025-10-19 22:29:32.338827,344999.449,6295293.413
PA537,511,TBFX-13,5709,12,18,2025-10-19 22:29:32.338828,344999.449,6295293.413
PA537,511,GCBC-95,6700,15,21,2025-10-19 22:29:32.338829,344999.449,6295293.413
PD1215,D15,SVDD-53,680,0,3,2025-10-19 22:29:34.038037,357671.211,6295869.358
PD1215,D15,SVDD-90,3910,8,12,2025-10-19 22:29:34.038042,357671.211,6295869.358
PD1215,505,VJBB-91,8,0,3,2025-10-19 22:29:34.038044,357671.211,6295869.358
PA825,D07,STKS-99,9544,25,60,2025-10-19 22:29:35.690529,346740.0,6294699.0
PJ81,110,TBFT-90,211,0,3,2025-10-19 22:29:39.192245,338507.654,6296094.906
PJ81,110,PFXC-25,7299,15,21,2025-10-19 22:29:39.192252,338507.654,6296094.906
PJ81,111,FLXW-97,1681,7,9,2025-10-19 22:29:39.192255,338507.654,6296094.906
PJ81,111,FLXW-83,12914,25,60,2025-10-19 22:29:39.192257,338507.654,6296094.906
PC37,104,SKWD-47,1330,0,4,2025-10-19 22:29:40.588547,350494.514,6300924.589
PC37,104,SKWD-62,3493,11,15,2025-10-19 22:29:40.588552,350494.514,6300924.589
PF97,F01,SPVW-16,3074,8,10,2025-10-19 22:29:42.544275,353641.917,6280976.988
PF97,F10,SRRW-90,6004,17,25,2025-10-19 22:29:42.544280,353641.917,6280976.988
PF97,F13,SRRW-59,635,0,3,2025-10-19 22:29:42.544281,353641.917,6280976.988
PF97,F13,SRRZ-16,7154,25,60,2025-10-19 22:29:42.544282,353641.917,6280976.988
PF97,F29,SPVW-86,3052,8,10,2025-10-19 22:29:42.544283,353641.917,6280976.988
PF97,F29,TFSZ-92,8679,21,29,2025-10-19 22:29:42.544284,353641.917,6280976.988
PF97,F25,SRVL-24,6558,17,23,2025-10-19 22:29:42.544285,353641.917,6280976.988
PC179,426,BJFC-78,5553,11,15,2025-10-19 22:29:44.395903,353851.34,6302162.84
PC179,426,BJFD-64,8258,17,23,2025-10-19 22:29:44.395908,353851.34,6302162.84
PC179,C01,LCSX-45,3336,6,8,2025-10-19 22:29:44.395909,353851.34,6302162.84
PC179,C01,LCSX-52,9201,15,21,2025-10-19 22:29:44.395910,353851.34,6302162.84
PC179,104X,SKWD-75,2957,25,60,2025-10-19 22:29:44.395911,353851.34,6302162.84
PC179,C02X,SPVW-72,5404,17,25,2025-10-19 22:29:44.395912,353851.34,6302162.84
PC179,C19,SHCV-77,10497,20,28,2025-10-19 22:29:44.395913,353851.34,6302162.84
PC179,C02C,SKDF-79,6472,20,28,2025-10-19 22:29:44.395914,353851.34,6302162.84
PC179,C01C,SPBS-46,4146,8,12,2025-10-19 22:29:44.395915,353851.34,6302162.84
PC179,C01C,PGTV-43,8513,18,26,2025-10-19 22:29:44.395916,353851.34,6302162.84
PC179,421X,PFVC-58,6177,16,24,2025-10-19 22:29:44.395917,353851.34,6302162.84
PC179,C28,SGPY-76,3158,6,8,2025-10-19 22:29:44.395918,353851.34,6302162.84
PC179,C28,SGPW-40,12838,25,60,2025-10-19 22:29:44.395919,353851.34,6302162.84
PC179,401,PFYS-19,7218,17,25,2025-10-19 22:29:44.395920,353851.34,6302162.84
PC179,406,PFXC-51,3340,8,10,2025-10-19 22:29:44.395921,353851.34,6302162.84
PC175,C02X,SPVW-72,4095,11,15,2025-10-19 22:29:46.391703,355115.789,6302450.281
PC175,C02C,SKDF-79,5163,13,19,2025-10-19 22:29:46.391708,355115.789,6302450.281
PC175,401,PFYS-19,5906,16,22,2025-10-19 22:29:46.391709,355115.789,6302450.281
PC175,421X,PFVC-58,4868,13,19,2025-10-19 22:29:46.391710,355115.789,6302450.281
PC175,104X,SKWD-75,1645,15,21,2025-10-19 22:29:46.391711,355115.789,6302450.281
PH577,H06,CJRY-76,4315,9,13,2025-10-19 22:29:48.355087,342880.605,6289157.254
PH577,H06,CJRX-58,9587,25,60,2025-10-19 22:29:48.355092,342880.605,6289157.254
PA638,H07,BJFT-72,2088,5,7,2025-10-19 22:29:52.188752,348559.729,6295340.399
PA638,H07,CJRX-35,9974,25,60,2025-10-19 22:29:52.188756,348559.729,6295340.399
PA638,H13,FLXG-63,1328,0,4,2025-10-19 22:29:52.188758,348559.729,6295340.399
PA638,H13,BJFS-77,8077,20,28,2025-10-19 22:29:52.188759,348559.729,6295340.399
PA638,511,TBFX-13,10547,25,60,2025-10-19 22:29:52.188759,348559.729,6295340.399
PA638,511,GCBC-95,11457,25,60,2025-10-19 22:29:52.188760,348559.729,6295340.399
PJ92,110,FLXG-18,819,0,4,2025-10-19 22:29:53.759461,338108.619,6300902.946
PJ92,110,TBFT-90,5274,14,20,2025-10-19 22:29:53.759465,338108.619,6300902.946
PD1053,508,PFXC-20,3118,10,14,2025-10-19 22:29:55.387827,353868.803,6291838.611
PD1053,508,GCBF-28,5935,17,23,2025-10-19 22:29:55.387832,353868.803,6291838.611
PG256,F20,SPZX-95,818,0,3,2025-10-19 22:29:57.381552,347902.573,6282986.117
PG256,F20,SRVL-21,6698,17,23,2025-10-19 22:29:57.381558,347902.573,6282986.117
PG256,216,SRTK-17,2324,6,8,2025-10-19 22:29:57.381559,347902.573,6282986.117
PG256,216,SDGY-31,5320,13,19,2025-10-19 22:29:57.381560,347902.573,6282986.117
PG256,G28,BJFZ-83,3553,11,15,2025-10-19 22:29:57.381561,347902.573,6282986.117
PG256,G28,BJFW-75,9837,25,60,2025-10-19 22:29:57.381562,347902.573,6282986.117
PG256,F06,FLXS-39,3145,9,13,2025-10-19 22:29:57.381563,347902.573,6282986.117
PD237,212,SRTK-26,9941,25,60,2025-10-19 22:30:01.223947,351498.63,6297747.22
PD237,212,SRTK-18,22555,25,60,2025-10-19 22:30:01.223952,351498.63,6297747.22
PD237,104,SKWD-62,48,0,3,2025-10-19 22:30:01.223954,351498.63,6297747.22
PD237,104,SKVD-63,6719,19,27,2025-10-19 22:30:01.223955,351498.63,6297747.22
PD237,224,VFPV-93,7195,15,21,2025-10-19 22:30:01.223956,351498.63,6297747.22
PD237,224,VFRF-85,14605,25,60,2025-10-19 22:30:01.223957,351498.63,6297747.22
PJ359,507,TBFX-19,2958,14,20,2025-10-19 22:30:03.031484,339128.562,6299816.22
PJ359,507,TBFR-44,8411,25,60,2025-10-19 22:30:03.031488,339128.562,6299816.22
PJ359,518,TBFS-54,4752,14,20,2025-10-19 22:30:03.031490,339128.562,6299816.22
PJ359,518,GCBC-38,9317,25,60,2025-10-19 22:30:03.031490,339128.562,6299816.22
PJ359,B38,TBFP-84,812,0,3,2025-10-19 22:30:03.031491,339128.562,6299816.22
PJ359,517,VJJV-18,15414,25,60,2025-10-19 22:30:03.031492,339128.562,6299816.22
PJ359,503,VHLR-28,9104,18,26,2025-10-19 22:30:03.031493,339128.562,6299816.22
PJ359,503,VGVF-73,12454,25,60,2025-10-19 22:30:03.031494,339128.562,6299816.22
PG1065,G39,SHXB-23,1926,0,5,2025-10-19 22:30:04.929883,341933.0,6283389.0
PJ394,504,GCBD-15,2477,8,10,2025-10-19 22:30:08.896465,339393.722,6299804.657
PJ394,507,FLXV-99,2859,7,9,2025-10-19 22:30:08.896471,339393.722,6299804.657
PG1999,G32,THTF-56,4206,9,11,2025-10-19 22:30:10.844477,343611.0,6278591.0
PG1999,G32,THTF-37,11178,25,60,2025-10-19 22:30:10.844482,343611.0,6278591.0
PB1623,B35,SHCY-25,7794,14,20,2025-10-19 22:30:12.784278,342846.492,6307186.522
PB1623,B36,STHJ-81,5268,14,20,2025-10-19 22:30:12.784283,342846.492,6307186.522
PB1623,B36,STHL-95,7096,19,27,2025-10-19 22:30:12.784284,342846.492,6307186.522
PB1623,B12,SKDG-28,2477,5,7,2025-10-19 22:30:12.784285,342846.492,6307186.522
PB1623,B12,SKDJ-10,13084,25,60,2025-10-19 22:30:12.784286,342846.492,6307186.522
PB1623,B05,SPCG-46,8943,19,27,2025-10-19 22:30:12.784286,342846.492,6307186.522
PI583,I03,FLXG-91,8789,25,60,2025-10-19 22:30:14.763246,338587.775,6293468.716
PI583,I03,FLXG-52,12104,25,60,2025-10-19 22:30:14.763252,338587.775,6293468.716
PI583,I10,FLXH-11,1712,5,7,2025-10-19 22:30:14.763253,338587.775,6293468.716
PI583,I10,FLXF-13,8676,25,60,2025-10-19 22:30:14.763254,338587.775,6293468.716
PI583,509,FLXK-34,6917,14,20,2025-10-19 22:30:14.763255,338587.775,6293468.716
PI748,110,TBFT-90,903,0,3,2025-10-19 22:30:16.790068,338429.495,6296861.972
PI748,110,PFXC-25,7745,17,23,2025-10-19 22:30:16.790073,338429.495,6296861.972
PI748,111,FLXW-97,2370,7,9,2025-10-19 22:30:16.790074,338429.495,6296861.972
PI748,111,FLXW-83,13368,25,60,2025-10-19 22:30:16.790075,338429.495,6296861.972
PI748,510,PFXB-56,1300,0,3,2025-10-19 22:30:16.790076,338429.495,6296861.972
PI748,J01,FLXD-29,854,0,3,2025-10-19 22:30:16.790077,338429.495,6296861.972
PI748,J08,PFXB-59,1400,0,3,2025-10-19 22:30:16.790078,338429.495,6296861.972
PG228,G23,SFWZ-14,3664,9,13,2025-10-19 22:30:18.750998,346874.98,6282746.635
PG228,212,SDGY-28,4812,13,17,2025-10-19 22:30:18.751003,346874.98,6282746.635
PG228,212,SVPX-49,7371,18,26,2025-10-19 22:30:18.751004,346874.98,6282746.635
PG228,216,LZPW-15,179,0,3,2025-10-19 22:30:18.751005,346874.98,6282746.635
PG228,216,SRTK-17,3874,10,14,2025-10-19 22:30:18.751006,346874.98,6282746.635
PH74,329,FLXT-21,660,0,3,2025-10-19 22:30:20.853552,342100.05,6288897.66
PH74,H12,CJRB-43,773,0,4,2025-10-19 22:30:20.853558,342100.05,6288897.66
PH74,H12,CJRB-12,5426,17,23,2025-10-19 22:30:20.853559,342100.05,6288897.66
PH74,125,FLXK-53,2704,6,8,2025-10-19 22:30:20.853560,342100.05,6288897.66
PJ398,504,GCBD-15,3860,13,19,2025-10-19 22:30:24.321505,340825.808,6299435.92
PJ398,507,FLXV-99,4252,12,16,2025-10-19 22:30:24.321510,340825.808,6299435.92
PJ398,503,VGVF-76,42,0,3,2025-10-19 22:30:24.321511,340825.808,6299435.92
PJ113,412,PFVG-95,2776,8,10,2025-10-19 22:30:26.230295,341353.203,6296706.929
PJ113,412,PFTW-35,11917,25,60,2025-10-19 22:30:26.230301,341353.203,6296706.929
PJ113,418,PFYC-31,7260,16,24,2025-10-19 22:30:26.230302,341353.203,6296706.929
PJ113,418,SKPL-36,15613,25,60,2025-10-19 22:30:26.230303,341353.203,6296706.929
PI1071,I10,FLXH-11,6125,15,21,2025-10-19 22:30:29.553236,341465.543,6295442.759
PI1071,I10,FLXF-13,13000,25,60,2025-10-19 22:30:29.553241,341465.543,6295442.759
PH184,207,SFWB-75,6273,16,22,2025-10-19 22:30:31.295894,347467.704,6294116.898
PH184,209,SDGY-18,1543,0,4,2025-10-19 22:30:31.295899,347467.704,6294116.898
PH184,205,VFPZ-38,593,0,3,2025-10-19 22:30:31.295900,347467.704,6294116.898
PH184,227,VFPJ-11,3504,7,9,2025-10-19 22:30:31.295901,347467.704,6294116.898
PH184,227,VFPL-57,11513,25,60,2025-10-19 22:30:31.295902,347467.704,6294116.898
PH1505,321,FLXR-26,833,0,3,2025-10-19 22:30:33.054924,343704.291,6290379.317
PH1505,329,FLXT-21,6360,13,19,2025-10-19 22:30:33.054929,343704.291,6290379.317
PE1515,E10,FLXR-51,7852,25,60,2025-10-19 22:30:34.575933,350503.0,6289248.0
PE1515,E10,BJFZ-27,7930,25,60,2025-10-19 22:30:34.575938,350503.0,6289248.0
PH781,H14,FLXR-37,2483,6,8,2025-10-19 22:30:43.433431,347448.437,6290319.206
PI725,I02,FLXY-98,1,0,3,2025-10-19 22:30:47.338997,337333.753,6292318.918
PI725,I10,FLXL-22,1,0,3,2025-10-19 22:30:47.339002,337333.753,6292318.918
PI725,I10,FLXL-39,6723,17,25,2025-10-19 22:30:47.339003,337333.753,6292318.918
PC91,216,SVPW-57,2174,4,6,2025-10-19 22:30:49.296864,354625.569,6300406.187
PC91,216,LXWT-95,6212,13,19,2025-10-19 22:30:49.296868,354625.569,6300406.187
PJ64,110,TBFT-79,187,0,3,2025-10-19 22:30:53.176747,338162.147,6299727.99
PJ64,110,TBFT-12,7812,25,60,2025-10-19 22:30:53.176752,338162.147,6299727.99
PE150,E07,BJFV-88,1282,4,6,2025-10-19 22:30:55.157326,351893.696,6288759.373
PE150,F25,LBTS-95,458,0,3,2025-10-19 22:30:55.157331,351893.696,6288759.373
PE150,F25,SRVL-24,16224,25,60,2025-10-19 22:30:55.157332,351893.696,6288759.373
PE150,325,VFJT-26,1994,4,6,2025-10-19 22:30:55.157333,351893.696,6288759.373
PE150,210,VFRF-65,42,0,3,2025-10-19 22:30:55.157333,351893.696,6288759.373
PE150,210,VFRD-75,9330,25,60,2025-10-19 22:30:55.157334,351893.696,6288759.373
PE150,210V,VFPW-63,5026,11,15,2025-10-19 22:30:55.157335,351893.696,6288759.373
PE150,210V,VGKZ-92,9774,25,60,2025-10-19 22:30:55.157336,351893.696,6288759.373
PE150,323,FLXF-54,7637,16,24,2025-10-19 22:30:55.157337,351893.696,6288759.373
PB874,214,GCBC-16,4963,16,24,2025-10-19 22:30:57.062645,345118.385,6301826.326
PB874,214,GCBB-30,8922,25,60,2025-10-19 22:30:57.062650,345118.385,6301826.326
PB874,B10,STHF-31,3313,10,14,2025-10-19 22:30:57.062651,345118.385,6301826.326
PB874,B04,SHCX-27,4387,13,19,2025-10-19 22:30:57.062652,345118.385,6301826.326
PB1946,B33,SHCX-26,549,0,4,2025-10-19 22:30:58.986664,342617.2,6307544.89
PF125,F13,SRPJ-89,1444,7,9,2025-10-19 22:31:00.422802,353199.403,6283393.684
PF125,210,VFPS-99,3279,11,15,2025-10-19 22:31:00.422807,353199.403,6283393.684
PF125,210,VFRB-56,13226,25,60,2025-10-19 22:31:00.422808,353199.403,6283393.684
PJ516,504,GCBD-94,2848,12,16,2025-10-19 22:31:02.388018,339605.034,6300399.999
PJ516,504,GCBC-52,12044,25,60,2025-10-19 22:31:02.388023,339605.034,6300399.999
PJ516,507,TBFX-19,2098,9,13,2025-10-19 22:31:02.388024,339605.034,6300399.999
PJ516,507,TBFR-44,7722,25,60,2025-10-19 22:31:02.388025,339605.034,6300399.999
PJ516,508,FLXV-35,5982,13,19,2025-10-19 22:31:02.388026,339605.034,6300399.999
PJ516,508,FLXW-44,11354,25,60,2025-10-19 22:31:02.388027,339605.034,6300399.999
PJ516,518,TBFS-54,4582,17,25,2025-10-19 22:31:02.388028,339605.034,6300399.999
PJ516,518,GCBC-38,9375,25,60,2025-10-19 22:31:02.388028,339605.034,6300399.999
PJ516,J03,PFXC-32,2770,6,8,2025-10-19 22:31:02.388029,339605.034,6300399.999
PJ516,J03,GCBC-72,7202,16,24,2025-10-19 22:31:02.388030,339605.034,6300399.999
PD8,117,SPBS-64,3048,8,10,2025-10-19 22:31:05.424142,350837.15,6297278.57
PB486,428,SHCY-54,1460,0,4,2025-10-19 22:31:07.347427,337375.93,6305580.81
PB486,428,SHCY-29,2705,5,7,2025-10-19 22:31:07.347433,337375.93,6305580.81
PC529,C06,SKDJ-80,5290,15,21,2025-10-19 22:31:09.210195,357290.462,6301513.178
PC529,503,VGTY-85,5441,13,19,2025-10-19 22:31:09.210200,357290.462,6301513.178
PC529,503,VGVC-45,5787,15,21,2025-10-19 22:31:09.210201,357290.462,6301513.178
PC529,722,STGZ-85,897,0,4,2025-10-19 22:31:09.210202,357290.462,6301513.178
PC529,722,STHJ-98,13287,25,60,2025-10-19 22:31:09.210203,357290.462,6301513.178
PH522,H24,VGRC-83,340,0,3,2025-10-19 22:31:12.561159,344077.521,6291613.215
PH522,H24,VGRG-34,7639,19,27,2025-10-19 22:31:12.561164,344077.521,6291613.215
PB1188,B12,SKDH-78,9,0,3,2025-10-19 22:31:14.474612,345867.508,6304885.986
