bus_stop_code,route_id,bus_id,meters_distance,min_arrival_time,max_arrival_time,date,X,Y
PA10,511,PFXB-91,967,0,3,2025-11-07 18:00:04.697014,344662.197,6295715.461
PA10,511,GCBC-70,2301,5,9,2025-11-07 18:00:04.697021,344662.197,6295715.461
PA10,109,TBFT-67,1326,0,4,2025-11-07 18:00:04.697023,344662.197,6295715.461
PA10,109,FLXC-54,7840,23,27,2025-11-07 18:00:04.697024,344662.197,6295715.461
PA10,119,FLXF-98,1218,0,4,2025-11-07 18:00:04.697026,344662.197,6295715.461
PA10,119,BJFT-97,2910,7,11,2025-11-07 18:00:04.697027,344662.197,6295715.461
PA10,345,CJRX-35,457,0,3,2025-11-07 18:00:04.697028,344662.197,6295715.461
PA10,345,FLXD-72,2681,6,10,2025-11-07 18:00:04.697030,344662.197,6295715.461
PA10,I18,VHSY-40,592,0,2,2025-11-07 18:00:04.697031,344662.197,6295715.461
PA10,I18,FLXZ-42,2941,7,11,2025-11-07 18:00:04.697032,344662.197,6295715.461
PI802,108,PFTW-69,3189,8,12,2025-11-07 18:00:06.783751,333823.927,6287857.835
PI802,108,PGPT-18,7286,21,25,2025-11-07 18:00:06.783758,333823.927,6287857.835
PI802,506,TBFS-55,3034,8,12,2025-11-07 18:00:06.783760,333823.927,6287857.835
PI802,506,TBFX-72,3233,8,12,2025-11-07 18:00:06.783761,333823.927,6287857.835
PI802,419,PDZT-12,6128,17,21,2025-11-07 18:00:06.783762,333823.927,6287857.835
PI802,419,PFVK-60,12255,39,60,2025-11-07 18:00:06.783763,333823.927,6287857.835
PI802,I21,FLXL-23,910,0,3,2025-11-07 18:00:06.783764,333823.927,6287857.835
PI802,I10,FLXL-52,1030,0,3,2025-11-07 18:00:06.783766,333823.927,6287857.835
PJ499,508,FLXX-83,1007,0,3,2025-11-07 18:00:08.893377,341567.715,6299909.819
PJ499,508,LXWR-94,1007,0,3,2025-11-07 18:00:08.893383,341567.715,6299909.819
PJ499,J03,FLXK-41,0,0,3,2025-11-07 18:00:08.893384,341567.715,6299909.819
PJ499,J03,FLXD-55,5068,14,18,2025-11-07 18:00:08.893385,341567.715,6299909.819
PF162,E09,VKJX-14,3186,8,12,2025-11-07 18:00:10.988731,352455.159,6284426.314
PF162,E09,VKJX-59,5092,14,18,2025-11-07 18:00:10.988737,352455.159,6284426.314
PF162,E16,VFJJ-50,6079,17,21,2025-11-07 18:00:10.988739,352455.159,6284426.314
PF162,E16,VFKT-58,6959,20,24,2025-11-07 18:00:10.988740,352455.159,6284426.314
PG2048,G23,SFWZ-65,228,0,3,2025-11-07 18:00:12.789585,344436.0,6282855.0
PG2048,G23,SFWZ-27,2253,5,9,2025-11-07 18:00:12.789592,344436.0,6282855.0
PG2048,G16,SFPF-86,0,0,3,2025-11-07 18:00:12.789593,344436.0,6282855.0
PG2048,G16,SFPF-78,597,0,2,2025-11-07 18:00:12.789595,344436.0,6282855.0
PA235,302,BJFS-49,3222,8,12,2025-11-07 18:00:14.579103,346111.77,6295691.22
PA235,302,BJFT-53,3823,10,14,2025-11-07 18:00:14.579108,346111.77,6295691.22
PA235,125,BJFS-51,6470,18,22,2025-11-07 18:00:14.579109,346111.77,6295691.22
PA235,125,CJRX-52,6638,19,23,2025-11-07 18:00:14.579110,346111.77,6295691.22
PJ1679,J04,TBFT-92,1023,0,3,2025-11-07 18:00:16.627417,339095.26,6299029.309
PJ1679,J04,TBFS-49,2735,7,11,2025-11-07 18:00:16.627421,339095.26,6299029.309
PF550,F12,SRVG-86,2106,5,9,2025-11-07 18:00:18.671624,352706.477,6278423.205
PF550,F12,LCTG-23,4881,13,17,2025-11-07 18:00:18.671629,352706.477,6278423.205
PF550,124,LCTG-36,431,0,3,2025-11-07 18:00:18.671630,352706.477,6278423.205
PF550,124,SRVL-35,2676,6,10,2025-11-07 18:00:18.671631,352706.477,6278423.205
PG1208,G14,FLXL-96,424,0,3,2025-11-07 18:00:20.720642,343822.294,6279663.322
PG1208,G14,FLXX-10,2555,6,10,2025-11-07 18:00:20.720647,343822.294,6279663.322
PG1208,G24,FLXP-16,1078,0,3,2025-11-07 18:00:20.720648,343822.294,6279663.322
PG1208,G24,CJRL-62,1849,4,8,2025-11-07 18:00:20.720648,343822.294,6279663.322
PG49,G05,SHCX-25,4074,11,15,2025-11-07 18:00:22.850917,343638.958,6284645.58
PG49,211,FZZF-94,2327,5,9,2025-11-07 18:00:22.850922,343638.958,6284645.58
PG49,211,TBYY-66,2458,6,10,2025-11-07 18:00:22.850923,343638.958,6284645.58
PG49,271,TBYY-59,400,0,3,2025-11-07 18:00:22.850924,343638.958,6284645.58
PG49,271,FLXC-85,1944,4,8,2025-11-07 18:00:22.850925,343638.958,6284645.58
PG49,211c,THTD-61,132,0,3,2025-11-07 18:00:22.850926,343638.958,6284645.58
PG49,211c,THTF-47,0,0,3,2025-11-07 18:00:22.850927,343638.958,6284645.58
PD18,D14,PGBY-86,306,0,3,2025-11-07 18:00:24.949258,350772.74,6293824.58
PD18,D14,PGBY-64,5072,14,18,2025-11-07 18:00:24.949263,350772.74,6293824.58
PD18,103,SPBF-96,635,0,2,2025-11-07 18:00:24.949266,350772.74,6293824.58
PD18,103,SPBL-83,2966,7,11,2025-11-07 18:00:24.949267,350772.74,6293824.58
PD18,117,SPBR-46,0,0,3,2025-11-07 18:00:24.949268,350772.74,6293824.58
PD18,117,SPBL-99,3551,9,13,2025-11-07 18:00:24.949269,350772.74,6293824.58
PD18,114,SKWD-34,528,0,2,2025-11-07 18:00:24.949271,350772.74,6293824.58
PD18,114,LDSV-96,3943,10,14,2025-11-07 18:00:24.949272,350772.74,6293824.58
PA489,D03,SVDF-56,930,0,3,2025-11-07 18:00:26.982680,347531.23,6297332.97
PA489,D03,SVDC-23,1184,0,4,2025-11-07 18:00:26.982685,347531.23,6297332.97
PJ1551,B26,FLXP-70,3834,10,14,2025-11-07 18:00:28.564309,343760.73,6299505.0
PJ1551,B26,FLXP-84,3790,10,14,2025-11-07 18:00:28.564315,343760.73,6299505.0
PH625,H12,CJRX-67,1195,0,4,2025-11-07 18:00:30.663656,345366.337,6293265.989
PH625,H12,CJRB-45,7039,20,24,2025-11-07 18:00:30.663660,345366.337,6293265.989
PH625,H13,BJFT-17,1025,0,3,2025-11-07 18:00:30.663662,345366.337,6293265.989
PH625,H13,CJRX-71,3523,9,13,2025-11-07 18:00:30.663663,345366.337,6293265.989
PH625,H09,VGRF-84,3132,8,12,2025-11-07 18:00:30.663663,345366.337,6293265.989
PH625,H09,VGRG-34,5557,16,20,2025-11-07 18:00:30.663664,345366.337,6293265.989
PH513,H05,VFHK-89,4814,13,17,2025-11-07 18:00:32.560623,345808.435,6291225.125
PH513,H05,VFPB-75,5110,14,18,2025-11-07 18:00:32.560628,345808.435,6291225.125
PD459,418,PFYC-29,1058,0,3,2025-11-07 18:00:34.081950,355875.86,6296164.133
PD459,418,LXWP-74,5095,14,18,2025-11-07 18:00:34.081955,355875.86,6296164.133
PG366,301,BJFT-85,2667,6,10,2025-11-07 18:00:39.502018,343618.453,6280554.566
PG366,301,CJRZ-84,4311,12,16,2025-11-07 18:00:39.502023,343618.453,6280554.566
PG366,301c,BJFZ-63,1562,3,7,2025-11-07 18:00:39.502025,343618.453,6280554.566
PG366,301c,BJFT-56,2675,6,10,2025-11-07 18:00:39.502025,343618.453,6280554.566
PG366,G14,CJRL-60,1192,0,4,2025-11-07 18:00:39.502027,343618.453,6280554.566
PG366,G14,CJRK-98,1965,4,8,2025-11-07 18:00:39.502027,343618.453,6280554.566
PG366,G32,THTF-43,340,0,3,2025-11-07 18:00:39.502028,343618.453,6280554.566
PG366,G32,THTF-42,600,0,2,2025-11-07 18:00:39.502029,343618.453,6280554.566
PB1323,B02,FLXS-32,5582,16,20,2025-11-07 18:00:42.821148,346755.486,6301166.75
PB1323,B02,FLXR-79,6226,18,22,2025-11-07 18:00:42.821154,346755.486,6301166.75
PB1323,B17,SHCX-53,794,0,3,2025-11-07 18:00:42.821155,346755.486,6301166.75
PB1323,B17,SJTD-62,2347,5,9,2025-11-07 18:00:42.821156,346755.486,6301166.75
PG25,201,GCBB-82,416,0,3,2025-11-07 18:00:44.753473,342536.265,6282856.873
PG25,201,GCBB-88,832,0,3,2025-11-07 18:00:44.753478,342536.265,6282856.873
PG25,211,TBYY-65,3896,10,14,2025-11-07 18:00:44.753479,342536.265,6282856.873
PG25,211,FLXX-16,4728,13,17,2025-11-07 18:00:44.753480,342536.265,6282856.873
PG25,271,TBYY-74,390,0,3,2025-11-07 18:00:44.753481,342536.265,6282856.873
PG25,271,FLXX-12,4869,13,17,2025-11-07 18:00:44.753482,342536.265,6282856.873
PF62,204,VFPB-85,1159,0,4,2025-11-07 18:00:46.807181,351857.13,6282402.594
PF62,204,VFPZ-38,1749,4,8,2025-11-07 18:00:46.807187,351857.13,6282402.594
PF62,F26,SPVV-69,0,0,3,2025-11-07 18:00:46.807188,351857.13,6282402.594
PF62,F26,SPVT-94,6428,18,22,2025-11-07 18:00:46.807189,351857.13,6282402.594
PJ1808,J07,VHZX-10,5110,14,18,2025-11-07 18:00:48.933332,332236.852,6306714.124
PJ1808,J07,VHZY-50,9849,31,60,2025-11-07 18:00:48.933337,332236.852,6306714.124
PC1278,C37,SGPW-38,544,0,2,2025-11-07 18:00:50.544786,358541.0,6302059.0
PE70,203,SFWZ-81,1289,0,4,2025-11-07 18:00:53.092209,348051.943,6289683.996
PE70,203,SFWZ-62,1511,3,7,2025-11-07 18:00:53.092213,348051.943,6289683.996
PE70,206,FLXW-98,598,0,2,2025-11-07 18:00:53.092215,348051.943,6289683.996
PE70,206,FLXW-89,5860,17,21,2025-11-07 18:00:53.092215,348051.943,6289683.996
PE70,206c,LZRB-86,3097,8,12,2025-11-07 18:00:53.092216,348051.943,6289683.996
PE70,206c,LZPW-19,3814,10,14,2025-11-07 18:00:53.092217,348051.943,6289683.996
PE70,212,LZPS-12,2664,6,10,2025-11-07 18:00:53.092218,348051.943,6289683.996
PE70,212,LZPW-22,2415,6,10,2025-11-07 18:00:53.092219,348051.943,6289683.996
PE70,E05,FLXK-75,2505,6,10,2025-11-07 18:00:53.092219,348051.943,6289683.996
PC306,401,PFBG-34,1671,3,7,2025-11-07 18:00:59.429336,357545.903,6301457.314
PC306,401,PFTF-85,4585,12,16,2025-11-07 18:00:59.429341,357545.903,6301457.314
PC306,503,VGVF-43,1240,0,4,2025-11-07 18:00:59.429343,357545.903,6301457.314
PC306,503,VGTZ-15,2255,5,9,2025-11-07 18:00:59.429344,357545.903,6301457.314
PC306,C09,LDTB-41,2124,5,9,2025-11-07 18:00:59.429344,357545.903,6301457.314
PC306,C09,SGPY-62,2469,6,10,2025-11-07 18:00:59.429345,357545.903,6301457.314
PC306,722,STHJ-81,1763,4,8,2025-11-07 18:00:59.429346,357545.903,6301457.314
PC306,722,TXZH-25,3729,10,14,2025-11-07 18:00:59.429347,357545.903,6301457.314
PC306,C37,SHXF-91,1585,3,7,2025-11-07 18:00:59.429348,357545.903,6301457.314
PC306,C37,SJPC-21,2855,7,11,2025-11-07 18:00:59.429348,357545.903,6301457.314
PC306,401c,SJPD-45,8148,26,60,2025-11-07 18:00:59.429349,357545.903,6301457.314
PC306,407,GCBF-17,4782,13,17,2025-11-07 18:00:59.429350,357545.903,6301457.314
PC306,407,TBFT-87,7218,21,25,2025-11-07 18:00:59.429351,357545.903,6301457.314
PC306,C06,LWTK-61,2344,5,9,2025-11-07 18:00:59.429352,357545.903,6301457.314
PC306,C06,LWTK-57,6162,17,21,2025-11-07 18:00:59.429353,357545.903,6301457.314
PC306,504,TBFS-59,4381,34,60,2025-11-07 18:00:59.429353,357545.903,6301457.314
PC306,504,PFXC-80,4346,34,60,2025-11-07 18:00:59.429354,357545.903,6301457.314
PC306,C09c,SJPB-65,1103,0,3,2025-11-07 18:00:59.429355,357545.903,6301457.314
PC306,C09c,SGPW-49,3805,10,14,2025-11-07 18:00:59.429356,357545.903,6301457.314
PB976,B06,SKDG-40,0,0,3,2025-11-07 18:01:01.017555,345503.563,6305319.737
PB976,B06,SKDH-95,3393,9,13,2025-11-07 18:01:01.017559,345503.563,6305319.737
PB976,B27,FLXS-25,2510,6,10,2025-11-07 18:01:01.017560,345503.563,6305319.737
PB976,B27,FLXT-75,3227,8,12,2025-11-07 18:01:01.017592,345503.563,6305319.737
PJ117,407,PFXB-76,0,0,3,2025-11-07 18:01:03.189932,335557.611,6298194.694
PJ117,407,TBFW-14,996,0,3,2025-11-07 18:01:03.189937,335557.611,6298194.694
PJ117,402,SHXF-97,1736,3,7,2025-11-07 18:01:03.189938,335557.611,6298194.694
PJ117,402,SKPL-36,1711,3,7,2025-11-07 18:01:03.189939,335557.611,6298194.694
PJ117,486,LXWP-67,2630,6,10,2025-11-07 18:01:03.189940,335557.611,6298194.694
PJ117,406,FLXV-83,105,0,3,2025-11-07 18:01:03.189941,335557.611,6298194.694
PB1514,B24,LDJV-49,455,0,2,2025-11-07 18:01:05.243012,342064.99,6303208.11
PB1514,B24,LDJW-29,455,0,2,2025-11-07 18:01:05.243017,342064.99,6303208.11
PB1514,B28,STHF-35,827,0,3,2025-11-07 18:01:05.243018,342064.99,6303208.11
PB1514,B28,SPZX-51,1613,3,7,2025-11-07 18:01:05.243019,342064.99,6303208.11
PB1514,B38,GCBF-12,4418,12,16,2025-11-07 18:01:05.243020,342064.99,6303208.11
PB1514,B38,TBFW-19,11247,36,60,2025-11-07 18:01:05.243021,342064.99,6303208.11
PJ621,J01,FLXG-26,1215,0,4,2025-11-07 18:01:07.351771,339501.364,6297719.285
PJ621,J01,FLXD-30,5996,17,21,2025-11-07 18:01:07.351777,339501.364,6297719.285
PE375,E04,VKJX-94,2167,5,9,2025-11-07 18:01:09.394846,351806.283,6289616.935
PE375,E04,VKJZ-75,2896,7,11,2025-11-07 18:01:09.394850,351806.283,6289616.935
PB1861,105,SJPC-38,5824,16,20,2025-11-07 18:01:11.432953,336797.0,6303031.32
PB1861,105,SJPD-99,11953,38,60,2025-11-07 18:01:11.432959,336797.0,6303031.32
PB1861,408e,BJFB-24,5592,16,20,2025-11-07 18:01:11.432960,336797.0,6303031.32
PB1861,408e,BJFF-50,6224,18,22,2025-11-07 18:01:11.432961,336797.0,6303031.32
PB1861,109,BJFD-43,935,0,3,2025-11-07 18:01:11.432962,336797.0,6303031.32
PB1861,109,FLXG-28,5646,16,20,2025-11-07 18:01:11.432963,336797.0,6303031.32
PB1861,110c,SPHF-15,1248,0,4,2025-11-07 18:01:11.432964,336797.0,6303031.32
PB1861,110c,FDJX-66,1248,0,4,2025-11-07 18:01:11.432965,336797.0,6303031.32
PD311,517,VHZY-41,379,0,3,2025-11-07 18:01:13.523075,355483.461,6299838.562
PD311,517,VJJV-98,924,0,3,2025-11-07 18:01:13.523080,355483.461,6299838.562
PD311,D11,SVDC-83,1911,4,8,2025-11-07 18:01:13.523081,355483.461,6299838.562
PD311,D11,SVDC-44,2663,6,10,2025-11-07 18:01:13.523082,355483.461,6299838.562
PD311,225,VFJS-61,759,0,2,2025-11-07 18:01:13.523083,355483.461,6299838.562
PD311,225,VFHX-21,3805,10,14,2025-11-07 18:01:13.523084,355483.461,6299838.562
PE441,E12,VFJD-49,4241,11,15,2025-11-07 18:01:15.348171,353976.226,6286899.692
PE441,E12,VFJD-79,7556,22,26,2025-11-07 18:01:15.348177,353976.226,6286899.692
PF240,F03c,SHCY-65,1928,4,8,2025-11-07 18:01:17.510814,350472.891,6279171.533
PF240,F03c,SHXD-84,3264,8,12,2025-11-07 18:01:17.510820,350472.891,6279171.533
PF240,F15,SRVK-90,983,0,3,2025-11-07 18:01:17.510821,350472.891,6279171.533
PF240,F18,SRVG-94,2408,6,10,2025-11-07 18:01:17.510822,350472.891,6279171.533
PF240,F18,LBTS-83,3758,10,14,2025-11-07 18:01:17.510823,350472.891,6279171.533
PF240,F25,SRVF-81,1894,4,8,2025-11-07 18:01:17.510824,350472.891,6279171.533
PF240,F03,SPVV-83,1865,4,8,2025-11-07 18:01:17.510825,350472.891,6279171.533
PF240,F03,SPVW-21,1865,4,8,2025-11-07 18:01:17.510826,350472.891,6279171.533
PF240,F13,SRSC-51,612,0,2,2025-11-07 18:01:17.510827,350472.891,6279171.533
PF240,F13,SRSC-90,2136,5,9,2025-11-07 18:01:17.510828,350472.891,6279171.533
PI577,509,CJRY-63,946,0,3,2025-11-07 18:01:19.958456,338063.993,6292713.221
PI577,509,FLXV-35,6615,19,23,2025-11-07 18:01:19.958464,338063.993,6292713.221
PI577,423,PFYR-59,2631,6,10,2025-11-07 18:01:19.958466,338063.993,6292713.221
PI577,423,PGPT-23,5392,15,19,2025-11-07 18:01:19.958467,338063.993,6292713.221
PI577,I10,FLXG-58,3435,9,13,2025-11-07 18:01:19.958468,338063.993,6292713.221
PI577,I10,FLXG-12,6081,17,21,2025-11-07 18:01:19.958469,338063.993,6292713.221
PD23,103,PLHK-83,1018,0,3,2025-11-07 18:01:22.417513,351178.388,6292655.357
PD23,103,SPBF-96,2020,4,8,2025-11-07 18:01:22.417519,351178.388,6292655.357
PD23,117,PGRZ-80,525,0,2,2025-11-07 18:01:22.417520,351178.388,6292655.357
PD23,117,SPBR-46,1436,3,7,2025-11-07 18:01:22.417521,351178.388,6292655.357
PB1194,B12,SKDJ-82,1548,3,7,2025-11-07 18:01:24.545104,342550.245,6308268.876
PB1194,B12,LDTB-85,5328,15,19,2025-11-07 18:01:24.545110,342550.245,6308268.876
PE1319,E11,VKJX-83,2858,7,11,2025-11-07 18:01:26.651836,348539.411,6286134.747
PE1319,E11,VKJZ-42,2697,7,11,2025-11-07 18:01:26.651841,348539.411,6286134.747
PE1319,F05,SPZY-75,0,0,3,2025-11-07 18:01:26.651842,348539.411,6286134.747
PE1319,F05,SPZY-45,2991,7,11,2025-11-07 18:01:26.651843,348539.411,6286134.747
PE1319,E18,BJFX-11,3678,10,14,2025-11-07 18:01:26.651843,348539.411,6286134.747
PE1319,E18,BJFW-83,4500,12,16,2025-11-07 18:01:26.651844,348539.411,6286134.747
PD1158,D13,FLXR-46,1147,0,4,2025-11-07 18:01:30.958837,350646.909,6292639.264
PD12,103,SPBL-83,1089,0,3,2025-11-07 18:01:33.097552,350698.995,6295626.833
PD12,103,SPBP-30,2605,6,10,2025-11-07 18:01:33.097557,350698.995,6295626.833
PD12,117,SPBL-99,1838,4,8,2025-11-07 18:01:33.097558,350698.995,6295626.833
PD12,117,PGLD-73,3939,10,14,2025-11-07 18:01:33.097559,350698.995,6295626.833
PD12,114,LDSV-96,2132,5,9,2025-11-07 18:01:33.097560,350698.995,6295626.833
PD12,114,SKVD-63,2132,5,9,2025-11-07 18:01:33.097561,350698.995,6295626.833
PD1025,D09,SVDD-53,178,0,3,2025-11-07 18:01:35.137852,357149.862,6294811.766
PD1025,D09,SVDC-52,532,0,2,2025-11-07 18:01:35.137857,357149.862,6294811.766
PD1025,D08,SVDF-54,230,0,3,2025-11-07 18:01:35.137858,357149.862,6294811.766
PD1025,D08,SVDF-71,3229,8,12,2025-11-07 18:01:35.137859,357149.862,6294811.766
PJ710,J05,FLXS-89,3744,10,14,2025-11-07 18:01:37.235451,335869.263,6301204.611
PJ710,J05,FLXG-45,4530,12,16,2025-11-07 18:01:37.235456,335869.263,6301204.611
PJ710,502,TBFR-51,143,0,3,2025-11-07 18:01:37.235457,335869.263,6301204.611
PJ710,502,TBFW-92,3902,10,14,2025-11-07 18:01:37.235458,335869.263,6301204.611
PJ710,511,TBFW-90,441,0,3,2025-11-07 18:01:37.235459,335869.263,6301204.611
PJ710,511,FLXV-95,2316,5,9,2025-11-07 18:01:37.235460,335869.263,6301204.611
PJ710,J04,TBFW-66,3864,10,14,2025-11-07 18:01:37.235461,335869.263,6301204.611
PJ710,J04,FLXW-31,5482,15,19,2025-11-07 18:01:37.235462,335869.263,6301204.611
PJ432,542,TBFV-11,1201,0,4,2025-11-07 18:01:39.080209,336927.919,6300536.815
PJ432,542,TBFT-77,1210,0,4,2025-11-07 18:01:39.080214,336927.919,6300536.815
PJ432,J04,TBFW-66,2045,4,8,2025-11-07 18:01:39.080215,336927.919,6300536.815
PJ432,J04,FLXW-31,3663,10,14,2025-11-07 18:01:39.080216,336927.919,6300536.815
PJ432,J16,FLXG-22,5247,15,19,2025-11-07 18:01:39.080217,336927.919,6300536.815
PJ432,J16,FLXD-59,11753,37,60,2025-11-07 18:01:39.080217,336927.919,6300536.815
PE589,F25,SRVL-25,165,0,3,2025-11-07 18:01:40.628758,353037.207,6286645.497
PE589,F25,LCPG-31,1641,3,7,2025-11-07 18:01:40.628764,353037.207,6286645.497
PE589,E08,VKJX-73,300,0,3,2025-11-07 18:01:40.628765,353037.207,6286645.497
PE589,E08,VKJX-70,2065,5,9,2025-11-07 18:01:40.628766,353037.207,6286645.497
PG109,G18,SFPG-30,2346,5,9,2025-11-07 18:01:42.758770,348285.544,6285661.908
PG109,G18,SHXB-36,2579,6,10,2025-11-07 18:01:42.758775,348285.544,6285661.908
PG109,G04,SDSW-80,1211,0,4,2025-11-07 18:01:42.758777,348285.544,6285661.908
PG109,G04,SFGY-85,3170,8,12,2025-11-07 18:01:42.758778,348285.544,6285661.908
PG109,203,LZPT-51,1773,4,8,2025-11-07 18:01:42.758779,348285.544,6285661.908
PG109,203,LZPG-12,3545,9,13,2025-11-07 18:01:42.758780,348285.544,6285661.908
PG109,203c,VJKZ-38,3560,9,13,2025-11-07 18:01:42.758781,348285.544,6285661.908
PG109,203c,VJXC-75,5156,14,18,2025-11-07 18:01:42.758782,348285.544,6285661.908
PD376,D07c,SVDC-89,2460,6,10,2025-11-07 18:01:44.867423,354377.304,6294031.577
PD376,D10,SVDC-12,2348,5,9,2025-11-07 18:01:44.867429,354377.304,6294031.577
PD376,D10,SVDD-46,5256,15,19,2025-11-07 18:01:44.867430,354377.304,6294031.577
PD376,429,SLPC-18,1857,4,8,2025-11-07 18:01:44.867432,354377.304,6294031.577
PD376,429,SKPH-68,2092,5,9,2025-11-07 18:01:44.867433,354377.304,6294031.577
PD376,D05,SPBL-73,2728,7,11,2025-11-07 18:01:44.867434,354377.304,6294031.577
PD376,D07,SVDD-29,2543,6,10,2025-11-07 18:01:44.867436,354377.304,6294031.577
PD376,D07,SVDC-69,3727,10,14,2025-11-07 18:01:44.867437,354377.304,6294031.577
PJ84,110,LZPH-39,3935,10,14,2025-11-07 18:01:46.938247,338221.337,6298031.473
PJ84,110c,TBFP-90,0,0,3,2025-11-07 18:01:46.938252,338221.337,6298031.473
PJ84,110c,FLXH-82,557,0,2,2025-11-07 18:01:46.938253,338221.337,6298031.473
PC854,C13,SJPB-67,2219,5,9,2025-11-07 18:01:48.912335,359472.414,6308703.741
PC854,C16,LDTF-43,171,0,3,2025-11-07 18:01:48.912340,359472.414,6308703.741
PC854,C16,LDTG-56,603,0,2,2025-11-07 18:01:48.912341,359472.414,6308703.741
PH791,D07,SVDF-13,1187,0,4,2025-11-07 18:01:50.498292,348326.629,6294717.813
PH791,D07,STKP-84,1523,3,7,2025-11-07 18:01:50.498298,348326.629,6294717.813
PH791,E04,VKJZ-47,639,0,2,2025-11-07 18:01:50.498299,348326.629,6294717.813
PH791,E04,VKJZ-59,1029,0,3,2025-11-07 18:01:50.498300,348326.629,6294717.813
PH791,385,FLXL-25,6047,17,21,2025-11-07 18:01:50.498301,348326.629,6294717.813
PB40,101,PFYS-22,1785,4,8,2025-11-07 18:01:52.554496,346179.764,6303641.67
PB40,101,PFVC-56,2508,6,10,2025-11-07 18:01:52.554501,346179.764,6303641.67
PB40,107,PFZK-98,4387,12,16,2025-11-07 18:01:52.554503,346179.764,6303641.67
PB40,107,PGBY-37,9506,30,60,2025-11-07 18:01:52.554504,346179.764,6303641.67
PB40,107c,PGLD-43,5548,16,20,2025-11-07 18:01:52.554505,346179.764,6303641.67
PJ400,503,LZPG-54,0,0,3,2025-11-07 18:01:54.719513,341546.534,6299487.805
PJ400,503,VGVF-84,2747,7,11,2025-11-07 18:01:54.719518,341546.534,6299487.805
PJ400,504,PFXB-52,2747,14,18,2025-11-07 18:01:54.719519,341546.534,6299487.805
PJ400,504,FLXV-57,5702,35,60,2025-11-07 18:01:54.719520,341546.534,6299487.805
PJ400,507,PFXC-28,2747,7,11,2025-11-07 18:01:54.719521,341546.534,6299487.805
PJ400,507,FLXV-43,3467,9,13,2025-11-07 18:01:54.719522,341546.534,6299487.805
PJ400,517,VHZX-40,4509,12,16,2025-11-07 18:01:54.719523,341546.534,6299487.805
PJ400,518,GCBC-75,312,0,3,2025-11-07 18:01:54.719524,341546.534,6299487.805
PJ400,518,TBFT-89,1524,3,7,2025-11-07 18:01:54.719525,341546.534,6299487.805
PJ400,J02,VHXJ-20,4174,11,15,2025-11-07 18:01:54.719526,341546.534,6299487.805
PJ400,B38,GCBF-12,0,0,3,2025-11-07 18:01:54.719527,341546.534,6299487.805
PJ400,B38,TBFW-19,6910,20,24,2025-11-07 18:01:54.719528,341546.534,6299487.805
PC33,104,SKVD-68,328,0,3,2025-11-07 18:01:56.772687,351011.578,6299878.266
PC33,104,SKWD-64,2488,6,10,2025-11-07 18:01:56.772693,351011.578,6299878.266
PC33,212,LXWT-98,43,0,3,2025-11-07 18:01:56.772695,351011.578,6299878.266
PC33,212,LZPR-84,215,0,3,2025-11-07 18:01:56.772696,351011.578,6299878.266
PD1626,114,SKWD-86,1881,4,8,2025-11-07 18:02:00.354962,350816.4,6296988.59
PD1626,114,LFGR-91,2352,5,9,2025-11-07 18:02:00.354967,350816.4,6296988.59
PD825,D10,SVDF-42,4974,14,18,2025-11-07 18:02:01.899938,352976.021,6293471.851
PD825,D10,SVDF-61,9944,31,60,2025-11-07 18:02:01.899944,352976.021,6293471.851
PD825,D16,SPBP-19,574,0,2,2025-11-07 18:02:01.899946,352976.021,6293471.851
PD825,D16,SPBS-39,1374,0,4,2025-11-07 18:02:01.899947,352976.021,6293471.851
PA106,203,LZPT-42,1127,0,4,2025-11-07 18:02:04.605034,347194.929,6297380.891
PA106,203,SFWZ-38,1680,3,7,2025-11-07 18:02:04.605039,347194.929,6297380.891
PA106,206,FLXX-55,982,0,3,2025-11-07 18:02:04.605040,347194.929,6297380.891
PA106,206,FLXW-97,982,0,3,2025-11-07 18:02:04.605041,347194.929,6297380.891
PA106,385,FLXK-68,3482,9,13,2025-11-07 18:02:04.605042,347194.929,6297380.891
PI1389,I14,CJRW-83,1151,0,4,2025-11-07 18:02:06.440723,339728.511,6291771.595
PI1389,I14,CJRW-61,2436,6,10,2025-11-07 18:02:06.440728,339728.511,6291771.595
PI687,I01,FLXG-91,1924,4,8,2025-11-07 18:02:08.937192,339529.943,6292747.711
PI687,I01,FLXL-33,2693,7,11,2025-11-07 18:02:08.937197,339529.943,6292747.711
PI687,I18,VHTB-36,1023,0,3,2025-11-07 18:02:08.937198,339529.943,6292747.711
PI687,I18,VHTB-73,4813,13,17,2025-11-07 18:02:08.937199,339529.943,6292747.711
PJ429,408,SRTK-37,106,0,3,2025-11-07 18:02:13.222458,337195.6,6300094.54
PJ429,408,SRTG-93,106,0,3,2025-11-07 18:02:13.222462,337195.6,6300094.54
PJ429,508,FLXW-17,0,0,3,2025-11-07 18:02:13.222464,337195.6,6300094.54
PJ429,508,GCBF-16,2628,6,10,2025-11-07 18:02:13.222465,337195.6,6300094.54
PJ429,511,GCBC-38,6945,20,24,2025-11-07 18:02:13.222466,337195.6,6300094.54
PJ429,511,GCBC-44,11310,36,60,2025-11-07 18:02:13.222467,337195.6,6300094.54
PJ429,412,LXWP-59,1496,3,7,2025-11-07 18:02:13.222468,337195.6,6300094.54
PJ429,412,PFYC-81,6325,18,22,2025-11-07 18:02:13.222469,337195.6,6300094.54
PJ429,J15c,FLXS-87,2023,4,8,2025-11-07 18:02:13.222470,337195.6,6300094.54
PJ429,J15c,GCBD-96,3305,8,12,2025-11-07 18:02:13.222471,337195.6,6300094.54
PC751,C07,SPCG-68,404,0,3,2025-11-07 18:02:15.279000,353661.244,6304382.497
PC751,C07,SHCV-71,1622,3,7,2025-11-07 18:02:15.279005,353661.244,6304382.497
PJ76,516,GCBC-82,0,0,3,2025-11-07 18:02:17.747897,336173.467,6295959.676
PJ76,516,TBFW-84,425,0,3,2025-11-07 18:02:17.747901,336173.467,6295959.676
PJ76,J08,FLXT-63,0,0,3,2025-11-07 18:02:17.747903,336173.467,6295959.676
PJ76,J08,TBFP-94,4787,13,17,2025-11-07 18:02:17.747904,336173.467,6295959.676
PJ76,424,FLXW-45,396,0,3,2025-11-07 18:02:17.747904,336173.467,6295959.676
PJ76,424,FLXV-86,8906,28,60,2025-11-07 18:02:17.747905,336173.467,6295959.676
PJ76,110,LXWS-33,4228,11,15,2025-11-07 18:02:17.747906,336173.467,6295959.676
PJ76,110,LZPH-34,4363,12,16,2025-11-07 18:02:17.747907,336173.467,6295959.676
PJ76,110c,BJFC-37,4235,11,15,2025-11-07 18:02:17.747917,336173.467,6295959.676
PJ76,110c,BJFC-52,4175,11,15,2025-11-07 18:02:17.747918,336173.467,6295959.676
PJ76,111,CJRW-28,2649,6,10,2025-11-07 18:02:17.747919,336173.467,6295959.676
PJ76,111,FLXY-97,4978,14,18,2025-11-07 18:02:17.747919,336173.467,6295959.676
PJ76,510,GCBC-39,0,0,3,2025-11-07 18:02:17.747920,336173.467,6295959.676
PJ76,510,TBFR-15,213,0,3,2025-11-07 18:02:17.747922,336173.467,6295959.676
PE535,323,FLXR-27,590,0,2,2025-11-07 18:02:19.865919,353734.343,6288192.578
PE535,323,FLXP-48,909,0,3,2025-11-07 18:02:19.865924,353734.343,6288192.578
PE535,E07,CJRB-10,2263,5,9,2025-11-07 18:02:19.865925,353734.343,6288192.578
PD764,D02,SVDD-18,958,0,3,2025-11-07 18:02:21.712626,352243.918,6296652.801
PD764,D02,SVDD-83,2555,6,10,2025-11-07 18:02:21.712631,352243.918,6296652.801
PG2062,G39,SHCV-38,207,0,3,2025-11-07 18:02:24.806756,341465.0,6283215.0
PG2062,G39,SHXB-19,3344,9,13,2025-11-07 18:02:24.806761,341465.0,6283215.0
PD1310,D10,SVDC-78,697,0,2,2025-11-07 18:02:27.575625,352219.264,6293249.217
PD1310,D10,SVDC-57,3191,8,12,2025-11-07 18:02:27.575630,352219.264,6293249.217
PI1872,I25,FLXK-52,4099,11,15,2025-11-07 18:02:29.622889,341435.0,6290672.0
PI1872,I25,FLXL-75,6045,17,21,2025-11-07 18:02:29.622893,341435.0,6290672.0
PE313,E01,VKJX-63,1777,4,8,2025-11-07 18:02:35.711282,355197.583,6285614.165
PE313,E01,VKJX-95,2930,7,11,2025-11-07 18:02:35.711286,355197.583,6285614.165
PE313,E04,VKJY-52,2206,5,9,2025-11-07 18:02:35.711288,355197.583,6285614.165
PE313,E04,VKJX-54,3632,9,13,2025-11-07 18:02:35.711288,355197.583,6285614.165
PE313,E11,VKJZ-38,1662,3,7,2025-11-07 18:02:35.711289,355197.583,6285614.165
PG182,207,SVPW-56,2632,6,10,2025-11-07 18:02:41.000240,349100.823,6279344.883
PG182,207,SVPW-57,5134,14,18,2025-11-07 18:02:41.000246,349100.823,6279344.883
PG182,209,SVPW-60,1098,0,4,2025-11-07 18:02:41.000247,349100.823,6279344.883
PG182,209,VJXW-48,3375,9,13,2025-11-07 18:02:41.000248,349100.823,6279344.883
PD314,D16,SPBP-26,749,0,2,2025-11-07 18:02:43.137613,352796.865,6297159.347
PD314,D16,PFYC-51,1513,3,7,2025-11-07 18:02:43.137618,352796.865,6297159.347
PD314,505,VHZY-21,2182,5,9,2025-11-07 18:02:43.137619,352796.865,6297159.347
PD314,505,SRTG-99,2889,7,11,2025-11-07 18:02:43.137620,352796.865,6297159.347
PD314,403,SKPK-22,1696,3,7,2025-11-07 18:02:43.137621,352796.865,6297159.347
PD314,403,PFVG-99,3810,10,14,2025-11-07 18:02:43.137621,352796.865,6297159.347
PD314,513,LZPH-17,0,0,3,2025-11-07 18:02:43.137622,352796.865,6297159.347
PD314,513,LZPH-18,2459,6,10,2025-11-07 18:02:43.137623,352796.865,6297159.347
PD314,514,FDJX-79,565,0,2,2025-11-07 18:02:43.137624,352796.865,6297159.347
PD314,514,FLXC-52,7331,21,25,2025-11-07 18:02:43.137624,352796.865,6297159.347
PD314,D03,STVX-63,1166,0,4,2025-11-07 18:02:43.137625,352796.865,6297159.347
PD314,D03,SVDF-53,2651,6,10,2025-11-07 18:02:43.137626,352796.865,6297159.347
PD314,227,VFPJ-71,1758,4,8,2025-11-07 18:02:43.137627,352796.865,6297159.347
PD314,227,VFPD-51,5492,15,19,2025-11-07 18:02:43.137636,352796.865,6297159.347
PD314,422,TBFW-68,1397,0,4,2025-11-07 18:02:43.137637,352796.865,6297159.347
PD314,422,PFXB-90,3082,8,12,2025-11-07 18:02:43.137637,352796.865,6297159.347
PE1512,233,SHCV-36,5714,16,20,2025-11-07 18:02:45.253578,350794.0,6289580.0
PE1512,233,SDSW-64,6130,17,21,2025-11-07 18:02:45.253583,350794.0,6289580.0
PE1512,103,PGBY-68,2870,7,11,2025-11-07 18:02:45.253585,350794.0,6289580.0
PE1512,103,SPBL-66,3046,8,12,2025-11-07 18:02:45.253586,350794.0,6289580.0
PE1512,E10,BJFT-23,2148,5,9,2025-11-07 18:02:45.253587,350794.0,6289580.0
PF673,F25e,SRVH-45,8351,26,60,2025-11-07 18:02:47.326032,350189.556,6277758.12
PF673,F25e,LCPG-40,12952,41,60,2025-11-07 18:02:47.326037,350189.556,6277758.12
PF673,F18,LBTS-92,2015,4,8,2025-11-07 18:02:47.326040,350189.556,6277758.12
PF673,F18,SRVH-22,5327,15,19,2025-11-07 18:02:47.326041,350189.556,6277758.12
PF673,F25,LCTG-25,2252,5,9,2025-11-07 18:02:47.326042,350189.556,6277758.12
PF673,F25,SRVG-44,2850,7,11,2025-11-07 18:02:47.326043,350189.556,6277758.12
PG1203,G09,SFGY-90,0,0,3,2025-11-07 18:02:48.908373,341296.172,6282213.436
PG1203,G09,SHCX-23,0,0,3,2025-11-07 18:02:48.908378,341296.172,6282213.436
PD733,422,FLXW-16,412,0,3,2025-11-07 18:02:50.471473,358263.731,6294791.179
PD50,103,SPBF-59,869,0,3,2025-11-07 18:02:54.923865,350809.191,6297603.435
PD50,103,SPBG-34,1917,4,8,2025-11-07 18:02:54.923870,350809.191,6297603.435
PD50,117,SPBP-92,1157,0,4,2025-11-07 18:02:54.923871,350809.191,6297603.435
PD50,117,PGTV-11,2411,6,10,2025-11-07 18:02:54.923872,350809.191,6297603.435
PH785,385,FLXK-91,379,0,3,2025-11-07 18:02:57.025413,347418.999,6294422.695
PH785,385,FLXK-73,5582,16,20,2025-11-07 18:02:57.025419,347418.999,6294422.695
PH314,G12,SHXB-10,221,0,3,2025-11-07 18:02:59.147589,342272.394,6288198.731
PH314,G12,SHXG-63,1802,4,8,2025-11-07 18:02:59.147594,342272.394,6288198.731
PH314,H03,FLXR-33,1389,0,4,2025-11-07 18:02:59.147595,342272.394,6288198.731
PH314,H12,FLXG-17,1505,3,7,2025-11-07 18:02:59.147596,342272.394,6288198.731
PH314,H12,BJFZ-36,5316,15,19,2025-11-07 18:02:59.147597,342272.394,6288198.731
PB95,105,SJPC-38,3718,10,14,2025-11-07 18:03:01.250147,338554.154,6302318.728
PB95,105,SJPD-99,9705,31,60,2025-11-07 18:03:01.250151,338554.154,6302318.728
PB95,B20,SKHG-92,3605,9,13,2025-11-07 18:03:01.250152,338554.154,6302318.728
PB95,B20,SKHG-79,8749,28,60,2025-11-07 18:03:01.250153,338554.154,6302318.728
PB95,110,LZPH-41,527,0,2,2025-11-07 18:03:01.250154,338554.154,6302318.728
PB95,110,SRTK-23,2237,5,9,2025-11-07 18:03:01.250155,338554.154,6302318.728
PG463,E03,BJFV-85,4703,13,17,2025-11-07 18:03:03.330125,345661.676,6289586.431
PG463,E03,BJFW-25,6936,20,24,2025-11-07 18:03:03.330130,345661.676,6289586.431
PJ1721,422,TBFT-50,1910,4,8,2025-11-07 18:03:05.443643,335252.257,6299810.647
PJ1721,422,GCBD-56,4444,12,16,2025-11-07 18:03:05.443649,335252.257,6299810.647
PJ1721,508,TBFT-19,799,0,3,2025-11-07 18:03:05.443650,335252.257,6299810.647
PJ1721,508,FLXS-96,1973,4,8,2025-11-07 18:03:05.443651,335252.257,6299810.647
PJ1721,418,SJPD-97,31269,99,60,2025-11-07 18:03:05.443652,335252.257,6299810.647
PJ1721,J07e,VHZX-11,759,0,2,2025-11-07 18:03:05.443654,335252.257,6299810.647
PJ1721,J07e,VJBB-30,6132,17,21,2025-11-07 18:03:05.443654,335252.257,6299810.647
PJ1721,407,GCBD-95,1274,0,4,2025-11-07 18:03:05.443656,335252.257,6299810.647
PJ1721,407,GCBF-30,6067,17,21,2025-11-07 18:03:05.443657,335252.257,6299810.647
PJ1721,J10,VHZY-51,1819,4,8,2025-11-07 18:03:05.443658,335252.257,6299810.647
PJ1721,J10,VHXF-24,2073,5,9,2025-11-07 18:03:05.443659,335252.257,6299810.647
PJ1721,514,FLXX-89,4292,12,16,2025-11-07 18:03:05.443660,335252.257,6299810.647
PJ1721,514,TBFX-76,4379,12,16,2025-11-07 18:03:05.443661,335252.257,6299810.647
PJ1721,412,PFTW-41,2348,5,9,2025-11-07 18:03:05.443662,335252.257,6299810.647
PJ1721,412,PFVG-94,11672,37,60,2025-11-07 18:03:05.443663,335252.257,6299810.647
PJ1721,422c,SJPD-44,1910,4,8,2025-11-07 18:03:05.443664,335252.257,6299810.647
PJ1721,422c,LXWP-66,4055,11,15,2025-11-07 18:03:05.443665,335252.257,6299810.647
PJ1721,J07,VHZY-81,6931,20,24,2025-11-07 18:03:05.443666,335252.257,6299810.647
PJ1721,J07,VJBC-90,8940,28,60,2025-11-07 18:03:05.443667,335252.257,6299810.647
PE1411,118,CJRW-69,199,0,3,2025-11-07 18:03:07.555705,352565.371,6291034.755
PE1411,118,CJRW-58,4969,14,18,2025-11-07 18:03:07.555711,352565.371,6291034.755
PE1411,126,FLXT-33,413,0,3,2025-11-07 18:03:07.555712,352565.371,6291034.755
PE1411,126,FLXT-15,1898,4,8,2025-11-07 18:03:07.555744,352565.371,6291034.755
PF628,F02,SHXF-36,1394,0,4,2025-11-07 18:03:09.661205,352472.531,6278962.912
PF628,F02,SHXG-86,3010,8,12,2025-11-07 18:03:09.661211,352472.531,6278962.912
PF628,F12,LBTT-18,1070,0,3,2025-11-07 18:03:09.661212,352472.531,6278962.912
PF628,F12,LCTG-44,2209,5,9,2025-11-07 18:03:09.661213,352472.531,6278962.912
PJ22,101,PFYT-10,534,0,2,2025-11-07 18:03:11.720416,341318.745,6298771.857
PJ22,101,PFVG-45,4336,12,16,2025-11-07 18:03:11.720421,341318.745,6298771.857
PJ22,107,PGBY-37,0,0,3,2025-11-07 18:03:11.720422,341318.745,6298771.857
PJ22,107,PFYC-84,330,0,3,2025-11-07 18:03:11.720423,341318.745,6298771.857
PF557,F12,SRVJ-43,1517,3,7,2025-11-07 18:03:13.784007,353819.808,6278657.659
PF557,124,SRVH-11,1261,0,4,2025-11-07 18:03:13.784012,353819.808,6278657.659
PF557,124,STHD-26,1466,3,7,2025-11-07 18:03:13.784014,353819.808,6278657.659
PC159,401,PGBB-64,29,0,3,2025-11-07 18:03:16.006784,352412.88,6301579.83
PC159,401,PFTV-83,2005,4,8,2025-11-07 18:03:16.006789,352412.88,6301579.83
PC159,421,PFTF-75,6669,19,23,2025-11-07 18:03:16.006817,352412.88,6301579.83
PC159,421,PFBG-13,7140,21,25,2025-11-07 18:03:16.006818,352412.88,6301579.83
PC159,430,SKPK-59,1559,3,7,2025-11-07 18:03:16.006819,352412.88,6301579.83
PC159,430,PGBY-90,1782,4,8,2025-11-07 18:03:16.006820,352412.88,6301579.83
PC159,406,TBFW-52,986,3,7,2025-11-07 18:03:16.006820,352412.88,6301579.83
PC159,406,TBFT-55,1672,7,11,2025-11-07 18:03:16.006821,352412.88,6301579.83
PC159,407,FLXV-84,0,0,3,2025-11-07 18:03:16.006830,352412.88,6301579.83
PC159,407,TBFT-87,571,0,2,2025-11-07 18:03:16.006831,352412.88,6301579.83
PC159,426,BJFH-67,1672,3,7,2025-11-07 18:03:16.006831,352412.88,6301579.83
PC159,426,BJFF-47,8096,26,60,2025-11-07 18:03:16.006832,352412.88,6301579.83
PJ548,424,GCBC-71,1659,3,7,2025-11-07 18:03:18.048888,337245.515,6296796.18
PJ548,424,PFXC-75,3171,8,12,2025-11-07 18:03:18.048893,337245.515,6296796.18
PJ548,J01,FLXH-80,3403,9,13,2025-11-07 18:03:18.048894,337245.515,6296796.18
PJ548,J01,BJFF-52,4082,11,15,2025-11-07 18:03:18.048896,337245.515,6296796.18
PB542,307,FLXH-14,3221,8,12,2025-11-07 18:03:21.184871,338825.47,6307686.11
PB542,307c,VHSZ-43,0,0,3,2025-11-07 18:03:21.184876,338825.47,6307686.11
PB542,307c,FLXF-18,488,0,2,2025-11-07 18:03:21.184877,338825.47,6307686.11
PI325,115,GCBF-31,318,0,3,2025-11-07 18:03:23.258083,335648.598,6286639.503
PI325,115c,TBFV-17,149,0,3,2025-11-07 18:03:23.258088,335648.598,6286639.503
PI325,I04,FLXY-36,485,0,2,2025-11-07 18:03:23.258090,335648.598,6286639.503
PI325,I04,FLXT-44,2650,6,10,2025-11-07 18:03:23.258091,335648.598,6286639.503
PI1513,I04,FLXT-44,1460,3,7,2025-11-07 18:03:25.326373,336575.846,6286692.106
PD286,D10,SVDC-12,5957,17,21,2025-11-07 18:03:27.477470,354152.552,6296604.294
PD286,D10,SVDD-46,9084,29,60,2025-11-07 18:03:27.477475,354152.552,6296604.294
PD286,225,VJKS-46,5867,17,21,2025-11-07 18:03:27.477476,354152.552,6296604.294
PD286,225,VFJV-24,6678,19,23,2025-11-07 18:03:27.477477,354152.552,6296604.294
PI1475,I21,FLXL-23,2526,6,10,2025-11-07 18:03:29.558417,334064.733,6289408.709
PE288,E01,VKJZ-17,2374,5,9,2025-11-07 18:03:31.893459,349893.338,6288168.393
PE288,E01,VKJX-62,4560,12,16,2025-11-07 18:03:31.893464,349893.338,6288168.393
PH1482,H24,VGRC-73,0,0,3,2025-11-07 18:03:37.748617,345561.827,6292113.653
PH1482,H24,VGRG-44,4379,12,16,2025-11-07 18:03:37.748622,345561.827,6292113.653
PH598,H08,BJFS-75,1270,0,4,2025-11-07 18:03:40.880297,341999.136,6289709.651
PE567,F25,TXZH-44,1659,3,7,2025-11-07 18:03:42.972346,353049.967,6287311.606
PE567,F25,SRVF-83,6218,18,22,2025-11-07 18:03:42.972352,353049.967,6287311.606
PE567,E08,VKJX-86,2029,4,8,2025-11-07 18:03:42.972353,353049.967,6287311.606
PE567,E08,VKJY-89,4770,13,17,2025-11-07 18:03:42.972354,353049.967,6287311.606
PJ953,J13,TBFX-30,310,0,3,2025-11-07 18:03:45.038943,341034.145,6298379.974
PJ953,J13,BJFF-54,2997,7,11,2025-11-07 18:03:45.038949,341034.145,6298379.974
PJ953,406,GCBD-24,1015,0,3,2025-11-07 18:03:45.038950,341034.145,6298379.974
PJ953,406,TBFP-61,1206,0,4,2025-11-07 18:03:45.038951,341034.145,6298379.974
PJ953,407,PFXC-67,1305,0,4,2025-11-07 18:03:45.038953,341034.145,6298379.974
PJ953,407,GCBD-47,2141,5,9,2025-11-07 18:03:45.038953,341034.145,6298379.974
PJ953,426,BJFF-49,770,0,2,2025-11-07 18:03:45.038955,341034.145,6298379.974
PJ953,426,FLXS-94,4579,12,16,2025-11-07 18:03:45.038956,341034.145,6298379.974
PJ953,422,GCBD-33,4459,12,16,2025-11-07 18:03:45.038957,341034.145,6298379.974
PJ953,422,TBFV-99,9119,29,60,2025-11-07 18:03:45.038967,341034.145,6298379.974
PJ953,402,PFTW-50,1015,0,3,2025-11-07 18:03:45.038968,341034.145,6298379.974
PJ953,402,PFYC-90,5412,15,19,2025-11-07 18:03:45.038969,341034.145,6298379.974
PB526,430,PFZK-85,319,0,3,2025-11-07 18:03:47.077319,338014.833,6306241.217
PB526,430,PGBY-61,1667,3,7,2025-11-07 18:03:47.077325,338014.833,6306241.217
PB526,435,SLPC-58,433,0,3,2025-11-07 18:03:47.077326,338014.833,6306241.217
PB526,435,SJPF-97,1967,4,8,2025-11-07 18:03:47.077327,338014.833,6306241.217
PB526,429c,SLLZ-56,368,0,3,2025-11-07 18:03:47.077328,338014.833,6306241.217
PB526,429c,SLGT-27,1968,4,8,2025-11-07 18:03:47.077329,338014.833,6306241.217
PE409,323,FLXR-53,1356,0,4,2025-11-07 18:03:49.027479,355125.585,6288904.811
PE409,E03,BJFZ-98,326,0,3,2025-11-07 18:03:49.027485,355125.585,6288904.811
PG130,205,RYJG-91,385,0,3,2025-11-07 18:03:50.630775,349738.797,6282764.113
PG130,205,LZRD-63,1731,4,8,2025-11-07 18:03:50.630780,349738.797,6282764.113
PG130,286,SHCV-28,1815,4,8,2025-11-07 18:03:50.630782,349738.797,6282764.113
PG130,286,SFPG-49,4158,11,15,2025-11-07 18:03:50.630783,349738.797,6282764.113
PG130,F20,SPZX-73,1254,0,4,2025-11-07 18:03:50.630784,349738.797,6282764.113
PG130,F20,SPZY-70,2171,5,9,2025-11-07 18:03:50.630784,349738.797,6282764.113
PD317,D03,STVX-63,1719,3,7,2025-11-07 18:03:52.645184,351871.868,6297113.704
PD317,D03,SVDF-53,2628,6,10,2025-11-07 18:03:52.645189,351871.868,6297113.704
PD317,227,VFPS-39,323,0,3,2025-11-07 18:03:52.645191,351871.868,6297113.704
PD317,227,VFPJ-71,2262,5,9,2025-11-07 18:03:52.645192,351871.868,6297113.704
PD317,422,GCBD-76,533,0,2,2025-11-07 18:03:52.645193,351871.868,6297113.704
PD317,422,TBFW-68,2098,5,9,2025-11-07 18:03:52.645193,351871.868,6297113.704
PD317,505,VHXJ-60,403,0,3,2025-11-07 18:03:52.645194,351871.868,6297113.704
PD317,505,VHZY-21,2710,7,11,2025-11-07 18:03:52.645195,351871.868,6297113.704
PD317,403,SKPK-22,2098,5,9,2025-11-07 18:03:52.645196,351871.868,6297113.704
PD317,403,PFVG-99,4014,11,15,2025-11-07 18:03:52.645197,351871.868,6297113.704
PD317,513,LZPH-17,682,0,2,2025-11-07 18:03:52.645198,351871.868,6297113.704
PD317,513,LZPH-18,3142,8,12,2025-11-07 18:03:52.645199,351871.868,6297113.704
PD317,514,PFXC-82,0,0,3,2025-11-07 18:03:52.645200,351871.868,6297113.704
PD317,514,FDJX-79,1477,3,7,2025-11-07 18:03:52.645201,351871.868,6297113.704
PA693,H07,CJRX-42,345,0,3,2025-11-07 18:03:54.434078,345779.018,6295304.381
PA693,H07,CJRW-30,169,0,3,2025-11-07 18:03:54.434084,345779.018,6295304.381
PA693,I01,FLXD-88,216,0,3,2025-11-07 18:03:54.434086,345779.018,6295304.381
PA693,I01,FLXF-42,454,0,3,2025-11-07 18:03:54.434096,345779.018,6295304.381
PA693,511,GCBC-70,262,0,3,2025-11-07 18:03:54.434097,345779.018,6295304.381
PA693,511,TBFR-44,1251,0,4,2025-11-07 18:03:54.434098,345779.018,6295304.381
PB768,B02,FLXR-76,736,0,2,2025-11-07 18:03:56.513596,349193.0,6304966.9
PB768,B02,FLXR-81,1432,3,7,2025-11-07 18:03:56.513601,349193.0,6304966.9
PB171,B02,FLXR-92,980,0,3,2025-11-07 18:03:58.481285,347783.404,6301907.459
PB171,B02,FLXR-86,2362,5,9,2025-11-07 18:03:58.481291,347783.404,6301907.459
PB171,116,FLXT-52,1288,0,4,2025-11-07 18:03:58.481292,347783.404,6301907.459
PB171,116,LDJJ-85,2451,6,10,2025-11-07 18:03:58.481293,347783.404,6301907.459
PF883,F10,SRPK-24,740,0,2,2025-11-07 18:04:00.691770,350909.59,6278064.426
PF883,F10,SRRY-30,3235,8,12,2025-11-07 18:04:00.691775,350909.59,6278064.426
PF883,F10c,SRVG-83,5589,16,20,2025-11-07 18:04:00.691776,350909.59,6278064.426
PF883,F10c,LCTG-33,9193,29,60,2025-11-07 18:04:00.691777,350909.59,6278064.426
PE440,E14,VKJX-78,1816,4,8,2025-11-07 18:04:02.755532,353716.306,6286879.884
PB647,B06,SKDJ-18,2043,4,8,2025-11-07 18:04:04.853220,338659.458,6307682.693
PB647,B06,SKDJ-94,1922,4,8,2025-11-07 18:04:04.853225,338659.458,6307682.693
PC389,412,PFTW-59,905,0,3,2025-11-07 18:04:06.977870,352298.967,6300124.597
PC389,412,PFTW-55,9398,30,60,2025-11-07 18:04:06.977875,352298.967,6300124.597
PC389,418,PFVH-13,116,0,3,2025-11-07 18:04:06.977876,352298.967,6300124.597
PC389,418,SHXF-87,0,0,3,2025-11-07 18:04:06.977877,352298.967,6300124.597
PC389,429,SLPB-47,0,0,3,2025-11-07 18:04:06.977878,352298.967,6300124.597
PC389,429,SHXG-35,2484,6,10,2025-11-07 18:04:06.977879,352298.967,6300124.597
PF793,F16,SPRX-20,1981,4,8,2025-11-07 18:04:08.586555,353414.967,6278784.43
PF793,F16,SPRY-91,2935,7,11,2025-11-07 18:04:08.586561,353414.967,6278784.43
PB608,429,SLGT-36,1646,3,7,2025-11-07 18:04:10.681190,336800.539,6305796.412
PB608,429,SHXD-73,1646,3,7,2025-11-07 18:04:10.681195,336800.539,6305796.412
PJ673,412,PFVG-75,6238,18,22,2025-11-07 18:04:13.117565,338193.801,6298987.247
PJ673,412,PFVG-94,6263,18,22,2025-11-07 18:04:13.117572,338193.801,6298987.247
PJ673,J02,VHXD-47,2326,5,9,2025-11-07 18:04:13.117573,338193.801,6298987.247
PJ673,J02,VHXJ-22,6846,20,24,2025-11-07 18:04:13.117574,338193.801,6298987.247
PJ673,J18,VJJV-58,0,0,3,2025-11-07 18:04:13.117575,338193.801,6298987.247
PJ673,J18,VJBB-70,946,0,3,2025-11-07 18:04:13.117576,338193.801,6298987.247
PJ673,J18c,VHZZ-10,553,0,2,2025-11-07 18:04:13.117577,338193.801,6298987.247
PJ673,J18c,VHXK-31,2477,6,10,2025-11-07 18:04:13.117578,338193.801,6298987.247
PA206,227,VFPS-69,3874,10,14,2025-11-07 18:04:15.188079,347478.167,6296054.291
PA206,227,VFPG-58,7091,20,24,2025-11-07 18:04:15.188084,347478.167,6296054.291
PI251,I07,VHSY-46,483,0,2,2025-11-07 18:04:17.256735,337161.542,6294223.85
PE487,E05,FLXJ-47,1118,0,4,2025-11-07 18:04:19.356409,349521.248,6289844.484
PJ1691,J07,VHZY-10,2400,6,10,2025-11-07 18:04:21.920529,338486.54,6299265.642
PJ1691,J07,VHZY-81,2785,7,11,2025-11-07 18:04:21.920533,338486.54,6299265.642
PJ1691,J07e,VJBB-30,2251,5,9,2025-11-07 18:04:21.920534,338486.54,6299265.642
PJ1691,J07e,VHZW-71,11281,36,60,2025-11-07 18:04:21.920535,338486.54,6299265.642
PJ1691,110c,TBFP-90,907,0,3,2025-11-07 18:04:21.920536,338486.54,6299265.642
PJ1691,110c,FLXH-82,1345,0,4,2025-11-07 18:04:21.920537,338486.54,6299265.642
PC487,C05,LDTC-13,228,0,3,2025-11-07 18:04:24.038048,353049.445,6299772.576
PC487,C05,LDTG-59,2458,6,10,2025-11-07 18:04:24.038053,353049.445,6299772.576
PC487,501,TBFR-19,0,0,3,2025-11-07 18:04:24.038054,353049.445,6299772.576
PC487,501,TBFT-33,2684,6,10,2025-11-07 18:04:24.038055,353049.445,6299772.576
PC487,504,TBFW-51,2686,6,10,2025-11-07 18:04:24.038056,353049.445,6299772.576
PC487,504,PFXB-78,2725,7,11,2025-11-07 18:04:24.038057,353049.445,6299772.576
PC487,C07,LDTC-10,769,0,2,2025-11-07 18:04:24.038058,353049.445,6299772.576
PC487,C07,LDTB-39,1863,4,8,2025-11-07 18:04:24.038058,353049.445,6299772.576
PC487,518,FLXG-24,3731,10,14,2025-11-07 18:04:24.038059,353049.445,6299772.576
PC487,518,TBFX-78,4780,13,17,2025-11-07 18:04:24.038060,353049.445,6299772.576
PC487,C01,LCPW-30,45,0,3,2025-11-07 18:04:24.038061,353049.445,6299772.576
PC487,C01,LDJJ-71,1723,3,7,2025-11-07 18:04:24.038061,353049.445,6299772.576
PC1030,C06,LWTK-55,19,0,3,2025-11-07 18:04:26.172956,357113.787,6301526.526
PC1030,C06,SKDF-79,2420,6,10,2025-11-07 18:04:26.172960,357113.787,6301526.526
PC1030,503,VGTX-58,1188,0,4,2025-11-07 18:04:26.172961,357113.787,6301526.526
PE172,118,FLXY-16,801,0,3,2025-11-07 18:04:28.027782,348368.504,6287404.291
PE172,118,FLXX-81,3035,8,12,2025-11-07 18:04:28.027787,348368.504,6287404.291
PE172,211,TBYY-72,546,0,2,2025-11-07 18:04:28.027788,348368.504,6287404.291
PE172,211,TBYY-76,3547,9,13,2025-11-07 18:04:28.027789,348368.504,6287404.291
PE172,E02,VKJX-53,1783,4,8,2025-11-07 18:04:28.027789,348368.504,6287404.291
PE172,E02,VKJY-86,2380,6,10,2025-11-07 18:04:28.027790,348368.504,6287404.291
PE172,E16,VFJS-19,907,0,3,2025-11-07 18:04:28.027791,348368.504,6287404.291
PE172,E16,VFJS-45,1134,0,4,2025-11-07 18:04:28.027792,348368.504,6287404.291
PI1814,210v,VFHK-96,0,0,3,2025-11-07 18:04:32.308355,344035.91,6297464.76
PI1814,210v,VFPS-78,1285,0,4,2025-11-07 18:04:32.308361,344035.91,6297464.76
PI1814,385,FLXK-45,3036,8,12,2025-11-07 18:04:32.308362,344035.91,6297464.76
PI1814,385,FLXL-87,3655,10,14,2025-11-07 18:04:32.308363,344035.91,6297464.76
PI1814,419,PFVK-99,1490,3,7,2025-11-07 18:04:32.308364,344035.91,6297464.76
PI1814,419,PFTF-87,2756,7,11,2025-11-07 18:04:32.308365,344035.91,6297464.76
PI1814,423,PGPT-19,3498,9,13,2025-11-07 18:04:32.308366,344035.91,6297464.76
PI1814,423,PFYR-77,3490,9,13,2025-11-07 18:04:32.308367,344035.91,6297464.76
PI1814,481,PGPT-57,1238,0,4,2025-11-07 18:04:32.308368,344035.91,6297464.76
PI1814,481,PFYS-39,6615,19,23,2025-11-07 18:04:32.308369,344035.91,6297464.76
PI1814,210,RWTP-80,247,0,3,2025-11-07 18:04:32.308370,344035.91,6297464.76
PI1814,210,LZRD-65,988,0,3,2025-11-07 18:04:32.308371,344035.91,6297464.76
PI1814,210e,VFRD-65,2640,6,10,2025-11-07 18:04:32.308373,344035.91,6297464.76
PE1273,225,VFJR-16,504,0,2,2025-11-07 18:04:34.864079,352235.187,6287801.122
PE1273,225,VJZC-15,2780,7,11,2025-11-07 18:04:34.864084,352235.187,6287801.122
PE1273,325,VFJD-60,2209,5,9,2025-11-07 18:04:34.864085,352235.187,6287801.122
PE1273,325,VFJP-25,3489,9,13,2025-11-07 18:04:34.864085,352235.187,6287801.122
PE1273,E15c,VFKS-17,817,0,3,2025-11-07 18:04:34.864086,352235.187,6287801.122
PE1273,225c,VFJP-24,6138,17,21,2025-11-07 18:04:34.864087,352235.187,6287801.122
PC490,504,GCBD-11,0,0,3,2025-11-07 18:04:37.559916,352057.58,6299308.55
PC490,504,PFXC-51,713,0,2,2025-11-07 18:04:37.559921,352057.58,6299308.55
PC490,518,TBFR-20,291,0,3,2025-11-07 18:04:37.559923,352057.58,6299308.55
PC490,518,TBFT-44,541,0,2,2025-11-07 18:04:37.559923,352057.58,6299308.55
PC490,501,TBFR-19,1151,0,4,2025-11-07 18:04:37.559924,352057.58,6299308.55
PC490,501,TBFT-33,3835,10,14,2025-11-07 18:04:37.559925,352057.58,6299308.55
PD1293,D09,SVDC-54,3080,8,12,2025-11-07 18:04:39.991924,350771.286,6297619.597
PD1293,D09,SVDB-96,3101,8,12,2025-11-07 18:04:39.991928,350771.286,6297619.597
PD976,D07,SVDD-89,2344,5,9,2025-11-07 18:04:42.497603,354491.328,6294617.684
PD976,D07,STVY-74,2122,5,9,2025-11-07 18:04:42.497608,354491.328,6294617.684
PD976,D07c,STLK-60,1623,3,7,2025-11-07 18:04:42.497609,354491.328,6294617.684
PD976,D10,SVDF-61,1011,0,3,2025-11-07 18:04:42.497610,354491.328,6294617.684
PD976,D10,SVDF-77,1828,4,8,2025-11-07 18:04:42.497611,354491.328,6294617.684
PD1357,D05,SPBS-64,3522,9,13,2025-11-07 18:04:47.090549,354988.978,6291914.865
PD1357,D05,FLXX-35,4941,14,18,2025-11-07 18:04:47.090554,354988.978,6291914.865
PD1357,D10,SVDF-61,4300,12,16,2025-11-07 18:04:47.090555,354988.978,6291914.865
PD1357,D10,SVDF-77,5117,14,18,2025-11-07 18:04:47.090556,354988.978,6291914.865
PD1357,D20,SVDC-22,1210,0,4,2025-11-07 18:04:47.090557,354988.978,6291914.865
PD1357,420,SVDD-48,2264,5,9,2025-11-07 18:04:47.090558,354988.978,6291914.865
PD1357,420,SVDC-79,11041,35,60,2025-11-07 18:04:47.090558,354988.978,6291914.865
PD1357,418,SKPH-70,1443,3,7,2025-11-07 18:04:47.090559,354988.978,6291914.865
PD1357,418,PFYC-75,2264,5,9,2025-11-07 18:04:47.090560,354988.978,6291914.865
PG1697,F03,SPVT-98,2222,5,9,2025-11-07 18:04:49.399377,348974.33,6278448.92
PG1697,F03,FLXJ-36,8062,23,27,2025-11-07 18:04:49.399382,348974.33,6278448.92
PG466,G18,SHXB-21,2538,6,10,2025-11-07 18:04:50.939485,345617.358,6288332.281
PG466,G18,SDSW-79,2538,6,10,2025-11-07 18:04:50.939490,345617.358,6288332.281
PE703,E11,VKJW-94,1906,4,8,2025-11-07 18:04:56.819125,352515.67,6285378.432
PE703,E11,VKJZ-38,4715,13,17,2025-11-07 18:04:56.819131,352515.67,6285378.432
PE703,E12,VFKS-68,775,0,2,2025-11-07 18:04:56.819132,352515.67,6285378.432
PE703,E12,VFKT-91,542,0,2,2025-11-07 18:04:56.819132,352515.67,6285378.432
PB1269,B21,SKDH-63,1928,4,8,2025-11-07 18:04:58.910640,347139.832,6302541.937
PB1269,B21,SKDF-98,2776,7,11,2025-11-07 18:04:58.910646,347139.832,6302541.937
PB1269,B14,FLXJ-42,2039,4,8,2025-11-07 18:04:58.910647,347139.832,6302541.937
PE762,E13,VJXX-41,1034,0,3,2025-11-07 18:05:01.172530,351471.762,6288707.288
PE762,E10,BJFT-23,3139,8,12,2025-11-07 18:05:01.172535,351471.762,6288707.288
PA144,227,VFPF-31,2908,7,11,2025-11-07 18:05:03.068255,347234.321,6295385.171
PA144,227,VFHT-73,4442,12,16,2025-11-07 18:05:03.068260,347234.321,6295385.171
PA144,203N,SFWB-89,6912,20,24,2025-11-07 18:05:03.068261,347234.321,6295385.171
PA144,205,LZRD-71,502,0,2,2025-11-07 18:05:03.068262,347234.321,6295385.171
PA144,205,LZRD-79,1730,3,7,2025-11-07 18:05:03.068262,347234.321,6295385.171
PA144,207,SVPX-54,2979,7,11,2025-11-07 18:05:03.068263,347234.321,6295385.171
PA144,207,SDGY-11,3279,8,12,2025-11-07 18:05:03.068264,347234.321,6295385.171
PA144,209,SDGY-25,2672,6,10,2025-11-07 18:05:03.068265,347234.321,6295385.171
PA144,209,SDGY-22,3392,9,13,2025-11-07 18:05:03.068265,347234.321,6295385.171
PB2148,B43,SGPW-47,932,0,3,2025-11-07 18:05:05.002558,338094.001,6308495.001
PB2148,B43,SGPW-45,1889,4,8,2025-11-07 18:05:05.002564,338094.001,6308495.001
PB1737,B22,SKPS-20,8348,26,60,2025-11-07 18:05:07.314615,348805.42,6303745.21
PB1737,B22,SKPS-34,8642,27,60,2025-11-07 18:05:07.314621,348805.42,6303745.21
PB1207,B12c,SKDJ-90,1820,4,8,2025-11-07 18:05:09.401665,339070.797,6307297.89
PB1207,B12c,SPCG-80,5834,16,20,2025-11-07 18:05:09.401671,339070.797,6307297.89
PB1207,B13,STHK-38,1890,4,8,2025-11-07 18:05:09.401672,339070.797,6307297.89
PB1207,B13,TXZH-26,4050,11,15,2025-11-07 18:05:09.401673,339070.797,6307297.89
PB1207,B12,SKDH-73,986,0,3,2025-11-07 18:05:09.401674,339070.797,6307297.89
PB1207,B12,SKDG-11,5287,15,19,2025-11-07 18:05:09.401675,339070.797,6307297.89
PD420,422,GCBC-46,963,0,3,2025-11-07 18:05:14.042998,357611.728,6297116.863
PD420,422,FLXV-92,3853,10,14,2025-11-07 18:05:14.043003,357611.728,6297116.863
PD420,403,PFTW-31,1244,0,4,2025-11-07 18:05:14.043004,357611.728,6297116.863
PD420,403,SKPK-23,2673,6,10,2025-11-07 18:05:14.043005,357611.728,6297116.863
PJ145,407,PFXC-67,705,0,2,2025-11-07 18:05:16.103469,341328.272,6298479.313
PJ145,407,GCBD-47,1726,3,7,2025-11-07 18:05:16.103474,341328.272,6298479.313
PJ145,426,BJFF-49,0,0,3,2025-11-07 18:05:16.103475,341328.272,6298479.313
PJ145,426,FLXS-94,3694,10,14,2025-11-07 18:05:16.103476,341328.272,6298479.313
PJ145,422,GCBD-33,3977,11,15,2025-11-07 18:05:16.103477,341328.272,6298479.313
PJ145,422,TBFV-99,8626,27,60,2025-11-07 18:05:16.103478,341328.272,6298479.313
PJ145,402,PFTW-50,460,0,3,2025-11-07 18:05:16.103478,341328.272,6298479.313
PJ145,402,PFYC-90,5102,14,18,2025-11-07 18:05:16.103479,341328.272,6298479.313
PJ145,J13,BJFF-54,2519,6,10,2025-11-07 18:05:16.103480,341328.272,6298479.313
PJ145,J13,FLXV-48,4290,12,16,2025-11-07 18:05:16.103481,341328.272,6298479.313
PJ145,406,TBFP-61,705,0,2,2025-11-07 18:05:16.103482,341328.272,6298479.313
PJ145,406,GCBD-24,564,0,2,2025-11-07 18:05:16.103483,341328.272,6298479.313
PD407,412,PFVG-76,6492,19,23,2025-11-07 18:05:18.050196,353761.257,6299067.677
PD407,418,SKPK-44,406,0,3,2025-11-07 18:05:18.050201,353761.257,6299067.677
PD407,418,SKPK-32,3109,8,12,2025-11-07 18:05:18.050202,353761.257,6299067.677
PD407,425,SHXG-82,60,0,3,2025-11-07 18:05:18.050203,353761.257,6299067.677
PD407,425,SHXG-83,264,0,3,2025-11-07 18:05:18.050204,353761.257,6299067.677
PD407,429,SHXG-35,355,0,3,2025-11-07 18:05:18.050205,353761.257,6299067.677
PD407,429,SHCX-56,3549,9,13,2025-11-07 18:05:18.050206,353761.257,6299067.677
PD407,420,SVDF-19,266,0,3,2025-11-07 18:05:18.050207,353761.257,6299067.677
PE197,225,VFJK-22,332,0,3,2025-11-07 18:05:20.187765,350955.216,6286949.935
PE197,225,VFJR-16,2492,6,10,2025-11-07 18:05:20.187770,350955.216,6286949.935
PE197,E02,VKJX-29,1289,0,4,2025-11-07 18:05:20.187771,350955.216,6286949.935
PE197,E12,VFKW-18,1678,3,7,2025-11-07 18:05:20.187771,350955.216,6286949.935
PE197,E12,VJWY-21,3873,10,14,2025-11-07 18:05:20.187772,350955.216,6286949.935
PE197,225c,VFKV-50,203,0,3,2025-11-07 18:05:20.187773,350955.216,6286949.935
PE197,225c,VFJP-24,7934,23,27,2025-11-07 18:05:20.187774,350955.216,6286949.935
PI1584,I02,FLXZ-17,4896,13,17,2025-11-07 18:05:24.322986,337282.285,6292312.392
PI1584,I02,FLXZ-40,5146,14,18,2025-11-07 18:05:24.322992,337282.285,6292312.392
PD1323,507c,FLXW-33,1878,4,8,2025-11-07 18:05:26.396590,358711.41,6296623.91
PD1323,507c,FLXV-80,5054,14,18,2025-11-07 18:05:26.396595,358711.41,6296623.91
PD1323,511,GCBC-58,1892,4,8,2025-11-07 18:05:26.396596,358711.41,6296623.91
PD1323,519,FLXW-35,1840,4,8,2025-11-07 18:05:26.396597,358711.41,6296623.91
PD1323,519,FLXV-64,5080,14,18,2025-11-07 18:05:26.396598,358711.41,6296623.91
PD1323,506,GCBD-14,1607,5,9,2025-11-07 18:05:26.396599,358711.41,6296623.91
PD1323,506,TBFR-16,5373,23,27,2025-11-07 18:05:26.396600,358711.41,6296623.91
PD1323,506e,LZPH-33,8934,28,60,2025-11-07 18:05:26.396601,358711.41,6296623.91
PD1323,506e,LXWR-77,10889,34,60,2025-11-07 18:05:26.396602,358711.41,6296623.91
PD1323,506v,TBFX-42,1141,0,4,2025-11-07 18:05:26.396603,358711.41,6296623.91
PD1323,506v,TBFW-62,5531,15,19,2025-11-07 18:05:26.396604,358711.41,6296623.91
PD1323,507,PFXB-75,5080,14,18,2025-11-07 18:05:26.396605,358711.41,6296623.91
PD1323,507,GCBD-91,5691,16,20,2025-11-07 18:05:26.396605,358711.41,6296623.91
PB2079,425,SJPC-16,769,0,2,2025-11-07 18:05:28.467108,337241.0,6308047.0
PB2079,425,SJPC-51,2483,6,10,2025-11-07 18:05:28.467113,337241.0,6308047.0
PB2079,307e,VHSZ-44,10239,32,60,2025-11-07 18:05:28.467114,337241.0,6308047.0
PB2079,307e,VHSZ-46,11984,38,60,2025-11-07 18:05:28.467115,337241.0,6308047.0
PB2079,315e,TWPC-74,1052,0,3,2025-11-07 18:05:28.467116,337241.0,6308047.0
PB2079,315e,TWPD-87,5832,16,20,2025-11-07 18:05:28.467116,337241.0,6308047.0
PB2079,B45,TWPD-36,0,0,3,2025-11-07 18:05:28.467117,337241.0,6308047.0
PB2079,B45,TWPD-98,1259,0,4,2025-11-07 18:05:28.467118,337241.0,6308047.0
PA118,204,VFPZ-98,538,0,2,2025-11-07 18:05:30.403576,347414.769,6297654.442
PF670,F33,SRVL-15,1773,4,8,2025-11-07 18:05:32.083410,350603.56,6278735.195
PF670,F33,SRVJ-55,4128,11,15,2025-11-07 18:05:32.083416,350603.56,6278735.195
PG603,233,SFPG-55,921,0,3,2025-11-07 18:05:34.179294,350569.686,6282104.927
PG603,233,SHXB-11,2312,5,9,2025-11-07 18:05:34.179299,350569.686,6282104.927
PG603,G05,SDSW-70,406,0,3,2025-11-07 18:05:34.179300,350569.686,6282104.927
PG603,G05,SHXG-76,242,0,3,2025-11-07 18:05:34.179301,350569.686,6282104.927
PG603,F06,SPZX-82,1807,4,8,2025-11-07 18:05:34.179302,350569.686,6282104.927
PG603,F06,SPZY-65,4113,11,15,2025-11-07 18:05:34.179303,350569.686,6282104.927
PI11,101,PGPT-12,2155,5,9,2025-11-07 18:05:36.224672,339873.111,6294284.21
PI11,101,PGPT-58,2504,6,10,2025-11-07 18:05:36.224677,339873.111,6294284.21
PI11,481,PGPT-46,4844,13,17,2025-11-07 18:05:36.224679,339873.111,6294284.21
PI11,481,PFVG-58,10479,33,60,2025-11-07 18:05:36.224680,339873.111,6294284.21
PI11,I04,FLXF-78,585,0,2,2025-11-07 18:05:36.224681,339873.111,6294284.21
PI11,I04,FLXZ-72,3397,9,13,2025-11-07 18:05:36.224682,339873.111,6294284.21
PI11,I14,CJRZ-70,1013,0,3,2025-11-07 18:05:36.224683,339873.111,6294284.21
PI11,I14,BJFZ-37,3530,9,13,2025-11-07 18:05:36.224683,339873.111,6294284.21
PE54,118,FLXX-87,1344,0,4,2025-11-07 18:05:38.256794,354789.117,6290533.349
PE54,126,CJRW-60,684,0,2,2025-11-07 18:05:38.256799,354789.117,6290533.349
PE54,E17,FLXT-41,2579,6,10,2025-11-07 18:05:38.256800,354789.117,6290533.349
PF367,F07,SPRW-92,6499,19,23,2025-11-07 18:05:39.779137,354377.951,6281831.999
PF367,F07,SPRY-59,9080,29,60,2025-11-07 18:05:39.779142,354377.951,6281831.999
PC147,503,VHLP-18,1051,0,3,2025-11-07 18:05:42.185260,348460.613,6299196.396
PC147,503,VGVF-89,2295,5,9,2025-11-07 18:05:42.185265,348460.613,6299196.396
PC147,517,VJJR-46,1711,3,7,2025-11-07 18:05:42.185266,348460.613,6299196.396
PC147,517,VJBB-90,4062,11,15,2025-11-07 18:05:42.185266,348460.613,6299196.396
PC147,412,PFTW-60,1995,4,8,2025-11-07 18:05:42.185267,348460.613,6299196.396
PC147,412,PFTW-19,2081,5,9,2025-11-07 18:05:42.185268,348460.613,6299196.396
PC147,418,SKPL-28,6311,18,22,2025-11-07 18:05:42.185269,348460.613,6299196.396
PC147,418,PFTW-40,7467,22,26,2025-11-07 18:05:42.185270,348460.613,6299196.396
PC147,421,PFTF-75,1934,4,8,2025-11-07 18:05:42.185271,348460.613,6299196.396
PC147,421,PFBG-13,2408,6,10,2025-11-07 18:05:42.185271,348460.613,6299196.396
PC147,407,PFXB-29,1920,4,8,2025-11-07 18:05:42.185272,348460.613,6299196.396
PC147,407,PFXC-29,2393,6,10,2025-11-07 18:05:42.185273,348460.613,6299196.396
PC147,401,PFTV-86,1337,0,4,2025-11-07 18:05:42.185274,348460.613,6299196.396
PC147,401,PFYG-68,1528,3,7,2025-11-07 18:05:42.185274,348460.613,6299196.396
PE1351,226,VGBX-58,387,0,3,2025-11-07 18:05:44.251112,348449.492,6290057.587
PE1351,226,VFPZ-56,581,0,2,2025-11-07 18:05:44.251117,348449.492,6290057.587
PE1351,329,FLXR-23,2276,5,9,2025-11-07 18:05:44.251118,348449.492,6290057.587
PE1351,329,FLXR-16,4207,11,15,2025-11-07 18:05:44.251119,348449.492,6290057.587
PE1351,E12,VFJD-79,2033,4,8,2025-11-07 18:05:44.251120,348449.492,6290057.587
PE1351,E12,VFKW-18,7697,22,26,2025-11-07 18:05:44.251121,348449.492,6290057.587
PB1563,101,PGRR-78,2160,5,9,2025-11-07 18:05:46.293884,343587.49,6302858.583
PB1563,101,PFVJ-11,3703,10,14,2025-11-07 18:05:46.293889,343587.49,6302858.583
PB1563,B17,SHCY-43,57,0,3,2025-11-07 18:05:46.293890,343587.49,6302858.583
PB1563,B17,SHCY-38,508,0,2,2025-11-07 18:05:46.293891,343587.49,6302858.583
PB1563,107,PGRZ-87,814,0,3,2025-11-07 18:05:46.293892,343587.49,6302858.583
PB1563,107,PGTV-29,4309,12,16,2025-11-07 18:05:46.293892,343587.49,6302858.583
PB1563,107c,SPBG-11,4258,11,15,2025-11-07 18:05:46.293893,343587.49,6302858.583
PB1563,107c,PGLD-43,6677,19,23,2025-11-07 18:05:46.293894,343587.49,6302858.583
PC380,C06,SKPJ-79,2199,5,9,2025-11-07 18:05:48.382372,351637.565,6300706.288
PC380,C06,LDTB-89,5100,14,18,2025-11-07 18:05:48.382377,351637.565,6300706.288
PC380,503,VHLW-47,431,0,3,2025-11-07 18:05:48.382378,351637.565,6300706.288
PC380,503,VGVG-59,1186,0,4,2025-11-07 18:05:48.382379,351637.565,6300706.288
PC380,412,PGBF-59,1001,0,3,2025-11-07 18:05:48.382380,351637.565,6300706.288
PC380,412,PFTW-19,6101,17,21,2025-11-07 18:05:48.382381,351637.565,6300706.288
PC380,418,SKPL-28,10330,33,60,2025-11-07 18:05:48.382381,351637.565,6300706.288
PC380,418,PFTW-40,11486,36,60,2025-11-07 18:05:48.382382,351637.565,6300706.288
PC380,429,SLGS-87,2094,5,9,2025-11-07 18:05:48.382383,351637.565,6300706.288
PC380,429,SLPB-44,2529,6,10,2025-11-07 18:05:48.382384,351637.565,6300706.288
PB1215,B12c,SPCG-81,40,0,3,2025-11-07 18:05:50.077927,340062.982,6310220.769
PB1215,B12c,SKDH-97,568,0,2,2025-11-07 18:05:50.077932,340062.982,6310220.769
PB1215,B33,SHXD-87,532,0,2,2025-11-07 18:05:50.077934,340062.982,6310220.769
PB1215,B33,SHXG-91,2412,6,10,2025-11-07 18:05:50.077935,340062.982,6310220.769
PB1215,313e,FLXF-10,2622,6,10,2025-11-07 18:05:50.077936,340062.982,6310220.769
PB1215,313e,FLXD-65,3454,9,13,2025-11-07 18:05:50.077937,340062.982,6310220.769
PB1215,B12,SKDJ-10,1823,4,8,2025-11-07 18:05:50.077938,340062.982,6310220.769
PB1215,B12,SPCG-34,5345,15,19,2025-11-07 18:05:50.077939,340062.982,6310220.769
PH715,329,CJRW-77,6809,20,24,2025-11-07 18:05:51.610614,343737.619,6290375.199
PH715,329,FLXR-59,9868,31,60,2025-11-07 18:05:51.610620,343737.619,6290375.199
PJ241,424,FLXS-83,1372,0,4,2025-11-07 18:05:53.713285,338537.238,6295527.983
PJ241,424,GCBC-71,3763,10,14,2025-11-07 18:05:53.713289,338537.238,6295527.983
PA702,J10,VHZZ-51,2673,6,10,2025-11-07 18:05:55.759758,344410.404,6299920.326
PA702,J10,VJJX-58,2598,6,10,2025-11-07 18:05:55.759764,344410.404,6299920.326
PB1509,B21,SKDH-63,1629,3,7,2025-11-07 18:05:57.823844,347193.545,6302775.148
PB1509,B21,SKDF-98,2272,5,9,2025-11-07 18:05:57.823849,347193.545,6302775.148
PD1036,D18,SPBL-70,1997,4,8,2025-11-07 18:05:59.447359,351609.41,6298138.86
PD792,D03,SVDC-49,1688,3,7,2025-11-07 18:06:01.298135,354931.982,6295853.755
PD792,D03,SVDD-65,2089,5,9,2025-11-07 18:06:01.298141,354931.982,6295853.755
PD792,D10,SVDC-12,6583,19,23,2025-11-07 18:06:01.298142,354931.982,6295853.755
PD792,D10,SVDD-46,9808,31,60,2025-11-07 18:06:01.298143,354931.982,6295853.755
PI1022,I20,FLXK-61,1065,0,3,2025-11-07 18:06:03.612010,337543.613,6295226.245
PE426,E10,FLXF-55,785,0,2,2025-11-07 18:06:05.183319,351226.767,6289602.889
PE426,E10,BJFV-96,2637,6,10,2025-11-07 18:06:05.183324,351226.767,6289602.889
PE426,233,SHXG-67,226,0,3,2025-11-07 18:06:05.183325,351226.767,6289602.889
PE426,233,SHXB-32,1031,0,3,2025-11-07 18:06:05.183326,351226.767,6289602.889
PE426,103,PGTV-30,951,0,3,2025-11-07 18:06:05.183327,351226.767,6289602.889
PE426,103,SPBL-85,1844,4,8,2025-11-07 18:06:05.183328,351226.767,6289602.889
PE426,E18,BJFY-83,462,0,3,2025-11-07 18:06:05.183329,351226.767,6289602.889
PE426,E03,BJFW-25,845,0,3,2025-11-07 18:06:05.183330,351226.767,6289602.889
PE426,E03,FLXF-41,2735,7,11,2025-11-07 18:06:05.183331,351226.767,6289602.889
PD992,505,VHZX-81,912,0,3,2025-11-07 18:06:07.236880,357520.935,6295168.183
PD992,505,VHXJ-92,1970,4,8,2025-11-07 18:06:07.236885,357520.935,6295168.183
PD992,D07,SVDC-84,510,0,2,2025-11-07 18:06:07.236886,357520.935,6295168.183
PD992,D07,SSXF-31,3606,9,13,2025-11-07 18:06:07.236887,357520.935,6295168.183
PD992,D10,SPBS-49,814,0,3,2025-11-07 18:06:07.236888,357520.935,6295168.183
PD1616,D17v,PGKP-65,5249,15,19,2025-11-07 18:06:09.284031,356669.04,6292081.62
PD1616,D17v,PGWV-11,10474,33,60,2025-11-07 18:06:09.284036,356669.04,6292081.62
PD672,D16,SPBS-52,883,0,3,2025-11-07 18:06:11.363553,352432.829,6292587.567
PD672,D16,SPBP-26,5976,17,21,2025-11-07 18:06:11.363559,352432.829,6292587.567
PD672,514,FLXK-34,1061,0,3,2025-11-07 18:06:11.363560,352432.829,6292587.567
PD672,514,FLXC-47,4255,12,16,2025-11-07 18:06:11.363561,352432.829,6292587.567
PD672,514c,FDJX-65,452,0,3,2025-11-07 18:06:11.363562,352432.829,6292587.567
PD672,514c,FLXX-91,4442,12,16,2025-11-07 18:06:11.363563,352432.829,6292587.567
PD672,D10,SVDC-78,2431,6,10,2025-11-07 18:06:11.363564,352432.829,6292587.567
PD672,D10,SVDC-57,5154,14,18,2025-11-07 18:06:11.363565,352432.829,6292587.567
PD672,D14,PFZK-79,813,0,3,2025-11-07 18:06:11.363566,352432.829,6292587.567
PF887,712,SHCW-67,4424,12,16,2025-11-07 18:06:13.412529,353931.215,6280772.089
PF887,F11,SKTZ-90,3980,11,15,2025-11-07 18:06:13.412535,353931.215,6280772.089
PF887,F11,SKVB-19,8063,23,27,2025-11-07 18:06:13.412536,353931.215,6280772.089
PJ850,424,FLXV-86,6064,17,21,2025-11-07 18:06:15.481003,336218.596,6296850.693
PJ850,424,TBFW-53,9944,31,60,2025-11-07 18:06:15.481008,336218.596,6296850.693
PG639,F06,SPZY-51,11773,37,60,2025-11-07 18:06:17.546517,345563.495,6285810.92
PG639,F06,SPZX-72,12486,39,60,2025-11-07 18:06:17.546522,345563.495,6285810.92
PG639,G13,SCRZ-35,4349,12,16,2025-11-07 18:06:17.546523,345563.495,6285810.92
PG639,G13,SDSW-56,10873,34,60,2025-11-07 18:06:17.546524,345563.495,6285810.92
PC590,C13,SJPB-27,880,0,3,2025-11-07 18:06:19.632730,359440.491,6308536.699
PC590,C13,SHXD-65,1128,0,4,2025-11-07 18:06:19.632734,359440.491,6308536.699
PC590,C01,LCSX-54,0,0,3,2025-11-07 18:06:19.632735,359440.491,6308536.699
PC590,C01,LCSX-51,295,0,3,2025-11-07 18:06:19.632736,359440.491,6308536.699
PC590,C16,LDTB-87,3504,9,13,2025-11-07 18:06:19.632737,359440.491,6308536.699
PC590,C16,LDTB-84,7590,22,26,2025-11-07 18:06:19.632738,359440.491,6308536.699
PD296,227,VFPD-51,1292,0,4,2025-11-07 18:06:21.692341,356826.294,6297114.455
PD296,517,VJJV-28,1923,4,8,2025-11-07 18:06:21.692345,356826.294,6297114.455
PD296,412,PFVG-76,1114,0,4,2025-11-07 18:06:21.692346,356826.294,6297114.455
PD296,225,VFJV-24,8436,27,60,2025-11-07 18:06:21.692347,356826.294,6297114.455
PD296,225,VJKS-46,8567,27,60,2025-11-07 18:06:21.692348,356826.294,6297114.455
PB902,B04,SHCX-44,662,0,2,2025-11-07 18:06:23.759920,345322.23,6301140.95
PB902,B04,SHXG-90,1158,0,4,2025-11-07 18:06:23.759925,345322.23,6301140.95
PB902,B10,STHR-23,760,0,2,2025-11-07 18:06:23.759926,345322.23,6301140.95
PB902,B10,STHK-70,3208,8,12,2025-11-07 18:06:23.759927,345322.23,6301140.95
PB902,214,GCBB-17,1236,0,4,2025-11-07 18:06:23.759928,345322.23,6301140.95
PB902,214,GCBC-23,1354,0,4,2025-11-07 18:06:23.759929,345322.23,6301140.95
PI807,I03,FLXG-51,709,0,2,2025-11-07 18:06:25.904533,334202.899,6288220.878
PI807,I03,FLXG-49,2271,5,9,2025-11-07 18:06:25.904538,334202.899,6288220.878
PJ914,514,FLXS-91,828,0,3,2025-11-07 18:06:27.999850,341946.231,6297970.684
PJ914,514,FLXW-56,4323,12,16,2025-11-07 18:06:27.999856,341946.231,6297970.684
PJ914,J19,VGTY-59,4637,13,17,2025-11-07 18:06:27.999857,341946.231,6297970.684
PJ914,J19,VHLS-18,5381,15,19,2025-11-07 18:06:27.999858,341946.231,6297970.684
PI473,I02,FLXZ-39,480,0,2,2025-11-07 18:06:32.203095,336256.37,6289967.661
PI473,I02,FLXZ-56,3946,10,14,2025-11-07 18:06:32.203100,336256.37,6289967.661
PI473,I26,PFVG-47,2858,7,11,2025-11-07 18:06:32.203101,336256.37,6289967.661
PI473,I26,PFYS-57,4307,12,16,2025-11-07 18:06:32.203102,336256.37,6289967.661
PI473,405,PFVK-94,317,0,3,2025-11-07 18:06:32.203103,336256.37,6289967.661
PI473,405,PFYH-17,10438,33,60,2025-11-07 18:06:32.203104,336256.37,6289967.661
PI473,509,CJRX-34,0,0,3,2025-11-07 18:06:32.203105,336256.37,6289967.661
PI473,509,CJRZ-80,182,0,3,2025-11-07 18:06:32.203105,336256.37,6289967.661
PI473,481,PGPT-35,0,0,3,2025-11-07 18:06:32.203106,336256.37,6289967.661
PI473,481,PFYR-62,775,0,2,2025-11-07 18:06:32.203107,336256.37,6289967.661
PI473,546e,GCBF-24,19875,63,60,2025-11-07 18:06:32.203108,336256.37,6289967.661
PI473,546e,FLXW-18,22654,72,60,2025-11-07 18:06:32.203109,336256.37,6289967.661
PB979,722,STHR-36,4313,12,16,2025-11-07 18:06:36.349940,345833.079,6304894.202
PB979,722,STHB-12,8181,26,60,2025-11-07 18:06:36.349944,345833.079,6304894.202
PH196,205,RWTP-88,1794,4,8,2025-11-07 18:06:38.391761,347931.381,6290700.846
PH196,205,LZRB-92,1923,4,8,2025-11-07 18:06:38.391767,347931.381,6290700.846
PH196,207,VJKD-36,906,0,3,2025-11-07 18:06:38.391768,347931.381,6290700.846
PH196,207,VJXW-19,1901,4,8,2025-11-07 18:06:38.391770,347931.381,6290700.846
PH196,209,VJKP-52,562,0,2,2025-11-07 18:06:38.391771,347931.381,6290700.846
PH196,209,SVPX-48,1498,3,7,2025-11-07 18:06:38.391772,347931.381,6290700.846
PH196,227,VFPG-58,1428,3,7,2025-11-07 18:06:38.391773,347931.381,6290700.846
PH196,227,VGKY-12,3054,8,12,2025-11-07 18:06:38.391774,347931.381,6290700.846
PJ600,J01,FLXD-42,421,0,3,2025-11-07 18:06:39.925878,340996.416,6301633.375
PJ600,J01,FLXD-40,2242,5,9,2025-11-07 18:06:39.925883,340996.416,6301633.375
PJ600,J16,FDJX-73,6321,18,22,2025-11-07 18:06:39.925885,340996.416,6301633.375
PJ600,J16,TBFW-12,6621,19,23,2025-11-07 18:06:39.925886,340996.416,6301633.375
PI494,419,PFVL-11,1639,3,7,2025-11-07 18:06:42.373831,335122.931,6292108.324
PI494,419,PFTV-94,2820,7,11,2025-11-07 18:06:42.373836,335122.931,6292108.324
PA6,B28,SPZX-56,2845,7,11,2025-11-07 18:06:44.459799,343869.99,6298478.23
PA6,B28,LDJW-48,6076,17,21,2025-11-07 18:06:44.459804,343869.99,6298478.23
PA6,514,FLXS-91,2906,7,11,2025-11-07 18:06:44.459805,343869.99,6298478.23
PA6,514,FLXW-56,6457,18,22,2025-11-07 18:06:44.459806,343869.99,6298478.23
PA6,J19,VGVG-78,0,0,3,2025-11-07 18:06:44.459807,343869.99,6298478.23
PA6,J19,VGVB-47,1490,3,7,2025-11-07 18:06:44.459808,343869.99,6298478.23
PA6,406,TBFW-81,528,0,2,2025-11-07 18:06:44.459810,343869.99,6298478.23
PA6,406,TBFT-21,1610,3,7,2025-11-07 18:06:44.459810,343869.99,6298478.23
PE1376,323,FLXP-48,4265,11,15,2025-11-07 18:06:46.529136,355901.123,6288258.305
PE1376,323,FLXR-27,4049,11,15,2025-11-07 18:06:46.529141,355901.123,6288258.305
PE1376,E03,BJFS-95,1634,3,7,2025-11-07 18:06:46.529142,355901.123,6288258.305
PE1376,E03,BJFS-93,3679,10,14,2025-11-07 18:06:46.529142,355901.123,6288258.305
PE1376,E07,BJFX-65,1055,0,3,2025-11-07 18:06:46.529143,355901.123,6288258.305
PE1376,E07,CJRB-10,3326,9,13,2025-11-07 18:06:46.529144,355901.123,6288258.305
PE1376,E10,BJFT-23,10076,32,60,2025-11-07 18:06:46.529145,355901.123,6288258.305
PE1376,322,BJFR-75,116,0,3,2025-11-07 18:06:46.529146,355901.123,6288258.305
PE1376,322,BJFV-87,4936,14,18,2025-11-07 18:06:46.529147,355901.123,6288258.305
PB1332,B17,SHCY-44,1109,0,4,2025-11-07 18:06:48.481541,344168.678,6301520.702
PB1332,B17,SHCY-10,1109,0,4,2025-11-07 18:06:48.481545,344168.678,6301520.702
PD597,508,LXWR-67,214,0,3,2025-11-07 18:06:52.971713,352433.465,6294707.766
PD597,508,FLXD-44,5264,15,19,2025-11-07 18:06:52.971718,352433.465,6294707.766
PD597,325,VFKV-61,2030,4,8,2025-11-07 18:06:52.971719,352433.465,6294707.766
PD597,325,VJKR-96,5033,14,18,2025-11-07 18:06:52.971720,352433.465,6294707.766
PD597,D16,SPBP-26,3306,8,12,2025-11-07 18:06:52.971721,352433.465,6294707.766
PD597,D16,PFYC-51,3667,10,14,2025-11-07 18:06:52.971721,352433.465,6294707.766
PI832,I03,FLXL-61,1100,0,3,2025-11-07 18:06:55.014095,340687.897,6296154.472
PI832,I03,FLXJ-23,8474,27,60,2025-11-07 18:06:55.014101,340687.897,6296154.472
PG823,G04,SFGY-85,746,0,2,2025-11-07 18:06:57.437590,347222.917,6285814.569
PG823,G04,SHXG-70,3581,9,13,2025-11-07 18:06:57.437595,347222.917,6285814.569
PG823,G18,SFPG-30,140,0,3,2025-11-07 18:06:57.437597,347222.917,6285814.569
PG823,G18,SHXB-36,209,0,3,2025-11-07 18:06:57.437598,347222.917,6285814.569
PF993,F24,SPRV-92,482,0,2,2025-11-07 18:06:59.388573,358812.65,6279958.901
PC746,C07,SGPW-43,558,0,2,2025-11-07 18:07:00.926205,353820.975,6305312.581
PC746,C07,SGPY-74,3106,8,12,2025-11-07 18:07:00.926210,353820.975,6305312.581
PI877,I10,FLXL-62,704,0,2,2025-11-07 18:07:05.737951,335171.858,6288396.357
PI877,I10,FLXG-76,3821,10,14,2025-11-07 18:07:05.737956,335171.858,6288396.357
PI877,I03,FLXF-72,1493,3,7,2025-11-07 18:07:05.737957,335171.858,6288396.357
PI877,I03,FLXG-55,2273,5,9,2025-11-07 18:07:05.737958,335171.858,6288396.357
PG1030,G22,THTD-65,594,0,2,2025-11-07 18:07:07.838756,341656.947,6282527.191
PG1030,G22,THTG-76,877,0,3,2025-11-07 18:07:07.838762,341656.947,6282527.191
PG1030,217e,FLXL-94,968,0,3,2025-11-07 18:07:07.838763,341656.947,6282527.191
PH1430,212,LZPW-22,2366,5,9,2025-11-07 18:07:09.469075,347871.483,6291269.891
PH1430,212,LZPS-12,2581,6,10,2025-11-07 18:07:09.469080,347871.483,6291269.891
PJ502,508,TBFP-68,1862,4,8,2025-11-07 18:07:11.254089,342564.936,6299632.113
PJ502,508,FLXW-63,3793,10,14,2025-11-07 18:07:11.254095,342564.936,6299632.113
PJ502,J03,FLXD-55,4117,11,15,2025-11-07 18:07:11.254097,342564.936,6299632.113
PD819,D20,SVDC-22,8020,23,27,2025-11-07 18:07:13.406264,354409.887,6291326.295
PD819,D20,SVDB-99,10266,32,60,2025-11-07 18:07:13.406270,354409.887,6291326.295
PA633,115,GCBD-60,1818,4,8,2025-11-07 18:07:15.216050,346243.481,6295363.225
PA633,115,PFXC-27,2702,7,11,2025-11-07 18:07:15.216056,346243.481,6295363.225
PA633,113,FLXX-98,1135,0,4,2025-11-07 18:07:15.216057,346243.481,6295363.225
PH503,H24,VGRF-45,1650,3,7,2025-11-07 18:07:17.283920,348110.259,6293978.633
PI844,I03,FLXG-53,807,0,3,2025-11-07 18:07:19.416029,341192.319,6296472.447
PI844,I03,BJFT-29,2743,7,11,2025-11-07 18:07:19.416034,341192.319,6296472.447
PI844,I03c,FLXK-67,1537,3,7,2025-11-07 18:07:19.416035,341192.319,6296472.447
PE1365,F05,SPZY-67,2674,6,10,2025-11-07 18:07:21.471180,349759.715,6285962.315
PE1365,F05,SPZY-42,4088,11,15,2025-11-07 18:07:21.471185,349759.715,6285962.315
PE1365,E18,BJFS-80,1459,3,7,2025-11-07 18:07:21.471187,349759.715,6285962.315
PE1365,E18,BJFX-28,4745,13,17,2025-11-07 18:07:21.471187,349759.715,6285962.315
PE1365,E11,VKJX-30,492,0,2,2025-11-07 18:07:21.471188,349759.715,6285962.315
PE1365,E16,VFKT-58,736,0,2,2025-11-07 18:07:21.471189,349759.715,6285962.315
PI950,I05,VHTB-72,794,0,3,2025-11-07 18:07:23.559806,332534.99,6290486.0
PI950,I05,VHSZ-42,4308,12,16,2025-11-07 18:07:23.559811,332534.99,6290486.0
PE864,E14,VKJZ-27,1003,0,3,2025-11-07 18:07:25.613664,352587.365,6288809.502
PH572,H05,VFHL-66,256,0,3,2025-11-07 18:07:29.497568,343284.861,6290272.9
PH572,H05,VFHK-89,8432,27,60,2025-11-07 18:07:29.497574,343284.861,6290272.9
PH572,H06,CJRB-13,0,0,3,2025-11-07 18:07:29.497575,343284.861,6290272.9
PH572,H06,CJRX-57,5403,15,19,2025-11-07 18:07:29.497576,343284.861,6290272.9
PF173,F03c,SHCX-60,760,0,2,2025-11-07 18:07:31.268234,354549.228,6280567.974
PF173,F14,SPRY-50,0,0,3,2025-11-07 18:07:31.268239,354549.228,6280567.974
PF173,F14,SPRV-99,3875,10,14,2025-11-07 18:07:31.268240,354549.228,6280567.974
PG1928,G39,SHCX-11,4828,13,17,2025-11-07 18:07:33.358211,344922.09,6281916.69
PG1928,G39,SFGY-68,4606,13,17,2025-11-07 18:07:33.358215,344922.09,6281916.69
PG1928,G09,SFGY-90,6005,17,21,2025-11-07 18:07:33.358216,344922.09,6281916.69
PG1928,G09,SHCX-23,5867,17,21,2025-11-07 18:07:33.358217,344922.09,6281916.69
PC53,420,STKX-48,1158,0,4,2025-11-07 18:07:35.521823,353465.223,6300347.197
PC53,420,SVDF-19,1556,3,7,2025-11-07 18:07:35.521828,353465.223,6300347.197
PC53,286,SHXB-14,3533,9,13,2025-11-07 18:07:35.521829,353465.223,6300347.197
PC53,286,SFGY-83,8107,26,60,2025-11-07 18:07:35.521830,353465.223,6300347.197
PC53,425,SGPY-77,1002,0,3,2025-11-07 18:07:35.521831,353465.223,6300347.197
PC53,425,SHXG-82,1321,0,4,2025-11-07 18:07:35.521831,353465.223,6300347.197
PC53,712,SHCW-70,467,0,3,2025-11-07 18:07:35.521832,353465.223,6300347.197
PC53,712,SHCW-74,2022,4,8,2025-11-07 18:07:35.521833,353465.223,6300347.197
PD140,D20,SVDB-99,4696,13,17,2025-11-07 18:07:37.761483,354751.75,6291286.645
PD140,D26,FLXS-16,372,0,3,2025-11-07 18:07:37.761487,354751.75,6291286.645
PD140,D16,SPBS-66,838,0,3,2025-11-07 18:07:37.761488,354751.75,6291286.645
PD140,106,PFVJ-25,403,0,3,2025-11-07 18:07:37.761489,354751.75,6291286.645
PE149,323,BJFZ-93,2838,7,11,2025-11-07 18:07:39.476299,352012.7,6288438.225
PE149,323,FLXR-51,3916,10,14,2025-11-07 18:07:39.476303,352012.7,6288438.225
PE149,325,VFJP-79,2009,4,8,2025-11-07 18:07:39.476304,352012.7,6288438.225
PE149,325,VFJV-39,6459,18,22,2025-11-07 18:07:39.476305,352012.7,6288438.225
PE149,F25,SRVG-68,760,0,2,2025-11-07 18:07:39.476306,352012.7,6288438.225
PE149,F25,TXZH-44,2804,7,11,2025-11-07 18:07:39.476307,352012.7,6288438.225
PE149,210,LZRD-83,1546,3,7,2025-11-07 18:07:39.476307,352012.7,6288438.225
PE149,210,VGBW-98,1536,3,7,2025-11-07 18:07:39.476308,352012.7,6288438.225
PE149,210v,VFRF-95,270,0,3,2025-11-07 18:07:39.476309,352012.7,6288438.225
PE149,210v,VFPT-47,810,0,3,2025-11-07 18:07:39.476310,352012.7,6288438.225
PE149,225,VFHX-52,2045,4,8,2025-11-07 18:07:39.476311,352012.7,6288438.225
PE149,225,VJWY-61,2716,7,11,2025-11-07 18:07:39.476311,352012.7,6288438.225
PE149,E07,BJFZ-59,441,0,3,2025-11-07 18:07:39.476312,352012.7,6288438.225
PE149,E07,BJFX-67,3582,9,13,2025-11-07 18:07:39.476313,352012.7,6288438.225
PE149,E15c,VFJK-65,2218,5,9,2025-11-07 18:07:39.476314,352012.7,6288438.225
PE149,E15c,VFJP-21,4189,11,15,2025-11-07 18:07:39.476315,352012.7,6288438.225
PE149,225c,VFJP-24,2202,5,9,2025-11-07 18:07:39.476315,352012.7,6288438.225
PB1962,B21,SKDH-63,3733,10,14,2025-11-07 18:07:41.246878,345505.898,6302394.856
PB1962,B21,SKDF-98,4454,12,16,2025-11-07 18:07:41.246883,345505.898,6302394.856
PJ123,J15c,TBFR-52,653,0,2,2025-11-07 18:07:43.621692,337809.777,6298042.43
PJ123,J15c,FLXK-30,2267,5,9,2025-11-07 18:07:43.621697,337809.777,6298042.43
PJ123,J20,FLXD-38,3364,9,13,2025-11-07 18:07:43.621699,337809.777,6298042.43
PJ123,486,LXWP-61,4876,13,17,2025-11-07 18:07:43.621700,337809.777,6298042.43
PJ123,486,LXWP-75,5958,17,21,2025-11-07 18:07:43.621701,337809.777,6298042.43
PJ123,406,TBFP-88,1558,6,10,2025-11-07 18:07:43.621702,337809.777,6298042.43
PJ123,406,FLXV-83,1698,6,10,2025-11-07 18:07:43.621703,337809.777,6298042.43
PJ123,402,SKPL-33,2708,7,11,2025-11-07 18:07:43.621704,337809.777,6298042.43
PJ123,402,SHXF-97,4026,11,15,2025-11-07 18:07:43.621705,337809.777,6298042.43
PJ123,422c,LXWP-73,5180,14,18,2025-11-07 18:07:43.621706,337809.777,6298042.43
PJ123,J07,VHXJ-24,8316,26,60,2025-11-07 18:07:43.621707,337809.777,6298042.43
PJ123,J07,VHZY-71,17948,57,60,2025-11-07 18:07:43.621708,337809.777,6298042.43
PJ123,J07e,VHZW-71,8583,27,60,2025-11-07 18:07:43.621711,337809.777,6298042.43
PJ123,J07e,VJBB-71,10174,32,60,2025-11-07 18:07:43.621720,337809.777,6298042.43
PJ123,426,FLXH-88,131,0,3,2025-11-07 18:07:43.621721,337809.777,6298042.43
PJ123,426,CJRZ-87,1461,3,7,2025-11-07 18:07:43.621722,337809.777,6298042.43
PJ123,511,TBFW-48,2479,6,10,2025-11-07 18:07:43.621723,337809.777,6298042.43
PJ123,511,GCBC-59,5257,15,19,2025-11-07 18:07:43.621724,337809.777,6298042.43
PJ123,407,PFXB-76,116,0,3,2025-11-07 18:07:43.621725,337809.777,6298042.43
PJ123,407,TBFW-14,1500,3,7,2025-11-07 18:07:43.621725,337809.777,6298042.43
PJ123,422,GCBD-67,2569,6,10,2025-11-07 18:07:43.621726,337809.777,6298042.43
PJ262,J13,TBFS-41,1935,4,8,2025-11-07 18:07:45.680389,337506.816,6301096.389
PJ262,J13c,GCBC-42,1565,3,7,2025-11-07 18:07:45.680395,337506.816,6301096.389
PJ262,502,TBFS-40,743,0,2,2025-11-07 18:07:45.680396,337506.816,6301096.389
PJ262,J05,TBFP-72,713,0,2,2025-11-07 18:07:45.680397,337506.816,6301096.389
PJ262,J05,TBFX-46,3170,8,12,2025-11-07 18:07:45.680398,337506.816,6301096.389
PC384,412,PGBY-73,314,0,3,2025-11-07 18:07:47.845100,352484.63,6299896.85
PC384,412,PGBF-59,1716,3,7,2025-11-07 18:07:47.845105,352484.63,6299896.85
PC384,418,SKPL-28,11254,36,60,2025-11-07 18:07:47.845107,352484.63,6299896.85
PC384,418,PFTW-40,12127,38,60,2025-11-07 18:07:47.845108,352484.63,6299896.85
PC384,429,SLGS-87,3187,8,12,2025-11-07 18:07:47.845109,352484.63,6299896.85
PC384,429,SLPB-44,3516,9,13,2025-11-07 18:07:47.845110,352484.63,6299896.85
PI1134,I25,FLXL-12,1094,0,3,2025-11-07 18:07:49.450524,339544.247,6293362.664
PI1134,I25,FLXG-65,3547,9,13,2025-11-07 18:07:49.450530,339544.247,6293362.664
PI1134,I13,FLXY-12,165,0,3,2025-11-07 18:07:49.450531,339544.247,6293362.664
PI1134,I13,FLXY-48,1119,7,11,2025-11-07 18:07:49.450532,339544.247,6293362.664
PI1134,I20,FLXL-78,592,0,2,2025-11-07 18:07:49.450533,339544.247,6293362.664
PI1134,I20,FLXG-94,4659,13,17,2025-11-07 18:07:49.450534,339544.247,6293362.664
PB109,B02,FLXR-81,896,0,3,2025-11-07 18:07:51.793978,348585.106,6303317.314
PB109,B02,FLXR-92,1288,0,4,2025-11-07 18:07:51.793983,348585.106,6303317.314
PB109,107,PFYC-41,31,0,3,2025-11-07 18:07:51.793984,348585.106,6303317.314
PB109,107,PFZK-98,5373,15,19,2025-11-07 18:07:51.793985,348585.106,6303317.314
PB109,116,FLXT-52,1926,4,8,2025-11-07 18:07:51.793986,348585.106,6303317.314
PB109,116,FLXJ-64,1986,4,8,2025-11-07 18:07:51.793987,348585.106,6303317.314
PF764,226,VFPX-33,615,0,2,2025-11-07 18:07:53.886872,353002.503,6284607.61
PF764,226,VFPX-53,841,0,3,2025-11-07 18:07:53.886877,353002.503,6284607.61
PF764,E09,VKJX-14,2286,5,9,2025-11-07 18:07:53.886878,353002.503,6284607.61
PF764,E09,VKJX-59,4218,11,15,2025-11-07 18:07:53.886879,353002.503,6284607.61
PI1679,I02,FLXY-75,1636,3,7,2025-11-07 18:07:55.919943,335629.4,6292872.38
PI1679,I02,FLXZ-17,2890,7,11,2025-11-07 18:07:55.919948,335629.4,6292872.38
PD696,514,FLXX-78,2288,5,9,2025-11-07 18:07:58.038584,352732.025,6293750.017
PD696,514,FLXC-52,2077,5,9,2025-11-07 18:07:58.038591,352732.025,6293750.017
PG117,203N,SFWB-89,10621,34,60,2025-11-07 18:07:59.688789,348434.792,6286421.351
PG117,205,SXKV-87,1530,3,7,2025-11-07 18:07:59.688795,348434.792,6286421.351
PG117,205,LZRD-64,1575,3,7,2025-11-07 18:07:59.688795,348434.792,6286421.351
PG117,207,VJXW-29,2786,7,11,2025-11-07 18:07:59.688796,348434.792,6286421.351
PG117,207,SVPX-50,6866,20,24,2025-11-07 18:07:59.688797,348434.792,6286421.351
PG117,207e,VJKC-63,2402,6,10,2025-11-07 18:07:59.688798,348434.792,6286421.351
PG117,207e,SDGY-13,4803,13,17,2025-11-07 18:07:59.688799,348434.792,6286421.351
PG117,209,VJJZ-87,3243,8,12,2025-11-07 18:07:59.688799,348434.792,6286421.351
PG117,209,SFST-34,5891,17,21,2025-11-07 18:07:59.688800,348434.792,6286421.351
PI819,I03,FLXJ-23,1967,4,8,2025-11-07 18:08:03.957745,338501.4,6291466.93
PI819,I03,FLXG-72,4268,11,15,2025-11-07 18:08:03.957750,338501.4,6291466.93
PE836,G04,SHXG-78,961,0,3,2025-11-07 18:08:05.785242,348651.608,6285540.144
PE836,G04,SFPG-33,1766,4,8,2025-11-07 18:08:05.785248,348651.608,6285540.144
PE836,G18,SFPF-82,651,0,2,2025-11-07 18:08:05.785249,348651.608,6285540.144
PE836,G18,SCRZ-21,2919,7,11,2025-11-07 18:08:05.785250,348651.608,6285540.144
PF659,F02,SHCY-63,1579,3,7,2025-11-07 18:08:09.892271,351860.153,6279901.974
PC901,C11,SGPW-46,2619,6,10,2025-11-07 18:08:11.950160,353993.986,6303976.735
PC901,C11,SGPW-36,4971,14,18,2025-11-07 18:08:11.950165,353993.986,6303976.735
PH100,115,TBFT-96,61,0,3,2025-11-07 18:08:14.096073,345705.661,6294379.253
PH100,115,FLXV-88,2932,7,11,2025-11-07 18:08:14.096078,345705.661,6294379.253
PH100,125,CJRX-52,1730,3,7,2025-11-07 18:08:14.096079,345705.661,6294379.253
PH100,125,BJFS-51,1902,4,8,2025-11-07 18:08:14.096080,345705.661,6294379.253
PH100,113,FLXX-60,359,0,3,2025-11-07 18:08:14.096080,345705.661,6294379.253
PH100,113,FLXW-83,4527,12,16,2025-11-07 18:08:14.096081,345705.661,6294379.253
PH100,H06,CJRW-13,2665,6,10,2025-11-07 18:08:14.096082,345705.661,6294379.253
PH100,H06,CJRW-55,3674,10,14,2025-11-07 18:08:14.096083,345705.661,6294379.253
PG1965,G16,SFPF-86,0,0,3,2025-11-07 18:08:16.192768,345779.0,6282061.0
PG1965,G16,SFPF-78,353,0,3,2025-11-07 18:08:16.192773,345779.0,6282061.0
PE244,226,VFRF-65,194,0,3,2025-11-07 18:08:18.420012,352443.845,6286216.94
PE244,226,VFPL-35,3484,9,13,2025-11-07 18:08:18.420016,352443.845,6286216.94
PE244,E01,VKJZ-24,14,0,3,2025-11-07 18:08:18.420018,352443.845,6286216.94
PE244,E01,VKJY-13,5373,15,19,2025-11-07 18:08:18.420019,352443.845,6286216.94
PI406,421,PFTV-92,2874,7,11,2025-11-07 18:08:20.514656,342041.24,6296902.91
PI406,421,PFVG-41,2802,7,11,2025-11-07 18:08:20.514660,342041.24,6296902.91
PI406,546e,GCBF-24,9977,32,60,2025-11-07 18:08:20.514661,342041.24,6296902.91
PI406,546e,FLXW-18,12569,40,60,2025-11-07 18:08:20.514662,342041.24,6296902.91
PI406,I08,FLXY-11,0,0,3,2025-11-07 18:08:20.514663,342041.24,6296902.91
PI406,I08,FLXW-93,1,0,3,2025-11-07 18:08:20.514664,342041.24,6296902.91
PI406,I09e,RWRP-77,2150,5,9,2025-11-07 18:08:20.514665,342041.24,6296902.91
PI406,405,PFYH-17,244,0,3,2025-11-07 18:08:20.514665,342041.24,6296902.91
PI406,405,PFYG-83,925,0,3,2025-11-07 18:08:20.514666,342041.24,6296902.91
PI406,419,PFTV-91,84,0,3,2025-11-07 18:08:20.514667,342041.24,6296902.91
PI406,419,PFYG-69,3790,10,14,2025-11-07 18:08:20.514668,342041.24,6296902.91
PI406,I09,VHTB-79,4847,13,17,2025-11-07 18:08:20.514669,342041.24,6296902.91
PI406,I09,FLXZ-28,5084,14,18,2025-11-07 18:08:20.514669,342041.24,6296902.91
PI406,106,PFYR-94,925,0,3,2025-11-07 18:08:20.514670,342041.24,6296902.91
PI406,106,PFVG-51,1974,4,8,2025-11-07 18:08:20.514671,342041.24,6296902.91
PI406,401,PGPT-33,1629,3,7,2025-11-07 18:08:20.514672,342041.24,6296902.91
PI406,401,PGBB-63,2527,6,10,2025-11-07 18:08:20.514672,342041.24,6296902.91
PI406,423,PFVD-63,1439,3,7,2025-11-07 18:08:20.514673,342041.24,6296902.91
PB638,B08,SHCY-37,2774,7,11,2025-11-07 18:08:22.650908,339758.226,6306393.33
PB638,B08,SJPB-20,4855,13,17,2025-11-07 18:08:22.650913,339758.226,6306393.33
PB638,B18,TXZH-30,2925,7,11,2025-11-07 18:08:22.650914,339758.226,6306393.33
PB638,B18,STHB-36,5402,15,19,2025-11-07 18:08:22.650915,339758.226,6306393.33
PB638,B32,STGZ-28,808,0,3,2025-11-07 18:08:22.650916,339758.226,6306393.33
PB638,B32,STGZ-85,5712,16,20,2025-11-07 18:08:22.650917,339758.226,6306393.33
PB638,314c,FLXK-16,395,0,3,2025-11-07 18:08:22.650918,339758.226,6306393.33
PB638,314c,FLXH-32,1448,3,7,2025-11-07 18:08:22.650919,339758.226,6306393.33
PB638,314,VHSX-70,4586,12,16,2025-11-07 18:08:22.650920,339758.226,6306393.33
PB638,314,TWPD-82,8412,27,60,2025-11-07 18:08:22.650920,339758.226,6306393.33
PB638,B45,VHSX-68,1477,3,7,2025-11-07 18:08:22.650921,339758.226,6306393.33
PB638,B45,VHSZ-47,3155,8,12,2025-11-07 18:08:22.650922,339758.226,6306393.33
PJ1601,J17,FLXT-58,3748,10,14,2025-11-07 18:08:25.100041,334425.361,6297380.489
PJ1601,J17,FLXD-61,4603,13,17,2025-11-07 18:08:25.100046,334425.361,6297380.489
PE739,E12,VFJP-22,1270,0,4,2025-11-07 18:08:27.143567,354006.28,6285727.328
PC859,C16,LDTG-56,193,0,3,2025-11-07 18:08:29.257369,359425.123,6310245.41
PC859,C16,LDTF-43,694,0,2,2025-11-07 18:08:29.257374,359425.123,6310245.41
PH56,105,SHXF-28,4361,12,16,2025-11-07 18:08:31.379516,343087.968,6291974.608
PH56,105,SJPD-93,4737,13,17,2025-11-07 18:08:31.379521,343087.968,6291974.608
PH56,105c,LXDJ-10,4006,11,15,2025-11-07 18:08:31.379522,343087.968,6291974.608
PH56,105c,LXDJ-18,9009,28,60,2025-11-07 18:08:31.379523,343087.968,6291974.608
PH56,120,STHF-76,2847,7,11,2025-11-07 18:08:31.379524,343087.968,6291974.608
PH56,120,SKHF-49,7177,21,25,2025-11-07 18:08:31.379525,343087.968,6291974.608
PH56,125,CJRX-64,4711,13,17,2025-11-07 18:08:31.379527,343087.968,6291974.608
PH56,125,BJFT-96,9827,31,60,2025-11-07 18:08:31.379527,343087.968,6291974.608
PH56,H12,CJRW-57,4935,14,18,2025-11-07 18:08:31.379529,343087.968,6291974.608
PH56,H12,CJRX-63,6687,19,23,2025-11-07 18:08:31.379529,343087.968,6291974.608
PH56,H24,VGRG-54,604,0,2,2025-11-07 18:08:31.379530,343087.968,6291974.608
PH56,H24,VGRC-73,3414,9,13,2025-11-07 18:08:31.379531,343087.968,6291974.608
PE8,104,SKWD-47,273,0,3,2025-11-07 18:08:33.452846,352897.781,6290346.931
PE8,104,LDSV-98,2022,4,8,2025-11-07 18:08:33.452851,352897.781,6290346.931
PE8,114,SKWD-56,1410,0,4,2025-11-07 18:08:33.452852,352897.781,6290346.931
PE8,114,SKWD-34,2991,7,11,2025-11-07 18:08:33.452853,352897.781,6290346.931
PE8,108,PGPT-48,3321,8,12,2025-11-07 18:08:33.452854,352897.781,6290346.931
PE8,108,PFYS-36,7036,20,24,2025-11-07 18:08:33.452855,352897.781,6290346.931
PE8,712,LBTT-25,0,0,3,2025-11-07 18:08:33.452855,352897.781,6290346.931
PE8,712,SJPC-40,6331,18,22,2025-11-07 18:08:33.452856,352897.781,6290346.931
PE8,124,LCTG-39,1931,4,8,2025-11-07 18:08:33.452857,352897.781,6290346.931
PE8,102,SPZY-48,2547,6,10,2025-11-07 18:08:33.452858,352897.781,6290346.931
PE8,102,LCPW-28,6987,20,24,2025-11-07 18:08:33.452859,352897.781,6290346.931
PI1214,I16,FLXJ-53,0,0,3,2025-11-07 18:08:35.546666,342663.45,6295686.192
PI1214,I16,FLXL-21,2750,7,11,2025-11-07 18:08:35.546671,342663.45,6295686.192
PI1214,I17,FLXK-99,3572,9,13,2025-11-07 18:08:35.546673,342663.45,6295686.192
PI1214,I17,FLXL-82,4190,11,15,2025-11-07 18:08:35.546674,342663.45,6295686.192
PE1378,E12,VJWY-21,1178,0,4,2025-11-07 18:08:37.625968,353091.27,6286928.701
PE1378,E12,VFKS-86,2632,6,10,2025-11-07 18:08:37.625973,353091.27,6286928.701
PD49,103,SPBF-69,4110,11,15,2025-11-07 18:08:45.167386,350843.97,6297165.0
PD49,103,PGBY-66,4743,13,17,2025-11-07 18:08:45.167391,350843.97,6297165.0
PD49,117,PGTV-11,268,0,3,2025-11-07 18:08:45.167393,350843.97,6297165.0
PD49,117,SPBP-31,4134,11,15,2025-11-07 18:08:45.167393,350843.97,6297165.0
PC394,C06,LWTK-55,5457,15,19,2025-11-07 18:08:50.196576,351444.871,6300909.141
PC394,C06,SKDF-79,7543,22,26,2025-11-07 18:08:50.196580,351444.871,6300909.141
PC394,503,LZPH-13,989,0,3,2025-11-07 18:08:50.196582,351444.871,6300909.141
PC394,503,VGVF-76,4831,13,17,2025-11-07 18:08:50.196582,351444.871,6300909.141
PC394,412,PFTW-59,1472,3,7,2025-11-07 18:08:50.196583,351444.871,6300909.141
PC394,412,PFVG-76,8559,27,60,2025-11-07 18:08:50.196584,351444.871,6300909.141
PC394,418,SJPD-71,0,0,3,2025-11-07 18:08:50.196585,351444.871,6300909.141
PC394,418,PFVH-13,654,0,2,2025-11-07 18:08:50.196586,351444.871,6300909.141
PC394,429,SLPB-47,472,0,3,2025-11-07 18:08:50.196587,351444.871,6300909.141
PC394,429,SHXG-35,3093,8,12,2025-11-07 18:08:50.196587,351444.871,6300909.141
PH465,H03,CJRW-22,2064,5,9,2025-11-07 18:08:52.921912,343412.3,6291428.81
PH465,H08,FLXJ-29,2189,5,9,2025-11-07 18:08:52.921917,343412.3,6291428.81
PH465,348,VHSY-26,1908,4,8,2025-11-07 18:08:52.921918,343412.3,6291428.81
PH465,227,VFPD-10,2414,6,10,2025-11-07 18:08:52.921919,343412.3,6291428.81
PH465,227,VFPL-81,7754,22,26,2025-11-07 18:08:52.921920,343412.3,6291428.81
PC414,421,PFVK-89,779,0,2,2025-11-07 18:08:54.849855,358731.632,6303879.218
PC414,421c,LCSX-46,1934,4,8,2025-11-07 18:08:54.849862,358731.632,6303879.218
PA823,213e,STHF-57,450,0,3,2025-11-07 18:08:59.347387,348613.33,6296688.23
PA823,213e,SRVG-32,2700,7,11,2025-11-07 18:08:59.347391,348613.33,6296688.23
PA823,210,LZRB-96,2268,5,9,2025-11-07 18:08:59.347393,348613.33,6296688.23
PA823,210,LZRD-70,2316,5,9,2025-11-07 18:08:59.347393,348613.33,6296688.23
PA823,210e,VFRB-63,3784,10,14,2025-11-07 18:08:59.347394,348613.33,6296688.23
PA823,210e,VFRB-13,4020,11,15,2025-11-07 18:08:59.347395,348613.33,6296688.23
PA823,210v,VFPY-43,1772,4,8,2025-11-07 18:08:59.347396,348613.33,6296688.23
PA823,210v,VGKZ-92,2129,5,9,2025-11-07 18:08:59.347396,348613.33,6296688.23
PA823,227,VFPF-31,323,0,3,2025-11-07 18:08:59.347397,348613.33,6296688.23
PA823,227,VFHT-73,1292,0,4,2025-11-07 18:08:59.347398,348613.33,6296688.23
PE1282,E14,VKJZ-84,1011,0,3,2025-11-07 18:09:01.252801,351553.502,6290027.302
PE1282,E14,VKJX-78,4691,13,17,2025-11-07 18:09:01.252806,351553.502,6290027.302
PE1282,E17,CJRB-44,674,0,2,2025-11-07 18:09:01.252808,351553.502,6290027.302
PE1282,E17,FLXK-59,4011,11,15,2025-11-07 18:09:01.252808,351553.502,6290027.302
PE1282,322,BJFW-72,911,0,3,2025-11-07 18:09:01.252809,351553.502,6290027.302
PE1282,322,BJFT-73,6598,19,23,2025-11-07 18:09:01.252810,351553.502,6290027.302
PE1282,323,BJFZ-93,3255,8,12,2025-11-07 18:09:01.252811,351553.502,6290027.302
PE1282,323,FLXR-51,4069,11,15,2025-11-07 18:09:01.252812,351553.502,6290027.302
PE1282,E05,BJFT-21,0,0,3,2025-11-07 18:09:01.252813,351553.502,6290027.302
PE1282,E05,BJFX-12,1197,0,4,2025-11-07 18:09:01.252814,351553.502,6290027.302
PE1282,E07,BJFZ-59,1970,4,8,2025-11-07 18:09:01.252815,351553.502,6290027.302
PE1282,E07,BJFX-67,4747,13,17,2025-11-07 18:09:01.252815,351553.502,6290027.302
PE1282,F25e,LCTG-28,3542,9,13,2025-11-07 18:09:01.252816,351553.502,6290027.302
PE1282,F25e,SRVK-61,9447,30,60,2025-11-07 18:09:01.252817,351553.502,6290027.302
PE1282,D13,CJRC-56,0,0,3,2025-11-07 18:09:01.252818,351553.502,6290027.302
PE1282,D13,BJFS-46,2265,5,9,2025-11-07 18:09:01.252818,351553.502,6290027.302
PE1282,E06,BJFX-40,669,0,2,2025-11-07 18:09:01.252819,351553.502,6290027.302
PE1282,E08,VKJY-98,1095,0,3,2025-11-07 18:09:01.252820,351553.502,6290027.302
PE1282,E08,VKJX-86,3530,9,13,2025-11-07 18:09:01.252821,351553.502,6290027.302
PE1282,E15c,VFHX-46,0,0,3,2025-11-07 18:09:01.252821,351553.502,6290027.302
PE1282,E15c,VFJK-65,3592,9,13,2025-11-07 18:09:01.252822,351553.502,6290027.302
PE1282,F25,SRVG-68,1888,4,8,2025-11-07 18:09:01.252823,351553.502,6290027.302
PE1282,F25,TXZH-44,4343,12,16,2025-11-07 18:09:01.252824,351553.502,6290027.302
PE1282,E18,BJFV-33,1444,3,7,2025-11-07 18:09:01.252825,351553.502,6290027.302
PE1282,E18,BJFV-88,4181,11,15,2025-11-07 18:09:01.252826,351553.502,6290027.302
PE1282,E13,VFJD-82,63,0,3,2025-11-07 18:09:01.252827,351553.502,6290027.302
PE1282,E13,VFKV-81,1654,3,7,2025-11-07 18:09:01.252827,351553.502,6290027.302
PC846,C09,SKPJ-75,3538,9,13,2025-11-07 18:09:04.139722,358604.752,6308825.432
PC846,C09,SGPY-73,5296,15,19,2025-11-07 18:09:04.139728,358604.752,6308825.432
PC846,C19,LDTG-60,1104,0,3,2025-11-07 18:09:04.139729,358604.752,6308825.432
PC846,C19,SHCY-30,2809,7,11,2025-11-07 18:09:04.139730,358604.752,6308825.432
PD47,114,LFGR-91,336,0,3,2025-11-07 18:09:06.975817,350742.747,6296278.12
PD47,114,SKVD-54,3848,10,14,2025-11-07 18:09:06.975822,350742.747,6296278.12
PD47,103,SPBF-69,3219,8,12,2025-11-07 18:09:06.975823,350742.747,6296278.12
PD47,103,PGBY-66,3692,10,14,2025-11-07 18:09:06.975824,350742.747,6296278.12
PD47,117,SPBP-31,3243,8,12,2025-11-07 18:09:06.975825,350742.747,6296278.12
PD47,117,SPBL-78,5118,14,18,2025-11-07 18:09:06.975826,350742.747,6296278.12
PG1981,G38,THTG-93,581,0,2,2025-11-07 18:09:10.360346,343433.0,6279661.0
PG1981,G38,THTD-38,2476,6,10,2025-11-07 18:09:10.360351,343433.0,6279661.0
PG1981,G08v,FLXV-21,721,0,2,2025-11-07 18:09:10.360352,343433.0,6279661.0
PG1981,G08v,FLXP-10,2605,6,10,2025-11-07 18:09:10.360353,343433.0,6279661.0
PG1981,G32,THTF-44,1111,0,4,2025-11-07 18:09:10.360354,343433.0,6279661.0
PG1981,G32,THTF-56,1323,0,4,2025-11-07 18:09:10.360355,343433.0,6279661.0
PD252,227,VFPD-61,3432,9,13,2025-11-07 18:09:17.310734,356815.427,6297089.555
PD252,227,VFPL-71,4285,12,16,2025-11-07 18:09:17.310738,356815.427,6297089.555
PD252,517,VJJV-68,3234,8,12,2025-11-07 18:09:17.310739,356815.427,6297089.555
PD252,517,VHZW-91,3999,11,15,2025-11-07 18:09:17.310740,356815.427,6297089.555
PD252,412,LXWP-80,2353,5,9,2025-11-07 18:09:17.310741,356815.427,6297089.555
PD252,412,PGBY-73,7828,23,27,2025-11-07 18:09:17.310742,356815.427,6297089.555
PD252,D03c,SVDC-51,3417,9,13,2025-11-07 18:09:17.310743,356815.427,6297089.555
PD252,D03c,SVDD-40,9636,30,60,2025-11-07 18:09:17.310743,356815.427,6297089.555
PD252,225,VFKV-47,1087,0,3,2025-11-07 18:09:17.310744,356815.427,6297089.555
PD252,225,VFJS-65,1513,3,7,2025-11-07 18:09:17.310745,356815.427,6297089.555
PG1334,G18,SHCV-27,3568,9,13,2025-11-07 18:09:24.626054,347726.504,6287934.51
PG1334,G18,SDSW-96,4942,14,18,2025-11-07 18:09:24.626059,347726.504,6287934.51
PE692,E10,BJFW-57,2793,7,11,2025-11-07 18:09:28.145067,353252.856,6287326.458
PE692,E10,BJFT-23,5687,16,20,2025-11-07 18:09:28.145072,353252.856,6287326.458
PJ696,J13,TBFX-30,2162,5,9,2025-11-07 18:09:30.841384,339131.958,6299630.474
PJ696,J13,BJFF-54,5423,15,19,2025-11-07 18:09:30.841389,339131.958,6299630.474
PJ696,J04,BJFB-27,144,0,3,2025-11-07 18:09:30.841390,339131.958,6299630.474
PJ696,J04,TBFT-47,1755,4,8,2025-11-07 18:09:30.841391,339131.958,6299630.474
PD913,325,VJKR-85,5616,16,20,2025-11-07 18:09:36.444986,352314.32,6295211.338
PD913,325,VFJP-79,9168,29,60,2025-11-07 18:09:36.444991,352314.32,6295211.338
PD913,D16,SPBP-19,1618,3,7,2025-11-07 18:09:36.444992,352314.32,6295211.338
PD913,D16,SPBS-39,2365,5,9,2025-11-07 18:09:36.444993,352314.32,6295211.338
PG179,203N,SFWB-89,14667,46,60,2025-11-07 18:09:40.364788,349018.28,6281012.666
PG179,207,SVPW-57,987,0,3,2025-11-07 18:09:40.364793,349018.28,6281012.666
PG179,207,SDGY-40,1919,4,8,2025-11-07 18:09:40.364794,349018.28,6281012.666
PG179,209,SDGY-12,968,0,3,2025-11-07 18:09:40.364795,349018.28,6281012.666
PG179,209,VJJZ-87,8356,26,60,2025-11-07 18:09:40.364796,349018.28,6281012.666
PA562,J02,VHXJ-10,491,0,2,2025-11-07 18:09:42.457834,344236.697,6297745.241
PA562,J02,VHZX-50,2427,6,10,2025-11-07 18:09:42.457839,344236.697,6297745.241
PA562,J05,TBFT-34,437,0,3,2025-11-07 18:09:42.457840,344236.697,6297745.241
PA562,J05,PFXC-40,668,0,2,2025-11-07 18:09:42.457840,344236.697,6297745.241
PA562,I17,FLXL-31,4127,11,15,2025-11-07 18:09:42.457841,344236.697,6297745.241
PD991,505,VHXJ-92,208,0,3,2025-11-07 18:09:44.605811,357463.226,6294916.261
PD991,505,SRTK-31,4130,11,15,2025-11-07 18:09:44.605815,357463.226,6294916.261
PD991,D03,SVDD-63,1295,0,4,2025-11-07 18:09:44.605817,357463.226,6294916.261
PD991,D07,SSXF-31,2226,5,9,2025-11-07 18:09:44.605817,357463.226,6294916.261
PD991,D07,SVDD-49,2872,7,11,2025-11-07 18:09:44.605818,357463.226,6294916.261
PD991,D10,SVDC-60,1562,3,7,2025-11-07 18:09:44.605819,357463.226,6294916.261
PD991,D15,STWW-40,1295,0,4,2025-11-07 18:09:44.605820,357463.226,6294916.261
PB529,B12,SKDH-73,1807,4,8,2025-11-07 18:09:46.702539,338333.76,6306905.04
PB529,B12,SKDG-11,4094,11,15,2025-11-07 18:09:46.702545,338333.76,6306905.04
PB529,B12c,SKDJ-90,1931,4,8,2025-11-07 18:09:46.702546,338333.76,6306905.04
PB529,B12c,SPCG-80,5131,14,18,2025-11-07 18:09:46.702547,338333.76,6306905.04
PB529,429,SHCX-38,2600,6,10,2025-11-07 18:09:46.702548,338333.76,6306905.04
PB529,429,SKPH-77,5722,16,20,2025-11-07 18:09:46.702549,338333.76,6306905.04
PB529,429c,SLGT-31,8725,28,60,2025-11-07 18:09:46.702551,338333.76,6306905.04
PB529,429c,SLLZ-39,12865,41,60,2025-11-07 18:09:46.702552,338333.76,6306905.04
PB529,430,PGLD-68,785,0,2,2025-11-07 18:09:46.702553,338333.76,6306905.04
PB529,430,SJPC-23,2486,6,10,2025-11-07 18:09:46.702554,338333.76,6306905.04
PB529,435,SLGS-89,2191,5,9,2025-11-07 18:09:46.702555,338333.76,6306905.04
PB529,435,SLLZ-93,9846,31,60,2025-11-07 18:09:46.702556,338333.76,6306905.04
PD454,D01,SVDF-58,1026,0,3,2025-11-07 18:09:48.487385,357262.483,6297542.696
PD454,D01,SVDD-54,2180,5,9,2025-11-07 18:09:48.487390,357262.483,6297542.696
PF203,712,SHCY-19,2761,7,11,2025-11-07 18:09:50.548585,356388.532,6279975.774
PF203,F01,SPVT-83,1052,0,3,2025-11-07 18:09:50.548591,356388.532,6279975.774
PF203,F01,SPVW-11,1350,0,4,2025-11-07 18:09:50.548592,356388.532,6279975.774
PF203,F01c,SPVT-74,356,0,3,2025-11-07 18:09:50.548593,356388.532,6279975.774
PF203,F11,SKVB-19,1035,0,3,2025-11-07 18:09:50.548594,356388.532,6279975.774
PF203,F11,SKVB-26,9060,29,60,2025-11-07 18:09:50.548595,356388.532,6279975.774
PF203,F29,SPVW-99,2061,5,9,2025-11-07 18:09:50.548596,356388.532,6279975.774
PF203,F29,SPVV-26,2598,6,10,2025-11-07 18:09:50.548597,356388.532,6279975.774
PG207,211,FLXX-27,1872,4,8,2025-11-07 18:09:52.620321,341733.64,6280053.5
PG207,211,TBYY-56,2674,6,10,2025-11-07 18:09:52.620328,341733.64,6280053.5
PG207,G08v,FLXV-21,2716,7,11,2025-11-07 18:09:52.620330,341733.64,6280053.5
PG207,G08v,FLXP-10,4660,13,17,2025-11-07 18:09:52.620331,341733.64,6280053.5
PG207,G08,THTF-94,904,0,3,2025-11-07 18:09:52.620332,341733.64,6280053.5
PG207,G08,THTF-22,856,0,3,2025-11-07 18:09:52.620333,341733.64,6280053.5
PG207,211c,THTF-21,1026,0,3,2025-11-07 18:09:52.620334,341733.64,6280053.5
PG207,211c,THTF-76,1090,0,3,2025-11-07 18:09:52.620335,341733.64,6280053.5
PD1397,106,PFVJ-25,1278,0,4,2025-11-07 18:09:54.807041,353646.531,6291198.263
PI1243,101,PFVC-62,0,0,3,2025-11-07 18:09:56.868721,338833.93,6291020.17
PI1243,101,PGPT-12,7240,21,25,2025-11-07 18:09:56.868727,338833.93,6291020.17
PI1243,481,PGPT-53,759,0,2,2025-11-07 18:09:56.868729,338833.93,6291020.17
PI1243,481,PGPT-42,2006,4,8,2025-11-07 18:09:56.868730,338833.93,6291020.17
PI1243,I18,VHTB-36,1055,0,3,2025-11-07 18:09:56.868731,338833.93,6291020.17
PI1243,I18,VHTB-73,4380,12,16,2025-11-07 18:09:56.868732,338833.93,6291020.17
PA16,B28,SPZX-56,1232,0,4,2025-11-07 18:10:00.585262,344000.685,6297510.949
PA16,B28,LDJW-48,4951,14,18,2025-11-07 18:10:00.585267,344000.685,6297510.949
PA16,511,GCBC-44,0,0,3,2025-11-07 18:10:00.585268,344000.685,6297510.949
PA16,511,PFXB-91,608,0,2,2025-11-07 18:10:00.585269,344000.685,6297510.949
PA16,109,FLXK-29,0,0,3,2025-11-07 18:10:00.585270,344000.685,6297510.949
PA16,109,TBFT-67,771,0,2,2025-11-07 18:10:00.585271,344000.685,6297510.949
PA16,210v,VFPZ-74,1350,0,4,2025-11-07 18:10:00.585272,344000.685,6297510.949
PA16,210v,VFPC-69,5441,15,19,2025-11-07 18:10:00.585272,344000.685,6297510.949
PA16,385,FLXL-25,479,0,2,2025-11-07 18:10:00.585273,344000.685,6297510.949
PA16,385,FLXL-50,2548,6,10,2025-11-07 18:10:00.585274,344000.685,6297510.949
PA16,412,LXWP-87,1065,0,3,2025-11-07 18:10:00.585275,344000.685,6297510.949
PA16,412,PFTW-39,2885,7,11,2025-11-07 18:10:00.585276,344000.685,6297510.949
PA16,J16,FLXD-59,552,0,2,2025-11-07 18:10:00.585277,344000.685,6297510.949
PA16,J16,TBFW-12,1310,0,4,2025-11-07 18:10:00.585278,344000.685,6297510.949
PA16,407,TBFT-56,205,0,3,2025-11-07 18:10:00.585278,344000.685,6297510.949
PA16,407,PFXC-77,694,0,2,2025-11-07 18:10:00.585279,344000.685,6297510.949
PA16,210e,VGKY-72,11142,35,60,2025-11-07 18:10:00.585280,344000.685,6297510.949
PA16,210e,VFRB-56,14238,45,60,2025-11-07 18:10:00.585281,344000.685,6297510.949
PA16,507,PHSG-80,488,0,2,2025-11-07 18:10:00.585282,344000.685,6297510.949
PA16,507,GCBD-77,3302,8,12,2025-11-07 18:10:00.585282,344000.685,6297510.949
PA16,418,PFYC-43,359,0,3,2025-11-07 18:10:00.585283,344000.685,6297510.949
PA16,418,SKPK-31,508,0,2,2025-11-07 18:10:00.585284,344000.685,6297510.949
PA16,513,VHZV-61,3749,10,14,2025-11-07 18:10:00.585285,344000.685,6297510.949
PA16,513,VJBC-11,4288,12,16,2025-11-07 18:10:00.585286,344000.685,6297510.949
PA16,210,LZRB-93,4,0,3,2025-11-07 18:10:00.585287,344000.685,6297510.949
PA16,210,LZRD-88,1987,4,8,2025-11-07 18:10:00.585287,344000.685,6297510.949
PG540,F03,SKTZ-76,2140,5,9,2025-11-07 18:10:05.461160,344612.529,6280203.667
PG540,F03,SPVV-63,4603,13,17,2025-11-07 18:10:05.461165,344612.529,6280203.667
PH48,103,SPBR-29,1672,3,7,2025-11-07 18:10:07.570204,349497.16,6290506.27
PH48,103,PGTV-30,3005,7,11,2025-11-07 18:10:07.570210,349497.16,6290506.27
PH48,329,FLXR-59,1568,3,7,2025-11-07 18:10:07.570211,349497.16,6290506.27
PD44,103,SPBF-69,2262,5,9,2025-11-07 18:10:09.693215,350724.581,6295390.985
PD44,103,PGBY-66,2322,5,9,2025-11-07 18:10:09.693220,350724.581,6295390.985
PD44,117,SPBP-31,2274,5,9,2025-11-07 18:10:09.693222,350724.581,6295390.985
PD44,117,SPBL-78,4220,11,15,2025-11-07 18:10:09.693223,350724.581,6295390.985
PD44,114,SKVD-54,2835,7,11,2025-11-07 18:10:09.693224,350724.581,6295390.985
PD44,114,SKWD-69,6787,19,23,2025-11-07 18:10:09.693225,350724.581,6295390.985
PD675,514,FLXX-85,656,0,2,2025-11-07 18:10:11.756216,352309.631,6291340.985
PD675,514,FLXK-34,941,0,3,2025-11-07 18:10:11.756221,352309.631,6291340.985
PD675,514c,FLXV-41,154,0,3,2025-11-07 18:10:11.756222,352309.631,6291340.985
PD675,514c,FLXX-38,312,0,3,2025-11-07 18:10:11.756223,352309.631,6291340.985
PD1398,D17,PFZK-89,1608,3,7,2025-11-07 18:10:13.869535,355998.16,6293444.507
PD1398,D17,PFZK-97,6200,18,22,2025-11-07 18:10:13.869540,355998.16,6293444.507
PD1398,D17v,PGKP-65,6161,17,21,2025-11-07 18:10:13.869542,355998.16,6293444.507
PD1398,D17v,PGWV-11,11466,36,60,2025-11-07 18:10:13.869542,355998.16,6293444.507
PD880,D05,PGBY-70,159,0,3,2025-11-07 18:10:15.959591,350434.233,6294983.34
PD880,D05,SPBP-16,3215,8,12,2025-11-07 18:10:15.959599,350434.233,6294983.34
PB698,B01,STHF-15,0,0,3,2025-11-07 18:10:18.044976,341835.891,6303808.527
PB698,B01,LDJV-51,5106,14,18,2025-11-07 18:10:18.044981,341835.891,6303808.527
PB698,B24,LDJV-49,588,0,2,2025-11-07 18:10:18.044982,341835.891,6303808.527
PB698,B17,SHCY-38,1904,4,8,2025-11-07 18:10:18.044983,341835.891,6303808.527
PB698,B17,SHCY-44,4252,11,15,2025-11-07 18:10:18.044984,341835.891,6303808.527
PD558,508,PFWZ-94,2995,7,11,2025-11-07 18:10:20.130300,351574.796,6296069.79
PD558,508,PFXC-30,3795,10,14,2025-11-07 18:10:20.130305,351574.796,6296069.79
PD558,511,PFXB-18,1896,4,8,2025-11-07 18:10:20.130306,351574.796,6296069.79
PD558,511,PFXB-48,5567,16,20,2025-11-07 18:10:20.130307,351574.796,6296069.79
PD583,507,GCBC-84,1419,0,4,2025-11-07 18:10:22.231720,350144.396,6296352.922
PD583,507,TBFX-69,1995,4,8,2025-11-07 18:10:22.231725,350144.396,6296352.922
PD583,507c,GCBD-75,926,0,3,2025-11-07 18:10:22.231726,350144.396,6296352.922
PD583,507c,PFXB-95,6116,17,21,2025-11-07 18:10:22.231727,350144.396,6296352.922
PD583,510,PFXC-61,321,0,3,2025-11-07 18:10:22.231728,350144.396,6296352.922
PD583,510,GCBC-73,1419,0,4,2025-11-07 18:10:22.231728,350144.396,6296352.922
PD583,519,TBFW-15,951,0,3,2025-11-07 18:10:22.231729,350144.396,6296352.922
PD583,519,TBFR-28,2768,7,11,2025-11-07 18:10:22.231730,350144.396,6296352.922
PD583,516,TBFW-40,457,0,3,2025-11-07 18:10:22.231731,350144.396,6296352.922
PD583,516,GCBD-42,1065,0,3,2025-11-07 18:10:22.231732,350144.396,6296352.922
PD583,506,PFXC-12,1758,4,8,2025-11-07 18:10:22.231732,350144.396,6296352.922
PD583,506,TBFS-39,2538,6,10,2025-11-07 18:10:22.231733,350144.396,6296352.922
PD583,506v,TBFS-33,7059,20,24,2025-11-07 18:10:22.231734,350144.396,6296352.922
PD583,506v,PFXB-39,7024,20,24,2025-11-07 18:10:22.231735,350144.396,6296352.922
PG1602,G24,FLXP-29,205,0,3,2025-11-07 18:10:24.295429,343954.669,6279044.772
PG1602,G14,FLXL-97,350,0,3,2025-11-07 18:10:24.295435,343954.669,6279044.772
PG1602,G14,FLXP-40,772,0,2,2025-11-07 18:10:24.295436,343954.669,6279044.772
PG158,G31,BJFT-27,687,0,2,2025-11-07 18:10:26.368367,345681.616,6282600.424
PG158,G23,SFWB-31,2681,6,10,2025-11-07 18:10:26.368373,345681.616,6282600.424
PG158,G23,SFWZ-18,3329,9,13,2025-11-07 18:10:26.368374,345681.616,6282600.424
PG158,G05,SHXG-77,3164,8,12,2025-11-07 18:10:26.368375,345681.616,6282600.424
PG158,G05,SFPG-40,6494,19,23,2025-11-07 18:10:26.368376,345681.616,6282600.424
PG158,G35,SFPG-31,617,0,2,2025-11-07 18:10:26.368377,345681.616,6282600.424
PG158,G35,SFGY-89,4173,11,15,2025-11-07 18:10:26.368378,345681.616,6282600.424
PG1904,G08v,FLXP-10,716,0,2,2025-11-07 18:10:28.807998,343125.11,6279248.68
PG1904,G08v,FLXP-13,2956,7,11,2025-11-07 18:10:28.808003,343125.11,6279248.68
PE1300,118,CJRW-69,1062,0,3,2025-11-07 18:10:30.853790,354732.943,6290531.171
PE1300,118,CJRW-58,4987,14,18,2025-11-07 18:10:30.853795,354732.943,6290531.171
PE1300,126,FLXT-33,1929,4,8,2025-11-07 18:10:30.853797,354732.943,6290531.171
PE1300,126,FLXT-15,2476,6,10,2025-11-07 18:10:30.853798,354732.943,6290531.171
PE1300,E17,BJFT-70,4672,13,17,2025-11-07 18:10:30.853799,354732.943,6290531.171
PE205,225,VFJD-72,243,0,3,2025-11-07 18:10:32.614484,350277.424,6286138.106
PE205,225,VFJK-22,845,0,3,2025-11-07 18:10:32.614489,350277.424,6286138.106
PE205,226,VFPL-35,1742,4,8,2025-11-07 18:10:32.614490,350277.424,6286138.106
PE205,226,VFPW-73,2032,4,8,2025-11-07 18:10:32.614491,350277.424,6286138.106
PE205,E18,BJFW-83,600,0,2,2025-11-07 18:10:32.614491,350277.424,6286138.106
PE205,E18,CJRX-36,3151,8,12,2025-11-07 18:10:32.614492,350277.424,6286138.106
PE205,E01,VKJZ-62,3215,8,12,2025-11-07 18:10:32.614493,350277.424,6286138.106
PE205,E01,VKJY-13,3046,8,12,2025-11-07 18:10:32.614494,350277.424,6286138.106
PE205,225c,VFKV-50,704,0,2,2025-11-07 18:10:32.614495,350277.424,6286138.106
PE205,225c,VFJP-24,6785,19,23,2025-11-07 18:10:32.614495,350277.424,6286138.106
PE205,286,SFPG-46,243,0,3,2025-11-07 18:10:32.614496,350277.424,6286138.106
PE205,286,SFGY-72,1520,3,7,2025-11-07 18:10:32.614497,350277.424,6286138.106
PD774,D02,SVDF-17,1916,4,8,2025-11-07 18:10:34.163956,349386.958,6296903.117
PD774,D02,SVDD-83,5537,15,19,2025-11-07 18:10:34.163961,349386.958,6296903.117
PD569,D05,SPBP-16,618,0,2,2025-11-07 18:10:36.289177,352805.275,6295132.048
PD569,D05,SPBL-73,3967,11,15,2025-11-07 18:10:36.289183,352805.275,6295132.048
PB72,B03,LXDJ-19,0,0,3,2025-11-07 18:10:38.350781,342426.912,6302121.375
PB72,B03,SKHG-93,2513,6,10,2025-11-07 18:10:38.350786,342426.912,6302121.375
PB72,105,SJPD-91,1064,0,3,2025-11-07 18:10:38.350788,342426.912,6302121.375
PB72,105,SHXG-32,3631,9,13,2025-11-07 18:10:38.350789,342426.912,6302121.375
PB72,120,SKHF-91,2472,6,10,2025-11-07 18:10:38.350810,342426.912,6302121.375
PB72,120,SKHG-20,2472,6,10,2025-11-07 18:10:38.350811,342426.912,6302121.375
PB72,B20,SKHG-95,545,0,2,2025-11-07 18:10:38.350813,342426.912,6302121.375
PB72,B20,SKHG-92,1824,4,8,2025-11-07 18:10:38.350814,342426.912,6302121.375
PB72,B29,LXDH-92,4199,11,15,2025-11-07 18:10:38.350815,342426.912,6302121.375
PB72,B29,SKHG-82,6366,18,22,2025-11-07 18:10:38.350816,342426.912,6302121.375
PB72,109,CJRY-77,850,0,4,2025-11-07 18:10:38.350817,342426.912,6302121.375
PB72,109,FLXS-77,1496,6,10,2025-11-07 18:10:38.350818,342426.912,6302121.375
PJ3,101,PGPT-21,2468,6,10,2025-11-07 18:10:40.306361,341499.152,6301311.611
PJ3,101,PGRR-78,4211,11,15,2025-11-07 18:10:40.306367,341499.152,6301311.611
PJ3,107,PGRZ-92,1421,0,4,2025-11-07 18:10:40.306368,341499.152,6301311.611
PJ3,107,PFTW-24,1572,3,7,2025-11-07 18:10:40.306369,341499.152,6301311.611
PJ3,B38,TBFW-89,2616,6,10,2025-11-07 18:10:40.306369,341499.152,6301311.611
PJ3,B38,TBFW-19,14075,44,60,2025-11-07 18:10:40.306370,341499.152,6301311.611
PF934,F25,SRVL-25,328,0,3,2025-11-07 18:10:42.802487,353825.874,6284986.616
PF934,F25,LCPG-31,2810,7,11,2025-11-07 18:10:42.802493,353825.874,6284986.616
PE319,286,SCRW-49,121,0,3,2025-11-07 18:10:44.974477,350302.208,6286944.614
PE319,286,SHXB-20,1738,3,7,2025-11-07 18:10:44.974482,350302.208,6286944.614
PE319,E02,VKJZ-26,1806,4,8,2025-11-07 18:10:44.974483,350302.208,6286944.614
PE319,E02,VKJZ-51,9242,29,60,2025-11-07 18:10:44.974484,350302.208,6286944.614
PE319,E12,VFJD-49,2279,5,9,2025-11-07 18:10:44.974485,350302.208,6286944.614
PE319,E12,VFJD-79,2199,5,9,2025-11-07 18:10:44.974486,350302.208,6286944.614
PG955,G08v,FLXV-30,2081,5,9,2025-11-07 18:10:47.094725,345938.899,6286445.948
PG955,G08v,FLXV-28,3202,8,12,2025-11-07 18:10:47.094730,345938.899,6286445.948
PG955,G08,THTG-73,1687,3,7,2025-11-07 18:10:47.094731,345938.899,6286445.948
PG955,G08,THTF-86,4982,14,18,2025-11-07 18:10:47.094732,345938.899,6286445.948
PD303,517,VJJV-28,2030,4,8,2025-11-07 18:10:49.389399,355813.443,6297854.231
PD303,225,VFJP-12,6203,18,22,2025-11-07 18:10:49.389408,355813.443,6297854.231
PD303,225,VJKS-46,8814,28,60,2025-11-07 18:10:49.389409,355813.443,6297854.231
PG1643,G37,THTD-97,0,0,3,2025-11-07 18:10:50.956151,338453.419,6273654.96
PG1643,G07,THTF-99,2010,4,8,2025-11-07 18:10:50.956156,338453.419,6273654.96
PB721,B01,TXZH-36,494,0,2,2025-11-07 18:10:52.784005,346657.781,6304468.633
PB721,B01,SPZX-55,926,0,3,2025-11-07 18:10:52.784010,346657.781,6304468.633
PB721,B12,SPCG-41,467,0,3,2025-11-07 18:10:52.784011,346657.781,6304468.633
PB721,B12,SKDH-82,2405,6,10,2025-11-07 18:10:52.784012,346657.781,6304468.633
PB721,B22,SKPS-20,4639,13,17,2025-11-07 18:10:52.784013,346657.781,6304468.633
PB721,B22,SKPS-34,4639,13,17,2025-11-07 18:10:52.784014,346657.781,6304468.633
PB721,272,VFHL-60,350,0,3,2025-11-07 18:10:52.784014,346657.781,6304468.633
PB721,272,VFHT-81,363,0,3,2025-11-07 18:10:52.784015,346657.781,6304468.633
PJ1940,J04,TBFW-66,1214,0,4,2025-11-07 18:10:54.971545,336069.21,6300927.5
PJ1940,J04,FLXW-31,2816,7,11,2025-11-07 18:10:54.971550,336069.21,6300927.5
PJ1940,J05,TBFX-46,308,0,3,2025-11-07 18:10:54.971551,336069.21,6300927.5
PJ1940,J05,FLXG-45,1989,4,8,2025-11-07 18:10:54.971552,336069.21,6300927.5
PE1345,225,VJZC-15,2846,7,11,2025-11-07 18:10:57.024172,352414.581,6287350.79
PE1345,225,VFKV-80,3888,10,14,2025-11-07 18:10:57.024178,352414.581,6287350.79
PE1345,225c,VFKR-96,6435,18,22,2025-11-07 18:10:57.024179,352414.581,6287350.79
PE1345,225c,VFHX-49,10295,33,60,2025-11-07 18:10:57.024180,352414.581,6287350.79
PJ1756,507,GCBD-38,2251,5,9,2025-11-07 18:10:59.411139,337206.656,6299797.907
PJ1756,507,FLXW-24,7049,20,24,2025-11-07 18:10:59.411143,337206.656,6299797.907
PJ1756,508,FDJX-68,17786,56,60,2025-11-07 18:10:59.411144,337206.656,6299797.907
PJ1756,508,PFWZ-94,21500,68,60,2025-11-07 18:10:59.411145,337206.656,6299797.907
PJ1756,412,PFVG-94,7927,23,27,2025-11-07 18:10:59.411146,337206.656,6299797.907
PJ1756,412,PFVG-75,8043,23,27,2025-11-07 18:10:59.411147,337206.656,6299797.907
PJ1756,J07,VHZY-10,2821,7,11,2025-11-07 18:10:59.411148,337206.656,6299797.907
PJ1756,J07,VHZY-81,3186,8,12,2025-11-07 18:10:59.411148,337206.656,6299797.907
PJ1756,J07e,VJBB-30,3588,9,13,2025-11-07 18:10:59.411149,337206.656,6299797.907
PJ1756,J07e,VJJX-68,6728,19,23,2025-11-07 18:10:59.411150,337206.656,6299797.907
PI1337,481,PFVC-40,1967,4,8,2025-11-07 18:11:00.940721,336770.982,6290374.714
PI1337,481,PGPT-53,5779,16,20,2025-11-07 18:11:00.940726,336770.982,6290374.714
PI1337,546e,GCBF-24,18535,59,60,2025-11-07 18:11:00.940727,336770.982,6290374.714
PI1337,546e,FLXW-18,19197,61,60,2025-11-07 18:11:00.940728,336770.982,6290374.714
PI1337,I24,VHTB-25,2845,7,11,2025-11-07 18:11:00.940729,336770.982,6290374.714
PI1337,I24,VHTB-77,4037,11,15,2025-11-07 18:11:00.940730,336770.982,6290374.714
PI1337,I21,FLXF-81,0,0,3,2025-11-07 18:11:00.940730,336770.982,6290374.714
PI1337,I02,FLXY-75,5632,16,20,2025-11-07 18:11:00.940731,336770.982,6290374.714
PI1337,I02,FLXZ-40,5926,17,21,2025-11-07 18:11:00.940732,336770.982,6290374.714
PI1337,I26,PFVG-47,1111,0,4,2025-11-07 18:11:00.940733,336770.982,6290374.714
PI1337,I26,PFYS-57,2108,5,9,2025-11-07 18:11:00.940734,336770.982,6290374.714
PI1337,405,PFBD-53,8121,26,60,2025-11-07 18:11:00.940735,336770.982,6290374.714
PI1337,405,PFYG-83,9234,29,60,2025-11-07 18:11:00.940735,336770.982,6290374.714
PF440,F13c,SRSC-39,0,0,3,2025-11-07 18:11:03.014261,354077.786,6284631.309
PF440,F10,SRRW-96,1763,4,8,2025-11-07 18:11:03.014266,354077.786,6284631.309
PF440,F09,SPZY-58,1381,0,4,2025-11-07 18:11:03.014267,354077.786,6284631.309
PF440,F09,SRVK-25,2420,6,10,2025-11-07 18:11:03.014268,354077.786,6284631.309
PF440,F13,SRRY-93,1851,4,8,2025-11-07 18:11:03.014269,354077.786,6284631.309
PD868,D05,SPBL-73,2266,5,9,2025-11-07 18:11:05.110453,354251.497,6295320.445
PD868,D05,SPBL-98,3797,10,14,2025-11-07 18:11:05.110458,354251.497,6295320.445
PH703,I05,VHTB-76,4373,12,16,2025-11-07 18:11:07.176329,342925.773,6289611.527
PH703,I05,VHSX-74,5506,15,19,2025-11-07 18:11:07.176334,342925.773,6289611.527
PB1063,B09,SHCY-33,4128,11,15,2025-11-07 18:11:09.242251,338210.184,6303061.35
PB1063,B09,SHCY-39,4001,11,15,2025-11-07 18:11:09.242256,338210.184,6303061.35
PB1063,B29,SKHG-82,813,0,3,2025-11-07 18:11:09.242257,338210.184,6303061.35
PB1063,B29,SKHG-90,2395,6,10,2025-11-07 18:11:09.242258,338210.184,6303061.35
PB1063,109,FLXH-84,1635,7,11,2025-11-07 18:11:09.242259,338210.184,6303061.35
PB1063,109,CJRW-71,2592,10,14,2025-11-07 18:11:09.242260,338210.184,6303061.35
PI1630,113,FLXW-66,2124,5,9,2025-11-07 18:11:11.380076,341242.715,6291975.781
PI1630,113,FLXZ-62,7445,22,26,2025-11-07 18:11:11.380081,341242.715,6291975.781
PI1630,108,PFVD-65,3049,8,12,2025-11-07 18:11:11.380082,341242.715,6291975.781
PI1630,108,PFVG-36,5261,15,19,2025-11-07 18:11:11.380083,341242.715,6291975.781
PI1630,I26,PGPS-89,779,0,2,2025-11-07 18:11:11.380084,341242.715,6291975.781
PI1630,I26,PFYR-76,4542,12,16,2025-11-07 18:11:11.380085,341242.715,6291975.781
PI1630,115,FLXV-94,5533,15,19,2025-11-07 18:11:11.380086,341242.715,6291975.781
PI1630,115,GCBF-38,6811,20,24,2025-11-07 18:11:11.380087,341242.715,6291975.781
PI1630,109,TBFX-13,419,0,3,2025-11-07 18:11:11.380088,341242.715,6291975.781
PI1630,109,GCBD-63,2761,7,11,2025-11-07 18:11:11.380089,341242.715,6291975.781
PI1630,I25,FLXL-43,2434,6,10,2025-11-07 18:11:11.380090,341242.715,6291975.781
PI1630,I25,FLXK-52,2882,7,11,2025-11-07 18:11:11.380091,341242.715,6291975.781
PD528,508,FLXH-85,421,0,3,2025-11-07 18:11:13.496277,350438.89,6296323.771
PD528,508,FLXD-44,785,0,2,2025-11-07 18:11:13.496282,350438.89,6296323.771
PD528,126,FLXT-30,100,0,3,2025-11-07 18:11:13.496283,350438.89,6296323.771
PD528,126,FLXT-43,3841,10,14,2025-11-07 18:11:13.496284,350438.89,6296323.771
PD528,106,PGPT-17,2844,7,11,2025-11-07 18:11:13.496286,350438.89,6296323.771
PD528,106,PFVD-62,3852,10,14,2025-11-07 18:11:13.496286,350438.89,6296323.771
PG425,E02,VKJY-74,97,0,3,2025-11-07 18:11:15.637533,345528.717,6290219.735
PG425,E02,VKJZ-51,344,0,3,2025-11-07 18:11:15.637537,345528.717,6290219.735
PG425,G11,THTD-83,19989,35,60,2025-11-07 18:11:15.637539,345528.717,6290219.735
PG425,321,CJRZ-73,997,0,3,2025-11-07 18:11:15.637540,345528.717,6290219.735
PG425,321,FLXR-10,4841,13,17,2025-11-07 18:11:15.637540,345528.717,6290219.735
PG425,H07,CJRY-86,698,0,2,2025-11-07 18:11:15.637541,345528.717,6290219.735
PG425,H07,CJRX-60,3349,9,13,2025-11-07 18:11:15.637542,345528.717,6290219.735
PG425,348,VHTB-67,3801,10,14,2025-11-07 18:11:15.637543,345528.717,6290219.735
PG425,348,VHTB-69,6168,17,21,2025-11-07 18:11:15.637544,345528.717,6290219.735
PG425,I05,VHTB-37,5851,16,20,2025-11-07 18:11:15.637544,345528.717,6290219.735
PG425,I05,VHTB-41,6533,19,23,2025-11-07 18:11:15.637545,345528.717,6290219.735
PG425,G18,SFPG-39,174,0,3,2025-11-07 18:11:15.637546,345528.717,6290219.735
PG425,H03,CJRW-18,5721,16,20,2025-11-07 18:11:15.637547,345528.717,6290219.735
PG425,H03,CJRX-32,6454,18,22,2025-11-07 18:11:15.637548,345528.717,6290219.735
PG425,H08,BJFS-40,2610,6,10,2025-11-07 18:11:15.637548,345528.717,6290219.735
PG425,H08,FLXF-22,5985,17,21,2025-11-07 18:11:15.637549,345528.717,6290219.735
PF728,F18,LCTG-45,224,0,3,2025-11-07 18:11:17.725375,353518.994,6279872.304
PE493,E05,FLXJ-47,471,0,3,2025-11-07 18:11:19.514416,348059.652,6289739.516
PE493,E05,FLXF-49,4719,13,17,2025-11-07 18:11:19.514420,348059.652,6289739.516
PE493,E12,VJWY-21,8171,26,60,2025-11-07 18:11:19.514422,348059.652,6289739.516
PE493,E12,VFJP-22,12565,40,60,2025-11-07 18:11:19.514422,348059.652,6289739.516
PD545,506v,GCBD-51,343,0,3,2025-11-07 18:11:21.348122,357721.063,6294645.088
PD545,507,TBFX-51,0,0,3,2025-11-07 18:11:21.348128,357721.063,6294645.088
PD545,507c,GCBD-15,1145,0,4,2025-11-07 18:11:21.348129,357721.063,6294645.088
PD545,D03,SVDD-63,682,0,2,2025-11-07 18:11:21.348131,357721.063,6294645.088
PD545,D07,SVDD-45,1017,0,3,2025-11-07 18:11:21.348132,357721.063,6294645.088
PD545,D10,SVDC-60,682,0,2,2025-11-07 18:11:21.348133,357721.063,6294645.088
PD545,505,VJJW-78,2924,7,11,2025-11-07 18:11:21.348134,357721.063,6294645.088
PD545,505,SRTK-31,3531,9,13,2025-11-07 18:11:21.348135,357721.063,6294645.088
PG2113,G27,THTG-88,959,0,3,2025-11-07 18:11:23.444829,341220.0,6276719.0
PG2113,G27,THTH-26,5865,17,21,2025-11-07 18:11:23.444834,341220.0,6276719.0
PJ51,422,PFWZ-90,2569,6,10,2025-11-07 18:11:25.488047,342888.545,6298890.246
PJ51,422,PFWZ-58,3211,8,12,2025-11-07 18:11:25.488052,342888.545,6298890.246
PJ51,402,SKPK-62,3545,9,13,2025-11-07 18:11:25.488053,342888.545,6298890.246
PJ51,402,SKPL-33,6670,19,23,2025-11-07 18:11:25.488054,342888.545,6298890.246
PJ51,406,GCBD-84,198,0,3,2025-11-07 18:11:25.488055,342888.545,6298890.246
PJ51,406,PFXB-41,562,0,3,2025-11-07 18:11:25.488056,342888.545,6298890.246
PJ51,426,FLXK-37,470,0,3,2025-11-07 18:11:25.488056,342888.545,6298890.246
PJ51,426,FLXL-90,1195,0,4,2025-11-07 18:11:25.488057,342888.545,6298890.246
PC1249,409,SPBL-77,3,0,3,2025-11-07 18:11:27.684324,360738.71,6307582.05
PC1249,409,PGTV-33,178,0,3,2025-11-07 18:11:27.684328,360738.71,6307582.05
PC1249,C01,LDTF-41,1218,0,4,2025-11-07 18:11:27.684329,360738.71,6307582.05
PC1249,C01,LDJJ-63,2621,6,10,2025-11-07 18:11:27.684330,360738.71,6307582.05
PH157,203,SFWZ-62,1611,3,7,2025-11-07 18:11:29.738173,347619.972,6293032.787
PH157,203,SFWZ-81,1450,3,7,2025-11-07 18:11:29.738179,347619.972,6293032.787
PH157,203e,SFWZ-16,1413,0,4,2025-11-07 18:11:29.738180,347619.972,6293032.787
PH157,203e,VJKF-55,2366,5,9,2025-11-07 18:11:29.738181,347619.972,6293032.787
PH157,206,FLXW-98,218,0,3,2025-11-07 18:11:29.738182,347619.972,6293032.787
PH157,206,FLXW-89,4496,12,16,2025-11-07 18:11:29.738183,347619.972,6293032.787
PH157,206c,LZRB-86,2903,7,11,2025-11-07 18:11:29.738184,347619.972,6293032.787
PH157,206c,LZPW-19,3678,10,14,2025-11-07 18:11:29.738185,347619.972,6293032.787
PD309,D11,SVDC-44,410,0,3,2025-11-07 18:11:31.838110,355364.805,6299098.91
PD309,D11,SVDC-83,205,0,3,2025-11-07 18:11:31.838114,355364.805,6299098.91
PD309,225,VFHX-21,733,0,2,2025-11-07 18:11:31.838115,355364.805,6299098.91
PD309,225,VJXW-59,1272,0,4,2025-11-07 18:11:31.838116,355364.805,6299098.91
PD309,517,VHZZ-71,748,0,2,2025-11-07 18:11:31.838117,355364.805,6299098.91
PD309,517,VHZX-71,838,0,3,2025-11-07 18:11:31.838118,355364.805,6299098.91
PI463,405,PDYS-16,0,0,3,2025-11-07 18:11:33.610542,334733.872,6289832.168
PI463,405,PFVK-87,2124,5,9,2025-11-07 18:11:33.610546,334733.872,6289832.168
PI463,481,PGPT-56,302,0,3,2025-11-07 18:11:33.610547,334733.872,6289832.168
PI463,I02,FLXZ-55,1896,4,8,2025-11-07 18:11:33.610548,334733.872,6289832.168
PF269,F05,SPZY-67,5373,15,19,2025-11-07 18:11:35.640157,351162.753,6283656.949
PF269,F05,SPZY-42,6748,19,23,2025-11-07 18:11:35.640162,351162.753,6283656.949
PF269,E16,VJWY-71,681,0,2,2025-11-07 18:11:35.640163,351162.753,6283656.949
PF269,E16,VJXX-62,895,0,3,2025-11-07 18:11:35.640164,351162.753,6283656.949
PH1501,227,VFPD-10,1938,4,8,2025-11-07 18:11:37.752032,343161.183,6291526.12
PH1501,227,VFPL-81,7295,21,25,2025-11-07 18:11:37.752038,343161.183,6291526.12
PH1501,H03,CJRW-22,2187,5,9,2025-11-07 18:11:37.752039,343161.183,6291526.12
PH1501,H08,FLXJ-29,1858,4,8,2025-11-07 18:11:37.752041,343161.183,6291526.12
PH1501,H08,BJFS-86,3061,8,12,2025-11-07 18:11:37.752042,343161.183,6291526.12
PI1463,I09e,RWRP-68,2854,7,11,2025-11-07 18:11:39.459482,336752.098,6292236.001
PI1463,I09e,FLXY-99,5349,15,19,2025-11-07 18:11:39.459486,336752.098,6292236.001
PI1463,I12,FLXY-29,1819,4,8,2025-11-07 18:11:39.459487,336752.098,6292236.001
PI1463,I12,FLXW-67,2931,7,11,2025-11-07 18:11:39.459488,336752.098,6292236.001
PI1463,419,PFVL-11,2373,5,9,2025-11-07 18:11:39.459489,336752.098,6292236.001
PI1463,419,PGPT-29,4811,13,17,2025-11-07 18:11:39.459490,336752.098,6292236.001
PI1463,I07,VHSX-65,1007,0,3,2025-11-07 18:11:39.459491,336752.098,6292236.001
PI1463,I07,VHSZ-39,3613,9,13,2025-11-07 18:11:39.459491,336752.098,6292236.001
PI1463,I09,FLXZ-34,0,0,3,2025-11-07 18:11:39.459492,336752.098,6292236.001
PI1463,I09,RWRP-40,237,0,3,2025-11-07 18:11:39.459493,336752.098,6292236.001
PI1463,I09c,FLXZ-30,0,0,3,2025-11-07 18:11:39.459494,336752.098,6292236.001
PI1463,I09c,VHTB-28,2030,4,8,2025-11-07 18:11:39.459495,336752.098,6292236.001
PC462,504,TBFT-32,2553,10,14,2025-11-07 18:11:41.286028,348732.575,6298702.668
PC462,504,FLXS-86,2553,10,14,2025-11-07 18:11:41.286034,348732.575,6298702.668
PC462,518,BJFD-51,2601,6,10,2025-11-07 18:11:41.286035,348732.575,6298702.668
PC462,518,BJFD-48,4750,13,17,2025-11-07 18:11:41.286036,348732.575,6298702.668
PC462,501,GCBD-25,597,0,2,2025-11-07 18:11:41.286037,348732.575,6298702.668
PI225,110,LXWS-35,679,0,2,2025-11-07 18:11:43.400528,337719.26,6290126.741
PI225,110,LZPH-38,670,0,2,2025-11-07 18:11:43.400533,337719.26,6290126.741
PI225,348,VHSY-37,271,0,3,2025-11-07 18:11:43.400534,337719.26,6290126.741
PI225,348,VHSY-14,970,0,3,2025-11-07 18:11:43.400535,337719.26,6290126.741
PI1516,I22,FLXW-84,1916,4,8,2025-11-07 18:11:45.436618,336155.844,6293531.514
PJ877,J10,VHXJ-44,2411,6,10,2025-11-07 18:11:47.530866,341770.176,6297731.351
PJ877,J10,VHZW-90,3098,8,12,2025-11-07 18:11:47.530871,341770.176,6297731.351
PG1923,G09,FLXK-21,1529,3,7,2025-11-07 18:11:49.736966,344694.79,6281308.51
PG1923,G09,SHCV-39,2067,5,9,2025-11-07 18:11:49.736971,344694.79,6281308.51
PF1119,F12,SRVL-75,2267,5,9,2025-11-07 18:11:51.979694,350677.52,6277818.31
PF1119,F12,LCTG-47,5226,15,19,2025-11-07 18:11:51.979699,350677.52,6277818.31
PF1119,124,SRVH-11,4548,12,16,2025-11-07 18:11:51.979700,350677.52,6277818.31
PF1119,124,STHD-26,5104,14,18,2025-11-07 18:11:51.979701,350677.52,6277818.31
PD406,418,SKPK-32,196,0,3,2025-11-07 18:11:54.057878,354129.3,6298845.36
PD406,418,PFYC-44,4272,11,15,2025-11-07 18:11:54.057883,354129.3,6298845.36
PD406,425,SJPB-38,1875,4,8,2025-11-07 18:11:54.057884,354129.3,6298845.36
PD406,425,SJPB-22,2686,6,10,2025-11-07 18:11:54.057885,354129.3,6298845.36
PD406,429,SHCX-56,656,0,2,2025-11-07 18:11:54.057886,354129.3,6298845.36
PD406,429,SLPC-51,3601,9,13,2025-11-07 18:11:54.057887,354129.3,6298845.36
PD406,420,SVDF-65,2129,5,9,2025-11-07 18:11:54.057888,354129.3,6298845.36
PD406,420,SVDD-48,5099,14,18,2025-11-07 18:11:54.057888,354129.3,6298845.36
PC598,C01,LCSX-48,0,0,3,2025-11-07 18:11:56.481193,360285.1,6308287.948
PC598,C01,LCSX-52,429,0,3,2025-11-07 18:11:56.481198,360285.1,6308287.948
PG1336,G18,SHCV-27,3431,9,13,2025-11-07 18:11:58.587669,347285.714,6287937.605
PG1336,G18,SDSW-96,4995,14,18,2025-11-07 18:11:58.587674,347285.714,6287937.605
PJ1572,414e,PGRZ-67,1579,3,7,2025-11-07 18:12:00.638034,338204.967,6298153.876
PJ1572,414e,LXWP-70,2697,7,11,2025-11-07 18:12:00.638039,338204.967,6298153.876
PJ1572,415e,PFTV-77,2996,7,11,2025-11-07 18:12:00.638040,338204.967,6298153.876
PJ1572,415e,PGWT-98,14869,47,60,2025-11-07 18:12:00.638041,338204.967,6298153.876
PE1303,E16,VFJT-76,204,0,3,2025-11-07 18:12:02.749500,352179.07,6284689.71
PE1303,E16,VJZH-84,1307,0,4,2025-11-07 18:12:02.749505,352179.07,6284689.71
PE1303,E09,VKJX-68,0,0,3,2025-11-07 18:12:02.749506,352179.07,6284689.71
PE1303,E09,VKJX-99,1132,0,4,2025-11-07 18:12:02.749507,352179.07,6284689.71
PA5,514,FLXS-91,1313,0,4,2025-11-07 18:12:04.849482,343882.42,6298349.85
PA5,514,FLXW-56,5369,15,19,2025-11-07 18:12:04.849487,343882.42,6298349.85
PA5,422,TBFV-99,4255,11,15,2025-11-07 18:12:04.849488,343882.42,6298349.85
PA5,422,PFXB-93,4764,13,17,2025-11-07 18:12:04.849489,343882.42,6298349.85
PA5,507,PHSG-80,1134,0,4,2025-11-07 18:12:04.849489,343882.42,6298349.85
PA5,507,GCBD-77,3463,9,13,2025-11-07 18:12:04.849490,343882.42,6298349.85
PA5,513,VHZV-61,4264,11,15,2025-11-07 18:12:04.849491,343882.42,6298349.85
PA5,513,VJBC-11,5106,14,18,2025-11-07 18:12:04.849492,343882.42,6298349.85
PA5,J02,VHXJ-10,1279,0,4,2025-11-07 18:12:04.849493,343882.42,6298349.85
PA5,J02,VHZX-50,2977,7,11,2025-11-07 18:12:04.849493,343882.42,6298349.85
PA5,J05,TBFT-34,1084,0,3,2025-11-07 18:12:04.849494,343882.42,6298349.85
PA5,J05,PFXC-40,1331,0,4,2025-11-07 18:12:04.849495,343882.42,6298349.85
PA5,J16,FLXD-59,1264,0,4,2025-11-07 18:12:04.849496,343882.42,6298349.85
PA5,J16,TBFW-12,2035,4,8,2025-11-07 18:12:04.849496,343882.42,6298349.85
PA5,J19,VGTY-59,5389,15,19,2025-11-07 18:12:04.849497,343882.42,6298349.85
PA5,J19,VHLS-18,6043,17,21,2025-11-07 18:12:04.849498,343882.42,6298349.85
PA5,109,FLXK-29,538,0,2,2025-11-07 18:12:04.849499,343882.42,6298349.85
PA5,109,TBFT-67,1134,0,4,2025-11-07 18:12:04.849500,343882.42,6298349.85
PA5,406,TBFT-21,0,0,3,2025-11-07 18:12:04.849500,343882.42,6298349.85
PA5,406,GCBD-55,1168,0,4,2025-11-07 18:12:04.849501,343882.42,6298349.85
PA5,B28,SPZX-56,1699,3,7,2025-11-07 18:12:04.849502,343882.42,6298349.85
PA5,B28,LDJW-48,5815,16,20,2025-11-07 18:12:04.849503,343882.42,6298349.85
PA5,426,BJFJ-21,1310,0,4,2025-11-07 18:12:04.849504,343882.42,6298349.85
PA5,426,BJFD-59,3024,8,12,2025-11-07 18:12:04.849504,343882.42,6298349.85
PE47,118,CJRW-69,0,0,3,2025-11-07 18:12:06.965245,354393.838,6290605.243
PE47,118,CJRW-58,4453,12,16,2025-11-07 18:12:06.965249,354393.838,6290605.243
PE47,126,FLXT-33,1578,3,7,2025-11-07 18:12:06.965251,354393.838,6290605.243
PE47,126,FLXT-15,1497,3,7,2025-11-07 18:12:06.965252,354393.838,6290605.243
PE47,E17,BJFT-70,3913,10,14,2025-11-07 18:12:06.965252,354393.838,6290605.243
PB1169,B11,SKDJ-74,4420,12,16,2025-11-07 18:12:12.665310,345157.284,6304670.183
PB1169,B11,SGPY-95,6397,18,22,2025-11-07 18:12:12.665315,345157.284,6304670.183
PG970,G31,BJFW-88,1781,4,8,2025-11-07 18:12:14.226320,343682.304,6281843.818
PG970,G31,BJFT-27,3365,9,13,2025-11-07 18:12:14.226325,343682.304,6281843.818
PG970,228,THTG-80,6844,20,24,2025-11-07 18:12:14.226326,343682.304,6281843.818
PI1394,511,GCBC-44,2016,4,8,2025-11-07 18:12:18.368599,341806.388,6297236.668
PI1394,511,PFXB-91,2946,7,11,2025-11-07 18:12:18.368604,341806.388,6297236.668
PI1394,J13,FLXV-48,717,0,2,2025-11-07 18:12:18.368605,341806.388,6297236.668
PA490,D03,SVDF-40,215,0,3,2025-11-07 18:12:20.398586,347232.85,6297264.144
PA490,D03,STVX-63,4493,12,16,2025-11-07 18:12:20.398591,347232.85,6297264.144
PH545,H05,VFPJ-11,1218,0,4,2025-11-07 18:12:22.458263,348376.99,6292011.222
PH545,H05,VFRF-55,3933,10,14,2025-11-07 18:12:22.458268,348376.99,6292011.222
PB137,B02,FLXR-77,2104,5,9,2025-11-07 18:12:24.576447,348618.104,6305699.22
PB137,B02,FLXR-74,2362,5,9,2025-11-07 18:12:24.576453,348618.104,6305699.22
PB137,C18,SHXD-93,1688,3,7,2025-11-07 18:12:24.576454,348618.104,6305699.22
PB137,C18,SHCX-29,4915,14,18,2025-11-07 18:12:24.576455,348618.104,6305699.22
PB137,B05,SPCG-47,2004,4,8,2025-11-07 18:12:24.576456,348618.104,6305699.22
PB137,B05,SPCG-55,1896,4,8,2025-11-07 18:12:24.576457,348618.104,6305699.22
PB137,117,PGLD-64,1681,3,7,2025-11-07 18:12:24.576458,348618.104,6305699.22
PB137,117c,PGRZ-66,153,0,3,2025-11-07 18:12:24.576459,348618.104,6305699.22
PB137,116,FLXT-54,1489,3,7,2025-11-07 18:12:24.576460,348618.104,6305699.22
PB117,722,STHB-12,3347,9,13,2025-11-07 18:12:26.684959,348494.147,6304135.864
PB117,722,STHK-53,9693,31,60,2025-11-07 18:12:26.684963,348494.147,6304135.864
PB117,425,SGPW-35,3498,9,13,2025-11-07 18:12:26.684965,348494.147,6304135.864
PB117,425,SHCY-20,3498,9,13,2025-11-07 18:12:26.684965,348494.147,6304135.864
PB117,429,SLGS-92,4026,11,15,2025-11-07 18:12:26.684966,348494.147,6304135.864
PB117,429,SLPB-47,4205,11,15,2025-11-07 18:12:26.684967,348494.147,6304135.864
PB117,429c,SLLY-91,1407,0,4,2025-11-07 18:12:26.684968,348494.147,6304135.864
PB117,429c,SLLZ-29,3833,10,14,2025-11-07 18:12:26.684969,348494.147,6304135.864
PD492,D10,SVDC-12,6310,18,22,2025-11-07 18:12:29.087737,356196.962,6295476.728
PD492,D10,SVDD-46,9936,31,60,2025-11-07 18:12:29.087742,356196.962,6295476.728
PD492,505,SRTK-31,0,0,3,2025-11-07 18:12:29.087743,356196.962,6295476.728
PD492,505,VJBB-50,478,0,2,2025-11-07 18:12:29.087744,356196.962,6295476.728
PD492,510,FLXV-90,3041,8,12,2025-11-07 18:12:29.087745,356196.962,6295476.728
PD492,510,PFXB-74,4997,14,18,2025-11-07 18:12:29.087745,356196.962,6295476.728
PD492,516,TBFX-49,779,0,2,2025-11-07 18:12:29.087746,356196.962,6295476.728
PD492,516,TBFR-53,1730,3,7,2025-11-07 18:12:29.087747,356196.962,6295476.728
PD492,D03,SVDC-49,2047,4,8,2025-11-07 18:12:29.087748,356196.962,6295476.728
PD492,D03,SVDD-65,3178,8,12,2025-11-07 18:12:29.087749,356196.962,6295476.728
PD492,D03c,SVDC-43,883,0,3,2025-11-07 18:12:29.087749,356196.962,6295476.728
PD492,D03c,SVDC-51,5663,16,20,2025-11-07 18:12:29.087750,356196.962,6295476.728
PD1460,D20,SPBS-60,6776,19,23,2025-11-07 18:12:31.326281,353240.6,6291510.06
PB140,C18,SHXD-93,2863,7,11,2025-11-07 18:12:33.509273,349560.195,6305032.569
PB140,C18,SHCX-29,6091,17,21,2025-11-07 18:12:33.509278,349560.195,6305032.569
PB140,B05,SPCG-47,3268,8,12,2025-11-07 18:12:33.509279,349560.195,6305032.569
PB140,B05,SPCG-55,3159,8,12,2025-11-07 18:12:33.509280,349560.195,6305032.569
PH696,321,FLXP-95,2066,5,9,2025-11-07 18:12:35.602875,344084.661,6289267.195
PH696,321,CJRY-76,4308,12,16,2025-11-07 18:12:35.602880,344084.661,6289267.195
PD1446,D16,SPBP-86,712,0,2,2025-11-07 18:12:38.065889,352975.77,6298623.78
PD1446,412,PGBY-73,884,0,3,2025-11-07 18:12:38.065894,352975.77,6298623.78
PD1446,412,PGBF-59,1679,3,7,2025-11-07 18:12:38.065896,352975.77,6298623.78
PD1446,418,SKPL-28,11764,37,60,2025-11-07 18:12:38.065897,352975.77,6298623.78
PD1446,418,PFTW-40,12635,40,60,2025-11-07 18:12:38.065898,352975.77,6298623.78
PD1446,429,SLGS-87,3494,9,13,2025-11-07 18:12:38.065899,352975.77,6298623.78
PD1446,429,SLPB-44,4677,13,17,2025-11-07 18:12:38.065900,352975.77,6298623.78
PA513,H06,FLXK-53,550,0,2,2025-11-07 18:12:40.410558,347073.05,6296135.84
PA513,H06,BJFZ-69,589,0,2,2025-11-07 18:12:40.410562,347073.05,6296135.84
PJ961,J13,TBFX-30,1748,4,8,2025-11-07 18:12:55.458088,339119.469,6300049.663
PJ961,J13,BJFF-54,5109,14,18,2025-11-07 18:12:55.458094,339119.469,6300049.663
PJ961,J13c,TBFT-83,2851,7,11,2025-11-07 18:12:55.458095,339119.469,6300049.663
PH765,E04,VKJX-74,4306,12,16,2025-11-07 18:13:09.319998,348257.825,6292733.949
PH765,E04,VKJZ-50,4291,12,16,2025-11-07 18:13:09.320003,348257.825,6292733.949
PB6,B15,SPCG-77,2572,6,10,2025-11-07 18:13:18.822413,347442.13,6303446.51
PB6,B15,SPCG-88,6607,19,23,2025-11-07 18:13:18.822418,347442.13,6303446.51
PB6,107,SKWD-90,4985,14,18,2025-11-07 18:13:18.822419,347442.13,6303446.51
PB6,107c,PGLD-43,1645,3,7,2025-11-07 18:13:18.822420,347442.13,6303446.51
PF915,F02,SHXF-39,2574,6,10,2025-11-07 18:13:26.620680,352952.171,6280653.121
PF915,204,VFPC-66,2322,5,9,2025-11-07 18:13:26.620686,352952.171,6280653.121
PF915,F29,SPVW-76,188,0,3,2025-11-07 18:13:26.620687,352952.171,6280653.121
PF915,F29,FLXT-49,657,0,2,2025-11-07 18:13:26.620688,352952.171,6280653.121
PI680,I01,FLXF-76,352,0,3,2025-11-07 18:13:34.943526,341088.147,6292682.23
PI680,I01,FLXF-93,1506,3,7,2025-11-07 18:13:34.943531,341088.147,6292682.23
PH1452,119,BJFX-60,2445,6,10,2025-11-07 18:13:40.500210,343446.978,6290456.442
PH1452,119,FLXF-35,4371,12,16,2025-11-07 18:13:40.500215,343446.978,6290456.442
PH1452,329,CJRW-77,6383,18,22,2025-11-07 18:13:40.500216,343446.978,6290456.442
PH1452,329,FLXR-41,9798,31,60,2025-11-07 18:13:40.500216,343446.978,6290456.442
PH1452,I05,VHTB-76,1270,0,4,2025-11-07 18:13:40.500217,343446.978,6290456.442
PH1452,I05,VHSX-74,2727,7,11,2025-11-07 18:13:40.500218,343446.978,6290456.442
PI1296,I25,FLXG-15,4345,12,16,2025-11-07 18:13:43.266982,341716.567,6293995.853
PI1296,I18,VHSZ-36,4929,14,18,2025-11-07 18:13:43.266987,341716.567,6293995.853
PI1296,I18,VHSY-42,12748,40,60,2025-11-07 18:13:43.266988,341716.567,6293995.853
PI498,419,PFVL-11,1575,3,7,2025-11-07 18:13:45.361349,336099.711,6292028.343
PI498,419,PGPT-29,3289,8,12,2025-11-07 18:13:45.361354,336099.711,6292028.343
PI498,I09e,RWRP-68,1979,4,8,2025-11-07 18:13:45.361355,336099.711,6292028.343
PI498,I09e,FLXY-99,4611,13,17,2025-11-07 18:13:45.361356,336099.711,6292028.343
PI498,I12,FLXY-29,791,0,2,2025-11-07 18:13:45.361357,336099.711,6292028.343
PI498,I12,FLXW-67,1984,4,8,2025-11-07 18:13:45.361357,336099.711,6292028.343
PG166,F20,SPZX-74,5485,15,19,2025-11-07 18:13:47.474405,346976.754,6283707.183
PG166,F20,SPZX-63,6871,20,24,2025-11-07 18:13:47.474410,346976.754,6283707.183
PJ207,514,GCBD-18,0,0,3,2025-11-07 18:13:49.962978,336312.866,6297613.763
PJ207,514,GCBC-99,3083,8,12,2025-11-07 18:13:49.962983,336312.866,6297613.763
PJ207,418,SHCV-83,1489,3,7,2025-11-07 18:13:49.962984,336312.866,6297613.763
PJ207,418,PFYC-49,4309,12,16,2025-11-07 18:13:49.962985,336312.866,6297613.763
PA197,214,GCBB-58,804,0,3,2025-11-07 18:13:53.573701,346373.56,6297380.76
PA197,214,GCBB-38,1249,0,4,2025-11-07 18:13:53.573706,346373.56,6297380.76
PA197,226,VFPL-73,576,0,2,2025-11-07 18:13:53.573707,346373.56,6297380.76
PA197,223,SFGY-23,788,0,2,2025-11-07 18:13:53.573708,346373.56,6297380.76
PA197,223,SHCX-12,955,0,3,2025-11-07 18:13:53.573708,346373.56,6297380.76
PA197,301,BJFV-32,1085,0,3,2025-11-07 18:13:53.573709,346373.56,6297380.76
PA197,301,BJFT-84,1012,0,3,2025-11-07 18:13:53.573710,346373.56,6297380.76
PG982,G08v,FLXV-17,0,0,3,2025-11-07 18:13:55.658276,342711.493,6279617.789
PG982,G08v,FLXV-16,2080,5,9,2025-11-07 18:13:55.658281,342711.493,6279617.789
PG982,G08,THTF-27,0,0,3,2025-11-07 18:13:55.658282,342711.493,6279617.789
PG982,G08,THTF-54,736,0,2,2025-11-07 18:13:55.658283,342711.493,6279617.789
PB1669,314c,FLXK-16,193,0,3,2025-11-07 18:13:57.750434,338928.535,6306522.21
PB1669,314c,FLXH-32,1334,0,4,2025-11-07 18:13:57.750440,338928.535,6306522.21
PB1669,B32,STGZ-28,1135,0,4,2025-11-07 18:13:57.750441,338928.535,6306522.21
PB1669,B32,STHC-45,6395,18,22,2025-11-07 18:13:57.750442,338928.535,6306522.21
PB1669,428,SJPF-40,95,0,3,2025-11-07 18:13:57.750444,338928.535,6306522.21
PB1669,428,SHCY-26,2825,7,11,2025-11-07 18:13:57.750445,338928.535,6306522.21
PB1669,303,FLXF-71,1409,0,4,2025-11-07 18:13:57.750446,338928.535,6306522.21
PB1669,303,FLXJ-52,3259,8,12,2025-11-07 18:13:57.750447,338928.535,6306522.21
PB1669,314,VHSX-70,5140,14,18,2025-11-07 18:13:57.750448,338928.535,6306522.21
PB1669,314,TWPD-82,7836,23,27,2025-11-07 18:13:57.750449,338928.535,6306522.21
PB1669,B45,VHSX-68,1715,3,7,2025-11-07 18:13:57.750450,338928.535,6306522.21
PB1669,B45,FLXL-59,3298,8,12,2025-11-07 18:13:57.750451,338928.535,6306522.21
PB1669,B08,SHCY-37,1891,4,8,2025-11-07 18:13:57.750452,338928.535,6306522.21
PB1669,B08,SJPB-20,4573,12,16,2025-11-07 18:13:57.750453,338928.535,6306522.21
PB1669,B18,TXZH-30,1709,3,7,2025-11-07 18:13:57.750454,338928.535,6306522.21
PB1669,B18,STHB-36,5419,15,19,2025-11-07 18:13:57.750455,338928.535,6306522.21
PB1669,428e,SLPC-12,911,0,3,2025-11-07 18:13:57.750456,338928.535,6306522.21
PB1669,428e,SLPC-41,1657,3,7,2025-11-07 18:13:57.750457,338928.535,6306522.21
PC589,C01,LCSX-49,1827,4,8,2025-11-07 18:13:59.449356,359545.726,6307902.32
PC589,C01,LCSX-53,6406,18,22,2025-11-07 18:13:59.449361,359545.726,6307902.32
PC589,C16,LDTB-87,1012,0,3,2025-11-07 18:13:59.449362,359545.726,6307902.32
PC589,C16,LDTB-84,4473,12,16,2025-11-07 18:13:59.449363,359545.726,6307902.32
PC589,C13,SHXD-61,2928,7,11,2025-11-07 18:13:59.449364,359545.726,6307902.32
PC589,C13,SGPX-11,4722,13,17,2025-11-07 18:13:59.449364,359545.726,6307902.32
PC674,C03,SKDJ-75,1063,0,3,2025-11-07 18:14:01.248780,357029.259,6300770.55
PC674,C03,LDSW-89,850,0,3,2025-11-07 18:14:01.248786,357029.259,6300770.55
PC674,C16,LDTG-56,1008,0,3,2025-11-07 18:14:01.248787,357029.259,6300770.55
PC674,C16,LFGJ-99,1008,0,3,2025-11-07 18:14:01.248788,357029.259,6300770.55
PG378,301,BJFW-69,0,0,3,2025-11-07 18:14:03.294032,344615.112,6283813.992
PG378,301,CJRB-46,0,0,3,2025-11-07 18:14:03.294038,344615.112,6283813.992
PG378,301c,BJFX-32,0,0,3,2025-11-07 18:14:03.294039,344615.112,6283813.992
PG378,301c,BJFW-11,622,0,2,2025-11-07 18:14:03.294040,344615.112,6283813.992
PG378,G28,BJFW-29,294,0,3,2025-11-07 18:14:03.294041,344615.112,6283813.992
PG378,G28,BJFW-84,5963,17,21,2025-11-07 18:14:03.294042,344615.112,6283813.992
PG378,G16,SFPF-77,294,0,3,2025-11-07 18:14:03.294043,344615.112,6283813.992
PG378,G16,SDSW-86,552,0,2,2025-11-07 18:14:03.294044,344615.112,6283813.992
PJ398,503,VGTW-91,2026,4,8,2025-11-07 18:14:05.341094,340825.808,6299435.92
PJ398,503,LZPG-48,3716,10,14,2025-11-07 18:14:05.341100,340825.808,6299435.92
PJ398,504,FLXV-57,1786,6,10,2025-11-07 18:14:05.341101,340825.808,6299435.92
PJ398,504,FLXV-53,3702,19,23,2025-11-07 18:14:05.341102,340825.808,6299435.92
PJ398,507,PFXB-79,1478,3,7,2025-11-07 18:14:05.341103,340825.808,6299435.92
PJ398,507,GCBD-46,4272,11,15,2025-11-07 18:14:05.341104,340825.808,6299435.92
PJ398,517,VHZV-91,2746,7,11,2025-11-07 18:14:05.341105,340825.808,6299435.92
PJ398,518,TBFX-78,3011,8,12,2025-11-07 18:14:05.341106,340825.808,6299435.92
PJ398,518,FLXS-67,4134,11,15,2025-11-07 18:14:05.341107,340825.808,6299435.92
PJ398,B38,TBFW-19,2714,7,11,2025-11-07 18:14:05.341108,340825.808,6299435.92
PA171,403,SKPK-21,1981,4,8,2025-11-07 18:14:07.399747,348051.974,6298713.485
PA171,403,PFTW-46,2087,5,9,2025-11-07 18:14:07.399753,348051.974,6298713.485
PA171,513,VHZZ-91,1972,4,8,2025-11-07 18:14:07.399754,348051.974,6298713.485
PA171,513,VJJW-88,2048,4,8,2025-11-07 18:14:07.399755,348051.974,6298713.485
PA171,210,LZRB-96,977,0,3,2025-11-07 18:14:07.399755,348051.974,6298713.485
PA171,210,LZRD-98,941,0,3,2025-11-07 18:14:07.399756,348051.974,6298713.485
PA171,210v,VGKZ-92,834,0,3,2025-11-07 18:14:07.399757,348051.974,6298713.485
PA171,210v,VFHK-96,1324,0,4,2025-11-07 18:14:07.399758,348051.974,6298713.485
PJ1977,412,PFTW-48,2893,7,11,2025-11-07 18:14:09.491294,334941.51,6299765.05
PJ1977,412,PFVG-92,3355,9,13,2025-11-07 18:14:09.491299,334941.51,6299765.05
PJ1977,486,LXWP-75,274,0,3,2025-11-07 18:14:09.491300,334941.51,6299765.05
PJ1977,486,LXWP-61,739,0,2,2025-11-07 18:14:09.491301,334941.51,6299765.05
PI925,I04,FLXF-20,713,0,2,2025-11-07 18:14:11.602178,340476.878,6294719.253
PI925,I04,FLXY-49,3648,10,14,2025-11-07 18:14:11.602183,340476.878,6294719.253
PI925,I17,FLXK-99,4582,12,16,2025-11-07 18:14:11.602184,340476.878,6294719.253
PI925,I17,FLXL-82,6935,20,24,2025-11-07 18:14:11.602185,340476.878,6294719.253
PC179,C19,SJPD-83,266,0,3,2025-11-07 18:14:13.835991,353851.34,6302162.84
PC179,C19,SGPY-63,1936,4,8,2025-11-07 18:14:13.835997,353851.34,6302162.84
PC179,421,PFVK-89,6723,19,23,2025-11-07 18:14:13.835998,353851.34,6302162.84
PC179,430,PFVG-93,0,0,3,2025-11-07 18:14:13.835999,353851.34,6302162.84
PC179,430,PGBZ-15,1507,3,7,2025-11-07 18:14:13.836000,353851.34,6302162.84
PC179,406,SZZY-79,1507,3,7,2025-11-07 18:14:13.836001,353851.34,6302162.84
PC179,406,FLXS-97,1507,3,7,2025-11-07 18:14:13.836002,353851.34,6302162.84
PC179,407,TBFT-16,1915,4,8,2025-11-07 18:14:13.836002,353851.34,6302162.84
PC179,407,FLXV-96,3967,11,15,2025-11-07 18:14:13.836003,353851.34,6302162.84
PC179,406c,SKWD-83,3145,8,12,2025-11-07 18:14:13.836004,353851.34,6302162.84
PC179,406c,SKWD-98,4051,11,15,2025-11-07 18:14:13.836005,353851.34,6302162.84
PC179,C01,LCPW-48,1507,3,7,2025-11-07 18:14:13.836005,353851.34,6302162.84
PC179,C01,LCPW-38,1936,4,8,2025-11-07 18:14:13.836006,353851.34,6302162.84
PC179,401,PFYG-81,0,0,3,2025-11-07 18:14:13.836007,353851.34,6302162.84
PC179,401,PFYS-21,4778,13,17,2025-11-07 18:14:13.836008,353851.34,6302162.84
PC179,C28,SGPY-66,2036,4,8,2025-11-07 18:14:13.836009,353851.34,6302162.84
PC179,C28,SGPY-75,2715,7,11,2025-11-07 18:14:13.836009,353851.34,6302162.84
PC179,C01c,PGTV-34,682,0,2,2025-11-07 18:14:13.836010,353851.34,6302162.84
PC179,C01c,PGTT-84,2822,7,11,2025-11-07 18:14:13.836011,353851.34,6302162.84
PC179,C02,LDJJ-69,1885,4,8,2025-11-07 18:14:13.836012,353851.34,6302162.84
PC179,C02,LDJJ-78,1993,4,8,2025-11-07 18:14:13.836013,353851.34,6302162.84
PC179,401c,SJPD-41,5145,14,18,2025-11-07 18:14:13.836013,353851.34,6302162.84
PC179,426,FLXD-50,4051,11,15,2025-11-07 18:14:13.836014,353851.34,6302162.84
PC179,426,BJFD-66,6670,19,23,2025-11-07 18:14:13.836015,353851.34,6302162.84
PJ444,505,VHXJ-34,0,0,3,2025-11-07 18:14:18.040080,339917.304,6301642.928
PJ444,505,VHZX-20,4400,12,16,2025-11-07 18:14:18.040087,339917.304,6301642.928
PJ444,513,VJBC-10,3109,8,12,2025-11-07 18:14:18.040090,339917.304,6301642.928
PJ444,513,VHZZ-11,4503,12,16,2025-11-07 18:14:18.040091,339917.304,6301642.928
PJ444,J16,FLXG-18,4339,12,16,2025-11-07 18:14:18.040093,339917.304,6301642.928
PI242,444,SJPB-21,4554,12,16,2025-11-07 18:14:20.154963,336169.463,6295905.257
PI242,444,SHXF-13,12601,40,60,2025-11-07 18:14:20.154967,336169.463,6295905.257
PI242,I20,FLXK-87,4921,14,18,2025-11-07 18:14:20.154968,336169.463,6295905.257
PI242,404,PFYC-20,673,0,2,2025-11-07 18:14:20.154969,336169.463,6295905.257
PI242,404c,LXWP-86,673,0,2,2025-11-07 18:14:20.154970,336169.463,6295905.257
PI242,404c,PFYC-33,673,0,2,2025-11-07 18:14:20.154971,336169.463,6295905.257
PI242,516,GCBF-18,0,0,3,2025-11-07 18:14:20.154972,336169.463,6295905.257
PI242,516,TBFS-45,650,0,2,2025-11-07 18:14:20.154972,336169.463,6295905.257
PI242,424,TBFP-74,90,0,3,2025-11-07 18:14:20.154974,336169.463,6295905.257
PI242,424,PFXC-75,683,0,2,2025-11-07 18:14:20.154974,336169.463,6295905.257
PI242,110c,BJFC-32,348,0,3,2025-11-07 18:14:20.154975,336169.463,6295905.257
PI242,110c,FLXV-34,683,0,2,2025-11-07 18:14:20.154976,336169.463,6295905.257
PI242,J08,PFXC-70,678,0,2,2025-11-07 18:14:20.154977,336169.463,6295905.257
PI242,J08,FLXT-67,683,0,2,2025-11-07 18:14:20.154977,336169.463,6295905.257
PI242,428,SJPD-80,335,0,3,2025-11-07 18:14:20.154978,336169.463,6295905.257
PI242,428,SHCX-59,4741,13,17,2025-11-07 18:14:20.154979,336169.463,6295905.257
PI242,428e,SJPF-91,8282,26,60,2025-11-07 18:14:20.154980,336169.463,6295905.257
PI242,110,LXWR-78,3695,10,14,2025-11-07 18:14:20.154981,336169.463,6295905.257
PI242,110,LXWS-35,5437,15,19,2025-11-07 18:14:20.154981,336169.463,6295905.257
PI242,111,FLXX-68,4410,12,16,2025-11-07 18:14:20.154982,336169.463,6295905.257
PI242,111,FLXZ-66,5605,16,20,2025-11-07 18:14:20.154983,336169.463,6295905.257
PE1318,216,LXWT-88,680,0,2,2025-11-07 18:14:22.255727,348310.34,6287309.4
PE1318,216,LZPG-27,2371,5,9,2025-11-07 18:14:22.255732,348310.34,6287309.4
PG1745,G27,THTH-30,251,0,3,2025-11-07 18:14:24.285463,341792.175,6277201.585
PG1745,G07,THTF-74,1979,4,8,2025-11-07 18:14:24.285468,341792.175,6277201.585
PG1745,G07,THTF-57,5557,16,20,2025-11-07 18:14:24.285469,341792.175,6277201.585
PG1745,G37,THTH-70,2831,7,11,2025-11-07 18:14:24.285470,341792.175,6277201.585
PG1745,211,TBZB-18,2729,7,11,2025-11-07 18:14:24.285470,341792.175,6277201.585
PG1745,211,TBYY-65,6003,17,21,2025-11-07 18:14:24.285471,341792.175,6277201.585
PG1745,G02,FLXX-15,0,0,3,2025-11-07 18:14:24.285472,341792.175,6277201.585
PG1745,G02,FLXL-98,3804,10,14,2025-11-07 18:14:24.285473,341792.175,6277201.585
PE1316,F25,LCPG-31,389,0,3,2025-11-07 18:14:26.347090,353188.0,6286287.0
PE1316,F25,LCPG-34,2136,5,9,2025-11-07 18:14:26.347095,353188.0,6286287.0
PI982,I24,VHSY-20,643,0,2,2025-11-07 18:14:28.499114,340454.79,6289057.58
PI1502,423,PFYR-59,197,0,3,2025-11-07 18:14:30.946735,338313.1,6293547.66
PI1502,423,PGPT-23,3435,9,13,2025-11-07 18:14:30.946740,338313.1,6293547.66
PC417,421,PFVK-89,511,0,2,2025-11-07 18:14:32.996176,357875.603,6303946.428
PC417,421c,LCSX-46,2200,5,9,2025-11-07 18:14:32.996181,357875.603,6303946.428
PH1524,H24,VGRB-63,623,0,2,2025-11-07 18:14:34.564060,347678.95,6292326.8
PH1524,H24,VGRB-23,3268,8,12,2025-11-07 18:14:34.564064,347678.95,6292326.8
PG1237,F20,SPZX-74,2117,5,9,2025-11-07 18:14:36.665573,345018.0,6285330.0
PG1237,F20,SPZX-63,3504,9,13,2025-11-07 18:14:36.665579,345018.0,6285330.0
PG1237,G15,THTD-32,740,0,2,2025-11-07 18:14:36.665580,345018.0,6285330.0
PC797,C17,SGPW-52,2269,5,9,2025-11-07 18:14:38.499353,355394.571,6310104.755
PC797,C17,SKPH-76,7905,23,27,2025-11-07 18:14:38.499358,355394.571,6310104.755
PI183,I09c,FLXZ-22,1445,3,7,2025-11-07 18:14:40.865969,334680.0,6290939.0
PI183,I09c,VHTB-75,6023,17,21,2025-11-07 18:14:40.865974,334680.0,6290939.0
PI183,I09e,RWRP-77,11386,36,60,2025-11-07 18:14:40.865975,334680.0,6290939.0
PI183,I11,FLXZ-49,0,0,3,2025-11-07 18:14:40.865976,334680.0,6290939.0
PI183,I11,FLXZ-23,322,0,3,2025-11-07 18:14:40.865977,334680.0,6290939.0
PI183,109,FLXS-70,5073,29,60,2025-11-07 18:14:40.865977,334680.0,6290939.0
PI183,109,FLXC-45,5073,29,60,2025-11-07 18:14:40.865978,334680.0,6290939.0
PI183,I24,VHTB-59,0,0,3,2025-11-07 18:14:40.865979,334680.0,6290939.0
PI183,I24,VHSX-93,4998,14,18,2025-11-07 18:14:40.865980,334680.0,6290939.0
PI183,I05,VHTB-53,2212,5,9,2025-11-07 18:14:40.865981,334680.0,6290939.0
PI183,I05,VHTB-76,12446,39,60,2025-11-07 18:14:40.865981,334680.0,6290939.0
PI183,I09,RWRP-65,1832,4,8,2025-11-07 18:14:40.865982,334680.0,6290939.0
PI183,I09,FLXY-91,1884,4,8,2025-11-07 18:14:40.865983,334680.0,6290939.0
PG1780,G09,SFPF-90,7309,0,3,2025-11-07 18:14:47.158016,341244.43,6282881.96
PG1780,G09,SFGY-90,1214,0,4,2025-11-07 18:14:47.158022,341244.43,6282881.96
PB318,203,LZPT-66,1945,4,8,2025-11-07 18:14:56.135599,346800.41,6299653.18
PB318,203,LZPR-96,2431,6,10,2025-11-07 18:14:56.135605,346800.41,6299653.18
PB318,203N,SFWB-89,5058,14,18,2025-11-07 18:14:56.135606,346800.41,6299653.18
PB318,208,LZPW-16,265,0,3,2025-11-07 18:14:56.135607,346800.41,6299653.18
PB318,208,SGPW-54,3840,10,14,2025-11-07 18:14:56.135608,346800.41,6299653.18
PB318,116,FLXT-52,2591,6,10,2025-11-07 18:14:56.135608,346800.41,6299653.18
PB318,116,LDJJ-68,4738,13,17,2025-11-07 18:14:56.135609,346800.41,6299653.18
PB318,B24,STHD-54,4400,12,16,2025-11-07 18:14:56.135610,346800.41,6299653.18
PB318,B24,TXZH-33,4950,14,18,2025-11-07 18:14:56.135611,346800.41,6299653.18
PD413,D15,SVDC-29,2019,4,8,2025-11-07 18:14:58.180805,355100.141,6297482.658
PD413,D15,SVDF-57,2991,7,11,2025-11-07 18:14:58.180810,355100.141,6297482.658
PD413,403,PFTW-45,1648,3,7,2025-11-07 18:14:58.180811,355100.141,6297482.658
PD413,403,SKPK-27,3882,10,14,2025-11-07 18:14:58.180812,355100.141,6297482.658
PD413,D01,SVDF-52,1018,0,3,2025-11-07 18:14:58.180813,355100.141,6297482.658
PD413,D01,SVDD-54,3942,10,14,2025-11-07 18:14:58.180813,355100.141,6297482.658
PD413,D03c,SVDC-51,0,0,3,2025-11-07 18:14:58.180814,355100.141,6297482.658
PD413,227,VFPD-61,186,0,3,2025-11-07 18:14:58.180815,355100.141,6297482.658
PD413,227,VFPL-71,1001,0,3,2025-11-07 18:14:58.180816,355100.141,6297482.658
PD413,422,PFXB-88,2248,5,9,2025-11-07 18:14:58.180817,355100.141,6297482.658
PD413,422,TBFV-94,2569,6,10,2025-11-07 18:14:58.180818,355100.141,6297482.658
PB1096,B09,SHCY-49,1299,0,4,2025-11-07 18:15:07.464861,339220.8,6303102.412
PB1096,B09,SHCY-46,8084,26,60,2025-11-07 18:15:07.464869,339220.8,6303102.412
PB1096,120,TXZK-38,4707,13,17,2025-11-07 18:15:07.464872,339220.8,6303102.412
PB1096,120,SJPC-50,5156,14,18,2025-11-07 18:15:07.464874,339220.8,6303102.412
PB1096,B29,SKHG-57,2842,7,11,2025-11-07 18:15:07.464876,339220.8,6303102.412
PB1096,B29,SKHG-80,9067,29,60,2025-11-07 18:15:07.464878,339220.8,6303102.412
PB1075,B24,STHD-54,0,0,3,2025-11-07 18:15:12.961869,342711.73,6302875.71
PB1075,B24,SKHG-74,1819,4,8,2025-11-07 18:15:12.961874,342711.73,6302875.71
PE367,E02,VKJX-53,663,0,2,2025-11-07 18:15:18.183387,348577.668,6288948.291
PE367,E02,VKJY-86,1570,3,7,2025-11-07 18:15:18.183393,348577.668,6288948.291
PE367,E03,FLXK-63,764,0,2,2025-11-07 18:15:18.183394,348577.668,6288948.291
PE367,E03,FLXD-80,4037,11,15,2025-11-07 18:15:18.183395,348577.668,6288948.291
PI151,I09,RWRP-65,885,0,3,2025-11-07 18:15:22.812460,335594.41,6290885.39
PI151,I09,FLXY-91,912,0,3,2025-11-07 18:15:22.812465,335594.41,6290885.39
PI151,I09c,FLXZ-22,0,0,3,2025-11-07 18:15:22.812466,335594.41,6290885.39
PI151,I09c,VHTB-75,5077,14,18,2025-11-07 18:15:22.812467,335594.41,6290885.39
PI151,I18,VHTB-61,1192,0,4,2025-11-07 18:15:22.812467,335594.41,6290885.39
PI151,I18,VHTB-36,4012,11,15,2025-11-07 18:15:22.812468,335594.41,6290885.39
PI151,118,FLXW-57,994,0,3,2025-11-07 18:15:22.812469,335594.41,6290885.39
PI151,118,FLXV-39,4488,12,16,2025-11-07 18:15:22.812470,335594.41,6290885.39
PI151,I24,VHSX-93,3897,10,14,2025-11-07 18:15:22.812471,335594.41,6290885.39
PI151,I24,VHSY-16,6680,19,23,2025-11-07 18:15:22.812471,335594.41,6290885.39
PI151,348,VHSY-37,1894,4,8,2025-11-07 18:15:22.812472,335594.41,6290885.39
PI151,348,VHSY-14,2162,5,9,2025-11-07 18:15:22.812473,335594.41,6290885.39
PI151,I11,RWRP-58,4594,13,17,2025-11-07 18:15:22.812474,335594.41,6290885.39
PI151,I11,RWRP-73,5069,14,18,2025-11-07 18:15:22.812474,335594.41,6290885.39
PI151,108,PFVJ-21,1275,0,4,2025-11-07 18:15:22.812475,335594.41,6290885.39
PI151,108,PFYS-41,1711,3,7,2025-11-07 18:15:22.812476,335594.41,6290885.39
PI151,109,FLXS-70,4045,21,25,2025-11-07 18:15:22.812477,335594.41,6290885.39
PI151,109,FLXC-45,4079,21,25,2025-11-07 18:15:22.812477,335594.41,6290885.39
PI151,I03,FLXJ-25,3638,9,13,2025-11-07 18:15:22.812478,335594.41,6290885.39
PI151,I03,FLXJ-21,3922,10,14,2025-11-07 18:15:22.812479,335594.41,6290885.39
PI151,I05,VHTB-53,1154,0,4,2025-11-07 18:15:22.812480,335594.41,6290885.39
PI151,I05,VHTB-76,11444,36,60,2025-11-07 18:15:22.812481,335594.41,6290885.39
PF660,F02,SHCY-63,0,0,3,2025-11-07 18:15:25.737429,352174.609,6279905.49
PF660,F02,SHXF-36,1034,0,3,2025-11-07 18:15:25.737433,352174.609,6279905.49
PF660,F15,SRVH-73,663,0,2,2025-11-07 18:15:25.737434,352174.609,6279905.49
PF660,F15,SRVL-78,1254,0,4,2025-11-07 18:15:25.737435,352174.609,6279905.49
PC578,505,VHXK-11,230,0,3,2025-11-07 18:15:28.281511,348901.813,6299100.942
PC578,505,VHXJ-60,2503,6,10,2025-11-07 18:15:28.281516,348901.813,6299100.942
PE496,E06,BJFW-42,155,0,3,2025-11-07 18:15:30.713586,352592.472,6289956.745
PC1084,C03,SKDJ-80,4980,14,18,2025-11-07 18:15:40.906923,354085.029,6305631.596
PC1084,C03,SKPJ-87,5331,15,19,2025-11-07 18:15:40.906928,354085.029,6305631.596
PJ812,J07,VHZY-71,3424,9,13,2025-11-07 18:15:46.135277,328800.931,6300793.434
PJ812,J07,VHZX-10,12177,38,60,2025-11-07 18:15:46.135283,328800.931,6300793.434
PE332,E02,VKJZ-26,4375,12,16,2025-11-07 18:15:50.426299,352795.165,6285408.889
PE332,E02,VKJY-74,11836,37,60,2025-11-07 18:15:50.426304,352795.165,6285408.889
PE332,E11,VKJX-76,1905,4,8,2025-11-07 18:15:50.426306,352795.165,6285408.889
PE332,E11,VKJX-30,2218,5,9,2025-11-07 18:15:50.426307,352795.165,6285408.889
PE332,E12,VFJD-31,1190,0,4,2025-11-07 18:15:50.426308,352795.165,6285408.889
PE332,E12,VFKT-91,1135,0,4,2025-11-07 18:15:50.426309,352795.165,6285408.889
PG150,203c,SFWZ-74,640,0,2,2025-11-07 18:15:54.240163,345869.441,6283665.917
PG150,203c,VJYJ-35,1719,3,7,2025-11-07 18:15:54.240167,345869.441,6283665.917
PG150,203N,SFWB-89,14835,47,60,2025-11-07 18:15:54.240168,345869.441,6283665.917
PG150,229,VJZB-47,1947,4,8,2025-11-07 18:15:54.240169,345869.441,6283665.917
PG150,229,SFVZ-81,3971,11,15,2025-11-07 18:15:54.240170,345869.441,6283665.917
PG150,G08v,FLXV-26,882,0,3,2025-11-07 18:15:54.240171,345869.441,6283665.917
PG150,G08v,FLXV-18,3833,10,14,2025-11-07 18:15:54.240172,345869.441,6283665.917
PG150,228,THTG-80,1869,4,8,2025-11-07 18:15:54.240172,345869.441,6283665.917
PG150,228,THTD-22,4977,14,18,2025-11-07 18:15:54.240173,345869.441,6283665.917
PG150,G08,THTG-69,140,0,3,2025-11-07 18:15:54.240174,345869.441,6283665.917
PG150,G08,THTF-78,1725,3,7,2025-11-07 18:15:54.240175,345869.441,6283665.917
PG150,203,LZPS-25,324,0,3,2025-11-07 18:15:54.240176,345869.441,6283665.917
PG150,203,SFWB-77,162,0,3,2025-11-07 18:15:54.240176,345869.441,6283665.917
PH330,119,BJFW-51,4202,11,15,2025-11-07 18:16:00.638691,344402.124,6293027.877
PH330,119,BJFT-72,4420,12,16,2025-11-07 18:16:00.638697,344402.124,6293027.877
PH330,H12,CJRB-45,1214,0,4,2025-11-07 18:16:00.638698,344402.124,6293027.877
PH330,H12,FLXD-78,3356,9,13,2025-11-07 18:16:00.638699,344402.124,6293027.877
PH330,345,FLXF-17,2067,5,9,2025-11-07 18:16:00.638700,344402.124,6293027.877
PG1785,G22,THTF-51,1859,4,8,2025-11-07 18:16:24.333118,341080.64,6279900.87
PG1785,G02,FLXX-22,408,0,3,2025-11-07 18:16:24.333123,341080.64,6279900.87
PG1785,G02,FLXD-21,731,0,2,2025-11-07 18:16:24.333124,341080.64,6279900.87
PH93,120,SPZX-42,672,0,2,2025-11-07 18:16:34.097902,343355.698,6293952.557
PH93,120,SKHG-42,807,0,3,2025-11-07 18:16:34.097908,343355.698,6293952.557
PH93,125,BJFZ-49,1803,4,8,2025-11-07 18:16:34.097909,343355.698,6293952.557
PH93,125,BJFV-26,3951,10,14,2025-11-07 18:16:34.097910,343355.698,6293952.557
PH93,H07,BJFV-78,1404,0,4,2025-11-07 18:16:34.097911,343355.698,6293952.557
PH93,105,SJPC-67,721,0,2,2025-11-07 18:16:34.097912,343355.698,6293952.557
PH93,105,SJPC-49,1332,0,4,2025-11-07 18:16:34.097913,343355.698,6293952.557
PH93,105c,LXDJ-10,1332,0,4,2025-11-07 18:16:34.097914,343355.698,6293952.557
PH93,105c,LXDJ-20,5513,15,19,2025-11-07 18:16:34.097915,343355.698,6293952.557
PI1633,I03,FLXG-53,0,0,3,2025-11-07 18:16:37.692735,340737.693,6295936.785
PI1633,I03,BJFT-29,1607,3,7,2025-11-07 18:16:37.692741,340737.693,6295936.785
PI1633,I03c,FLXK-67,1557,3,7,2025-11-07 18:16:37.692742,340737.693,6295936.785
PI851,I03c,FLXK-67,2562,6,10,2025-11-07 18:16:41.326048,339857.316,6295448.888
PI851,I03,FLXG-53,1005,0,3,2025-11-07 18:16:41.326053,339857.316,6295448.888
PI851,I03,BJFT-29,2612,6,10,2025-11-07 18:16:41.326054,339857.316,6295448.888
PI1339,348,VHTB-38,87,0,3,2025-11-07 18:16:52.623869,332920.704,6290724.68
PI1339,I07,VHSY-25,444,0,3,2025-11-07 18:16:52.623875,332920.704,6290724.68
PI1339,I07,VHSY-12,948,0,3,2025-11-07 18:16:52.623876,332920.704,6290724.68
PC1076,C14,SKPL-25,56,0,3,2025-11-07 18:17:09.398551,354707.203,6305943.204
PC1076,C14,SKPL-31,728,0,2,2025-11-07 18:17:09.398556,354707.203,6305943.204
PB604,429,SLGT-36,495,0,2,2025-11-07 18:18:34.821288,336045.424,6305494.762
PB604,429,SLLZ-31,495,0,2,2025-11-07 18:18:34.821293,336045.424,6305494.762
PB1845,B18e,FLXP-82,0,0,3,2025-11-07 18:18:36.883714,340085.79,6305981.09
PC966,C17,LDTB-92,4537,12,16,2025-11-07 18:18:38.974143,359755.463,6308774.161
PC966,430,SHXG-43,973,0,3,2025-11-07 18:18:38.974148,359755.463,6308774.161
PC966,430,SJPC-17,1075,0,3,2025-11-07 18:18:38.974149,359755.463,6308774.161
PC966,426,FLXD-52,177,0,3,2025-11-07 18:18:38.974150,359755.463,6308774.161
PC966,426,FLXD-31,451,0,3,2025-11-07 18:18:38.974151,359755.463,6308774.161
PF305,F05,SPZY-13,508,0,2,2025-11-07 18:18:40.532415,354409.756,6283304.509
PF305,F05,SPZX-59,3467,9,13,2025-11-07 18:18:40.532420,354409.756,6283304.509
PF305,F14,SRPJ-88,2984,8,12,2025-11-07 18:18:40.532422,354409.756,6283304.509
PF305,F14,SPRV-93,5445,15,19,2025-11-07 18:18:40.532423,354409.756,6283304.509
PF424,F29,SPVW-73,891,0,3,2025-11-07 18:18:57.527309,353687.685,6281299.111
PF424,F29,FLXG-89,1901,4,8,2025-11-07 18:18:57.527314,353687.685,6281299.111
PF424,F10,SRPJ-89,170,0,3,2025-11-07 18:18:57.527316,353687.685,6281299.111
PF424,F10,SRSC-18,831,0,3,2025-11-07 18:18:57.527317,353687.685,6281299.111
PF424,F09,LBTT-14,2649,6,10,2025-11-07 18:18:57.527318,353687.685,6281299.111
PF424,124,LCTG-36,978,0,3,2025-11-07 18:18:57.527319,353687.685,6281299.111
PF424,124,SRVL-35,2584,6,10,2025-11-07 18:18:57.527320,353687.685,6281299.111
PF424,F25,SRVF-81,2803,7,11,2025-11-07 18:18:57.527321,353687.685,6281299.111
PF424,F16,SPRV-96,3528,9,13,2025-11-07 18:18:57.527322,353687.685,6281299.111
PF424,F26,SRPJ-92,0,0,3,2025-11-07 18:18:57.527323,353687.685,6281299.111
PF424,F26,SPVW-14,306,0,3,2025-11-07 18:18:57.527324,353687.685,6281299.111
PI374,401,PFBG-12,2673,6,10,2025-11-07 18:19:04.953526,334400.411,6289116.657
PI374,421,PFYG-60,1214,0,4,2025-11-07 18:19:04.953532,334400.411,6289116.657
PI374,421,PFBD-65,2927,7,11,2025-11-07 18:19:04.953532,334400.411,6289116.657
PI374,431c,PFVD-29,791,0,2,2025-11-07 18:19:04.953533,334400.411,6289116.657
PI374,106,PFVK-62,2285,5,9,2025-11-07 18:19:04.953534,334400.411,6289116.657
PI374,106,PFYR-80,2285,5,9,2025-11-07 18:19:04.953535,334400.411,6289116.657
PG713,G02,FLXC-88,409,0,3,2025-11-07 18:19:15.606307,345466.811,6275890.65
PG713,G02,FLXX-15,3896,10,14,2025-11-07 18:19:15.606312,345466.811,6275890.65
PG713,G14,FLXX-10,4470,12,16,2025-11-07 18:19:15.606313,345466.811,6275890.65
PG713,G14,FLXD-22,4663,13,17,2025-11-07 18:19:15.606315,345466.811,6275890.65
PG713,G24,FLXP-20,1027,0,3,2025-11-07 18:19:15.606316,345466.811,6275890.65
PG713,G24,FZZF-95,1232,0,4,2025-11-07 18:19:15.606316,345466.811,6275890.65
PF888,F15,SRVH-73,3558,9,13,2025-11-07 18:19:25.134562,350012.987,6278578.14
PF888,F15,SRVL-78,3909,10,14,2025-11-07 18:19:25.134568,350012.987,6278578.14
PJ1671,510,TBFV-32,957,0,3,2025-11-07 18:19:35.823778,337035.111,6295764.951
PJ1671,510,TBFV-13,6410,18,22,2025-11-07 18:19:35.823783,337035.111,6295764.951
PJ1671,516,TBFR-10,399,0,3,2025-11-07 18:19:35.823784,337035.111,6295764.951
PJ1671,516,GCBC-43,5338,15,19,2025-11-07 18:19:35.823785,337035.111,6295764.951
PJ1671,424,TBFP-74,2316,5,9,2025-11-07 18:19:35.823786,337035.111,6295764.951
PJ1671,424,FLXW-45,3961,11,15,2025-11-07 18:19:35.823786,337035.111,6295764.951
PH388,H24,VGRF-45,1097,0,3,2025-11-07 18:19:46.253487,349797.0,6292545.0
PH388,H24,VGRF-85,4195,11,15,2025-11-07 18:19:46.253492,349797.0,6292545.0
PI605,I10,FLXG-59,125,0,3,2025-11-07 18:19:54.303640,338001.862,6292456.172
PI605,I10,FLXF-48,2796,7,11,2025-11-07 18:19:54.303645,338001.862,6292456.172
PI605,509,CJRW-54,889,0,3,2025-11-07 18:19:54.303646,338001.862,6292456.172
PI605,509,FLXX-44,3356,9,13,2025-11-07 18:19:54.303647,338001.862,6292456.172
PI605,423,PFVC-57,3514,9,13,2025-11-07 18:19:54.303648,338001.862,6292456.172
PI605,423,PFVD-63,6477,18,22,2025-11-07 18:19:54.303649,338001.862,6292456.172
PD193,D13,CJRC-56,1820,4,8,2025-11-07 18:19:58.934634,350181.0,6291260.0
PD193,D13,FLXR-30,2381,6,10,2025-11-07 18:19:58.934639,350181.0,6291260.0
PE447,E04,VKJZ-69,732,0,2,2025-11-07 18:20:00.986458,353485.12,6288419.706
PC180,C19,SGPY-63,648,0,2,2025-11-07 18:20:03.057779,353493.357,6302026.13
PC180,C19,LDJX-68,972,0,3,2025-11-07 18:20:03.057784,353493.357,6302026.13
PC180,C28,SGPY-66,919,0,3,2025-11-07 18:20:03.057785,353493.357,6302026.13
PC180,C28,SGPY-75,1024,0,3,2025-11-07 18:20:03.057786,353493.357,6302026.13
PC180,406,FLXS-97,317,0,3,2025-11-07 18:20:03.057787,353493.357,6302026.13
PC180,406,GCBC-87,382,0,3,2025-11-07 18:20:03.057788,353493.357,6302026.13
PC180,407,TBFT-16,852,0,3,2025-11-07 18:20:03.057788,353493.357,6302026.13
PC180,407,FLXV-96,3377,9,13,2025-11-07 18:20:03.057789,353493.357,6302026.13
PC180,421,PFVK-89,4103,11,15,2025-11-07 18:20:03.057790,353493.357,6302026.13
PC180,421,PFTV-85,9101,29,60,2025-11-07 18:20:03.057791,353493.357,6302026.13
PC180,C01c,PGTT-84,1781,4,8,2025-11-07 18:20:03.057792,353493.357,6302026.13
PC180,C01c,PGWT-99,3527,9,13,2025-11-07 18:20:03.057793,353493.357,6302026.13
PC180,C01,LCPW-48,648,0,2,2025-11-07 18:20:03.057793,353493.357,6302026.13
PC180,C01,LCPW-38,898,0,3,2025-11-07 18:20:03.057794,353493.357,6302026.13
PC180,C02,LDJJ-69,991,0,3,2025-11-07 18:20:03.057795,353493.357,6302026.13
PC180,C02,LCSX-50,2320,5,9,2025-11-07 18:20:03.057796,353493.357,6302026.13
PC180,C14,SKPL-27,2187,5,9,2025-11-07 18:20:03.057797,353493.357,6302026.13
PC180,C14,SKPJ-47,2346,5,9,2025-11-07 18:20:03.057797,353493.357,6302026.13
PC180,406c,SKWD-83,1338,0,4,2025-11-07 18:20:03.057798,353493.357,6302026.13
PC180,406c,SKWD-98,2318,5,9,2025-11-07 18:20:03.057799,353493.357,6302026.13
PC180,401,PFVL-12,4484,12,16,2025-11-07 18:20:03.057800,353493.357,6302026.13
PC180,401,PFYS-21,4378,12,16,2025-11-07 18:20:03.057801,353493.357,6302026.13
PC180,401c,SJPD-41,4152,11,15,2025-11-07 18:20:03.057801,353493.357,6302026.13
PC180,430,PGBZ-15,648,0,2,2025-11-07 18:20:03.057802,353493.357,6302026.13
PC180,430,PGBY-84,3463,9,13,2025-11-07 18:20:03.057803,353493.357,6302026.13
PC180,426,FLXD-50,2318,5,9,2025-11-07 18:20:03.057804,353493.357,6302026.13
PC180,426,BJFD-66,5343,15,19,2025-11-07 18:20:03.057805,353493.357,6302026.13
PC108,C07,SPCG-87,1646,3,7,2025-11-07 18:20:04.676771,354535.75,6300982.903
PC108,C07,SPCG-68,1749,4,8,2025-11-07 18:20:04.676776,354535.75,6300982.903
PC108,216,LZPG-17,1092,0,3,2025-11-07 18:20:04.676777,354535.75,6300982.903
PC108,216,LZPR-88,1205,0,4,2025-11-07 18:20:04.676778,354535.75,6300982.903
PI1528,I03c,FLXK-67,6456,18,22,2025-11-07 18:20:06.715578,338792.767,6292904.13
PI1528,I03c,FLXK-78,7608,22,26,2025-11-07 18:20:06.715583,338792.767,6292904.13
PI1528,I13,FLXX-73,1230,9,13,2025-11-07 18:20:06.715584,338792.767,6292904.13
PI1528,I13,FLXL-79,1348,11,15,2025-11-07 18:20:06.715585,338792.767,6292904.13
PI1528,I20,FLXG-94,1416,0,4,2025-11-07 18:20:06.715585,338792.767,6292904.13
PI1528,I20,FLXK-61,6107,17,21,2025-11-07 18:20:06.715586,338792.767,6292904.13
PF120,207,SDGY-42,2371,5,9,2025-11-07 18:20:08.843049,349115.752,6279248.01
PF120,207,SDGY-18,3205,8,12,2025-11-07 18:20:08.843054,349115.752,6279248.01
PF120,207c,VJXV-59,3278,8,12,2025-11-07 18:20:08.843055,349115.752,6279248.01
PF120,209,VJXV-66,2058,4,8,2025-11-07 18:20:08.843056,349115.752,6279248.01
PF120,209,SFST-39,3558,9,13,2025-11-07 18:20:08.843057,349115.752,6279248.01
PI1546,I04,FLXF-91,1160,0,4,2025-11-07 18:20:10.954585,335943.088,6286480.339
PI1546,I04c,FLXL-11,2273,5,9,2025-11-07 18:20:10.954590,335943.088,6286480.339
PD497,D03c,SVDC-43,1069,0,3,2025-11-07 18:20:13.067146,357501.439,6295185.765
PD497,D03c,SVDD-40,3505,9,13,2025-11-07 18:20:13.067152,357501.439,6295185.765
PD497,D07,SVDD-35,0,0,3,2025-11-07 18:20:13.067153,357501.439,6295185.765
PD497,505,SRTG-96,783,0,2,2025-11-07 18:20:13.067154,357501.439,6295185.765
PD497,505,LXWR-84,1021,0,3,2025-11-07 18:20:13.067155,357501.439,6295185.765
PD497,516,TBFX-49,270,0,3,2025-11-07 18:20:13.067156,357501.439,6295185.765
PD497,516,TBFR-53,1334,0,4,2025-11-07 18:20:13.067156,357501.439,6295185.765
PD497,D03,SVDC-49,1873,4,8,2025-11-07 18:20:13.067157,357501.439,6295185.765
PD497,D03,SVDD-65,3546,9,13,2025-11-07 18:20:13.067158,357501.439,6295185.765
PA123,204,VFRD-35,1311,0,4,2025-11-07 18:20:15.161697,347776.492,6296147.952
PA123,204,VGBV-69,1365,0,4,2025-11-07 18:20:15.161702,347776.492,6296147.952
PA123,234,SDGY-26,706,0,2,2025-11-07 18:20:15.161704,347776.492,6296147.952
PE1492,224,VFPS-85,397,0,3,2025-11-07 18:20:19.394690,351467.39,6289668.96
PE1492,224,VFPV-73,4046,11,15,2025-11-07 18:20:19.394695,351467.39,6289668.96
PE1492,213e,TXZH-40,1450,3,7,2025-11-07 18:20:19.394696,351467.39,6289668.96
PE1492,213e,STHF-57,2505,6,10,2025-11-07 18:20:19.394697,351467.39,6289668.96
PE1492,210,RWTP-96,228,0,3,2025-11-07 18:20:19.394698,351467.39,6289668.96
PE1492,210,LZRD-89,494,0,2,2025-11-07 18:20:19.394699,351467.39,6289668.96
PE1492,210v,VFPY-43,4838,13,17,2025-11-07 18:20:19.394700,351467.39,6289668.96
PE1492,210v,VGKZ-92,6775,19,23,2025-11-07 18:20:19.394700,351467.39,6289668.96
PJ1712,J08,FLXT-65,3717,10,14,2025-11-07 18:20:21.455290,336196.751,6296539.799
PJ1712,J08,FLXT-99,6708,19,23,2025-11-07 18:20:21.455296,336196.751,6296539.799
PA240,302,BJFS-49,443,0,3,2025-11-07 18:20:23.514565,345962.859,6297057.856
PA240,302,BJFT-53,757,0,2,2025-11-07 18:20:23.514570,345962.859,6297057.856
PA240,125,CJRX-52,478,0,2,2025-11-07 18:20:23.514572,345962.859,6297057.856
PA240,125,BJFS-51,1290,0,4,2025-11-07 18:20:23.514573,345962.859,6297057.856
PI414,401,PGPT-33,3104,8,12,2025-11-07 18:20:25.611591,338313.808,6294687.202
PI414,401,PGBB-63,3789,10,14,2025-11-07 18:20:25.611596,338313.808,6294687.202
PI414,405,PFYH-17,814,0,3,2025-11-07 18:20:25.611597,338313.808,6294687.202
PI414,405,PFYG-83,1230,0,4,2025-11-07 18:20:25.611597,338313.808,6294687.202
PI414,419,PFTV-91,645,0,2,2025-11-07 18:20:25.611598,338313.808,6294687.202
PI414,419,PFYG-69,5260,15,19,2025-11-07 18:20:25.611599,338313.808,6294687.202
PI414,421,PFTV-92,4071,11,15,2025-11-07 18:20:25.611600,338313.808,6294687.202
PI414,421,PFVG-41,4329,12,16,2025-11-07 18:20:25.611600,338313.808,6294687.202
PI414,423,PFVD-63,2045,4,8,2025-11-07 18:20:25.611601,338313.808,6294687.202
PI414,I08,FLXW-93,0,0,3,2025-11-07 18:20:25.611602,338313.808,6294687.202
PI414,I08,FLXY-11,814,0,3,2025-11-07 18:20:25.611603,338313.808,6294687.202
PI414,I09,RWRP-70,4787,13,17,2025-11-07 18:20:25.611604,338313.808,6294687.202
PI414,I09,VHTB-79,7074,20,24,2025-11-07 18:20:25.611605,338313.808,6294687.202
PI414,106,PFYR-94,1107,0,3,2025-11-07 18:20:25.611605,338313.808,6294687.202
PI414,106,PFVG-51,3750,10,14,2025-11-07 18:20:25.611606,338313.808,6294687.202
PH697,321,FLXP-95,474,0,3,2025-11-07 18:20:27.727548,343824.18,6289337.932
PH697,321,CJRY-76,3352,9,13,2025-11-07 18:20:27.727555,343824.18,6289337.932
PH697,329,CJRW-77,6124,17,21,2025-11-07 18:20:27.727557,343824.18,6289337.932
PH697,329,FLXR-41,10126,32,60,2025-11-07 18:20:27.727559,343824.18,6289337.932
PH697,I05,VHTB-76,1579,3,7,2025-11-07 18:20:27.727561,343824.18,6289337.932
PH697,I05,VHSX-74,3098,8,12,2025-11-07 18:20:27.727562,343824.18,6289337.932
PD1299,D10,SVDF-42,1372,0,4,2025-11-07 18:20:29.483379,352540.91,6293266.872
PD1299,D10,SVDF-61,6818,20,24,2025-11-07 18:20:29.483382,352540.91,6293266.872
PD1212,D15,SVDC-29,3274,8,12,2025-11-07 18:20:31.557488,356436.77,6297195.402
PD1212,D15,SVDF-57,3897,10,14,2025-11-07 18:20:31.557493,356436.77,6297195.402
PG490,E05,FLXJ-47,2171,5,9,2025-11-07 18:20:33.449513,346355.957,6288155.993
PG490,E05,FLXF-49,6121,17,21,2025-11-07 18:20:33.449519,346355.957,6288155.993
PF989,F18,SRVG-94,241,0,3,2025-11-07 18:20:37.311622,352173.588,6279254.741
PF989,F18,LBTS-83,266,0,3,2025-11-07 18:20:37.311626,352173.588,6279254.741
PF989,F03,SPVV-83,308,0,3,2025-11-07 18:20:37.311627,352173.588,6279254.741
PF989,F03,SPVT-98,1297,0,4,2025-11-07 18:20:37.311628,352173.588,6279254.741
PG772,G39,SHXB-19,2827,7,11,2025-11-07 18:20:38.974269,343993.784,6283047.577
PG772,G39,SFPG-67,3343,9,13,2025-11-07 18:20:38.974274,343993.784,6283047.577
PG772,G14,CJRP-13,1298,0,4,2025-11-07 18:20:38.974276,343993.784,6283047.577
PG772,G23,SFWB-44,1773,4,8,2025-11-07 18:20:38.974277,343993.784,6283047.577
PG772,G23,SFWB-51,1773,4,8,2025-11-07 18:20:38.974277,343993.784,6283047.577
PG772,G07,THTG-60,2210,5,9,2025-11-07 18:20:38.974278,343993.784,6283047.577
PG772,G07,THTD-19,5415,15,19,2025-11-07 18:20:38.974279,343993.784,6283047.577
PG1259,G15,THTG-65,2296,5,9,2025-11-07 18:20:40.555932,348396.81,6284841.891
PH1510,E04,VKJX-74,3365,9,13,2025-11-07 18:20:43.038463,348340.786,6293515.535
PH1510,E04,VKJZ-50,3489,9,13,2025-11-07 18:20:43.038468,348340.786,6293515.535
PG1447,G08v,FLXV-21,2741,7,11,2025-11-07 18:20:47.594269,343568.777,6282559.492
PG1447,G08v,FLXP-10,6863,20,24,2025-11-07 18:20:47.594274,343568.777,6282559.492
PC131,225,VFHX-21,368,0,3,2025-11-07 18:20:50.365158,355568.441,6300798.193
PC131,225,VJXW-59,967,0,3,2025-11-07 18:20:50.365163,355568.441,6300798.193
PC131,C05,LDTC-13,2792,7,11,2025-11-07 18:20:50.365164,355568.441,6300798.193
PC131,C05,LDTG-59,3291,8,12,2025-11-07 18:20:50.365165,355568.441,6300798.193
PC131,401,PFVL-12,327,0,3,2025-11-07 18:20:50.365166,355568.441,6300798.193
PC131,401,PFYS-21,239,0,3,2025-11-07 18:20:50.365166,355568.441,6300798.193
PC131,401c,SJPD-41,338,0,3,2025-11-07 18:20:50.365167,355568.441,6300798.193
PC131,517,VHZZ-71,210,0,3,2025-11-07 18:20:50.365168,355568.441,6300798.193
PC131,517,VHZX-71,368,0,3,2025-11-07 18:20:50.365169,355568.441,6300798.193
PC131,D11,SVDC-44,0,0,3,2025-11-07 18:20:50.365170,355568.441,6300798.193
PC131,D11,SVDC-56,4915,14,18,2025-11-07 18:20:50.365171,355568.441,6300798.193
PC709,517,VHXK-53,60,0,3,2025-11-07 18:20:53.703751,349472.258,6299469.889
PC709,517,VHZY-41,5709,16,20,2025-11-07 18:20:53.703756,349472.258,6299469.889
PD1218,D16,SPBS-66,5723,16,20,2025-11-07 18:20:55.760739,352362.373,6295721.628
PI811,I03,FLXF-69,3006,7,11,2025-11-07 18:20:57.744814,335554.376,6289486.169
PI811,I03,FLXJ-24,3391,9,13,2025-11-07 18:20:57.744819,335554.376,6289486.169
PE584,E08,VKJY-54,1529,3,7,2025-11-07 18:20:59.467974,352588.15,6288203.91
PE584,E08,VKJY-98,2446,6,10,2025-11-07 18:20:59.467979,352588.15,6288203.91
PG513,F03,SPVT-78,1562,3,7,2025-11-07 18:21:01.245196,347047.218,6279935.196
PG513,F03,LDJJ-72,6426,18,22,2025-11-07 18:21:01.245201,347047.218,6279935.196
PC440,430,PGBY-56,0,0,3,2025-11-07 18:21:03.323463,359630.554,6307529.655
PC440,430,PFYC-63,0,0,3,2025-11-07 18:21:03.323468,359630.554,6307529.655
PC440,426,BJFC-46,217,0,3,2025-11-07 18:21:03.323469,359630.554,6307529.655
PC440,426,FDJX-83,880,0,3,2025-11-07 18:21:03.323470,359630.554,6307529.655
PC440,C16,LDTB-95,2841,7,11,2025-11-07 18:21:03.323471,359630.554,6307529.655
PC440,C16,SKPJ-52,3959,11,15,2025-11-07 18:21:03.323472,359630.554,6307529.655
PB2054,B29,LXDJ-22,3760,10,14,2025-11-07 18:21:05.371062,337362.0,6303378.0
PJ536,B09,SHCY-49,1653,3,7,2025-11-07 18:21:06.986186,342261.631,6301503.984
PJ536,B09,SHCY-46,5038,14,18,2025-11-07 18:21:06.986191,342261.631,6301503.984
PJ536,B28,STHF-45,5525,15,19,2025-11-07 18:21:06.986192,342261.631,6301503.984
PJ536,J01,FLXD-53,3692,10,14,2025-11-07 18:21:06.986193,342261.631,6301503.984
PJ536,J01,FLXH-79,5864,17,21,2025-11-07 18:21:06.986194,342261.631,6301503.984
PJ536,J16,FLXG-18,5072,14,18,2025-11-07 18:21:06.986194,342261.631,6301503.984
PJ536,J16,PFWZ-64,8074,23,27,2025-11-07 18:21:06.986195,342261.631,6301503.984
PD608,508,FLXH-85,4658,13,17,2025-11-07 18:21:08.992550,352835.058,6292058.117
PD608,508,FLXD-44,4951,14,18,2025-11-07 18:21:08.992555,352835.058,6292058.117
PD608,D10,SVDC-78,2573,6,10,2025-11-07 18:21:08.992556,352835.058,6292058.117
PD608,D10,SVDC-57,3974,11,15,2025-11-07 18:21:08.992556,352835.058,6292058.117
PD608,D20,SVDC-22,7744,22,26,2025-11-07 18:21:08.992557,352835.058,6292058.117
PB80,B20,SKHG-79,557,0,2,2025-11-07 18:21:11.101851,342051.951,6302285.517
PB80,B20,SKHG-73,5237,15,19,2025-11-07 18:21:11.101856,342051.951,6302285.517
PB80,B29,SKHG-80,4869,13,17,2025-11-07 18:21:11.101857,342051.951,6302285.517
PB80,B29,LXDJ-11,7025,20,24,2025-11-07 18:21:11.101858,342051.951,6302285.517
PB80,109,FLXC-46,299,0,3,2025-11-07 18:21:11.101859,342051.951,6302285.517
PB80,109,FLXS-80,790,0,2,2025-11-07 18:21:11.101860,342051.951,6302285.517
PB80,410,LDSX-94,4592,13,17,2025-11-07 18:21:11.101860,342051.951,6302285.517
PB80,410,LDSX-95,6193,18,22,2025-11-07 18:21:11.101861,342051.951,6302285.517
PB80,B03,SPZX-41,224,0,3,2025-11-07 18:21:11.101862,342051.951,6302285.517
PB80,B03,SHXF-27,4260,11,15,2025-11-07 18:21:11.101863,342051.951,6302285.517
PB80,105,SJPD-99,1504,3,7,2025-11-07 18:21:11.101864,342051.951,6302285.517
PB80,105,SHXC-20,5293,15,19,2025-11-07 18:21:11.101864,342051.951,6302285.517
PB80,120,TXZK-38,672,0,2,2025-11-07 18:21:11.101865,342051.951,6302285.517
PB80,120,SJPC-50,989,0,3,2025-11-07 18:21:11.101866,342051.951,6302285.517
PB1091,B09,SHCY-49,5257,15,19,2025-11-07 18:21:12.889138,339877.653,6303089.196
PB1091,B09,SHCY-46,8642,27,60,2025-11-07 18:21:12.889142,339877.653,6303089.196
PB1091,120,TXZK-38,2690,6,10,2025-11-07 18:21:12.889143,339877.653,6303089.196
PB1091,120,SJPC-50,3006,7,11,2025-11-07 18:21:12.889144,339877.653,6303089.196
PB1091,B29,SKHG-57,549,0,2,2025-11-07 18:21:12.889145,339877.653,6303089.196
PB1091,B29,LXDH-92,1184,0,4,2025-11-07 18:21:12.889146,339877.653,6303089.196
PA442,506v,TBFS-61,3856,10,14,2025-11-07 18:21:14.778403,348190.48,6296917.97
PA442,506v,GCBC-41,5930,17,21,2025-11-07 18:21:14.778408,348190.48,6296917.97
PA442,507,TBFX-25,1530,3,7,2025-11-07 18:21:14.778409,348190.48,6296917.97
PA442,507,PFXB-15,3725,10,14,2025-11-07 18:21:14.778410,348190.48,6296917.97
PA442,507c,GCBD-61,2220,5,9,2025-11-07 18:21:14.778411,348190.48,6296917.97
PA442,507c,FLXW-33,2720,7,11,2025-11-07 18:21:14.778412,348190.48,6296917.97
PA442,510,TBFR-50,843,0,3,2025-11-07 18:21:14.778412,348190.48,6296917.97
PA442,510,TBFR-23,3883,10,14,2025-11-07 18:21:14.778413,348190.48,6296917.97
PA442,506,TBFS-58,63,0,3,2025-11-07 18:21:14.778414,348190.48,6296917.97
PA442,506,GCBC-55,4383,21,25,2025-11-07 18:21:14.778415,348190.48,6296917.97
PI273,113e,FLXY-67,5842,16,20,2025-11-07 18:21:16.868970,334849.485,6287152.484
PI273,I11,FLXZ-50,1910,4,8,2025-11-07 18:21:16.868974,334849.485,6287152.484
PI273,I11,FLXZ-12,3187,8,12,2025-11-07 18:21:16.868975,334849.485,6287152.484
PI273,111,FLXX-65,2876,7,11,2025-11-07 18:21:16.868976,334849.485,6287152.484
PI273,I35,SDSW-82,2590,6,10,2025-11-07 18:21:16.868977,334849.485,6287152.484
PI273,I35,SHXG-72,3269,8,12,2025-11-07 18:21:16.868978,334849.485,6287152.484
PI273,113,FLXZ-19,0,0,3,2025-11-07 18:21:16.868978,334849.485,6287152.484
PI273,113,FLXX-75,4873,13,17,2025-11-07 18:21:16.868979,334849.485,6287152.484
PA276,119,FLXK-55,0,0,3,2025-11-07 18:21:18.616351,345257.54,6296888.94
PA276,119,BJFZ-65,3585,9,13,2025-11-07 18:21:18.616356,345257.54,6296888.94
PA276,121,FLXG-66,1471,3,7,2025-11-07 18:21:18.616357,345257.54,6296888.94
PA276,121,FLXF-50,4893,13,17,2025-11-07 18:21:18.616358,345257.54,6296888.94
PI449,I09,FLXZ-28,2049,4,8,2025-11-07 18:21:20.970602,342745.649,6297106.158
PI449,I09,FLXZ-35,1994,4,8,2025-11-07 18:21:20.970608,342745.649,6297106.158
PI449,I09e,VHTB-57,3554,9,13,2025-11-07 18:21:20.970609,342745.649,6297106.158
PI449,I09e,RWRP-45,4102,11,15,2025-11-07 18:21:20.970610,342745.649,6297106.158
PI449,404,LXWP-58,916,0,3,2025-11-07 18:21:20.970611,342745.649,6297106.158
PI449,404,PFYC-64,3913,10,14,2025-11-07 18:21:20.970612,342745.649,6297106.158
PI449,210e,VGKY-72,10362,33,60,2025-11-07 18:21:20.970613,342745.649,6297106.158
PI449,210e,VFRB-56,16267,51,60,2025-11-07 18:21:20.970614,342745.649,6297106.158
PI449,210v,VFPZ-74,819,0,3,2025-11-07 18:21:20.970615,342745.649,6297106.158
PI449,210v,VFPC-69,4320,12,16,2025-11-07 18:21:20.970616,342745.649,6297106.158
PI449,I14,CJRX-39,618,0,2,2025-11-07 18:21:20.970617,342745.649,6297106.158
PI449,516,GCBD-65,0,0,3,2025-11-07 18:21:20.970618,342745.649,6297106.158
PI449,516,TBFW-44,38,0,3,2025-11-07 18:21:20.970619,342745.649,6297106.158
PI449,210,LZRD-88,1987,4,8,2025-11-07 18:21:20.970620,342745.649,6297106.158
PI449,210,RWTP-87,2262,5,9,2025-11-07 18:21:20.970621,342745.649,6297106.158
PI449,418,SHXD-85,4192,11,15,2025-11-07 18:21:20.970622,342745.649,6297106.158
PI449,418,SKPK-63,4897,13,17,2025-11-07 18:21:20.970623,342745.649,6297106.158
PI449,424,RPYP-60,1422,0,4,2025-11-07 18:21:20.970624,342745.649,6297106.158
PI449,424,TBFW-67,2279,5,9,2025-11-07 18:21:20.970625,342745.649,6297106.158
PI449,511,GCBC-70,1587,3,7,2025-11-07 18:21:20.970626,342745.649,6297106.158
PI449,511,TBFX-22,3891,10,14,2025-11-07 18:21:20.970626,342745.649,6297106.158
PI449,412,LXWP-87,0,0,3,2025-11-07 18:21:20.970628,342745.649,6297106.158
PI449,412,PFTW-39,1983,4,8,2025-11-07 18:21:20.970629,342745.649,6297106.158
PI449,J13,TBFR-12,1422,0,4,2025-11-07 18:21:20.970630,342745.649,6297106.158
PI449,481,PFVJ-19,4102,11,15,2025-11-07 18:21:20.970631,342745.649,6297106.158
PI449,481,PFVG-58,5634,16,20,2025-11-07 18:21:20.970631,342745.649,6297106.158
PI449,510,PFXB-82,1880,4,8,2025-11-07 18:21:20.970632,342745.649,6297106.158
PI449,510,PFXC-60,5002,14,18,2025-11-07 18:21:20.970633,342745.649,6297106.158
PI449,519,RKXL-31,1353,0,4,2025-11-07 18:21:20.970634,342745.649,6297106.158
PI449,519,RKXL-28,2538,6,10,2025-11-07 18:21:20.970635,342745.649,6297106.158
PI78,105,SJPC-49,1659,3,7,2025-11-07 18:21:23.056223,343099.369,6296285.362
PI78,105,SJPC-67,1949,4,8,2025-11-07 18:21:23.056228,343099.369,6296285.362
PI78,120,SKHG-42,672,0,2,2025-11-07 18:21:23.056230,343099.369,6296285.362
PI78,120,SPZX-42,1085,0,3,2025-11-07 18:21:23.056231,343099.369,6296285.362
PD323,403,SKPK-22,1651,3,7,2025-11-07 18:21:25.172299,349666.341,6297328.73
PD323,403,PFVG-87,3325,9,13,2025-11-07 18:21:25.172304,349666.341,6297328.73
PD323,513,LZPH-18,2055,4,8,2025-11-07 18:21:25.172305,349666.341,6297328.73
PD323,513,VHZZ-30,3144,8,12,2025-11-07 18:21:25.172306,349666.341,6297328.73
PD323,514,FDJX-79,1353,0,4,2025-11-07 18:21:25.172307,349666.341,6297328.73
PD323,514,FLXC-52,5447,15,19,2025-11-07 18:21:25.172308,349666.341,6297328.73
PD323,325,VFJT-92,1831,4,8,2025-11-07 18:21:25.172309,349666.341,6297328.73
PD323,325,VJKR-85,6524,19,23,2025-11-07 18:21:25.172310,349666.341,6297328.73
PD323,422,TBFW-68,1648,3,7,2025-11-07 18:21:25.172311,349666.341,6297328.73
PD323,422,PFXB-90,2212,5,9,2025-11-07 18:21:25.172311,349666.341,6297328.73
PD323,505,VHZX-21,3417,9,13,2025-11-07 18:21:25.172312,349666.341,6297328.73
PD323,505,VHZY-21,3351,9,13,2025-11-07 18:21:25.172313,349666.341,6297328.73
PD323,508,PFWZ-94,3588,9,13,2025-11-07 18:21:25.172314,349666.341,6297328.73
PD323,508,PFXC-30,4290,12,16,2025-11-07 18:21:25.172315,349666.341,6297328.73
PD323,D03,STVX-63,345,0,3,2025-11-07 18:21:25.172316,349666.341,6297328.73
PD323,D03,SVDF-53,1994,4,8,2025-11-07 18:21:25.172316,349666.341,6297328.73
PD323,227,VFPJ-71,1565,3,7,2025-11-07 18:21:25.172317,349666.341,6297328.73
PD323,227,VFPS-87,3812,10,14,2025-11-07 18:21:25.172318,349666.341,6297328.73
PE1533,D17,PFYC-18,1402,0,4,2025-11-07 18:21:27.240335,358577.001,6291260.001
PE1533,D17,PFZK-89,1402,0,4,2025-11-07 18:21:27.240340,358577.001,6291260.001
PI1861,I25,FLXG-15,6775,19,23,2025-11-07 18:21:30.038451,342241.0,6291245.0
PI1861,I25,FLXK-96,8685,27,60,2025-11-07 18:21:30.038456,342241.0,6291245.0
PI1861,I26,PGPS-89,2617,6,10,2025-11-07 18:21:30.038457,342241.0,6291245.0
PI1861,I26,PFYR-76,6661,19,23,2025-11-07 18:21:30.038458,342241.0,6291245.0
PG1789,G02,FLXP-32,143,0,3,2025-11-07 18:21:32.092974,341168.6,6279621.92
PG1789,G02,FLXD-21,487,0,2,2025-11-07 18:21:32.092979,341168.6,6279621.92
PG1789,211c,THTG-90,1868,4,8,2025-11-07 18:21:32.092980,341168.6,6279621.92
PG1789,G22,THTF-51,618,0,2,2025-11-07 18:21:32.092981,341168.6,6279621.92
PC733,C05,LDTF-48,1528,3,7,2025-11-07 18:21:33.707938,360569.62,6307379.39
PC733,C05,SKPJ-50,5781,16,20,2025-11-07 18:21:33.707944,360569.62,6307379.39
PC733,C01c,SPBF-52,448,0,3,2025-11-07 18:21:33.707946,360569.62,6307379.39
PJ924,J10,VHZZ-61,1725,3,7,2025-11-07 18:21:35.515299,338317.707,6297446.101
PJ924,J10,VJBB-41,4521,12,16,2025-11-07 18:21:35.515304,338317.707,6297446.101
PI767,110c,GCBC-56,1573,3,7,2025-11-07 18:21:37.534940,338486.505,6296092.595
PI767,110c,TBFX-55,2162,5,9,2025-11-07 18:21:37.534945,338486.505,6296092.595
PI767,111,BJFX-41,0,0,3,2025-11-07 18:21:37.534947,338486.505,6296092.595
PI767,111,FLXW-75,1006,0,3,2025-11-07 18:21:37.534947,338486.505,6296092.595
PI767,110,LZPH-34,219,0,3,2025-11-07 18:21:37.534948,338486.505,6296092.595
PI767,110,LZPH-36,1378,0,4,2025-11-07 18:21:37.534949,338486.505,6296092.595
PJ646,J02,VHXD-95,3389,9,13,2025-11-07 18:21:39.644557,337921.777,6298965.607
PJ646,J18,VHXJ-82,1935,4,8,2025-11-07 18:21:39.644562,337921.777,6298965.607
PJ646,J18,VHXJ-81,4076,11,15,2025-11-07 18:21:39.644563,337921.777,6298965.607
PH105,115,GCBD-60,741,0,2,2025-11-07 18:21:43.749982,345544.208,6294408.502
PH105,115,PFXC-27,1035,0,3,2025-11-07 18:21:43.749987,345544.208,6294408.502
PH105,125,BJFT-91,5518,15,19,2025-11-07 18:21:43.749988,345544.208,6294408.502
PH105,125,CJRW-21,5248,15,19,2025-11-07 18:21:43.749989,345544.208,6294408.502
PH105,113,FLXX-98,0,0,3,2025-11-07 18:21:43.749990,345544.208,6294408.502
PH105,113,CJRB-43,3556,9,13,2025-11-07 18:21:43.749991,345544.208,6294408.502
PH105,H06,BJFX-14,1225,0,4,2025-11-07 18:21:43.749991,345544.208,6294408.502
PH105,H06,CJRW-11,1881,4,8,2025-11-07 18:21:43.749992,345544.208,6294408.502
PH105,H24,VGRF-65,2306,5,9,2025-11-07 18:21:43.749993,345544.208,6294408.502
PH105,H24,VGRB-24,7040,20,24,2025-11-07 18:21:43.749994,345544.208,6294408.502
PC209,C03,SKPJ-41,10,0,3,2025-11-07 18:21:45.852737,350897.0,6301635.464
PC209,C03,SKPJ-82,144,0,3,2025-11-07 18:21:45.852742,350897.0,6301635.464
PC209,405,PFBG-21,2373,5,9,2025-11-07 18:21:45.852743,350897.0,6301635.464
PC209,405,PFTF-82,5656,16,20,2025-11-07 18:21:45.852744,350897.0,6301635.464
PC209,433c,SLPC-14,640,0,2,2025-11-07 18:21:45.852745,350897.0,6301635.464
PC209,433c,SLPC-48,2160,5,9,2025-11-07 18:21:45.852745,350897.0,6301635.464
PC209,405c,SPBS-53,0,0,3,2025-11-07 18:21:45.852746,350897.0,6301635.464
PC209,405c,PGTV-17,0,0,3,2025-11-07 18:21:45.852747,350897.0,6301635.464
PC209,445c,SPBS-45,6787,19,23,2025-11-07 18:21:45.852748,350897.0,6301635.464
PC209,445c,PGTV-15,6787,19,23,2025-11-07 18:21:45.852749,350897.0,6301635.464
PH1537,385,FLXK-73,7591,22,26,2025-11-07 18:21:47.926088,349130.959,6293033.158
PH1537,385,FLXK-45,9176,29,60,2025-11-07 18:21:47.926093,349130.959,6293033.158
PI1354,I24,VHSX-78,1598,3,7,2025-11-07 18:21:49.480227,330592.806,6291233.782
PI1354,I24,VHSY-15,1675,3,7,2025-11-07 18:21:49.480231,330592.806,6291233.782
PB85,B29,LXDJ-30,2649,6,10,2025-11-07 18:21:51.296639,340782.6,6302789.02
PB85,B29,SKHG-80,6167,17,21,2025-11-07 18:21:51.296644,340782.6,6302789.02
PB85,408e,BJFB-70,2608,6,10,2025-11-07 18:21:51.296645,340782.6,6302789.02
PB85,109,FLXC-46,1381,0,4,2025-11-07 18:21:51.296646,340782.6,6302789.02
PB85,109,FLXS-80,2171,5,9,2025-11-07 18:21:51.296647,340782.6,6302789.02
PB85,110,LZPH-38,1263,0,4,2025-11-07 18:21:51.296648,340782.6,6302789.02
PB85,410,LDSX-94,5797,16,20,2025-11-07 18:21:51.296649,340782.6,6302789.02
PB85,410,LDSX-95,7528,22,26,2025-11-07 18:21:51.296649,340782.6,6302789.02
PB85,105,SJPD-99,2881,7,11,2025-11-07 18:21:51.296650,340782.6,6302789.02
PB85,105,SHXC-20,6679,19,23,2025-11-07 18:21:51.296651,340782.6,6302789.02
PB85,B09,SHCY-49,4075,11,15,2025-11-07 18:21:51.296652,340782.6,6302789.02
PB85,B09,SHCY-46,7644,22,26,2025-11-07 18:21:51.296653,340782.6,6302789.02
PB85,B20,SKHG-79,1943,4,8,2025-11-07 18:21:51.296654,340782.6,6302789.02
PB85,B20,SKHG-73,6470,18,22,2025-11-07 18:21:51.296654,340782.6,6302789.02
PB85,B03,SHXF-27,5635,16,20,2025-11-07 18:21:51.296655,340782.6,6302789.02
PB85,B03,SHCY-47,7856,23,27,2025-11-07 18:21:51.296656,340782.6,6302789.02
PB85,120,SJPC-50,1964,4,8,2025-11-07 18:21:51.296657,340782.6,6302789.02
PB85,120,TXZK-38,1793,4,8,2025-11-07 18:21:51.296658,340782.6,6302789.02
PB85,408,SRTG-98,235,0,3,2025-11-07 18:21:51.296659,340782.6,6302789.02
PB85,408,SRTK-47,2797,7,11,2025-11-07 18:21:51.296660,340782.6,6302789.02
PC351,C13,SHXF-94,4415,12,16,2025-11-07 18:21:53.425773,358784.0,6306327.86
PC351,C28,SKPP-24,2149,5,9,2025-11-07 18:21:53.425778,358784.0,6306327.86
PC351,C28,SKDJ-84,6682,19,23,2025-11-07 18:21:53.425779,358784.0,6306327.86
PC351,C01c,PGBZ-18,2310,5,9,2025-11-07 18:21:53.425780,358784.0,6306327.86
PC351,C01c,PFYC-52,3821,10,14,2025-11-07 18:21:53.425781,358784.0,6306327.86
PC351,C05,SKPJ-50,2501,6,10,2025-11-07 18:21:53.425781,358784.0,6306327.86
PC351,C05,SKPK-36,3343,9,13,2025-11-07 18:21:53.425782,358784.0,6306327.86
PC351,C19,SGPY-87,2341,5,9,2025-11-07 18:21:53.425783,358784.0,6306327.86
PC351,C19,SGPY-88,6139,17,21,2025-11-07 18:21:53.425784,358784.0,6306327.86
PC351,542,TBFX-54,4461,12,16,2025-11-07 18:21:53.425785,358784.0,6306327.86
PC351,542,TBFX-39,11344,36,60,2025-11-07 18:21:53.425786,358784.0,6306327.86
PC351,411,PGBY-57,4191,11,15,2025-11-07 18:21:53.425786,358784.0,6306327.86
PC351,411,SPBF-42,6155,17,21,2025-11-07 18:21:53.425787,358784.0,6306327.86
PC351,406c,SKWD-68,6434,18,22,2025-11-07 18:21:53.425788,358784.0,6306327.86
PC351,C01,LCSX-53,0,0,3,2025-11-07 18:21:53.425789,358784.0,6306327.86
PC351,C01,LCPW-35,2294,5,9,2025-11-07 18:21:53.425790,358784.0,6306327.86
PC351,502,BJFD-73,0,0,3,2025-11-07 18:21:53.425791,358784.0,6306327.86
PC351,502,TBFW-22,4461,12,16,2025-11-07 18:21:53.425791,358784.0,6306327.86
PB1084,B24,LDJV-50,1364,0,4,2025-11-07 18:21:55.261423,341919.779,6304192.336
PB1084,B24,SKHG-37,2728,7,11,2025-11-07 18:21:55.261428,341919.779,6304192.336
PB1084,B28,STHF-45,2453,6,10,2025-11-07 18:21:55.261429,341919.779,6304192.336
PI379,431c,PFVG-54,663,0,2,2025-11-07 18:21:57.296303,336461.319,6289071.109
PI379,431c,PFVD-29,1747,4,8,2025-11-07 18:21:57.296308,336461.319,6289071.109
PI379,106,PFVH-99,406,0,3,2025-11-07 18:21:57.296309,336461.319,6289071.109
PI379,106,PFYR-80,4344,12,16,2025-11-07 18:21:57.296310,336461.319,6289071.109
PI379,401,PFBG-12,4678,13,17,2025-11-07 18:21:57.296311,336461.319,6289071.109
PI379,506,GCBC-67,548,0,3,2025-11-07 18:21:57.296312,336461.319,6289071.109
PI379,506,TBFX-40,2350,9,13,2025-11-07 18:21:57.296313,336461.319,6289071.109
PI379,506v,SZZY-76,2180,5,9,2025-11-07 18:21:57.296314,336461.319,6289071.109
PI379,506v,FLXW-10,3604,9,13,2025-11-07 18:21:57.296314,336461.319,6289071.109
PD1609,H24,VGRF-85,2822,7,11,2025-11-07 18:21:59.434289,349510.89,6293675.57
PD1609,H24,VGRC-23,4753,13,17,2025-11-07 18:21:59.434294,349510.89,6293675.57
PI1255,I02,FLXY-58,1312,0,4,2025-11-07 18:22:00.979041,334132.572,6290103.814
PJ573,J01,FLXD-53,1482,3,7,2025-11-07 18:22:03.037495,340971.544,6301618.176
PJ573,J01,FLXH-79,4098,11,15,2025-11-07 18:22:03.037500,340971.544,6301618.176
PB1377,B19,SHCY-56,1313,0,4,2025-11-07 18:22:06.602960,345479.302,6305568.906
PB1377,B41,GCBB-53,814,0,3,2025-11-07 18:22:06.602965,345479.302,6305568.906
PB1377,B41,GCBC-20,1627,3,7,2025-11-07 18:22:06.602966,345479.302,6305568.906
PG674,G01,THTD-85,1348,0,4,2025-11-07 18:22:08.752674,344616.315,6288734.688
PG674,G01,THTF-48,1348,0,4,2025-11-07 18:22:08.752679,344616.315,6288734.688
PG674,G01c,THTG-97,2184,5,9,2025-11-07 18:22:08.752681,344616.315,6288734.688
PG674,G01c,THTD-95,3057,8,12,2025-11-07 18:22:08.752681,344616.315,6288734.688
PJ365,503,VGTX-83,2873,7,11,2025-11-07 18:22:10.832122,337324.405,6299427.421
PJ365,503,VGVG-35,2886,7,11,2025-11-07 18:22:10.832128,337324.405,6299427.421
PJ365,504,TBFS-21,5638,16,20,2025-11-07 18:22:10.832129,337324.405,6299427.421
PJ365,504,TBFX-35,8747,28,60,2025-11-07 18:22:10.832130,337324.405,6299427.421
PD34,103,SPBR-29,3660,10,14,2025-11-07 18:22:13.293637,351194.427,6292561.44
PD34,103,PGTV-30,4863,13,17,2025-11-07 18:22:13.293643,351194.427,6292561.44
PD34,117,SPBS-61,430,0,3,2025-11-07 18:22:13.293644,351194.427,6292561.44
PD34,117,PGLD-76,1921,4,8,2025-11-07 18:22:13.293645,351194.427,6292561.44
PC684,C03,SGPY-70,1759,4,8,2025-11-07 18:22:17.446086,354079.902,6305647.285
PC684,C03,LWTK-66,1920,4,8,2025-11-07 18:22:17.446092,354079.902,6305647.285
PD297,517,VHZV-51,1949,4,8,2025-11-07 18:22:19.501515,356853.337,6297369.718
PD297,D03c,SVDC-43,3260,8,12,2025-11-07 18:22:19.501520,356853.337,6297369.718
PD297,D03c,SVDC-91,4451,12,16,2025-11-07 18:22:19.501521,356853.337,6297369.718
PD297,225,VFJP-12,1866,4,8,2025-11-07 18:22:19.501522,356853.337,6297369.718
PD297,225,VJKS-46,4174,11,15,2025-11-07 18:22:19.501523,356853.337,6297369.718
PD297,227,VFPD-51,1615,3,7,2025-11-07 18:22:19.501523,356853.337,6297369.718
PB1415,B21,SHCV-81,2869,7,11,2025-11-07 18:22:21.536957,346123.325,6303362.444
PB1415,B21,SKDJ-67,4550,12,16,2025-11-07 18:22:21.536962,346123.325,6303362.444
PB2117,B24,STHD-54,1137,0,4,2025-11-07 18:22:23.604797,342150.0,6303774.0
PB2117,B24,SKHG-74,2224,5,9,2025-11-07 18:22:23.604802,342150.0,6303774.0
PB2117,B28,SKHG-39,3775,10,14,2025-11-07 18:22:23.604803,342150.0,6303774.0
PB2117,B28,SPZX-56,8960,28,60,2025-11-07 18:22:23.604804,342150.0,6303774.0
PG1017,G09,SFGY-22,3351,9,13,2025-11-07 18:22:25.711727,344760.144,6281480.514
PG1017,G09,SHCV-39,5957,17,21,2025-11-07 18:22:25.711732,344760.144,6281480.514
PA96,203e,SFWB-35,695,0,2,2025-11-07 18:22:27.780582,347121.74,6296427.8
PA96,203e,SFWZ-53,894,0,3,2025-11-07 18:22:27.780587,347121.74,6296427.8
PA96,206,FLXY-21,12,0,3,2025-11-07 18:22:27.780588,347121.74,6296427.8
PA96,206,FLXY-59,835,0,3,2025-11-07 18:22:27.780589,347121.74,6296427.8
PA96,H06,FLXK-53,245,0,3,2025-11-07 18:22:27.780590,347121.74,6296427.8
PA96,H06,CJRB-13,249,0,3,2025-11-07 18:22:27.780590,347121.74,6296427.8
PA96,385,FLXK-73,2369,5,9,2025-11-07 18:22:27.780591,347121.74,6296427.8
PA96,385,FLXK-45,3647,10,14,2025-11-07 18:22:27.780592,347121.74,6296427.8
PA96,203,SFVZ-85,593,0,2,2025-11-07 18:22:27.780593,347121.74,6296427.8
PA96,203,LZRB-84,654,0,2,2025-11-07 18:22:27.780594,347121.74,6296427.8
PD941,D07,STRJ-56,509,0,2,2025-11-07 18:22:31.647492,351092.134,6294426.293
PD941,D07,SVDD-29,4831,13,17,2025-11-07 18:22:31.647497,351092.134,6294426.293
PG928,G08v,FLXP-13,386,0,3,2025-11-07 18:22:33.726126,343029.47,6278935.514
PG928,G08v,FLXV-13,2942,7,11,2025-11-07 18:22:33.726131,343029.47,6278935.514
PG928,G08,THTG-62,1118,0,4,2025-11-07 18:22:33.726132,343029.47,6278935.514
PG928,G38,THTF-97,1592,3,7,2025-11-07 18:22:33.726133,343029.47,6278935.514
PJ110,J01,FLXG-26,4057,11,15,2025-11-07 18:22:35.830838,335294.762,6297232.855
PJ110,J01,FLXD-42,6761,19,23,2025-11-07 18:22:35.830844,335294.762,6297232.855
PJ110,428,SHCX-59,5141,14,18,2025-11-07 18:22:35.830845,335294.762,6297232.855
PJ110,428,SJPF-94,5306,15,19,2025-11-07 18:22:35.830846,335294.762,6297232.855
PJ110,428e,SJPF-91,2925,7,11,2025-11-07 18:22:35.830848,335294.762,6297232.855
PJ110,428e,SHCV-84,13087,41,60,2025-11-07 18:22:35.830848,335294.762,6297232.855
PJ110,444,SJPB-21,5337,15,19,2025-11-07 18:22:35.830850,335294.762,6297232.855
PJ110,444,SHXF-13,12027,38,60,2025-11-07 18:22:35.830850,335294.762,6297232.855
PB1118,B22,SKPS-49,744,0,2,2025-11-07 18:22:37.893200,344649.199,6304128.16
PB1118,B22,SKPS-31,2976,7,11,2025-11-07 18:22:37.893206,344649.199,6304128.16
PB1118,230,GCBB-16,218,0,3,2025-11-07 18:22:37.893208,344649.199,6304128.16
PB1118,230,GCBB-12,1238,0,4,2025-11-07 18:22:37.893209,344649.199,6304128.16
PB1118,B10,HYFL-60,2641,6,10,2025-11-07 18:22:37.893210,344649.199,6304128.16
PI75,105,SJPC-49,114,0,3,2025-11-07 18:22:39.509092,343155.697,6295267.618
PI75,105,SJPC-67,0,0,3,2025-11-07 18:22:39.509097,343155.697,6295267.618
PI75,120,SPZX-42,159,0,3,2025-11-07 18:22:39.509099,343155.697,6295267.618
PI75,120,SJTD-61,3811,10,14,2025-11-07 18:22:39.509100,343155.697,6295267.618
PD838,D05,PGTV-19,678,0,2,2025-11-07 18:22:41.334836,349908.549,6295910.488
PD838,D05,PGBY-87,1703,3,7,2025-11-07 18:22:41.334842,349908.549,6295910.488
PE1430,233,SCRZ-11,900,0,3,2025-11-07 18:22:43.479633,348623.7,6289329.4
PE1430,233,SHXB-11,2457,6,10,2025-11-07 18:22:43.479638,348623.7,6289329.4
PE1430,E02,VKJY-74,478,0,2,2025-11-07 18:22:43.479639,348623.7,6289329.4
PE1430,E02,VKJY-12,1571,3,7,2025-11-07 18:22:43.479640,348623.7,6289329.4
PD1643,106,PFYR-86,394,0,3,2025-11-07 18:22:50.864014,350464.0,6297301.0
PD1643,106,PFVG-42,2161,5,9,2025-11-07 18:22:50.864019,350464.0,6297301.0
PD1643,126,FLXD-68,2931,7,11,2025-11-07 18:22:50.864021,350464.0,6297301.0
PD1643,126,CJRW-60,7088,20,24,2025-11-07 18:22:50.864021,350464.0,6297301.0
PB818,B20,SKHG-79,2694,7,11,2025-11-07 18:22:57.874437,340070.375,6302568.52
PB818,B20,SKHG-73,6720,19,23,2025-11-07 18:22:57.874442,340070.375,6302568.52
PB818,B03,SPZX-41,2143,5,9,2025-11-07 18:22:57.874443,340070.375,6302568.52
PB818,B03,LJDL-48,3055,8,12,2025-11-07 18:22:57.874444,340070.375,6302568.52
PD801,D03,SVDD-63,2131,5,9,2025-11-07 18:23:00.962696,354495.589,6296133.357
PD801,D03,SVDC-90,5007,14,18,2025-11-07 18:23:00.962701,354495.589,6296133.357
PD801,D10,SPBS-49,187,0,3,2025-11-07 18:23:00.962702,354495.589,6296133.357
PD801,D10,SVDC-60,3336,9,13,2025-11-07 18:23:00.962703,354495.589,6296133.357
PG256,F06,SPZY-79,2669,6,10,2025-11-07 18:23:04.961324,347902.573,6282986.117
PG256,F06,SPZY-54,6219,18,22,2025-11-07 18:23:04.961330,347902.573,6282986.117
PG256,203N,SFWB-89,18038,57,60,2025-11-07 18:23:04.961331,347902.573,6282986.117
PG256,F20,SPZX-74,5398,15,19,2025-11-07 18:23:04.961332,347902.573,6282986.117
PG256,F20,SPZY-25,8184,26,60,2025-11-07 18:23:04.961332,347902.573,6282986.117
PG256,216,GCBF-46,1650,3,7,2025-11-07 18:23:04.961333,347902.573,6282986.117
PG256,216,LZPT-50,1859,4,8,2025-11-07 18:23:04.961334,347902.573,6282986.117
PG256,216y,SFWB-85,2654,6,10,2025-11-07 18:23:04.961335,347902.573,6282986.117
PG256,G28,BJFX-44,534,0,2,2025-11-07 18:23:04.961336,347902.573,6282986.117
PG256,G28,BJFW-87,1728,3,7,2025-11-07 18:23:04.961336,347902.573,6282986.117
PC28,104,SKWD-36,795,0,3,2025-11-07 18:23:06.479505,351298.116,6298638.126
PC28,104,SKWD-67,2420,6,10,2025-11-07 18:23:06.479510,351298.116,6298638.126
PC28,212,LZPT-53,206,0,3,2025-11-07 18:23:06.479511,351298.116,6298638.126
PC28,212,LZPR-93,1230,0,4,2025-11-07 18:23:06.479512,351298.116,6298638.126
PG402,302,BJFT-89,1596,3,7,2025-11-07 18:23:08.560033,346632.951,6286892.603
PG402,302,BJFX-61,5244,15,19,2025-11-07 18:23:08.560038,346632.951,6286892.603
PG402,E18,BJFX-11,1999,4,8,2025-11-07 18:23:08.560039,346632.951,6286892.603
PG402,E18,BJFW-83,2859,7,11,2025-11-07 18:23:08.560040,346632.951,6286892.603
PB1094,B09,SHCY-49,5552,16,20,2025-11-07 18:23:10.615465,339551.539,6303455.212
PB1094,B09,SHCY-46,9562,30,60,2025-11-07 18:23:10.615469,339551.539,6303455.212
PB1094,120,SJPC-50,3280,8,12,2025-11-07 18:23:10.615470,339551.539,6303455.212
PB1094,120,TXZK-38,3103,8,12,2025-11-07 18:23:10.615471,339551.539,6303455.212
PB1094,B29,SKHG-82,206,0,3,2025-11-07 18:23:10.615472,339551.539,6303455.212
PB1094,B29,LXDJ-30,4218,11,15,2025-11-07 18:23:10.615473,339551.539,6303455.212
PB537,307,TWPC-64,150,0,3,2025-11-07 18:23:12.790001,337337.83,6307327.88
PB537,307,VHTB-32,1215,0,4,2025-11-07 18:23:12.790005,337337.83,6307327.88
PB537,307c,FLXF-23,1678,3,7,2025-11-07 18:23:12.790007,337337.83,6307327.88
PB537,315e,FLXJ-51,1678,3,7,2025-11-07 18:23:12.790008,337337.83,6307327.88
PB537,315e,TWPD-70,1678,3,7,2025-11-07 18:23:12.790008,337337.83,6307327.88
PB537,B45,VHSZ-37,1268,0,4,2025-11-07 18:23:12.790009,337337.83,6307327.88
PB537,B45,TWPD-32,1522,3,7,2025-11-07 18:23:12.790010,337337.83,6307327.88
PB537,B21,SKDH-69,683,0,2,2025-11-07 18:23:12.790011,337337.83,6307327.88
PG432,E02,VKJY-12,282,0,3,2025-11-07 18:23:14.565040,347349.178,6289377.517
PJ1941,J03,FLXS-84,3346,9,13,2025-11-07 18:23:16.613225,336061.41,6300985.59
PJ1941,J03,FLXG-25,6987,20,24,2025-11-07 18:23:16.613230,336061.41,6300985.59
PJ1941,J04,GCBD-36,793,0,3,2025-11-07 18:23:16.613232,336061.41,6300985.59
PJ1941,J13,TBFX-30,3134,8,12,2025-11-07 18:23:16.613233,336061.41,6300985.59
PJ1941,J13,BJFF-54,6952,20,24,2025-11-07 18:23:16.613233,336061.41,6300985.59
PI1869,I25,FLXG-15,8888,28,60,2025-11-07 18:23:18.706568,341879.0,6290244.0
PI1869,I25,FLXL-72,9689,31,60,2025-11-07 18:23:18.706573,341879.0,6290244.0
PE704,E11,VKJX-50,2359,5,9,2025-11-07 18:23:20.763936,352315.609,6285351.405
PE704,E11,VKJX-60,3790,10,14,2025-11-07 18:23:20.763941,352315.609,6285351.405
PE704,E12,VFJD-79,8281,26,60,2025-11-07 18:23:20.763942,352315.609,6285351.405
PE704,E12,VFKW-18,9715,31,60,2025-11-07 18:23:20.763943,352315.609,6285351.405
PG1316,G18,SDSW-79,2552,6,10,2025-11-07 18:23:22.867271,348174.756,6288301.372
PG1316,G18,SHXB-21,2910,7,11,2025-11-07 18:23:22.867276,348174.756,6288301.372
PC1046,504,GCBD-54,1085,0,3,2025-11-07 18:23:24.963640,357340.686,6300678.328
PC1046,504,PFWZ-69,1952,4,8,2025-11-07 18:23:24.963645,357340.686,6300678.328
PC1046,C16,LDTB-40,240,0,3,2025-11-07 18:23:24.963646,357340.686,6300678.328
PC1046,C16,LFGJ-99,677,0,2,2025-11-07 18:23:24.963647,357340.686,6300678.328
PJ1698,J06,FLXZ-88,1578,3,7,2025-11-07 18:23:27.050963,340612.862,6297434.871
PC779,406c,SKHL-35,2259,5,9,2025-11-07 18:23:28.971768,358755.532,6308372.252
PC779,406c,SKWD-35,4389,12,16,2025-11-07 18:23:28.971773,358755.532,6308372.252
PC779,C09,LDTF-44,3131,8,12,2025-11-07 18:23:28.971774,358755.532,6308372.252
PC779,C09,LDTG-55,3526,9,13,2025-11-07 18:23:28.971774,358755.532,6308372.252
PC779,C28,SGPY-61,0,0,3,2025-11-07 18:23:28.971775,358755.532,6308372.252
PC779,C28,SGPY-84,4412,12,16,2025-11-07 18:23:28.971776,358755.532,6308372.252
PJ679,J02,VHXJ-10,8862,28,60,2025-11-07 18:23:31.100435,336566.417,6299049.699
PJ679,J02,VHZX-50,9956,31,60,2025-11-07 18:23:31.100439,336566.417,6299049.699
PD716,D15,SVDF-23,2145,5,9,2025-11-07 18:23:33.174039,355975.721,6298412.859
PD716,D15,SVDC-37,2738,7,11,2025-11-07 18:23:33.174044,355975.721,6298412.859
PA677,H07,CJRY-80,2024,4,8,2025-11-07 18:23:35.228927,344668.223,6294642.336
PA677,H07,BJFZ-55,3093,8,12,2025-11-07 18:23:35.228933,344668.223,6294642.336
PA677,345,FLXF-36,2231,5,9,2025-11-07 18:23:35.228934,344668.223,6294642.336
PA677,345,FLXD-75,7232,21,25,2025-11-07 18:23:35.228935,344668.223,6294642.336
PA677,I01,FLXG-96,2609,6,10,2025-11-07 18:23:35.228936,344668.223,6294642.336
PB1890,J07,VHZY-50,605,0,2,2025-11-07 18:23:37.331266,334608.8,6302702.42
PB1890,J07,VJBC-90,927,0,3,2025-11-07 18:23:37.331271,334608.8,6302702.42
PB1890,428,SKPK-41,255,0,3,2025-11-07 18:23:37.331272,334608.8,6302702.42
PB1890,428,SKPH-81,553,0,2,2025-11-07 18:23:37.331273,334608.8,6302702.42
PJ1021,J06,FLXZ-85,2457,6,10,2025-11-07 18:23:39.525324,338222.36,6298125.882
PA15,345,CJRW-17,585,0,2,2025-11-07 18:23:41.056760,344279.18,6297518.61
PA15,345,FLXF-17,5730,16,20,2025-11-07 18:23:41.056765,344279.18,6297518.61
PA15,I18,FLXY-79,1633,3,7,2025-11-07 18:23:41.056766,344279.18,6297518.61
PA15,I18,VHTB-54,3241,8,12,2025-11-07 18:23:41.056767,344279.18,6297518.61
PA15,507,GCBD-77,0,0,3,2025-11-07 18:23:41.056768,344279.18,6297518.61
PA15,507,GCBD-62,0,0,3,2025-11-07 18:23:41.056769,344279.18,6297518.61
PA15,B26,FLXP-69,0,0,3,2025-11-07 18:23:41.056770,344279.18,6297518.61
PA15,B26,FLXP-77,225,0,3,2025-11-07 18:23:41.056771,344279.18,6297518.61
PA15,511,TBFX-22,1633,3,7,2025-11-07 18:23:41.056772,344279.18,6297518.61
PA15,511,TBFR-44,1847,4,8,2025-11-07 18:23:41.056773,344279.18,6297518.61
PA15,109,TBFX-13,2320,5,9,2025-11-07 18:23:41.056774,344279.18,6297518.61
PA15,109,FLXC-54,2148,5,9,2025-11-07 18:23:41.056775,344279.18,6297518.61
PF562,F12,LBTS-91,1604,3,7,2025-11-07 18:23:43.466737,352742.67,6278434.962
PF562,124,TXZH-43,0,0,3,2025-11-07 18:23:43.466742,352742.67,6278434.962
PF562,124,SRVG-70,3926,10,14,2025-11-07 18:23:43.466743,352742.67,6278434.962
PC602,C17,SGPW-52,192,0,3,2025-11-07 18:23:45.562244,360244.349,6308303.993
PC602,C01,LCSX-51,0,0,3,2025-11-07 18:23:45.562249,360244.349,6308303.993
PC602,C01,LCPW-45,530,0,2,2025-11-07 18:23:45.562250,360244.349,6308303.993
PF146,226,VFRF-65,939,0,3,2025-11-07 18:23:49.693942,354370.628,6283031.738
PF146,226,VFPL-35,3810,10,14,2025-11-07 18:23:49.693948,354370.628,6283031.738
PJ1812,505,VHZX-60,1323,0,4,2025-11-07 18:23:51.749116,341537.102,6300852.56
PJ1812,505,VJBC-30,2228,5,9,2025-11-07 18:23:51.749121,341537.102,6300852.56
PJ1812,513,VHZZ-60,1404,0,4,2025-11-07 18:23:51.749122,341537.102,6300852.56
PJ1812,513,VHZV-61,6260,18,22,2025-11-07 18:23:51.749123,341537.102,6300852.56
PB106,107,PGPV-86,1528,3,7,2025-11-07 18:23:53.806113,348723.684,6303569.699
PB106,107,PGRZ-74,2407,6,10,2025-11-07 18:23:53.806119,348723.684,6303569.699
PB106,107c,SPBS-47,171,0,3,2025-11-07 18:23:53.806120,348723.684,6303569.699
PB106,272,VFHT-80,0,0,3,2025-11-07 18:23:53.806121,348723.684,6303569.699
PB106,272,VFHL-60,2503,6,10,2025-11-07 18:23:53.806122,348723.684,6303569.699
PB106,116,LCPW-41,505,0,2,2025-11-07 18:23:53.806123,348723.684,6303569.699
PB106,116,LDJJ-82,3546,9,13,2025-11-07 18:23:53.806124,348723.684,6303569.699
PB106,B02,FLXS-32,5159,14,18,2025-11-07 18:23:53.806125,348723.684,6303569.699
PB106,B02,FLXR-74,5368,15,19,2025-11-07 18:23:53.806126,348723.684,6303569.699
PD652,511,PFXB-18,970,0,3,2025-11-07 18:23:55.904476,350020.4,6295406.576
PD652,511,PFXB-48,2508,6,10,2025-11-07 18:23:55.904482,350020.4,6295406.576
PD652,D05,PGTV-19,1215,0,4,2025-11-07 18:23:55.904483,350020.4,6295406.576
PD652,D05,PGBY-87,2091,5,9,2025-11-07 18:23:55.904484,350020.4,6295406.576
PE196,E13,VFKR-64,301,0,3,2025-11-07 18:23:57.984698,351053.67,6287794.19
PE196,E13,VFJT-99,1203,0,4,2025-11-07 18:23:57.984704,351053.67,6287794.19
PA352,303,FLXF-79,0,0,3,2025-11-07 18:23:59.541491,345755.84,6299303.51
PA352,303,FLXF-24,706,0,2,2025-11-07 18:23:59.541497,345755.84,6299303.51
PA352,314,TWPD-92,1563,3,7,2025-11-07 18:23:59.541498,345755.84,6299303.51
PA352,314,TWPD-94,5577,16,20,2025-11-07 18:23:59.541499,345755.84,6299303.51
PA352,315e,FLXG-99,3316,8,12,2025-11-07 18:23:59.541500,345755.84,6299303.51
PA352,315e,VHTB-27,4512,12,16,2025-11-07 18:23:59.541501,345755.84,6299303.51
PA352,119,FLXF-98,335,0,3,2025-11-07 18:23:59.541502,345755.84,6299303.51
PA352,119,BJFT-97,2218,5,9,2025-11-07 18:23:59.541503,345755.84,6299303.51
PA352,502,TBFT-36,3381,9,13,2025-11-07 18:23:59.541504,345755.84,6299303.51
PA352,502,TBFS-40,4813,13,17,2025-11-07 18:23:59.541505,345755.84,6299303.51
PA352,503,VGVF-84,1215,0,4,2025-11-07 18:23:59.541506,345755.84,6299303.51
PA352,503,VGTW-91,4909,14,18,2025-11-07 18:23:59.541506,345755.84,6299303.51
PA352,517,VHZV-91,5820,16,20,2025-11-07 18:23:59.541507,345755.84,6299303.51
PA352,517,VHZW-61,8638,27,60,2025-11-07 18:23:59.541508,345755.84,6299303.51
PA352,518,TBFT-89,569,0,2,2025-11-07 18:23:59.541509,345755.84,6299303.51
PA352,518,TBFX-78,6024,17,21,2025-11-07 18:23:59.541510,345755.84,6299303.51
PH1505,321,CJRY-76,407,0,3,2025-11-07 18:24:01.825797,343704.291,6290379.317
PH1505,329,FLXR-35,5274,15,19,2025-11-07 18:24:01.825803,343704.291,6290379.317
PG322,G04,SFPF-81,897,0,3,2025-11-07 18:24:03.640795,345968.043,6286789.137
PG322,G04,SDSW-54,1564,3,7,2025-11-07 18:24:03.640801,345968.043,6286789.137
PG322,G13,SCRZ-39,332,0,3,2025-11-07 18:24:03.640802,345968.043,6286789.137
PG322,G13,SFPF-92,1359,0,4,2025-11-07 18:24:03.640804,345968.043,6286789.137
PG322,228,THTF-82,59,0,3,2025-11-07 18:24:03.640805,345968.043,6286789.137
PG322,228,THTD-79,1709,3,7,2025-11-07 18:24:03.640805,345968.043,6286789.137
PG322,E18,BJFX-11,2875,7,11,2025-11-07 18:24:03.640807,345968.043,6286789.137
PG322,E18,BJFW-83,3821,10,14,2025-11-07 18:24:03.640807,345968.043,6286789.137
PE382,322,FLXR-54,332,0,3,2025-11-07 18:24:05.467684,353495.545,6289663.851
PE382,322,BJFW-72,1548,3,7,2025-11-07 18:24:05.467689,353495.545,6289663.851
PE382,E03,BJFZ-12,619,0,2,2025-11-07 18:24:05.467690,353495.545,6289663.851
PE382,E03,BJFV-11,2286,5,9,2025-11-07 18:24:05.467691,353495.545,6289663.851
PE382,E06,BJFX-40,2012,4,8,2025-11-07 18:24:05.467692,353495.545,6289663.851
PE382,108,PGPT-48,166,0,3,2025-11-07 18:24:05.467693,353495.545,6289663.851
PE382,108,PFYS-36,5220,14,18,2025-11-07 18:24:05.467693,353495.545,6289663.851
PH586,H07,CJRW-26,629,0,2,2025-11-07 18:24:07.493940,343516.113,6291403.055
PH586,H07,CJRW-30,3211,8,12,2025-11-07 18:24:07.493946,343516.113,6291403.055
PG1593,201e,VFHS-98,3,0,3,2025-11-07 18:24:09.599751,342045.117,6286363.624
PG1593,201e,VFHJ-21,5870,17,21,2025-11-07 18:24:09.599755,342045.117,6286363.624
PI1233,345,FLXF-17,1006,0,3,2025-11-07 18:24:11.689452,344084.727,6293692.453
PI1233,345,FLXF-37,5273,15,19,2025-11-07 18:24:11.689458,344084.727,6293692.453
PI566,509,CJRW-73,858,0,3,2025-11-07 18:24:13.729980,337044.717,6290127.143
PI566,509,FLXX-46,3697,10,14,2025-11-07 18:24:13.729984,337044.717,6290127.143
PB1546,201e,VFHJ-88,698,0,2,2025-11-07 18:24:15.784993,340958.227,6283472.573
PB1546,201e,VFHL-56,1727,3,7,2025-11-07 18:24:15.784999,340958.227,6283472.573
PD69,104,SKWD-59,1615,3,7,2025-11-07 18:24:17.827621,351381.839,6293256.903
PD69,104,SKWD-23,1777,4,8,2025-11-07 18:24:17.827627,351381.839,6293256.903
PD69,212,LZPR-89,1645,3,7,2025-11-07 18:24:17.827628,351381.839,6293256.903
PD69,212,GCBF-49,1850,4,8,2025-11-07 18:24:17.827629,351381.839,6293256.903
PD69,224,VFPH-21,2125,5,9,2025-11-07 18:24:17.827630,351381.839,6293256.903
PD69,224,VFRB-67,4074,11,15,2025-11-07 18:24:17.827631,351381.839,6293256.903
PD69,126,FLXT-30,1824,4,8,2025-11-07 18:24:17.827632,351381.839,6293256.903
PD69,126,FLXT-43,5813,16,20,2025-11-07 18:24:17.827633,351381.839,6293256.903
PD69,106,PGPT-17,4564,12,16,2025-11-07 18:24:17.827634,351381.839,6293256.903
PD69,106,PFVD-62,4763,13,17,2025-11-07 18:24:17.827635,351381.839,6293256.903
PH648,H09,VGRG-14,495,0,2,2025-11-07 18:24:19.493802,347647.56,6293380.51
PH648,H09,VGRG-24,2088,5,9,2025-11-07 18:24:19.493807,347647.56,6293380.51
PC227,502,TBFV-16,3666,10,14,2025-11-07 18:24:21.321955,355514.994,6304988.616
PC227,502,PFXB-96,5711,16,20,2025-11-07 18:24:21.321960,355514.994,6304988.616
PC227,405,PFBG-21,7935,23,27,2025-11-07 18:24:21.321961,355514.994,6304988.616
PC227,405,PFTF-82,11580,37,60,2025-11-07 18:24:21.321962,355514.994,6304988.616
PC227,542,TBFX-54,21,0,3,2025-11-07 18:24:21.321963,355514.994,6304988.616
PC227,542,TBFX-39,6585,19,23,2025-11-07 18:24:21.321963,355514.994,6304988.616
PC227,435,SLLZ-51,3076,8,12,2025-11-07 18:24:21.321964,355514.994,6304988.616
PC227,435,SLGT-29,4888,13,17,2025-11-07 18:24:21.321965,355514.994,6304988.616
PC227,405c,SPBS-46,4664,13,17,2025-11-07 18:24:21.321966,355514.994,6304988.616
PC227,405c,PGTV-17,5819,16,20,2025-11-07 18:24:21.321967,355514.994,6304988.616
PE350,F25,SRVF-83,822,0,3,2025-11-07 18:24:23.396141,353054.875,6286886.895
PE350,F25,TXZH-42,3624,9,13,2025-11-07 18:24:23.396146,353054.875,6286886.895
PE350,E02,VKJZ-36,99,0,3,2025-11-07 18:24:23.396147,353054.875,6286886.895
PE350,E02,VKJZ-46,2682,6,10,2025-11-07 18:24:23.396148,353054.875,6286886.895
PE350,E08,VKJY-64,256,0,3,2025-11-07 18:24:23.396149,353054.875,6286886.895
PE350,E08,VKJY-89,4345,12,16,2025-11-07 18:24:23.396150,353054.875,6286886.895
PI235,431c,PFVG-54,4478,12,16,2025-11-07 18:24:25.546576,336927.394,6292684.859
PI235,431c,PFVD-29,5422,15,19,2025-11-07 18:24:25.546581,336927.394,6292684.859
PI235,405,PDYS-16,1661,3,7,2025-11-07 18:24:25.546582,336927.394,6292684.859
PI235,405,PFVK-84,4610,13,17,2025-11-07 18:24:25.546583,336927.394,6292684.859
PI235,419,PGPT-29,1741,3,7,2025-11-07 18:24:25.546584,336927.394,6292684.859
PI235,419,PFVL-11,1530,3,7,2025-11-07 18:24:25.546585,336927.394,6292684.859
PI235,421,PFYG-91,3582,9,13,2025-11-07 18:24:25.546586,336927.394,6292684.859
PI235,421,PFYG-60,7069,20,24,2025-11-07 18:24:25.546586,336927.394,6292684.859
PI235,506v,FLXW-37,1906,4,8,2025-11-07 18:24:25.546587,336927.394,6292684.859
PI235,506v,TBFV-23,3418,9,13,2025-11-07 18:24:25.546588,336927.394,6292684.859
PI235,I07,VHSZ-39,1280,0,4,2025-11-07 18:24:25.546589,336927.394,6292684.859
PI235,I07,VHTB-22,3720,10,14,2025-11-07 18:24:25.546590,336927.394,6292684.859
PI235,I09e,RWRP-68,1193,0,4,2025-11-07 18:24:25.546591,336927.394,6292684.859
PI235,I09e,FLXY-82,3925,10,14,2025-11-07 18:24:25.546591,336927.394,6292684.859
PI235,111,FLXY-24,2718,7,11,2025-11-07 18:24:25.546592,336927.394,6292684.859
PI235,111,FLXJ-33,4538,12,16,2025-11-07 18:24:25.546593,336927.394,6292684.859
PI235,I09,FLXZ-16,677,0,2,2025-11-07 18:24:25.546594,336927.394,6292684.859
PI235,I09,VHTB-39,2969,7,11,2025-11-07 18:24:25.546595,336927.394,6292684.859
PI235,106,PFVH-99,3860,10,14,2025-11-07 18:24:25.546596,336927.394,6292684.859
PI235,106,PFYR-80,8505,27,60,2025-11-07 18:24:25.546597,336927.394,6292684.859
PI235,401,PFBG-12,8354,26,60,2025-11-07 18:24:25.546598,336927.394,6292684.859
PI235,506,TBFS-51,692,0,2,2025-11-07 18:24:25.546599,336927.394,6292684.859
PI235,506,GCBC-36,2797,13,17,2025-11-07 18:24:25.546599,336927.394,6292684.859
PI235,110,LXWR-78,250,0,3,2025-11-07 18:24:25.546600,336927.394,6292684.859
PI235,110,LXWR-92,2254,5,9,2025-11-07 18:24:25.546601,336927.394,6292684.859
PB1472,B26,FLXS-57,2124,5,9,2025-11-07 18:24:27.617353,344237.227,6302140.154
PB1472,B26,HVFH-33,5328,15,19,2025-11-07 18:24:27.617358,344237.227,6302140.154
PG10,201,GCBB-86,2080,5,9,2025-11-07 18:24:29.726502,345062.687,6286917.473
PG10,201,GCBB-48,2504,6,10,2025-11-07 18:24:29.726507,345062.687,6286917.473
PG10,F06,SPZY-57,691,0,2,2025-11-07 18:24:29.726508,345062.687,6286917.473
PG10,F06,SPZY-43,997,0,3,2025-11-07 18:24:29.726509,345062.687,6286917.473
PG10,F20,SPZY-25,740,0,2,2025-11-07 18:24:29.726509,345062.687,6286917.473
PG10,211,TBYY-76,2668,6,10,2025-11-07 18:24:29.726510,345062.687,6286917.473
PG10,211,TBZB-21,6209,18,22,2025-11-07 18:24:29.726511,345062.687,6286917.473
PG10,G15,THTF-31,745,0,2,2025-11-07 18:24:29.726512,345062.687,6286917.473
PG10,271,TBZB-15,579,0,2,2025-11-07 18:24:29.726512,345062.687,6286917.473
PG10,271,TBYY-57,584,0,2,2025-11-07 18:24:29.726513,345062.687,6286917.473
PG10,211c,THTH-73,766,0,2,2025-11-07 18:24:29.726514,345062.687,6286917.473
PF708,F01,SPVW-16,405,0,3,2025-11-07 18:24:31.748831,355740.805,6279714.514
PF708,F01,SPVV-57,2535,6,10,2025-11-07 18:24:31.748837,355740.805,6279714.514
PE297,E01,VKJZ-42,862,0,3,2025-11-07 18:24:33.314642,349138.984,6287915.917
PG1333,G18,SHCV-27,256,0,3,2025-11-07 18:24:35.509957,348022.09,6287888.77
PG1333,G18,SDSW-96,1921,4,8,2025-11-07 18:24:35.509963,348022.09,6287888.77
PF707,F24,SPRV-91,2522,6,10,2025-11-07 18:24:37.232788,357418.599,6280227.368
PF707,F24,SPRW-66,3602,9,13,2025-11-07 18:24:37.232794,357418.599,6280227.368
PG2071,G39,SDSW-68,4379,12,16,2025-11-07 18:24:39.210906,344890.0,6280792.0
PG2071,G39,SHXB-19,5391,15,19,2025-11-07 18:24:39.210911,344890.0,6280792.0
PH1508,I05,VHSY-24,3695,10,14,2025-11-07 18:24:41.343006,343452.255,6290423.252
PH1508,I05,VHSY-17,7304,21,25,2025-11-07 18:24:41.343011,343452.255,6290423.252
PJ839,J07e,VJBB-40,7228,21,25,2025-11-07 18:24:43.128783,331253.925,6304592.727
PJ839,J07e,VHZZ-40,17699,56,60,2025-11-07 18:24:43.128789,331253.925,6304592.727
PB143,B02,FLXR-74,5797,16,20,2025-11-07 18:24:46.598573,348406.757,6303040.669
PB143,B02,FLXS-32,5588,16,20,2025-11-07 18:24:46.598578,348406.757,6303040.669
PB143,116,LCPW-41,789,0,2,2025-11-07 18:24:46.598579,348406.757,6303040.669
PB143,116,FLXT-52,618,0,2,2025-11-07 18:24:46.598580,348406.757,6303040.669
PG788,G24,CJRL-62,3286,8,12,2025-11-07 18:24:49.547011,344817.693,6283153.2
PG788,G24,FLXP-29,4724,13,17,2025-11-07 18:24:49.547017,344817.693,6283153.2
PG788,G07,THTD-11,2572,6,10,2025-11-07 18:24:49.547019,344817.693,6283153.2
PE306,E01,VKJZ-62,2539,6,10,2025-11-07 18:24:51.629136,353184.629,6286264.985
PE306,E01,VKJY-13,2638,6,10,2025-11-07 18:24:51.629141,353184.629,6286264.985
PG711,G02,FLXD-21,974,0,3,2025-11-07 18:24:53.779979,345177.65,6276226.8
PG711,G02,FLXX-15,2253,5,9,2025-11-07 18:24:53.779984,345177.65,6276226.8
PG711,G14,CJRP-16,3894,10,14,2025-11-07 18:24:53.779985,345177.65,6276226.8
PG711,G14,FLXX-10,3650,10,14,2025-11-07 18:24:53.779986,345177.65,6276226.8
PG711,G24,FLXP-16,156,0,3,2025-11-07 18:24:53.779987,345177.65,6276226.8
PG711,G24,FLXP-20,1438,3,7,2025-11-07 18:24:53.779988,345177.65,6276226.8
PB658,408,SRTK-35,1566,3,7,2025-11-07 18:24:55.837418,339982.455,6302760.174
PB658,408,SRTK-37,6083,17,21,2025-11-07 18:24:55.837423,339982.455,6302760.174
PB658,410,LFGJ-90,1954,4,8,2025-11-07 18:24:55.837424,339982.455,6302760.174
PF182,F01c,SPVT-74,2146,5,9,2025-11-07 18:24:57.911209,355611.994,6279977.977
PF182,F01c,SPVW-86,3597,9,13,2025-11-07 18:24:57.911214,355611.994,6279977.977
PF182,F11,SKVB-31,1780,4,8,2025-11-07 18:24:57.911215,355611.994,6279977.977
PF182,F11,SKHL-24,2660,6,10,2025-11-07 18:24:57.911216,355611.994,6279977.977
PG1979,G38,THTF-97,2905,7,11,2025-11-07 18:24:59.504060,343380.0,6279379.0
PG1979,G08v,FLXP-13,619,0,2,2025-11-07 18:24:59.504065,343380.0,6279379.0
PG1979,G08v,FLXV-13,3561,9,13,2025-11-07 18:24:59.504066,343380.0,6279379.0
PG1979,G32,THTF-44,2190,5,9,2025-11-07 18:24:59.504066,343380.0,6279379.0
PG1979,G32,THTF-56,2117,5,9,2025-11-07 18:24:59.504067,343380.0,6279379.0
PE1312,207e,VJYX-35,842,0,3,2025-11-07 18:25:03.732920,348588.367,6285727.178
PE1312,207e,VJJT-97,1109,0,4,2025-11-07 18:25:03.732925,348588.367,6285727.178
PE1312,209,SDGY-31,1124,0,4,2025-11-07 18:25:03.732926,348588.367,6285727.178
PE1312,209,SFST-35,1498,3,7,2025-11-07 18:25:03.732927,348588.367,6285727.178
PE1312,209c,VJJX-17,12125,38,60,2025-11-07 18:25:03.732928,348588.367,6285727.178
PE1312,209c,VJKL-76,12123,38,60,2025-11-07 18:25:03.732929,348588.367,6285727.178
PE1312,205,LZRD-63,700,0,2,2025-11-07 18:25:03.732930,348588.367,6285727.178
PE1312,205,LZRD-90,2173,5,9,2025-11-07 18:25:03.732931,348588.367,6285727.178
PE1312,207,VJKP-16,296,0,3,2025-11-07 18:25:03.732932,348588.367,6285727.178
PE1312,207,VJXW-44,4111,11,15,2025-11-07 18:25:03.732933,348588.367,6285727.178
PE1312,207c,SDGY-17,9793,31,60,2025-11-07 18:25:03.732934,348588.367,6285727.178
PG586,G28,BJFW-84,6675,19,23,2025-11-07 18:25:05.832294,347345.751,6283277.872
PG586,G28,BJFX-46,9052,29,60,2025-11-07 18:25:05.832299,347345.751,6283277.872
PG586,F06,SPZY-79,268,0,3,2025-11-07 18:25:05.832300,347345.751,6283277.872
PG586,F06,SPZY-54,4596,13,17,2025-11-07 18:25:05.832300,347345.751,6283277.872
PG586,203N,SFWB-89,17196,54,60,2025-11-07 18:25:05.832301,347345.751,6283277.872
PG586,206,FLXW-78,169,0,3,2025-11-07 18:25:05.832302,347345.751,6283277.872
PG586,206c,LZPR-78,1246,0,4,2025-11-07 18:25:05.832303,347345.751,6283277.872
PG586,206c,VJKY-18,1456,3,7,2025-11-07 18:25:05.832304,347345.751,6283277.872
PI1529,419,PFVK-60,2903,7,11,2025-11-07 18:25:07.954911,335328.58,6288481.633
PI1529,419,PFVK-59,4383,12,16,2025-11-07 18:25:07.954916,335328.58,6288481.633
PI1529,509,FLXS-93,3779,10,14,2025-11-07 18:25:07.954918,335328.58,6288481.633
PI1529,509,FLXV-42,3661,10,14,2025-11-07 18:25:07.954919,335328.58,6288481.633
PI1529,546e,GCBF-24,17375,55,60,2025-11-07 18:25:07.954920,335328.58,6288481.633
PI1529,546e,FLXW-18,19321,61,60,2025-11-07 18:25:07.954920,335328.58,6288481.633
PI1529,506,FLXW-40,1024,0,3,2025-11-07 18:25:07.954922,335328.58,6288481.633
PI1529,506,TBFP-95,2689,6,10,2025-11-07 18:25:07.954922,335328.58,6288481.633
PI1529,506v,GCBD-98,2464,6,10,2025-11-07 18:25:07.954923,335328.58,6288481.633
PI1529,506v,TBFP-92,2992,7,11,2025-11-07 18:25:07.954925,335328.58,6288481.633
PH268,302,BJFV-20,0,0,3,2025-11-07 18:25:09.570867,345206.494,6292036.81
PH268,302,BJFT-68,2033,4,8,2025-11-07 18:25:09.570872,345206.494,6292036.81
PF842,F02,SHXF-36,2236,5,9,2025-11-07 18:25:11.681402,352244.365,6280284.162
PF842,F15,SPZY-41,399,0,3,2025-11-07 18:25:11.681408,352244.365,6280284.162
PF842,F15,SRVH-10,2120,5,9,2025-11-07 18:25:11.681409,352244.365,6280284.162
PF842,F25e,SRVJ-34,3045,8,12,2025-11-07 18:25:11.681410,352244.365,6280284.162
PF842,F25e,SRVF-74,3033,8,12,2025-11-07 18:25:11.681411,352244.365,6280284.162
PF1096,F27,SPRV-88,848,0,3,2025-11-07 18:25:13.487131,356559.25,6284016.88
PF1096,F27,SPRY-79,1780,4,8,2025-11-07 18:25:13.487137,356559.25,6284016.88
PI765,J08,FLXT-99,497,0,2,2025-11-07 18:25:15.200712,338428.976,6296592.109
PI765,J08,FLXT-60,4166,11,15,2025-11-07 18:25:15.200717,338428.976,6296592.109
PI765,J19,VHLS-68,188,0,3,2025-11-07 18:25:15.200718,338428.976,6296592.109
PI765,J19,VGVF-75,1899,4,8,2025-11-07 18:25:15.200719,338428.976,6296592.109
PI765,110,LZPH-36,802,0,3,2025-11-07 18:25:15.200720,338428.976,6296592.109
PI765,110,LZPH-40,1169,0,4,2025-11-07 18:25:15.200721,338428.976,6296592.109
PI765,110c,GCBC-56,907,0,3,2025-11-07 18:25:15.200721,338428.976,6296592.109
PI765,110c,TBFX-55,1144,0,4,2025-11-07 18:25:15.200722,338428.976,6296592.109
PI765,510,TBFV-13,2441,6,10,2025-11-07 18:25:15.200723,338428.976,6296592.109
PI765,510,GCBC-89,3095,8,12,2025-11-07 18:25:15.200724,338428.976,6296592.109
PI765,J01,FLXG-26,549,0,2,2025-11-07 18:25:15.200724,338428.976,6296592.109
PI765,J01,FLXD-42,2839,7,11,2025-11-07 18:25:15.200725,338428.976,6296592.109
PI765,516,GCBC-43,879,0,3,2025-11-07 18:25:15.200726,338428.976,6296592.109
PI765,516,FLXW-42,2162,5,9,2025-11-07 18:25:15.200727,338428.976,6296592.109
PC126,C05,LDTF-45,1164,0,4,2025-11-07 18:25:17.249688,355515.374,6300496.949
PC126,C05,LWTK-51,2328,5,9,2025-11-07 18:25:17.249692,355515.374,6300496.949
PC126,517,VJJX-38,763,0,2,2025-11-07 18:25:17.249694,355515.374,6300496.949
PC126,517,VJBB-80,1119,0,4,2025-11-07 18:25:17.249694,355515.374,6300496.949
PC126,D11,SVDD-62,404,0,3,2025-11-07 18:25:17.249695,355515.374,6300496.949
PC126,D11,STWB-31,2561,6,10,2025-11-07 18:25:17.249696,355515.374,6300496.949
PC126,225,VFJP-53,822,0,3,2025-11-07 18:25:17.249697,355515.374,6300496.949
PC126,225,VFJP-44,3553,9,13,2025-11-07 18:25:17.249698,355515.374,6300496.949
PE1347,234,SDGY-26,6881,20,24,2025-11-07 18:25:19.306332,349107.603,6289247.666
PE1347,234,VJYY-85,9354,30,60,2025-11-07 18:25:19.306336,349107.603,6289247.666
PE1347,204,VFPZ-98,2866,7,11,2025-11-07 18:25:19.306338,349107.603,6289247.666
PE1347,204,VFRD-35,4138,11,15,2025-11-07 18:25:19.306338,349107.603,6289247.666
PE1347,226,LZRD-95,1355,0,4,2025-11-07 18:25:19.306339,349107.603,6289247.666
PE1347,226,VGBX-58,1355,0,4,2025-11-07 18:25:19.306340,349107.603,6289247.666
PE1347,E02,VKJY-74,173,0,3,2025-11-07 18:25:19.306341,349107.603,6289247.666
PE1347,E02,VKJY-12,1384,0,4,2025-11-07 18:25:19.306341,349107.603,6289247.666
PE1347,E12,VFJD-49,673,0,2,2025-11-07 18:25:19.306342,349107.603,6289247.666
PE1347,E12,VFKT-48,4195,11,15,2025-11-07 18:25:19.306343,349107.603,6289247.666
PE1314,385,FLXL-74,1016,0,3,2025-11-07 18:25:21.126112,349991.872,6290447.763
PH205,205,LZRB-92,1089,0,3,2025-11-07 18:25:23.099900,347479.22,6294158.673
PH205,205,RWTP-88,1197,0,4,2025-11-07 18:25:23.099904,347479.22,6294158.673
PH205,207,SVPX-46,1894,4,8,2025-11-07 18:25:23.099905,347479.22,6294158.673
PH205,207,VJJX-67,7782,23,27,2025-11-07 18:25:23.099906,347479.22,6294158.673
PH205,209,SVPX-48,1030,0,3,2025-11-07 18:25:23.099907,347479.22,6294158.673
PH205,209,SVPX-56,995,0,3,2025-11-07 18:25:23.099907,347479.22,6294158.673
PH205,227,VFPG-58,1143,0,4,2025-11-07 18:25:23.099908,347479.22,6294158.673
PH205,227,VGKY-12,3016,8,12,2025-11-07 18:25:23.099909,347479.22,6294158.673
PI597,509,FDJX-77,318,0,3,2025-11-07 18:25:25.201316,338589.9,6293922.2
PI597,509,CJRY-79,4860,13,17,2025-11-07 18:25:25.201321,338589.9,6293922.2
PI597,I03,FLXG-53,1093,0,3,2025-11-07 18:25:25.201322,338589.9,6293922.2
PI597,I03,FLXL-56,5128,14,18,2025-11-07 18:25:25.201323,338589.9,6293922.2
PI597,I03c,FLXK-67,4033,11,15,2025-11-07 18:25:25.201324,338589.9,6293922.2
PI597,I03c,FLXK-78,5034,14,18,2025-11-07 18:25:25.201324,338589.9,6293922.2
PI597,I10,FLXL-32,1717,3,7,2025-11-07 18:25:25.201325,338589.9,6293922.2
PI597,I10,FLXX-57,3359,9,13,2025-11-07 18:25:25.201326,338589.9,6293922.2
PG988,G08v,FLXV-16,0,0,3,2025-11-07 18:25:27.255479,342820.647,6278778.251
PG988,G08v,FLXV-26,8748,28,60,2025-11-07 18:25:27.255484,342820.647,6278778.251
PG988,G32,THTF-44,244,0,3,2025-11-07 18:25:27.255485,342820.647,6278778.251
PG988,G32,THTF-56,924,0,3,2025-11-07 18:25:27.255486,342820.647,6278778.251
PG1658,233,SHXG-67,4566,12,16,2025-11-07 18:25:29.355395,348755.905,6283652.548
PG1658,233,SHXB-41,4480,12,16,2025-11-07 18:25:29.355401,348755.905,6283652.548
PG1658,205,RWTP-99,4374,12,16,2025-11-07 18:25:29.355402,348755.905,6283652.548
PG1658,205,LZRF-13,4374,12,16,2025-11-07 18:25:29.355403,348755.905,6283652.548
PI25,I04,FLXZ-72,2367,5,9,2025-11-07 18:25:31.426277,340437.806,6291418.327
PI25,I04,FLXF-20,2688,6,10,2025-11-07 18:25:31.426283,340437.806,6291418.327
PI25,I14,BJFS-53,187,0,3,2025-11-07 18:25:31.426284,340437.806,6291418.327
PI25,I26,PGPS-89,3021,8,12,2025-11-07 18:25:31.426286,340437.806,6291418.327
PI25,I26,PFYR-76,7562,22,26,2025-11-07 18:25:31.426287,340437.806,6291418.327
PI25,101,PGPT-12,1005,0,3,2025-11-07 18:25:31.426288,340437.806,6291418.327
PI25,101,PGPT-58,1429,3,7,2025-11-07 18:25:31.426289,340437.806,6291418.327
PI25,481,PGPT-14,4978,14,18,2025-11-07 18:25:31.426290,340437.806,6291418.327
PI25,481,PGPT-46,6631,19,23,2025-11-07 18:25:31.426291,340437.806,6291418.327
PD831,D16,SPBP-19,2002,4,8,2025-11-07 18:25:32.801280,353000.485,6298587.76
PD831,D16,SPBS-39,2201,5,9,2025-11-07 18:25:32.801285,353000.485,6298587.76
PA115,204,VFPF-54,57,0,3,2025-11-07 18:25:35.275852,347004.55,6298381.13
PA115,204,VGKX-52,1870,4,8,2025-11-07 18:25:35.275857,347004.55,6298381.13
PA115,234,SDGY-28,1984,4,8,2025-11-07 18:25:35.275858,347004.55,6298381.13
PA115,234,SDGY-32,2989,7,11,2025-11-07 18:25:35.275859,347004.55,6298381.13
PD58,224,VFRB-67,407,0,3,2025-11-07 18:25:37.449489,351482.103,6296687.297
PD58,325,VFJL-48,1362,0,4,2025-11-07 18:25:37.449495,351482.103,6296687.297
PD58,104,SKWD-26,340,0,3,2025-11-07 18:25:37.449496,351482.103,6296687.297
PD58,104,SKWD-81,636,0,2,2025-11-07 18:25:37.449498,351482.103,6296687.297
PD58,212,GCBC-25,73,0,3,2025-11-07 18:25:37.449499,351482.103,6296687.297
PD58,212,GCBC-33,822,0,3,2025-11-07 18:25:37.449500,351482.103,6296687.297
PE548,323,FLXP-47,426,0,3,2025-11-07 18:25:41.354836,354620.284,6289193.217
PE548,322,FLXR-54,2508,6,10,2025-11-07 18:25:41.354843,354620.284,6289193.217
PE548,322,BJFW-72,3829,10,14,2025-11-07 18:25:41.354844,354620.284,6289193.217
PB1951,B26,FLXS-47,431,0,3,2025-11-07 18:25:42.924314,346068.208,6300822.264
PB1951,B26,FLXP-81,1252,0,4,2025-11-07 18:25:42.924320,346068.208,6300822.264
PB1951,B27,FLXS-24,288,0,3,2025-11-07 18:25:42.924321,346068.208,6300822.264
PB1951,B27,FLXT-73,815,0,3,2025-11-07 18:25:42.924322,346068.208,6300822.264
PB1951,214,GCBB-87,178,0,3,2025-11-07 18:25:42.924323,346068.208,6300822.264
PB1951,214,FLXZ-94,2320,5,9,2025-11-07 18:25:42.924325,346068.208,6300822.264
PB1951,230,GCBB-21,1575,3,7,2025-11-07 18:25:42.924326,346068.208,6300822.264
PB1951,230,GCBB-16,4256,11,15,2025-11-07 18:25:42.924327,346068.208,6300822.264
PB1951,308,FLXK-12,577,0,2,2025-11-07 18:25:42.924328,346068.208,6300822.264
PB1951,308,FLXH-94,3979,11,15,2025-11-07 18:25:42.924329,346068.208,6300822.264
PB1951,B14,FLXT-56,940,0,3,2025-11-07 18:25:42.924330,346068.208,6300822.264
PB1951,B14,HRKT-53,3839,10,14,2025-11-07 18:25:42.924331,346068.208,6300822.264
PB1951,201,GCBB-39,393,0,3,2025-11-07 18:25:42.924332,346068.208,6300822.264
PB1951,201,GCBB-45,1695,3,7,2025-11-07 18:25:42.924333,346068.208,6300822.264
PB1951,B02,FLXR-86,1355,0,4,2025-11-07 18:25:42.924334,346068.208,6300822.264
PB1951,B02,FLXR-92,2807,7,11,2025-11-07 18:25:42.924335,346068.208,6300822.264
PJ459,505,VHZX-60,472,0,3,2025-11-07 18:25:44.760339,342178.554,6300672.641
PJ459,505,VJBC-30,1132,0,4,2025-11-07 18:25:44.760344,342178.554,6300672.641
PG381,301,CJRB-14,1544,3,7,2025-11-07 18:25:46.688670,344791.857,6284650.608
PG381,301,BJFW-95,3984,11,15,2025-11-07 18:25:46.688674,344791.857,6284650.608
PE1265,E17,FLXT-37,683,0,2,2025-11-07 18:25:48.224348,354432.473,6290569.226
PH492,H24,VGRC-13,331,0,3,2025-11-07 18:25:49.980682,344381.151,6293734.519
PH492,H24,VGRC-83,1427,3,7,2025-11-07 18:25:49.980687,344381.151,6293734.519
PE620,E16,VFJS-19,448,0,3,2025-11-07 18:25:52.032828,348733.292,6287270.46
PE620,E16,VJLS-11,559,0,2,2025-11-07 18:25:52.032832,348733.292,6287270.46
PE580,E08,VKJY-98,1317,0,4,2025-11-07 18:25:54.061371,351932.978,6288790.256
PI1922,I35,SFGY-67,212,0,3,2025-11-07 18:25:56.121735,331607.0,6283894.0
PI1922,I35,SDSW-67,545,0,2,2025-11-07 18:25:56.121740,331607.0,6283894.0
PC1131,C03,SKDJ-80,315,0,3,2025-11-07 18:25:58.197256,352203.822,6304493.276
PC1131,C03,LWTK-45,2995,7,11,2025-11-07 18:25:58.197261,352203.822,6304493.276
PE248,226,VFPV-83,820,0,3,2025-11-07 18:25:59.725135,352467.62,6286228.951
PE248,226,VFRB-15,2050,4,8,2025-11-07 18:25:59.725141,352467.62,6286228.951
PI1189,I17,FLXL-82,1274,0,4,2025-11-07 18:26:01.874413,342440.166,6295640.688
PI1189,385,FLXL-25,3343,9,13,2025-11-07 18:26:01.874419,342440.166,6295640.688
PI1189,385,FLXL-50,4562,12,16,2025-11-07 18:26:01.874420,342440.166,6295640.688
PB292,203N,SFWB-89,337,0,3,2025-11-07 18:26:03.646577,348072.76,6307073.2
PB292,208,SHXD-62,454,0,3,2025-11-07 18:26:03.646583,348072.76,6307073.2
PG2051,G16,SDSW-76,657,0,2,2025-11-07 18:26:05.344423,344250.0,6282975.0
PG2051,G16,SFGY-70,4388,12,16,2025-11-07 18:26:05.344428,344250.0,6282975.0
PG2051,G38,THTG-96,2008,6,10,2025-11-07 18:26:05.344429,344250.0,6282975.0
PG2051,G43,FLXX-21,1912,4,8,2025-11-07 18:26:05.344430,344250.0,6282975.0
PE238,226,VFPW-73,387,0,3,2025-11-07 18:26:07.105570,350771.741,6286122.142
PE238,226,VFPZ-56,2470,6,10,2025-11-07 18:26:07.105575,350771.741,6286122.142
PE238,E01,VKJY-13,86,0,3,2025-11-07 18:26:07.105577,350771.741,6286122.142
PE238,E01,VKJZ-42,4119,11,15,2025-11-07 18:26:07.105577,350771.741,6286122.142
PG1717,G18,SFGY-79,4607,13,17,2025-11-07 18:26:09.084297,350052.846,6285371.629
PG1717,G18,SHCV-34,5455,15,19,2025-11-07 18:26:09.084302,350052.846,6285371.629
PG1717,G04,SFGY-85,851,0,3,2025-11-07 18:26:09.084303,350052.846,6285371.629
PG1717,G04,SHCV-37,2130,5,9,2025-11-07 18:26:09.084304,350052.846,6285371.629
PG1717,G01,THTD-86,976,0,3,2025-11-07 18:26:09.084305,350052.846,6285371.629
PG1717,G01,THTF-53,812,0,3,2025-11-07 18:26:09.084306,350052.846,6285371.629
PG1717,G15,THTD-94,1692,3,7,2025-11-07 18:26:09.084307,350052.846,6285371.629
PG1717,G15,THTD-32,3350,9,13,2025-11-07 18:26:09.084307,350052.846,6285371.629
PH563,H06,BJFZ-45,2477,6,10,2025-11-07 18:26:11.199961,343370.769,6290463.522
PG2025,G37,THTH-70,3295,8,12,2025-11-07 18:26:12.805421,338285.0,6272904.0
PB1449,B22,SKPS-15,3396,9,13,2025-11-07 18:26:14.659184,344842.596,6305175.518
PB1449,B22,SKPS-10,4259,11,15,2025-11-07 18:26:14.659189,344842.596,6305175.518
PB1449,B27,FLXS-26,128,0,3,2025-11-07 18:26:14.659190,344842.596,6305175.518
PB1449,B27,FLXS-22,2980,7,11,2025-11-07 18:26:14.659191,344842.596,6305175.518
PA414,502,BJFH-25,852,0,3,2025-11-07 18:26:18.789802,344400.76,6299427.83
PA414,502,TBFT-64,2272,5,9,2025-11-07 18:26:18.789807,344400.76,6299427.83
PA414,502c,GCBF-22,1935,4,8,2025-11-07 18:26:18.789808,344400.76,6299427.83
PA414,502c,TBFX-11,2455,6,10,2025-11-07 18:26:18.789809,344400.76,6299427.83
PA414,503,VHLS-28,852,0,3,2025-11-07 18:26:18.789809,344400.76,6299427.83
PA414,503,VGVB-66,2033,4,8,2025-11-07 18:26:18.789810,344400.76,6299427.83
PA414,504,TBFX-35,947,0,3,2025-11-07 18:26:18.789811,344400.76,6299427.83
PA414,504,TBFX-33,1142,0,4,2025-11-07 18:26:18.789812,344400.76,6299427.83
PA414,517,VJBC-50,2033,4,8,2025-11-07 18:26:18.789813,344400.76,6299427.83
PA414,517,VHXK-53,4446,12,16,2025-11-07 18:26:18.789813,344400.76,6299427.83
PA414,518,TBFR-29,1142,0,4,2025-11-07 18:26:18.789814,344400.76,6299427.83
PA414,518,TBFR-40,1443,3,7,2025-11-07 18:26:18.789815,344400.76,6299427.83
PC860,C16,LDTB-87,1521,3,7,2025-11-07 18:26:20.921550,359680.597,6310494.975
PC860,C16,LDTB-84,4632,13,17,2025-11-07 18:26:20.921554,359680.597,6310494.975
PB1248,B06,SPCG-40,639,0,2,2025-11-07 18:26:23.044179,337022.499,6307855.756
PD332,514,CJRZ-83,4059,11,15,2025-11-07 18:26:25.158394,349722.19,6297312.2
PD332,514,FLXS-91,5702,16,20,2025-11-07 18:26:25.158398,349722.19,6297312.2
PD332,514c,CJRW-79,1743,4,8,2025-11-07 18:26:25.158399,349722.19,6297312.2
PD332,514c,FLXS-64,3180,8,12,2025-11-07 18:26:25.158400,349722.19,6297312.2
PD332,D03,SVDD-66,370,0,3,2025-11-07 18:26:25.158400,349722.19,6297312.2
PD332,D03,SVDC-41,1539,3,7,2025-11-07 18:26:25.158401,349722.19,6297312.2
PD332,227,VFPS-69,571,0,2,2025-11-07 18:26:25.158402,349722.19,6297312.2
PD332,227,VFPG-58,5999,17,21,2025-11-07 18:26:25.158403,349722.19,6297312.2
PD332,422,TBFW-20,3594,9,13,2025-11-07 18:26:25.158404,349722.19,6297312.2
PD332,422,PFXC-72,3517,9,13,2025-11-07 18:26:25.158404,349722.19,6297312.2
PD332,505,VHZW-11,2620,6,10,2025-11-07 18:26:25.158405,349722.19,6297312.2
PD332,505,VJJV-78,2862,7,11,2025-11-07 18:26:25.158406,349722.19,6297312.2
PD332,403,SKPK-21,4198,11,15,2025-11-07 18:26:25.158407,349722.19,6297312.2
PD332,403,PFTW-46,4608,13,17,2025-11-07 18:26:25.158407,349722.19,6297312.2
PD332,513,VHXK-63,4451,12,16,2025-11-07 18:26:25.158408,349722.19,6297312.2
PD332,513,VHZY-60,4391,12,16,2025-11-07 18:26:25.158409,349722.19,6297312.2
PD184,286,SHXG-74,335,0,3,2025-11-07 18:26:27.236173,353695.329,6299141.432
PD184,286,SHCV-33,528,0,2,2025-11-07 18:26:27.236177,353695.329,6299141.432
PD184,712,SHCX-28,926,0,3,2025-11-07 18:26:27.236179,353695.329,6299141.432
PD184,712,SHCW-81,9751,31,60,2025-11-07 18:26:27.236179,353695.329,6299141.432
PD184,216,LZPG-25,0,0,3,2025-11-07 18:26:27.236180,353695.329,6299141.432
PD184,216,GCBF-48,497,0,2,2025-11-07 18:26:27.236181,353695.329,6299141.432
PD184,420,SVDC-79,476,0,2,2025-11-07 18:26:27.236182,353695.329,6299141.432
PD184,420,STKX-48,2630,6,10,2025-11-07 18:26:27.236183,353695.329,6299141.432
PJ267,502,TBFX-27,683,0,2,2025-11-07 18:26:29.301353,338681.239,6300929.487
PJ267,502,BJFD-37,3686,10,14,2025-11-07 18:26:29.301358,338681.239,6300929.487
PJ267,J05,CJRZ-82,2200,5,9,2025-11-07 18:26:29.301359,338681.239,6300929.487
PJ267,J05,FLXG-45,4595,13,17,2025-11-07 18:26:29.301360,338681.239,6300929.487
PJ267,J13,TBFT-35,1742,3,7,2025-11-07 18:26:29.301361,338681.239,6300929.487
PJ267,J13,FLXG-29,1439,3,7,2025-11-07 18:26:29.301362,338681.239,6300929.487
PJ267,J13c,GCBC-91,1742,3,7,2025-11-07 18:26:29.301363,338681.239,6300929.487
PJ267,J13c,BJFD-46,1742,3,7,2025-11-07 18:26:29.301364,338681.239,6300929.487
PJ267,542,TBFT-77,758,0,2,2025-11-07 18:26:29.301365,338681.239,6300929.487
PJ267,542,FLXW-25,2962,7,11,2025-11-07 18:26:29.301366,338681.239,6300929.487
PG407,118,FLXS-72,6,0,3,2025-11-07 18:26:31.348875,344900.758,6288130.848
PG407,118,FLXX-81,240,0,3,2025-11-07 18:26:31.348880,344900.758,6288130.848
PG407,302,BJFW-31,494,0,2,2025-11-07 18:26:31.348881,344900.758,6288130.848
PG407,302,BJFT-89,4193,11,15,2025-11-07 18:26:31.348882,344900.758,6288130.848
PJ1760,J16,FLXD-47,455,0,3,2025-11-07 18:26:35.556480,341557.775,6299146.693
PJ1760,J16,FLXD-59,1453,3,7,2025-11-07 18:26:35.556485,341557.775,6299146.693
PA50,201,GCBB-39,1350,0,4,2025-11-07 18:26:37.588047,345817.52,6299183.15
PA50,201,GCBB-26,2496,6,10,2025-11-07 18:26:37.588054,345817.52,6299183.15
PA50,509,CJRX-37,751,0,2,2025-11-07 18:26:37.588056,345817.52,6299183.15
PA50,518,TBFT-89,143,0,3,2025-11-07 18:26:37.588058,345817.52,6299183.15
PA50,518,TBFX-78,5541,15,19,2025-11-07 18:26:37.588059,345817.52,6299183.15
PA50,271,CJRL-65,584,0,2,2025-11-07 18:26:37.588061,345817.52,6299183.15
PC1301,C13,SHXF-96,736,0,2,2025-11-07 18:26:39.644249,359855.0,6307074.0
PC1301,C13,SJPB-67,6420,18,22,2025-11-07 18:26:39.644254,359855.0,6307074.0
PC1301,C01c,PGBZ-18,2173,5,9,2025-11-07 18:26:39.644255,359855.0,6307074.0
PC1301,C01c,PFYC-52,3652,10,14,2025-11-07 18:26:39.644256,359855.0,6307074.0
PG628,F06,SPZY-15,60,0,3,2025-11-07 18:26:41.752526,345646.945,6283928.976
PG628,F06,SPZX-71,3727,10,14,2025-11-07 18:26:41.752530,345646.945,6283928.976
PG628,G13,SDSW-56,1903,4,8,2025-11-07 18:26:41.752532,345646.945,6283928.976
PG628,G13,SHXB-27,5980,17,21,2025-11-07 18:26:41.752532,345646.945,6283928.976
PG628,G13c,SJPB-64,1716,3,7,2025-11-07 18:26:41.752533,345646.945,6283928.976
PG628,G13c,SHXB-40,4790,13,17,2025-11-07 18:26:41.752534,345646.945,6283928.976
PG628,203,LZPT-70,161,0,3,2025-11-07 18:26:41.752535,345646.945,6283928.976
PG628,203,LZPT-61,483,0,2,2025-11-07 18:26:41.752535,345646.945,6283928.976
PG628,203c,SFWZ-39,1203,0,4,2025-11-07 18:26:41.752536,345646.945,6283928.976
PG628,G28,BJFV-83,5007,14,18,2025-11-07 18:26:41.752537,345646.945,6283928.976
PG628,G28,BJFX-44,6559,19,23,2025-11-07 18:26:41.752538,345646.945,6283928.976
PI1492,506v,TBFS-48,787,0,2,2025-11-07 18:26:43.810487,334858.232,6287140.436
PI1492,506v,TBFV-89,2299,5,9,2025-11-07 18:26:43.810492,334858.232,6287140.436
PI1492,115,TBFX-81,49,0,3,2025-11-07 18:26:43.810493,334858.232,6287140.436
PI1492,115,GCBC-54,2610,6,10,2025-11-07 18:26:43.810494,334858.232,6287140.436
PI1492,115c,PFXC-52,1708,3,7,2025-11-07 18:26:43.810495,334858.232,6287140.436
PI1492,I04,FLXF-91,1016,0,3,2025-11-07 18:26:43.810496,334858.232,6287140.436
PI1492,I04,FLXK-97,1436,3,7,2025-11-07 18:26:43.810497,334858.232,6287140.436
PI1492,I04c,FLXL-11,1373,0,4,2025-11-07 18:26:43.810498,334858.232,6287140.436
PG517,F03,SPVT-78,1929,4,8,2025-11-07 18:26:49.938154,343925.811,6280380.322
PG517,F03,LDJJ-72,8130,26,60,2025-11-07 18:26:49.938159,343925.811,6280380.322
PI791,I21,FLXJ-19,1282,0,4,2025-11-07 18:26:52.550061,335163.881,6289492.281
PG967,G39,SFGY-68,897,0,3,2025-11-07 18:26:54.633122,344686.831,6282168.463
PG967,G39,SHCX-13,792,0,3,2025-11-07 18:26:54.633127,344686.831,6282168.463
PG967,228,THTG-80,1485,3,7,2025-11-07 18:26:54.633128,344686.831,6282168.463
PG967,228,THTD-22,4926,14,18,2025-11-07 18:26:54.633129,344686.831,6282168.463
PG967,G08,THTF-78,1485,3,7,2025-11-07 18:26:54.633130,344686.831,6282168.463
PG967,G08,THTD-15,4117,11,15,2025-11-07 18:26:54.633131,344686.831,6282168.463
PF859,F02,SHCY-42,1517,3,7,2025-11-07 18:26:56.744299,352016.634,6280236.349
PF859,F02,SHCY-63,2945,7,11,2025-11-07 18:26:56.744305,352016.634,6280236.349
PF859,F15,SRVG-98,6060,17,21,2025-11-07 18:26:56.744306,352016.634,6280236.349
PF859,F29,SPVV-29,925,0,3,2025-11-07 18:26:56.744307,352016.634,6280236.349
PF859,F29,SPVV-62,2331,5,9,2025-11-07 18:26:56.744308,352016.634,6280236.349
PC1106,406,FLXS-97,0,0,3,2025-11-07 18:26:58.833056,351819.419,6301446.144
PC1106,406,GCBC-87,0,0,3,2025-11-07 18:26:58.833060,351819.419,6301446.144
PC1106,407,TBFT-16,1283,0,4,2025-11-07 18:26:58.833061,351819.419,6301446.144
PC1106,407,FLXV-96,3942,10,14,2025-11-07 18:26:58.833062,351819.419,6301446.144
PC1106,426,FLXD-50,2422,6,10,2025-11-07 18:26:58.833063,351819.419,6301446.144
PC1106,426,BJFD-66,4567,12,16,2025-11-07 18:26:58.833064,351819.419,6301446.144
PC1106,401,PFVL-12,4337,12,16,2025-11-07 18:26:58.833065,351819.419,6301446.144
PC1106,401,PFYS-21,5268,15,19,2025-11-07 18:26:58.833065,351819.419,6301446.144
PC1106,421,PFVK-89,3980,11,15,2025-11-07 18:26:58.833066,351819.419,6301446.144
PC1106,421,PFTV-85,10085,32,60,2025-11-07 18:26:58.833067,351819.419,6301446.144
PC1106,430,PGBZ-15,376,0,3,2025-11-07 18:26:58.833068,351819.419,6301446.144
PC1106,430,PGLD-60,2838,7,11,2025-11-07 18:26:58.833068,351819.419,6301446.144
PC944,C14,SKPH-80,4333,12,16,2025-11-07 18:27:00.462281,354056.898,6305449.301
PC944,C14,SKPP-26,6517,19,23,2025-11-07 18:27:00.462286,354056.898,6305449.301
PI430,421,PFBF-98,2400,6,10,2025-11-07 18:27:02.548979,334807.931,6289157.487
PI430,421,PGBB-55,2670,6,10,2025-11-07 18:27:02.548984,334807.931,6289157.487
PI430,423,PGPT-37,3230,8,12,2025-11-07 18:27:02.548985,334807.931,6289157.487
PI430,423,PGPT-44,4091,11,15,2025-11-07 18:27:02.548986,334807.931,6289157.487
PI430,I10,FLXL-13,1093,0,3,2025-11-07 18:27:02.548987,334807.931,6289157.487
PI430,I10,FLXG-14,1440,3,7,2025-11-07 18:27:02.548988,334807.931,6289157.487
PI430,106,PFVH-92,1013,0,3,2025-11-07 18:27:02.548989,334807.931,6289157.487
PI430,106,PFYR-94,6685,19,23,2025-11-07 18:27:02.548990,334807.931,6289157.487
PI430,401,PFTV-93,345,0,3,2025-11-07 18:27:02.548992,334807.931,6289157.487
PI430,401,PFYS-25,540,0,2,2025-11-07 18:27:02.548993,334807.931,6289157.487
PC1279,C37,SHXG-37,544,0,2,2025-11-07 18:27:04.613905,358493.0,6302053.0
PC1279,C37,SGPW-38,1677,3,7,2025-11-07 18:27:04.613911,358493.0,6302053.0
PD164,106,PFVG-42,1499,3,7,2025-11-07 18:27:06.661578,350431.572,6296772.187
PD164,106,PFVJ-25,4266,11,15,2025-11-07 18:27:06.661584,350431.572,6296772.187
PD164,508,PFWZ-94,641,0,2,2025-11-07 18:27:06.661585,350431.572,6296772.187
PD164,508,PFXC-30,1606,3,7,2025-11-07 18:27:06.661586,350431.572,6296772.187
PD164,114,LDSV-96,242,0,3,2025-11-07 18:27:06.661588,350431.572,6296772.187
PD164,114,SKVD-63,242,0,3,2025-11-07 18:27:06.661589,350431.572,6296772.187
PD164,126,FLXD-68,1399,0,4,2025-11-07 18:27:06.661590,350431.572,6296772.187
PD164,126,CJRW-60,4986,14,18,2025-11-07 18:27:06.661591,350431.572,6296772.187
PJ1650,J07e,VJBB-40,10492,33,60,2025-11-07 18:27:08.709479,333431.277,6306368.388
PJ1650,J07e,VHZZ-40,21448,68,60,2025-11-07 18:27:08.709485,333431.277,6306368.388
PG575,203,LZPW-13,162,0,3,2025-11-07 18:27:10.789343,345182.536,6284027.597
PG575,203,LZPS-17,1458,3,7,2025-11-07 18:27:10.789347,345182.536,6284027.597
PG575,203c,VJKZ-38,4872,13,17,2025-11-07 18:27:10.789349,345182.536,6284027.597
PG575,203c,VJXC-75,5373,15,19,2025-11-07 18:27:10.789349,345182.536,6284027.597
PG575,203N,SFWB-89,14161,45,60,2025-11-07 18:27:10.789350,345182.536,6284027.597
PG575,203e,SFWB-50,1054,0,3,2025-11-07 18:27:10.789351,345182.536,6284027.597
PG575,203e,SFWZ-80,2514,6,10,2025-11-07 18:27:10.789352,345182.536,6284027.597
PG575,G16,SFGY-70,2475,6,10,2025-11-07 18:27:10.789353,345182.536,6284027.597
PG575,G16,SFPG-42,2850,7,11,2025-11-07 18:27:10.789353,345182.536,6284027.597
PG575,F06,SPZY-54,1489,3,7,2025-11-07 18:27:10.789354,345182.536,6284027.597
PG575,F06,SPZY-57,3519,9,13,2025-11-07 18:27:10.789355,345182.536,6284027.597
PC470,501,GCBD-25,288,0,3,2025-11-07 18:27:14.939755,351173.34,6299107.14
PC470,501,GCBD-69,553,0,2,2025-11-07 18:27:14.939760,351173.34,6299107.14
PC470,504,TBFT-32,1515,7,11,2025-11-07 18:27:14.939761,351173.34,6299107.14
PC470,504,FLXS-86,1713,8,12,2025-11-07 18:27:14.939762,351173.34,6299107.14
PC470,518,BJFD-51,4753,13,17,2025-11-07 18:27:14.939763,351173.34,6299107.14
PC470,518,BJFJ-29,5133,14,18,2025-11-07 18:27:14.939764,351173.34,6299107.14
PA659,125,BJFW-38,5282,15,19,2025-11-07 18:27:17.189997,344656.514,6294422.755
PA659,125,BJFT-96,5353,15,19,2025-11-07 18:27:17.190002,344656.514,6294422.755
PA659,113,FLXX-98,48,0,3,2025-11-07 18:27:17.190003,344656.514,6294422.755
PA659,113,CJRB-43,3345,9,13,2025-11-07 18:27:17.190004,344656.514,6294422.755
PA659,H07,CJRY-80,2083,5,9,2025-11-07 18:27:17.190005,344656.514,6294422.755
PA659,H07,BJFZ-55,2594,6,10,2025-11-07 18:27:17.190006,344656.514,6294422.755
PA659,345,FLXF-36,1399,0,4,2025-11-07 18:27:17.190007,344656.514,6294422.755
PA659,345,FLXD-71,7273,21,25,2025-11-07 18:27:17.190007,344656.514,6294422.755
PA659,I01,FLXG-96,2419,6,10,2025-11-07 18:27:17.190008,344656.514,6294422.755
PA659,I01,FLXL-53,4715,13,17,2025-11-07 18:27:17.190009,344656.514,6294422.755
PA659,H24,VGRF-65,1849,4,8,2025-11-07 18:27:17.190010,344656.514,6294422.755
PA659,H24,VGRB-24,7010,20,24,2025-11-07 18:27:17.190011,344656.514,6294422.755
PA659,115,GCBD-60,522,0,2,2025-11-07 18:27:17.190011,344656.514,6294422.755
PA659,115,PFXC-39,942,0,3,2025-11-07 18:27:17.190012,344656.514,6294422.755
PC723,C05,LFGP-22,3575,9,13,2025-11-07 18:27:19.321390,356219.112,6303508.747
PC723,C05,LFSL-98,4963,14,18,2025-11-07 18:27:19.321395,356219.112,6303508.747
PF106,F06,SPZY-50,842,0,3,2025-11-07 18:27:21.540523,352855.237,6283316.217
PF106,F06,SPZY-63,3623,9,13,2025-11-07 18:27:21.540528,352855.237,6283316.217
PF106,F08,SPVV-92,2426,6,10,2025-11-07 18:27:21.540530,352855.237,6283316.217
PF106,F08,SPVV-16,8007,23,27,2025-11-07 18:27:21.540531,352855.237,6283316.217
PF106,F14,SRPJ-88,3308,8,12,2025-11-07 18:27:21.540532,352855.237,6283316.217
PF106,F14,SPRV-93,6594,19,23,2025-11-07 18:27:21.540532,352855.237,6283316.217
PF106,E16,VFJJ-50,855,0,3,2025-11-07 18:27:21.540533,352855.237,6283316.217
PF106,E16,VFKT-58,2594,6,10,2025-11-07 18:27:21.540534,352855.237,6283316.217
PF106,F27,SPRY-65,42,0,3,2025-11-07 18:27:21.540535,352855.237,6283316.217
PF106,F27,SPRY-36,2426,6,10,2025-11-07 18:27:21.540536,352855.237,6283316.217
PF106,F05,SPZY-13,847,0,3,2025-11-07 18:27:21.540537,352855.237,6283316.217
PF106,F05,SPZX-59,3616,9,13,2025-11-07 18:27:21.540538,352855.237,6283316.217
PF106,F20,SRVJ-72,5372,15,19,2025-11-07 18:27:21.540539,352855.237,6283316.217
PF106,205,LZRD-94,192,0,3,2025-11-07 18:27:21.540540,352855.237,6283316.217
PF106,205,LZRD-74,1538,3,7,2025-11-07 18:27:21.540541,352855.237,6283316.217
PF106,F01,SPVV-95,1053,0,3,2025-11-07 18:27:21.540542,352855.237,6283316.217
PF106,F01,SPVT-83,3434,9,13,2025-11-07 18:27:21.540543,352855.237,6283316.217
PG1712,G01,THTF-26,1220,0,4,2025-11-07 18:27:23.680450,343036.939,6286332.493
PG1712,G01c,THTD-40,2251,5,9,2025-11-07 18:27:23.680456,343036.939,6286332.493
PG1712,G34,THTH-29,2041,4,8,2025-11-07 18:27:23.680457,343036.939,6286332.493
PG1712,G34,THTD-92,2332,5,9,2025-11-07 18:27:23.680458,343036.939,6286332.493
PG1712,G22,THTF-91,2646,6,10,2025-11-07 18:27:23.680459,343036.939,6286332.493
PG1712,G22,THTD-84,2976,7,11,2025-11-07 18:27:23.680460,343036.939,6286332.493
PB125,B25,FLXS-46,4104,11,15,2025-11-07 18:27:25.837897,346584.34,6305432.637
PB125,B25,FLXS-59,7985,23,27,2025-11-07 18:27:25.837901,346584.34,6305432.637
PB125,425,SJPB-33,4729,13,17,2025-11-07 18:27:25.837902,346584.34,6305432.637
PB125,425,SJPC-32,4790,13,17,2025-11-07 18:27:25.837903,346584.34,6305432.637
PB125,429c,SLLZ-56,2806,7,11,2025-11-07 18:27:25.837904,346584.34,6305432.637
PB125,429c,SJPD-82,5372,15,19,2025-11-07 18:27:25.837905,346584.34,6305432.637
PB125,B18,STHK-28,6623,19,23,2025-11-07 18:27:25.837906,346584.34,6305432.637
PB125,B18,STHF-77,9068,29,60,2025-11-07 18:27:25.837906,346584.34,6305432.637
PB125,B16,FLXS-61,679,0,2,2025-11-07 18:27:25.837907,346584.34,6305432.637
PB125,B16,LDJW-43,2450,6,10,2025-11-07 18:27:25.837908,346584.34,6305432.637
PB125,429,SLPB-64,146,0,3,2025-11-07 18:27:25.837909,346584.34,6305432.637
PB125,429,SLPB-66,4712,13,17,2025-11-07 18:27:25.837910,346584.34,6305432.637
PB125,435,SLLZ-38,833,0,3,2025-11-07 18:27:25.837910,346584.34,6305432.637
PB125,435,SLPC-58,4446,12,16,2025-11-07 18:27:25.837911,346584.34,6305432.637
PB125,B43,SJPF-41,1354,0,4,2025-11-07 18:27:25.837912,346584.34,6305432.637
PB125,B43,SJPB-29,5041,14,18,2025-11-07 18:27:25.837913,346584.34,6305432.637
PB125,B05,SPCG-94,2212,5,9,2025-11-07 18:27:25.837914,346584.34,6305432.637
PB125,B05,SPCG-70,4697,13,17,2025-11-07 18:27:25.837914,346584.34,6305432.637
PC378,417e,PFYR-85,0,0,3,2025-11-07 18:27:28.731158,354398.369,6302360.27
PB891,B04,SHXF-41,5237,15,19,2025-11-07 18:27:30.895278,343035.253,6304951.401
PB891,B04,SHCW-76,5922,17,21,2025-11-07 18:27:30.895284,343035.253,6304951.401
PB891,B26,FLXP-71,1490,3,7,2025-11-07 18:27:30.895285,343035.253,6304951.401
PB891,B26,FLXP-86,7566,22,26,2025-11-07 18:27:30.895286,343035.253,6304951.401
PB891,214,GCBC-23,1595,3,7,2025-11-07 18:27:30.895286,343035.253,6304951.401
PB891,214,GCBB-64,1794,4,8,2025-11-07 18:27:30.895287,343035.253,6304951.401
PH14,102,SRVL-13,1924,4,8,2025-11-07 18:27:33.334403,347175.501,6291424.919
PH14,102,LBTS-78,5279,15,19,2025-11-07 18:27:33.334408,347175.501,6291424.919
PH14,107,PGBY-45,1233,0,4,2025-11-07 18:27:33.334410,347175.501,6291424.919
PH14,107,PGRZ-73,1481,3,7,2025-11-07 18:27:33.334411,347175.501,6291424.919
PH14,108,PGPT-24,990,0,3,2025-11-07 18:27:33.334412,347175.501,6291424.919
PH14,108,PFVD-65,5775,16,20,2025-11-07 18:27:33.334412,347175.501,6291424.919
PJ1624,J12,TBFS-53,2232,5,9,2025-11-07 18:27:35.418700,328448.83,6297314.755
PJ1624,J12,FLXG-21,3782,10,14,2025-11-07 18:27:35.418705,328448.83,6297314.755
PG1750,329,CJRW-77,739,0,2,2025-11-07 18:27:37.075892,344402.11,6289650.87
PG1750,329,FLXR-41,4700,13,17,2025-11-07 18:27:37.075898,344402.11,6289650.87
PF111,F20,SPZY-81,513,0,2,2025-11-07 18:27:38.817644,351375.696,6283052.657
PF111,F20,SRVJ-72,6872,20,24,2025-11-07 18:27:38.817649,351375.696,6283052.657
PF111,205,LZRD-92,962,0,3,2025-11-07 18:27:38.817650,351375.696,6283052.657
PF111,205,LZRD-94,1346,0,4,2025-11-07 18:27:38.817651,351375.696,6283052.657
PF111,F08,SPVV-92,3926,10,14,2025-11-07 18:27:38.817652,351375.696,6283052.657
PF111,F08,SPVV-16,9507,30,60,2025-11-07 18:27:38.817653,351375.696,6283052.657
PF111,E16,VFJJ-50,2355,5,9,2025-11-07 18:27:38.817654,351375.696,6283052.657
PF111,E16,VFKT-58,4041,11,15,2025-11-07 18:27:38.817654,351375.696,6283052.657
PF111,F27,SPRY-36,3616,9,13,2025-11-07 18:27:38.817656,351375.696,6283052.657
PF111,F27,SPRW-90,4769,13,17,2025-11-07 18:27:38.817656,351375.696,6283052.657
PB649,B43,SJPC-80,400,0,3,2025-11-07 18:27:40.977913,337376.389,6307664.502
PB649,B43,SJPC-76,4548,12,16,2025-11-07 18:27:40.977918,337376.389,6307664.502
PB649,307e,VHSZ-44,2124,5,9,2025-11-07 18:27:40.977919,337376.389,6307664.502
PB649,307e,VHSZ-46,2815,7,11,2025-11-07 18:27:40.977920,337376.389,6307664.502
PB649,315e,VHTB-43,1786,4,8,2025-11-07 18:27:40.977921,337376.389,6307664.502
PB649,315e,VHTB-64,1747,4,8,2025-11-07 18:27:40.977921,337376.389,6307664.502
PB649,B45,TWPD-31,402,0,3,2025-11-07 18:27:40.977922,337376.389,6307664.502
PB649,B45,VHSX-84,4426,12,16,2025-11-07 18:27:40.977923,337376.389,6307664.502
PF689,F16,SPRV-96,4953,14,18,2025-11-07 18:27:45.193787,352356.682,6282115.586
PF689,F16,SPRY-35,7040,20,24,2025-11-07 18:27:45.193793,352356.682,6282115.586
PH246,227,VFPF-31,5685,16,20,2025-11-07 18:27:48.953366,346996.658,6290206.34
PH246,227,VFHT-73,6175,17,21,2025-11-07 18:27:48.953371,346996.658,6290206.34
PH246,329,FLXR-41,1053,0,3,2025-11-07 18:27:48.953372,346996.658,6290206.34
PH246,329,FLXR-18,2628,6,10,2025-11-07 18:27:48.953373,346996.658,6290206.34
PH246,G11,THTD-83,1173,0,4,2025-11-07 18:27:48.953373,346996.658,6290206.34
PH246,G11,THTG-81,1499,3,7,2025-11-07 18:27:48.953374,346996.658,6290206.34
PH246,226,VFPS-99,2050,4,8,2025-11-07 18:27:48.953375,346996.658,6290206.34
PH246,226,VFPX-33,5330,15,19,2025-11-07 18:27:48.953376,346996.658,6290206.34
PJ598,J16,FDJX-73,1145,0,4,2025-11-07 18:27:50.514155,341474.688,6301476.254
PJ598,J16,FLXD-47,3873,10,14,2025-11-07 18:27:50.514160,341474.688,6301476.254
PJ598,J01,FLXD-36,622,0,2,2025-11-07 18:27:50.514161,341474.688,6301476.254
PJ598,J01,FDJX-76,809,0,3,2025-11-07 18:27:50.514162,341474.688,6301476.254
PB539,307,VHTB-32,535,0,2,2025-11-07 18:27:52.742759,337818.7,6307476.08
PB539,307,FLXJ-98,1301,0,4,2025-11-07 18:27:52.742764,337818.7,6307476.08
PB539,307c,TWPC-87,1299,0,4,2025-11-07 18:27:52.742765,337818.7,6307476.08
PI872,I03,FLXJ-25,2465,6,10,2025-11-07 18:27:54.932875,335526.559,6289912.856
PI872,I03,FLXJ-21,2951,7,11,2025-11-07 18:27:54.932880,335526.559,6289912.856
PG1971,G16,SFPG-34,2090,5,9,2025-11-07 18:27:57.221027,348231.75,6281852.73
PG293,F05,SPZX-69,39,0,3,2025-11-07 18:27:59.219029,346256.396,6287134.054
PG293,F05,SPZX-98,1146,0,4,2025-11-07 18:27:59.219034,346256.396,6287134.054
PG293,G08v,FLXV-30,1368,0,4,2025-11-07 18:27:59.219035,346256.396,6287134.054
PG293,G18,SHCV-27,4108,11,15,2025-11-07 18:27:59.219036,346256.396,6287134.054
PG293,G18,SDSW-96,5415,15,19,2025-11-07 18:27:59.219037,346256.396,6287134.054
PG293,228,THTH-35,1142,0,4,2025-11-07 18:27:59.219038,346256.396,6287134.054
PE826,E17,FLXT-41,1067,0,3,2025-11-07 18:28:01.302244,351935.292,6290832.519
PE826,E17,FLXT-37,2911,7,11,2025-11-07 18:28:01.302249,351935.292,6290832.519
PB785,C18,SHXF-42,1920,4,8,2025-11-07 18:28:03.555139,346275.614,6306035.102
PB785,C18,SHXD-86,2286,5,9,2025-11-07 18:28:03.555144,346275.614,6306035.102
PB785,B35,SHCX-62,1801,4,8,2025-11-07 18:28:03.555145,346275.614,6306035.102
PB785,B35,SHCY-53,2367,5,9,2025-11-07 18:28:03.555145,346275.614,6306035.102
PI637,D18,SVDD-39,2314,5,9,2025-11-07 18:28:05.098092,350691.824,6298170.81
PE734,E12,VFJR-90,1665,3,7,2025-11-07 18:28:07.219579,352537.401,6285372.221
PE734,E12,VFKT-91,2422,6,10,2025-11-07 18:28:07.219585,352537.401,6285372.221
PE734,E11,VKJY-32,2670,6,10,2025-11-07 18:28:07.219586,352537.401,6285372.221
PE734,E11,VKJY-65,5012,14,18,2025-11-07 18:28:07.219587,352537.401,6285372.221
PG128,205,LZRD-64,121,0,3,2025-11-07 18:28:09.186897,350414.262,6282864.381
PG128,205,SXKV-90,741,0,2,2025-11-07 18:28:09.186902,350414.262,6282864.381
PG128,286,SFGY-76,1447,3,7,2025-11-07 18:28:09.186903,350414.262,6282864.381
PG128,286,SFGY-14,3624,9,13,2025-11-07 18:28:09.186904,350414.262,6282864.381
PG128,F20,SPZX-80,741,0,2,2025-11-07 18:28:09.186905,350414.262,6282864.381
PG128,F20,SPZX-67,1142,0,4,2025-11-07 18:28:09.186906,350414.262,6282864.381
PI702,I01,FLXG-91,1819,4,8,2025-11-07 18:28:10.742370,335783.238,6288366.072
PI702,I01,FLXL-33,2729,7,11,2025-11-07 18:28:10.742376,335783.238,6288366.072
PC1066,406,TBFS-43,8361,47,60,2025-11-07 18:28:12.794048,354055.162,6302211.523
PC1066,406,PFXB-73,8434,48,60,2025-11-07 18:28:12.794052,354055.162,6302211.523
PC1066,426,BJFF-47,8493,27,60,2025-11-07 18:28:12.794053,354055.162,6302211.523
PC1066,426,BJFH-30,8753,28,60,2025-11-07 18:28:12.794054,354055.162,6302211.523
PC1066,406c,SKWD-80,588,0,2,2025-11-07 18:28:12.794055,354055.162,6302211.523
PC1066,406c,SKWD-83,1260,0,4,2025-11-07 18:28:12.794056,354055.162,6302211.523
PC1066,C01,LDJJ-71,1260,0,4,2025-11-07 18:28:12.794057,354055.162,6302211.523
PC1066,C01,LDJJ-62,3123,8,12,2025-11-07 18:28:12.794057,354055.162,6302211.523
PC1066,C19,SGPY-69,1260,0,4,2025-11-07 18:28:12.794058,354055.162,6302211.523
PC1066,430,PFZK-87,481,0,2,2025-11-07 18:28:12.794059,354055.162,6302211.523
PC1066,430,SHXG-44,819,0,3,2025-11-07 18:28:12.794060,354055.162,6302211.523
PJ314,502,TBFW-75,819,0,3,2025-11-07 18:28:14.909311,336956.424,6301317.616
PJ314,502,TBFP-85,3339,9,13,2025-11-07 18:28:14.909317,336956.424,6301317.616
PJ314,511,GCBC-38,1287,0,4,2025-11-07 18:28:14.909318,336956.424,6301317.616
PJ314,511,GCBC-44,8273,26,60,2025-11-07 18:28:14.909319,336956.424,6301317.616
PJ314,513,VHZW-80,1270,0,4,2025-11-07 18:28:14.909320,336956.424,6301317.616
PJ314,J15c,PFXC-53,351,0,3,2025-11-07 18:28:14.909321,336956.424,6301317.616
PJ314,J15c,TBFR-59,4485,12,16,2025-11-07 18:28:14.909322,336956.424,6301317.616
PE877,F25,TXZH-42,1898,4,8,2025-11-07 18:28:17.010268,353049.563,6286592.769
PE877,F25,SRVF-81,7098,20,24,2025-11-07 18:28:17.010274,353049.563,6286592.769
PG1933,G22,THTF-51,0,0,3,2025-11-07 18:28:18.988419,341080.76,6280650.61
PG1933,G22,THTG-86,2611,6,10,2025-11-07 18:28:18.988424,341080.76,6280650.61
PD1424,D10,SVDC-39,203,0,3,2025-11-07 18:28:21.098211,357481.767,6295901.166
PD1424,D15,SVDC-62,1332,0,4,2025-11-07 18:28:21.098217,357481.767,6295901.166
PB70,105,SHXG-17,530,0,2,2025-11-07 18:28:23.132605,341917.73,6302318.71
PB70,105,SJPD-95,559,0,2,2025-11-07 18:28:23.132610,341917.73,6302318.71
PB70,120,TXZH-38,0,0,3,2025-11-07 18:28:23.132611,341917.73,6302318.71
PB70,120,SKHG-20,2199,5,9,2025-11-07 18:28:23.132612,341917.73,6302318.71
PB70,B20,SKHG-92,4959,14,18,2025-11-07 18:28:23.132613,341917.73,6302318.71
PB70,B20,SKHG-65,6495,19,23,2025-11-07 18:28:23.132614,341917.73,6302318.71
PB70,B29,SKHG-82,1659,3,7,2025-11-07 18:28:23.132615,341917.73,6302318.71
PB70,B29,SKHG-57,3124,8,12,2025-11-07 18:28:23.132616,341917.73,6302318.71
PB70,109,FLXH-84,1044,4,8,2025-11-07 18:28:23.132616,341917.73,6302318.71
PB70,109,CJRW-71,2206,20,24,2025-11-07 18:28:23.132617,341917.73,6302318.71
PB70,B03,LXDH-85,1298,0,4,2025-11-07 18:28:23.132618,341917.73,6302318.71
PB70,B03,SKHG-89,5467,15,19,2025-11-07 18:28:23.132619,341917.73,6302318.71
PI260,111,FLXY-97,1550,3,7,2025-11-07 18:28:25.214103,337358.39,6295250.966
PI260,111,BJFX-41,2247,5,9,2025-11-07 18:28:25.214108,337358.39,6295250.966
PI260,I02,FLXZ-38,2304,5,9,2025-11-07 18:28:25.214109,337358.39,6295250.966
PI260,I02,FLXZ-46,3048,8,12,2025-11-07 18:28:25.214110,337358.39,6295250.966
PI260,I20,FLXG-16,7299,21,25,2025-11-07 18:28:25.214111,337358.39,6295250.966
PI260,404,PFYC-14,644,0,2,2025-11-07 18:28:25.214112,337358.39,6295250.966
PI260,404,LXWP-58,5744,16,20,2025-11-07 18:28:25.214112,337358.39,6295250.966
PI260,404c,PFYC-20,2227,5,9,2025-11-07 18:28:25.214113,337358.39,6295250.966
PG876,G35,SFGY-89,3080,8,12,2025-11-07 18:28:27.319416,343873.434,6284404.261
PG876,G35,SFPF-72,3045,8,12,2025-11-07 18:28:27.319421,343873.434,6284404.261
PG876,G13c,SDSW-48,962,0,3,2025-11-07 18:28:27.319422,343873.434,6284404.261
PG876,G13c,SHXB-35,2680,6,10,2025-11-07 18:28:27.319423,343873.434,6284404.261
PF98,210,LZRB-94,0,0,3,2025-11-07 18:28:29.414513,353603.345,6281250.572
PF98,210,LZRF-11,991,0,3,2025-11-07 18:28:29.414518,353603.345,6281250.572
PF98,F01,SPVT-83,863,0,3,2025-11-07 18:28:29.414519,353603.345,6281250.572
PF98,F01,SPVW-11,805,0,3,2025-11-07 18:28:29.414520,353603.345,6281250.572
PF98,F13,SRSC-51,660,0,2,2025-11-07 18:28:29.414521,353603.345,6281250.572
PF98,F13,SRSC-90,1461,3,7,2025-11-07 18:28:29.414521,353603.345,6281250.572
PF98,F15,SRVG-81,1134,0,4,2025-11-07 18:28:29.414523,353603.345,6281250.572
PF98,F15,SRVK-90,2529,6,10,2025-11-07 18:28:29.414523,353603.345,6281250.572
PF98,205,LZRD-74,192,0,3,2025-11-07 18:28:29.414524,353603.345,6281250.572
PF98,205,LZRF-15,705,0,2,2025-11-07 18:28:29.414525,353603.345,6281250.572
PD814,D16,SPBP-86,0,0,3,2025-11-07 18:28:31.552332,353499.568,6297401.614
PD814,D16,SPBS-40,2436,6,10,2025-11-07 18:28:31.552345,353499.568,6297401.614
PG623,G28,BJFW-84,12446,39,60,2025-11-07 18:28:33.742513,346526.671,6283397.633
PG623,G28,BJFX-46,15205,48,60,2025-11-07 18:28:33.742519,346526.671,6283397.633
PG623,F06,SPZY-51,3787,10,14,2025-11-07 18:28:33.742520,346526.671,6283397.633
PG623,F06,SPZY-56,3689,10,14,2025-11-07 18:28:33.742521,346526.671,6283397.633
PG623,206,FLXZ-58,0,0,3,2025-11-07 18:28:33.742522,346526.671,6283397.633
PG623,206,FLXX-69,3430,9,13,2025-11-07 18:28:33.742523,346526.671,6283397.633
PG623,206c,LZPT-60,2583,6,10,2025-11-07 18:28:33.742524,346526.671,6283397.633
PG623,206c,LZPT-67,4123,11,15,2025-11-07 18:28:33.742525,346526.671,6283397.633
PD1271,D18,SVDF-29,281,0,3,2025-11-07 18:28:35.831709,349801.865,6297737.222
PD1271,D18,SVDC-42,1146,0,4,2025-11-07 18:28:35.831713,349801.865,6297737.222
PI823,I03,FLXG-72,1499,3,7,2025-11-07 18:28:37.908357,338704.102,6292360.481
PI823,I03,FLXJ-16,3057,8,12,2025-11-07 18:28:37.908362,338704.102,6292360.481
PI823,I13,FLXX-73,124,0,2,2025-11-07 18:28:37.908363,338704.102,6292360.481
PI823,I13,FLXX-74,213,0,3,2025-11-07 18:28:37.908364,338704.102,6292360.481
PG954,G08v,FLXV-27,2620,6,10,2025-11-07 18:28:39.518628,346221.869,6286369.691
PG954,G08v,FLXP-14,2470,6,10,2025-11-07 18:28:39.518633,346221.869,6286369.691
PG954,G08,THTF-80,641,0,2,2025-11-07 18:28:39.518634,346221.869,6286369.691
PG954,G08,THTF-94,6331,18,22,2025-11-07 18:28:39.518635,346221.869,6286369.691
PG1692,F03,SKTZ-76,6747,19,23,2025-11-07 18:28:41.304954,347955.7,6278114.466
PG1692,F03,SPVV-63,9196,29,60,2025-11-07 18:28:41.304959,347955.7,6278114.466
PC302,C09c,SKPK-38,434,0,3,2025-11-07 18:28:43.360853,357141.792,6302199.705
PC302,C09c,SJPD-57,1355,0,4,2025-11-07 18:28:43.360857,357141.792,6302199.705
PC302,C37,SGPW-48,461,0,3,2025-11-07 18:28:43.360859,357141.792,6302199.705
PC302,C37,SGPX-12,1863,4,8,2025-11-07 18:28:43.360859,357141.792,6302199.705
PC302,407,TBFT-87,544,0,2,2025-11-07 18:28:43.360860,357141.792,6302199.705
PC302,407,PFXC-37,973,0,3,2025-11-07 18:28:43.360861,357141.792,6302199.705
PC302,C09,LFGP-25,4579,12,16,2025-11-07 18:28:43.360862,357141.792,6302199.705
PC302,C09,SKPJ-76,6850,20,24,2025-11-07 18:28:43.360863,357141.792,6302199.705
PB1855,B02,FLXS-32,1932,4,8,2025-11-07 18:28:45.885118,348697.33,6305836.19
PB1855,B02,FLXR-74,2576,6,10,2025-11-07 18:28:45.885123,348697.33,6305836.19
PI645,546e,GCBF-24,17694,56,60,2025-11-07 18:28:50.977063,335353.198,6288178.724
PI645,546e,FLXW-18,18116,57,60,2025-11-07 18:28:50.977068,335353.198,6288178.724
PI645,I01,FLXF-77,1698,3,7,2025-11-07 18:28:50.977070,335353.198,6288178.724
PI645,506v,TBFP-92,2636,6,10,2025-11-07 18:28:50.977071,335353.198,6288178.724
PI645,506v,GCBD-98,2486,6,10,2025-11-07 18:28:50.977072,335353.198,6288178.724
PF678,F16,SPRZ-29,246,0,3,2025-11-07 18:28:56.571171,352633.98,6281907.777
PC338,502,BJFB-66,1342,0,4,2025-11-07 18:29:02.977458,350351.0,6301690.26
PC338,502,BJFD-74,1535,3,7,2025-11-07 18:29:02.977463,350351.0,6301690.26
PC338,542,TBFX-45,6736,19,23,2025-11-07 18:29:02.977465,350351.0,6301690.26
PC338,542,PFXB-34,8626,27,60,2025-11-07 18:29:02.977466,350351.0,6301690.26
PC338,409,PGTV-26,2705,7,11,2025-11-07 18:29:02.977466,350351.0,6301690.26
PC338,409,SKWD-27,4568,12,16,2025-11-07 18:29:02.977467,350351.0,6301690.26
PC338,411,SPBS-44,2195,5,9,2025-11-07 18:29:02.977468,350351.0,6301690.26
PC338,411,SPBR-21,5815,16,20,2025-11-07 18:29:02.977469,350351.0,6301690.26
PJ217,514,FLXW-59,781,0,2,2025-11-07 18:29:07.697045,337820.659,6297311.319
PJ217,514,FLXS-65,592,0,2,2025-11-07 18:29:07.697050,337820.659,6297311.319
PJ217,418,PFYC-43,898,0,3,2025-11-07 18:29:07.697051,337820.659,6297311.319
PJ217,418,SKPK-31,2825,7,11,2025-11-07 18:29:07.697052,337820.659,6297311.319
PI1871,I25,FLXK-96,10347,33,60,2025-11-07 18:29:14.458088,341667.0,6290538.0
PI1871,I25,FLXL-72,11907,38,60,2025-11-07 18:29:14.458094,341667.0,6290538.0
PA445,506,TBFV-95,599,0,2,2025-11-07 18:29:19.227113,347642.0,6296808.94
PA445,506,TBFW-38,2505,6,10,2025-11-07 18:29:19.227118,347642.0,6296808.94
PA445,506v,TBFS-33,4103,11,15,2025-11-07 18:29:19.227119,347642.0,6296808.94
PA445,506v,PFXB-39,4125,11,15,2025-11-07 18:29:19.227120,347642.0,6296808.94
PA445,507,TBFV-24,153,0,3,2025-11-07 18:29:19.227121,347642.0,6296808.94
PA445,507,TBFW-31,3715,10,14,2025-11-07 18:29:19.227122,347642.0,6296808.94
PA445,507c,PFXB-95,2322,5,9,2025-11-07 18:29:19.227123,347642.0,6296808.94
PA445,507c,TBFR-80,5005,14,18,2025-11-07 18:29:19.227123,347642.0,6296808.94
PA445,510,FLXV-46,6237,18,22,2025-11-07 18:29:19.227124,347642.0,6296808.94
PA445,510,PFWZ-54,7578,22,26,2025-11-07 18:29:19.227125,347642.0,6296808.94
PA288,511,TBFX-48,1868,4,8,2025-11-07 18:29:22.924747,344673.712,6295259.893
PA288,511,TBFW-73,3338,9,13,2025-11-07 18:29:22.924753,344673.712,6295259.893
PA288,H07,BJFV-78,569,0,2,2025-11-07 18:29:22.924754,344673.712,6295259.893
PA288,H07,CJRY-86,7986,23,27,2025-11-07 18:29:22.924754,344673.712,6295259.893
PA288,345,FLXF-17,1952,4,8,2025-11-07 18:29:22.924755,344673.712,6295259.893
PA288,345,FLXF-37,5483,15,19,2025-11-07 18:29:22.924756,344673.712,6295259.893
PA824,D05,SPBF-51,1522,3,7,2025-11-07 18:29:29.107422,346743.0,6294682.0
PA824,D05,PGBY-70,1591,3,7,2025-11-07 18:29:29.107428,346743.0,6294682.0
PI975,348,VHTB-38,284,0,3,2025-11-07 18:29:32.322472,334534.826,6290594.356
PI975,348,VHSX-86,496,0,2,2025-11-07 18:29:32.322477,334534.826,6290594.356
PI975,I07,VHSY-12,177,0,3,2025-11-07 18:29:32.322478,334534.826,6290594.356
PE370,E18,BJFS-80,1520,3,7,2025-11-07 18:29:34.324126,350675.554,6289208.17
PE370,E18,BJFX-28,2705,7,11,2025-11-07 18:29:34.324131,350675.554,6289208.17
PE370,E03,FLXK-63,131,0,3,2025-11-07 18:29:34.324132,350675.554,6289208.17
PE370,E03,FLXD-80,2593,6,10,2025-11-07 18:29:34.324133,350675.554,6289208.17
PG1684,G13,SHXB-27,1903,4,8,2025-11-07 18:29:36.211036,347457.786,6282670.942
PG1684,G13c,SHXB-40,1572,3,7,2025-11-07 18:29:36.211041,347457.786,6282670.942
PG1684,G13c,SFGY-11,3928,10,14,2025-11-07 18:29:36.211042,347457.786,6282670.942
PG1684,212,LZPG-15,822,0,3,2025-11-07 18:29:36.211043,347457.786,6282670.942
PG1684,212,LZPT-39,1439,3,7,2025-11-07 18:29:36.211044,347457.786,6282670.942
PG1684,216,GCBF-46,825,0,3,2025-11-07 18:29:36.211044,347457.786,6282670.942
PG1684,216,LZPT-50,825,0,3,2025-11-07 18:29:36.211045,347457.786,6282670.942
PG1684,216y,SFWB-85,2867,7,11,2025-11-07 18:29:36.211046,347457.786,6282670.942
PG1684,G23,SFWZ-85,3776,10,14,2025-11-07 18:29:36.211047,347457.786,6282670.942
PI671,I25,FLXK-96,808,0,3,2025-11-07 18:29:38.344105,340960.257,6292885.876
PI671,I25,FLXL-30,3375,9,13,2025-11-07 18:29:38.344110,340960.257,6292885.876
PI671,I01,FLXL-49,4424,12,16,2025-11-07 18:29:38.344111,340960.257,6292885.876
PI671,I01,FLXJ-28,6475,18,22,2025-11-07 18:29:38.344112,340960.257,6292885.876
PI671,I18,VHSY-42,6090,17,21,2025-11-07 18:29:38.344113,340960.257,6292885.876
PD103,104,LDTF-40,1180,0,4,2025-11-07 18:29:39.909253,351461.787,6297185.819
PD103,104,SKVD-75,4034,11,15,2025-11-07 18:29:39.909258,351461.787,6297185.819
PD103,212,LZPV-98,0,0,3,2025-11-07 18:29:39.909260,351461.787,6297185.819
PD103,212,LZPG-21,1936,4,8,2025-11-07 18:29:39.909261,351461.787,6297185.819
PD103,224,VFPL-31,543,0,2,2025-11-07 18:29:39.909262,351461.787,6297185.819
PD103,224,VGBW-19,543,0,2,2025-11-07 18:29:39.909263,351461.787,6297185.819
PH734,H13,CJRZ-72,1431,3,7,2025-11-07 18:29:42.001881,343645.896,6290162.844
PH734,H13,CJRX-70,4777,13,17,2025-11-07 18:29:42.001886,343645.896,6290162.844
PI1208,I16,FLXF-80,6908,20,24,2025-11-07 18:29:44.198843,343475.482,6295019.949
PI1208,I16,FLXL-17,8976,28,60,2025-11-07 18:29:44.198848,343475.482,6295019.949
PC1299,421,PDYS-12,846,0,3,2025-11-07 18:29:46.249800,359632.0,6303876.0
PG96,209,RYJG-99,385,0,3,2025-11-07 18:29:48.380257,348355.454,6286853.194
PG96,209,SDGY-25,4195,11,15,2025-11-07 18:29:48.380262,348355.454,6286853.194
PG96,209c,VJJX-17,14074,44,60,2025-11-07 18:29:48.380264,348355.454,6286853.194
PG96,209c,VJKL-76,14072,44,60,2025-11-07 18:29:48.380264,348355.454,6286853.194
PG96,203N,SFWB-89,10452,33,60,2025-11-07 18:29:48.380265,348355.454,6286853.194
PG96,205,LZRD-71,1627,3,7,2025-11-07 18:29:48.380266,348355.454,6286853.194
PG96,205,RWTP-92,3848,10,14,2025-11-07 18:29:48.380267,348355.454,6286853.194
PG96,207,VJLR-51,1092,0,3,2025-11-07 18:29:48.380268,348355.454,6286853.194
PG96,207,SVPX-50,1144,0,4,2025-11-07 18:29:48.380269,348355.454,6286853.194
PG96,207c,VJXV-59,11743,37,60,2025-11-07 18:29:48.380270,348355.454,6286853.194
PG418,428,SHCV-80,1128,0,4,2025-11-07 18:29:49.890501,343782.59,6288083.31
PG644,G01,THTF-26,976,0,3,2025-11-07 18:29:52.038143,343307.333,6286484.971
PG644,G01c,THTD-40,1972,4,8,2025-11-07 18:29:52.038148,343307.333,6286484.971
PG644,G01c,THTH-18,3202,8,12,2025-11-07 18:29:52.038149,343307.333,6286484.971
PA272,119,FLXT-28,1789,4,8,2025-11-07 18:29:54.483711,345217.674,6298352.188
PA272,119,BJFW-96,2146,5,9,2025-11-07 18:29:54.483716,345217.674,6298352.188
PA272,121,CJRW-56,544,0,2,2025-11-07 18:29:54.483717,345217.674,6298352.188
PA272,121,BJFZ-53,3544,9,13,2025-11-07 18:29:54.483718,345217.674,6298352.188
PA272,J03,FLXD-55,2457,6,10,2025-11-07 18:29:54.483719,345217.674,6298352.188
PA272,J03,FLXG-25,4202,11,15,2025-11-07 18:29:54.483720,345217.674,6298352.188
PD290,513,VJJV-38,650,0,2,2025-11-07 18:29:56.579888,355218.868,6296335.417
PD290,513,LXWS-34,1463,3,7,2025-11-07 18:29:56.579892,355218.868,6296335.417
PD290,D09,SVDD-59,1432,3,7,2025-11-07 18:29:56.579893,355218.868,6296335.417
PD290,D09,SVDC-54,3664,10,14,2025-11-07 18:29:56.579894,355218.868,6296335.417
PD290,225,VJKS-25,1292,0,4,2025-11-07 18:29:56.579895,355218.868,6296335.417
PD290,225,VFHX-52,7257,21,25,2025-11-07 18:29:56.579896,355218.868,6296335.417
PC342,409,PGTV-26,3145,8,12,2025-11-07 18:29:58.531141,349628.61,6300901.12
PC342,409,SKWD-27,4805,13,17,2025-11-07 18:29:58.531147,349628.61,6300901.12
PC342,502,BJFB-66,2308,5,9,2025-11-07 18:29:58.531148,349628.61,6300901.12
PC342,502,BJFD-74,2473,6,10,2025-11-07 18:29:58.531149,349628.61,6300901.12
PC342,542,TBFX-45,7607,22,26,2025-11-07 18:29:58.531150,349628.61,6300901.12
PC342,542,PFXB-34,9315,29,60,2025-11-07 18:29:58.531151,349628.61,6300901.12
PC342,546e,FLXV-99,2261,5,9,2025-11-07 18:29:58.531151,349628.61,6300901.12
PC342,546e,TBFW-21,5393,15,19,2025-11-07 18:29:58.531152,349628.61,6300901.12
PH537,H05,VFPS-47,1288,0,4,2025-11-07 18:30:01.125253,345269.462,6291002.863
PH537,H05,VFPH-66,2602,6,10,2025-11-07 18:30:01.125258,345269.462,6291002.863
PG723,G02,FLXX-17,1932,4,8,2025-11-07 18:30:03.047808,343485.422,6276539.555
PG1285,G16,SFGY-13,2883,7,11,2025-11-07 18:30:06.728995,345806.223,6285939.595
PG1285,G16,SFPG-61,6004,17,21,2025-11-07 18:30:06.729000,345806.223,6285939.595
PD424,D18,SVDD-79,4223,11,15,2025-11-07 18:30:08.806787,357886.01,6296836.57
PD424,D18,SVDD-36,4585,12,16,2025-11-07 18:30:08.806817,357886.01,6296836.57
PD424,422,TBFV-94,4816,13,17,2025-11-07 18:30:08.806818,357886.01,6296836.57
PD424,422,PFXB-88,5020,14,18,2025-11-07 18:30:08.806819,357886.01,6296836.57
PD424,403,PFTW-45,3723,10,14,2025-11-07 18:30:08.806820,357886.01,6296836.57
PD424,403,SKPK-27,5251,15,19,2025-11-07 18:30:08.806821,357886.01,6296836.57
PJ374,514,FLXW-59,3880,10,14,2025-11-07 18:30:10.996080,335426.998,6298487.187
PJ374,514,FLXS-65,3732,10,14,2025-11-07 18:30:10.996085,335426.998,6298487.187
PJ374,J07,VJBB-21,4341,12,16,2025-11-07 18:30:10.996087,335426.998,6298487.187
PJ374,486,LXWP-75,2538,6,10,2025-11-07 18:30:10.996087,335426.998,6298487.187
PJ374,486,LXWP-61,5561,16,20,2025-11-07 18:30:10.996088,335426.998,6298487.187
PJ374,407,GCBD-47,3024,8,12,2025-11-07 18:30:10.996089,335426.998,6298487.187
PJ374,407,GCBC-62,3024,8,12,2025-11-07 18:30:10.996090,335426.998,6298487.187
PJ374,507,GCBD-38,781,0,3,2025-11-07 18:30:10.996091,335426.998,6298487.187
PJ374,507,FLXW-24,6090,17,21,2025-11-07 18:30:10.996092,335426.998,6298487.187
PB175,B02,FLXR-78,1074,0,3,2025-11-07 18:30:12.815890,348382.492,6302978.41
PB175,B02,FLXR-93,1074,0,3,2025-11-07 18:30:12.815895,348382.492,6302978.41
PB175,116,LCPW-33,599,0,2,2025-11-07 18:30:12.815896,348382.492,6302978.41
PB175,116,LDJJ-68,1120,0,4,2025-11-07 18:30:12.815897,348382.492,6302978.41
PF227,F12,SRVJ-43,1619,3,7,2025-11-07 18:30:14.395292,350373.547,6279162.407
PF227,F12,LBTS-91,5361,15,19,2025-11-07 18:30:14.395296,350373.547,6279162.407
PF227,F15,SRVL-78,1194,0,4,2025-11-07 18:30:14.395297,350373.547,6279162.407
PF227,F15,SPZY-41,3584,9,13,2025-11-07 18:30:14.395298,350373.547,6279162.407
PF227,F18,SRVF-96,0,0,3,2025-11-07 18:30:14.395299,350373.547,6279162.407
PF227,F18,LCTG-45,741,0,2,2025-11-07 18:30:14.395300,350373.547,6279162.407
PF227,F25,SPZY-68,872,0,3,2025-11-07 18:30:14.395300,350373.547,6279162.407
PF227,F25,SRVL-25,5178,14,18,2025-11-07 18:30:14.395301,350373.547,6279162.407
PF227,F25e,SRVJ-34,5703,16,20,2025-11-07 18:30:14.395302,350373.547,6279162.407
PF227,F25e,SRVF-74,5790,16,20,2025-11-07 18:30:14.395303,350373.547,6279162.407
PF227,F03,SRPJ-74,1360,0,4,2025-11-07 18:30:14.395304,350373.547,6279162.407
PF227,F03,SPVV-38,1781,4,8,2025-11-07 18:30:14.395304,350373.547,6279162.407
PF227,F13,SRRX-22,660,0,2,2025-11-07 18:30:14.395305,350373.547,6279162.407
PF227,F13,SRPJ-99,2619,6,10,2025-11-07 18:30:14.395306,350373.547,6279162.407
PF227,F03c,SHCX-60,1862,4,8,2025-11-07 18:30:14.395307,350373.547,6279162.407
PF227,F03c,SHXD-82,4388,12,16,2025-11-07 18:30:14.395307,350373.547,6279162.407
PF942,F06,SPZY-50,973,0,3,2025-11-07 18:30:17.004199,352217.083,6283153.23
PF942,F06,SPZY-63,3281,8,12,2025-11-07 18:30:17.004204,352217.083,6283153.23
PF942,F01,SPVV-95,909,0,3,2025-11-07 18:30:17.004205,352217.083,6283153.23
PF942,F01,SPVW-11,3620,9,13,2025-11-07 18:30:17.004205,352217.083,6283153.23
PF942,F08,SPVW-82,14442,46,60,2025-11-07 18:30:17.004207,352217.083,6283153.23
PF942,F27,SPRY-65,107,0,3,2025-11-07 18:30:17.004207,352217.083,6283153.23
PF942,F27,SPRY-89,3527,9,13,2025-11-07 18:30:17.004208,352217.083,6283153.23
PD1586,106,PFYS-94,6012,17,21,2025-11-07 18:30:19.023804,350390.16,6297252.62
PD1586,106,PFTW-80,6361,18,22,2025-11-07 18:30:19.023808,350390.16,6297252.62
PH209,213e,SRVG-25,2450,6,10,2025-11-07 18:30:21.121558,349287.84,6294451.68
PH209,213e,SRVG-32,3600,9,13,2025-11-07 18:30:21.121563,349287.84,6294451.68
PH209,210,RWTP-91,1235,0,4,2025-11-07 18:30:21.121565,349287.84,6294451.68
PH209,210,LZRB-96,2527,6,10,2025-11-07 18:30:21.121565,349287.84,6294451.68
PH209,210v,VGKZ-92,1965,4,8,2025-11-07 18:30:21.121566,349287.84,6294451.68
PH209,210v,VGKZ-62,3377,9,13,2025-11-07 18:30:21.121567,349287.84,6294451.68
PF409,F08,SPVV-16,1080,0,3,2025-11-07 18:30:23.227312,356379.587,6285543.158
PF409,F08,SPVT-65,1646,3,7,2025-11-07 18:30:23.227317,356379.587,6285543.158
PF409,E11,VKJX-38,464,0,3,2025-11-07 18:30:23.227318,356379.587,6285543.158
PF409,E11,VKJX-77,464,0,3,2025-11-07 18:30:23.227319,356379.587,6285543.158
PE505,418,PFYC-29,1595,3,7,2025-11-07 18:30:25.344596,356305.652,6290437.406
PE505,418,PFYC-31,4756,13,17,2025-11-07 18:30:25.344601,356305.652,6290437.406
PE505,126,FLXK-70,199,0,3,2025-11-07 18:30:25.344602,356305.652,6290437.406
PB1453,B22,SKPS-15,3322,8,12,2025-11-07 18:30:27.435639,344712.219,6305971.344
PB1453,B22,SKPS-10,4605,13,17,2025-11-07 18:30:27.435644,344712.219,6305971.344
PH635,H09,VGRG-34,3811,10,14,2025-11-07 18:30:29.512405,347915.468,6292964.265
PH635,H09,VGRF-55,5217,14,18,2025-11-07 18:30:29.512410,347915.468,6292964.265
PB194,308,FLXJ-93,3971,11,15,2025-11-07 18:30:31.311196,343896.908,6304460.115
PB194,308,FLXJ-99,6063,17,21,2025-11-07 18:30:31.311204,343896.908,6304460.115
PH714,321,CJRY-62,2070,5,9,2025-11-07 18:30:33.415349,343935.379,6290257.505
PE511,418,SHXF-14,2093,5,9,2025-11-07 18:30:35.468938,355580.993,6290281.728
PE511,E17,BJFZ-27,715,0,2,2025-11-07 18:30:35.468943,355580.993,6290281.728
PC477,C06,LWTK-63,977,0,3,2025-11-07 18:30:37.564019,357796.01,6301428.46
PC477,C06,SKPK-24,2546,6,10,2025-11-07 18:30:37.564025,357796.01,6301428.46
PC477,401,PDZS-76,828,0,3,2025-11-07 18:30:37.564026,357796.01,6301428.46
PC477,503,VHLR-28,1086,0,3,2025-11-07 18:30:37.564027,357796.01,6301428.46
PF2,102,TXZH-46,541,0,2,2025-11-07 18:30:40.025048,355634.593,6285104.997
PF2,102,SPZY-48,4037,11,15,2025-11-07 18:30:40.025054,355634.593,6285104.997
PF2,104,LDSV-95,676,0,2,2025-11-07 18:30:40.025055,355634.593,6285104.997
PF2,104,SKWD-84,512,0,2,2025-11-07 18:30:40.025056,355634.593,6285104.997
PF2,114,SKWD-71,1502,3,7,2025-11-07 18:30:40.025057,355634.593,6285104.997
PF2,114,SKWD-56,3374,9,13,2025-11-07 18:30:40.025058,355634.593,6285104.997
PF2,F08,SPVV-16,2666,6,10,2025-11-07 18:30:40.025059,355634.593,6285104.997
PF2,F08,SPVT-65,3232,8,12,2025-11-07 18:30:40.025060,355634.593,6285104.997
PF2,E08,VKJX-70,303,0,3,2025-11-07 18:30:40.025061,355634.593,6285104.997
PF2,E08,VKJX-89,2183,5,9,2025-11-07 18:30:40.025062,355634.593,6285104.997
PF2,712,LBTT-25,2247,5,9,2025-11-07 18:30:40.025064,355634.593,6285104.997
PF2,712,SHCX-33,2533,6,10,2025-11-07 18:30:40.025065,355634.593,6285104.997
PF2,124,LCPG-45,1059,0,3,2025-11-07 18:30:40.025066,355634.593,6285104.997
PF2,124,LBTT-16,4627,13,17,2025-11-07 18:30:40.025067,355634.593,6285104.997
PH89,105c,LXDJ-10,3373,9,13,2025-11-07 18:30:41.850406,343313.254,6292647.214
PH89,105c,LXDJ-14,5799,16,20,2025-11-07 18:30:41.850411,343313.254,6292647.214
PH89,120,SJTD-61,897,0,3,2025-11-07 18:30:41.850412,343313.254,6292647.214
PH89,120,TXZH-34,2466,6,10,2025-11-07 18:30:41.850413,343313.254,6292647.214
PH89,125,BJFT-32,1125,0,4,2025-11-07 18:30:41.850414,343313.254,6292647.214
PH89,H12,CJRX-58,758,0,2,2025-11-07 18:30:41.850415,343313.254,6292647.214
PH89,H12,CJRZ-62,5840,16,20,2025-11-07 18:30:41.850415,343313.254,6292647.214
PH89,H24,VGLZ-43,723,0,2,2025-11-07 18:30:41.850416,343313.254,6292647.214
PH89,105,SHCY-17,2835,7,11,2025-11-07 18:30:41.850417,343313.254,6292647.214
PH89,105,SJPD-92,6210,18,22,2025-11-07 18:30:41.850418,343313.254,6292647.214
PG216,118,CJRZ-78,2111,5,9,2025-11-07 18:30:43.454286,347107.43,6287523.44
PG216,118,FLXD-46,2319,5,9,2025-11-07 18:30:43.454290,347107.43,6287523.44
PG216,211,FLXX-19,1337,0,4,2025-11-07 18:30:43.454291,347107.43,6287523.44
PG216,211,FLXX-27,5348,15,19,2025-11-07 18:30:43.454292,347107.43,6287523.44
PG216,229,VJKV-88,354,0,3,2025-11-07 18:30:43.454293,347107.43,6287523.44
PG216,229,SFWZ-31,708,0,2,2025-11-07 18:30:43.454294,347107.43,6287523.44
PG1249,G18,SFGY-79,2119,5,9,2025-11-07 18:30:45.548745,349335.374,6285327.586
PG1249,G18,SHCV-34,3886,10,14,2025-11-07 18:30:45.548750,349335.374,6285327.586
PG1249,G01,THTD-67,0,0,3,2025-11-07 18:30:45.548751,349335.374,6285327.586
PG1249,G01,THTF-53,732,0,2,2025-11-07 18:30:45.548752,349335.374,6285327.586
PG1313,G18,SHXB-21,137,0,3,2025-11-07 18:30:47.590181,347682.518,6287931.47
PG1313,G18,SFPF-82,3796,10,14,2025-11-07 18:30:47.590186,347682.518,6287931.47
PA141,205,LZRD-87,2056,4,8,2025-11-07 18:30:49.196093,347076.87,6296681.401
PA141,207,SDGY-24,749,0,2,2025-11-07 18:30:49.196099,347076.87,6296681.401
PA141,207,VJJZ-12,635,0,2,2025-11-07 18:30:49.196100,347076.87,6296681.401
PA141,207e,SFWZ-59,1716,3,7,2025-11-07 18:30:49.196100,347076.87,6296681.401
PA141,207e,SDGY-13,1716,3,7,2025-11-07 18:30:49.196101,347076.87,6296681.401
PA141,209,SDGY-16,1149,0,4,2025-11-07 18:30:49.196102,347076.87,6296681.401
PA141,203N,SFWB-89,0,0,3,2025-11-07 18:30:49.196103,347076.87,6296681.401
PB898,272,VFHT-80,6425,18,22,2025-11-07 18:30:50.728929,342660.376,6306454.58
PB898,272,VFHV-57,7051,20,24,2025-11-07 18:30:50.728935,342660.376,6306454.58
PB898,B04,SHCX-31,2585,6,10,2025-11-07 18:30:50.728936,342660.376,6306454.58
PB898,B04,SHXF-41,6633,19,23,2025-11-07 18:30:50.728937,342660.376,6306454.58
PB898,B26,FLXP-71,2228,5,9,2025-11-07 18:30:50.728937,342660.376,6306454.58
PB898,B26,FLXP-86,8583,27,60,2025-11-07 18:30:50.728938,342660.376,6306454.58
PB898,214,GCBB-64,2515,6,10,2025-11-07 18:30:50.728939,342660.376,6306454.58
PB898,214,GCBC-23,2392,6,10,2025-11-07 18:30:50.728940,342660.376,6306454.58
PB382,B24,LDJW-29,6123,17,21,2025-11-07 18:30:53.337084,345383.551,6300724.536
PB382,B24,STHD-54,7048,20,24,2025-11-07 18:30:53.337089,345383.551,6300724.536
PB382,301,BJFV-10,1749,4,8,2025-11-07 18:30:53.337090,345383.551,6300724.536
PB382,301,BJFT-85,2693,7,11,2025-11-07 18:30:53.337091,345383.551,6300724.536
PB382,B03,SKHG-93,1121,0,4,2025-11-07 18:30:53.337091,345383.551,6300724.536
PB382,B03,SKHG-70,12239,39,60,2025-11-07 18:30:53.337092,345383.551,6300724.536
PF95,205c,VFPH-91,1947,4,8,2025-11-07 18:31:01.503952,353826.06,6280360.45
PF95,210,LZRF-11,0,0,3,2025-11-07 18:31:01.503957,353826.06,6280360.45
PF95,210,LZRD-87,773,0,2,2025-11-07 18:31:01.503958,353826.06,6280360.45
PF95,F16,SPRV-96,463,0,3,2025-11-07 18:31:01.503959,353826.06,6280360.45
PF95,F16,SPRY-35,2116,5,9,2025-11-07 18:31:01.503960,353826.06,6280360.45
PF95,124,LCPG-39,5109,14,18,2025-11-07 18:31:01.503961,353826.06,6280360.45
PF95,124,LCPG-49,7003,20,24,2025-11-07 18:31:01.503961,353826.06,6280360.45
PB1033,B08,SHXF-23,912,0,3,2025-11-07 18:31:06.995023,340849.255,6306536.647
PB1033,B08,SHCY-36,4275,11,15,2025-11-07 18:31:06.995027,340849.255,6306536.647
PA149,205,LZRB-92,1076,0,3,2025-11-07 18:31:08.637618,347385.93,6295847.01
PA149,205,RWTP-88,1630,3,7,2025-11-07 18:31:08.637623,347385.93,6295847.01
PA149,207,SVPX-46,1455,3,7,2025-11-07 18:31:08.637624,347385.93,6295847.01
PA149,207,VJJX-67,7786,23,27,2025-11-07 18:31:08.637625,347385.93,6295847.01
PA149,209,SVPX-48,965,0,3,2025-11-07 18:31:08.637626,347385.93,6295847.01
PA149,209,VJXV-64,2078,5,9,2025-11-07 18:31:08.637627,347385.93,6295847.01
PA149,227,VFPG-58,1061,0,3,2025-11-07 18:31:08.637628,347385.93,6295847.01
PA149,227,VGKY-12,3047,8,12,2025-11-07 18:31:08.637629,347385.93,6295847.01
PA149,I01,FLXL-47,575,0,2,2025-11-07 18:31:08.637630,347385.93,6295847.01
PA149,I01,FLXL-71,7267,21,25,2025-11-07 18:31:08.637631,347385.93,6295847.01
PD926,D07,SPBF-43,3051,8,12,2025-11-07 18:31:10.732049,356319.529,6294086.543
PD926,D20,SVDC-55,1694,3,7,2025-11-07 18:31:10.732054,356319.529,6294086.543
PB1641,B28,LDJV-49,2910,7,11,2025-11-07 18:31:12.803779,341759.893,6302737.941
PB1641,B28,SKHG-37,3950,10,14,2025-11-07 18:31:12.803784,341759.893,6302737.941
PF500,F11,SKVB-16,1818,4,8,2025-11-07 18:31:14.890099,357918.68,6281183.673
PF500,F11,SKVB-26,2556,6,10,2025-11-07 18:31:14.890104,357918.68,6281183.673
PF500,F24,SPRV-91,1845,4,8,2025-11-07 18:31:14.890105,357918.68,6281183.673
PF500,F24,SPRV-67,6124,17,21,2025-11-07 18:31:14.890106,357918.68,6281183.673
PC23,104,SKVD-68,428,0,3,2025-11-07 18:31:16.928050,350909.378,6300233.585
PC23,104,SKWD-79,813,0,3,2025-11-07 18:31:16.928057,350909.378,6300233.585
PC23,212,LZPG-20,257,0,3,2025-11-07 18:31:16.928058,350909.378,6300233.585
PH488,H24,VGRF-65,1301,0,4,2025-11-07 18:31:18.629254,344363.812,6294331.796
PH488,H24,VGRB-24,6488,18,22,2025-11-07 18:31:18.629259,344363.812,6294331.796
PF724,F18,SRVG-94,118,0,3,2025-11-07 18:31:20.701431,353509.814,6279975.202
PF724,F18,LBTS-83,483,0,2,2025-11-07 18:31:20.701436,353509.814,6279975.202
PA20,115,TBFW-65,548,0,2,2025-11-07 18:31:22.743324,346460.224,6295587.174
PA20,115,GCBF-31,6000,17,21,2025-11-07 18:31:22.743330,346460.224,6295587.174
PA20,113,FLXW-83,159,0,3,2025-11-07 18:31:22.743331,346460.224,6295587.174
PA20,113,FLXW-66,2568,6,10,2025-11-07 18:31:22.743332,346460.224,6295587.174
PJ164,406,TBFW-16,389,3,7,2025-11-07 18:31:24.811155,335372.344,6298152.163
PJ164,426,FLXH-77,1100,0,3,2025-11-07 18:31:24.811161,335372.344,6298152.163
PJ164,426,BJFC-75,1561,3,7,2025-11-07 18:31:24.811162,335372.344,6298152.163
PJ164,503,VGVF-43,399,0,3,2025-11-07 18:31:24.811162,335372.344,6298152.163
PJ164,402,PFTW-50,92,0,3,2025-11-07 18:31:24.811163,335372.344,6298152.163
PJ164,402,SHXG-36,1385,0,4,2025-11-07 18:31:24.811164,335372.344,6298152.163
PJ164,J07,VHZY-71,4947,14,18,2025-11-07 18:31:24.811165,335372.344,6298152.163
PJ164,J07,VHZX-10,13437,42,60,2025-11-07 18:31:24.811166,335372.344,6298152.163
PE804,E17,FLXT-41,688,0,2,2025-11-07 18:31:28.623895,352091.82,6290532.469
PE804,E17,FLXT-37,2231,5,9,2025-11-07 18:31:28.623900,352091.82,6290532.469
PE804,244,SFWZ-73,997,0,3,2025-11-07 18:31:28.623901,352091.82,6290532.469
PE804,244,SFWZ-25,5728,16,20,2025-11-07 18:31:28.623902,352091.82,6290532.469
PH137,201e,VFHK-69,0,0,3,2025-11-07 18:31:30.665625,345671.361,6293095.633
PH137,201e,VFHJ-21,3735,10,14,2025-11-07 18:31:30.665630,345671.361,6293095.633
PH137,302,BJFW-98,351,0,3,2025-11-07 18:31:30.665632,345671.361,6293095.633
PH137,302,BJFW-19,1730,3,7,2025-11-07 18:31:30.665633,345671.361,6293095.633
PH137,H09,VGRG-14,1712,3,7,2025-11-07 18:31:30.665634,345671.361,6293095.633
PH137,H09,VGRG-24,3219,8,12,2025-11-07 18:31:30.665634,345671.361,6293095.633
PH137,H12,CJRB-12,1022,0,3,2025-11-07 18:31:30.665635,345671.361,6293095.633
PH137,H12,CJRX-67,1991,4,8,2025-11-07 18:31:30.665636,345671.361,6293095.633
PH137,H13,CJRX-70,46,0,3,2025-11-07 18:31:30.665637,345671.361,6293095.633
PH137,H13,CJRX-61,1314,0,4,2025-11-07 18:31:30.665638,345671.361,6293095.633
PG391,120,STHF-76,2874,7,11,2025-11-07 18:31:32.604068,344747.502,6288118.839
PG391,120,SKHF-49,9723,32,60,2025-11-07 18:31:32.604073,344747.502,6288118.839
PG391,118,FDJX-72,798,0,3,2025-11-07 18:31:32.604074,344747.502,6288118.839
PG391,118,FLXV-33,798,0,3,2025-11-07 18:31:32.604075,344747.502,6288118.839
PG391,302,BJFW-26,0,0,3,2025-11-07 18:31:32.604076,344747.502,6288118.839
PG391,302,BJFX-33,1137,0,4,2025-11-07 18:31:32.604077,344747.502,6288118.839
PF1003,F26,SPVV-85,725,0,2,2025-11-07 18:31:37.085354,352435.45,6281594.0
PB1443,B22,SKPS-22,2024,4,8,2025-11-07 18:31:39.201319,345428.672,6304118.122
PB1443,B22,SKPS-48,2045,4,8,2025-11-07 18:31:39.201324,345428.672,6304118.122
PB430,B20,FLXS-50,3355,9,13,2025-11-07 18:31:40.722008,345279.553,6300045.517
PB430,B20,LXDJ-24,4438,12,16,2025-11-07 18:31:40.722013,345279.553,6300045.517
PB430,B29,LXDJ-11,1327,0,4,2025-11-07 18:31:40.722014,345279.553,6300045.517
PB430,B29,LXDH-86,3242,8,12,2025-11-07 18:31:40.722015,345279.553,6300045.517
PB430,307,FLXK-66,486,0,2,2025-11-07 18:31:40.722016,345279.553,6300045.517
PB430,307,VHTB-26,2652,6,10,2025-11-07 18:31:40.722017,345279.553,6300045.517
PB430,314,TWPD-44,5130,14,18,2025-11-07 18:31:40.722017,345279.553,6300045.517
PB430,314,TWPD-85,5061,14,18,2025-11-07 18:31:40.722018,345279.553,6300045.517
PE679,E10,FLXF-55,954,0,3,2025-11-07 18:31:43.115608,349277.675,6288540.975
PB1425,B22,SKPS-22,1984,4,8,2025-11-07 18:31:45.222505,347344.408,6304705.638
PB1425,B22,SKPS-48,1960,4,8,2025-11-07 18:31:45.222510,347344.408,6304705.638
PB1394,B20,FLXS-50,5988,17,21,2025-11-07 18:31:47.310301,343020.983,6301294.618
PB1394,B20,LXDJ-24,7071,20,24,2025-11-07 18:31:47.310306,343020.983,6301294.618
PB1394,B29,LXDJ-11,3959,11,15,2025-11-07 18:31:47.310307,343020.983,6301294.618
PB1394,B29,LXDH-86,5874,17,21,2025-11-07 18:31:47.310308,343020.983,6301294.618
PD610,508,FLXH-85,1927,4,8,2025-11-07 18:31:48.938468,353557.429,6291906.422
PD610,508,FLXD-44,2409,6,10,2025-11-07 18:31:48.938474,353557.429,6291906.422
PD610,D10,SVDC-78,736,0,2,2025-11-07 18:31:48.938475,353557.429,6291906.422
PD610,D10,SVDC-57,2995,7,11,2025-11-07 18:31:48.938476,353557.429,6291906.422
PD204,210,VGBW-98,1125,0,4,2025-11-07 18:31:50.514852,348886.607,6295681.479
PD204,210,LZRD-83,2061,5,9,2025-11-07 18:31:50.514858,348886.607,6295681.479
PD204,210e,VGKY-72,0,0,3,2025-11-07 18:31:50.514859,348886.607,6295681.479
PD204,210e,VFRB-56,5921,17,21,2025-11-07 18:31:50.514860,348886.607,6295681.479
PD204,210v,VFRF-95,1350,0,4,2025-11-07 18:31:50.514861,348886.607,6295681.479
PD204,210v,VFPT-47,1759,4,8,2025-11-07 18:31:50.514862,348886.607,6295681.479
PD204,213e,SRVL-24,2776,7,11,2025-11-07 18:31:50.514863,348886.607,6295681.479
PD204,213e,LCTG-37,4589,12,16,2025-11-07 18:31:50.514864,348886.607,6295681.479
PD204,D05,SPBP-16,0,0,3,2025-11-07 18:31:50.514865,348886.607,6295681.479
PD204,D05,SPBL-73,4177,11,15,2025-11-07 18:31:50.514866,348886.607,6295681.479
PC694,C03,SKDJ-80,2304,5,9,2025-11-07 18:31:52.695117,351886.294,6304094.879
PC694,C03,SGPY-70,3365,9,13,2025-11-07 18:31:52.695122,351886.294,6304094.879
PI1527,I20,FLXG-16,1536,3,7,2025-11-07 18:31:56.821709,338739.448,6292753.535
PD1111,D11,SVDD-82,424,0,3,2025-11-07 18:31:58.896923,358105.532,6295917.121
PD1111,D11,SPCK-65,2259,5,9,2025-11-07 18:31:58.896929,358105.532,6295917.121
PI536,506v,FLXW-37,1981,4,8,2025-11-07 18:32:00.519749,338891.108,6294578.215
PI536,506v,TBFV-23,3830,10,14,2025-11-07 18:32:00.519754,338891.108,6294578.215
PI536,506,TBFS-51,1160,3,7,2025-11-07 18:32:00.519755,338891.108,6294578.215
PI536,506,GCBC-36,3830,15,19,2025-11-07 18:32:00.519756,338891.108,6294578.215
PB1339,B18,STHF-77,0,0,3,2025-11-07 18:32:02.653835,339437.618,6305724.847
PB1339,B18e,LDJW-41,1119,0,4,2025-11-07 18:32:02.653840,339437.618,6305724.847
PB1339,B32,STGZ-85,723,0,2,2025-11-07 18:32:02.653841,339437.618,6305724.847
PB1101,B09,SHCY-49,5763,16,20,2025-11-07 18:32:04.741999,337902.655,6302947.503
PB1101,B09,SHCY-46,12795,40,60,2025-11-07 18:32:04.742005,337902.655,6302947.503
PB1101,109,FLXC-46,2132,5,9,2025-11-07 18:32:04.742006,337902.655,6302947.503
PB1101,109,FLXS-80,3663,10,14,2025-11-07 18:32:04.742007,337902.655,6302947.503
PG532,G14,CJRL-60,775,0,2,2025-11-07 18:32:08.625813,342804.443,6281746.637
PG532,G14,CJRK-98,860,0,3,2025-11-07 18:32:08.625819,342804.443,6281746.637
PG532,F03,SPVV-39,356,0,3,2025-11-07 18:32:08.625820,342804.443,6281746.637
PG532,F03,FLXJ-38,2891,7,11,2025-11-07 18:32:08.625821,342804.443,6281746.637
PE88,204,VFPJ-51,394,0,3,2025-11-07 18:32:10.536024,351357.7,6285646.14
PE88,204,VFPL-21,1379,0,4,2025-11-07 18:32:10.536030,351357.7,6285646.14
PE88,224,VFPZ-27,252,0,3,2025-11-07 18:32:10.536031,351357.7,6285646.14
PE88,224,VFPV-73,6435,18,22,2025-11-07 18:32:10.536032,351357.7,6285646.14
PE88,234,RYJG-98,955,0,3,2025-11-07 18:32:10.536033,351357.7,6285646.14
PE88,234,RYJG-97,2620,6,10,2025-11-07 18:32:10.536034,351357.7,6285646.14
PE88,244,SFWZ-26,935,0,3,2025-11-07 18:32:10.536035,351357.7,6285646.14
PE88,244,SFWB-33,5080,14,18,2025-11-07 18:32:10.536036,351357.7,6285646.14
PC741,712,SHCW-68,1193,0,4,2025-11-07 18:32:12.316992,352119.289,6305200.649
PC741,C22,SKPK-61,1644,3,7,2025-11-07 18:32:12.316997,352119.289,6305200.649
PC741,C22,LDTG-62,4048,11,15,2025-11-07 18:32:12.316998,352119.289,6305200.649
PA652,201e,VFHV-82,203,0,3,2025-11-07 18:32:13.842930,345626.8,6298090.985
PD952,D10,SVDF-45,1037,0,3,2025-11-07 18:32:15.900312,350175.201,6293100.442
PD952,D07,SVDC-85,1863,4,8,2025-11-07 18:32:15.900317,350175.201,6293100.442
PD952,D07,SVDF-13,4908,13,17,2025-11-07 18:32:15.900318,350175.201,6293100.442
PB1491,201,GCBB-81,1644,3,7,2025-11-07 18:32:17.953907,342802.85,6307548.38
PB1491,201,GCBC-14,2766,7,11,2025-11-07 18:32:17.953914,342802.85,6307548.38
PB1491,B05,SPCG-70,454,0,3,2025-11-07 18:32:17.953917,342802.85,6307548.38
PB1491,B36,FLXS-49,0,0,3,2025-11-07 18:32:17.953919,342802.85,6307548.38
PB1491,B36,STHC-51,410,0,3,2025-11-07 18:32:17.953921,342802.85,6307548.38
PB1491,B35,SKPH-82,459,0,3,2025-11-07 18:32:17.953923,342802.85,6307548.38
PB1491,B35,SLPB-53,791,0,2,2025-11-07 18:32:17.953925,342802.85,6307548.38
PB1491,214,GCBC-23,2791,7,11,2025-11-07 18:32:17.953927,342802.85,6307548.38
PB1491,214,GCBB-64,3169,8,12,2025-11-07 18:32:17.953929,342802.85,6307548.38
PB1491,230,GCBB-91,2000,4,8,2025-11-07 18:32:17.953931,342802.85,6307548.38
PB1491,230,GCBB-57,7633,22,26,2025-11-07 18:32:17.953933,342802.85,6307548.38
PB1491,272,VFPC-10,830,0,3,2025-11-07 18:32:17.953935,342802.85,6307548.38
PB1491,272,VFHT-80,7532,22,26,2025-11-07 18:32:17.953936,342802.85,6307548.38
PE838,329,FLXR-16,1205,0,4,2025-11-07 18:32:21.311325,349142.157,6290263.245
PE838,329,CJRB-49,1952,4,8,2025-11-07 18:32:21.311331,349142.157,6290263.245
PF620,F18,SPZX-70,241,0,3,2025-11-07 18:32:23.723130,350218.266,6277770.842
PF620,F25,LCPG-52,269,0,3,2025-11-07 18:32:23.723136,350218.266,6277770.842
PG925,G08v,FLXV-29,1836,4,8,2025-11-07 18:32:25.749073,342775.181,6278777.949
PG925,G08v,FLXV-24,2152,5,9,2025-11-07 18:32:25.749078,342775.181,6278777.949
PG925,G32,THTF-43,3503,9,13,2025-11-07 18:32:25.749079,342775.181,6278777.949
PG925,G32,THTF-55,4688,13,17,2025-11-07 18:32:25.749080,342775.181,6278777.949
PF941,F16,SPRY-93,2120,5,9,2025-11-07 18:32:30.245279,352383.933,6281883.647
PG1571,G07,THTF-74,7675,22,26,2025-11-07 18:32:34.459441,339090.409,6273287.441
PG1571,G07,THTF-57,11099,35,60,2025-11-07 18:32:34.459447,339090.409,6273287.441
PE340,210v,VFPF-61,1620,3,7,2025-11-07 18:32:36.608041,354582.424,6285471.79
PE340,210v,VFPJ-77,5066,14,18,2025-11-07 18:32:36.608046,354582.424,6285471.79
PE340,E08,VKJX-73,315,0,3,2025-11-07 18:32:36.608047,354582.424,6285471.79
PE340,E11,VKJX-38,2293,5,9,2025-11-07 18:32:36.608048,354582.424,6285471.79
PE340,E11,VKJX-77,2293,5,9,2025-11-07 18:32:36.608048,354582.424,6285471.79
PC344,502,BJFD-44,1712,3,7,2025-11-07 18:32:38.605007,348678.73,6299813.615
PC344,502,BJFC-31,6760,19,23,2025-11-07 18:32:38.605012,348678.73,6299813.615
PC344,542,TBFX-45,7739,22,26,2025-11-07 18:32:38.605014,348678.73,6299813.615
PC344,542,FLXW-38,10140,32,60,2025-11-07 18:32:38.605015,348678.73,6299813.615
PC344,409,PGTV-26,3686,10,14,2025-11-07 18:32:38.605016,348678.73,6299813.615
PC344,409,SKWD-27,5910,17,21,2025-11-07 18:32:38.605017,348678.73,6299813.615
PF978,712,SHCY-19,5263,15,19,2025-11-07 18:32:40.645155,355018.651,6279302.131
PF978,712,SHCW-80,5821,16,20,2025-11-07 18:32:40.645160,355018.651,6279302.131
PF978,F01,SPVV-66,1777,4,8,2025-11-07 18:32:40.645161,355018.651,6279302.131
PF978,F01,SPVW-78,4969,14,18,2025-11-07 18:32:40.645162,355018.651,6279302.131
PF978,F29,SPVT-89,959,0,3,2025-11-07 18:32:40.645163,355018.651,6279302.131
PF978,F29,SPVT-75,5755,16,20,2025-11-07 18:32:40.645164,355018.651,6279302.131
PH1646,207,SDGY-11,130,0,3,2025-11-07 18:32:42.727596,347364.95,6294633.05
PH1646,207,VJJZ-12,2092,5,9,2025-11-07 18:32:42.727602,347364.95,6294633.05
PH1646,207e,SFWZ-59,2745,7,11,2025-11-07 18:32:42.727603,347364.95,6294633.05
PH1646,207e,SDGY-13,2745,7,11,2025-11-07 18:32:42.727603,347364.95,6294633.05
PH1646,209,SDGY-16,2840,7,11,2025-11-07 18:32:42.727604,347364.95,6294633.05
PH1646,227,VFPS-39,3174,8,12,2025-11-07 18:32:42.727605,347364.95,6294633.05
PH1646,227,VFPJ-71,4999,14,18,2025-11-07 18:32:42.727606,347364.95,6294633.05
PH1646,203N,SFWB-89,7249,21,25,2025-11-07 18:32:42.727607,347364.95,6294633.05
PB626,B45,VHSZ-41,0,0,3,2025-11-07 18:32:44.846043,337642.397,6306817.857
PB626,B45,TWPD-46,358,0,3,2025-11-07 18:32:44.846047,337642.397,6306817.857
PB626,B12,SKDG-26,199,0,3,2025-11-07 18:32:44.846049,337642.397,6306817.857
PB626,B12c,SKDG-24,1400,0,4,2025-11-07 18:32:44.846050,337642.397,6306817.857
PB626,314c,TWPC-74,1377,0,4,2025-11-07 18:32:44.846050,337642.397,6306817.857
PB626,314,VHTB-56,256,0,3,2025-11-07 18:32:44.846051,337642.397,6306817.857
PB895,214,GCBC-23,1395,0,4,2025-11-07 18:32:46.949810,342819.155,6305704.56
PB895,214,GCBB-64,1672,3,7,2025-11-07 18:32:46.949815,342819.155,6305704.56
PB895,272,VFPC-51,2766,7,11,2025-11-07 18:32:46.949816,342819.155,6305704.56
PB895,272,VFHT-80,5516,15,19,2025-11-07 18:32:46.949817,342819.155,6305704.56
PB895,B04,SHCW-76,6664,19,23,2025-11-07 18:32:46.949817,342819.155,6305704.56
PB895,B04,SHCX-44,6723,19,23,2025-11-07 18:32:46.949818,342819.155,6305704.56
PB895,B26,FLXP-71,1266,0,4,2025-11-07 18:32:46.949819,342819.155,6305704.56
PB895,B26,FLXP-86,7574,22,26,2025-11-07 18:32:46.949820,342819.155,6305704.56
PB750,B02,FLXR-92,215,0,3,2025-11-07 18:32:48.918609,349167.66,6304959.59
PB750,B02,FLXS-32,3006,7,11,2025-11-07 18:32:48.918614,349167.66,6304959.59
PJ1645,J07e,VJBB-40,5518,15,19,2025-11-07 18:32:50.829405,332027.368,6306161.43
PJ1645,J07e,VJBB-30,11165,35,60,2025-11-07 18:32:50.829410,332027.368,6306161.43
PG352,301,BJFX-18,1845,4,8,2025-11-07 18:32:52.933375,344669.0,6284164.0
PG352,301,BJFX-47,1850,4,8,2025-11-07 18:32:52.933381,344669.0,6284164.0
PG352,301c,BJFT-55,259,0,3,2025-11-07 18:32:52.933382,344669.0,6284164.0
PG352,301c,CJRB-50,1850,4,8,2025-11-07 18:32:52.933383,344669.0,6284164.0
PB458,B08,SJPB-20,0,0,3,2025-11-07 18:32:55.046447,338696.43,6306654.84
PB458,B08,SHCY-64,4128,11,15,2025-11-07 18:32:55.046453,338696.43,6306654.84
PB458,B32,STHC-45,1766,4,8,2025-11-07 18:32:55.046454,338696.43,6306654.84
PB458,B32,STGZ-85,6915,20,24,2025-11-07 18:32:55.046455,338696.43,6306654.84
PB458,428,SHCY-25,459,0,3,2025-11-07 18:32:55.046456,338696.43,6306654.84
PB458,428,SLGS-96,2033,4,8,2025-11-07 18:32:55.046457,338696.43,6306654.84
PB458,428e,SGPY-89,3518,9,13,2025-11-07 18:32:55.046457,338696.43,6306654.84
PB458,314c,VHSX-77,0,0,3,2025-11-07 18:32:55.046458,338696.43,6306654.84
PB458,314c,VHSY-34,559,0,2,2025-11-07 18:32:55.046459,338696.43,6306654.84
PB458,314,TWPD-82,749,0,2,2025-11-07 18:32:55.046460,338696.43,6306654.84
PB458,314,TWPD-85,15921,50,60,2025-11-07 18:32:55.046461,338696.43,6306654.84
PB458,B18,STHB-36,266,0,3,2025-11-07 18:32:55.046462,338696.43,6306654.84
PB458,B18,STHJ-89,4582,12,16,2025-11-07 18:32:55.046463,338696.43,6306654.84
PB458,303,FLXF-13,1532,3,7,2025-11-07 18:32:55.046464,338696.43,6306654.84
PB458,303,FLXD-87,3406,9,13,2025-11-07 18:32:55.046464,338696.43,6306654.84
PB458,B45,TWPD-64,459,0,3,2025-11-07 18:32:55.046465,338696.43,6306654.84
PB458,B45,VHSZ-47,266,0,3,2025-11-07 18:32:55.046466,338696.43,6306654.84
PF137,325,VFJD-60,3894,10,14,2025-11-07 18:32:57.160663,351090.922,6283775.689
PF137,325,VFJL-67,5319,15,19,2025-11-07 18:32:57.160668,351090.922,6283775.689
PF137,E13,VJXX-41,352,0,3,2025-11-07 18:32:57.160669,351090.922,6283775.689
PF137,E13,VFKR-64,1051,0,3,2025-11-07 18:32:57.160670,351090.922,6283775.689
PF137,E15c,VFKS-17,3236,8,12,2025-11-07 18:32:57.160671,351090.922,6283775.689
PF137,E15c,VFKV-90,4306,12,16,2025-11-07 18:32:57.160672,351090.922,6283775.689
PF137,E16,VJXX-62,454,0,3,2025-11-07 18:32:57.160673,351090.922,6283775.689
PF137,F05,SPZY-67,1369,0,4,2025-11-07 18:32:57.160673,351090.922,6283775.689
PF137,F05,SPZY-42,2158,5,9,2025-11-07 18:32:57.160674,351090.922,6283775.689
PJ9,101,PGPT-21,688,0,2,2025-11-07 18:32:59.209517,341341.525,6299852.797
PJ9,101,PGRR-78,2850,7,11,2025-11-07 18:32:59.209522,341341.525,6299852.797
PJ9,107,PFZK-70,452,0,3,2025-11-07 18:32:59.209524,341341.525,6299852.797
PJ9,107,PFZK-82,629,0,2,2025-11-07 18:32:59.209524,341341.525,6299852.797
PJ9,B38,GCBF-12,4149,11,15,2025-11-07 18:32:59.209525,341341.525,6299852.797
PJ9,B38,TBFW-19,10651,34,60,2025-11-07 18:32:59.209526,341341.525,6299852.797
PF388,F07,SPRY-45,2067,5,9,2025-11-07 18:33:01.265486,353796.773,6281736.257
PF388,F07,SPRW-92,4152,11,15,2025-11-07 18:33:01.265492,353796.773,6281736.257
PI1204,I16,FLXF-80,4721,13,17,2025-11-07 18:33:03.647246,343727.9,6295712.247
PI1204,I16,FLXJ-53,7946,23,27,2025-11-07 18:33:03.647251,343727.9,6295712.247
PJ456,513,VHZV-61,2992,7,11,2025-11-07 18:33:09.683964,342752.644,6300190.193
PJ456,513,VJBC-11,4064,11,15,2025-11-07 18:33:09.683969,342752.644,6300190.193
PJ456,542,TBFX-32,1972,4,8,2025-11-07 18:33:09.683970,342752.644,6300190.193
PJ456,542,TBFT-77,2714,7,11,2025-11-07 18:33:09.683971,342752.644,6300190.193
PJ456,505,SRTG-95,2027,4,8,2025-11-07 18:33:09.683971,342752.644,6300190.193
PJ456,505,VHXK-11,3614,9,13,2025-11-07 18:33:09.683972,342752.644,6300190.193
PF304,F05,SPZY-16,3890,10,14,2025-11-07 18:33:11.735951,354646.792,6283314.862
PF304,F14,SPRV-93,3118,8,12,2025-11-07 18:33:11.735956,354646.792,6283314.862
PF304,F14,SPRY-43,3770,10,14,2025-11-07 18:33:11.735956,354646.792,6283314.862
PH695,H13,CJRZ-72,1576,3,7,2025-11-07 18:33:13.863584,344127.847,6289496.291
PH695,H13,CJRX-70,5631,16,20,2025-11-07 18:33:13.863590,344127.847,6289496.291
PH695,214,GCBB-65,0,0,3,2025-11-07 18:33:13.863591,344127.847,6289496.291
PH695,214,GCBB-19,2141,5,9,2025-11-07 18:33:13.863592,344127.847,6289496.291
PB1039,B08,SHCX-43,2426,6,10,2025-11-07 18:33:15.942187,344573.974,6308016.93
PB1039,B08,SHXF-23,7182,21,25,2025-11-07 18:33:15.942193,344573.974,6308016.93
PB1039,B16,LDJW-40,61,0,3,2025-11-07 18:33:15.942194,344573.974,6308016.93
PB1039,B16,STHL-27,1400,0,4,2025-11-07 18:33:15.942195,344573.974,6308016.93
PC134,C05,LDTC-13,1401,0,4,2025-11-07 18:33:18.051166,355655.274,6301822.176
PC134,C05,LDTG-59,2916,7,11,2025-11-07 18:33:18.051171,355655.274,6301822.176
PC134,401,PDZS-76,6208,18,22,2025-11-07 18:33:18.051172,355655.274,6301822.176
PC134,401c,SJPC-84,5167,14,18,2025-11-07 18:33:18.051173,355655.274,6301822.176
PJ1964,J07e,VJBB-30,551,0,2,2025-11-07 18:33:19.716880,325744.06,6302802.53
PJ1964,J07e,VHZZ-40,9685,31,60,2025-11-07 18:33:19.716885,325744.06,6302802.53
PJ1953,J12,TBFW-13,5749,16,20,2025-11-07 18:33:21.509924,328475.29,6297635.45
PJ1953,J12,TBFR-85,6676,19,23,2025-11-07 18:33:21.509929,328475.29,6297635.45
PJ1953,J22,TBFR-90,6755,19,23,2025-11-07 18:33:21.509930,328475.29,6297635.45
PJ671,412,LXWP-87,2249,5,9,2025-11-07 18:33:23.602555,338696.71,6298993.658
PJ671,412,PFTW-39,4443,12,16,2025-11-07 18:33:23.602560,338696.71,6298993.658
PJ671,J02,VHXJ-10,4260,11,15,2025-11-07 18:33:23.602561,338696.71,6298993.658
PJ671,J02,VHZX-50,7489,22,26,2025-11-07 18:33:23.602562,338696.71,6298993.658
PJ671,J18,VHZW-81,2279,5,9,2025-11-07 18:33:23.602563,338696.71,6298993.658
PJ671,J18c,VJBB-31,1886,4,8,2025-11-07 18:33:23.602564,338696.71,6298993.658
PJ671,J18c,VHZW-70,2321,5,9,2025-11-07 18:33:23.602565,338696.71,6298993.658
PG1348,G09,SFGY-22,315,0,3,2025-11-07 18:33:25.724045,346144.243,6282830.13
PG1348,G09,SHCX-23,2917,7,11,2025-11-07 18:33:25.724051,346144.243,6282830.13
PG1348,G11,THTF-28,701,0,2,2025-11-07 18:33:25.724052,346144.243,6282830.13
PG1348,G11,THTG-13,2392,6,10,2025-11-07 18:33:25.724053,346144.243,6282830.13
PG1348,203N,SFWB-89,16184,51,60,2025-11-07 18:33:25.724054,346144.243,6282830.13
PG1348,G23,SFWZ-66,2150,5,9,2025-11-07 18:33:25.724055,346144.243,6282830.13
PG1348,G23,SFWB-44,4176,11,15,2025-11-07 18:33:25.724056,346144.243,6282830.13
PG1348,G24,FLXX-20,1438,3,7,2025-11-07 18:33:25.724057,346144.243,6282830.13
PG1348,G24,FLXP-29,1849,4,8,2025-11-07 18:33:25.724058,346144.243,6282830.13
PG1348,G16,SDSW-77,1067,0,3,2025-11-07 18:33:25.724059,346144.243,6282830.13
PG1348,G16,SFPG-34,4123,11,15,2025-11-07 18:33:25.724060,346144.243,6282830.13
PI1556,I21,FLXF-81,2485,6,10,2025-11-07 18:33:27.816445,333061.26,6286361.373
PI1556,I21,FLXJ-19,5537,15,19,2025-11-07 18:33:27.816450,333061.26,6286361.373
PE869,E13,VFJT-99,601,0,2,2025-11-07 18:33:29.525150,351138.685,6288934.175
PE869,E13,VFJS-29,2255,5,9,2025-11-07 18:33:29.525155,351138.685,6288934.175
PE869,E10,BJFT-69,2604,6,10,2025-11-07 18:33:29.525157,351138.685,6288934.175
PE869,E10,BJFZ-57,3663,10,14,2025-11-07 18:33:29.525158,351138.685,6288934.175
PB302,208,SGPY-24,1737,3,7,2025-11-07 18:33:31.360656,347244.539,6304454.651
PB302,208,LXWT-92,2044,4,8,2025-11-07 18:33:31.360661,347244.539,6304454.651
PB302,C18,SHXD-86,2597,6,10,2025-11-07 18:33:31.360663,347244.539,6304454.651
PB302,C18,SHXF-42,2746,7,11,2025-11-07 18:33:31.360663,347244.539,6304454.651
PB302,B22,SKPS-25,2232,5,9,2025-11-07 18:33:31.360664,347244.539,6304454.651
PB302,B35,SKPH-82,7125,20,24,2025-11-07 18:33:31.360665,347244.539,6304454.651
PB302,B35,SLPB-53,7347,21,25,2025-11-07 18:33:31.360666,347244.539,6304454.651
PB302,203,LZPT-40,810,0,3,2025-11-07 18:33:31.360666,347244.539,6304454.651
PB302,203N,SFWB-89,2192,5,9,2025-11-07 18:33:31.360667,347244.539,6304454.651
PI1589,I16,FLXJ-53,1941,4,8,2025-11-07 18:33:33.471243,342454.262,6294474.891
PI1589,I16,FLXL-17,2071,5,9,2025-11-07 18:33:33.471248,342454.262,6294474.891
PF467,209,VJKD-10,34,0,3,2025-11-07 18:33:35.959224,350490.195,6277798.525
PF467,209c,VJLP-71,1782,4,8,2025-11-07 18:33:35.959229,350490.195,6277798.525
PF467,209c,VJJX-17,2083,5,9,2025-11-07 18:33:35.959230,350490.195,6277798.525
PH780,H14,FLXR-38,777,0,2,2025-11-07 18:33:38.021762,347639.451,6290301.71
PI1422,348,VHSY-21,3078,8,12,2025-11-07 18:33:40.295254,341406.861,6290652.128
PI1422,348,VHTB-60,3496,9,13,2025-11-07 18:33:40.295259,341406.861,6290652.128
PC341,502,BJFB-66,271,0,3,2025-11-07 18:33:42.536744,349807.29,6301094.79
PC341,502,BJFC-31,4788,13,17,2025-11-07 18:33:42.536748,349807.29,6301094.79
PC341,429c,SHXD-70,2127,5,9,2025-11-07 18:33:42.536750,349807.29,6301094.79
PC341,429c,SLLZ-47,2584,6,10,2025-11-07 18:33:42.536750,349807.29,6301094.79
PC341,542,TBFX-45,5632,16,20,2025-11-07 18:33:42.536751,349807.29,6301094.79
PC341,542,FLXW-38,7634,22,26,2025-11-07 18:33:42.536752,349807.29,6301094.79
PC341,546e,FLXV-99,0,0,3,2025-11-07 18:33:42.536753,349807.29,6301094.79
PC341,546e,TBFW-21,4857,13,17,2025-11-07 18:33:42.536754,349807.29,6301094.79
PC341,409,PGTV-26,544,0,2,2025-11-07 18:33:42.536755,349807.29,6301094.79
PC341,409,SKWD-27,3799,10,14,2025-11-07 18:33:42.536755,349807.29,6301094.79
PC341,411,SPBS-44,271,0,3,2025-11-07 18:33:42.536756,349807.29,6301094.79
PC341,411,SPBR-21,5205,14,18,2025-11-07 18:33:42.536757,349807.29,6301094.79
PC341,117,PGLD-64,129,0,3,2025-11-07 18:33:42.536758,349807.29,6301094.79
PC341,117,PFYC-23,1838,4,8,2025-11-07 18:33:42.536758,349807.29,6301094.79
PB813,B24,LDJV-52,4204,11,15,2025-11-07 18:33:44.822719,342902.801,6301956.42
PB813,B24,TXZH-35,3975,11,15,2025-11-07 18:33:44.822724,342902.801,6301956.42
PB813,B03,SHXF-27,282,0,3,2025-11-07 18:33:44.822725,342902.801,6301956.42
PB813,B03,LXDJ-19,2145,5,9,2025-11-07 18:33:44.822725,342902.801,6301956.42
PB2094,B13,STHF-78,1461,3,7,2025-11-07 18:33:46.794962,337026.0,6311769.0
PB2094,B13,STHR-46,2970,7,11,2025-11-07 18:33:46.794966,337026.0,6311769.0
PD242,D11,SVDD-62,775,0,2,2025-11-07 18:33:48.937269,355623.58,6298620.105
PD242,D11,STWB-31,2334,5,9,2025-11-07 18:33:48.937274,355623.58,6298620.105
PD242,225,VJWY-31,672,0,2,2025-11-07 18:33:48.937275,355623.58,6298620.105
PD242,225,VFJP-53,1316,0,4,2025-11-07 18:33:48.937276,355623.58,6298620.105
PD242,517,VJBB-91,0,0,3,2025-11-07 18:33:48.937277,355623.58,6298620.105
PD242,517,VJBC-20,313,0,3,2025-11-07 18:33:48.937278,355623.58,6298620.105
PC382,412,PFTW-60,2838,7,11,2025-11-07 18:33:50.453861,352050.251,6300327.642
PC382,412,PFTW-19,4219,11,15,2025-11-07 18:33:50.453866,352050.251,6300327.642
PC382,418,SKPL-28,7446,22,26,2025-11-07 18:33:50.453867,352050.251,6300327.642
PC382,418,PFTW-40,7722,22,26,2025-11-07 18:33:50.453868,352050.251,6300327.642
PC382,429,SLLZ-63,778,0,2,2025-11-07 18:33:50.453869,352050.251,6300327.642
PC382,429,SLGS-95,2912,7,11,2025-11-07 18:33:50.453869,352050.251,6300327.642
PI744,110,LXWR-78,2888,7,11,2025-11-07 18:33:52.253766,338036.725,6296137.421
PI744,110,LXWR-92,4985,14,18,2025-11-07 18:33:52.253771,338036.725,6296137.421
PI744,110c,PFXC-69,360,0,3,2025-11-07 18:33:52.253772,338036.725,6296137.421
PI744,111,FLXZ-66,4465,12,16,2025-11-07 18:33:52.253773,338036.725,6296137.421
PI744,111,FLXY-24,7707,22,26,2025-11-07 18:33:52.253774,338036.725,6296137.421
PI744,I02,FLXY-80,4737,13,17,2025-11-07 18:33:52.253774,338036.725,6296137.421
PI744,I02,FLXY-73,7971,23,27,2025-11-07 18:33:52.253775,338036.725,6296137.421
PI1345,506,PFWZ-57,2735,13,17,2025-11-07 18:33:53.754317,336821.46,6289144.671
PI1345,506,GCBD-86,3739,17,21,2025-11-07 18:33:53.754322,336821.46,6289144.671
PI1345,506e,LXWS-40,3119,8,12,2025-11-07 18:33:53.754323,336821.46,6289144.671
PI1345,506v,FLXW-10,1867,4,8,2025-11-07 18:33:53.754324,336821.46,6289144.671
PI1345,506v,TBFX-52,2565,6,10,2025-11-07 18:33:53.754324,336821.46,6289144.671
PF730,F12,SRVG-77,1501,3,7,2025-11-07 18:33:55.840636,353515.626,6279205.22
PF730,F18,LBTT-21,645,0,2,2025-11-07 18:33:55.840641,353515.626,6279205.22
PG559,F03,SKTZ-76,4484,12,16,2025-11-07 18:33:57.932090,348473.162,6278455.669
PG559,F03,SPVV-63,8684,27,60,2025-11-07 18:33:57.932095,348473.162,6278455.669
PB553,315e,VHSY-44,863,0,3,2025-11-07 18:33:59.482786,339890.145,6307269.314
PB553,315e,VHTB-40,1223,0,4,2025-11-07 18:33:59.482809,339890.145,6307269.314
PB553,B45,FLXL-27,0,0,3,2025-11-07 18:33:59.482811,339890.145,6307269.314
PB553,B45,TWPD-88,0,0,3,2025-11-07 18:33:59.482823,339890.145,6307269.314
PB553,B13,STHJ-86,0,0,3,2025-11-07 18:33:59.482824,339890.145,6307269.314
PB553,B13,STHL-11,428,0,3,2025-11-07 18:33:59.482825,339890.145,6307269.314
PB553,429c,SLPC-24,4947,14,18,2025-11-07 18:33:59.482826,339890.145,6307269.314
PB553,B43,SJPC-82,1178,0,4,2025-11-07 18:33:59.482826,339890.145,6307269.314
PB553,B43,SJPC-83,5022,14,18,2025-11-07 18:33:59.482827,339890.145,6307269.314
PB553,307,FLXK-57,159,0,3,2025-11-07 18:33:59.482828,339890.145,6307269.314
PB553,307,TWPC-75,529,0,2,2025-11-07 18:33:59.482829,339890.145,6307269.314
PB1170,B11,SGPY-95,1247,0,4,2025-11-07 18:34:01.303529,345239.866,6304573.735
PB1170,B11,SKDJ-88,4769,13,17,2025-11-07 18:34:01.303534,345239.866,6304573.735
PG349,301c,CJRB-50,638,0,2,2025-11-07 18:34:03.362867,344855.375,6285035.304
PG349,301c,BJFX-32,2613,6,10,2025-11-07 18:34:03.362872,344855.375,6285035.304
PG349,301,BJFX-18,638,0,2,2025-11-07 18:34:03.362873,344855.375,6285035.304
PG349,301,BJFX-47,970,0,3,2025-11-07 18:34:03.362874,344855.375,6285035.304
PA335,507,FLXV-43,1385,0,4,2025-11-07 18:34:07.007236,344578.428,6297651.323
PA335,507,FLXW-12,1385,0,4,2025-11-07 18:34:07.007241,344578.428,6297651.323
PA335,510,HYKK-33,4347,12,16,2025-11-07 18:34:07.007242,344578.428,6297651.323
PA335,510,GCBC-39,4936,14,18,2025-11-07 18:34:07.007243,344578.428,6297651.323
PA335,513,VJJR-86,839,0,3,2025-11-07 18:34:07.007244,344578.428,6297651.323
PA335,513,VJJV-33,1385,0,4,2025-11-07 18:34:07.007244,344578.428,6297651.323
PA335,516,GCBC-69,0,0,3,2025-11-07 18:34:07.007245,344578.428,6297651.323
PA335,516,TBFR-13,351,0,3,2025-11-07 18:34:07.007246,344578.428,6297651.323
PG663,G01,THTF-30,1952,4,8,2025-11-07 18:34:08.995500,346695.378,6288933.858
PG663,G01,THTD-76,2813,7,11,2025-11-07 18:34:08.995505,346695.378,6288933.858
PG663,G01c,THTG-98,0,0,3,2025-11-07 18:34:08.995506,346695.378,6288933.858
PG663,G01c,THTG-11,3418,9,13,2025-11-07 18:34:08.995507,346695.378,6288933.858
PE845,E02,VKJY-74,5323,15,19,2025-11-07 18:34:11.078122,352635.904,6286609.964
PE845,E02,VKJY-12,5815,16,20,2025-11-07 18:34:11.078127,352635.904,6286609.964
PJ1720,508,TBFW-78,915,0,3,2025-11-07 18:34:12.833085,334924.991,6299928.862
PJ1720,J07e,VJBB-60,4178,11,15,2025-11-07 18:34:12.833090,334924.991,6299928.862
PJ1720,J07e,VJBB-71,4696,13,17,2025-11-07 18:34:12.833091,334924.991,6299928.862
PJ1720,J18,VHZY-80,2273,5,9,2025-11-07 18:34:12.833092,334924.991,6299928.862
PJ1720,J18,VHZY-11,3906,10,14,2025-11-07 18:34:12.833093,334924.991,6299928.862
PJ1720,444,SKPK-39,2354,5,9,2025-11-07 18:34:12.833094,334924.991,6299928.862
PC162,C02,LCSX-50,412,0,3,2025-11-07 18:34:14.646194,353455.107,6301984.514
PC162,C02,LDJJ-84,3268,8,12,2025-11-07 18:34:14.646198,353455.107,6301984.514
PC162,C19,SJPD-83,928,0,3,2025-11-07 18:34:14.646200,353455.107,6301984.514
PC162,430,PGBY-91,2522,6,10,2025-11-07 18:34:14.646201,353455.107,6301984.514
PC162,430,SJPC-22,4322,12,16,2025-11-07 18:34:14.646202,353455.107,6301984.514
PC162,407,PFXB-29,2091,5,9,2025-11-07 18:34:14.646203,353455.107,6301984.514
PC162,407,PFXC-58,5985,17,21,2025-11-07 18:34:14.646204,353455.107,6301984.514
PC162,406,PFXB-73,6492,36,60,2025-11-07 18:34:14.646205,353455.107,6301984.514
PC162,406,TBFS-43,6412,36,60,2025-11-07 18:34:14.646206,353455.107,6301984.514
PC162,426,BJFF-47,7577,22,26,2025-11-07 18:34:14.646207,353455.107,6301984.514
PC162,426,BJFH-30,7961,23,27,2025-11-07 18:34:14.646208,353455.107,6301984.514
PC162,406c,SKWD-83,608,0,2,2025-11-07 18:34:14.646209,353455.107,6301984.514
PC162,406c,SKWD-65,608,0,2,2025-11-07 18:34:14.646210,353455.107,6301984.514
PC162,C01,LDJJ-62,608,0,2,2025-11-07 18:34:14.646211,353455.107,6301984.514
PC162,401,PFTV-86,4968,14,18,2025-11-07 18:34:14.646212,353455.107,6301984.514
PC162,401,PFYG-68,6683,19,23,2025-11-07 18:34:14.646213,353455.107,6301984.514
PC162,401c,SJPD-43,167,0,3,2025-11-07 18:34:14.646213,353455.107,6301984.514
PC162,421,PFTF-75,2501,6,10,2025-11-07 18:34:14.646215,353455.107,6301984.514
PC162,421,PFBG-13,6166,17,21,2025-11-07 18:34:14.646215,353455.107,6301984.514
PE649,E10,BJFS-93,2209,5,9,2025-11-07 18:34:16.670528,353747.453,6287775.97
PJ1029,J06,FLXZ-88,2273,5,9,2025-11-07 18:34:18.846052,339828.521,6298558.497
PB2100,B13,STHF-84,1620,3,7,2025-11-07 18:34:20.432530,336707.0,6311132.0
PB2100,B13,STHJ-74,1644,3,7,2025-11-07 18:34:20.432536,336707.0,6311132.0
PB1527,B36,STHR-72,1426,3,7,2025-11-07 18:34:24.288450,343705.803,6307568.186
PB1527,B36,LDJW-37,1458,3,7,2025-11-07 18:34:24.288455,343705.803,6307568.186
PB1527,B35,SHCY-53,3029,8,12,2025-11-07 18:34:24.288456,343705.803,6307568.186
PB1527,B35,SHCX-62,6457,18,22,2025-11-07 18:34:24.288457,343705.803,6307568.186
PJ1799,418,PFTW-47,1459,3,7,2025-11-07 18:34:26.444776,335080.86,6299470.97
PJ1799,418,SHCV-78,2125,5,9,2025-11-07 18:34:26.444781,335080.86,6299470.97
PJ1799,504,TBFT-46,1334,7,11,2025-11-07 18:34:26.444783,335080.86,6299470.97
PJ1799,504,TBFW-11,2147,10,14,2025-11-07 18:34:26.444784,335080.86,6299470.97
PG1107,348,VHTB-69,1045,0,3,2025-11-07 18:34:28.556333,345564.594,6290402.958
PG1107,348,VHSY-21,8132,26,60,2025-11-07 18:34:28.556338,345564.594,6290402.958
PG1107,I05,VHTB-41,473,0,3,2025-11-07 18:34:28.556339,345564.594,6290402.958
PG1107,I05,VHSY-24,3866,10,14,2025-11-07 18:34:28.556340,345564.594,6290402.958
PG1107,G11,THTG-81,1211,0,4,2025-11-07 18:34:28.556341,345564.594,6290402.958
PG1107,G11,THTF-28,13045,41,60,2025-11-07 18:34:28.556342,345564.594,6290402.958
PG1107,321,CJRY-62,3698,10,14,2025-11-07 18:34:28.556343,345564.594,6290402.958
PG1107,H03,CJRW-18,0,0,3,2025-11-07 18:34:28.556344,345564.594,6290402.958
PG1107,H03,CJRX-32,502,0,2,2025-11-07 18:34:28.556345,345564.594,6290402.958
PG1107,H07,CJRW-26,703,0,2,2025-11-07 18:34:28.556347,345564.594,6290402.958
PG1107,H07,CJRW-30,3447,9,13,2025-11-07 18:34:28.556348,345564.594,6290402.958
PG1107,H08,CJRZ-75,3641,9,13,2025-11-07 18:34:28.556349,345564.594,6290402.958
PG1107,H08,CJRX-48,6654,19,23,2025-11-07 18:34:28.556349,345564.594,6290402.958
PG1411,G22,THTF-91,2315,5,9,2025-11-07 18:34:30.634545,343831.802,6286539.756
PG1411,G22,THTD-84,2315,5,9,2025-11-07 18:34:30.634551,343831.802,6286539.756
PG27,201,GCBB-48,4159,11,15,2025-11-07 18:34:32.706647,341881.84,6282536.35
PG27,201,GCBB-86,4093,11,15,2025-11-07 18:34:32.706653,341881.84,6282536.35
PG27,211,TBZB-23,273,0,3,2025-11-07 18:34:32.706654,341881.84,6282536.35
PG27,211,TBYY-72,273,0,3,2025-11-07 18:34:32.706655,341881.84,6282536.35
PG27,271,TBYY-63,779,0,2,2025-11-07 18:34:32.706656,341881.84,6282536.35
PG27,271,FLXX-12,1035,0,3,2025-11-07 18:34:32.706657,341881.84,6282536.35
PG27,G08,THTG-69,1645,3,7,2025-11-07 18:34:32.706658,341881.84,6282536.35
PG27,G08,THTF-78,2925,7,11,2025-11-07 18:34:32.706659,341881.84,6282536.35
PG27,211c,THTD-61,1337,0,4,2025-11-07 18:34:32.706660,341881.84,6282536.35
PG27,211c,THTH-73,4017,11,15,2025-11-07 18:34:32.706661,341881.84,6282536.35
PG1201,G09,SCRZ-20,0,0,3,2025-11-07 18:34:34.763520,341229.75,6282896.5
PG1201,G09,SFGY-75,2876,7,11,2025-11-07 18:34:34.763525,341229.75,6282896.5
PG2006,233,SCRZ-12,1202,0,4,2025-11-07 18:34:36.810551,349802.6,6281887.3
PG2006,233,SFPG-62,1602,3,7,2025-11-07 18:34:36.810556,349802.6,6281887.3
PG2006,G16,SFPF-78,1014,0,3,2025-11-07 18:34:36.810558,349802.6,6281887.3
PA32,509,CJRX-37,1334,0,4,2025-11-07 18:34:39.212924,346111.769,6297170.701
PA32,509,CJRZ-89,2820,7,11,2025-11-07 18:34:39.212930,346111.769,6297170.701
PA32,115,TBFR-46,268,0,3,2025-11-07 18:34:39.212931,346111.769,6297170.701
PA32,113,FLXX-59,170,0,3,2025-11-07 18:34:39.212932,346111.769,6297170.701
PA32,113,FLXW-92,877,0,3,2025-11-07 18:34:39.212933,346111.769,6297170.701
PC1247,409,PGBY-65,2658,6,10,2025-11-07 18:34:40.755799,360534.11,6307496.38
PC1247,409,SPBS-56,3507,9,13,2025-11-07 18:34:40.755805,360534.11,6307496.38
PC1247,C01,LCSX-52,1466,3,7,2025-11-07 18:34:40.755807,360534.11,6307496.38
PC1247,C01,LCPW-45,3333,9,13,2025-11-07 18:34:40.755808,360534.11,6307496.38
PI716,I21,FLXL-46,1760,4,8,2025-11-07 18:34:42.840923,334479.458,6289431.41
PI444,404c,PFVG-78,2890,7,11,2025-11-07 18:34:44.945687,338196.668,6295203.607
PI444,404c,LXWP-86,2890,7,11,2025-11-07 18:34:44.945692,338196.668,6295203.607
PI444,I20,FLXL-29,1672,3,7,2025-11-07 18:34:44.945693,338196.668,6295203.607
PI444,404,PFYC-26,2217,5,9,2025-11-07 18:34:44.945694,338196.668,6295203.607
PI444,404,PFYC-13,2530,6,10,2025-11-07 18:34:44.945695,338196.668,6295203.607
PJ258,502,TBFR-48,1616,3,7,2025-11-07 18:34:46.991497,336331.438,6301382.706
PJ258,505,SRTK-32,139,0,3,2025-11-07 18:34:46.991503,336331.438,6301382.706
PJ258,505,SRTH-15,209,0,3,2025-11-07 18:34:46.991504,336331.438,6301382.706
PF547,F02,SHCY-63,3119,8,12,2025-11-07 18:34:49.076684,352563.445,6277888.731
PF547,F02,SHXF-40,4702,13,17,2025-11-07 18:34:49.076688,352563.445,6277888.731
PF547,F12,LBTS-89,1998,4,8,2025-11-07 18:34:49.076690,352563.445,6277888.731
PF547,F12,LBTS-87,5361,15,19,2025-11-07 18:34:49.076690,352563.445,6277888.731
PF547,124,LCPG-39,817,0,3,2025-11-07 18:34:49.076691,352563.445,6277888.731
PF547,124,LCPG-49,2517,6,10,2025-11-07 18:34:49.076692,352563.445,6277888.731
PA449,506,TBFV-95,245,0,3,2025-11-07 18:34:50.658709,346529.54,6296529.0
PA449,506,TBFW-38,2219,5,9,2025-11-07 18:34:50.658714,346529.54,6296529.0
PA449,506v,PFXB-39,2941,7,11,2025-11-07 18:34:50.658716,346529.54,6296529.0
PA449,506v,TBFS-33,3558,9,13,2025-11-07 18:34:50.658717,346529.54,6296529.0
PA449,507,TBFV-24,0,0,3,2025-11-07 18:34:50.658718,346529.54,6296529.0
PA449,507,GCBD-50,3267,8,12,2025-11-07 18:34:50.658719,346529.54,6296529.0
PA449,507c,PFXB-95,2219,5,9,2025-11-07 18:34:50.658720,346529.54,6296529.0
PA449,507c,GCBD-15,3993,11,15,2025-11-07 18:34:50.658721,346529.54,6296529.0
PA449,510,FLXV-46,5334,15,19,2025-11-07 18:34:50.658722,346529.54,6296529.0
PA449,510,PFWZ-54,6865,20,24,2025-11-07 18:34:50.658723,346529.54,6296529.0
PE344,F25,SRVF-81,4524,12,16,2025-11-07 18:34:52.781671,353724.241,6285661.746
PE344,F25,LBTS-81,9944,31,60,2025-11-07 18:34:52.781676,353724.241,6285661.746
PE344,E08,VKJX-73,915,0,3,2025-11-07 18:34:52.781677,353724.241,6285661.746
PG1114,G11,THTF-29,1146,0,4,2025-11-07 18:34:54.919736,347405.647,6288603.698
PG1114,G11,THTG-75,1740,3,7,2025-11-07 18:34:54.919741,347405.647,6288603.698
PH202,205,RYJG-91,1154,0,4,2025-11-07 18:34:57.055277,347633.926,6292926.859
PH202,205,LZRD-63,2500,6,10,2025-11-07 18:34:57.055281,347633.926,6292926.859
PH202,207,VJJX-67,4392,12,16,2025-11-07 18:34:57.055282,347633.926,6292926.859
PH202,207,VJKP-16,4324,12,16,2025-11-07 18:34:57.055283,347633.926,6292926.859
PH202,207e,SDGY-21,280,0,3,2025-11-07 18:34:57.055284,347633.926,6292926.859
PH202,207e,VJJT-97,1079,0,3,2025-11-07 18:34:57.055284,347633.926,6292926.859
PH202,209,VJXV-64,187,0,3,2025-11-07 18:34:57.055285,347633.926,6292926.859
PH202,209,SDGY-31,2809,7,11,2025-11-07 18:34:57.055286,347633.926,6292926.859
PH202,227,VFPL-57,2252,5,9,2025-11-07 18:34:57.055287,347633.926,6292926.859
PH202,227,VFRF-15,8460,27,60,2025-11-07 18:34:57.055288,347633.926,6292926.859
PI544,506v,PFXB-65,1359,0,4,2025-11-07 18:34:59.078566,342601.504,6296463.709
PI544,506v,FLXW-23,1965,4,8,2025-11-07 18:34:59.078572,342601.504,6296463.709
PI544,509,CJRW-76,3097,8,12,2025-11-07 18:34:59.078574,342601.504,6296463.709
PI544,509,FLXV-35,5232,15,19,2025-11-07 18:34:59.078575,342601.504,6296463.709
PI544,506,TBFT-79,472,0,4,2025-11-07 18:34:59.078576,342601.504,6296463.709
PI544,506,TBFT-51,1500,8,12,2025-11-07 18:34:59.078577,342601.504,6296463.709
PF812,F16,SPRV-96,1247,0,4,2025-11-07 18:35:02.679227,354026.241,6281751.734
PF812,F16,SPRY-35,2912,7,11,2025-11-07 18:35:02.679233,354026.241,6281751.734
PG508,F03,FLXG-88,966,0,3,2025-11-07 18:35:04.743249,348621.231,6279339.791
PG508,F03,SRPJ-74,4102,11,15,2025-11-07 18:35:04.743254,348621.231,6279339.791
PH306,I05,VHSZ-42,3153,8,12,2025-11-07 18:35:06.788003,343406.5,6290226.86
PH306,119,BJFX-20,1537,3,7,2025-11-07 18:35:06.788008,343406.5,6290226.86
PH306,119,CJRW-49,2679,6,10,2025-11-07 18:35:06.788009,343406.5,6290226.86
PH306,329,CJRW-77,1579,3,7,2025-11-07 18:35:06.788010,343406.5,6290226.86
PH306,329,FLXR-41,5183,14,18,2025-11-07 18:35:06.788010,343406.5,6290226.86
PG1797,G07,THTD-66,1013,0,3,2025-11-07 18:35:08.908458,339488.33,6273374.68
PJ817,J02,VHXJ-22,1718,4,8,2025-11-07 18:35:11.306258,335236.353,6299742.227
PJ817,J02,VHXJ-10,8230,26,60,2025-11-07 18:35:11.306263,335236.353,6299742.227
PJ817,418,PFTW-47,1761,4,8,2025-11-07 18:35:11.306264,335236.353,6299742.227
PJ817,418,PFYC-75,2261,5,9,2025-11-07 18:35:11.306265,335236.353,6299742.227
PJ817,J07,VJBB-21,4625,13,17,2025-11-07 18:35:11.306266,335236.353,6299742.227
PJ817,J07,VHZY-10,8711,28,60,2025-11-07 18:35:11.306267,335236.353,6299742.227
PJ817,444,SJPB-21,6431,18,22,2025-11-07 18:35:11.306268,335236.353,6299742.227
PJ817,444,SHXF-13,10429,33,60,2025-11-07 18:35:11.306269,335236.353,6299742.227
PE598,210v,VFPF-61,2160,5,9,2025-11-07 18:35:13.073198,353451.858,6285212.731
PE598,210v,VFPJ-77,4404,12,16,2025-11-07 18:35:13.073203,353451.858,6285212.731
PE598,E09,VKJX-80,1213,0,4,2025-11-07 18:35:13.073204,353451.858,6285212.731
PH427,H24,VGRC-23,1554,3,7,2025-11-07 18:35:15.204561,349252.813,6293602.259
PH427,H24,VGRC-13,5194,14,18,2025-11-07 18:35:15.204566,349252.813,6293602.259
PF147,712,LBTS-76,3724,10,14,2025-11-07 18:35:16.995701,354756.75,6280966.629
PF147,712,LBTT-25,6486,18,22,2025-11-07 18:35:16.995705,354756.75,6280966.629
PF147,226,VFRF-65,0,0,3,2025-11-07 18:35:16.995706,354756.75,6280966.629
PF147,226,VFPL-35,3667,10,14,2025-11-07 18:35:16.995707,354756.75,6280966.629
PF147,F14,TFTB-22,600,0,2,2025-11-07 18:35:16.995708,354756.75,6280966.629
PF147,F14,SPRW-81,2180,5,9,2025-11-07 18:35:16.995709,354756.75,6280966.629
PD345,D02,SVDD-41,4372,12,16,2025-11-07 18:35:18.813307,352770.739,6296598.517
PD345,D02,SVDC-52,6387,18,22,2025-11-07 18:35:18.813313,352770.739,6296598.517
PC2,426,BJFF-47,2857,7,11,2025-11-07 18:35:21.289849,349772.437,6300216.427
PC2,426,BJFH-30,3720,10,14,2025-11-07 18:35:21.289854,349772.437,6300216.427
PC2,445c,SPBS-45,4854,13,17,2025-11-07 18:35:21.289855,349772.437,6300216.427
PC2,445c,SPBS-48,4854,13,17,2025-11-07 18:35:21.289856,349772.437,6300216.427
PC2,401,PFTV-86,334,0,3,2025-11-07 18:35:21.289857,349772.437,6300216.427
PC2,401,PFYG-68,2320,5,9,2025-11-07 18:35:21.289858,349772.437,6300216.427
PC2,503,VHLV-57,1111,0,4,2025-11-07 18:35:21.289859,349772.437,6300216.427
PC2,503,LZPG-54,2567,6,10,2025-11-07 18:35:21.289860,349772.437,6300216.427
PC2,412,PFTW-19,1102,0,3,2025-11-07 18:35:21.289861,349772.437,6300216.427
PC2,412,PFVG-96,3532,9,13,2025-11-07 18:35:21.289861,349772.437,6300216.427
PC2,418,SKPL-28,4481,12,16,2025-11-07 18:35:21.289862,349772.437,6300216.427
PC2,418,PFTW-40,4751,13,17,2025-11-07 18:35:21.289863,349772.437,6300216.427
PC2,407,PFXC-29,1102,0,3,2025-11-07 18:35:21.289864,349772.437,6300216.427
PC2,407,PFXC-58,1480,3,7,2025-11-07 18:35:21.289865,349772.437,6300216.427
PC2,405,PFTF-82,876,0,3,2025-11-07 18:35:21.289866,349772.437,6300216.427
PC2,405,PFYH-10,2415,6,10,2025-11-07 18:35:21.289867,349772.437,6300216.427
PC2,517,VJBB-90,17,0,3,2025-11-07 18:35:21.289868,349772.437,6300216.427
PC2,517,VHZW-51,1114,0,4,2025-11-07 18:35:21.289869,349772.437,6300216.427
PC2,421,PFBG-13,1713,3,7,2025-11-07 18:35:21.289870,349772.437,6300216.427
PC2,421,PFTV-88,4212,11,15,2025-11-07 18:35:21.289871,349772.437,6300216.427
PC2,406,PFXB-73,1797,7,11,2025-11-07 18:35:21.289872,349772.437,6300216.427
PC2,406,TBFS-43,1797,7,11,2025-11-07 18:35:21.289873,349772.437,6300216.427
PC2,405c,PGLD-78,1197,0,4,2025-11-07 18:35:21.289873,349772.437,6300216.427
PC2,405c,PGTV-36,2643,6,10,2025-11-07 18:35:21.289874,349772.437,6300216.427
PI764,514,TBFW-25,730,0,2,2025-11-07 18:35:23.358242,338400.472,6297188.03
PI764,514,FLXK-38,5719,16,20,2025-11-07 18:35:23.358248,338400.472,6297188.03
PI764,418,SKPK-34,306,0,3,2025-11-07 18:35:23.358250,338400.472,6297188.03
PI764,418,PFYC-43,161,0,3,2025-11-07 18:35:23.358251,338400.472,6297188.03
PD481,504,GCBD-78,1867,5,9,2025-11-07 18:35:25.418301,355440.583,6299895.383
PD481,504,SZZH-67,2034,8,12,2025-11-07 18:35:25.418307,355440.583,6299895.383
PD481,518,BJFH-33,2081,5,9,2025-11-07 18:35:25.418308,355440.583,6299895.383
PD481,518,FLXV-98,2237,5,9,2025-11-07 18:35:25.418309,355440.583,6299895.383
PD481,D08,SVDD-76,2025,4,8,2025-11-07 18:35:25.418309,355440.583,6299895.383
PD481,D08,SVDF-71,2982,7,11,2025-11-07 18:35:25.418310,355440.583,6299895.383
PD481,C05,LDTG-59,320,0,3,2025-11-07 18:35:25.418311,355440.583,6299895.383
PD481,C05,LFGP-23,2063,5,9,2025-11-07 18:35:25.418312,355440.583,6299895.383
PD481,501,TBFT-63,959,0,3,2025-11-07 18:35:25.418313,355440.583,6299895.383
PD481,501,TBFT-13,998,0,3,2025-11-07 18:35:25.418313,355440.583,6299895.383
PJ65,110,SRTK-23,1443,3,7,2025-11-07 18:35:27.488290,338157.52,6299294.27
PJ65,110,LXWR-83,1865,4,8,2025-11-07 18:35:27.488296,338157.52,6299294.27
PJ65,412,PFYC-81,0,0,3,2025-11-07 18:35:27.488297,338157.52,6299294.27
PJ65,412,PFTW-48,2994,7,11,2025-11-07 18:35:27.488298,338157.52,6299294.27
PB1340,B18,LDJW-49,1531,3,7,2025-11-07 18:35:29.615546,339121.102,6306017.298
PB1340,B18e,LDJW-41,1550,3,7,2025-11-07 18:35:29.615552,339121.102,6306017.298
PB1340,B18e,TXZH-31,1550,3,7,2025-11-07 18:35:29.615553,339121.102,6306017.298
PB1340,B32,STGZ-85,689,0,2,2025-11-07 18:35:29.615554,339121.102,6306017.298
PF183,F01,SPVV-57,568,0,2,2025-11-07 18:35:31.273594,355863.14,6279990.97
PF183,F01,SPVW-61,2988,7,11,2025-11-07 18:35:31.273599,355863.14,6279990.97
PF183,F01c,SPVT-74,251,0,3,2025-11-07 18:35:31.273600,355863.14,6279990.97
PF183,F01c,SPVW-72,2759,7,11,2025-11-07 18:35:31.273602,355863.14,6279990.97
PF183,F11,SKHL-24,1996,4,8,2025-11-07 18:35:31.273603,355863.14,6279990.97
PF183,F11,SKVB-10,3999,11,15,2025-11-07 18:35:31.273603,355863.14,6279990.97
PB667,408,SRTG-98,1322,0,4,2025-11-07 18:35:33.086460,338477.55,6301960.76
PB667,410,LDSX-95,4846,13,17,2025-11-07 18:35:33.086466,338477.55,6301960.76
PB574,B08,SHCX-54,224,0,3,2025-11-07 18:35:35.195781,336869.411,6307045.789
PB574,B12,SKDG-39,684,0,2,2025-11-07 18:35:35.195786,336869.411,6307045.789
PB574,308,FLXH-30,1298,0,4,2025-11-07 18:35:35.195787,336869.411,6307045.789
PB574,308c,TWPC-89,159,0,3,2025-11-07 18:35:35.195788,336869.411,6307045.789
PB549,429c,SLLZ-39,3950,10,14,2025-11-07 18:35:37.282152,339870.65,6307407.83
PB549,429c,SLLY-91,4392,12,16,2025-11-07 18:35:37.282157,339870.65,6307407.83
PB549,B43,SJPC-71,1657,3,7,2025-11-07 18:35:37.282158,339870.65,6307407.83
PB549,B43,SHXG-45,3641,9,13,2025-11-07 18:35:37.282159,339870.65,6307407.83
PB549,307,FLXJ-98,2195,5,9,2025-11-07 18:35:37.282160,339870.65,6307407.83
PB549,307,FLXH-99,3054,8,12,2025-11-07 18:35:37.282160,339870.65,6307407.83
PB549,315e,FLXJ-51,1804,4,8,2025-11-07 18:35:37.282161,339870.65,6307407.83
PB549,B45,FLXJ-32,0,0,3,2025-11-07 18:35:37.282162,339870.65,6307407.83
PB549,B45,VHSX-73,350,0,3,2025-11-07 18:35:37.282164,339870.65,6307407.83
PH47,103,SPBL-83,1580,3,7,2025-11-07 18:35:39.225857,349521.562,6290710.615
PH47,103,SPBP-30,3706,10,14,2025-11-07 18:35:39.225862,349521.562,6290710.615
PH47,385,FLXK-73,9329,29,60,2025-11-07 18:35:39.225863,349521.562,6290710.615
PH47,385,FLXK-45,10596,33,60,2025-11-07 18:35:39.225864,349521.562,6290710.615
PI475,405,PFBD-53,1622,3,7,2025-11-07 18:35:40.768014,335824.446,6289911.948
PI475,405,PFYH-17,2779,7,11,2025-11-07 18:35:40.768020,335824.446,6289911.948
PI475,417e,PFYS-49,1165,0,4,2025-11-07 18:35:40.768022,335824.446,6289911.948
PI475,417e,PFYR-93,13184,42,60,2025-11-07 18:35:40.768023,335824.446,6289911.948
PI475,509,FLXS-93,328,0,3,2025-11-07 18:35:40.768024,335824.446,6289911.948
PI475,509,CJRW-54,1897,4,8,2025-11-07 18:35:40.768025,335824.446,6289911.948
PI475,481,PGPT-53,1610,3,7,2025-11-07 18:35:40.768026,335824.446,6289911.948
PI475,481,PGPT-42,1622,3,7,2025-11-07 18:35:40.768027,335824.446,6289911.948
PI475,I02,FLXY-75,1211,0,4,2025-11-07 18:35:40.768028,335824.446,6289911.948
PI475,I02,FLXZ-40,2266,5,9,2025-11-07 18:35:40.768029,335824.446,6289911.948
PI475,I26,PFYS-19,2000,4,8,2025-11-07 18:35:40.768030,335824.446,6289911.948
PI475,I26,PFYR-60,2670,6,10,2025-11-07 18:35:40.768030,335824.446,6289911.948
PB1650,B12,SKDG-43,0,0,3,2025-11-07 18:35:42.799677,342657.949,6307781.427
PB1650,B12,SKDH-82,5999,17,21,2025-11-07 18:35:42.799682,342657.949,6307781.427
PD1223,D16,SPBS-66,3655,10,14,2025-11-07 18:35:44.864100,352564.493,6296796.784
PD1223,D16,FLXJ-57,7600,22,26,2025-11-07 18:35:44.864106,352564.493,6296796.784
PA821,B27,FLXT-73,1594,3,7,2025-11-07 18:35:47.014361,346818.37,6298575.77
PA821,B27,FLXS-24,1507,3,7,2025-11-07 18:35:47.014367,346818.37,6298575.77
PA821,404,PFVG-90,2868,7,11,2025-11-07 18:35:47.014368,346818.37,6298575.77
PA821,404,PFYC-50,3016,8,12,2025-11-07 18:35:47.014369,346818.37,6298575.77
PA821,307,VHSZ-50,910,0,3,2025-11-07 18:35:47.014370,346818.37,6298575.77
PA821,307,VHSY-11,3338,9,13,2025-11-07 18:35:47.014371,346818.37,6298575.77
PA821,307e,TWPD-41,948,0,3,2025-11-07 18:35:47.014372,346818.37,6298575.77
PA821,307e,TWPD-76,6188,18,22,2025-11-07 18:35:47.014373,346818.37,6298575.77
PD1100,D11,SVDC-18,1638,3,7,2025-11-07 18:35:49.087233,355702.019,6296888.596
PD623,D10,STKS-99,2837,7,11,2025-11-07 18:35:50.626572,353941.557,6291844.816
PD623,D10,SPBS-49,6585,19,23,2025-11-07 18:35:50.626578,353941.557,6291844.816
PC308,722,STHR-80,345,0,3,2025-11-07 18:35:52.882365,357777.882,6301196.606
PC308,722,STHJ-61,3549,9,13,2025-11-07 18:35:52.882370,357777.882,6301196.606
PC308,401c,SJPD-45,2165,5,9,2025-11-07 18:35:52.882371,357777.882,6301196.606
PC308,401c,SJPD-43,7547,22,26,2025-11-07 18:35:52.882372,357777.882,6301196.606
PC308,407,TBFT-87,0,0,3,2025-11-07 18:35:52.882374,357777.882,6301196.606
PC308,407,PFXC-37,1329,0,4,2025-11-07 18:35:52.882375,357777.882,6301196.606
PC308,C06,SKPJ-79,4754,13,17,2025-11-07 18:35:52.882376,357777.882,6301196.606
PC308,C06,SGPY-55,6943,20,24,2025-11-07 18:35:52.882376,357777.882,6301196.606
PC308,401,PGBB-64,3486,9,13,2025-11-07 18:35:52.882377,357777.882,6301196.606
PC308,401,PFTV-83,5347,15,19,2025-11-07 18:35:52.882378,357777.882,6301196.606
PC308,503,VGVG-59,341,0,3,2025-11-07 18:35:52.882379,357777.882,6301196.606
PC308,503,VGVG-37,1298,0,4,2025-11-07 18:35:52.882380,357777.882,6301196.606
PC308,504,GCBC-98,602,6,10,2025-11-07 18:35:52.882381,357777.882,6301196.606
PC308,504,GCBD-78,6211,44,60,2025-11-07 18:35:52.882382,357777.882,6301196.606
PE58,126,FLXT-36,723,0,2,2025-11-07 18:35:54.940556,354077.172,6290645.381
PE58,E17,BJFZ-27,1048,0,3,2025-11-07 18:35:54.940561,354077.172,6290645.381
PJ79,110,LXWR-78,1790,4,8,2025-11-07 18:35:57.041675,336769.626,6296402.366
PJ79,110,SRTH-17,3223,8,12,2025-11-07 18:35:57.041681,336769.626,6296402.366
PJ79,111,FLXZ-66,3173,8,12,2025-11-07 18:35:57.041682,336769.626,6296402.366
PJ79,111,FLXY-24,6085,17,21,2025-11-07 18:35:57.041683,336769.626,6296402.366
PH216,210,LZRB-96,3744,10,14,2025-11-07 18:35:59.439553,350000.0,6291691.0
PH216,210,LZRD-98,3667,10,14,2025-11-07 18:35:59.439558,350000.0,6291691.0
PH216,210v,VFPY-43,502,0,2,2025-11-07 18:35:59.439559,350000.0,6291691.0
PH216,210v,VGKZ-92,3262,8,12,2025-11-07 18:35:59.439560,350000.0,6291691.0
PH216,D14,PGBS-47,1033,0,3,2025-11-07 18:35:59.439561,350000.0,6291691.0
PH216,D14,PGBY-64,1033,0,3,2025-11-07 18:35:59.439562,350000.0,6291691.0
PG1773,228,THTG-80,1776,4,8,2025-11-07 18:36:00.993460,343588.891,6280603.162
PG1773,228,THTD-22,5366,15,19,2025-11-07 18:36:00.993466,343588.891,6280603.162
PJ180,402,SKPL-36,2777,7,11,2025-11-07 18:36:03.522785,341567.326,6298543.208
PJ180,402,PFTW-50,6841,20,24,2025-11-07 18:36:03.522812,341567.326,6298543.208
PJ180,J13,TBFS-41,1799,4,8,2025-11-07 18:36:03.522814,341567.326,6298543.208
PJ180,J13,FLXG-29,4856,13,17,2025-11-07 18:36:03.522815,341567.326,6298543.208
PJ180,406,TBFR-79,3616,27,60,2025-11-07 18:36:03.522816,341567.326,6298543.208
PJ180,406,PFXC-24,4184,29,60,2025-11-07 18:36:03.522816,341567.326,6298543.208
PJ180,407,TBFW-88,1119,0,4,2025-11-07 18:36:03.522817,341567.326,6298543.208
PJ180,407,GCBC-61,3854,10,14,2025-11-07 18:36:03.522818,341567.326,6298543.208
PJ180,426,FLXD-32,1865,4,8,2025-11-07 18:36:03.522819,341567.326,6298543.208
PJ180,426,FLXH-77,6286,18,22,2025-11-07 18:36:03.522820,341567.326,6298543.208
PJ180,422,PFXC-57,3532,9,13,2025-11-07 18:36:03.522821,341567.326,6298543.208
PJ180,422,GCBF-28,3782,10,14,2025-11-07 18:36:03.522821,341567.326,6298543.208
PB1926,425,SGPY-80,1091,0,3,2025-11-07 18:36:05.632650,338450.723,6307085.925
PB1926,425,SHXF-32,1694,3,7,2025-11-07 18:36:05.632654,338450.723,6307085.925
PB1926,429c,SLGT-31,1937,4,8,2025-11-07 18:36:05.632655,338450.723,6307085.925
PB1926,429c,SLLZ-39,6020,17,21,2025-11-07 18:36:05.632656,338450.723,6307085.925
PB1926,430,PGBY-52,0,0,3,2025-11-07 18:36:05.632657,338450.723,6307085.925
PB1926,430,SKPH-79,1737,3,7,2025-11-07 18:36:05.632658,338450.723,6307085.925
PB1926,429,SLPB-71,1172,0,4,2025-11-07 18:36:05.632659,338450.723,6307085.925
PB1926,429,SLPC-32,1172,0,4,2025-11-07 18:36:05.632659,338450.723,6307085.925
PB1926,435,SLPB-29,0,0,3,2025-11-07 18:36:05.632660,338450.723,6307085.925
PB1926,435,SLPC-38,470,0,3,2025-11-07 18:36:05.632661,338450.723,6307085.925
PB1926,B11,SKDH-78,504,0,2,2025-11-07 18:36:05.632662,338450.723,6307085.925
PB1926,B11,SGPY-90,10712,34,60,2025-11-07 18:36:05.632663,338450.723,6307085.925
PB1926,B12,SKDJ-82,0,0,3,2025-11-07 18:36:05.632663,338450.723,6307085.925
PB1926,B12,LDTB-85,10244,32,60,2025-11-07 18:36:05.632664,338450.723,6307085.925
PB1926,B12c,SPCG-81,3796,10,14,2025-11-07 18:36:05.632665,338450.723,6307085.925
PB1926,B12c,SKDJ-25,7369,21,25,2025-11-07 18:36:05.632666,338450.723,6307085.925
PB1926,B21,LDTF-42,0,0,3,2025-11-07 18:36:05.632667,338450.723,6307085.925
PB1926,B21,SKDJ-87,7416,21,25,2025-11-07 18:36:05.632667,338450.723,6307085.925
PI654,423,PFVG-46,4505,12,16,2025-11-07 18:36:07.738136,336235.931,6290415.771
PI654,423,PFVC-59,5066,14,18,2025-11-07 18:36:07.738141,336235.931,6290415.771
PI654,481,PFVC-50,14,0,3,2025-11-07 18:36:07.738142,336235.931,6290415.771
PI654,481,PFYR-72,3909,10,14,2025-11-07 18:36:07.738143,336235.931,6290415.771
PI654,I01,FLXF-77,3066,8,12,2025-11-07 18:36:07.738144,336235.931,6290415.771
PI654,I01,FLXJ-17,4770,13,17,2025-11-07 18:36:07.738145,336235.931,6290415.771
PI654,I10,FLXH-11,2754,7,11,2025-11-07 18:36:07.738145,336235.931,6290415.771
PI654,I10,FLXL-62,3096,8,12,2025-11-07 18:36:07.738146,336235.931,6290415.771
PI654,421,PDZS-75,3958,11,15,2025-11-07 18:36:07.738147,336235.931,6290415.771
PI654,421,PFBD-65,6086,17,21,2025-11-07 18:36:07.738148,336235.931,6290415.771
PE721,E11,VKJX-31,894,0,3,2025-11-07 18:36:09.515045,349192.909,6286093.105
PE721,E16,VFJS-45,2060,5,9,2025-11-07 18:36:09.515050,349192.909,6286093.105
PE721,E16,VJLS-11,2092,5,9,2025-11-07 18:36:09.515052,349192.909,6286093.105
PE721,F05,SPZX-69,2415,6,10,2025-11-07 18:36:09.515053,349192.909,6286093.105
PE721,F05,SPZX-98,3682,10,14,2025-11-07 18:36:09.515054,349192.909,6286093.105
PE721,E18,CJRC-46,852,0,3,2025-11-07 18:36:09.515055,349192.909,6286093.105
PD1620,D17v,PGWV-11,3254,8,12,2025-11-07 18:36:11.342612,357650.27,6292004.45
PD1620,D17v,PGPV-76,7621,22,26,2025-11-07 18:36:11.342618,357650.27,6292004.45
PF999,F26,SPVV-65,4309,12,16,2025-11-07 18:36:13.216721,353287.285,6280974.313
PF999,F26,SPVV-51,5173,14,18,2025-11-07 18:36:13.216726,353287.285,6280974.313
PJ354,503,VHLS-28,2702,7,11,2025-11-07 18:36:15.443310,340506.856,6299518.398
PJ354,503,VGTZ-89,3367,9,13,2025-11-07 18:36:15.443316,340506.856,6299518.398
PJ354,504,TBFX-33,2049,4,8,2025-11-07 18:36:15.443317,340506.856,6299518.398
PJ354,504,TBFX-35,2338,5,9,2025-11-07 18:36:15.443318,340506.856,6299518.398
PJ354,507,PHSG-80,605,0,2,2025-11-07 18:36:15.443319,340506.856,6299518.398
PJ354,507,GCBD-77,2338,5,9,2025-11-07 18:36:15.443319,340506.856,6299518.398
PJ354,517,VHZX-30,887,0,3,2025-11-07 18:36:15.443320,340506.856,6299518.398
PJ354,517,VJBC-50,3828,10,14,2025-11-07 18:36:15.443321,340506.856,6299518.398
PJ354,518,TBFT-69,0,0,3,2025-11-07 18:36:15.443322,340506.856,6299518.398
PJ354,518,TBFR-40,2771,7,11,2025-11-07 18:36:15.443323,340506.856,6299518.398
PJ354,B38,TBFW-19,1803,4,8,2025-11-07 18:36:15.443324,340506.856,6299518.398
PJ354,B38,GCBF-12,4598,13,17,2025-11-07 18:36:15.443324,340506.856,6299518.398
PE499,E06,BJFX-40,677,0,2,2025-11-07 18:36:19.657952,354504.162,6289931.683
PA832,511,TBFX-75,0,0,3,2025-11-07 18:36:21.725621,344579.24,6296670.38
PA832,511,TBFT-53,787,0,2,2025-11-07 18:36:21.725627,344579.24,6296670.38
PJ986,511,PFXC-23,0,0,3,2025-11-07 18:36:26.243691,337257.897,6299444.714
PJ986,511,FLXV-95,1332,0,4,2025-11-07 18:36:26.243697,337257.897,6299444.714
PJ986,J15c,TBFW-26,3790,10,14,2025-11-07 18:36:26.243698,337257.897,6299444.714
PH199,205,RYJG-91,40,0,3,2025-11-07 18:36:28.098342,347766.16,6291761.38
PH199,205,LZRD-63,1863,4,8,2025-11-07 18:36:28.098346,347766.16,6291761.38
PH199,207,VJJX-67,2728,7,11,2025-11-07 18:36:28.098347,347766.16,6291761.38
PH199,207,VJKP-16,2863,7,11,2025-11-07 18:36:28.098348,347766.16,6291761.38
PH199,209,SDGY-31,1873,4,8,2025-11-07 18:36:28.098349,347766.16,6291761.38
PH199,209,SFST-35,2885,7,11,2025-11-07 18:36:28.098350,347766.16,6291761.38
PH199,227,VFPL-57,1364,0,4,2025-11-07 18:36:28.098351,347766.16,6291761.38
PH199,227,VFRF-15,7376,21,25,2025-11-07 18:36:28.098351,347766.16,6291761.38
PI559,506,TBFR-97,310,0,3,2025-11-07 18:36:30.212990,338227.139,6294417.474
PI559,506,FLXV-91,642,0,2,2025-11-07 18:36:30.212995,338227.139,6294417.474
PI559,506v,PFXB-71,399,0,3,2025-11-07 18:36:30.212996,338227.139,6294417.474
PI559,506v,TBFT-61,1281,0,4,2025-11-07 18:36:30.212997,338227.139,6294417.474
PD427,516,PFWZ-80,962,0,3,2025-11-07 18:36:32.293913,348605.725,6297258.965
PD427,516,GCBD-16,1632,3,7,2025-11-07 18:36:32.293918,348605.725,6297258.965
PD427,325,VFJT-92,53,0,3,2025-11-07 18:36:32.293919,348605.725,6297258.965
PD427,325,VJKR-85,3939,10,14,2025-11-07 18:36:32.293921,348605.725,6297258.965
PD427,519,RKXL-29,283,0,3,2025-11-07 18:36:32.293922,348605.725,6297258.965
PD427,519,PFXC-13,646,0,2,2025-11-07 18:36:32.293923,348605.725,6297258.965
PB2116,B13,TXZH-26,0,0,3,2025-11-07 18:36:36.123598,339876.0,6306819.0
PB2116,B13,TXZH-32,138,0,3,2025-11-07 18:36:36.123603,339876.0,6306819.0
PB2116,429c,SLPC-24,4557,12,16,2025-11-07 18:36:36.123604,339876.0,6306819.0
PB2097,B42,FLXK-13,694,0,2,2025-11-07 18:36:38.217103,336901.0,6311542.0
PF32,712,SHCW-67,6525,19,23,2025-11-07 18:36:39.820910,355698.847,6283948.479
PF32,712,SHCY-19,11484,36,60,2025-11-07 18:36:39.820916,355698.847,6283948.479
PF32,F08,TFTB-24,3281,8,12,2025-11-07 18:36:39.820917,355698.847,6283948.479
PF32,F08,SPVW-83,4689,13,17,2025-11-07 18:36:39.820918,355698.847,6283948.479
PF32,F24,SPRV-67,2816,7,11,2025-11-07 18:36:39.820919,355698.847,6283948.479
PF32,F24,SPRW-86,7116,20,24,2025-11-07 18:36:39.820920,355698.847,6283948.479
PF32,F27,SPRW-95,628,0,2,2025-11-07 18:36:39.820921,355698.847,6283948.479
PF32,F27,SPRY-60,2251,5,9,2025-11-07 18:36:39.820922,355698.847,6283948.479
PC1261,C27,SKPP-16,2092,5,9,2025-11-07 18:36:41.919234,359512.0,6304480.0
PF72,205,RWTP-99,4896,13,17,2025-11-07 18:36:44.020251,351507.87,6283060.135
PF72,205,LZRF-13,5066,14,18,2025-11-07 18:36:44.020256,351507.87,6283060.135
PF72,F14,SPRW-68,233,0,3,2025-11-07 18:36:44.020258,351507.87,6283060.135
PF72,F14,SPRY-39,1359,0,4,2025-11-07 18:36:44.020259,351507.87,6283060.135
PF72,F20,SPZX-74,6605,19,23,2025-11-07 18:36:44.020260,351507.87,6283060.135
PF72,F20,SPZY-25,8682,27,60,2025-11-07 18:36:44.020260,351507.87,6283060.135
PB376,B03,LXDH-85,1670,3,7,2025-11-07 18:36:46.077453,343967.444,6301511.579
PB376,B03,SPZX-41,3096,8,12,2025-11-07 18:36:46.077457,343967.444,6301511.579
PB376,B24,LDJW-29,3292,8,12,2025-11-07 18:36:46.077458,343967.444,6301511.579
PB376,B24,SJTD-65,4118,11,15,2025-11-07 18:36:46.077459,343967.444,6301511.579
PB376,301,BJFS-57,793,0,3,2025-11-07 18:36:46.077460,343967.444,6301511.579
PJ345,J02,VHZX-50,2168,5,9,2025-11-07 18:36:48.229660,343087.99,6299319.79
PJ345,J02,VHXJ-20,2893,7,11,2025-11-07 18:36:48.229665,343087.99,6299319.79
PJ345,503,VHLS-28,50,0,3,2025-11-07 18:36:48.229666,343087.99,6299319.79
PJ345,503,VGTZ-89,718,0,2,2025-11-07 18:36:48.229667,343087.99,6299319.79
PJ345,504,TBFW-93,0,0,3,2025-11-07 18:36:48.229668,343087.99,6299319.79
PJ345,504,GCBD-11,4558,12,16,2025-11-07 18:36:48.229669,343087.99,6299319.79
PJ345,507,GCBD-62,335,0,3,2025-11-07 18:36:48.229670,343087.99,6299319.79
PJ345,507,GCBD-58,3617,9,13,2025-11-07 18:36:48.229670,343087.99,6299319.79
PJ345,517,VJBC-50,1117,0,4,2025-11-07 18:36:48.229671,343087.99,6299319.79
PJ345,517,VHXK-53,4407,12,16,2025-11-07 18:36:48.229672,343087.99,6299319.79
PJ345,518,FLXD-33,2457,6,10,2025-11-07 18:36:48.229673,343087.99,6299319.79
PJ345,518,TBFT-44,5579,16,20,2025-11-07 18:36:48.229673,343087.99,6299319.79
PD570,D05,SPBF-50,2488,6,10,2025-11-07 18:36:50.008523,352577.221,6295097.156
PD570,D05,PGLD-71,4525,12,16,2025-11-07 18:36:50.008529,352577.221,6295097.156
PI400,401,PFYG-43,10725,34,60,2025-11-07 18:36:52.085033,341459.337,6296681.533
PI400,401,PFBG-12,13367,42,60,2025-11-07 18:36:52.085038,341459.337,6296681.533
PI400,405,PDYS-16,4074,11,15,2025-11-07 18:36:52.085039,341459.337,6296681.533
PI400,405,PFVK-84,7632,22,26,2025-11-07 18:36:52.085040,341459.337,6296681.533
PI400,412,LXWP-59,783,0,2,2025-11-07 18:36:52.085041,341459.337,6296681.533
PI400,412,PFYC-81,5116,14,18,2025-11-07 18:36:52.085042,341459.337,6296681.533
PI400,418,SHCV-83,3374,9,13,2025-11-07 18:36:52.085042,341459.337,6296681.533
PI400,418,PFYC-49,3432,9,13,2025-11-07 18:36:52.085043,341459.337,6296681.533
PI400,421,PFYG-91,7237,21,25,2025-11-07 18:36:52.085044,341459.337,6296681.533
PI400,421,PDZS-75,12879,41,60,2025-11-07 18:36:52.085045,341459.337,6296681.533
PI400,106,PFYR-69,960,0,3,2025-11-07 18:36:52.085046,341459.337,6296681.533
PI400,106,PFVH-99,6575,19,23,2025-11-07 18:36:52.085046,341459.337,6296681.533
PD548,507c,PFXC-44,249,0,3,2025-11-07 18:36:54.203327,357355.862,6294734.546
PD548,519,TBFR-39,195,0,3,2025-11-07 18:36:54.203331,357355.862,6294734.546
PI508,419,PFTV-91,2554,6,10,2025-11-07 18:36:56.247648,335094.354,6291904.626
PI508,419,PFYG-69,7611,22,26,2025-11-07 18:36:56.247653,335094.354,6291904.626
PG23,201,GCBB-48,3152,8,12,2025-11-07 18:36:58.696695,342966.59,6283581.57
PG23,201,GCBB-68,3215,8,12,2025-11-07 18:36:58.696700,342966.59,6283581.57
PG23,211,TBYY-76,3547,9,13,2025-11-07 18:36:58.696701,342966.59,6283581.57
PG23,211,TBZB-21,6276,18,22,2025-11-07 18:36:58.696702,342966.59,6283581.57
PG23,271,TBZB-15,1904,4,8,2025-11-07 18:36:58.696703,342966.59,6283581.57
PG23,271,TBYY-57,2074,5,9,2025-11-07 18:36:58.696714,342966.59,6283581.57
PG23,211c,THTH-73,1479,3,7,2025-11-07 18:36:58.696715,342966.59,6283581.57
PG23,211c,THTG-53,4519,12,16,2025-11-07 18:36:58.696716,342966.59,6283581.57
PI1246,329,CJRW-77,5863,17,21,2025-11-07 18:37:00.259282,341375.532,6288576.982
PI1246,329,FLXR-41,9667,31,60,2025-11-07 18:37:00.259287,341375.532,6288576.982
PI1246,H03,CJRW-22,1868,4,8,2025-11-07 18:37:00.259288,341375.532,6288576.982
PI1246,H03,CJRX-43,2990,7,11,2025-11-07 18:37:00.259289,341375.532,6288576.982
PH76,120,TXZH-37,105,0,3,2025-11-07 18:37:02.363489,342371.579,6289539.362
PH76,321,BJFW-18,318,0,3,2025-11-07 18:37:02.363493,342371.579,6289539.362
PH76,H03,CJRW-25,257,0,3,2025-11-07 18:37:02.363495,342371.579,6289539.362
PH76,H03,FLXF-56,4826,13,17,2025-11-07 18:37:02.363495,342371.579,6289539.362
PH76,H12,FLXD-73,2396,6,10,2025-11-07 18:37:02.363496,342371.579,6289539.362
PH76,I05,VHSX-71,6046,17,21,2025-11-07 18:37:02.363497,342371.579,6289539.362
PH76,I05,VHSX-99,6874,20,24,2025-11-07 18:37:02.363498,342371.579,6289539.362
PH76,105,SJPD-92,1139,0,4,2025-11-07 18:37:02.363499,342371.579,6289539.362
PH76,105c,LXDJ-14,2401,6,10,2025-11-07 18:37:02.363500,342371.579,6289539.362
PH76,121,BJFT-91,872,0,3,2025-11-07 18:37:02.363501,342371.579,6289539.362
PH76,125,BJFW-74,1651,3,7,2025-11-07 18:37:02.363502,342371.579,6289539.362
PH76,H06,CJRB-13,2608,6,10,2025-11-07 18:37:02.363502,342371.579,6289539.362
PD629,D14,PGBF-57,1711,3,7,2025-11-07 18:37:04.405488,352252.863,6292202.835
PD629,D14,PFZK-79,1819,4,8,2025-11-07 18:37:04.405493,352252.863,6292202.835
PD629,508,FLXW-61,316,0,3,2025-11-07 18:37:04.405494,352252.863,6292202.835
PD629,508,TBFX-53,698,0,2,2025-11-07 18:37:04.405495,352252.863,6292202.835
PD629,514,TBFW-35,988,0,3,2025-11-07 18:37:04.405496,352252.863,6292202.835
PD629,514,GCBC-88,4321,12,16,2025-11-07 18:37:04.405496,352252.863,6292202.835
PD629,D10,SVDF-61,463,0,3,2025-11-07 18:37:04.405497,352252.863,6292202.835
PD629,D10,SVDF-77,396,0,3,2025-11-07 18:37:04.405498,352252.863,6292202.835
PJ500,508,TBFS-22,1304,0,4,2025-11-07 18:37:06.458122,341858.621,6299846.963
PJ500,508,GCBC-85,1730,3,7,2025-11-07 18:37:06.458127,341858.621,6299846.963
PJ500,J03,TBFR-51,2443,6,10,2025-11-07 18:37:06.458128,341858.621,6299846.963
PJ500,J03,FLXG-37,2568,6,10,2025-11-07 18:37:06.458129,341858.621,6299846.963
PF573,F12,LBTS-91,1454,3,7,2025-11-07 18:37:08.612695,351863.285,6278851.22
PF573,F12,SRVG-86,5255,15,19,2025-11-07 18:37:08.612700,351863.285,6278851.22
PH634,H09,VGRG-34,1423,0,4,2025-11-07 18:37:10.694680,347593.423,6292944.709
PH634,H09,VGRF-55,3037,8,12,2025-11-07 18:37:10.694685,347593.423,6292944.709
PD1289,412,PGBF-59,959,0,3,2025-11-07 18:37:12.803301,356979.837,6298755.843
PD1289,412,PGBY-73,934,0,3,2025-11-07 18:37:12.803306,356979.837,6298755.843
PD1289,D18,SVDD-79,697,0,2,2025-11-07 18:37:12.803307,356979.837,6298755.843
PD1289,D18,SVDD-36,823,0,3,2025-11-07 18:37:12.803308,356979.837,6298755.843
PB1566,B25,FLXS-43,2669,6,10,2025-11-07 18:37:14.874921,345832.191,6302861.469
PG358,G38,THTG-67,3047,9,13,2025-11-07 18:37:16.974836,344270.12,6282312.57
PG358,G38,THTG-91,4519,14,18,2025-11-07 18:37:16.974853,344270.12,6282312.57
PG358,G39,SHCX-11,577,0,2,2025-11-07 18:37:16.974854,344270.12,6282312.57
PG358,G39,SHCX-13,577,0,2,2025-11-07 18:37:16.974855,344270.12,6282312.57
PG358,301,BJFX-18,2642,6,10,2025-11-07 18:37:16.974856,344270.12,6282312.57
PG358,301,BJFX-47,2932,7,11,2025-11-07 18:37:16.974857,344270.12,6282312.57
PG358,301c,BJFT-55,621,0,2,2025-11-07 18:37:16.974858,344270.12,6282312.57
PG358,301c,CJRB-50,2639,6,10,2025-11-07 18:37:16.974858,344270.12,6282312.57
PG358,G28,BJFW-84,1422,0,4,2025-11-07 18:37:16.974868,344270.12,6282312.57
PG358,G28,BJFV-83,6455,18,22,2025-11-07 18:37:16.974869,344270.12,6282312.57
PG358,G14,CJRP-22,422,0,3,2025-11-07 18:37:16.974870,344270.12,6282312.57
PG358,G14,GCWF-75,2077,5,9,2025-11-07 18:37:16.974871,344270.12,6282312.57
PG358,G43,FLXX-21,526,0,2,2025-11-07 18:37:16.974872,344270.12,6282312.57
PG358,G43,GCWF-73,1040,0,3,2025-11-07 18:37:16.974872,344270.12,6282312.57
PG358,G24,FLXX-20,3581,9,13,2025-11-07 18:37:16.974873,344270.12,6282312.57
PG358,G24,FLXP-29,4235,11,15,2025-11-07 18:37:16.974874,344270.12,6282312.57
PA470,510,FLXV-46,5519,15,19,2025-11-07 18:37:18.633357,345629.319,6296939.17
PA470,510,PFWZ-54,6480,18,22,2025-11-07 18:37:18.633362,345629.319,6296939.17
PI362,428,SHCV-80,5299,15,19,2025-11-07 18:37:20.684850,339612.234,6291259.431
PI362,428,SHCV-85,7261,21,25,2025-11-07 18:37:20.684855,339612.234,6291259.431
PI362,444,SHXG-38,7943,23,27,2025-11-07 18:37:20.684856,339612.234,6291259.431
PB1712,B18e,STHF-82,3608,9,13,2025-11-07 18:37:22.742693,338991.94,6306117.71
PI1812,I09,FLXY-98,0,0,3,2025-11-07 18:37:24.781150,343903.38,6297436.64
PI1812,I09,RWRP-40,400,0,3,2025-11-07 18:37:24.781156,343903.38,6297436.64
PI1812,I09e,RWRP-57,1812,4,8,2025-11-07 18:37:24.781157,343903.38,6297436.64
PI1812,I09e,RWRP-68,4743,13,17,2025-11-07 18:37:24.781158,343903.38,6297436.64
PI1812,I14,CJRW-61,712,0,2,2025-11-07 18:37:24.781160,343903.38,6297436.64
PI1812,I14,CJRW-83,834,0,3,2025-11-07 18:37:24.781161,343903.38,6297436.64
PI1812,I17,FLXL-85,3214,8,12,2025-11-07 18:37:24.781162,343903.38,6297436.64
PI1812,I17,FLXL-12,5650,16,20,2025-11-07 18:37:24.781163,343903.38,6297436.64
PI1812,J10,VJJR-56,731,0,2,2025-11-07 18:37:24.781164,343903.38,6297436.64
PI1812,J10,VJJR-95,1914,4,8,2025-11-07 18:37:24.781165,343903.38,6297436.64
PH290,428,SHCV-80,1720,3,7,2025-11-07 18:37:26.884482,342540.836,6289284.356
PH290,428,SHCV-85,3682,10,14,2025-11-07 18:37:26.884488,342540.836,6289284.356
PH290,444,SHXG-38,4364,12,16,2025-11-07 18:37:26.884489,342540.836,6289284.356
PH290,118,FLXS-71,219,0,3,2025-11-07 18:37:26.884490,342540.836,6289284.356
PH290,118,FLXX-39,4527,12,16,2025-11-07 18:37:26.884492,342540.836,6289284.356
PH290,119,FLXF-35,1690,3,7,2025-11-07 18:37:26.884493,342540.836,6289284.356
PH290,119,BJFX-20,3905,10,14,2025-11-07 18:37:26.884493,342540.836,6289284.356
PH290,H06,BJFS-36,2766,7,11,2025-11-07 18:37:26.884494,342540.836,6289284.356
PH290,H06,BJFX-14,5029,14,18,2025-11-07 18:37:26.884495,342540.836,6289284.356
PE460,E04,VKJZ-53,247,0,3,2025-11-07 18:37:28.665234,353555.438,6288205.718
PE460,E04,VKJZ-74,585,0,2,2025-11-07 18:37:28.665239,353555.438,6288205.718
PF1016,F26,SPVW-84,2737,7,11,2025-11-07 18:37:30.750919,356185.725,6281396.744
PF1016,F26,SPVV-85,3403,9,13,2025-11-07 18:37:30.750924,356185.725,6281396.744
PJ861,J08,TBFT-39,0,0,3,2025-11-07 18:37:32.796866,339848.941,6297293.256
PJ861,J08,FLXT-59,1739,3,7,2025-11-07 18:37:32.796871,339848.941,6297293.256
PJ861,J10,VHZZ-61,874,0,3,2025-11-07 18:37:32.796872,339848.941,6297293.256
PJ861,J10,VJBB-41,1997,4,8,2025-11-07 18:37:32.796873,339848.941,6297293.256
PJ861,J19,VGTX-21,4606,13,17,2025-11-07 18:37:32.796874,339848.941,6297293.256
PH561,321,FLXP-95,6335,18,22,2025-11-07 18:37:34.836338,343205.208,6290052.976
PH561,H06,CJRB-13,3915,10,14,2025-11-07 18:37:34.836344,343205.208,6290052.976
PE385,E03,BJFV-11,891,0,3,2025-11-07 18:37:36.935854,354238.755,6289687.76
PE385,E03,BJFW-55,2450,6,10,2025-11-07 18:37:36.935860,354238.755,6289687.76
PE385,108,PFYS-38,3868,10,14,2025-11-07 18:37:36.935861,354238.755,6289687.76
PE385,108,PFYS-36,4746,13,17,2025-11-07 18:37:36.935862,354238.755,6289687.76
PB1579,B25,FLXS-43,1063,0,3,2025-11-07 18:37:38.929039,345839.57,6304344.617
PB1579,B06,SKDG-90,272,0,3,2025-11-07 18:37:38.929043,345839.57,6304344.617
PB1579,B06,SKDG-80,3668,10,14,2025-11-07 18:37:38.929044,345839.57,6304344.617
PI1809,I12,FLXW-67,1465,3,7,2025-11-07 18:37:40.516766,334498.898,6292300.881
PI1809,I12,FLXZ-79,3341,9,13,2025-11-07 18:37:40.516771,334498.898,6292300.881
PD239,517,VJBB-80,204,0,3,2025-11-07 18:37:42.615091,355321.908,6299200.304
PD239,517,VJJR-46,5861,17,21,2025-11-07 18:37:42.615097,355321.908,6299200.304
PD239,D11,STWB-31,1061,0,3,2025-11-07 18:37:42.615098,355321.908,6299200.304
PD239,D11,SVDF-36,3431,9,13,2025-11-07 18:37:42.615099,355321.908,6299200.304
PD239,225,VFJP-53,144,0,3,2025-11-07 18:37:42.615100,355321.908,6299200.304
PD239,225,VFJP-44,1693,3,7,2025-11-07 18:37:42.615101,355321.908,6299200.304
PI1387,I01,FLXL-49,684,0,2,2025-11-07 18:37:44.650841,339797.832,6292856.651
PI1387,I01,FLXJ-28,2750,7,11,2025-11-07 18:37:44.650846,339797.832,6292856.651
PI1387,I18,VHSY-42,2053,4,8,2025-11-07 18:37:44.650847,339797.832,6292856.651
PI1387,I18,VHSY-10,8888,28,60,2025-11-07 18:37:44.650848,339797.832,6292856.651
PE141,213e,LBTS-79,5810,16,20,2025-11-07 18:37:46.715306,352835.642,6285518.646
PE141,213e,SRVH-19,7670,22,26,2025-11-07 18:37:46.715311,352835.642,6285518.646
PE141,210,LZRB-94,949,0,3,2025-11-07 18:37:46.715312,352835.642,6285518.646
PE141,210,LZRF-11,3349,9,13,2025-11-07 18:37:46.715313,352835.642,6285518.646
PE141,210v,VFPF-61,2160,5,9,2025-11-07 18:37:46.715314,352835.642,6285518.646
PE141,210v,VFPJ-77,4857,13,17,2025-11-07 18:37:46.715315,352835.642,6285518.646
PJ1606,J07,VHZY-50,9901,31,60,2025-11-07 18:37:48.530999,328687.734,6304555.329
PJ1606,J07,VJBC-90,10916,34,60,2025-11-07 18:37:48.531004,328687.734,6304555.329
PI1939,113,FLXY-37,28,0,3,2025-11-07 18:37:50.611970,334908.0,6285647.0
PI1939,113,FLXZ-19,187,0,3,2025-11-07 18:37:50.611976,334908.0,6285647.0
PI910,102,LBTT-22,860,0,3,2025-11-07 18:37:52.666964,342413.226,6296926.451
PI910,210,LZRD-77,741,0,2,2025-11-07 18:37:52.666969,342413.226,6296926.451
PI910,I04,FLXZ-68,0,0,3,2025-11-07 18:37:52.666970,342413.226,6296926.451
PI910,I04,FLXF-64,848,0,3,2025-11-07 18:37:52.666971,342413.226,6296926.451
PI910,I16,FLXF-80,1014,0,3,2025-11-07 18:37:52.666972,342413.226,6296926.451
PI910,I16,FLXJ-53,3071,8,12,2025-11-07 18:37:52.666972,342413.226,6296926.451
PG197,G11,THTG-68,5022,14,18,2025-11-07 18:37:54.727782,347911.999,6287457.497
PG197,G11,THTF-28,6636,19,23,2025-11-07 18:37:54.727788,347911.999,6287457.497
PG197,118,CJRZ-88,443,0,3,2025-11-07 18:37:54.727789,347911.999,6287457.497
PG197,118,FLXX-87,5391,15,19,2025-11-07 18:37:54.727790,347911.999,6287457.497
PG197,211,TBZB-21,273,0,3,2025-11-07 18:37:54.727792,347911.999,6287457.497
PG197,211,TBYY-68,1637,3,7,2025-11-07 18:37:54.727793,347911.999,6287457.497
PB838,B04,SHXD-90,502,0,2,2025-11-07 18:37:58.879900,342834.619,6305657.672
PB838,B26,FLXS-55,650,0,2,2025-11-07 18:37:58.879906,342834.619,6305657.672
PB838,214,GCBB-73,1071,0,3,2025-11-07 18:37:58.879907,342834.619,6305657.672
PB838,214,GCBB-47,1606,3,7,2025-11-07 18:37:58.879908,342834.619,6305657.672
PB838,272,VFHV-67,1813,4,8,2025-11-07 18:37:58.879909,342834.619,6305657.672
PB838,272,VFPD-94,2487,6,10,2025-11-07 18:37:58.879910,342834.619,6305657.672
PB567,B43,SJPC-76,4178,11,15,2025-11-07 18:38:00.662997,336847.2,6307228.75
PB567,B43,SJPC-20,6436,18,22,2025-11-07 18:38:00.663001,336847.2,6307228.75
PB567,307,FLXH-97,1713,3,7,2025-11-07 18:38:00.663003,336847.2,6307228.75
PB567,307,TWPC-64,3646,10,14,2025-11-07 18:38:00.663004,336847.2,6307228.75
PB567,307c,VHTB-45,0,0,3,2025-11-07 18:38:00.663005,336847.2,6307228.75
PB567,307c,TWPD-90,1092,0,3,2025-11-07 18:38:00.663005,336847.2,6307228.75
PB567,B45,VHSX-84,2879,7,11,2025-11-07 18:38:00.663006,336847.2,6307228.75
PB567,B45,VHSZ-40,3432,9,13,2025-11-07 18:38:00.663007,336847.2,6307228.75
PB567,B06,SKDG-81,1780,4,8,2025-11-07 18:38:00.663008,336847.2,6307228.75
PB567,B06,SKDJ-31,2955,7,11,2025-11-07 18:38:00.663009,336847.2,6307228.75
PB567,B21,SKDG-96,291,0,3,2025-11-07 18:38:00.663009,336847.2,6307228.75
PB567,B21,LDTF-42,2108,5,9,2025-11-07 18:38:00.663010,336847.2,6307228.75
PJ1762,J16,TBFW-12,2249,5,9,2025-11-07 18:38:02.832212,341581.621,6299730.179
PJ1762,J16,FLXS-85,5761,16,20,2025-11-07 18:38:02.832217,341581.621,6299730.179
PJ1762,B38,PFXC-48,7250,21,25,2025-11-07 18:38:02.832218,341581.621,6299730.179
PI1661,481,PGPS-92,2607,6,10,2025-11-07 18:38:04.943631,341514.469,6296675.605
PI1661,481,PGPT-32,3309,8,12,2025-11-07 18:38:04.943637,341514.469,6296675.605
PI1661,102,SHCW-63,326,0,3,2025-11-07 18:38:04.943638,341514.469,6296675.605
PI1661,102,LCPW-29,7803,23,27,2025-11-07 18:38:04.943639,341514.469,6296675.605
PI1661,I13,FLXY-15,4086,27,60,2025-11-07 18:38:04.943640,341514.469,6296675.605
PI1661,I13,FLXX-74,5031,32,60,2025-11-07 18:38:04.943641,341514.469,6296675.605
PI1661,I13,FLXG-77,6062,17,21,2025-11-07 18:38:04.943642,341514.469,6296675.605
PI1661,I14,BJFS-53,3968,11,15,2025-11-07 18:38:04.943643,341514.469,6296675.605
PI1661,I14,BJFT-49,7256,21,25,2025-11-07 18:38:04.943644,341514.469,6296675.605
PI663,I01,FLXJ-28,615,0,2,2025-11-07 18:38:06.976549,338850.447,6291966.373
PI663,I01,FLXG-52,2924,7,11,2025-11-07 18:38:06.976554,338850.447,6291966.373
PG1908,G08v,FLXV-26,4446,12,16,2025-11-07 18:38:08.676844,343124.87,6279269.09
PG1908,G08v,FLXV-18,8979,28,60,2025-11-07 18:38:08.676849,343124.87,6279269.09
PJ424,514,FLXX-90,2686,6,10,2025-11-07 18:38:10.722767,335339.179,6298882.122
PC484,C05,LDTF-45,463,0,3,2025-11-07 18:38:12.777184,354530.365,6299857.426
PC484,C05,LWTK-51,1522,3,7,2025-11-07 18:38:12.777189,354530.365,6299857.426
PC484,501,TBFW-54,481,0,2,2025-11-07 18:38:12.777190,354530.365,6299857.426
PC484,501,GCBF-34,1881,4,8,2025-11-07 18:38:12.777191,354530.365,6299857.426
PC484,504,GCBD-54,785,0,2,2025-11-07 18:38:12.777192,354530.365,6299857.426
PC484,504,PFWZ-69,1713,3,7,2025-11-07 18:38:12.777193,354530.365,6299857.426
PC484,518,BJFD-39,0,0,3,2025-11-07 18:38:12.777194,354530.365,6299857.426
PC484,518,FLXD-51,1657,3,7,2025-11-07 18:38:12.777195,354530.365,6299857.426
PC484,D08,SVDF-54,419,0,3,2025-11-07 18:38:12.777196,354530.365,6299857.426
PC484,D08,STWH-39,4395,12,16,2025-11-07 18:38:12.777197,354530.365,6299857.426
PI317,I11,RWRP-39,0,0,3,2025-11-07 18:38:14.855376,333352.21,6285793.364
PI317,I11,RWRP-61,646,0,2,2025-11-07 18:38:14.855381,333352.21,6285793.364
PI317,111,BJFX-29,0,0,3,2025-11-07 18:38:14.855382,333352.21,6285793.364
PI317,111,FLXX-68,3526,9,13,2025-11-07 18:38:14.855383,333352.21,6285793.364
PI317,113,FLXZ-91,3145,8,12,2025-11-07 18:38:14.855384,333352.21,6285793.364
PI317,113,FLXY-27,6451,18,22,2025-11-07 18:38:14.855385,333352.21,6285793.364
PI317,113c,FLXX-67,12253,39,60,2025-11-07 18:38:14.855386,333352.21,6285793.364
PI317,113c,FLXF-47,13067,41,60,2025-11-07 18:38:14.855387,333352.21,6285793.364
PI317,113e,FLXZ-13,1546,3,7,2025-11-07 18:38:14.855387,333352.21,6285793.364
PI317,113e,FLXX-61,4801,13,17,2025-11-07 18:38:14.855388,333352.21,6285793.364
PA591,345,FLXD-71,3266,8,12,2025-11-07 18:38:16.965025,344279.7,6296906.302
PA591,345,FLXJ-11,4540,12,16,2025-11-07 18:38:16.965031,344279.7,6296906.302
PJ141,422,PFWZ-72,1339,0,4,2025-11-07 18:38:18.696191,342374.0,6299144.04
PJ141,422,PFXB-93,1603,3,7,2025-11-07 18:38:18.696197,342374.0,6299144.04
PJ141,402,PFVG-85,2252,5,9,2025-11-07 18:38:18.696198,342374.0,6299144.04
PJ141,402,PFYC-90,3777,10,14,2025-11-07 18:38:18.696199,342374.0,6299144.04
PJ141,406,TBFR-43,1218,0,4,2025-11-07 18:38:18.696200,342374.0,6299144.04
PJ141,406,TBFR-60,1119,0,4,2025-11-07 18:38:18.696201,342374.0,6299144.04
PJ141,426,BJFB-46,1119,0,4,2025-11-07 18:38:18.696202,342374.0,6299144.04
PJ141,426,BJFD-41,1697,3,7,2025-11-07 18:38:18.696203,342374.0,6299144.04
PI743,110,LXWR-78,2504,6,10,2025-11-07 18:38:20.357304,337684.14,6296213.67
PI743,110,LXWR-92,3756,10,14,2025-11-07 18:38:20.357309,337684.14,6296213.67
PI743,111,FLXY-24,6278,18,22,2025-11-07 18:38:20.357310,337684.14,6296213.67
PI743,111,FLXJ-33,6953,20,24,2025-11-07 18:38:20.357311,337684.14,6296213.67
PI743,I02,FLXZ-57,1144,0,4,2025-11-07 18:38:20.357312,337684.14,6296213.67
PI743,I02,FLXY-80,4155,11,15,2025-11-07 18:38:20.357313,337684.14,6296213.67
PI809,I03,FLXF-72,2288,5,9,2025-11-07 18:38:22.417993,334612.439,6288212.171
PI809,I10,FLXG-60,1501,3,7,2025-11-07 18:38:22.417998,334612.439,6288212.171
PJ657,J02,VHXD-95,2648,6,10,2025-11-07 18:38:24.453630,341285.664,6299046.621
PJ657,J02,VHXD-57,6721,19,23,2025-11-07 18:38:24.453635,341285.664,6299046.621
PJ68,110,SRTK-23,1982,4,8,2025-11-07 18:38:26.517564,338204.1,6298399.17
PJ68,110,LXWR-83,2498,6,10,2025-11-07 18:38:26.517569,338204.1,6298399.17
PF206,F01c,SPVW-85,2065,5,9,2025-11-07 18:38:28.553025,355375.55,6279987.4
PF206,F11,SKTZ-90,219,0,3,2025-11-07 18:38:28.553030,355375.55,6279987.4
PF206,F11,SKVB-31,1682,3,7,2025-11-07 18:38:28.553031,355375.55,6279987.4
PI1065,I10,FLXG-10,1074,0,3,2025-11-07 18:38:30.623067,337257.767,6291854.54
PI1065,I10,FLXL-39,1180,0,4,2025-11-07 18:38:30.623072,337257.767,6291854.54
PG198,G11,THTG-68,5465,15,19,2025-11-07 18:38:32.398199,347473.128,6287523.909
PG198,G11,THTF-28,7079,20,24,2025-11-07 18:38:32.398204,347473.128,6287523.909
PG198,118,CJRZ-88,443,0,3,2025-11-07 18:38:32.398205,347473.128,6287523.909
PG198,118,FLXX-87,5803,16,20,2025-11-07 18:38:32.398206,347473.128,6287523.909
PG198,211,TBZB-21,287,0,3,2025-11-07 18:38:32.398207,347473.128,6287523.909
PG198,211,TBYY-68,1758,4,8,2025-11-07 18:38:32.398208,347473.128,6287523.909
PH30,102,LBTT-13,1134,0,4,2025-11-07 18:38:34.443806,347518.85,6291367.26
PH30,102,LCPG-48,1750,4,8,2025-11-07 18:38:34.443811,347518.85,6291367.26
PH30,107,PGBY-53,0,0,3,2025-11-07 18:38:34.443813,347518.85,6291367.26
PH30,107,PGPV-83,4321,12,16,2025-11-07 18:38:34.443814,347518.85,6291367.26
PH30,108,PFVJ-18,354,0,3,2025-11-07 18:38:34.443815,347518.85,6291367.26
PH30,108,PGPT-54,5140,14,18,2025-11-07 18:38:34.443816,347518.85,6291367.26
PG1279,206,FLXZ-76,268,0,3,2025-11-07 18:38:36.526714,347957.436,6283584.933
PG1279,206,FLXX-55,3743,10,14,2025-11-07 18:38:36.526719,347957.436,6283584.933
PG1279,F20,SPZY-81,1757,4,8,2025-11-07 18:38:36.526720,347957.436,6283584.933
PG1279,F20,SRVJ-72,8867,28,60,2025-11-07 18:38:36.526721,347957.436,6283584.933
PG900,233,SHXG-76,1825,4,8,2025-11-07 18:38:38.625265,350054.52,6281634.528
PG900,233,SHXG-67,3494,9,13,2025-11-07 18:38:38.625270,350054.52,6281634.528
PG900,286,SFGY-72,1354,0,4,2025-11-07 18:38:38.625271,350054.52,6281634.528
PG900,286,SDSW-72,13090,41,60,2025-11-07 18:38:38.625272,350054.52,6281634.528
PG900,G13,SHCV-43,2078,5,9,2025-11-07 18:38:38.625273,350054.52,6281634.528
PG900,G13,SCRZ-39,8219,26,60,2025-11-07 18:38:38.625273,350054.52,6281634.528
PG900,G13c,SDSW-48,7055,20,24,2025-11-07 18:38:38.625274,350054.52,6281634.528
PG900,G13c,SJPB-64,9802,31,60,2025-11-07 18:38:38.625275,350054.52,6281634.528
PG900,G16,SDSW-76,4362,12,16,2025-11-07 18:38:38.625276,350054.52,6281634.528
PG900,G16,SFPG-42,7894,23,27,2025-11-07 18:38:38.625277,350054.52,6281634.528
PJ885,514,FLXK-38,3237,8,12,2025-11-07 18:38:42.463831,339876.647,6297045.838
PJ885,514,TBFR-49,4549,12,16,2025-11-07 18:38:42.463836,339876.647,6297045.838
PJ885,412,PFYC-81,2866,7,11,2025-11-07 18:38:42.463837,339876.647,6297045.838
PJ885,412,PFTW-48,4926,14,18,2025-11-07 18:38:42.463838,339876.647,6297045.838
PG1707,105,SJPD-93,1078,0,3,2025-11-07 18:38:46.909074,341942.75,6287796.98
PG1707,105,SHXF-28,1663,3,7,2025-11-07 18:38:46.909080,341942.75,6287796.98
PG1707,105c,LXDJ-18,1935,4,8,2025-11-07 18:38:46.909081,341942.75,6287796.98
PG1707,105c,LXDH-84,7632,22,26,2025-11-07 18:38:46.909082,341942.75,6287796.98
PG1707,G39,SHCV-38,717,0,2,2025-11-07 18:38:46.909083,341942.75,6287796.98
PG1707,G09,SHCV-38,2308,5,9,2025-11-07 18:38:46.909084,341942.75,6287796.98
PG1707,125,FLXF-87,80,0,3,2025-11-07 18:38:46.909085,341942.75,6287796.98
PJ669,J18c,VHZW-70,1689,3,7,2025-11-07 18:38:48.953369,339175.807,6299011.516
PJ669,J18c,VHZX-91,1805,4,8,2025-11-07 18:38:48.953374,339175.807,6299011.516
PJ669,412,LXWP-87,455,0,3,2025-11-07 18:38:48.953375,339175.807,6299011.516
PJ669,412,PFTW-39,2903,7,11,2025-11-07 18:38:48.953376,339175.807,6299011.516
PJ669,J02,VHXD-95,309,0,3,2025-11-07 18:38:48.953377,339175.807,6299011.516
PJ669,J02,VHXJ-10,2569,6,10,2025-11-07 18:38:48.953377,339175.807,6299011.516
PJ669,J18,VHZW-81,1566,3,7,2025-11-07 18:38:48.953378,339175.807,6299011.516
PC1089,C06,LWTK-63,398,0,3,2025-11-07 18:38:50.506464,357789.518,6300854.407
PC1089,C06,SGPY-56,1778,4,8,2025-11-07 18:38:50.506469,357789.518,6300854.407
PH1541,H24,VGRB-24,0,0,3,2025-11-07 18:38:52.592783,347916.16,6294458.32
PH1541,H24,VGRD-35,226,0,3,2025-11-07 18:38:52.592788,347916.16,6294458.32
PJ979,J13,TBFS-41,2358,5,9,2025-11-07 18:38:57.552955,341737.283,6298033.924
PJ979,J13,FLXG-29,4950,14,18,2025-11-07 18:38:57.552960,341737.283,6298033.924
PI860,I03,BJFT-29,5232,15,19,2025-11-07 18:38:59.135185,338612.171,6292088.946
PI860,I03,FLXL-20,6650,19,23,2025-11-07 18:38:59.135191,338612.171,6292088.946
PC1221,D09,SVDB-96,5583,16,20,2025-11-07 18:39:01.739148,349406.0,6299925.92
PC1221,D09,SVDD-59,9220,29,60,2025-11-07 18:39:01.739153,349406.0,6299925.92
PC1221,126,FLXD-68,2908,7,11,2025-11-07 18:39:01.739154,349406.0,6299925.92
PC1221,126,CJRW-60,5531,15,19,2025-11-07 18:39:01.739155,349406.0,6299925.92
PB1933,B11,SKDH-78,712,0,2,2025-11-07 18:39:04.409440,337755.133,6307248.692
PB1933,B11,SGPY-90,10696,34,60,2025-11-07 18:39:04.409445,337755.133,6307248.692
PB1933,308,FLXH-38,199,0,3,2025-11-07 18:39:04.409446,337755.133,6307248.692
PB1933,308,FLXJ-90,2297,5,9,2025-11-07 18:39:04.409447,337755.133,6307248.692
PB1933,308c,FLXL-10,813,0,3,2025-11-07 18:39:04.409448,337755.133,6307248.692
PB1933,308c,VHTB-46,2032,4,8,2025-11-07 18:39:04.409449,337755.133,6307248.692
PF1110,207,VJYW-75,719,0,2,2025-11-07 18:39:06.770582,349324.06,6277287.34
PF1110,207c,VJXV-59,843,0,3,2025-11-07 18:39:06.770588,349324.06,6277287.34
PI636,D18,SVDF-43,1352,0,4,2025-11-07 18:39:09.102391,350456.839,6298130.474
PF910,F03c,SHCX-60,1208,0,4,2025-11-07 18:39:11.754147,349187.686,6279695.16
PF910,F03c,SHXD-82,5075,14,18,2025-11-07 18:39:11.754152,349187.686,6279695.16
PJ864,J08,PFXC-70,189,0,3,2025-11-07 18:39:15.652695,339107.524,6297248.656
PJ864,J08,FLXW-27,2676,6,10,2025-11-07 18:39:15.652700,339107.524,6297248.656
PD704,514,FLXV-87,2137,5,9,2025-11-07 18:39:19.142695,353016.64,6295681.926
PD704,514,TBFW-35,4360,12,16,2025-11-07 18:39:19.142700,353016.64,6295681.926
PH259,227,VFRF-15,2000,4,8,2025-11-07 18:39:24.915595,344750.769,6290849.774
PH259,321,CJRY-62,1306,0,4,2025-11-07 18:39:24.915601,344750.769,6290849.774
PH259,321,BJFW-18,5562,16,20,2025-11-07 18:39:24.915602,344750.769,6290849.774
PH259,H03,CJRW-50,0,0,3,2025-11-07 18:39:24.915603,344750.769,6290849.774
PH259,H03,CJRW-47,2989,7,11,2025-11-07 18:39:24.915604,344750.769,6290849.774
PH259,H05,VFPJ-53,3903,10,14,2025-11-07 18:39:24.915605,344750.769,6290849.774
PH259,H07,CJRW-30,878,0,3,2025-11-07 18:39:24.915606,344750.769,6290849.774
PH259,H07,CJRX-42,2471,6,10,2025-11-07 18:39:24.915607,344750.769,6290849.774
PH259,H08,CJRZ-75,878,0,3,2025-11-07 18:39:24.915608,344750.769,6290849.774
PH259,H08,BJFS-75,5158,14,18,2025-11-07 18:39:24.915609,344750.769,6290849.774
PH259,348,VHSY-21,4826,13,17,2025-11-07 18:39:24.915610,344750.769,6290849.774
PH259,348,VHTB-60,5531,15,19,2025-11-07 18:39:24.915611,344750.769,6290849.774
PH259,I05,VHSY-24,1531,3,7,2025-11-07 18:39:24.915612,344750.769,6290849.774
PH259,I05,VHSY-17,4181,11,15,2025-11-07 18:39:24.915613,344750.769,6290849.774
PI1309,I25,FLXL-30,4317,12,16,2025-11-07 18:39:31.093908,340658.923,6293174.947
PI1309,I25,FLXL-72,5358,15,19,2025-11-07 18:39:31.093914,340658.923,6293174.947
PI1309,I18,VHSY-42,3132,8,12,2025-11-07 18:39:31.093915,340658.923,6293174.947
PI1309,I18,VHSY-10,9917,31,60,2025-11-07 18:39:31.093916,340658.923,6293174.947
PH88,H07,CJRY-86,0,0,3,2025-11-07 18:39:51.256563,343207.739,6292243.757
PH88,H07,CJRX-60,3521,9,13,2025-11-07 18:39:51.256568,343207.739,6292243.757
PH88,H12,CJRZ-62,2652,6,10,2025-11-07 18:39:51.256569,343207.739,6292243.757
PH88,H12,FLXD-73,5489,15,19,2025-11-07 18:39:51.256570,343207.739,6292243.757
PH88,H24,VGRC-73,1882,4,8,2025-11-07 18:39:51.256571,343207.739,6292243.757
PH88,105,SHCY-17,0,0,3,2025-11-07 18:39:51.256572,343207.739,6292243.757
PH88,105,SJPD-92,3310,8,12,2025-11-07 18:39:51.256573,343207.739,6292243.757
PH88,105c,LXDJ-14,5382,15,19,2025-11-07 18:39:51.256574,343207.739,6292243.757
PH88,120,TXZH-37,2649,6,10,2025-11-07 18:39:51.256575,343207.739,6292243.757
PH88,125,BJFW-74,4235,11,15,2025-11-07 18:39:51.256576,343207.739,6292243.757
PH88,125,FLXF-87,6122,17,21,2025-11-07 18:39:51.256577,343207.739,6292243.757
PG1376,G08,THTD-15,2430,6,10,2025-11-07 18:39:57.823623,343472.24,6282316.86
PG1376,G08,THTG-73,6955,20,24,2025-11-07 18:39:57.823628,343472.24,6282316.86
PF792,F16,SPRY-91,216,0,3,2025-11-07 18:40:00.157302,352989.926,6278921.229
PF792,F16,SPRY-75,1471,3,7,2025-11-07 18:40:00.157308,352989.926,6278921.229
PJ378,514,FLXW-59,1567,3,7,2025-11-07 18:40:04.303729,335396.658,6299329.338
PJ378,514,FLXS-65,1723,3,7,2025-11-07 18:40:04.303734,335396.658,6299329.338
PJ378,407,GCBD-47,1070,0,3,2025-11-07 18:40:04.303735,335396.658,6299329.338
PJ378,407,GCBC-62,1311,0,4,2025-11-07 18:40:04.303736,335396.658,6299329.338
PJ378,504,TBFT-46,1022,7,11,2025-11-07 18:40:04.303736,335396.658,6299329.338
PJ378,504,TBFW-11,3444,26,60,2025-11-07 18:40:04.303737,335396.658,6299329.338
PC819,C09,SKPJ-44,2553,6,10,2025-11-07 18:40:08.103756,359188.695,6302860.432
PC819,C09,LDTF-44,6541,19,23,2025-11-07 18:40:08.103759,359188.695,6302860.432
PG1748,233,SCRZ-12,420,0,3,2025-11-07 18:40:10.216813,349410.021,6281953.535
PG1748,233,SHXG-67,2267,5,9,2025-11-07 18:40:10.216819,349410.021,6281953.535
PG1748,F06,SPZY-79,278,0,3,2025-11-07 18:40:10.216821,349410.021,6281953.535
PG1748,F06,SPZY-54,6205,18,22,2025-11-07 18:40:10.216822,349410.021,6281953.535
PG1748,G23,SFWB-68,278,0,3,2025-11-07 18:40:10.216823,349410.021,6281953.535
PB565,B21,LDTF-42,1071,0,3,2025-11-07 18:40:12.376233,337334.929,6307364.173
PB565,B21,SKDJ-87,8214,26,60,2025-11-07 18:40:12.376238,337334.929,6307364.173
PB565,B43,SJPC-76,3153,8,12,2025-11-07 18:40:12.376239,337334.929,6307364.173
PB565,B43,SJPC-20,5374,15,19,2025-11-07 18:40:12.376240,337334.929,6307364.173
PB565,307,FLXH-97,979,0,3,2025-11-07 18:40:12.376241,337334.929,6307364.173
PB565,307,FLXJ-98,1686,3,7,2025-11-07 18:40:12.376241,337334.929,6307364.173
PB565,307c,TWPD-90,0,0,3,2025-11-07 18:40:12.376242,337334.929,6307364.173
PB565,307c,TWPD-67,1558,3,7,2025-11-07 18:40:12.376243,337334.929,6307364.173
PB565,B45,VHSX-84,2270,5,9,2025-11-07 18:40:12.376244,337334.929,6307364.173
PB565,B45,VHSZ-40,2520,6,10,2025-11-07 18:40:12.376245,337334.929,6307364.173
PA218,201,GCBB-25,1423,0,4,2025-11-07 18:40:14.777927,346074.3,6298412.96
PA218,201,GCBB-79,2439,6,10,2025-11-07 18:40:14.777932,346074.3,6298412.96
PA218,509,CJRY-63,1528,3,7,2025-11-07 18:40:14.777934,346074.3,6298412.96
PA218,509,FLXX-41,1439,3,7,2025-11-07 18:40:14.777935,346074.3,6298412.96
PA218,271,TBYY-62,427,0,3,2025-11-07 18:40:14.777936,346074.3,6298412.96
PA218,271,TBZB-20,262,0,3,2025-11-07 18:40:14.777937,346074.3,6298412.96
PI946,I24,VHSZ-45,1172,0,4,2025-11-07 18:40:16.813222,330522.413,6291780.849
PI946,I24,VHSY-15,2228,5,9,2025-11-07 18:40:16.813227,330522.413,6291780.849
PF936,F25,SRVF-81,2605,6,10,2025-11-07 18:40:18.878897,353823.077,6285070.049
PF936,F25,LBTS-81,7898,23,27,2025-11-07 18:40:18.878903,353823.077,6285070.049
PA472,510,FLXV-46,5629,16,20,2025-11-07 18:40:20.990627,345534.2,6297600.59
PA472,510,PFWZ-54,6189,18,22,2025-11-07 18:40:20.990633,345534.2,6297600.59
PA262,214,GCBB-32,481,0,2,2025-11-07 18:40:23.093732,346519.71,6299141.6
PA262,214,GCBB-98,929,0,3,2025-11-07 18:40:23.093738,346519.71,6299141.6
PA262,307,VHTB-21,263,0,3,2025-11-07 18:40:23.093740,346519.71,6299141.6
PA262,307,VHSZ-50,2894,7,11,2025-11-07 18:40:23.093742,346519.71,6299141.6
PA262,314,TWPD-44,2328,5,9,2025-11-07 18:40:23.093743,346519.71,6299141.6
PA262,314,TWPD-85,2111,5,9,2025-11-07 18:40:23.093745,346519.71,6299141.6
PG1182,G13,SHCV-30,1087,0,3,2025-11-07 18:40:25.197492,348342.884,6282621.951
PG1182,G13,SHCV-36,2312,5,9,2025-11-07 18:40:25.197497,348342.884,6282621.951
PG1182,G23,SFWZ-85,988,0,3,2025-11-07 18:40:25.197498,348342.884,6282621.951
PG1182,G23,SFWB-68,2423,6,10,2025-11-07 18:40:25.197498,348342.884,6282621.951
PE669,E10,BJFT-69,5372,15,19,2025-11-07 18:40:27.235420,349338.596,6288556.468
PE669,E10,BJFZ-57,6323,18,22,2025-11-07 18:40:27.235426,349338.596,6288556.468
PE1502,D17,PFYC-18,2944,7,11,2025-11-07 18:40:29.282599,358113.868,6290613.606
PE1502,D17,PFZK-89,3427,9,13,2025-11-07 18:40:29.282605,358113.868,6290613.606
PI66,120,SKHF-91,1551,3,7,2025-11-07 18:40:31.355425,342736.759,6297407.291
PI66,120,SKHG-17,2191,5,9,2025-11-07 18:40:31.355431,342736.759,6297407.291
PI66,407,TBFW-88,2375,6,10,2025-11-07 18:40:31.355433,342736.759,6297407.291
PI66,407,GCBC-61,5154,14,18,2025-11-07 18:40:31.355434,342736.759,6297407.291
PI66,105,SJPD-91,742,0,2,2025-11-07 18:40:31.355435,342736.759,6297407.291
PI66,105,SHXG-32,2241,5,9,2025-11-07 18:40:31.355436,342736.759,6297407.291
PJ945,J11,FLXT-62,6307,18,22,2025-11-07 18:40:33.324827,330491.973,6297170.271
PA117,234,VJLL-65,642,0,2,2025-11-07 18:40:34.887049,347345.002,6297912.818
PJ1931,B09,SHCY-11,9012,28,60,2025-11-07 18:40:37.010961,341530.12,6302093.74
PJ1931,B09,SHCY-39,9743,31,60,2025-11-07 18:40:37.010966,341530.12,6302093.74
PJ1931,B28,SPZX-56,3834,10,14,2025-11-07 18:40:37.010967,341530.12,6302093.74
PJ1931,B28,STHF-35,8556,27,60,2025-11-07 18:40:37.010968,341530.12,6302093.74
PJ1931,J08,FLXS-95,2724,7,11,2025-11-07 18:40:37.010969,341530.12,6302093.74
PJ1931,J08,TBFT-39,6965,20,24,2025-11-07 18:40:37.010970,341530.12,6302093.74
PC1258,307,FLXK-57,1923,4,8,2025-11-07 18:40:39.440635,357060.0,6305449.0
PC1258,307,TWPC-64,4673,13,17,2025-11-07 18:40:39.440640,357060.0,6305449.0
PC1258,314,TWPD-56,5388,15,19,2025-11-07 18:40:39.440642,357060.0,6305449.0
PC1258,314,VHSY-36,5802,16,20,2025-11-07 18:40:39.440643,357060.0,6305449.0
PC1258,303,FLXF-68,1126,0,4,2025-11-07 18:40:39.440644,357060.0,6305449.0
PC1258,303,FLXF-83,4034,11,15,2025-11-07 18:40:39.440645,357060.0,6305449.0
PI303,I04c,FLXF-90,1916,4,8,2025-11-07 18:40:40.977872,335193.925,6287487.054
PI303,I11,FLXZ-21,2166,5,9,2025-11-07 18:40:40.977877,335193.925,6287487.054
PI303,I11,RWRP-81,3662,10,14,2025-11-07 18:40:40.977878,335193.925,6287487.054
PI303,506v,GCBD-98,1069,0,3,2025-11-07 18:40:40.977879,335193.925,6287487.054
PI303,506v,TBFP-92,1269,0,4,2025-11-07 18:40:40.977880,335193.925,6287487.054
PI303,111,FLXZ-66,994,0,3,2025-11-07 18:40:40.977881,335193.925,6287487.054
PI303,111,FLXX-68,2005,4,8,2025-11-07 18:40:40.977881,335193.925,6287487.054
PI303,I35,SHXG-68,1161,0,4,2025-11-07 18:40:40.977882,335193.925,6287487.054
PI303,I35,SFGY-20,1905,4,8,2025-11-07 18:40:40.977883,335193.925,6287487.054
PI303,113c,FLXX-67,8793,28,60,2025-11-07 18:40:40.977884,335193.925,6287487.054
PI303,113c,FLXF-47,10656,34,60,2025-11-07 18:40:40.977884,335193.925,6287487.054
PI303,113e,BJFV-99,2697,7,11,2025-11-07 18:40:40.977885,335193.925,6287487.054
PI303,113e,FLXX-63,3969,11,15,2025-11-07 18:40:40.977886,335193.925,6287487.054
PI303,I04,FLXF-66,387,0,3,2025-11-07 18:40:40.977887,335193.925,6287487.054
PI303,I04,FLXD-79,1161,0,4,2025-11-07 18:40:40.977888,335193.925,6287487.054
PI303,115,GCBF-21,3511,9,13,2025-11-07 18:40:40.977889,335193.925,6287487.054
PI303,115,GCBD-60,8458,27,60,2025-11-07 18:40:40.977889,335193.925,6287487.054
PI303,115c,TBFR-31,1187,0,4,2025-11-07 18:40:40.977890,335193.925,6287487.054
PI303,115c,TBFV-17,9280,29,60,2025-11-07 18:40:40.977891,335193.925,6287487.054
PI303,113,FLXY-27,3651,10,14,2025-11-07 18:40:40.977892,335193.925,6287487.054
PI303,113,FLXX-98,7762,23,27,2025-11-07 18:40:40.977893,335193.925,6287487.054
PE568,F25,TXZH-42,0,0,3,2025-11-07 18:40:43.043657,352903.208,6287561.911
PE568,F25,SRVF-81,5078,14,18,2025-11-07 18:40:43.043662,352903.208,6287561.911
PE568,E08,VKJX-73,1255,0,4,2025-11-07 18:40:43.043663,352903.208,6287561.911
PE568,E08,VKJX-70,4115,11,15,2025-11-07 18:40:43.043664,352903.208,6287561.911
PB1384,B19,SHCY-56,1832,4,8,2025-11-07 18:40:45.566380,343074.159,6306681.812
PE632,E13,VFJD-82,2265,5,9,2025-11-07 18:40:49.783890,350414.615,6285604.636
PE632,E13,VFKV-81,4907,13,17,2025-11-07 18:40:49.783895,350414.615,6285604.636
PE632,E16,VFJS-19,379,0,3,2025-11-07 18:40:49.783897,350414.615,6285604.636
PE632,E16,VFJS-45,2629,6,10,2025-11-07 18:40:49.783898,350414.615,6285604.636
PE632,F05,SPZY-71,99,0,3,2025-11-07 18:40:49.783898,350414.615,6285604.636
PE632,F05,SPZX-69,3164,8,12,2025-11-07 18:40:49.783899,350414.615,6285604.636
PE632,E09,VKJY-26,2592,6,10,2025-11-07 18:40:49.783900,350414.615,6285604.636
PE632,E09,VKJZ-32,2592,6,10,2025-11-07 18:40:49.783901,350414.615,6285604.636
PE632,E11,VKJY-65,208,0,3,2025-11-07 18:40:49.783902,350414.615,6285604.636
PE632,E11,VKJX-31,1581,3,7,2025-11-07 18:40:49.783903,350414.615,6285604.636
PD1112,D11,SPCK-65,612,0,2,2025-11-07 18:40:51.877499,358403.703,6295817.468
PD1112,D11,SVDD-99,1082,0,3,2025-11-07 18:40:51.877505,358403.703,6295817.468
PB1879,B05,SKPR-99,1321,0,4,2025-11-07 18:40:55.569480,343586.4,6307192.5
PB1879,B05,SPCG-99,4506,12,16,2025-11-07 18:40:55.569484,343586.4,6307192.5
PG69,201,GCBB-77,2642,6,10,2025-11-07 18:40:57.679424,346014.11,6290386.06
PG69,201,GCBB-89,2716,7,11,2025-11-07 18:40:57.679428,346014.11,6290386.06
PG69,301,BJFT-18,58,0,3,2025-11-07 18:40:57.679430,346014.11,6290386.06
PG69,301,BJFW-86,0,0,3,2025-11-07 18:40:57.679430,346014.11,6290386.06
PG69,229,VJKX-78,0,0,3,2025-11-07 18:40:57.679431,346014.11,6290386.06
PG69,229,SFVZ-86,2396,6,10,2025-11-07 18:40:57.679432,346014.11,6290386.06
PG69,271,FLXX-31,200,0,3,2025-11-07 18:40:57.679433,346014.11,6290386.06
PG69,271,TBLT-54,2600,6,10,2025-11-07 18:40:57.679434,346014.11,6290386.06
PG69,223,SCRZ-24,3543,9,13,2025-11-07 18:40:57.679435,346014.11,6290386.06
PG69,223,SHCX-12,3773,10,14,2025-11-07 18:40:57.679435,346014.11,6290386.06
PI306,111,FLXZ-66,3281,8,12,2025-11-07 18:40:59.957632,333643.456,6286158.574
PI306,111,FLXX-68,3954,10,14,2025-11-07 18:40:59.957637,333643.456,6286158.574
PI306,I35,SHXG-68,3080,8,12,2025-11-07 18:40:59.957638,333643.456,6286158.574
PI306,I35,SFGY-20,3854,10,14,2025-11-07 18:40:59.957639,333643.456,6286158.574
PI306,113,FLXZ-91,1639,3,7,2025-11-07 18:40:59.957640,333643.456,6286158.574
PI306,113,FLXY-27,5601,16,20,2025-11-07 18:40:59.957641,333643.456,6286158.574
PI306,113c,FLXX-67,10743,34,60,2025-11-07 18:40:59.957642,333643.456,6286158.574
PI306,113c,FLXF-47,12605,40,60,2025-11-07 18:40:59.957643,333643.456,6286158.574
PI306,I11,RWRP-74,1148,0,4,2025-11-07 18:40:59.957644,333643.456,6286158.574
PI306,I11,FLXZ-21,4115,11,15,2025-11-07 18:40:59.957645,333643.456,6286158.574
PE1386,E16,VJWY-71,3176,8,12,2025-11-07 18:41:02.541910,350133.047,6286085.702
PE1386,E16,VFJK-31,4311,12,16,2025-11-07 18:41:02.541915,350133.047,6286085.702
PE1386,286,SDSW-72,2470,6,10,2025-11-07 18:41:02.541916,350133.047,6286085.702
PE1386,286,SHCV-33,12520,40,60,2025-11-07 18:41:02.541917,350133.047,6286085.702
PE1386,F05,SPZX-68,158,0,3,2025-11-07 18:41:02.541918,350133.047,6286085.702
PE1386,F05,SPZY-13,3182,8,12,2025-11-07 18:41:02.541919,350133.047,6286085.702
PE1386,E18,BJFV-33,2858,7,11,2025-11-07 18:41:02.541920,350133.047,6286085.702
PE1386,E18,CJRB-44,3621,9,13,2025-11-07 18:41:02.541921,350133.047,6286085.702
PE1386,E11,VKJX-50,2304,5,9,2025-11-07 18:41:02.541922,350133.047,6286085.702
PE1386,E11,VKJX-60,2645,6,10,2025-11-07 18:41:02.541923,350133.047,6286085.702
PI1646,481,PFVC-50,3766,10,14,2025-11-07 18:41:04.751365,338931.895,6291696.867
PI1646,481,PFYR-72,7805,23,27,2025-11-07 18:41:04.751371,338931.895,6291696.867
PJ915,514,FLXV-73,1078,0,3,2025-11-07 18:41:06.963599,342309.941,6298053.495
PJ915,514,GCBD-23,999,0,3,2025-11-07 18:41:06.963605,342309.941,6298053.495
PJ915,J19,VGTX-21,7386,21,25,2025-11-07 18:41:06.963606,342309.941,6298053.495
PJ915,J19,VGVF-48,9115,29,60,2025-11-07 18:41:06.963607,342309.941,6298053.495
PJ149,486,LXWP-75,0,0,3,2025-11-07 18:41:08.677681,339764.437,6298136.23
PJ149,486,LXWP-72,2550,6,10,2025-11-07 18:41:08.677686,339764.437,6298136.23
PJ149,406,TBFX-16,1933,4,8,2025-11-07 18:41:08.677687,339764.437,6298136.23
PJ149,406,TBFW-46,1838,4,8,2025-11-07 18:41:08.677688,339764.437,6298136.23
PJ149,407,PFXC-77,779,0,2,2025-11-07 18:41:08.677689,339764.437,6298136.23
PJ149,407,PFXB-17,2063,5,9,2025-11-07 18:41:08.677689,339764.437,6298136.23
PJ149,426,BJFD-59,2307,5,9,2025-11-07 18:41:08.677690,339764.437,6298136.23
PJ149,426,BJFB-46,3673,10,14,2025-11-07 18:41:08.677691,339764.437,6298136.23
PJ149,422,PFWZ-72,3358,9,13,2025-11-07 18:41:08.677692,339764.437,6298136.23
PJ149,422,TBFV-99,3694,10,14,2025-11-07 18:41:08.677693,339764.437,6298136.23
PJ149,402,SKPL-36,437,0,3,2025-11-07 18:41:08.677694,339764.437,6298136.23
PJ149,402,PFVG-85,4603,13,17,2025-11-07 18:41:08.677694,339764.437,6298136.23
PD1301,D10,SVDF-61,2632,6,10,2025-11-07 18:41:10.765547,351958.607,6293114.898
PD1301,D10,SVDF-77,3185,8,12,2025-11-07 18:41:10.765552,351958.607,6293114.898
PG1058,G39,SHXG-63,2196,5,9,2025-11-07 18:41:12.978177,342049.149,6284608.173
PG1058,G09,SFGY-24,568,0,2,2025-11-07 18:41:12.978182,342049.149,6284608.173
PG1058,G09,SHCV-40,1929,4,8,2025-11-07 18:41:12.978183,342049.149,6284608.173
PC568,514c,FLXS-64,650,0,2,2025-11-07 18:41:15.056920,349210.78,6297887.64
PC568,505,VHZW-41,249,0,3,2025-11-07 18:41:15.056925,349210.78,6297887.64
PC568,505,VHZV-81,1091,0,3,2025-11-07 18:41:15.056926,349210.78,6297887.64
PC568,508,TBFX-18,650,0,2,2025-11-07 18:41:15.056927,349210.78,6297887.64
PC568,508,TBFS-31,939,0,3,2025-11-07 18:41:15.056928,349210.78,6297887.64
PC568,514,FLXS-91,3155,8,12,2025-11-07 18:41:15.056929,349210.78,6297887.64
PC568,514,FLXW-56,4741,13,17,2025-11-07 18:41:15.056930,349210.78,6297887.64
PG1262,G15,THTH-33,1385,0,4,2025-11-07 18:41:17.169662,347338.444,6284984.178
PG1262,G15,THTD-94,4177,11,15,2025-11-07 18:41:17.169667,347338.444,6284984.178
PF264,F12,LBTS-89,2907,7,11,2025-11-07 18:41:19.287047,353956.486,6279207.829
PF264,F12,LBTS-87,5786,16,20,2025-11-07 18:41:19.287053,353956.486,6279207.829
PF264,124,LCPG-39,1169,0,4,2025-11-07 18:41:19.287055,353956.486,6279207.829
PF264,124,LCPG-49,3937,10,14,2025-11-07 18:41:19.287056,353956.486,6279207.829
PC502,501,GCBD-21,1623,3,7,2025-11-07 18:41:21.363120,348564.0,6298482.97
PC502,501,GCBD-17,1623,3,7,2025-11-07 18:41:21.363125,348564.0,6298482.97
PC502,504,TBFV-98,2740,7,11,2025-11-07 18:41:21.363126,348564.0,6298482.97
PC502,504,PFXB-25,3144,8,12,2025-11-07 18:41:21.363127,348564.0,6298482.97
PC502,518,FLXG-24,295,0,3,2025-11-07 18:41:21.363128,348564.0,6298482.97
PC502,518,TBFX-70,2740,7,11,2025-11-07 18:41:21.363129,348564.0,6298482.97
PC502,D18,SVDF-29,3,0,3,2025-11-07 18:41:21.363130,348564.0,6298482.97
PC502,D18,SVDC-42,186,0,3,2025-11-07 18:41:21.363131,348564.0,6298482.97
PD493,510,TBFR-50,5554,16,20,2025-11-07 18:41:23.538462,356456.151,6295416.935
PD493,510,TBFR-23,9542,30,60,2025-11-07 18:41:23.538465,356456.151,6295416.935
PD493,516,PFWZ-80,8796,28,60,2025-11-07 18:41:23.538466,356456.151,6295416.935
PD493,516,GCBD-16,9314,29,60,2025-11-07 18:41:23.538467,356456.151,6295416.935
PD493,D03,SVDC-75,1584,3,7,2025-11-07 18:41:23.538468,356456.151,6295416.935
PD493,D03,SVDD-96,3673,10,14,2025-11-07 18:41:23.538469,356456.151,6295416.935
PD493,D03c,SVDD-40,6062,17,21,2025-11-07 18:41:23.538470,356456.151,6295416.935
PD493,D03c,SVDC-91,7978,23,27,2025-11-07 18:41:23.538471,356456.151,6295416.935
PD493,D10,SVDC-25,3467,9,13,2025-11-07 18:41:23.538472,356456.151,6295416.935
PD493,D10,SVDD-46,4348,12,16,2025-11-07 18:41:23.538473,356456.151,6295416.935
PD493,505,LXWS-31,2277,5,9,2025-11-07 18:41:23.538473,356456.151,6295416.935
PD493,505,VJJR-39,2384,6,10,2025-11-07 18:41:23.538474,356456.151,6295416.935
PB1722,B27,FLXT-75,1635,3,7,2025-11-07 18:41:25.615157,344838.262,6304007.388
PB1722,B27,FLXS-25,2235,5,9,2025-11-07 18:41:25.615163,344838.262,6304007.388
PE847,226,VFPW-73,174,0,3,2025-11-07 18:41:27.663756,352757.403,6285829.418
PE847,226,VFPZ-56,2390,6,10,2025-11-07 18:41:27.663762,352757.403,6285829.418
PE847,E02,VKJY-74,4527,12,16,2025-11-07 18:41:27.663763,352757.403,6285829.418
PE847,E02,VKJY-12,5490,15,19,2025-11-07 18:41:27.663764,352757.403,6285829.418
