bus_stop_code,route_id,bus_id,meters_distance,min_arrival_time,max_arrival_time,date,X,Y
PF903,F33,LBTT-16,1568,3,7,2025-11-06 10:00:04.646560,351258.974,6279260.908
PF903,F33,SPZY-68,4092,11,15,2025-11-06 10:00:04.646567,351258.974,6279260.908
PI228,I26,PFYS-25,772,0,2,2025-11-06 10:00:08.058928,336987.82,6290733.94
PI228,I26,PFYS-24,2335,5,9,2025-11-06 10:00:08.058932,336987.82,6290733.94
PI228,348,VHSY-33,1181,0,4,2025-11-06 10:00:08.058933,336987.82,6290733.94
PI228,348,FLXZ-37,6247,18,22,2025-11-06 10:00:08.058934,336987.82,6290733.94
PI228,I01,FLXJ-17,4834,13,17,2025-11-06 10:00:08.058935,336987.82,6290733.94
PI228,I01,FLXL-47,7362,21,25,2025-11-06 10:00:08.058936,336987.82,6290733.94
PI228,I02,FLXY-76,0,0,3,2025-11-06 10:00:08.058937,336987.82,6290733.94
PI228,I02,FLXZ-33,0,0,3,2025-11-06 10:00:08.058937,336987.82,6290733.94
PI228,I04,FLXD-90,306,0,3,2025-11-06 10:00:08.058938,336987.82,6290733.94
PI228,I04,FLXZ-72,666,0,2,2025-11-06 10:00:08.058939,336987.82,6290733.94
PI228,I05,FLXZ-42,4160,11,15,2025-11-06 10:00:08.058940,336987.82,6290733.94
PI228,I05,VHSY-14,9099,29,60,2025-11-06 10:00:08.058941,336987.82,6290733.94
PI228,I18,VHTB-57,0,0,3,2025-11-06 10:00:08.058941,336987.82,6290733.94
PI228,I18,VHTB-77,6164,17,21,2025-11-06 10:00:08.058942,336987.82,6290733.94
PI21,101,PFVJ-11,1611,3,7,2025-11-06 10:00:09.874197,341121.833,6291878.848
PI21,101,PGRR-78,5278,15,19,2025-11-06 10:00:09.874203,341121.833,6291878.848
PI21,481,PGPT-53,1117,0,4,2025-11-06 10:00:09.874205,341121.833,6291878.848
PI21,481,PFVG-58,7038,20,24,2025-11-06 10:00:09.874206,341121.833,6291878.848
PI21,I04,FLXZ-61,1679,3,7,2025-11-06 10:00:09.874207,341121.833,6291878.848
PI21,I04,FLXZ-67,1977,4,8,2025-11-06 10:00:09.874208,341121.833,6291878.848
PI1503,I20,FLXL-29,1269,0,4,2025-11-06 10:00:11.868847,338698.756,6292386.016
PI1503,I20,FLXK-74,2579,6,10,2025-11-06 10:00:11.868852,338698.756,6292386.016
PD553,507,GCBD-38,0,0,3,2025-11-06 10:00:13.908307,353519.68,6295592.826
PD553,507,GCBD-22,3252,8,12,2025-11-06 10:00:13.908312,353519.68,6295592.826
PD553,510,GCBC-80,2086,5,9,2025-11-06 10:00:13.908314,353519.68,6295592.826
PD553,519,RKXL-31,3583,9,13,2025-11-06 10:00:13.908315,353519.68,6295592.826
PD553,516,TBFT-39,828,0,3,2025-11-06 10:00:13.908316,353519.68,6295592.826
PD553,516,TBFX-19,2389,6,10,2025-11-06 10:00:13.908317,353519.68,6295592.826
PD553,506,TBFX-72,0,0,3,2025-11-06 10:00:13.908318,353519.68,6295592.826
PD553,506,TBFT-67,3583,9,13,2025-11-06 10:00:13.908319,353519.68,6295592.826
PD553,506e,LXWS-41,4946,14,18,2025-11-06 10:00:13.908320,353519.68,6295592.826
PD553,506v,TBFW-24,2817,7,11,2025-11-06 10:00:13.908321,353519.68,6295592.826
PG143,216,LZRB-88,641,0,2,2025-11-06 10:00:15.946044,347970.666,6283617.197
PG143,216,LXWT-86,918,0,3,2025-11-06 10:00:15.946050,347970.666,6283617.197
PB365,B12,SKDJ-78,3788,10,14,2025-11-06 10:00:17.970903,344873.914,6304951.53
PB365,B12,SPCG-81,7952,23,27,2025-11-06 10:00:17.970909,344873.914,6304951.53
PB365,B22,SKPS-32,1286,0,4,2025-11-06 10:00:17.970911,344873.914,6304951.53
PB365,B22,SKPS-10,4647,13,17,2025-11-06 10:00:17.970913,344873.914,6304951.53
PB365,272,VFHW-51,277,0,3,2025-11-06 10:00:17.970914,344873.914,6304951.53
PB365,272,VFHW-63,1106,0,3,2025-11-06 10:00:17.970916,344873.914,6304951.53
PI814,I03,FLXJ-26,2405,6,10,2025-11-06 10:00:19.959523,335511.809,6290439.375
PI814,I03,FLXF-48,4611,13,17,2025-11-06 10:00:19.959527,335511.809,6290439.375
PC570,505,VHZW-61,993,0,3,2025-11-06 10:00:21.992770,349194.75,6299096.56
PC570,505,VHZX-60,853,0,3,2025-11-06 10:00:21.992774,349194.75,6299096.56
PC570,508,FLXX-79,470,0,3,2025-11-06 10:00:21.992775,349194.75,6299096.56
PC570,508,FLXV-65,3571,9,13,2025-11-06 10:00:21.992776,349194.75,6299096.56
PC570,514,FLXX-90,324,0,3,2025-11-06 10:00:21.992777,349194.75,6299096.56
PC570,514,GCBD-31,2525,6,10,2025-11-06 10:00:21.992778,349194.75,6299096.56
PJ1564,J16,FLXG-37,4087,11,15,2025-11-06 10:00:24.771258,341975.56,6300487.98
PJ1564,J16,FLXS-67,4186,11,15,2025-11-06 10:00:24.771264,341975.56,6300487.98
PH80,105,SJPD-89,975,0,3,2025-11-06 10:00:26.895007,342767.534,6290427.763
PH80,105,SJPC-36,2490,6,10,2025-11-06 10:00:26.895012,342767.534,6290427.763
PH80,105c,LXDJ-14,666,0,2,2025-11-06 10:00:26.895013,342767.534,6290427.763
PH80,120,SKHG-39,1019,0,3,2025-11-06 10:00:26.895014,342767.534,6290427.763
PH80,120,SKHG-40,2690,6,10,2025-11-06 10:00:26.895014,342767.534,6290427.763
PH80,125,FLXF-95,2114,5,9,2025-11-06 10:00:26.895016,342767.534,6290427.763
PH80,H03,FLXR-59,3077,8,12,2025-11-06 10:00:26.895017,342767.534,6290427.763
PH80,345,FLXD-73,1566,3,7,2025-11-06 10:00:26.895018,342767.534,6290427.763
PE192,244,SFVZ-49,4610,13,17,2025-11-06 10:00:29.014505,351328.883,6288215.695
PE192,244,SFWZ-49,10415,33,60,2025-11-06 10:00:29.014510,351328.883,6288215.695
PE192,224,VFRB-67,814,0,3,2025-11-06 10:00:29.014511,351328.883,6288215.695
PE192,224,VFRD-65,5530,15,19,2025-11-06 10:00:29.014512,351328.883,6288215.695
PE192,E10,FLXR-53,0,0,3,2025-11-06 10:00:29.014513,351328.883,6288215.695
PE192,E10,BJFZ-99,3521,9,13,2025-11-06 10:00:29.014514,351328.883,6288215.695
PE192,E13,VFJS-29,531,0,3,2025-11-06 10:00:29.014515,351328.883,6288215.695
PD351,114,LFGR-88,2428,6,10,2025-11-06 10:00:31.848777,351306.75,6296975.12
PD351,114,LDSV-91,3019,8,12,2025-11-06 10:00:31.848782,351306.75,6296975.12
PD351,422,PFXC-13,2502,6,10,2025-11-06 10:00:31.848783,351306.75,6296975.12
PD351,422,FLXV-96,2391,6,10,2025-11-06 10:00:31.848784,351306.75,6296975.12
PD351,403,SKPK-21,1702,3,7,2025-11-06 10:00:31.848785,351306.75,6296975.12
PD351,403,SKPK-26,2938,7,11,2025-11-06 10:00:31.848785,351306.75,6296975.12
PD351,D02,STRJ-56,1821,4,8,2025-11-06 10:00:31.848786,351306.75,6296975.12
PD351,227,VGCB-59,568,0,2,2025-11-06 10:00:31.848787,351306.75,6296975.12
PD351,227,VFHT-73,3773,10,14,2025-11-06 10:00:31.848788,351306.75,6296975.12
PD351,D03,SVDB-96,2263,5,9,2025-11-06 10:00:31.848789,351306.75,6296975.12
PD351,D03,SVDF-52,4652,13,17,2025-11-06 10:00:31.848790,351306.75,6296975.12
PD351,325,VFJP-23,0,0,3,2025-11-06 10:00:31.848791,351306.75,6296975.12
PD351,505,SRTK-34,2629,6,10,2025-11-06 10:00:31.848792,351306.75,6296975.12
PD351,505,VHXJ-91,2629,6,10,2025-11-06 10:00:31.848792,351306.75,6296975.12
PD351,513,VHZX-61,523,0,2,2025-11-06 10:00:31.848793,351306.75,6296975.12
PD351,513,VJJX-78,3328,9,13,2025-11-06 10:00:31.848794,351306.75,6296975.12
PD351,514,FLXV-39,2375,6,10,2025-11-06 10:00:31.848795,351306.75,6296975.12
PD351,514,FLXS-72,3189,8,12,2025-11-06 10:00:31.848795,351306.75,6296975.12
PD326,513,VHXK-73,620,0,2,2025-11-06 10:00:33.867201,348807.902,6297389.308
PD326,513,VJBC-31,620,0,2,2025-11-06 10:00:33.867206,348807.902,6297389.308
PD326,D03,SVDD-79,620,0,2,2025-11-06 10:00:33.867208,348807.902,6297389.308
PD326,D03,SPBF-43,3912,10,14,2025-11-06 10:00:33.867209,348807.902,6297389.308
PD326,227,VGKY-12,1954,4,8,2025-11-06 10:00:33.867210,348807.902,6297389.308
PD326,227,VFPS-47,3483,9,13,2025-11-06 10:00:33.867211,348807.902,6297389.308
PD326,325,VFHX-21,1015,0,3,2025-11-06 10:00:33.867212,348807.902,6297389.308
PD326,325,VFKW-18,4807,13,17,2025-11-06 10:00:33.867212,348807.902,6297389.308
PD326,422,TBFX-51,700,0,2,2025-11-06 10:00:33.867214,348807.902,6297389.308
PD326,422,TBFX-69,620,0,2,2025-11-06 10:00:33.867215,348807.902,6297389.308
PD326,403,SKPJ-90,744,0,2,2025-11-06 10:00:33.867216,348807.902,6297389.308
PD326,403,PGWT-98,2224,5,9,2025-11-06 10:00:33.867217,348807.902,6297389.308
PB1725,B22,SKPS-22,1488,3,7,2025-11-06 10:00:36.580761,344419.598,6303877.738
PB1725,B22,SKPS-21,4460,12,16,2025-11-06 10:00:36.580766,344419.598,6303877.738
PE412,322,BJFW-92,1715,3,7,2025-11-06 10:00:38.951328,354993.188,6289678.843
PH548,H05,VFPJ-71,2833,7,11,2025-11-06 10:00:40.971199,349058.283,6292059.513
PH548,H05,VFPL-61,5946,17,21,2025-11-06 10:00:40.971203,349058.283,6292059.513
PG875,G05,SFPG-43,2211,5,9,2025-11-06 10:00:43.004411,343616.801,6284500.694
PG875,G35,SFPF-77,1455,3,7,2025-11-06 10:00:43.004417,343616.801,6284500.694
PG875,G35,SFGY-13,8847,28,60,2025-11-06 10:00:43.004418,343616.801,6284500.694
PI1895,I35,SCRZ-27,763,0,2,2025-11-06 10:00:46.845830,331779.0,6283174.0
PI1895,I35,SCRZ-26,1786,4,8,2025-11-06 10:00:46.845834,331779.0,6283174.0
PI891,101,PGPT-31,2040,4,8,2025-11-06 10:00:49.205447,340144.473,6291461.828
PI891,481,PGPT-36,3828,10,14,2025-11-06 10:00:49.205452,340144.473,6291461.828
PI891,481,PGPT-50,5838,16,20,2025-11-06 10:00:49.205461,340144.473,6291461.828
PI891,I04,FLXL-11,4948,14,18,2025-11-06 10:00:49.205462,340144.473,6291461.828
PI891,I04,FLXF-59,7584,22,26,2025-11-06 10:00:49.205463,340144.473,6291461.828
PI891,I14,CJRX-54,923,0,3,2025-11-06 10:00:49.205464,340144.473,6291461.828
PI891,I14,CJRW-77,2742,7,11,2025-11-06 10:00:49.205465,340144.473,6291461.828
PI891,I26,PFYS-32,6518,19,23,2025-11-06 10:00:49.205466,340144.473,6291461.828
PH486,H24,VGRC-33,3469,9,13,2025-11-06 10:00:51.208376,346749.798,6294392.567
PH486,H24,VGRC-83,5778,16,20,2025-11-06 10:00:51.208382,346749.798,6294392.567
PH486,H06,BJFV-29,2296,5,9,2025-11-06 10:00:51.208383,346749.798,6294392.567
PH486,H06,FLXR-47,2411,6,10,2025-11-06 10:00:51.208384,346749.798,6294392.567
PC293,406c,SKWD-68,5228,15,19,2025-11-06 10:00:53.196658,356640.62,6304377.06
PC293,406c,SKWD-94,6603,19,23,2025-11-06 10:00:53.196663,356640.62,6304377.06
PC293,225,VFKR-96,694,0,2,2025-11-06 10:00:53.196664,356640.62,6304377.06
PC293,225,VFJP-96,908,0,3,2025-11-06 10:00:53.196665,356640.62,6304377.06
PC293,C01,LDJJ-77,4045,11,15,2025-11-06 10:00:53.196666,356640.62,6304377.06
PC293,C01,LCPW-35,4168,11,15,2025-11-06 10:00:53.196666,356640.62,6304377.06
PC293,C05,LFSL-98,2499,6,10,2025-11-06 10:00:53.196667,356640.62,6304377.06
PC293,C05,LWTK-53,4951,14,18,2025-11-06 10:00:53.196668,356640.62,6304377.06
PC293,430,SJPC-29,250,0,3,2025-11-06 10:00:53.196669,356640.62,6304377.06
PC293,406,GCBD-54,34,0,3,2025-11-06 10:00:53.196678,356640.62,6304377.06
PC293,406,TBFS-68,850,0,3,2025-11-06 10:00:53.196679,356640.62,6304377.06
PC293,C01c,PGBY-65,250,0,3,2025-11-06 10:00:53.196680,356640.62,6304377.06
PC293,C01c,PGBY-59,3071,8,12,2025-11-06 10:00:53.196681,356640.62,6304377.06
PC293,C19,SGPY-61,1968,4,8,2025-11-06 10:00:53.196682,356640.62,6304377.06
PC293,C19,SKPJ-84,5315,15,19,2025-11-06 10:00:53.196682,356640.62,6304377.06
PC293,C28,LFGJ-99,2354,5,9,2025-11-06 10:00:53.196683,356640.62,6304377.06
PC293,C28,SKPJ-81,5302,15,19,2025-11-06 10:00:53.196684,356640.62,6304377.06
PC293,426,FLXD-49,1207,0,4,2025-11-06 10:00:53.196685,356640.62,6304377.06
PC293,426,FLXH-87,4158,11,15,2025-11-06 10:00:53.196685,356640.62,6304377.06
PG2068,G39,SHCV-48,1884,4,8,2025-11-06 10:00:55.898218,345100.0,6281245.0
PG2068,G39,SFPG-66,3102,8,12,2025-11-06 10:00:55.898224,345100.0,6281245.0
PB1329,B17,SHXD-83,3644,10,14,2025-11-06 10:00:57.917696,344923.454,6301413.597
PB1329,B17,SHCY-10,5791,16,20,2025-11-06 10:00:57.917701,344923.454,6301413.597
PB1737,B22,SKPS-44,841,0,3,2025-11-06 10:00:59.946149,348805.42,6303745.21
PB1737,B22,SKPS-15,1303,0,4,2025-11-06 10:00:59.946154,348805.42,6303745.21
PJ718,J16,GCBD-79,683,0,2,2025-11-06 10:01:02.134753,336519.166,6300402.687
PJ718,J20,GCBD-73,683,0,2,2025-11-06 10:01:02.134758,336519.166,6300402.687
PJ718,542,TBFT-44,757,0,2,2025-11-06 10:01:02.134759,336519.166,6300402.687
PJ718,J04,TBFR-20,635,0,2,2025-11-06 10:01:02.134760,336519.166,6300402.687
PJ718,J04,PFXB-91,1174,0,4,2025-11-06 10:01:02.134760,336519.166,6300402.687
PC1008,D18,SVDD-83,227,0,3,2025-11-06 10:01:04.151379,349931.868,6297999.11
PB1097,B09,SHCY-49,1509,3,7,2025-11-06 10:01:08.373225,339099.477,6302928.878
PB1097,B09,SHCY-34,1818,4,8,2025-11-06 10:01:08.373230,339099.477,6302928.878
PB1097,120,SPZX-42,3811,10,14,2025-11-06 10:01:08.373232,339099.477,6302928.878
PB1097,120,LDJW-48,5457,15,19,2025-11-06 10:01:08.373233,339099.477,6302928.878
PB1097,B29,LXDH-85,3386,9,13,2025-11-06 10:01:08.373233,339099.477,6302928.878
PB1097,B29,LXDH-99,7125,20,24,2025-11-06 10:01:08.373234,339099.477,6302928.878
PD556,508,GCBD-68,3815,10,14,2025-11-06 10:01:09.862810,352338.843,6295996.871
PD556,508,PFWZ-90,3828,10,14,2025-11-06 10:01:09.862816,352338.843,6295996.871
PF1014,F15,SRVG-49,751,0,2,2025-11-06 10:01:11.887927,349926.21,6278765.0
PF1014,F15,SRVL-25,4626,13,17,2025-11-06 10:01:11.887932,349926.21,6278765.0
PD1123,D13,BJFW-42,2204,5,9,2025-11-06 10:01:13.944316,350543.808,6291641.225
PG1211,G14,FLXX-21,727,0,2,2025-11-06 10:01:16.313341,344197.1,6277996.644
PG1211,G14,FLXX-20,2855,7,11,2025-11-06 10:01:16.313346,344197.1,6277996.644
PG1211,G24,FLXP-17,4724,13,17,2025-11-06 10:01:16.313347,344197.1,6277996.644
PG1211,G24,FLXP-29,5162,14,18,2025-11-06 10:01:16.313348,344197.1,6277996.644
PA696,B26,HVFH-32,0,0,3,2025-11-06 10:01:18.102716,343792.41,6299331.69
PA696,B26,FLXP-79,406,0,3,2025-11-06 10:01:18.102720,343792.41,6299331.69
PD1199,412,PFYC-79,2135,5,9,2025-11-06 10:01:20.093258,354439.445,6299020.695
PD1199,412,PFTW-25,5762,16,20,2025-11-06 10:01:20.093263,354439.445,6299020.695
PD1199,D18,SVDC-54,449,0,3,2025-11-06 10:01:20.093264,354439.445,6299020.695
PD1199,D18,SVDC-56,824,0,3,2025-11-06 10:01:20.093265,354439.445,6299020.695
PJ1978,428,SLLZ-29,3197,8,12,2025-11-06 10:01:22.142678,334795.0,6299639.0
PJ1978,428,SJPD-55,8419,27,60,2025-11-06 10:01:22.142683,334795.0,6299639.0
PJ1978,486,LXWP-67,2411,6,10,2025-11-06 10:01:22.142684,334795.0,6299639.0
PJ1978,486,PFVG-79,10882,34,60,2025-11-06 10:01:22.142685,334795.0,6299639.0
PJ1978,555,TBFX-63,2322,5,9,2025-11-06 10:01:22.142686,334795.0,6299639.0
PJ1978,555,TBFX-62,2784,7,11,2025-11-06 10:01:22.142687,334795.0,6299639.0
PJ1978,407,PFXB-39,548,0,2,2025-11-06 10:01:22.142688,334795.0,6299639.0
PJ1978,407,TBFW-32,4783,13,17,2025-11-06 10:01:22.142689,334795.0,6299639.0
PJ1978,422,TBFT-46,1837,4,8,2025-11-06 10:01:22.142689,334795.0,6299639.0
PJ1978,422,TBFS-66,4406,12,16,2025-11-06 10:01:22.142690,334795.0,6299639.0
PJ212,514,FLXX-45,2151,5,9,2025-11-06 10:01:24.186324,337783.87,6297298.389
PJ212,514,FLXK-34,5844,16,20,2025-11-06 10:01:24.186329,337783.87,6297298.389
PJ212,418,LXWP-57,7474,22,26,2025-11-06 10:01:24.186331,337783.87,6297298.389
PD140,514,FLXW-59,885,0,3,2025-11-06 10:01:26.107673,354751.75,6291286.645
PD140,D20,STVX-63,5120,14,18,2025-11-06 10:01:26.107677,354751.75,6291286.645
PD140,103,SPBP-12,129,0,3,2025-11-06 10:01:26.107678,354751.75,6291286.645
PD140,103,FLXJ-60,154,0,3,2025-11-06 10:01:26.107679,354751.75,6291286.645
PD140,106,PFVG-28,31,0,3,2025-11-06 10:01:26.107680,354751.75,6291286.645
PE1389,D17,PGLD-66,677,0,2,2025-11-06 10:01:28.104195,357484.69,6290760.59
PE1389,D17,PGKP-65,1984,4,8,2025-11-06 10:01:28.104199,357484.69,6290760.59
PJ1052,514,FLXK-34,616,0,2,2025-11-06 10:01:30.154098,334996.411,6299142.265
PJ1052,J18,VHZW-31,542,0,2,2025-11-06 10:01:30.154103,334996.411,6299142.265
PJ446,513,SRTG-99,5076,14,18,2025-11-06 10:01:32.153758,340421.291,6301378.182
PJ446,505,VJBC-10,5749,16,20,2025-11-06 10:01:32.153763,340421.291,6301378.182
PJ446,505,SRTK-21,6458,18,22,2025-11-06 10:01:32.153764,340421.291,6301378.182
PD589,516,PFXB-56,2972,7,11,2025-11-06 10:01:34.282087,350065.702,6296344.471
PD589,516,TBFP-71,3054,8,12,2025-11-06 10:01:34.282093,350065.702,6296344.471
PD589,506,GCBD-41,3844,27,60,2025-11-06 10:01:34.282094,350065.702,6296344.471
PD589,506,GCBD-45,4315,29,60,2025-11-06 10:01:34.282095,350065.702,6296344.471
PD589,506v,TBFW-74,4315,12,16,2025-11-06 10:01:34.282096,350065.702,6296344.471
PD589,506v,TBFR-98,4883,13,17,2025-11-06 10:01:34.282107,350065.702,6296344.471
PD589,507,FLXW-16,313,0,3,2025-11-06 10:01:34.282108,350065.702,6296344.471
PD589,507,PHSG-80,1653,3,7,2025-11-06 10:01:34.282108,350065.702,6296344.471
PD589,507c,GCBD-49,3625,9,13,2025-11-06 10:01:34.282109,350065.702,6296344.471
PD589,507c,FLXV-86,4815,13,17,2025-11-06 10:01:34.282110,350065.702,6296344.471
PD589,510,PFXC-54,1654,3,7,2025-11-06 10:01:34.282120,350065.702,6296344.471
PD589,510,PFXB-74,3625,9,13,2025-11-06 10:01:34.282121,350065.702,6296344.471
PD589,511,TBFV-22,4927,14,18,2025-11-06 10:01:34.282121,350065.702,6296344.471
PD589,511,TBFS-41,5101,14,18,2025-11-06 10:01:34.282122,350065.702,6296344.471
PD589,519,PFXB-58,3054,8,12,2025-11-06 10:01:34.282123,350065.702,6296344.471
PD1053,508,LXWR-94,5786,16,20,2025-11-06 10:01:36.269535,353868.803,6291838.611
PD1053,508,LXWR-81,6274,18,22,2025-11-06 10:01:36.269541,353868.803,6291838.611
PD1053,D10,SVDC-46,667,0,2,2025-11-06 10:01:36.269542,353868.803,6291838.611
PD1053,D10,SVDC-40,3369,9,13,2025-11-06 10:01:36.269543,353868.803,6291838.611
PG436,E02,VKJZ-59,4928,14,18,2025-11-06 10:01:37.825396,347837.343,6289297.836
PG436,E02,VKJZ-71,8371,26,60,2025-11-06 10:01:37.825401,347837.343,6289297.836
PG559,F03,SPVW-61,3386,9,13,2025-11-06 10:01:39.325847,348473.162,6278455.669
PG559,F03,SPVW-97,8456,27,60,2025-11-06 10:01:39.325852,348473.162,6278455.669
PI1170,385,FLXL-30,3678,10,14,2025-11-06 10:01:41.319555,343323.458,6295229.872
PI1170,385,FLXL-83,6640,19,23,2025-11-06 10:01:41.319561,343323.458,6295229.872
PI1170,I16,FLXL-80,213,0,3,2025-11-06 10:01:41.319562,343323.458,6295229.872
PB298,B05,SPCG-51,1748,4,8,2025-11-06 10:01:43.302242,347601.686,6305633.369
PB298,B05,SPCG-70,4916,14,18,2025-11-06 10:01:43.302248,347601.686,6305633.369
PB298,208,LZPR-87,0,0,3,2025-11-06 10:01:43.302249,347601.686,6305633.369
PB298,208,GCBF-49,0,0,3,2025-11-06 10:01:43.302250,347601.686,6305633.369
PB298,117,PFYC-21,94,0,3,2025-11-06 10:01:43.302251,347601.686,6305633.369
PB298,117,SPBL-98,3266,8,12,2025-11-06 10:01:43.302252,347601.686,6305633.369
PB298,116,FLXJ-40,0,0,3,2025-11-06 10:01:43.302253,347601.686,6305633.369
PB298,116,LCPW-37,2071,5,9,2025-11-06 10:01:43.302254,347601.686,6305633.369
PI1604,I04,FLXF-78,947,0,3,2025-11-06 10:01:45.306691,342158.146,6295490.714
PB370,B12,SKDJ-78,4797,13,17,2025-11-06 10:01:47.280546,346153.831,6304849.946
PB370,B12,SPCG-81,8978,28,60,2025-11-06 10:01:47.280552,346153.831,6304849.946
PB370,272,VFHW-63,2334,5,9,2025-11-06 10:01:47.280578,346153.831,6304849.946
PB370,272,VFPC-10,3136,8,12,2025-11-06 10:01:47.280580,346153.831,6304849.946
PI931,I04,FLXZ-61,3607,9,13,2025-11-06 10:01:49.328851,339932.192,6292080.118
PI931,I04,FLXZ-67,3887,10,14,2025-11-06 10:01:49.328856,339932.192,6292080.118
PG1594,201e,VFHH-65,2536,6,10,2025-11-06 10:01:51.343462,342062.559,6286443.883
PG1594,201e,VFHK-58,2794,7,11,2025-11-06 10:01:51.343467,342062.559,6286443.883
PE1271,E02,VKJX-68,1241,0,4,2025-11-06 10:01:53.305617,353669.461,6285679.657
PE1271,E11,VKJX-83,1029,0,3,2025-11-06 10:01:53.305622,353669.461,6285679.657
PE1271,E12,VFJS-19,9871,31,60,2025-11-06 10:01:53.305623,353669.461,6285679.657
PE1271,E12,VJKS-66,9977,32,60,2025-11-06 10:01:53.305624,353669.461,6285679.657
PA664,345,FLXF-52,248,0,3,2025-11-06 10:01:55.325068,344538.75,6295305.3
PA664,345,FLXF-19,1487,3,7,2025-11-06 10:01:55.325073,344538.75,6295305.3
PC294,C01,LDJJ-77,4662,13,17,2025-11-06 10:01:57.445512,356290.169,6303983.241
PC294,C01,LCPW-35,4824,13,17,2025-11-06 10:01:57.445517,356290.169,6303983.241
PC294,C19,SGPY-61,2237,5,9,2025-11-06 10:01:57.445518,356290.169,6303983.241
PC294,C19,SKPJ-84,5875,17,21,2025-11-06 10:01:57.445519,356290.169,6303983.241
PC294,C28,LFGJ-99,2640,6,10,2025-11-06 10:01:57.445520,356290.169,6303983.241
PC294,C28,SKPJ-81,5770,16,20,2025-11-06 10:01:57.445521,356290.169,6303983.241
PC294,430,SJPC-29,710,0,2,2025-11-06 10:01:57.445522,356290.169,6303983.241
PC294,430,PGBY-85,6209,18,22,2025-11-06 10:01:57.445523,356290.169,6303983.241
PC294,406,GCBD-54,0,0,3,2025-11-06 10:01:57.445524,356290.169,6303983.241
PC294,406,SZZH-66,281,0,3,2025-11-06 10:01:57.445525,356290.169,6303983.241
PC294,426,FLXD-49,657,0,2,2025-11-06 10:01:57.445526,356290.169,6303983.241
PC294,426,FLXH-87,4814,13,17,2025-11-06 10:01:57.445526,356290.169,6303983.241
PC294,C01c,PGBY-65,281,0,3,2025-11-06 10:01:57.445527,356290.169,6303983.241
PC294,C01c,PGBY-59,3412,9,13,2025-11-06 10:01:57.445528,356290.169,6303983.241
PC294,406c,SKWD-94,6817,20,24,2025-11-06 10:01:57.445529,356290.169,6303983.241
PC294,406c,SKWD-33,9324,29,60,2025-11-06 10:01:57.445530,356290.169,6303983.241
PF1110,F18,LCPG-38,1445,3,7,2025-11-06 10:01:59.413645,349324.06,6277287.34
PF408,F08,SRPJ-88,2828,7,11,2025-11-06 10:02:01.420685,356547.783,6285503.411
PF408,F08,TFTB-22,3226,8,12,2025-11-06 10:02:01.420690,356547.783,6285503.411
PB775,B02,FLXR-89,1288,0,4,2025-11-06 10:02:03.449094,348087.266,6306207.204
PB775,B02,FLXR-92,4523,12,16,2025-11-06 10:02:03.449100,348087.266,6306207.204
PB775,C18,SKPP-55,3160,8,12,2025-11-06 10:02:03.449101,348087.266,6306207.204
PB775,C18,SHXG-94,4283,12,16,2025-11-06 10:02:03.449102,348087.266,6306207.204
PI1272,505,VHXJ-50,644,0,2,2025-11-06 10:02:05.499602,354817.134,6295424.36
PI1272,505,VJJR-39,1311,0,4,2025-11-06 10:02:05.499608,354817.134,6295424.36
PI1272,510,TBFX-44,1091,0,3,2025-11-06 10:02:05.499609,354817.134,6295424.36
PI1272,510,GCBC-60,2550,6,10,2025-11-06 10:02:05.499610,354817.134,6295424.36
PI1272,516,PFWZ-71,0,0,3,2025-11-06 10:02:05.499611,354817.134,6295424.36
PI1272,516,TBFR-55,885,0,3,2025-11-06 10:02:05.499612,354817.134,6295424.36
PI1272,D10,SVDC-46,8408,27,60,2025-11-06 10:02:05.499613,354817.134,6295424.36
PG1268,203,LZPT-77,2509,6,10,2025-11-06 10:02:07.312628,345727.504,6285219.702
PG1268,203,SXKV-97,2849,7,11,2025-11-06 10:02:07.312633,345727.504,6285219.702
PG1268,203c,SFWB-85,860,0,3,2025-11-06 10:02:07.312634,345727.504,6285219.702
PG1268,203c,SFWZ-20,2579,6,10,2025-11-06 10:02:07.312635,345727.504,6285219.702
PG1268,203e,VJKW-68,2116,5,9,2025-11-06 10:02:07.312636,345727.504,6285219.702
PG1268,203e,VJWZ-74,2778,7,11,2025-11-06 10:02:07.312636,345727.504,6285219.702
PG1268,F20,SPZY-70,0,0,3,2025-11-06 10:02:07.312637,345727.504,6285219.702
PG1268,F20,TXZH-47,722,0,2,2025-11-06 10:02:07.312638,345727.504,6285219.702
PG1268,G15,THTH-13,2402,6,10,2025-11-06 10:02:07.312639,345727.504,6285219.702
PG1268,G15,THTD-85,4070,11,15,2025-11-06 10:02:07.312654,345727.504,6285219.702
PC623,C02c,SJPC-78,369,0,3,2025-11-06 10:02:09.319348,359594.468,6303194.176
PC623,C02c,LDTG-62,577,0,2,2025-11-06 10:02:09.319354,359594.468,6303194.176
PC623,C09,SGPY-58,1723,3,7,2025-11-06 10:02:09.319355,359594.468,6303194.176
PC623,C09,LDTB-92,6268,18,22,2025-11-06 10:02:09.319356,359594.468,6303194.176
PC623,C02,LDJJ-61,384,0,3,2025-11-06 10:02:09.319357,359594.468,6303194.176
PC263,502,BJFJ-15,2000,4,8,2025-11-06 10:02:11.396379,351975.902,6303229.473
PC263,502,BJFD-74,4616,13,17,2025-11-06 10:02:11.396384,351975.902,6303229.473
PC263,405,PDYH-96,2162,5,9,2025-11-06 10:02:11.396385,351975.902,6303229.473
PC263,405,PDZS-76,5293,15,19,2025-11-06 10:02:11.396386,351975.902,6303229.473
PC263,542,TBFT-92,0,0,3,2025-11-06 10:02:11.396387,351975.902,6303229.473
PC263,542,TBFX-46,4827,13,17,2025-11-06 10:02:11.396388,351975.902,6303229.473
PC263,405c,PGTV-18,5608,16,20,2025-11-06 10:02:11.396389,351975.902,6303229.473
PB925,B25,FLXS-46,4263,11,15,2025-11-06 10:02:13.380503,345828.868,6305209.168
PB925,B25,FLXP-78,4683,13,17,2025-11-06 10:02:13.380508,345828.868,6305209.168
PB925,B06,LDTB-99,2418,6,10,2025-11-06 10:02:13.380510,345828.868,6305209.168
PB925,B06,SPCG-40,2418,6,10,2025-11-06 10:02:13.380511,345828.868,6305209.168
PJ1697,110c,BJFC-24,3098,8,12,2025-11-06 10:02:15.441660,338472.284,6298582.101
PJ1697,110c,PFWZ-85,5816,16,20,2025-11-06 10:02:15.441665,338472.284,6298582.101
PB1240,B13,STHK-36,1448,3,7,2025-11-06 10:02:17.309176,338672.813,6308125.391
PB1240,B13,STHR-72,4050,11,15,2025-11-06 10:02:17.309181,338672.813,6308125.391
PD1010,D08,SVDF-42,0,0,3,2025-11-06 10:02:19.347166,357092.414,6299386.246
PD1010,D08,SPCK-65,644,0,2,2025-11-06 10:02:19.347172,357092.414,6299386.246
PF37,712,SHXD-89,134,0,3,2025-11-06 10:02:21.371239,354807.626,6283760.608
PF37,712,LBTS-78,12504,39,60,2025-11-06 10:02:21.371244,354807.626,6283760.608
PF37,F08,SRPJ-88,434,0,3,2025-11-06 10:02:21.371246,354807.626,6283760.608
PF37,F08,TFTB-22,7038,20,24,2025-11-06 10:02:21.371247,354807.626,6283760.608
PF37,F24,SPRW-86,5339,15,19,2025-11-06 10:02:21.371248,354807.626,6283760.608
PF37,F24,SPRV-86,7438,21,25,2025-11-06 10:02:21.371249,354807.626,6283760.608
PF37,F27,SPRW-90,2155,5,9,2025-11-06 10:02:21.371250,354807.626,6283760.608
PF37,F27,SPRY-91,2372,5,9,2025-11-06 10:02:21.371251,354807.626,6283760.608
PH366,H08,BJFS-86,1691,3,7,2025-11-06 10:02:23.369601,343939.725,6291183.081
PH366,H08,CJRX-48,4059,11,15,2025-11-06 10:02:23.369605,343939.725,6291183.081
PH366,348,VHSY-20,2462,6,10,2025-11-06 10:02:23.369606,343939.725,6291183.081
PH366,348,FLXZ-34,3513,9,13,2025-11-06 10:02:23.369607,343939.725,6291183.081
PH366,227,VFPJ-53,656,0,2,2025-11-06 10:02:23.369608,343939.725,6291183.081
PH366,121,FLXC-53,413,0,3,2025-11-06 10:02:23.369609,343939.725,6291183.081
PH366,H03,CJRW-66,1396,0,4,2025-11-06 10:02:23.369610,343939.725,6291183.081
PH366,H03,FLXR-59,5001,14,18,2025-11-06 10:02:23.369611,343939.725,6291183.081
PH366,H06,CJRZ-63,2437,6,10,2025-11-06 10:02:23.369620,343939.725,6291183.081
PH366,H06,CJRX-57,5219,14,18,2025-11-06 10:02:23.369620,343939.725,6291183.081
PH366,H07,CJRX-69,3291,8,12,2025-11-06 10:02:23.369621,343939.725,6291183.081
PH366,H07,CJRY-86,5233,15,19,2025-11-06 10:02:23.369622,343939.725,6291183.081
PJ883,514,GCBC-99,3735,10,14,2025-11-06 10:02:25.436944,340211.926,6297338.298
PJ883,514,FLXV-87,4667,13,17,2025-11-06 10:02:25.436949,340211.926,6297338.298
PJ883,J10,VHZZ-20,2650,6,10,2025-11-06 10:02:25.436950,340211.926,6297338.298
PJ883,J10,VJBB-21,5163,14,18,2025-11-06 10:02:25.436951,340211.926,6297338.298
PJ883,J19,VHLL-58,710,0,2,2025-11-06 10:02:25.436951,340211.926,6297338.298
PJ883,J19,VGTX-83,4038,11,15,2025-11-06 10:02:25.436952,340211.926,6297338.298
PA121,204,RWTP-98,769,0,2,2025-11-06 10:02:27.274499,347609.52,6296831.875
PA121,204,VFPS-74,1363,0,4,2025-11-06 10:02:27.274504,347609.52,6296831.875
PA121,234,VJYX-85,1115,0,4,2025-11-06 10:02:27.274505,347609.52,6296831.875
PG662,G01,THTH-21,2573,6,10,2025-11-06 10:02:29.283705,346511.796,6288963.581
PG662,G01,THTD-40,5117,14,18,2025-11-06 10:02:29.283710,346511.796,6288963.581
PG662,G01c,THTG-66,8535,27,60,2025-11-06 10:02:29.283712,346511.796,6288963.581
PD703,514,TBFT-76,262,0,3,2025-11-06 10:02:31.293260,352976.769,6295455.726
PD703,514,TBFP-68,5094,14,18,2025-11-06 10:02:31.293265,352976.769,6295455.726
PE259,286,SHXB-24,1247,0,4,2025-11-06 10:02:33.308803,350092.412,6286908.629
PE259,286,SFPG-56,2218,5,9,2025-11-06 10:02:33.308809,350092.412,6286908.629
PE348,E02,VKJX-68,3079,8,12,2025-11-06 10:02:35.340829,353020.668,6286609.833
PI1543,I04,FLXY-38,1245,0,4,2025-11-06 10:02:37.275953,336473.647,6286661.102
PI1543,I04,FLXD-79,1571,3,7,2025-11-06 10:02:37.275958,336473.647,6286661.102
PJ180,422,TBFW-15,6924,20,24,2025-11-06 10:02:39.300948,341567.326,6298543.208
PJ180,402,SHXF-93,1909,4,8,2025-11-06 10:02:39.300952,341567.326,6298543.208
PJ180,402,PFYC-90,5731,16,20,2025-11-06 10:02:39.300953,341567.326,6298543.208
PJ180,J13,TBFT-98,366,0,3,2025-11-06 10:02:39.300954,341567.326,6298543.208
PJ180,J13,TBFT-43,5989,17,21,2025-11-06 10:02:39.300955,341567.326,6298543.208
PJ180,406,TBFW-11,3043,19,23,2025-11-06 10:02:39.300956,341567.326,6298543.208
PJ180,406,GCBF-32,6094,36,60,2025-11-06 10:02:39.300957,341567.326,6298543.208
PJ180,407,PFWZ-59,6094,17,21,2025-11-06 10:02:39.300958,341567.326,6298543.208
PJ180,407,PFXC-16,8048,23,27,2025-11-06 10:02:39.300959,341567.326,6298543.208
PJ180,426,FLXS-92,3804,10,14,2025-11-06 10:02:39.300960,341567.326,6298543.208
PJ180,426,FLXH-90,7814,23,27,2025-11-06 10:02:39.300961,341567.326,6298543.208
PD1221,D16,SPBF-88,1555,3,7,2025-11-06 10:02:41.465511,352490.423,6296399.7
PD1221,D16,SPBS-40,4723,13,17,2025-11-06 10:02:41.465516,352490.423,6296399.7
PF859,F02,SHXG-86,1763,4,8,2025-11-06 10:02:43.772357,352016.634,6280236.349
PF859,F02,SHCY-63,3334,9,13,2025-11-06 10:02:43.772362,352016.634,6280236.349
PF859,F15,LCTG-45,2508,6,10,2025-11-06 10:02:43.772363,352016.634,6280236.349
PF859,F15,SRVF-84,6077,17,21,2025-11-06 10:02:43.772364,352016.634,6280236.349
PF859,F29,SPVT-98,2888,7,11,2025-11-06 10:02:43.772365,352016.634,6280236.349
PF859,F29,SPVV-38,5004,14,18,2025-11-06 10:02:43.772366,352016.634,6280236.349
PD148,212,LZPS-12,1107,0,3,2025-11-06 10:02:45.787506,351854.47,6292029.27
PD148,212,LZPT-59,1549,3,7,2025-11-06 10:02:45.787511,351854.47,6292029.27
PD148,224,VFPL-41,2169,5,9,2025-11-06 10:02:45.787512,351854.47,6292029.27
PD148,224,VGKY-82,3596,9,13,2025-11-06 10:02:45.787513,351854.47,6292029.27
PD148,114,SKWD-36,4407,12,16,2025-11-06 10:02:45.787513,351854.47,6292029.27
PD148,126,CJRW-60,1027,0,3,2025-11-06 10:02:45.787514,351854.47,6292029.27
PD148,126,BJFT-57,5543,16,20,2025-11-06 10:02:45.787515,351854.47,6292029.27
PD148,106,PFVJ-23,2048,4,8,2025-11-06 10:02:45.787516,351854.47,6292029.27
PD148,106,PFVG-28,2622,6,10,2025-11-06 10:02:45.787517,351854.47,6292029.27
PD148,104,SKVD-54,3874,10,14,2025-11-06 10:02:45.787517,351854.47,6292029.27
PD148,104,SKWD-79,5083,14,18,2025-11-06 10:02:45.787518,351854.47,6292029.27
PB1391,B20,SKHG-85,1093,0,3,2025-11-06 10:02:47.782576,343639.55,6301034.671
PB1391,B20,SKHG-70,6401,18,22,2025-11-06 10:02:47.782581,343639.55,6301034.671
PB1391,B29,LXDJ-11,2776,7,11,2025-11-06 10:02:47.782582,343639.55,6301034.671
PB1391,B29,SKHG-59,4199,11,15,2025-11-06 10:02:47.782582,343639.55,6301034.671
PG157,G05,SHCV-31,1152,0,4,2025-11-06 10:02:49.371015,345933.876,6282563.885
PG157,G35,SFGY-13,4318,12,16,2025-11-06 10:02:49.371021,345933.876,6282563.885
PG157,G23,SFWZ-77,2170,5,9,2025-11-06 10:02:49.371022,345933.876,6282563.885
PF810,204,VGBV-35,594,0,2,2025-11-06 10:02:51.159377,353885.541,6280800.686
PF810,204,VFPB-85,1026,0,3,2025-11-06 10:02:51.159383,353885.541,6280800.686
PF810,F09,LCPG-32,2012,4,8,2025-11-06 10:02:51.159384,353885.541,6280800.686
PC811,C09,SHXF-98,3145,8,12,2025-11-06 10:02:53.149546,359862.69,6305236.35
PC811,C09,LDTB-95,5187,14,18,2025-11-06 10:02:53.149550,359862.69,6305236.35
PG654,G01,THTH-21,257,0,3,2025-11-06 10:02:57.004568,344697.215,6288939.254
PG654,G01,THTD-40,2573,6,10,2025-11-06 10:02:57.004573,344697.215,6288939.254
PG328,302,FLXK-94,7124,20,24,2025-11-06 10:02:59.083667,347213.493,6286821.972
PG328,302,BJFY-97,7745,22,26,2025-11-06 10:02:59.083672,347213.493,6286821.972
PG328,229,SFWB-64,835,0,3,2025-11-06 10:02:59.083673,347213.493,6286821.972
PG328,229,SFWB-82,3007,7,11,2025-11-06 10:02:59.083673,347213.493,6286821.972
PG328,E18,FLXF-41,968,0,3,2025-11-06 10:02:59.083674,347213.493,6286821.972
PH585,H07,CJRX-69,1998,4,8,2025-11-06 10:03:01.119886,343583.654,6291795.769
PH585,H07,CJRY-86,4319,12,16,2025-11-06 10:03:01.119891,343583.654,6291795.769
PI115,108,PFVG-51,3058,8,12,2025-11-06 10:03:03.283022,339390.477,6290635.392
PI115,108,PFVD-55,4250,11,15,2025-11-06 10:03:03.283028,339390.477,6290635.392
PI115,109,TBFR-43,3513,9,13,2025-11-06 10:03:03.283029,339390.477,6290635.392
PI115,109,FLXV-49,5225,15,19,2025-11-06 10:03:03.283030,339390.477,6290635.392
PI115,118,FLXS-64,4166,11,15,2025-11-06 10:03:03.283033,339390.477,6290635.392
PI115,118,FLXV-42,7608,22,26,2025-11-06 10:03:03.283034,339390.477,6290635.392
PI115,348,VHSY-42,3979,11,15,2025-11-06 10:03:03.283035,339390.477,6290635.392
PI115,348,VHTB-25,6862,20,24,2025-11-06 10:03:03.283036,339390.477,6290635.392
PI115,I05,VHTB-73,3576,9,13,2025-11-06 10:03:03.283037,339390.477,6290635.392
PI115,I05,VHTB-67,7508,22,26,2025-11-06 10:03:03.283038,339390.477,6290635.392
PG1279,206,FLXY-66,0,0,3,2025-11-06 10:03:07.265976,347957.436,6283584.933
PG1279,F20,SRVJ-72,1049,0,3,2025-11-06 10:03:07.265980,347957.436,6283584.933
PG1279,F20,SPZY-87,3695,10,14,2025-11-06 10:03:07.265981,347957.436,6283584.933
PB489,B18,STHC-45,1266,0,4,2025-11-06 10:03:09.240162,339029.85,6306059.483
PB489,B18,STHR-36,5283,15,19,2025-11-06 10:03:09.240167,339029.85,6306059.483
PB489,B18e,STHJ-72,3034,8,12,2025-11-06 10:03:09.240168,339029.85,6306059.483
PB489,B32,LDJW-42,8492,27,60,2025-11-06 10:03:09.240169,339029.85,6306059.483
PB489,B32,STHK-69,8785,28,60,2025-11-06 10:03:09.240170,339029.85,6306059.483
PB489,428e,SJPF-98,5794,16,20,2025-11-06 10:03:09.240171,339029.85,6306059.483
PB489,428e,SKPH-68,20749,66,60,2025-11-06 10:03:09.240171,339029.85,6306059.483
PE33,102,SPZY-60,3776,10,14,2025-11-06 10:03:11.273536,352658.105,6290998.657
PE33,102,LBTS-97,10368,33,60,2025-11-06 10:03:11.273542,352658.105,6290998.657
PE33,108,PFVD-33,319,0,3,2025-11-06 10:03:11.273543,352658.105,6290998.657
PE33,108,PFYR-94,1561,3,7,2025-11-06 10:03:11.273544,352658.105,6290998.657
PB1210,B12,LDTB-85,1363,0,4,2025-11-06 10:03:13.313207,339377.87,6310016.343
PB1210,B12,SPCG-35,5455,15,19,2025-11-06 10:03:13.313211,339377.87,6310016.343
PB1142,B11,SKDH-63,0,0,3,2025-11-06 10:03:15.301253,347977.549,6303006.875
PB1142,B11,SKDH-41,514,0,2,2025-11-06 10:03:15.301257,347977.549,6303006.875
PB733,B01,SKHG-42,1737,3,7,2025-11-06 10:03:17.267230,349189.514,6302974.267
PB733,B01,LDJV-43,3711,10,14,2025-11-06 10:03:17.267234,349189.514,6302974.267
PJ1623,J12,FLXG-33,13081,41,60,2025-11-06 10:03:18.911018,328671.521,6297446.002
PJ1623,J22,TBFR-85,4164,11,15,2025-11-06 10:03:18.911023,328671.521,6297446.002
PH159,203,LZPR-98,438,0,3,2025-11-06 10:03:20.673468,347509.06,6293902.53
PH159,203,LZPG-25,1708,3,7,2025-11-06 10:03:20.673482,347509.06,6293902.53
PH159,206,FLXW-82,879,0,3,2025-11-06 10:03:20.673483,347509.06,6293902.53
PH159,206,FLXW-98,2571,6,10,2025-11-06 10:03:20.673484,347509.06,6293902.53
PD77,104,LDTF-40,346,0,3,2025-11-06 10:03:22.686140,351247.66,6297620.18
PD77,104,LCST-80,639,0,2,2025-11-06 10:03:22.686147,351247.66,6297620.18
PD77,224,VFPH-79,261,0,3,2025-11-06 10:03:22.686149,351247.66,6297620.18
PD77,224,VFPL-88,1614,3,7,2025-11-06 10:03:22.686150,351247.66,6297620.18
PB1628,B26,FLXS-44,3242,8,12,2025-11-06 10:03:24.688337,345251.732,6302111.636
PB1628,B26,HVFH-32,5600,16,20,2025-11-06 10:03:24.688342,345251.732,6302111.636
PB2100,B13,LDJW-41,1350,0,4,2025-11-06 10:03:26.680641,336707.0,6311132.0
PB2100,B13,STHK-36,4320,12,16,2025-11-06 10:03:26.680645,336707.0,6311132.0
PB1334,B17,LDJW-31,2990,8,12,2025-11-06 10:03:28.248246,344083.877,6302113.175
PB1334,B17,SHXD-83,5012,14,18,2025-11-06 10:03:28.248250,344083.877,6302113.175
PB1334,301,BJFX-18,225,0,3,2025-11-06 10:03:28.248251,344083.877,6302113.175
PB1334,301,CJRB-46,1398,0,4,2025-11-06 10:03:28.248252,344083.877,6302113.175
PI1660,I24,VHSX-66,2737,7,11,2025-11-06 10:03:30.246760,337157.01,6288298.03
PI1660,I24,VHSX-99,2790,7,11,2025-11-06 10:03:30.246764,337157.01,6288298.03
PB755,B02,FLXR-89,4079,11,15,2025-11-06 10:03:32.209501,347155.699,6301508.365
PB755,B02,FLXR-93,4294,12,16,2025-11-06 10:03:32.209506,347155.699,6301508.365
PB755,B17,SHXD-83,1077,0,3,2025-11-06 10:03:32.209508,347155.699,6301508.365
PB755,B17,SHCY-10,3018,8,12,2025-11-06 10:03:32.209509,347155.699,6301508.365
PB730,B01,SKHG-42,884,0,3,2025-11-06 10:03:34.541388,348696.532,6303556.963
PB730,B01,LDJV-43,2858,7,11,2025-11-06 10:03:34.541393,348696.532,6303556.963
PB730,B15,SPCG-94,609,0,2,2025-11-06 10:03:34.541394,348696.532,6303556.963
PB730,B15,SPCG-89,846,0,3,2025-11-06 10:03:34.541395,348696.532,6303556.963
PB730,272,VFHV-87,545,0,2,2025-11-06 10:03:34.541396,348696.532,6303556.963
PB730,272,VFPD-84,1383,0,4,2025-11-06 10:03:34.541396,348696.532,6303556.963
PA140,207,SFST-38,38,0,3,2025-11-06 10:03:36.940081,346988.281,6297090.093
PA140,207,SFST-33,838,0,3,2025-11-06 10:03:36.940086,346988.281,6297090.093
PA140,209,VJXV-59,330,0,3,2025-11-06 10:03:36.940087,346988.281,6297090.093
PA140,209,SFST-37,1640,3,7,2025-11-06 10:03:36.940088,346988.281,6297090.093
PA140,205,LZRD-75,566,0,2,2025-11-06 10:03:36.940089,346988.281,6297090.093
PG1055,G39,SHCV-45,1544,3,7,2025-11-06 10:03:38.556343,341625.705,6285348.251
PG1055,G39,FLXJ-81,4932,14,18,2025-11-06 10:03:38.556348,341625.705,6285348.251
PG1055,G09,SCRZ-37,5271,15,19,2025-11-06 10:03:38.556350,341625.705,6285348.251
PG566,F06,SPZX-48,747,0,2,2025-11-06 10:03:40.599120,345748.861,6285752.446
PG566,F06,SPZY-56,2784,7,11,2025-11-06 10:03:40.599125,345748.861,6285752.446
PG566,G16,SDSW-53,1694,3,7,2025-11-06 10:03:40.599126,345748.861,6285752.446
PG566,G16,SDSW-77,11482,36,60,2025-11-06 10:03:40.599127,345748.861,6285752.446
PB836,214,GCBB-14,1428,3,7,2025-11-06 10:03:42.614568,342673.569,6305988.247
PB1243,B06,SKDG-93,1604,3,7,2025-11-06 10:03:44.820966,336987.768,6307899.968
PB1243,B06,SPCG-82,5776,16,20,2025-11-06 10:03:44.820970,336987.768,6307899.968
PA282,119,CJRY-81,1986,4,8,2025-11-06 10:03:46.855036,344634.664,6295742.712
PA282,119,FLXF-87,2611,6,10,2025-11-06 10:03:46.855041,344634.664,6295742.712
PG367,G28,CJRC-46,17,0,3,2025-11-06 10:03:48.442762,343688.305,6280859.67
PB1642,109,FLXK-40,1874,4,8,2025-11-06 10:03:50.436695,337362.234,6302807.416
PB1642,109,FLXK-83,2330,5,9,2025-11-06 10:03:50.436699,337362.234,6302807.416
PB1642,110c,GCBD-99,877,0,3,2025-11-06 10:03:50.436700,337362.234,6302807.416
PB1642,110c,GCBF-29,1289,0,4,2025-11-06 10:03:50.436701,337362.234,6302807.416
PH536,H05,VFRF-55,1415,0,4,2025-11-06 10:03:54.475598,344414.791,6291043.608
PH536,H05,VFPL-81,3941,10,14,2025-11-06 10:03:54.475601,344414.791,6291043.608
PD304,517,VHZW-80,3503,9,13,2025-11-06 10:03:56.751240,355801.658,6298145.413
PD304,D11,SVDC-58,1790,4,8,2025-11-06 10:03:56.751244,355801.658,6298145.413
PD304,D11,SVDC-62,3482,9,13,2025-11-06 10:03:56.751245,355801.658,6298145.413
PG22,201,GCBB-25,694,0,2,2025-11-06 10:03:58.757688,343113.84,6283831.56
PG22,201,GCBC-14,3248,8,12,2025-11-06 10:03:58.757693,343113.84,6283831.56
PG22,211,TBYY-57,5994,17,21,2025-11-06 10:03:58.757694,343113.84,6283831.56
PG22,211,TBYY-73,10369,33,60,2025-11-06 10:03:58.757695,343113.84,6283831.56
PG22,271,CJRP-22,974,0,3,2025-11-06 10:03:58.757696,343113.84,6283831.56
PG22,271,TBYY-61,1948,4,8,2025-11-06 10:03:58.757696,343113.84,6283831.56
PG22,211c,THTG-62,2138,5,9,2025-11-06 10:03:58.757697,343113.84,6283831.56
PG22,211c,THTG-97,4352,12,16,2025-11-06 10:03:58.757698,343113.84,6283831.56
PG829,G04,SHXB-20,1423,0,4,2025-11-06 10:04:00.817285,349727.152,6285475.353
PG829,G04,SFPF-99,1447,3,7,2025-11-06 10:04:00.817290,349727.152,6285475.353
PB318,B24,SKHF-92,2764,7,11,2025-11-06 10:04:02.908428,346800.41,6299653.18
PB318,B24,SJTD-62,4196,11,15,2025-11-06 10:04:02.908433,346800.41,6299653.18
PB318,203,LZPS-24,1194,0,4,2025-11-06 10:04:02.908434,346800.41,6299653.18
PB318,203,SFVZ-56,3018,8,12,2025-11-06 10:04:02.908434,346800.41,6299653.18
PB318,208,LZPS-11,0,0,3,2025-11-06 10:04:02.908435,346800.41,6299653.18
PB318,208,LZPR-82,2296,5,9,2025-11-06 10:04:02.908436,346800.41,6299653.18
PB318,116,FLXG-79,2948,7,11,2025-11-06 10:04:02.908437,346800.41,6299653.18
PJ233,508,LXWR-67,880,0,3,2025-11-06 10:04:04.990770,336256.514,6299902.317
PJ233,508,PFXC-56,2797,7,11,2025-11-06 10:04:04.990775,336256.514,6299902.317
PJ233,412,PFYC-32,0,0,3,2025-11-06 10:04:04.990776,336256.514,6299902.317
PJ233,412,PFYC-27,2008,4,8,2025-11-06 10:04:04.990777,336256.514,6299902.317
PH481,H24,VGRC-83,1624,3,7,2025-11-06 10:04:06.981138,349032.98,6293842.17
PH481,H24,VGRD-25,6101,17,21,2025-11-06 10:04:06.981143,349032.98,6293842.17
PE445,E04,VKJX-29,3302,8,12,2025-11-06 10:04:09.006514,353753.301,6287745.111
PE445,E04,VKJY-92,3205,8,12,2025-11-06 10:04:09.006519,353753.301,6287745.111
PB605,429,SKPH-77,986,0,3,2025-11-06 10:04:11.064406,336467.828,6305230.407
PB605,429,SLLZ-63,986,0,3,2025-11-06 10:04:11.064411,336467.828,6305230.407
PG526,G09,SHCX-13,5884,0,2,2025-11-06 10:04:13.090876,342299.992,6281884.602
PG526,G14,FLXD-22,1659,3,7,2025-11-06 10:04:13.090881,342299.992,6281884.602
PG526,G14,CJRL-60,4016,11,15,2025-11-06 10:04:13.090882,342299.992,6281884.602
PG526,F03,FLXG-89,2207,5,9,2025-11-06 10:04:13.090883,342299.992,6281884.602
PI618,509,CJRW-73,971,0,3,2025-11-06 10:04:16.392805,335009.427,6287835.41
PI618,509,FLXS-71,996,0,3,2025-11-06 10:04:16.392810,335009.427,6287835.41
PI618,I01,FLXJ-31,1816,4,8,2025-11-06 10:04:16.392812,335009.427,6287835.41
PI618,I01,FLXJ-17,8244,26,60,2025-11-06 10:04:16.392812,335009.427,6287835.41
PH603,H08,CJRX-48,2083,5,9,2025-11-06 10:04:18.641467,342374.142,6291177.937
PH603,H08,FLXJ-29,2810,7,11,2025-11-06 10:04:18.641472,342374.142,6291177.937
PH603,H12,CJRW-55,953,0,3,2025-11-06 10:04:18.641474,342374.142,6291177.937
PH603,348,FLXZ-34,1533,3,7,2025-11-06 10:04:18.641475,342374.142,6291177.937
PH603,348,VHSY-42,7994,23,27,2025-11-06 10:04:18.641476,342374.142,6291177.937
PG818,G04,SFGY-71,304,0,3,2025-11-06 10:04:24.832686,346133.745,6286068.289
PG818,G04,SFPF-81,2534,6,10,2025-11-06 10:04:24.832691,346133.745,6286068.289
PB1865,B04,SHCW-71,2161,5,9,2025-11-06 10:04:27.335459,345383.735,6300753.71
PB1403,B21,SKDG-26,347,0,3,2025-11-06 10:04:28.855833,345582.585,6303990.946
PB1403,B21,SKDJ-33,3854,10,14,2025-11-06 10:04:28.855839,345582.585,6303990.946
PC1075,C14,SKPL-31,435,0,3,2025-11-06 10:04:39.447298,354235.682,6305852.509
PC1075,C14,SKPL-24,3572,9,13,2025-11-06 10:04:39.447303,354235.682,6305852.509
PE671,E10,FLXK-75,646,0,2,2025-11-06 10:06:18.382674,348694.4,6288492.24
PE671,E10,BJFX-67,5136,14,18,2025-11-06 10:06:18.382679,348694.4,6288492.24
PB1979,B33,SHCW-79,0,0,3,2025-11-06 10:08:34.301906,342517.4,6306939.8
PB1979,B33,SHCX-44,4718,13,17,2025-11-06 10:08:34.301910,342517.4,6306939.8
PB1979,B04,SHCX-34,188,0,3,2025-11-06 10:08:34.301912,342517.4,6306939.8
PB1979,B04,SHCW-71,3696,10,14,2025-11-06 10:08:34.301912,342517.4,6306939.8
PB1979,B07,LDJW-37,5397,15,19,2025-11-06 10:08:34.301913,342517.4,6306939.8
PB1979,B07,LDJV-45,7966,23,27,2025-11-06 10:08:34.301914,342517.4,6306939.8
PB1979,428,SHCY-21,1364,0,4,2025-11-06 10:08:34.301915,342517.4,6306939.8
PB1979,428,SHCY-52,5908,17,21,2025-11-06 10:08:34.301916,342517.4,6306939.8
PB1979,B36,LDJW-40,3580,9,13,2025-11-06 10:08:34.301917,342517.4,6306939.8
PB1979,B36,LDJP-70,9971,31,60,2025-11-06 10:08:34.301917,342517.4,6306939.8
PB1979,428e,SJPF-98,7896,23,27,2025-11-06 10:08:34.301918,342517.4,6306939.8
PB1979,428e,SKPH-68,21787,69,60,2025-11-06 10:08:34.301919,342517.4,6306939.8
PB1979,307c,TWPC-89,1427,3,7,2025-11-06 10:08:34.301920,342517.4,6306939.8
PB1979,307c,TWPD-17,4428,12,16,2025-11-06 10:08:34.301920,342517.4,6306939.8
PB1979,B18e,STHJ-68,3639,9,13,2025-11-06 10:08:34.301921,342517.4,6306939.8
PB1979,B18e,STHJ-86,4971,14,18,2025-11-06 10:08:34.301922,342517.4,6306939.8
PB1979,B26,FLXS-43,160,0,3,2025-11-06 10:08:34.301923,342517.4,6306939.8
PB1979,B26,FLXP-69,531,0,2,2025-11-06 10:08:34.301924,342517.4,6306939.8
PB1979,B05,SPCG-77,952,0,3,2025-11-06 10:08:34.301924,342517.4,6306939.8
PB1979,B05,SPCG-51,7130,21,25,2025-11-06 10:08:34.301925,342517.4,6306939.8
PB1979,B35,SKPH-75,9415,30,60,2025-11-06 10:08:34.301926,342517.4,6306939.8
PB1979,B35,SLPC-38,16228,51,60,2025-11-06 10:08:34.301927,342517.4,6306939.8
PB1979,B42,FLXT-25,2262,5,9,2025-11-06 10:08:34.301928,342517.4,6306939.8
PB1979,B42,FLXJ-97,7103,20,24,2025-11-06 10:08:34.301928,342517.4,6306939.8
PF432,F06,SPZX-98,220,0,3,2025-11-06 10:09:33.340420,354925.598,6282919.681
PF432,F09,SPZY-75,0,0,3,2025-11-06 10:09:33.340425,354925.598,6282919.681
PF432,F09,SRVL-81,220,0,3,2025-11-06 10:09:33.340426,354925.598,6282919.681
PF432,210v,VFPZ-38,475,0,3,2025-11-06 10:09:33.340427,354925.598,6282919.681
PG1604,G24,FLXP-17,2259,5,9,2025-11-06 10:10:58.722489,344314.342,6277719.253
PG1604,G24,CJRP-16,2259,5,9,2025-11-06 10:10:58.722494,344314.342,6277719.253
PG1604,G14,FLXX-20,1230,0,4,2025-11-06 10:10:58.722495,344314.342,6277719.253
PG1604,G14,FLXX-14,3375,9,13,2025-11-06 10:10:58.722496,344314.342,6277719.253
PB1004,B07,LDJV-44,4155,11,15,2025-11-06 10:11:51.954207,340745.943,6310484.768
PB1004,B12,LDTB-85,0,0,3,2025-11-06 10:11:51.954212,340745.943,6310484.768
PB1004,B12,SPCG-35,6001,17,21,2025-11-06 10:11:51.954213,340745.943,6310484.768
PB1004,B33,FLXR-90,3949,10,14,2025-11-06 10:11:51.954214,340745.943,6310484.768
PB1004,B33,SHXD-95,5310,15,19,2025-11-06 10:11:51.954215,340745.943,6310484.768
PG251,G34,THTF-26,4071,11,15,2025-11-06 10:13:18.361568,344664.481,6287185.13
PG251,G34,THTD-20,4373,12,16,2025-11-06 10:13:18.361573,344664.481,6287185.13
PG251,428,SHCY-26,2084,5,9,2025-11-06 10:13:18.361574,344664.481,6287185.13
PG251,428,SJPF-94,4520,12,16,2025-11-06 10:13:18.361575,344664.481,6287185.13
PG251,444,SKPL-28,2823,7,11,2025-11-06 10:13:18.361576,344664.481,6287185.13
PG251,444,SJPB-21,4504,12,16,2025-11-06 10:13:18.361577,344664.481,6287185.13
PG251,223,SFGY-15,3111,8,12,2025-11-06 10:13:18.361578,344664.481,6287185.13
PG251,223,SHCX-19,3720,10,14,2025-11-06 10:13:18.361579,344664.481,6287185.13
PI1677,I03,FLXL-32,939,0,3,2025-11-06 10:13:45.788826,341452.923,6297313.5
PI1677,I03,FLXF-93,940,0,3,2025-11-06 10:13:45.788831,341452.923,6297313.5
PI1677,I10,FLXL-65,3102,8,12,2025-11-06 10:13:45.788832,341452.923,6297313.5
PI1677,I10,FLXG-60,3720,10,14,2025-11-06 10:13:45.788833,341452.923,6297313.5
PI1271,115,PFXB-62,2551,6,10,2025-11-06 10:14:10.038554,340579.436,6291147.699
PI1271,115,GCBF-21,6870,20,24,2025-11-06 10:14:10.038558,340579.436,6291147.699
PI1271,109,FLXH-91,320,0,3,2025-11-06 10:14:10.038559,340579.436,6291147.699
PI1271,109,FLXL-92,1090,0,3,2025-11-06 10:14:10.038560,340579.436,6291147.699
PI1271,113,FLXY-27,1840,4,8,2025-11-06 10:14:10.038561,340579.436,6291147.699
PI1271,113,FLXX-63,6067,17,21,2025-11-06 10:14:10.038562,340579.436,6291147.699
PI1271,113c,FLXZ-19,4043,11,15,2025-11-06 10:14:10.038563,340579.436,6291147.699
PI1271,I14,CJRX-39,656,0,2,2025-11-06 10:14:10.038563,340579.436,6291147.699
PI1271,I14,CJRZ-75,4169,11,15,2025-11-06 10:14:10.038564,340579.436,6291147.699
PI1271,108,PGPT-23,1081,0,3,2025-11-06 10:14:10.038565,340579.436,6291147.699
PI1271,108,PFVH-99,3224,8,12,2025-11-06 10:14:10.038566,340579.436,6291147.699
PC809,C09,SKPJ-75,1161,0,4,2025-11-06 10:17:51.365841,359690.616,6305629.505
PC809,C09,LDTB-98,4481,12,16,2025-11-06 10:17:51.365846,359690.616,6305629.505
PI344,J10,VJJV-13,442,0,3,2025-11-06 10:19:06.728646,343687.24,6297385.97
PI344,481,PFYR-96,442,0,3,2025-11-06 10:19:06.728651,343687.24,6297385.97
PI344,481,PFTW-70,4386,12,16,2025-11-06 10:19:06.728652,343687.24,6297385.97
PI344,210,RWTP-89,263,0,3,2025-11-06 10:19:06.728653,343687.24,6297385.97
PI344,210,SXKV-88,1242,0,4,2025-11-06 10:19:06.728654,343687.24,6297385.97
PI344,210v,VGBX-49,1003,0,3,2025-11-06 10:19:06.728655,343687.24,6297385.97
PI344,210v,VFPJ-77,3694,10,14,2025-11-06 10:19:06.728656,343687.24,6297385.97
PI344,I09,FLXY-90,0,0,3,2025-11-06 10:19:06.728656,343687.24,6297385.97
PI344,I09,RWRP-73,1104,0,3,2025-11-06 10:19:06.728657,343687.24,6297385.97
PI344,I14,BJFS-53,1533,3,7,2025-11-06 10:19:06.728658,343687.24,6297385.97
PI344,I14,FLXT-21,1918,4,8,2025-11-06 10:19:06.728659,343687.24,6297385.97
PI344,404,PFYC-58,939,0,3,2025-11-06 10:19:06.728660,343687.24,6297385.97
PI344,404,PFYC-16,2465,6,10,2025-11-06 10:19:06.728660,343687.24,6297385.97
PD1042,D09,SVDC-50,2824,7,11,2025-11-06 10:21:01.445322,356363.381,6296254.359
PD1042,D09,SVDD-70,2771,7,11,2025-11-06 10:21:01.445328,356363.381,6296254.359
PD1042,D11,SVDD-55,366,0,3,2025-11-06 10:21:01.445329,356363.381,6296254.359
PD1042,D11,SVDC-61,1563,3,7,2025-11-06 10:21:01.445330,356363.381,6296254.359
PI1637,329,FLXR-16,2655,6,10,2025-11-06 10:23:41.375197,340585.3,6289322.177
PI1637,329,FLXR-17,4991,14,18,2025-11-06 10:23:41.375202,340585.3,6289322.177
PD317,513,LZPH-42,403,0,3,2025-11-06 10:25:13.226272,351871.868,6297113.704
PD317,513,VJBC-20,1951,4,8,2025-11-06 10:25:13.226277,351871.868,6297113.704
PD317,514,TBFP-68,2973,7,11,2025-11-06 10:25:13.226279,351871.868,6297113.704
PD317,514,FLXW-59,3762,10,14,2025-11-06 10:25:13.226280,351871.868,6297113.704
PD317,D03,SVDC-93,2468,6,10,2025-11-06 10:25:13.226281,351871.868,6297113.704
PD317,D03,STRJ-57,2514,6,10,2025-11-06 10:25:13.226282,351871.868,6297113.704
PD317,227,VFPD-51,1615,3,7,2025-11-06 10:25:13.226283,351871.868,6297113.704
PD317,227,VFHL-66,4200,11,15,2025-11-06 10:25:13.226284,351871.868,6297113.704
PD317,422,TBFX-14,932,0,3,2025-11-06 10:25:13.226285,351871.868,6297113.704
PD317,422,TBFS-35,2098,5,9,2025-11-06 10:25:13.226286,351871.868,6297113.704
PD317,505,VJBB-51,75,0,3,2025-11-06 10:25:13.226287,351871.868,6297113.704
PD317,505,VHZX-21,2031,4,8,2025-11-06 10:25:13.226288,351871.868,6297113.704
PD317,403,PFTW-28,1719,3,7,2025-11-06 10:25:13.226289,351871.868,6297113.704
PD317,403,PFTW-36,1719,3,7,2025-11-06 10:25:13.226290,351871.868,6297113.704
PI300,I35,SFPF-88,2933,7,11,2025-11-06 10:26:40.985865,335853.1,6288038.33
PI300,I35,SCRZ-29,3184,8,12,2025-11-06 10:26:40.985870,335853.1,6288038.33
PI300,113,FLXY-27,1854,4,8,2025-11-06 10:26:40.985871,335853.1,6288038.33
PI300,113,FLXX-63,7106,20,24,2025-11-06 10:26:40.985872,335853.1,6288038.33
PI300,113c,FLXZ-19,9681,31,60,2025-11-06 10:26:40.985873,335853.1,6288038.33
PI300,I04,FLXZ-61,3014,8,12,2025-11-06 10:26:40.985874,335853.1,6288038.33
PI300,I04,FLXZ-67,5396,15,19,2025-11-06 10:26:40.985874,335853.1,6288038.33
PI300,I11,RWRP-56,936,0,3,2025-11-06 10:26:40.985875,335853.1,6288038.33
PI300,I11,FLXZ-16,4646,13,17,2025-11-06 10:26:40.985876,335853.1,6288038.33
PI300,115,PFXB-62,2978,7,11,2025-11-06 10:26:40.985877,335853.1,6288038.33
PI300,115,GCBF-21,7679,22,26,2025-11-06 10:26:40.985878,335853.1,6288038.33
PI300,111,FLXY-24,482,0,2,2025-11-06 10:26:40.985878,335853.1,6288038.33
PI300,111,FLXZ-30,3501,9,13,2025-11-06 10:26:40.985879,335853.1,6288038.33
PG217,G11,THTG-88,2393,6,10,2025-11-06 10:27:43.244562,347439.427,6287469.428
PG217,G11,THTG-81,7147,21,25,2025-11-06 10:27:43.244567,347439.427,6287469.428
PG217,118,FLXS-66,13037,41,60,2025-11-06 10:27:43.244568,347439.427,6287469.428
PG217,118,CJRZ-83,13492,43,60,2025-11-06 10:27:43.244569,347439.427,6287469.428
PG217,211,TBYY-58,13102,41,60,2025-11-06 10:27:43.244569,347439.427,6287469.428
PG217,211,TBYY-55,13102,41,60,2025-11-06 10:27:43.244570,347439.427,6287469.428
PJ977,J13,BJFD-73,1296,0,4,2025-11-06 10:28:20.762744,339995.367,6299259.269
PJ977,J13,PFXC-50,4288,12,16,2025-11-06 10:28:20.762750,339995.367,6299259.269
PJ977,J13c,FLXV-45,1296,0,4,2025-11-06 10:28:20.762751,339995.367,6299259.269
PJ977,J13c,FLXG-23,5361,15,19,2025-11-06 10:28:20.762752,339995.367,6299259.269
PI1622,115,FLXV-88,1741,3,7,2025-11-06 10:31:09.250280,340997.64,6291498.63
PI1622,115,FLXW-41,5520,15,19,2025-11-06 10:31:09.250284,340997.64,6291498.63
PI1622,115c,GCBC-45,15140,48,60,2025-11-06 10:31:09.250285,340997.64,6291498.63
PI1622,109,FLXS-80,3045,8,12,2025-11-06 10:31:09.250286,340997.64,6291498.63
PI1622,109,FLXS-97,7894,23,27,2025-11-06 10:31:09.250287,340997.64,6291498.63
PI1622,113,FLXY-81,944,0,3,2025-11-06 10:31:09.250288,340997.64,6291498.63
PI1622,113,FLXY-58,8841,28,60,2025-11-06 10:31:09.250288,340997.64,6291498.63
PI1622,113c,FLXZ-19,3496,9,13,2025-11-06 10:31:09.250289,340997.64,6291498.63
PI1622,108,PGPS-89,1645,3,7,2025-11-06 10:31:09.250290,340997.64,6291498.63
PI1622,108,PFVD-33,5539,15,19,2025-11-06 10:31:09.250291,340997.64,6291498.63
PJ45,109,TBFR-43,6664,19,23,2025-11-06 10:31:40.491163,342708.4,6298910.19
PJ45,109,FLXV-49,7000,20,24,2025-11-06 10:31:40.491168,342708.4,6298910.19
PJ45,105,SJPD-89,0,0,3,2025-11-06 10:31:40.491169,342708.4,6298910.19
PJ45,105,SJPC-36,2616,6,10,2025-11-06 10:31:40.491170,342708.4,6298910.19
PJ45,120,SKHG-39,224,0,3,2025-11-06 10:31:40.491171,342708.4,6298910.19
PJ45,120,SKHG-40,1345,0,4,2025-11-06 10:31:40.491172,342708.4,6298910.19
PJ45,B28,STHD-54,922,0,3,2025-11-06 10:31:40.491173,342708.4,6298910.19
PJ45,B28,STHF-62,2209,5,9,2025-11-06 10:31:40.491174,342708.4,6298910.19
PJ45,J01,FLXD-52,620,0,2,2025-11-06 10:31:40.491175,342708.4,6298910.19
PJ45,J01,FLXD-48,1630,3,7,2025-11-06 10:31:40.491175,342708.4,6298910.19
PJ45,J05,FLXK-30,333,0,3,2025-11-06 10:31:40.491176,342708.4,6298910.19
PJ45,J05,TBFX-70,3846,10,14,2025-11-06 10:31:40.491177,342708.4,6298910.19
PC751,C07,LDTB-41,4424,12,16,2025-11-06 10:31:58.255388,353661.244,6304382.497
PC751,C07,LDJW-52,4683,13,17,2025-11-06 10:31:58.255397,353661.244,6304382.497
PI607,I02,FLXZ-39,532,0,2,2025-11-06 10:32:43.245170,337837.293,6291604.419
PI607,I02,FLXY-75,4516,12,16,2025-11-06 10:32:43.245175,337837.293,6291604.419
PI607,509,FDJX-77,672,0,2,2025-11-06 10:32:43.245176,337837.293,6291604.419
PI607,509,CJRW-73,1284,0,4,2025-11-06 10:32:43.245177,337837.293,6291604.419
PI607,423,PFVJ-17,6316,18,22,2025-11-06 10:32:43.245178,337837.293,6291604.419
PI607,423,PFYR-95,7550,22,26,2025-11-06 10:32:43.245178,337837.293,6291604.419
PJ11,101,PGPT-32,2197,5,9,2025-11-06 10:33:20.543942,341304.825,6299074.665
PJ11,101,PFVJ-20,5796,16,20,2025-11-06 10:33:20.543946,341304.825,6299074.665
PJ11,107,PFYC-48,445,0,3,2025-11-06 10:33:20.543948,341304.825,6299074.665
PJ11,107,PGBY-60,191,0,3,2025-11-06 10:33:20.543948,341304.825,6299074.665
PB299,B35,SKPH-75,6245,18,22,2025-11-06 10:37:30.583839,347490.838,6305297.889
PB299,B35,SHXD-68,6583,19,23,2025-11-06 10:37:30.583844,347490.838,6305297.889
PB299,203,GCBF-52,162,0,3,2025-11-06 10:37:30.583846,347490.838,6305297.889
PB299,208,SHCX-40,360,0,3,2025-11-06 10:37:30.583847,347490.838,6305297.889
PB299,208,LZPW-12,1170,0,4,2025-11-06 10:37:30.583848,347490.838,6305297.889
PB299,117,PGBY-36,1055,0,3,2025-11-06 10:37:30.583849,347490.838,6305297.889
PB299,117,SPBL-88,7501,22,26,2025-11-06 10:37:30.583850,347490.838,6305297.889
PB299,C18,SKPH-71,2932,7,11,2025-11-06 10:37:30.583851,347490.838,6305297.889
PB299,C18,SHCX-29,3016,8,12,2025-11-06 10:37:30.583852,347490.838,6305297.889
PB299,B05,SPCG-90,3412,9,13,2025-11-06 10:37:30.583862,347490.838,6305297.889
PI655,I10,FLXL-64,2543,6,10,2025-11-06 10:38:05.388755,336250.302,6290674.575
PI655,I10,FLXF-86,3848,10,14,2025-11-06 10:38:05.388760,336250.302,6290674.575
PI655,421,PDYR-94,1986,4,8,2025-11-06 10:38:05.388761,336250.302,6290674.575
PI655,421,PFBG-26,5842,16,20,2025-11-06 10:38:05.388763,336250.302,6290674.575
PI655,423,PFYR-75,1502,3,7,2025-11-06 10:38:05.388764,336250.302,6290674.575
PI655,423,PFVC-58,2361,5,9,2025-11-06 10:38:05.388764,336250.302,6290674.575
PI655,481,PFYS-22,691,0,2,2025-11-06 10:38:05.388765,336250.302,6290674.575
PI655,481,PFVJ-14,4092,11,15,2025-11-06 10:38:05.388766,336250.302,6290674.575
PI655,I01,FLXJ-22,4530,12,16,2025-11-06 10:38:05.388767,336250.302,6290674.575
PD139,D20,SVDF-57,2178,5,9,2025-11-06 10:40:15.873663,354939.827,6291260.308
PD139,D20,SVDC-25,4598,13,17,2025-11-06 10:40:15.873668,354939.827,6291260.308
PF606,F14,SPRY-98,0,0,3,2025-11-06 10:41:24.108799,351152.106,6282755.94
PC338,502,GCBC-91,2686,6,10,2025-11-06 10:42:38.084172,350351.0,6301690.26
PC338,502,TBFW-12,3652,10,14,2025-11-06 10:42:38.084176,350351.0,6301690.26
PC338,542,TBFT-64,2005,4,8,2025-11-06 10:42:38.084178,350351.0,6301690.26
PC338,542,TBFW-56,3983,11,15,2025-11-06 10:42:38.084178,350351.0,6301690.26
PC338,409,SPBS-42,3444,9,13,2025-11-06 10:42:38.084179,350351.0,6301690.26
PC338,409,PGLD-78,5815,16,20,2025-11-06 10:42:38.084180,350351.0,6301690.26
PC338,411,PGWV-12,2500,6,10,2025-11-06 10:42:38.084181,350351.0,6301690.26
PC338,411,PGLD-52,4948,14,18,2025-11-06 10:42:38.084182,350351.0,6301690.26
PH637,H09,VGRB-23,263,0,3,2025-11-06 10:43:42.065042,348609.892,6292947.306
PH637,H09,VGRB-73,5460,15,19,2025-11-06 10:43:42.065047,348609.892,6292947.306
PJ709,502,GCBF-35,696,0,2,2025-11-06 10:44:16.585558,335875.37,6301338.997
PJ709,502,BJFF-50,1010,0,3,2025-11-06 10:44:16.585562,335875.37,6301338.997
PJ709,511,TBFX-37,390,0,3,2025-11-06 10:44:16.585563,335875.37,6301338.997
PJ709,J04,TBFT-36,1006,0,3,2025-11-06 10:44:16.585564,335875.37,6301338.997
PJ709,J05,TBFT-49,390,0,3,2025-11-06 10:44:16.585565,335875.37,6301338.997
PB483,428,SHCV-84,337,0,3,2025-11-06 10:47:30.949657,336273.778,6304433.577
PB483,428,SJPD-75,2930,7,11,2025-11-06 10:47:30.949662,336273.778,6304433.577
PB483,110c,BJFC-24,867,0,3,2025-11-06 10:47:30.949663,336273.778,6304433.577
PB483,110c,GCBC-43,4981,14,18,2025-11-06 10:47:30.949664,336273.778,6304433.577
PJ1732,J08,FLXT-66,1184,0,4,2025-11-06 10:49:07.374208,336297.839,6295977.968
PJ1732,J08,FLXT-59,4177,11,15,2025-11-06 10:49:07.374214,336297.839,6295977.968
PJ1732,424,PFXC-76,586,0,2,2025-11-06 10:49:07.374215,336297.839,6295977.968
PJ1732,424,PFXB-95,4261,11,15,2025-11-06 10:49:07.374216,336297.839,6295977.968
PJ1732,111,FLXZ-92,1748,4,8,2025-11-06 10:49:07.374217,336297.839,6295977.968
PJ1732,111,FLXY-49,3201,8,12,2025-11-06 10:49:07.374218,336297.839,6295977.968
PJ516,508,PFXB-76,2361,5,9,2025-11-06 10:50:12.713867,339605.034,6300399.999
PJ516,508,FLXV-44,2567,6,10,2025-11-06 10:50:12.713872,339605.034,6300399.999
PJ516,J03,FLXG-25,2662,6,10,2025-11-06 10:50:12.713873,339605.034,6300399.999
PJ516,J03,FLXG-29,3191,8,12,2025-11-06 10:50:12.713874,339605.034,6300399.999
PJ561,J01,FLXG-26,674,0,2,2025-11-06 10:51:43.646815,339894.163,6298716.201
PJ561,J01,FLXD-36,3526,9,13,2025-11-06 10:51:43.646820,339894.163,6298716.201
PJ561,412,PFTW-48,0,0,3,2025-11-06 10:51:43.646821,339894.163,6298716.201
PJ561,412,PFVG-94,5854,16,20,2025-11-06 10:51:43.646822,339894.163,6298716.201
PJ561,J08,FLXT-60,464,0,3,2025-11-06 10:51:43.646824,339894.163,6298716.201
PJ561,J08,FLXT-63,6440,18,22,2025-11-06 10:51:43.646825,339894.163,6298716.201
PJ561,J13,TBFT-98,921,0,3,2025-11-06 10:51:43.646826,339894.163,6298716.201
PJ561,J18,VHXJ-22,1028,0,3,2025-11-06 10:51:43.646827,339894.163,6298716.201
PE86,204,VFPK-91,55,0,3,2025-11-06 10:52:26.156756,351190.22,6286581.59
PE86,204,VFRB-54,389,0,3,2025-11-06 10:52:26.156761,351190.22,6286581.59
PE86,224,VFPX-53,830,0,3,2025-11-06 10:52:26.156762,351190.22,6286581.59
PE86,224,VFPJ-51,4192,11,15,2025-11-06 10:52:26.156763,351190.22,6286581.59
PE86,325,VFJP-23,0,0,3,2025-11-06 10:52:26.156764,351190.22,6286581.59
PE86,325,VJXW-69,4664,13,17,2025-11-06 10:52:26.156765,351190.22,6286581.59
PE86,E15c,VFKR-64,2258,5,9,2025-11-06 10:52:26.156766,351190.22,6286581.59
PE86,234,SDGY-19,601,0,2,2025-11-06 10:52:26.156766,351190.22,6286581.59
PE86,234,SVPW-56,3864,10,14,2025-11-06 10:52:26.156775,351190.22,6286581.59
PE86,244,SFWZ-17,2076,5,9,2025-11-06 10:52:26.156776,351190.22,6286581.59
PE86,244,SFWB-72,8392,26,60,2025-11-06 10:52:26.156777,351190.22,6286581.59
PB459,B45,VHSY-36,1866,4,8,2025-11-06 10:53:36.126201,338399.32,6306754.68
PB459,B45,VHSZ-37,1911,4,8,2025-11-06 10:53:36.126206,338399.32,6306754.68
PB459,B08,SHXF-45,3879,10,14,2025-11-06 10:53:36.126207,338399.32,6306754.68
PB459,B08,SHCX-54,5578,16,20,2025-11-06 10:53:36.126208,338399.32,6306754.68
PB459,B18,STHF-88,577,0,2,2025-11-06 10:53:36.126209,338399.32,6306754.68
PB459,B18,STHR-80,2060,5,9,2025-11-06 10:53:36.126210,338399.32,6306754.68
PB459,B32,LDJW-42,1769,4,8,2025-11-06 10:53:36.126211,338399.32,6306754.68
PB459,B32,STHB-62,6844,20,24,2025-11-06 10:53:36.126212,338399.32,6306754.68
PB459,428,SLGS-94,1449,3,7,2025-11-06 10:53:36.126213,338399.32,6306754.68
PB459,428,SHCX-36,3891,10,14,2025-11-06 10:53:36.126213,338399.32,6306754.68
PB459,428e,SKPH-68,4608,13,17,2025-11-06 10:53:36.126214,338399.32,6306754.68
PB459,428e,SLLZ-40,4608,13,17,2025-11-06 10:53:36.126215,338399.32,6306754.68
PB459,303,FLXF-71,2468,6,10,2025-11-06 10:53:36.126216,338399.32,6306754.68
PB459,303,FLXL-41,3633,9,13,2025-11-06 10:53:36.126216,338399.32,6306754.68
PB459,314,TWPD-34,1061,0,3,2025-11-06 10:53:36.126217,338399.32,6306754.68
PB459,314,TWPD-56,2060,5,9,2025-11-06 10:53:36.126218,338399.32,6306754.68
PA311,121,BJFT-96,1643,3,7,2025-11-06 10:53:52.828308,344892.95,6298697.16
PJ1598,J07e,VHZW-90,11348,36,60,2025-11-06 10:54:50.938156,330732.277,6304607.826
PD1375,286,SFGY-86,3808,10,14,2025-11-06 10:55:39.136305,353617.602,6299661.136
PD1375,286,SCRZ-34,6757,19,23,2025-11-06 10:55:39.136310,353617.602,6299661.136
PD1375,216,GCBF-46,2399,6,10,2025-11-06 10:55:39.136311,353617.602,6299661.136
PD1375,216,LXWT-96,3097,8,12,2025-11-06 10:55:39.136312,353617.602,6299661.136
PB1440,B22,SKPS-47,2050,4,8,2025-11-06 10:58:24.128292,347214.237,6303833.252
PB1440,B22,SKPS-15,3968,11,15,2025-11-06 10:58:24.128297,347214.237,6303833.252
PF98,F01,SPVW-73,0,0,3,2025-11-06 10:59:15.847989,353603.345,6281250.572
PF98,F01,SPVT-75,2779,7,11,2025-11-06 10:59:15.847994,353603.345,6281250.572
PF98,F13,SRPJ-99,0,0,3,2025-11-06 10:59:15.847995,353603.345,6281250.572
PF98,F13,SRRW-73,1156,0,4,2025-11-06 10:59:15.847996,353603.345,6281250.572
PF98,F15,LCTG-38,3362,9,13,2025-11-06 10:59:15.847997,353603.345,6281250.572
PF98,F15,LCPG-49,5187,14,18,2025-11-06 10:59:15.847998,353603.345,6281250.572
PF98,205,LZRD-74,192,0,3,2025-11-06 10:59:15.847999,353603.345,6281250.572
PF98,205,SXKV-92,1055,0,3,2025-11-06 10:59:15.848000,353603.345,6281250.572
PF98,205c,VFPX-13,2258,5,9,2025-11-06 10:59:15.848001,353603.345,6281250.572
PC923,C13,SJPD-74,7892,23,27,2025-11-06 11:00:26.055249,359954.5,6309860.577
PC923,C13,SJPB-27,14241,45,60,2025-11-06 11:00:26.055253,359954.5,6309860.577
PI287,115,TBFS-54,3455,9,13,2025-11-06 11:04:39.189842,339055.327,6290293.351
PI287,115,FLXW-30,6290,18,22,2025-11-06 11:04:39.189847,339055.327,6290293.351
PI287,113,FLXW-73,763,0,2,2025-11-06 11:04:39.189848,339055.327,6290293.351
PI287,113,FLXZ-27,1177,0,4,2025-11-06 11:04:39.189849,339055.327,6290293.351
PI1016,404,PFVG-95,5240,15,19,2025-11-06 11:07:24.806702,337952.661,6295231.725
PI1016,404,PFYC-69,9222,29,60,2025-11-06 11:07:24.806706,337952.661,6295231.725
PI1016,I20,FLXL-72,792,0,3,2025-11-06 11:07:24.806707,337952.661,6295231.725
PI1016,I20,FLXL-82,6587,19,23,2025-11-06 11:07:24.806708,337952.661,6295231.725
PI887,I04,FLXY-36,2827,7,11,2025-11-06 11:07:51.008969,339345.206,6291430.569
PI887,I04,FLXZ-63,4848,13,17,2025-11-06 11:07:51.008974,339345.206,6291430.569
PI887,I18,FLXZ-52,8912,28,60,2025-11-06 11:07:51.008975,339345.206,6291430.569
PB1442,B22,SKPS-49,842,0,3,2025-11-06 11:08:41.213187,346271.364,6303826.297
PE495,E06,FLXT-15,916,0,3,2025-11-06 11:09:02.318596,352437.32,6289951.264
PI1559,506v,TBFV-13,2214,5,9,2025-11-06 11:09:37.270534,335240.973,6288381.69
PF435,F09,LCPG-41,4607,13,17,2025-11-06 11:09:57.232649,354807.309,6283726.216
PF435,210v,VGBV-51,1080,0,3,2025-11-06 11:09:57.232654,354807.309,6283726.216
PF435,F06,SHCY-61,819,0,3,2025-11-06 11:09:57.232655,354807.309,6283726.216
PC943,C14,SKPP-15,728,0,2,2025-11-06 11:11:23.545336,356312.268,6307636.411
PC943,C14,SJPD-83,3241,8,12,2025-11-06 11:11:23.545341,356312.268,6307636.411
PJ464,505,VJJW-98,38,0,3,2025-11-06 11:11:48.334822,340327.463,6301444.183
PJ464,505,VJJV-88,1689,3,7,2025-11-06 11:11:48.334828,340327.463,6301444.183
PJ464,513,LZPH-42,5776,16,20,2025-11-06 11:11:48.334829,340327.463,6301444.183
PJ464,513,VJBC-20,6284,18,22,2025-11-06 11:11:48.334830,340327.463,6301444.183
PE1277,G01,THTD-40,1687,3,7,2025-11-06 11:12:28.328016,348248.668,6288686.97
PE1277,G01,THTF-62,3377,9,13,2025-11-06 11:12:28.328021,348248.668,6288686.97
PH650,H09,VGRC-93,606,0,2,2025-11-06 11:15:39.166739,347015.342,6293531.315
PE322,E02,VKJZ-71,0,0,3,2025-11-06 11:17:09.989282,350923.32,6286933.737
PE322,E02,VKJX-68,5222,14,18,2025-11-06 11:17:09.989287,350923.32,6286933.737
PE322,E12,VFJD-87,3587,9,13,2025-11-06 11:17:09.989289,350923.32,6286933.737
PE322,E12,VJZH-84,7494,22,26,2025-11-06 11:17:09.989290,350923.32,6286933.737
PG1187,G11,THTG-88,2945,7,11,2025-11-06 11:17:49.312810,346224.875,6283389.776
PG1187,G11,THTG-89,4526,12,16,2025-11-06 11:17:49.312815,346224.875,6283389.776
PG1187,G13,SCRZ-35,1283,0,4,2025-11-06 11:17:49.312816,346224.875,6283389.776
PG1187,G13,SCRZ-12,2990,7,11,2025-11-06 11:17:49.312817,346224.875,6283389.776
PG1187,206,FLXY-57,785,0,2,2025-11-06 11:17:49.312818,346224.875,6283389.776
PB1394,B20,SKHG-57,3573,9,13,2025-11-06 11:20:30.391079,343020.983,6301294.618
PB1394,B20,LXDJ-20,4620,13,17,2025-11-06 11:20:30.391085,343020.983,6301294.618
PB1394,B29,LXDJ-22,4122,11,15,2025-11-06 11:20:30.391086,343020.983,6301294.618
PB1394,B29,SKHG-73,3989,11,15,2025-11-06 11:20:30.391087,343020.983,6301294.618
PF550,F12,STHF-57,3892,10,14,2025-11-06 11:21:52.803208,352706.477,6278423.205
PF550,124,STHD-26,4484,12,16,2025-11-06 11:21:52.803213,352706.477,6278423.205
PE130,210,RWTP-92,1482,3,7,2025-11-06 11:22:24.010239,352257.478,6287798.906
PE130,210,LZRB-95,1482,3,7,2025-11-06 11:22:24.010244,352257.478,6287798.906
PE130,210v,VFPW-13,1628,3,7,2025-11-06 11:22:24.010245,352257.478,6287798.906
PE130,210v,VGBW-98,2365,5,9,2025-11-06 11:22:24.010246,352257.478,6287798.906
PJ991,426,FLXH-90,5372,15,19,2025-11-06 11:22:54.484114,339046.464,6298095.17
PJ991,426,FLXD-42,7986,23,27,2025-11-06 11:22:54.484118,339046.464,6298095.17
PJ991,422,TBFS-35,1762,4,8,2025-11-06 11:22:54.484119,339046.464,6298095.17
PJ991,422,TBFX-14,3735,10,14,2025-11-06 11:22:54.484120,339046.464,6298095.17
PJ991,402,SHXG-36,3026,8,12,2025-11-06 11:22:54.484121,339046.464,6298095.17
PJ991,402,PFYC-36,6774,19,23,2025-11-06 11:22:54.484122,339046.464,6298095.17
PJ991,511,TBFP-85,5690,16,20,2025-11-06 11:22:54.484123,339046.464,6298095.17
PJ991,511,PFXC-22,12852,41,60,2025-11-06 11:22:54.484124,339046.464,6298095.17
PJ991,406,TBFT-28,128,0,3,2025-11-06 11:22:54.484125,339046.464,6298095.17
PJ991,406,GCBD-54,58,0,3,2025-11-06 11:22:54.484126,339046.464,6298095.17
PJ991,407,GCBD-25,359,0,3,2025-11-06 11:22:54.484127,339046.464,6298095.17
PJ991,407,GCBC-62,3381,9,13,2025-11-06 11:22:54.484128,339046.464,6298095.17
PD116,519,RKXL-27,0,0,3,2025-11-06 11:23:24.801128,350994.652,6296189.178
PD116,519,RKXL-33,5483,15,19,2025-11-06 11:23:24.801133,350994.652,6296189.178
PD116,516,TBFS-48,2615,6,10,2025-11-06 11:23:24.801134,350994.652,6296189.178
PD116,516,PFXB-80,5153,14,18,2025-11-06 11:23:24.801135,350994.652,6296189.178
PD116,506,GCBD-51,523,0,3,2025-11-06 11:23:24.801135,350994.652,6296189.178
PD116,506,GCBC-89,4181,27,60,2025-11-06 11:23:24.801136,350994.652,6296189.178
PD116,506v,TBFT-40,4181,11,15,2025-11-06 11:23:24.801137,350994.652,6296189.178
PD116,506v,PFXC-25,6897,20,24,2025-11-06 11:23:24.801138,350994.652,6296189.178
PD116,507,PFXB-90,5149,14,18,2025-11-06 11:23:24.801139,350994.652,6296189.178
PD116,507,FLXV-70,5544,16,20,2025-11-06 11:23:24.801139,350994.652,6296189.178
PD116,510,TBFR-15,4791,13,17,2025-11-06 11:23:24.801140,350994.652,6296189.178
PD116,510,TBFX-49,10571,33,60,2025-11-06 11:23:24.801141,350994.652,6296189.178
PD116,511,TBFW-18,4783,13,17,2025-11-06 11:23:24.801142,350994.652,6296189.178
PD116,511,TBFX-75,12827,41,60,2025-11-06 11:23:24.801142,350994.652,6296189.178
PB1443,B22,SKPS-15,2053,4,8,2025-11-06 11:23:50.793022,345428.672,6304118.122
PJ424,407,TBFS-66,37,0,3,2025-11-06 11:24:28.041350,335339.179,6298882.122
PJ424,514,GCBC-85,694,0,2,2025-11-06 11:24:28.041355,335339.179,6298882.122
PF1019,F15,TXZH-42,2577,6,10,2025-11-06 11:25:21.213526,350348.652,6278995.25
PI1268,I16,FLXL-86,1647,3,7,2025-11-06 11:25:49.726557,342775.443,6296561.155
PI1268,I16,FLXL-55,4701,13,17,2025-11-06 11:25:49.726562,342775.443,6296561.155
PI1268,I17,FLXK-45,0,0,3,2025-11-06 11:25:49.726563,342775.443,6296561.155
PI1268,I17,FLXK-52,236,0,3,2025-11-06 11:25:49.726564,342775.443,6296561.155
PF1099,F27,SPRY-91,3421,9,13,2025-11-06 11:28:13.892390,357025.32,6283881.48
PF1099,F27,SPRY-40,4003,11,15,2025-11-06 11:28:13.892395,357025.32,6283881.48
PB1706,B10,STHJ-74,305,0,3,2025-11-06 11:28:56.089802,344684.975,6303974.452
PB1706,B10,FLXS-61,1570,3,7,2025-11-06 11:28:56.089807,344684.975,6303974.452
PB1706,B22,SKPS-25,375,0,3,2025-11-06 11:28:56.089808,344684.975,6303974.452
PB1706,B22,SKPS-10,1736,3,7,2025-11-06 11:28:56.089809,344684.975,6303974.452
PB1706,230,GCBB-33,377,0,3,2025-11-06 11:28:56.089810,344684.975,6303974.452
PB1706,230,GCBB-55,3133,8,12,2025-11-06 11:28:56.089810,344684.975,6303974.452
PE10,114,SKWD-36,4061,11,15,2025-11-06 11:29:38.469234,353337.494,6289733.205
PE10,114,LDSV-96,5733,16,20,2025-11-06 11:29:38.469239,353337.494,6289733.205
PE10,108,PFVD-56,3017,8,12,2025-11-06 11:29:38.469240,353337.494,6289733.205
PE10,108,PFVG-59,5922,17,21,2025-11-06 11:29:38.469241,353337.494,6289733.205
PE10,712,SHCX-28,0,0,3,2025-11-06 11:29:38.469242,353337.494,6289733.205
PE10,712,SHCW-74,7591,22,26,2025-11-06 11:29:38.469243,353337.494,6289733.205
PE10,124,LCTG-47,2241,5,9,2025-11-06 11:29:38.469244,353337.494,6289733.205
PE10,124,SPZY-41,2475,6,10,2025-11-06 11:29:38.469244,353337.494,6289733.205
PE10,102,LBTT-19,2713,7,11,2025-11-06 11:29:38.469246,353337.494,6289733.205
PE10,102,SPZX-95,4286,12,16,2025-11-06 11:29:38.469246,353337.494,6289733.205
PE10,104,SKWD-71,5583,16,20,2025-11-06 11:29:38.469247,353337.494,6289733.205
PE10,104,SKWD-79,7070,20,24,2025-11-06 11:29:38.469248,353337.494,6289733.205
PC848,C09,LDTB-95,602,0,2,2025-11-06 11:30:02.810367,358401.302,6309499.874
PC848,C09,LDTB-92,4068,11,15,2025-11-06 11:30:02.810374,358401.302,6309499.874
PC848,C19,SGPY-61,1054,0,3,2025-11-06 11:30:02.810376,358401.302,6309499.874
PC848,C19,SKPJ-84,5402,15,19,2025-11-06 11:30:02.810378,358401.302,6309499.874
PE569,F25,LCTG-42,1064,0,3,2025-11-06 11:30:37.719899,352792.672,6287732.801
PE569,F25,LBTT-16,7358,21,25,2025-11-06 11:30:37.719904,352792.672,6287732.801
PE569,E08,VKJX-84,917,0,3,2025-11-06 11:30:37.719905,352792.672,6287732.801
PD702,514,LXWR-94,0,0,3,2025-11-06 11:31:55.114745,353031.983,6295205.464
PD702,514,FLXS-96,1925,4,8,2025-11-06 11:31:55.114749,353031.983,6295205.464
PD702,D07,SVDC-57,1340,0,4,2025-11-06 11:31:55.114750,353031.983,6295205.464
PD702,D07,SVDB-99,3484,9,13,2025-11-06 11:31:55.114751,353031.983,6295205.464
PG1444,G08v,FLXV-19,6642,19,23,2025-11-06 11:32:23.954692,343335.432,6282110.911
PG1444,G08v,FLXX-13,7342,21,25,2025-11-06 11:32:23.954697,343335.432,6282110.911
PE476,E05,BJFS-80,492,0,2,2025-11-06 11:32:41.298094,350756.86,6290681.9
PE476,E05,BJFX-11,1732,3,7,2025-11-06 11:32:41.298099,350756.86,6290681.9
PE476,385,FLXL-83,492,0,2,2025-11-06 11:32:41.298100,350756.86,6290681.9
PE476,385,FLXL-30,1268,0,4,2025-11-06 11:32:41.298101,350756.86,6290681.9
PI1237,345,FLXF-52,684,0,2,2025-11-06 11:33:15.583076,344575.475,6293464.466
PI1237,345,FLXF-19,2955,7,11,2025-11-06 11:33:15.583081,344575.475,6293464.466
PE745,E12,VFKR-65,2075,5,9,2025-11-06 11:33:38.486460,354227.779,6285773.98
PE745,E12,VFJD-87,8408,27,60,2025-11-06 11:33:38.486464,354227.779,6285773.98
PF29,712,SJPC-39,2657,6,10,2025-11-06 11:33:59.540513,355096.718,6283785.711
PF29,712,SJPF-90,5322,15,19,2025-11-06 11:33:59.540518,355096.718,6283785.711
PF29,F08,SPVW-82,2932,7,11,2025-11-06 11:33:59.540519,355096.718,6283785.711
PF29,F08,SPVT-94,5181,14,18,2025-11-06 11:33:59.540520,355096.718,6283785.711
PF29,F24,SPRV-91,314,0,3,2025-11-06 11:33:59.540521,355096.718,6283785.711
PF29,F24,SPRW-65,5043,14,18,2025-11-06 11:33:59.540521,355096.718,6283785.711
PF29,F27,SPRW-12,1042,0,3,2025-11-06 11:33:59.540522,355096.718,6283785.711
PF29,F27,SPRY-93,2431,6,10,2025-11-06 11:33:59.540523,355096.718,6283785.711
PF457,F06,LCPG-33,3030,8,12,2025-11-06 11:34:20.759960,354916.835,6282762.276
PF457,F06,SPZY-16,7547,22,26,2025-11-06 11:34:20.759964,354916.835,6282762.276
PF457,F09,LCPW-28,0,0,3,2025-11-06 11:34:20.759965,354916.835,6282762.276
PF457,210v,VFPW-13,3527,9,13,2025-11-06 11:34:20.759966,354916.835,6282762.276
PF457,210v,VGBW-98,4070,11,15,2025-11-06 11:34:20.759967,354916.835,6282762.276
PH1472,115,FLXW-30,0,0,3,2025-11-06 11:34:54.704153,344910.749,6294384.697
PH1472,115,FLXV-76,3757,10,14,2025-11-06 11:34:54.704158,344910.749,6294384.697
PH1472,125,CJRX-59,4265,11,15,2025-11-06 11:34:54.704159,344910.749,6294384.697
PH1472,125,FLXG-63,5119,14,18,2025-11-06 11:34:54.704160,344910.749,6294384.697
PH1472,113,FLXY-65,1387,0,4,2025-11-06 11:34:54.704161,344910.749,6294384.697
PH1472,113,FLXY-62,4029,11,15,2025-11-06 11:34:54.704162,344910.749,6294384.697
PC854,C13,SHXD-65,0,0,3,2025-11-06 11:35:52.863210,359472.414,6308703.741
PC854,C13,SHXG-37,669,0,2,2025-11-06 11:35:52.863215,359472.414,6308703.741
PC854,C16,LDTC-11,5295,15,19,2025-11-06 11:35:52.863217,359472.414,6308703.741
PC854,C16,LDTF-48,7906,23,27,2025-11-06 11:35:52.863218,359472.414,6308703.741
PI1518,419,PFTV-92,127,0,3,2025-11-06 11:36:21.943869,333035.939,6288460.569
PI1518,419,PFYG-98,763,0,2,2025-11-06 11:36:21.943874,333035.939,6288460.569
PI1518,I21,FLXJ-19,4802,13,17,2025-11-06 11:36:21.943875,333035.939,6288460.569
PI1518,108,PFVD-61,661,0,2,2025-11-06 11:36:21.943876,333035.939,6288460.569
PI1518,108,PFYS-31,1399,0,4,2025-11-06 11:36:21.943877,333035.939,6288460.569
PF1000,F26,SPVT-65,2759,7,11,2025-11-06 11:38:38.723115,353082.507,6280941.439
PF1000,F26,SPVV-87,3113,8,12,2025-11-06 11:38:38.723120,353082.507,6280941.439
PI190,109,CJRY-72,26755,14,3,2025-11-06 11:38:59.517142,334132.647,6289835.479
PI190,109,FLXK-29,28394,15,0,2025-11-06 11:38:59.517148,334132.647,6289835.479
PI190,I02,FLXZ-39,1099,0,3,2025-11-06 11:38:59.517149,334132.647,6289835.479
PC1152,D18,SVDC-50,1368,0,4,2025-11-06 11:39:38.485337,350461.186,6298143.962
PC1152,D18,SVDD-99,6607,19,23,2025-11-06 11:39:38.485341,350461.186,6298143.962
PJ1661,J07,VJJR-95,16125,51,60,2025-11-06 11:40:17.155585,330394.474,6298748.41
PJ1661,J07,VHZY-90,24387,77,60,2025-11-06 11:40:17.155591,330394.474,6298748.41
PJ1661,J11,FLXZ-86,2548,6,10,2025-11-06 11:40:17.155592,330394.474,6298748.41
PJ1661,J12,FLXG-31,4217,11,15,2025-11-06 11:40:17.155593,330394.474,6298748.41
PJ1661,J12,TBFW-41,6074,17,21,2025-11-06 11:40:17.155594,330394.474,6298748.41
PC164,C02,LCSX-46,1792,4,8,2025-11-06 11:41:37.600967,354235.665,6302270.216
PC164,C02,LDJT-66,3114,8,12,2025-11-06 11:41:37.600972,354235.665,6302270.216
PC164,401,PFTF-85,3600,9,13,2025-11-06 11:41:37.600973,354235.665,6302270.216
PC164,401,PDYH-31,7830,23,27,2025-11-06 11:41:37.600974,354235.665,6302270.216
PC164,421,PDYR-98,4437,12,16,2025-11-06 11:41:37.600975,354235.665,6302270.216
PC164,421,PFTF-89,6083,17,21,2025-11-06 11:41:37.600975,354235.665,6302270.216
PC164,407,TBFW-14,2932,7,11,2025-11-06 11:41:37.600976,354235.665,6302270.216
PC164,407,GCBD-71,3319,8,12,2025-11-06 11:41:37.600977,354235.665,6302270.216
PA30,201,FLXZ-99,1040,0,3,2025-11-06 11:42:21.436040,346003.99,6297728.01
PA30,201,GCBC-19,838,0,3,2025-11-06 11:42:21.436045,346003.99,6297728.01
PA30,509,CJRY-74,375,0,3,2025-11-06 11:42:21.436046,346003.99,6297728.01
PA30,509,FLXH-83,2645,6,10,2025-11-06 11:42:21.436047,346003.99,6297728.01
PB144,B02,FLXR-77,911,0,3,2025-11-06 11:43:00.039059,348237.496,6302756.753
PB144,B02,FLXR-75,4723,13,17,2025-11-06 11:43:00.039063,348237.496,6302756.753
PB144,116,LDJJ-69,1339,0,4,2025-11-06 11:43:00.039065,348237.496,6302756.753
PB144,116,FLXG-79,1490,3,7,2025-11-06 11:43:00.039065,348237.496,6302756.753
PD1319,511,TBFX-37,7096,20,24,2025-11-06 11:45:39.014276,349567.754,6294903.847
PD1319,511,TBFX-75,7036,20,24,2025-11-06 11:45:39.014280,349567.754,6294903.847
PF1027,F03,SPVW-15,4524,12,16,2025-11-06 11:47:33.105491,354292.25,6280271.76
PF1027,F03,FLXJ-38,8347,26,60,2025-11-06 11:47:33.105496,354292.25,6280271.76
PF1027,F14,SPRW-22,1021,0,3,2025-11-06 11:47:33.105498,354292.25,6280271.76
PF1027,F14,SPRY-89,866,0,3,2025-11-06 11:47:33.105498,354292.25,6280271.76
PF1027,F03c,SHXD-84,2815,7,11,2025-11-06 11:47:33.105499,354292.25,6280271.76
PF1027,F03c,SHCY-63,5734,16,20,2025-11-06 11:47:33.105501,354292.25,6280271.76
PB537,B21,SKDG-26,2138,5,9,2025-11-06 11:47:56.832300,337337.83,6307327.88
PB537,315e,TWPD-89,326,0,3,2025-11-06 11:47:56.832306,337337.83,6307327.88
PB537,315e,TWPD-72,1072,0,3,2025-11-06 11:47:56.832307,337337.83,6307327.88
PD242,517,VHZV-51,3270,8,12,2025-11-06 11:48:21.478697,355623.58,6298620.105
PD242,517,SRTK-20,4085,11,15,2025-11-06 11:48:21.478702,355623.58,6298620.105
PD242,D11,SPBF-24,3677,10,14,2025-11-06 11:48:21.478704,355623.58,6298620.105
PD242,D11,SVDD-55,4871,13,17,2025-11-06 11:48:21.478705,355623.58,6298620.105
PD242,225,VFKV-88,1777,4,8,2025-11-06 11:48:21.478706,355623.58,6298620.105
PD242,225,VFKV-90,4668,13,17,2025-11-06 11:48:21.478707,355623.58,6298620.105
PJ229,507,FLXV-64,666,0,2,2025-11-06 11:49:49.016121,335697.242,6298902.527
PJ229,507,TBFW-61,1939,4,8,2025-11-06 11:49:49.016126,335697.242,6298902.527
PJ229,418,SKPL-33,489,0,2,2025-11-06 11:49:49.016127,335697.242,6298902.527
PJ229,418,SHXF-31,2867,7,11,2025-11-06 11:49:49.016128,335697.242,6298902.527
PB1920,308c,VHTB-46,0,0,3,2025-11-06 11:50:20.615645,339109.0,6306822.0
PB1920,308c,TWPD-87,2341,5,9,2025-11-06 11:50:20.615650,339109.0,6306822.0
PB1920,B11,SKDH-97,2546,6,10,2025-11-06 11:50:20.615651,339109.0,6306822.0
PB1920,425,SJPC-70,1837,4,8,2025-11-06 11:50:20.615652,339109.0,6306822.0
PB1920,425,SJPB-29,2115,5,9,2025-11-06 11:50:20.615653,339109.0,6306822.0
PB1920,429,SLPB-44,115,0,3,2025-11-06 11:50:20.615653,339109.0,6306822.0
PB1920,429,SLLZ-93,3012,8,12,2025-11-06 11:50:20.615654,339109.0,6306822.0
PB1920,435,SLPC-26,768,0,2,2025-11-06 11:50:20.615655,339109.0,6306822.0
PB1920,435,SLPC-12,3795,10,14,2025-11-06 11:50:20.615656,339109.0,6306822.0
PB1920,B06,SPCG-82,0,0,3,2025-11-06 11:50:20.615657,339109.0,6306822.0
PB1920,B06,SKDJ-86,2241,5,9,2025-11-06 11:50:20.615657,339109.0,6306822.0
PB1920,B21,SKDJ-76,875,0,3,2025-11-06 11:50:20.615658,339109.0,6306822.0
PB1920,B21,SKDG-26,3949,10,14,2025-11-06 11:50:20.615659,339109.0,6306822.0
PB1920,430,SHXG-39,0,0,3,2025-11-06 11:50:20.615660,339109.0,6306822.0
PB1920,430,PGLD-62,1257,0,4,2025-11-06 11:50:20.615660,339109.0,6306822.0
PB1920,308,FLXH-35,1934,4,8,2025-11-06 11:50:20.615661,339109.0,6306822.0
PG1153,G12,SHXB-12,2387,6,10,2025-11-06 11:50:44.778018,344193.264,6288608.566
PG1153,G12,SHXG-69,5453,15,19,2025-11-06 11:50:44.778023,344193.264,6288608.566
PG147,F20,SHCX-60,1087,0,3,2025-11-06 11:51:03.355512,346704.553,6283752.594
PG147,F20,SPZY-66,6885,20,24,2025-11-06 11:51:03.355516,346704.553,6283752.594
PG1216,G24,CJRL-65,3286,8,12,2025-11-06 11:51:32.967630,343834.77,6280041.77
PG1216,G24,FLXX-26,3081,8,12,2025-11-06 11:51:32.967635,343834.77,6280041.77
PG1216,G14,FLXD-22,0,0,3,2025-11-06 11:51:32.967636,343834.77,6280041.77
PG1216,G14,CJRL-60,1592,3,7,2025-11-06 11:51:32.967637,343834.77,6280041.77
PD296,412,PGBY-72,1233,0,4,2025-11-06 11:54:31.851916,356826.294,6297114.455
PI853,I03,FLXD-88,1491,3,7,2025-11-06 11:55:23.046152,340058.757,6295011.701
PI853,I03,FLXF-42,3822,10,14,2025-11-06 11:55:23.046158,340058.757,6295011.701
PC112,504,GCBD-32,266,0,3,2025-11-06 11:56:03.022590,354086.76,6299834.325
PC112,504,GCBD-37,1958,4,8,2025-11-06 11:56:03.022595,354086.76,6299834.325
PC112,C07,SKPJ-78,1537,3,7,2025-11-06 11:56:03.022596,354086.76,6299834.325
PC112,C07,LDJX-68,4538,12,16,2025-11-06 11:56:03.022597,354086.76,6299834.325
PC112,518,BFKC-87,3470,9,13,2025-11-06 11:56:03.022598,354086.76,6299834.325
PC112,D08,SVDC-28,274,0,3,2025-11-06 11:56:03.022599,354086.76,6299834.325
PC112,D08,SVDF-23,2070,5,9,2025-11-06 11:56:03.022600,354086.76,6299834.325
PC112,216,LZPT-44,1447,3,7,2025-11-06 11:56:03.022600,354086.76,6299834.325
PC112,216,LZPW-16,2825,7,11,2025-11-06 11:56:03.022601,354086.76,6299834.325
PC112,C05,LDTF-47,3259,8,12,2025-11-06 11:56:03.022602,354086.76,6299834.325
PC112,C05,LDTC-16,6940,20,24,2025-11-06 11:56:03.022603,354086.76,6299834.325
PC112,501,FLXV-98,0,0,3,2025-11-06 11:56:03.022613,354086.76,6299834.325
PC112,501,FLXW-32,2657,6,10,2025-11-06 11:56:03.022613,354086.76,6299834.325
PI371,401,PFTF-75,249,0,3,2025-11-06 11:56:52.983522,333356.92,6289126.721
PI371,401,PGBB-58,561,0,2,2025-11-06 11:56:52.983527,333356.92,6289126.721
PI371,423,PFYS-36,1,0,3,2025-11-06 11:56:52.983528,333356.92,6289126.721
PI371,106,PFYS-94,1242,0,4,2025-11-06 11:56:52.983529,333356.92,6289126.721
PI1360,I08,FLXG-69,1263,0,4,2025-11-06 11:57:56.224526,336552.182,6292774.12
PI1360,I08,FLXW-93,1892,4,8,2025-11-06 11:57:56.224531,336552.182,6292774.12
PG1958,G07,THTD-10,4502,12,16,2025-11-06 11:58:27.682042,337642.43,6273040.15
PG1958,G07,THTF-96,7773,23,27,2025-11-06 11:58:27.682047,337642.43,6273040.15
PE557,323,FLXP-48,752,0,2,2025-11-06 11:59:03.026714,353351.437,6288165.138
PE557,323,FLXP-47,4260,11,15,2025-11-06 11:59:03.026719,353351.437,6288165.138
PE557,E07,FLXK-60,541,0,2,2025-11-06 11:59:03.026720,353351.437,6288165.138
PC687,C03,SKDG-73,1616,3,7,2025-11-06 12:00:00.728259,353240.857,6304504.512
PC687,C03,LWTK-50,2950,7,11,2025-11-06 12:00:00.728264,353240.857,6304504.512
PC687,712,SHCW-81,664,0,2,2025-11-06 12:00:00.728265,353240.857,6304504.512
PC687,712,SJPD-87,4515,12,16,2025-11-06 12:00:00.728266,353240.857,6304504.512
PH167,234,SVPW-60,1840,4,8,2025-11-06 12:01:26.395296,348651.713,6292848.946
PH167,234,SVPX-45,5561,16,20,2025-11-06 12:01:26.395301,348651.713,6292848.946
PH167,204,VFPL-46,974,0,3,2025-11-06 12:01:26.395302,348651.713,6292848.946
PH167,204,VFPB-85,1753,4,8,2025-11-06 12:01:26.395303,348651.713,6292848.946
PG535,G14,FLXD-22,2935,7,11,2025-11-06 12:02:05.623772,343557.491,6281544.967
PG535,G14,CJRL-60,4016,11,15,2025-11-06 12:02:05.623777,343557.491,6281544.967
PG535,F03,SPVT-78,2083,5,9,2025-11-06 12:02:05.623778,343557.491,6281544.967
PE831,G04,SHCX-16,249,0,3,2025-11-06 12:04:30.984556,350432.271,6285044.488
PE831,G15,THTF-25,1274,0,4,2025-11-06 12:04:30.984561,350432.271,6285044.488
PD655,511,TBFX-42,4652,13,17,2025-11-06 12:05:50.197739,349139.13,6295256.94
PD655,511,GCBD-33,5276,15,19,2025-11-06 12:05:50.197744,349139.13,6295256.94
PD655,D05,SPBL-78,0,0,3,2025-11-06 12:05:50.197745,349139.13,6295256.94
PD655,D05,PFZK-78,4961,14,18,2025-11-06 12:05:50.197746,349139.13,6295256.94
PI1067,I10,FLXK-62,669,0,2,2025-11-06 12:06:50.512587,340688.834,6295128.937
PI1067,I10,FLXJ-23,5000,14,18,2025-11-06 12:06:50.512592,340688.834,6295128.937
PF1148,F26,TFTB-24,1600,3,7,2025-11-06 12:07:18.158828,356225.53,6281304.94
PF1148,F26,SPVV-51,8875,28,60,2025-11-06 12:07:18.158835,356225.53,6281304.94
PI872,I03,FLXF-48,2783,7,11,2025-11-06 12:07:53.222404,335526.559,6289912.856
PI872,I03,FLXK-64,3265,8,12,2025-11-06 12:07:53.222409,335526.559,6289912.856
PG261,217e,FLXX-15,5627,16,20,2025-11-06 12:08:59.248014,342528.513,6280147.537
PG261,G02,FLXX-28,3257,8,12,2025-11-06 12:08:59.248020,342528.513,6280147.537
PG261,G02,GCWF-75,5114,14,18,2025-11-06 12:08:59.248021,342528.513,6280147.537
PJ908,511,TBFV-31,2387,6,10,2025-11-06 12:10:32.999531,340224.705,6297330.427
PJ908,511,TBFT-36,6776,19,23,2025-11-06 12:10:32.999535,340224.705,6297330.427
PJ908,514,GCBC-93,1790,4,8,2025-11-06 12:10:32.999537,340224.705,6297330.427
PJ908,514,GCBC-99,6764,19,23,2025-11-06 12:10:32.999537,340224.705,6297330.427
PJ908,J10,VJBB-11,4204,11,15,2025-11-06 12:10:32.999538,340224.705,6297330.427
PJ908,J19,VGTX-21,1264,0,4,2025-11-06 12:10:32.999539,340224.705,6297330.427
PJ908,J19,VGVG-57,5066,14,18,2025-11-06 12:10:32.999540,340224.705,6297330.427
PA337,418,SHCV-83,1492,3,7,2025-11-06 12:11:06.936443,345526.862,6297932.932
PA337,418,LXWP-79,1808,4,8,2025-11-06 12:11:06.936448,345526.862,6297932.932
PA337,423,PFTW-76,4159,11,15,2025-11-06 12:11:06.936449,345526.862,6297932.932
PA337,423,PFYR-92,8022,23,27,2025-11-06 12:11:06.936450,345526.862,6297932.932
PA337,424,TBFW-87,155,0,3,2025-11-06 12:11:06.936451,345526.862,6297932.932
PA337,424,TBFR-53,555,0,2,2025-11-06 12:11:06.936452,345526.862,6297932.932
PA337,210,LZRB-94,741,0,2,2025-11-06 12:11:06.936452,345526.862,6297932.932
PA337,210,LZRD-70,1034,0,3,2025-11-06 12:11:06.936453,345526.862,6297932.932
PA337,210v,VFPJ-68,814,0,3,2025-11-06 12:11:06.936454,345526.862,6297932.932
PA337,210v,VFPZ-38,2641,6,10,2025-11-06 12:11:06.936455,345526.862,6297932.932
PA337,419,PFYG-43,1716,3,7,2025-11-06 12:11:06.936456,345526.862,6297932.932
PA337,419,PFBG-33,3050,8,12,2025-11-06 12:11:06.936456,345526.862,6297932.932
PA337,510,TBFV-32,3291,8,12,2025-11-06 12:11:06.936457,345526.862,6297932.932
PA337,510,GCBD-65,3937,10,14,2025-11-06 12:11:06.936466,345526.862,6297932.932
PA337,412,PFTW-35,2861,7,11,2025-11-06 12:11:06.936467,345526.862,6297932.932
PA337,412,PFYC-81,6150,17,21,2025-11-06 12:11:06.936468,345526.862,6297932.932
PD287,513,SRTG-95,721,0,2,2025-11-06 12:13:03.458235,354478.931,6296469.473
PD287,513,VJJR-86,1122,0,4,2025-11-06 12:13:03.458240,354478.931,6296469.473
PD287,D09,SVDD-80,5464,15,19,2025-11-06 12:13:03.458242,354478.931,6296469.473
PD287,D09,SVDD-95,7319,21,25,2025-11-06 12:13:03.458243,354478.931,6296469.473
PC797,C17,SKPH-76,5595,16,20,2025-11-06 12:15:15.782488,355394.571,6310104.755
PD555,511,FLXW-48,224,0,3,2025-11-06 12:17:51.773329,353129.713,6295754.338
PD555,511,FLXV-95,3940,10,14,2025-11-06 12:17:51.773335,353129.713,6295754.338
PB320,203,LZPT-49,1289,0,4,2025-11-06 12:18:15.602581,347166.82,6301123.76
PB320,203,GCBF-43,2417,6,10,2025-11-06 12:18:15.602587,347166.82,6301123.76
PB320,208,LZPS-23,0,0,3,2025-11-06 12:18:15.602588,347166.82,6301123.76
PB320,208,LZPT-38,456,0,3,2025-11-06 12:18:15.602589,347166.82,6301123.76
PF67,F05,SPZX-85,1557,3,7,2025-11-06 12:20:01.484105,351578.75,6284024.54
PF67,F05,LBTT-14,2270,5,9,2025-11-06 12:20:01.484109,351578.75,6284024.54
PF67,204,VFRB-54,1026,0,3,2025-11-06 12:20:01.484111,351578.75,6284024.54
PF67,204,VGBS-15,2105,5,9,2025-11-06 12:20:01.484113,351578.75,6284024.54
PF67,234,SVPW-56,591,0,2,2025-11-06 12:20:01.484114,351578.75,6284024.54
PF67,244,SFWZ-49,1969,4,8,2025-11-06 12:20:01.484115,351578.75,6284024.54
PH716,H13,BJFS-77,446,0,3,2025-11-06 12:20:37.777335,343690.511,6290552.901
PH716,I05,VHSY-40,3417,9,13,2025-11-06 12:20:37.777341,343690.511,6290552.901
PH716,I05,VHSY-16,10035,32,60,2025-11-06 12:20:37.777342,343690.511,6290552.901
PH716,321,CJRB-12,3551,9,13,2025-11-06 12:20:37.777343,343690.511,6290552.901
PH716,329,FLXR-35,612,0,2,2025-11-06 12:20:37.777344,343690.511,6290552.901
PH716,329,CJRX-46,2670,6,10,2025-11-06 12:20:37.777345,343690.511,6290552.901
PI16,481,PFYS-22,1091,0,3,2025-11-06 12:22:15.832850,339992.678,6292573.493
PI16,481,PFYR-78,4562,12,16,2025-11-06 12:22:15.832864,339992.678,6292573.493
PI16,I04,FLXY-36,334,0,3,2025-11-06 12:22:15.832865,339992.678,6292573.493
PI16,I04,FLXZ-63,4142,11,15,2025-11-06 12:22:15.832866,339992.678,6292573.493
PI16,I14,CJRZ-75,2458,6,10,2025-11-06 12:22:15.832867,339992.678,6292573.493
PI16,I14,CJRX-39,2827,7,11,2025-11-06 12:22:15.832868,339992.678,6292573.493
PI16,101,PGPT-42,3828,10,14,2025-11-06 12:22:15.832869,339992.678,6292573.493
PI16,101,PGPT-35,8895,28,60,2025-11-06 12:22:15.832870,339992.678,6292573.493
PC1064,C27,SGPX-11,308,0,3,2025-11-06 12:23:13.925154,356344.846,6302493.564
PC1064,C27,SGPW-51,5009,14,18,2025-11-06 12:23:13.925160,356344.846,6302493.564
PC1064,421,PDYR-94,1330,0,4,2025-11-06 12:23:13.925161,356344.846,6302493.564
PC1064,421,PFBG-26,5087,14,18,2025-11-06 12:23:13.925162,356344.846,6302493.564
PC1064,C02,LDJJ-61,3445,9,13,2025-11-06 12:23:13.925163,356344.846,6302493.564
PC1064,C02,LDJJ-85,5270,15,19,2025-11-06 12:23:13.925164,356344.846,6302493.564
PC1064,C09,LDTB-98,9312,29,60,2025-11-06 12:23:13.925165,356344.846,6302493.564
PC1064,C09,SKPJ-44,12112,38,60,2025-11-06 12:23:13.925166,356344.846,6302493.564
PB106,107,PGRZ-85,3680,10,14,2025-11-06 12:27:44.293944,348723.684,6303569.699
PB106,107,PGRZ-86,3680,10,14,2025-11-06 12:27:44.293950,348723.684,6303569.699
PB106,272,VFPD-84,3042,8,12,2025-11-06 12:27:44.293951,348723.684,6303569.699
PB106,272,VFHL-60,8298,26,60,2025-11-06 12:27:44.293952,348723.684,6303569.699
PB106,116,LCPW-33,741,0,2,2025-11-06 12:27:44.293953,348723.684,6303569.699
PB106,116,LDJJ-68,5111,14,18,2025-11-06 12:27:44.293954,348723.684,6303569.699
PB106,B14,HRKS-56,2433,6,10,2025-11-06 12:27:44.293955,348723.684,6303569.699
PB106,B02,FLXR-81,3865,10,14,2025-11-06 12:27:44.293956,348723.684,6303569.699
PB106,B02,FLXR-73,5024,14,18,2025-11-06 12:27:44.293957,348723.684,6303569.699
PB106,B15,SPCG-87,1009,0,3,2025-11-06 12:27:44.293958,348723.684,6303569.699
PB106,B15,SPCG-43,1009,0,3,2025-11-06 12:27:44.293959,348723.684,6303569.699
PJ1572,J06,FLXZ-87,224,0,3,2025-11-06 12:28:42.270949,338204.967,6298153.876
PJ1572,J06,FLXZ-88,306,0,3,2025-11-06 12:28:42.270954,338204.967,6298153.876
PB227,201,GCBB-84,3187,8,12,2025-11-06 12:29:14.957856,344204.784,6304136.989
PB227,201,GCBB-17,4269,12,16,2025-11-06 12:29:14.957861,344204.784,6304136.989
PB227,B12,SKDJ-18,4188,11,15,2025-11-06 12:29:14.957862,344204.784,6304136.989
PB227,B12,SKDJ-78,4414,12,16,2025-11-06 12:29:14.957863,344204.784,6304136.989
PB227,B22,SKPS-34,4399,12,16,2025-11-06 12:29:14.957864,344204.784,6304136.989
PB227,308,FLXK-16,3224,8,12,2025-11-06 12:29:14.957865,344204.784,6304136.989
PB227,308,FLXH-39,5160,14,18,2025-11-06 12:29:14.957866,344204.784,6304136.989
PB227,272,VFHW-63,980,0,3,2025-11-06 12:29:14.957867,344204.784,6304136.989
PB227,272,VFPD-94,7191,21,25,2025-11-06 12:29:14.957868,344204.784,6304136.989
PB227,B01,TXZH-34,2847,7,11,2025-11-06 12:29:14.957869,344204.784,6304136.989
PB227,B01,LDJV-51,6762,19,23,2025-11-06 12:29:14.957870,344204.784,6304136.989
PF80,F01,SRPJ-75,0,0,3,2025-11-06 12:29:48.539930,353331.708,6282656.802
PF80,F01,SPVW-92,2856,7,11,2025-11-06 12:29:48.539934,353331.708,6282656.802
PF80,F13,SRRW-58,751,0,2,2025-11-06 12:29:48.539935,353331.708,6282656.802
PF80,F13,SRPJ-91,2504,6,10,2025-11-06 12:29:48.539936,353331.708,6282656.802
PF80,F15,SRVL-45,3803,10,14,2025-11-06 12:29:48.539937,353331.708,6282656.802
PF80,205,RWTP-93,3864,10,14,2025-11-06 12:29:48.539937,353331.708,6282656.802
PF80,205,LZRF-13,3879,10,14,2025-11-06 12:29:48.539938,353331.708,6282656.802
PF80,210,RWTR-10,1640,3,7,2025-11-06 12:29:48.539939,353331.708,6282656.802
PF80,210,LZRD-67,1729,3,7,2025-11-06 12:29:48.539940,353331.708,6282656.802
PG99,233,SDSW-96,5003,14,18,2025-11-06 12:30:36.955131,348633.876,6285389.886
PG99,233,SFGY-78,10915,34,60,2025-11-06 12:30:36.955136,348633.876,6285389.886
PG99,205,LZRD-81,432,0,3,2025-11-06 12:30:36.955137,348633.876,6285389.886
PG99,205,LZRF-14,3950,10,14,2025-11-06 12:30:36.955138,348633.876,6285389.886
PG99,206,FLXY-59,1683,3,7,2025-11-06 12:30:36.955138,348633.876,6285389.886
PG99,206,FLXY-61,3870,10,14,2025-11-06 12:30:36.955139,348633.876,6285389.886
PG99,212,LZPT-40,2368,5,9,2025-11-06 12:30:36.955140,348633.876,6285389.886
PG99,212,LZPG-21,4130,11,15,2025-11-06 12:30:36.955141,348633.876,6285389.886
PG99,216,LZPW-10,2132,5,9,2025-11-06 12:30:36.955142,348633.876,6285389.886
PG99,216,LZPW-16,3762,10,14,2025-11-06 12:30:36.955142,348633.876,6285389.886
PF855,F02,SHCY-42,743,0,2,2025-11-06 12:31:30.050279,352234.411,6280268.47
PF855,F02,SHCY-65,3294,8,12,2025-11-06 12:31:30.050284,352234.411,6280268.47
PF855,F15,SRVG-88,102,0,3,2025-11-06 12:31:30.050285,352234.411,6280268.47
PF855,F15,LCPG-39,3039,8,12,2025-11-06 12:31:30.050286,352234.411,6280268.47
PF855,F29,SPVV-53,4537,12,16,2025-11-06 12:31:30.050287,352234.411,6280268.47
PF855,F29,SPVT-98,9736,31,60,2025-11-06 12:31:30.050287,352234.411,6280268.47
PH170,204,VFPH-81,2337,5,9,2025-11-06 12:32:03.621491,348869.89,6291777.502
PH170,204,VGBV-36,2142,5,9,2025-11-06 12:32:03.621496,348869.89,6291777.502
PH170,234,SVPW-59,821,0,3,2025-11-06 12:32:03.621497,348869.89,6291777.502
PH170,234,VJKP-43,4015,11,15,2025-11-06 12:32:03.621498,348869.89,6291777.502
PG897,G23,SFWZ-39,8107,26,60,2025-11-06 12:33:40.187833,349749.94,6282241.545
PC35,104,SKVD-53,1770,4,8,2025-11-06 12:34:13.456202,350846.744,6300568.148
PC35,104,SKVD-68,4014,11,15,2025-11-06 12:34:13.456207,350846.744,6300568.148
PC35,212,LZPT-70,860,0,3,2025-11-06 12:34:13.456208,350846.744,6300568.148
PC35,212,LXWT-87,4087,11,15,2025-11-06 12:34:13.456209,350846.744,6300568.148
PI805,I03,FLXG-60,1067,0,3,2025-11-06 12:35:00.481164,333823.205,6288249.495
PD925,D01,SVDF-47,1198,0,4,2025-11-06 12:35:22.812990,356461.78,6294507.454
PC1063,C14,SJPD-83,364,0,3,2025-11-06 12:36:11.499213,356296.444,6307027.851
PC1063,C14,SKPL-25,1808,4,8,2025-11-06 12:36:11.499218,356296.444,6307027.851
PG45,271,FLXX-22,0,0,3,2025-11-06 12:36:45.746640,342934.14,6283477.876
PG45,211c,THTD-81,956,0,3,2025-11-06 12:36:45.746645,342934.14,6283477.876
PG45,211c,THTD-36,2533,6,10,2025-11-06 12:36:45.746646,342934.14,6283477.876
PG45,201,GCBB-57,1538,3,7,2025-11-06 12:36:45.746647,342934.14,6283477.876
PG45,211,TBYY-65,4813,13,17,2025-11-06 12:36:45.746648,342934.14,6283477.876
PG45,211,TBYY-73,6024,17,21,2025-11-06 12:36:45.746649,342934.14,6283477.876
PG467,G18,SCRZ-16,258,0,3,2025-11-06 12:37:40.788726,345866.575,6288265.705
PG467,G18,SFPG-60,736,0,2,2025-11-06 12:37:40.788731,345866.575,6288265.705
PA591,345,BJFV-29,1476,3,7,2025-11-06 12:38:19.022089,344279.7,6296906.302
PA591,345,FLXF-19,2010,4,8,2025-11-06 12:38:19.022094,344279.7,6296906.302
PA591,I18,RWRP-71,1011,0,3,2025-11-06 12:38:19.022095,344279.7,6296906.302
PA591,I18,VHTB-78,954,0,3,2025-11-06 12:38:19.022096,344279.7,6296906.302
PG879,G05,SFPG-69,0,0,3,2025-11-06 12:38:55.460083,344644.0,6284121.0
PG879,G05,SFPF-91,2883,7,11,2025-11-06 12:38:55.460088,344644.0,6284121.0
PG879,G35,SFPF-86,2540,6,10,2025-11-06 12:38:55.460090,344644.0,6284121.0
PG879,G35,SFPG-34,6705,19,23,2025-11-06 12:38:55.460090,344644.0,6284121.0
PG1231,G39,SFPG-65,1071,0,3,2025-11-06 12:39:26.184050,342654.482,6283648.776
PG1231,G39,FLXH-28,6670,19,23,2025-11-06 12:39:26.184055,342654.482,6283648.776
PC133,C05,LDTC-16,1643,3,7,2025-11-06 12:41:34.181191,355622.538,6301597.542
PC133,C05,LDTC-12,4153,11,15,2025-11-06 12:41:34.181195,355622.538,6301597.542
PC133,401,PFTV-86,2069,5,9,2025-11-06 12:41:34.181196,355622.538,6301597.542
PC133,401,PFYG-41,2338,5,9,2025-11-06 12:41:34.181197,355622.538,6301597.542
PI1025,I07,VHTB-36,1249,0,4,2025-11-06 12:41:49.533121,334747.348,6290658.345
PI1025,I07,VHTB-69,5155,14,18,2025-11-06 12:41:49.533127,334747.348,6290658.345
PF439,F09,SPZX-71,0,0,3,2025-11-06 12:42:21.182357,354378.823,6284678.684
PF439,F09,SPZX-78,4912,14,18,2025-11-06 12:42:21.182362,354378.823,6284678.684
PF439,F13,SRSC-81,1578,3,7,2025-11-06 12:42:21.182364,354378.823,6284678.684
PC283,C19,SGPY-71,125,0,3,2025-11-06 12:43:05.586398,355959.39,6303777.37
PC283,C19,SKPP-24,4122,11,15,2025-11-06 12:43:05.586403,355959.39,6303777.37
PC283,C28,SGPY-87,716,0,2,2025-11-06 12:43:05.586404,355959.39,6303777.37
PC283,C28,SGPW-36,4294,12,16,2025-11-06 12:43:05.586405,355959.39,6303777.37
PC283,430,SHXG-39,1332,0,4,2025-11-06 12:43:05.586406,355959.39,6303777.37
PC283,430,PGLD-62,2543,6,10,2025-11-06 12:43:05.586407,355959.39,6303777.37
PC283,406,TBFW-39,2543,16,20,2025-11-06 12:43:05.586407,355959.39,6303777.37
PC283,406,FLXV-93,2543,16,20,2025-11-06 12:43:05.586408,355959.39,6303777.37
PC283,426,FLXK-26,3718,10,14,2025-11-06 12:43:05.586409,355959.39,6303777.37
PC283,426,FDJX-80,4968,14,18,2025-11-06 12:43:05.586410,355959.39,6303777.37
PC283,C01c,PGPV-80,1066,0,3,2025-11-06 12:43:05.586411,355959.39,6303777.37
PC283,C01c,PGTT-84,3362,9,13,2025-11-06 12:43:05.586411,355959.39,6303777.37
PC283,C01,LDJJ-80,4429,12,16,2025-11-06 12:43:05.586412,355959.39,6303777.37
PC283,C01,LCPW-38,6231,18,22,2025-11-06 12:43:05.586413,355959.39,6303777.37
PH556,H06,BJFX-14,913,0,3,2025-11-06 12:43:33.745543,342989.331,6289291.678
PH556,H06,BJFS-75,6265,18,22,2025-11-06 12:43:33.745547,342989.331,6289291.678
PI1422,348,VHTB-43,6195,18,22,2025-11-06 12:44:01.549271,341406.861,6290652.128
PI1422,348,RWRP-73,8697,27,60,2025-11-06 12:44:01.549276,341406.861,6290652.128
PF1159,204,VFPL-46,862,0,3,2025-11-06 12:44:30.430972,352017.0,6281245.0
PF1159,204,VFPJ-28,1694,3,7,2025-11-06 12:44:30.430977,352017.0,6281245.0
PD978,D07,SVDC-79,4470,12,16,2025-11-06 12:45:59.036915,354343.131,6294060.452
PD978,D07,SVDF-12,6675,19,23,2025-11-06 12:45:59.036919,354343.131,6294060.452
PB1279,B21,SKDG-29,486,0,2,2025-11-06 12:47:03.803042,346050.759,6302771.895
PB1279,B14,FLXT-50,227,0,3,2025-11-06 12:47:03.803048,346050.759,6302771.895
PB1279,B14,FLXJ-64,3659,10,14,2025-11-06 12:47:03.803049,346050.759,6302771.895
PI1085,I10,FLXG-57,2820,7,11,2025-11-06 12:48:29.932538,340666.737,6295144.212
PI1085,I10,FLXG-76,3534,9,13,2025-11-06 12:48:29.932543,340666.737,6295144.212
PE120,216,LZPT-63,991,0,3,2025-11-06 12:49:29.434730,348256.74,6287954.518
PE120,216,LZPW-16,1265,0,4,2025-11-06 12:49:29.434735,348256.74,6287954.518
PE120,E01,VKJX-72,1067,0,3,2025-11-06 12:49:29.434736,348256.74,6287954.518
PE120,E01,VKJZ-32,3876,10,14,2025-11-06 12:49:29.434739,348256.74,6287954.518
PA606,H07,CJRZ-65,761,0,2,2025-11-06 12:49:51.721432,346643.307,6295385.226
PA606,H07,FLXC-49,5494,15,19,2025-11-06 12:49:51.721437,346643.307,6295385.226
PA606,I01,FLXJ-25,4088,11,15,2025-11-06 12:49:51.721438,346643.307,6295385.226
PA606,I01,FLXL-62,4804,13,17,2025-11-06 12:49:51.721440,346643.307,6295385.226
PE239,226,VFPT-63,0,0,3,2025-11-06 12:52:17.880240,351040.816,6286135.934
PE239,226,VFPF-54,2516,6,10,2025-11-06 12:52:17.880244,351040.816,6286135.934
PE239,E01,VKJX-11,117,0,3,2025-11-06 12:52:17.880245,351040.816,6286135.934
PE239,E01,VKJX-62,1959,4,8,2025-11-06 12:52:17.880246,351040.816,6286135.934
PH38,108,PFYS-47,7395,21,25,2025-11-06 12:54:55.524983,345158.54,6292031.271
PH38,108,PFYR-97,9156,29,60,2025-11-06 12:54:55.524989,345158.54,6292031.271
PH38,H24,VGRF-84,1687,3,7,2025-11-06 12:54:55.524990,345158.54,6292031.271
PH38,H24,VGRD-35,5227,15,19,2025-11-06 12:54:55.524991,345158.54,6292031.271
PH38,102,FLXS-38,5832,16,20,2025-11-06 12:54:55.524992,345158.54,6292031.271
PH38,102,LBTT-19,11665,37,60,2025-11-06 12:54:55.524993,345158.54,6292031.271
PH38,107,PFYC-48,1516,3,7,2025-11-06 12:54:55.524994,345158.54,6292031.271
PH38,107,PGRZ-82,4576,12,16,2025-11-06 12:54:55.524995,345158.54,6292031.271
PA421,504,GCBD-81,638,0,2,2025-11-06 12:55:42.696573,346678.71,6299164.47
PA421,504,TBFW-46,2274,5,9,2025-11-06 12:55:42.696578,346678.71,6299164.47
PA421,505,SRTK-48,0,0,3,2025-11-06 12:55:42.696579,346678.71,6299164.47
PA421,505,SRTH-19,3626,9,13,2025-11-06 12:55:42.696580,346678.71,6299164.47
PA421,508,FLXW-63,2935,7,11,2025-11-06 12:55:42.696581,346678.71,6299164.47
PA421,508,FLXH-92,2935,7,11,2025-11-06 12:55:42.696581,346678.71,6299164.47
PA421,402,SHXF-13,3910,10,14,2025-11-06 12:55:42.696582,346678.71,6299164.47
PA421,402,LXWP-74,4371,12,16,2025-11-06 12:55:42.696583,346678.71,6299164.47
PA421,514,FLXK-31,298,0,3,2025-11-06 12:55:42.696584,346678.71,6299164.47
PA421,514,PFXC-30,3458,9,13,2025-11-06 12:55:42.696584,346678.71,6299164.47
PI1087,I10,FLXG-53,3072,8,12,2025-11-06 12:56:13.420531,337255.874,6291906.864
PI1087,I10,FLXG-76,6989,20,24,2025-11-06 12:56:13.420536,337255.874,6291906.864
PJ456,505,SRTK-32,1047,0,3,2025-11-06 12:57:08.863665,342752.644,6300190.193
PJ456,505,VHZY-60,903,0,3,2025-11-06 12:57:08.863669,342752.644,6300190.193
PJ456,513,VHXJ-34,538,0,2,2025-11-06 12:57:08.863671,342752.644,6300190.193
PJ456,513,SRTH-21,4214,11,15,2025-11-06 12:57:08.863671,342752.644,6300190.193
PJ456,J01,FLXL-91,656,0,2,2025-11-06 12:57:08.863672,342752.644,6300190.193
PJ456,J01,FLXG-47,2834,7,11,2025-11-06 12:57:08.863673,342752.644,6300190.193
PJ456,542,TBFT-47,2150,5,9,2025-11-06 12:57:08.863674,342752.644,6300190.193
PJ456,542,TBFT-64,5194,14,18,2025-11-06 12:57:08.863675,342752.644,6300190.193
PJ51,402,PFYC-36,3907,10,14,2025-11-06 12:57:47.918821,342888.545,6298890.246
PJ51,402,SKPH-73,4942,14,18,2025-11-06 12:57:47.918826,342888.545,6298890.246
PJ51,406,SZZY-80,1733,5,9,2025-11-06 12:57:47.918828,342888.545,6298890.246
PJ51,406,PFXC-46,2324,11,15,2025-11-06 12:57:47.918829,342888.545,6298890.246
PJ51,426,FLXD-49,2486,6,10,2025-11-06 12:57:47.918830,342888.545,6298890.246
PJ51,426,FLXD-27,4822,13,17,2025-11-06 12:57:47.918839,342888.545,6298890.246
PJ51,422,TBFT-46,963,0,3,2025-11-06 12:57:47.918840,342888.545,6298890.246
PJ51,422,TBFX-51,5206,14,18,2025-11-06 12:57:47.918841,342888.545,6298890.246
PF167,F27,SPRW-89,0,0,3,2025-11-06 12:58:19.250391,353536.825,6283725.125
PF167,F27,SPRV-88,1079,0,3,2025-11-06 12:58:19.250395,353536.825,6283725.125
PF167,F05,SPZY-61,2363,5,9,2025-11-06 12:58:19.250396,353536.825,6283725.125
PF167,F05,SPZX-64,3428,9,13,2025-11-06 12:58:19.250397,353536.825,6283725.125
PF167,F06,SPZY-79,4248,11,15,2025-11-06 12:58:19.250398,353536.825,6283725.125
PF167,F20,SRVL-81,883,0,3,2025-11-06 12:58:19.250399,353536.825,6283725.125
PF167,F20,SPZY-31,2011,4,8,2025-11-06 12:58:19.250400,353536.825,6283725.125
PF167,F08,SPVT-99,1922,4,8,2025-11-06 12:58:19.250400,353536.825,6283725.125
PF167,F08,SPCG-76,3694,10,14,2025-11-06 12:58:19.250409,353536.825,6283725.125
PF167,F14,SPRX-22,408,0,3,2025-11-06 12:58:19.250410,353536.825,6283725.125
PF167,F14,SPRY-46,2395,6,10,2025-11-06 12:58:19.250411,353536.825,6283725.125
PF167,F24,SPRW-66,2171,5,9,2025-11-06 12:58:19.250412,353536.825,6283725.125
PF167,F24,SPRY-38,7438,21,25,2025-11-06 12:58:19.250413,353536.825,6283725.125
PB2013,101,PGPT-14,1050,0,3,2025-11-06 12:59:06.547866,341576.764,6302530.525
PB2013,101,PGPT-31,4709,13,17,2025-11-06 12:59:06.547871,341576.764,6302530.525
PB2013,B28,SKHF-92,2583,6,10,2025-11-06 12:59:06.547872,341576.764,6302530.525
PB2013,B28,SKHG-20,3880,10,14,2025-11-06 12:59:06.547873,341576.764,6302530.525
PB2013,107,PGPV-83,215,0,3,2025-11-06 12:59:06.547874,341576.764,6302530.525
PB2013,107,PGPV-90,1987,4,8,2025-11-06 12:59:06.547875,341576.764,6302530.525
PG374,301,BJFX-58,0,0,3,2025-11-06 12:59:48.111210,344392.0,6282810.0
PG374,301,BJFS-39,424,0,3,2025-11-06 12:59:48.111215,344392.0,6282810.0
PG374,301c,BJFS-48,234,0,3,2025-11-06 12:59:48.111216,344392.0,6282810.0
PG374,G08v,FLXV-27,941,0,3,2025-11-06 12:59:48.111217,344392.0,6282810.0
PG374,G08v,FLXV-17,4357,12,16,2025-11-06 12:59:48.111218,344392.0,6282810.0
PG374,G43,FLXX-30,2514,6,10,2025-11-06 12:59:48.111219,344392.0,6282810.0
PG837,G04,SFPG-62,3213,8,12,2025-11-06 13:00:21.312507,348200.294,6285686.74
PG837,G04,SFPG-30,3982,11,15,2025-11-06 13:00:21.312512,348200.294,6285686.74
PB170,B15,SPCG-87,2545,6,10,2025-11-06 13:00:41.789577,347645.886,6301644.934
PB170,B15,SPCG-69,4276,12,16,2025-11-06 13:00:41.789581,347645.886,6301644.934
PB170,116,HRKS-55,2617,6,10,2025-11-06 13:00:41.789583,347645.886,6301644.934
PB170,116,LCPW-33,3999,11,15,2025-11-06 13:00:41.789583,347645.886,6301644.934
PB1052,B08,SHCY-35,0,0,3,2025-11-06 13:01:03.821060,344555.189,6308045.432
PB1052,B08,SHXF-45,288,0,3,2025-11-06 13:01:03.821065,344555.189,6308045.432
PB1052,B16,SHCY-37,2626,6,10,2025-11-06 13:01:03.821066,344555.189,6308045.432
PB1052,B16,STHF-78,2925,7,11,2025-11-06 13:01:03.821067,344555.189,6308045.432
PD1395,425,SJPC-70,6382,18,22,2025-11-06 13:01:21.355504,354526.503,6294661.749
PD1395,425,SJPB-29,6191,18,22,2025-11-06 13:01:21.355509,354526.503,6294661.749
PI14,481,PGPT-41,2778,7,11,2025-11-06 13:02:08.750720,339814.618,6293328.781
PI14,481,PFTW-78,3348,9,13,2025-11-06 13:02:08.750725,339814.618,6293328.781
PI14,I25,FLXF-99,1301,0,4,2025-11-06 13:02:08.750726,339814.618,6293328.781
PI14,I25,FLXL-78,1301,0,4,2025-11-06 13:02:08.750727,339814.618,6293328.781
PI14,I04,FLXK-97,2746,7,11,2025-11-06 13:02:08.750728,339814.618,6293328.781
PI14,I04,FLXL-11,6506,19,23,2025-11-06 13:02:08.750729,339814.618,6293328.781
PI14,I14,FLXT-21,2306,5,9,2025-11-06 13:02:08.750730,339814.618,6293328.781
PI14,I14,CJRW-46,5280,15,19,2025-11-06 13:02:08.750731,339814.618,6293328.781
PI14,I20,FLXL-12,947,0,3,2025-11-06 13:02:08.750732,339814.618,6293328.781
PI14,I20,FLXF-46,953,0,3,2025-11-06 13:02:08.750733,339814.618,6293328.781
PI14,101,PFTW-71,5522,15,19,2025-11-06 13:02:08.750743,339814.618,6293328.781
PI14,101,PGPT-15,9140,29,60,2025-11-06 13:02:08.750744,339814.618,6293328.781
PG1310,G18,SHXB-40,2167,5,9,2025-11-06 13:03:38.190034,346927.388,6288006.45
PG1310,G18,SCRZ-15,5192,14,18,2025-11-06 13:03:38.190039,346927.388,6288006.45
PD1360,513,VJBC-21,669,0,2,2025-11-06 13:04:05.164141,354161.96,6297335.78
PD1360,513,LXWR-70,3904,10,14,2025-11-06 13:04:05.164146,354161.96,6297335.78
PD1360,D03,SVDD-96,660,0,2,2025-11-06 13:04:05.164148,354161.96,6297335.78
PD1360,D03,SVDF-53,4465,12,16,2025-11-06 13:04:05.164149,354161.96,6297335.78
PD1360,D09,SVDD-18,700,0,2,2025-11-06 13:04:05.164150,354161.96,6297335.78
PD1360,D09,SVDC-44,1358,0,4,2025-11-06 13:04:05.164151,354161.96,6297335.78
PD1360,D15,SVDD-51,4495,12,16,2025-11-06 13:04:05.164152,354161.96,6297335.78
PD1360,D15,SVDD-30,6107,17,21,2025-11-06 13:04:05.164153,354161.96,6297335.78
PB1702,B19,SHXF-37,209,0,3,2025-11-06 13:04:19.772069,346517.555,6305262.915
PB1702,B27,FLXT-91,229,0,3,2025-11-06 13:04:19.772075,346517.555,6305262.915
PB1702,B16,STHF-78,245,0,3,2025-11-06 13:04:19.772076,346517.555,6305262.915
PJ220,418,SKPK-31,3744,10,14,2025-11-06 13:06:08.648527,336961.964,6297494.769
PJ220,418,PFYC-88,5717,16,20,2025-11-06 13:06:08.648531,336961.964,6297494.769
PJ220,J17,TBFR-90,3694,10,14,2025-11-06 13:06:08.648533,336961.964,6297494.769
PJ220,514,FLXS-96,612,0,2,2025-11-06 13:06:08.648533,336961.964,6297494.769
PJ220,514,GCBD-31,1429,3,7,2025-11-06 13:06:08.648534,336961.964,6297494.769
PE734,E12,VFJP-23,3535,9,13,2025-11-06 13:06:32.455774,352537.401,6285372.221
PE734,E11,VKJZ-27,3011,8,12,2025-11-06 13:06:32.455779,352537.401,6285372.221
PE734,E11,VKJX-32,4043,11,15,2025-11-06 13:06:32.455780,352537.401,6285372.221
PG678,G01,THTF-62,723,0,2,2025-11-06 13:07:33.800048,344373.549,6287819.314
PG678,G01,THTF-17,1446,3,7,2025-11-06 13:07:33.800052,344373.549,6287819.314
PI386,106,PFVJ-23,1087,0,3,2025-11-06 13:08:34.567482,336793.18,6290854.28
PI386,106,PFYT-24,5793,16,20,2025-11-06 13:08:34.567487,336793.18,6290854.28
PI386,401,PFYG-88,3601,9,13,2025-11-06 13:08:34.567489,336793.18,6290854.28
PI386,405,PFYG-91,1397,0,4,2025-11-06 13:08:34.567490,336793.18,6290854.28
PI386,405,PFVL-10,4230,11,15,2025-11-06 13:08:34.567491,336793.18,6290854.28
PI386,421,PDZH-78,472,0,3,2025-11-06 13:08:34.567492,336793.18,6290854.28
PI386,421,PDZH-84,2734,7,11,2025-11-06 13:08:34.567493,336793.18,6290854.28
PI386,110,LXWR-92,501,0,2,2025-11-06 13:08:34.567494,336793.18,6290854.28
PI386,111,BJFV-99,3764,10,14,2025-11-06 13:08:34.567495,336793.18,6290854.28
PI386,111,FLXY-30,5482,15,19,2025-11-06 13:08:34.567496,336793.18,6290854.28
PI386,I09,VHTB-51,481,0,2,2025-11-06 13:08:34.567497,336793.18,6290854.28
PI386,I09,RWRP-68,1489,3,7,2025-11-06 13:08:34.567498,336793.18,6290854.28
PB1066,120,STHD-21,247,0,3,2025-11-06 13:09:08.141569,339108.257,6302904.4
PB1066,B29,LXDJ-12,441,0,3,2025-11-06 13:09:08.141575,339108.257,6302904.4
PI1159,I17,FLXL-29,167,0,3,2025-11-06 13:09:33.972085,339166.833,6294225.432
PA597,345,CJRW-14,534,0,2,2025-11-06 13:12:57.503013,344116.868,6297073.759
PA597,345,FLXD-71,2259,5,9,2025-11-06 13:12:57.503018,344116.868,6297073.759
PD764,D02,STVY-74,5686,16,20,2025-11-06 13:13:38.608361,352243.918,6296652.801
PD764,D02,STKP-84,6101,17,21,2025-11-06 13:13:38.608367,352243.918,6296652.801
PB317,203,LZPT-57,1458,3,7,2025-11-06 13:14:40.630653,346878.332,6299904.937
PB317,203,LXWT-93,3072,8,12,2025-11-06 13:14:40.630658,346878.332,6299904.937
PB317,208,LZPS-10,3727,10,14,2025-11-06 13:14:40.630659,346878.332,6299904.937
PB317,208,SHCX-40,4087,11,15,2025-11-06 13:14:40.630660,346878.332,6299904.937
PB317,116,FLXT-55,1632,3,7,2025-11-06 13:14:40.630661,346878.332,6299904.937
PB317,116,LDJJ-69,3065,8,12,2025-11-06 13:14:40.630661,346878.332,6299904.937
PB317,B24,SKHG-40,5066,14,18,2025-11-06 13:14:40.630662,346878.332,6299904.937
PB317,B24,SPZX-51,5405,15,19,2025-11-06 13:14:40.630663,346878.332,6299904.937
PJ673,412,PGBY-72,2850,7,11,2025-11-06 13:15:04.584690,338193.801,6298987.247
PJ673,412,PFTW-61,5544,16,20,2025-11-06 13:15:04.584695,338193.801,6298987.247
PJ673,J02,VHXF-94,1225,0,4,2025-11-06 13:15:04.584696,338193.801,6298987.247
PJ673,J02,VHXJ-22,4915,14,18,2025-11-06 13:15:04.584697,338193.801,6298987.247
PJ673,J18,VHZW-81,2299,5,9,2025-11-06 13:15:04.584698,338193.801,6298987.247
PJ673,J18,VJJX-28,2770,7,11,2025-11-06 13:15:04.584699,338193.801,6298987.247
PJ1669,508,GCBD-13,1089,0,3,2025-11-06 13:15:34.185302,335867.869,6300026.088
PJ1669,508,FLXD-58,2383,6,10,2025-11-06 13:15:34.185307,335867.869,6300026.088
PJ1669,412,PFVG-76,3434,9,13,2025-11-06 13:15:34.185309,335867.869,6300026.088
PJ1669,412,PGBF-59,4466,12,16,2025-11-06 13:15:34.185310,335867.869,6300026.088
PJ1669,418,SHXG-36,1935,4,8,2025-11-06 13:15:34.185311,335867.869,6300026.088
PJ1669,422,PFXB-59,2569,6,10,2025-11-06 13:15:34.185312,335867.869,6300026.088
PJ976,J13,BJFF-54,1479,3,7,2025-11-06 13:16:05.589929,339811.974,6299321.118
PJ976,J13,GCBC-58,5133,14,18,2025-11-06 13:16:05.589934,339811.974,6299321.118
PJ976,J13c,FLXW-25,736,0,2,2025-11-06 13:16:05.589935,339811.974,6299321.118
PJ976,J13c,BJFC-87,736,0,2,2025-11-06 13:16:05.589936,339811.974,6299321.118
PF181,F11,SKTZ-76,1596,3,7,2025-11-06 13:16:54.932439,355365.98,6279949.11
PB1207,B13,STHB-21,1350,0,4,2025-11-06 13:19:15.600806,339070.797,6307297.89
PB1207,B13,STHJ-99,5670,16,20,2025-11-06 13:19:15.600811,339070.797,6307297.89
PB1207,B12,SKDJ-19,3953,10,14,2025-11-06 13:19:15.600812,339070.797,6307297.89
PB1207,B12,SKDF-95,8072,23,27,2025-11-06 13:19:15.600813,339070.797,6307297.89
PD1013,412,PFTW-35,957,0,3,2025-11-06 13:20:07.102497,357288.338,6298549.138
PD1013,412,LXWP-87,3281,8,12,2025-11-06 13:20:07.102502,357288.338,6298549.138
PD1013,D08,SVDC-42,5842,16,20,2025-11-06 13:20:07.102503,357288.338,6298549.138
PD1013,D08,SVDD-63,8298,26,60,2025-11-06 13:20:07.102504,357288.338,6298549.138
PD1013,D15,SVDD-45,8625,27,60,2025-11-06 13:20:07.102505,357288.338,6298549.138
PD1013,D15,SVDF-23,13885,44,60,2025-11-06 13:20:07.102505,357288.338,6298549.138
PJ578,J01,FLXH-87,768,0,2,2025-11-06 13:20:42.230532,341593.878,6301661.552
PJ578,J01,FLXD-42,1885,4,8,2025-11-06 13:20:42.230537,341593.878,6301661.552
PJ578,J16,TBFS-62,2144,5,9,2025-11-06 13:20:42.230538,341593.878,6301661.552
PJ578,J16,FLXD-38,5183,14,18,2025-11-06 13:20:42.230538,341593.878,6301661.552
PG1699,212,LZPV-99,217,0,3,2025-11-06 13:21:26.279755,348354.675,6283114.402
PG1699,212,LZPR-86,1739,3,7,2025-11-06 13:21:26.279760,348354.675,6283114.402
PG1699,206,FLXZ-76,337,0,3,2025-11-06 13:21:26.279761,348354.675,6283114.402
PG1699,206,FLXX-56,168,0,3,2025-11-06 13:21:26.279762,348354.675,6283114.402
PI487,506,GCBC-36,1499,5,9,2025-11-06 13:25:37.115210,334836.335,6287856.669
PI487,506,GCBC-63,4454,20,24,2025-11-06 13:25:37.115215,334836.335,6287856.669
PI487,419,PFTV-97,638,0,2,2025-11-06 13:25:37.115216,334836.335,6287856.669
PI487,509,CJRW-73,865,0,3,2025-11-06 13:25:37.115217,334836.335,6287856.669
PI487,509,FLXH-83,1124,0,4,2025-11-06 13:25:37.115218,334836.335,6287856.669
PG1136,G12,SFGY-18,1712,3,7,2025-11-06 13:26:08.559542,344560.576,6288484.604
PG1136,G12,SFGY-17,4236,11,15,2025-11-06 13:26:08.559547,344560.576,6288484.604
PD692,D10,SVDC-23,9564,30,60,2025-11-06 13:26:40.641984,352622.254,6292900.134
PD692,D10,SVDD-43,9859,31,60,2025-11-06 13:26:40.641990,352622.254,6292900.134
PD692,D14,PGLD-76,2047,4,8,2025-11-06 13:26:40.641991,352622.254,6292900.134
PD692,D16,SPBS-52,1008,0,3,2025-11-06 13:26:40.641992,352622.254,6292900.134
PD692,514,FLXX-40,532,0,2,2025-11-06 13:26:40.641993,352622.254,6292900.134
PD692,514,FLXJ-43,4162,11,15,2025-11-06 13:26:40.641994,352622.254,6292900.134
PB1081,B24,SJTD-57,1617,3,7,2025-11-06 13:27:04.466961,342254.0,6304468.0
PB1081,B24,TXZH-33,5660,16,20,2025-11-06 13:27:04.466966,342254.0,6304468.0
PB1081,B28,STHF-76,7206,21,25,2025-11-06 13:27:04.466967,342254.0,6304468.0
PB1081,B28,SKHG-17,12913,41,60,2025-11-06 13:27:04.466968,342254.0,6304468.0
PJ1075,J19,VHLS-68,1362,0,4,2025-11-06 13:27:24.774880,342636.785,6298141.888
PJ1075,514,PFXC-30,1265,0,4,2025-11-06 13:27:24.774885,342636.785,6298141.888
PJ1075,514,FDJX-79,2446,6,10,2025-11-06 13:27:24.774886,342636.785,6298141.888
PJ1603,444,SHCV-78,3075,8,12,2025-11-06 13:28:11.547759,335209.656,6299797.105
PJ1603,444,SHXF-14,3075,8,12,2025-11-06 13:28:11.547764,335209.656,6299797.105
PJ1603,407,TBFR-41,1331,0,4,2025-11-06 13:28:11.547765,335209.656,6299797.105
PJ1603,407,PFXB-82,1331,0,4,2025-11-06 13:28:11.547766,335209.656,6299797.105
PJ1603,422,TBFW-40,963,0,3,2025-11-06 13:28:11.547767,335209.656,6299797.105
PJ1603,422,TBFW-83,1605,3,7,2025-11-06 13:28:11.547768,335209.656,6299797.105
PJ1603,412,PFYC-81,3785,10,14,2025-11-06 13:28:11.547769,335209.656,6299797.105
PJ1603,412,PFVG-96,3785,10,14,2025-11-06 13:28:11.547770,335209.656,6299797.105
PJ1603,J07e,VHZX-10,20000,63,60,2025-11-06 13:28:11.547771,335209.656,6299797.105
PJ1603,J07e,VHZZ-41,36960,11,7,2025-11-06 13:28:11.547772,335209.656,6299797.105
PJ1603,J18,VHZY-80,3058,8,12,2025-11-06 13:28:11.547773,335209.656,6299797.105
PJ1603,J18,VJJX-28,8837,28,60,2025-11-06 13:28:11.547774,335209.656,6299797.105
PJ431,J15c,PFXB-91,1159,0,4,2025-11-06 13:29:24.175734,337125.631,6300511.867
PJ431,J20,TBFR-34,2452,6,10,2025-11-06 13:29:24.175740,337125.631,6300511.867
PJ431,J20,TBFR-59,7059,20,24,2025-11-06 13:29:24.175741,337125.631,6300511.867
PJ431,511,PFWZ-88,1995,4,8,2025-11-06 13:29:24.175742,337125.631,6300511.867
PJ431,511,TBFX-42,2412,6,10,2025-11-06 13:29:24.175742,337125.631,6300511.867
PJ431,513,SRTK-45,424,0,3,2025-11-06 13:29:24.175743,337125.631,6300511.867
PJ431,513,LZPH-20,357,0,3,2025-11-06 13:29:24.175744,337125.631,6300511.867
PJ431,518,FLXD-35,2386,6,10,2025-11-06 13:29:24.175745,337125.631,6300511.867
PJ431,518,BJFC-36,7475,22,26,2025-11-06 13:29:24.175745,337125.631,6300511.867
PJ431,412,PFVG-76,1765,4,8,2025-11-06 13:29:24.175746,337125.631,6300511.867
PJ431,412,PFVG-96,4075,11,15,2025-11-06 13:29:24.175747,337125.631,6300511.867
PJ431,408,SRTK-37,335,0,3,2025-11-06 13:29:24.175748,337125.631,6300511.867
PJ431,505,VHXJ-60,18,0,3,2025-11-06 13:29:24.175749,337125.631,6300511.867
PJ431,505,SRTG-97,430,0,3,2025-11-06 13:29:24.175749,337125.631,6300511.867
PJ431,508,LXWR-81,3339,9,13,2025-11-06 13:29:24.175750,337125.631,6300511.867
PJ431,508,TBFW-78,4074,11,15,2025-11-06 13:29:24.175751,337125.631,6300511.867
PF278,F05,SPZX-79,0,0,3,2025-11-06 13:30:52.178575,355326.194,6283343.807
PF278,F05,SPZX-84,4006,11,15,2025-11-06 13:30:52.178580,355326.194,6283343.807
PF278,F14,SPRW-77,3493,9,13,2025-11-06 13:30:52.178581,355326.194,6283343.807
PF278,F14,SPRY-46,6001,17,21,2025-11-06 13:30:52.178582,355326.194,6283343.807
PI1821,421,PFTV-85,1714,3,7,2025-11-06 13:31:24.707558,336070.0,6290821.0
PI1821,421,PFTV-88,7422,21,25,2025-11-06 13:31:24.707564,336070.0,6290821.0
PE1490,233,SCRZ-39,352,0,3,2025-11-06 13:31:47.873231,351394.82,6289985.72
PE1490,233,SDSW-61,5912,17,21,2025-11-06 13:31:47.873236,351394.82,6289985.72
PE1490,213e,LBTS-95,3641,9,13,2025-11-06 13:31:47.873237,351394.82,6289985.72
PE1490,213e,LBTT-24,6473,18,22,2025-11-06 13:31:47.873238,351394.82,6289985.72
PE1490,210,LZRD-69,1030,0,3,2025-11-06 13:31:47.873239,351394.82,6289985.72
PE1490,210,RWTR-10,2319,5,9,2025-11-06 13:31:47.873240,351394.82,6289985.72
PE1490,210v,VFPZ-74,1350,0,4,2025-11-06 13:31:47.873240,351394.82,6289985.72
PE1490,210v,VGBW-98,1620,3,7,2025-11-06 13:31:47.873241,351394.82,6289985.72
PE1490,224,VGKY-82,1089,0,3,2025-11-06 13:31:47.873242,351394.82,6289985.72
PE1490,224,VGKX-52,2643,6,10,2025-11-06 13:31:47.873243,351394.82,6289985.72
PE1490,E04,VKJZ-33,0,0,3,2025-11-06 13:31:47.873244,351394.82,6289985.72
PE1490,E04,VKJZ-78,3817,10,14,2025-11-06 13:31:47.873245,351394.82,6289985.72
PD166,126,FLXT-30,5800,16,20,2025-11-06 13:33:15.146371,350406.37,6297510.12
PD166,126,FLXD-68,9571,30,60,2025-11-06 13:33:15.146376,350406.37,6297510.12
PD166,106,PFYR-85,746,0,2,2025-11-06 13:33:15.146377,350406.37,6297510.12
PD166,106,PFVC-59,1654,3,7,2025-11-06 13:33:15.146378,350406.37,6297510.12
PB1309,B15,SPCG-99,4739,13,17,2025-11-06 13:34:26.196863,347993.18,6302278.99
PB1309,B15,SPCG-71,6525,19,23,2025-11-06 13:34:26.196868,347993.18,6302278.99
PI222,111,FLXY-27,1532,3,7,2025-11-06 13:35:36.170981,336777.17,6290849.66
PI222,111,BJFZ-39,5757,16,20,2025-11-06 13:35:36.170986,336777.17,6290849.66
PI222,I35,SFGY-69,708,0,2,2025-11-06 13:35:36.170987,336777.17,6290849.66
PI222,I35,SHXB-37,2328,5,9,2025-11-06 13:35:36.170988,336777.17,6290849.66
PI222,506,TBFT-45,1532,3,7,2025-11-06 13:35:36.170989,336777.17,6290849.66
PI222,506,TBFR-98,1532,3,7,2025-11-06 13:35:36.170989,336777.17,6290849.66
PI222,506v,TBFR-44,2079,5,9,2025-11-06 13:35:36.170990,336777.17,6290849.66
PI222,506v,FLXW-24,2502,6,10,2025-11-06 13:35:36.170991,336777.17,6290849.66
PI222,110,LZPH-35,4995,14,18,2025-11-06 13:35:36.170992,336777.17,6290849.66
PI222,110,LXWR-82,10617,34,60,2025-11-06 13:35:36.170992,336777.17,6290849.66
PA49,201,GCBC-15,208,0,3,2025-11-06 13:35:59.920175,345797.69,6299326.59
PA49,201,GCBC-14,1127,0,4,2025-11-06 13:35:59.920180,345797.69,6299326.59
PA49,408,SRTK-35,282,0,3,2025-11-06 13:35:59.920181,345797.69,6299326.59
PA49,301,BJFV-32,1254,0,4,2025-11-06 13:35:59.920182,345797.69,6299326.59
PA49,301,BJFT-19,3515,9,13,2025-11-06 13:35:59.920183,345797.69,6299326.59
PA49,409,PGTV-35,356,0,3,2025-11-06 13:35:59.920184,345797.69,6299326.59
PA49,409,SKWD-27,755,0,2,2025-11-06 13:35:59.920185,345797.69,6299326.59
PD1279,D18,SVDD-90,522,0,2,2025-11-06 13:36:58.067614,352870.417,6297878.614
PD1279,D18,SVDC-49,1645,3,7,2025-11-06 13:36:58.067619,352870.417,6297878.614
PI1628,115,GCBD-76,6421,18,22,2025-11-06 13:37:36.219876,341592.708,6292573.292
PI1628,115,GCBC-82,6421,18,22,2025-11-06 13:37:36.219881,341592.708,6292573.292
PI1628,109,FLXK-29,6141,17,21,2025-11-06 13:37:36.219882,341592.708,6292573.292
PI1628,109,FLXK-83,7333,21,25,2025-11-06 13:37:36.219883,341592.708,6292573.292
PI1628,I25,FLXK-78,1099,0,3,2025-11-06 13:37:36.219884,341592.708,6292573.292
PI1628,I25,FLXK-91,1958,4,8,2025-11-06 13:37:36.219884,341592.708,6292573.292
PI1628,113,FLXW-85,1493,3,7,2025-11-06 13:37:36.219885,341592.708,6292573.292
PI1628,113,FLXY-49,2317,5,9,2025-11-06 13:37:36.219886,341592.708,6292573.292
PI1628,108,PFVD-29,2031,4,8,2025-11-06 13:37:36.219887,341592.708,6292573.292
PI1628,108,PFYR-94,4469,12,16,2025-11-06 13:37:36.219888,341592.708,6292573.292
PI1628,I26,PFYS-30,2613,6,10,2025-11-06 13:37:36.219889,341592.708,6292573.292
PI1628,I26,PGPS-94,6689,19,23,2025-11-06 13:37:36.219889,341592.708,6292573.292
PI1926,I35,SFPG-35,220,0,3,2025-11-06 13:38:03.711368,331245.0,6283815.0
PI1926,I35,SDSW-81,859,0,3,2025-11-06 13:38:03.711373,331245.0,6283815.0
PJ1659,J07e,VJBB-81,1591,3,7,2025-11-06 13:38:38.998874,325970.934,6304579.965
PJ1659,J07e,VJBB-21,14932,47,60,2025-11-06 13:38:38.998878,325970.934,6304579.965
PI191,405,PFVL-15,1821,4,8,2025-11-06 13:39:15.590009,333864.643,6289769.208
PI191,405,PFVK-90,4290,12,16,2025-11-06 13:39:15.590013,333864.643,6289769.208
PI191,481,PFTW-78,6051,17,21,2025-11-06 13:39:15.590014,333864.643,6289769.208
PI191,481,PGPT-41,5960,17,21,2025-11-06 13:39:15.590015,333864.643,6289769.208
PI191,109,FLXS-97,28670,15,1,2025-11-06 13:39:15.590016,333864.643,6289769.208
PI191,I26,PFYS-25,1701,3,7,2025-11-06 13:39:15.590017,333864.643,6289769.208
PI191,I26,PGPT-40,4269,11,15,2025-11-06 13:39:15.590018,333864.643,6289769.208
PF675,F16,SPRY-35,74,0,3,2025-11-06 13:39:44.920229,352314.904,6282291.185
PF675,F16,SPRY-36,0,0,3,2025-11-06 13:39:44.920234,352314.904,6282291.185
PF791,303,FLXF-11,3127,8,12,2025-11-06 13:41:38.276471,353615.726,6278872.343
PF791,303,FLXF-71,5028,14,18,2025-11-06 13:41:38.276476,353615.726,6278872.343
PF791,307,TWPD-31,2928,7,11,2025-11-06 13:41:38.276477,353615.726,6278872.343
PF791,307,TWPD-88,3259,8,12,2025-11-06 13:41:38.276478,353615.726,6278872.343
PF791,314,TWPD-30,2064,5,9,2025-11-06 13:41:38.276479,353615.726,6278872.343
PF791,314,VHSZ-49,2789,7,11,2025-11-06 13:41:38.276480,353615.726,6278872.343
PC551,C06,LWTK-46,402,0,3,2025-11-06 13:43:44.944348,354214.995,6301328.024
PC551,C06,LWTK-60,216,0,3,2025-11-06 13:43:44.944353,354214.995,6301328.024
PC551,503,VHLP-48,378,0,3,2025-11-06 13:43:44.944354,354214.995,6301328.024
PC551,503,VGTY-32,2666,6,10,2025-11-06 13:43:44.944355,354214.995,6301328.024
PC551,722,STHR-23,2174,5,9,2025-11-06 13:43:44.944356,354214.995,6301328.024
PC551,722,STHK-20,4326,12,16,2025-11-06 13:43:44.944356,354214.995,6301328.024
PC551,517,VJBB-50,8409,27,60,2025-11-06 13:43:44.944357,354214.995,6301328.024
PG617,G28,BJFZ-63,1394,0,4,2025-11-06 13:47:04.174825,347783.953,6283336.287
PG617,G28,BJFV-16,1484,3,7,2025-11-06 13:47:04.174832,347783.953,6283336.287
PG617,F06,SPZY-79,2041,4,8,2025-11-06 13:47:04.174834,347783.953,6283336.287
PG617,F06,SHCY-42,2149,5,9,2025-11-06 13:47:04.174836,347783.953,6283336.287
PG617,206,FLXY-56,168,0,3,2025-11-06 13:47:04.174838,347783.953,6283336.287
PG617,206,FLXW-70,1392,0,4,2025-11-06 13:47:04.174840,347783.953,6283336.287
PD258,513,VHXJ-50,1067,0,3,2025-11-06 13:48:56.984171,355511.116,6296355.212
PD258,D09,SVDF-62,2945,7,11,2025-11-06 13:48:56.984176,355511.116,6296355.212
PD258,D09,SVDC-79,4291,12,16,2025-11-06 13:48:56.984177,355511.116,6296355.212
PD258,225,VFJD-26,682,0,2,2025-11-06 13:48:56.984178,355511.116,6296355.212
PD258,225,VFJT-51,4716,13,17,2025-11-06 13:48:56.984179,355511.116,6296355.212
PC178,C01,LJDL-47,2145,5,9,2025-11-06 13:49:34.458452,354101.33,6302253.805
PC178,C01,LCPW-51,3160,8,12,2025-11-06 13:49:34.458457,354101.33,6302253.805
PC178,401,PFTV-94,2759,7,11,2025-11-06 13:49:34.458458,354101.33,6302253.805
PC178,401,PFBF-98,7028,20,24,2025-11-06 13:49:34.458459,354101.33,6302253.805
PC178,430,SJPC-28,1670,3,7,2025-11-06 13:49:34.458460,354101.33,6302253.805
PC178,430,SJPD-76,1670,3,7,2025-11-06 13:49:34.458461,354101.33,6302253.805
PC178,406,TBFT-52,2454,6,10,2025-11-06 13:49:34.458461,354101.33,6302253.805
PC178,406,GCBF-14,3160,8,12,2025-11-06 13:49:34.458462,354101.33,6302253.805
PC178,407,GCBD-50,1408,0,4,2025-11-06 13:49:34.458463,354101.33,6302253.805
PC178,407,TBFT-87,1819,4,8,2025-11-06 13:49:34.458464,354101.33,6302253.805
PC178,426,BJFD-67,1529,3,7,2025-11-06 13:49:34.458465,354101.33,6302253.805
PC178,426,FLXD-48,2879,7,11,2025-11-06 13:49:34.458465,354101.33,6302253.805
PC178,C01c,PGTV-15,2326,5,9,2025-11-06 13:49:34.458466,354101.33,6302253.805
PC178,C01c,PGTT-99,3160,8,12,2025-11-06 13:49:34.458467,354101.33,6302253.805
PC178,C19,SHCV-74,0,0,3,2025-11-06 13:49:34.458468,354101.33,6302253.805
PC178,C19,SKPK-29,1241,0,4,2025-11-06 13:49:34.458468,354101.33,6302253.805
PC178,C28,SKPJ-81,1018,0,3,2025-11-06 13:49:34.458469,354101.33,6302253.805
PC178,C28,SHCY-23,1183,0,4,2025-11-06 13:49:34.458470,354101.33,6302253.805
PC178,421,PDZH-97,3752,10,14,2025-11-06 13:49:34.458471,354101.33,6302253.805
PC178,421,PDZH-71,8030,23,27,2025-11-06 13:49:34.458472,354101.33,6302253.805
PC178,C02,LCPW-47,398,0,3,2025-11-06 13:49:34.458472,354101.33,6302253.805
PC178,C02,LCSX-53,3978,11,15,2025-11-06 13:49:34.458473,354101.33,6302253.805
PG106,203c,VJKD-70,1934,4,8,2025-11-06 13:50:07.968393,347570.156,6285766.283
PG106,203c,SFVZ-86,4299,12,16,2025-11-06 13:50:07.968399,347570.156,6285766.283
PG106,G18,SFPG-60,3218,8,12,2025-11-06 13:50:07.968400,347570.156,6285766.283
PG106,G18,SCRZ-16,4019,11,15,2025-11-06 13:50:07.968401,347570.156,6285766.283
PG106,G04,SFPG-30,0,0,3,2025-11-06 13:50:07.968402,347570.156,6285766.283
PG106,G04,SHCX-16,2585,6,10,2025-11-06 13:50:07.968403,347570.156,6285766.283
PG106,203,LZPR-83,2308,5,9,2025-11-06 13:50:07.968405,347570.156,6285766.283
PG106,203,LZPR-84,3867,10,14,2025-11-06 13:50:07.968406,347570.156,6285766.283
PI1037,I08,FLXY-48,663,0,2,2025-11-06 13:52:56.751600,335792.497,6292982.587
PI1037,I08,FLXZ-59,2366,5,9,2025-11-06 13:52:56.751605,335792.497,6292982.587
PG159,229,SFWZ-16,347,0,3,2025-11-06 13:53:50.322922,345774.416,6283134.881
PG159,G24,FLXX-11,1650,3,7,2025-11-06 13:53:50.322927,345774.416,6283134.881
PG159,G24,CJRP-16,7805,23,27,2025-11-06 13:53:50.322928,345774.416,6283134.881
PG159,228,THTH-16,3584,9,13,2025-11-06 13:53:50.322929,345774.416,6283134.881
PG159,228,THTF-72,3746,10,14,2025-11-06 13:53:50.322929,345774.416,6283134.881
PG159,G07,THTF-99,808,0,3,2025-11-06 13:53:50.322930,345774.416,6283134.881
PG159,G07,THTD-69,809,0,3,2025-11-06 13:53:50.322931,345774.416,6283134.881
PG159,G08,THTD-87,1131,0,4,2025-11-06 13:53:50.322932,345774.416,6283134.881
PG159,G08,THTD-91,5512,15,19,2025-11-06 13:53:50.322933,345774.416,6283134.881
PG159,G05,SFGY-85,1506,3,7,2025-11-06 13:53:50.322934,345774.416,6283134.881
PG159,G05,SHCV-30,7649,22,26,2025-11-06 13:53:50.322935,345774.416,6283134.881
PG159,G35,SFPG-41,2739,7,11,2025-11-06 13:53:50.322936,345774.416,6283134.881
PG159,G35,SDSW-76,5405,15,19,2025-11-06 13:53:50.322936,345774.416,6283134.881
PI273,113,FLXZ-24,3575,9,13,2025-11-06 13:54:47.571874,334849.485,6287152.484
PI273,113,FLXY-81,5844,16,20,2025-11-06 13:54:47.571879,334849.485,6287152.484
PI273,I11,VHTB-20,2619,6,10,2025-11-06 13:54:47.571880,334849.485,6287152.484
PI273,111,BJFW-58,3187,8,12,2025-11-06 13:54:47.571882,334849.485,6287152.484
PI273,I35,SCRZ-22,1076,0,3,2025-11-06 13:54:47.571883,334849.485,6287152.484
PI273,I35,SHXB-39,3288,8,12,2025-11-06 13:54:47.571884,334849.485,6287152.484
PB1054,B16,STHF-78,3320,8,12,2025-11-06 13:58:13.556891,344569.55,6307242.348
PI1921,I35,SCRZ-26,1345,0,4,2025-11-06 13:58:32.476709,331629.0,6283895.0
PI1921,I35,SCRZ-27,1452,3,7,2025-11-06 13:58:32.476714,331629.0,6283895.0
PJ171,426,FDJX-70,1793,4,8,2025-11-06 13:58:55.659601,337336.261,6298065.858
PJ171,426,BFKC-89,3824,10,14,2025-11-06 13:58:55.659606,337336.261,6298065.858
PJ171,422,TBFR-28,2569,6,10,2025-11-06 13:58:55.659607,337336.261,6298065.858
PJ171,J15c,TBFX-21,2829,7,11,2025-11-06 13:58:55.659608,337336.261,6298065.858
PJ171,406,TBFT-62,0,0,3,2025-11-06 13:58:55.659609,337336.261,6298065.858
PJ171,406,PFXC-81,1159,4,8,2025-11-06 13:58:55.659610,337336.261,6298065.858
PJ171,407,GCBD-93,835,0,3,2025-11-06 13:58:55.659611,337336.261,6298065.858
PJ171,407,GCBC-96,2311,5,9,2025-11-06 13:58:55.659612,337336.261,6298065.858
PJ171,J07e,VHZX-10,4239,11,15,2025-11-06 13:58:55.659613,337336.261,6298065.858
PJ171,J07e,VJBB-81,10274,32,60,2025-11-06 13:58:55.659613,337336.261,6298065.858
PJ171,402,SKPH-70,1974,4,8,2025-11-06 13:58:55.659614,337336.261,6298065.858
PJ171,402,PFYC-57,1819,4,8,2025-11-06 13:58:55.659615,337336.261,6298065.858
PJ171,511,TBFP-65,4771,13,17,2025-11-06 13:58:55.659616,337336.261,6298065.858
PJ171,511,PFXC-22,5042,14,18,2025-11-06 13:58:55.659617,337336.261,6298065.858
PJ171,J07,VHZZ-61,1382,0,4,2025-11-06 13:58:55.659618,337336.261,6298065.858
PJ171,J07,VJBB-40,10198,32,60,2025-11-06 13:58:55.659619,337336.261,6298065.858
PC684,C03,SKPJ-41,3674,10,14,2025-11-06 13:59:26.052985,354079.902,6305647.285
PC684,C03,LFSX-97,4068,11,15,2025-11-06 13:59:26.052991,354079.902,6305647.285
PC680,C03,SKPJ-41,1194,0,4,2025-11-06 14:00:00.121997,355920.828,6304658.391
PC680,C03,LFSX-97,1637,3,7,2025-11-06 14:00:00.122002,355920.828,6304658.391
PE1368,F25,SRVG-44,4993,14,18,2025-11-06 14:00:38.786005,352327.295,6287754.82
PE1368,F25,SRVG-68,8544,27,60,2025-11-06 14:00:38.786010,352327.295,6287754.82
PH567,H06,CJRZ-73,3725,10,14,2025-11-06 14:01:27.053450,344237.548,6291413.636
PH567,H06,FLXF-17,7135,21,25,2025-11-06 14:01:27.053455,344237.548,6291413.636
PH567,H13,BJFS-77,1612,3,7,2025-11-06 14:01:27.053457,344237.548,6291413.636
PH567,H13,CJRX-70,4395,12,16,2025-11-06 14:01:27.053458,344237.548,6291413.636
PG31,G02,FLXX-19,186,0,3,2025-11-06 14:01:47.555803,341617.81,6281314.19
PG31,G02,CJRK-98,1218,0,4,2025-11-06 14:01:47.555807,341617.81,6281314.19
PG31,G14,GCWF-75,0,0,3,2025-11-06 14:01:47.555808,341617.81,6281314.19
PG31,G14,FLXP-40,3813,10,14,2025-11-06 14:01:47.555809,341617.81,6281314.19
PG31,F03,SPVT-79,143,0,3,2025-11-06 14:01:47.555810,341617.81,6281314.19
PG31,G27,THTF-12,179,0,3,2025-11-06 14:01:47.555811,341617.81,6281314.19
PG31,G27,THTF-96,5799,16,20,2025-11-06 14:01:47.555812,341617.81,6281314.19
PG31,211c,THTH-30,2096,5,9,2025-11-06 14:01:47.555813,341617.81,6281314.19
PG31,211c,THTG-79,4831,13,17,2025-11-06 14:01:47.555813,341617.81,6281314.19
PG31,G09,SDSW-73,2135,5,9,2025-11-06 14:01:47.555814,341617.81,6281314.19
PG31,G09,SHCX-19,3436,9,13,2025-11-06 14:01:47.555815,341617.81,6281314.19
PG31,201e,VFHT-55,2794,7,11,2025-11-06 14:01:47.555816,341617.81,6281314.19
PG31,201e,VFHJ-92,3866,10,14,2025-11-06 14:01:47.555817,341617.81,6281314.19
PG31,211,TBYY-65,6549,19,23,2025-11-06 14:01:47.555817,341617.81,6281314.19
PG31,211,TBYY-73,8731,28,60,2025-11-06 14:01:47.555818,341617.81,6281314.19
PG31,G28,BJFV-16,8632,27,60,2025-11-06 14:01:47.555819,341617.81,6281314.19
PG31,G28,BJFT-56,9078,29,60,2025-11-06 14:01:47.555820,341617.81,6281314.19
PG31,271,FLXL-98,145,0,3,2025-11-06 14:01:47.555820,341617.81,6281314.19
PG31,271,FLXP-32,3506,9,13,2025-11-06 14:01:47.555821,341617.81,6281314.19
PG31,G07,THTG-94,151,0,3,2025-11-06 14:01:47.555822,341617.81,6281314.19
PG31,G07,THTD-75,3454,9,13,2025-11-06 14:01:47.555823,341617.81,6281314.19
PG31,201,GCBB-46,117,0,3,2025-11-06 14:01:47.555824,341617.81,6281314.19
PG31,201,GCBB-28,288,0,3,2025-11-06 14:01:47.555825,341617.81,6281314.19
PB695,B01,STHD-72,3617,9,13,2025-11-06 14:03:16.503571,342454.429,6303756.613
PB695,B01,TXZH-34,5000,14,18,2025-11-06 14:03:16.503576,342454.429,6303756.613
PC569,B27,FLXS-23,447,0,3,2025-11-06 14:03:39.226725,349074.41,6299516.65
PC569,B27,FLXT-91,3634,9,13,2025-11-06 14:03:39.226731,349074.41,6299516.65
PB669,502,BJFD-44,1653,3,7,2025-11-06 14:04:12.685838,347224.71,6299483.27
PB669,502,BJFH-33,7822,23,27,2025-11-06 14:04:12.685843,347224.71,6299483.27
PB669,503,VGVG-41,2299,5,9,2025-11-06 14:04:12.685844,347224.71,6299483.27
PB669,503,VGTX-34,3250,8,12,2025-11-06 14:04:12.685845,347224.71,6299483.27
PB669,542,PFXB-96,1960,4,8,2025-11-06 14:04:12.685846,347224.71,6299483.27
PB669,542,TBFT-92,3365,9,13,2025-11-06 14:04:12.685847,347224.71,6299483.27
PB669,409,SPBF-32,3102,8,12,2025-11-06 14:04:12.685847,347224.71,6299483.27
PB669,409,SKWD-60,3102,8,12,2025-11-06 14:04:12.685848,347224.71,6299483.27
PC167,401,PFVK-88,1396,0,4,2025-11-06 14:05:06.787648,355313.541,6302394.681
PC167,401,PGBB-60,1814,4,8,2025-11-06 14:05:06.787655,355313.541,6302394.681
PC167,421,PDZS-83,1672,3,7,2025-11-06 14:05:06.787656,355313.541,6302394.681
PC167,421,PFBG-12,2381,6,10,2025-11-06 14:05:06.787657,355313.541,6302394.681
PC167,407,GCBC-88,1105,0,3,2025-11-06 14:05:06.787657,355313.541,6302394.681
PC167,407,TBFS-38,1597,3,7,2025-11-06 14:05:06.787658,355313.541,6302394.681
PC167,C02,LCSX-53,607,0,2,2025-11-06 14:05:06.787659,355313.541,6302394.681
PC167,C02,LDJJ-61,2828,7,11,2025-11-06 14:05:06.787660,355313.541,6302394.681
PF1016,F26,SPVV-92,2604,6,10,2025-11-06 14:05:41.074695,356185.725,6281396.744
PF1016,F26,SPVV-69,7248,21,25,2025-11-06 14:05:41.074709,356185.725,6281396.744
PJ840,J07e,VHZW-70,1424,0,4,2025-11-06 14:06:15.386892,330143.347,6304549.866
PJ840,J07e,VHZZ-41,6986,20,24,2025-11-06 14:06:15.386905,330143.347,6304549.866
PE707,E11,VKJZ-59,1798,4,8,2025-11-06 14:08:32.575315,351182.639,6285203.506
PE707,E11,VKJX-70,3248,8,12,2025-11-06 14:08:32.575321,351182.639,6285203.506
PE707,E16,VJWY-61,1134,0,4,2025-11-06 14:08:32.575322,351182.639,6285203.506
PE707,E16,VJWY-11,2144,5,9,2025-11-06 14:08:32.575323,351182.639,6285203.506
PI861,I03,FLXJ-24,602,0,2,2025-11-06 14:09:22.359364,338679.78,6291697.31
PI861,I03,FLXL-38,873,0,3,2025-11-06 14:09:22.359369,338679.78,6291697.31
PD58,224,VFPS-94,269,0,3,2025-11-06 14:10:36.970282,351482.103,6296687.297
PD58,325,VFJV-24,1619,3,7,2025-11-06 14:10:36.970287,351482.103,6296687.297
PD58,104,SKWD-20,636,0,2,2025-11-06 14:10:36.970288,351482.103,6296687.297
PD58,104,SKVD-57,1511,3,7,2025-11-06 14:10:36.970288,351482.103,6296687.297
PD58,212,GCBF-53,318,0,3,2025-11-06 14:10:36.970289,351482.103,6296687.297
PD58,212,LZPW-17,1087,0,3,2025-11-06 14:10:36.970290,351482.103,6296687.297
PG216,118,FLXD-45,2514,6,10,2025-11-06 14:11:24.765245,347107.43,6287523.44
PG216,118,CJRZ-80,6137,17,21,2025-11-06 14:11:24.765249,347107.43,6287523.44
PG216,211,TBZB-23,535,0,2,2025-11-06 14:11:24.765250,347107.43,6287523.44
PG216,211,TBYY-72,5615,16,20,2025-11-06 14:11:24.765251,347107.43,6287523.44
PG216,229,SFWZ-62,668,0,2,2025-11-06 14:11:24.765252,347107.43,6287523.44
PG216,229,VJXC-91,1670,3,7,2025-11-06 14:11:24.765253,347107.43,6287523.44
PI1158,I04,FLXF-64,2578,6,10,2025-11-06 14:12:24.449736,339464.952,6292085.327
PI1158,I04,FLXF-66,5393,15,19,2025-11-06 14:12:24.449741,339464.952,6292085.327
PI1158,I14,CJRW-61,1695,3,7,2025-11-06 14:12:24.449742,339464.952,6292085.327
PI1158,I14,CJRW-66,1642,3,7,2025-11-06 14:12:24.449743,339464.952,6292085.327
PE233,226,VFPS-85,1683,3,7,2025-11-06 14:14:25.202588,349886.391,6287940.8
PE233,226,VFPT-47,1857,4,8,2025-11-06 14:14:25.202593,349886.391,6287940.8
PE233,E18,BJFX-65,2571,6,10,2025-11-06 14:14:25.202594,349886.391,6287940.8
PE233,E12,VFJP-23,1736,3,7,2025-11-06 14:14:25.202595,349886.391,6287940.8
PE233,E12,VFKV-81,2180,5,9,2025-11-06 14:14:25.202596,349886.391,6287940.8
PG1793,302,BJFY-97,2755,7,11,2025-11-06 14:14:54.281256,346829.35,6287062.28
PG1793,302,BJFV-98,6007,17,21,2025-11-06 14:14:54.281260,346829.35,6287062.28
PG1793,E18,CJRB-19,6266,18,22,2025-11-06 14:14:54.281261,346829.35,6287062.28
PG1793,E18,BJFX-65,9302,29,60,2025-11-06 14:14:54.281262,346829.35,6287062.28
PG1992,G38,THTG-69,1503,3,7,2025-11-06 14:17:25.823640,343741.0,6280112.0
PG1992,G38,THTF-74,3729,10,14,2025-11-06 14:17:25.823645,343741.0,6280112.0
PG1992,G32,THTF-40,978,0,3,2025-11-06 14:17:25.823647,343741.0,6280112.0
PG1992,G32,THTF-42,2863,7,11,2025-11-06 14:17:25.823648,343741.0,6280112.0
PC1280,C37,SGPW-51,0,0,3,2025-11-06 14:17:50.943481,358883.0,6301993.0
PC1280,C37,SGPX-11,5763,16,20,2025-11-06 14:17:50.943485,358883.0,6301993.0
PA677,H07,BJFT-91,0,0,3,2025-11-06 14:18:51.705183,344668.223,6294642.336
PA677,H07,CJRX-42,1522,3,7,2025-11-06 14:18:51.705188,344668.223,6294642.336
PA677,345,CJRY-76,0,0,3,2025-11-06 14:18:51.705189,344668.223,6294642.336
PA677,345,FLXH-16,3361,9,13,2025-11-06 14:18:51.705190,344668.223,6294642.336
PA677,I01,FLXL-53,0,0,3,2025-11-06 14:18:51.705191,344668.223,6294642.336
PA677,I01,FLXJ-21,2218,5,9,2025-11-06 14:18:51.705191,344668.223,6294642.336
PE1337,418,SHXF-92,609,0,2,2025-11-06 14:21:27.688102,356322.824,6290415.416
PE1337,418,LXWP-79,931,0,3,2025-11-06 14:21:27.688106,356322.824,6290415.416
PE1337,E06,FLXJ-18,3221,8,12,2025-11-06 14:21:27.688107,356322.824,6290415.416
PE1337,E17,FLXT-41,3697,10,14,2025-11-06 14:21:27.688108,356322.824,6290415.416
PH149,203,LZPT-54,241,0,3,2025-11-06 14:21:46.135869,347988.669,6290114.345
PH149,203,LZPS-20,1908,4,8,2025-11-06 14:21:46.135874,347988.669,6290114.345
PH149,206,FLXW-78,673,0,2,2025-11-06 14:21:46.135875,347988.669,6290114.345
PH149,206,FLXX-57,2063,5,9,2025-11-06 14:21:46.135876,347988.669,6290114.345
PH149,212,LZRB-85,2243,5,9,2025-11-06 14:21:46.135876,347988.669,6290114.345
PH149,212,SXKV-97,2609,6,10,2025-11-06 14:21:46.135877,347988.669,6290114.345
PE381,322,BJFW-72,0,0,3,2025-11-06 14:22:02.154889,353346.626,6289658.146
PE381,E03,FLXK-63,471,0,3,2025-11-06 14:22:02.154895,353346.626,6289658.146
PE381,E03,BJFW-54,1000,0,3,2025-11-06 14:22:02.154896,353346.626,6289658.146
PH166,204,VFPX-93,3293,8,12,2025-11-06 14:22:26.377890,348629.527,6293190.767
PH166,234,SVPX-52,2842,7,11,2025-11-06 14:22:26.377895,348629.527,6293190.767
PH166,234,SDGY-33,5671,16,20,2025-11-06 14:22:26.377896,348629.527,6293190.767
PG441,E02,VKJX-76,2704,7,11,2025-11-06 14:23:33.738375,346732.354,6289574.801
PG441,E02,VKJX-32,7113,20,24,2025-11-06 14:23:33.738380,346732.354,6289574.801
PI1469,I21,FLXJ-19,4042,11,15,2025-11-06 14:24:10.238996,333844.485,6289406.686
PJ194,110c,GCBD-99,2480,6,10,2025-11-06 14:25:15.405413,338363.386,6299701.409
PJ194,110c,HYKK-32,6982,20,24,2025-11-06 14:25:15.405418,338363.386,6299701.409
PH1541,H24,VGRB-73,838,0,3,2025-11-06 14:26:02.177805,347916.16,6294458.32
PH1541,H24,VGRC-33,4718,13,17,2025-11-06 14:26:02.177811,347916.16,6294458.32
PH484,H24,VGRB-73,934,0,3,2025-11-06 14:26:39.596276,347170.201,6294554.639
PH484,H24,VGRC-33,5474,15,19,2025-11-06 14:26:39.596282,347170.201,6294554.639
PH484,E04,VKJZ-33,11,0,3,2025-11-06 14:26:39.596283,347170.201,6294554.639
PG586,206,FLXX-66,794,0,3,2025-11-06 14:27:57.340821,347345.751,6283277.872
PG586,G28,BJFW-11,268,0,3,2025-11-06 14:27:57.340824,347345.751,6283277.872
PG586,G28,BJFW-87,1862,4,8,2025-11-06 14:27:57.340825,347345.751,6283277.872
PG586,F06,SRVJ-72,1415,0,4,2025-11-06 14:27:57.340826,347345.751,6283277.872
PG586,F06,SRVL-59,1862,4,8,2025-11-06 14:27:57.340827,347345.751,6283277.872
PJ107,428,SJPD-56,4632,13,17,2025-11-06 14:29:18.542643,335945.599,6296468.595
PJ107,428,SHCV-85,12895,41,60,2025-11-06 14:29:18.542648,335945.599,6296468.595
PJ107,444,SKPL-30,7640,22,26,2025-11-06 14:29:18.542650,335945.599,6296468.595
PJ107,444,SHXF-14,7805,23,27,2025-11-06 14:29:18.542650,335945.599,6296468.595
PC437,C01,LCPW-36,1683,3,7,2025-11-06 14:29:44.552215,359438.166,6308170.678
PC437,C01,LDJJ-83,2378,6,10,2025-11-06 14:29:44.552219,359438.166,6308170.678
PC437,C16,LDJW-50,1608,3,7,2025-11-06 14:29:44.552221,359438.166,6308170.678
PC437,C16,LDTC-11,4550,12,16,2025-11-06 14:29:44.552221,359438.166,6308170.678
PC437,C13,SHXF-96,4804,13,17,2025-11-06 14:29:44.552222,359438.166,6308170.678
PC437,C13,SHXF-16,5914,17,21,2025-11-06 14:29:44.552223,359438.166,6308170.678
PC437,430,SHXG-39,66,0,3,2025-11-06 14:29:44.552224,359438.166,6308170.678
PC437,430,PFYC-59,232,0,3,2025-11-06 14:29:44.552225,359438.166,6308170.678
PC437,426,FLXD-48,407,0,3,2025-11-06 14:29:44.552226,359438.166,6308170.678
PC437,426,FLXK-44,386,0,3,2025-11-06 14:29:44.552226,359438.166,6308170.678
PJ460,505,VHZZ-91,1069,0,3,2025-11-06 14:30:48.072809,341858.93,6300760.478
PJ460,505,SRTG-95,4491,12,16,2025-11-06 14:30:48.072814,341858.93,6300760.478
PJ460,513,VJBB-91,1893,4,8,2025-11-06 14:30:48.072816,341858.93,6300760.478
PJ460,513,SRTG-94,2257,5,9,2025-11-06 14:30:48.072817,341858.93,6300760.478
PH539,H05,VGKY-12,0,0,3,2025-11-06 14:33:07.075943,345596.396,6291405.747
PH539,H05,VFPK-64,5264,15,19,2025-11-06 14:33:07.075947,345596.396,6291405.747
PA221,119,FLXG-63,2767,7,11,2025-11-06 14:33:46.824849,346329.725,6299378.705
PA221,119,CJRB-48,4265,11,15,2025-11-06 14:33:46.824853,346329.725,6299378.705
PA221,121,FLXG-66,3011,8,12,2025-11-06 14:33:46.824854,346329.725,6299378.705
PA221,121,BJFT-76,4289,12,16,2025-11-06 14:33:46.824855,346329.725,6299378.705
PB466,430,SKPJ-53,1918,4,8,2025-11-06 14:34:51.979125,337874.768,6306152.247
PB466,430,PFZK-85,3004,7,11,2025-11-06 14:34:51.979130,337874.768,6306152.247
PB466,435,SJPF-97,965,0,3,2025-11-06 14:34:51.979131,337874.768,6306152.247
PB466,435,SKPH-68,3703,10,14,2025-11-06 14:34:51.979131,337874.768,6306152.247
PG1981,G38,THTH-82,568,0,2,2025-11-06 14:35:21.685913,343433.0,6279661.0
PG1981,G38,THTF-34,1664,3,7,2025-11-06 14:35:21.685918,343433.0,6279661.0
PG1981,G08v,FLXV-22,4377,12,16,2025-11-06 14:35:21.685920,343433.0,6279661.0
PG1981,G32,THTF-37,2857,7,11,2025-11-06 14:35:21.685921,343433.0,6279661.0
PG1981,G32,THTF-42,3695,10,14,2025-11-06 14:35:21.685921,343433.0,6279661.0
PI458,510,PFXC-54,1066,0,3,2025-11-06 14:35:51.926147,341930.06,6296868.07
PI458,510,TBFV-20,2137,5,9,2025-11-06 14:35:51.926152,341930.06,6296868.07
PI458,404,PFYC-58,848,0,3,2025-11-06 14:35:51.926154,341930.06,6296868.07
PI458,404,PFYC-16,848,0,3,2025-11-06 14:35:51.926155,341930.06,6296868.07
PI458,519,RKXL-27,2147,5,9,2025-11-06 14:35:51.926156,341930.06,6296868.07
PI458,519,TBFW-15,4353,12,16,2025-11-06 14:35:51.926157,341930.06,6296868.07
PI458,412,PFYC-13,2850,7,11,2025-11-06 14:35:51.926158,341930.06,6296868.07
PI458,412,LXWP-69,6461,18,22,2025-11-06 14:35:51.926159,341930.06,6296868.07
PI458,418,PFVG-99,1100,0,3,2025-11-06 14:35:51.926160,341930.06,6296868.07
PI458,418,PFYC-49,3276,8,12,2025-11-06 14:35:51.926161,341930.06,6296868.07
PI458,516,GCBF-33,1389,0,4,2025-11-06 14:35:51.926162,341930.06,6296868.07
PI458,516,PFXC-61,2135,5,9,2025-11-06 14:35:51.926163,341930.06,6296868.07
PI458,424,TBFT-39,2269,5,9,2025-11-06 14:35:51.926164,341930.06,6296868.07
PI458,424,TBFR-53,5413,15,19,2025-11-06 14:35:51.926164,341930.06,6296868.07
PF915,F02,SHCY-65,1550,3,7,2025-11-06 14:36:29.590127,352952.171,6280653.121
PF915,204,VGKZ-92,205,0,3,2025-11-06 14:36:29.590132,352952.171,6280653.121
PF915,204,VFPF-21,821,0,3,2025-11-06 14:36:29.590133,352952.171,6280653.121
PG247,216,LZPT-73,1699,3,7,2025-11-06 14:36:45.271073,348643.16,6282266.16
PG247,G28,CJRZ-71,4987,14,18,2025-11-06 14:36:45.271078,348643.16,6282266.16
PG247,G28,CJRB-50,11049,35,60,2025-11-06 14:36:45.271079,348643.16,6282266.16
PG247,G05,SHCV-31,1943,4,8,2025-11-06 14:36:45.271080,348643.16,6282266.16
PG247,G05,SHXG-76,1952,4,8,2025-11-06 14:36:45.271081,348643.16,6282266.16
PG247,G35,SFPG-41,1003,0,3,2025-11-06 14:36:45.271082,348643.16,6282266.16
PG247,G35,SCRZ-17,4259,11,15,2025-11-06 14:36:45.271083,348643.16,6282266.16
PG247,212,LZPT-71,1773,4,8,2025-11-06 14:36:45.271083,348643.16,6282266.16
PG247,212,LZPW-10,1988,4,8,2025-11-06 14:36:45.271084,348643.16,6282266.16
PE757,E13,VFJK-65,0,0,3,2025-11-06 14:37:44.368453,351481.866,6288955.556
PE757,E13,VFJK-22,2950,7,11,2025-11-06 14:37:44.368458,351481.866,6288955.556
PC53,286,SHXG-78,1100,0,3,2025-11-06 14:37:59.767539,353465.223,6300347.197
PC53,286,SFPG-44,4735,13,17,2025-11-06 14:37:59.767544,353465.223,6300347.197
PC53,425,SJPC-70,1333,0,4,2025-11-06 14:37:59.767545,353465.223,6300347.197
PC53,425,SJPC-69,4443,12,16,2025-11-06 14:37:59.767546,353465.223,6300347.197
PC53,712,SHCW-69,5231,15,19,2025-11-06 14:37:59.767546,353465.223,6300347.197
PC53,712,SHCY-15,5428,15,19,2025-11-06 14:37:59.767547,353465.223,6300347.197
PC383,412,PFTW-60,283,0,3,2025-11-06 14:38:22.809622,352259.619,6300137.416
PC383,412,PFVG-76,4291,12,16,2025-11-06 14:38:22.809627,352259.619,6300137.416
PC383,418,SKPK-63,7830,23,27,2025-11-06 14:38:22.809628,352259.619,6300137.416
PC383,418,PFYC-55,8079,26,60,2025-11-06 14:38:22.809629,352259.619,6300137.416
PC383,429,SHXD-69,603,0,2,2025-11-06 14:38:22.809630,352259.619,6300137.416
PC383,429,SLPB-87,1491,3,7,2025-11-06 14:38:22.809630,352259.619,6300137.416
PD1287,412,PFYC-79,736,0,2,2025-11-06 14:39:24.884278,356533.439,6298811.666
PD1287,412,PFYC-31,4749,13,17,2025-11-06 14:39:24.884283,356533.439,6298811.666
PD1287,D18,SVDC-75,837,0,3,2025-11-06 14:39:24.884284,356533.439,6298811.666
PD1287,D18,SVDC-26,6406,18,22,2025-11-06 14:39:24.884285,356533.439,6298811.666
PH250,G11,THTF-11,7349,21,25,2025-11-06 14:39:53.153696,345659.331,6290544.709
PH250,G11,THTF-33,12682,40,60,2025-11-06 14:39:53.153700,345659.331,6290544.709
PH250,227,VFPS-39,969,0,3,2025-11-06 14:39:53.153701,345659.331,6290544.709
PH250,227,VFPS-87,2874,7,11,2025-11-06 14:39:53.153702,345659.331,6290544.709
PB955,B06,SKDG-90,2156,5,9,2025-11-06 14:40:44.275337,337537.978,6308027.777
PI681,I25,FLXL-85,9289,29,60,2025-11-06 14:43:35.702456,340888.269,6292770.997
PI681,I25,FLXK-67,13685,43,60,2025-11-06 14:43:35.702462,340888.269,6292770.997
PI681,I01,FLXJ-21,905,0,3,2025-11-06 14:43:35.702463,340888.269,6292770.997
PI681,I01,FLXG-95,5623,16,20,2025-11-06 14:43:35.702464,340888.269,6292770.997
PI681,I18,FLXY-74,1614,3,7,2025-11-06 14:43:35.702465,340888.269,6292770.997
PI681,I18,FLXZ-47,8270,26,60,2025-11-06 14:43:35.702466,340888.269,6292770.997
PB1671,B27,FLXS-23,684,0,2,2025-11-06 14:44:27.574473,344876.059,6303873.969
PB1671,B27,FLXT-91,3353,9,13,2025-11-06 14:44:27.574477,344876.059,6303873.969
PI1583,I02,FLXZ-34,0,0,3,2025-11-06 14:44:52.410995,337048.308,6292316.205
PI1583,I02,FLXZ-37,2519,6,10,2025-11-06 14:44:52.411000,337048.308,6292316.205
PG122,209c,VJKC-63,17395,55,60,2025-11-06 14:45:32.101729,348761.845,6283585.812
PG122,207,VJLK-23,698,0,2,2025-11-06 14:45:32.101733,348761.845,6283585.812
PG122,207,SFST-31,2441,6,10,2025-11-06 14:45:32.101734,348761.845,6283585.812
PG122,207e,VJLR-81,6176,18,22,2025-11-06 14:45:32.101735,348761.845,6283585.812
PG122,209,SVPW-55,3309,8,12,2025-11-06 14:45:32.101736,348761.845,6283585.812
PG122,209,SVPX-48,10114,32,60,2025-11-06 14:45:32.101737,348761.845,6283585.812
PB1163,B11,SKDJ-18,3399,9,13,2025-11-06 14:46:10.244251,343701.306,6306479.488
PB1163,B11,SKDG-85,5786,16,20,2025-11-06 14:46:10.244256,343701.306,6306479.488
PB1163,230,GCBB-74,1909,4,8,2025-11-06 14:46:10.244257,343701.306,6306479.488
PG1425,G34,THTG-83,5051,14,18,2025-11-06 14:46:47.115451,342465.756,6284803.146
PG1425,G34,THTF-90,7893,23,27,2025-11-06 14:46:47.115456,342465.756,6284803.146
PG1425,G22,THTG-75,667,0,2,2025-11-06 14:46:47.115457,342465.756,6284803.146
PG1425,G22,THTG-62,1038,0,3,2025-11-06 14:46:47.115468,342465.756,6284803.146
PG1425,G01,THTF-58,1099,0,3,2025-11-06 14:46:47.115469,342465.756,6284803.146
PG1425,G01,THTF-84,5839,16,20,2025-11-06 14:46:47.115470,342465.756,6284803.146
PJ703,505,VHZV-51,773,0,2,2025-11-06 14:47:14.477322,336487.648,6300599.924
PJ703,505,VHXJ-40,1341,0,4,2025-11-06 14:47:14.477327,336487.648,6300599.924
PG129,205,LZRB-96,577,0,2,2025-11-06 14:47:42.398935,350082.791,6282826.385
PG129,205,LZRD-66,900,0,3,2025-11-06 14:47:42.398940,350082.791,6282826.385
PG129,286,SCRZ-30,1290,0,4,2025-11-06 14:47:42.398942,350082.791,6282826.385
PG129,286,SHCV-46,2591,6,10,2025-11-06 14:47:42.398943,350082.791,6282826.385
PG129,F20,SPZY-63,6120,17,21,2025-11-06 14:47:42.398944,350082.791,6282826.385
PG129,F20,SPZX-68,7008,20,24,2025-11-06 14:47:42.398944,350082.791,6282826.385
PD371,425,SHXG-82,3063,8,12,2025-11-06 14:49:20.348255,355323.731,6294729.133
PD371,425,SHXG-97,6347,18,22,2025-11-06 14:49:20.348259,355323.731,6294729.133
PD371,429,SLPC-22,5589,16,20,2025-11-06 14:49:20.348260,355323.731,6294729.133
PD371,429,SHXD-69,5678,16,20,2025-11-06 14:49:20.348261,355323.731,6294729.133
PD371,418,SKPL-33,1712,3,7,2025-11-06 14:49:20.348262,355323.731,6294729.133
PD371,418,SKPL-36,1712,3,7,2025-11-06 14:49:20.348263,355323.731,6294729.133
PG575,F06,SPZY-79,1929,4,8,2025-11-06 14:50:03.076790,345182.536,6284027.597
PG575,F06,SHCY-42,3321,8,12,2025-11-06 14:50:03.076795,345182.536,6284027.597
PG575,203,LZPT-54,162,0,3,2025-11-06 14:50:03.076796,345182.536,6284027.597
PG575,203,LXWT-93,743,0,2,2025-11-06 14:50:03.076797,345182.536,6284027.597
PG575,203c,VJKV-14,4001,11,15,2025-11-06 14:50:03.076798,345182.536,6284027.597
PG575,203c,VJKG-37,6018,17,21,2025-11-06 14:50:03.076798,345182.536,6284027.597
PG575,203e,VJKV-58,9305,29,60,2025-11-06 14:50:03.076799,345182.536,6284027.597
PG575,G16,SFPF-77,4834,13,17,2025-11-06 14:50:03.076800,345182.536,6284027.597
PG575,G16,SFPG-38,5479,15,19,2025-11-06 14:50:03.076801,345182.536,6284027.597
PD617,D26,FLXS-19,3826,10,14,2025-11-06 14:50:33.362172,355136.79,6290907.42
PD617,D26,SPBS-39,12653,40,60,2025-11-06 14:50:33.362177,355136.79,6290907.42
PA506,511,TBFX-22,237,0,3,2025-11-06 14:50:49.651842,348044.9,6295148.63
PA506,511,TBFW-18,4527,12,16,2025-11-06 14:50:49.651846,348044.9,6295148.63
PA506,D05,SPBS-64,527,0,2,2025-11-06 14:50:49.651847,348044.9,6295148.63
PA506,D05,SPBF-69,1751,4,8,2025-11-06 14:50:49.651848,348044.9,6295148.63
PA506,H13,CJRX-71,0,0,3,2025-11-06 14:50:49.651849,348044.9,6295148.63
PA506,H13,BJFX-13,2893,7,11,2025-11-06 14:50:49.651850,348044.9,6295148.63
PI1884,I35,SFGY-67,320,0,3,2025-11-06 14:52:24.490612,332024.0,6283613.0
PI1884,I35,SDSW-81,1191,0,4,2025-11-06 14:52:24.490617,332024.0,6283613.0
PH192,205,LZRD-99,207,0,3,2025-11-06 14:52:59.151614,347853.545,6291005.409
PH192,205,LZRD-79,1529,3,7,2025-11-06 14:52:59.151619,347853.545,6291005.409
PH192,207,VJYX-75,247,0,3,2025-11-06 14:52:59.151620,347853.545,6291005.409
PH192,207,SDGY-40,1946,4,8,2025-11-06 14:52:59.151621,347853.545,6291005.409
PH192,209,VJXW-44,1085,0,3,2025-11-06 14:52:59.151622,347853.545,6291005.409
PH192,209,SDGY-18,6172,17,21,2025-11-06 14:52:59.151623,347853.545,6291005.409
PH192,227,VFHT-73,1292,0,4,2025-11-06 14:52:59.151624,347853.545,6291005.409
PH192,227,VFRF-15,4148,11,15,2025-11-06 14:52:59.151625,347853.545,6291005.409
PI1215,I16,FLXJ-53,4224,11,15,2025-11-06 14:53:49.070131,342666.524,6295514.765
PF255,F12,SRVH-71,588,0,2,2025-11-06 14:54:35.340626,354009.563,6278730.274
PF255,124,TXZH-43,452,0,3,2025-11-06 14:54:35.340631,354009.563,6278730.274
PF255,124,SRVL-15,1051,0,3,2025-11-06 14:54:35.340631,354009.563,6278730.274
PF255,F16,SPRZ-22,443,0,3,2025-11-06 14:54:35.340632,354009.563,6278730.274
PF255,F16,SPRY-62,4512,12,16,2025-11-06 14:54:35.340633,354009.563,6278730.274
PI406,401,PFBF-98,1991,4,8,2025-11-06 14:54:55.701185,342041.24,6296902.91
PI406,401,PFVK-98,4829,13,17,2025-11-06 14:54:55.701190,342041.24,6296902.91
PI406,405,PDYR-97,914,0,3,2025-11-06 14:54:55.701191,342041.24,6296902.91
PI406,405,PFYG-97,1363,0,4,2025-11-06 14:54:55.701192,342041.24,6296902.91
PI406,419,PDYR-93,1280,0,4,2025-11-06 14:54:55.701193,342041.24,6296902.91
PI406,419,PFTV-97,3457,9,13,2025-11-06 14:54:55.701194,342041.24,6296902.91
PI406,421,PDZH-71,3296,8,12,2025-11-06 14:54:55.701194,342041.24,6296902.91
PI406,421,PFVK-49,7544,22,26,2025-11-06 14:54:55.701195,342041.24,6296902.91
PI406,423,PFYS-33,2082,5,9,2025-11-06 14:54:55.701196,342041.24,6296902.91
PI406,423,PFVG-41,3409,9,13,2025-11-06 14:54:55.701197,342041.24,6296902.91
PI406,I09,FLXZ-17,1363,0,4,2025-11-06 14:54:55.701198,342041.24,6296902.91
PI406,I09,RWRP-49,2040,4,8,2025-11-06 14:54:55.701198,342041.24,6296902.91
PI406,106,PFVD-65,4847,13,17,2025-11-06 14:54:55.701199,342041.24,6296902.91
PI406,106,PFVD-37,5083,14,18,2025-11-06 14:54:55.701200,342041.24,6296902.91
PB1636,B22,SPCG-85,692,0,2,2025-11-06 14:55:27.580486,348226.654,6304082.872
PB1636,B22,SKPS-32,992,0,3,2025-11-06 14:55:27.580491,348226.654,6304082.872
PD1000,D08,SPBF-24,1726,4,8,2025-11-06 14:56:00.948759,357201.368,6297240.45
PD1000,D08,SVDC-85,3084,8,12,2025-11-06 14:56:00.948763,357201.368,6297240.45
PB1941,B45,VHSX-83,1558,3,7,2025-11-06 14:56:15.153554,339656.57,6307734.82
PB1941,B45,TWPD-41,2297,5,9,2025-11-06 14:56:15.153559,339656.57,6307734.82
PG92,E02,VKJX-76,2285,5,9,2025-11-06 14:56:32.445327,348144.317,6288768.853
PG92,E02,VKJY-86,4328,12,16,2025-11-06 14:56:32.445332,348144.317,6288768.853
PG92,E05,CJRC-56,3477,9,13,2025-11-06 14:56:32.445333,348144.317,6288768.853
PG92,233,SDSW-71,455,0,3,2025-11-06 14:56:32.445334,348144.317,6288768.853
PG92,233,SFPG-47,8186,26,60,2025-11-06 14:56:32.445334,348144.317,6288768.853
PG92,203,LZPG-18,0,0,3,2025-11-06 14:56:32.445335,348144.317,6288768.853
PG92,203,LZPG-20,1783,4,8,2025-11-06 14:56:32.445336,348144.317,6288768.853
PG92,206,FLXW-91,1683,3,7,2025-11-06 14:56:32.445337,348144.317,6288768.853
PG92,206,FLXW-95,1803,4,8,2025-11-06 14:56:32.445338,348144.317,6288768.853
PG92,212,GCBF-53,1304,0,4,2025-11-06 14:56:32.445338,348144.317,6288768.853
PG92,212,LZPW-17,1304,0,4,2025-11-06 14:56:32.445339,348144.317,6288768.853
PA634,115,TBFV-17,1125,0,4,2025-11-06 14:56:39.128331,346279.81,6295008.43
PA634,115,PFXC-39,2579,6,10,2025-11-06 14:56:39.128336,346279.81,6295008.43
PA634,113,FLXZ-10,1493,3,7,2025-11-06 14:56:39.128337,346279.81,6295008.43
PG1707,105,SHXC-20,724,0,2,2025-11-06 14:57:05.934995,341942.75,6287796.98
PG1707,105,SHXG-34,578,0,2,2025-11-06 14:57:05.935000,341942.75,6287796.98
PG1707,G39,SFGY-74,717,0,2,2025-11-06 14:57:05.935001,341942.75,6287796.98
PI815,I03,FLXJ-16,3773,10,14,2025-11-06 14:57:38.955305,335344.653,6290533.567
PI815,I03,FLXJ-24,4966,14,18,2025-11-06 14:57:38.955310,335344.653,6290533.567
PB729,B01,SKHG-33,1016,0,3,2025-11-06 14:58:45.528461,348417.382,6303720.516
PB729,B01,STHF-76,3470,9,13,2025-11-06 14:58:45.528468,348417.382,6303720.516
PB729,B15,SPCG-70,1012,0,3,2025-11-06 14:58:45.528471,348417.382,6303720.516
PB729,B15,SKDG-69,4910,14,18,2025-11-06 14:58:45.528472,348417.382,6303720.516
PB729,272,VFPC-31,0,0,3,2025-11-06 14:58:45.528474,348417.382,6303720.516
PB729,272,VFPB-70,3319,8,12,2025-11-06 14:58:45.528476,348417.382,6303720.516
PE351,E02,VKJZ-25,686,0,2,2025-11-06 14:59:23.147686,352636.115,6286935.828
PE351,E02,VKJZ-74,2380,6,10,2025-11-06 14:59:23.147692,352636.115,6286935.828
PE351,E12,VFJT-26,1382,0,4,2025-11-06 14:59:23.147693,352636.115,6286935.828
PE351,E12,VFKS-17,6263,18,22,2025-11-06 14:59:23.147694,352636.115,6286935.828
PJ603,J01,FLXD-30,0,0,3,2025-11-06 14:59:47.977661,340656.186,6301582.459
PJ603,J01,FLXG-26,871,0,3,2025-11-06 14:59:47.977666,340656.186,6301582.459
PD1004,D08,SVDC-52,1263,0,4,2025-11-06 15:00:31.417654,357179.192,6299100.829
PD1004,D08,SVDD-35,3966,11,15,2025-11-06 15:00:31.417659,357179.192,6299100.829
PH96,115,PFXC-18,972,0,3,2025-11-06 15:00:53.452544,344207.79,6294398.42
PH96,115,PFXB-65,3084,8,12,2025-11-06 15:00:53.452549,344207.79,6294398.42
PH96,125,BJFV-74,461,0,3,2025-11-06 15:00:53.452550,344207.79,6294398.42
PH96,125,CJRF-17,4053,11,15,2025-11-06 15:00:53.452551,344207.79,6294398.42
PH96,113,FLXW-75,1851,4,8,2025-11-06 15:00:53.452551,344207.79,6294398.42
PH96,113,CJRW-28,4103,11,15,2025-11-06 15:00:53.452552,344207.79,6294398.42
PD837,D05,SPBL-78,782,0,2,2025-11-06 15:02:14.981565,349599.226,6295859.866
PD837,D05,SPBL-73,2996,7,11,2025-11-06 15:02:14.981570,349599.226,6295859.866
PB1375,B16,STHK-28,655,0,2,2025-11-06 15:02:53.845735,346130.893,6305274.601
PI1429,348,VHSY-28,2215,5,9,2025-11-06 15:03:15.731790,341950.219,6290774.277
PI1429,348,VHSY-14,6886,20,24,2025-11-06 15:03:15.731794,341950.219,6290774.277
PI1105,I22,FLXZ-79,1754,4,8,2025-11-06 15:03:55.489853,334639.47,6292958.37
PI1105,I12,FLXY-25,1231,0,4,2025-11-06 15:03:55.489858,334639.47,6292958.37
PI1105,I12,FLXY-20,6795,19,23,2025-11-06 15:03:55.489859,334639.47,6292958.37
PJ14,101,PFYT-11,1491,3,7,2025-11-06 15:04:29.246963,341297.351,6298204.95
PJ14,101,PFYR-62,6863,20,24,2025-11-06 15:04:29.246968,341297.351,6298204.95
PJ14,107,PGBZ-16,2343,5,9,2025-11-06 15:04:29.246969,341297.351,6298204.95
PJ14,107,PFYC-48,5924,17,21,2025-11-06 15:04:29.246970,341297.351,6298204.95
PB684,B01,SKHG-33,5247,15,19,2025-11-06 15:05:01.716329,345703.299,6304627.826
PB684,B01,STHF-76,8404,27,60,2025-11-06 15:05:01.716335,345703.299,6304627.826
PG626,G11,THTG-68,1016,0,3,2025-11-06 15:05:39.876916,346162.631,6283612.722
PG626,G11,THTH-61,1968,4,8,2025-11-06 15:05:39.876921,346162.631,6283612.722
PG626,F06,SRVL-29,4905,13,17,2025-11-06 15:05:39.876923,346162.631,6283612.722
PG626,F06,SPZX-98,7019,20,24,2025-11-06 15:05:39.876924,346162.631,6283612.722
PG626,G13,SFPG-46,544,0,2,2025-11-06 15:05:39.876925,346162.631,6283612.722
PG626,G13,SCRZ-39,4349,12,16,2025-11-06 15:05:39.876926,346162.631,6283612.722
PG626,302,BJFS-49,231,0,3,2025-11-06 15:05:39.876927,346162.631,6283612.722
PG626,G28,CJRB-50,1080,0,3,2025-11-06 15:05:39.876928,346162.631,6283612.722
PG626,G28,CJRZ-71,3286,8,12,2025-11-06 15:05:39.876929,346162.631,6283612.722
PB1449,B22,SKPS-19,222,0,3,2025-11-06 15:06:01.609471,344842.596,6305175.518
PB1449,B22,SKPS-10,582,0,2,2025-11-06 15:06:01.609476,344842.596,6305175.518
PB1449,B27,FLXT-91,2053,4,8,2025-11-06 15:06:01.609477,344842.596,6305175.518
PB1449,B27,FLXS-24,3995,11,15,2025-11-06 15:06:01.609478,344842.596,6305175.518
PG660,G01,THTD-94,0,0,3,2025-11-06 15:06:54.690282,346007.471,6289050.806
PG660,G01,THTF-31,3029,8,12,2025-11-06 15:06:54.690287,346007.471,6289050.806
PC1052,C15,SPCG-94,1067,0,3,2025-11-06 15:07:22.971766,356663.555,6304306.749
PC1052,C15,SGPY-87,2499,6,10,2025-11-06 15:07:22.971771,356663.555,6304306.749
PD1432,D17,PFYC-71,1446,3,7,2025-11-06 15:08:07.283830,356679.825,6291237.32
PD1432,D17,PGKP-65,4965,14,18,2025-11-06 15:08:07.283835,356679.825,6291237.32
PI961,I24,VHSY-42,0,0,3,2025-11-06 15:09:11.518032,330517.82,6291793.636
PI961,I24,VHTB-70,6788,19,23,2025-11-06 15:09:11.518037,330517.82,6291793.636
PC459,501,FLXV-74,0,0,3,2025-11-06 15:10:14.379116,355582.4,6300482.79
PC459,501,PFWZ-59,1768,4,8,2025-11-06 15:10:14.379123,355582.4,6300482.79
PC459,504,GCBD-19,699,0,2,2025-11-06 15:10:14.379124,355582.4,6300482.79
PC459,504,GCBD-84,3393,9,13,2025-11-06 15:10:14.379125,355582.4,6300482.79
PH615,H08,FLXF-22,3653,10,14,2025-11-06 15:10:45.653910,342325.391,6289931.922
PH615,H12,FLXD-99,665,0,2,2025-11-06 15:10:45.653914,342325.391,6289931.922
PH615,H12,FLXD-64,3999,11,15,2025-11-06 15:10:45.653915,342325.391,6289931.922
PJ820,503,LZPG-52,3511,9,13,2025-11-06 15:13:03.274049,335338.121,6298160.911
PJ820,503,VGTY-32,3754,10,14,2025-11-06 15:13:03.274053,335338.121,6298160.911
PJ820,402,SHCY-28,3255,8,12,2025-11-06 15:13:03.274055,335338.121,6298160.911
PJ820,402,PFYC-60,4449,12,16,2025-11-06 15:13:03.274055,335338.121,6298160.911
PJ820,J07e,VHZZ-51,702,0,2,2025-11-06 15:13:03.274056,335338.121,6298160.911
PJ820,J07e,VHZX-10,4157,11,15,2025-11-06 15:13:03.274057,335338.121,6298160.911
PJ820,406,TBFT-52,1077,0,3,2025-11-06 15:13:03.274058,335338.121,6298160.911
PJ820,406,GCBD-12,8144,26,60,2025-11-06 15:13:03.274058,335338.121,6298160.911
PJ820,426,FDJX-81,6756,19,23,2025-11-06 15:13:03.274059,335338.121,6298160.911
PJ820,426,FLXG-39,6948,20,24,2025-11-06 15:13:03.274060,335338.121,6298160.911
PE250,226,VFPL-88,410,0,3,2025-11-06 15:13:20.464073,351906.612,6286194.754
PE250,226,VFPL-41,1912,4,8,2025-11-06 15:13:20.464078,351906.612,6286194.754
PE250,E01,VKJZ-42,2385,6,10,2025-11-06 15:13:20.464079,351906.612,6286194.754
PE250,E01,VKJX-11,4128,11,15,2025-11-06 15:13:20.464080,351906.612,6286194.754
PJ835,J07e,VHZY-90,1539,3,7,2025-11-06 15:13:46.198840,327724.115,6303986.709
PJ835,J07e,VHZV-71,5407,15,19,2025-11-06 15:13:46.198844,327724.115,6303986.709
PG289,227,VFPS-39,3413,9,13,2025-11-06 15:14:18.954502,345234.176,6290680.8
PG289,321,FLXR-47,1816,4,8,2025-11-06 15:14:18.954507,345234.176,6290680.8
PG289,H03,BJFT-10,2784,7,11,2025-11-06 15:14:18.954508,345234.176,6290680.8
PG289,H03,CJRZ-67,7741,22,26,2025-11-06 15:14:18.954509,345234.176,6290680.8
PG289,H07,BJFV-28,2870,7,11,2025-11-06 15:14:18.954510,345234.176,6290680.8
PG289,H07,CJRX-69,4521,12,16,2025-11-06 15:14:18.954511,345234.176,6290680.8
PG289,H08,BJFS-40,5061,14,18,2025-11-06 15:14:18.954511,345234.176,6290680.8
PG289,H08,FLXG-17,6209,18,22,2025-11-06 15:14:18.954512,345234.176,6290680.8
PG289,348,VHSY-28,4688,13,17,2025-11-06 15:14:18.954513,345234.176,6290680.8
PG289,348,VHSY-14,7369,21,25,2025-11-06 15:14:18.954514,345234.176,6290680.8
PG289,I05,VHSY-40,1514,3,7,2025-11-06 15:14:18.954515,345234.176,6290680.8
PG289,I05,VHSX-92,8720,28,60,2025-11-06 15:14:18.954516,345234.176,6290680.8
PG2049,G38,THTG-76,548,0,3,2025-11-06 15:14:46.323425,344291.0,6282933.0
PG2049,G39,SHCV-41,1073,0,3,2025-11-06 15:14:46.323431,344291.0,6282933.0
PG2049,G39,SFPG-67,4791,13,17,2025-11-06 15:14:46.323432,344291.0,6282933.0
PG2049,G08v,FLXV-21,4261,11,15,2025-11-06 15:14:46.323433,344291.0,6282933.0
PG2049,G08v,FLXV-26,6867,20,24,2025-11-06 15:14:46.323434,344291.0,6282933.0
PG2049,G14,GCWF-75,1255,0,4,2025-11-06 15:14:46.323435,344291.0,6282933.0
PG2049,G14,CJRP-22,6191,18,22,2025-11-06 15:14:46.323436,344291.0,6282933.0
PG2049,G43,GCWF-73,22,0,3,2025-11-06 15:14:46.323437,344291.0,6282933.0
PG2049,G43,FLXX-33,1318,0,4,2025-11-06 15:14:46.323438,344291.0,6282933.0
PE658,225,VFJP-22,3033,8,12,2025-11-06 15:15:12.740062,351936.66,6287345.443
PE658,225,VFJL-48,5358,15,19,2025-11-06 15:15:12.740068,351936.66,6287345.443
PE658,E10,FLXR-54,529,0,2,2025-11-06 15:15:12.740069,351936.66,6287345.443
PC541,C37,SGPX-11,544,0,2,2025-11-06 15:15:38.456396,357396.781,6301528.596
PC541,407,TBFS-38,500,0,2,2025-11-06 15:15:38.456401,357396.781,6301528.596
PC541,C06,LWTK-45,2631,6,10,2025-11-06 15:15:38.456402,357396.781,6301528.596
PC541,503,VHLT-18,753,0,2,2025-11-06 15:15:38.456403,357396.781,6301528.596
PC541,C09,SGPY-73,0,0,3,2025-11-06 15:15:38.456404,357396.781,6301528.596
PC541,C09,LDTB-87,1049,0,3,2025-11-06 15:15:38.456405,357396.781,6301528.596
PD54,104,SKWD-34,0,0,3,2025-11-06 15:16:49.831676,351444.19,6297777.7
PD54,104,SKWD-88,333,0,3,2025-11-06 15:16:49.831681,351444.19,6297777.7
PD54,212,GCBF-50,217,0,3,2025-11-06 15:16:49.831682,351444.19,6297777.7
PD54,212,LXWT-96,1522,3,7,2025-11-06 15:16:49.831683,351444.19,6297777.7
PF1101,210v,VFPC-66,4153,11,15,2025-11-06 15:19:43.518423,354860.44,6285057.03
PB1438,B22,SKDJ-80,0,0,3,2025-11-06 15:20:13.303901,346540.784,6303807.696
PB1438,B22,SKPS-22,1354,0,4,2025-11-06 15:20:13.303905,346540.784,6303807.696
PC327,286,SFGY-81,1353,0,4,2025-11-06 15:20:37.102969,355507.97,6304156.369
PC327,286,SDSW-65,5995,17,21,2025-11-06 15:20:37.102974,355507.97,6304156.369
PC327,409,SKWD-63,816,0,3,2025-11-06 15:20:37.102975,355507.97,6304156.369
PC327,409,LXWP-84,7935,23,27,2025-11-06 15:20:37.102976,355507.97,6304156.369
PC327,411,PGBY-58,5961,17,21,2025-11-06 15:20:37.102976,355507.97,6304156.369
PC327,411,SPBF-33,7060,20,24,2025-11-06 15:20:37.102977,355507.97,6304156.369
PC327,C15,SKPJ-85,982,0,3,2025-11-06 15:20:37.102978,355507.97,6304156.369
PC327,C15,SGPW-39,4357,12,16,2025-11-06 15:20:37.102979,355507.97,6304156.369
PI514,506,TBFS-58,992,0,3,2025-11-06 15:21:16.709205,334615.497,6288223.427
PI514,506,FLXW-26,5506,15,19,2025-11-06 15:21:16.709209,334615.497,6288223.427
PI514,419,PGBB-55,1290,0,4,2025-11-06 15:21:16.709210,334615.497,6288223.427
PI514,419,PFTV-83,6075,17,21,2025-11-06 15:21:16.709211,334615.497,6288223.427
PI514,I03,FLXJ-31,1539,3,7,2025-11-06 15:21:16.709212,334615.497,6288223.427
PI514,I03,FLXK-64,5039,14,18,2025-11-06 15:21:16.709212,334615.497,6288223.427
PI514,I10,BJFT-29,4974,14,18,2025-11-06 15:21:16.709213,334615.497,6288223.427
PI514,I10,FLXL-65,6466,18,22,2025-11-06 15:21:16.709214,334615.497,6288223.427
PF357,F06,SPZX-71,1953,4,8,2025-11-06 15:21:27.916051,351033.24,6282279.607
PF357,F06,SPZX-57,3155,8,12,2025-11-06 15:21:27.916056,351033.24,6282279.607
PB111,272,VGCB-39,1106,0,3,2025-11-06 15:24:19.978743,348819.828,6303716.522
PB111,272,VFPC-51,5630,16,20,2025-11-06 15:24:19.978748,348819.828,6303716.522
PB111,116,LCPW-33,859,0,3,2025-11-06 15:24:19.978749,348819.828,6303716.522
PB111,116,HRKS-55,6304,18,22,2025-11-06 15:24:19.978750,348819.828,6303716.522
PB111,B14,FLXG-79,1108,0,3,2025-11-06 15:24:19.978751,348819.828,6303716.522
PB111,B14,FLXT-51,5009,14,18,2025-11-06 15:24:19.978752,348819.828,6303716.522
PB111,B02,FLXR-92,644,0,2,2025-11-06 15:24:19.978753,348819.828,6303716.522
PB111,B02,FLXR-77,1252,0,4,2025-11-06 15:24:19.978754,348819.828,6303716.522
PB111,B15,SPCG-53,3405,9,13,2025-11-06 15:24:19.978755,348819.828,6303716.522
PB111,B15,SPCG-87,7158,21,25,2025-11-06 15:24:19.978756,348819.828,6303716.522
PB111,107,PGBY-54,343,0,3,2025-11-06 15:24:19.978757,348819.828,6303716.522
PB111,107,PGRZ-73,3757,10,14,2025-11-06 15:24:19.978758,348819.828,6303716.522
PC188,421,PFYG-69,188,0,3,2025-11-06 15:25:01.451881,350359.84,6300826.2
PC188,421,PDZS-83,1714,3,7,2025-11-06 15:25:01.451887,350359.84,6300826.2
PC188,401,PFVK-88,8278,26,60,2025-11-06 15:25:01.451888,350359.84,6300826.2
PC188,401,PGBB-60,10266,32,60,2025-11-06 15:25:01.451890,350359.84,6300826.2
PC188,503,VGVC-45,327,0,3,2025-11-06 15:25:01.451891,350359.84,6300826.2
PC188,503,VGTW-85,1394,0,4,2025-11-06 15:25:01.451892,350359.84,6300826.2
PC188,405,PFBG-34,435,0,3,2025-11-06 15:25:01.451893,350359.84,6300826.2
PC188,405,PFYG-94,435,0,3,2025-11-06 15:25:01.451894,350359.84,6300826.2
PC188,412,LXWP-87,2498,6,10,2025-11-06 15:25:01.451896,350359.84,6300826.2
PC188,412,PFTW-19,7538,22,26,2025-11-06 15:25:01.451897,350359.84,6300826.2
PC188,418,LXWP-79,340,0,3,2025-11-06 15:25:01.451898,350359.84,6300826.2
PC188,418,PFYC-75,6761,19,23,2025-11-06 15:25:01.451899,350359.84,6300826.2
PB812,B03,LXDH-85,3293,8,12,2025-11-06 15:25:47.180835,343166.4,6301854.662
PB812,B03,LXDJ-18,4635,13,17,2025-11-06 15:25:47.180840,343166.4,6301854.662
PB812,B24,TXZH-33,3631,9,13,2025-11-06 15:25:47.180841,343166.4,6301854.662
PB812,B24,SKHF-84,3988,11,15,2025-11-06 15:25:47.180842,343166.4,6301854.662
PC89,C07,SHCY-27,461,0,3,2025-11-06 15:26:23.605121,354546.956,6300001.834
PC89,C07,SGPY-84,1903,4,8,2025-11-06 15:26:23.605126,354546.956,6300001.834
PC89,216,LZPR-89,340,0,3,2025-11-06 15:26:23.605127,354546.956,6300001.834
PC89,216,LZPT-73,2963,7,11,2025-11-06 15:26:23.605128,354546.956,6300001.834
PF283,F05,SPZX-63,194,0,3,2025-11-06 15:26:49.502984,355654.125,6282926.326
PF283,124,SPZY-68,752,0,2,2025-11-06 15:26:49.502989,355654.125,6282926.326
PF283,124,LCPG-51,961,0,3,2025-11-06 15:26:49.502991,355654.125,6282926.326
PF283,F14,SPRW-90,2103,5,9,2025-11-06 15:26:49.502991,355654.125,6282926.326
PF283,F14,SPRV-99,4296,12,16,2025-11-06 15:26:49.502992,355654.125,6282926.326
PG1635,105,SJPD-91,4235,11,15,2025-11-06 15:26:59.415005,342121.602,6288030.777
PG1635,105,SJPC-52,4357,12,16,2025-11-06 15:26:59.415009,342121.602,6288030.777
PG1635,G39,SFGY-22,255,0,3,2025-11-06 15:26:59.415010,342121.602,6288030.777
PG1635,119,CJRX-41,2089,5,9,2025-11-06 15:26:59.415012,342121.602,6288030.777
PG1635,119,BJFZ-70,3609,9,13,2025-11-06 15:26:59.415013,342121.602,6288030.777
PG1635,121,FLXG-74,3982,11,15,2025-11-06 15:26:59.415014,342121.602,6288030.777
PG1635,121,CJRX-52,5694,16,20,2025-11-06 15:26:59.415015,342121.602,6288030.777
PG1635,125,BJFT-13,446,0,3,2025-11-06 15:26:59.415016,342121.602,6288030.777
PG1635,125,CJRX-61,440,0,3,2025-11-06 15:26:59.415016,342121.602,6288030.777
PA238,302,BJFT-53,503,0,2,2025-11-06 15:27:16.460372,346072.708,6296390.15
PA238,302,BJFT-68,1841,4,8,2025-11-06 15:27:16.460378,346072.708,6296390.15
PA238,125,CJRF-17,0,0,3,2025-11-06 15:27:16.460379,346072.708,6296390.15
PA238,125,BJFZ-55,283,0,3,2025-11-06 15:27:16.460380,346072.708,6296390.15
PA503,D05,FLXX-35,292,0,3,2025-11-06 15:27:37.102975,348493.247,6295702.819
PA503,D05,SPBP-90,2918,7,11,2025-11-06 15:27:37.102981,348493.247,6295702.819
PA503,H13,CJRY-66,1816,4,8,2025-11-06 15:27:37.102983,348493.247,6295702.819
PI51,102,SPZY-67,497,0,2,2025-11-06 15:28:35.898160,341743.568,6294684.319
PI51,102,SPZX-73,4098,11,15,2025-11-06 15:28:35.898164,341743.568,6294684.319
PI51,107,PGLD-61,18644,59,60,2025-11-06 15:28:35.898166,341743.568,6294684.319
PI51,107,PGPV-83,19726,62,60,2025-11-06 15:28:35.898166,341743.568,6294684.319
PC671,518,BFKC-87,262,0,3,2025-11-06 15:29:08.437902,356963.946,6300332.275
PC671,518,TBFW-43,1696,3,7,2025-11-06 15:29:08.437907,356963.946,6300332.275
PC671,C03,LDTB-84,43,0,3,2025-11-06 15:29:08.437908,356963.946,6300332.275
PC671,C03,LFSX-97,752,0,2,2025-11-06 15:29:08.437910,356963.946,6300332.275
PC671,C06,LWTK-45,789,0,2,2025-11-06 15:29:08.437911,356963.946,6300332.275
PC671,C06,SKDF-79,836,0,3,2025-11-06 15:29:08.437911,356963.946,6300332.275
PA377,513,VJJW-98,1537,3,7,2025-11-06 15:29:26.203712,345522.268,6298013.842
PA377,513,VJBC-30,4596,13,17,2025-11-06 15:29:26.203717,345522.268,6298013.842
PA377,406,PFXC-46,1802,4,8,2025-11-06 15:29:26.203718,345522.268,6298013.842
PA377,406,TBFS-68,5900,17,21,2025-11-06 15:29:26.203718,345522.268,6298013.842
PA377,407,PFXC-67,2485,6,10,2025-11-06 15:29:26.203719,345522.268,6298013.842
PA377,407,TBFV-24,5900,17,21,2025-11-06 15:29:26.203720,345522.268,6298013.842
PA377,426,FLXD-25,3740,10,14,2025-11-06 15:29:26.203721,345522.268,6298013.842
PA377,426,FLXD-52,5605,16,20,2025-11-06 15:29:26.203722,345522.268,6298013.842
PA377,422,GCBF-27,3800,10,14,2025-11-06 15:29:26.203722,345522.268,6298013.842
PA377,422,GCBD-62,7442,22,26,2025-11-06 15:29:26.203723,345522.268,6298013.842
PD1171,D14,PGLD-76,2889,7,11,2025-11-06 15:30:27.202401,352280.113,6293669.284
PE385,322,FLXK-63,1022,0,3,2025-11-06 15:31:15.433946,354238.755,6289687.76
PE385,322,BJFW-72,2450,6,10,2025-11-06 15:31:15.433951,354238.755,6289687.76
PE385,E03,BJFS-93,891,0,3,2025-11-06 15:31:15.433952,354238.755,6289687.76
PE385,E03,FLXR-42,2450,6,10,2025-11-06 15:31:15.433953,354238.755,6289687.76
PE385,108,PFVH-99,0,0,3,2025-11-06 15:31:15.433954,354238.755,6289687.76
PE385,108,PFYS-38,5194,14,18,2025-11-06 15:31:15.433954,354238.755,6289687.76
PB717,B01,SJTD-57,187,0,3,2025-11-06 15:31:55.198488,345706.329,6304607.226
PB717,B01,SJTD-66,2939,7,11,2025-11-06 15:31:55.198493,345706.329,6304607.226
PB1605,208,SHCV-68,227,0,3,2025-11-06 15:32:28.789874,348086.179,6307071.756
PB1605,208,LZPT-67,757,0,2,2025-11-06 15:32:28.789879,348086.179,6307071.756
PI1851,506,PFXC-49,4213,11,15,2025-11-06 15:33:12.019860,333845.0,6287271.0
PI1851,506,FLXW-26,4214,11,15,2025-11-06 15:33:12.019865,333845.0,6287271.0
PI1851,419,PFTV-83,4838,13,17,2025-11-06 15:33:12.019866,333845.0,6287271.0
PI1851,419,PDYR-93,6450,18,22,2025-11-06 15:33:12.019867,333845.0,6287271.0
PI1851,108,PFYS-98,69,0,3,2025-11-06 15:33:12.019868,333845.0,6287271.0
PI1851,108,PGPT-24,3520,9,13,2025-11-06 15:33:12.019869,333845.0,6287271.0
PG1585,348,VHSY-28,936,0,3,2025-11-06 15:33:44.543692,345927.985,6290128.97
PG1585,348,VHSY-14,4190,11,15,2025-11-06 15:33:44.543697,345927.985,6290128.97
PG1585,E02,VKJX-28,2,0,3,2025-11-06 15:33:44.543698,345927.985,6290128.97
PG1585,E02,VKJZ-25,544,0,2,2025-11-06 15:33:44.543698,345927.985,6290128.97
PG1585,E03,BJFW-55,0,0,3,2025-11-06 15:33:44.543699,345927.985,6290128.97
PG1585,E03,BJFS-95,3208,8,12,2025-11-06 15:33:44.543700,345927.985,6290128.97
PG1585,H03,CJRZ-67,3894,10,14,2025-11-06 15:33:44.543701,345927.985,6290128.97
PG1585,H03,CJRX-43,9008,28,60,2025-11-06 15:33:44.543702,345927.985,6290128.97
PG1585,H08,BJFS-40,1209,0,4,2025-11-06 15:33:44.543703,345927.985,6290128.97
PG1585,H08,FLXG-17,4441,12,16,2025-11-06 15:33:44.543703,345927.985,6290128.97
PG1585,321,BJFZ-69,2,0,3,2025-11-06 15:33:44.543704,345927.985,6290128.97
PG1585,G18,SFPF-73,0,0,3,2025-11-06 15:33:44.543705,345927.985,6290128.97
PG1585,G18,SCRZ-16,0,0,3,2025-11-06 15:33:44.543706,345927.985,6290128.97
PG1585,H07,CJRX-69,741,0,2,2025-11-06 15:33:44.543707,345927.985,6290128.97
PG1585,H07,FLXF-98,8780,28,60,2025-11-06 15:33:44.543707,345927.985,6290128.97
PG1585,I05,VHSX-65,1,0,3,2025-11-06 15:33:44.543708,345927.985,6290128.97
PG1585,I05,VHTB-41,2,0,3,2025-11-06 15:33:44.543709,345927.985,6290128.97
PG1585,G11,THTG-78,20792,8,12,2025-11-06 15:33:44.543710,345927.985,6290128.97
PG1585,G12,SDSW-67,2,0,3,2025-11-06 15:33:44.543710,345927.985,6290128.97
PG1585,G12,SFGY-24,123,0,3,2025-11-06 15:33:44.543711,345927.985,6290128.97
PG1044,G39,SFPG-67,1408,0,4,2025-11-06 15:34:29.395366,341660.726,6285319.534
PG1044,G39,SFGY-74,3775,10,14,2025-11-06 15:34:29.395370,341660.726,6285319.534
PG1044,G09,SHXB-23,10182,7,11,2025-11-06 15:34:29.395371,341660.726,6285319.534
PG1044,G09,SDSW-69,4184,11,15,2025-11-06 15:34:29.395372,341660.726,6285319.534
PF974,F05,SPZY-25,1189,0,4,2025-11-06 15:35:51.245871,355232.346,6281950.572
PF974,F05,SPZX-53,2657,6,10,2025-11-06 15:35:51.245876,355232.346,6281950.572
PF974,F20,SPZX-65,288,0,3,2025-11-06 15:35:51.245877,355232.346,6281950.572
PF974,F20,SPZY-56,1905,4,8,2025-11-06 15:35:51.245878,355232.346,6281950.572
PF974,F07,SPRX-22,1189,0,4,2025-11-06 15:35:51.245879,355232.346,6281950.572
PF974,F07,SPRY-91,2232,5,9,2025-11-06 15:35:51.245880,355232.346,6281950.572
PF277,F05,SPZX-53,317,0,3,2025-11-06 15:36:16.729569,354858.821,6283309.826
PF277,F05,SPZY-71,5451,15,19,2025-11-06 15:36:16.729573,354858.821,6283309.826
PF277,F14,SPRW-92,0,0,3,2025-11-06 15:36:16.729575,354858.821,6283309.826
PF277,F14,SPRY-75,3726,10,14,2025-11-06 15:36:16.729575,354858.821,6283309.826
PA663,205,RWTP-80,606,0,2,2025-11-06 15:36:41.758893,346909.715,6297818.7
PA663,205,LZRB-94,928,0,3,2025-11-06 15:36:41.758899,346909.715,6297818.7
PA663,206,FLXX-55,1010,0,3,2025-11-06 15:36:41.758900,346909.715,6297818.7
PA663,206,FLXX-66,1009,0,3,2025-11-06 15:36:41.758901,346909.715,6297818.7
PA663,209,VJXW-24,606,0,2,2025-11-06 15:36:41.758902,346909.715,6297818.7
PA663,209,VJJT-97,928,0,3,2025-11-06 15:36:41.758903,346909.715,6297818.7
PB721,B01,SJTD-66,3162,8,12,2025-11-06 15:37:19.050267,346657.781,6304468.633
PB721,B01,STHF-76,6041,17,21,2025-11-06 15:37:19.050273,346657.781,6304468.633
PB721,B12,SKDH-62,6250,18,22,2025-11-06 15:37:19.050274,346657.781,6304468.633
PB721,B12,SKDF-67,10532,33,60,2025-11-06 15:37:19.050275,346657.781,6304468.633
PB721,B22,SKPS-32,1038,0,3,2025-11-06 15:37:19.050276,346657.781,6304468.633
PB721,B22,SPCG-97,4202,11,15,2025-11-06 15:37:19.050277,346657.781,6304468.633
PB721,272,VFPC-51,1383,0,4,2025-11-06 15:37:19.050278,346657.781,6304468.633
PB721,272,VFPD-84,2536,6,10,2025-11-06 15:37:19.050278,346657.781,6304468.633
PI786,I02,FLXZ-56,0,0,3,2025-11-06 15:38:29.248786,337609.569,6292280.752
PI786,I02,FLXZ-41,1253,0,4,2025-11-06 15:38:29.248791,337609.569,6292280.752
PI786,I10,FLXJ-25,1230,0,4,2025-11-06 15:38:29.248793,337609.569,6292280.752
PI786,I10,FLXL-22,4122,11,15,2025-11-06 15:38:29.248794,337609.569,6292280.752
PI1423,I25,FLXK-74,538,0,2,2025-11-06 15:38:59.763747,341576.445,6290895.822
PI1423,I25,FLXK-68,1296,0,4,2025-11-06 15:38:59.763752,341576.445,6290895.822
PI1423,348,VHSX-78,474,0,3,2025-11-06 15:38:59.763754,341576.445,6290895.822
PI1423,348,VHSY-22,743,0,2,2025-11-06 15:38:59.763754,341576.445,6290895.822
PF355,F06,SPZX-77,3956,10,14,2025-11-06 15:39:12.089489,351636.63,6282392.759
PF355,F06,SPZY-28,5661,16,20,2025-11-06 15:39:12.089494,351636.63,6282392.759
PF355,F01,SPVV-66,1838,4,8,2025-11-06 15:39:12.089496,351636.63,6282392.759
PF355,F01,SPVT-88,4960,14,18,2025-11-06 15:39:12.089496,351636.63,6282392.759
PF355,F07,SPRY-39,5042,14,18,2025-11-06 15:39:12.089497,351636.63,6282392.759
PF355,F07,SPRY-91,6531,19,23,2025-11-06 15:39:12.089498,351636.63,6282392.759
PF355,F16,SPRW-22,3581,9,13,2025-11-06 15:39:12.089499,351636.63,6282392.759
PF355,F26,SRPJ-88,4124,11,15,2025-11-06 15:39:12.089500,351636.63,6282392.759
PF355,F26,SPVV-65,10878,34,60,2025-11-06 15:39:12.089501,351636.63,6282392.759
PH300,119,FLXG-63,2581,6,10,2025-11-06 15:39:44.388880,344106.08,6292330.86
PH300,119,CJRB-48,3576,9,13,2025-11-06 15:39:44.388885,344106.08,6292330.86
PH300,H12,CJRW-57,798,0,3,2025-11-06 15:39:44.388887,344106.08,6292330.86
PH300,H12,BJFZ-36,3091,8,12,2025-11-06 15:39:44.388888,344106.08,6292330.86
PH300,345,FLXJ-29,1874,4,8,2025-11-06 15:39:44.388889,344106.08,6292330.86
PH300,345,FLXD-71,4456,12,16,2025-11-06 15:39:44.388890,344106.08,6292330.86
PG860,G35,SFGY-89,1879,4,8,2025-11-06 15:41:13.425590,347592.215,6282394.716
PD1179,D14,PGLD-66,5688,16,20,2025-11-06 15:41:30.574017,350813.311,6294135.614
PG644,G01,THTD-45,515,0,2,2025-11-06 15:41:50.245841,343307.333,6286484.971
PG644,G01,THTH-21,1447,3,7,2025-11-06 15:41:50.245846,343307.333,6286484.971
PJ1678,J04,TBFT-25,0,0,3,2025-11-06 15:42:29.110116,339093.872,6299184.974
PJ1678,J04,TBFW-57,3729,10,14,2025-11-06 15:42:29.110121,339093.872,6299184.974
PJ417,J07e,VHZX-41,71,0,3,2025-11-06 15:43:16.154021,337937.277,6299699.487
PJ417,J07e,VHZY-90,11210,35,60,2025-11-06 15:43:16.154026,337937.277,6299699.487
PJ417,503,VGVG-53,5637,16,20,2025-11-06 15:43:16.154027,337937.277,6299699.487
PJ417,503,VGVB-14,6218,18,22,2025-11-06 15:43:16.154027,337937.277,6299699.487
PJ417,504,TBFW-69,6042,17,21,2025-11-06 15:43:16.154028,337937.277,6299699.487
PJ417,504,TBFX-74,6338,18,22,2025-11-06 15:43:16.154029,337937.277,6299699.487
PJ417,507,TBFW-61,260,0,3,2025-11-06 15:43:16.154030,337937.277,6299699.487
PJ417,507,GCBF-23,497,0,2,2025-11-06 15:43:16.154031,337937.277,6299699.487
PJ417,517,VJBC-50,3216,8,12,2025-11-06 15:43:16.154031,337937.277,6299699.487
PJ417,517,VJJV-48,5978,17,21,2025-11-06 15:43:16.154032,337937.277,6299699.487
PJ417,518,GCBD-71,1197,0,4,2025-11-06 15:43:16.154033,337937.277,6299699.487
PJ417,518,TBFR-17,2183,5,9,2025-11-06 15:43:16.154034,337937.277,6299699.487
PJ417,J04,TBFX-27,2816,7,11,2025-11-06 15:43:16.154035,337937.277,6299699.487
PJ417,J04,PFXC-23,3587,9,13,2025-11-06 15:43:16.154035,337937.277,6299699.487
PJ417,J07,VHZX-31,8243,26,60,2025-11-06 15:43:16.154036,337937.277,6299699.487
PJ417,J07,VHZX-51,11011,35,60,2025-11-06 15:43:16.154037,337937.277,6299699.487
PB1126,B24,LDJV-51,464,0,3,2025-11-06 15:43:59.834369,346466.498,6300555.894
PB1126,B24,TXZH-33,3763,10,14,2025-11-06 15:43:59.834373,346466.498,6300555.894
PB1126,B10,STHP-52,713,0,2,2025-11-06 15:43:59.834375,346466.498,6300555.894
PB1126,B10,TXZH-28,6361,18,22,2025-11-06 15:43:59.834375,346466.498,6300555.894
PF62,204,VFPP-11,978,0,3,2025-11-06 15:45:04.569352,351857.13,6282402.594
PF62,204,VGBX-48,1437,3,7,2025-11-06 15:45:04.569357,351857.13,6282402.594
PF62,224,VFPX-53,0,0,3,2025-11-06 15:45:04.569359,351857.13,6282402.594
PF62,F26,SPVT-70,2505,6,10,2025-11-06 15:45:04.569360,351857.13,6282402.594
PF62,F26,SRPJ-88,2834,7,11,2025-11-06 15:45:04.569361,351857.13,6282402.594
PB56,B03,SPZX-36,1133,0,4,2025-11-06 15:46:32.507268,338505.89,6302269.66
PB56,B03,LXDH-88,1366,0,4,2025-11-06 15:46:32.507273,338505.89,6302269.66
PB56,105,SJPC-36,2985,7,11,2025-11-06 15:46:32.507274,338505.89,6302269.66
PB56,105,SJPD-89,4057,11,15,2025-11-06 15:46:32.507275,338505.89,6302269.66
PB56,110c,SPHF-15,1032,0,3,2025-11-06 15:46:32.507275,338505.89,6302269.66
PB56,110c,TBFW-87,3945,10,14,2025-11-06 15:46:32.507276,338505.89,6302269.66
PC44,106,PFVD-52,2644,6,10,2025-11-06 15:47:12.263393,349987.36,6298023.49
PC44,106,PFVC-53,5849,16,20,2025-11-06 15:47:12.263398,349987.36,6298023.49
PC44,D09,SVDC-58,3292,8,12,2025-11-06 15:47:12.263400,349987.36,6298023.49
PC44,D09,SVDF-65,3913,10,14,2025-11-06 15:47:12.263401,349987.36,6298023.49
PD990,D07,SPBL-70,2205,5,9,2025-11-06 15:47:38.179942,357427.0,6294669.163
PD990,D07,SVDF-36,4379,12,16,2025-11-06 15:47:38.179947,357427.0,6294669.163
PH1473,H24,VGRC-13,0,0,3,2025-11-06 15:48:04.573669,345740.833,6294400.113
PH1473,H24,VGLZ-43,1272,0,4,2025-11-06 15:48:04.573674,345740.833,6294400.113
PH1473,115,PFXC-18,0,0,3,2025-11-06 15:48:04.573675,345740.833,6294400.113
PH1473,115,PFXB-65,487,0,2,2025-11-06 15:48:04.573676,345740.833,6294400.113
PH1473,125,FLXG-71,1272,0,4,2025-11-06 15:48:04.573677,345740.833,6294400.113
PH1473,125,CJRF-17,3664,10,14,2025-11-06 15:48:04.573677,345740.833,6294400.113
PH1473,113,FLXY-54,487,0,2,2025-11-06 15:48:04.573678,345740.833,6294400.113
PH1473,113,FLXW-75,1541,3,7,2025-11-06 15:48:04.573679,345740.833,6294400.113
PH1473,H06,CJRZ-73,3122,8,12,2025-11-06 15:48:04.573680,345740.833,6294400.113
PI418,405,PDZH-83,1229,0,4,2025-11-06 15:48:27.149379,337508.689,6293452.926
PI418,405,PFVL-11,1902,5,9,2025-11-06 15:48:27.149384,337508.689,6293452.926
PI418,I08,FLXY-14,2572,6,10,2025-11-06 15:48:27.149385,337508.689,6293452.926
PI418,I08,FLXW-90,5144,14,18,2025-11-06 15:48:27.149386,337508.689,6293452.926
PI418,I09,FLXY-87,938,0,3,2025-11-06 15:48:27.149387,337508.689,6293452.926
PI418,I09,FLXY-82,3937,10,14,2025-11-06 15:48:27.149388,337508.689,6293452.926
PI418,401,PFTF-75,3958,10,14,2025-11-06 15:48:27.149389,337508.689,6293452.926
PI418,401,PFVL-14,4117,11,15,2025-11-06 15:48:27.149390,337508.689,6293452.926
PI418,506,TBFX-68,4592,13,17,2025-11-06 15:48:27.149391,337508.689,6293452.926
PI418,506,TBFX-37,5127,14,18,2025-11-06 15:48:27.149392,337508.689,6293452.926
PI418,506v,GCBD-70,5824,16,20,2025-11-06 15:48:27.149393,337508.689,6293452.926
PI418,506v,TBFV-89,6700,19,23,2025-11-06 15:48:27.149394,337508.689,6293452.926
PI418,419,PFVL-21,2476,6,10,2025-11-06 15:48:27.149395,337508.689,6293452.926
PI418,419,PFVK-96,5059,14,18,2025-11-06 15:48:27.149396,337508.689,6293452.926
PI418,421,PFBG-12,1194,0,4,2025-11-06 15:48:27.149397,337508.689,6293452.926
PI418,421,PFVK-49,1714,3,7,2025-11-06 15:48:27.149398,337508.689,6293452.926
PI418,106,PFYR-59,7853,23,27,2025-11-06 15:48:27.149399,337508.689,6293452.926
PI418,106,PFVG-46,12561,40,60,2025-11-06 15:48:27.149400,337508.689,6293452.926
PI1494,I02,FLXZ-38,7398,21,25,2025-11-06 15:49:26.380374,335889.863,6292782.854
PI1494,I12,FLXY-28,1099,0,3,2025-11-06 15:49:26.380380,335889.863,6292782.854
PI1494,I12,FLXW-67,3546,9,13,2025-11-06 15:49:26.380381,335889.863,6292782.854
PB555,B43,SJPC-83,306,0,3,2025-11-06 15:50:45.248931,339900.158,6308049.223
PB555,B43,SJPF-41,2005,4,8,2025-11-06 15:50:45.248936,339900.158,6308049.223
PE207,E16,VFJV-14,2244,5,9,2025-11-06 15:51:22.734727,350363.207,6285805.957
PE207,F05,SPZX-59,3634,9,13,2025-11-06 15:51:22.734733,350363.207,6285805.957
PE207,F05,LCPG-32,5170,14,18,2025-11-06 15:51:22.734734,350363.207,6285805.957
PE207,225,VJWY-41,3672,10,14,2025-11-06 15:51:22.734735,350363.207,6285805.957
PE207,225,VFJP-96,8099,26,60,2025-11-06 15:51:22.734736,350363.207,6285805.957
PE207,E11,VKJZ-26,321,0,3,2025-11-06 15:51:22.734737,350363.207,6285805.957
PE207,E11,VKJY-54,2588,6,10,2025-11-06 15:51:22.734738,350363.207,6285805.957
PE207,E13,VFJD-26,3359,9,13,2025-11-06 15:51:22.734739,350363.207,6285805.957
PE207,E13,VFJP-12,5195,14,18,2025-11-06 15:51:22.734740,350363.207,6285805.957
PI1176,385,FLXL-17,3287,8,12,2025-11-06 15:51:56.463031,343501.435,6296739.435
PF456,F06,SPZY-79,621,0,2,2025-11-06 15:52:49.052424,354904.405,6282952.302
PF456,F06,SHCY-42,947,0,3,2025-11-06 15:52:49.052429,354904.405,6282952.302
PF456,F09,SPZX-48,495,0,2,2025-11-06 15:52:49.052430,354904.405,6282952.302
PF456,F09,SRVH-33,3237,8,12,2025-11-06 15:52:49.052431,354904.405,6282952.302
PF456,210v,VFPW-13,1410,0,4,2025-11-06 15:52:49.052432,354904.405,6282952.302
PF456,210v,LZRD-83,2890,7,11,2025-11-06 15:52:49.052433,354904.405,6282952.302
PH1524,H24,VGRB-73,1386,0,4,2025-11-06 15:54:52.391737,347678.95,6292326.8
PH1524,H24,VGRF-84,3552,9,13,2025-11-06 15:54:52.391742,347678.95,6292326.8
PI1172,385,FLXL-17,997,0,3,2025-11-06 15:55:43.173967,343468.127,6295516.394
PI1172,385,FLXK-61,3137,8,12,2025-11-06 15:55:43.173971,343468.127,6295516.394
PD27,D13,BJFT-70,330,0,3,2025-11-06 15:56:12.388340,351276.891,6291660.228
PD27,D13,BJFT-67,6782,19,23,2025-11-06 15:56:12.388344,351276.891,6291660.228
PD27,103,SPBF-50,5052,14,18,2025-11-06 15:56:12.388345,351276.891,6291660.228
PD27,103,SPBG-12,9662,31,60,2025-11-06 15:56:12.388346,351276.891,6291660.228
PD27,117,PGTV-30,1050,0,3,2025-11-06 15:56:12.388347,351276.891,6291660.228
PD27,117,PGLD-73,4726,13,17,2025-11-06 15:56:12.388348,351276.891,6291660.228
PJ281,502,BJFD-44,1371,0,4,2025-11-06 15:56:48.214204,342627.311,6300113.618
PJ281,502,TBFP-91,4504,12,16,2025-11-06 15:56:48.214208,342627.311,6300113.618
PJ281,J05,CJRZ-82,2215,5,9,2025-11-06 15:56:48.214209,342627.311,6300113.618
PJ281,J05,TBFX-78,7429,21,25,2025-11-06 15:56:48.214210,342627.311,6300113.618
PJ281,542,TBFT-98,708,0,2,2025-11-06 15:56:48.214211,342627.311,6300113.618
PJ281,542,TBFT-99,7085,20,24,2025-11-06 15:56:48.214212,342627.311,6300113.618
PG288,G11,THTF-97,1526,3,7,2025-11-06 15:57:22.248011,347727.551,6289871.89
PG288,G11,THTG-72,2663,6,10,2025-11-06 15:57:22.248016,347727.551,6289871.89
PG288,227,VFRF-55,3844,10,14,2025-11-06 15:57:22.248017,347727.551,6289871.89
PG288,227,VGBV-41,7087,20,24,2025-11-06 15:57:22.248018,347727.551,6289871.89
PJ346,503,VGTW-85,878,0,3,2025-11-06 15:57:30.262022,342712.833,6299327.504
PJ346,503,VGVC-45,1690,3,7,2025-11-06 15:57:30.262026,342712.833,6299327.504
PJ346,504,GCBD-19,4024,11,15,2025-11-06 15:57:30.262027,342712.833,6299327.504
PJ346,504,GCBD-84,6120,17,21,2025-11-06 15:57:30.262028,342712.833,6299327.504
PJ346,507,PFXB-21,965,0,3,2025-11-06 15:57:30.262029,342712.833,6299327.504
PJ346,507,TBFW-88,1798,4,8,2025-11-06 15:57:30.262029,342712.833,6299327.504
PJ346,517,VHZX-61,1092,0,3,2025-11-06 15:57:30.262030,342712.833,6299327.504
PJ346,517,VHZZ-80,3665,10,14,2025-11-06 15:57:30.262031,342712.833,6299327.504
PJ346,518,BJFD-45,1092,0,3,2025-11-06 15:57:30.262032,342712.833,6299327.504
PJ346,518,TBFT-21,4062,11,15,2025-11-06 15:57:30.262032,342712.833,6299327.504
PJ346,J02,VHZX-50,803,0,3,2025-11-06 15:57:30.262033,342712.833,6299327.504
PJ346,J02,VHXF-84,2940,7,11,2025-11-06 15:57:30.262034,342712.833,6299327.504
PC513,503,VHLV-17,0,0,3,2025-11-06 15:57:36.302971,352786.298,6300526.205
PC513,503,VGTX-21,300,0,3,2025-11-06 15:57:36.302975,352786.298,6300526.205
PC513,517,VJJV-18,2650,6,10,2025-11-06 15:57:36.302976,352786.298,6300526.205
PC513,517,VHZZ-91,6821,20,24,2025-11-06 15:57:36.302977,352786.298,6300526.205
PI886,I04,FLXY-40,3719,10,14,2025-11-06 15:57:37.925085,339181.705,6291478.892
PI886,I04,FLXF-92,4364,12,16,2025-11-06 15:57:37.925090,339181.705,6291478.892
PI886,I18,FLXY-74,5738,16,20,2025-11-06 15:57:37.925091,339181.705,6291478.892
PI1222,I17,FLXF-99,1048,0,3,2025-11-06 15:57:41.720453,342442.985,6295635.553
PI1222,I17,FLXK-89,4355,12,16,2025-11-06 15:57:41.720458,342442.985,6295635.553
PA29,229,SFWZ-18,334,0,3,2025-11-06 15:57:43.788446,346298.494,6297881.309
PA29,223,SDSW-68,445,0,3,2025-11-06 15:57:43.788450,346298.494,6297881.309
PA29,223,SHCV-48,447,0,3,2025-11-06 15:57:43.788451,346298.494,6297881.309
PA29,226,VFPL-31,377,0,3,2025-11-06 15:57:43.788452,346298.494,6297881.309
PG207,211,TBZB-21,1872,4,8,2025-11-06 15:58:03.280394,341733.64,6280053.5
PG207,211,TBZB-22,4207,11,15,2025-11-06 15:58:03.280398,341733.64,6280053.5
PG207,G08v,FLXV-19,3251,8,12,2025-11-06 15:58:03.280400,341733.64,6280053.5
PG207,G08,THTH-11,3341,9,13,2025-11-06 15:58:03.280401,341733.64,6280053.5
PG207,211c,THTH-26,2788,7,11,2025-11-06 15:58:03.280402,341733.64,6280053.5
PE637,E12,VFHX-52,1509,3,7,2025-11-06 15:59:50.449072,351733.912,6285264.15
PE637,E12,VFJK-22,3836,10,14,2025-11-06 15:59:50.449077,351733.912,6285264.15
PE637,E16,VFJV-14,1864,4,8,2025-11-06 15:59:50.449078,351733.912,6285264.15
PE637,E16,VFJS-19,5473,15,19,2025-11-06 15:59:50.449079,351733.912,6285264.15
PE637,E09,VKJZ-85,3137,8,12,2025-11-06 15:59:50.449080,351733.912,6285264.15
PE637,E09,VKJY-12,4409,12,16,2025-11-06 15:59:50.449080,351733.912,6285264.15
PE637,E11,VKJZ-26,278,0,3,2025-11-06 15:59:50.449081,351733.912,6285264.15
PE637,E11,VKJY-93,3621,9,13,2025-11-06 15:59:50.449082,351733.912,6285264.15
PH16,108,PFYR-76,5307,15,19,2025-11-06 16:00:09.094516,347722.172,6291287.275
PH16,108,PFYS-32,7125,21,25,2025-11-06 16:00:09.094521,347722.172,6291287.275
PH16,102,FLXS-39,3825,10,14,2025-11-06 16:00:09.094523,347722.172,6291287.275
PH16,102,LBTS-75,5901,17,21,2025-11-06 16:00:09.094524,347722.172,6291287.275
PH16,107,PFTW-24,1641,3,7,2025-11-06 16:00:09.094525,347722.172,6291287.275
PH16,107,PGBY-60,6093,17,21,2025-11-06 16:00:09.094526,347722.172,6291287.275
PG303,G08,THTD-90,1936,4,8,2025-11-06 16:00:48.729408,346086.732,6284616.865
PG303,G11,THTF-68,0,0,3,2025-11-06 16:00:48.729413,346086.732,6284616.865
PG303,G11,THTG-81,3358,9,13,2025-11-06 16:00:48.729415,346086.732,6284616.865
PG303,302,BJFV-20,3045,8,12,2025-11-06 16:00:48.729416,346086.732,6284616.865
PG303,302,BJFV-98,10694,34,60,2025-11-06 16:00:48.729417,346086.732,6284616.865
PG303,F20,SHXF-36,737,0,2,2025-11-06 16:00:48.729418,346086.732,6284616.865
PG303,F20,SPZY-59,3114,8,12,2025-11-06 16:00:48.729419,346086.732,6284616.865
PG303,229,SFVZ-44,1898,4,8,2025-11-06 16:00:48.729420,346086.732,6284616.865
PG303,229,SFWZ-16,2840,7,11,2025-11-06 16:00:48.729421,346086.732,6284616.865
PG303,G08v,FLXV-27,1024,0,3,2025-11-06 16:00:48.729422,346086.732,6284616.865
PG303,G08v,FLXV-20,2526,6,10,2025-11-06 16:00:48.729423,346086.732,6284616.865
PG303,228,THTG-65,1024,0,3,2025-11-06 16:00:48.729424,346086.732,6284616.865
PG303,228,THTD-22,3104,8,12,2025-11-06 16:00:48.729425,346086.732,6284616.865
PC849,C09,LDTB-87,3280,8,12,2025-11-06 16:01:03.661434,358423.224,6309714.46
PC849,C09,SKPJ-75,3869,10,14,2025-11-06 16:01:03.661439,358423.224,6309714.46
PC849,C19,SHCV-74,4510,12,16,2025-11-06 16:01:03.661440,358423.224,6309714.46
PC849,C19,SKPK-29,6951,20,24,2025-11-06 16:01:03.661441,358423.224,6309714.46
PD559,516,TBFR-57,742,0,2,2025-11-06 16:01:51.147545,351529.717,6296069.43
PD559,516,GCBF-37,742,0,2,2025-11-06 16:01:51.147549,351529.717,6296069.43
PD559,506,GCBF-10,1570,3,7,2025-11-06 16:01:51.147551,351529.717,6296069.43
PD559,506,PFWZ-66,5640,16,20,2025-11-06 16:01:51.147551,351529.717,6296069.43
PD559,506v,TBFT-30,1371,0,4,2025-11-06 16:01:51.147552,351529.717,6296069.43
PD559,506v,TBFV-34,5310,15,19,2025-11-06 16:01:51.147553,351529.717,6296069.43
PD559,507,FLXV-50,2700,7,11,2025-11-06 16:01:51.147554,351529.717,6296069.43
PD559,507,PFXC-79,6170,17,21,2025-11-06 16:01:51.147554,351529.717,6296069.43
PD559,507c,FLXW-33,7187,21,25,2025-11-06 16:01:51.147555,351529.717,6296069.43
PD559,510,PFXC-65,1506,3,7,2025-11-06 16:01:51.147556,351529.717,6296069.43
PD559,510,TBFR-55,4549,12,16,2025-11-06 16:01:51.147557,351529.717,6296069.43
PD559,519,TBFR-13,0,0,3,2025-11-06 16:01:51.147558,351529.717,6296069.43
PD559,519,RKXL-33,1065,0,3,2025-11-06 16:01:51.147558,351529.717,6296069.43
PB723,B22,SKDJ-80,5150,14,18,2025-11-06 16:02:09.830761,347104.989,6304228.212
PB723,B22,SPCG-49,8518,27,60,2025-11-06 16:02:09.830766,347104.989,6304228.212
PB723,272,VFPD-94,1106,0,3,2025-11-06 16:02:09.830767,347104.989,6304228.212
PB723,272,VFPB-70,3270,8,12,2025-11-06 16:02:09.830768,347104.989,6304228.212
PA710,422,FLXV-96,0,0,3,2025-11-06 16:02:54.428924,347630.883,6298554.147
PA710,422,PFWZ-94,963,0,3,2025-11-06 16:02:54.428929,347630.883,6298554.147
PD532,508,FLXH-92,1282,0,4,2025-11-06 16:03:10.076302,352276.455,6295984.615
PD532,508,FLXW-63,4832,13,17,2025-11-06 16:03:10.076307,352276.455,6295984.615
PI807,I03,FLXG-60,303,0,3,2025-11-06 16:04:26.580375,334202.899,6288220.878
PI807,I10,FLXG-55,0,0,3,2025-11-06 16:04:26.580380,334202.899,6288220.878
PI807,I10,FLXL-65,2151,5,9,2025-11-06 16:04:26.580381,334202.899,6288220.878
PF491,F10,SRPK-24,1767,4,8,2025-11-06 16:05:34.384057,350852.455,6278536.647
PF491,F10,SRRW-58,5535,15,19,2025-11-06 16:05:34.384061,350852.455,6278536.647
PG704,G02,FLXX-20,2192,5,9,2025-11-06 16:05:57.953346,342637.906,6276420.865
PG704,G02,FLXX-13,6088,17,21,2025-11-06 16:05:57.953351,342637.906,6276420.865
PH276,302,BJFT-66,3183,8,12,2025-11-06 16:07:10.307544,345382.132,6292320.243
PH276,302,BJFW-19,3282,8,12,2025-11-06 16:07:10.307548,345382.132,6292320.243
PH276,H24,VGRF-75,1204,0,4,2025-11-06 16:07:10.307550,345382.132,6292320.243
PH276,H24,VGRF-94,4610,13,17,2025-11-06 16:07:10.307550,345382.132,6292320.243
PJ92,542,TBFT-99,217,0,3,2025-11-06 16:07:51.153293,338108.619,6300902.946
PJ92,542,TBFW-85,1225,0,4,2025-11-06 16:07:51.153298,338108.619,6300902.946
PJ92,110,LZPH-38,2284,5,9,2025-11-06 16:07:51.153300,338108.619,6300902.946
PJ92,110,LZPH-41,3506,9,13,2025-11-06 16:07:51.153300,338108.619,6300902.946
PJ92,110c,FLXT-93,2169,5,9,2025-11-06 16:07:51.153301,338108.619,6300902.946
PJ92,110c,TBFS-42,4573,12,16,2025-11-06 16:07:51.153302,338108.619,6300902.946
PA495,H07,CJRY-86,3398,9,13,2025-11-06 16:08:16.234205,347097.308,6295173.706
PA495,H07,CJRY-80,7774,23,27,2025-11-06 16:08:16.234209,347097.308,6295173.706
PA495,H13,CJRX-71,3193,8,12,2025-11-06 16:08:16.234210,347097.308,6295173.706
PA495,H13,BJFX-13,6652,19,23,2025-11-06 16:08:16.234211,347097.308,6295173.706
PA495,511,PFWZ-88,5551,16,20,2025-11-06 16:08:16.234212,347097.308,6295173.706
PA495,511,FLXV-95,5605,16,20,2025-11-06 16:08:16.234212,347097.308,6295173.706
PA495,D05,FLXX-35,287,0,3,2025-11-06 16:08:16.234213,347097.308,6295173.706
PA495,D05,SPBF-45,421,0,3,2025-11-06 16:08:16.234214,347097.308,6295173.706
PA495,D07,SPCK-65,677,0,2,2025-11-06 16:08:16.234215,347097.308,6295173.706
PD601,508,FLXH-92,1899,4,8,2025-11-06 16:09:50.235342,352228.314,6293283.295
PD601,508,FLXW-63,6244,18,22,2025-11-06 16:09:50.235347,352228.314,6293283.295
PD601,325,VFKV-61,2324,5,9,2025-11-06 16:09:50.235348,352228.314,6293283.295
PD601,325,VJWY-21,5405,15,19,2025-11-06 16:09:50.235349,352228.314,6293283.295
PD849,D05,SPBL-74,257,0,3,2025-11-06 16:10:24.035351,352989.554,6295202.267
PD849,D05,SPBS-62,444,0,3,2025-11-06 16:10:24.035356,352989.554,6295202.267
PC108,C07,LDJX-68,436,0,3,2025-11-06 16:11:11.925485,354535.75,6300982.903
PC108,C07,SHCV-79,1470,3,7,2025-11-06 16:11:11.925490,354535.75,6300982.903
PC108,216,LZPR-89,289,0,3,2025-11-06 16:11:11.925491,354535.75,6300982.903
PC108,216,LZPT-73,1094,0,3,2025-11-06 16:11:11.925492,354535.75,6300982.903
PI4,101,PGPT-38,568,0,2,2025-11-06 16:12:01.472853,341047.171,6295649.624
PI4,101,PGPT-53,1401,0,4,2025-11-06 16:12:01.472858,341047.171,6295649.624
PI4,506,TBFT-90,2362,5,9,2025-11-06 16:12:01.472859,341047.171,6295649.624
PI4,506,TBFX-40,5042,14,18,2025-11-06 16:12:01.472860,341047.171,6295649.624
PI4,506v,TBFX-52,0,0,3,2025-11-06 16:12:01.472861,341047.171,6295649.624
PI4,506v,GCBC-45,4556,12,16,2025-11-06 16:12:01.472862,341047.171,6295649.624
PI4,509,CJRY-74,2167,5,9,2025-11-06 16:12:01.472863,341047.171,6295649.624
PI4,509,CJRY-63,5503,15,19,2025-11-06 16:12:01.472864,341047.171,6295649.624
PI4,481,PFTW-70,3396,9,13,2025-11-06 16:12:01.472865,341047.171,6295649.624
PI4,481,PGPT-41,4138,11,15,2025-11-06 16:12:01.472866,341047.171,6295649.624
PI4,I14,BJFW-43,1915,4,8,2025-11-06 16:12:01.472867,341047.171,6295649.624
PI4,I14,BJFS-53,4151,11,15,2025-11-06 16:12:01.472868,341047.171,6295649.624
PE416,108,PFYR-88,634,0,2,2025-11-06 16:12:20.318853,354083.116,6289699.895
PE416,322,BJFV-96,343,0,3,2025-11-06 16:12:20.318859,354083.116,6289699.895
PE416,E03,BJFZ-57,588,0,2,2025-11-06 16:12:20.318860,354083.116,6289699.895
PE416,E06,BJFV-34,667,0,2,2025-11-06 16:12:20.318862,354083.116,6289699.895
PD680,514,LXWR-94,397,0,3,2025-11-06 16:12:40.312915,353406.482,6291457.487
PD680,514,PFXC-82,2284,5,9,2025-11-06 16:12:40.312920,353406.482,6291457.487
PD680,D20,SVDC-56,2420,6,10,2025-11-06 16:12:40.312921,353406.482,6291457.487
PD680,D20,SVDF-45,5324,15,19,2025-11-06 16:12:40.312922,353406.482,6291457.487
PD680,103,SPBL-98,4250,11,15,2025-11-06 16:12:40.312923,353406.482,6291457.487
PD680,103,SPBS-65,4296,12,16,2025-11-06 16:12:40.312924,353406.482,6291457.487
PD680,D26,SPBP-96,7608,22,26,2025-11-06 16:12:40.312925,353406.482,6291457.487
PD680,D26,SPBL-75,14424,46,60,2025-11-06 16:12:40.312926,353406.482,6291457.487
PD680,D16,SPBF-51,1088,0,3,2025-11-06 16:12:40.312927,353406.482,6291457.487
PD680,D16,FLXJ-67,3163,8,12,2025-11-06 16:12:40.312927,353406.482,6291457.487
PD719,D02,STPS-21,178,0,3,2025-11-06 16:13:00.853108,356524.669,6298218.841
PD719,D02,SVDD-78,2945,7,11,2025-11-06 16:13:00.853113,356524.669,6298218.841
PD541,D20,SVDC-40,726,0,2,2025-11-06 16:13:48.546079,357650.324,6294651.388
PD541,D20,SVDC-82,3026,8,12,2025-11-06 16:13:48.546082,357650.324,6294651.388
PD541,506,PFXC-17,1985,10,14,2025-11-06 16:13:48.546083,357650.324,6294651.388
PD541,506,PFXB-51,4213,20,24,2025-11-06 16:13:48.546084,357650.324,6294651.388
PD541,506v,FLXW-23,328,0,3,2025-11-06 16:13:48.546085,357650.324,6294651.388
PD541,506v,FLXV-97,6832,20,24,2025-11-06 16:13:48.546085,357650.324,6294651.388
PD541,507,TBFS-31,2523,6,10,2025-11-06 16:13:48.546086,357650.324,6294651.388
PD541,507,FLXV-70,6634,19,23,2025-11-06 16:13:48.546087,357650.324,6294651.388
PD541,511,PFXC-11,4230,11,15,2025-11-06 16:13:48.546088,357650.324,6294651.388
PD541,511,PFXC-32,7778,23,27,2025-11-06 16:13:48.546088,357650.324,6294651.388
PD541,519,FLXV-78,322,0,3,2025-11-06 16:13:48.546089,357650.324,6294651.388
PD541,519,GCBD-15,4230,11,15,2025-11-06 16:13:48.546090,357650.324,6294651.388
PD541,D08,SVDF-66,5405,15,19,2025-11-06 16:13:48.546091,357650.324,6294651.388
PD541,D08,SVDD-45,6641,19,23,2025-11-06 16:13:48.546091,357650.324,6294651.388
PD541,D09,SVDF-75,3293,8,12,2025-11-06 16:13:48.546092,357650.324,6294651.388
PD541,D09,SVDC-22,3339,9,13,2025-11-06 16:13:48.546093,357650.324,6294651.388
PB467,428,SHXD-72,2018,4,8,2025-11-06 16:14:29.718666,340494.441,6306214.37
PB467,428,SLPB-84,9140,29,60,2025-11-06 16:14:29.718671,340494.441,6306214.37
PB467,435,SLPC-18,3106,8,12,2025-11-06 16:14:29.718673,340494.441,6306214.37
PB467,435,SLPC-43,5543,16,20,2025-11-06 16:14:29.718674,340494.441,6306214.37
PB467,308,FLXK-14,298,0,3,2025-11-06 16:14:29.718675,340494.441,6306214.37
PB467,308,FLXK-11,3233,8,12,2025-11-06 16:14:29.718676,340494.441,6306214.37
PB467,315e,VHSY-10,2122,5,9,2025-11-06 16:14:29.718677,340494.441,6306214.37
PB467,315e,VHSZ-47,3786,10,14,2025-11-06 16:14:29.718677,340494.441,6306214.37
PB467,B08,SHCY-37,4877,13,17,2025-11-06 16:14:29.718679,340494.441,6306214.37
PB467,425,SHXG-98,305,0,3,2025-11-06 16:14:29.718680,340494.441,6306214.37
PB467,425,SHXG-45,757,0,2,2025-11-06 16:14:29.718680,340494.441,6306214.37
PB467,430,PGBY-92,1116,0,4,2025-11-06 16:14:29.718681,340494.441,6306214.37
PB467,430,SJPD-85,2395,6,10,2025-11-06 16:14:29.718682,340494.441,6306214.37
PB467,B43,SGPW-41,760,0,2,2025-11-06 16:14:29.718683,340494.441,6306214.37
PB467,B43,SJPC-77,2893,7,11,2025-11-06 16:14:29.718684,340494.441,6306214.37
PB467,B11,SKDJ-11,377,0,3,2025-11-06 16:14:29.718685,340494.441,6306214.37
PB467,B11,SKDF-99,3023,8,12,2025-11-06 16:14:29.718686,340494.441,6306214.37
PI1234,345,FLXF-19,1893,4,8,2025-11-06 16:14:51.387403,344298.826,6293606.524
PI296,115,TBFR-46,6373,18,22,2025-11-06 16:15:10.793493,339703.394,6290717.109
PI296,115,FLXW-18,7056,20,24,2025-11-06 16:15:10.793498,339703.394,6290717.109
PI296,113,CJRW-28,4213,11,15,2025-11-06 16:15:10.793500,339703.394,6290717.109
PI296,113,FLXX-58,7859,23,27,2025-11-06 16:15:10.793501,339703.394,6290717.109
PE186,211,TBZB-20,362,0,3,2025-11-06 16:16:17.110645,352204.57,6290553.545
PE186,211,TBYY-73,437,0,3,2025-11-06 16:16:17.110649,352204.57,6290553.545
PE186,103,SPBS-65,1262,0,4,2025-11-06 16:16:17.110651,352204.57,6290553.545
PE186,103,SPBL-98,1685,3,7,2025-11-06 16:16:17.110652,352204.57,6290553.545
PI689,I18,FLXY-80,2905,7,11,2025-11-06 16:17:14.280131,339443.784,6292167.831
PI689,I18,VHSY-46,6728,19,23,2025-11-06 16:17:14.280137,339443.784,6292167.831
PI689,I01,FLXJ-14,2001,4,8,2025-11-06 16:17:14.280138,339443.784,6292167.831
PI689,I01,FLXL-47,6600,19,23,2025-11-06 16:17:14.280139,339443.784,6292167.831
PJ217,514,PFXB-17,4132,11,15,2025-11-06 16:18:25.075880,337820.659,6297311.319
PJ217,514,GCBC-93,5588,16,20,2025-11-06 16:18:25.075885,337820.659,6297311.319
PJ217,418,SHXF-92,278,0,3,2025-11-06 16:18:25.075886,337820.659,6297311.319
PJ217,418,PFYC-75,8894,28,60,2025-11-06 16:18:25.075887,337820.659,6297311.319
PJ217,J17,TBFW-13,192,0,3,2025-11-06 16:18:25.075888,337820.659,6297311.319
PB11,107,PFYC-47,1953,4,8,2025-11-06 16:18:35.699893,346277.435,6303668.101
PB11,107,PFYC-41,3193,8,12,2025-11-06 16:18:35.699900,346277.435,6303668.101
PC124,C05,LFGP-22,2717,7,11,2025-11-06 16:18:56.077891,355617.646,6301651.148
PC124,C05,LDTC-16,5811,16,20,2025-11-06 16:18:56.077896,355617.646,6301651.148
PC124,401,PFVK-93,7273,21,25,2025-11-06 16:18:56.077897,355617.646,6301651.148
PC124,401,PFTV-85,7486,22,26,2025-11-06 16:18:56.077898,355617.646,6301651.148
PG980,G08v,FLXP-29,1597,3,7,2025-11-06 16:21:05.724091,342132.418,6279863.621
PG980,G08v,FLXV-27,4865,13,17,2025-11-06 16:21:05.724096,342132.418,6279863.621
PG980,G08,THTD-26,1647,3,7,2025-11-06 16:21:05.724097,342132.418,6279863.621
PG980,G08,THTH-84,4971,14,18,2025-11-06 16:21:05.724098,342132.418,6279863.621
PB1878,107,PFZK-70,1482,3,7,2025-11-06 16:22:03.212977,348353.01,6303127.7
PB1878,107,PGRZ-86,1848,4,8,2025-11-06 16:22:03.212982,348353.01,6303127.7
PB1878,101,PFVG-48,1391,0,4,2025-11-06 16:22:03.212983,348353.01,6303127.7
PB1878,101,PFVJ-14,1710,3,7,2025-11-06 16:22:03.212984,348353.01,6303127.7
PH349,121,FLXF-95,3248,8,12,2025-11-06 16:22:45.729171,343711.909,6291313.141
PH349,121,BJFT-17,4914,14,18,2025-11-06 16:22:45.729175,343711.909,6291313.141
PH349,H03,CJRZ-75,655,0,2,2025-11-06 16:22:45.729176,343711.909,6291313.141
PH349,H06,FLXF-36,4041,11,15,2025-11-06 16:22:45.729177,343711.909,6291313.141
PH349,H06,FLXH-16,6625,19,23,2025-11-06 16:22:45.729178,343711.909,6291313.141
PH349,H09,VGRC-83,3107,8,12,2025-11-06 16:22:45.729179,343711.909,6291313.141
PH349,H09,VGRB-24,5742,16,20,2025-11-06 16:22:45.729179,343711.909,6291313.141
PH349,348,VHSY-22,239,0,3,2025-11-06 16:22:45.729180,343711.909,6291313.141
PH349,227,VFRF-55,323,0,3,2025-11-06 16:22:45.729181,343711.909,6291313.141
PH349,227,VGBV-41,4200,11,15,2025-11-06 16:22:45.729182,343711.909,6291313.141
PC649,C03,LWTK-43,2184,5,9,2025-11-06 16:23:05.776411,353344.315,6304637.644
PC649,C03,LWTK-66,2446,6,10,2025-11-06 16:23:05.776416,353344.315,6304637.644
PC649,712,SJPD-98,202,0,3,2025-11-06 16:23:05.776417,353344.315,6304637.644
PC649,712,SJPC-43,6736,19,23,2025-11-06 16:23:05.776418,353344.315,6304637.644
PG463,E03,BJFT-81,220,0,3,2025-11-06 16:23:34.482930,345661.676,6289586.431
PG463,E03,BJFV-22,3667,10,14,2025-11-06 16:23:34.482935,345661.676,6289586.431
PF858,F02,SHXF-22,2043,4,8,2025-11-06 16:23:47.289785,351843.325,6280223.404
PF858,F02,SHXD-57,2316,5,9,2025-11-06 16:23:47.289791,351843.325,6280223.404
PF858,F15,SRVG-76,2768,7,11,2025-11-06 16:23:47.289792,351843.325,6280223.404
PF858,F15,LBTS-91,5511,15,19,2025-11-06 16:23:47.289793,351843.325,6280223.404
PI918,I04,FLXD-89,392,0,3,2025-11-06 16:24:18.951954,341902.411,6294804.274
PI918,I04,FLXF-61,2317,5,9,2025-11-06 16:24:18.951959,341902.411,6294804.274
PI918,I17,FLXL-54,2424,6,10,2025-11-06 16:24:18.951961,341902.411,6294804.274
PB1149,B11,LDTB-99,1793,4,8,2025-11-06 16:25:12.758022,346038.194,6303842.344
PG973,G28,BJFX-32,3557,9,13,2025-11-06 16:26:11.395057,342048.282,6281999.997
PG973,G28,BJFW-71,12175,38,60,2025-11-06 16:26:11.395062,342048.282,6281999.997
PG973,G08v,FLXV-27,407,0,3,2025-11-06 16:26:11.395063,342048.282,6281999.997
PG973,G08v,FLXV-20,1345,0,4,2025-11-06 16:26:11.395064,342048.282,6281999.997
PG973,G14,CJRP-22,1038,0,3,2025-11-06 16:26:11.395065,342048.282,6281999.997
PG973,G14,FLXP-40,4413,12,16,2025-11-06 16:26:11.395066,342048.282,6281999.997
PG973,F03,SPVW-62,213,0,3,2025-11-06 16:26:11.395066,342048.282,6281999.997
PG973,F03,SPVT-89,3920,10,14,2025-11-06 16:26:11.395067,342048.282,6281999.997
PB380,B24,TXZH-33,3837,10,14,2025-11-06 16:27:43.956756,344995.614,6300770.898
PB380,B03,LXDJ-11,0,0,3,2025-11-06 16:27:43.956761,344995.614,6300770.898
PB380,B03,SPZX-36,950,0,3,2025-11-06 16:27:43.956761,344995.614,6300770.898
PA352,119,BJFW-48,335,0,3,2025-11-06 16:28:32.216511,345755.84,6299303.51
PA352,119,CJRZ-72,6880,20,24,2025-11-06 16:28:32.216515,345755.84,6299303.51
PA352,502,BJFH-33,1037,0,3,2025-11-06 16:28:32.216516,345755.84,6299303.51
PA352,502,BJFH-31,3824,10,14,2025-11-06 16:28:32.216517,345755.84,6299303.51
PA352,503,LZPG-53,40,0,3,2025-11-06 16:28:32.216518,345755.84,6299303.51
PA352,503,VGTX-58,374,0,3,2025-11-06 16:28:32.216519,345755.84,6299303.51
PA352,517,VHZZ-31,459,0,3,2025-11-06 16:28:32.216520,345755.84,6299303.51
PA352,517,VJBC-50,3285,8,12,2025-11-06 16:28:32.216520,345755.84,6299303.51
PA352,518,GCBD-29,440,0,3,2025-11-06 16:28:32.216521,345755.84,6299303.51
PA352,518,TBFW-58,2856,7,11,2025-11-06 16:28:32.216522,345755.84,6299303.51
PA352,303,FLXJ-30,4329,12,16,2025-11-06 16:28:32.216523,345755.84,6299303.51
PA352,303,FLXJ-15,8446,27,60,2025-11-06 16:28:32.216523,345755.84,6299303.51
PA352,314,VHSZ-49,5184,14,18,2025-11-06 16:28:32.216524,345755.84,6299303.51
PA352,314,VHTB-52,5771,16,20,2025-11-06 16:28:32.216525,345755.84,6299303.51
PA352,315e,VHTB-26,3451,9,13,2025-11-06 16:28:32.216526,345755.84,6299303.51
PA352,315e,VHSY-10,5862,17,21,2025-11-06 16:28:32.216526,345755.84,6299303.51
PB1379,B19,SHXF-37,278,0,3,2025-11-06 16:32:01.743939,344196.112,6306267.123
PB1379,B19,SHCY-56,2985,7,11,2025-11-06 16:32:01.743944,344196.112,6306267.123
PG2065,G39,SDSW-66,1403,0,4,2025-11-06 16:32:42.304308,341532.0,6283471.0
PG2065,G39,SHCV-49,1525,3,7,2025-11-06 16:32:42.304313,341532.0,6283471.0
PF116,F18,STHD-26,1061,0,3,2025-11-06 16:34:22.215873,349031.611,6278430.198
PF116,207,SVPX-49,158,0,3,2025-11-06 16:34:22.215878,349031.611,6278430.198
PF116,207,SDGY-31,316,0,3,2025-11-06 16:34:22.215879,349031.611,6278430.198
PF116,207e,VJKC-90,1122,0,4,2025-11-06 16:34:22.215880,349031.611,6278430.198
PF116,207e,VJKD-26,1664,3,7,2025-11-06 16:34:22.215881,349031.611,6278430.198
PI428,401,PGBB-58,0,0,3,2025-11-06 16:36:04.248565,335537.978,6289129.827
PI428,401,PGBB-60,11033,35,60,2025-11-06 16:36:04.248569,335537.978,6289129.827
PI428,421,PDZS-83,4115,11,15,2025-11-06 16:36:04.248571,335537.978,6289129.827
PI428,421,PFYG-69,4026,11,15,2025-11-06 16:36:04.248571,335537.978,6289129.827
PI428,423,PFVG-42,3239,8,12,2025-11-06 16:36:04.248572,335537.978,6289129.827
PI428,423,PFYS-20,6777,19,23,2025-11-06 16:36:04.248573,335537.978,6289129.827
PI428,I10,FLXG-57,2816,7,11,2025-11-06 16:36:04.248574,335537.978,6289129.827
PI428,I10,FLXL-34,3703,10,14,2025-11-06 16:36:04.248574,335537.978,6289129.827
PI428,106,PFVG-46,6142,17,21,2025-11-06 16:36:04.248575,335537.978,6289129.827
PI428,106,PFVJ-17,11777,37,60,2025-11-06 16:36:04.248576,335537.978,6289129.827
PH27,102,SPZX-96,621,0,2,2025-11-06 16:36:37.582494,348346.781,6291314.871
PH27,102,LBTT-19,5903,17,21,2025-11-06 16:36:37.582499,348346.781,6291314.871
PH27,212,LZPW-10,652,0,2,2025-11-06 16:36:37.582500,348346.781,6291314.871
PH27,212,LZPS-24,1739,3,7,2025-11-06 16:36:37.582500,348346.781,6291314.871
PH27,107,SKWD-57,1293,0,4,2025-11-06 16:36:37.582501,348346.781,6291314.871
PH27,107,PGPV-90,2794,7,11,2025-11-06 16:36:37.582502,348346.781,6291314.871
PH27,108,PFYR-88,0,0,3,2025-11-06 16:36:37.582503,348346.781,6291314.871
PH27,108,PFYS-31,3457,9,13,2025-11-06 16:36:37.582504,348346.781,6291314.871
PJ1557,J08,FLXZ-85,1004,0,3,2025-11-06 16:37:18.679907,339098.559,6296029.173
PJ1557,J08,TBFT-48,5279,15,19,2025-11-06 16:37:18.679913,339098.559,6296029.173
PJ1557,424,TBFT-42,826,0,3,2025-11-06 16:37:18.679914,339098.559,6296029.173
PJ1557,424,GCBC-80,3446,9,13,2025-11-06 16:37:18.679915,339098.559,6296029.173
PJ1557,I02,FLXY-75,1873,4,8,2025-11-06 16:37:18.679916,339098.559,6296029.173
PJ1557,I02,FLXY-78,6337,18,22,2025-11-06 16:37:18.679917,339098.559,6296029.173
PG477,G01,THTF-84,0,0,3,2025-11-06 16:38:18.191961,347669.239,6288770.777
PG477,G01,THTG-98,2378,6,10,2025-11-06 16:38:18.191967,347669.239,6288770.777
PG477,G01c,THTG-10,6722,19,23,2025-11-06 16:38:18.191968,347669.239,6288770.777
PG477,G01c,THTD-18,8215,26,60,2025-11-06 16:38:18.191969,347669.239,6288770.777
PG477,E05,BJFX-11,2691,6,10,2025-11-06 16:38:18.191970,347669.239,6288770.777
PD519,508,LXWR-67,502,0,2,2025-11-06 16:38:38.185096,349360.31,6297378.27
PD519,508,PFXB-92,1567,3,7,2025-11-06 16:38:38.185100,349360.31,6297378.27
PD519,514,PFWZ-90,0,0,3,2025-11-06 16:38:38.185101,349360.31,6297378.27
PD519,514,PFXC-20,444,0,3,2025-11-06 16:38:38.185102,349360.31,6297378.27
PD519,505,VHXK-53,1590,3,7,2025-11-06 16:38:38.185103,349360.31,6297378.27
PD519,505,VHZV-61,5172,14,18,2025-11-06 16:38:38.185104,349360.31,6297378.27
PI619,509,CJRY-79,3342,9,13,2025-11-06 16:39:05.070990,334712.11,6287579.512
PI619,509,CJRY-74,7065,20,24,2025-11-06 16:39:05.070995,334712.11,6287579.512
PI619,I01,FLXG-76,1546,3,7,2025-11-06 16:39:05.070996,334712.11,6287579.512
PI619,I01,FLXJ-14,4337,12,16,2025-11-06 16:39:05.070997,334712.11,6287579.512
PB285,B01,SJTD-56,172,0,3,2025-11-06 16:40:10.580224,343598.124,6304974.927
PB285,B01,SPZX-56,2597,6,10,2025-11-06 16:40:10.580229,343598.124,6304974.927
PB285,201,GCBB-28,332,0,3,2025-11-06 16:40:10.580230,343598.124,6304974.927
PB285,201,GCBB-39,1882,4,8,2025-11-06 16:40:10.580231,343598.124,6304974.927
PB285,B12,SKDF-67,1477,3,7,2025-11-06 16:40:10.580231,343598.124,6304974.927
PB285,B12,SPCG-80,3888,10,14,2025-11-06 16:40:10.580232,343598.124,6304974.927
PB285,B22,SKPS-44,295,0,3,2025-11-06 16:40:10.580233,343598.124,6304974.927
PB285,B22,SKPS-25,2380,6,10,2025-11-06 16:40:10.580234,343598.124,6304974.927
PB285,308,FLXH-96,172,0,3,2025-11-06 16:40:10.580235,343598.124,6304974.927
PB285,308,FLXT-16,2215,5,9,2025-11-06 16:40:10.580235,343598.124,6304974.927
PB285,272,VFHL-60,2489,6,10,2025-11-06 16:40:10.580236,343598.124,6304974.927
PB285,272,VFHS-95,2960,7,11,2025-11-06 16:40:10.580237,343598.124,6304974.927
PC689,C03,LWTK-43,2366,5,9,2025-11-06 16:40:52.846784,352953.897,6304080.863
PC689,C03,LWTK-55,2128,5,9,2025-11-06 16:40:52.846807,352953.897,6304080.863
PD600,508,FLXW-56,165,0,3,2025-11-06 16:42:10.275998,352301.488,6293699.669
PD600,508,CJRW-79,1195,0,4,2025-11-06 16:42:10.276003,352301.488,6293699.669
PD600,325,VFJD-70,1309,0,4,2025-11-06 16:42:10.276004,352301.488,6293699.669
PD600,325,VFJT-99,4887,13,17,2025-11-06 16:42:10.276005,352301.488,6293699.669
PD600,D16,SPBF-51,3084,8,12,2025-11-06 16:42:10.276006,352301.488,6293699.669
PD600,D16,SPBL-63,3513,9,13,2025-11-06 16:42:10.276007,352301.488,6293699.669
PB911,B05,SPCG-55,1801,4,8,2025-11-06 16:42:51.168774,343419.359,6307617.467
PB911,B05,SPCG-69,5821,16,20,2025-11-06 16:42:51.168779,343419.359,6307617.467
PB911,B36,STHK-10,6455,18,22,2025-11-06 16:42:51.168780,343419.359,6307617.467
PB911,B36,STHP-12,7299,21,25,2025-11-06 16:42:51.168781,343419.359,6307617.467
PB911,B35,SHXD-59,5265,15,19,2025-11-06 16:42:51.168782,343419.359,6307617.467
PB911,B35,SHCY-53,8235,26,60,2025-11-06 16:42:51.168783,343419.359,6307617.467
PH188,203N,VJKG-36,8261,26,60,2025-11-06 16:44:08.111041,347671.304,6292518.955
PH188,205,LZRD-66,1878,4,8,2025-11-06 16:44:08.111046,347671.304,6292518.955
PH188,205,GCBF-42,3021,8,12,2025-11-06 16:44:08.111047,347671.304,6292518.955
PH188,207,SVPW-60,763,0,2,2025-11-06 16:44:08.111048,347671.304,6292518.955
PH188,207,SDGY-42,1124,0,4,2025-11-06 16:44:08.111049,347671.304,6292518.955
PH188,209,SDGY-38,3387,9,13,2025-11-06 16:44:08.111050,347671.304,6292518.955
PH188,209,SDGY-17,4224,11,15,2025-11-06 16:44:08.111051,347671.304,6292518.955
PH188,227,VGCB-59,464,0,3,2025-11-06 16:44:08.111052,347671.304,6292518.955
PH188,227,VFPD-81,2262,5,9,2025-11-06 16:44:08.111052,347671.304,6292518.955
PD1005,D08,SVDD-45,4149,11,15,2025-11-06 16:44:52.801579,357102.912,6299414.868
PD1005,D08,SVDD-36,4369,12,16,2025-11-06 16:44:52.801584,357102.912,6299414.868
PJ888,514,GCBC-93,358,0,3,2025-11-06 16:45:17.699717,336032.371,6298290.724
PJ888,514,FLXS-99,1096,0,3,2025-11-06 16:45:17.699723,336032.371,6298290.724
PB1337,B17,SHCY-43,3772,10,14,2025-11-06 16:46:00.366959,343694.896,6302783.414
PB1337,B17,SHXF-83,8693,27,60,2025-11-06 16:46:00.366966,343694.896,6302783.414
PF852,F20,SPZX-68,2950,7,11,2025-11-06 16:47:16.260672,351729.619,6283102.647
PF852,F20,SPZX-98,3873,10,14,2025-11-06 16:47:16.260677,351729.619,6283102.647
PF852,205,RWTP-85,0,0,3,2025-11-06 16:47:16.260678,351729.619,6283102.647
PF852,205,RWTP-80,975,0,3,2025-11-06 16:47:16.260679,351729.619,6283102.647
PF852,F14,SPVW-84,1555,3,7,2025-11-06 16:47:16.260680,351729.619,6283102.647
PC483,D08,SVDF-28,3977,11,15,2025-11-06 16:48:24.948284,355010.74,6299890.486
PC483,D08,SVDC-39,4113,11,15,2025-11-06 16:48:24.948289,355010.74,6299890.486
PC483,C05,LDTC-12,1912,4,8,2025-11-06 16:48:24.948291,355010.74,6299890.486
PC483,C05,LFGK-10,5344,15,19,2025-11-06 16:48:24.948291,355010.74,6299890.486
PC483,501,PFWZ-89,2953,7,11,2025-11-06 16:48:24.948293,355010.74,6299890.486
PC483,501,GCBF-34,3056,8,12,2025-11-06 16:48:24.948293,355010.74,6299890.486
PC483,504,TBFS-46,5070,14,18,2025-11-06 16:48:24.948294,355010.74,6299890.486
PC483,518,BJFD-60,540,0,2,2025-11-06 16:48:24.948295,355010.74,6299890.486
PC483,518,BJFC-39,2339,5,9,2025-11-06 16:48:24.948296,355010.74,6299890.486
PG1213,G24,FLXX-24,1643,3,7,2025-11-06 16:49:18.760514,344203.823,6278005.516
PG1213,G14,GCWF-72,22,0,3,2025-11-06 16:49:18.760519,344203.823,6278005.516
PG510,F03,SPVV-63,507,0,2,2025-11-06 16:49:48.757673,348617.436,6279792.269
PG510,F03,SPVT-75,4853,13,17,2025-11-06 16:49:48.757678,348617.436,6279792.269
PE572,E08,VKJX-64,674,0,2,2025-11-06 16:50:14.275489,352357.374,6288785.127
PE572,E08,VKJX-95,4042,11,15,2025-11-06 16:50:14.275494,352357.374,6288785.127
PC1100,C10e,SPCG-68,1234,0,4,2025-11-06 16:50:37.764475,355327.821,6311911.089
PC1100,C10e,SKDF-88,9058,29,60,2025-11-06 16:50:37.764480,355327.821,6311911.089
PC1100,C28,SHCV-73,4294,12,16,2025-11-06 16:50:37.764481,355327.821,6311911.089
PC1100,C28,SHCY-23,9303,29,60,2025-11-06 16:50:37.764482,355327.821,6311911.089
PA592,345,FLXF-52,1803,4,8,2025-11-06 16:51:04.220925,344334.847,6296651.641
PI59,102,FLXS-40,2433,6,10,2025-11-06 16:51:29.696697,342394.261,6293891.817
PI59,102,SPZX-96,3497,9,13,2025-11-06 16:51:29.696702,342394.261,6293891.817
PI59,I25,FLXK-90,873,0,3,2025-11-06 16:51:29.696703,342394.261,6293891.817
PI59,I25,FLXK-67,2343,5,9,2025-11-06 16:51:29.696704,342394.261,6293891.817
PI59,I01,FLXL-38,5325,15,19,2025-11-06 16:51:29.696705,342394.261,6293891.817
PI59,I01,FLXG-51,6449,18,22,2025-11-06 16:51:29.696705,342394.261,6293891.817
PI59,I18,VHTB-59,294,0,3,2025-11-06 16:51:29.696706,342394.261,6293891.817
PI59,I18,FLXZ-44,2885,7,11,2025-11-06 16:51:29.696707,342394.261,6293891.817
PH315,119,CJRY-62,654,0,2,2025-11-06 16:53:08.703654,342660.801,6288215.406
PH315,223,SHXB-15,598,0,2,2025-11-06 16:53:08.703660,342660.801,6288215.406
PH315,223,SHCX-11,968,0,3,2025-11-06 16:53:08.703661,342660.801,6288215.406
PH315,H03,CJRW-50,2076,5,9,2025-11-06 16:53:08.703662,342660.801,6288215.406
PH315,H03,CJRW-46,3056,8,12,2025-11-06 16:53:08.703663,342660.801,6288215.406
PE141,213e,LCPG-39,0,0,3,2025-11-06 16:53:24.185301,352835.642,6285518.646
PE141,213e,LCTG-36,5271,15,19,2025-11-06 16:53:24.185306,352835.642,6285518.646
PE141,210,LZRD-99,258,0,3,2025-11-06 16:53:24.185307,352835.642,6285518.646
PE141,210,LZRD-93,792,0,2,2025-11-06 16:53:24.185308,352835.642,6285518.646
PE141,210v,VFRB-13,2026,4,8,2025-11-06 16:53:24.185309,352835.642,6285518.646
PE141,210v,VFRG-25,4880,13,17,2025-11-06 16:53:24.185310,352835.642,6285518.646
PJ294,502,TBFX-30,1994,4,8,2025-11-06 16:54:46.605890,342394.843,6300180.361
PJ294,502,BFKC-93,1994,4,8,2025-11-06 16:54:46.605894,342394.843,6300180.361
PJ294,J05,TBFX-78,3635,9,13,2025-11-06 16:54:46.605895,342394.843,6300180.361
PJ294,J05,FLXG-20,3869,10,14,2025-11-06 16:54:46.605896,342394.843,6300180.361
PJ294,542,TBFW-56,4225,11,15,2025-11-06 16:54:46.605897,342394.843,6300180.361
PJ294,542,FLXW-14,8074,23,27,2025-11-06 16:54:46.605898,342394.843,6300180.361
PF405,F08,TFTB-24,954,0,3,2025-11-06 16:55:25.786783,356066.68,6285585.617
PF405,F08,SRPJ-88,2448,6,10,2025-11-06 16:55:25.786788,356066.68,6285585.617
PF405,E11,VKJZ-21,5825,16,20,2025-11-06 16:55:25.786824,356066.68,6285585.617
PF405,E11,VKJX-99,6300,18,22,2025-11-06 16:55:25.786825,356066.68,6285585.617
PB1704,B03,LXDH-93,401,0,3,2025-11-06 16:57:26.664939,337566.417,6303009.674
PB1704,B03,SKHG-90,814,0,3,2025-11-06 16:57:26.664943,337566.417,6303009.674
PB1704,B20,SPZX-41,501,0,2,2025-11-06 16:57:26.664944,337566.417,6303009.674
PB1704,B20,SKHG-89,677,0,2,2025-11-06 16:57:26.664945,337566.417,6303009.674
PG1418,G22,THTF-62,241,0,3,2025-11-06 16:57:58.038513,344083.481,6286733.913
PG1418,G22,THTH-19,797,0,3,2025-11-06 16:57:58.038518,344083.481,6286733.913
PD593,508,TBFR-58,3428,9,13,2025-11-06 16:58:55.892464,352605.41,6295709.65
PD593,508,FLXV-65,3528,9,13,2025-11-06 16:58:55.892469,352605.41,6295709.65
PI880,481,PGRR-78,1325,0,4,2025-11-06 17:00:16.118367,339301.83,6290961.321
PI880,481,PFVJ-11,2974,7,11,2025-11-06 17:00:16.118371,339301.83,6290961.321
PI880,I04,FLXD-79,107,0,3,2025-11-06 17:00:16.118372,339301.83,6290961.321
PI880,I04,FLXF-90,186,0,3,2025-11-06 17:00:16.118373,339301.83,6290961.321
PI880,I18,VHSX-86,1805,4,8,2025-11-06 17:00:16.118374,339301.83,6290961.321
PI880,I18,VHSY-25,4249,11,15,2025-11-06 17:00:16.118375,339301.83,6290961.321
PI1887,I35,SFPF-88,800,0,3,2025-11-06 17:00:35.993774,332199.0,6282348.0
PI1887,I35,SHXB-12,2622,6,10,2025-11-06 17:00:35.993779,332199.0,6282348.0
PB1251,315e,VHSX-84,2824,7,11,2025-11-06 17:00:54.596915,338220.423,6308203.239
PB1251,315e,VHSZ-37,2763,7,11,2025-11-06 17:00:54.596921,338220.423,6308203.239
PB1251,B45,FLXJ-50,726,0,2,2025-11-06 17:00:54.596922,338220.423,6308203.239
PB1251,B45,FLXJ-32,3769,10,14,2025-11-06 17:00:54.596923,338220.423,6308203.239
PH164,204,VFRB-56,1168,0,4,2025-11-06 17:02:39.912909,348615.769,6293762.794
PH164,204,VGBS-15,2532,6,10,2025-11-06 17:02:39.912914,348615.769,6293762.794
PH164,E04,VKJX-12,503,0,2,2025-11-06 17:02:39.912916,348615.769,6293762.794
PH164,E04,VKJZ-78,3118,8,12,2025-11-06 17:02:39.912917,348615.769,6293762.794
PH164,234,SVPX-51,519,0,2,2025-11-06 17:02:39.912918,348615.769,6293762.794
PH164,234,SVPX-50,4827,13,17,2025-11-06 17:02:39.912919,348615.769,6293762.794
PG2002,G32,THTF-40,774,0,2,2025-11-06 17:03:10.323741,343368.0,6277738.0
PG2002,G32,THTF-43,2265,5,9,2025-11-06 17:03:10.323746,343368.0,6277738.0
PF679,F16,SPRW-91,2594,6,10,2025-11-06 17:03:42.482074,352860.879,6281944.628
PC729,C05,LFGP-22,4778,13,17,2025-11-06 17:04:20.489248,355856.638,6302740.282
PC729,C05,LDSW-89,5731,16,20,2025-11-06 17:04:20.489252,355856.638,6302740.282
PJ465,505,LZPH-17,446,0,3,2025-11-06 17:06:45.086053,340140.391,6301579.961
PJ465,505,LXWR-90,625,0,2,2025-11-06 17:06:45.086058,340140.391,6301579.961
PJ465,513,VHZX-20,2989,7,11,2025-11-06 17:06:45.086060,340140.391,6301579.961
PJ465,J16,TBFR-48,5619,16,20,2025-11-06 17:06:45.086061,340140.391,6301579.961
PJ465,J16,FLXS-67,8890,28,60,2025-11-06 17:06:45.086062,340140.391,6301579.961
PD223,216,LZPS-19,919,0,3,2025-11-06 17:07:31.841420,353868.838,6298379.445
PD223,216,LZPW-17,1019,0,3,2025-11-06 17:07:31.841425,353868.838,6298379.445
PD223,D18,SVDF-24,248,0,3,2025-11-06 17:07:31.841426,353868.838,6298379.445
PD223,D18,SPBS-67,3538,9,13,2025-11-06 17:07:31.841427,353868.838,6298379.445
PD223,286,SHXB-16,242,0,3,2025-11-06 17:07:31.841428,353868.838,6298379.445
PD223,286,SDSW-61,3007,7,11,2025-11-06 17:07:31.841429,353868.838,6298379.445
PD223,712,SHCW-68,5267,15,19,2025-11-06 17:07:31.841430,353868.838,6298379.445
PD223,712,SHXD-89,8299,26,60,2025-11-06 17:07:31.841431,353868.838,6298379.445
PA25,D03,SVDF-61,2189,5,9,2025-11-06 17:07:50.350888,346155.88,6297109.735
PA25,D03,SVDF-59,7234,21,25,2025-11-06 17:07:50.350893,346155.88,6297109.735
PA25,113,BJFW-79,1330,0,4,2025-11-06 17:07:50.350895,346155.88,6297109.735
PA25,113,FLXX-60,14041,44,60,2025-11-06 17:07:50.350896,346155.88,6297109.735
PA25,115,SZZY-76,845,0,3,2025-11-06 17:07:50.350897,346155.88,6297109.735
PA25,115,GCBC-54,2236,5,9,2025-11-06 17:07:50.350897,346155.88,6297109.735
PF194,F01,SPVV-66,3135,8,12,2025-11-06 17:08:29.001317,359187.994,6280238.62
PF194,F01,SPVT-88,3958,10,14,2025-11-06 17:08:29.001322,359187.994,6280238.62
PF194,F24,SPRV-81,2447,6,10,2025-11-06 17:08:29.001323,359187.994,6280238.62
PF194,F24,SPRW-65,6649,19,23,2025-11-06 17:08:29.001324,359187.994,6280238.62
PF194,F29,SPVW-16,4899,13,17,2025-11-06 17:08:29.001325,359187.994,6280238.62
PF194,F29,SPVW-85,6139,17,21,2025-11-06 17:08:29.001325,359187.994,6280238.62
PF194,712,SHCX-32,2433,6,10,2025-11-06 17:08:29.001326,359187.994,6280238.62
PF194,712,SJPC-75,3147,8,12,2025-11-06 17:08:29.001327,359187.994,6280238.62
PH322,119,CJRY-62,528,0,2,2025-11-06 17:08:51.291747,343412.54,6290174.48
PH322,119,FLXG-63,4515,12,16,2025-11-06 17:08:51.291751,343412.54,6290174.48
PH322,329,FLXR-59,0,0,3,2025-11-06 17:08:51.291752,343412.54,6290174.48
PH322,329,FLXR-41,3599,9,13,2025-11-06 17:08:51.291753,343412.54,6290174.48
PH322,I05,VHSX-93,4972,14,18,2025-11-06 17:08:51.291754,343412.54,6290174.48
PH322,I05,VHSX-90,9194,29,60,2025-11-06 17:08:51.291755,343412.54,6290174.48
PG1929,G39,SFPG-67,2810,7,11,2025-11-06 17:09:45.523055,344927.47,6282080.29
PG1929,G39,SFGY-23,7307,21,25,2025-11-06 17:09:45.523060,344927.47,6282080.29
PG1929,G09,SHCX-12,1116,0,4,2025-11-06 17:09:45.523061,344927.47,6282080.29
PG1929,G09,SHCX-15,4863,13,17,2025-11-06 17:09:45.523062,344927.47,6282080.29
PA562,J02,VHXD-95,3324,8,12,2025-11-06 17:09:57.186475,344236.697,6297745.241
PA562,J02,VHXF-84,6810,20,24,2025-11-06 17:09:57.186480,344236.697,6297745.241
PA562,J05,GCBC-91,163,0,3,2025-11-06 17:09:57.186482,344236.697,6297745.241
PA562,J05,PFXC-21,4476,12,16,2025-11-06 17:09:57.186483,344236.697,6297745.241
PA562,I17,FLXK-74,198,0,3,2025-11-06 17:09:57.186484,344236.697,6297745.241
PA562,I17,FLXL-25,2703,7,11,2025-11-06 17:09:57.186484,344236.697,6297745.241
PI493,419,PFTV-98,2040,4,8,2025-11-06 17:10:30.483273,335098.859,6291874.864
PI493,419,PFVK-96,8478,27,60,2025-11-06 17:10:30.483278,335098.859,6291874.864
PA290,506v,GCBD-60,956,0,3,2025-11-06 17:11:27.785039,344932.08,6296704.44
PA290,506v,PFXC-37,3284,8,12,2025-11-06 17:11:27.785044,344932.08,6296704.44
PA290,509,CJRW-54,2961,7,11,2025-11-06 17:11:27.785045,344932.08,6296704.44
PA290,509,FLXH-83,8365,26,60,2025-11-06 17:11:27.785046,344932.08,6296704.44
PA290,506,TBFT-51,2344,8,12,2025-11-06 17:11:27.785047,344932.08,6296704.44
PA290,506,TBFT-94,2604,12,16,2025-11-06 17:11:27.785048,344932.08,6296704.44
PB845,B04,SHCX-26,2739,7,11,2025-11-06 17:12:08.229330,343387.34,6304170.495
PB845,B26,HVFH-32,2725,7,11,2025-11-06 17:12:08.229335,343387.34,6304170.495
PB845,B26,FLXP-80,3494,9,13,2025-11-06 17:12:08.229336,343387.34,6304170.495
PB845,214,GCBB-43,1606,3,7,2025-11-06 17:12:08.229337,343387.34,6304170.495
PB845,214,GCBB-71,2677,6,10,2025-11-06 17:12:08.229337,343387.34,6304170.495
PH281,H12,BJFS-91,2126,5,9,2025-11-06 17:12:38.226325,345989.202,6293939.1
PH281,H12,CJRW-57,3149,8,12,2025-11-06 17:12:38.226330,345989.202,6293939.1
PH281,H13,BJFS-77,4786,13,17,2025-11-06 17:12:38.226331,345989.202,6293939.1
PH281,302,BJFW-52,903,0,3,2025-11-06 17:12:38.226333,345989.202,6293939.1
PH281,302,BJFV-18,2462,6,10,2025-11-06 17:12:38.226333,345989.202,6293939.1
PH281,H09,VGRG-24,5454,15,19,2025-11-06 17:12:38.226334,345989.202,6293939.1
PH281,H09,VGRG-34,6087,17,21,2025-11-06 17:12:38.226336,345989.202,6293939.1
PB949,B06,SKDJ-95,948,0,3,2025-11-06 17:13:10.126555,337069.649,6308300.651
PB949,B06,SKDH-41,1408,0,4,2025-11-06 17:13:10.126561,337069.649,6308300.651
PB949,B43,SJPB-24,1070,0,3,2025-11-06 17:13:10.126562,337069.649,6308300.651
PB949,B43,SHXG-84,2512,6,10,2025-11-06 17:13:10.126563,337069.649,6308300.651
PD888,D05,SPBL-74,2554,6,10,2025-11-06 17:13:35.443951,354438.336,6294253.839
PD888,D05,SPBP-92,3630,9,13,2025-11-06 17:13:35.443956,354438.336,6294253.839
PD888,D07,SVDC-30,1017,0,3,2025-11-06 17:13:35.443958,354438.336,6294253.839
PD888,D07,SVDB-99,1679,3,7,2025-11-06 17:13:35.443959,354438.336,6294253.839
PD888,D10,STKS-99,2120,5,9,2025-11-06 17:13:35.443960,354438.336,6294253.839
PD888,D10,SVDD-70,2599,6,10,2025-11-06 17:13:35.443960,354438.336,6294253.839
PB1613,B15,SPCG-98,2835,7,11,2025-11-06 17:14:02.671566,347021.989,6303582.393
PB1613,B15,SPCG-53,3729,10,14,2025-11-06 17:14:02.671571,347021.989,6303582.393
PB46,101,PFTW-78,674,0,2,2025-11-06 17:14:30.460996,347678.27,6303372.64
PB46,101,PGPS-97,928,0,3,2025-11-06 17:14:30.461001,347678.27,6303372.64
PB46,107,PGBY-66,753,0,2,2025-11-06 17:14:30.461002,347678.27,6303372.64
PB46,107,PGRZ-87,5900,17,21,2025-11-06 17:14:30.461003,347678.27,6303372.64
PI716,I21,FLXL-23,2725,7,11,2025-11-06 17:15:13.813827,334479.458,6289431.41
PD1211,D15,STVY-74,396,0,3,2025-11-06 17:16:54.157278,356491.817,6297444.988
PD1211,D15,SVDF-23,903,0,3,2025-11-06 17:16:54.157283,356491.817,6297444.988
PC863,C16,LDTF-50,5039,14,18,2025-11-06 17:18:19.631707,359301.866,6311465.461
PC863,C16,LDTG-56,6798,19,23,2025-11-06 17:18:19.631712,359301.866,6311465.461
PI1672,I12,FLXZ-75,662,0,2,2025-11-06 17:20:16.361844,339075.043,6289520.924
PI1672,I12,FLXY-33,5356,15,19,2025-11-06 17:20:16.361849,339075.043,6289520.924
PG1342,G18,SHXB-32,4161,11,15,2025-11-06 17:20:36.319399,346763.902,6286630.266
PG1342,G18,SHXB-41,4085,11,15,2025-11-06 17:20:36.319405,346763.902,6286630.266
PD907,117,SPBF-50,1708,3,7,2025-11-06 17:21:02.820907,351681.989,6291330.728
PD907,325,VFKR-65,3391,9,13,2025-11-06 17:21:02.820912,351681.989,6291330.728
PD907,325,VFJS-65,6624,19,23,2025-11-06 17:21:02.820913,351681.989,6291330.728
PE544,322,FLXR-51,1870,4,8,2025-11-06 17:21:18.522907,355053.928,6289253.101
PE544,323,FLXP-47,2086,5,9,2025-11-06 17:21:18.522912,355053.928,6289253.101
PE544,323,FLXP-48,4297,12,16,2025-11-06 17:21:18.522913,355053.928,6289253.101
PB989,B43,SJPF-41,499,0,2,2025-11-06 17:22:07.678008,338620.944,6308366.752
PB989,B43,SGPY-77,3811,10,14,2025-11-06 17:22:07.678013,338620.944,6308366.752
PI1939,I11,RWRP-42,187,0,3,2025-11-06 17:22:35.472477,334908.0,6285647.0
PI1939,113,FLXZ-19,187,0,3,2025-11-06 17:22:35.472482,334908.0,6285647.0
PI1939,113,FLXZ-24,187,0,3,2025-11-06 17:22:35.472482,334908.0,6285647.0
PG1277,G16,SFPF-78,0,0,3,2025-11-06 17:22:56.131978,344712.0,6284115.0
PG1277,G16,SDSW-77,1055,0,3,2025-11-06 17:22:56.131983,344712.0,6284115.0
PG1277,G05,SHCV-36,5919,17,21,2025-11-06 17:22:56.131984,344712.0,6284115.0
PG1277,G35,SFPF-86,2530,6,10,2025-11-06 17:22:56.131985,344712.0,6284115.0
PG1277,G35,SFPG-34,4635,13,17,2025-11-06 17:22:56.131986,344712.0,6284115.0
PG1277,G13,SHXG-64,6456,18,22,2025-11-06 17:22:56.131987,344712.0,6284115.0
PG1277,G13,SFGY-11,6457,18,22,2025-11-06 17:22:56.131987,344712.0,6284115.0
PG1277,G13c,SHXB-22,4701,13,17,2025-11-06 17:22:56.131988,344712.0,6284115.0
PG1277,G28,BJFV-32,0,0,3,2025-11-06 17:22:56.131989,344712.0,6284115.0
PG1277,G28,BJFX-32,4418,12,16,2025-11-06 17:22:56.131990,344712.0,6284115.0
PH49,103,PGTV-30,0,0,3,2025-11-06 17:23:27.148382,349180.16,6290312.33
PH49,103,SPBL-99,372,0,3,2025-11-06 17:23:27.148387,349180.16,6290312.33
PH49,329,FLXR-31,0,0,3,2025-11-06 17:23:27.148388,349180.16,6290312.33
PH1499,302,BJFT-90,1109,0,4,2025-11-06 17:24:42.962740,344675.129,6290613.869
PH1499,302,CJRW-16,1815,4,8,2025-11-06 17:24:42.962745,344675.129,6290613.869
PH1499,214,GCBB-36,535,0,2,2025-11-06 17:24:42.962746,344675.129,6290613.869
PH1499,214,GCBC-19,2677,6,10,2025-11-06 17:24:42.962747,344675.129,6290613.869
PI898,I04,FLXF-90,665,0,2,2025-11-06 17:25:34.359774,341308.101,6294632.493
PI898,I04,FLXF-59,6157,17,21,2025-11-06 17:25:34.359778,341308.101,6294632.493
PI1002,348,RWRP-65,2939,7,11,2025-11-06 17:27:09.886278,333629.658,6289951.496
PI1002,348,VHSY-38,4833,13,17,2025-11-06 17:27:09.886282,333629.658,6289951.496
PC979,D09,SVDC-44,1853,4,8,2025-11-06 17:27:32.058323,351812.737,6298036.944
PC979,D09,STWB-31,3626,9,13,2025-11-06 17:27:32.058327,351812.737,6298036.944
PH313,119,BJFT-72,1399,0,4,2025-11-06 17:28:36.425259,342608.945,6288521.909
PH313,119,CJRY-81,1400,0,4,2025-11-06 17:28:36.425265,342608.945,6288521.909
PH313,223,SHCV-38,1079,0,3,2025-11-06 17:28:36.425266,342608.945,6288521.909
PH313,223,SHCX-11,1504,3,7,2025-11-06 17:28:36.425267,342608.945,6288521.909
PH313,H03,CJRW-61,2457,6,10,2025-11-06 17:28:36.425268,342608.945,6288521.909
PH313,H12,FLXR-37,1172,0,4,2025-11-06 17:28:36.425269,342608.945,6288521.909
PH313,H12,CJRX-58,7440,21,25,2025-11-06 17:28:36.425270,342608.945,6288521.909
PH313,G09,SHXB-23,0,0,3,2025-11-06 17:28:36.425271,342608.945,6288521.909
PH313,G09,SFPG-32,1679,3,7,2025-11-06 17:28:36.425272,342608.945,6288521.909
PG1988,G32,THTF-55,224,0,3,2025-11-06 17:29:47.630825,343507.0,6278631.0
PG1988,G32,THTF-37,1252,0,4,2025-11-06 17:29:47.630829,343507.0,6278631.0
PG179,207,SFST-33,1918,4,8,2025-11-06 17:30:16.872902,349018.28,6281012.666
PG179,207,SGCR-39,3313,8,12,2025-11-06 17:30:16.872908,349018.28,6281012.666
PG179,209,SFST-34,9309,29,60,2025-11-06 17:30:16.872909,349018.28,6281012.666
PG179,209,SDGY-34,15849,50,60,2025-11-06 17:30:16.872910,349018.28,6281012.666
PG474,E05,CJRC-56,1841,4,8,2025-11-06 17:31:34.239886,346925.773,6288663.449
PG474,E05,BJFW-83,2622,6,10,2025-11-06 17:31:34.239891,346925.773,6288663.449
PI1479,I24,VHSX-87,629,0,2,2025-11-06 17:32:06.111592,330378.435,6290371.992
PG949,G09,SHCX-15,2199,5,9,2025-11-06 17:32:35.027762,345599.35,6282366.956
PG949,G09,SDSW-68,2499,6,10,2025-11-06 17:32:35.027766,345599.35,6282366.956
PG949,228,THTG-77,308,0,3,2025-11-06 17:32:35.027767,345599.35,6282366.956
PG949,228,THTF-25,4686,13,17,2025-11-06 17:32:35.027768,345599.35,6282366.956
PG949,G08,THTD-26,483,0,2,2025-11-06 17:32:35.027769,345599.35,6282366.956
PG949,G08,THTH-29,4773,13,17,2025-11-06 17:32:35.027770,345599.35,6282366.956
PI1070,I10,FLXF-42,1894,4,8,2025-11-06 17:39:29.852412,341411.803,6295250.987
PI1070,I10,FLXL-39,2684,6,10,2025-11-06 17:39:29.852417,341411.803,6295250.987
PE129,210e,VGBW-98,10828,34,60,2025-11-06 17:42:34.798006,352117.627,6288150.133
PE129,210v,VFPW-33,3799,10,14,2025-11-06 17:42:34.798010,352117.627,6288150.133
PE129,210v,VFPC-66,5824,16,20,2025-11-06 17:42:34.798011,352117.627,6288150.133
PE129,213e,SRVG-98,333,0,3,2025-11-06 17:42:34.798012,352117.627,6288150.133
PE129,213e,LBTS-80,1800,4,8,2025-11-06 17:42:34.798013,352117.627,6288150.133
PE129,210,RWTP-78,489,0,2,2025-11-06 17:42:34.798014,352117.627,6288150.133
PE129,210,VFPT-64,494,0,2,2025-11-06 17:42:34.798015,352117.627,6288150.133
PG1595,G14,FLXP-16,1004,0,3,2025-11-06 17:43:13.556308,342322.812,6281342.945
PG1595,G14,FLXP-40,2436,6,10,2025-11-06 17:43:13.556313,342322.812,6281342.945
PG1595,G27,THTG-76,1232,0,4,2025-11-06 17:43:13.556314,342322.812,6281342.945
PG1595,G27,THTF-19,6117,17,21,2025-11-06 17:43:13.556315,342322.812,6281342.945
PG1595,228,THTH-85,0,0,3,2025-11-06 17:43:13.556316,342322.812,6281342.945
PG1595,228,THTG-99,3605,9,13,2025-11-06 17:43:13.556317,342322.812,6281342.945
PG1595,G32,THTF-40,1250,0,4,2025-11-06 17:43:13.556318,342322.812,6281342.945
PG1595,G28,BJFT-27,431,0,3,2025-11-06 17:43:13.556318,342322.812,6281342.945
PD17,103,PLHK-83,2189,5,9,2025-11-06 17:43:56.662541,350778.89,6294159.11
PD17,103,PGBY-43,3968,11,15,2025-11-06 17:43:56.662545,350778.89,6294159.11
PD17,117,SPBL-88,1575,3,7,2025-11-06 17:43:56.662546,350778.89,6294159.11
PD17,117,PGBF-57,2363,6,10,2025-11-06 17:43:56.662548,350778.89,6294159.11
PD17,114,SKWD-66,1316,0,4,2025-11-06 17:43:56.662549,350778.89,6294159.11
PD17,114,LCST-80,2907,7,11,2025-11-06 17:43:56.662549,350778.89,6294159.11
PE149,210v,VFPT-27,214,0,3,2025-11-06 17:44:33.282062,352012.7,6288438.225
PE149,210v,VFRD-95,2160,5,9,2025-11-06 17:44:33.282067,352012.7,6288438.225
PE149,323,FLXR-56,814,0,3,2025-11-06 17:44:33.282068,352012.7,6288438.225
PE149,323,FLXR-53,3255,8,12,2025-11-06 17:44:33.282069,352012.7,6288438.225
PE149,325,VFJP-53,749,0,2,2025-11-06 17:44:33.282070,352012.7,6288438.225
PE149,325,VFJT-51,4952,14,18,2025-11-06 17:44:33.282071,352012.7,6288438.225
PE149,E07,BJFZ-12,424,0,3,2025-11-06 17:44:33.282072,352012.7,6288438.225
PE149,E07,FLXF-53,3005,7,11,2025-11-06 17:44:33.282073,352012.7,6288438.225
PE149,E15c,VFJV-28,1224,0,4,2025-11-06 17:44:33.282074,352012.7,6288438.225
PE149,E15c,VFJK-84,4952,14,18,2025-11-06 17:44:33.282075,352012.7,6288438.225
PE149,225c,VFJL-67,942,0,3,2025-11-06 17:44:33.282076,352012.7,6288438.225
PE149,225c,VFHX-24,5816,16,20,2025-11-06 17:44:33.282077,352012.7,6288438.225
PE149,F25,SRVG-88,2138,5,9,2025-11-06 17:44:33.282078,352012.7,6288438.225
PE149,F25,LCPG-49,9168,29,60,2025-11-06 17:44:33.282079,352012.7,6288438.225
PE149,210,RWTP-89,1288,0,4,2025-11-06 17:44:33.282080,352012.7,6288438.225
PE149,210,LZRD-67,1288,0,4,2025-11-06 17:44:33.282081,352012.7,6288438.225
PE617,E09,VKJX-73,0,0,3,2025-11-06 17:44:48.566441,348700.751,6286829.617
PE617,E09,VKJZ-47,2627,6,10,2025-11-06 17:44:48.566446,348700.751,6286829.617
PI1009,I07,VHTB-53,2037,4,8,2025-11-06 17:45:46.511679,335862.549,6291858.947
PD445,D01,SVDD-96,6305,18,22,2025-11-06 17:46:42.410522,356895.934,6297603.262
PD730,513,VHZY-30,2987,7,11,2025-11-06 17:47:19.831551,358112.8,6295092.395
PD730,513,SRTG-95,4305,12,16,2025-11-06 17:47:19.831556,358112.8,6295092.395
PD730,D10,SVDC-58,13698,43,60,2025-11-06 17:47:19.831557,358112.8,6295092.395
PD730,D10,SVDD-87,13778,44,60,2025-11-06 17:47:19.831558,358112.8,6295092.395
PD730,422,FLXV-80,0,0,3,2025-11-06 17:47:19.831559,358112.8,6295092.395
PD730,422,GCBD-35,4495,12,16,2025-11-06 17:47:19.831559,358112.8,6295092.395
PD730,505,SRTK-20,0,0,3,2025-11-06 17:47:19.831560,358112.8,6295092.395
PD730,505,VHZZ-91,1562,3,7,2025-11-06 17:47:19.831561,358112.8,6295092.395
PC648,C03,SKPJ-41,4448,12,16,2025-11-06 17:47:34.904047,352930.221,6304053.22
PC648,C03,LWTK-60,5974,17,21,2025-11-06 17:47:34.904053,352930.221,6304053.22
PB123,429c,SLPC-51,2974,7,11,2025-11-06 17:47:53.701897,346231.138,6305641.985
PB123,429c,SLLZ-98,6634,19,23,2025-11-06 17:47:53.701902,346231.138,6305641.985
PB123,117,PFYC-21,920,0,3,2025-11-06 17:47:53.701903,346231.138,6305641.985
PB123,117,SPBF-62,6752,19,23,2025-11-06 17:47:53.701904,346231.138,6305641.985
PB123,722,STHK-39,7481,22,26,2025-11-06 17:47:53.701905,346231.138,6305641.985
PB123,722,STHB-29,10015,32,60,2025-11-06 17:47:53.701906,346231.138,6305641.985
PB123,B05,SKDJ-79,1635,3,7,2025-11-06 17:47:53.701907,346231.138,6305641.985
PB123,B05,SPCG-74,5490,15,19,2025-11-06 17:47:53.701907,346231.138,6305641.985
PB123,425,SHXG-42,518,0,2,2025-11-06 17:47:53.701908,346231.138,6305641.985
PB123,425,SGPY-80,1408,0,4,2025-11-06 17:47:53.701909,346231.138,6305641.985
PB123,429,SLPB-64,745,0,2,2025-11-06 17:47:53.701910,346231.138,6305641.985
PB123,429,SLLZ-39,6944,20,24,2025-11-06 17:47:53.701910,346231.138,6305641.985
PH73,105c,LXDJ-20,491,0,2,2025-11-06 17:48:15.386060,341944.62,6288488.13
PH73,105c,LXDJ-25,1729,3,7,2025-11-06 17:48:15.386065,341944.62,6288488.13
PH73,125,BJFV-74,188,0,3,2025-11-06 17:48:15.386066,341944.62,6288488.13
PH73,125,FLXK-53,2311,5,9,2025-11-06 17:48:15.386067,341944.62,6288488.13
PH73,223,SHXB-13,160,0,3,2025-11-06 17:48:15.386068,341944.62,6288488.13
PH73,H12,FLXR-37,502,0,2,2025-11-06 17:48:15.386069,341944.62,6288488.13
PH73,H12,CJRX-58,3908,10,14,2025-11-06 17:48:15.386070,341944.62,6288488.13
PH73,105,SJPD-89,1267,0,4,2025-11-06 17:48:15.386072,341944.62,6288488.13
PH284,428,SKPH-82,6987,20,24,2025-11-06 17:48:51.217730,342247.04,6289391.5
PH284,428,SJPF-85,6987,20,24,2025-11-06 17:48:51.217735,342247.04,6289391.5
PH284,444,SJPF-43,8109,26,60,2025-11-06 17:48:51.217736,342247.04,6289391.5
PH284,444,SHXD-77,9170,29,60,2025-11-06 17:48:51.217737,342247.04,6289391.5
PH284,118,FLXX-87,246,0,3,2025-11-06 17:48:51.217738,342247.04,6289391.5
PH284,118,FDJX-64,5714,16,20,2025-11-06 17:48:51.217739,342247.04,6289391.5
PH284,H06,FLXF-37,2364,5,9,2025-11-06 17:48:51.217739,342247.04,6289391.5
PC612,C01,LCPW-45,2068,5,9,2025-11-06 17:50:13.335183,360256.05,6306856.05
PC612,C01,LCPW-44,3324,8,12,2025-11-06 17:50:13.335188,360256.05,6306856.05
PA24,509,CJRZ-88,3361,9,13,2025-11-06 17:50:41.932560,346304.05,6296906.8
PA24,509,FLXD-60,3361,9,13,2025-11-06 17:50:41.932565,346304.05,6296906.8
PA24,115,FLXW-31,469,0,3,2025-11-06 17:50:41.932566,346304.05,6296906.8
PA24,115,GCBC-54,3256,8,12,2025-11-06 17:50:41.932567,346304.05,6296906.8
PA24,113,FLXZ-78,469,0,3,2025-11-06 17:50:41.932568,346304.05,6296906.8
PA24,113,FLXW-66,6879,20,24,2025-11-06 17:50:41.932569,346304.05,6296906.8
PF290,F07,SPRV-93,5134,14,18,2025-11-06 17:50:57.764909,354935.358,6284727.579
PF290,F07,SPRY-39,5368,15,19,2025-11-06 17:50:57.764914,354935.358,6284727.579
PD468,412,PGBY-72,1142,0,4,2025-11-06 17:51:22.325792,352922.599,6299471.417
PD468,412,PFYC-31,2568,6,10,2025-11-06 17:51:22.325797,352922.599,6299471.417
PD468,418,PFYC-44,1750,4,8,2025-11-06 17:51:22.325798,352922.599,6299471.417
PD468,418,PFYC-55,3102,8,12,2025-11-06 17:51:22.325799,352922.599,6299471.417
PD468,429,SLPC-14,1722,3,7,2025-11-06 17:51:22.325800,352922.599,6299471.417
PD468,429,SLGS-87,4488,12,16,2025-11-06 17:51:22.325801,352922.599,6299471.417
PJ1646,J07,VHZV-71,5723,16,20,2025-11-06 17:51:43.550970,332052.355,6305654.284
PJ1646,J07,VJBB-71,12760,40,60,2025-11-06 17:51:43.550976,332052.355,6305654.284
PI594,509,FLXX-44,1243,0,4,2025-11-06 17:53:03.908165,339175.877,6294273.944
PI594,509,FDJX-84,3366,9,13,2025-11-06 17:53:03.908169,339175.877,6294273.944
PI594,I03,FLXJ-21,956,0,3,2025-11-06 17:53:03.908170,339175.877,6294273.944
PI594,I03,FLXJ-31,1158,0,4,2025-11-06 17:53:03.908171,339175.877,6294273.944
PI594,I03c,FLXL-30,1796,4,8,2025-11-06 17:53:03.908172,339175.877,6294273.944
PI594,I03c,FLXL-54,4768,13,17,2025-11-06 17:53:03.908173,339175.877,6294273.944
PI594,I10,FLXG-55,1640,3,7,2025-11-06 17:53:03.908173,339175.877,6294273.944
PI594,I10,FLXL-65,2597,6,10,2025-11-06 17:53:03.908174,339175.877,6294273.944
PI594,I17,FLXL-78,949,0,3,2025-11-06 17:53:03.908175,339175.877,6294273.944
PI594,I17,FLXK-74,4804,13,17,2025-11-06 17:53:03.908176,339175.877,6294273.944
PJ106,428,SHCY-52,870,0,3,2025-11-06 17:53:37.616830,335559.974,6296898.66
PJ106,428,SHXD-72,3248,8,12,2025-11-06 17:53:37.616835,335559.974,6296898.66
PJ106,444,SKPL-30,303,0,3,2025-11-06 17:53:37.616836,335559.974,6296898.66
PJ106,444,SKPH-73,1145,0,4,2025-11-06 17:53:37.616837,335559.974,6296898.66
PE211,325,VJXW-84,1428,3,7,2025-11-06 17:54:07.076759,350626.748,6284466.722
PE211,E13,VJXW-66,168,0,3,2025-11-06 17:54:07.076764,350626.748,6284466.722
PE211,E13,VFJP-12,1428,3,7,2025-11-06 17:54:07.076765,350626.748,6284466.722
PE211,F05,SPZY-18,3218,8,12,2025-11-06 17:54:07.076766,350626.748,6284466.722
PE211,F05,SPZY-58,6033,17,21,2025-11-06 17:54:07.076767,350626.748,6284466.722
PB1473,B26,FLXS-51,1581,3,7,2025-11-06 17:55:00.353212,344380.85,6302139.253
PB1473,B26,FLXS-47,5212,14,18,2025-11-06 17:55:00.353217,344380.85,6302139.253
PH1493,302,BJFX-61,405,0,3,2025-11-06 17:55:41.583490,344448.61,6290011.74
PH1493,302,BJFX-63,4268,11,15,2025-11-06 17:55:41.583495,344448.61,6290011.74
PH1493,214,GCBB-19,1597,3,7,2025-11-06 17:55:41.583496,344448.61,6290011.74
PH1493,214,GCBB-27,1737,3,7,2025-11-06 17:55:41.583497,344448.61,6290011.74
PB1851,B33,SJPC-33,673,0,2,2025-11-06 17:56:39.462636,341960.0,6310647.0
PB1851,B33,SHCX-61,3249,8,12,2025-11-06 17:56:39.462641,341960.0,6310647.0
PB1851,B42,FLXK-12,1486,3,7,2025-11-06 17:56:39.462642,341960.0,6310647.0
PB1851,B42,FLXH-40,4594,13,17,2025-11-06 17:56:39.462643,341960.0,6310647.0
PB1851,B12,SKDG-81,617,0,2,2025-11-06 17:56:39.462644,341960.0,6310647.0
PB1851,B12,SKDJ-86,1230,0,4,2025-11-06 17:56:39.462645,341960.0,6310647.0
PF7,124,LBTT-24,1117,0,4,2025-11-06 17:57:18.820931,355716.794,6284521.507
PF7,124,SRVH-73,4611,13,17,2025-11-06 17:57:18.820935,355716.794,6284521.507
PF7,102,LBTS-75,2422,6,10,2025-11-06 17:57:18.820936,355716.794,6284521.507
PF7,102,SRVJ-25,4799,13,17,2025-11-06 17:57:18.820937,355716.794,6284521.507
PF7,104,SKVD-68,0,0,3,2025-11-06 17:57:18.820938,355716.794,6284521.507
PF7,104,SKVD-48,564,0,2,2025-11-06 17:57:18.820939,355716.794,6284521.507
PF7,F08,SPVV-69,2823,7,11,2025-11-06 17:57:18.820940,355716.794,6284521.507
PF7,F08,SPVT-94,4528,12,16,2025-11-06 17:57:18.820940,355716.794,6284521.507
PF7,712,SHCW-70,4102,11,15,2025-11-06 17:57:18.820941,355716.794,6284521.507
PF7,712,SJPF-90,4013,11,15,2025-11-06 17:57:18.820942,355716.794,6284521.507
PG1921,G09,SDSW-68,249,0,3,2025-11-06 17:58:32.813319,344640.29,6281071.27
PG1921,G09,SHCV-41,3705,10,14,2025-11-06 17:58:32.813324,344640.29,6281071.27
PC57,722,STHR-23,3162,8,12,2025-11-06 17:58:59.210826,352673.283,6301705.566
PC57,722,STHP-97,3376,9,13,2025-11-06 17:58:59.210831,352673.283,6301705.566
PC57,425,SHCY-12,991,0,3,2025-11-06 17:58:59.210832,352673.283,6301705.566
PC57,425,SHCY-20,1588,3,7,2025-11-06 17:58:59.210833,352673.283,6301705.566
PC57,219e,SFWZ-77,2125,5,9,2025-11-06 17:58:59.210842,352673.283,6301705.566
PC57,219e,SFVZ-67,4414,12,16,2025-11-06 17:58:59.210843,352673.283,6301705.566
PB64,120,TXZH-35,877,0,3,2025-11-06 17:59:23.263494,340204.862,6302869.11
PB64,B29,SKHG-90,2440,6,10,2025-11-06 17:59:23.263498,340204.862,6302869.11
PB64,B29,LXDJ-17,4154,11,15,2025-11-06 17:59:23.263499,340204.862,6302869.11
PB64,408,SRTK-37,3193,8,12,2025-11-06 17:59:23.263500,340204.862,6302869.11
PB64,408,SRTG-92,4363,12,16,2025-11-06 17:59:23.263501,340204.862,6302869.11
PB64,109,FLXH-91,0,0,3,2025-11-06 17:59:23.263502,340204.862,6302869.11
PB64,109,FLXK-35,278,0,3,2025-11-06 17:59:23.263503,340204.862,6302869.11
PB64,110,LXWR-82,398,0,3,2025-11-06 17:59:23.263504,340204.862,6302869.11
PB64,110,LXWR-92,5142,14,18,2025-11-06 17:59:23.263505,340204.862,6302869.11
PB64,410,LFGJ-89,1927,4,8,2025-11-06 17:59:23.263505,340204.862,6302869.11
PB64,410,SJPC-50,2433,6,10,2025-11-06 17:59:23.263506,340204.862,6302869.11
PB64,105,SHXG-32,1743,4,8,2025-11-06 17:59:23.263507,340204.862,6302869.11
PB64,105,SJPF-87,2814,7,11,2025-11-06 17:59:23.263508,340204.862,6302869.11
PB64,B09,SHCY-11,0,0,3,2025-11-06 17:59:23.263509,340204.862,6302869.11
PB64,B09,SHCY-33,6067,17,21,2025-11-06 17:59:23.263509,340204.862,6302869.11
PJ973,J13,TBFT-25,2163,5,9,2025-11-06 17:59:45.603891,339097.72,6299830.902
PJ973,J13c,BJFC-36,0,0,3,2025-11-06 17:59:45.603897,339097.72,6299830.902
PJ973,J13c,FLXD-57,2384,6,10,2025-11-06 17:59:45.603898,339097.72,6299830.902
PG816,G04,SFPF-81,2042,4,8,2025-11-06 18:00:36.037217,345869.919,6286322.835
PG816,G04,SFPF-93,1985,4,8,2025-11-06 18:00:36.037223,345869.919,6286322.835
PG816,G13,SFPG-56,1243,0,4,2025-11-06 18:00:36.037224,345869.919,6286322.835
PG816,G16,SFPG-38,249,0,3,2025-11-06 18:00:36.037226,345869.919,6286322.835
PF226,F18,SRVF-74,1144,0,4,2025-11-06 18:00:53.757536,350730.735,6279221.319
PF226,F25,SRVL-75,549,0,2,2025-11-06 18:00:53.757542,350730.735,6279221.319
PF226,F25,SRVH-71,1765,4,8,2025-11-06 18:00:53.757543,350730.735,6279221.319
PF226,F25e,LBTS-82,5460,15,19,2025-11-06 18:00:53.757544,350730.735,6279221.319
PF226,F25e,STHF-56,9901,31,60,2025-11-06 18:00:53.757545,350730.735,6279221.319
PF226,F03,FLXT-48,2896,7,11,2025-11-06 18:00:53.757546,350730.735,6279221.319
PF226,F03,FLXT-49,3509,9,13,2025-11-06 18:00:53.757547,350730.735,6279221.319
PF226,F13,SRRZ-16,1470,3,7,2025-11-06 18:00:53.757548,350730.735,6279221.319
PF226,F13,SRRY-13,2365,6,10,2025-11-06 18:00:53.757549,350730.735,6279221.319
PF226,F03c,SHXF-36,1144,0,4,2025-11-06 18:00:53.757550,350730.735,6279221.319
PF226,F03c,SHXF-39,3604,9,13,2025-11-06 18:00:53.757551,350730.735,6279221.319
PF226,F12,TXZH-40,6040,17,21,2025-11-06 18:00:53.757552,350730.735,6279221.319
PF226,F12,SRVL-21,7234,21,25,2025-11-06 18:00:53.757553,350730.735,6279221.319
PF226,F15,LCTG-33,1501,3,7,2025-11-06 18:00:53.757554,350730.735,6279221.319
PF226,F15,SRVH-22,1477,3,7,2025-11-06 18:00:53.757555,350730.735,6279221.319
PA259,314,TWPD-46,2439,6,10,2025-11-06 18:02:15.311981,347307.66,6299110.63
PA259,314,TWPD-80,2401,6,10,2025-11-06 18:02:15.311986,347307.66,6299110.63
PA259,517,VHZX-30,3250,8,12,2025-11-06 18:02:15.311987,347307.66,6299110.63
PA259,517,VHZY-21,4310,12,16,2025-11-06 18:02:15.311988,347307.66,6299110.63
PA259,307,TWPD-92,699,0,2,2025-11-06 18:02:15.311989,347307.66,6299110.63
PA259,307,TWPD-17,1829,4,8,2025-11-06 18:02:15.311990,347307.66,6299110.63
PE1514,E10,FLXK-75,5730,16,20,2025-11-06 18:03:14.277725,350499.0,6288738.0
PE1514,E10,BJFV-11,6950,20,24,2025-11-06 18:03:14.277730,350499.0,6288738.0
PI547,506,PFWZ-57,254,0,3,2025-11-06 18:03:25.617984,343415.39,6296564.85
PI547,506,GCBC-83,444,0,3,2025-11-06 18:03:25.617988,343415.39,6296564.85
PI547,506v,PFXC-22,605,0,2,2025-11-06 18:03:25.617989,343415.39,6296564.85
PI547,506v,PFXC-11,4696,13,17,2025-11-06 18:03:25.617990,343415.39,6296564.85
PI547,509,CJRZ-89,2917,7,11,2025-11-06 18:03:25.617991,343415.39,6296564.85
PI547,509,CJRW-54,4169,11,15,2025-11-06 18:03:25.617992,343415.39,6296564.85
PB1380,B19,SHCY-41,150,0,3,2025-11-06 18:03:50.263471,344054.119,6306317.572
PB1380,B19,SHXF-37,3151,8,12,2025-11-06 18:03:50.263479,344054.119,6306317.572
PD1044,513,VJBC-60,1627,3,7,2025-11-06 18:04:10.396183,356739.737,6296325.387
PD1044,513,VJJV-88,3608,9,13,2025-11-06 18:04:10.396188,356739.737,6296325.387
PD1044,D09,SVDD-48,8601,27,60,2025-11-06 18:04:10.396189,356739.737,6296325.387
PD1044,D09,SVDC-19,8809,28,60,2025-11-06 18:04:10.396190,356739.737,6296325.387
PD1044,D11,SVDF-77,2546,6,10,2025-11-06 18:04:10.396191,356739.737,6296325.387
PD1044,D11,SVDF-56,3651,10,14,2025-11-06 18:04:10.396192,356739.737,6296325.387
PC835,C09,LDTB-87,0,0,3,2025-11-06 18:05:02.521458,359288.766,6303010.622
PC835,C09,SKPJ-76,4818,13,17,2025-11-06 18:05:02.521463,359288.766,6303010.622
PC835,C09c,SGPW-49,1867,4,8,2025-11-06 18:05:02.521464,359288.766,6303010.622
PC835,C09c,SKJP-39,2338,5,9,2025-11-06 18:05:02.521465,359288.766,6303010.622
PC835,C37,SGPX-13,816,0,3,2025-11-06 18:05:02.521466,359288.766,6303010.622
PC835,C37,SJPB-65,2376,6,10,2025-11-06 18:05:02.521466,359288.766,6303010.622
PH610,H12,FLXD-99,727,0,2,2025-11-06 18:06:33.756796,342225.771,6290818.524
PH610,H12,BJFS-91,4341,12,16,2025-11-06 18:06:33.756800,342225.771,6290818.524
PH610,348,VHSX-65,695,0,2,2025-11-06 18:06:33.756802,342225.771,6290818.524
PH610,348,VHSX-64,2823,7,11,2025-11-06 18:06:33.756802,342225.771,6290818.524
PB856,B04,SHXD-95,1039,0,3,2025-11-06 18:06:59.295691,344981.683,6302162.32
PB856,B04,SHCW-71,1690,3,7,2025-11-06 18:06:59.295696,344981.683,6302162.32
PB856,B10,FLXS-59,1884,4,8,2025-11-06 18:06:59.295697,344981.683,6302162.32
PB856,214,GCBC-22,1071,0,3,2025-11-06 18:06:59.295698,344981.683,6302162.32
PB856,214,GCBB-91,3034,8,12,2025-11-06 18:06:59.295699,344981.683,6302162.32
PB424,307,TWPD-30,2485,6,10,2025-11-06 18:07:45.864015,343778.04,6301984.59
PB424,307,VHSZ-43,2485,6,10,2025-11-06 18:07:45.864020,343778.04,6301984.59
PB424,314,TWPD-74,1344,0,4,2025-11-06 18:07:45.864021,343778.04,6301984.59
PB424,314,VHTB-64,1969,4,8,2025-11-06 18:07:45.864022,343778.04,6301984.59
PB424,303,FLXD-87,2148,5,9,2025-11-06 18:07:45.864023,343778.04,6301984.59
PB424,303,FLXL-41,2406,6,10,2025-11-06 18:07:45.864024,343778.04,6301984.59
PJ120,J10,VJBB-41,0,0,3,2025-11-06 18:08:12.873884,336688.197,6298144.548
PJ120,J10,VJJR-56,2794,7,11,2025-11-06 18:08:12.873890,336688.197,6298144.548
PJ120,426,FLXD-29,1587,3,7,2025-11-06 18:08:12.873892,336688.197,6298144.548
PJ120,426,FLXD-49,1786,4,8,2025-11-06 18:08:12.873893,336688.197,6298144.548
PJ120,402,SKPK-34,1736,3,7,2025-11-06 18:08:12.873894,336688.197,6298144.548
PJ120,402,PFYC-90,3128,8,12,2025-11-06 18:08:12.873894,336688.197,6298144.548
PJ120,422c,LXWP-73,4058,11,15,2025-11-06 18:08:12.873895,336688.197,6298144.548
PJ120,J07,VHXJ-44,4112,11,15,2025-11-06 18:08:12.873896,336688.197,6298144.548
PJ120,J07,VHZZ-81,4443,12,16,2025-11-06 18:08:12.873897,336688.197,6298144.548
PJ120,J07e,VJBC-90,3493,9,13,2025-11-06 18:08:12.873898,336688.197,6298144.548
PJ120,J07e,VHZY-50,4714,13,17,2025-11-06 18:08:12.873899,336688.197,6298144.548
PJ120,486,LXWP-67,1169,0,4,2025-11-06 18:08:12.873900,336688.197,6298144.548
PJ120,486,LXWP-75,4107,11,15,2025-11-06 18:08:12.873901,336688.197,6298144.548
PJ120,406,TBFT-62,732,0,4,2025-11-06 18:08:12.873902,336688.197,6298144.548
PJ120,406,TBFR-35,1747,11,15,2025-11-06 18:08:12.873903,336688.197,6298144.548
PJ120,407,GCBD-25,1509,3,7,2025-11-06 18:08:12.873904,336688.197,6298144.548
PJ120,407,FLXW-17,2030,4,8,2025-11-06 18:08:12.873905,336688.197,6298144.548
PJ120,422,TBFX-53,2248,5,9,2025-11-06 18:08:12.873906,336688.197,6298144.548
PJ120,422,TBFT-46,4174,11,15,2025-11-06 18:08:12.873907,336688.197,6298144.548
PG284,G11,THTD-65,3265,8,12,2025-11-06 18:08:41.876832,347044.407,6290189.19
PG284,226,VFPH-81,968,0,3,2025-11-06 18:08:41.876838,347044.407,6290189.19
PG284,226,RWTP-93,1161,0,4,2025-11-06 18:08:41.876839,347044.407,6290189.19
PG284,227,VGKY-12,2000,4,8,2025-11-06 18:08:41.876840,347044.407,6290189.19
PG284,227,VFPJ-11,4548,12,16,2025-11-06 18:08:41.876840,347044.407,6290189.19
PG284,329,FLXR-39,7099,20,24,2025-11-06 18:08:41.876841,347044.407,6290189.19
PG284,329,FLXR-18,11718,37,60,2025-11-06 18:08:41.876842,347044.407,6290189.19
PG165,F20,SPZX-85,1573,3,7,2025-11-06 18:09:16.928940,346673.595,6283749.327
PG165,F20,SPZY-31,3498,9,13,2025-11-06 18:09:16.928945,346673.595,6283749.327
PF9,104,SKWD-47,287,0,3,2025-11-06 18:09:45.136243,355564.204,6285334.302
PF9,104,LDJJ-87,2544,6,10,2025-11-06 18:09:45.136248,355564.204,6285334.302
PF9,F13c,SRPK-24,678,0,2,2025-11-06 18:09:45.136249,355564.204,6285334.302
PF9,F13c,SRSC-76,2745,7,11,2025-11-06 18:09:45.136250,355564.204,6285334.302
PF9,F10,SRRW-58,593,0,2,2025-11-06 18:09:45.136251,355564.204,6285334.302
PF9,F10,SRSC-90,818,0,3,2025-11-06 18:09:45.136251,355564.204,6285334.302
PF9,712,SJPF-90,1403,0,4,2025-11-06 18:09:45.136252,355564.204,6285334.302
PF9,712,SHCW-70,1667,3,7,2025-11-06 18:09:45.136253,355564.204,6285334.302
PF9,114,LDSV-96,1613,3,7,2025-11-06 18:09:45.136254,355564.204,6285334.302
PF9,F08,SPVT-94,2362,5,9,2025-11-06 18:09:45.136254,355564.204,6285334.302
PF9,F13,SRRX-41,3142,8,12,2025-11-06 18:09:45.136255,355564.204,6285334.302
PF9,F13,SRSC-51,3042,8,12,2025-11-06 18:09:45.136256,355564.204,6285334.302
PF9,124,SRVH-73,4692,13,17,2025-11-06 18:09:45.136257,355564.204,6285334.302
PF9,124,SRVK-61,5443,15,19,2025-11-06 18:09:45.136258,355564.204,6285334.302
PF9,102,SRVJ-25,2040,4,8,2025-11-06 18:09:45.136258,355564.204,6285334.302
PJ508,J03,FLXK-41,3124,8,12,2025-11-06 18:10:13.178457,341325.124,6299968.104
PJ508,J03,FLXG-29,3523,9,13,2025-11-06 18:10:13.178463,341325.124,6299968.104
PJ508,508,FLXX-79,3408,9,13,2025-11-06 18:10:13.178464,341325.124,6299968.104
PJ508,508,FLXS-78,4844,13,17,2025-11-06 18:10:13.178465,341325.124,6299968.104
PJ695,J13,TBFT-25,0,0,3,2025-11-06 18:10:41.646893,339145.559,6299359.408
PJ695,J13,TBFW-66,2717,7,11,2025-11-06 18:10:41.646898,339145.559,6299359.408
PJ695,J13c,FLXD-57,47,0,3,2025-11-06 18:10:41.646899,339145.559,6299359.408
PJ695,J13c,TBFR-38,2833,7,11,2025-11-06 18:10:41.646900,339145.559,6299359.408
PI1472,I21,FLXF-72,713,0,2,2025-11-06 18:11:01.775412,333400.81,6289382.273
PI1472,I21,FLXL-46,4332,12,16,2025-11-06 18:11:01.775418,333400.81,6289382.273
PH210,D07,SVDF-81,1043,0,3,2025-11-06 18:11:15.259609,349361.59,6294153.59
PH210,D07,STRJ-56,1484,3,7,2025-11-06 18:11:15.259614,349361.59,6294153.59
PH210,210,RWTP-86,166,0,3,2025-11-06 18:11:15.259615,349361.59,6294153.59
PH210,210,LZRD-80,1976,4,8,2025-11-06 18:11:15.259616,349361.59,6294153.59
PH210,210e,VGBW-98,1886,4,8,2025-11-06 18:11:15.259617,349361.59,6294153.59
PH210,210e,VFPJ-61,3854,10,14,2025-11-06 18:11:15.259618,349361.59,6294153.59
PH210,210v,VFPJ-68,271,0,3,2025-11-06 18:11:15.259619,349361.59,6294153.59
PH210,210v,VFPS-78,3076,8,12,2025-11-06 18:11:15.259620,349361.59,6294153.59
PG523,G14,GCWF-72,1298,0,4,2025-11-06 18:13:13.310029,343153.43,6281704.75
PG523,G14,FLXX-27,3711,10,14,2025-11-06 18:13:13.310035,343153.43,6281704.75
PG523,F03,SPVV-83,2704,7,11,2025-11-06 18:13:13.310036,343153.43,6281704.75
PG523,F03,SRPJ-75,3106,8,12,2025-11-06 18:13:13.310037,343153.43,6281704.75
PJ158,486,PGRZ-67,3480,9,13,2025-11-06 18:14:16.181451,336369.94,6298276.67
PJ158,486,LXWP-67,6134,17,21,2025-11-06 18:14:16.181455,336369.94,6298276.67
PJ158,406,GCBC-68,978,0,3,2025-11-06 18:14:16.181456,336369.94,6298276.67
PJ158,406,GCBD-55,978,0,3,2025-11-06 18:14:16.181457,336369.94,6298276.67
PJ158,407,PFXB-63,2563,6,10,2025-11-06 18:14:16.181458,336369.94,6298276.67
PJ158,407,GCBD-74,3856,10,14,2025-11-06 18:14:16.181459,336369.94,6298276.67
PJ158,426,FLXH-76,2441,6,10,2025-11-06 18:14:16.181460,336369.94,6298276.67
PJ158,426,FLXL-91,3420,9,13,2025-11-06 18:14:16.181460,336369.94,6298276.67
PJ158,402,PFTW-59,2701,7,11,2025-11-06 18:14:16.181461,336369.94,6298276.67
PJ158,402,SHXF-31,9692,31,60,2025-11-06 18:14:16.181462,336369.94,6298276.67
PJ158,J07,VHXF-24,2453,6,10,2025-11-06 18:14:16.181463,336369.94,6298276.67
PJ158,J07e,VJBB-11,592,0,2,2025-11-06 18:14:16.181463,336369.94,6298276.67
PJ158,J07e,VHZY-10,3367,9,13,2025-11-06 18:14:16.181465,336369.94,6298276.67
PJ158,422,GCBD-67,5370,15,19,2025-11-06 18:14:16.181465,336369.94,6298276.67
PJ158,422,TBFS-35,6166,18,22,2025-11-06 18:14:16.181466,336369.94,6298276.67
PJ158,422c,LXWP-73,1978,4,8,2025-11-06 18:14:16.181467,336369.94,6298276.67
PH543,H05,VFPJ-53,520,0,2,2025-11-06 18:14:41.183671,347276.769,6291900.686
PH543,H05,VFPD-81,3122,8,12,2025-11-06 18:14:41.183676,347276.769,6291900.686
PF104,210,LZRD-91,1288,0,4,2025-11-06 18:15:20.952672,353218.963,6283334.755
PF104,210,LZRD-70,2242,5,9,2025-11-06 18:15:20.952677,353218.963,6283334.755
PB1924,429c,SLPC-50,3359,9,13,2025-11-06 18:16:03.016834,338706.93,6306975.615
PB1924,429c,SLGT-31,3359,9,13,2025-11-06 18:16:03.016839,338706.93,6306975.615
PB1924,435,SLPB-49,1122,0,4,2025-11-06 18:16:03.016840,338706.93,6306975.615
PB1924,435,SKPH-81,3269,8,12,2025-11-06 18:16:03.016841,338706.93,6306975.615
PB1924,308c,VHTB-23,1351,0,4,2025-11-06 18:16:03.016842,338706.93,6306975.615
PB1924,308c,TWPD-67,2010,4,8,2025-11-06 18:16:03.016842,338706.93,6306975.615
PB1924,B12,SKDJ-95,1579,3,7,2025-11-06 18:16:03.016843,338706.93,6306975.615
PB1924,B21,SKDG-39,2268,5,9,2025-11-06 18:16:03.016844,338706.93,6306975.615
PB1924,B21,SKDH-30,3429,9,13,2025-11-06 18:16:03.016845,338706.93,6306975.615
PB1924,425,SGPW-37,0,0,3,2025-11-06 18:16:03.016846,338706.93,6306975.615
PB1924,425,SHXG-84,917,0,3,2025-11-06 18:16:03.016846,338706.93,6306975.615
PB1924,430,SKPJ-46,1122,0,4,2025-11-06 18:16:03.016848,338706.93,6306975.615
PB1924,430,SKPJ-45,2993,7,11,2025-11-06 18:16:03.016848,338706.93,6306975.615
PB1924,B11,SKDJ-67,630,0,2,2025-11-06 18:16:03.016849,338706.93,6306975.615
PB1924,B12c,SKDG-85,3121,8,12,2025-11-06 18:16:03.016850,338706.93,6306975.615
PB1924,429,SJPF-94,1270,0,4,2025-11-06 18:16:03.016851,338706.93,6306975.615
PB1924,429,SLLY-86,2265,5,9,2025-11-06 18:16:03.016851,338706.93,6306975.615
PC658,C03,LWTK-55,3622,9,13,2025-11-06 18:16:23.026985,355820.609,6304840.673
PC658,C03,LWTK-66,3716,10,14,2025-11-06 18:16:23.026990,355820.609,6304840.673
PC658,C03c,FLXT-90,0,0,3,2025-11-06 18:16:23.026991,355820.609,6304840.673
PC658,C03c,SKPK-24,310,0,3,2025-11-06 18:16:23.026992,355820.609,6304840.673
PC658,C11,SKPP-25,2967,7,11,2025-11-06 18:16:23.026993,355820.609,6304840.673
PC658,C11,SKPK-29,6223,18,22,2025-11-06 18:16:23.026994,355820.609,6304840.673
PC658,435,SJPF-96,4024,11,15,2025-11-06 18:16:23.026994,355820.609,6304840.673
PC658,435,SKPH-83,9135,29,60,2025-11-06 18:16:23.026995,355820.609,6304840.673
PI1920,I35,SHXG-72,495,0,2,2025-11-06 18:16:47.766407,331812.0,6283726.0
PI1920,I35,SDSW-75,995,0,3,2025-11-06 18:16:47.766412,331812.0,6283726.0
PI1530,419,PFYR-89,1290,0,4,2025-11-06 18:18:21.114247,333053.209,6288418.992
PI1530,419,PFVL-16,1450,3,7,2025-11-06 18:18:21.114252,333053.209,6288418.992
PI1530,I21,FLXJ-19,1138,0,4,2025-11-06 18:18:21.114253,333053.209,6288418.992
PI1530,108,PFTW-66,4076,11,15,2025-11-06 18:18:21.114255,333053.209,6288418.992
PI1530,108,PFVG-51,4193,11,15,2025-11-06 18:18:21.114255,333053.209,6288418.992
PD1149,D13,BJFT-67,439,0,3,2025-11-06 18:18:46.375166,350074.605,6294538.306
PE403,322,BJFV-90,1154,0,4,2025-11-06 18:19:26.707466,355444.37,6288193.784
PI31,I14,CJRB-49,711,0,2,2025-11-06 18:20:35.549556,340000.772,6292606.57
PI31,481,PFVG-45,2240,5,9,2025-11-06 18:20:35.549561,340000.772,6292606.57
PI31,481,PGPT-14,5464,15,19,2025-11-06 18:20:35.549562,340000.772,6292606.57
PI31,I04,FLXY-38,3195,8,12,2025-11-06 18:20:35.549563,340000.772,6292606.57
PI31,I04,FLXZ-63,6251,18,22,2025-11-06 18:20:35.549564,340000.772,6292606.57
PC59,C22,SHCV-72,652,0,2,2025-11-06 18:22:04.933560,352422.231,6302315.848
PC59,425,SHXG-81,574,0,2,2025-11-06 18:22:04.933565,352422.231,6302315.848
PC59,425,SHXG-40,1876,4,8,2025-11-06 18:22:04.933566,352422.231,6302315.848
PC59,712,SHCW-81,2732,7,11,2025-11-06 18:22:04.933567,352422.231,6302315.848
PC59,712,SJPF-90,16352,52,60,2025-11-06 18:22:04.933568,352422.231,6302315.848
PC59,C15,SGPY-67,659,0,2,2025-11-06 18:22:04.933569,352422.231,6302315.848
PC59,C15,SKPJ-84,716,0,2,2025-11-06 18:22:04.933570,352422.231,6302315.848
PC59,C18,SHXD-90,200,0,3,2025-11-06 18:22:04.933571,352422.231,6302315.848
PC59,286,SHCV-28,2430,6,10,2025-11-06 18:22:04.933572,352422.231,6302315.848
PC59,286,SCRZ-34,3448,9,13,2025-11-06 18:22:04.933573,352422.231,6302315.848
PC59,C11,SGPY-85,0,0,3,2025-11-06 18:22:04.933574,352422.231,6302315.848
PC59,722,STHR-23,274,0,3,2025-11-06 18:22:04.933575,352422.231,6302315.848
PC59,722,STHP-97,518,0,2,2025-11-06 18:22:04.933576,352422.231,6302315.848
PA223,307,TWPD-92,3845,10,14,2025-11-06 18:23:30.649182,344379.0,6299219.55
PA223,307,TWPD-17,6940,20,24,2025-11-06 18:23:30.649186,344379.0,6299219.55
PA223,314,TWPD-80,7203,21,25,2025-11-06 18:23:30.649187,344379.0,6299219.55
PA223,314,TWPD-46,7720,22,26,2025-11-06 18:23:30.649188,344379.0,6299219.55
PA223,303,FLXF-70,268,0,3,2025-11-06 18:23:30.649189,344379.0,6299219.55
PA223,303,FLXF-38,2928,7,11,2025-11-06 18:23:30.649190,344379.0,6299219.55
PC1057,401,PFTV-83,1414,0,4,2025-11-06 18:24:58.015717,357751.431,6300939.911
PC1057,401,PDZH-71,2440,6,10,2025-11-06 18:24:58.015722,357751.431,6300939.911
PC1057,504,FLXW-15,6358,42,60,2025-11-06 18:24:58.015723,357751.431,6300939.911
PC1057,504,FDJX-69,6613,43,60,2025-11-06 18:24:58.015724,357751.431,6300939.911
PC1057,401c,SJPD-45,2592,6,10,2025-11-06 18:24:58.015725,357751.431,6300939.911
PC1057,401c,SJPD-43,7335,21,25,2025-11-06 18:24:58.015726,357751.431,6300939.911
PE40,418,SKPK-44,4339,12,16,2025-11-06 18:25:17.250858,355365.209,6290205.733
PE40,418,PFTW-47,4339,12,16,2025-11-06 18:25:17.250863,355365.209,6290205.733
PE40,118,CJRW-51,5495,15,19,2025-11-06 18:25:17.250864,355365.209,6290205.733
PE40,118,CJRZ-83,6330,18,22,2025-11-06 18:25:17.250865,355365.209,6290205.733
PE40,126,FLXT-41,3790,10,14,2025-11-06 18:25:17.250866,355365.209,6290205.733
PE40,126,BJFV-84,9030,29,60,2025-11-06 18:25:17.250867,355365.209,6290205.733
PE40,E06,BJFV-34,471,0,3,2025-11-06 18:25:17.250868,355365.209,6290205.733
PE40,E06,FLXT-33,4035,11,15,2025-11-06 18:25:17.250869,355365.209,6290205.733
PE40,E17,BJFZ-77,3945,10,14,2025-11-06 18:25:17.250870,355365.209,6290205.733
PE40,E17,FLXT-43,3970,11,15,2025-11-06 18:25:17.250871,355365.209,6290205.733
PE40,108,PFYS-33,4924,14,18,2025-11-06 18:25:17.250872,355365.209,6290205.733
PE40,108,PFVD-33,6329,18,22,2025-11-06 18:25:17.250873,355365.209,6290205.733
PE40,106,PFVD-28,1936,4,8,2025-11-06 18:25:17.250874,355365.209,6290205.733
PE40,106,PFYS-52,2609,6,10,2025-11-06 18:25:17.250875,355365.209,6290205.733
PH487,H06,CJRB-13,36,0,3,2025-11-06 18:27:34.679667,346425.758,6294392.419
PH487,H06,CJRZ-85,1282,0,4,2025-11-06 18:27:34.679672,346425.758,6294392.419
PH487,H24,VGRC-33,1040,0,3,2025-11-06 18:27:34.679673,346425.758,6294392.419
PH487,H24,VGRD-35,4428,12,16,2025-11-06 18:27:34.679674,346425.758,6294392.419
PD908,117,SPBP-30,416,0,3,2025-11-06 18:28:48.493425,351715.665,6291563.607
PD908,325,VJWY-71,1345,0,4,2025-11-06 18:28:48.493431,351715.665,6291563.607
PD908,325,VFKV-37,7650,22,26,2025-11-06 18:28:48.493432,351715.665,6291563.607
PB980,B25,FLXS-58,2118,5,9,2025-11-06 18:29:19.877203,345858.136,6304633.653
PB980,B25,FLXS-46,2118,5,9,2025-11-06 18:29:19.877208,345858.136,6304633.653
PB980,B06,SKDG-11,2640,6,10,2025-11-06 18:29:19.877210,345858.136,6304633.653
PB980,B06,SKDJ-31,5239,15,19,2025-11-06 18:29:19.877211,345858.136,6304633.653
PB980,722,STHJ-74,13943,44,60,2025-11-06 18:29:19.877212,345858.136,6304633.653
PB980,722,STHB-29,17299,55,60,2025-11-06 18:29:19.877213,345858.136,6304633.653
PB808,B03,LXDH-93,2758,7,11,2025-11-06 18:29:35.764263,343487.305,6301706.131
PB808,B03,LXDH-92,7324,21,25,2025-11-06 18:29:35.764268,343487.305,6301706.131
PB808,B24,STHD-72,5816,16,20,2025-11-06 18:29:35.764269,343487.305,6301706.131
PB808,B24,LDJV-48,6139,17,21,2025-11-06 18:29:35.764270,343487.305,6301706.131
PB1434,B27,FLXS-22,2073,5,9,2025-11-06 18:29:46.787830,344861.415,6303908.293
PB1434,B27,FLXT-88,3542,9,13,2025-11-06 18:29:46.787835,344861.415,6303908.293
PB1434,B22,SKPS-22,2772,7,11,2025-11-06 18:29:46.787837,344861.415,6303908.293
PB1434,B22,SKPS-25,2772,7,11,2025-11-06 18:29:46.787838,344861.415,6303908.293
PD590,506,FLXV-49,0,0,3,2025-11-06 18:29:59.694064,351592.545,6296052.955
PD590,506,TBFW-38,5402,33,60,2025-11-06 18:29:59.694069,351592.545,6296052.955
PD590,506e,LZPH-26,12456,39,60,2025-11-06 18:29:59.694071,351592.545,6296052.955
PD590,506e,LZPH-15,23424,74,60,2025-11-06 18:29:59.694072,351592.545,6296052.955
PD590,507c,TBFW-47,6372,18,22,2025-11-06 18:29:59.694073,351592.545,6296052.955
PD590,507c,PFXC-32,6364,18,22,2025-11-06 18:29:59.694074,351592.545,6296052.955
PD590,510,TBFP-63,2039,4,8,2025-11-06 18:29:59.694075,351592.545,6296052.955
PD590,510,PFXC-76,4793,13,17,2025-11-06 18:29:59.694076,351592.545,6296052.955
PD590,519,GCBF-18,4525,12,16,2025-11-06 18:29:59.694077,351592.545,6296052.955
PD590,519,TBFT-81,6876,20,24,2025-11-06 18:29:59.694078,351592.545,6296052.955
PD590,516,TBFR-50,1557,3,7,2025-11-06 18:29:59.694079,351592.545,6296052.955
PD590,516,PFXB-79,3516,9,13,2025-11-06 18:29:59.694080,351592.545,6296052.955
PD590,506v,GCBC-82,5182,14,18,2025-11-06 18:29:59.694081,351592.545,6296052.955
PD590,506v,TBFW-27,5402,15,19,2025-11-06 18:29:59.694082,351592.545,6296052.955
PD590,507,TBFV-24,5182,14,18,2025-11-06 18:29:59.694083,351592.545,6296052.955
PD590,507,PFXB-90,5402,15,19,2025-11-06 18:29:59.694083,351592.545,6296052.955
PD590,511,TBFR-51,8515,27,60,2025-11-06 18:29:59.694085,351592.545,6296052.955
PD590,511,TBFR-12,14590,46,60,2025-11-06 18:29:59.694085,351592.545,6296052.955
PG532,G14,FLXP-28,753,0,2,2025-11-06 18:30:50.985464,342804.443,6281746.637
PG532,G14,FLXL-94,3129,8,12,2025-11-06 18:30:50.985477,342804.443,6281746.637
PG532,F03,SPVV-53,648,0,2,2025-11-06 18:30:50.985479,342804.443,6281746.637
PG532,F03,FLXJ-38,2318,5,9,2025-11-06 18:30:50.985480,342804.443,6281746.637
PB1906,303,FLXF-29,2228,5,9,2025-11-06 18:30:59.439468,341235.47,6306859.98
PB1906,303,FLXF-71,2228,5,9,2025-11-06 18:30:59.439473,341235.47,6306859.98
PB1906,307,FLXG-67,1032,0,3,2025-11-06 18:30:59.439474,341235.47,6306859.98
PB1906,307,FLXJ-51,1411,0,4,2025-11-06 18:30:59.439475,341235.47,6306859.98
PB1906,B06,SPCG-79,1312,0,4,2025-11-06 18:30:59.439476,341235.47,6306859.98
PB1906,B06,SKDH-41,5081,14,18,2025-11-06 18:30:59.439477,341235.47,6306859.98
PB1906,B21,SKDG-39,1312,0,4,2025-11-06 18:30:59.439477,341235.47,6306859.98
PB1906,B21,SKDH-30,2332,5,9,2025-11-06 18:30:59.439478,341235.47,6306859.98
PB1906,429,SJPF-97,7098,20,24,2025-11-06 18:30:59.439479,341235.47,6306859.98
PB1906,429,SLPC-54,7098,20,24,2025-11-06 18:30:59.439480,341235.47,6306859.98
PC93,C07,SKPJ-83,482,0,2,2025-11-06 18:31:14.744230,354531.389,6301402.628
PC93,C07,SHCV-82,2962,7,11,2025-11-06 18:31:14.744235,354531.389,6301402.628
PC93,216,LZPT-42,1699,3,7,2025-11-06 18:31:14.744236,354531.389,6301402.628
PC93,216,LZRB-84,2998,7,11,2025-11-06 18:31:14.744237,354531.389,6301402.628
PF89,F03c,SHXF-40,256,0,3,2025-11-06 18:32:28.106524,353837.38,6279764.64
PF89,F03c,SHCX-60,1481,3,7,2025-11-06 18:32:28.106527,353837.38,6279764.64
PF89,124,LBTS-85,256,0,3,2025-11-06 18:32:28.106528,353837.38,6279764.64
PF89,124,LCTG-41,3352,9,13,2025-11-06 18:32:28.106529,353837.38,6279764.64
PF89,F33,LCTG-45,1033,0,3,2025-11-06 18:32:28.106530,353837.38,6279764.64
PF89,210,VGBV-51,627,0,2,2025-11-06 18:32:28.106531,353837.38,6279764.64
PF89,210,LZRB-93,1201,0,4,2025-11-06 18:32:28.106531,353837.38,6279764.64
PF89,F01c,TFSZ-92,345,0,3,2025-11-06 18:32:28.106532,353837.38,6279764.64
PF89,F01c,SPVT-74,1067,0,3,2025-11-06 18:32:28.106533,353837.38,6279764.64
PF89,F11,SKVB-31,1996,4,8,2025-11-06 18:32:28.106534,353837.38,6279764.64
PF89,F11,FLXS-34,2839,7,11,2025-11-06 18:32:28.106535,353837.38,6279764.64
PF89,F01,SPVW-98,0,0,3,2025-11-06 18:32:28.106535,353837.38,6279764.64
PF89,F01,SPVW-99,1525,3,7,2025-11-06 18:32:28.106536,353837.38,6279764.64
PF89,F03,SPVV-41,2221,5,9,2025-11-06 18:32:28.106537,353837.38,6279764.64
PF89,F03,SPVW-21,2164,5,9,2025-11-06 18:32:28.106538,353837.38,6279764.64
PF89,F10,SRPJ-82,465,0,3,2025-11-06 18:32:28.106539,353837.38,6279764.64
PF89,F10,SRSC-18,3603,9,13,2025-11-06 18:32:28.106539,353837.38,6279764.64
PF89,F12,STHF-67,256,0,3,2025-11-06 18:32:28.106540,353837.38,6279764.64
PF89,F12,SRVJ-10,830,0,3,2025-11-06 18:32:28.106541,353837.38,6279764.64
PF89,205c,VFPD-41,21351,67,60,2025-11-06 18:32:28.106542,353837.38,6279764.64
PF89,F14,SPRY-75,1630,3,7,2025-11-06 18:32:28.106542,353837.38,6279764.64
PF89,F14,SPRY-60,2096,5,9,2025-11-06 18:32:28.106543,353837.38,6279764.64
PF89,F10c,TXZH-45,952,0,3,2025-11-06 18:32:28.106544,353837.38,6279764.64
PF89,F10c,LCPG-40,6942,20,24,2025-11-06 18:32:28.106545,353837.38,6279764.64
PF89,205,RWTP-79,3782,10,14,2025-11-06 18:32:28.106546,353837.38,6279764.64
PF89,205,RYJG-93,4622,13,17,2025-11-06 18:32:28.106546,353837.38,6279764.64
PF89,F13,SRPJ-99,0,0,3,2025-11-06 18:32:28.106547,353837.38,6279764.64
PF89,F13,SRPJ-91,1561,3,7,2025-11-06 18:32:28.106548,353837.38,6279764.64
PF89,F16,SPRY-65,897,0,3,2025-11-06 18:32:28.106549,353837.38,6279764.64
PF89,F16,SPVV-85,3791,10,14,2025-11-06 18:32:28.106550,353837.38,6279764.64
PF89,F29,SPVW-76,363,0,3,2025-11-06 18:32:28.106550,353837.38,6279764.64
PF89,F29,SPVW-74,4215,11,15,2025-11-06 18:32:28.106551,353837.38,6279764.64
PG1175,286,SCRZ-38,1918,4,8,2025-11-06 18:32:50.150759,349803.75,6281589.338
PG1175,286,SCRW-49,7368,21,25,2025-11-06 18:32:50.150764,349803.75,6281589.338
PG1175,G13,SFPG-56,4834,13,17,2025-11-06 18:32:50.150765,349803.75,6281589.338
PG1175,G13,SFGY-11,7348,21,25,2025-11-06 18:32:50.150766,349803.75,6281589.338
PG1175,G13c,SCRZ-12,3478,9,13,2025-11-06 18:32:50.150767,349803.75,6281589.338
PG1175,G13c,SHCV-31,3766,10,14,2025-11-06 18:32:50.150767,349803.75,6281589.338
PG1175,G16,SFPG-58,768,0,2,2025-11-06 18:32:50.150768,349803.75,6281589.338
PG1175,G16,SFPG-38,2891,7,11,2025-11-06 18:32:50.150769,349803.75,6281589.338
PE484,E05,CJRC-56,2554,6,10,2025-11-06 18:33:29.679778,349937.111,6290331.591
PI1891,I35,SFGY-82,144,0,3,2025-11-06 18:33:56.651078,332193.0,6282380.0
PI1891,I35,SHXG-71,392,0,3,2025-11-06 18:33:56.651083,332193.0,6282380.0
PI46,I10,FLXG-90,5146,14,18,2025-11-06 18:34:14.561754,341499.347,6296667.619
PI46,I10,FLXL-71,5341,15,19,2025-11-06 18:34:14.561759,341499.347,6296667.619
PI46,101,PGPT-32,0,0,3,2025-11-06 18:34:14.561760,341499.347,6296667.619
PI46,101,PFVG-48,6122,17,21,2025-11-06 18:34:14.561761,341499.347,6296667.619
PI46,107,PGBY-46,1355,0,4,2025-11-06 18:34:14.561762,341499.347,6296667.619
PI46,107,PGTV-29,2356,5,9,2025-11-06 18:34:14.561763,341499.347,6296667.619
PI363,428,SHXD-73,262,0,3,2025-11-06 18:34:39.760508,339369.777,6291362.861
PI363,428,SHXD-71,6771,19,23,2025-11-06 18:34:39.760512,339369.777,6291362.861
PI363,444,SJPC-73,0,0,3,2025-11-06 18:34:39.760513,339369.777,6291362.861
PI363,444,SKPK-63,1430,3,7,2025-11-06 18:34:39.760514,339369.777,6291362.861
PF908,F03c,SHXF-36,2327,5,9,2025-11-06 18:36:05.428990,349638.82,6279283.793
PF908,F03c,SHXD-84,3350,9,13,2025-11-06 18:36:05.428995,349638.82,6279283.793
PG1744,228,THTD-76,1303,0,4,2025-11-06 18:36:48.846201,346086.204,6287181.248
PG1744,228,THTH-85,3796,10,14,2025-11-06 18:36:48.846207,346086.204,6287181.248
PG1744,E18,BJFT-69,852,0,3,2025-11-06 18:36:48.846208,346086.204,6287181.248
PG1744,E18,BJFV-76,5037,14,18,2025-11-06 18:36:48.846209,346086.204,6287181.248
PG1744,G18,SDSW-48,667,0,2,2025-11-06 18:36:48.846209,346086.204,6287181.248
PG1744,G18,SHXG-73,3384,9,13,2025-11-06 18:36:48.846210,346086.204,6287181.248
PB959,B06,SKDH-41,1164,0,4,2025-11-06 18:37:14.418468,339067.159,6307257.492
PB959,B06,SKDH-73,4032,11,15,2025-11-06 18:37:14.418473,339067.159,6307257.492
PD190,712,SJPC-40,3515,9,13,2025-11-06 18:40:14.228698,353308.207,6294467.23
PD190,712,SHXD-92,4341,12,16,2025-11-06 18:40:14.228703,353308.207,6294467.23
PD190,225,VFJS-45,2432,6,10,2025-11-06 18:40:14.228704,353308.207,6294467.23
PD190,225,VFHX-21,4169,11,15,2025-11-06 18:40:14.228705,353308.207,6294467.23
PJ121,407,TBFX-76,1093,0,3,2025-11-06 18:41:07.871207,337048.197,6298092.615
PJ121,407,TBFR-29,3311,8,12,2025-11-06 18:41:07.871212,337048.197,6298092.615
PJ121,426,BJFB-46,1633,3,7,2025-11-06 18:41:07.871213,337048.197,6298092.615
PJ121,426,FLXD-50,3203,8,12,2025-11-06 18:41:07.871213,337048.197,6298092.615
PJ121,422,TBFW-35,293,0,3,2025-11-06 18:41:07.871214,337048.197,6298092.615
PJ121,422,GCBC-53,1284,0,4,2025-11-06 18:41:07.871215,337048.197,6298092.615
PJ121,402,SJPD-71,902,0,3,2025-11-06 18:41:07.871216,337048.197,6298092.615
PJ121,402,SKPH-70,1764,4,8,2025-11-06 18:41:07.871217,337048.197,6298092.615
PJ121,486,LXWP-61,361,0,3,2025-11-06 18:41:07.871218,337048.197,6298092.615
PJ121,406,TBFR-77,309,0,3,2025-11-06 18:41:07.871218,337048.197,6298092.615
PJ121,406,TBFS-59,918,0,4,2025-11-06 18:41:07.871219,337048.197,6298092.615
PG1432,I24,VHSY-37,2243,5,9,2025-11-06 18:43:27.972479,339151.512,6288428.39
PG1432,I24,VHSY-27,4820,13,17,2025-11-06 18:43:27.972484,339151.512,6288428.39
PI1034,I02,FLXZ-44,3748,10,14,2025-11-06 18:44:32.972907,335842.768,6293509.226
PI1034,I02,FLXZ-54,5892,17,21,2025-11-06 18:44:32.972912,335842.768,6293509.226
PI1034,I08,FLXW-88,0,0,3,2025-11-06 18:44:32.972913,335842.768,6293509.226
PI1034,I08,FLXW-67,844,0,3,2025-11-06 18:44:32.972914,335842.768,6293509.226
PJ165,404c,PFYC-33,0,0,3,2025-11-06 18:46:03.096032,341261.238,6296679.573
PJ165,519,RKXL-27,4924,14,18,2025-11-06 18:46:03.096036,341261.238,6296679.573
PJ165,519,TBFW-15,6015,17,21,2025-11-06 18:46:03.096037,341261.238,6296679.573
PJ165,516,PFXB-56,2964,7,11,2025-11-06 18:46:03.096038,341261.238,6296679.573
PJ165,516,GCBD-45,4166,11,15,2025-11-06 18:46:03.096039,341261.238,6296679.573
PJ165,424,FLXS-74,0,0,3,2025-11-06 18:46:03.096040,341261.238,6296679.573
PJ165,424,GCBD-52,5289,15,19,2025-11-06 18:46:03.096040,341261.238,6296679.573
PJ165,510,PFXB-74,1542,3,7,2025-11-06 18:46:03.096041,341261.238,6296679.573
PJ165,510,GCBC-44,1917,4,8,2025-11-06 18:46:03.096042,341261.238,6296679.573
PJ165,404,PFYC-61,1542,3,7,2025-11-06 18:46:03.096043,341261.238,6296679.573
PJ165,404,PFYC-70,5028,14,18,2025-11-06 18:46:03.096044,341261.238,6296679.573
PC627,C02c,SKPK-38,559,0,2,2025-11-06 18:46:37.622261,357837.751,6303228.071
PC627,C02c,SKPP-17,893,0,3,2025-11-06 18:46:37.622266,357837.751,6303228.071
PC627,C02,LDTF-41,1748,4,8,2025-11-06 18:46:37.622267,357837.751,6303228.071
PB1722,B27,FLXS-24,1252,0,4,2025-11-06 18:47:42.654143,344838.262,6304007.388
PB1722,B27,FLXS-27,3311,8,12,2025-11-06 18:47:42.654148,344838.262,6304007.388
PI236,506,PFXB-13,4216,18,22,2025-11-06 18:48:07.149761,337261.922,6293144.51
PI236,506,TBFX-36,5011,23,27,2025-11-06 18:48:07.149767,337261.922,6293144.51
PI236,506e,LZPH-21,5321,15,19,2025-11-06 18:48:07.149768,337261.922,6293144.51
PI236,506v,FLXW-49,2954,7,11,2025-11-06 18:48:07.149769,337261.922,6293144.51
PI236,506v,FLXV-91,5011,14,18,2025-11-06 18:48:07.149770,337261.922,6293144.51
PI236,405,PFTF-83,4297,12,16,2025-11-06 18:48:07.149771,337261.922,6293144.51
PI236,405,PFVL-15,6167,17,21,2025-11-06 18:48:07.149772,337261.922,6293144.51
PI236,106,PFVH-98,4102,11,15,2025-11-06 18:48:07.149773,337261.922,6293144.51
PI236,419,PFYG-68,2097,5,9,2025-11-06 18:48:07.149774,337261.922,6293144.51
PI236,419,PGBB-56,8979,28,60,2025-11-06 18:48:07.149775,337261.922,6293144.51
PI236,431c,PFYR-59,331,0,3,2025-11-06 18:48:07.149776,337261.922,6293144.51
PI236,I09,RWRP-69,965,0,3,2025-11-06 18:48:07.149777,337261.922,6293144.51
PI236,I09,RWRP-77,2910,7,11,2025-11-06 18:48:07.149778,337261.922,6293144.51
PI236,I09c,FLXZ-50,3831,10,14,2025-11-06 18:48:07.149779,337261.922,6293144.51
PI236,I09c,RWRP-78,6871,20,24,2025-11-06 18:48:07.149780,337261.922,6293144.51
PH367,121,FLXF-87,690,0,2,2025-11-06 18:48:38.118270,344121.297,6291164.488
PH367,121,FLXK-55,1423,0,4,2025-11-06 18:48:38.118275,344121.297,6291164.488
PH367,H06,BJFS-75,3367,9,13,2025-11-06 18:48:38.118276,344121.297,6291164.488
PH367,H06,FLXF-37,3557,9,13,2025-11-06 18:48:38.118277,344121.297,6291164.488
PH367,H13,BJFZ-92,1371,0,4,2025-11-06 18:48:38.118278,344121.297,6291164.488
PJ824,J07e,VHZY-10,4348,12,16,2025-11-06 18:49:03.231638,329192.791,6300310.964
PJ824,J07e,VJBB-81,7587,22,26,2025-11-06 18:49:03.231643,329192.791,6300310.964
PG1749,233,SFPG-63,1731,3,7,2025-11-06 18:50:45.055329,348990.128,6281941.474
PG1749,233,SCRZ-39,2357,5,9,2025-11-06 18:50:45.055334,348990.128,6281941.474
PG1749,F06,SPZY-57,400,0,3,2025-11-06 18:50:45.055335,348990.128,6281941.474
PG1749,F06,SRVJ-72,867,0,3,2025-11-06 18:50:45.055336,348990.128,6281941.474
PG168,F20,SPZY-61,1897,4,8,2025-11-06 18:52:49.066773,347619.22,6283637.254
PG168,F20,SPZY-15,2524,6,10,2025-11-06 18:52:49.066779,347619.22,6283637.254
PG1058,G39,SFGY-23,5491,15,19,2025-11-06 18:53:32.258516,342049.149,6284608.173
PG1058,G39,SHCV-35,5565,16,20,2025-11-06 18:53:32.258522,342049.149,6284608.173
PG1058,G09,SHCX-12,4847,13,17,2025-11-06 18:53:32.258523,342049.149,6284608.173
PG1058,G09,SHXB-15,5207,14,18,2025-11-06 18:53:32.258525,342049.149,6284608.173
PC759,712,SHCW-81,281,0,3,2025-11-06 18:53:58.085408,353918.522,6305809.95
PC759,712,SJPC-42,544,0,2,2025-11-06 18:53:58.085413,353918.522,6305809.95
PC759,C07,SKPJ-83,1322,0,4,2025-11-06 18:53:58.085414,353918.522,6305809.95
PC759,C07,SHCV-79,3908,10,14,2025-11-06 18:53:58.085415,353918.522,6305809.95
PB715,B01,LDJV-43,179,0,3,2025-11-06 18:54:24.778267,345124.183,6304639.431
PB715,B01,SKHG-37,3195,8,12,2025-11-06 18:54:24.778272,345124.183,6304639.431
PG241,G23,SFWB-44,3729,10,14,2025-11-06 18:54:55.455906,347243.691,6282695.714
PG241,G23,VJKD-85,4910,14,18,2025-11-06 18:54:55.455910,347243.691,6282695.714
PG241,G13,SHXG-64,1110,0,4,2025-11-06 18:54:55.455911,347243.691,6282695.714
PG241,G13,SDSW-58,6503,19,23,2025-11-06 18:54:55.455912,347243.691,6282695.714
PG241,G13c,SHCV-46,8291,26,60,2025-11-06 18:54:55.455913,347243.691,6282695.714
PG241,G13c,SHCV-47,9169,29,60,2025-11-06 18:54:55.455914,347243.691,6282695.714
PG241,212,LZPG-21,215,0,3,2025-11-06 18:54:55.455915,347243.691,6282695.714
PG241,216,LZPG-23,1900,4,8,2025-11-06 18:54:55.455916,347243.691,6282695.714
PF680,F16,SPRY-32,1829,4,8,2025-11-06 18:55:18.722874,353011.261,6281518.469
PE375,E04,VKJX-59,582,0,2,2025-11-06 18:55:52.572054,351806.283,6289616.935
PE375,E04,VKJX-25,1490,3,7,2025-11-06 18:55:52.572059,351806.283,6289616.935
PE846,E02,VKJX-54,944,0,3,2025-11-06 18:56:16.917904,352693.655,6286259.334
PE846,E02,VKJX-14,3310,8,12,2025-11-06 18:56:16.917909,352693.655,6286259.334
PB1260,B14,FLXG-79,545,0,2,2025-11-06 18:57:06.069297,349088.487,6302649.835
PB1260,B14,FLXT-46,2026,4,8,2025-11-06 18:57:06.069303,349088.487,6302649.835
PA170,314,TWPC-57,520,0,2,2025-11-06 18:57:25.563718,347894.501,6298943.835
PA170,314,VHSZ-48,1573,3,7,2025-11-06 18:57:25.563723,347894.501,6298943.835
PA170,315e,VHSX-76,252,0,3,2025-11-06 18:57:25.563724,347894.501,6298943.835
PA170,315e,VHSY-44,318,0,3,2025-11-06 18:57:25.563725,347894.501,6298943.835
PA170,B15,SPCG-42,45,0,3,2025-11-06 18:57:25.563726,347894.501,6298943.835
PA170,B15,SPCG-97,5150,14,18,2025-11-06 18:57:25.563727,347894.501,6298943.835
PA170,210,LZRD-98,494,0,2,2025-11-06 18:57:25.563728,347894.501,6298943.835
PA170,210,LZRD-62,988,0,3,2025-11-06 18:57:25.563728,347894.501,6298943.835
PA170,210e,VFPL-11,1726,3,7,2025-11-06 18:57:25.563729,347894.501,6298943.835
PA170,210e,VFPL-35,3520,9,13,2025-11-06 18:57:25.563730,347894.501,6298943.835
PA170,303,FLXL-37,1577,3,7,2025-11-06 18:57:25.563731,347894.501,6298943.835
PA170,303,FLXF-14,2333,5,9,2025-11-06 18:57:25.563732,347894.501,6298943.835
PA170,213e,SRVK-90,412,0,3,2025-11-06 18:57:25.563733,347894.501,6298943.835
PA170,210v,VFPJ-68,560,0,2,2025-11-06 18:57:25.563733,347894.501,6298943.835
PA170,210v,VFRB-13,2313,5,9,2025-11-06 18:57:25.563734,347894.501,6298943.835
PA170,307,VHSX-67,99,0,3,2025-11-06 18:57:25.563735,347894.501,6298943.835
PA170,307,VHSZ-41,230,0,3,2025-11-06 18:57:25.563736,347894.501,6298943.835
PB941,B12,SKDF-67,1262,0,4,2025-11-06 18:58:15.914092,339074.104,6307109.94
PB941,B12,SPCG-80,3314,8,12,2025-11-06 18:58:15.914097,339074.104,6307109.94
PB941,B12c,SKDG-18,1135,0,4,2025-11-06 18:58:15.914098,339074.104,6307109.94
PB941,B06,LDTF-51,66,0,3,2025-11-06 18:58:15.914099,339074.104,6307109.94
PB941,B06,SKDH-82,1510,3,7,2025-11-06 18:58:15.914099,339074.104,6307109.94
PC16,103,PGTV-11,3740,10,14,2025-11-06 18:58:56.135586,350458.809,6299457.121
PC16,103,SPBG-12,4120,11,15,2025-11-06 18:58:56.135591,350458.809,6299457.121
PC16,117,SPBP-30,2332,5,9,2025-11-06 18:58:56.135592,350458.809,6299457.121
PC16,117,SPBP-12,7673,22,26,2025-11-06 18:58:56.135593,350458.809,6299457.121
PG342,301,BJFX-24,0,0,3,2025-11-06 18:59:22.090553,345463.626,6287953.227
PG342,301,FLXK-58,3052,8,12,2025-11-06 18:59:22.090558,345463.626,6287953.227
PD1604,D13,CJRX-36,917,0,3,2025-11-06 19:01:19.403302,349978.68,6295351.69
PB805,B03,LXDH-85,7066,20,24,2025-11-06 19:01:40.227103,342619.415,6302044.761
PB805,B03,LXDH-93,7273,21,25,2025-11-06 19:01:40.227108,342619.415,6302044.761
PB805,B24,SPZX-56,1098,0,3,2025-11-06 19:01:40.227109,342619.415,6302044.761
PB805,B24,LDJP-73,4320,12,16,2025-11-06 19:01:40.227110,342619.415,6302044.761
PD1245,D17v,PGLD-76,317,0,3,2025-11-06 19:02:50.459036,353808.759,6293077.796
PD698,514,FLXC-52,6023,17,21,2025-11-06 19:03:27.021877,352831.421,6294174.397
PG1142,G12,SHCX-24,1509,3,7,2025-11-06 19:03:43.417063,344832.43,6287777.309
PG1142,G12,SHXG-63,3489,9,13,2025-11-06 19:03:43.417069,344832.43,6287777.309
PB1389,B20,SKHG-59,5674,16,20,2025-11-06 19:04:26.192125,343076.442,6301253.149
PB1389,B20,SKHG-80,8100,26,60,2025-11-06 19:04:26.192131,343076.442,6301253.149
PB1389,B29,LXDJ-11,771,0,2,2025-11-06 19:04:26.192132,343076.442,6301253.149
PB1389,B29,LXDJ-18,7359,21,25,2025-11-06 19:04:26.192133,343076.442,6301253.149
PI852,I03,FLXL-20,3201,8,12,2025-11-06 19:04:35.104691,339910.795,6295200.693
PI852,I03,FLXL-34,4925,14,18,2025-11-06 19:04:35.104696,339910.795,6295200.693
PI852,I03c,FLXL-30,3133,8,12,2025-11-06 19:04:35.104697,339910.795,6295200.693
PG955,G08v,FLXV-27,58,0,3,2025-11-06 19:05:21.359027,345938.899,6286445.948
PG955,G08v,FLXV-29,6190,18,22,2025-11-06 19:05:21.359031,345938.899,6286445.948
PG955,G08,THTG-70,1011,0,3,2025-11-06 19:05:21.359032,345938.899,6286445.948
PG955,G08,THTF-86,2370,5,9,2025-11-06 19:05:21.359033,345938.899,6286445.948
PH156,206c,VJZB-57,0,0,3,2025-11-06 19:05:47.289312,347667.39,6292678.18
PH156,206c,LZPT-66,494,0,2,2025-11-06 19:05:47.289317,347667.39,6292678.18
PH156,203,LZPR-82,1450,3,7,2025-11-06 19:05:47.289319,347667.39,6292678.18
PH156,203,LZPR-90,4579,12,16,2025-11-06 19:05:47.289320,347667.39,6292678.18
PH156,206,FLXX-55,1418,0,4,2025-11-06 19:05:47.289320,347667.39,6292678.18
PH156,206,FLXY-44,4848,13,17,2025-11-06 19:05:47.289321,347667.39,6292678.18
PB63,110,LXWS-35,3256,8,12,2025-11-06 19:06:39.535957,339927.7,6302868.37
PB63,110,LXWR-83,3128,8,12,2025-11-06 19:06:39.535962,339927.7,6302868.37
PB63,105,SHXG-30,641,0,2,2025-11-06 19:06:39.535963,339927.7,6302868.37
PB63,105,SJPD-91,2153,5,9,2025-11-06 19:06:39.535964,339927.7,6302868.37
PB63,109,FLXS-68,1296,6,10,2025-11-06 19:06:39.535965,339927.7,6302868.37
PB63,109,PFXB-51,1756,8,12,2025-11-06 19:06:39.535965,339927.7,6302868.37
PD176,712,SHCX-33,84,0,3,2025-11-06 19:08:26.784360,353524.357,6295421.457
PD176,712,SHCW-65,5724,16,20,2025-11-06 19:08:26.784365,353524.357,6295421.457
PD176,D07,STKS-99,1271,0,4,2025-11-06 19:08:26.784367,353524.357,6295421.457
PD176,D07,SVDF-77,1780,4,8,2025-11-06 19:08:26.784368,353524.357,6295421.457
PD176,D07c,SVDD-40,2437,6,10,2025-11-06 19:08:26.784369,353524.357,6295421.457
PD176,D10,SVDD-55,115,0,3,2025-11-06 19:08:26.784370,353524.357,6295421.457
PD176,D10,SVDD-11,6198,18,22,2025-11-06 19:08:26.784371,353524.357,6295421.457
PB422,307,VHSX-71,5762,16,20,2025-11-06 19:09:22.666696,343559.21,6302774.336
PB422,307,VHTB-71,7558,22,26,2025-11-06 19:09:22.666701,343559.21,6302774.336
PB422,314,TWPD-59,395,0,3,2025-11-06 19:09:22.666702,343559.21,6302774.336
PB422,314,VHTB-52,1160,0,4,2025-11-06 19:09:22.666702,343559.21,6302774.336
PB422,303,FLXF-21,4218,11,15,2025-11-06 19:09:22.666703,343559.21,6302774.336
PB422,303,FLXD-94,7421,21,25,2025-11-06 19:09:22.666704,343559.21,6302774.336
PJ351,517,VJBB-51,5537,15,19,2025-11-06 19:10:02.385252,341384.451,6299481.264
PJ351,517,VJJR-86,5532,15,19,2025-11-06 19:10:02.385257,341384.451,6299481.264
PJ351,518,BJFC-59,3978,11,15,2025-11-06 19:10:02.385258,341384.451,6299481.264
PJ351,518,GCBD-71,3978,11,15,2025-11-06 19:10:02.385259,341384.451,6299481.264
PJ351,503,LZPG-50,1762,4,8,2025-11-06 19:10:02.385260,341384.451,6299481.264
PJ351,503,VGVB-45,3905,10,14,2025-11-06 19:10:02.385260,341384.451,6299481.264
PJ351,504,TBFW-11,792,0,3,2025-11-06 19:10:02.385261,341384.451,6299481.264
PJ351,504,GCBC-40,1451,3,7,2025-11-06 19:10:02.385262,341384.451,6299481.264
PJ351,507,TBFS-44,210,0,3,2025-11-06 19:10:02.385263,341384.451,6299481.264
PJ351,507,TBFW-68,3930,10,14,2025-11-06 19:10:02.385263,341384.451,6299481.264
PG2030,286,SHXB-31,676,0,2,2025-11-06 19:11:47.021259,350157.0,6285151.0
PG2030,286,SHXB-24,2368,5,9,2025-11-06 19:11:47.021264,350157.0,6285151.0
PH698,321,FLXR-47,532,0,2,2025-11-06 19:12:21.357434,343571.189,6289410.674
PH698,321,FLXP-95,4839,13,17,2025-11-06 19:12:21.357440,343571.189,6289410.674
PH698,329,FLXR-39,12373,39,60,2025-11-06 19:12:21.357441,343571.189,6289410.674
PH698,I05,VHTB-68,2344,5,9,2025-11-06 19:12:21.357442,343571.189,6289410.674
PH698,I05,VHTB-49,4576,12,16,2025-11-06 19:12:21.357443,343571.189,6289410.674
PB1123,B10,LDJW-46,2744,7,11,2025-11-06 19:12:58.158558,344556.506,6302976.932
PD1008,518,GCBD-11,1434,3,7,2025-11-06 19:13:10.932140,356864.618,6300075.273
PD1008,518,BJFH-25,3542,9,13,2025-11-06 19:13:10.932145,356864.618,6300075.273
PD1008,D08,SVDD-53,362,0,3,2025-11-06 19:13:10.932146,356864.618,6300075.273
PD1008,D08,SVDC-93,665,0,2,2025-11-06 19:13:10.932147,356864.618,6300075.273
PJ1642,J07e,VHZY-10,3521,9,13,2025-11-06 19:13:49.112347,329608.215,6304504.242
PJ1642,J07e,VJBB-81,11915,38,60,2025-11-06 19:13:49.112352,329608.215,6304504.242
PJ342,507,GCBD-57,2104,5,9,2025-11-06 19:14:55.935744,343438.592,6299447.989
PJ342,507,PFXB-38,7586,22,26,2025-11-06 19:14:55.935749,343438.592,6299447.989
PJ342,J02,VHXD-95,2814,7,11,2025-11-06 19:14:55.935750,343438.592,6299447.989
PJ342,J02,VHZX-50,4296,12,16,2025-11-06 19:14:55.935751,343438.592,6299447.989
PH318,119,BJFT-32,44,0,3,2025-11-06 19:15:16.723530,344102.215,6289512.957
PH318,119,FLXF-32,813,0,3,2025-11-06 19:15:16.723535,344102.215,6289512.957
PB1091,B09,SHCY-47,149,0,3,2025-11-06 19:15:44.053407,339877.653,6303089.196
PB1091,B09,SHCY-55,3243,8,12,2025-11-06 19:15:44.053412,339877.653,6303089.196
PB1091,120,SPZX-46,1345,0,4,2025-11-06 19:15:44.053413,339877.653,6303089.196
PB1091,120,STHF-15,2690,6,10,2025-11-06 19:15:44.053414,339877.653,6303089.196
PB1091,B29,SKHG-90,756,0,2,2025-11-06 19:15:44.053414,339877.653,6303089.196
PB1091,B29,SKHG-57,8007,23,27,2025-11-06 19:15:44.053415,339877.653,6303089.196
PF174,F14,SPRY-59,513,0,2,2025-11-06 19:16:44.523413,354261.815,6280518.142
PF174,F14,SPRY-43,1863,4,8,2025-11-06 19:16:44.523417,354261.815,6280518.142
PF109,F08,SPVT-99,1879,4,8,2025-11-06 19:18:09.092399,351881.278,6283142.539
PF109,F08,TFTB-24,5101,14,18,2025-11-06 19:18:09.092404,351881.278,6283142.539
PF109,F14,SPRY-40,2290,5,9,2025-11-06 19:18:09.092405,351881.278,6283142.539
PF109,F14,SPRY-89,4295,12,16,2025-11-06 19:18:09.092406,351881.278,6283142.539
PF109,E16,VFJP-49,2028,4,8,2025-11-06 19:18:09.092407,351881.278,6283142.539
PF109,E16,VFJF-17,3338,9,13,2025-11-06 19:18:09.092409,351881.278,6283142.539
PF109,F27,SPRY-67,1821,4,8,2025-11-06 19:18:09.092410,351881.278,6283142.539
PF109,F27,SPRY-72,2030,4,8,2025-11-06 19:18:09.092411,351881.278,6283142.539
PF109,F05,SPZX-73,1536,3,7,2025-11-06 19:18:09.092412,351881.278,6283142.539
PF109,F05,SPZX-71,1797,4,8,2025-11-06 19:18:09.092413,351881.278,6283142.539
PF109,F20,SPZX-63,515,0,2,2025-11-06 19:18:09.092414,351881.278,6283142.539
PF109,F20,SPZX-84,4297,12,16,2025-11-06 19:18:09.092415,351881.278,6283142.539
PF109,205,RYJG-93,2115,5,9,2025-11-06 19:18:09.092416,351881.278,6283142.539
PF109,205c,VFPZ-27,847,0,3,2025-11-06 19:18:09.092417,351881.278,6283142.539
PF109,205c,VFPW-23,1976,4,8,2025-11-06 19:18:09.092418,351881.278,6283142.539
PH454,H24,VGRG-54,261,0,3,2025-11-06 19:20:05.207474,347115.407,6292747.625
PH454,H24,VGRF-65,1732,3,7,2025-11-06 19:20:05.207479,347115.407,6292747.625
PJ846,J07e,VJBB-11,3610,9,13,2025-11-06 19:20:37.942519,334583.778,6299910.189
PJ846,J07e,VHZY-10,13317,42,60,2025-11-06 19:20:37.942524,334583.778,6299910.189
PJ846,428,SLPB-66,1138,0,4,2025-11-06 19:20:37.942525,334583.778,6299910.189
PJ846,428,SLPC-30,5356,15,19,2025-11-06 19:20:37.942526,334583.778,6299910.189
PJ846,555,TBFX-66,1942,4,8,2025-11-06 19:20:37.942527,334583.778,6299910.189
PJ846,555,TBFX-65,2318,5,9,2025-11-06 19:20:37.942528,334583.778,6299910.189
PA198,301,BJFS-55,2948,7,11,2025-11-06 19:20:58.673617,346579.533,6297664.689
PA198,301,CJRB-22,3319,8,12,2025-11-06 19:20:58.673622,346579.533,6297664.689
PA198,229,VJKZ-38,866,0,3,2025-11-06 19:20:58.673624,346579.533,6297664.689
PA198,229,VJKV-78,869,0,3,2025-11-06 19:20:58.673624,346579.533,6297664.689
PB780,B02,FLXS-32,2090,5,9,2025-11-06 19:21:49.881166,347137.597,6306242.507
PB780,B02,FLXR-92,4031,11,15,2025-11-06 19:21:49.881171,347137.597,6306242.507
PB780,C18,SHCW-64,5151,14,18,2025-11-06 19:21:49.881172,347137.597,6306242.507
PB780,C18,SHXF-41,7069,20,24,2025-11-06 19:21:49.881173,347137.597,6306242.507
PA694,223,SHCX-11,1833,4,8,2025-11-06 19:22:37.794553,346596.435,6295842.78
PA694,201,GCBC-15,0,0,3,2025-11-06 19:22:37.794558,346596.435,6295842.78
PA694,201,GCBB-63,416,0,3,2025-11-06 19:22:37.794559,346596.435,6295842.78
PA694,214,GCBB-17,431,0,3,2025-11-06 19:22:37.794561,346596.435,6295842.78
PA694,214,GCBB-12,1784,4,8,2025-11-06 19:22:37.794562,346596.435,6295842.78
PA694,226,VFRG-35,581,0,2,2025-11-06 19:22:37.794563,346596.435,6295842.78
PA694,226,VFRB-67,1387,0,4,2025-11-06 19:22:37.794563,346596.435,6295842.78
PA694,229,VJXC-91,1062,0,3,2025-11-06 19:22:37.794564,346596.435,6295842.78
PA694,271,GCWF-74,1246,0,4,2025-11-06 19:22:37.794565,346596.435,6295842.78
PA694,271,TBYY-76,1901,4,8,2025-11-06 19:22:37.794566,346596.435,6295842.78
PI435,423,PFYR-73,3093,8,12,2025-11-06 19:23:12.222426,333137.157,6289343.655
PI435,423,PFYS-47,5432,15,19,2025-11-06 19:23:12.222431,333137.157,6289343.655
PI435,431c,PGPT-24,8800,28,60,2025-11-06 19:23:12.222432,333137.157,6289343.655
PI435,I21,FLXG-48,937,0,3,2025-11-06 19:23:12.222433,333137.157,6289343.655
PI435,108,PFYR-98,5130,14,18,2025-11-06 19:23:12.222434,333137.157,6289343.655
PI435,108,PFVD-53,6539,19,23,2025-11-06 19:23:12.222434,333137.157,6289343.655
PI435,106,PFTW-68,2638,6,10,2025-11-06 19:23:12.222435,333137.157,6289343.655
PI435,106,PFVD-52,4162,11,15,2025-11-06 19:23:12.222436,333137.157,6289343.655
PI435,401,PGBB-63,599,0,2,2025-11-06 19:23:12.222437,333137.157,6289343.655
PI435,401,PDZH-82,1725,3,7,2025-11-06 19:23:12.222438,333137.157,6289343.655
PI435,419,PDYR-97,961,0,3,2025-11-06 19:23:12.222438,333137.157,6289343.655
PI435,419,PFTV-88,5805,16,20,2025-11-06 19:23:12.222439,333137.157,6289343.655
PI435,421,PFYG-81,1219,0,4,2025-11-06 19:23:12.222440,333137.157,6289343.655
PI435,421,PDZT-12,2057,4,8,2025-11-06 19:23:12.222441,333137.157,6289343.655
PI1533,I20,FLXG-15,1787,4,8,2025-11-06 19:24:02.468379,339020.967,6292717.346
PI1533,I20,FLXK-68,5026,14,18,2025-11-06 19:24:02.468384,339020.967,6292717.346
PH186,205,LZRF-13,455,0,3,2025-11-06 19:24:31.374048,347568.47,6293322.144
PH186,205,RWTP-91,2910,7,11,2025-11-06 19:24:31.374054,347568.47,6293322.144
PH186,207,SDGY-22,1598,3,7,2025-11-06 19:24:31.374055,347568.47,6293322.144
PH186,207,SVPX-48,2563,6,10,2025-11-06 19:24:31.374056,347568.47,6293322.144
PH186,209,SDGY-37,3831,10,14,2025-11-06 19:24:31.374057,347568.47,6293322.144
PH186,209,RYJG-99,5493,15,19,2025-11-06 19:24:31.374058,347568.47,6293322.144
PH186,227,VFPL-81,2262,5,9,2025-11-06 19:24:31.374059,347568.47,6293322.144
PH186,227,VFPH-66,5392,15,19,2025-11-06 19:24:31.374060,347568.47,6293322.144
PF556,124,SRVF-83,286,0,3,2025-11-06 19:25:28.220039,353993.507,6278687.321
PF556,124,LCTG-28,3640,9,13,2025-11-06 19:25:28.220043,353993.507,6278687.321
PF556,F12,SRVG-91,0,0,3,2025-11-06 19:25:28.220044,353993.507,6278687.321
PF556,F12,LCTG-47,6454,18,22,2025-11-06 19:25:28.220045,353993.507,6278687.321
PH173,204,SXKV-87,69,0,3,2025-11-06 19:26:05.248180,349147.893,6290312.248
PH173,204,LZRB-96,12,0,3,2025-11-06 19:26:05.248185,349147.893,6290312.248
PH173,234,RYJG-98,757,0,2,2025-11-06 19:26:05.248187,349147.893,6290312.248
PH173,234,VJXW-48,532,0,2,2025-11-06 19:26:05.248188,349147.893,6290312.248
PE610,E09,VKJY-32,987,0,3,2025-11-06 19:27:48.884043,350044.195,6286349.536
PE610,E09,VKJZ-46,2784,7,11,2025-11-06 19:27:48.884048,350044.195,6286349.536
PE1409,108,PFVJ-22,2245,5,9,2025-11-06 19:28:59.493337,355205.859,6289713.404
PE1409,108,PFVJ-17,5573,16,20,2025-11-06 19:28:59.493342,355205.859,6289713.404
PJ258,511,GCBD-86,288,0,3,2025-11-06 19:29:25.457709,336331.438,6301382.706
PJ258,511,TBFW-32,1616,3,7,2025-11-06 19:29:25.457714,336331.438,6301382.706
PJ258,J03,FLXG-41,1319,0,4,2025-11-06 19:29:25.457716,336331.438,6301382.706
PJ258,J03,FLXD-62,1319,0,4,2025-11-06 19:29:25.457716,336331.438,6301382.706
PJ258,J13,TBFP-72,0,0,3,2025-11-06 19:29:25.457717,336331.438,6301382.706
PJ258,J13,TBFS-62,1319,0,4,2025-11-06 19:29:25.457718,336331.438,6301382.706
PJ258,502,BJFB-24,1616,3,7,2025-11-06 19:29:25.457719,336331.438,6301382.706
PJ258,502,TBFW-76,1616,3,7,2025-11-06 19:29:25.457720,336331.438,6301382.706
PJ258,505,VHZZ-70,209,0,3,2025-11-06 19:29:25.457720,336331.438,6301382.706
PJ258,505,VJBC-11,1060,0,3,2025-11-06 19:29:25.457721,336331.438,6301382.706
PB2011,B33,SHCX-26,2767,7,11,2025-11-06 19:30:48.806325,342333.0,6308860.0
PB2011,B33,SHXF-42,5399,15,19,2025-11-06 19:30:48.806330,342333.0,6308860.0
PB2011,B42,FLXT-23,5434,15,19,2025-11-06 19:30:48.806331,342333.0,6308860.0
PB2011,B42,FLXJ-89,10346,33,60,2025-11-06 19:30:48.806332,342333.0,6308860.0
PF77,F06,SPZY-57,513,0,2,2025-11-06 19:31:10.188337,352927.494,6283314.217
PF77,F06,SPZY-71,3201,8,12,2025-11-06 19:31:10.188342,352927.494,6283314.217
PF77,F20,SPZY-15,260,0,3,2025-11-06 19:31:10.188343,352927.494,6283314.217
PF77,F20,SPZY-61,244,0,3,2025-11-06 19:31:10.188344,352927.494,6283314.217
PF77,205,RWTP-81,5093,14,18,2025-11-06 19:31:10.188345,352927.494,6283314.217
PF77,205,LZRF-13,13219,42,60,2025-11-06 19:31:10.188346,352927.494,6283314.217
PF77,F01,SPVW-78,3305,8,12,2025-11-06 19:31:10.188346,352927.494,6283314.217
PF77,F01,SPVW-15,3169,8,12,2025-11-06 19:31:10.188347,352927.494,6283314.217
PF77,F08,SPVW-82,1813,4,8,2025-11-06 19:31:10.188348,352927.494,6283314.217
PF77,F08,TFTB-24,3223,8,12,2025-11-06 19:31:10.188349,352927.494,6283314.217
PF77,F14,SPRZ-12,233,0,3,2025-11-06 19:31:10.188349,352927.494,6283314.217
PF77,F14,SPRW-90,932,0,3,2025-11-06 19:31:10.188350,352927.494,6283314.217
PF77,F27,SPRX-11,1190,0,4,2025-11-06 19:31:10.188351,352927.494,6283314.217
PF77,F27,SPRY-31,2983,7,11,2025-11-06 19:31:10.188352,352927.494,6283314.217
PF77,F05,SPZY-50,361,0,3,2025-11-06 19:31:10.188353,352927.494,6283314.217
PF77,F05,SPZY-18,4631,13,17,2025-11-06 19:31:10.188353,352927.494,6283314.217
PF77,E16,VFJJ-50,2723,7,11,2025-11-06 19:31:10.188354,352927.494,6283314.217
PF77,205c,VFPD-41,9598,30,60,2025-11-06 19:31:10.188355,352927.494,6283314.217
PF77,205c,VFPJ-77,9598,30,60,2025-11-06 19:31:10.188356,352927.494,6283314.217
PI1555,I02,FLXY-83,3100,8,12,2025-11-06 19:31:51.831652,336314.592,6293899.159
PI1555,I02,FLXY-78,3567,9,13,2025-11-06 19:31:51.831657,336314.592,6293899.159
PI1555,I08,FLXY-46,913,0,3,2025-11-06 19:31:51.831658,336314.592,6293899.159
PI1555,I08,FLXY-51,913,0,3,2025-11-06 19:31:51.831659,336314.592,6293899.159
PG2091,211c,THTG-58,497,0,2,2025-11-06 19:32:14.785425,341369.0,6279827.0
PG2091,211c,THTD-27,2429,6,10,2025-11-06 19:32:14.785430,341369.0,6279827.0
PB294,208,LZRB-87,666,0,2,2025-11-06 19:32:59.301512,347941.37,6306686.162
PB294,208,LZRB-88,550,0,2,2025-11-06 19:32:59.301517,347941.37,6306686.162
PG435,E02,VKJZ-50,3328,9,13,2025-11-06 19:35:16.307977,348069.755,6289255.702
PB931,B06,SKDJ-31,0,0,3,2025-11-06 19:36:06.136938,344547.286,6305434.203
PB931,B06,SPCG-79,1386,0,4,2025-11-06 19:36:06.136943,344547.286,6305434.203
PJ486,508,FLXX-79,1581,3,7,2025-11-06 19:36:29.037625,337883.257,6300530.475
PJ486,508,GCBF-28,4777,13,17,2025-11-06 19:36:29.037630,337883.257,6300530.475
PJ486,412,PFVG-76,3169,8,12,2025-11-06 19:36:29.037631,337883.257,6300530.475
PJ486,412,PFTW-55,7622,22,26,2025-11-06 19:36:29.037632,337883.257,6300530.475
PJ486,J16,FLXS-87,241,0,3,2025-11-06 19:36:29.037633,337883.257,6300530.475
PJ486,542,TBFT-15,0,0,3,2025-11-06 19:36:29.037634,337883.257,6300530.475
PJ146,402,PFYC-57,2225,5,9,2025-11-06 19:37:21.451516,340794.716,6298314.586
PJ146,402,SKPK-34,3428,9,13,2025-11-06 19:37:21.451520,340794.716,6298314.586
PJ146,J13,TBFT-49,982,0,3,2025-11-06 19:37:21.451522,340794.716,6298314.586
PJ146,J13,GCBC-42,1172,0,4,2025-11-06 19:37:21.451522,340794.716,6298314.586
PJ146,406,TBFR-60,2651,6,10,2025-11-06 19:37:21.451523,340794.716,6298314.586
PJ146,406,GCBD-12,3092,8,12,2025-11-06 19:37:21.451524,340794.716,6298314.586
PJ146,407,GCBD-56,0,0,3,2025-11-06 19:37:21.451525,340794.716,6298314.586
PJ146,407,PFXC-77,1619,3,7,2025-11-06 19:37:21.451526,340794.716,6298314.586
PJ146,426,BJFJ-25,249,0,3,2025-11-06 19:37:21.451526,340794.716,6298314.586
PJ146,426,FLXD-32,1622,3,7,2025-11-06 19:37:21.451527,340794.716,6298314.586
PJ146,422,TBFW-48,2651,6,10,2025-11-06 19:37:21.451528,340794.716,6298314.586
PJ146,422,PFWZ-94,4253,11,15,2025-11-06 19:37:21.451529,340794.716,6298314.586
PI548,506,GCBD-72,493,0,2,2025-11-06 19:37:52.178832,342925.84,6296547.41
PI548,506,FLXW-13,1048,0,3,2025-11-06 19:37:52.178837,342925.84,6296547.41
PI548,506e,LZPH-15,3966,11,15,2025-11-06 19:37:52.178838,342925.84,6296547.41
PI548,506e,LZPH-30,12099,38,60,2025-11-06 19:37:52.178839,342925.84,6296547.41
PI548,506v,GCBD-51,0,0,3,2025-11-06 19:37:52.178840,342925.84,6296547.41
PI548,506v,GCBC-41,4029,11,15,2025-11-06 19:37:52.178841,342925.84,6296547.41
PI548,509,CJRW-48,0,0,3,2025-11-06 19:37:52.178842,342925.84,6296547.41
PI548,509,FLXS-71,6278,18,22,2025-11-06 19:37:52.178843,342925.84,6296547.41
PB802,B03,FLXS-56,4080,11,15,2025-11-06 19:39:18.002229,340210.254,6302322.931
PB802,B03,SKHG-73,4574,12,16,2025-11-06 19:39:18.002234,340210.254,6302322.931
PB802,B20,LXDH-85,2894,7,11,2025-11-06 19:39:18.002235,340210.254,6302322.931
PB802,B20,SKHG-80,7588,22,26,2025-11-06 19:39:18.002236,340210.254,6302322.931
PC1278,C37,SHXD-63,261,0,3,2025-11-06 19:39:48.166468,358541.0,6302059.0
PC1278,C37,SHXF-17,2175,5,9,2025-11-06 19:39:48.166473,358541.0,6302059.0
PC7,103,SPBF-46,550,0,2,2025-11-06 19:40:56.209731,350503.734,6299216.284
PC7,103,SPBG-12,1734,3,7,2025-11-06 19:40:56.209736,350503.734,6299216.284
PC7,117,SPBF-62,1050,0,3,2025-11-06 19:40:56.209737,350503.734,6299216.284
PC7,117,PGTT-89,1575,3,7,2025-11-06 19:40:56.209738,350503.734,6299216.284
PH495,H07,CJRZ-65,5547,16,20,2025-11-06 19:41:56.078058,344180.942,6294143.785
PH495,345,FLXF-74,1935,4,8,2025-11-06 19:41:56.078063,344180.942,6294143.785
PH495,345,FLXD-77,2951,7,11,2025-11-06 19:41:56.078064,344180.942,6294143.785
PH495,105c,LXDJ-20,3947,10,14,2025-11-06 19:41:56.078065,344180.942,6294143.785
PG314,228,THTC-29,6180,18,22,2025-11-06 19:42:31.756093,346316.714,6285665.814
PG314,228,THTD-79,7498,22,26,2025-11-06 19:42:31.756097,346316.714,6285665.814
PG171,206,FLXW-89,742,0,2,2025-11-06 19:44:36.304467,348693.947,6283537.069
PG171,206,FLXW-78,3297,8,12,2025-11-06 19:44:36.304472,348693.947,6283537.069
PG171,206c,VJKF-44,3381,9,13,2025-11-06 19:44:36.304473,348693.947,6283537.069
PG370,301c,BJFT-82,1212,0,4,2025-11-06 19:47:17.895785,344158.788,6281672.931
PG370,G28,BJFV-32,2921,7,11,2025-11-06 19:47:17.895790,344158.788,6281672.931
PG370,G14,CJRL-62,251,0,3,2025-11-06 19:47:17.895791,344158.788,6281672.931
PG370,G14,FLXX-30,2510,6,10,2025-11-06 19:47:17.895792,344158.788,6281672.931
PG370,G43,FLXP-15,543,0,2,2025-11-06 19:47:17.895792,344158.788,6281672.931
PG370,G24,FLXP-19,2054,4,8,2025-11-06 19:47:17.895793,344158.788,6281672.931
PG370,G24,FLXC-85,4199,11,15,2025-11-06 19:47:17.895794,344158.788,6281672.931
PG370,G38,THTD-98,1141,0,4,2025-11-06 19:47:17.895795,344158.788,6281672.931
PG370,G38,THTD-24,5772,16,20,2025-11-06 19:47:17.895796,344158.788,6281672.931
PG370,301,BJFW-88,58,0,3,2025-11-06 19:47:17.895796,344158.788,6281672.931
PG370,301,BJFX-47,1164,0,4,2025-11-06 19:47:17.895797,344158.788,6281672.931
PI1450,419,PFYG-94,70,0,3,2025-11-06 19:48:50.169649,333120.798,6289102.777
PI1450,419,PDZH-82,434,0,3,2025-11-06 19:48:50.169654,333120.798,6289102.777
PI1450,I21,FLXL-46,1211,0,4,2025-11-06 19:48:50.169655,333120.798,6289102.777
PI1450,I21,FLXG-48,4265,11,15,2025-11-06 19:48:50.169656,333120.798,6289102.777
PI1450,108,PFVG-38,746,0,2,2025-11-06 19:48:50.169657,333120.798,6289102.777
PB2065,B36,LDJP-67,1698,3,7,2025-11-06 19:49:16.021881,344791.0,6309832.0
PB2065,B36,STHP-12,4746,13,17,2025-11-06 19:49:16.021885,344791.0,6309832.0
PH266,302,BJFZ-31,0,0,3,2025-11-06 19:49:36.557512,345445.27,6292646.02
PH266,302,BJFT-89,1741,3,7,2025-11-06 19:49:36.557517,345445.27,6292646.02
PJ631,516,TBFS-61,558,0,2,2025-11-06 19:51:42.349022,337283.629,6296807.582
PJ631,516,GCBC-73,1722,3,7,2025-11-06 19:51:42.349026,337283.629,6296807.582
PJ631,J19,VGTX-67,307,0,3,2025-11-06 19:51:42.349028,337283.629,6296807.582
PJ631,J19,VGTW-82,4414,12,16,2025-11-06 19:51:42.349029,337283.629,6296807.582
PJ631,510,GCBD-46,317,0,3,2025-11-06 19:51:42.349030,337283.629,6296807.582
PJ631,510,TBFW-44,3313,8,12,2025-11-06 19:51:42.349030,337283.629,6296807.582
PJ631,J01,FLXD-42,1009,0,3,2025-11-06 19:51:42.349031,337283.629,6296807.582
PJ631,J01,FLXD-31,2025,4,8,2025-11-06 19:51:42.349032,337283.629,6296807.582
PF389,F10c,SRVJ-34,2318,5,9,2025-11-06 19:52:15.714484,353997.919,6281766.449
PF389,F10c,SRVH-11,6407,18,22,2025-11-06 19:52:15.714489,353997.919,6281766.449
PA491,D03,SVDF-64,2483,6,10,2025-11-06 19:53:04.311209,347014.438,6297212.328
PA491,D03,SVDF-78,8265,26,60,2025-11-06 19:53:04.311215,347014.438,6297212.328
PD179,286,SHXB-27,4308,12,16,2025-11-06 19:54:03.478159,353824.627,6298652.835
PD179,286,SCRZ-30,10485,33,60,2025-11-06 19:54:03.478164,353824.627,6298652.835
PD179,712,SHXG-93,1933,4,8,2025-11-06 19:54:03.478166,353824.627,6298652.835
PD179,712,SHCY-19,3872,10,14,2025-11-06 19:54:03.478167,353824.627,6298652.835
PD179,216,LZPW-19,513,0,2,2025-11-06 19:54:03.478168,353824.627,6298652.835
PD179,216,LZPG-23,1274,0,4,2025-11-06 19:54:03.478169,353824.627,6298652.835
PF951,F12,SRVG-91,1826,4,8,2025-11-06 19:54:28.648063,351805.229,6278386.479
PF951,F12,SRVG-86,5465,15,19,2025-11-06 19:54:28.648067,351805.229,6278386.479
PB1914,B11,SHCV-81,4314,12,16,2025-11-06 19:55:36.410504,339773.0,6306776.0
PB1914,B11,SKDJ-67,4326,12,16,2025-11-06 19:55:36.410508,339773.0,6306776.0
PB1914,B06,SKDJ-31,892,0,3,2025-11-06 19:55:36.410509,339773.0,6306776.0
PB1914,B06,SPCG-79,1771,4,8,2025-11-06 19:55:36.410510,339773.0,6306776.0
PB1914,B21,SKDJ-90,105,0,3,2025-11-06 19:55:36.410511,339773.0,6306776.0
PB1914,B21,SPCG-41,1755,4,8,2025-11-06 19:55:36.410512,339773.0,6306776.0
PB1914,430,SKPK-17,5530,15,19,2025-11-06 19:55:36.410513,339773.0,6306776.0
PB1914,430,PGBY-61,6318,18,22,2025-11-06 19:55:36.410513,339773.0,6306776.0
PB1914,435,SLPC-10,1037,0,3,2025-11-06 19:55:36.410514,339773.0,6306776.0
PB1914,435,SLPB-49,10411,33,60,2025-11-06 19:55:36.410515,339773.0,6306776.0
PB1914,308,FLXH-96,1083,0,4,2025-11-06 19:55:36.410516,339773.0,6306776.0
PB1914,308,FLXK-17,4129,11,15,2025-11-06 19:55:36.410516,339773.0,6306776.0
PB1914,308c,TWPD-67,16,0,3,2025-11-06 19:55:36.410517,339773.0,6306776.0
PB1914,308c,TWPD-80,3205,8,12,2025-11-06 19:55:36.410518,339773.0,6306776.0
PB1914,425,SKPH-78,1367,0,4,2025-11-06 19:55:36.410519,339773.0,6306776.0
PB1914,425,SJPC-76,1682,3,7,2025-11-06 19:55:36.410520,339773.0,6306776.0
PB1914,429,SJPD-82,327,0,3,2025-11-06 19:55:36.410520,339773.0,6306776.0
PB1914,429,SHXD-70,5773,16,20,2025-11-06 19:55:36.410521,339773.0,6306776.0
PB1914,429c,SHXG-35,4945,14,18,2025-11-06 19:55:36.410522,339773.0,6306776.0
PB1914,429c,SLLZ-31,14398,45,60,2025-11-06 19:55:36.410523,339773.0,6306776.0
PE22,124,SRVH-73,1579,3,7,2025-11-06 19:56:03.430266,355269.165,6285658.537
PE22,124,STHF-57,3463,9,13,2025-11-06 19:56:03.430270,355269.165,6285658.537
PE22,102,LBTT-25,1579,3,7,2025-11-06 19:56:03.430272,355269.165,6285658.537
PE22,102,SPZX-93,2032,4,8,2025-11-06 19:56:03.430272,355269.165,6285658.537
PE22,104,SKWD-67,0,0,3,2025-11-06 19:56:03.430273,355269.165,6285658.537
PE22,104,SKVD-63,4551,12,16,2025-11-06 19:56:03.430274,355269.165,6285658.537
PE22,114,SKWD-50,0,0,3,2025-11-06 19:56:03.430275,355269.165,6285658.537
PE22,114,SKWD-74,1206,0,4,2025-11-06 19:56:03.430276,355269.165,6285658.537
PE22,E01,VKJX-78,3278,8,12,2025-11-06 19:56:03.430276,355269.165,6285658.537
PE22,E01,VKJY-90,3210,8,12,2025-11-06 19:56:03.430277,355269.165,6285658.537
PE22,E04,VKJY-14,540,0,2,2025-11-06 19:56:03.430278,355269.165,6285658.537
PE22,E04,VKJX-80,2398,6,10,2025-11-06 19:56:03.430279,355269.165,6285658.537
PE22,712,SHCW-63,668,0,2,2025-11-06 19:56:03.430280,355269.165,6285658.537
PE22,712,SHCW-68,8610,27,60,2025-11-06 19:56:03.430281,355269.165,6285658.537
PB1932,308c,TWPD-80,674,0,2,2025-11-06 19:58:06.429667,337919.268,6307206.154
PB1932,308c,FLXK-15,1629,3,7,2025-11-06 19:58:06.429672,337919.268,6307206.154
PB1932,308,FLXT-22,996,0,3,2025-11-06 19:58:06.429673,337919.268,6307206.154
PI1933,I35,SCRZ-29,200,0,3,2025-11-06 19:58:50.272907,331428.0,6284070.0
PI1933,I35,SDSW-75,164,0,3,2025-11-06 19:58:50.272912,331428.0,6284070.0
PH107,H24,VGRG-54,1290,0,4,2025-11-06 19:59:09.195527,344936.715,6294407.288
PH107,H24,VGRF-65,1691,3,7,2025-11-06 19:59:09.195532,344936.715,6294407.288
PH107,115,GCBD-98,1986,4,8,2025-11-06 19:59:09.195533,344936.715,6294407.288
PH107,121,CJRW-49,383,0,3,2025-11-06 19:59:09.195534,344936.715,6294407.288
PH107,121,BJFZ-53,3707,10,14,2025-11-06 19:59:09.195535,344936.715,6294407.288
PH107,125,CJRW-21,174,0,3,2025-11-06 19:59:09.195536,344936.715,6294407.288
PH107,125,CJRX-64,1567,3,7,2025-11-06 19:59:09.195537,344936.715,6294407.288
PH107,113,FLXY-54,0,0,3,2025-11-06 19:59:09.195538,344936.715,6294407.288
PH107,113,FLXY-58,308,0,3,2025-11-06 19:59:09.195539,344936.715,6294407.288
PG381,301,BJFT-19,1889,4,8,2025-11-06 19:59:48.242457,344791.857,6284650.608
PG381,301c,BJFT-82,2329,5,9,2025-11-06 19:59:48.242462,344791.857,6284650.608
PE666,E10,BJFV-96,2600,6,10,2025-11-06 20:00:56.599503,350204.447,6288643.513
PE666,E10,BJFV-88,2426,6,10,2025-11-06 20:00:56.599509,350204.447,6288643.513
