bus_stop_code,route_id,bus_id,meters_distance,min_arrival_time,max_arrival_time,date,X,Y
PJ93,110,LXWS-34,501,0,2,2025-11-03 22:00:04.226157,338042.799,6301178.587
PJ93,110,LXWS-33,4007,11,15,2025-11-03 22:00:04.226163,338042.799,6301178.587
PI1674,401,PFTF-83,1241,0,4,2025-11-03 22:00:06.236393,335841.37,6289094.34
PI1674,421,PFTF-87,2094,5,9,2025-11-03 22:00:06.236399,335841.37,6289094.34
PI1674,I10,FLXG-60,4838,13,17,2025-11-03 22:00:06.236400,335841.37,6289094.34
PI1674,106,PFYS-94,232,0,3,2025-11-03 22:00:06.236402,335841.37,6289094.34
PD1212,D15,STYX-82,2826,7,11,2025-11-03 22:00:08.264331,356436.77,6297195.402
PD1212,D15,SVDC-60,7065,20,24,2025-11-03 22:00:08.264337,356436.77,6297195.402
PJ1654,J07e,VHZX-91,10344,33,60,2025-11-03 22:00:10.242749,325865.478,6303041.192
PI1929,I35,SHXB-10,266,0,3,2025-11-03 22:00:12.282370,332111.0,6281834.0
PI1929,I35,SDSW-49,1007,0,3,2025-11-03 22:00:12.282377,332111.0,6281834.0
PF974,F20,SRVL-13,800,0,3,2025-11-03 22:00:14.277239,355232.346,6281950.572
PF974,F20,SPZY-50,1844,4,8,2025-11-03 22:00:14.277243,355232.346,6281950.572
PF974,F07,SPRW-80,4134,11,15,2025-11-03 22:00:14.277244,355232.346,6281950.572
PF974,F07,SPRY-46,6413,18,22,2025-11-03 22:00:14.277245,355232.346,6281950.572
PF974,F05,SPZX-74,1189,0,4,2025-11-03 22:00:14.277246,355232.346,6281950.572
PF974,F05,SPZY-63,7464,22,26,2025-11-03 22:00:14.277247,355232.346,6281950.572
PH65,105,SHXG-32,3651,10,14,2025-11-03 22:00:18.275294,342624.156,6290098.193
PH65,105,SJPD-89,13522,43,60,2025-11-03 22:00:18.275299,342624.156,6290098.193
PH65,120,SPZX-46,2588,6,10,2025-11-03 22:00:18.275301,342624.156,6290098.193
PH65,120,SKHG-42,7426,21,25,2025-11-03 22:00:18.275302,342624.156,6290098.193
PH65,121,FLXF-95,5676,16,20,2025-11-03 22:00:18.275303,342624.156,6290098.193
PH65,121,FLXF-87,8945,28,60,2025-11-03 22:00:18.275304,342624.156,6290098.193
PH65,321,FLXL-42,628,0,2,2025-11-03 22:00:18.275305,342624.156,6290098.193
PH65,125,BJFZ-53,6820,20,24,2025-11-03 22:00:18.275306,342624.156,6290098.193
PH65,125,BJFT-76,9685,31,60,2025-11-03 22:00:18.275307,342624.156,6290098.193
PH65,345,CJRX-58,2458,6,10,2025-11-03 22:00:18.275308,342624.156,6290098.193
PH65,345,FLXD-71,3326,9,13,2025-11-03 22:00:18.275309,342624.156,6290098.193
PC931,C14,SKPL-31,2116,5,9,2025-11-03 22:00:20.281494,353737.49,6302520.38
PC931,C14,SKPH-80,2116,5,9,2025-11-03 22:00:20.281500,353737.49,6302520.38
PD754,D15,SVDC-60,1760,4,8,2025-11-03 22:00:22.299747,355306.869,6298477.873
PD754,D15,SVDD-46,5783,16,20,2025-11-03 22:00:22.299753,355306.869,6298477.873
PE84,204,VFPK-91,440,0,3,2025-11-03 22:00:26.299633,351115.553,6287456.786
PE84,204,VFRF-65,4284,12,16,2025-11-03 22:00:26.299638,351115.553,6287456.786
PE84,224,LZRD-90,2807,7,11,2025-11-03 22:00:26.299640,351115.553,6287456.786
PE84,224,VFPZ-38,3208,8,12,2025-11-03 22:00:26.299641,351115.553,6287456.786
PE84,325,VFJL-67,4885,13,17,2025-11-03 22:00:26.299642,351115.553,6287456.786
PE84,325,VJWY-21,9398,30,60,2025-11-03 22:00:26.299643,351115.553,6287456.786
PE84,E10,FLXK-63,1838,4,8,2025-11-03 22:00:26.299644,351115.553,6287456.786
PE84,E15c,VFKS-68,1400,0,4,2025-11-03 22:00:26.299645,351115.553,6287456.786
PE84,234,SFST-31,781,0,2,2025-11-03 22:00:26.299646,351115.553,6287456.786
PE84,234,SGCR-39,3139,8,12,2025-11-03 22:00:26.299647,351115.553,6287456.786
PE84,244,SFWZ-76,6807,19,23,2025-11-03 22:00:26.299648,351115.553,6287456.786
PG2098,G02,FLXX-27,1449,3,7,2025-11-03 22:00:28.301933,340954.0,6280612.0
PG2098,G02,FLXL-93,7944,23,27,2025-11-03 22:00:28.301940,340954.0,6280612.0
PG2098,G27,THTD-11,1058,0,3,2025-11-03 22:00:28.301941,340954.0,6280612.0
PG2098,G27,THTF-96,9644,30,60,2025-11-03 22:00:28.301943,340954.0,6280612.0
PD3,325,VJWY-21,4208,11,15,2025-11-03 22:00:30.317724,351268.502,6291133.364
PI1924,I35,SFPG-67,0,0,3,2025-11-03 22:00:32.316197,330978.0,6284139.0
PI1924,I35,SFGY-80,3279,8,12,2025-11-03 22:00:32.316203,330978.0,6284139.0
PD358,418,SHXF-90,2958,7,11,2025-11-03 22:00:34.079824,354192.271,6298474.835
PD358,418,SKPL-30,7671,22,26,2025-11-03 22:00:34.079828,354192.271,6298474.835
PD358,425,SJPB-35,3413,9,13,2025-11-03 22:00:34.079829,354192.271,6298474.835
PD358,425,SGPY-72,5636,16,20,2025-11-03 22:00:34.079830,354192.271,6298474.835
PD358,429,SJPD-80,1157,0,4,2025-11-03 22:00:34.079831,354192.271,6298474.835
PD358,429,SLLY-91,1702,3,7,2025-11-03 22:00:34.079832,354192.271,6298474.835
PB486,428,SKPH-75,844,0,3,2025-11-03 22:00:35.697117,337375.93,6305580.81
PB486,428,SLLZ-56,9515,30,60,2025-11-03 22:00:35.697123,337375.93,6305580.81
PI751,J12,TBFS-57,8634,27,60,2025-11-03 22:00:37.452587,338916.547,6297059.171
PI751,J12,FLXG-31,14537,46,60,2025-11-03 22:00:37.452593,338916.547,6297059.171
PI751,111,FLXZ-66,8010,23,27,2025-11-03 22:00:37.452594,338916.547,6297059.171
PI751,111,FLXX-65,10675,34,60,2025-11-03 22:00:37.452595,338916.547,6297059.171
PI751,J22,RYPP-13,689,0,2,2025-11-03 22:00:37.452597,338916.547,6297059.171
PI751,J11,FLXT-62,7745,22,26,2025-11-03 22:00:37.452598,338916.547,6297059.171
PI751,514,FLXW-56,2801,7,11,2025-11-03 22:00:37.452599,338916.547,6297059.171
PI751,514,TBFV-10,6213,18,22,2025-11-03 22:00:37.452600,338916.547,6297059.171
PI751,418,PFVH-10,4219,11,15,2025-11-03 22:00:37.452602,338916.547,6297059.171
PI751,418,SKPK-35,10956,35,60,2025-11-03 22:00:37.452603,338916.547,6297059.171
PI751,516,GCBD-65,1025,0,3,2025-11-03 22:00:37.452604,338916.547,6297059.171
PI751,J08,FLXT-68,1566,3,7,2025-11-03 22:00:37.452605,338916.547,6297059.171
PI751,J08,TBFS-45,5807,16,20,2025-11-03 22:00:37.452607,338916.547,6297059.171
PI751,J17,FLXG-21,685,0,2,2025-11-03 22:00:37.452608,338916.547,6297059.171
PI751,510,FLXW-10,1324,0,4,2025-11-03 22:00:37.452609,338916.547,6297059.171
PE729,E12,VJXW-84,0,0,3,2025-11-03 22:00:39.422916,351019.337,6285195.543
PE729,E12,VFJP-25,4838,13,17,2025-11-03 22:00:39.422920,351019.337,6285195.543
PE729,E11,VKJX-76,3493,9,13,2025-11-03 22:00:39.422922,351019.337,6285195.543
PE729,E11,VKJY-64,3493,9,13,2025-11-03 22:00:39.422922,351019.337,6285195.543
PB549,307,FLXD-93,385,0,3,2025-11-03 22:00:41.142057,339870.65,6307407.83
PB549,307,VHTB-29,2208,5,9,2025-11-03 22:00:41.142062,339870.65,6307407.83
PB549,315e,FLXJ-52,1445,3,7,2025-11-03 22:00:41.142063,339870.65,6307407.83
PB549,315e,TWPC-87,4623,13,17,2025-11-03 22:00:41.142064,339870.65,6307407.83
PB549,B45,TWPD-87,3710,10,14,2025-11-03 22:00:41.142064,339870.65,6307407.83
PB549,B45,FLXF-83,5893,17,21,2025-11-03 22:00:41.142065,339870.65,6307407.83
PB549,429c,SLLZ-40,14102,45,60,2025-11-03 22:00:41.142066,339870.65,6307407.83
PB549,B43,SJPC-76,4655,13,17,2025-11-03 22:00:41.142067,339870.65,6307407.83
PB549,B43,SHCX-55,7787,23,27,2025-11-03 22:00:41.142068,339870.65,6307407.83
PJ853,J08,TBFW-84,558,0,2,2025-11-03 22:00:42.926381,336400.965,6296519.258
PJ853,J08,FLXT-59,4149,11,15,2025-11-03 22:00:42.926386,336400.965,6296519.258
PJ853,424,TBFX-24,3092,8,12,2025-11-03 22:00:42.926388,336400.965,6296519.258
PJ853,424,BJFC-37,10180,32,60,2025-11-03 22:00:42.926389,336400.965,6296519.258
PJ64,412,PFVG-76,0,0,3,2025-11-03 22:00:46.995669,338162.147,6299727.99
PJ64,412,LXWP-87,7942,23,27,2025-11-03 22:00:46.995674,338162.147,6299727.99
PJ64,110,LZPH-38,1124,3,7,2025-11-03 22:00:46.995675,338162.147,6299727.99
PJ64,110,LZPH-22,2149,9,13,2025-11-03 22:00:46.995676,338162.147,6299727.99
PJ64,110c,GCBD-16,9666,31,60,2025-11-03 22:00:46.995677,338162.147,6299727.99
PE546,323,FLXR-56,63,0,3,2025-11-03 22:00:49.046736,355059.482,6289464.248
PE546,323,FLXR-30,1291,0,4,2025-11-03 22:00:49.046742,355059.482,6289464.248
PA179,210,LZRB-90,494,0,2,2025-11-03 22:00:51.052237,348730.33,6296243.22
PA179,210,RWTP-94,939,0,3,2025-11-03 22:00:51.052242,348730.33,6296243.22
PA179,210v,VFPS-94,642,0,2,2025-11-03 22:00:51.052243,348730.33,6296243.22
PA179,210v,VFPT-27,2344,5,9,2025-11-03 22:00:51.052244,348730.33,6296243.22
PA179,227,VFHK-89,2262,5,9,2025-11-03 22:00:51.052245,348730.33,6296243.22
PA179,227,VFRF-15,5492,15,19,2025-11-03 22:00:51.052246,348730.33,6296243.22
PI490,419,PFYG-55,2649,6,10,2025-11-03 22:00:53.083160,335073.521,6291090.985
PD1100,D11,SVDF-19,3883,10,14,2025-11-03 22:00:55.131586,355702.019,6296888.596
PI894,I04,FLXF-92,6521,19,23,2025-11-03 22:00:57.229246,340443.642,6294739.223
PI894,I04,FLXL-13,8378,26,60,2025-11-03 22:00:57.229251,340443.642,6294739.223
PA199,227,VFHK-89,1292,0,4,2025-11-03 22:00:59.218946,348132.439,6297235.964
PA199,227,VFRF-15,4200,11,15,2025-11-03 22:00:59.218950,348132.439,6297235.964
PE351,E02,VKJX-69,1395,0,4,2025-11-03 22:01:01.190531,352636.115,6286935.828
PE351,E12,VFHX-21,2046,4,8,2025-11-03 22:01:01.190536,352636.115,6286935.828
PE351,E12,VFJT-99,2795,7,11,2025-11-03 22:01:01.190537,352636.115,6286935.828
PA159,203e,SFWB-82,2473,6,10,2025-11-03 22:01:03.183956,346886.001,6299018.001
PA159,226,VGBW-99,0,0,3,2025-11-03 22:01:03.183961,346886.001,6299018.001
PA159,226,VFPT-23,1416,0,4,2025-11-03 22:01:03.183962,346886.001,6299018.001
PA159,B24,TXZH-34,1046,0,3,2025-11-03 22:01:03.183963,346886.001,6299018.001
PA159,B24,SPZX-56,6821,20,24,2025-11-03 22:01:03.183963,346886.001,6299018.001
PA159,402,SKPK-28,1231,0,4,2025-11-03 22:01:03.183964,346886.001,6299018.001
PA159,402,SKPK-40,2494,6,10,2025-11-03 22:01:03.183965,346886.001,6299018.001
PA159,404,PFZK-83,7325,21,25,2025-11-03 22:01:03.183966,346886.001,6299018.001
PA159,404,PFYC-46,9798,31,60,2025-11-03 22:01:03.183967,346886.001,6299018.001
PF965,F16,SPRX-21,1947,4,8,2025-11-03 22:01:04.732313,351337.967,6281742.598
PF965,F16,SPCG-76,7014,20,24,2025-11-03 22:01:04.732319,351337.967,6281742.598
PF965,F27,SPRZ-22,9106,4,8,2025-11-03 22:01:04.732320,351337.967,6281742.598
PF268,F05,SPZY-37,2628,6,10,2025-11-03 22:01:06.465892,350732.716,6283704.85
PF268,F05,SPZY-13,5334,15,19,2025-11-03 22:01:06.465896,350732.716,6283704.85
PC230,502,TBFX-77,359,0,3,2025-11-03 22:01:08.456491,356321.905,6305366.383
PC230,502,FLXS-90,4909,14,18,2025-11-03 22:01:08.456496,356321.905,6305366.383
PC230,405,PFBG-29,6856,20,24,2025-11-03 22:01:08.456497,356321.905,6305366.383
PC230,405,PDZS-78,7334,21,25,2025-11-03 22:01:08.456499,356321.905,6305366.383
PC230,542,PFWZ-64,24014,76,60,2025-11-03 22:01:08.456500,356321.905,6305366.383
PC230,405c,PGBY-58,890,0,3,2025-11-03 22:01:08.456501,356321.905,6305366.383
PC230,405c,PGTV-17,3004,7,11,2025-11-03 22:01:08.456501,356321.905,6305366.383
PB74,B20,FLXS-56,1239,0,4,2025-11-03 22:01:10.417691,342585.569,6301780.895
PB74,B20,LXDJ-13,3754,10,14,2025-11-03 22:01:10.417696,342585.569,6301780.895
PB74,B29,SKHG-85,1863,4,8,2025-11-03 22:01:10.417698,342585.569,6301780.895
PB74,B29,LXDH-92,3970,11,15,2025-11-03 22:01:10.417698,342585.569,6301780.895
PB74,109,FLXD-26,472,0,2,2025-11-03 22:01:10.417699,342585.569,6301780.895
PB74,109,FLXS-95,1571,10,14,2025-11-03 22:01:10.417700,342585.569,6301780.895
PB74,105,SJPD-89,1339,0,4,2025-11-03 22:01:10.417701,342585.569,6301780.895
PB74,105,SJPD-96,2120,5,9,2025-11-03 22:01:10.417702,342585.569,6301780.895
PB74,120,TXZH-33,1399,0,4,2025-11-03 22:01:10.417702,342585.569,6301780.895
PB74,120,SPZX-42,4869,13,17,2025-11-03 22:01:10.417703,342585.569,6301780.895
PB367,B12,SKDH-62,8418,27,60,2025-11-03 22:01:12.389000,345336.39,6304903.471
PB367,B12,SKDF-98,14139,45,60,2025-11-03 22:01:12.389005,345336.39,6304903.471
PB367,B21,SKDJ-67,481,0,2,2025-11-03 22:01:12.389006,345336.39,6304903.471
PB367,B21,SKDF-99,7283,21,25,2025-11-03 22:01:12.389007,345336.39,6304903.471
PB367,272,VFPC-51,716,0,2,2025-11-03 22:01:12.389008,345336.39,6304903.471
PB367,272,VFPC-10,1249,0,4,2025-11-03 22:01:12.389008,345336.39,6304903.471
PD441,D01,SVDD-54,251,0,3,2025-11-03 22:01:15.762930,357488.18,6297010.06
PD441,422,GCBD-49,1709,3,7,2025-11-03 22:01:15.762936,357488.18,6297010.06
PG1127,212,LZPG-26,3084,8,12,2025-11-03 22:01:17.311248,348554.617,6285812.882
PG1127,212,LZPW-10,8839,28,60,2025-11-03 22:01:17.311252,348554.617,6285812.882
PG1127,216,LZPS-17,275,0,3,2025-11-03 22:01:17.311253,348554.617,6285812.882
PG1127,216,GCBF-45,412,0,3,2025-11-03 22:01:17.311254,348554.617,6285812.882
PG1127,233,SFPF-73,109,0,3,2025-11-03 22:01:17.311255,348554.617,6285812.882
PG1127,233,SFPG-40,2312,5,9,2025-11-03 22:01:17.311256,348554.617,6285812.882
PG1127,205,SXKV-90,514,0,2,2025-11-03 22:01:17.311257,348554.617,6285812.882
PG1127,205,LZRD-86,4910,14,18,2025-11-03 22:01:17.311258,348554.617,6285812.882
PG1127,205c,VFPZ-98,1976,4,8,2025-11-03 22:01:17.311259,348554.617,6285812.882
PG1127,205c,VGKX-42,2823,7,11,2025-11-03 22:01:17.311259,348554.617,6285812.882
PG1127,206,FLXY-63,6058,17,21,2025-11-03 22:01:17.311260,348554.617,6285812.882
PG1127,206,FLXW-70,6058,17,21,2025-11-03 22:01:17.311261,348554.617,6285812.882
PG1127,206c,LZPT-53,344,0,3,2025-11-03 22:01:17.311262,348554.617,6285812.882
PG1127,206c,SFWZ-17,2301,5,9,2025-11-03 22:01:17.311263,348554.617,6285812.882
PG1440,G38,THTD-69,5222,14,18,2025-11-03 22:01:19.299186,343117.617,6278414.801
PG1440,G38,THTF-54,8959,28,60,2025-11-03 22:01:19.299191,343117.617,6278414.801
PG1440,G08,THTD-20,1058,0,3,2025-11-03 22:01:19.299192,343117.617,6278414.801
PG1440,G08,THTC-29,4558,12,16,2025-11-03 22:01:19.299193,343117.617,6278414.801
PG1766,G05,SHXB-24,1239,0,4,2025-11-03 22:01:21.343735,350865.891,6281315.826
PG1766,G05,SHXG-77,1846,4,8,2025-11-03 22:01:21.343740,350865.891,6281315.826
PG1766,G35,SDSW-83,9960,31,60,2025-11-03 22:01:21.343741,350865.891,6281315.826
PG1766,G35,SFPF-77,11787,37,60,2025-11-03 22:01:21.343742,350865.891,6281315.826
PG1766,G13,SFPF-82,2195,5,9,2025-11-03 22:01:21.343743,350865.891,6281315.826
PG1766,G13,SHXB-30,3024,8,12,2025-11-03 22:01:21.343744,350865.891,6281315.826
PG1766,G16,SFPF-89,4066,11,15,2025-11-03 22:01:21.343745,350865.891,6281315.826
PG1766,G16,SFGY-12,6127,17,21,2025-11-03 22:01:21.343745,350865.891,6281315.826
PG1766,F14,SPRW-92,2380,6,10,2025-11-03 22:01:21.343746,350865.891,6281315.826
PG1766,F14,SPRV-96,4734,13,17,2025-11-03 22:01:21.343747,350865.891,6281315.826
PG1766,233,SFPG-49,2404,6,10,2025-11-03 22:01:21.343748,350865.891,6281315.826
PG1766,233,SFPG-60,3613,9,13,2025-11-03 22:01:21.343749,350865.891,6281315.826
PG1766,286,SFPG-47,302,0,3,2025-11-03 22:01:21.343749,350865.891,6281315.826
PG1766,286,SFPG-44,870,0,3,2025-11-03 22:01:21.343750,350865.891,6281315.826
PC1088,C01,LCPW-41,263,0,3,2025-11-03 22:01:23.336014,359510.581,6308550.402
PC1088,430,PGBY-47,95,0,3,2025-11-03 22:01:23.336020,359510.581,6308550.402
PC1088,430,PGBY-74,0,0,3,2025-11-03 22:01:23.336021,359510.581,6308550.402
PC1088,426,BJFB-46,210,0,3,2025-11-03 22:01:23.336022,359510.581,6308550.402
PC1088,426,BJFF-52,222,0,3,2025-11-03 22:01:23.336022,359510.581,6308550.402
PI1036,I22,FLXZ-90,195,0,3,2025-11-03 22:01:25.342249,335647.725,6293176.701
PI1310,I01,FLXL-57,188,0,3,2025-11-03 22:01:27.338700,338578.421,6291246.605
PI1310,I01,FLXF-48,8473,27,60,2025-11-03 22:01:27.338704,338578.421,6291246.605
PI1310,I26,PFTW-69,2629,6,10,2025-11-03 22:01:27.338705,338578.421,6291246.605
PI1310,I26,PFVG-48,11202,35,60,2025-11-03 22:01:27.338706,338578.421,6291246.605
PJ836,J07e,VJBB-31,1192,0,4,2025-11-03 22:01:29.351867,328153.103,6303880.194
PJ836,J07e,VHZX-91,13901,44,60,2025-11-03 22:01:29.351871,328153.103,6303880.194
PI1428,348,VHSY-41,573,0,2,2025-11-03 22:01:31.346347,341093.156,6290205.799
PI1428,348,FLXZ-27,7782,23,27,2025-11-03 22:01:31.346353,341093.156,6290205.799
PE66,233,SFPG-68,6353,18,22,2025-11-03 22:01:33.094748,348250.992,6287880.944
PE66,233,SFPG-69,7381,21,25,2025-11-03 22:01:33.094752,348250.992,6287880.944
PE66,G01,THTG-70,3785,10,14,2025-11-03 22:01:33.094753,348250.992,6287880.944
PE66,203,LXWT-84,0,0,3,2025-11-03 22:01:33.094754,348250.992,6287880.944
PE66,203,LZPR-93,2709,7,11,2025-11-03 22:01:33.094755,348250.992,6287880.944
PE66,212,LZPT-45,1868,4,8,2025-11-03 22:01:33.094756,348250.992,6287880.944
PE66,212,LZPG-17,3594,9,13,2025-11-03 22:01:33.094757,348250.992,6287880.944
PH416,H14,FLXP-46,2705,7,11,2025-11-03 22:01:34.589741,349168.669,6291222.356
PH416,H14,FLXR-24,8026,23,27,2025-11-03 22:01:34.589746,349168.669,6291222.356
PG1703,G39,SDSW-59,1702,3,7,2025-11-03 22:01:36.764051,341785.557,6287571.482
PG1703,G39,SHCV-35,7502,22,26,2025-11-03 22:01:36.764056,341785.557,6287571.482
PG1703,G09,SHXG-71,10966,0,3,2025-11-03 22:01:36.764057,341785.557,6287571.482
PG1703,G09,SFGY-75,2353,5,9,2025-11-03 22:01:36.764058,341785.557,6287571.482
PB2143,B21,SKDH-69,359,0,3,2025-11-03 22:01:40.643112,336634.001,6307906.001
PB2143,425,SJPC-83,1413,0,4,2025-11-03 22:01:40.643117,336634.001,6307906.001
PF499,F11,SKTZ-96,24,0,3,2025-11-03 22:01:42.168103,358168.895,6281290.356
PF499,F11,SKTZ-76,4678,13,17,2025-11-03 22:01:42.168107,358168.895,6281290.356
PH185,205,RWTP-90,3376,9,13,2025-11-03 22:01:44.351346,347509.402,6293772.17
PH185,205,LZRD-67,5038,14,18,2025-11-03 22:01:44.351352,347509.402,6293772.17
PH185,207,SFST-39,997,0,3,2025-11-03 22:01:44.351353,347509.402,6293772.17
PH185,207,SDGY-29,4084,11,15,2025-11-03 22:01:44.351354,347509.402,6293772.17
PH185,209,RYJG-99,218,0,3,2025-11-03 22:01:44.351355,347509.402,6293772.17
PH185,209,SVPX-46,5038,14,18,2025-11-03 22:01:44.351356,347509.402,6293772.17
PH185,227,VFPH-35,1116,0,4,2025-11-03 22:01:44.351357,347509.402,6293772.17
PH185,227,VFPG-58,2829,7,11,2025-11-03 22:01:44.351358,347509.402,6293772.17
PI60,102,SHCW-74,2796,7,11,2025-11-03 22:01:47.681854,342247.32,6293990.61
PI60,102,SPZX-64,4125,11,15,2025-11-03 22:01:47.681860,342247.32,6293990.61
PI60,107,PGBZ-16,3586,9,13,2025-11-03 22:01:47.681861,342247.32,6293990.61
PI60,107,PFTW-24,3338,9,13,2025-11-03 22:01:47.681862,342247.32,6293990.61
PI60,I25,FLXH-13,429,0,3,2025-11-03 22:01:47.681863,342247.32,6293990.61
PI60,I25,FLXL-86,1403,0,4,2025-11-03 22:01:47.681864,342247.32,6293990.61
PI60,I01,FLXF-48,1882,4,8,2025-11-03 22:01:47.681865,342247.32,6293990.61
PI60,I01,FLXG-10,2616,6,10,2025-11-03 22:01:47.681866,342247.32,6293990.61
PI60,I18,VHTB-59,3116,8,12,2025-11-03 22:01:47.681867,342247.32,6293990.61
PB1825,110,LXWR-92,2002,10,14,2025-11-03 22:01:51.754116,338155.74,6301748.34
PB1825,110,LXWR-78,4929,30,60,2025-11-03 22:01:51.754122,338155.74,6301748.34
PB1825,110c,GCBD-16,6965,20,24,2025-11-03 22:01:51.754128,338155.74,6301748.34
PB1825,408,SRTH-17,266,0,3,2025-11-03 22:01:51.754129,338155.74,6301748.34
PB1825,408,SRTK-31,4218,11,15,2025-11-03 22:01:51.754130,338155.74,6301748.34
PC675,C13,SHXF-94,842,0,3,2025-11-03 22:01:55.852317,357033.792,6300992.322
PC675,C16,LFSX-97,1016,0,3,2025-11-03 22:01:55.852322,357033.792,6300992.322
PC675,C16,SKPJ-82,1228,0,4,2025-11-03 22:01:55.852323,357033.792,6300992.322
PE201,286,SJPB-64,1288,0,4,2025-11-03 22:01:57.882657,350088.27,6286971.116
PE201,286,SFGY-86,1449,3,7,2025-11-03 22:01:57.882661,350088.27,6286971.116
PE201,225,VJZL-72,1763,4,8,2025-11-03 22:01:57.882663,350088.27,6286971.116
PE201,225,VJLS-11,6827,20,24,2025-11-03 22:01:57.882663,350088.27,6286971.116
PE201,E02,VKJX-69,3928,10,14,2025-11-03 22:01:57.882664,350088.27,6286971.116
PE201,E12,VJWY-11,855,0,3,2025-11-03 22:01:57.882665,350088.27,6286971.116
PE201,E12,VJKR-85,2533,6,10,2025-11-03 22:01:57.882666,350088.27,6286971.116
PE201,225c,VFJV-14,0,0,3,2025-11-03 22:01:57.882667,350088.27,6286971.116
PE201,225c,VFHX-52,13810,44,60,2025-11-03 22:01:57.882668,350088.27,6286971.116
PI765,110,LZPH-38,3970,21,25,2025-11-03 22:01:59.923588,338428.976,6296592.109
PI765,110,LZPH-22,4504,23,27,2025-11-03 22:01:59.923594,338428.976,6296592.109
PI765,110c,FLXW-16,1839,4,8,2025-11-03 22:01:59.923595,338428.976,6296592.109
PI765,110c,GCBD-16,13128,41,60,2025-11-03 22:01:59.923596,338428.976,6296592.109
PI765,111,FLXY-38,1633,3,7,2025-11-03 22:01:59.923597,338428.976,6296592.109
PI765,111,FLXX-58,2864,7,11,2025-11-03 22:01:59.923598,338428.976,6296592.109
PI765,510,TBFT-39,549,0,2,2025-11-03 22:01:59.923599,338428.976,6296592.109
PI765,510,PFXB-27,2766,7,11,2025-11-03 22:01:59.923600,338428.976,6296592.109
PI765,J01,CJRZ-90,852,0,3,2025-11-03 22:01:59.923601,338428.976,6296592.109
PI765,J01,FLXL-91,3113,8,12,2025-11-03 22:01:59.923602,338428.976,6296592.109
PI765,516,TBFX-81,786,0,2,2025-11-03 22:01:59.923603,338428.976,6296592.109
PI765,516,TBFR-44,912,0,3,2025-11-03 22:01:59.923604,338428.976,6296592.109
PI765,J08,FLXW-27,528,0,2,2025-11-03 22:01:59.923605,338428.976,6296592.109
PI765,J08,PFXB-24,2170,5,9,2025-11-03 22:01:59.923606,338428.976,6296592.109
PI765,J19,VGVF-88,3146,8,12,2025-11-03 22:01:59.923607,338428.976,6296592.109
PI765,J19,VGVC-58,6939,20,24,2025-11-03 22:01:59.923608,338428.976,6296592.109
PI369,401,PGBB-64,759,0,2,2025-11-03 22:02:02.196359,333329.423,6289652.691
PI369,109,FLXS-70,591,0,2,2025-11-03 22:02:02.196365,333329.423,6289652.691
PI369,348,VHSY-16,1876,4,8,2025-11-03 22:02:02.196366,333329.423,6289652.691
PI369,106,PFYR-97,706,0,2,2025-11-03 22:02:02.196367,333329.423,6289652.691
PI610,509,CJRX-34,3043,8,12,2025-11-03 22:02:04.207085,337716.813,6290798.335
PI610,509,FDJX-77,10639,34,60,2025-11-03 22:02:04.207090,337716.813,6290798.335
PI610,423,PFYS-21,0,0,3,2025-11-03 22:02:04.207092,337716.813,6290798.335
PI610,423,PFVD-65,1705,3,7,2025-11-03 22:02:04.207092,337716.813,6290798.335
PI610,I02,FLXZ-39,0,0,3,2025-11-03 22:02:04.207093,337716.813,6290798.335
PI610,I02,FLXY-94,3994,11,15,2025-11-03 22:02:04.207094,337716.813,6290798.335
PC310,401,PGBB-63,4805,13,17,2025-11-03 22:02:06.175465,357391.832,6301473.18
PC310,401,PGBB-59,7413,21,25,2025-11-03 22:02:06.175470,357391.832,6301473.18
PC310,504,TBFR-93,3006,17,21,2025-11-03 22:02:06.175471,357391.832,6301473.18
PC310,504,GCBD-30,4140,26,60,2025-11-03 22:02:06.175472,357391.832,6301473.18
PF92,F12,LCPG-51,5086,14,18,2025-11-03 22:02:08.293233,353924.677,6279409.824
PF92,712,SJPF-90,551,0,2,2025-11-03 22:02:08.293238,353924.677,6279409.824
PF92,712,SHCX-28,6656,19,23,2025-11-03 22:02:08.293239,353924.677,6279409.824
PF92,124,STHC-95,2229,5,9,2025-11-03 22:02:08.293240,353924.677,6279409.824
PF92,124,LBTS-94,3408,9,13,2025-11-03 22:02:08.293240,353924.677,6279409.824
PD1149,D13,BJFS-95,3085,8,12,2025-11-03 22:02:10.326724,350074.605,6294538.306
PB1525,307,FLXJ-10,4065,11,15,2025-11-03 22:02:12.386594,344989.24,6300164.869
PB1525,307,TWPD-26,3974,11,15,2025-11-03 22:02:12.386599,344989.24,6300164.869
PB1525,314,VHTB-30,964,0,3,2025-11-03 22:02:12.386600,344989.24,6300164.869
PB1525,314,VHSX-80,1456,3,7,2025-11-03 22:02:12.386601,344989.24,6300164.869
PB1525,B20,SKHG-55,1651,3,7,2025-11-03 22:02:12.386602,344989.24,6300164.869
PB1525,B20,LXDH-89,5973,17,21,2025-11-03 22:02:12.386603,344989.24,6300164.869
PB1525,B29,LXDJ-10,1088,0,3,2025-11-03 22:02:12.386604,344989.24,6300164.869
PB1525,B29,LXDJ-12,1803,4,8,2025-11-03 22:02:12.386605,344989.24,6300164.869
PG761,G02,FLXX-19,1705,3,7,2025-11-03 22:02:14.222434,340973.177,6281400.481
PE38,118,FLXD-34,1177,0,4,2025-11-03 22:02:16.272810,355199.426,6290400.553
PE38,118,FLXC-47,5470,15,19,2025-11-03 22:02:16.272815,355199.426,6290400.553
PE38,126,FLXK-60,522,0,2,2025-11-03 22:02:16.272816,355199.426,6290400.553
PE38,E17,FLXT-36,109,0,3,2025-11-03 22:02:16.272817,355199.426,6290400.553
PE38,E17,BJFX-11,3046,8,12,2025-11-03 22:02:16.272818,355199.426,6290400.553
PJ59,110,LXWR-92,2868,18,22,2025-11-03 22:02:18.265557,337971.128,6301482.523
PJ59,110,LXWR-89,5910,40,60,2025-11-03 22:02:18.265561,337971.128,6301482.523
PI1638,113e,BJFX-41,2331,5,9,2025-11-03 22:02:20.353591,334953.237,6285074.636
PI1638,113e,BJFT-29,5094,14,18,2025-11-03 22:02:20.353595,334953.237,6285074.636
PI1638,I11,RWRP-56,3489,9,13,2025-11-03 22:02:20.353597,334953.237,6285074.636
PI1638,I11,VHTB-21,5998,17,21,2025-11-03 22:02:20.353597,334953.237,6285074.636
PI1638,111,FLXY-40,1272,0,4,2025-11-03 22:02:20.353598,334953.237,6285074.636
PI1638,111,FLXW-73,7731,22,26,2025-11-03 22:02:20.353599,334953.237,6285074.636
PI1638,113,FLXY-65,1211,0,4,2025-11-03 22:02:20.353600,334953.237,6285074.636
PI1638,113,FLXY-95,8945,28,60,2025-11-03 22:02:20.353601,334953.237,6285074.636
PG317,228,THTF-98,1820,4,8,2025-11-03 22:02:22.349733,346544.298,6286592.936
PG317,228,THTG-64,6561,19,23,2025-11-03 22:02:22.349738,346544.298,6286592.936
PJ788,J06,FLXZ-87,3058,8,12,2025-11-03 22:02:24.235076,338614.551,6298394.988
PB63,105,SHXC-20,1235,0,4,2025-11-03 22:02:25.694609,339927.7,6302868.37
PB63,105,SHCY-17,5354,15,19,2025-11-03 22:02:25.694614,339927.7,6302868.37
PB63,109,FLXW-37,4375,21,25,2025-11-03 22:02:25.694616,339927.7,6302868.37
PB63,110,LXWS-34,3756,10,14,2025-11-03 22:02:25.694617,339927.7,6302868.37
PB63,110,LXWS-33,7457,22,26,2025-11-03 22:02:25.694618,339927.7,6302868.37
PE473,385,FLXG-65,8885,28,60,2025-11-03 22:02:27.705466,350174.522,6290430.864
PE473,385,FLXJ-53,9442,30,60,2025-11-03 22:02:27.705471,350174.522,6290430.864
PE473,E05,BJFX-65,3295,8,12,2025-11-03 22:02:27.705472,350174.522,6290430.864
PE473,E05,FLXJ-47,7658,22,26,2025-11-03 22:02:27.705473,350174.522,6290430.864
PD1291,D09,SVDF-17,6759,19,23,2025-11-03 22:02:29.733306,350356.211,6297549.844
PD1291,D09,SVDF-67,9370,30,60,2025-11-03 22:02:29.733311,350356.211,6297549.844
PD37,114,SKVD-54,663,0,2,2025-11-03 22:02:31.776947,350981.161,6293198.888
PD37,114,LDSV-91,4261,11,15,2025-11-03 22:02:31.776952,350981.161,6293198.888
PD37,D10,SVDD-63,416,0,3,2025-11-03 22:02:31.776954,350981.161,6293198.888
PD37,D10,SVDD-87,7479,22,26,2025-11-03 22:02:31.776955,350981.161,6293198.888
PD37,103,SPBP-90,515,0,2,2025-11-03 22:02:31.776956,350981.161,6293198.888
PD37,103,SPBF-96,3823,10,14,2025-11-03 22:02:31.776957,350981.161,6293198.888
PD37,117,PGBY-42,1898,4,8,2025-11-03 22:02:31.776958,350981.161,6293198.888
PD37,117,SPBG-12,4326,12,16,2025-11-03 22:02:31.776959,350981.161,6293198.888
PI316,428,SHXD-69,4324,12,16,2025-11-03 22:02:33.798640,339547.09,6291230.66
PI316,428,SLLZ-43,7450,22,26,2025-11-03 22:02:33.798645,339547.09,6291230.66
PI316,444,SKPK-63,231,0,3,2025-11-03 22:02:33.798647,339547.09,6291230.66
PI316,444,SKPK-62,9774,31,60,2025-11-03 22:02:33.798648,339547.09,6291230.66
PC733,C01c,SPBS-42,302,0,3,2025-11-03 22:02:35.803138,360569.62,6307379.39
PC733,C05,LDTG-60,1541,3,7,2025-11-03 22:02:35.803144,360569.62,6307379.39
PC733,C05,LDTB-97,2596,6,10,2025-11-03 22:02:35.803145,360569.62,6307379.39
PI1830,I25,FLXK-45,206,0,3,2025-11-03 22:02:37.880531,339128.23,6293021.97
PI1830,I25,FLXK-80,1090,0,3,2025-11-03 22:02:37.880537,339128.23,6293021.97
PE592,E08,VKJZ-46,3872,10,14,2025-11-03 22:02:39.907670,353632.962,6286052.322
PC41,D09,SVDF-17,5265,15,19,2025-11-03 22:02:41.936631,349810.586,6298868.773
PC41,D09,SVDB-99,7876,23,27,2025-11-03 22:02:41.936636,349810.586,6298868.773
PC41,106,PGPT-34,2954,7,11,2025-11-03 22:02:41.936637,349810.586,6298868.773
PC41,106,PFYS-52,7681,22,26,2025-11-03 22:02:41.936638,349810.586,6298868.773
PI1122,I12,FLXZ-79,1661,3,7,2025-11-03 22:02:43.941484,335704.43,6291905.281
PI1122,I12,FLXY-10,6369,18,22,2025-11-03 22:02:43.941489,335704.43,6291905.281
PD281,712,SHXG-93,2634,6,10,2025-11-03 22:02:46.094853,353460.833,6295066.138
PD281,712,SHCY-19,9425,30,60,2025-11-03 22:02:46.094858,353460.833,6295066.138
PD281,D07,SVDD-11,1017,0,3,2025-11-03 22:02:46.094859,353460.833,6295066.138
PD281,D07,SVDF-68,5340,15,19,2025-11-03 22:02:46.094860,353460.833,6295066.138
PD281,D10,SVDD-49,20,0,3,2025-11-03 22:02:46.094861,353460.833,6295066.138
PD281,D10,SVDC-58,6996,20,24,2025-11-03 22:02:46.094862,353460.833,6295066.138
PC271,406,TBFS-43,3540,9,13,2025-11-03 22:02:48.109094,350524.335,6300944.904
PC271,406,TBFW-16,6188,18,22,2025-11-03 22:02:48.109100,350524.335,6300944.904
PC271,407,GCBC-86,317,0,3,2025-11-03 22:02:48.109101,350524.335,6300944.904
PC271,407,PFXB-54,6047,17,21,2025-11-03 22:02:48.109102,350524.335,6300944.904
PC271,426,FLXD-52,481,0,2,2025-11-03 22:02:48.109103,350524.335,6300944.904
PC271,426,BJFD-41,6284,18,22,2025-11-03 22:02:48.109103,350524.335,6300944.904
PC271,405c,SPBL-69,10776,34,60,2025-11-03 22:02:48.109104,350524.335,6300944.904
PG597,286,SDSW-56,3832,10,14,2025-11-03 22:02:50.114378,349266.642,6281551.734
PG597,286,SFGY-86,8279,26,60,2025-11-03 22:02:50.114384,349266.642,6281551.734
PG597,G13,SFPF-82,0,0,3,2025-11-03 22:02:50.114385,349266.642,6281551.734
PG597,G13,SHXB-30,591,0,2,2025-11-03 22:02:50.114386,349266.642,6281551.734
PG597,G16,SFPF-89,1670,3,7,2025-11-03 22:02:50.114387,349266.642,6281551.734
PG597,G16,SFGY-12,3842,10,14,2025-11-03 22:02:50.114387,349266.642,6281551.734
PD66,224,VFPS-56,0,0,3,2025-11-03 22:02:52.085525,351418.461,6294462.38
PD66,106,PFYR-99,1922,4,8,2025-11-03 22:02:52.085531,351418.461,6294462.38
PD66,106,PGPT-17,5143,14,18,2025-11-03 22:02:52.085532,351418.461,6294462.38
PD66,104,SKWD-56,0,0,3,2025-11-03 22:02:52.085533,351418.461,6294462.38
PD66,104,SKWD-66,916,0,3,2025-11-03 22:02:52.085535,351418.461,6294462.38
PD66,212,LZPW-10,1002,0,3,2025-11-03 22:02:52.085536,351418.461,6294462.38
PD66,212,LZRB-83,1456,3,7,2025-11-03 22:02:52.085537,351418.461,6294462.38
PD634,508,TBFT-56,1092,0,4,2025-11-03 22:02:53.714455,352235.804,6293231.17
PD634,325,VFJJ-50,0,0,3,2025-11-03 22:02:53.714460,352235.804,6293231.17
PD634,325,VFJK-31,6384,18,22,2025-11-03 22:02:53.714461,352235.804,6293231.17
PD952,D14,PGBS-47,1804,4,8,2025-11-03 22:02:55.504662,350175.201,6293100.442
PD952,D07,STVX-63,2648,6,10,2025-11-03 22:02:55.504666,350175.201,6293100.442
PD952,D07,SVDC-65,5292,15,19,2025-11-03 22:02:55.504667,350175.201,6293100.442
PD952,D10,SVDD-56,384,0,3,2025-11-03 22:02:55.504668,350175.201,6293100.442
PI19,101,PFYT-10,4647,13,17,2025-11-03 22:02:59.326158,340545.195,6292127.879
PI19,101,PGPT-50,8618,27,60,2025-11-03 22:02:59.326163,340545.195,6292127.879
PI19,481,PFVJ-19,2491,6,10,2025-11-03 22:02:59.326164,340545.195,6292127.879
PI19,481,PGPT-21,6332,18,22,2025-11-03 22:02:59.326165,340545.195,6292127.879
PI19,I04,FLXY-37,2183,5,9,2025-11-03 22:02:59.326166,340545.195,6292127.879
PI19,I04,FLXZ-68,2491,6,10,2025-11-03 22:02:59.326167,340545.195,6292127.879
PF45,712,LCPG-47,6255,18,22,2025-11-03 22:03:01.341475,354635.203,6281920.965
PF45,712,SHCW-72,8018,23,27,2025-11-03 22:03:01.341480,354635.203,6281920.965
PF45,F25,STHC-57,2028,4,8,2025-11-03 22:03:01.341482,354635.203,6281920.965
PF45,226,VGKX-82,174,0,3,2025-11-03 22:03:01.341483,354635.203,6281920.965
PF45,226,VGBV-55,2903,7,11,2025-11-03 22:03:01.341484,354635.203,6281920.965
PF45,F10,SRPK-70,2335,5,9,2025-11-03 22:03:01.341485,354635.203,6281920.965
PJ176,422,TBFT-48,5459,15,19,2025-11-03 22:03:03.411298,340199.22,6298187.85
PJ176,402,PFYC-90,6036,17,21,2025-11-03 22:03:03.411303,340199.22,6298187.85
PJ176,J13,TBFT-57,3509,9,13,2025-11-03 22:03:03.411304,340199.22,6298187.85
PJ176,J13,GCBF-35,7641,22,26,2025-11-03 22:03:03.411304,340199.22,6298187.85
PJ176,406,TBFW-94,4318,26,60,2025-11-03 22:03:03.411305,340199.22,6298187.85
PJ176,407,GCBC-79,1193,0,4,2025-11-03 22:03:03.411306,340199.22,6298187.85
PJ176,407,FLXV-43,5571,16,20,2025-11-03 22:03:03.411307,340199.22,6298187.85
PJ176,426,BJFF-49,2108,5,9,2025-11-03 22:03:03.411308,340199.22,6298187.85
PJ176,426,FLXH-77,3763,10,14,2025-11-03 22:03:03.411308,340199.22,6298187.85
PI745,110,LXWR-83,2003,4,8,2025-11-03 22:03:05.447940,338241.527,6296093.603
PI745,110,LZPH-36,5929,17,21,2025-11-03 22:03:05.447945,338241.527,6296093.603
PI745,111,FLXZ-66,5178,14,18,2025-11-03 22:03:05.447946,338241.527,6296093.603
PI745,111,FLXX-65,8815,28,60,2025-11-03 22:03:05.447947,338241.527,6296093.603
PI745,I02,FLXZ-54,1713,3,7,2025-11-03 22:03:05.447948,338241.527,6296093.603
PI745,I02,FLXZ-57,7650,22,26,2025-11-03 22:03:05.447949,338241.527,6296093.603
PG512,F03,FLXT-48,4277,12,16,2025-11-03 22:03:07.449120,347529.183,6279893.613
PG512,F03,SPVW-99,8211,26,60,2025-11-03 22:03:07.449126,347529.183,6279893.613
PG887,G09,SHCV-48,0,0,3,2025-11-03 22:03:09.444934,345652.186,6282629.576
PG887,G09,SFGY-23,4319,12,16,2025-11-03 22:03:09.444939,345652.186,6282629.576
PG887,G08v,FLXV-25,4566,12,16,2025-11-03 22:03:09.444941,345652.186,6282629.576
PG887,G08v,FLXV-30,5791,16,20,2025-11-03 22:03:09.444942,345652.186,6282629.576
PG887,G16,SFPG-58,7044,20,24,2025-11-03 22:03:09.444943,345652.186,6282629.576
PG887,G16,SFPG-61,7254,21,25,2025-11-03 22:03:09.444944,345652.186,6282629.576
PG887,228,THTH-16,1293,0,4,2025-11-03 22:03:09.444945,345652.186,6282629.576
PG887,228,THTF-58,3881,10,14,2025-11-03 22:03:09.444945,345652.186,6282629.576
PG887,G08,THTF-74,339,0,3,2025-11-03 22:03:09.444947,345652.186,6282629.576
PG887,G08,THTH-26,2704,7,11,2025-11-03 22:03:09.444948,345652.186,6282629.576
PD1299,D10,SVDD-87,5353,15,19,2025-11-03 22:03:11.218032,352540.91,6293266.872
PD1299,D10,SVDD-58,9223,29,60,2025-11-03 22:03:11.218037,352540.91,6293266.872
PI976,348,VHSY-16,3875,10,14,2025-11-03 22:03:12.997650,334739.438,6290572.355
PI976,I18,VHTB-51,206,0,3,2025-11-03 22:03:12.997656,334739.438,6290572.355
PB1350,B19,TPWW-72,6643,19,23,2025-11-03 22:03:14.742221,343710.517,6306450.792
PC1153,D18,SVDC-36,2668,6,10,2025-11-03 22:03:16.243421,350255.25,6298071.813
PC1153,D18,SVDC-93,3815,10,14,2025-11-03 22:03:16.243426,350255.25,6298071.813
PD46,114,SKVD-54,3661,10,14,2025-11-03 22:03:18.233652,350715.374,6296094.47
PD46,114,LDSV-91,6893,20,24,2025-11-03 22:03:18.233657,350715.374,6296094.47
PD46,103,SPBP-90,3428,9,13,2025-11-03 22:03:18.233658,350715.374,6296094.47
PD46,103,SPBF-96,6710,19,23,2025-11-03 22:03:18.233659,350715.374,6296094.47
PD46,117,PGKP-65,289,0,3,2025-11-03 22:03:18.233660,350715.374,6296094.47
PD46,117,PGBY-42,4883,13,17,2025-11-03 22:03:18.233660,350715.374,6296094.47
PD62,212,LZRB-83,411,0,3,2025-11-03 22:03:20.244359,351450.249,6295585.408
PD62,212,LZPW-10,180,0,3,2025-11-03 22:03:20.244364,351450.249,6295585.408
PD62,224,VFPL-46,1513,3,7,2025-11-03 22:03:20.244365,351450.249,6295585.408
PD62,106,PFYR-99,795,0,3,2025-11-03 22:03:20.244366,351450.249,6295585.408
PD62,106,PGPT-17,3722,10,14,2025-11-03 22:03:20.244367,351450.249,6295585.408
PD62,104,SKWD-69,584,0,2,2025-11-03 22:03:20.244368,351450.249,6295585.408
PD62,104,SKWD-75,1105,0,3,2025-11-03 22:03:20.244369,351450.249,6295585.408
PI602,509,CJRX-34,0,0,3,2025-11-03 22:03:22.235841,338297.436,6292957.835
PI602,509,FDJX-77,7730,22,26,2025-11-03 22:03:22.235847,338297.436,6292957.835
PI602,423,PFVG-47,8523,27,60,2025-11-03 22:03:22.235848,338297.436,6292957.835
PI602,I10,FLXH-11,2652,6,10,2025-11-03 22:03:22.235849,338297.436,6292957.835
PI602,I10,FLXG-91,4561,12,16,2025-11-03 22:03:22.235850,338297.436,6292957.835
PD891,425,SJPB-24,1750,4,8,2025-11-03 22:03:24.196504,354578.431,6294777.44
PF19,F25,LCTG-30,1152,0,4,2025-11-03 22:03:26.175253,354637.656,6281617.768
PF19,F25,SRVG-10,6356,18,22,2025-11-03 22:03:26.175257,354637.656,6281617.768
PF19,F10,SRRX-22,649,0,2,2025-11-03 22:03:26.175259,354637.656,6281617.768
PF19,F10,SRSC-78,1885,4,8,2025-11-03 22:03:26.175259,354637.656,6281617.768
PF19,712,SJPF-90,2984,7,11,2025-11-03 22:03:26.175260,354637.656,6281617.768
PF19,712,SHCX-28,9141,29,60,2025-11-03 22:03:26.175261,354637.656,6281617.768
PC1221,D09,SVDF-17,4078,11,15,2025-11-03 22:03:28.205452,349406.0,6299925.92
PC1221,D09,SVDB-99,6309,18,22,2025-11-03 22:03:28.205457,349406.0,6299925.92
PC900,C11,SGPY-66,4507,12,16,2025-11-03 22:03:30.197798,354425.725,6304135.717
PC900,C11,SGPY-75,6740,19,23,2025-11-03 22:03:30.197804,354425.725,6304135.717
PB2075,B14,FLXJ-41,3282,8,12,2025-11-03 22:03:32.211340,348173.2,6305227.54
PB2075,B14,FLXT-51,4383,12,16,2025-11-03 22:03:32.211345,348173.2,6305227.54
PC224,435,SLLZ-46,566,0,2,2025-11-03 22:03:34.027656,354689.916,6304811.667
PC224,435,SLPC-49,5259,15,19,2025-11-03 22:03:34.027663,354689.916,6304811.667
PC224,405c,PGTV-17,279,0,3,2025-11-03 22:03:34.027664,354689.916,6304811.667
PC224,405c,SPBL-80,2041,4,8,2025-11-03 22:03:34.027665,354689.916,6304811.667
PC224,502,FLXS-90,1792,4,8,2025-11-03 22:03:34.027666,354689.916,6304811.667
PC224,502,TBFP-85,10026,32,60,2025-11-03 22:03:34.027666,354689.916,6304811.667
PC224,405,PFBG-29,4346,12,16,2025-11-03 22:03:34.027667,354689.916,6304811.667
PC224,405,PDZS-78,4658,13,17,2025-11-03 22:03:34.027668,354689.916,6304811.667
PC224,542,PFWZ-64,22281,70,60,2025-11-03 22:03:34.027669,354689.916,6304811.667
PA358,422,GCBC-66,1505,3,7,2025-11-03 22:03:35.528517,348059.6,6297630.22
PA358,422,GCBC-60,2101,5,9,2025-11-03 22:03:35.528522,348059.6,6297630.22
PA358,H13,CJRX-61,521,0,2,2025-11-03 22:03:35.528524,348059.6,6297630.22
PA358,H13,BJFV-75,2134,5,9,2025-11-03 22:03:35.528525,348059.6,6297630.22
PG649,G01,THTD-86,1882,4,8,2025-11-03 22:03:37.304103,344350.613,6287477.308
PB323,203,GCBF-52,797,0,3,2025-11-03 22:03:39.346454,347194.721,6301958.624
PB323,203,LZPS-22,1827,4,8,2025-11-03 22:03:39.346459,347194.721,6301958.624
PB323,208,LZRB-88,298,0,3,2025-11-03 22:03:39.346460,347194.721,6301958.624
PB323,208,LZPG-21,2375,5,9,2025-11-03 22:03:39.346461,347194.721,6301958.624
PH549,H05,VFPS-69,4856,13,17,2025-11-03 22:03:44.895280,349455.583,6291954.702
PB526,429c,SLPB-36,1968,4,8,2025-11-03 22:03:46.871912,338014.833,6306241.217
PB526,430,PGLD-72,1968,4,8,2025-11-03 22:03:46.871918,338014.833,6306241.217
PB526,430,PGLD-62,1968,4,8,2025-11-03 22:03:46.871920,338014.833,6306241.217
PB526,435,SLPB-18,1745,4,8,2025-11-03 22:03:46.871921,338014.833,6306241.217
PB526,435,SLLZ-98,1968,4,8,2025-11-03 22:03:46.871922,338014.833,6306241.217
PH122,223,SHCX-13,611,0,2,2025-11-03 22:03:48.891580,346047.79,6290674.75
PH122,223,SHCV-45,4163,11,15,2025-11-03 22:03:48.891585,346047.79,6290674.75
PH122,201,GCBB-99,3535,9,13,2025-11-03 22:03:48.891586,346047.79,6290674.75
PH122,201,GCBB-88,4525,12,16,2025-11-03 22:03:48.891587,346047.79,6290674.75
PH122,301,BJFZ-67,2567,6,10,2025-11-03 22:03:48.891588,346047.79,6290674.75
PH122,301,CJRX-38,4163,11,15,2025-11-03 22:03:48.891589,346047.79,6290674.75
PH122,226,VFPH-98,2373,5,9,2025-11-03 22:03:48.891590,346047.79,6290674.75
PH122,226,VFPJ-61,4536,12,16,2025-11-03 22:03:48.891590,346047.79,6290674.75
PH122,229,VJZB-37,1434,3,7,2025-11-03 22:03:48.891591,346047.79,6290674.75
PH122,229,SFWZ-53,4249,11,15,2025-11-03 22:03:48.891592,346047.79,6290674.75
PH122,271,FZZF-94,974,0,3,2025-11-03 22:03:48.891593,346047.79,6290674.75
PH122,271,FLXX-20,1381,0,4,2025-11-03 22:03:48.891594,346047.79,6290674.75
PC72,425,SGPY-72,758,0,2,2025-11-03 22:03:50.957243,352440.37,6302103.05
PC72,425,SJPB-19,7392,21,25,2025-11-03 22:03:50.957247,352440.37,6302103.05
PC72,C20,SPCG-73,64,0,3,2025-11-03 22:03:50.957248,352440.37,6302103.05
PC72,C20,SGPY-63,895,0,3,2025-11-03 22:03:50.957249,352440.37,6302103.05
PC72,286,SFPG-56,4987,14,18,2025-11-03 22:03:50.957250,352440.37,6302103.05
PC72,286,SHCX-25,6098,17,21,2025-11-03 22:03:50.957251,352440.37,6302103.05
PC72,C11,SPCG-47,2904,7,11,2025-11-03 22:03:50.957252,352440.37,6302103.05
PC72,C11,SGPY-66,7546,22,26,2025-11-03 22:03:50.957252,352440.37,6302103.05
PC72,722,STHL-95,4780,13,17,2025-11-03 22:03:50.957253,352440.37,6302103.05
PC72,722,STHC-54,8876,28,60,2025-11-03 22:03:50.957254,352440.37,6302103.05
PC72,C22,SLYB-61,758,0,2,2025-11-03 22:03:50.957255,352440.37,6302103.05
PC72,712,SPZY-59,758,0,2,2025-11-03 22:03:50.957256,352440.37,6302103.05
PC72,712,SHCW-67,2565,6,10,2025-11-03 22:03:50.957257,352440.37,6302103.05
PC72,C15,SPCG-42,456,0,3,2025-11-03 22:03:50.957258,352440.37,6302103.05
PC72,C15,LDJW-53,7392,21,25,2025-11-03 22:03:50.957259,352440.37,6302103.05
PC72,C18,SHXF-44,758,0,2,2025-11-03 22:03:50.957259,352440.37,6302103.05
PC72,C18,SHXG-94,6255,18,22,2025-11-03 22:03:50.957260,352440.37,6302103.05
PC996,D18,SVDC-36,3478,9,13,2025-11-03 22:03:52.987785,349492.279,6298218.865
PC996,D18,SVDC-93,4625,13,17,2025-11-03 22:03:52.987790,349492.279,6298218.865
PI1569,506v,TBFT-84,1032,0,3,2025-11-03 22:03:54.604841,336291.795,6286273.219
PI1569,506v,TBFW-47,7366,21,25,2025-11-03 22:03:54.604846,336291.795,6286273.219
PI1569,115,FLXW-18,1817,4,8,2025-11-03 22:03:54.604847,336291.795,6286273.219
PI1569,115,PFXC-22,7549,22,26,2025-11-03 22:03:54.604848,336291.795,6286273.219
PH1653,H12,CJRB-13,4837,13,17,2025-11-03 22:03:56.240414,343640.52,6292635.47
PG149,F06,SPZY-48,6228,18,22,2025-11-03 22:03:58.016480,345951.523,6283866.994
PG149,F06,SPZY-44,9709,31,60,2025-11-03 22:03:58.016485,345951.523,6283866.994
PG149,G13,SHCV-30,3463,9,13,2025-11-03 22:03:58.016486,345951.523,6283866.994
PG149,G13,SFPG-64,5980,17,21,2025-11-03 22:03:58.016486,345951.523,6283866.994
PG149,302,BJFX-53,1403,0,4,2025-11-03 22:03:58.016487,345951.523,6283866.994
PG149,F20,SPZX-84,5148,14,18,2025-11-03 22:03:58.016489,345951.523,6283866.994
PG149,F20,SPZY-50,11532,36,60,2025-11-03 22:03:58.016490,345951.523,6283866.994
PG149,G28,BJFT-71,4547,12,16,2025-11-03 22:03:58.016491,345951.523,6283866.994
PG149,G28,BJFX-63,10067,32,60,2025-11-03 22:03:58.016492,345951.523,6283866.994
PG149,G11,THTH-15,1973,4,8,2025-11-03 22:03:58.016492,345951.523,6283866.994
PG149,G11,THTG-13,9007,28,60,2025-11-03 22:03:58.016493,345951.523,6283866.994
PI1801,J10,VHZX-41,1588,3,7,2025-11-03 22:04:00.060933,342325.62,6297192.17
PI1801,481,PFTW-78,3311,8,12,2025-11-03 22:04:00.060938,342325.62,6297192.17
PI1801,I03,FLXL-53,0,0,3,2025-11-03 22:04:00.060939,342325.62,6297192.17
PI1801,I03,FLXG-76,1142,0,4,2025-11-03 22:04:00.060940,342325.62,6297192.17
PB982,B06,SKDJ-33,4081,11,15,2025-11-03 22:04:02.093436,345895.245,6304125.561
PB982,B06,SPCG-41,9661,31,60,2025-11-03 22:04:02.093440,345895.245,6304125.561
PD1082,D01,SVDD-53,9006,28,60,2025-11-03 22:04:04.600060,356905.995,6296096.387
PD1082,D01,SVDD-54,9412,30,60,2025-11-03 22:04:04.600065,356905.995,6296096.387
PD1082,D10,SVDC-54,584,0,2,2025-11-03 22:04:04.600066,356905.995,6296096.387
PD1082,D10,SVDD-70,3214,8,12,2025-11-03 22:04:04.600067,356905.995,6296096.387
PF181,F01c,SPVT-88,1985,4,8,2025-11-03 22:04:06.123753,355365.98,6279949.11
PF181,F11,FLXS-34,1069,0,3,2025-11-03 22:04:06.123758,355365.98,6279949.11
PF181,F11,SKVB-19,4495,12,16,2025-11-03 22:04:06.123759,355365.98,6279949.11
PB642,B08,STHJ-89,9165,29,60,2025-11-03 22:04:08.160020,337883.163,6306785.175
PB642,B12,SKDG-28,3488,9,13,2025-11-03 22:04:08.160025,337883.163,6306785.175
PB642,B12,SKDG-11,7130,21,25,2025-11-03 22:04:08.160026,337883.163,6306785.175
PB642,314,VHTB-48,281,0,3,2025-11-03 22:04:08.160027,337883.163,6306785.175
PB642,314,TWPD-85,836,0,3,2025-11-03 22:04:08.160028,337883.163,6306785.175
PB642,B45,VHSY-34,1289,0,4,2025-11-03 22:04:08.160029,337883.163,6306785.175
PB642,B45,TWPD-87,5800,16,20,2025-11-03 22:04:08.160029,337883.163,6306785.175
PD1175,D14,PGLD-56,951,0,3,2025-11-03 22:04:10.152335,351784.389,6294104.994
PD1175,D14,SPBP-19,4695,13,17,2025-11-03 22:04:10.152339,351784.389,6294104.994
PG1339,G18,SHCV-34,2204,5,9,2025-11-03 22:04:14.248047,346556.953,6288100.266
PG1339,G18,SHXB-41,5709,16,20,2025-11-03 22:04:14.248052,346556.953,6288100.266
PI1517,I04,FLXF-63,5351,15,19,2025-11-03 22:04:16.306175,336124.222,6286525.457
PI1517,I04,FLXL-61,7237,21,25,2025-11-03 22:04:16.306180,336124.222,6286525.457
PD1096,D11,SVDF-19,1618,3,7,2025-11-03 22:04:18.315469,357842.817,6296019.949
PB511,B43,SGPW-45,3955,10,14,2025-11-03 22:04:20.324643,345813.794,6305752.585
PB511,B43,SJPC-76,10829,34,60,2025-11-03 22:04:20.324648,345813.794,6305752.585
PB511,B05,SPCG-48,3943,10,14,2025-11-03 22:04:20.324649,345813.794,6305752.585
PB511,B05,SPCG-59,4107,11,15,2025-11-03 22:04:20.324650,345813.794,6305752.585
PB511,B16,STHJ-68,1404,0,4,2025-11-03 22:04:20.324651,345813.794,6305752.585
PB511,B16,FLXS-50,4236,11,15,2025-11-03 22:04:20.324652,345813.794,6305752.585
PB511,425,SJPB-30,1016,0,3,2025-11-03 22:04:20.324653,345813.794,6305752.585
PB511,425,SJPB-33,5638,16,20,2025-11-03 22:04:20.324653,345813.794,6305752.585
PB511,429,SLPC-30,1454,3,7,2025-11-03 22:04:20.324654,345813.794,6305752.585
PB511,429,SLPC-27,7795,23,27,2025-11-03 22:04:20.324655,345813.794,6305752.585
PB511,429c,SLPB-36,11835,37,60,2025-11-03 22:04:20.324656,345813.794,6305752.585
PB511,430,PGBY-85,6505,19,23,2025-11-03 22:04:20.324657,345813.794,6305752.585
PB511,430,PGLD-72,11120,35,60,2025-11-03 22:04:20.324657,345813.794,6305752.585
PB511,435,SLPB-49,5304,15,19,2025-11-03 22:04:20.324658,345813.794,6305752.585
PB511,435,SLPB-18,10410,33,60,2025-11-03 22:04:20.324659,345813.794,6305752.585
PD12,103,SPBL-99,714,0,2,2025-11-03 22:04:22.337523,350698.995,6295626.833
PD12,103,SPBL-75,4876,13,17,2025-11-03 22:04:22.337529,350698.995,6295626.833
PD12,117,PFYC-18,1575,3,7,2025-11-03 22:04:22.337530,350698.995,6295626.833
PD12,117,PGRZ-88,6323,18,22,2025-11-03 22:04:22.337531,350698.995,6295626.833
PD12,114,SKWD-88,1683,3,7,2025-11-03 22:04:22.337532,350698.995,6295626.833
PD12,114,SKVD-75,2132,5,9,2025-11-03 22:04:22.337533,350698.995,6295626.833
PD715,D15,SVDD-43,2857,7,11,2025-11-03 22:04:24.237084,355698.425,6298327.869
PD715,D15,SVDD-48,3748,10,14,2025-11-03 22:04:24.237089,355698.425,6298327.869
PB132,429c,SLPB-36,15311,48,60,2025-11-03 22:04:25.776398,348716.929,6303894.787
PB132,722,STHC-54,3901,10,14,2025-11-03 22:04:25.776406,348716.929,6303894.787
PB132,425,SJPB-19,2299,5,9,2025-11-03 22:04:25.776408,348716.929,6303894.787
PB132,425,SJPB-30,4493,12,16,2025-11-03 22:04:25.776409,348716.929,6303894.787
PB132,429,SLPC-30,4714,13,17,2025-11-03 22:04:25.776411,348716.929,6303894.787
PB132,429,SLPC-27,11259,36,60,2025-11-03 22:04:25.776413,348716.929,6303894.787
PC1284,C37,SGPW-53,7069,20,24,2025-11-03 22:04:27.803274,359402.58,6302760.02
PC1284,C37,SHXD-67,9516,30,60,2025-11-03 22:04:27.803279,359402.58,6302760.02
PE456,E04,VKJZ-42,1327,0,4,2025-11-03 22:04:29.845888,353272.449,6289087.928
PE456,E04,VKJZ-69,7850,23,27,2025-11-03 22:04:29.845892,353272.449,6289087.928
PG1228,G09,SHCV-48,8450,0,3,2025-11-03 22:04:31.895441,341913.491,6284212.623
PG1228,G09,SDSW-73,2689,6,10,2025-11-03 22:04:31.895445,341913.491,6284212.623
PI260,404,PFYC-26,5050,14,18,2025-11-03 22:04:34.015988,337358.39,6295250.966
PI260,404,PFYC-64,8168,26,60,2025-11-03 22:04:34.015993,337358.39,6295250.966
PI260,111,FLXY-38,5252,15,19,2025-11-03 22:04:34.015994,337358.39,6295250.966
PI260,111,FLXX-58,6791,19,23,2025-11-03 22:04:34.015995,337358.39,6295250.966
PI260,I02,FLXZ-40,766,0,2,2025-11-03 22:04:34.015997,337358.39,6295250.966
PI260,I20,FLXL-70,1385,0,4,2025-11-03 22:04:34.015998,337358.39,6295250.966
PC978,412,PFTW-44,1568,3,7,2025-11-03 22:04:36.076161,352723.349,6299660.206
PC978,412,PFVG-77,4029,11,15,2025-11-03 22:04:36.076165,352723.349,6299660.206
PC978,418,PFTW-46,1023,0,3,2025-11-03 22:04:36.076167,352723.349,6299660.206
PC978,418,PFYC-49,6669,19,23,2025-11-03 22:04:36.076167,352723.349,6299660.206
PC978,429,SLGS-94,2295,5,9,2025-11-03 22:04:36.076168,352723.349,6299660.206
PC978,429,SLLZ-39,9497,30,60,2025-11-03 22:04:36.076169,352723.349,6299660.206
PC978,D08,SVDC-53,1420,0,4,2025-11-03 22:04:36.076170,352723.349,6299660.206
PC978,D08,STKS-99,8473,27,60,2025-11-03 22:04:36.076171,352723.349,6299660.206
PG2021,G43,FLXX-11,2641,6,10,2025-11-03 22:04:37.879452,344262.01,6279934.01
PF734,F12,SRVL-35,474,0,3,2025-11-03 22:04:39.899306,352619.287,6279037.438
PF734,F18,LCTG-23,1989,4,8,2025-11-03 22:04:39.899312,352619.287,6279037.438
PJ275,502,TBFS-38,1498,3,7,2025-11-03 22:04:41.930635,341011.413,6300477.605
PJ275,J05,TBFT-15,6082,17,21,2025-11-03 22:04:41.930641,341011.413,6300477.605
PJ275,J08,RPYP-60,1442,3,7,2025-11-03 22:04:41.930643,341011.413,6300477.605
PJ275,J08,FLXT-68,5627,16,20,2025-11-03 22:04:41.930644,341011.413,6300477.605
PC511,C06,LWTK-51,1152,0,4,2025-11-03 22:04:44.012518,352327.759,6300394.882
PC511,503,VGVF-75,1041,0,3,2025-11-03 22:04:44.012523,352327.759,6300394.882
PC511,503,VGVB-66,4837,13,17,2025-11-03 22:04:44.012525,352327.759,6300394.882
PC511,517,VHZY-60,3816,10,14,2025-11-03 22:04:44.012525,352327.759,6300394.882
PC511,517,VJJV-33,15190,48,60,2025-11-03 22:04:44.012526,352327.759,6300394.882
PB997,B43,SJPC-76,1557,3,7,2025-11-03 22:04:45.718464,340446.85,6308178.271
PB997,B43,SJPC-26,6164,17,21,2025-11-03 22:04:45.718469,340446.85,6308178.271
PD1637,103,SPBF-96,3414,9,13,2025-11-03 22:04:47.692008,350781.74,6293555.62
PD1637,103,SPBS-57,8910,28,60,2025-11-03 22:04:47.692012,350781.74,6293555.62
PD1637,117,PGBY-42,2006,4,8,2025-11-03 22:04:47.692014,350781.74,6293555.62
PD1637,117,SPBG-12,4659,13,17,2025-11-03 22:04:47.692015,350781.74,6293555.62
PD1637,114,SKVD-54,375,0,3,2025-11-03 22:04:47.692015,350781.74,6293555.62
PD1637,114,LDSV-91,3951,10,14,2025-11-03 22:04:47.692016,350781.74,6293555.62
PJ1613,I03,FLXJ-28,2507,6,10,2025-11-03 22:04:49.705700,341327.25,6296733.84
PJ1613,I03,FLXL-49,7886,23,27,2025-11-03 22:04:49.705704,341327.25,6296733.84
PD340,D03,SVDF-51,872,0,3,2025-11-03 22:04:54.125678,352538.647,6297076.883
PD340,227,VFPL-74,847,0,3,2025-11-03 22:04:54.125684,352538.647,6297076.883
PD340,227,VFPS-47,5363,15,19,2025-11-03 22:04:54.125686,352538.647,6297076.883
PD340,422,TBFX-13,730,0,2,2025-11-03 22:04:54.125687,352538.647,6297076.883
PD340,422,TBFT-41,4816,13,17,2025-11-03 22:04:54.125688,352538.647,6297076.883
PD340,505,VHZX-70,0,0,3,2025-11-03 22:04:54.125689,352538.647,6297076.883
PD340,505,SRTK-45,10206,32,60,2025-11-03 22:04:54.125690,352538.647,6297076.883
PD340,403,PFTW-45,3674,10,14,2025-11-03 22:04:54.125691,352538.647,6297076.883
PD340,403,SKPK-21,6679,19,23,2025-11-03 22:04:54.125692,352538.647,6297076.883
PD340,513,SRTG-97,2022,4,8,2025-11-03 22:04:54.125693,352538.647,6297076.883
PD340,513,VJBC-60,8809,28,60,2025-11-03 22:04:54.125694,352538.647,6297076.883
PD340,514,PFXC-67,3964,11,15,2025-11-03 22:04:54.125695,352538.647,6297076.883
PD340,514,FDJX-79,6746,19,23,2025-11-03 22:04:54.125696,352538.647,6297076.883
PG1060,G22,THTD-65,564,0,2,2025-11-03 22:04:55.701474,342274.461,6284274.115
PG1060,G22,THTH-31,1756,4,8,2025-11-03 22:04:55.701478,342274.461,6284274.115
PG1060,G09,SFGY-87,1304,0,4,2025-11-03 22:04:55.701480,342274.461,6284274.115
PG1060,G09,SCRZ-10,7246,21,25,2025-11-03 22:04:55.701480,342274.461,6284274.115
PI1920,I35,SHXB-34,3092,8,12,2025-11-03 22:04:57.487466,331812.0,6283726.0
PB1215,B12,SKDF-98,3207,8,12,2025-11-03 22:04:59.444225,340062.982,6310220.769
PB1215,B12,SKDG-39,8513,27,60,2025-11-03 22:04:59.444231,340062.982,6310220.769
PB1215,B33,SHCX-27,3113,8,12,2025-11-03 22:04:59.444232,340062.982,6310220.769
PG288,G11,THTH-12,7620,22,26,2025-11-03 22:05:01.185040,347727.551,6289871.89
PG288,G11,THTH-15,11117,35,60,2025-11-03 22:05:01.185045,347727.551,6289871.89
PG288,227,VFPL-57,969,0,3,2025-11-03 22:05:01.185046,347727.551,6289871.89
PG288,227,VFPH-35,3877,10,14,2025-11-03 22:05:01.185047,347727.551,6289871.89
PJ618,J13c,FLXW-38,2038,4,8,2025-11-03 22:05:02.910247,339806.75,6298177.797
PJ618,J13c,GCBD-92,6218,18,22,2025-11-03 22:05:02.910251,339806.75,6298177.797
PJ618,J18,VHZW-81,3849,10,14,2025-11-03 22:05:02.910253,339806.75,6298177.797
PJ618,J18,VJJX-18,7473,22,26,2025-11-03 22:05:02.910253,339806.75,6298177.797
PJ618,412,PFVG-76,1543,3,7,2025-11-03 22:05:02.910254,339806.75,6298177.797
PJ618,412,LXWP-87,8937,28,60,2025-11-03 22:05:02.910255,339806.75,6298177.797
PJ618,J13,TBFT-57,2523,6,10,2025-11-03 22:05:02.910256,339806.75,6298177.797
PJ618,J13,GCBF-35,6809,20,24,2025-11-03 22:05:02.910257,339806.75,6298177.797
PC483,D08,STKS-99,6085,17,21,2025-11-03 22:05:04.943676,355010.74,6299890.486
PC483,D08,SSXF-31,7000,20,24,2025-11-03 22:05:04.943681,355010.74,6299890.486
PC483,C05,LFSL-98,2961,7,11,2025-11-03 22:05:04.943682,355010.74,6299890.486
PC483,C05,LDTF-50,9872,31,60,2025-11-03 22:05:04.943683,355010.74,6299890.486
PC483,504,PFWZ-94,1020,0,3,2025-11-03 22:05:04.943684,355010.74,6299890.486
PC483,518,BJFH-36,70,0,3,2025-11-03 22:05:04.943685,355010.74,6299890.486
PB964,B06,SKDJ-33,0,0,3,2025-11-03 22:05:06.969804,343100.296,6305990.953
PB964,B06,SPCG-41,5313,15,19,2025-11-03 22:05:06.969808,343100.296,6305990.953
PB964,B21,SKDF-99,3980,11,15,2025-11-03 22:05:06.969809,343100.296,6305990.953
PB964,B21,SKDH-69,6204,18,22,2025-11-03 22:05:06.969810,343100.296,6305990.953
PJ237,424,PFXB-68,2424,6,10,2025-11-03 22:05:08.934003,337322.159,6295685.274
PJ237,424,GCBC-84,2705,7,11,2025-11-03 22:05:08.934009,337322.159,6295685.274
PA163,424,RPYP-58,919,0,3,2025-11-03 22:05:10.945684,344705.773,6297693.787
PA163,424,GCBC-71,8865,28,60,2025-11-03 22:05:10.945689,344705.773,6297693.787
PA163,210,RWTP-91,1235,0,4,2025-11-03 22:05:10.945690,344705.773,6297693.787
PA163,210,SXKV-94,1976,4,8,2025-11-03 22:05:10.945692,344705.773,6297693.787
PA163,210v,VFRD-65,35,0,3,2025-11-03 22:05:10.945693,344705.773,6297693.787
PA163,422,TBFW-31,204,0,3,2025-11-03 22:05:10.945694,344705.773,6297693.787
PA163,422,TBFP-74,3532,9,13,2025-11-03 22:05:10.945694,344705.773,6297693.787
PA163,385,FLXG-11,989,0,3,2025-11-03 22:05:10.945695,344705.773,6297693.787
PA163,419,PFVK-90,6235,18,22,2025-11-03 22:05:10.945696,344705.773,6297693.787
PA163,419,PFYG-55,13635,43,60,2025-11-03 22:05:10.945697,344705.773,6297693.787
PA163,404,PFZK-83,2354,5,9,2025-11-03 22:05:10.945698,344705.773,6297693.787
PA163,404,PFYC-46,5551,16,20,2025-11-03 22:05:10.945699,344705.773,6297693.787
PA163,481,PFVG-45,5715,16,20,2025-11-03 22:05:10.945700,344705.773,6297693.787
PA163,481,PGPT-41,6259,18,22,2025-11-03 22:05:10.945700,344705.773,6297693.787
PA163,423,PGPT-30,4311,12,16,2025-11-03 22:05:10.945701,344705.773,6297693.787
PA163,423,PGPT-15,4797,13,17,2025-11-03 22:05:10.945702,344705.773,6297693.787
PA163,345,FLXF-17,467,0,3,2025-11-03 22:05:10.945703,344705.773,6297693.787
PA163,345,CJRZ-73,3952,10,14,2025-11-03 22:05:10.945704,344705.773,6297693.787
PA163,106,PFYS-52,910,0,3,2025-11-03 22:05:10.945705,344705.773,6297693.787
PA163,106,PFYR-63,7550,22,26,2025-11-03 22:05:10.945705,344705.773,6297693.787
PG737,G02,FLXL-93,2846,7,11,2025-11-03 22:05:12.993581,342522.951,6280418.755
PG737,G02,FLXX-25,4830,13,17,2025-11-03 22:05:12.993589,342522.951,6280418.755
PD552,511,GCBC-75,2846,7,11,2025-11-03 22:05:14.765661,354941.861,6295276.84
PG973,F03,FLXJ-36,524,0,2,2025-11-03 22:05:16.333210,342048.282,6281999.997
PG973,F03,FLXT-48,10715,34,60,2025-11-03 22:05:16.333216,342048.282,6281999.997
PG973,G28,BJFS-58,1500,3,7,2025-11-03 22:05:16.333217,342048.282,6281999.997
PG973,G28,BJFT-71,10556,33,60,2025-11-03 22:05:16.333218,342048.282,6281999.997
PG973,G08v,FLXV-26,2255,5,9,2025-11-03 22:05:16.333220,342048.282,6281999.997
PG973,G08v,FLXV-25,8300,26,60,2025-11-03 22:05:16.333221,342048.282,6281999.997
PG973,G14,FLXP-22,2336,5,9,2025-11-03 22:05:16.333222,342048.282,6281999.997
PG973,G14,FLXX-29,2531,6,10,2025-11-03 22:05:16.333222,342048.282,6281999.997
PB1967,201,GCBB-80,1456,3,7,2025-11-03 22:05:18.333789,345072.909,6303013.444
PB1967,B27,FLXT-90,451,0,3,2025-11-03 22:05:18.333794,345072.909,6303013.444
PB1967,B27,FLXT-85,4784,13,17,2025-11-03 22:05:18.333795,345072.909,6303013.444
PB1967,230,GCBB-34,4843,13,17,2025-11-03 22:05:18.333796,345072.909,6303013.444
PB1967,308,FLXH-95,0,0,3,2025-11-03 22:05:18.333797,345072.909,6303013.444
PB1967,308,FLXH-34,6326,18,22,2025-11-03 22:05:18.333798,345072.909,6303013.444
PB1967,B41,GCBB-27,2169,5,9,2025-11-03 22:05:18.333799,345072.909,6303013.444
PB1967,B41,FLXZ-99,2844,7,11,2025-11-03 22:05:18.333799,345072.909,6303013.444
PF392,F20,SRVJ-72,1284,0,4,2025-11-03 22:05:20.343534,354828.703,6281899.91
PF392,F20,SPZX-62,7220,21,25,2025-11-03 22:05:20.343539,354828.703,6281899.91
PJ574,J01,CJRW-72,321,0,3,2025-11-03 22:05:22.360611,341030.312,6301787.959
PJ574,J01,FLXD-31,2507,6,10,2025-11-03 22:05:22.360616,341030.312,6301787.959
PG1305,G18,SFPG-39,4917,14,18,2025-11-03 22:05:24.265397,346678.737,6287265.867
PG1305,G18,SFPG-30,6647,19,23,2025-11-03 22:05:24.265401,346678.737,6287265.867
PG638,F06,SPZY-79,0,0,3,2025-11-03 22:05:25.892229,345769.249,6285731.921
PG638,F06,SPZY-48,8668,27,60,2025-11-03 22:05:25.892233,345769.249,6285731.921
PG638,G13,SHXB-22,2921,7,11,2025-11-03 22:05:25.892235,345769.249,6285731.921
PG638,G13,SHCV-30,5980,17,21,2025-11-03 22:05:25.892235,345769.249,6285731.921
PF294,F05,SRVK-82,2162,5,9,2025-11-03 22:05:27.986068,355740.024,6283391.062
PF294,F05,LBTT-20,3138,8,12,2025-11-03 22:05:27.986073,355740.024,6283391.062
PF294,124,SRVG-32,840,0,3,2025-11-03 22:05:27.986074,355740.024,6283391.062
PF294,124,SRVG-94,3194,8,12,2025-11-03 22:05:27.986075,355740.024,6283391.062
PF294,F14,SPRW-12,930,0,3,2025-11-03 22:05:27.986075,355740.024,6283391.062
PF294,F14,SPRY-32,5093,14,18,2025-11-03 22:05:27.986076,355740.024,6283391.062
PJ1938,J15c,TBFX-78,1574,3,7,2025-11-03 22:05:30.025034,336307.59,6300832.01
PJ1938,J15c,PFXC-40,5373,15,19,2025-11-03 22:05:30.025039,336307.59,6300832.01
PJ1938,J04,TBFT-40,6125,17,21,2025-11-03 22:05:30.025040,336307.59,6300832.01
PJ1938,J05,TBFT-99,4234,11,15,2025-11-03 22:05:30.025041,336307.59,6300832.01
PJ1938,J05,TBFT-36,9779,31,60,2025-11-03 22:05:30.025042,336307.59,6300832.01
PJ1938,J13c,FLXK-30,2660,6,10,2025-11-03 22:05:30.025042,336307.59,6300832.01
PJ1938,J13c,BJFB-78,4299,12,16,2025-11-03 22:05:30.025043,336307.59,6300832.01
PC467,504,PFXC-35,1100,3,7,2025-11-03 22:05:32.063738,350227.57,6298920.941
PC467,504,TBFW-58,7011,33,60,2025-11-03 22:05:32.063743,350227.57,6298920.941
PC467,518,PFWZ-55,4298,12,16,2025-11-03 22:05:32.063745,350227.57,6298920.941
PC467,518,TBFP-75,8487,27,60,2025-11-03 22:05:32.063746,350227.57,6298920.941
PB304,C18,SHXF-42,2326,5,9,2025-11-03 22:05:34.446952,347224.59,6303903.77
PB304,C18,SHCX-26,4226,11,15,2025-11-03 22:05:34.446957,347224.59,6303903.77
PB304,445,SLLZ-36,7219,21,25,2025-11-03 22:05:34.446958,347224.59,6303903.77
PB304,203,LZPT-43,810,0,3,2025-11-03 22:05:34.446959,347224.59,6303903.77
PB304,208,LXWT-85,1233,0,4,2025-11-03 22:05:34.446960,347224.59,6303903.77
PB304,208,LZRB-82,2290,5,9,2025-11-03 22:05:34.446961,347224.59,6303903.77
PI1532,I20,FLXK-74,3235,8,12,2025-11-03 22:05:36.439071,338762.331,6292728.265
PG205,G07,THTD-10,1652,3,7,2025-11-03 22:05:38.451933,341987.381,6280612.275
PG205,211c,THTD-56,3638,9,13,2025-11-03 22:05:38.451938,341987.381,6280612.275
PG205,211c,THTD-27,4850,13,17,2025-11-03 22:05:38.451939,341987.381,6280612.275
PG205,211,TBYY-63,7377,21,25,2025-11-03 22:05:38.451940,341987.381,6280612.275
PG205,211,TBYY-56,10703,34,60,2025-11-03 22:05:38.451941,341987.381,6280612.275
PG254,216,LZPG-14,6052,17,21,2025-11-03 22:05:40.478201,348329.71,6286995.583
PG254,216,LZPS-19,8527,27,60,2025-11-03 22:05:40.478206,348329.71,6286995.583
PG254,233,SDSW-85,6828,20,24,2025-11-03 22:05:40.478207,348329.71,6286995.583
PG254,233,SHXG-73,7928,23,27,2025-11-03 22:05:40.478208,348329.71,6286995.583
PG254,203,LZPW-13,952,0,3,2025-11-03 22:05:40.478209,348329.71,6286995.583
PG254,203,GCBF-48,2431,6,10,2025-11-03 22:05:40.478209,348329.71,6286995.583
PG254,206,FLXY-63,4712,13,17,2025-11-03 22:05:40.478210,348329.71,6286995.583
PG254,206,FLXW-70,5553,16,20,2025-11-03 22:05:40.478211,348329.71,6286995.583
PG254,206c,SFWZ-17,1072,0,3,2025-11-03 22:05:40.478212,348329.71,6286995.583
PG254,206c,LZPT-44,2892,7,11,2025-11-03 22:05:40.478213,348329.71,6286995.583
PG254,212,LZPG-26,1645,3,7,2025-11-03 22:05:40.478213,348329.71,6286995.583
PG254,212,LZPW-10,7400,21,25,2025-11-03 22:05:40.478214,348329.71,6286995.583
PH764,E04,VKJY-14,6143,17,21,2025-11-03 22:05:42.486687,348598.781,6292337.578
PH764,E04,VKJX-74,8067,23,27,2025-11-03 22:05:42.486693,348598.781,6292337.578
PJ15,101,PGPT-50,494,0,2,2025-11-03 22:05:44.488682,341302.36,6297988.72
PJ15,101,PGPS-92,2560,6,10,2025-11-03 22:05:44.488687,341302.36,6297988.72
PJ15,107,PGBY-54,0,0,3,2025-11-03 22:05:44.488688,341302.36,6297988.72
PJ15,107,PGRZ-73,4732,13,17,2025-11-03 22:05:44.488689,341302.36,6297988.72
PI452,I07,VHTB-32,758,0,2,2025-11-03 22:05:46.001564,337524.583,6294722.235
PF695,F24,SPRV-86,428,0,3,2025-11-03 22:05:47.747026,357064.545,6282111.362
PF695,F24,SPRV-91,3394,9,13,2025-11-03 22:05:47.747031,357064.545,6282111.362
PJ463,505,LXWR-86,2709,7,11,2025-11-03 22:05:49.530046,340858.6,6301240.531
PJ463,505,VHZZ-50,3377,9,13,2025-11-03 22:05:49.530051,340858.6,6301240.531
PJ463,513,VHZY-70,1700,3,7,2025-11-03 22:05:49.530052,340858.6,6301240.531
PJ463,513,VHZW-61,1713,3,7,2025-11-03 22:05:49.530053,340858.6,6301240.531
PJ292,502,BJFC-39,3439,9,13,2025-11-03 22:05:51.182576,342664.77,6300120.661
PJ292,502,BJFH-25,3984,11,15,2025-11-03 22:05:51.182581,342664.77,6300120.661
PJ292,B28,LDJW-31,2625,6,10,2025-11-03 22:05:51.182582,342664.77,6300120.661
PJ292,B28,TXZH-37,11819,37,60,2025-11-03 22:05:51.182583,342664.77,6300120.661
PJ292,J05,TBFT-36,2204,5,9,2025-11-03 22:05:51.182584,342664.77,6300120.661
PJ292,J05,GCBC-58,4630,13,17,2025-11-03 22:05:51.182585,342664.77,6300120.661
PJ292,542,TBFX-75,3684,10,14,2025-11-03 22:05:51.182585,342664.77,6300120.661
PJ292,542,TBFR-22,5085,14,18,2025-11-03 22:05:51.182586,342664.77,6300120.661
PG211,G08v,FLXV-17,318,0,3,2025-11-03 22:05:52.920888,341697.55,6280966.653
PG211,G08v,FLXV-31,4716,13,17,2025-11-03 22:05:52.920892,341697.55,6280966.653
PG211,G08,THTD-93,2287,5,9,2025-11-03 22:05:52.920894,341697.55,6280966.653
PG211,211c,THTG-93,3723,10,14,2025-11-03 22:05:52.920894,341697.55,6280966.653
PG211,211,TBYY-68,802,0,3,2025-11-03 22:05:52.920895,341697.55,6280966.653
PG211,211,TBZB-16,4124,11,15,2025-11-03 22:05:52.920896,341697.55,6280966.653
PG961,G08v,FLXV-25,251,0,3,2025-11-03 22:05:54.950346,346377.866,6286046.569
PG961,G08v,FLXV-30,498,0,2,2025-11-03 22:05:54.950351,346377.866,6286046.569
PG961,G08,THTG-85,1509,3,7,2025-11-03 22:05:54.950353,346377.866,6286046.569
PH295,119,CJRX-71,790,0,2,2025-11-03 22:05:57.025120,344770.457,6293990.242
PH295,119,BJFZ-65,2826,7,11,2025-11-03 22:05:57.025126,344770.457,6293990.242
PG273,302,BJFV-25,6841,20,24,2025-11-03 22:05:59.071455,344636.417,6290347.136
PG273,302,BJFT-59,9977,32,60,2025-11-03 22:05:59.071460,344636.417,6290347.136
PA150,205,LZRD-64,1107,0,3,2025-11-03 22:06:01.381265,347334.67,6296335.33
PA150,205,LZRD-89,4793,13,17,2025-11-03 22:06:01.381269,347334.67,6296335.33
PA150,207,SDGY-28,1309,0,4,2025-11-03 22:06:01.381271,347334.67,6296335.33
PA150,207,SDGY-36,2986,7,11,2025-11-03 22:06:01.381271,347334.67,6296335.33
PA150,207e,VJLK-23,2833,7,11,2025-11-03 22:06:01.381272,347334.67,6296335.33
PA150,207e,VJKL-76,3458,9,13,2025-11-03 22:06:01.381273,347334.67,6296335.33
PA150,209,SFST-40,459,0,3,2025-11-03 22:06:01.381274,347334.67,6296335.33
PA150,209,VJJX-37,2809,7,11,2025-11-03 22:06:01.381275,347334.67,6296335.33
PE707,E11,VKJY-93,1140,0,4,2025-11-03 22:06:03.344511,351182.639,6285203.506
PE707,E11,VKJZ-53,4189,11,15,2025-11-03 22:06:03.344516,351182.639,6285203.506
PE707,E16,VJWY-41,4150,11,15,2025-11-03 22:06:03.344518,351182.639,6285203.506
PF954,F20,SPZX-73,153,0,3,2025-11-03 22:06:05.396551,355762.652,6281723.708
PF954,F20,SRVJ-72,2416,6,10,2025-11-03 22:06:05.396556,355762.652,6281723.708
PB783,C18,SHCX-26,392,0,3,2025-11-03 22:06:11.137630,346527.129,6306164.872
PB783,C18,SJPC-33,3295,8,12,2025-11-03 22:06:11.137635,346527.129,6306164.872
PB783,445,SJPD-82,0,0,3,2025-11-03 22:06:11.137636,346527.129,6306164.872
PB783,445,SLLZ-36,10536,33,60,2025-11-03 22:06:11.137637,346527.129,6306164.872
PG477,G01,THTF-53,1882,4,8,2025-11-03 22:06:12.998323,347669.239,6288770.777
PG477,G01,THTD-86,5176,14,18,2025-11-03 22:06:12.998328,347669.239,6288770.777
PG477,E05,BJFV-22,2749,7,11,2025-11-03 22:06:12.998330,347669.239,6288770.777
PH312,G09,SCRZ-10,469,0,3,2025-11-03 22:06:14.737798,342719.889,6288819.305
PH312,G09,SFGY-15,946,0,3,2025-11-03 22:06:14.737803,342719.889,6288819.305
PH312,119,FLXJ-11,3019,8,12,2025-11-03 22:06:14.737804,342719.889,6288819.305
PH312,119,BJFZ-55,5650,16,20,2025-11-03 22:06:14.737805,342719.889,6288819.305
PH312,H03,CJRW-22,5106,14,18,2025-11-03 22:06:14.737806,342719.889,6288819.305
PH312,H12,FLXH-16,4420,12,16,2025-11-03 22:06:14.737807,342719.889,6288819.305
PH312,H12,FLXD-78,9314,29,60,2025-11-03 22:06:14.737808,342719.889,6288819.305
PC102,C07,SKPP-18,255,0,3,2025-11-03 22:06:16.213547,353774.289,6303871.293
PC102,C07,SHCY-27,5216,14,18,2025-11-03 22:06:16.213553,353774.289,6303871.293
PC102,C14,SLYB-60,2730,7,11,2025-11-03 22:06:16.213554,353774.289,6303871.293
PI1837,113,FLXW-87,2655,6,10,2025-11-03 22:06:18.298564,337763.5,6289446.35
PI1837,113,FLXX-61,7566,22,26,2025-11-03 22:06:18.298570,337763.5,6289446.35
PI1837,I12,FLXY-47,3782,10,14,2025-11-03 22:06:18.298571,337763.5,6289446.35
PI1837,I12,FLXY-28,6271,18,22,2025-11-03 22:06:18.298572,337763.5,6289446.35
PI1837,115,TBFW-40,6142,17,21,2025-11-03 22:06:18.298573,337763.5,6289446.35
PA247,402,PFYC-53,650,0,2,2025-11-03 22:06:20.340582,345292.12,6299119.98
PA247,402,SKPK-28,2405,6,10,2025-11-03 22:06:20.340588,345292.12,6299119.98
PF602,F33,SRVK-11,2983,7,11,2025-11-03 22:06:22.342076,349774.408,6277843.133
PF602,F33,SRVL-24,4958,14,18,2025-11-03 22:06:22.342082,349774.408,6277843.133
PF602,F13,SRRY-62,1135,0,4,2025-11-03 22:06:22.342084,349774.408,6277843.133
PF602,F13,SRPK-12,6268,18,22,2025-11-03 22:06:22.342085,349774.408,6277843.133
PA146,E04,VKJY-14,9779,31,60,2025-11-03 22:06:24.371062,347439.497,6294844.502
PA146,E04,VKJX-74,11642,37,60,2025-11-03 22:06:24.371067,347439.497,6294844.502
PA146,205,LZRD-64,206,0,3,2025-11-03 22:06:24.371069,347439.497,6294844.502
PA146,205,LZRD-89,4024,11,15,2025-11-03 22:06:24.371070,347439.497,6294844.502
PA146,D07,SVDF-29,217,0,3,2025-11-03 22:06:24.371071,347439.497,6294844.502
PA146,D07,SVDC-30,3241,8,12,2025-11-03 22:06:24.371072,347439.497,6294844.502
PA146,207,SDGY-36,1449,3,7,2025-11-03 22:06:24.371073,347439.497,6294844.502
PA146,207,SFST-32,6708,19,23,2025-11-03 22:06:24.371074,347439.497,6294844.502
PA146,209,VJJX-37,1804,4,8,2025-11-03 22:06:24.371075,347439.497,6294844.502
PA146,209,VJXW-46,3320,8,12,2025-11-03 22:06:24.371076,347439.497,6294844.502
PA146,227,VGBW-68,6774,19,23,2025-11-03 22:06:24.371077,347439.497,6294844.502
PD115,519,FLXV-86,594,0,2,2025-11-03 22:06:26.105367,350489.506,6296320.895
PD115,519,GCBC-80,2230,5,9,2025-11-03 22:06:26.105371,350489.506,6296320.895
PD115,516,GCBC-50,766,0,2,2025-11-03 22:06:26.105372,350489.506,6296320.895
PD115,516,TBFW-67,5485,15,19,2025-11-03 22:06:26.105373,350489.506,6296320.895
PD115,506,GCBD-82,145,0,3,2025-11-03 22:06:26.105374,350489.506,6296320.895
PD115,506,TBFW-66,2438,11,15,2025-11-03 22:06:26.105375,350489.506,6296320.895
PD115,506e,LZPH-26,505,0,2,2025-11-03 22:06:26.105376,350489.506,6296320.895
PD115,506e,LXWR-71,3284,8,12,2025-11-03 22:06:26.105377,350489.506,6296320.895
PD115,506v,FLXV-47,2229,5,9,2025-11-03 22:06:26.105378,350489.506,6296320.895
PD115,506v,SZZY-76,8613,27,60,2025-11-03 22:06:26.105378,350489.506,6296320.895
PD115,507,TBFX-11,424,0,3,2025-11-03 22:06:26.105379,350489.506,6296320.895
PD115,507,GCBC-42,399,0,3,2025-11-03 22:06:26.105380,350489.506,6296320.895
PD115,510,TBFR-13,2077,5,9,2025-11-03 22:06:26.105381,350489.506,6296320.895
PD115,510,TBFR-23,7432,21,25,2025-11-03 22:06:26.105381,350489.506,6296320.895
PD115,511,GCBD-29,1865,4,8,2025-11-03 22:06:26.105382,350489.506,6296320.895
PD115,511,TBFT-61,10623,34,60,2025-11-03 22:06:26.105384,350489.506,6296320.895
PD1434,D17,PGBY-68,8356,26,60,2025-11-03 22:06:27.833472,355821.679,6292239.345
PD1434,D17,PFYC-71,13388,42,60,2025-11-03 22:06:27.833477,355821.679,6292239.345
PD1434,D17v,PGTT-86,115,0,3,2025-11-03 22:06:27.833478,355821.679,6292239.345
PB925,B25,FLXP-73,3776,10,14,2025-11-03 22:06:29.860518,345828.868,6305209.168
PB925,B25,FLXS-52,7509,22,26,2025-11-03 22:06:29.860524,345828.868,6305209.168
PB925,B06,SKDJ-86,1641,3,7,2025-11-03 22:06:29.860525,345828.868,6305209.168
PB925,B06,SKDH-61,2166,5,9,2025-11-03 22:06:29.860526,345828.868,6305209.168
PA395,505,VHZX-81,1897,4,8,2025-11-03 22:06:31.872005,347262.4,6299117.31
PA395,505,VJJV-18,8035,23,27,2025-11-03 22:06:31.872009,347262.4,6299117.31
PA395,508,FLXV-89,5866,17,21,2025-11-03 22:06:31.872011,347262.4,6299117.31
PA395,508,TBFT-56,10503,33,60,2025-11-03 22:06:31.872012,347262.4,6299117.31
PA395,504,GCBF-13,2565,6,10,2025-11-03 22:06:31.872012,347262.4,6299117.31
PA395,504,TBFX-74,5010,14,18,2025-11-03 22:06:31.872013,347262.4,6299117.31
PD197,210,RWTP-81,1546,3,7,2025-11-03 22:06:33.989181,349848.0,6292506.0
PD197,210,RYJG-90,3091,8,12,2025-11-03 22:06:33.989185,349848.0,6292506.0
PD197,210v,VFPJ-25,2700,7,11,2025-11-03 22:06:33.989186,349848.0,6292506.0
PD197,210v,VFPS-48,6463,18,22,2025-11-03 22:06:33.989187,349848.0,6292506.0
PD197,D14,PGTT-89,902,0,3,2025-11-03 22:06:33.989188,349848.0,6292506.0
PD197,H05,VFPS-69,4944,14,18,2025-11-03 22:06:33.989189,349848.0,6292506.0
PD197,H05,VFPL-71,11449,36,60,2025-11-03 22:06:33.989190,349848.0,6292506.0
PI588,I10,FLXK-93,2970,7,11,2025-11-03 22:06:35.690121,339451.957,6294446.302
PI588,I10,FLXL-56,5235,15,19,2025-11-03 22:06:35.690126,339451.957,6294446.302
PI588,509,FLXV-33,1106,0,3,2025-11-03 22:06:35.690127,339451.957,6294446.302
PI588,509,CJRW-81,6504,19,23,2025-11-03 22:06:35.690128,339451.957,6294446.302
PI588,I03,FLXL-49,3574,9,13,2025-11-03 22:06:35.690129,339451.957,6294446.302
PI588,I03,FLXJ-17,5449,15,19,2025-11-03 22:06:35.690129,339451.957,6294446.302
PJ78,110,LZPH-36,3935,10,14,2025-11-03 22:06:37.703315,336362.642,6296487.208
PJ78,110,LZPH-37,5945,17,21,2025-11-03 22:06:37.703320,336362.642,6296487.208
PJ78,110c,FLXP-41,1558,3,7,2025-11-03 22:06:37.703321,336362.642,6296487.208
PJ78,111,FLXZ-66,2169,5,9,2025-11-03 22:06:37.703322,336362.642,6296487.208
PJ78,111,FLXX-65,6480,18,22,2025-11-03 22:06:37.703322,336362.642,6296487.208
PC1127,C03,SKDH-85,358,0,3,2025-11-03 22:06:39.687549,351485.022,6304042.64
PC1127,C03,LWTK-46,744,0,2,2025-11-03 22:06:39.687553,351485.022,6304042.64
PJ911,J19,VGVF-48,6682,19,23,2025-11-03 22:06:41.674542,340914.31,6297487.03
PJ911,J19,VGTZ-89,8054,23,27,2025-11-03 22:06:41.674547,340914.31,6297487.03
PJ911,511,GCBD-35,221,0,3,2025-11-03 22:06:41.674549,340914.31,6297487.03
PJ911,511,TBFX-36,2590,6,10,2025-11-03 22:06:41.674550,340914.31,6297487.03
PJ911,514,FLXW-56,2006,4,8,2025-11-03 22:06:41.674551,340914.31,6297487.03
PJ911,514,TBFV-10,5958,17,21,2025-11-03 22:06:41.674552,340914.31,6297487.03
PJ911,J10,VHZX-11,6220,18,22,2025-11-03 22:06:41.674553,340914.31,6297487.03
PJ911,J10,VHZX-31,7281,21,25,2025-11-03 22:06:41.674554,340914.31,6297487.03
PC656,C03,SKDJ-69,145,0,3,2025-11-03 22:06:43.694935,355572.824,6305328.302
PC656,C03,SKDG-73,1430,3,7,2025-11-03 22:06:43.694940,355572.824,6305328.302
PD1390,325,VFJJ-50,1751,4,8,2025-11-03 22:06:48.323610,351505.386,6296080.498
PD1390,325,VFJK-31,8628,27,60,2025-11-03 22:06:48.323615,351505.386,6296080.498
PE101,204,VFRB-67,1484,3,7,2025-11-03 22:06:50.365945,350727.53,6288833.534
PE101,204,VFPB-85,3900,10,14,2025-11-03 22:06:50.365950,350727.53,6288833.534
PE101,234,SDGY-26,4191,11,15,2025-11-03 22:06:50.365951,350727.53,6288833.534
PG700,G38,THTG-76,276,0,3,2025-11-03 22:06:52.461526,342090.632,6277958.655
PG700,G38,THTF-54,6449,18,22,2025-11-03 22:06:52.461531,342090.632,6277958.655
PG700,211,FLXL-94,273,0,3,2025-11-03 22:06:52.461532,342090.632,6277958.655
PG700,211,TBYY-57,1637,3,7,2025-11-03 22:06:52.461533,342090.632,6277958.655
PG700,G02,FLXX-13,1218,0,4,2025-11-03 22:06:52.461534,342090.632,6277958.655
PG700,G02,FLXX-19,4828,13,17,2025-11-03 22:06:52.461534,342090.632,6277958.655
PG700,G08v,FLXX-33,698,0,2,2025-11-03 22:06:52.461535,342090.632,6277958.655
PG700,G08v,FLXV-13,4795,13,17,2025-11-03 22:06:52.461536,342090.632,6277958.655
PG700,G07,THTD-10,4608,13,17,2025-11-03 22:06:52.461537,342090.632,6277958.655
PF627,F02,SHXF-36,1077,0,3,2025-11-03 22:06:56.182487,352494.706,6278719.853
PF627,F02,SHXF-39,4475,12,16,2025-11-03 22:06:56.182491,352494.706,6278719.853
PE20,E12,VFJS-29,1386,0,4,2025-11-03 22:06:57.943778,354965.75,6286104.893
PE20,E12,VFJD-26,1983,4,8,2025-11-03 22:06:57.943784,354965.75,6286104.893
PE20,102,LBTS-75,1342,0,4,2025-11-03 22:06:57.943785,354965.75,6286104.893
PE20,102,FLXS-39,2721,7,11,2025-11-03 22:06:57.943786,354965.75,6286104.893
PE20,104,SKWD-26,7375,21,25,2025-11-03 22:06:57.943787,354965.75,6286104.893
PE20,104,SKWD-38,8388,26,60,2025-11-03 22:06:57.943787,354965.75,6286104.893
PE20,114,SKWD-59,3234,8,12,2025-11-03 22:06:57.943788,354965.75,6286104.893
PE20,114,SKVD-53,7972,23,27,2025-11-03 22:06:57.943789,354965.75,6286104.893
PE20,E01,VKJY-74,2927,7,11,2025-11-03 22:06:57.943790,354965.75,6286104.893
PE20,E04,VKJX-59,1454,3,7,2025-11-03 22:06:57.943791,354965.75,6286104.893
PE20,E04,VKJZ-42,4308,12,16,2025-11-03 22:06:57.943792,354965.75,6286104.893
PE20,712,SHCW-72,1038,0,3,2025-11-03 22:06:57.943793,354965.75,6286104.893
PE20,712,SHCW-81,1038,0,3,2025-11-03 22:06:57.943794,354965.75,6286104.893
PE20,124,LBTS-95,2821,7,11,2025-11-03 22:06:57.943795,354965.75,6286104.893
PE20,E14,VKJX-90,2377,6,10,2025-11-03 22:06:57.943796,354965.75,6286104.893
PG1582,G38,THTF-54,5108,14,18,2025-11-03 22:07:02.020059,343029.821,6278233.287
PG1582,G38,THTF-99,7709,22,26,2025-11-03 22:07:02.020064,343029.821,6278233.287
PG1582,G08,THTC-29,1661,3,7,2025-11-03 22:07:02.020065,343029.821,6278233.287
PG1582,G08,THTG-58,2765,7,11,2025-11-03 22:07:02.020066,343029.821,6278233.287
PI34,I13,FLXY-11,400,0,3,2025-11-03 22:07:04.090287,339778.312,6293539.368
PI34,I13,FLXX-72,1682,10,14,2025-11-03 22:07:04.090292,339778.312,6293539.368
PI34,I14,BJFT-10,7038,20,24,2025-11-03 22:07:04.090293,339778.312,6293539.368
PI34,I20,FLXK-74,5083,14,18,2025-11-03 22:07:04.090294,339778.312,6293539.368
PI34,I20,FLXZ-70,8002,23,27,2025-11-03 22:07:04.090295,339778.312,6293539.368
PI34,101,PGPT-12,74,0,3,2025-11-03 22:07:04.090295,339778.312,6293539.368
PI34,101,PFYR-78,4839,13,17,2025-11-03 22:07:04.090296,339778.312,6293539.368
PI34,481,PGPT-41,212,0,3,2025-11-03 22:07:04.090297,339778.312,6293539.368
PI34,481,PFYR-72,1551,3,7,2025-11-03 22:07:04.090298,339778.312,6293539.368
PI34,I25,FLXL-86,5451,15,19,2025-11-03 22:07:04.090299,339778.312,6293539.368
PI34,I25,FLXL-76,13498,43,60,2025-11-03 22:07:04.090300,339778.312,6293539.368
PI34,I04,FLXF-92,2774,7,11,2025-11-03 22:07:04.090300,339778.312,6293539.368
PI34,I04,FLXL-13,4165,11,15,2025-11-03 22:07:04.090301,339778.312,6293539.368
PD395,418,PFYC-49,286,0,3,2025-11-03 22:07:06.144557,355911.811,6295816.969
PD395,418,LXWP-80,1405,0,4,2025-11-03 22:07:06.144563,355911.811,6295816.969
PD395,425,SJPB-24,3764,10,14,2025-11-03 22:07:06.144564,355911.811,6295816.969
PD395,425,SJPC-77,3791,10,14,2025-11-03 22:07:06.144565,355911.811,6295816.969
PD395,429,SLLZ-39,3102,8,12,2025-11-03 22:07:06.144566,355911.811,6295816.969
PD395,429,SLPB-53,5273,15,19,2025-11-03 22:07:06.144567,355911.811,6295816.969
PG252,G34,THTG-62,875,0,3,2025-11-03 22:07:08.134422,345089.37,6287007.31
PG252,G34,THTG-66,2915,7,11,2025-11-03 22:07:08.134427,345089.37,6287007.31
PG252,428,SHCX-62,3937,10,14,2025-11-03 22:07:08.134428,345089.37,6287007.31
PG252,428,SHXD-69,10061,32,60,2025-11-03 22:07:08.134429,345089.37,6287007.31
PG252,428e,SKPH-72,11019,35,60,2025-11-03 22:07:08.134430,345089.37,6287007.31
PG252,428e,SHXD-68,30120,95,60,2025-11-03 22:07:08.134431,345089.37,6287007.31
PG252,444,SKPK-63,5551,16,20,2025-11-03 22:07:08.134432,345089.37,6287007.31
PG252,444,SKPK-62,15709,50,60,2025-11-03 22:07:08.134433,345089.37,6287007.31
PG252,223,SHCX-23,844,0,3,2025-11-03 22:07:08.134434,345089.37,6287007.31
PH574,H06,FLXJ-29,418,0,3,2025-11-03 22:07:10.162568,343099.433,6289809.684
PH574,H06,FLXD-72,4447,12,16,2025-11-03 22:07:10.162573,343099.433,6289809.684
PD397,418,PFYC-49,762,0,2,2025-11-03 22:07:12.155098,355836.676,6296279.448
PD397,418,LXWP-80,1881,4,8,2025-11-03 22:07:12.155103,355836.676,6296279.448
PD397,425,SJPB-24,4240,11,15,2025-11-03 22:07:12.155105,355836.676,6296279.448
PD397,425,SJPC-77,4266,11,15,2025-11-03 22:07:12.155107,355836.676,6296279.448
PD397,429,SLLZ-39,3577,9,13,2025-11-03 22:07:12.155108,355836.676,6296279.448
PD397,429,SLPB-53,5749,16,20,2025-11-03 22:07:12.155108,355836.676,6296279.448
PB1679,B18,STHK-38,382,0,3,2025-11-03 22:07:14.253887,339742.334,6305430.196
PB1679,B18e,FLXP-68,382,0,3,2025-11-03 22:07:14.253893,339742.334,6305430.196
PB1679,B18e,FLXP-71,382,0,3,2025-11-03 22:07:14.253894,339742.334,6305430.196
PF990,F15,SRVH-11,2,0,3,2025-11-03 22:07:16.281100,351651.297,6279832.976
PF990,F15,LCTG-28,5819,16,20,2025-11-03 22:07:16.281105,351651.297,6279832.976
PF990,F29,SPVW-21,3855,10,14,2025-11-03 22:07:16.281107,351651.297,6279832.976
PG1244,G15,THTF-35,1124,0,4,2025-11-03 22:07:18.288807,347295.257,6284966.545
PC830,C09,SHXF-98,5027,14,18,2025-11-03 22:07:20.333849,358321.774,6302320.424
PC830,C09,SGPY-73,9285,29,60,2025-11-03 22:07:20.333854,358321.774,6302320.424
PB1281,B21,SKDG-96,574,0,2,2025-11-03 22:07:22.335490,346611.439,6302643.926
PB1281,B14,FLXT-52,3133,8,12,2025-11-03 22:07:22.335496,346611.439,6302643.926
PB1281,B14,FLXJ-58,10741,34,60,2025-11-03 22:07:22.335497,346611.439,6302643.926
PG1701,207,SDGY-32,1362,0,4,2025-11-03 22:07:23.919936,348983.523,6278254.749
PG1701,207,RYJG-97,1404,0,4,2025-11-03 22:07:23.919940,348983.523,6278254.749
PG1701,207c,VJXW-48,7116,20,24,2025-11-03 22:07:23.919941,348983.523,6278254.749
PG1701,207c,VJJV-87,7490,22,26,2025-11-03 22:07:23.919942,348983.523,6278254.749
PC54,712,SHXG-93,6492,18,22,2025-11-03 22:07:25.503188,353230.47,6300637.19
PC54,712,SHCY-19,13115,41,60,2025-11-03 22:07:25.503194,353230.47,6300637.19
PC54,219e,SFVZ-70,16223,51,60,2025-11-03 22:07:25.503195,353230.47,6300637.19
PC54,C01,LDJJ-85,1173,0,4,2025-11-03 22:07:25.503196,353230.47,6300637.19
PC54,286,SFPG-63,5388,15,19,2025-11-03 22:07:25.503197,353230.47,6300637.19
PC54,286,SDSW-70,7921,23,27,2025-11-03 22:07:25.503198,353230.47,6300637.19
PC54,425,SJPC-32,0,0,3,2025-11-03 22:07:25.503199,353230.47,6300637.19
PC54,425,SJPB-22,3632,9,13,2025-11-03 22:07:25.503200,353230.47,6300637.19
PG1772,G11,THTF-68,1317,0,4,2025-11-03 22:07:27.210972,347198.632,6287564.312
PG1772,G11,THTH-12,4159,11,15,2025-11-03 22:07:27.210977,347198.632,6287564.312
PD1302,D10,SVDD-87,5002,14,18,2025-11-03 22:07:29.256858,351574.882,6293127.854
PD1302,D10,SVDD-58,9109,29,60,2025-11-03 22:07:29.256863,351574.882,6293127.854
PA570,I01,FLXG-93,1072,0,3,2025-11-03 22:07:33.742725,347743.528,6295868.595
PG1031,G22,THTF-27,1927,4,8,2025-11-03 22:07:35.774877,341743.538,6282776.745
PI118,108,PFVD-36,695,0,2,2025-11-03 22:07:37.824032,340269.48,6290983.731
PI118,108,PFTW-68,6620,19,23,2025-11-03 22:07:37.824036,340269.48,6290983.731
PI118,115,FLXV-99,219,0,3,2025-11-03 22:07:37.824038,340269.48,6290983.731
PI118,115,TBFS-33,2484,6,10,2025-11-03 22:07:37.824038,340269.48,6290983.731
PI118,109,FDJX-63,1702,3,7,2025-11-03 22:07:37.824039,340269.48,6290983.731
PI118,109,FLXK-33,4513,12,16,2025-11-03 22:07:37.824040,340269.48,6290983.731
PI118,113,FLXW-87,4789,13,17,2025-11-03 22:07:37.824041,340269.48,6290983.731
PI118,113,FLXX-61,10252,32,60,2025-11-03 22:07:37.824042,340269.48,6290983.731
PB546,315e,TWPC-87,1350,0,4,2025-11-03 22:07:39.848453,339497.234,6308167.514
PB546,315e,VHSY-44,4224,11,15,2025-11-03 22:07:39.848459,339497.234,6308167.514
PB546,B43,SJPC-26,3469,9,13,2025-11-03 22:07:39.848460,339497.234,6308167.514
PB546,B43,SHCX-55,5178,14,18,2025-11-03 22:07:39.848461,339497.234,6308167.514
PJ625,J01,FLXL-91,814,0,3,2025-11-03 22:07:41.806911,338522.467,6297411.267
PJ625,J01,FLXD-29,3871,10,14,2025-11-03 22:07:41.806916,338522.467,6297411.267
PJ625,J10,VHZX-41,4599,13,17,2025-11-03 22:07:41.806917,338522.467,6297411.267
PJ625,J10,VHZZ-20,9713,31,60,2025-11-03 22:07:41.806918,338522.467,6297411.267
PB537,B21,SKDJ-73,1563,3,7,2025-11-03 22:07:43.931507,337337.83,6307327.88
PB537,B43,SHCX-55,1049,0,3,2025-11-03 22:07:43.931512,337337.83,6307327.88
PB537,315e,VHSY-44,432,0,3,2025-11-03 22:07:43.931513,337337.83,6307327.88
PD299,403,PFVG-85,2352,5,9,2025-11-03 22:07:49.957347,356577.29,6297634.08
PD299,517,VHXK-53,1393,0,4,2025-11-03 22:07:49.957352,356577.29,6297634.08
PD299,D01,SVDF-28,6349,18,22,2025-11-03 22:07:49.957353,356577.29,6297634.08
PD299,227,VFPD-81,0,0,3,2025-11-03 22:07:49.957354,356577.29,6297634.08
PD299,422,GCBD-49,175,0,3,2025-11-03 22:07:49.957355,356577.29,6297634.08
PD299,422,TBFW-78,4840,13,17,2025-11-03 22:07:49.957356,356577.29,6297634.08
PE452,E04,VKJX-74,1131,0,4,2025-11-03 22:07:51.951100,353038.187,6289629.156
PE452,E04,VKJX-53,2583,6,10,2025-11-03 22:07:51.951104,353038.187,6289629.156
PG2019,G38,THTD-69,1083,0,3,2025-11-03 22:07:54.315678,344053.01,6281141.01
PG2019,G38,THTD-15,3524,9,13,2025-11-03 22:07:54.315683,344053.01,6281141.01
PG2019,G43,FLXX-34,219,0,3,2025-11-03 22:07:54.315684,344053.01,6281141.01
PG2019,G24,GCWF-76,2754,7,11,2025-11-03 22:07:54.315685,344053.01,6281141.01
PA124,204,VFPL-41,974,0,3,2025-11-03 22:07:56.283856,347844.89,6295861.67
PA124,234,SDGY-27,2473,6,10,2025-11-03 22:07:56.283861,347844.89,6295861.67
PI1039,I08,FLXY-12,643,0,2,2025-11-03 22:07:58.290233,336697.227,6293160.143
PI1039,I08,FLXZ-82,4048,11,15,2025-11-03 22:07:58.290237,336697.227,6293160.143
PB1021,B43,SJPC-47,3507,9,13,2025-11-03 22:08:00.318787,340229.318,6308432.242
PF879,204,VFPS-89,1274,0,4,2025-11-03 22:08:02.452662,355738.131,6280728.535
PF879,204,VFHK-96,2674,6,10,2025-11-03 22:08:02.452667,355738.131,6280728.535
PF879,210v,VFPZ-92,2258,5,9,2025-11-03 22:08:02.452668,355738.131,6280728.535
PF879,210v,VFPL-31,3413,9,13,2025-11-03 22:08:02.452669,355738.131,6280728.535
PF879,F11,SKVB-19,1935,4,8,2025-11-03 22:08:02.452670,355738.131,6280728.535
PF879,F11,SKTZ-96,5450,15,19,2025-11-03 22:08:02.452671,355738.131,6280728.535
PF879,F29,SPVT-82,2886,7,11,2025-11-03 22:08:02.452672,355738.131,6280728.535
PF879,F29,SPVW-73,3445,9,13,2025-11-03 22:08:02.452672,355738.131,6280728.535
PF879,F05,SPZX-74,626,0,2,2025-11-03 22:08:02.452673,355738.131,6280728.535
PF879,F05,SPZY-63,6475,18,22,2025-11-03 22:08:02.452674,355738.131,6280728.535
PF879,F06,TXZH-48,1592,3,7,2025-11-03 22:08:02.452675,355738.131,6280728.535
PF879,F06,SPZX-98,2223,5,9,2025-11-03 22:08:02.452676,355738.131,6280728.535
PF879,102,SHXD-92,1725,3,7,2025-11-03 22:08:02.452676,355738.131,6280728.535
PF879,102,LBTS-77,2070,5,9,2025-11-03 22:08:02.452677,355738.131,6280728.535
PF879,F20,SPZX-73,936,0,3,2025-11-03 22:08:02.452678,355738.131,6280728.535
PF879,F20,SRVJ-72,3201,8,12,2025-11-03 22:08:02.452679,355738.131,6280728.535
PF879,F02,SHXF-40,3685,10,14,2025-11-03 22:08:02.452679,355738.131,6280728.535
PF879,F02,SHXF-36,7375,21,25,2025-11-03 22:08:02.452680,355738.131,6280728.535
PF879,F09,SRVL-59,5865,17,21,2025-11-03 22:08:02.452681,355738.131,6280728.535
PF879,F09,SPZX-67,6895,20,24,2025-11-03 22:08:02.452682,355738.131,6280728.535
PB368,B12,SKDH-62,6465,18,22,2025-11-03 22:08:04.495609,345487.916,6304894.12
PB368,B12,SKDF-98,10417,33,60,2025-11-03 22:08:04.495613,345487.916,6304894.12
PB368,B21,SKDF-99,6053,17,21,2025-11-03 22:08:04.495614,345487.916,6304894.12
PB368,B21,SKDH-69,8155,26,60,2025-11-03 22:08:04.495615,345487.916,6304894.12
PB368,272,VFPD-84,2051,4,8,2025-11-03 22:08:04.495616,345487.916,6304894.12
PB368,272,VFPC-31,5390,15,19,2025-11-03 22:08:04.495617,345487.916,6304894.12
PJ2011,J07,VJBB-21,3142,8,12,2025-11-03 22:08:06.274746,335589.039,6304975.033
PJ2011,J07,VHZZ-10,10192,32,60,2025-11-03 22:08:06.274750,335589.039,6304975.033
PG876,G35,SFPF-77,0,0,3,2025-11-03 22:08:08.292750,343873.434,6284404.261
PG876,G35,SFPG-41,8831,28,60,2025-11-03 22:08:08.292754,343873.434,6284404.261
PG1457,G12,SHXG-72,1574,3,7,2025-11-03 22:08:10.318207,345336.467,6289312.242
PG1457,G12,SFPF-84,2310,5,9,2025-11-03 22:08:10.318212,345336.467,6289312.242
PF54,244,SFWZ-76,7346,21,25,2025-11-03 22:08:12.319498,351607.41,6283715.61
PF54,244,SFVZ-39,15247,48,60,2025-11-03 22:08:12.319503,351607.41,6283715.61
PF54,204,VFPK-91,974,0,3,2025-11-03 22:08:12.319504,351607.41,6283715.61
PF54,204,SXKV-89,5063,14,18,2025-11-03 22:08:12.319505,351607.41,6283715.61
PF54,224,VFPZ-38,3219,8,12,2025-11-03 22:08:12.319506,351607.41,6283715.61
PF54,224,LZRD-90,4601,13,17,2025-11-03 22:08:12.319507,351607.41,6283715.61
PF54,234,SFST-31,2462,6,10,2025-11-03 22:08:12.319508,351607.41,6283715.61
PF54,234,SGCR-39,4636,13,17,2025-11-03 22:08:12.319509,351607.41,6283715.61
PE757,E13,VFKR-64,889,0,3,2025-11-03 22:08:14.182427,351481.866,6288955.556
PE757,E13,VFKV-88,2019,4,8,2025-11-03 22:08:14.182433,351481.866,6288955.556
PE240,226,VFPX-93,1742,4,8,2025-11-03 22:08:15.782179,351262.184,6286142.4
PE240,226,VFPH-98,8399,27,60,2025-11-03 22:08:15.782184,351262.184,6286142.4
PB817,B03,SJPC-44,1928,4,8,2025-11-03 22:08:17.332089,340282.779,6302602.412
PB817,B03,SKHG-90,5508,15,19,2025-11-03 22:08:17.332094,340282.779,6302602.412
PB817,B20,FLXS-56,3567,9,13,2025-11-03 22:08:17.332095,340282.779,6302602.412
PB817,B20,LXDH-89,10703,34,60,2025-11-03 22:08:17.332096,340282.779,6302602.412
PC394,429,SJPF-83,319,0,3,2025-11-03 22:08:19.305412,351444.871,6300909.141
PC394,429,SLGS-94,3093,8,12,2025-11-03 22:08:19.305418,351444.871,6300909.141
PC394,C06,LWTK-50,2112,5,9,2025-11-03 22:08:19.305420,351444.871,6300909.141
PC394,C06,LWTK-66,2728,7,11,2025-11-03 22:08:19.305421,351444.871,6300909.141
PC394,503,VGTX-46,1976,4,8,2025-11-03 22:08:19.305422,351444.871,6300909.141
PC394,503,VHLP-48,4085,11,15,2025-11-03 22:08:19.305423,351444.871,6300909.141
PC394,412,PFTW-44,2198,5,9,2025-11-03 22:08:19.305424,351444.871,6300909.141
PC394,412,PFVG-77,4722,13,17,2025-11-03 22:08:19.305425,351444.871,6300909.141
PC394,418,PFTW-46,736,0,2,2025-11-03 22:08:19.305427,351444.871,6300909.141
PC394,418,PFYC-49,6642,19,23,2025-11-03 22:08:19.305428,351444.871,6300909.141
PI161,506,TBFR-35,487,0,2,2025-11-03 22:08:21.357495,335064.888,6288285.155
PI161,506,FLXW-35,1420,0,4,2025-11-03 22:08:21.357502,335064.888,6288285.155
PI161,506e,LXWS-36,1631,3,7,2025-11-03 22:08:21.357503,335064.888,6288285.155
PI161,506e,LZPH-30,5641,16,20,2025-11-03 22:08:21.357505,335064.888,6288285.155
PI161,108,PFVJ-10,6532,19,23,2025-11-03 22:08:21.357506,335064.888,6288285.155
PI161,108,PGPS-98,7277,21,25,2025-11-03 22:08:21.357507,335064.888,6288285.155
PI161,506v,TBFW-47,3321,9,13,2025-11-03 22:08:21.357508,335064.888,6288285.155
PI161,506v,TBFT-70,3733,10,14,2025-11-03 22:08:21.357509,335064.888,6288285.155
PI161,419,PFVK-65,645,0,2,2025-11-03 22:08:21.357510,335064.888,6288285.155
PI161,419,PFYG-83,645,0,2,2025-11-03 22:08:21.357511,335064.888,6288285.155
PI161,509,CJRX-34,6085,17,21,2025-11-03 22:08:21.357512,335064.888,6288285.155
PI161,509,FDJX-77,13365,42,60,2025-11-03 22:08:21.357513,335064.888,6288285.155
PI161,118,FLXX-39,2395,6,10,2025-11-03 22:08:21.357514,335064.888,6288285.155
PI161,118,FLXX-46,3107,8,12,2025-11-03 22:08:21.357515,335064.888,6288285.155
PI161,I03,FLXL-51,4328,12,16,2025-11-03 22:08:21.357516,335064.888,6288285.155
PI161,I03,FLXL-48,5699,16,20,2025-11-03 22:08:21.357517,335064.888,6288285.155
PI161,I10,FLXL-32,161,0,3,2025-11-03 22:08:21.357518,335064.888,6288285.155
PI161,I10,FLXL-65,4734,13,17,2025-11-03 22:08:21.357519,335064.888,6288285.155
PB1996,B07c2,LDJP-70,1531,3,7,2025-11-03 22:08:23.394909,341432.0,6307924.0
PF868,F07,SPRY-65,5082,14,18,2025-11-03 22:08:25.417465,355551.851,6282381.211
PB66,B03,SHCY-47,2688,6,10,2025-11-03 22:08:27.465450,340812.998,6302768.217
PB66,B03,SHCY-49,4087,11,15,2025-11-03 22:08:27.465455,340812.998,6302768.217
PB66,105,SHCY-17,4743,13,17,2025-11-03 22:08:27.465456,340812.998,6302768.217
PB66,105,SHXF-30,5666,16,20,2025-11-03 22:08:27.465457,340812.998,6302768.217
PB66,B09,SHCY-40,3583,9,13,2025-11-03 22:08:27.465458,340812.998,6302768.217
PB66,B09,SHCY-55,7890,23,27,2025-11-03 22:08:27.465458,340812.998,6302768.217
PB66,B29,SKHG-73,8889,28,60,2025-11-03 22:08:27.465459,340812.998,6302768.217
PB66,120,SKHG-39,887,0,3,2025-11-03 22:08:27.465460,340812.998,6302768.217
PB66,120,SJTD-61,887,0,3,2025-11-03 22:08:27.465461,340812.998,6302768.217
PB66,B20,SKHG-70,6684,19,23,2025-11-03 22:08:27.465462,340812.998,6302768.217
PB66,B20,LXDJ-31,8094,26,60,2025-11-03 22:08:27.465463,340812.998,6302768.217
PB66,408,SRTG-93,3428,26,60,2025-11-03 22:08:27.465464,340812.998,6302768.217
PB66,109,FLXW-37,5269,32,60,2025-11-03 22:08:27.465465,340812.998,6302768.217
PB66,110,LXWS-34,3256,8,12,2025-11-03 22:08:27.465466,340812.998,6302768.217
PB66,110,LZPH-23,7111,20,24,2025-11-03 22:08:27.465466,340812.998,6302768.217
PB1952,201,GCBC-19,1829,4,8,2025-11-03 22:08:29.462173,346050.495,6300900.199
PB1952,201,GCBB-16,2411,6,10,2025-11-03 22:08:29.462177,346050.495,6300900.199
PB1952,B02,FLXR-86,316,0,3,2025-11-03 22:08:29.462178,346050.495,6300900.199
PB1952,B02,FLXR-90,2111,5,9,2025-11-03 22:08:29.462179,346050.495,6300900.199
PB1952,B26,FLXS-55,196,0,3,2025-11-03 22:08:29.462180,346050.495,6300900.199
PB1952,B26,HYFL-60,3231,8,12,2025-11-03 22:08:29.462181,346050.495,6300900.199
PB1952,230,GCBB-44,1065,0,3,2025-11-03 22:08:29.462182,346050.495,6300900.199
PB1952,230,GCBB-40,2165,5,9,2025-11-03 22:08:29.462183,346050.495,6300900.199
PB1952,308,FLXK-13,1243,0,4,2025-11-03 22:08:29.462184,346050.495,6300900.199
PB1952,B14,FLXT-52,2536,6,10,2025-11-03 22:08:29.462184,346050.495,6300900.199
PB1952,B14,FLXJ-41,8031,23,27,2025-11-03 22:08:29.462185,346050.495,6300900.199
PF894,F18,SRVG-88,1352,0,4,2025-11-03 22:08:30.960332,353606.979,6279251.129
PC964,C20,SKPP-25,1706,3,7,2025-11-03 22:08:32.484872,353463.938,6303016.549
PC964,C20,SGPY-84,2238,5,9,2025-11-03 22:08:32.484886,353463.938,6303016.549
PI270,113,FLXX-61,1359,0,4,2025-11-03 22:08:39.650565,333366.215,6285837.311
PI270,113,FLXY-99,3855,10,14,2025-11-03 22:08:39.650570,333366.215,6285837.311
PI270,I11,FLXZ-50,886,0,3,2025-11-03 22:08:39.650571,333366.215,6285837.311
PI601,509,FDJX-77,5761,16,20,2025-11-03 22:08:41.731796,338482.89,6292960.832
PI601,509,CJRW-65,8524,27,60,2025-11-03 22:08:41.731811,338482.89,6292960.832
PI601,423,PFVG-47,7274,21,25,2025-11-03 22:08:41.731812,338482.89,6292960.832
PI601,I10,FLXH-11,1058,0,3,2025-11-03 22:08:41.731813,338482.89,6292960.832
PI601,I10,FLXG-91,2885,7,11,2025-11-03 22:08:41.731814,338482.89,6292960.832
PI305,111,FLXW-73,1881,4,8,2025-11-03 22:08:44.836929,333981.011,6286446.93
PI305,111,FLXY-24,2261,5,9,2025-11-03 22:08:44.836935,333981.011,6286446.93
PI305,I35,SDSW-87,4860,13,17,2025-11-03 22:08:44.836937,333981.011,6286446.93
PI305,I35,SHCX-12,5515,15,19,2025-11-03 22:08:44.836938,333981.011,6286446.93
PI305,113,FLXY-95,2261,5,9,2025-11-03 22:08:44.836939,333981.011,6286446.93
PI305,113,FLXY-76,4230,11,15,2025-11-03 22:08:44.836940,333981.011,6286446.93
PI305,I11,RWRP-74,4211,11,15,2025-11-03 22:08:44.836941,333981.011,6286446.93
PI305,I11,VHTB-47,7598,22,26,2025-11-03 22:08:44.836942,333981.011,6286446.93
PB957,B06,SKDH-90,3260,8,12,2025-11-03 22:08:46.618593,338730.869,6307486.332
PB1691,303,FLXF-33,1872,4,8,2025-11-03 22:08:48.682602,343104.392,6303648.476
PB1691,303,FLXD-81,2534,6,10,2025-11-03 22:08:48.682606,343104.392,6303648.476
PB1691,307,VHSY-47,3164,8,12,2025-11-03 22:08:48.682608,343104.392,6303648.476
PB1691,307,VHTB-44,5000,14,18,2025-11-03 22:08:48.682608,343104.392,6303648.476
PB1691,314,TWPD-86,4491,12,16,2025-11-03 22:08:48.682609,343104.392,6303648.476
PB1691,314,VHTB-36,5110,14,18,2025-11-03 22:08:48.682610,343104.392,6303648.476
PG623,303,FLXF-13,983,0,3,2025-11-03 22:08:50.682656,346526.671,6283397.633
PG623,303,FLXF-18,1309,0,4,2025-11-03 22:08:50.682661,346526.671,6283397.633
PG623,307,FLXJ-10,7203,21,25,2025-11-03 22:08:50.682662,346526.671,6283397.633
PG623,307,TWPD-67,8081,26,60,2025-11-03 22:08:50.682663,346526.671,6283397.633
PG623,314,VHTB-30,2789,7,11,2025-11-03 22:08:50.682664,346526.671,6283397.633
PG623,314,VHSX-80,3652,10,14,2025-11-03 22:08:50.682665,346526.671,6283397.633
PG470,E05,BJFV-22,250,0,3,2025-11-03 22:08:52.261713,346415.251,6288382.95
PJ731,J04,TBFT-43,879,0,3,2025-11-03 22:08:54.337732,339097.452,6298696.311
PJ731,J04,PFXC-49,3448,9,13,2025-11-03 22:08:54.337737,339097.452,6298696.311
PF495,F11,SKHL-24,1170,0,4,2025-11-03 22:08:56.355283,359489.458,6281396.387
PF495,F11,FLXS-34,5272,15,19,2025-11-03 22:08:56.355288,359489.458,6281396.387
PH213,210v,VFPS-94,1186,0,4,2025-11-03 22:09:00.400235,349819.0,6292590.0
PH213,210v,VFPT-27,2952,7,11,2025-11-03 22:09:00.400241,349819.0,6292590.0
PH213,D14,PGBY-41,277,0,3,2025-11-03 22:09:00.400242,349819.0,6292590.0
PH213,D14,PGLD-56,2876,7,11,2025-11-03 22:09:00.400243,349819.0,6292590.0
PH213,210,RWTP-94,1085,0,3,2025-11-03 22:09:00.400243,349819.0,6292590.0
PH213,210,LZRB-90,1089,0,3,2025-11-03 22:09:00.400244,349819.0,6292590.0
PB750,B02,FLXR-74,2576,6,10,2025-11-03 22:09:02.390221,349167.66,6304959.59
PB750,B02,FLXR-93,4109,11,15,2025-11-03 22:09:02.390225,349167.66,6304959.59
PD246,517,VHXJ-14,3231,8,12,2025-11-03 22:09:03.935297,355810.482,6297653.996
PD246,517,VHXJ-40,4507,12,16,2025-11-03 22:09:03.935302,355810.482,6297653.996
PD246,D11,STVY-74,1061,0,3,2025-11-03 22:09:03.935304,355810.482,6297653.996
PD246,D11,SVDF-24,4029,11,15,2025-11-03 22:09:03.935304,355810.482,6297653.996
PD246,225,VJKS-46,1678,3,7,2025-11-03 22:09:03.935305,355810.482,6297653.996
PD246,225,VFJP-96,6348,18,22,2025-11-03 22:09:03.935306,355810.482,6297653.996
PB1164,B11,SPCG-32,3615,9,13,2025-11-03 22:09:06.316156,343637.58,6306276.263
PG1924,G09,SHCV-49,0,0,3,2025-11-03 22:09:08.351249,344725.35,6281434.63
PG1924,G09,SHCX-19,4653,13,17,2025-11-03 22:09:08.351254,344725.35,6281434.63
PG1924,G39,SHCV-41,2118,5,9,2025-11-03 22:09:08.351256,344725.35,6281434.63
PG1924,G39,SHCX-24,2810,7,11,2025-11-03 22:09:08.351257,344725.35,6281434.63
PI405,401,PDZH-84,2446,6,10,2025-11-03 22:09:10.355142,342918.394,6297157.773
PI405,401,PGBB-65,8773,28,60,2025-11-03 22:09:10.355147,342918.394,6297157.773
PI405,405,PFYG-68,4158,11,15,2025-11-03 22:09:10.355148,342918.394,6297157.773
PI405,405,PFVK-98,9797,31,60,2025-11-03 22:09:10.355149,342918.394,6297157.773
PI405,419,PFVK-97,58,0,3,2025-11-03 22:09:10.355150,342918.394,6297157.773
PI405,419,PFTV-91,2534,6,10,2025-11-03 22:09:10.355151,342918.394,6297157.773
PI405,421,PFYG-99,208,0,3,2025-11-03 22:09:10.355153,342918.394,6297157.773
PI405,421,PDZT-12,5039,14,18,2025-11-03 22:09:10.355153,342918.394,6297157.773
PI405,423,PFVG-47,795,0,3,2025-11-03 22:09:10.355155,342918.394,6297157.773
PI405,106,PFYS-19,1899,4,8,2025-11-03 22:09:10.355156,342918.394,6297157.773
PI405,106,PFVG-28,4759,13,17,2025-11-03 22:09:10.355156,342918.394,6297157.773
PI1017,404,PFYC-26,2916,7,11,2025-11-03 22:09:12.369562,337590.313,6295240.785
PI1017,404,PFYC-64,5895,17,21,2025-11-03 22:09:12.369567,337590.313,6295240.785
PI1017,I20,FLXL-70,362,0,3,2025-11-03 22:09:12.369568,337590.313,6295240.785
PI1017,I20,FLXL-54,6205,18,22,2025-11-03 22:09:12.369569,337590.313,6295240.785
PE567,F25,LCPG-49,4037,11,15,2025-11-03 22:09:14.318432,353049.967,6287311.606
PE567,F25,LCTG-30,5737,16,20,2025-11-03 22:09:14.318437,353049.967,6287311.606
PE16,712,SHCW-65,10775,34,60,2025-11-03 22:09:16.386073,354205.758,6287364.332
PE16,712,SHXG-95,11793,37,60,2025-11-03 22:09:16.386078,354205.758,6287364.332
PE16,124,LBTS-95,475,0,3,2025-11-03 22:09:16.386079,354205.758,6287364.332
PE16,102,FLXS-39,0,0,3,2025-11-03 22:09:16.386080,354205.758,6287364.332
PE16,102,SPZX-81,4082,11,15,2025-11-03 22:09:16.386081,354205.758,6287364.332
PE16,104,SKWD-26,5253,15,19,2025-11-03 22:09:16.386082,354205.758,6287364.332
PE16,104,SKWD-38,6625,19,23,2025-11-03 22:09:16.386083,354205.758,6287364.332
PE16,114,SKWD-59,947,0,3,2025-11-03 22:09:16.386084,354205.758,6287364.332
PE16,114,SKVD-53,5060,14,18,2025-11-03 22:09:16.386085,354205.758,6287364.332
PI1600,111,FLXW-73,491,0,2,2025-11-03 22:09:18.349478,334510.406,6286901.41
PI1600,111,FLXY-24,1326,0,4,2025-11-03 22:09:18.349483,334510.406,6286901.41
PI1600,I35,SDSW-87,3980,11,15,2025-11-03 22:09:18.349484,334510.406,6286901.41
PI1600,I35,SHCX-12,4482,12,16,2025-11-03 22:09:18.349485,334510.406,6286901.41
PI1600,113,FLXY-95,1151,0,4,2025-11-03 22:09:18.349486,334510.406,6286901.41
PI1600,113,FLXY-76,3281,8,12,2025-11-03 22:09:18.349487,334510.406,6286901.41
PI1600,I11,RWRP-74,3418,9,13,2025-11-03 22:09:18.349488,334510.406,6286901.41
PI1600,I11,VHTB-47,6427,18,22,2025-11-03 22:09:18.349489,334510.406,6286901.41
PD1287,412,PFYC-70,0,0,3,2025-11-03 22:09:20.319125,356533.439,6298811.666
PD1287,412,PFVG-75,0,0,3,2025-11-03 22:09:20.319129,356533.439,6298811.666
PD1287,D18,SVDF-40,2837,7,11,2025-11-03 22:09:20.319130,356533.439,6298811.666
PD1287,D18,STRJ-56,3939,10,14,2025-11-03 22:09:20.319131,356533.439,6298811.666
PC16,103,SPBP-90,4120,11,15,2025-11-03 22:09:22.309750,350458.809,6299457.121
PC16,103,SPBF-96,7673,22,26,2025-11-03 22:09:22.309755,350458.809,6299457.121
PC16,117,PGKP-65,1329,0,4,2025-11-03 22:09:22.309756,350458.809,6299457.121
PC16,117,PGBY-42,6027,17,21,2025-11-03 22:09:22.309757,350458.809,6299457.121
PI17,101,PFYT-10,1698,3,7,2025-11-03 22:09:24.230753,340131.261,6292381.794
PI17,101,PGPT-50,6218,18,22,2025-11-03 22:09:24.230759,340131.261,6292381.794
PI17,481,PFVJ-19,387,0,3,2025-11-03 22:09:24.230761,340131.261,6292381.794
PI17,481,PGPT-21,3149,8,12,2025-11-03 22:09:24.230761,340131.261,6292381.794
PI17,I04,FLXY-37,130,0,3,2025-11-03 22:09:24.230762,340131.261,6292381.794
PI17,I04,FLXZ-68,567,0,2,2025-11-03 22:09:24.230763,340131.261,6292381.794
PG1195,G39,SHCV-41,3693,10,14,2025-11-03 22:09:25.757430,342655.78,6283671.76
PG1195,G39,SHCV-39,4066,11,15,2025-11-03 22:09:25.757435,342655.78,6283671.76
PG1195,G14,CJRL-65,1762,4,8,2025-11-03 22:09:25.757436,342655.78,6283671.76
PG1195,G14,FLXX-26,8056,23,27,2025-11-03 22:09:25.757437,342655.78,6283671.76
PG1195,G23,VJKF-61,843,0,3,2025-11-03 22:09:25.757438,342655.78,6283671.76
PG1195,G23,SFWZ-31,4069,11,15,2025-11-03 22:09:25.757439,342655.78,6283671.76
PG1195,G43,FLXX-34,3546,9,13,2025-11-03 22:09:25.757439,342655.78,6283671.76
PG1195,G43,FLXP-18,6477,18,22,2025-11-03 22:09:25.757440,342655.78,6283671.76
PG1756,G05,SHCX-16,1199,0,4,2025-11-03 22:09:28.003681,345863.755,6282565.867
PG1756,G05,SHXB-16,7023,20,24,2025-11-03 22:09:28.003686,345863.755,6282565.867
PG1756,G09,SFGY-23,1497,3,7,2025-11-03 22:09:28.003687,345863.755,6282565.867
PG1756,G09,SHCV-49,1947,4,8,2025-11-03 22:09:28.003688,345863.755,6282565.867
PG1756,G11,THTD-66,877,0,3,2025-11-03 22:09:28.003689,345863.755,6282565.867
PG1756,G11,THTH-15,1481,3,7,2025-11-03 22:09:28.003690,345863.755,6282565.867
PG1756,203,LZPR-89,2593,6,10,2025-11-03 22:09:28.003690,345863.755,6282565.867
PG1756,203,SFWZ-20,3889,10,14,2025-11-03 22:09:28.003691,345863.755,6282565.867
PG1756,206,FLXW-82,168,0,3,2025-11-03 22:09:28.003692,345863.755,6282565.867
PG1756,206,FLXX-59,2693,7,11,2025-11-03 22:09:28.003693,345863.755,6282565.867
PG1756,216,LZPW-19,1559,3,7,2025-11-03 22:09:28.003694,345863.755,6282565.867
PG1756,216,LZPT-54,3625,9,13,2025-11-03 22:09:28.003695,345863.755,6282565.867
PG1756,203c,SFWB-77,4299,12,16,2025-11-03 22:09:28.003695,345863.755,6282565.867
PG1756,203c,SFWB-51,5846,16,20,2025-11-03 22:09:28.003696,345863.755,6282565.867
PG1756,212,LZPT-69,952,0,3,2025-11-03 22:09:28.003697,345863.755,6282565.867
PG1756,212,LZPG-26,6784,19,23,2025-11-03 22:09:28.003698,345863.755,6282565.867
PG1756,229,VJKF-66,2833,7,11,2025-11-03 22:09:28.003699,345863.755,6282565.867
PG1756,229,VJZB-37,6727,19,23,2025-11-03 22:09:28.003699,345863.755,6282565.867
PG1756,203e,VJKV-58,3708,10,14,2025-11-03 22:09:28.003700,345863.755,6282565.867
PG1756,203e,SFWZ-21,6181,18,22,2025-11-03 22:09:28.003701,345863.755,6282565.867
PG1756,206c,LZPR-98,517,0,2,2025-11-03 22:09:28.003702,345863.755,6282565.867
PG1756,206c,LZPT-50,1154,0,4,2025-11-03 22:09:28.003703,345863.755,6282565.867
PG1756,G35,SDSW-83,1008,0,3,2025-11-03 22:09:28.003704,345863.755,6282565.867
PG1756,G35,SFPF-77,3221,8,12,2025-11-03 22:09:28.003704,345863.755,6282565.867
PG1756,G23,SFWZ-36,3709,10,14,2025-11-03 22:09:28.003705,345863.755,6282565.867
PG1756,G23,SFVZ-86,3709,10,14,2025-11-03 22:09:28.003706,345863.755,6282565.867
PD848,D05,SPBL-73,2918,7,11,2025-11-03 22:09:30.000226,352758.806,6295083.402
PD848,D05,PGBY-87,7351,21,25,2025-11-03 22:09:30.000231,352758.806,6295083.402
PD572,506,TBFR-28,1211,0,4,2025-11-03 22:09:32.001353,354701.232,6295318.915
PD572,506,TBFS-55,2656,11,15,2025-11-03 22:09:32.001358,354701.232,6295318.915
PD572,506e,LZPH-26,3189,8,12,2025-11-03 22:09:32.001359,354701.232,6295318.915
PD572,506e,LXWR-71,6843,20,24,2025-11-03 22:09:32.001360,354701.232,6295318.915
PD572,506v,TBFR-51,2306,5,9,2025-11-03 22:09:32.001361,354701.232,6295318.915
PD572,506v,FLXV-47,5606,16,20,2025-11-03 22:09:32.001362,354701.232,6295318.915
PD572,507,GCBC-42,3202,8,12,2025-11-03 22:09:32.001363,354701.232,6295318.915
PD572,507,TBFX-11,3814,10,14,2025-11-03 22:09:32.001363,354701.232,6295318.915
PD572,511,GCBD-29,5463,15,19,2025-11-03 22:09:32.001364,354701.232,6295318.915
PD572,511,TBFT-61,13695,43,60,2025-11-03 22:09:32.001365,354701.232,6295318.915
PD572,519,FLXV-86,3814,10,14,2025-11-03 22:09:32.001366,354701.232,6295318.915
PD572,519,GCBC-80,5890,17,21,2025-11-03 22:09:32.001367,354701.232,6295318.915
PH734,H13,BJFS-77,3658,10,14,2025-11-03 22:09:34.010551,343645.896,6290162.844
PH734,H13,BJFX-13,3731,10,14,2025-11-03 22:09:34.010556,343645.896,6290162.844
PJ871,J08,FLXW-27,4208,11,15,2025-11-03 22:09:35.666144,336194.519,6296653.178
PJ871,J08,PFXB-24,5405,15,19,2025-11-03 22:09:35.666149,336194.519,6296653.178
PJ304,502,BJFC-39,5262,15,19,2025-11-03 22:09:37.421048,339310.696,6300821.507
PJ304,502,BJFH-25,5888,17,21,2025-11-03 22:09:37.421054,339310.696,6300821.507
PJ304,J05,TBFT-99,26,0,3,2025-11-03 22:09:37.421055,339310.696,6300821.507
PJ304,J05,TBFT-36,4542,12,16,2025-11-03 22:09:37.421057,339310.696,6300821.507
PJ304,542,TBFX-75,5339,15,19,2025-11-03 22:09:37.421058,339310.696,6300821.507
PJ304,542,TBFR-22,7517,22,26,2025-11-03 22:09:37.421059,339310.696,6300821.507
PB2130,B20,SKHG-70,1754,4,8,2025-11-03 22:09:39.417734,336194.0,6301958.0
PB2130,B20,LXDJ-13,3939,10,14,2025-11-03 22:09:39.417738,336194.0,6301958.0
PD498,513,SRTG-97,8242,26,60,2025-11-03 22:09:41.152475,357606.301,6295549.983
PD498,513,VJBC-60,15116,48,60,2025-11-03 22:09:41.152480,357606.301,6295549.983
PD498,510,PFXB-56,1553,3,7,2025-11-03 22:09:41.152481,357606.301,6295549.983
PF1003,F26,SPVV-16,988,0,3,2025-11-03 22:09:42.874358,352435.45,6281594.0
PI568,509,CJRW-81,0,0,3,2025-11-03 22:09:47.108705,337682.67,6290114.699
PI568,423,PGPT-40,1054,0,3,2025-11-03 22:09:47.108710,337682.67,6290114.699
PI568,423,PGPT-52,6671,19,23,2025-11-03 22:09:47.108711,337682.67,6290114.699
PB1595,B11,SKDH-97,2843,7,11,2025-11-03 22:09:49.427620,336321.483,6307139.26
PB1595,B11,SKDJ-10,8759,28,60,2025-11-03 22:09:49.427626,336321.483,6307139.26
PB1595,B06,SKDH-34,523,0,2,2025-11-03 22:09:49.427627,336321.483,6307139.26
PB1595,B06,SKDG-52,4206,11,15,2025-11-03 22:09:49.427628,336321.483,6307139.26
PB1595,B43,SGPY-91,0,0,3,2025-11-03 22:09:49.427629,336321.483,6307139.26
PB1595,B43,SJPC-27,1216,0,4,2025-11-03 22:09:49.427630,336321.483,6307139.26
PB1595,307,FLXD-93,1255,0,4,2025-11-03 22:09:49.427631,336321.483,6307139.26
PB1595,307,TWPD-36,2128,5,9,2025-11-03 22:09:49.427631,336321.483,6307139.26
PB1595,314,VHTB-48,203,0,3,2025-11-03 22:09:49.427632,336321.483,6307139.26
PB1595,314,VHTB-30,10936,35,60,2025-11-03 22:09:49.427633,336321.483,6307139.26
PB1595,315e,TWPD-59,523,0,2,2025-11-03 22:09:49.427634,336321.483,6307139.26
PB1595,315e,VHTB-64,1216,0,4,2025-11-03 22:09:49.427635,336321.483,6307139.26
PB1595,B21,SKDJ-90,5089,14,18,2025-11-03 22:09:49.427636,336321.483,6307139.26
PB1595,B21,SKDG-43,5143,14,18,2025-11-03 22:09:49.427637,336321.483,6307139.26
PB1595,307c,TWPD-56,4783,13,17,2025-11-03 22:09:49.427638,336321.483,6307139.26
PB1595,307c,TWPD-17,5752,16,20,2025-11-03 22:09:49.427639,336321.483,6307139.26
PB1595,B45,TWPD-75,1216,0,4,2025-11-03 22:09:49.427639,336321.483,6307139.26
PB1595,B45,FLXL-41,4612,13,17,2025-11-03 22:09:49.427640,336321.483,6307139.26
PB1595,B08,SHCY-36,0,0,3,2025-11-03 22:09:49.427641,336321.483,6307139.26
PB1595,B08,STHJ-89,8899,28,60,2025-11-03 22:09:49.427642,336321.483,6307139.26
PB1595,B12,SKDG-28,3119,8,12,2025-11-03 22:09:49.427643,336321.483,6307139.26
PB1595,B12,SKDG-11,6502,19,23,2025-11-03 22:09:49.427644,336321.483,6307139.26
PB1595,425,SJPB-38,1350,0,4,2025-11-03 22:09:49.427645,336321.483,6307139.26
PB1595,425,SGPY-83,1981,4,8,2025-11-03 22:09:49.427646,336321.483,6307139.26
PB1595,308,FLXH-36,2784,7,11,2025-11-03 22:09:49.427646,336321.483,6307139.26
PB1595,308,VHSX-77,4014,11,15,2025-11-03 22:09:49.427647,336321.483,6307139.26
PB1595,308c,TWPD-44,942,0,3,2025-11-03 22:09:49.427648,336321.483,6307139.26
PB1595,308c,TWPD-15,2720,7,11,2025-11-03 22:09:49.427649,336321.483,6307139.26
PD442,403,PFVG-85,299,0,3,2025-11-03 22:09:51.121963,357518.51,6297306.21
PD442,403,PFTW-38,1125,0,4,2025-11-03 22:09:51.121968,357518.51,6297306.21
PD442,D01,SVDF-28,4294,12,16,2025-11-03 22:09:51.121969,357518.51,6297306.21
PD442,422,TBFW-78,3242,8,12,2025-11-03 22:09:51.121970,357518.51,6297306.21
PD762,D02,SVDD-62,0,0,3,2025-11-03 22:09:52.837704,353138.91,6296509.505
PD762,D02,SVDF-12,3852,10,14,2025-11-03 22:09:52.837709,353138.91,6296509.505
PC440,426,BJFB-46,1257,0,4,2025-11-03 22:09:54.362031,359630.554,6307529.655
PC440,426,BJFF-52,1272,0,4,2025-11-03 22:09:54.362036,359630.554,6307529.655
PC440,C16,LDTC-13,4809,13,17,2025-11-03 22:09:54.362038,359630.554,6307529.655
PC440,430,PFYC-59,1272,0,4,2025-11-03 22:09:54.362039,359630.554,6307529.655
PC440,430,PGBY-55,1177,0,4,2025-11-03 22:09:54.362040,359630.554,6307529.655
PJ295,502,BJFC-39,2507,6,10,2025-11-03 22:09:58.378065,341976.749,6300272.707
PJ295,502,BJFH-25,2957,7,11,2025-11-03 22:09:58.378069,341976.749,6300272.707
PJ295,J05,TBFT-36,1763,4,8,2025-11-03 22:09:58.378071,341976.749,6300272.707
PJ295,J05,GCBC-58,3587,9,13,2025-11-03 22:09:58.378071,341976.749,6300272.707
PJ295,542,TBFX-75,1153,0,4,2025-11-03 22:09:58.378072,341976.749,6300272.707
PJ295,542,TBFR-22,4549,12,16,2025-11-03 22:09:58.378073,341976.749,6300272.707
PI409,I09,FLXZ-19,0,0,3,2025-11-03 22:10:00.601082,340001.686,6296065.702
PI409,I09,FLXY-97,2939,7,11,2025-11-03 22:10:00.601087,340001.686,6296065.702
PI409,106,PFYS-19,4852,13,17,2025-11-03 22:10:00.601089,340001.686,6296065.702
PI409,106,PFVG-28,7280,21,25,2025-11-03 22:10:00.601090,340001.686,6296065.702
PI409,405,PFYG-68,7115,20,24,2025-11-03 22:10:00.601091,340001.686,6296065.702
PI409,405,PFVK-98,12918,41,60,2025-11-03 22:10:00.601092,340001.686,6296065.702
PI409,419,PFVK-97,1881,4,8,2025-11-03 22:10:00.601093,340001.686,6296065.702
PI409,419,PFTV-91,4244,11,15,2025-11-03 22:10:00.601093,340001.686,6296065.702
PI409,421,PFYG-99,2057,5,9,2025-11-03 22:10:00.601094,340001.686,6296065.702
PI409,421,PDZT-12,7012,20,24,2025-11-03 22:10:00.601095,340001.686,6296065.702
PI409,423,PFVG-47,2774,7,11,2025-11-03 22:10:00.601096,340001.686,6296065.702
PI409,423,PFVG-36,6033,17,21,2025-11-03 22:10:00.601097,340001.686,6296065.702
PI409,401,PFTW-10,1380,0,4,2025-11-03 22:10:00.601098,340001.686,6296065.702
PI409,401,PDZH-84,4270,11,15,2025-11-03 22:10:00.601099,340001.686,6296065.702
PI409,404,PFYC-64,2477,6,10,2025-11-03 22:10:00.601100,340001.686,6296065.702
PI409,404,PFYC-81,4297,12,16,2025-11-03 22:10:00.601101,340001.686,6296065.702
PI409,424,FLXS-76,5013,14,18,2025-11-03 22:10:00.601102,340001.686,6296065.702
PI409,I08,FLXW-90,2382,6,10,2025-11-03 22:10:00.601103,340001.686,6296065.702
PI409,I08,FLXZ-74,3206,8,12,2025-11-03 22:10:00.601104,340001.686,6296065.702
PI634,D09,SVDB-99,337,0,3,2025-11-03 22:10:02.289096,352221.953,6295350.353
PI634,D09,SVDC-91,4294,12,16,2025-11-03 22:10:02.289101,352221.953,6295350.353
PI896,I04,FLXF-92,3689,10,14,2025-11-03 22:10:03.786779,340847.344,6294530.487
PI896,I04,FLXL-13,5688,16,20,2025-11-03 22:10:03.786784,340847.344,6294530.487
PI896,385,FLXK-77,2428,6,10,2025-11-03 22:10:03.786785,340847.344,6294530.487
PI896,I17,FLXK-51,1589,3,7,2025-11-03 22:10:03.786786,340847.344,6294530.487
PJ935,J10,VHZX-41,7973,23,27,2025-11-03 22:10:05.835951,336544.581,6299504.775
PJ935,J10,VHZZ-20,12731,40,60,2025-11-03 22:10:05.835956,336544.581,6299504.775
PB446,303,FLXF-13,2743,7,11,2025-11-03 22:10:07.933472,342192.77,6306176.83
PB446,303,FLXF-18,3012,8,12,2025-11-03 22:10:07.933477,342192.77,6306176.83
PB446,307,VHTB-65,283,0,3,2025-11-03 22:10:07.933478,342192.77,6306176.83
PB446,307,FLXJ-10,8983,28,60,2025-11-03 22:10:07.933479,342192.77,6306176.83
PB446,314,VHTB-30,4599,13,17,2025-11-03 22:10:07.933480,342192.77,6306176.83
PB446,314,VHSX-80,5308,15,19,2025-11-03 22:10:07.933481,342192.77,6306176.83
PB446,B07,STHK-36,1886,4,8,2025-11-03 22:10:07.933482,342192.77,6306176.83
PB446,B07,FLXS-44,2914,7,11,2025-11-03 22:10:07.933482,342192.77,6306176.83
PB446,B06,SKDJ-86,4602,13,17,2025-11-03 22:10:07.933483,342192.77,6306176.83
PB446,B06,SKDH-61,5978,17,21,2025-11-03 22:10:07.933484,342192.77,6306176.83
PB446,429,SLPC-27,1732,3,7,2025-11-03 22:10:07.933485,342192.77,6306176.83
PB446,429,SJPF-96,7795,23,27,2025-11-03 22:10:07.933486,342192.77,6306176.83
PF94,F16,SPRY-39,2019,4,8,2025-11-03 22:10:09.959288,353918.156,6279870.955
PE107,204,VFRB-67,1847,4,8,2025-11-03 22:10:11.983242,349188.815,6289063.441
PE107,204,VFPB-85,4516,12,16,2025-11-03 22:10:11.983247,349188.815,6289063.441
PE107,E18,BJFV-85,1363,0,4,2025-11-03 22:10:11.983248,349188.815,6289063.441
PE107,E03,BJFW-44,3901,10,14,2025-11-03 22:10:11.983251,349188.815,6289063.441
PE107,E03,BJFZ-93,6577,19,23,2025-11-03 22:10:11.983252,349188.815,6289063.441
PE107,234,SDGY-26,3847,10,14,2025-11-03 22:10:11.983252,349188.815,6289063.441
PI569,509,CJRW-81,640,0,2,2025-11-03 22:10:13.979451,337755.928,6290895.583
PI569,509,FLXV-34,6638,19,23,2025-11-03 22:10:13.979456,337755.928,6290895.583
PI569,423,PGPT-40,1773,4,8,2025-11-03 22:10:13.979457,337755.928,6290895.583
PI569,423,PGPT-52,7345,21,25,2025-11-03 22:10:13.979458,337755.928,6290895.583
PI569,I02,FLXZ-36,3367,9,13,2025-11-03 22:10:13.979459,337755.928,6290895.583
PI569,I02,FLXZ-46,6523,19,23,2025-11-03 22:10:13.979460,337755.928,6290895.583
PC676,C03,SHCY-31,358,0,3,2025-11-03 22:10:15.757141,356999.69,6301229.271
PC676,C16,LFGJ-98,1468,3,7,2025-11-03 22:10:15.757147,356999.69,6301229.271
PC676,C16,SKPJ-82,1468,3,7,2025-11-03 22:10:15.757148,356999.69,6301229.271
PB1644,B03,SKHG-82,310,0,3,2025-11-03 22:10:17.260870,337673.224,6302712.199
PB1644,B03,LXDH-96,3371,9,13,2025-11-03 22:10:17.260876,337673.224,6302712.199
PB1644,105,SHCY-17,340,0,3,2025-11-03 22:10:17.260877,337673.224,6302712.199
PB1644,105,SHXF-30,918,0,3,2025-11-03 22:10:17.260878,337673.224,6302712.199
PB1644,B20,SKHG-70,1836,4,8,2025-11-03 22:10:17.260879,337673.224,6302712.199
PB1644,109,GCBC-64,1718,3,7,2025-11-03 22:10:17.260880,337673.224,6302712.199
PB1644,109,FLXH-84,1718,3,7,2025-11-03 22:10:17.260881,337673.224,6302712.199
PB1297,B17,SHXF-83,18,0,3,2025-11-03 22:10:21.386721,347956.68,6301796.545
PB1297,B17,SHCY-45,3233,8,12,2025-11-03 22:10:21.386726,347956.68,6301796.545
PB1297,B15,SPCG-75,4778,13,17,2025-11-03 22:10:21.386727,347956.68,6301796.545
PI63,102,SHCW-74,513,0,2,2025-11-03 22:10:23.447010,341589.494,6295525.543
PI63,102,SPZX-64,1200,0,4,2025-11-03 22:10:23.447015,341589.494,6295525.543
PI63,107,PFTW-24,0,0,3,2025-11-03 22:10:23.447016,341589.494,6295525.543
PI63,107,PGBZ-16,1128,0,4,2025-11-03 22:10:23.447017,341589.494,6295525.543
PI63,I10,FLXK-93,4668,13,17,2025-11-03 22:10:23.447018,341589.494,6295525.543
PI63,I10,FLXL-56,6660,19,23,2025-11-03 22:10:23.447019,341589.494,6295525.543
PB956,B06,SKDH-90,1802,4,8,2025-11-03 22:10:25.470417,338254.163,6307910.536
PB956,425,SJPC-83,3116,8,12,2025-11-03 22:10:25.470422,338254.163,6307910.536
PB956,B45,FLXF-83,1094,0,3,2025-11-03 22:10:25.470423,338254.163,6307910.536
PH209,210,RWTP-97,85,0,3,2025-11-03 22:10:27.743125,349287.84,6294451.68
PH209,210,LZRD-91,2717,7,11,2025-11-03 22:10:27.743130,349287.84,6294451.68
PH209,210v,VFPS-94,0,0,3,2025-11-03 22:10:27.743131,349287.84,6294451.68
PH209,210v,VFPT-27,1849,4,8,2025-11-03 22:10:27.743132,349287.84,6294451.68
PB680,B01,TXZH-36,994,0,3,2025-11-03 22:10:29.727701,347732.469,6304071.362
PB680,B01,SKHG-33,3114,8,12,2025-11-03 22:10:29.727705,347732.469,6304071.362
PB680,272,VFPC-80,300,0,3,2025-11-03 22:10:29.727707,347732.469,6304071.362
PB680,272,GCBB-14,6515,19,23,2025-11-03 22:10:29.727707,347732.469,6304071.362
PG1685,G01,THTF-64,1327,0,4,2025-11-03 22:10:31.306007,349399.341,6285169.062
PG1685,G01,THTG-70,1338,0,4,2025-11-03 22:10:31.306012,349399.341,6285169.062
PG1685,G18,SFPG-30,2002,4,8,2025-11-03 22:10:31.306013,349399.341,6285169.062
PA305,B26,FLXS-47,1830,4,8,2025-11-03 22:10:33.103965,345135.01,6299774.67
PA305,B26,FLXS-63,3000,7,11,2025-11-03 22:10:33.103969,345135.01,6299774.67
PA305,121,BJFW-38,334,0,3,2025-11-03 22:10:33.103970,345135.01,6299774.67
PB4,107,PGTV-29,1239,0,4,2025-11-03 22:10:35.129068,348136.5,6303261.23
PB4,107,PFYC-41,4203,11,15,2025-11-03 22:10:35.129072,348136.5,6303261.23
PB4,B15,SPCG-97,2868,7,11,2025-11-03 22:10:35.129074,348136.5,6303261.23
PB4,B15,SPCG-98,7758,22,26,2025-11-03 22:10:35.129074,348136.5,6303261.23
PE601,E09,VKJX-94,933,0,3,2025-11-03 22:10:37.185841,352478.445,6284439.648
PE601,E16,VJWY-41,1159,0,4,2025-11-03 22:10:37.185846,352478.445,6284439.648
PG482,G01,THTF-64,4880,13,17,2025-11-03 22:10:39.202219,347480.296,6288811.93
PG482,G01,THTG-70,4891,13,17,2025-11-03 22:10:39.202225,347480.296,6288811.93
PG482,E05,BJFW-42,1921,4,8,2025-11-03 22:10:39.202226,347480.296,6288811.93
PG482,E05,BJFT-52,4730,13,17,2025-11-03 22:10:39.202227,347480.296,6288811.93
PJ863,J08,RPYP-60,653,0,2,2025-11-03 22:10:41.562429,342317.214,6300571.86
PJ863,J08,FLXT-68,4968,14,18,2025-11-03 22:10:41.562434,342317.214,6300571.86
PJ863,J16,FLXD-62,3542,9,13,2025-11-03 22:10:41.562435,342317.214,6300571.86
PJ863,J16,FLXW-25,9342,29,60,2025-11-03 22:10:41.562436,342317.214,6300571.86
PB1614,B21,SKDJ-73,2602,6,10,2025-11-03 22:10:43.544038,338402.142,6307119.166
PB1614,425,SHXG-45,3093,8,12,2025-11-03 22:10:43.544043,338402.142,6307119.166
PB1614,425,SJPC-83,3950,10,14,2025-11-03 22:10:43.544044,338402.142,6307119.166
PC26,104,SKWD-66,1930,4,8,2025-11-03 22:10:45.563084,351171.857,6299150.367
PC26,104,SKWD-86,1799,4,8,2025-11-03 22:10:45.563088,351171.857,6299150.367
PC26,212,LZPG-20,596,0,2,2025-11-03 22:10:45.563089,351171.857,6299150.367
PG1210,G14,FLXX-29,4641,13,17,2025-11-03 22:10:47.588163,344042.541,6278558.276
PG1210,G14,FLXP-22,4673,13,17,2025-11-03 22:10:47.588168,344042.541,6278558.276
PD82,114,SKVD-54,2847,7,11,2025-11-03 22:10:49.659382,351287.42,6296094.11
PD82,114,LDSV-91,5318,15,19,2025-11-03 22:10:49.659388,351287.42,6296094.11
PE778,E14,VKJX-84,1413,0,4,2025-11-03 22:10:51.661916,352463.187,6289026.763
PE778,E14,VKJX-68,4428,12,16,2025-11-03 22:10:51.661921,352463.187,6289026.763
PG323,G08,THTG-92,502,0,2,2025-11-03 22:10:53.640786,345770.536,6286807.856
PG323,G08,THTD-37,4128,11,15,2025-11-03 22:10:53.640790,345770.536,6286807.856
PG323,E18,BJFV-89,1647,3,7,2025-11-03 22:10:53.640791,345770.536,6286807.856
PG323,E18,BJFY-84,7327,21,25,2025-11-03 22:10:53.640792,345770.536,6286807.856
PG323,G04,SHCV-31,2737,7,11,2025-11-03 22:10:53.640793,345770.536,6286807.856
PG323,G04,SHXG-67,3576,9,13,2025-11-03 22:10:53.640794,345770.536,6286807.856
PG323,F05,SPZY-51,4003,11,15,2025-11-03 22:10:53.640795,345770.536,6286807.856
PG323,F05,SPZX-63,5583,16,20,2025-11-03 22:10:53.640795,345770.536,6286807.856
PG323,G08v,FLXV-19,2113,5,9,2025-11-03 22:10:53.640796,345770.536,6286807.856
PG323,G08v,FLXV-17,9362,30,60,2025-11-03 22:10:53.640797,345770.536,6286807.856
PG323,G16,SFPF-72,1148,0,4,2025-11-03 22:10:53.640798,345770.536,6286807.856
PG323,G16,SFPF-83,4090,11,15,2025-11-03 22:10:53.640799,345770.536,6286807.856
PG323,228,THTF-98,205,0,3,2025-11-03 22:10:53.640799,345770.536,6286807.856
PG323,228,THTG-64,5712,16,20,2025-11-03 22:10:53.640800,345770.536,6286807.856
PG589,F06,SPZY-55,2869,7,11,2025-11-03 22:10:55.690235,347915.739,6283315.746
PG589,F06,SPZY-87,3015,8,12,2025-11-03 22:10:55.690240,347915.739,6283315.746
PG589,G28,BJFX-63,1322,0,4,2025-11-03 22:10:55.690241,347915.739,6283315.746
PG589,G28,BJFS-71,10070,32,60,2025-11-03 22:10:55.690242,347915.739,6283315.746
PA325,J10,VHZZ-61,1374,0,4,2025-11-03 22:10:57.691708,344838.858,6299527.357
PA325,J10,VJBB-40,5667,16,20,2025-11-03 22:10:57.691713,344838.858,6299527.357
PB959,B06,SKDH-90,2967,7,11,2025-11-03 22:10:59.684263,339067.159,6307257.492
PG884,G35,SFPF-77,1287,0,4,2025-11-03 22:11:01.685147,345495.349,6283492.544
PG884,G35,SFPG-41,9693,31,60,2025-11-03 22:11:01.685153,345495.349,6283492.544
PG884,G05,SHXB-16,5592,16,20,2025-11-03 22:11:01.685155,345495.349,6283492.544
PG2075,G39,SHCV-42,3313,8,12,2025-11-03 22:11:03.679455,340307.0,6285910.0
PG2075,G39,SCRZ-20,3388,9,13,2025-11-03 22:11:03.679460,340307.0,6285910.0
PC476,401,PGBB-63,668,0,2,2025-11-03 22:11:05.682223,357795.835,6300712.553
PC476,401,PGBB-59,2395,6,10,2025-11-03 22:11:05.682228,357795.835,6300712.553
PC476,722,STHJ-98,52,0,3,2025-11-03 22:11:05.682229,357795.835,6300712.553
PC1113,C17,SJPC-21,4352,12,16,2025-11-03 22:11:07.654925,360343.283,6308122.852
PC1113,C01,LCPW-30,399,0,3,2025-11-03 22:11:07.654931,360343.283,6308122.852
PC1113,C01,LDJJ-83,1689,3,7,2025-11-03 22:11:07.654932,360343.283,6308122.852
PG544,F03,SRPJ-74,1342,0,4,2025-11-03 22:11:09.702729,348105.911,6279832.437
PG544,F03,SPVW-76,5260,15,19,2025-11-03 22:11:09.702735,348105.911,6279832.437
PD985,D01,SVDD-53,704,0,2,2025-11-03 22:11:14.117012,356655.791,6294391.998
PD985,D01,SVDD-54,8747,28,60,2025-11-03 22:11:14.117017,356655.791,6294391.998
PD985,D07,SVDD-59,237,0,3,2025-11-03 22:11:14.117019,356655.791,6294391.998
PD985,D07,SVDC-56,3130,8,12,2025-11-03 22:11:14.117020,356655.791,6294391.998
PJ2016,J07e,VJBB-31,4388,12,16,2025-11-03 22:11:16.487372,334784.017,6305481.991
PJ2016,J07e,VHZX-91,18423,58,60,2025-11-03 22:11:16.487377,334784.017,6305481.991
PG1272,F20,SPZX-84,5320,15,19,2025-11-03 22:11:18.553903,344925.685,6285506.506
PG1272,F20,SPZY-50,11665,37,60,2025-11-03 22:11:18.553908,344925.685,6285506.506
PG1272,G15,THTF-50,3939,10,14,2025-11-03 22:11:18.553909,344925.685,6285506.506
PA226,502,TBFS-38,3151,8,12,2025-11-03 22:11:20.565872,345354.719,6299276.972
PA226,502,TBFX-39,9971,31,60,2025-11-03 22:11:20.565876,345354.719,6299276.972
PA226,B26,FLXP-69,3494,9,13,2025-11-03 22:11:20.565877,345354.719,6299276.972
PA226,402,PFYC-90,8543,27,60,2025-11-03 22:11:20.565878,345354.719,6299276.972
PA226,402,SHCY-28,9172,29,60,2025-11-03 22:11:20.565879,345354.719,6299276.972
PA226,518,TBFP-75,240,0,3,2025-11-03 22:11:20.565880,345354.719,6299276.972
PA226,518,TBFT-21,8819,28,60,2025-11-03 22:11:20.565881,345354.719,6299276.972
PA226,121,CJRZ-67,7276,21,25,2025-11-03 22:11:20.565882,345354.719,6299276.972
PA226,121,CJRW-84,7359,21,25,2025-11-03 22:11:20.565882,345354.719,6299276.972
PJ1979,418,PFYC-75,7579,22,26,2025-11-03 22:11:22.591233,333797.0,6299398.0
PJ1979,418,LXWP-67,7579,22,26,2025-11-03 22:11:22.591238,333797.0,6299398.0
PC789,C17,SKPH-76,2492,6,10,2025-11-03 22:11:24.593304,357048.828,6308266.292
PC789,C28,SPCG-77,1972,4,8,2025-11-03 22:11:24.593309,357048.828,6308266.292
PC789,C28,SGPY-69,6304,18,22,2025-11-03 22:11:24.593310,357048.828,6308266.292
PC726,C05,LDTF-50,5256,15,19,2025-11-03 22:11:26.615700,355860.549,6302777.494
PC726,C05,LDTB-88,6884,20,24,2025-11-03 22:11:26.615705,355860.549,6302777.494
PG247,212,LXWT-98,1581,3,7,2025-11-03 22:11:28.717341,348643.16,6282266.16
PG247,216,LZPG-24,4078,11,15,2025-11-03 22:11:28.717347,348643.16,6282266.16
PG247,G28,BJFX-63,2741,7,11,2025-11-03 22:11:28.717349,348643.16,6282266.16
PG247,G28,BJFS-71,11547,36,60,2025-11-03 22:11:28.717350,348643.16,6282266.16
PB587,B26,HYFL-60,1798,4,8,2025-11-03 22:11:30.637707,346423.48,6300379.34
PB587,B26,FLXP-69,5443,15,19,2025-11-03 22:11:30.637711,346423.48,6300379.34
PB587,230,GCBB-40,901,0,3,2025-11-03 22:11:30.637712,346423.48,6300379.34
PB587,230,FLXZ-96,3111,8,12,2025-11-03 22:11:30.637713,346423.48,6300379.34
PB587,B14,FLXT-52,991,0,3,2025-11-03 22:11:30.637714,346423.48,6300379.34
PB587,B14,FLXJ-41,6171,17,21,2025-11-03 22:11:30.637715,346423.48,6300379.34
PB587,201,GCBC-19,1016,0,3,2025-11-03 22:11:30.637716,346423.48,6300379.34
PB587,201,GCBB-16,1220,0,4,2025-11-03 22:11:30.637717,346423.48,6300379.34
PB587,B02,FLXR-90,1243,0,4,2025-11-03 22:11:30.637717,346423.48,6300379.34
PB587,B02,FLXR-93,11981,38,60,2025-11-03 22:11:30.637718,346423.48,6300379.34
PA463,514,FLXX-85,764,0,2,2025-11-03 22:11:32.143825,344267.624,6298699.17
PA463,514,FLXX-51,2786,7,11,2025-11-03 22:11:32.143830,344267.624,6298699.17
PA463,508,PFXC-31,1808,4,8,2025-11-03 22:11:32.143831,344267.624,6298699.17
PA463,508,FLXV-89,6709,19,23,2025-11-03 22:11:32.143832,344267.624,6298699.17
PG564,F06,SPZY-54,1297,0,4,2025-11-03 22:11:33.800103,345296.517,6285873.957
PG564,G16,SFPF-83,2291,5,9,2025-11-03 22:11:33.800109,345296.517,6285873.957
PG564,G16,SFPG-58,10202,32,60,2025-11-03 22:11:33.800110,345296.517,6285873.957
PJ464,505,LXWR-86,1689,3,7,2025-11-03 22:11:35.555259,340327.463,6301444.183
PJ464,505,VHZZ-50,2399,6,10,2025-11-03 22:11:35.555263,340327.463,6301444.183
PJ464,513,VHZX-71,5194,14,18,2025-11-03 22:11:35.555265,340327.463,6301444.183
PJ464,513,VJJV-48,5194,14,18,2025-11-03 22:11:35.555265,340327.463,6301444.183
PD895,D16,SPBR-29,3560,9,13,2025-11-03 22:11:37.290021,352361.963,6295116.49
PD895,325,VJXW-59,2582,6,10,2025-11-03 22:11:37.290026,352361.963,6295116.49
PG39,G09,SHCX-19,658,0,2,2025-11-03 22:11:39.267608,341945.508,6281870.86
PG39,G09,SHXG-71,1525,3,7,2025-11-03 22:11:39.267612,341945.508,6281870.86
PG39,G28,BJFS-71,1249,0,4,2025-11-03 22:11:39.267613,341945.508,6281870.86
PG39,G08v,FLXV-17,0,0,3,2025-11-03 22:11:39.267614,341945.508,6281870.86
PG39,G08v,FLXV-31,3151,8,12,2025-11-03 22:11:39.267615,341945.508,6281870.86
PG39,G07,THTF-12,1280,0,4,2025-11-03 22:11:39.267616,341945.508,6281870.86
PG39,G07,THTF-28,5437,15,19,2025-11-03 22:11:39.267617,341945.508,6281870.86
PG39,G08,THTD-93,940,0,3,2025-11-03 22:11:39.267618,341945.508,6281870.86
PG39,G08,THTD-88,4902,13,17,2025-11-03 22:11:39.267618,341945.508,6281870.86
PH561,321,CJRW-18,6123,17,21,2025-11-03 22:11:41.279378,343205.208,6290052.976
PH561,321,FLXL-42,6320,18,22,2025-11-03 22:11:41.279383,343205.208,6290052.976
PH561,H06,FLXF-35,1566,3,7,2025-11-03 22:11:41.279384,343205.208,6290052.976
PB77,105,SHCY-18,1019,0,3,2025-11-03 22:11:43.235709,342622.06,6301808.84
PB77,105,SHXF-27,2936,7,11,2025-11-03 22:11:43.235715,342622.06,6301808.84
PB77,120,STHF-62,1020,0,3,2025-11-03 22:11:43.235717,342622.06,6301808.84
PB77,120,SJTD-64,2242,5,9,2025-11-03 22:11:43.235718,342622.06,6301808.84
PB77,B20,SKHG-55,7650,22,26,2025-11-03 22:11:43.235719,342622.06,6301808.84
PB77,B20,SKHG-70,17523,55,60,2025-11-03 22:11:43.235720,342622.06,6301808.84
PB77,B29,SKHG-85,412,0,3,2025-11-03 22:11:43.235721,342622.06,6301808.84
PB77,B29,LXDJ-12,3809,10,14,2025-11-03 22:11:43.235722,342622.06,6301808.84
PB77,109,TBFW-52,3685,10,14,2025-11-03 22:11:43.235723,342622.06,6301808.84
PB77,109,PFWZ-66,9181,29,60,2025-11-03 22:11:43.235724,342622.06,6301808.84
PB77,410,LDSX-94,5404,15,19,2025-11-03 22:11:43.235725,342622.06,6301808.84
PB77,410,SJPC-50,8508,27,60,2025-11-03 22:11:43.235727,342622.06,6301808.84
PC149,401,PDYR-98,6876,20,24,2025-11-03 22:11:45.188234,348902.556,6299553.334
PC149,401,PFTF-83,11696,37,60,2025-11-03 22:11:45.188239,348902.556,6299553.334
PC149,503,VGVC-45,1126,0,4,2025-11-03 22:11:45.188240,348902.556,6299553.334
PC149,503,VGVF-73,3550,9,13,2025-11-03 22:11:45.188241,348902.556,6299553.334
PC149,B27,FLXT-90,6365,18,22,2025-11-03 22:11:45.188242,348902.556,6299553.334
PC149,B27,FLXT-71,10375,33,60,2025-11-03 22:11:45.188242,348902.556,6299553.334
PC149,517,VJJV-33,8994,28,60,2025-11-03 22:11:45.188243,348902.556,6299553.334
PC149,412,PFVG-76,10237,32,60,2025-11-03 22:11:45.188244,348902.556,6299553.334
PC149,412,LXWP-87,17652,56,60,2025-11-03 22:11:45.188245,348902.556,6299553.334
PC149,418,PFVH-10,6422,18,22,2025-11-03 22:11:45.188246,348902.556,6299553.334
PC149,418,LXWP-68,19267,61,60,2025-11-03 22:11:45.188247,348902.556,6299553.334
PC149,421,PFTV-84,1382,0,4,2025-11-03 22:11:45.188247,348902.556,6299553.334
PC149,421,PDZS-80,4276,12,16,2025-11-03 22:11:45.188248,348902.556,6299553.334
PC149,407,FLXV-70,3899,10,14,2025-11-03 22:11:45.188249,348902.556,6299553.334
PC149,407,TBFX-76,6610,19,23,2025-11-03 22:11:45.188250,348902.556,6299553.334
PD680,103,PFYC-21,1539,3,7,2025-11-03 22:11:47.186853,353406.482,6291457.487
PD680,103,PGLD-64,6725,19,23,2025-11-03 22:11:47.186858,353406.482,6291457.487
PD680,D26,SPBP-28,1009,0,3,2025-11-03 22:11:47.186859,353406.482,6291457.487
PD680,D26,FLXJ-62,2063,5,9,2025-11-03 22:11:47.186859,353406.482,6291457.487
PD680,D16,SPBF-59,1534,3,7,2025-11-03 22:11:47.186860,353406.482,6291457.487
PD680,D16,FLXJ-60,4450,12,16,2025-11-03 22:11:47.186861,353406.482,6291457.487
PD680,514,FDJX-68,1674,3,7,2025-11-03 22:11:47.186862,353406.482,6291457.487
PD680,514,FDJX-71,3952,10,14,2025-11-03 22:11:47.186863,353406.482,6291457.487
PD680,514c,LXWR-93,1625,3,7,2025-11-03 22:11:47.186864,353406.482,6291457.487
PC307,C06,LWTK-51,4913,14,18,2025-11-03 22:11:49.234246,357778.155,6301399.349
PC307,503,VGVF-75,4574,12,16,2025-11-03 22:11:49.234253,357778.155,6301399.349
PC307,503,VGVB-66,7793,23,27,2025-11-03 22:11:49.234254,357778.155,6301399.349
PC307,504,TBFR-93,0,0,3,2025-11-03 22:11:49.234255,357778.155,6301399.349
PC307,504,GCBD-30,1191,4,8,2025-11-03 22:11:49.234256,357778.155,6301399.349
PC307,722,STHC-45,1869,4,8,2025-11-03 22:11:49.234257,357778.155,6301399.349
PC307,722,STHL-95,6766,19,23,2025-11-03 22:11:49.234258,357778.155,6301399.349
PH498,H06,FLXG-17,2973,7,11,2025-11-03 22:11:51.253720,346612.379,6294348.569
PH498,H06,FLXF-35,8434,27,60,2025-11-03 22:11:51.253725,346612.379,6294348.569
PH498,H24,VGLZ-43,69,0,3,2025-11-03 22:11:51.253726,346612.379,6294348.569
PH498,H24,VGRC-93,2910,7,11,2025-11-03 22:11:51.253727,346612.379,6294348.569
PI1815,I24,VHSX-90,1399,0,4,2025-11-03 22:11:53.272055,334243.0,6291106.0
PI1815,I24,VHSX-86,7624,22,26,2025-11-03 22:11:53.272060,334243.0,6291106.0
PI1815,I05,VHTB-54,12178,38,60,2025-11-03 22:11:53.272062,334243.0,6291106.0
PI1815,I05,VHSX-76,14794,47,60,2025-11-03 22:11:53.272063,334243.0,6291106.0
PI1815,I09,RWRP-68,0,0,3,2025-11-03 22:11:53.272064,334243.0,6291106.0
PI1815,I09,FLXZ-35,790,0,2,2025-11-03 22:11:53.272065,334243.0,6291106.0
PI1815,I11,FLXY-86,266,0,3,2025-11-03 22:11:53.272066,334243.0,6291106.0
PI1815,I11,RWRP-60,5157,14,18,2025-11-03 22:11:53.272067,334243.0,6291106.0
PI1501,423,PGPT-40,4460,12,16,2025-11-03 22:11:55.136381,338523.06,6293566.05
PI1501,423,PGPT-52,10048,32,60,2025-11-03 22:11:55.136386,338523.06,6293566.05
PD760,D02,SVDF-12,2664,6,10,2025-11-03 22:11:56.649170,353689.465,6296362.597
PD760,D02,SVDC-88,6068,17,21,2025-11-03 22:11:56.649174,353689.465,6296362.597
PJ345,503,VGVF-76,718,0,2,2025-11-03 22:11:58.638345,343087.99,6299319.79
PJ345,503,VGVB-75,3574,9,13,2025-11-03 22:11:58.638351,343087.99,6299319.79
PJ345,504,GCBD-32,1421,0,4,2025-11-03 22:11:58.638352,343087.99,6299319.79
PJ345,504,GCBF-13,5837,16,20,2025-11-03 22:11:58.638353,343087.99,6299319.79
PJ345,507,PFXC-36,2426,6,10,2025-11-03 22:11:58.638354,343087.99,6299319.79
PJ345,507,TBFX-50,8015,23,27,2025-11-03 22:11:58.638355,343087.99,6299319.79
PJ345,517,VHZZ-70,9075,29,60,2025-11-03 22:11:58.638356,343087.99,6299319.79
PJ345,517,VHXK-53,18364,58,60,2025-11-03 22:11:58.638357,343087.99,6299319.79
PJ345,518,TBFW-69,4156,11,15,2025-11-03 22:11:58.638359,343087.99,6299319.79
PJ345,518,TBFW-23,8202,26,60,2025-11-03 22:11:58.638359,343087.99,6299319.79
PJ345,J02,VHXJ-82,4801,13,17,2025-11-03 22:11:58.638360,343087.99,6299319.79
PJ345,J02,VHXD-57,11220,35,60,2025-11-03 22:11:58.638361,343087.99,6299319.79
PJ521,508,TBFT-46,4163,11,15,2025-11-03 22:12:00.631814,338627.211,6300457.654
PJ521,508,PFXB-59,4796,13,17,2025-11-03 22:12:00.631818,338627.211,6300457.654
PJ521,J03,FLXS-89,5939,17,21,2025-11-03 22:12:00.631820,338627.211,6300457.654
PJ521,J03,FLXH-81,6218,18,22,2025-11-03 22:12:00.631820,338627.211,6300457.654
PJ521,J16,TBFT-53,260,0,3,2025-11-03 22:12:00.631821,338627.211,6300457.654
PJ521,J16,FLXD-62,8929,28,60,2025-11-03 22:12:00.631822,338627.211,6300457.654
PJ1994,514,GCBD-58,1034,0,3,2025-11-03 22:12:02.693167,335050.0,6298985.0
PJ1994,514,TBFX-34,1034,0,3,2025-11-03 22:12:02.693172,335050.0,6298985.0
PJ1994,J18,VHZY-11,208,0,3,2025-11-03 22:12:02.693173,335050.0,6298985.0
PJ1994,J18,VHZY-80,3795,10,14,2025-11-03 22:12:02.693174,335050.0,6298985.0
PH239,214,GCBB-85,0,0,3,2025-11-03 22:12:06.718187,345857.089,6291075.962
PI1626,108,PFVD-36,1772,4,8,2025-11-03 22:12:08.712788,341963.405,6293153.994
PI1626,108,PFTW-68,7779,23,27,2025-11-03 22:12:08.712793,341963.405,6293153.994
PI1626,I26,PFVG-52,3993,11,15,2025-11-03 22:12:08.712794,341963.405,6293153.994
PI1626,I26,PGPT-10,7270,21,25,2025-11-03 22:12:08.712795,341963.405,6293153.994
PI1626,115,FLXV-99,105,0,3,2025-11-03 22:12:08.712796,341963.405,6293153.994
PI1626,115,TBFS-33,1973,4,8,2025-11-03 22:12:08.712797,341963.405,6293153.994
PI1626,109,FDJX-63,1384,0,4,2025-11-03 22:12:08.712798,341963.405,6293153.994
PI1626,109,FLXK-33,5755,16,20,2025-11-03 22:12:08.712799,341963.405,6293153.994
PI1626,I25,FLXL-76,4892,13,17,2025-11-03 22:12:08.712800,341963.405,6293153.994
PI1626,I25,FLXK-45,12245,39,60,2025-11-03 22:12:08.712800,341963.405,6293153.994
PI1626,113,FLXW-87,7133,21,25,2025-11-03 22:12:08.712801,341963.405,6293153.994
PI1626,113,FLXY-99,9075,29,60,2025-11-03 22:12:08.712802,341963.405,6293153.994
PB726,B15,SPCG-54,475,0,3,2025-11-03 22:12:10.660261,347702.829,6304072.936
PB726,B15,SPCG-98,9865,31,60,2025-11-03 22:12:10.660265,347702.829,6304072.936
PB726,272,VFPC-10,630,0,2,2025-11-03 22:12:10.660267,347702.829,6304072.936
PI1870,I25,FLXL-76,803,0,3,2025-11-03 22:12:12.182693,341911.0,6290418.0
PI1870,I25,FLXK-45,8157,26,60,2025-11-03 22:12:12.182699,341911.0,6290418.0
PD1613,D14,PGTT-89,7893,23,27,2025-11-03 22:12:14.063320,353386.97,6293450.26
PD1613,D14,PGBF-57,8119,26,60,2025-11-03 22:12:14.063326,353386.97,6293450.26
PD1613,D17,PFYC-71,16853,42,60,2025-11-03 22:12:14.063328,353386.97,6293450.26
PI401,511,GCBD-35,1890,4,8,2025-11-03 22:12:16.779560,342793.897,6297077.995
PI401,511,TBFX-36,4028,11,15,2025-11-03 22:12:16.779565,342793.897,6297077.995
PI401,J10,VJBB-40,934,0,3,2025-11-03 22:12:16.779566,342793.897,6297077.995
PI401,J10,VJJR-56,6710,19,23,2025-11-03 22:12:16.779567,342793.897,6297077.995
PI401,I09,FLXZ-21,0,0,3,2025-11-03 22:12:16.779568,342793.897,6297077.995
PI401,I09,FLXZ-38,3545,9,13,2025-11-03 22:12:16.779569,342793.897,6297077.995
PI401,I14,CJRW-46,1343,0,4,2025-11-03 22:12:16.779570,342793.897,6297077.995
PI401,I14,CJRX-39,1933,4,8,2025-11-03 22:12:16.779571,342793.897,6297077.995
PI401,I16,FLXL-69,458,0,3,2025-11-03 22:12:16.779571,342793.897,6297077.995
PI401,I16,FLXK-88,4392,12,16,2025-11-03 22:12:16.779572,342793.897,6297077.995
PI401,401,PDYR-98,2192,5,9,2025-11-03 22:12:16.779573,342793.897,6297077.995
PI401,401,PFTF-83,6683,19,23,2025-11-03 22:12:16.779574,342793.897,6297077.995
PI401,405,PDYR-97,777,0,2,2025-11-03 22:12:16.779575,342793.897,6297077.995
PI401,405,PFVK-94,4915,14,18,2025-11-03 22:12:16.779575,342793.897,6297077.995
PI401,418,PFVH-10,1133,0,4,2025-11-03 22:12:16.779576,342793.897,6297077.995
PI401,418,LXWP-68,13978,44,60,2025-11-03 22:12:16.779577,342793.897,6297077.995
PI401,516,GCBD-65,873,0,3,2025-11-03 22:12:16.779578,342793.897,6297077.995
PI401,516,TBFX-44,5613,16,20,2025-11-03 22:12:16.779579,342793.897,6297077.995
PI401,510,FLXW-10,2738,7,11,2025-11-03 22:12:16.779579,342793.897,6297077.995
PI401,510,PFXC-62,5830,16,20,2025-11-03 22:12:16.779580,342793.897,6297077.995
PI401,412,PFVG-76,2172,5,9,2025-11-03 22:12:16.779581,342793.897,6297077.995
PI401,412,LXWP-87,10826,34,60,2025-11-03 22:12:16.779582,342793.897,6297077.995
PI401,519,TBFW-28,2561,6,10,2025-11-03 22:12:16.779583,342793.897,6297077.995
PI401,421,PFBG-34,4062,11,15,2025-11-03 22:12:16.779584,342793.897,6297077.995
PI401,421,PFTF-87,10252,32,60,2025-11-03 22:12:16.779584,342793.897,6297077.995
PI401,I04,FLXF-92,7038,20,24,2025-11-03 22:12:16.779585,342793.897,6297077.995
PI401,I04,FLXL-13,8381,26,60,2025-11-03 22:12:16.779586,342793.897,6297077.995
PI401,I13,FLXL-77,2342,11,15,2025-11-03 22:12:16.779587,342793.897,6297077.995
PI401,I13,FLXX-73,4800,23,27,2025-11-03 22:12:16.779587,342793.897,6297077.995
PI837,J10,VHZZ-20,3822,10,14,2025-11-03 22:12:18.756172,342333.939,6297505.734
PI837,I03,FLXJ-28,1813,4,8,2025-11-03 22:12:18.756177,342333.939,6297505.734
PI837,I03,FLXL-49,6830,20,24,2025-11-03 22:12:18.756178,342333.939,6297505.734
PI837,I10,FLXG-56,1558,3,7,2025-11-03 22:12:18.756179,342333.939,6297505.734
PI837,I10,FLXK-93,7076,20,24,2025-11-03 22:12:18.756180,342333.939,6297505.734
PG1785,G22,THTG-79,2026,4,8,2025-11-03 22:12:20.629494,341080.64,6279900.87
PG1785,G22,THTD-20,2315,5,9,2025-11-03 22:12:20.629499,341080.64,6279900.87
PC131,D11,SVDC-29,6095,17,21,2025-11-03 22:12:22.114378,355568.441,6300798.193
PC131,D11,SVDF-19,7147,21,25,2025-11-03 22:12:22.114384,355568.441,6300798.193
PC131,C05,LFGP-25,0,0,3,2025-11-03 22:12:22.114385,355568.441,6300798.193
PC131,517,VHXK-53,2839,7,11,2025-11-03 22:12:22.114386,355568.441,6300798.193
PI1360,I08,FLXZ-64,1013,0,3,2025-11-03 22:12:24.212275,336552.182,6292774.12
PI1360,I08,FLXZ-93,1552,3,7,2025-11-03 22:12:24.212281,336552.182,6292774.12
PA506,H13,CJRX-61,3589,9,13,2025-11-03 22:12:26.312471,348044.9,6295148.63
PA506,511,PFXB-93,2740,7,11,2025-11-03 22:12:26.312477,348044.9,6295148.63
PA506,511,GCBC-75,7798,23,27,2025-11-03 22:12:26.312478,348044.9,6295148.63
PA506,D05,SPBP-26,415,0,3,2025-11-03 22:12:26.312479,348044.9,6295148.63
PA506,D05,PFYC-42,292,0,3,2025-11-03 22:12:26.312480,348044.9,6295148.63
PA506,H07,CJRX-42,1122,0,4,2025-11-03 22:12:26.312481,348044.9,6295148.63
PD637,508,FLXW-23,6190,18,22,2025-11-03 22:12:28.396576,352406.367,6294346.557
PD637,325,VFJK-31,5568,16,20,2025-11-03 22:12:28.396581,352406.367,6294346.557
PD637,325,VFJP-49,11412,36,60,2025-11-03 22:12:28.396582,352406.367,6294346.557
PD637,D16,SPBS-52,332,0,3,2025-11-03 22:12:28.396583,352406.367,6294346.557
PD637,D16,SPBL-64,3454,9,13,2025-11-03 22:12:28.396584,352406.367,6294346.557
PC407,C09,SKPJ-78,4909,14,18,2025-11-03 22:12:31.227404,359870.71,6303461.3
PC407,C09,SGPY-56,6917,20,24,2025-11-03 22:12:31.227409,359870.71,6303461.3
PF458,F09,SRVL-59,1159,0,4,2025-11-03 22:12:33.181694,354437.477,6281407.552
PF458,F09,SPZX-67,1712,3,7,2025-11-03 22:12:33.181698,354437.477,6281407.552
PF458,124,LBTS-91,1312,0,4,2025-11-03 22:12:33.181699,354437.477,6281407.552
PF458,124,SRVG-32,2584,6,10,2025-11-03 22:12:33.181700,354437.477,6281407.552
PF458,F26,SPVV-87,1149,0,4,2025-11-03 22:12:33.181701,354437.477,6281407.552
PF458,F26,SPVV-51,2005,4,8,2025-11-03 22:12:33.181702,354437.477,6281407.552
PF458,F29,SKVB-16,2064,5,9,2025-11-03 22:12:33.181703,354437.477,6281407.552
PF458,F10,SRPK-86,4041,11,15,2025-11-03 22:12:33.181704,354437.477,6281407.552
PI1159,385,FLXK-77,264,0,3,2025-11-03 22:12:34.721092,339166.833,6294225.432
PI497,419,PFYG-55,864,0,3,2025-11-03 22:12:36.795796,335868.683,6292017.227
PI497,419,PFYH-10,7987,23,27,2025-11-03 22:12:36.795801,335868.683,6292017.227
PI497,I12,FLXY-10,2938,7,11,2025-11-03 22:12:36.795802,335868.683,6292017.227
PI497,I12,FLXY-26,7432,21,25,2025-11-03 22:12:36.795803,335868.683,6292017.227
PJ585,J01,FLXD-31,4605,13,17,2025-11-03 22:12:38.783369,343075.43,6299848.94
PJ585,J01,FLXD-32,6630,19,23,2025-11-03 22:12:38.783374,343075.43,6299848.94
PI374,421,PFVL-14,2403,6,10,2025-11-03 22:12:40.668926,334400.411,6289116.657
PI374,423,PGPT-52,910,0,3,2025-11-03 22:12:40.668931,334400.411,6289116.657
PA312,121,BJFW-38,786,0,2,2025-11-03 22:12:42.156339,344936.42,6298456.69
PA312,121,BJFW-51,3283,8,12,2025-11-03 22:12:42.156344,344936.42,6298456.69
PE831,G04,SHXG-79,904,0,3,2025-11-03 22:12:44.220628,350432.271,6285044.488
PE831,G04,SHXG-80,947,0,3,2025-11-03 22:12:44.220633,350432.271,6285044.488
PE376,E04,VKJZ-69,4090,11,15,2025-11-03 22:12:45.763683,351962.236,6289624.325
PE376,E04,VKJX-11,8111,26,60,2025-11-03 22:12:45.763688,351962.236,6289624.325
PE376,E03,BJFV-88,4208,11,15,2025-11-03 22:12:45.763689,351962.236,6289624.325
PE376,E03,BJFZ-12,4385,12,16,2025-11-03 22:12:45.763690,351962.236,6289624.325
PF453,F09,FLXS-40,1047,0,3,2025-11-03 22:12:47.241668,354768.6,6283775.103
PF453,210v,VFPV-83,1756,4,8,2025-11-03 22:12:47.241673,354768.6,6283775.103
PF453,210v,VGBW-19,3011,8,12,2025-11-03 22:12:47.241674,354768.6,6283775.103
PE487,E05,BJFT-52,1234,0,4,2025-11-03 22:12:49.192166,349521.248,6289844.484
PG1267,203,SFWZ-20,486,0,2,2025-11-03 22:12:51.200973,346072.412,6285159.788
PG1267,203,LZPW-13,2593,6,10,2025-11-03 22:12:51.200977,346072.412,6285159.788
PG1267,203c,SFWB-51,1290,0,4,2025-11-03 22:12:51.200979,346072.412,6285159.788
PG1267,203c,SFWZ-62,2908,7,11,2025-11-03 22:12:51.200979,346072.412,6285159.788
PG1267,F20,SPZX-84,3725,10,14,2025-11-03 22:12:51.200980,346072.412,6285159.788
PG1267,F20,SPZY-50,9681,31,60,2025-11-03 22:12:51.200981,346072.412,6285159.788
PG1267,G15,THTF-50,1989,4,8,2025-11-03 22:12:51.200982,346072.412,6285159.788
PB324,203,LZPS-22,956,0,3,2025-11-03 22:12:53.171905,347202.38,6302209.853
PB324,203,LZPT-47,2386,6,10,2025-11-03 22:12:53.171910,347202.38,6302209.853
PB324,208,SXKV-97,1908,4,8,2025-11-03 22:12:53.171911,347202.38,6302209.853
PB324,208,LZPT-66,3926,10,14,2025-11-03 22:12:53.171912,347202.38,6302209.853
PI269,I11,VHSX-97,3420,9,13,2025-11-03 22:12:55.140492,333620.371,6285624.741
PI269,113,FLXY-99,3523,9,13,2025-11-03 22:12:55.140497,333620.371,6285624.741
PI269,113,FLXZ-26,3523,9,13,2025-11-03 22:12:55.140498,333620.371,6285624.741
PB1478,B26,FLXS-55,0,0,3,2025-11-03 22:12:56.656212,345413.551,6302094.586
PB1478,B26,HYFL-60,3878,10,14,2025-11-03 22:12:56.656216,345413.551,6302094.586
PB1204,B12,SHCV-81,4346,12,16,2025-11-03 22:12:58.626194,339372.225,6309998.389
PB1204,B12,SKDH-63,7568,22,26,2025-11-03 22:12:58.626199,339372.225,6309998.389
PG815,G04,SFGY-14,1888,4,8,2025-11-03 22:13:00.682309,345901.222,6286473.184
PG815,G04,SHXG-79,1888,4,8,2025-11-03 22:13:00.682315,345901.222,6286473.184
PG815,G16,SDSW-53,1630,3,7,2025-11-03 22:13:00.682316,345901.222,6286473.184
PG815,G16,SFPF-89,1888,4,8,2025-11-03 22:13:00.682317,345901.222,6286473.184
PI292,115,FLXW-30,142,0,3,2025-11-03 22:13:02.219155,338129.333,6289725.45
PI292,115,PFXB-62,6078,17,21,2025-11-03 22:13:02.219160,338129.333,6289725.45
PI292,113,BJFZ-39,9723,31,60,2025-11-03 22:13:02.219170,338129.333,6289725.45
PI292,113,FLXY-70,13097,41,60,2025-11-03 22:13:02.219170,338129.333,6289725.45
PI292,I12,FLXY-26,2403,6,10,2025-11-03 22:13:02.219171,338129.333,6289725.45
PI292,I12,FLXY-29,2985,7,11,2025-11-03 22:13:02.219172,338129.333,6289725.45
PC455,501,FLXV-84,250,0,3,2025-11-03 22:13:06.168154,357038.84,6300684.48
PC455,504,SZZY-79,1598,3,7,2025-11-03 22:13:06.168162,357038.84,6300684.48
PD710,D02,SVDC-55,2459,6,10,2025-11-03 22:13:08.213373,354414.117,6298006.371
PD710,D15,SVDD-48,397,0,3,2025-11-03 22:13:08.213379,354414.117,6298006.371
PD710,D15,STYX-82,5622,16,20,2025-11-03 22:13:08.213380,354414.117,6298006.371
PG921,F03,FLXT-48,8781,28,60,2025-11-03 22:13:10.180638,341758.663,6282072.542
PG921,F03,SPVW-99,12470,39,60,2025-11-03 22:13:10.180643,341758.663,6282072.542
PI155,419,PFVK-89,5626,16,20,2025-11-03 22:13:12.232923,335102.241,6290124.12
PI155,419,PFVK-97,9609,30,60,2025-11-03 22:13:12.232928,335102.241,6290124.12
PI155,118,FLXH-85,5229,15,19,2025-11-03 22:13:12.232929,335102.241,6290124.12
PI155,118,FLXS-91,8420,27,60,2025-11-03 22:13:12.232930,335102.241,6290124.12
PI155,108,PFVJ-10,2414,6,10,2025-11-03 22:13:12.232931,335102.241,6290124.12
PI155,108,PGPS-98,3363,9,13,2025-11-03 22:13:12.232932,335102.241,6290124.12
PH313,223,SFGY-74,405,0,3,2025-11-03 22:13:14.415713,342608.945,6288521.909
PH313,H03,CJRW-22,3382,9,13,2025-11-03 22:13:14.415718,342608.945,6288521.909
PH313,H03,CJRW-47,7069,20,24,2025-11-03 22:13:14.415719,342608.945,6288521.909
PH313,H12,FLXH-16,2607,6,10,2025-11-03 22:13:14.415720,342608.945,6288521.909
PH313,H12,FLXD-78,7532,22,26,2025-11-03 22:13:14.415720,342608.945,6288521.909
PH313,G09,SFGY-15,1268,0,4,2025-11-03 22:13:14.415721,342608.945,6288521.909
PH313,119,FLXJ-11,1172,0,4,2025-11-03 22:13:14.415722,342608.945,6288521.909
PH313,119,BJFZ-55,3756,10,14,2025-11-03 22:13:14.415723,342608.945,6288521.909
PH391,385,FLXG-65,3027,8,12,2025-11-03 22:13:16.462894,349232.402,6292259.764
PH391,385,FLXJ-53,3423,9,13,2025-11-03 22:13:16.462899,349232.402,6292259.764
PB1464,B26,FLXS-55,1507,3,7,2025-11-03 22:13:18.205048,343858.292,6302632.279
PB1464,B26,HYFL-60,5701,16,20,2025-11-03 22:13:18.205053,343858.292,6302632.279
PI473,405,PFVL-17,963,0,3,2025-11-03 22:13:20.209992,336256.37,6289967.661
PI473,405,PFVK-88,4800,13,17,2025-11-03 22:13:20.209997,336256.37,6289967.661
PI473,509,CJRX-34,1774,4,8,2025-11-03 22:13:20.209999,336256.37,6289967.661
PI473,509,FDJX-77,8138,26,60,2025-11-03 22:13:20.209999,336256.37,6289967.661
PI473,481,PGPT-14,790,0,2,2025-11-03 22:13:20.210000,336256.37,6289967.661
PI473,481,PFYS-39,2217,5,9,2025-11-03 22:13:20.210001,336256.37,6289967.661
PI473,I02,FLXY-94,2549,6,10,2025-11-03 22:13:20.210002,336256.37,6289967.661
PI473,I02,FLXZ-40,7514,22,26,2025-11-03 22:13:20.210003,336256.37,6289967.661
PI473,I26,PGPT-10,0,0,3,2025-11-03 22:13:20.210004,336256.37,6289967.661
PI473,I26,PFTW-69,3896,10,14,2025-11-03 22:13:20.210005,336256.37,6289967.661
PH703,I05,VHTB-54,1826,4,8,2025-11-03 22:13:22.198911,342925.773,6289611.527
PH703,I05,VHSX-76,5431,15,19,2025-11-03 22:13:22.198916,342925.773,6289611.527
PD1003,D08,STKS-99,0,0,3,2025-11-03 22:13:24.173325,357436.171,6298788.761
PD1003,D08,SVDC-50,3337,9,13,2025-11-03 22:13:24.173330,357436.171,6298788.761
PD1003,D15,SVDD-43,832,0,3,2025-11-03 22:13:24.173331,357436.171,6298788.761
PD1003,D15,SVDD-48,3584,9,13,2025-11-03 22:13:24.173332,357436.171,6298788.761
PB1390,B20,LXDH-89,3411,9,13,2025-11-03 22:13:26.536636,343480.549,6301106.301
PB1390,B20,LXDJ-13,8555,27,60,2025-11-03 22:13:26.536641,343480.549,6301106.301
PB1390,B29,LXDH-93,3411,9,13,2025-11-03 22:13:26.536643,343480.549,6301106.301
PB1390,B29,LXDH-92,9097,29,60,2025-11-03 22:13:26.536644,343480.549,6301106.301
PG1907,G08v,FLXV-26,3323,8,12,2025-11-03 22:13:28.580967,343149.83,6279421.62
PG1907,G08v,FLXV-25,9048,29,60,2025-11-03 22:13:28.580972,343149.83,6279421.62
PG1907,G32,THTF-55,1255,0,4,2025-11-03 22:13:28.580973,343149.83,6279421.62
PE635,E09,VKJX-70,705,0,2,2025-11-03 22:13:30.593654,351141.963,6285605.826
PG1333,G18,SHXB-41,1808,4,8,2025-11-03 22:13:32.580049,348022.09,6287888.77
PG1333,G18,SCRZ-25,4246,11,15,2025-11-03 22:13:32.580055,348022.09,6287888.77
PB2091,B13,STHR-80,2736,7,11,2025-11-03 22:13:34.613863,337338.0,6311703.0
PC921,C13,SGPW-49,3413,9,13,2025-11-03 22:13:36.670348,360295.58,6310254.104
PC921,C13,SHXF-94,7891,23,27,2025-11-03 22:13:36.670353,360295.58,6310254.104
PD509,505,VJBB-50,833,0,3,2025-11-03 22:13:38.700660,356230.45,6295483.85
PD509,516,FLXV-90,397,0,3,2025-11-03 22:13:38.700666,356230.45,6295483.85
PD509,D03,SVDC-89,2876,7,11,2025-11-03 22:13:38.700667,356230.45,6295483.85
PD509,D10,SVDD-70,1310,0,4,2025-11-03 22:13:38.700668,356230.45,6295483.85
PG1593,201e,VFHK-58,5207,14,18,2025-11-03 22:13:40.709129,342045.117,6286363.624
PG1593,201e,VFHL-60,9050,29,60,2025-11-03 22:13:40.709134,342045.117,6286363.624
PI927,I17,FLXL-25,1791,4,8,2025-11-03 22:13:44.740372,340186.772,6295033.343
PI927,I17,FLXL-75,6822,20,24,2025-11-03 22:13:44.740376,340186.772,6295033.343
PI927,I04,FLXL-81,3225,8,12,2025-11-03 22:13:44.740378,340186.772,6295033.343
PI1639,113,FLXZ-53,899,0,3,2025-11-03 22:13:46.274860,334896.343,6285055.281
PI1639,113,FLXY-99,899,0,3,2025-11-03 22:13:46.274864,334896.343,6285055.281
PC547,722,STHJ-98,2490,6,10,2025-11-03 22:13:48.277088,355688.102,6301298.957
PC547,D11,SVDC-49,1818,4,8,2025-11-03 22:13:48.277093,355688.102,6301298.957
PC547,D11,SVDF-19,2950,7,11,2025-11-03 22:13:48.277094,355688.102,6301298.957
PC547,225,VFJP-96,1045,0,3,2025-11-03 22:13:48.277095,355688.102,6301298.957
PC547,225,VFJP-44,5481,15,19,2025-11-03 22:13:48.277096,355688.102,6301298.957
PC547,C06,LWTK-55,673,0,2,2025-11-03 22:13:48.277097,355688.102,6301298.957
PC547,503,VHLH-86,1139,0,4,2025-11-03 22:13:48.277098,355688.102,6301298.957
PB870,B04,SJPC-34,1363,0,4,2025-11-03 22:13:50.269179,345494.592,6300439.364
PB870,B04,SHCX-29,9320,29,60,2025-11-03 22:13:50.269184,345494.592,6300439.364
PB927,B06,SKDJ-86,265,0,3,2025-11-03 22:13:52.253124,345281.942,6305370.325
PB927,B06,SKDH-61,2570,6,10,2025-11-03 22:13:52.253129,345281.942,6305370.325
PB927,B27,FLXT-85,1469,3,7,2025-11-03 22:13:52.253130,345281.942,6305370.325
PF587,207c,SFST-18,2171,5,9,2025-11-03 22:13:54.319590,348981.996,6278155.219
PF587,207c,VJXW-29,2139,5,9,2025-11-03 22:13:54.319595,348981.996,6278155.219
PF587,F13,SRPJ-99,2004,4,8,2025-11-03 22:13:54.319596,348981.996,6278155.219
PC1256,C03,SKDG-15,4648,13,17,2025-11-03 22:13:58.354967,351266.0,6303849.0
PC1256,C03,SKDG-73,5720,16,20,2025-11-03 22:13:58.354973,351266.0,6303849.0
PA543,422,TBFW-31,930,0,3,2025-11-03 22:14:00.473549,347822.436,6298264.798
PA543,422,TBFP-74,3000,7,11,2025-11-03 22:14:00.473554,347822.436,6298264.798
PE132,213e,SRVL-11,1961,4,8,2025-11-03 22:14:02.471363,352581.605,6286977.917
PE132,213e,LCPG-43,3691,10,14,2025-11-03 22:14:02.471368,352581.605,6286977.917
PE132,210,LZRD-98,741,0,2,2025-11-03 22:14:02.471369,352581.605,6286977.917
PE132,210,RWTP-97,4619,13,17,2025-11-03 22:14:02.471370,352581.605,6286977.917
PE132,210v,VFPS-94,4767,13,17,2025-11-03 22:14:02.471371,352581.605,6286977.917
PE132,210v,VFPT-27,6022,17,21,2025-11-03 22:14:02.471372,352581.605,6286977.917
PB788,B03,SKHG-82,3350,9,13,2025-11-03 22:14:04.384348,337684.28,6302405.331
PB788,B03,LXDH-96,3695,10,14,2025-11-03 22:14:04.384353,337684.28,6302405.331
PB788,B20,SKHG-70,999,0,3,2025-11-03 22:14:04.384354,337684.28,6302405.331
PB788,B20,LXDJ-13,1457,3,7,2025-11-03 22:14:04.384355,337684.28,6302405.331
PB788,110c,FLXP-41,6456,18,22,2025-11-03 22:14:04.384356,337684.28,6302405.331
PB788,110c,BJFC-24,6377,18,22,2025-11-03 22:14:04.384356,337684.28,6302405.331
PE1392,329,FLXR-33,920,0,3,2025-11-03 22:14:07.953779,348995.772,6290183.22
PE1392,329,FLXR-17,5971,17,21,2025-11-03 22:14:07.953784,348995.772,6290183.22
PD1634,D01,SVDD-54,1488,3,7,2025-11-03 22:14:10.002852,355192.44,6297495.32
PD1634,D01,SVDF-28,8158,26,60,2025-11-03 22:14:10.002856,355192.44,6297495.32
PD1634,D02,SVDC-55,3073,8,12,2025-11-03 22:14:10.002858,355192.44,6297495.32
PD1634,227,VFPL-74,847,0,3,2025-11-03 22:14:10.002858,355192.44,6297495.32
PD1634,227,VFPS-47,5363,15,19,2025-11-03 22:14:10.002859,355192.44,6297495.32
PD1634,D15,SVDC-60,1597,3,7,2025-11-03 22:14:10.002860,355192.44,6297495.32
PD1634,D15,SVDD-46,4739,13,17,2025-11-03 22:14:10.002861,355192.44,6297495.32
PG2101,G02,FLXL-93,3140,8,12,2025-11-03 22:14:12.009461,341060.0,6281816.0
PG2101,G02,FLXX-25,4588,12,16,2025-11-03 22:14:12.009466,341060.0,6281816.0
PG2101,G27,THTG-12,1492,3,7,2025-11-03 22:14:12.009467,341060.0,6281816.0
PG2101,G27,THTF-96,8225,26,60,2025-11-03 22:14:12.009468,341060.0,6281816.0
PG1414,G22,THTD-54,3362,9,13,2025-11-03 22:14:13.662200,344674.767,6286358.748
PG1414,G22,THTF-27,4960,14,18,2025-11-03 22:14:13.662205,344674.767,6286358.748
PE467,E05,BJFV-22,3051,8,12,2025-11-03 22:14:15.658923,348889.267,6289848.788
PE467,E05,CJRB-44,5013,14,18,2025-11-03 22:14:15.658927,348889.267,6289848.788
PB1724,230,GCBB-44,2248,5,9,2025-11-03 22:14:17.680147,344701.601,6303801.129
PB1724,230,GCBB-40,4754,13,17,2025-11-03 22:14:17.680152,344701.601,6303801.129
PB1120,B10,STHB-12,431,0,3,2025-11-03 22:14:19.709336,344930.109,6303633.439
PB1120,B27,FLXT-71,1637,3,7,2025-11-03 22:14:19.709341,344930.109,6303633.439
PB1120,B27,FLXT-85,3825,10,14,2025-11-03 22:14:19.709342,344930.109,6303633.439
PG735,G02,FLXL-93,242,0,3,2025-11-03 22:14:21.681706,342561.632,6279893.741
PG735,G02,FLXX-25,1686,3,7,2025-11-03 22:14:21.681710,342561.632,6279893.741
PI215,428,SHCY-99,5344,15,19,2025-11-03 22:14:25.440618,337109.683,6293694.991
PI215,428,SHCX-59,10418,33,60,2025-11-03 22:14:25.440622,337109.683,6293694.991
PI215,110,LZPH-38,7156,36,60,2025-11-03 22:14:25.440623,337109.683,6293694.991
PI215,110,LZPH-22,7210,37,60,2025-11-03 22:14:25.440624,337109.683,6293694.991
PI215,444,SKPK-62,1245,0,4,2025-11-03 22:14:25.440625,337109.683,6293694.991
PI215,444,SKPK-31,10089,32,60,2025-11-03 22:14:25.440626,337109.683,6293694.991
PI215,111,FLXX-63,5506,15,19,2025-11-03 22:14:25.440627,337109.683,6293694.991
PI215,111,FLXY-38,5313,15,19,2025-11-03 22:14:25.440627,337109.683,6293694.991
PJ1601,J17,FLXZ-86,7452,22,26,2025-11-03 22:14:27.462105,334425.361,6297380.489
PE159,E17,BJFX-56,539,0,2,2025-11-03 22:14:29.468732,351943.941,6290307.695
PE159,E17,FLXT-15,3154,8,12,2025-11-03 22:14:29.468736,351943.941,6290307.695
PE159,244,SFVZ-39,5668,16,20,2025-11-03 22:14:29.468737,351943.941,6290307.695
PE159,118,FLXS-93,1265,0,4,2025-11-03 22:14:29.468738,351943.941,6290307.695
PE159,118,FLXS-78,4716,13,17,2025-11-03 22:14:29.468739,351943.941,6290307.695
PE159,211,FLXX-12,422,0,3,2025-11-03 22:14:29.468740,351943.941,6290307.695
PE159,103,SPBF-69,3689,10,14,2025-11-03 22:14:29.468741,351943.941,6290307.695
PE159,225,VJWY-31,4768,13,17,2025-11-03 22:14:29.468742,351943.941,6290307.695
PE159,225,VFJK-37,6825,20,24,2025-11-03 22:14:29.468743,351943.941,6290307.695
PE159,D13,BJFS-95,7503,22,26,2025-11-03 22:14:29.468744,351943.941,6290307.695
PE159,D13,BJFR-75,8022,23,27,2025-11-03 22:14:29.468745,351943.941,6290307.695
PE159,E06,CJRX-36,2151,5,9,2025-11-03 22:14:29.468745,351943.941,6290307.695
PE159,E06,BJFV-11,5589,16,20,2025-11-03 22:14:29.468746,351943.941,6290307.695
PB1240,B13,LDJW-36,2044,4,8,2025-11-03 22:14:31.197311,338672.813,6308125.391
PB1240,B13,STHR-46,7020,20,24,2025-11-03 22:14:31.197316,338672.813,6308125.391
PD546,D09,SVDF-11,1354,0,4,2025-11-03 22:14:33.033685,357478.389,6294688.555
PD546,D03,SVDC-89,936,0,3,2025-11-03 22:14:33.033690,357478.389,6294688.555
PH172,204,VFPL-41,584,0,2,2025-11-03 22:14:35.132762,348300.108,6294293.843
PH172,204,VFPY-43,2416,6,10,2025-11-03 22:14:35.132767,348300.108,6294293.843
PH172,234,SDGY-27,2267,5,9,2025-11-03 22:14:35.132768,348300.108,6294293.843
PH1528,329,FLXR-39,5849,16,20,2025-11-03 22:14:37.629276,343594.57,6290857.36
PH1528,329,FLXR-45,9864,31,60,2025-11-03 22:14:37.629281,343594.57,6290857.36
PF798,F25,STHC-57,1451,3,7,2025-11-03 22:14:40.051960,352810.207,6280015.186
PF798,F25,LCTG-31,12008,38,60,2025-11-03 22:14:40.051965,352810.207,6280015.186
PF798,F29,SPVW-15,4171,11,15,2025-11-03 22:14:40.051966,352810.207,6280015.186
PE263,226,VGBV-99,2541,6,10,2025-11-03 22:14:42.084958,349918.173,6287921.886
PE263,226,VFPL-92,4100,11,15,2025-11-03 22:14:42.084964,349918.173,6287921.886
PE263,E18,BJFT-67,342,0,3,2025-11-03 22:14:42.084965,349918.173,6287921.886
PE263,E18,BJFV-84,3848,10,14,2025-11-03 22:14:42.084966,349918.173,6287921.886
PE263,E01,VKJZ-32,4312,12,16,2025-11-03 22:14:42.084967,349918.173,6287921.886
PE263,E12,VFJT-99,3521,9,13,2025-11-03 22:14:42.084967,349918.173,6287921.886
PE263,E12,VFHX-26,7756,22,26,2025-11-03 22:14:42.084968,349918.173,6287921.886
PE784,F25,LCTG-31,871,0,3,2025-11-03 22:14:44.092611,352589.637,6288830.943
PG1574,G02,FLXX-13,1467,3,7,2025-11-03 22:14:45.998851,341236.112,6276602.297
PG1574,G02,FLXX-19,5357,15,19,2025-11-03 22:14:45.998855,341236.112,6276602.297
PC604,C01,LCSX-49,436,0,3,2025-11-03 22:14:47.479101,360111.502,6308236.309
PC604,C01,LCPW-39,1265,0,4,2025-11-03 22:14:47.479107,360111.502,6308236.309
PE12,712,SHCW-65,7203,21,25,2025-11-03 22:14:49.437208,353611.132,6289008.346
PE12,712,SHXG-95,8368,27,60,2025-11-03 22:14:49.437213,353611.132,6289008.346
PE12,124,SRVL-72,2585,6,10,2025-11-03 22:14:49.437215,353611.132,6289008.346
PE12,102,SPZX-81,615,0,2,2025-11-03 22:14:49.437216,353611.132,6289008.346
PE12,102,LBTT-25,2282,5,9,2025-11-03 22:14:49.437216,353611.132,6289008.346
PE12,104,SKWD-26,2138,5,9,2025-11-03 22:14:49.437217,353611.132,6289008.346
PE12,104,SKWD-38,2944,7,11,2025-11-03 22:14:49.437218,353611.132,6289008.346
PE12,114,SKVD-53,2139,5,9,2025-11-03 22:14:49.437219,353611.132,6289008.346
PE12,114,SKWD-88,6578,19,23,2025-11-03 22:14:49.437220,353611.132,6289008.346
PF73,F27,SPRY-60,1055,0,3,2025-11-03 22:14:51.142715,351994.501,6283147.051
PF73,F05,SPZY-37,1127,0,4,2025-11-03 22:14:51.142721,351994.501,6283147.051
PF73,F05,SPZX-96,2603,6,10,2025-11-03 22:14:51.142723,351994.501,6283147.051
PF73,F20,SPZX-62,123,0,3,2025-11-03 22:14:51.142724,351994.501,6283147.051
PF73,F20,SPZY-42,257,0,3,2025-11-03 22:14:51.142725,351994.501,6283147.051
PF73,205,SXKV-90,400,0,3,2025-11-03 22:14:51.142726,351994.501,6283147.051
PF73,205,RWTP-88,594,0,2,2025-11-03 22:14:51.142727,351994.501,6283147.051
PF73,205c,VFPF-61,565,0,2,2025-11-03 22:14:51.142728,351994.501,6283147.051
PF73,205c,VFPZ-98,847,0,3,2025-11-03 22:14:51.142729,351994.501,6283147.051
PG1925,G09,SDSW-73,3170,8,12,2025-11-03 22:14:52.901850,344840.64,6281546.35
PG1925,G09,SHCX-19,3373,9,13,2025-11-03 22:14:52.901854,344840.64,6281546.35
PG1925,G39,SHCV-39,580,0,2,2025-11-03 22:14:52.901856,344840.64,6281546.35
PG1925,G39,SHCX-24,1068,0,3,2025-11-03 22:14:52.901856,344840.64,6281546.35
PG238,G13,SFPG-43,138,0,3,2025-11-03 22:14:54.951759,346631.754,6282769.93
PG238,G13,SHXB-11,742,0,2,2025-11-03 22:14:54.951764,346631.754,6282769.93
PG238,G23,SFVZ-86,4670,13,17,2025-11-03 22:14:54.951765,346631.754,6282769.93
PG238,G23,SFVZ-49,4670,13,17,2025-11-03 22:14:54.951766,346631.754,6282769.93
PG532,G14,FLXX-26,2604,6,10,2025-11-03 22:14:57.222609,342804.443,6281746.637
PB896,B04,SHCX-29,449,0,3,2025-11-03 22:14:59.235003,342686.744,6305938.881
PB896,B04,SHXD-90,5540,15,19,2025-11-03 22:14:59.235008,342686.744,6305938.881
PB896,B26,FLXS-55,4815,13,17,2025-11-03 22:14:59.235009,342686.744,6305938.881
PB896,B26,HYFL-60,8961,28,60,2025-11-03 22:14:59.235010,342686.744,6305938.881
PB896,272,VFHL-81,2297,5,9,2025-11-03 22:14:59.235011,342686.744,6305938.881
PB896,272,VFPD-84,3947,10,14,2025-11-03 22:14:59.235012,342686.744,6305938.881
PC798,C17,SKPH-76,5767,16,20,2025-11-03 22:15:01.296566,355411.278,6310545.305
PH134,226,VFPL-11,1640,3,7,2025-11-03 22:15:03.331055,346743.528,6293769.237
PH134,226,VFPJ-77,4100,11,15,2025-11-03 22:15:03.331060,346743.528,6293769.237
PH134,229,VJKG-66,2534,6,10,2025-11-03 22:15:03.331062,346743.528,6293769.237
PH134,229,SFWZ-10,3481,9,13,2025-11-03 22:15:03.331063,346743.528,6293769.237
PH134,271,FLXP-35,2426,6,10,2025-11-03 22:15:03.331064,346743.528,6293769.237
PH134,271,FLXC-85,7600,22,26,2025-11-03 22:15:03.331065,346743.528,6293769.237
PH134,223,SDSW-68,949,0,3,2025-11-03 22:15:03.331066,346743.528,6293769.237
PH134,223,SHCX-23,4825,13,17,2025-11-03 22:15:03.331066,346743.528,6293769.237
PH134,H14,FLXR-47,204,0,3,2025-11-03 22:15:03.331067,346743.528,6293769.237
PH134,H14,FLXR-26,6733,19,23,2025-11-03 22:15:03.331069,346743.528,6293769.237
PH134,201,GCBB-50,1960,4,8,2025-11-03 22:15:03.331070,346743.528,6293769.237
PH134,201,GCBB-47,4472,12,16,2025-11-03 22:15:03.331070,346743.528,6293769.237
PH134,301,BJFW-95,949,0,3,2025-11-03 22:15:03.331071,346743.528,6293769.237
PH134,301,BJFX-44,3050,8,12,2025-11-03 22:15:03.331072,346743.528,6293769.237
PH134,214,GCBB-85,1528,3,7,2025-11-03 22:15:03.331073,346743.528,6293769.237
PB1351,B19,SHCX-44,0,0,3,2025-11-03 22:15:05.364095,344042.936,6306306.644
PI539,506,GCBC-83,2967,11,15,2025-11-03 22:15:07.418674,339758.66,6294952.39
PI539,506,GCBF-10,3804,14,18,2025-11-03 22:15:07.418680,339758.66,6294952.39
PI539,506v,TBFV-20,7155,21,25,2025-11-03 22:15:07.418681,339758.66,6294952.39
PI539,506v,SZZY-69,7677,22,26,2025-11-03 22:15:07.418682,339758.66,6294952.39
PI1858,421,PFYG-96,5486,15,19,2025-11-03 22:15:09.401506,332745.33,6289490.87
PI1858,421,PFVK-87,10693,34,60,2025-11-03 22:15:09.401511,332745.33,6289490.87
PI1858,109,TBFW-39,2253,6,10,2025-11-03 22:15:09.401513,332745.33,6289490.87
PI1858,109,FLXS-80,4511,19,23,2025-11-03 22:15:09.401513,332745.33,6289490.87
PI1858,108,PFYR-84,376,0,3,2025-11-03 22:15:09.401514,332745.33,6289490.87
PI1858,108,PFVJ-10,9583,30,60,2025-11-03 22:15:09.401515,332745.33,6289490.87
PI1858,I26,PFVG-48,13680,43,60,2025-11-03 22:15:09.401516,332745.33,6289490.87
PI1858,I26,PFVG-52,19395,61,60,2025-11-03 22:15:09.401516,332745.33,6289490.87
PI1858,106,PFYT-24,599,0,2,2025-11-03 22:15:09.401517,332745.33,6289490.87
PI1858,106,PFYS-34,7540,22,26,2025-11-03 22:15:09.401520,332745.33,6289490.87
PI1858,401,PFYG-66,1035,0,3,2025-11-03 22:15:09.401521,332745.33,6289490.87
PI1858,401,PFYG-91,2414,6,10,2025-11-03 22:15:09.401522,332745.33,6289490.87
PI1858,405,PDZH-97,1041,0,3,2025-11-03 22:15:09.401523,332745.33,6289490.87
PI1858,405,PFVL-17,3938,10,14,2025-11-03 22:15:09.401524,332745.33,6289490.87
PD1,108,PGPT-25,112,0,3,2025-11-03 22:15:11.162986,351873.68,6291095.22
PD1,102,SPZX-48,4811,13,17,2025-11-03 22:15:11.162991,351873.68,6291095.22
PD1,102,LCPG-48,11108,35,60,2025-11-03 22:15:11.162992,351873.68,6291095.22
PD1,212,LZRB-83,1645,3,7,2025-11-03 22:15:11.162993,351873.68,6291095.22
PD1,212,LZPW-10,1638,3,7,2025-11-03 22:15:11.162994,351873.68,6291095.22
PD1,107,PGLD-61,37,0,3,2025-11-03 22:15:11.162994,351873.68,6291095.22
PD1,107,PGBY-45,4141,11,15,2025-11-03 22:15:11.162995,351873.68,6291095.22
PD1,224,VFPS-56,248,0,3,2025-11-03 22:15:11.162996,351873.68,6291095.22
PD1,224,VFPL-46,2669,6,10,2025-11-03 22:15:11.162997,351873.68,6291095.22
PC1248,411,PGTV-15,386,0,3,2025-11-03 22:15:12.952703,360666.03,6307567.5
PC1248,C01,LDJJ-67,2525,6,10,2025-11-03 22:15:12.952709,360666.03,6307567.5
PC1248,C01,LCSX-53,9361,30,60,2025-11-03 22:15:12.952710,360666.03,6307567.5
PG1569,G07,THTD-10,11565,37,60,2025-11-03 22:15:14.741609,339428.812,6273353.586
PG1569,G07,THTF-97,15879,50,60,2025-11-03 22:15:14.741614,339428.812,6273353.586
PI43,101,PFYR-96,4336,12,16,2025-11-03 22:15:16.225774,341198.867,6295706.686
PI43,506,GCBC-83,4623,21,25,2025-11-03 22:15:16.225779,341198.867,6295706.686
PI43,506,GCBF-10,5460,27,60,2025-11-03 22:15:16.225780,341198.867,6295706.686
PI43,506v,TBFW-55,1237,0,4,2025-11-03 22:15:16.225781,341198.867,6295706.686
PI43,506v,TBFV-20,8811,28,60,2025-11-03 22:15:16.225782,341198.867,6295706.686
PI43,509,FLXV-33,435,0,3,2025-11-03 22:15:16.225783,341198.867,6295706.686
PI43,509,CJRW-81,4949,14,18,2025-11-03 22:15:16.225784,341198.867,6295706.686
PI43,481,PFYR-72,1237,0,4,2025-11-03 22:15:16.225785,341198.867,6295706.686
PI43,481,PGPT-57,2814,7,11,2025-11-03 22:15:16.225785,341198.867,6295706.686
PI43,I13,FLXX-73,1673,6,10,2025-11-03 22:15:16.225786,341198.867,6295706.686
PI43,I13,FLXX-72,3506,19,23,2025-11-03 22:15:16.225787,341198.867,6295706.686
PI43,I14,CJRW-50,5147,14,18,2025-11-03 22:15:16.225788,341198.867,6295706.686
PI43,I14,BJFT-10,9874,31,60,2025-11-03 22:15:16.225788,341198.867,6295706.686
PB1872,B21,SKDJ-90,2198,5,9,2025-11-03 22:15:18.236560,336620.481,6307705.773
PB1872,B21,SKDG-43,2813,7,11,2025-11-03 22:15:18.236564,336620.481,6307705.773
PB1872,425,SJPC-85,1085,0,3,2025-11-03 22:15:18.236566,336620.481,6307705.773
PB1872,425,SHXD-74,1085,0,3,2025-11-03 22:15:18.236566,336620.481,6307705.773
PD990,D07,SVDD-59,0,0,3,2025-11-03 22:15:20.224190,357427.0,6294669.163
PD990,D07,SVDC-56,3142,8,12,2025-11-03 22:15:20.224197,357427.0,6294669.163
PB947,B06,SKDG-52,827,0,3,2025-11-03 22:15:22.219892,337478.404,6308183.284
PB947,B06,SKDG-85,1862,4,8,2025-11-03 22:15:22.219896,337478.404,6308183.284
PB140,C18,SHXD-86,1175,0,4,2025-11-03 22:15:24.192411,349560.195,6305032.569
PB140,C18,SJPC-33,6091,17,21,2025-11-03 22:15:24.192416,349560.195,6305032.569
PB140,B05,SPCG-48,4422,12,16,2025-11-03 22:15:24.192417,349560.195,6305032.569
PB140,B05,SPCG-51,8846,28,60,2025-11-03 22:15:24.192418,349560.195,6305032.569
PC371,C14,SLYB-62,3527,9,13,2025-11-03 22:15:25.700703,356155.73,6309631.189
PC371,C14,SKPH-80,9171,29,60,2025-11-03 22:15:25.700708,356155.73,6309631.189
PC371,C17,SKPH-76,3957,10,14,2025-11-03 22:15:25.700710,356155.73,6309631.189
PC371,C28,SPCG-77,1909,4,8,2025-11-03 22:15:25.700711,356155.73,6309631.189
PC371,C28,SGPY-69,7052,20,24,2025-11-03 22:15:25.700712,356155.73,6309631.189
PC899,C11,SGPY-75,2537,6,10,2025-11-03 22:15:27.667370,354649.693,6304220.268
PC899,C11,SGPY-74,6942,20,24,2025-11-03 22:15:27.667376,354649.693,6304220.268
PB531,B18,STHK-10,2763,7,11,2025-11-03 22:15:29.695824,341172.78,6306353.945
PB531,B18,STHJ-99,6127,17,21,2025-11-03 22:15:29.695828,341172.78,6306353.945
PB531,B11,SKDJ-10,884,0,3,2025-11-03 22:15:29.695829,341172.78,6306353.945
PB531,B11,SGPY-90,6720,19,23,2025-11-03 22:15:29.695830,341172.78,6306353.945
PB531,308,FLXH-96,2734,7,11,2025-11-03 22:15:29.695831,341172.78,6306353.945
PB531,308,FLXK-13,7430,21,25,2025-11-03 22:15:29.695832,341172.78,6306353.945
PB531,314,VHTB-30,3799,10,14,2025-11-03 22:15:29.695832,341172.78,6306353.945
PB531,314,VHSX-80,4448,12,16,2025-11-03 22:15:29.695833,341172.78,6306353.945
PB531,315e,VHSY-11,5513,15,19,2025-11-03 22:15:29.695834,341172.78,6306353.945
PB531,315e,TWPD-76,7099,20,24,2025-11-03 22:15:29.695835,341172.78,6306353.945
PD235,224,VFPZ-88,6409,18,22,2025-11-03 22:15:31.675623,351514.83,6297040.47
PD235,224,VFPV-93,10175,32,60,2025-11-03 22:15:31.675628,351514.83,6297040.47
PD235,325,VFJK-31,6959,20,24,2025-11-03 22:15:31.675629,351514.83,6297040.47
PD235,325,VFJP-49,13740,43,60,2025-11-03 22:15:31.675630,351514.83,6297040.47
PD235,104,SKWD-50,393,0,3,2025-11-03 22:15:31.675631,351514.83,6297040.47
PD235,104,SKVD-69,4586,12,16,2025-11-03 22:15:31.675632,351514.83,6297040.47
PD235,212,LZPT-67,260,0,3,2025-11-03 22:15:31.675632,351514.83,6297040.47
PD235,212,LXWT-96,3442,9,13,2025-11-03 22:15:31.675633,351514.83,6297040.47
PC546,D11,SVDC-49,1408,0,4,2025-11-03 22:15:33.695142,355963.599,6301336.772
PC546,D11,SVDD-82,2546,6,10,2025-11-03 22:15:33.695148,355963.599,6301336.772
PC546,225,VFJP-96,396,0,3,2025-11-03 22:15:33.695149,355963.599,6301336.772
PC546,225,VFJP-79,4692,13,17,2025-11-03 22:15:33.695150,355963.599,6301336.772
PC546,C06,LWTK-55,64,0,3,2025-11-03 22:15:33.695151,355963.599,6301336.772
PC546,C06,SPCG-94,3711,10,14,2025-11-03 22:15:33.695152,355963.599,6301336.772
PC546,503,VGTZ-15,2977,7,11,2025-11-03 22:15:33.695153,355963.599,6301336.772
PC546,722,STHJ-98,1446,3,7,2025-11-03 22:15:33.695154,355963.599,6301336.772
PJ1710,507,TBFW-14,1316,0,4,2025-11-03 22:15:35.679530,337239.933,6299765.608
PJ1710,412,PFTW-25,3779,10,14,2025-11-03 22:15:35.679535,337239.933,6299765.608
PC153,418,SKPH-73,353,0,3,2025-11-03 22:15:37.713256,350336.0,6300663.53
PC153,418,PFVH-10,7178,21,25,2025-11-03 22:15:37.713261,350336.0,6300663.53
PC153,421,PFTV-84,1823,4,8,2025-11-03 22:15:37.713262,350336.0,6300663.53
PC153,421,PDZS-80,4420,12,16,2025-11-03 22:15:37.713264,350336.0,6300663.53
PC153,429c,SLPB-36,19644,62,60,2025-11-03 22:15:37.713265,350336.0,6300663.53
PC153,407,GCBC-85,551,0,2,2025-11-03 22:15:37.713266,350336.0,6300663.53
PC153,407,FLXV-70,4821,13,17,2025-11-03 22:15:37.713267,350336.0,6300663.53
PC153,117,PGKP-65,200,0,3,2025-11-03 22:15:37.713268,350336.0,6300663.53
PC153,117,PGBY-42,4537,12,16,2025-11-03 22:15:37.713269,350336.0,6300663.53
PC153,401,PDYR-98,7460,22,26,2025-11-03 22:15:37.713270,350336.0,6300663.53
PC153,401,PFTF-83,11362,36,60,2025-11-03 22:15:37.713270,350336.0,6300663.53
PC153,412,PFVG-76,9347,30,60,2025-11-03 22:15:37.713271,350336.0,6300663.53
PC153,412,LXWP-87,17734,56,60,2025-11-03 22:15:37.713272,350336.0,6300663.53
PI165,419,PFVK-65,323,0,3,2025-11-03 22:15:39.738300,334119.785,6287561.558
PI165,419,PFVK-89,8973,28,60,2025-11-03 22:15:39.738305,334119.785,6287561.558
PI165,118,FLXX-39,1248,0,4,2025-11-03 22:15:39.738306,334119.785,6287561.558
PI165,118,FLXX-46,2478,6,10,2025-11-03 22:15:39.738307,334119.785,6287561.558
PI165,I21,FLXF-81,3540,9,13,2025-11-03 22:15:39.738308,334119.785,6287561.558
PI165,I21,FLXF-72,7100,20,24,2025-11-03 22:15:39.738309,334119.785,6287561.558
PI165,I03,FLXL-51,2844,7,11,2025-11-03 22:15:39.738310,334119.785,6287561.558
PI165,I03,FLXL-48,4162,11,15,2025-11-03 22:15:39.738311,334119.785,6287561.558
PI165,I10,FLXL-65,2850,7,11,2025-11-03 22:15:39.738312,334119.785,6287561.558
PI165,I10,FLXG-53,3732,10,14,2025-11-03 22:15:39.738313,334119.785,6287561.558
PI165,108,PFVJ-10,5592,16,20,2025-11-03 22:15:39.738314,334119.785,6287561.558
PI165,108,PGPS-98,5972,17,21,2025-11-03 22:15:39.738315,334119.785,6287561.558
PI165,506,FLXW-35,581,0,2,2025-11-03 22:15:39.738316,334119.785,6287561.558
PI165,506,PFXC-27,1691,3,7,2025-11-03 22:15:39.738317,334119.785,6287561.558
PI165,506e,LXWS-36,1333,0,4,2025-11-03 22:15:39.738318,334119.785,6287561.558
PI165,506e,LZPH-30,4818,13,17,2025-11-03 22:15:39.738319,334119.785,6287561.558
PJ1746,555,TBFX-57,5350,15,19,2025-11-03 22:15:41.765591,334082.26,6299287.089
PJ1746,555,TBFR-90,7056,20,24,2025-11-03 22:15:41.765596,334082.26,6299287.089
PD1660,D02,SVDF-77,615,0,2,2025-11-03 22:15:43.781354,358455.55,6295934.61
PD1660,D02,SVDD-40,1537,3,7,2025-11-03 22:15:43.781360,358455.55,6295934.61
PD1660,D18,SPZK-84,1784,4,8,2025-11-03 22:15:43.781362,358455.55,6295934.61
PD1660,D18,SVDF-40,5134,14,18,2025-11-03 22:15:43.781363,358455.55,6295934.61
PD1020,D08,SVDF-61,1107,0,3,2025-11-03 22:15:45.788009,357622.038,6296090.008
PD1020,D08,SVDC-53,11504,36,60,2025-11-03 22:15:45.788014,357622.038,6296090.008
PD1020,D11,SVDC-29,148,0,3,2025-11-03 22:15:45.788016,357622.038,6296090.008
PB701,B17,SHCY-62,5427,15,19,2025-11-03 22:15:47.388639,342060.413,6304440.532
PB701,B17,SHCY-45,10680,34,60,2025-11-03 22:15:47.388644,342060.413,6304440.532
PB701,B28,SKHG-89,1838,4,8,2025-11-03 22:15:47.388646,342060.413,6304440.532
PB701,B01,SKHG-17,2004,4,8,2025-11-03 22:15:47.388647,342060.413,6304440.532
PB701,B01,TXZH-36,9649,30,60,2025-11-03 22:15:47.388648,342060.413,6304440.532
PG1799,G07,THTD-10,12149,38,60,2025-11-03 22:15:49.409400,340007.57,6273459.26
PG1799,G07,THTF-97,15788,50,60,2025-11-03 22:15:49.409405,340007.57,6273459.26
PC1134,C03,SKDF-77,208,0,3,2025-11-03 22:15:51.548393,356677.096,6302055.565
PC1134,C13,SHXF-95,1259,0,4,2025-11-03 22:15:51.548399,356677.096,6302055.565
PC1134,C16,LDTG-56,1850,4,8,2025-11-03 22:15:51.548400,356677.096,6302055.565
PH85,105,SHXD-78,3282,8,12,2025-11-03 22:15:53.317709,342917.96,6291270.508
PH85,105,SJPC-68,4818,13,17,2025-11-03 22:15:53.317715,342917.96,6291270.508
PH85,120,SKHF-91,196,0,3,2025-11-03 22:15:53.317716,342917.96,6291270.508
PH85,120,SPZX-42,4007,11,15,2025-11-03 22:15:53.317717,342917.96,6291270.508
PE845,E02,VKJX-54,2457,6,10,2025-11-03 22:15:55.182168,352635.904,6286609.964
PE845,E02,VKJW-96,6401,18,22,2025-11-03 22:15:55.182173,352635.904,6286609.964
PJ801,J07,VJBB-21,10660,34,60,2025-11-03 22:15:56.687938,328154.763,6303896.751
PJ801,J07,VHZZ-10,26254,83,60,2025-11-03 22:15:56.687944,328154.763,6303896.751
PB989,B43,SHCX-55,3730,10,14,2025-11-03 22:15:58.700314,338620.944,6308366.752
PF722,F18,LBTS-96,0,0,3,2025-11-03 22:16:00.638502,353572.792,6279472.617
PF722,F18,SRVJ-78,6261,18,22,2025-11-03 22:16:00.638508,353572.792,6279472.617
PF350,F20,SPZX-84,5416,15,19,2025-11-03 22:16:02.158553,353743.412,6283656.743
PF350,F20,SPZY-56,5416,15,19,2025-11-03 22:16:02.158558,353743.412,6283656.743
PF350,F08,SPVW-82,1310,0,4,2025-11-03 22:16:02.158559,353743.412,6283656.743
PF350,F08,SPVT-72,3876,10,14,2025-11-03 22:16:02.158560,353743.412,6283656.743
PF350,F14,SPRY-32,3176,8,12,2025-11-03 22:16:02.158561,353743.412,6283656.743
PF350,F14,SPRV-96,8025,23,27,2025-11-03 22:16:02.158561,353743.412,6283656.743
PF350,F24,SPRV-86,8635,27,60,2025-11-03 22:16:02.158562,353743.412,6283656.743
PF350,F24,SPRV-91,8635,27,60,2025-11-03 22:16:02.158563,353743.412,6283656.743
PF350,F27,SPRW-91,3930,10,14,2025-11-03 22:16:02.158564,353743.412,6283656.743
PF350,F27,SPRV-88,8228,26,60,2025-11-03 22:16:02.158565,353743.412,6283656.743
PF350,F05,SRVK-82,770,0,2,2025-11-03 22:16:02.158566,353743.412,6283656.743
PF350,F05,SPZY-51,5780,16,20,2025-11-03 22:16:02.158566,353743.412,6283656.743
PF350,F06,SPZX-57,552,0,2,2025-11-03 22:16:02.158567,353743.412,6283656.743
PF350,F06,SPZY-58,4474,12,16,2025-11-03 22:16:02.158568,353743.412,6283656.743
PJ63,412,LXWP-87,1041,0,3,2025-11-03 22:16:04.194047,338245.357,6300135.346
PJ63,412,PFTW-48,1430,3,7,2025-11-03 22:16:04.194052,338245.357,6300135.346
PJ63,110,LXWR-85,6751,40,60,2025-11-03 22:16:04.194054,338245.357,6300135.346
PJ63,110,LZPH-37,7291,46,60,2025-11-03 22:16:04.194055,338245.357,6300135.346
PJ63,110c,FLXW-16,10253,32,60,2025-11-03 22:16:04.194056,338245.357,6300135.346
PJ63,B38,TBFT-64,3321,8,12,2025-11-03 22:16:04.194057,338245.357,6300135.346
PB329,203,SFWZ-20,229,0,3,2025-11-03 22:16:06.223323,347240.802,6303800.619
PB329,203,LZPS-22,1345,0,4,2025-11-03 22:16:06.223328,347240.802,6303800.619
PB329,208,LZPG-21,0,0,3,2025-11-03 22:16:06.223330,347240.802,6303800.619
PB329,208,SGPY-24,11786,37,60,2025-11-03 22:16:06.223331,347240.802,6303800.619
PH543,H05,VFPL-71,8586,27,60,2025-11-03 22:16:08.208774,347276.769,6291900.686
PH331,119,BJFW-96,2427,6,10,2025-11-03 22:16:10.208410,344491.39,6293253.12
PH331,119,BJFZ-70,7995,23,27,2025-11-03 22:16:10.208416,344491.39,6293253.12
PH331,345,BJFS-40,1698,3,7,2025-11-03 22:16:10.208417,344491.39,6293253.12
PH331,345,FLXF-17,5114,14,18,2025-11-03 22:16:10.208418,344491.39,6293253.12
PE711,E11,VKJZ-53,2207,5,9,2025-11-03 22:16:11.687193,349959.35,6286037.653
PE711,E11,VKJX-32,6488,18,22,2025-11-03 22:16:11.687198,349959.35,6286037.653
PE711,E16,VJWY-41,4128,11,15,2025-11-03 22:16:11.687200,349959.35,6286037.653
PE711,E16,VFHX-24,7878,23,27,2025-11-03 22:16:11.687201,349959.35,6286037.653
PE711,F05,SRVK-25,0,0,3,2025-11-03 22:16:11.687202,349959.35,6286037.653
PE711,F05,SRVK-82,8066,23,27,2025-11-03 22:16:11.687203,349959.35,6286037.653
PE711,E18,BJFY-84,6928,20,24,2025-11-03 22:16:11.687204,349959.35,6286037.653
PE711,E18,BJFV-89,6928,20,24,2025-11-03 22:16:11.687205,349959.35,6286037.653
PB82,B03,SHCY-47,13937,44,60,2025-11-03 22:16:13.696366,341446.315,6302547.964
PB82,B03,SJPD-90,19091,60,60,2025-11-03 22:16:13.696371,341446.315,6302547.964
PB82,B09,SHCY-55,8316,26,60,2025-11-03 22:16:13.696372,341446.315,6302547.964
PB82,B09,SHCY-33,14573,46,60,2025-11-03 22:16:13.696373,341446.315,6302547.964
PB82,408,SRTK-26,5612,16,20,2025-11-03 22:16:13.696374,341446.315,6302547.964
PB82,408,SRTK-36,6756,19,23,2025-11-03 22:16:13.696374,341446.315,6302547.964
PB82,110,LXWR-85,0,0,3,2025-11-03 22:16:13.696375,341446.315,6302547.964
PB82,110,LZPH-37,540,4,8,2025-11-03 22:16:13.696376,341446.315,6302547.964
PB82,410,LDSX-94,1452,3,7,2025-11-03 22:16:13.696377,341446.315,6302547.964
PB82,410,LDTG-63,10141,32,60,2025-11-03 22:16:13.696378,341446.315,6302547.964
PB82,105,SJPC-38,2677,6,10,2025-11-03 22:16:13.696378,341446.315,6302547.964
PB82,105,SHXD-78,15485,49,60,2025-11-03 22:16:13.696379,341446.315,6302547.964
PB82,120,SJTD-64,2466,6,10,2025-11-03 22:16:13.696380,341446.315,6302547.964
PB82,120,SKHF-91,6725,19,23,2025-11-03 22:16:13.696381,341446.315,6302547.964
PB82,B20,FLXS-56,5915,17,21,2025-11-03 22:16:13.696382,341446.315,6302547.964
PB82,B20,SPZX-34,22238,70,60,2025-11-03 22:16:13.696382,341446.315,6302547.964
PB82,B29,LXDH-93,12487,39,60,2025-11-03 22:16:13.696383,341446.315,6302547.964
PB82,B29,LXDJ-12,22460,71,60,2025-11-03 22:16:13.696384,341446.315,6302547.964
PB82,109,PFWZ-66,8008,23,27,2025-11-03 22:16:13.696385,341446.315,6302547.964
PB82,109,CJRX-65,23424,74,60,2025-11-03 22:16:13.696385,341446.315,6302547.964
PB988,B13,STHP-12,5130,14,18,2025-11-03 22:16:15.703466,338128.304,6308485.428
PB988,B13,STHR-80,5130,14,18,2025-11-03 22:16:15.703470,338128.304,6308485.428
PC160,C19,SPCG-62,319,0,3,2025-11-03 22:16:17.676736,352880.195,6301757.183
PC160,C19,SKPJ-40,319,0,3,2025-11-03 22:16:17.676740,352880.195,6301757.183
PC160,C28,SGPY-93,350,0,3,2025-11-03 22:16:17.676742,352880.195,6301757.183
PC160,C28,SPCG-77,700,0,2,2025-11-03 22:16:17.676742,352880.195,6301757.183
PC160,430,PGLD-72,20115,64,60,2025-11-03 22:16:17.676743,352880.195,6301757.183
PC160,430,PGLD-62,20115,64,60,2025-11-03 22:16:17.676744,352880.195,6301757.183
PC160,406,TBFR-77,1165,4,8,2025-11-03 22:16:17.676745,352880.195,6301757.183
PC160,406,PFXB-41,5044,23,27,2025-11-03 22:16:17.676745,352880.195,6301757.183
PC160,426,FLXS-69,4232,11,15,2025-11-03 22:16:17.676746,352880.195,6301757.183
PC160,426,BJFF-49,21915,69,60,2025-11-03 22:16:17.676747,352880.195,6301757.183
PC160,C01c,SPBS-44,319,0,3,2025-11-03 22:16:17.676748,352880.195,6301757.183
PC160,C01c,PFVG-73,319,0,3,2025-11-03 22:16:17.676749,352880.195,6301757.183
PC160,C01,LDTF-41,2428,6,10,2025-11-03 22:16:17.676749,352880.195,6301757.183
PC160,C01,LCSX-53,2428,6,10,2025-11-03 22:16:17.676750,352880.195,6301757.183
PJ386,504,TBFW-11,537,0,2,2025-11-03 22:16:19.693851,336521.637,6299531.552
PJ386,504,TBFW-58,5229,41,60,2025-11-03 22:16:19.693855,336521.637,6299531.552
PJ386,J10,VJBB-40,1571,3,7,2025-11-03 22:16:19.693856,336521.637,6299531.552
PJ386,J10,VHZZ-61,1571,3,7,2025-11-03 22:16:19.693857,336521.637,6299531.552
PJ386,J18,VJBC-80,3812,10,14,2025-11-03 22:16:19.693858,336521.637,6299531.552
PJ386,J18,VJJX-18,3854,10,14,2025-11-03 22:16:19.693859,336521.637,6299531.552
PH649,H09,VGRB-33,3132,8,12,2025-11-03 22:16:21.706612,347308.669,6293465.754
PD325,422,GCBD-49,4543,12,16,2025-11-03 22:16:23.762979,349064.343,6297334.535
PD325,422,TBFW-78,9027,29,60,2025-11-03 22:16:23.762983,349064.343,6297334.535
PD325,403,SKPK-23,1590,3,7,2025-11-03 22:16:23.762985,349064.343,6297334.535
PD325,403,PFVG-85,6838,20,24,2025-11-03 22:16:23.762986,349064.343,6297334.535
PD325,513,VHXK-21,612,0,2,2025-11-03 22:16:23.762987,349064.343,6297334.535
PD325,513,SRTK-20,5339,15,19,2025-11-03 22:16:23.762987,349064.343,6297334.535
PD325,D03,SVDD-33,0,0,3,2025-11-03 22:16:23.762988,349064.343,6297334.535
PD325,D03,SVDF-43,957,0,3,2025-11-03 22:16:23.762989,349064.343,6297334.535
PD325,227,VFHK-89,9046,29,60,2025-11-03 22:16:23.762990,349064.343,6297334.535
PD325,227,VFHT-73,9046,29,60,2025-11-03 22:16:23.762991,349064.343,6297334.535
PD325,325,VFJP-49,15982,50,60,2025-11-03 22:16:23.762992,349064.343,6297334.535
PD325,325,VFJJ-50,19562,62,60,2025-11-03 22:16:23.762992,349064.343,6297334.535
PF385,F07,SPVW-14,3473,9,13,2025-11-03 22:16:25.756200,353010.682,6281208.362
PF385,F07,SPRY-65,3473,9,13,2025-11-03 22:16:25.756205,353010.682,6281208.362
PF385,F24,SPRV-91,6270,18,22,2025-11-03 22:16:25.756206,353010.682,6281208.362
PF385,F24,SPRV-86,12273,39,60,2025-11-03 22:16:25.756207,353010.682,6281208.362
PD978,D10,SVDD-70,5420,15,19,2025-11-03 22:16:27.791717,354343.131,6294060.452
PD978,D10,SVDC-54,10323,33,60,2025-11-03 22:16:27.791722,354343.131,6294060.452
PD978,D07,SVDC-82,2952,7,11,2025-11-03 22:16:27.791723,354343.131,6294060.452
PD978,D07,STVX-63,5479,15,19,2025-11-03 22:16:27.791724,354343.131,6294060.452
PG199,118,FLXS-78,10391,33,60,2025-11-03 22:16:29.841712,347123.87,6287577.555
PG199,118,FLXS-93,11413,36,60,2025-11-03 22:16:29.841717,347123.87,6287577.555
PG199,211,TBZB-15,5184,14,18,2025-11-03 22:16:29.841719,347123.87,6287577.555
PG199,211,TBYY-57,5184,14,18,2025-11-03 22:16:29.841719,347123.87,6287577.555
PG199,229,SFWB-42,1437,3,7,2025-11-03 22:16:29.841721,347123.87,6287577.555
PG199,229,SFVZ-94,2236,5,9,2025-11-03 22:16:29.841722,347123.87,6287577.555
PD720,D02,SVDC-79,4790,13,17,2025-11-03 22:16:31.843550,356511.617,6297920.747
PD720,D02,SVDD-62,4790,13,17,2025-11-03 22:16:31.843556,356511.617,6297920.747
PH162,204,VFPL-41,0,0,3,2025-11-03 22:16:33.861177,348118.241,6294711.456
PH162,204,VFPY-43,1753,4,8,2025-11-03 22:16:33.861183,348118.241,6294711.456
PH162,D07,SVDF-57,1997,4,8,2025-11-03 22:16:33.861184,348118.241,6294711.456
PH162,D07,SVDC-65,2091,5,9,2025-11-03 22:16:33.861185,348118.241,6294711.456
PH162,234,SDGY-27,1185,0,4,2025-11-03 22:16:33.861186,348118.241,6294711.456
PH162,234,SGCR-39,3905,10,14,2025-11-03 22:16:33.861187,348118.241,6294711.456
PI417,106,PFVG-28,8149,26,60,2025-11-03 22:16:35.923979,337733.916,6293727.697
PI417,106,PFYS-24,27707,87,60,2025-11-03 22:16:35.923984,337733.916,6293727.697
PI417,506,PFXB-99,4238,11,15,2025-11-03 22:16:35.923985,337733.916,6293727.697
PI417,506,TBFV-95,22246,70,60,2025-11-03 22:16:35.923986,337733.916,6293727.697
PI417,506v,TBFT-90,315,0,3,2025-11-03 22:16:35.923989,337733.916,6293727.697
PI417,506v,TBFT-45,12113,38,60,2025-11-03 22:16:35.923990,337733.916,6293727.697
PI417,405,PFVK-98,14554,46,60,2025-11-03 22:16:35.923990,337733.916,6293727.697
PI417,405,PFTV-85,19599,62,60,2025-11-03 22:16:35.923991,337733.916,6293727.697
PI417,419,PFVK-65,8385,26,60,2025-11-03 22:16:35.923992,337733.916,6293727.697
PI417,419,PFVK-97,8385,26,60,2025-11-03 22:16:35.923993,337733.916,6293727.697
PI417,421,PFYG-99,2057,4,8,2025-11-03 22:16:35.923994,337733.916,6293727.697
PI417,421,PDZT-12,7201,21,25,2025-11-03 22:16:35.923994,337733.916,6293727.697
PI417,I08,FLXW-90,3328,9,13,2025-11-03 22:16:35.923995,337733.916,6293727.697
PI417,I08,FLXX-62,4545,12,16,2025-11-03 22:16:35.923996,337733.916,6293727.697
PI417,I09,FLXZ-19,315,0,3,2025-11-03 22:16:35.923997,337733.916,6293727.697
PI417,I09,FLXY-97,3583,9,13,2025-11-03 22:16:35.923997,337733.916,6293727.697
PI417,401,PFTW-10,2069,5,9,2025-11-03 22:16:35.923998,337733.916,6293727.697
PI417,401,PGBB-65,10347,33,60,2025-11-03 22:16:35.923999,337733.916,6293727.697
PH201,227,VGBW-68,8373,26,60,2025-11-03 22:16:37.972256,347682.1,6292562.83
PH201,227,VFPL-74,8424,27,60,2025-11-03 22:16:37.972261,347682.1,6292562.83
PH201,205,LZRD-89,769,0,2,2025-11-03 22:16:37.972262,347682.1,6292562.83
PH201,205,LZRD-78,6154,17,21,2025-11-03 22:16:37.972263,347682.1,6292562.83
PH201,207,SFST-32,281,0,3,2025-11-03 22:16:37.972264,347682.1,6292562.83
PH201,207,SXKV-86,9695,31,60,2025-11-03 22:16:37.972264,347682.1,6292562.83
PH201,209,SVPX-56,84,0,3,2025-11-03 22:16:37.972265,347682.1,6292562.83
PH201,209,VJKP-74,9015,28,60,2025-11-03 22:16:37.972266,347682.1,6292562.83
PI1438,I25,FLXL-86,6064,17,21,2025-11-03 22:16:40.316536,340996.703,6293538.899
PI1438,I18,FLXZ-47,12988,41,60,2025-11-03 22:16:40.316542,340996.703,6293538.899
PI1438,I18,VHSY-23,12988,41,60,2025-11-03 22:16:40.316543,340996.703,6293538.899
PE1279,F25,LCTG-31,1401,0,4,2025-11-03 22:16:42.334455,353017.685,6287363.796
PE1279,F25,SRVH-22,3587,9,13,2025-11-03 22:16:42.334461,353017.685,6287363.796
PE1279,E08,VKJZ-46,3485,9,13,2025-11-03 22:16:42.334463,353017.685,6287363.796
PC877,C11,SGPY-74,3003,7,11,2025-11-03 22:16:44.330248,353959.607,6303939.153
PC877,C11,SPCG-47,3078,8,12,2025-11-03 22:16:44.330253,353959.607,6303939.153
PF2,114,SKWD-59,1609,3,7,2025-11-03 22:16:46.355642,355634.593,6285104.997
PF2,114,SKVD-53,5754,16,20,2025-11-03 22:16:46.355647,355634.593,6285104.997
PF2,F08,SPVT-72,1253,0,4,2025-11-03 22:16:46.355648,355634.593,6285104.997
PF2,F08,SPVV-69,8002,23,27,2025-11-03 22:16:46.355649,355634.593,6285104.997
PF2,E08,VKJZ-46,8110,26,60,2025-11-03 22:16:46.355650,355634.593,6285104.997
PF2,F10,SRPK-86,305,0,3,2025-11-03 22:16:46.355651,355634.593,6285104.997
PF2,F10,SRRX-88,260,0,3,2025-11-03 22:16:46.355651,355634.593,6285104.997
PF2,712,SHCW-65,10931,35,60,2025-11-03 22:16:46.355652,355634.593,6285104.997
PF2,712,SHXG-95,12186,38,60,2025-11-03 22:16:46.355653,355634.593,6285104.997
PF2,124,SRVL-72,7016,20,24,2025-11-03 22:16:46.355654,355634.593,6285104.997
PF2,124,LBTS-95,7915,23,27,2025-11-03 22:16:46.355655,355634.593,6285104.997
PF2,102,SPZX-81,4451,12,16,2025-11-03 22:16:46.355655,355634.593,6285104.997
PF2,102,SPZY-31,10281,32,60,2025-11-03 22:16:46.355656,355634.593,6285104.997
PF2,104,SKWD-26,5754,16,20,2025-11-03 22:16:46.355657,355634.593,6285104.997
PF2,104,SKWD-38,7036,20,24,2025-11-03 22:16:46.355658,355634.593,6285104.997
PH66,H03,CJRW-22,273,0,3,2025-11-03 22:16:48.367629,342525.34,6289844.96
PH66,H03,CJRW-19,5290,15,19,2025-11-03 22:16:48.367634,342525.34,6289844.96
PH66,345,FLXD-99,5327,15,19,2025-11-03 22:16:48.367635,342525.34,6289844.96
PH66,345,CJRX-67,13720,43,60,2025-11-03 22:16:48.367636,342525.34,6289844.96
PH66,105,SJPD-89,7932,23,27,2025-11-03 22:16:48.367637,342525.34,6289844.96
PH66,105,SHXC-20,12354,39,60,2025-11-03 22:16:48.367638,342525.34,6289844.96
PH66,120,TXZH-33,7698,23,27,2025-11-03 22:16:48.367639,342525.34,6289844.96
PH66,121,FLXF-87,4382,12,16,2025-11-03 22:16:48.367639,342525.34,6289844.96
PH66,121,BJFT-96,4958,14,18,2025-11-03 22:16:48.367640,342525.34,6289844.96
PH66,321,CJRW-18,5601,16,20,2025-11-03 22:16:48.367641,342525.34,6289844.96
PH66,125,BJFZ-53,2491,6,10,2025-11-03 22:16:48.367642,342525.34,6289844.96
PH66,125,BJFT-76,2517,6,10,2025-11-03 22:16:48.367643,342525.34,6289844.96
PB162,B03,SHCY-47,7235,21,25,2025-11-03 22:16:50.444973,346948.247,6300117.667
PB162,B03,SJPD-90,12388,39,60,2025-11-03 22:16:50.444978,346948.247,6300117.667
PB162,203,SFWB-98,956,0,3,2025-11-03 22:16:50.444979,346948.247,6300117.667
PB162,203,LXWT-84,2231,5,9,2025-11-03 22:16:50.444980,346948.247,6300117.667
PB162,208,LZPT-66,975,0,3,2025-11-03 22:16:50.444982,346948.247,6300117.667
PB162,208,SGPY-87,9586,30,60,2025-11-03 22:16:50.444982,346948.247,6300117.667
PB162,116,LCPW-37,8519,27,60,2025-11-03 22:16:50.444983,346948.247,6300117.667
PB162,116,LDJJ-80,12800,40,60,2025-11-03 22:16:50.444984,346948.247,6300117.667
PI696,I01,FLXG-10,3141,8,12,2025-11-03 22:16:52.200784,338425.373,6290830.973
PI696,I01,FLXF-48,3643,10,14,2025-11-03 22:16:52.200790,338425.373,6290830.973
PI696,I26,PFVG-48,4289,12,16,2025-11-03 22:16:52.200791,338425.373,6290830.973
PI696,I26,PGPT-10,20117,64,60,2025-11-03 22:16:52.200793,338425.373,6290830.973
PI1051,H13,CJRB-21,3169,8,12,2025-11-03 22:16:54.119173,335679.563,6293189.999
PI1051,H09,VGRC-53,0,0,3,2025-11-03 22:16:54.119178,335679.563,6293189.999
PI1051,H09,VGRF-55,7588,22,26,2025-11-03 22:16:54.119180,335679.563,6293189.999
PI1051,H12,CJRB-13,3954,10,14,2025-11-03 22:16:54.119181,335679.563,6293189.999
PI1051,H12,CJRZ-85,11980,38,60,2025-11-03 22:16:54.119181,335679.563,6293189.999
PC711,517,VJJV-33,7752,22,26,2025-11-03 22:16:55.655570,349963.31,6300148.186
PF320,F06,SPZX-68,0,0,3,2025-11-03 22:16:57.443504,351404.357,6282339.923
PF320,F06,SPZY-85,805,0,3,2025-11-03 22:16:57.443510,351404.357,6282339.923
PD74,D16,FLXJ-60,898,0,3,2025-11-03 22:16:59.442329,352145.597,6291537.374
PD74,D16,SPBR-29,9945,31,60,2025-11-03 22:16:59.442334,352145.597,6291537.374
PD74,106,PFYR-99,1197,0,4,2025-11-03 22:16:59.442336,352145.597,6291537.374
PD74,106,PGPT-17,3753,10,14,2025-11-03 22:16:59.442336,352145.597,6291537.374
PD74,104,SKWD-56,0,0,3,2025-11-03 22:16:59.442337,352145.597,6291537.374
PD74,104,SKWD-69,0,0,3,2025-11-03 22:16:59.442338,352145.597,6291537.374
PD74,212,SXKV-99,1028,0,3,2025-11-03 22:16:59.442339,352145.597,6291537.374
PD74,212,LZRB-83,856,0,3,2025-11-03 22:16:59.442340,352145.597,6291537.374
PD74,224,VFPL-46,1580,3,7,2025-11-03 22:16:59.442341,352145.597,6291537.374
PD74,224,VFPZ-97,5370,15,19,2025-11-03 22:16:59.442342,352145.597,6291537.374
PD74,114,SKWD-88,2786,7,11,2025-11-03 22:16:59.442342,352145.597,6291537.374
PD74,114,LDJJ-87,6942,20,24,2025-11-03 22:16:59.442343,352145.597,6291537.374
PA324,J10,VHZX-11,9469,30,60,2025-11-03 22:17:01.130707,344867.736,6299223.26
PA324,J10,VJBB-40,14434,46,60,2025-11-03 22:17:01.130712,344867.736,6299223.26
PA324,121,CJRW-84,4518,12,16,2025-11-03 22:17:01.130713,344867.736,6299223.26
PA324,121,FLXF-74,9467,30,60,2025-11-03 22:17:01.130714,344867.736,6299223.26
PA324,J03,GCBD-73,1392,0,4,2025-11-03 22:17:01.130715,344867.736,6299223.26
PA324,J03,TBFW-56,2803,7,11,2025-11-03 22:17:01.130716,344867.736,6299223.26
PB46,101,PFTW-71,1275,0,4,2025-11-03 22:17:02.882683,347678.27,6303372.64
PB46,101,PGPT-42,3571,9,13,2025-11-03 22:17:02.882688,347678.27,6303372.64
PB46,107,PGTC-60,5900,17,21,2025-11-03 22:17:02.882689,347678.27,6303372.64
PB46,107,PGBZ-16,11295,36,60,2025-11-03 22:17:02.882690,347678.27,6303372.64
PD535,506e,LZPH-26,25387,80,60,2025-11-03 22:17:05.184191,353516.895,6295579.618
PD535,506e,LXWR-71,25354,80,60,2025-11-03 22:17:05.184195,353516.895,6295579.618
PD535,506v,SZZY-76,7173,21,25,2025-11-03 22:17:05.184197,353516.895,6295579.618
PD535,506v,SZZY-69,21332,67,60,2025-11-03 22:17:05.184197,353516.895,6295579.618
PD535,507,TBFT-76,10162,32,60,2025-11-03 22:17:05.184198,353516.895,6295579.618
PD535,507,TBFW-14,24429,77,60,2025-11-03 22:17:05.184199,353516.895,6295579.618
PD535,510,FLXW-10,12237,39,60,2025-11-03 22:17:05.184200,353516.895,6295579.618
PD535,510,PFXC-62,16775,53,60,2025-11-03 22:17:05.184201,353516.895,6295579.618
PD535,511,GCBD-29,1992,4,8,2025-11-03 22:17:05.184202,353516.895,6295579.618
PD535,511,TBFT-61,9013,28,60,2025-11-03 22:17:05.184202,353516.895,6295579.618
PD535,519,FLXV-86,0,0,3,2025-11-03 22:17:05.184203,353516.895,6295579.618
PD535,519,GCBC-80,1239,0,4,2025-11-03 22:17:05.184204,353516.895,6295579.618
PD535,516,TBFX-44,16278,51,60,2025-11-03 22:17:05.184205,353516.895,6295579.618
PD535,516,FLXV-60,18813,59,60,2025-11-03 22:17:05.184206,353516.895,6295579.618
PD535,506,TBFX-37,3693,21,25,2025-11-03 22:17:05.184206,353516.895,6295579.618
PD535,506,TBFS-23,11951,72,60,2025-11-03 22:17:05.184207,353516.895,6295579.618
PF441,F13,SRSC-18,2341,5,9,2025-11-03 22:17:07.370137,353754.129,6284580.555
PF441,F09,LBTT-14,4780,13,17,2025-11-03 22:17:07.370141,353754.129,6284580.555
PF441,F09,LBTS-97,8363,26,60,2025-11-03 22:17:07.370143,353754.129,6284580.555
PB319,203,SFWB-98,1275,0,4,2025-11-03 22:17:09.391646,347074.12,6300662.9
PB319,203,LXWT-84,2549,6,10,2025-11-03 22:17:09.391650,347074.12,6300662.9
PB319,208,LZPT-66,1406,0,4,2025-11-03 22:17:09.391652,347074.12,6300662.9
PB319,208,SXKV-97,5839,16,20,2025-11-03 22:17:09.391653,347074.12,6300662.9
PH6,108,PFYR-98,15100,48,60,2025-11-03 22:17:12.919242,344676.076,6292309.536
PH6,108,PFTW-68,19702,62,60,2025-11-03 22:17:12.919248,344676.076,6292309.536
PH6,102,LBTS-86,984,0,3,2025-11-03 22:17:12.919250,344676.076,6292309.536
PH6,102,LBTT-25,7848,23,27,2025-11-03 22:17:12.919251,344676.076,6292309.536
PH6,107,PGBZ-14,11255,36,60,2025-11-03 22:17:12.919252,344676.076,6292309.536
PH6,107,PGTV-29,17618,56,60,2025-11-03 22:17:12.919253,344676.076,6292309.536
PB232,201,GCBB-16,4065,11,15,2025-11-03 22:17:14.971039,343405.214,6305417.911
PB232,201,GCBC-19,3993,11,15,2025-11-03 22:17:14.971044,343405.214,6305417.911
PB232,308,FLXK-13,3545,9,13,2025-11-03 22:17:14.971046,343405.214,6305417.911
PB232,308,FLXJ-90,6964,20,24,2025-11-03 22:17:14.971047,343405.214,6305417.911
PB232,272,GCBB-14,3051,8,12,2025-11-03 22:17:14.971048,343405.214,6305417.911
PB232,272,VFPC-10,10188,32,60,2025-11-03 22:17:14.971049,343405.214,6305417.911
PB232,B01,TXZH-36,4708,13,17,2025-11-03 22:17:14.971050,343405.214,6305417.911
PB232,B01,STHB-50,6753,19,23,2025-11-03 22:17:14.971051,343405.214,6305417.911
PI1161,385,FLXG-11,2570,6,10,2025-11-03 22:17:17.001750,340960.686,6295056.545
PI1161,385,FLXF-99,2901,7,11,2025-11-03 22:17:17.001755,340960.686,6295056.545
PI1363,I02,FLXZ-42,6370,18,22,2025-11-03 22:17:19.067187,337295.497,6295462.533
PI1363,I02,FLXZ-45,15363,49,60,2025-11-03 22:17:19.067191,337295.497,6295462.533
PI263,I20,FLXL-54,5394,15,19,2025-11-03 22:17:21.028023,336577.399,6295276.749
PI263,I20,FLXZ-70,6644,19,23,2025-11-03 22:17:21.028029,336577.399,6295276.749
PI263,404,PFYC-26,2171,5,9,2025-11-03 22:17:21.028030,336577.399,6295276.749
PI263,404,PFYC-64,2649,6,10,2025-11-03 22:17:21.028031,336577.399,6295276.749
PI263,111,FLXX-58,3643,10,14,2025-11-03 22:17:21.028032,336577.399,6295276.749
PI263,111,FLXX-63,8524,27,60,2025-11-03 22:17:21.028033,336577.399,6295276.749
PI263,I02,FLXZ-16,2134,5,9,2025-11-03 22:17:21.028034,336577.399,6295276.749
PI263,I02,FLXY-73,3570,9,13,2025-11-03 22:17:21.028035,336577.399,6295276.749
PE146,210,RWTP-79,2834,7,11,2025-11-03 22:17:23.024518,352461.747,6287302.496
PE146,210,RWTP-87,3607,9,13,2025-11-03 22:17:23.024522,352461.747,6287302.496
PE146,210v,VFPX-63,4860,13,17,2025-11-03 22:17:23.024523,352461.747,6287302.496
PE146,210v,VFPJ-25,8361,26,60,2025-11-03 22:17:23.024524,352461.747,6287302.496
PI152,118,FLXH-85,2316,5,9,2025-11-03 22:17:24.771048,335266.67,6290872.65
PI152,118,FLXX-50,11178,35,60,2025-11-03 22:17:24.771054,335266.67,6290872.65
PI152,348,VHTB-60,2238,5,9,2025-11-03 22:17:24.771055,335266.67,6290872.65
PI152,348,VHTB-75,4831,13,17,2025-11-03 22:17:24.771056,335266.67,6290872.65
PI152,I03,FLXL-47,3797,10,14,2025-11-03 22:17:24.771057,335266.67,6290872.65
PI152,I03,FLXL-20,5513,15,19,2025-11-03 22:17:24.771058,335266.67,6290872.65
PI152,I09,VHTB-52,1472,3,7,2025-11-03 22:17:24.771059,335266.67,6290872.65
PI152,I09,VHTB-20,2032,4,8,2025-11-03 22:17:24.771060,335266.67,6290872.65
PI152,I18,VHSZ-45,335,0,3,2025-11-03 22:17:24.771061,335266.67,6290872.65
PI152,I18,VHSY-10,942,0,3,2025-11-03 22:17:24.771062,335266.67,6290872.65
PI152,109,FLXD-26,13225,77,60,2025-11-03 22:17:24.771063,335266.67,6290872.65
PI152,109,FLXS-95,14726,84,60,2025-11-03 22:17:24.771063,335266.67,6290872.65
PI152,I24,VHTB-28,8044,23,27,2025-11-03 22:17:24.771064,335266.67,6290872.65
PI152,I24,VHSX-75,9620,30,60,2025-11-03 22:17:24.771065,335266.67,6290872.65
PI152,I05,VHTB-69,13562,43,60,2025-11-03 22:17:24.771066,335266.67,6290872.65
PI152,I05,VHTB-54,13750,43,60,2025-11-03 22:17:24.771067,335266.67,6290872.65
PI152,I11,RWRP-60,1590,3,7,2025-11-03 22:17:24.771068,335266.67,6290872.65
PI152,I11,FLXZ-50,5404,15,19,2025-11-03 22:17:24.771069,335266.67,6290872.65
PI152,108,PGPT-25,23246,73,60,2025-11-03 22:17:24.771070,335266.67,6290872.65
PI152,108,PGPS-95,23446,74,60,2025-11-03 22:17:24.771071,335266.67,6290872.65
PB119,722,TXZH-30,7955,23,27,2025-11-03 22:17:26.548349,347713.943,6304802.849
PB119,722,STHJ-98,12282,39,60,2025-11-03 22:17:26.548355,347713.943,6304802.849
PB119,425,SJPC-32,4546,12,16,2025-11-03 22:17:26.548356,347713.943,6304802.849
PB119,425,SJPB-22,7114,20,24,2025-11-03 22:17:26.548357,347713.943,6304802.849
PB119,429,SJPF-83,3998,11,15,2025-11-03 22:17:26.548358,347713.943,6304802.849
PB119,429,SLGS-94,4906,13,17,2025-11-03 22:17:26.548359,347713.943,6304802.849
PB119,435,SLLZ-46,8057,23,27,2025-11-03 22:17:26.548360,347713.943,6304802.849
PB119,435,SJPD-79,8868,28,60,2025-11-03 22:17:26.548361,347713.943,6304802.849
PB2135,C18,SHXF-21,279,0,3,2025-11-03 22:17:28.563384,347038.591,6305715.541
PB2135,C18,SHCW-64,3062,8,12,2025-11-03 22:17:28.563390,347038.591,6305715.541
PG615,F06,SPZY-48,0,0,3,2025-11-03 22:17:30.557407,347921.406,6283115.627
PG615,F06,SPZY-44,2826,7,11,2025-11-03 22:17:30.557412,347921.406,6283115.627
PG615,F20,SPZY-50,4386,12,16,2025-11-03 22:17:30.557413,347921.406,6283115.627
PG615,F20,SRVL-13,4650,13,17,2025-11-03 22:17:30.557414,347921.406,6283115.627
PG615,G28,BJFT-71,98,0,3,2025-11-03 22:17:30.557415,347921.406,6283115.627
PG615,G28,BJFW-84,7331,21,25,2025-11-03 22:17:30.557416,347921.406,6283115.627
PH3,102,SJPC-40,1683,3,7,2025-11-03 22:17:32.597592,343911.864,6292954.956
PH3,102,LBTT-25,6787,19,23,2025-11-03 22:17:32.597597,343911.864,6292954.956
PH3,107,PGBZ-14,10271,32,60,2025-11-03 22:17:32.597599,343911.864,6292954.956
PH3,107,PGTV-29,16634,53,60,2025-11-03 22:17:32.597600,343911.864,6292954.956
PH3,108,PFYR-98,13658,43,60,2025-11-03 22:17:32.597601,343911.864,6292954.956
PH3,108,PFVD-36,18489,58,60,2025-11-03 22:17:32.597602,343911.864,6292954.956
PB1083,B28,SPZX-55,2009,4,8,2025-11-03 22:17:34.660943,342091.386,6304629.483
PJ1596,J07,VJBB-21,7525,22,26,2025-11-03 22:17:36.722876,329390.209,6304502.954
PJ1596,J07,VJJX-68,19706,62,60,2025-11-03 22:17:36.722881,329390.209,6304502.954
PF600,F33,STHF-56,4775,13,17,2025-11-03 22:17:38.613564,349222.496,6277738.532
PF600,F33,SRVL-24,7635,22,26,2025-11-03 22:17:38.613569,349222.496,6277738.532
PF600,207,VJYX-85,895,0,3,2025-11-03 22:17:38.613570,349222.496,6277738.532
PF600,207,SDGY-18,4906,13,17,2025-11-03 22:17:38.613571,349222.496,6277738.532
PF600,207c,VJXW-48,3375,9,13,2025-11-03 22:17:38.613572,349222.496,6277738.532
PF600,207c,VJJV-87,16596,52,60,2025-11-03 22:17:38.613573,349222.496,6277738.532
PF600,F13,SRPK-12,1893,4,8,2025-11-03 22:17:38.613573,349222.496,6277738.532
PF600,F13,SRSC-76,8458,27,60,2025-11-03 22:17:38.613574,349222.496,6277738.532
PH43,102,SPZY-16,4196,11,15,2025-11-03 22:17:40.238457,343600.744,6293291.54
PH43,102,SPZX-48,12737,40,60,2025-11-03 22:17:40.238461,343600.744,6293291.54
PH43,107,PGPV-90,4826,13,17,2025-11-03 22:17:40.238463,343600.744,6293291.54
PH43,107,PGLD-61,7736,22,26,2025-11-03 22:17:40.238463,343600.744,6293291.54
PH43,108,PGPS-95,7255,21,25,2025-11-03 22:17:40.238464,343600.744,6293291.54
PH43,108,PGPT-25,7255,21,25,2025-11-03 22:17:40.238465,343600.744,6293291.54
PJ1922,110c,TBFX-54,7563,22,26,2025-11-03 22:17:42.293375,338290.06,6300151.11
PJ1922,110c,GCBC-74,7753,22,26,2025-11-03 22:17:42.293380,338290.06,6300151.11
PJ1922,B38,TBFT-64,8839,28,60,2025-11-03 22:17:42.293381,338290.06,6300151.11
PJ1922,412,PFTW-42,93,0,3,2025-11-03 22:17:42.293382,338290.06,6300151.11
PJ1922,412,PFTW-19,825,0,3,2025-11-03 22:17:42.293383,338290.06,6300151.11
PJ1922,110,LXWS-33,0,0,3,2025-11-03 22:17:42.293383,338290.06,6300151.11
PJ1922,110,LZPH-23,178,0,3,2025-11-03 22:17:42.293384,338290.06,6300151.11
PD965,D07,STVX-63,768,0,2,2025-11-03 22:17:44.289944,351983.812,6294391.435
PD965,D07,SVDC-65,3851,10,14,2025-11-03 22:17:44.289948,351983.812,6294391.435
PE461,E04,VKJZ-69,5066,14,18,2025-11-03 22:17:49.847100,353715.97,6287788.25
PE461,E04,VKJX-11,9306,29,60,2025-11-03 22:17:49.847105,353715.97,6287788.25
PD865,425,SJPB-35,1969,4,8,2025-11-03 22:17:51.387313,354763.412,6294781.827
PD865,425,SGPY-72,4676,13,17,2025-11-03 22:17:51.387318,354763.412,6294781.827
PD865,D05,PGWV-11,990,0,3,2025-11-03 22:17:51.387319,354763.412,6294781.827
PD865,D05,PGBY-87,2043,4,8,2025-11-03 22:17:51.387320,354763.412,6294781.827
PC502,501,TBFP-88,1936,4,8,2025-11-03 22:17:53.166866,348564.0,6298482.97
PC502,501,GCBD-27,5369,15,19,2025-11-03 22:17:53.166871,348564.0,6298482.97
PC502,504,PFWZ-94,2957,7,11,2025-11-03 22:17:53.166872,348564.0,6298482.97
PC502,504,SZZY-79,9508,30,60,2025-11-03 22:17:53.166873,348564.0,6298482.97
PC502,518,BJFH-36,1958,4,8,2025-11-03 22:17:53.166874,348564.0,6298482.97
PC502,518,TBFR-60,4882,13,17,2025-11-03 22:17:53.166874,348564.0,6298482.97
PC502,D18,SVDC-36,571,0,2,2025-11-03 22:17:53.166875,348564.0,6298482.97
PC502,D18,SVDD-50,8546,27,60,2025-11-03 22:17:53.166876,348564.0,6298482.97
PF103,205,LZRB-96,385,0,3,2025-11-03 22:17:55.166518,353284.671,6282965.875
PF103,205,LZRD-64,2115,5,9,2025-11-03 22:17:55.166523,353284.671,6282965.875
PF103,210,RWTP-87,258,0,3,2025-11-03 22:17:55.166525,353284.671,6282965.875
PF103,210,LZRD-74,2342,5,9,2025-11-03 22:17:55.166526,353284.671,6282965.875
PF103,F01,SPVW-74,378,0,3,2025-11-03 22:17:55.166527,353284.671,6282965.875
PF103,F01,SPVW-16,5213,14,18,2025-11-03 22:17:55.166528,353284.671,6282965.875
PF103,F13,SRPK-36,2759,7,11,2025-11-03 22:17:55.166529,353284.671,6282965.875
PF103,F13,SRRW-69,7061,20,24,2025-11-03 22:17:55.166530,353284.671,6282965.875
PF103,F15,SRVH-11,2026,4,8,2025-11-03 22:17:55.166531,353284.671,6282965.875
PF103,F15,LCTG-28,8338,26,60,2025-11-03 22:17:55.166532,353284.671,6282965.875
PJ286,503,VHLS-68,1722,3,7,2025-11-03 22:17:57.172841,343354.75,6299450.288
PJ286,503,VGVG-26,6751,19,23,2025-11-03 22:17:57.172846,343354.75,6299450.288
PJ286,504,TBFW-11,6983,43,60,2025-11-03 22:17:57.172847,343354.75,6299450.288
PJ286,504,GCBD-40,11681,82,60,2025-11-03 22:17:57.172848,343354.75,6299450.288
PJ286,518,TBFT-21,4992,14,18,2025-11-03 22:17:57.172849,343354.75,6299450.288
PJ286,518,TBFP-75,7546,22,26,2025-11-03 22:17:57.172849,343354.75,6299450.288
PJ286,J03,FLXS-84,3684,10,14,2025-11-03 22:17:57.172850,343354.75,6299450.288
PJ286,J03,FLXG-37,7913,23,27,2025-11-03 22:17:57.172851,343354.75,6299450.288
PJ286,502,TBFX-39,9099,29,60,2025-11-03 22:17:57.172852,343354.75,6299450.288
PB18,101,PFYT-11,845,0,3,2025-11-03 22:17:59.206093,344350.064,6303201.867
PB18,107,PGTV-29,2301,5,9,2025-11-03 22:17:59.206098,344350.064,6303201.867
PB18,107,PGBY-53,3889,10,14,2025-11-03 22:17:59.206099,344350.064,6303201.867
PJ604,J01,FLXD-27,360,0,3,2025-11-03 22:18:01.249942,340559.295,6301385.894
PJ604,J01,FDJX-83,5829,16,20,2025-11-03 22:18:01.249947,340559.295,6301385.894
PJ393,503,VGVG-26,2426,6,10,2025-11-03 22:18:03.079404,339085.521,6299803.857
PJ393,504,TBFW-11,2658,19,23,2025-11-03 22:18:03.079409,339085.521,6299803.857
PJ393,504,GCBD-40,7356,60,60,2025-11-03 22:18:03.079410,339085.521,6299803.857
PJ393,507,TBFW-14,6788,19,23,2025-11-03 22:18:03.079411,339085.521,6299803.857
PJ393,507,PFXB-16,6825,20,24,2025-11-03 22:18:03.079412,339085.521,6299803.857
PJ393,518,TBFT-21,667,0,2,2025-11-03 22:18:03.079413,339085.521,6299803.857
PJ393,518,TBFP-75,3221,8,12,2025-11-03 22:18:03.079414,339085.521,6299803.857
PJ393,J04,TBFR-34,3508,9,13,2025-11-03 22:18:03.079414,339085.521,6299803.857
PJ393,J04,TBFW-74,5493,15,19,2025-11-03 22:18:03.079415,339085.521,6299803.857
PH88,120,SKHF-91,75,0,3,2025-11-03 22:18:04.719243,343207.739,6292243.757
PH88,120,SPZX-42,4707,13,17,2025-11-03 22:18:04.719248,343207.739,6292243.757
PH88,125,FLXF-97,5992,17,21,2025-11-03 22:18:04.719249,343207.739,6292243.757
PH88,125,BJFT-17,6204,18,22,2025-11-03 22:18:04.719250,343207.739,6292243.757
PH88,H07,BJFT-14,3534,9,13,2025-11-03 22:18:04.719251,343207.739,6292243.757
PH88,H12,CJRZ-85,6719,19,23,2025-11-03 22:18:04.719252,343207.739,6292243.757
PH88,105,SHXD-78,4120,11,15,2025-11-03 22:18:04.719253,343207.739,6292243.757
PH88,105,SHXF-27,5395,15,19,2025-11-03 22:18:04.719253,343207.739,6292243.757
PD774,D02,SVDF-12,4969,14,18,2025-11-03 22:18:06.713360,349386.958,6296903.117
PD774,D02,SVDD-62,12640,40,60,2025-11-03 22:18:06.713365,349386.958,6296903.117
PH1494,302,CJRW-16,6048,17,21,2025-11-03 22:18:08.730699,344331.35,6289709.23
PH1494,302,BJFW-19,8457,27,60,2025-11-03 22:18:08.730704,344331.35,6289709.23
PH1494,214,GCBB-13,1123,0,4,2025-11-03 22:18:08.730705,344331.35,6289709.23
PH1494,214,GCBB-21,1123,0,4,2025-11-03 22:18:08.730706,344331.35,6289709.23
PH693,214,GCBB-74,187,0,3,2025-11-03 22:18:10.678884,343724.196,6289679.197
PH693,214,GCBB-13,1871,4,8,2025-11-03 22:18:10.678888,343724.196,6289679.197
PH693,321,CJRW-18,1183,0,4,2025-11-03 22:18:10.678889,343724.196,6289679.197
PH693,H13,CJRX-61,12062,38,60,2025-11-03 22:18:10.678890,343724.196,6289679.197
PH693,H13,BJFS-77,13148,42,60,2025-11-03 22:18:10.678891,343724.196,6289679.197
PE671,E10,BJFV-20,5119,14,18,2025-11-03 22:18:16.445980,348694.4,6288492.24
PE671,E10,FLXF-55,6224,18,22,2025-11-03 22:18:16.445985,348694.4,6288492.24
PE818,E17,BJFT-98,872,0,3,2025-11-03 22:18:18.445637,351353.434,6290836.208
PF261,F16,SPRW-22,997,0,3,2025-11-03 22:18:20.412481,354032.633,6278677.719
PG321,G04,SHXB-31,1416,0,4,2025-11-03 22:18:22.542134,345997.72,6286922.637
PG321,G04,SHCX-18,1427,3,7,2025-11-03 22:18:22.542139,345997.72,6286922.637
PG321,228,THTG-64,2557,6,10,2025-11-03 22:18:22.542140,345997.72,6286922.637
PG321,228,THTH-52,9020,28,60,2025-11-03 22:18:22.542141,345997.72,6286922.637
PG321,E18,BJFY-84,4329,12,16,2025-11-03 22:18:22.542142,345997.72,6286922.637
PG321,E18,BJFV-85,8388,26,60,2025-11-03 22:18:22.542142,345997.72,6286922.637
PG1892,G14,FLXX-26,3489,9,13,2025-11-03 22:18:24.527385,343882.34,6279423.79
PG1892,G24,FLXD-21,41,0,3,2025-11-03 22:18:24.527390,343882.34,6279423.79
PG1892,G24,GCWF-76,1273,0,4,2025-11-03 22:18:24.527391,343882.34,6279423.79
PJ2013,B09,SHCY-50,315,0,3,2025-11-03 22:18:26.550773,335172.974,6305260.012
PJ2013,J07,VJJX-68,11616,37,60,2025-11-03 22:18:26.550778,335172.974,6305260.012
PJ2013,J07,VHZZ-10,13254,42,60,2025-11-03 22:18:26.550779,335172.974,6305260.012
PA608,H13,BJFT-32,94,0,3,2025-11-03 22:18:30.571522,348675.63,6295928.173
PA608,H13,CJRB-21,6573,19,23,2025-11-03 22:18:30.571527,348675.63,6295928.173
PJ506,508,PFXC-31,3145,8,12,2025-11-03 22:18:32.629358,341881.507,6299854.428
PJ506,508,FLXV-89,7965,23,27,2025-11-03 22:18:32.629363,341881.507,6299854.428
PJ506,J03,FLXS-89,559,0,2,2025-11-03 22:18:32.629364,341881.507,6299854.428
PJ506,J03,GCBD-73,4794,13,17,2025-11-03 22:18:32.629365,341881.507,6299854.428
PD279,712,SHCY-19,2171,5,9,2025-11-03 22:18:34.669540,353258.282,6293775.003
PD279,712,SHCW-63,6179,18,22,2025-11-03 22:18:34.669545,353258.282,6293775.003
PC762,C07,SGPY-61,4350,12,16,2025-11-03 22:18:36.737227,352765.533,6305504.295
PC762,C22,LDTB-39,837,0,3,2025-11-03 22:18:36.737233,352765.533,6305504.295
PC762,712,SHXG-93,9018,28,60,2025-11-03 22:18:36.737234,352765.533,6305504.295
PC762,712,SHCY-19,16429,52,60,2025-11-03 22:18:36.737234,352765.533,6305504.295
PD1350,505,VJBB-50,2538,6,10,2025-11-03 22:18:38.744574,353673.123,6295599.734
PI142,I18,VHTB-59,4085,11,15,2025-11-03 22:18:40.628969,338798.851,6290716.407
PI142,I18,VHSY-38,9480,30,60,2025-11-03 22:18:40.628974,338798.851,6290716.407
PI142,108,PGPS-95,13590,43,60,2025-11-03 22:18:40.628975,338798.851,6290716.407
PI142,108,PGPT-25,13585,43,60,2025-11-03 22:18:40.628976,338798.851,6290716.407
PI142,481,PGPT-41,2933,7,11,2025-11-03 22:18:40.628977,338798.851,6290716.407
PI142,481,PFVJ-19,2709,7,11,2025-11-03 22:18:40.628978,338798.851,6290716.407
PI142,109,FLXD-26,9624,59,60,2025-11-03 22:18:40.628979,338798.851,6290716.407
PI142,109,FLXS-95,10918,65,60,2025-11-03 22:18:40.628980,338798.851,6290716.407
PI142,118,FLXX-50,7390,21,25,2025-11-03 22:18:40.628981,338798.851,6290716.407
PI142,118,FLXS-93,15798,50,60,2025-11-03 22:18:40.628982,338798.851,6290716.407
PI142,348,VHTB-75,204,0,3,2025-11-03 22:18:40.628983,338798.851,6290716.407
PI142,348,VHSX-94,4197,11,15,2025-11-03 22:18:40.628984,338798.851,6290716.407
PI142,I04,FLXY-37,3613,9,13,2025-11-03 22:18:40.628985,338798.851,6290716.407
PI142,I04,FLXZ-68,3946,10,14,2025-11-03 22:18:40.628986,338798.851,6290716.407
PI142,I05,VHTB-54,4730,13,17,2025-11-03 22:18:40.628987,338798.851,6290716.407
PI142,I05,VHTB-69,9493,30,60,2025-11-03 22:18:40.628988,338798.851,6290716.407
PG780,G24,FLXD-21,3257,8,12,2025-11-03 22:18:42.181213,345623.731,6283441.699
PG780,G24,GCWF-76,4546,12,16,2025-11-03 22:18:42.181218,345623.731,6283441.699
PG780,G07,THTF-12,4617,13,17,2025-11-03 22:18:42.181219,345623.731,6283441.699
PG780,G07,THTF-28,8725,28,60,2025-11-03 22:18:42.181220,345623.731,6283441.699
PD556,508,FLXW-23,5479,15,19,2025-11-03 22:18:44.152677,352338.843,6295996.871
PD556,511,GCBC-75,0,0,3,2025-11-03 22:18:44.152682,352338.843,6295996.871
PD324,D03,SVDF-43,228,0,3,2025-11-03 22:18:45.715031,349418.349,6297283.163
PD324,D03,STYX-81,1975,4,8,2025-11-03 22:18:45.715036,349418.349,6297283.163
PD324,227,VFPD-81,3231,8,12,2025-11-03 22:18:45.715038,349418.349,6297283.163
PD324,227,VFPD-51,7691,22,26,2025-11-03 22:18:45.715038,349418.349,6297283.163
PD324,325,VFJK-31,7793,23,27,2025-11-03 22:18:45.715039,349418.349,6297283.163
PD324,325,VFJP-49,15097,48,60,2025-11-03 22:18:45.715040,349418.349,6297283.163
PD324,422,GCBD-49,3789,10,14,2025-11-03 22:18:45.715041,349418.349,6297283.163
PD324,422,TBFW-78,8174,26,60,2025-11-03 22:18:45.715042,349418.349,6297283.163
PD324,505,VJJV-18,946,0,3,2025-11-03 22:18:45.715042,349418.349,6297283.163
PD324,505,VJBB-91,1604,3,7,2025-11-03 22:18:45.715043,349418.349,6297283.163
PD324,403,SKPK-23,557,0,2,2025-11-03 22:18:45.715044,349418.349,6297283.163
PD324,403,PFVG-85,5674,16,20,2025-11-03 22:18:45.715045,349418.349,6297283.163
PD324,513,SRTK-20,4182,11,15,2025-11-03 22:18:45.715045,349418.349,6297283.163
PD324,513,VHZY-21,4494,12,16,2025-11-03 22:18:45.715046,349418.349,6297283.163
PD324,514,PFXC-82,802,0,3,2025-11-03 22:18:45.715047,349418.349,6297283.163
PD324,514,GCBC-99,10530,33,60,2025-11-03 22:18:45.715048,349418.349,6297283.163
PI1520,506,GCBC-90,2091,9,13,2025-11-03 22:18:47.681449,333787.673,6287856.755
PI1520,506,GCBD-99,2245,11,15,2025-11-03 22:18:47.681454,333787.673,6287856.755
PI1520,I21,FLXF-81,1912,4,8,2025-11-03 22:18:47.681455,333787.673,6287856.755
PI1520,I21,FLXF-72,6374,18,22,2025-11-03 22:18:47.681456,333787.673,6287856.755
PI1520,108,PFVC-45,1867,4,8,2025-11-03 22:18:47.681457,333787.673,6287856.755
PI1520,108,PFVD-36,2030,4,8,2025-11-03 22:18:47.681457,333787.673,6287856.755
PI1876,I35,SDSW-87,2061,5,9,2025-11-03 22:18:49.705806,332916.0,6285425.0
PI1876,I35,SFGY-67,2808,7,11,2025-11-03 22:18:49.705811,332916.0,6285425.0
PF823,F16,SPRW-22,1452,3,7,2025-11-03 22:18:51.662429,353690.356,6278923.834
PD257,225,VFJP-96,6809,20,24,2025-11-03 22:18:53.688860,355697.75,6296357.116
PD257,225,VFJP-79,10464,33,60,2025-11-03 22:18:53.688865,355697.75,6296357.116
PD257,513,VJJR-36,3697,10,14,2025-11-03 22:18:53.688867,355697.75,6296357.116
PD257,513,VJJV-88,3919,10,14,2025-11-03 22:18:53.688868,355697.75,6296357.116
PD257,D09,STWB-31,2089,5,9,2025-11-03 22:18:53.688869,355697.75,6296357.116
PD257,D09,SVDF-36,3230,8,12,2025-11-03 22:18:53.688870,355697.75,6296357.116
PG10,F20,SRVH-40,398,0,3,2025-11-03 22:18:55.674139,345062.687,6286917.473
PG10,F20,SPZY-43,530,0,2,2025-11-03 22:18:55.674144,345062.687,6286917.473
PG10,211,TBYY-56,0,0,3,2025-11-03 22:18:55.674145,345062.687,6286917.473
PG10,211,FLXX-12,6003,17,21,2025-11-03 22:18:55.674146,345062.687,6286917.473
PG10,G15,THTF-81,949,0,3,2025-11-03 22:18:55.674147,345062.687,6286917.473
PG10,271,FZZF-94,0,0,3,2025-11-03 22:18:55.674148,345062.687,6286917.473
PG10,271,TBYY-74,1169,0,4,2025-11-03 22:18:55.674148,345062.687,6286917.473
PG10,211c,THTG-68,993,0,3,2025-11-03 22:18:55.674149,345062.687,6286917.473
PG10,201,GCBB-99,2703,7,11,2025-11-03 22:18:55.674150,345062.687,6286917.473
PG10,201,GCBB-88,3211,8,12,2025-11-03 22:18:55.674151,345062.687,6286917.473
PG10,F06,SPZY-25,621,0,2,2025-11-03 22:18:55.674152,345062.687,6286917.473
PC265,502,BJFD-60,327,0,3,2025-11-03 22:18:57.679975,351584.557,6302821.539
PC265,502,BJFC-40,4321,12,16,2025-11-03 22:18:57.679980,351584.557,6302821.539
PC265,405,PFTV-85,1646,3,7,2025-11-03 22:18:57.679982,351584.557,6302821.539
PC265,405,PFTV-90,5857,16,20,2025-11-03 22:18:57.679982,351584.557,6302821.539
PC265,542,PFWZ-64,908,0,3,2025-11-03 22:18:57.679983,351584.557,6302821.539
PC265,405c,SPBL-80,7208,21,25,2025-11-03 22:18:57.679984,351584.557,6302821.539
PC265,405c,PGBY-58,7811,23,27,2025-11-03 22:18:57.679985,351584.557,6302821.539
PC265,C03,SKDG-15,240,0,3,2025-11-03 22:18:57.679986,351584.557,6302821.539
PC265,C03,LWTK-46,3575,9,13,2025-11-03 22:18:57.679987,351584.557,6302821.539
PJ373,507,PHSG-80,5224,14,18,2025-11-03 22:18:59.693708,335405.213,6298275.729
PJ373,507,PFXB-63,6066,17,21,2025-11-03 22:18:59.693713,335405.213,6298275.729
PJ373,514,FLXX-38,1232,0,4,2025-11-03 22:18:59.693714,335405.213,6298275.729
PJ373,514,FLXV-64,4500,12,16,2025-11-03 22:18:59.693715,335405.213,6298275.729
PJ373,J07,VJJX-68,2924,7,11,2025-11-03 22:18:59.693716,335405.213,6298275.729
PJ373,J07,VHZZ-10,4562,12,16,2025-11-03 22:18:59.693716,335405.213,6298275.729
PJ373,407,TBFT-75,3332,9,13,2025-11-03 22:18:59.693717,335405.213,6298275.729
PJ373,407,GCBD-22,3452,9,13,2025-11-03 22:18:59.693718,335405.213,6298275.729
PI465,I02,FLXZ-45,3384,9,13,2025-11-03 22:19:01.794713,335510.698,6289884.785
PI465,405,PDZH-76,2330,5,9,2025-11-03 22:19:01.794717,335510.698,6289884.785
PI465,405,PDYR-97,2448,6,10,2025-11-03 22:19:01.794718,335510.698,6289884.785
PI465,509,FLXV-34,720,0,2,2025-11-03 22:19:01.794719,335510.698,6289884.785
PI465,481,PGPT-53,2317,5,9,2025-11-03 22:19:01.794720,335510.698,6289884.785
PI465,481,PGPT-23,2442,6,10,2025-11-03 22:19:01.794721,335510.698,6289884.785
PJ1709,422,GCBD-56,4161,11,15,2025-11-03 22:19:03.865004,336062.978,6298729.065
PJ1709,422,GCBC-66,12263,39,60,2025-11-03 22:19:03.865009,336062.978,6298729.065
PB1189,B12,LDTF-42,5342,15,19,2025-11-03 22:19:05.904659,343836.566,6305233.207
PB1189,B12,SGPY-95,5826,16,20,2025-11-03 22:19:05.904664,343836.566,6305233.207
PF178,F01,SPVT-75,2977,7,11,2025-11-03 22:19:07.955163,354760.294,6279796.566
PF178,F01c,SPVW-78,7055,20,24,2025-11-03 22:19:07.955168,354760.294,6279796.566
PF178,F01c,SPVT-83,6822,20,24,2025-11-03 22:19:07.955169,354760.294,6279796.566
PF178,F11,SKTZ-90,3479,9,13,2025-11-03 22:19:07.955170,354760.294,6279796.566
PF178,F29,SPVV-29,707,0,2,2025-11-03 22:19:07.955171,354760.294,6279796.566
PF178,F29,SPVW-71,1158,0,4,2025-11-03 22:19:07.955172,354760.294,6279796.566
PI561,506v,PFXC-83,412,0,3,2025-11-03 22:19:09.964839,335935.166,6288766.229
PI561,506v,TBFT-90,5322,15,19,2025-11-03 22:19:09.964843,335935.166,6288766.229
PI561,I01,FLXG-10,6427,18,22,2025-11-03 22:19:09.964844,335935.166,6288766.229
PI561,I01,FLXF-48,7529,22,26,2025-11-03 22:19:09.964845,335935.166,6288766.229
PI561,506,TBFX-73,1322,0,4,2025-11-03 22:19:09.964845,335935.166,6288766.229
PI561,506,GCBC-36,2164,5,9,2025-11-03 22:19:09.964846,335935.166,6288766.229
PI561,506e,LZPH-25,9338,29,60,2025-11-03 22:19:09.964847,335935.166,6288766.229
PI561,506e,LXWS-38,19854,63,60,2025-11-03 22:19:09.964848,335935.166,6288766.229
PH1497,302,CJRW-16,6669,19,23,2025-11-03 22:19:11.635327,343965.976,6288787.57
PH1497,302,BJFW-19,9158,29,60,2025-11-03 22:19:11.635332,343965.976,6288787.57
PH1497,119,CJRX-71,2995,7,11,2025-11-03 22:19:11.635333,343965.976,6288787.57
PH1497,119,BJFZ-65,4839,13,17,2025-11-03 22:19:11.635334,343965.976,6288787.57
PG1965,G16,SDSW-76,3268,8,12,2025-11-03 22:19:13.220192,345779.0,6282061.0
PG1965,G16,SDSW-53,7001,20,24,2025-11-03 22:19:13.220197,345779.0,6282061.0
PH684,H13,CJRX-61,10155,32,60,2025-11-03 22:19:15.255439,344373.156,6290768.284
PH684,H13,BJFS-77,11095,35,60,2025-11-03 22:19:15.255444,344373.156,6290768.284
PH684,I05,VHTB-69,646,0,2,2025-11-03 22:19:15.255446,344373.156,6290768.284
PH684,I05,VHSX-76,1889,4,8,2025-11-03 22:19:15.255447,344373.156,6290768.284
PC299,C28,SPCG-43,1996,4,8,2025-11-03 22:19:17.314905,355205.77,6302799.66
PC299,C28,SGPY-67,12519,40,60,2025-11-03 22:19:17.314910,355205.77,6302799.66
PC299,430,PGLD-62,1579,3,7,2025-11-03 22:19:17.314912,355205.77,6302799.66
PC299,430,PGLD-68,6738,19,23,2025-11-03 22:19:17.314913,355205.77,6302799.66
PC299,406,TBFR-45,5157,14,18,2025-11-03 22:19:17.314914,355205.77,6302799.66
PC299,426,FLXK-26,5464,15,19,2025-11-03 22:19:17.314915,355205.77,6302799.66
PC299,426,BJFB-46,8069,23,27,2025-11-03 22:19:17.314916,355205.77,6302799.66
PC299,C01c,SPBS-42,904,0,3,2025-11-03 22:19:17.314917,355205.77,6302799.66
PC299,C01c,PGTV-10,7634,22,26,2025-11-03 22:19:17.314918,355205.77,6302799.66
PC299,C01,LDSV-94,1638,3,7,2025-11-03 22:19:17.314919,355205.77,6302799.66
PC299,C01,LCPW-41,2472,6,10,2025-11-03 22:19:17.314920,355205.77,6302799.66
PC299,C19,SHCV-75,4000,11,15,2025-11-03 22:19:17.314921,355205.77,6302799.66
PB237,445,SJPD-82,0,0,3,2025-11-03 22:19:19.341552,342873.912,6307099.023
PB237,445,SKPJ-43,304,0,3,2025-11-03 22:19:19.341557,342873.912,6307099.023
PB237,214,GCBB-78,4273,11,15,2025-11-03 22:19:19.341559,342873.912,6307099.023
PB237,214,GCBB-32,7265,21,25,2025-11-03 22:19:19.341560,342873.912,6307099.023
PB237,230,GCBB-38,1555,3,7,2025-11-03 22:19:19.341561,342873.912,6307099.023
PB237,230,GCBB-44,5058,14,18,2025-11-03 22:19:19.341562,342873.912,6307099.023
PB237,272,GCBB-14,4465,12,16,2025-11-03 22:19:19.341563,342873.912,6307099.023
PB237,272,VFPC-80,4732,13,17,2025-11-03 22:19:19.341564,342873.912,6307099.023
PB237,201,GCBB-16,4878,13,17,2025-11-03 22:19:19.341565,342873.912,6307099.023
PB237,201,GCBC-19,4813,13,17,2025-11-03 22:19:19.341566,342873.912,6307099.023
PB237,B12,LDTF-42,2030,4,8,2025-11-03 22:19:19.341567,342873.912,6307099.023
PB237,B12,SGPY-95,8208,26,60,2025-11-03 22:19:19.341567,342873.912,6307099.023
PB237,B05,SPCG-36,17,0,3,2025-11-03 22:19:19.341568,342873.912,6307099.023
PB237,B05,SPCG-59,948,0,3,2025-11-03 22:19:19.341569,342873.912,6307099.023
PH665,321,FLXP-95,384,0,3,2025-11-03 22:19:21.382546,343013.437,6290349.229
PB2113,B13,STHR-46,855,0,3,2025-11-03 22:19:23.385410,335143.0,6310730.0
PB2113,B13,STHR-80,2574,6,10,2025-11-03 22:19:23.385415,335143.0,6310730.0
PG1976,G16,SFPG-29,402,0,3,2025-11-03 22:19:25.403962,347564.84,6281901.13
PG1976,G16,SDSW-76,4723,13,17,2025-11-03 22:19:25.403966,347564.84,6281901.13
PF1147,712,SHCW-70,51,0,3,2025-11-03 22:19:27.518282,359235.8,6280323.55
PF1147,712,SHCW-80,51,0,3,2025-11-03 22:19:27.518287,359235.8,6280323.55
PE867,E13,VFKV-61,1564,3,7,2025-11-03 22:19:29.494512,350432.864,6286784.268
PG661,G01,THTD-86,0,0,3,2025-11-03 22:19:31.167664,346187.657,6289019.958
PG661,G01,THTH-85,3058,8,12,2025-11-03 22:19:31.167670,346187.657,6289019.958
PG251,G12,SFGY-68,2817,7,11,2025-11-03 22:19:32.926322,344664.481,6287185.13
PG251,428,SHXD-69,3815,10,14,2025-11-03 22:19:32.926328,344664.481,6287185.13
PG251,428,SLLZ-43,6042,17,21,2025-11-03 22:19:32.926329,344664.481,6287185.13
PG251,444,SKPK-62,9000,28,60,2025-11-03 22:19:32.926330,344664.481,6287185.13
PG251,444,SKPK-31,18593,59,60,2025-11-03 22:19:32.926331,344664.481,6287185.13
PG251,223,SFGY-74,1206,0,4,2025-11-03 22:19:32.926332,344664.481,6287185.13
PG251,223,SHCX-23,3638,9,13,2025-11-03 22:19:32.926333,344664.481,6287185.13
PG251,G34,THTD-72,2790,7,11,2025-11-03 22:19:32.926334,344664.481,6287185.13
PG251,G34,THTG-66,4362,12,16,2025-11-03 22:19:32.926335,344664.481,6287185.13
PD326,D03,SVDF-43,710,0,2,2025-11-03 22:19:34.954785,348807.902,6297389.308
PD326,D03,STYX-81,2595,6,10,2025-11-03 22:19:34.954820,348807.902,6297389.308
PD326,227,VFPD-81,3231,8,12,2025-11-03 22:19:34.954823,348807.902,6297389.308
PD326,227,VFPD-51,5492,15,19,2025-11-03 22:19:34.954825,348807.902,6297389.308
PD326,325,VFJJ-50,871,0,3,2025-11-03 22:19:34.954836,348807.902,6297389.308
PD326,325,VFJK-31,8413,27,60,2025-11-03 22:19:34.954837,348807.902,6297389.308
PD326,422,GCBD-49,3766,10,14,2025-11-03 22:19:34.954838,348807.902,6297389.308
PD326,422,TBFW-78,8606,27,60,2025-11-03 22:19:34.954839,348807.902,6297389.308
PD326,403,SKPK-23,620,0,2,2025-11-03 22:19:34.954841,348807.902,6297389.308
PD326,403,PFVG-85,5182,14,18,2025-11-03 22:19:34.954842,348807.902,6297389.308
PD326,513,VHXK-21,344,0,3,2025-11-03 22:19:34.954843,348807.902,6297389.308
PD326,513,SRTK-20,4642,13,17,2025-11-03 22:19:34.954845,348807.902,6297389.308
PB1669,314,VHTB-27,12147,38,60,2025-11-03 22:19:37.013152,338928.535,6306522.21
PB1669,314,FLXL-10,26685,84,60,2025-11-03 22:19:37.013157,338928.535,6306522.21
PB1669,B45,TWPD-87,484,0,2,2025-11-03 22:19:37.013158,338928.535,6306522.21
PB1669,B45,FLXF-83,7669,22,26,2025-11-03 22:19:37.013159,338928.535,6306522.21
PB1669,B08,STHJ-89,7746,22,26,2025-11-03 22:19:37.013160,338928.535,6306522.21
PB1669,B18,TXZH-25,193,0,3,2025-11-03 22:19:37.013161,338928.535,6306522.21
PB1669,B18,STHK-10,8234,26,60,2025-11-03 22:19:37.013162,338928.535,6306522.21
PB1669,B32,STGZ-28,1313,0,4,2025-11-03 22:19:37.013163,338928.535,6306522.21
PB1669,B32,STHF-78,7009,20,24,2025-11-03 22:19:37.013164,338928.535,6306522.21
PB1669,428,SHCY-21,0,0,3,2025-11-03 22:19:37.013165,338928.535,6306522.21
PB1669,428,SHCX-63,4028,11,15,2025-11-03 22:19:37.013165,338928.535,6306522.21
PB1669,303,FLXD-85,0,0,3,2025-11-03 22:19:37.013166,338928.535,6306522.21
PB1669,303,FLXF-13,2491,6,10,2025-11-03 22:19:37.013167,338928.535,6306522.21
PF196,712,SJPD-86,339,0,3,2025-11-03 22:19:39.100496,358689.402,6280261.462
PF196,712,SRVJ-17,623,0,2,2025-11-03 22:19:39.100500,358689.402,6280261.462
PF196,F29,SPVT-82,181,0,3,2025-11-03 22:19:39.100501,358689.402,6280261.462
PD1383,D18,SVDB-96,55,0,3,2025-11-03 22:19:43.262474,358409.134,6296731.144
PD1383,D18,SVDF-40,3095,8,12,2025-11-03 22:19:43.262479,358409.134,6296731.144
PC1042,C16,SGPY-57,500,0,2,2025-11-03 22:19:45.188468,359085.764,6311456.893
PD16,103,SPBL-75,2278,5,9,2025-11-03 22:19:51.066499,350783.731,6294457.242
PD16,103,SPBL-78,6332,18,22,2025-11-03 22:19:51.066504,350783.731,6294457.242
PD16,117,PGLD-73,1648,3,7,2025-11-03 22:19:51.066506,350783.731,6294457.242
PD16,117,PGRZ-88,4337,12,16,2025-11-03 22:19:51.066506,350783.731,6294457.242
PD16,114,SKWD-36,2332,5,9,2025-11-03 22:19:51.066508,350783.731,6294457.242
PD16,114,LDJJ-87,3308,8,12,2025-11-03 22:19:51.066508,350783.731,6294457.242
PD16,D07,SVDC-65,2248,5,9,2025-11-03 22:19:51.066509,350783.731,6294457.242
PD16,D07,SVDF-57,5948,17,21,2025-11-03 22:19:51.066510,350783.731,6294457.242
PJ568,J01,BJFH-39,3705,10,14,2025-11-03 22:19:53.139074,340274.483,6300616.419
PJ568,J01,CJRW-72,6756,19,23,2025-11-03 22:19:53.139080,340274.483,6300616.419
PJ568,J08,TBFS-45,2616,6,10,2025-11-03 22:19:53.139081,340274.483,6300616.419
PJ568,J08,TBFX-47,9619,30,60,2025-11-03 22:19:53.139082,340274.483,6300616.419
PF302,F07,SPRY-65,2300,5,9,2025-11-03 22:19:55.147287,355353.347,6283327.74
PG739,G02,FLXX-25,1932,4,8,2025-11-03 22:19:57.161141,342467.259,6281120.518
PG739,G02,TBYY-59,3381,9,13,2025-11-03 22:19:57.161147,342467.259,6281120.518
PG281,226,VFPJ-61,1846,4,8,2025-11-03 22:19:59.608435,346407.911,6290328.74
PG281,226,VFRF-35,4258,11,15,2025-11-03 22:19:59.608441,346407.911,6290328.74
PG281,227,VGBW-68,3908,10,14,2025-11-03 22:19:59.608442,346407.911,6290328.74
PG281,227,VGKX-62,4516,12,16,2025-11-03 22:19:59.608443,346407.911,6290328.74
PI506,419,PFVK-89,215,0,3,2025-11-03 22:20:01.193360,335482.967,6292031.172
PI506,419,PFVK-97,3870,10,14,2025-11-03 22:20:01.193365,335482.967,6292031.172
PI506,I07,VHTB-73,4573,12,16,2025-11-03 22:20:01.193366,335482.967,6292031.172
PC61,C18,SHCX-34,1442,3,7,2025-11-03 22:20:04.728301,352457.335,6302984.505
PC61,C18,SHXD-87,1442,3,7,2025-11-03 22:20:04.728305,352457.335,6302984.505
PC61,722,TXZH-30,1262,0,4,2025-11-03 22:20:04.728306,352457.335,6302984.505
PC61,722,STHJ-98,5927,17,21,2025-11-03 22:20:04.728307,352457.335,6302984.505
PC61,425,SJPB-22,683,0,2,2025-11-03 22:20:04.728308,352457.335,6302984.505
PC61,425,SJPC-46,1779,4,8,2025-11-03 22:20:04.728309,352457.335,6302984.505
PC61,712,SHXG-93,3548,9,13,2025-11-03 22:20:04.728310,352457.335,6302984.505
PC61,712,SHCY-19,11521,36,60,2025-11-03 22:20:04.728310,352457.335,6302984.505
PB878,B04,SHCW-61,5089,14,18,2025-11-03 22:20:06.494973,344499.759,6302424.012
PB878,B04,SJPC-34,5334,15,19,2025-11-03 22:20:06.494977,344499.759,6302424.012
PB878,214,GCBB-78,427,0,3,2025-11-03 22:20:06.494979,344499.759,6302424.012
PB878,214,GCBB-32,3419,9,13,2025-11-03 22:20:06.494979,344499.759,6302424.012
PG533,G28,BJFW-50,2848,7,11,2025-11-03 22:20:08.531068,343074.556,6281673.631
PG533,G08v,FLXV-31,1334,0,4,2025-11-03 22:20:08.531075,343074.556,6281673.631
PG533,G08v,FLXV-29,3757,10,14,2025-11-03 22:20:08.531076,343074.556,6281673.631
PG533,G14,FLXX-26,7949,23,27,2025-11-03 22:20:08.531077,343074.556,6281673.631
PG533,F03,SPVV-41,2993,7,11,2025-11-03 22:20:08.531078,343074.556,6281673.631
PC568,505,SRTK-45,3295,8,12,2025-11-03 22:20:12.579031,349210.78,6297887.64
PC568,505,SRTK-27,3871,10,14,2025-11-03 22:20:12.579036,349210.78,6297887.64
PC568,508,FLXX-78,2005,4,8,2025-11-03 22:20:12.579037,349210.78,6297887.64
PC568,508,FLXW-64,5527,15,19,2025-11-03 22:20:12.579038,349210.78,6297887.64
PC568,514,FLXX-84,4360,12,16,2025-11-03 22:20:12.579039,349210.78,6297887.64
PC568,514,FLXW-56,6189,18,22,2025-11-03 22:20:12.579040,349210.78,6297887.64
PC568,514c,FLXX-78,1635,3,7,2025-11-03 22:20:12.579041,349210.78,6297887.64
PB1994,B07c2,LDJP-70,736,0,2,2025-11-03 22:20:14.603481,341692.0,6307268.0
PI1623,115,TBFW-40,6156,17,21,2025-11-03 22:20:16.587810,342441.119,6293759.928
PI1623,113,FLXW-87,5742,16,20,2025-11-03 22:20:16.587814,342441.119,6293759.928
PI1623,113,FLXX-61,8356,26,60,2025-11-03 22:20:16.587815,342441.119,6293759.928
PG1900,211c,THTG-90,1104,0,3,2025-11-03 22:20:20.638425,341536.36,6279219.93
PG1900,211c,THTF-59,1009,0,3,2025-11-03 22:20:20.638430,341536.36,6279219.93
PE250,226,VFPL-92,296,0,3,2025-11-03 22:20:22.136594,351906.612,6286194.754
PE250,226,VFPH-21,1783,4,8,2025-11-03 22:20:22.136599,351906.612,6286194.754
PA237,302,BJFX-53,10759,34,60,2025-11-03 22:20:24.171896,346084.846,6296165.162
PA237,302,BJFT-59,11503,36,60,2025-11-03 22:20:24.171901,346084.846,6296165.162
PA237,125,FLXF-97,11875,38,60,2025-11-03 22:20:24.171902,346084.846,6296165.162
PD313,514,GCBC-99,6516,19,23,2025-11-03 22:20:26.203634,353066.617,6297205.467
PD313,514,FLXV-80,7673,22,26,2025-11-03 22:20:26.203640,353066.617,6297205.467
PD313,D03,SVDC-89,5112,14,18,2025-11-03 22:20:26.203641,353066.617,6297205.467
PD313,D03,SVDC-23,6229,18,22,2025-11-03 22:20:26.203642,353066.617,6297205.467
PD313,227,VFPD-51,1292,0,4,2025-11-03 22:20:26.203643,353066.617,6297205.467
PD313,422,TBFW-78,3858,10,14,2025-11-03 22:20:26.203644,353066.617,6297205.467
PD313,422,PFXC-33,8062,23,27,2025-11-03 22:20:26.203645,353066.617,6297205.467
PD313,D16,SPBL-65,2737,7,11,2025-11-03 22:20:26.203646,353066.617,6297205.467
PD313,505,VJBB-50,4058,11,15,2025-11-03 22:20:26.203647,353066.617,6297205.467
PD313,403,PFVG-85,814,0,3,2025-11-03 22:20:26.203648,353066.617,6297205.467
PD313,403,PFVG-78,5379,15,19,2025-11-03 22:20:26.203649,353066.617,6297205.467
PD313,513,SRTK-20,262,0,3,2025-11-03 22:20:26.203650,353066.617,6297205.467
PD313,513,VHZY-21,375,0,3,2025-11-03 22:20:26.203651,353066.617,6297205.467
PJ866,J08,FLXS-79,970,0,3,2025-11-03 22:20:28.171795,338904.505,6295368.185
PJ866,J08,TBFX-68,5406,15,19,2025-11-03 22:20:28.171801,338904.505,6295368.185
PE50,118,FLXC-47,98,0,3,2025-11-03 22:20:30.153596,354901.826,6290513.752
PE50,118,FLXH-92,882,0,3,2025-11-03 22:20:30.153601,354901.826,6290513.752
PE50,E17,BJFT-98,4412,12,16,2025-11-03 22:20:30.153603,354901.826,6290513.752
PF149,F03c,SPZX-59,2085,5,9,2025-11-03 22:20:32.190727,355261.287,6280651.824
PF149,F03c,SHCY-65,4045,11,15,2025-11-03 22:20:32.190731,355261.287,6280651.824
PF149,205c,VFPF-61,4799,13,17,2025-11-03 22:20:32.190732,355261.287,6280651.824
PF149,205c,VFPZ-98,4799,13,17,2025-11-03 22:20:32.190733,355261.287,6280651.824
PF149,226,VGBV-55,387,0,3,2025-11-03 22:20:32.190734,355261.287,6280651.824
PF149,226,VGKZ-62,1458,3,7,2025-11-03 22:20:32.190735,355261.287,6280651.824
PF149,F03,FLXG-88,9370,30,60,2025-11-03 22:20:32.190736,355261.287,6280651.824
PF149,F03,SRPJ-74,9741,31,60,2025-11-03 22:20:32.190737,355261.287,6280651.824
PC206,418,LXWP-85,20400,64,60,2025-11-03 22:20:34.057413,350653.68,6300973.27
PC206,418,PFVH-10,20741,65,60,2025-11-03 22:20:34.057418,350653.68,6300973.27
PC206,421,PFTV-84,0,0,3,2025-11-03 22:20:34.057419,350653.68,6300973.27
PC206,421,PFBG-34,8744,28,60,2025-11-03 22:20:34.057420,350653.68,6300973.27
PC206,429c,SLPB-36,20087,63,60,2025-11-03 22:20:34.057421,350653.68,6300973.27
PC206,407,FLXV-70,2838,7,11,2025-11-03 22:20:34.057422,350653.68,6300973.27
PC206,407,TBFX-76,6270,18,22,2025-11-03 22:20:34.057422,350653.68,6300973.27
PC206,117,PGBY-42,3087,8,12,2025-11-03 22:20:34.057423,350653.68,6300973.27
PC206,117,SPBG-12,6871,20,24,2025-11-03 22:20:34.057424,350653.68,6300973.27
PC206,401,PDYR-98,5886,17,21,2025-11-03 22:20:34.057425,350653.68,6300973.27
PC206,401,PFTF-83,10437,33,60,2025-11-03 22:20:34.057426,350653.68,6300973.27
PC206,405,PGBB-56,14,0,3,2025-11-03 22:20:34.057426,350653.68,6300973.27
PC206,405,PFVK-94,8932,28,60,2025-11-03 22:20:34.057427,350653.68,6300973.27
PC206,412,PFVG-76,8571,27,60,2025-11-03 22:20:34.057428,350653.68,6300973.27
PC206,412,LXWP-87,16876,53,60,2025-11-03 22:20:34.057429,350653.68,6300973.27
PD1304,D10,SVDD-87,335,0,3,2025-11-03 22:20:35.663100,351414.41,6292897.348
PD1304,D10,SVDD-58,3980,11,15,2025-11-03 22:20:35.663108,351414.41,6292897.348
PJ379,504,TBFW-76,3143,27,60,2025-11-03 22:20:37.395760,335404.118,6299530.232
PJ379,514,FLXX-38,1840,4,8,2025-11-03 22:20:37.395766,335404.118,6299530.232
PJ379,514,FLXV-64,4791,13,17,2025-11-03 22:20:37.395767,335404.118,6299530.232
PJ379,407,TBFT-75,3802,10,14,2025-11-03 22:20:37.395768,335404.118,6299530.232
PJ379,407,GCBD-22,4383,12,16,2025-11-03 22:20:37.395769,335404.118,6299530.232
PJ2014,J07,VHZY-90,11769,37,60,2025-11-03 22:20:39.426617,334916.981,6305434.011
PJ27,J16,FLXD-62,145,0,3,2025-11-03 22:20:41.675315,341675.229,6300306.399
PJ27,J16,FLXW-25,4832,13,17,2025-11-03 22:20:41.675320,341675.229,6300306.399
PJ27,107,SKWD-90,0,0,3,2025-11-03 22:20:41.675322,341675.229,6300306.399
PJ27,107,PGBS-46,0,0,3,2025-11-03 22:20:41.675323,341675.229,6300306.399
PJ27,101,PGPT-12,1193,0,4,2025-11-03 22:20:41.675324,341675.229,6300306.399
PJ27,101,PFYR-96,6122,17,21,2025-11-03 22:20:41.675325,341675.229,6300306.399
PG675,G01,THTD-18,8218,26,60,2025-11-03 22:20:43.261763,344539.194,6288519.105
PI1660,I24,VHTB-28,9451,30,60,2025-11-03 22:20:45.192054,337157.01,6288298.03
PI1660,I24,VHSX-66,10074,32,60,2025-11-03 22:20:45.192058,337157.01,6288298.03
PI439,412,LXWP-87,8304,26,60,2025-11-03 22:20:47.204983,343127.31,6297172.45
PI439,412,PFTW-48,8339,26,60,2025-11-03 22:20:47.204988,343127.31,6297172.45
PI439,516,TBFX-44,2970,7,11,2025-11-03 22:20:47.204990,343127.31,6297172.45
PI439,516,FLXV-60,5053,14,18,2025-11-03 22:20:47.204991,343127.31,6297172.45
PI439,424,GCBC-71,1796,4,8,2025-11-03 22:20:47.204992,343127.31,6297172.45
PI439,424,GCBC-84,4342,12,16,2025-11-03 22:20:47.204993,343127.31,6297172.45
PI439,405,PFVK-94,345,0,3,2025-11-03 22:20:47.204994,343127.31,6297172.45
PI439,405,PDZH-75,9467,30,60,2025-11-03 22:20:47.204995,343127.31,6297172.45
PI439,419,PFYG-55,6521,19,23,2025-11-03 22:20:47.204996,343127.31,6297172.45
PI439,419,PFYH-10,15525,49,60,2025-11-03 22:20:47.204997,343127.31,6297172.45
PI439,510,PFXC-62,3367,9,13,2025-11-03 22:20:47.204998,343127.31,6297172.45
PI439,510,TBFR-57,7501,22,26,2025-11-03 22:20:47.204998,343127.31,6297172.45
PI439,511,TBFX-36,1350,0,4,2025-11-03 22:20:47.204999,343127.31,6297172.45
PI439,511,TBFT-88,9020,28,60,2025-11-03 22:20:47.205000,343127.31,6297172.45
PI439,404,PFYC-61,3890,10,14,2025-11-03 22:20:47.205002,343127.31,6297172.45
PI439,404,PFVG-96,7542,22,26,2025-11-03 22:20:47.205002,343127.31,6297172.45
PI439,106,PFYR-63,314,0,3,2025-11-03 22:20:47.205003,343127.31,6297172.45
PI439,106,PFYS-94,3426,9,13,2025-11-03 22:20:47.205004,343127.31,6297172.45
PI439,418,LXWP-85,13222,42,60,2025-11-03 22:20:47.205005,343127.31,6297172.45
PI439,418,PFVH-10,13564,43,60,2025-11-03 22:20:47.205007,343127.31,6297172.45
PI439,423,PGPT-40,8456,27,60,2025-11-03 22:20:47.205008,343127.31,6297172.45
PI439,423,PGPT-52,13065,41,60,2025-11-03 22:20:47.205008,343127.31,6297172.45
PI439,481,PFYR-72,2578,6,10,2025-11-03 22:20:47.205010,343127.31,6297172.45
PI439,481,PGPT-57,3218,8,12,2025-11-03 22:20:47.205019,343127.31,6297172.45
PI673,I01,FLXF-51,276,0,3,2025-11-03 22:20:49.203742,341690.327,6293531.457
PI673,I01,FLXG-93,4542,12,16,2025-11-03 22:20:49.203746,341690.327,6293531.457
PB286,B01,TXZH-36,3096,8,12,2025-11-03 22:20:51.214874,343485.71,6305170.97
PB286,B01,SKHG-33,6850,20,24,2025-11-03 22:20:51.214879,343485.71,6305170.97
PB286,201,GCBB-16,3584,9,13,2025-11-03 22:20:51.214880,343485.71,6305170.97
PB286,201,GCBC-19,3455,9,13,2025-11-03 22:20:51.214881,343485.71,6305170.97
PB286,308,FLXK-13,2627,6,10,2025-11-03 22:20:51.214882,343485.71,6305170.97
PB286,308,FLXH-96,5529,15,19,2025-11-03 22:20:51.214882,343485.71,6305170.97
PB286,272,GCBB-14,1828,4,8,2025-11-03 22:20:51.214883,343485.71,6305170.97
PB286,272,VFPC-80,2264,5,9,2025-11-03 22:20:51.214884,343485.71,6305170.97
PI180,115,FLXV-76,2475,6,10,2025-11-03 22:20:53.309499,342614.144,6294066.439
PI180,109,FLXC-45,2810,14,18,2025-11-03 22:20:53.309504,342614.144,6294066.439
PI180,109,FLXD-26,3210,15,19,2025-11-03 22:20:53.309506,342614.144,6294066.439
PI180,113,BJFZ-39,1241,0,4,2025-11-03 22:20:53.309507,342614.144,6294066.439
PI180,113,FLXY-70,3278,8,12,2025-11-03 22:20:53.309508,342614.144,6294066.439
PI180,I01,FLXG-93,3102,8,12,2025-11-03 22:20:53.309509,342614.144,6294066.439
PI180,I01,FLXF-15,7200,21,25,2025-11-03 22:20:53.309510,342614.144,6294066.439
PI1196,385,FLXL-79,1793,4,8,2025-11-03 22:20:55.115995,339158.306,6293977.3
PI1196,385,FLXK-78,2509,6,10,2025-11-03 22:20:55.115999,339158.306,6293977.3
PI1196,I17,FLXK-61,180,0,3,2025-11-03 22:20:55.116001,339158.306,6293977.3
PI1196,I17,FLXL-25,1505,3,7,2025-11-03 22:20:55.116001,339158.306,6293977.3
PH341,121,BJFW-38,4553,12,16,2025-11-03 22:20:57.197797,345094.812,6293042.356
PH341,121,BJFT-65,5662,16,20,2025-11-03 22:20:57.197802,345094.812,6293042.356
PH341,H06,CJRX-63,1253,0,4,2025-11-03 22:20:57.197803,345094.812,6293042.356
PH341,H06,FLXD-64,3895,10,14,2025-11-03 22:20:57.197804,345094.812,6293042.356
PH341,H09,VGRB-33,3132,8,12,2025-11-03 22:20:57.197805,345094.812,6293042.356
PH341,H12,BJFS-86,1354,0,4,2025-11-03 22:20:57.197806,345094.812,6293042.356
PH341,H13,CJRX-61,6225,18,22,2025-11-03 22:20:57.197806,345094.812,6293042.356
PG1947,G07,THTD-10,6441,18,22,2025-11-03 22:20:59.165286,338347.0,6273193.0
PG1947,G07,THTF-97,10248,32,60,2025-11-03 22:20:59.165292,338347.0,6273193.0
PA657,412,PFVG-76,1274,0,4,2025-11-03 22:21:01.166094,344462.444,6297611.447
PA657,412,LXWP-87,9573,30,60,2025-11-03 22:21:01.166099,344462.444,6297611.447
PA657,J10,VHZX-11,6004,17,21,2025-11-03 22:21:01.166100,344462.444,6297611.447
PA657,J10,VJJR-56,11646,37,60,2025-11-03 22:21:01.166101,344462.444,6297611.447
PA657,421,PFBG-34,1466,3,7,2025-11-03 22:21:01.166102,344462.444,6297611.447
PA657,421,PFTF-87,9383,30,60,2025-11-03 22:21:01.166102,344462.444,6297611.447
PA657,407,GCBC-79,854,0,3,2025-11-03 22:21:01.166103,344462.444,6297611.447
PA657,407,FLXV-43,3874,10,14,2025-11-03 22:21:01.166104,344462.444,6297611.447
PA657,426,BJFF-49,1092,0,3,2025-11-03 22:21:01.166114,344462.444,6297611.447
PA657,426,FLXH-77,3039,8,12,2025-11-03 22:21:01.166115,344462.444,6297611.447
PA657,I09,FLXZ-38,1988,4,8,2025-11-03 22:21:01.166115,344462.444,6297611.447
PA657,I09,FLXZ-52,2715,7,11,2025-11-03 22:21:01.166116,344462.444,6297611.447
PA657,I18,VHSY-18,0,0,3,2025-11-03 22:21:01.166117,344462.444,6297611.447
PA657,401,PDYR-98,205,0,3,2025-11-03 22:21:01.166118,344462.444,6297611.447
PA657,401,PFTF-83,4344,12,16,2025-11-03 22:21:01.166119,344462.444,6297611.447
PA657,405,PFVK-94,1749,4,8,2025-11-03 22:21:01.166120,344462.444,6297611.447
PA657,405,PDZH-75,10769,34,60,2025-11-03 22:21:01.166121,344462.444,6297611.447
PA657,418,LXWP-85,14356,45,60,2025-11-03 22:21:01.166122,344462.444,6297611.447
PA657,418,PFVH-10,14697,46,60,2025-11-03 22:21:01.166123,344462.444,6297611.447
PA657,406,TBFW-94,4278,27,60,2025-11-03 22:21:01.166124,344462.444,6297611.447
PA657,406,GCBC-87,6141,40,60,2025-11-03 22:21:01.166124,344462.444,6297611.447
PB80,B20,FLXS-56,2912,7,11,2025-11-03 22:21:03.228875,342051.951,6302285.517
PB80,B20,SKHG-70,15616,49,60,2025-11-03 22:21:03.228879,342051.951,6302285.517
PB80,B29,SKHG-85,4163,11,15,2025-11-03 22:21:03.228880,342051.951,6302285.517
PB80,B29,LXDH-93,10093,32,60,2025-11-03 22:21:03.228881,342051.951,6302285.517
PB80,109,TBFW-52,557,0,2,2025-11-03 22:21:03.228882,342051.951,6302285.517
PB80,109,PFWZ-66,6061,17,21,2025-11-03 22:21:03.228883,342051.951,6302285.517
PB80,410,SJPC-50,6299,18,22,2025-11-03 22:21:03.228883,342051.951,6302285.517
PB80,410,LFGW-21,9478,30,60,2025-11-03 22:21:03.228884,342051.951,6302285.517
PB80,B03,LXDJ-25,4691,13,17,2025-11-03 22:21:03.228885,342051.951,6302285.517
PB80,B03,SJPC-44,8106,26,60,2025-11-03 22:21:03.228886,342051.951,6302285.517
PB80,105,SJPC-38,61,0,3,2025-11-03 22:21:03.228887,342051.951,6302285.517
PB80,105,SHXF-27,370,0,3,2025-11-03 22:21:03.228887,342051.951,6302285.517
PB80,120,STHF-62,224,0,3,2025-11-03 22:21:03.228888,342051.951,6302285.517
PB80,120,SJTD-64,1167,0,4,2025-11-03 22:21:03.228889,342051.951,6302285.517
PB555,B43,SJPC-79,9460,30,60,2025-11-03 22:21:04.716401,339900.158,6308049.223
PD1152,D14,SPBP-19,852,0,3,2025-11-03 22:21:06.409351,350218.978,6293488.985
PD1152,D14,PGBY-41,4195,11,15,2025-11-03 22:21:06.409356,350218.978,6293488.985
PD1152,D13,FLXR-44,3262,8,12,2025-11-03 22:21:06.409358,350218.978,6293488.985
PG1749,G23,SFWZ-83,0,0,3,2025-11-03 22:21:08.451649,348990.128,6281941.474
PG1749,G23,SFWZ-52,690,0,2,2025-11-03 22:21:08.451654,348990.128,6281941.474
PG1749,233,SFGY-81,2733,7,11,2025-11-03 22:21:08.451656,348990.128,6281941.474
PG1749,233,SHXG-73,4268,11,15,2025-11-03 22:21:08.451656,348990.128,6281941.474
PG1749,F06,SPZY-55,2539,6,10,2025-11-03 22:21:08.451657,348990.128,6281941.474
PG1749,F06,SPZY-87,2451,6,10,2025-11-03 22:21:08.451658,348990.128,6281941.474
PI1885,I35,SFPG-67,964,0,3,2025-11-03 22:21:10.443365,331839.0,6283062.0
PI1885,I35,SDSW-82,3024,8,12,2025-11-03 22:21:10.443370,331839.0,6283062.0
PI1014,I20,FLXL-54,2115,5,9,2025-11-03 22:21:12.475689,338012.884,6294710.866
PI1014,I20,FLXZ-70,3990,11,15,2025-11-03 22:21:12.475694,338012.884,6294710.866
PI800,348,VHTB-38,1533,3,7,2025-11-03 22:21:14.516574,332940.654,6290701.278
PI800,348,VHTB-60,6068,17,21,2025-11-03 22:21:14.516579,332940.654,6290701.278
PI800,I02,FLXZ-39,531,0,2,2025-11-03 22:21:14.516580,332940.654,6290701.278
PI800,I02,FLXY-94,5110,14,18,2025-11-03 22:21:14.516581,332940.654,6290701.278
PI800,I07,VHTB-33,807,0,3,2025-11-03 22:21:14.516582,332940.654,6290701.278
PI800,I07,VHTB-73,8933,28,60,2025-11-03 22:21:14.516583,332940.654,6290701.278
PC258,502,BJFC-40,1180,0,4,2025-11-03 22:21:16.464739,353458.863,6304107.486
PC258,405,PFTV-90,3044,8,12,2025-11-03 22:21:16.464747,353458.863,6304107.486
PC258,435,SLLZ-46,260,0,3,2025-11-03 22:21:16.464749,353458.863,6304107.486
PC258,435,SLPC-22,1724,3,7,2025-11-03 22:21:16.464751,353458.863,6304107.486
PC258,405c,LXWP-63,4025,11,15,2025-11-03 22:21:16.464753,353458.863,6304107.486
PC258,405c,SPBL-80,4900,13,17,2025-11-03 22:21:16.464755,353458.863,6304107.486
PD294,513,SRTG-97,1135,0,4,2025-11-03 22:21:18.218480,356158.433,6296283.915
PD294,513,VJBC-60,8001,23,27,2025-11-03 22:21:18.218485,356158.433,6296283.915
PD294,D09,SVDC-91,5257,15,19,2025-11-03 22:21:18.218487,356158.433,6296283.915
PD294,D09,SVDF-17,10302,33,60,2025-11-03 22:21:18.218488,356158.433,6296283.915
PD294,D11,SVDF-24,2546,6,10,2025-11-03 22:21:18.218489,356158.433,6296283.915
PD294,D11,SVDC-49,4390,12,16,2025-11-03 22:21:18.218490,356158.433,6296283.915
PC320,502,TBFW-26,3555,9,13,2025-11-03 22:21:20.187981,350322.244,6301244.455
PC320,502,TBFS-38,5483,15,19,2025-11-03 22:21:20.187985,350322.244,6301244.455
PC320,409,SKWD-97,6422,18,22,2025-11-03 22:21:20.187987,350322.244,6301244.455
PC320,409,PGPV-92,6547,19,23,2025-11-03 22:21:20.187988,350322.244,6301244.455
PC320,411,PGRZ-66,336,0,3,2025-11-03 22:21:20.187989,350322.244,6301244.455
PF56,204,SXKV-89,2907,7,11,2025-11-03 22:21:22.201973,351727.09,6283159.25
PF56,204,VFRF-65,2921,7,11,2025-11-03 22:21:22.201978,351727.09,6283159.25
PF56,224,LZRD-90,1137,0,4,2025-11-03 22:21:22.201980,351727.09,6283159.25
PF56,224,VFPK-81,7733,23,27,2025-11-03 22:21:22.201981,351727.09,6283159.25
PF56,E16,VFKV-50,1612,3,7,2025-11-03 22:21:22.201982,351727.09,6283159.25
PF56,234,SFST-38,7110,20,24,2025-11-03 22:21:22.201983,351727.09,6283159.25
PF56,234,SDGY-27,13433,42,60,2025-11-03 22:21:22.201983,351727.09,6283159.25
PF56,244,SFWZ-76,4426,12,16,2025-11-03 22:21:22.201984,351727.09,6283159.25
PF56,244,SFVZ-39,11494,36,60,2025-11-03 22:21:22.201985,351727.09,6283159.25
PJ948,J11,FLXT-58,11164,35,60,2025-11-03 22:21:24.205643,330870.725,6296371.607
PB1245,B06,SKDG-52,830,0,3,2025-11-03 22:21:25.749500,337183.83,6307349.67
PB1245,B06,SKDG-85,2292,5,9,2025-11-03 22:21:25.749505,337183.83,6307349.67
PJ1059,J17,FLXG-21,334,0,3,2025-11-03 22:21:27.562724,334160.535,6297483.872
PE408,E03,BJFT-89,1614,3,7,2025-11-03 22:21:31.743735,355238.377,6288601.75
PI432,423,PFYS-21,366,0,3,2025-11-03 22:21:33.519021,334082.483,6289122.61
PI432,423,PFVD-65,1023,0,3,2025-11-03 22:21:33.519027,334082.483,6289122.61
PI432,106,PFYS-34,3525,9,13,2025-11-03 22:21:33.519028,334082.483,6289122.61
PI432,106,PFVH-97,3356,9,13,2025-11-03 22:21:33.519029,334082.483,6289122.61
PI432,401,PFYH-17,5630,16,20,2025-11-03 22:21:33.519030,334082.483,6289122.61
PI432,401,PFTW-10,8197,26,60,2025-11-03 22:21:33.519031,334082.483,6289122.61
PI432,421,PFVK-87,5757,16,20,2025-11-03 22:21:33.519032,334082.483,6289122.61
PI432,421,PFYG-99,8572,27,60,2025-11-03 22:21:33.519033,334082.483,6289122.61
PI380,401,PFVL-13,2673,7,11,2025-11-03 22:21:35.564622,336763.236,6289077.353
PI380,506,TBFS-58,2329,10,14,2025-11-03 22:21:35.564627,336763.236,6289077.353
PI380,506,GCBD-99,6141,30,60,2025-11-03 22:21:35.564629,336763.236,6289077.353
PI380,506e,LXWR-71,1702,3,7,2025-11-03 22:21:35.564630,336763.236,6289077.353
PI380,506e,LXWR-87,2453,6,10,2025-11-03 22:21:35.564631,336763.236,6289077.353
PI380,506v,TBFW-61,3611,9,13,2025-11-03 22:21:35.564632,336763.236,6289077.353
PI380,106,PFYS-52,3552,9,13,2025-11-03 22:21:35.564633,336763.236,6289077.353
PI380,106,PFVJ-21,3975,11,15,2025-11-03 22:21:35.564633,336763.236,6289077.353
PB591,B08,SHCY-36,2313,5,9,2025-11-03 22:21:37.615190,340526.946,6306308.963
PB591,B11,SGPY-90,5605,16,20,2025-11-03 22:21:37.615196,340526.946,6306308.963
PB591,430,PGBZ-15,4433,12,16,2025-11-03 22:21:37.615198,340526.946,6306308.963
PB591,430,PFYC-62,5288,15,19,2025-11-03 22:21:37.615199,340526.946,6306308.963
PB591,435,SKPH-68,195,0,3,2025-11-03 22:21:37.615208,340526.946,6306308.963
PB591,435,SJPD-79,7434,21,25,2025-11-03 22:21:37.615209,340526.946,6306308.963
PB591,B43,SJPC-79,6976,20,24,2025-11-03 22:21:37.615210,340526.946,6306308.963
PB591,308,FLXK-13,5961,17,21,2025-11-03 22:21:37.615211,340526.946,6306308.963
PB591,308,FLXH-32,9408,30,60,2025-11-03 22:21:37.615212,340526.946,6306308.963
PB591,315e,TWPD-76,10352,33,60,2025-11-03 22:21:37.615213,340526.946,6306308.963
PB591,315e,VHTB-66,10301,33,60,2025-11-03 22:21:37.615213,340526.946,6306308.963
PD1641,211,TBYY-57,263,0,3,2025-11-03 22:21:39.662267,352359.673,6291132.397
PD1641,211,TBZB-18,359,0,3,2025-11-03 22:21:39.662272,352359.673,6291132.397
PC1073,C18,SHCW-79,2169,5,9,2025-11-03 22:21:41.429336,352238.131,6303675.346
PC1073,C18,SHCX-34,2169,5,9,2025-11-03 22:21:41.429342,352238.131,6303675.346
PC1073,722,TXZH-30,726,0,2,2025-11-03 22:21:41.429343,352238.131,6303675.346
PC1073,722,STHJ-98,6468,18,22,2025-11-03 22:21:41.429344,352238.131,6303675.346
PC1073,C22,SLYB-61,2164,5,9,2025-11-03 22:21:41.429345,352238.131,6303675.346
PC1073,425,SJPB-22,998,0,3,2025-11-03 22:21:41.429346,352238.131,6303675.346
PC1073,425,SJPC-46,1806,4,8,2025-11-03 22:21:41.429347,352238.131,6303675.346
PJ24,101,PGPT-12,127,0,3,2025-11-03 22:21:43.233206,341304.102,6299362.149
PJ24,101,PFYR-96,5356,15,19,2025-11-03 22:21:43.233211,341304.102,6299362.149
PJ24,107,PGBZ-16,181,0,3,2025-11-03 22:21:43.233212,341304.102,6299362.149
PJ24,107,PGPV-90,10611,34,60,2025-11-03 22:21:43.233213,341304.102,6299362.149
PG1702,211,TBYY-63,6547,19,23,2025-11-03 22:21:45.198440,341497.892,6276246.319
PG1702,211,TBYY-56,10641,34,60,2025-11-03 22:21:45.198445,341497.892,6276246.319
PG1702,G02,FLXX-19,2192,5,9,2025-11-03 22:21:45.198447,341497.892,6276246.319
PG1702,G02,CJRK-98,7697,22,26,2025-11-03 22:21:45.198447,341497.892,6276246.319
PG1917,G18,SHXB-17,2770,7,11,2025-11-03 22:21:47.224112,350388.5,6285474.97
PG1917,G18,SHCV-34,4959,14,18,2025-11-03 22:21:47.224117,350388.5,6285474.97
PD976,D10,SVDC-54,953,0,3,2025-11-03 22:21:53.638216,354491.328,6294617.684
PD976,D10,SVDD-70,3049,8,12,2025-11-03 22:21:53.638221,354491.328,6294617.684
PD976,425,SJPB-24,1299,0,4,2025-11-03 22:21:53.638222,354491.328,6294617.684
PD976,D07,SVDC-82,1215,0,4,2025-11-03 22:21:53.638223,354491.328,6294617.684
PD976,D07,STVX-63,3151,8,12,2025-11-03 22:21:53.638223,354491.328,6294617.684
PI209,I01,FLXY-20,2599,6,10,2025-11-03 22:21:55.704878,344275.226,6295272.984
PI209,I01,FLXJ-14,4652,13,17,2025-11-03 22:21:55.704883,344275.226,6295272.984
PI209,I18,FLXZ-47,1385,0,4,2025-11-03 22:21:55.704884,344275.226,6295272.984
PI209,I18,VHTB-51,8226,26,60,2025-11-03 22:21:55.704885,344275.226,6295272.984
PI209,109,FDJX-63,966,0,3,2025-11-03 22:21:55.704885,344275.226,6295272.984
PI209,109,FLXK-33,5046,14,18,2025-11-03 22:21:55.704886,344275.226,6295272.984
PJ1768,J05,TBFW-15,604,0,2,2025-11-03 22:21:59.696648,336354.355,6300525.677
PJ1768,B38,TBFT-64,14481,46,60,2025-11-03 22:21:59.696653,336354.355,6300525.677
PC74,286,SHXG-74,1340,0,4,2025-11-03 22:22:01.372086,352650.025,6301628.943
PC74,286,SHXB-21,1757,4,8,2025-11-03 22:22:01.372091,352650.025,6301628.943
PC74,722,STHR-23,4939,14,18,2025-11-03 22:22:01.372093,352650.025,6301628.943
PC74,722,STHC-51,9612,30,60,2025-11-03 22:22:01.372093,352650.025,6301628.943
PC74,C19,SKPP-20,0,0,3,2025-11-03 22:22:01.372094,352650.025,6301628.943
PC74,C19,SGPY-79,46,0,3,2025-11-03 22:22:01.372095,352650.025,6301628.943
PC74,C28,SPCG-49,350,0,3,2025-11-03 22:22:01.372096,352650.025,6301628.943
PC74,C02,LDJJ-84,1570,3,7,2025-11-03 22:22:01.372097,352650.025,6301628.943
PC74,C02,LCSX-45,1819,4,8,2025-11-03 22:22:01.372098,352650.025,6301628.943
PC74,425,SJPB-19,529,0,2,2025-11-03 22:22:01.372099,352650.025,6301628.943
PC74,425,SJPB-30,962,0,3,2025-11-03 22:22:01.372100,352650.025,6301628.943
PC74,712,SRVJ-17,6935,20,24,2025-11-03 22:22:01.372101,352650.025,6301628.943
PC74,712,LBTS-78,7852,23,27,2025-11-03 22:22:01.372101,352650.025,6301628.943
PC74,C01c,PGBZ-18,46,0,3,2025-11-03 22:22:01.372102,352650.025,6301628.943
PC74,C01c,PFVG-73,46,0,3,2025-11-03 22:22:01.372103,352650.025,6301628.943
PC74,C01,LCSX-46,619,0,2,2025-11-03 22:22:01.372104,352650.025,6301628.943
PC74,C01,LCPW-51,712,0,2,2025-11-03 22:22:01.372105,352650.025,6301628.943
PJ23,101,PFYR-96,5101,14,18,2025-11-03 22:22:03.271814,341313.954,6299028.452
PJ23,101,PFVC-62,9218,29,60,2025-11-03 22:22:03.271819,341313.954,6299028.452
PJ23,107,PGPV-90,10276,32,60,2025-11-03 22:22:03.271820,341313.954,6299028.452
PJ23,107,PGLD-61,13039,41,60,2025-11-03 22:22:03.271821,341313.954,6299028.452
PE360,E02,VKJX-12,2948,7,11,2025-11-03 22:22:05.283318,349213.614,6287177.842
PC1057,401,PFVL-20,5451,15,19,2025-11-03 22:22:07.322433,357751.431,6300939.911
PC1057,401,PDYR-98,15038,47,60,2025-11-03 22:22:07.322439,357751.431,6300939.911
PC1057,504,PFXC-35,3314,20,24,2025-11-03 22:22:07.322440,357751.431,6300939.911
PC1057,504,TBFW-58,10681,63,60,2025-11-03 22:22:07.322441,357751.431,6300939.911
PI83,105,SJPD-92,1909,4,8,2025-11-03 22:22:09.346365,342739.892,6297865.178
PI83,105,SHXD-78,9009,28,60,2025-11-03 22:22:09.346370,342739.892,6297865.178
PI83,120,SKHF-84,897,0,3,2025-11-03 22:22:09.346372,342739.892,6297865.178
PI83,120,SKHF-91,2242,5,9,2025-11-03 22:22:09.346373,342739.892,6297865.178
PI83,407,GCBC-86,2834,7,11,2025-11-03 22:22:09.346374,342739.892,6297865.178
PI83,407,PFXB-54,8935,28,60,2025-11-03 22:22:09.346375,342739.892,6297865.178
PH551,H05,VFPL-71,6765,19,23,2025-11-03 22:22:11.398774,349767.467,6292130.928
PH551,H05,VFPS-65,11347,36,60,2025-11-03 22:22:11.398780,349767.467,6292130.928
PC684,C03,SHCY-31,2413,6,10,2025-11-03 22:22:13.414947,354079.902,6305647.285
PC684,C03,SKPP-16,7865,23,27,2025-11-03 22:22:13.414952,354079.902,6305647.285
PA621,J03,GCBD-73,1052,0,3,2025-11-03 22:22:15.438594,344497.844,6299347.739
PA621,J03,TBFW-56,1837,4,8,2025-11-03 22:22:15.438600,344497.844,6299347.739
PI347,I10,FLXL-63,1031,0,3,2025-11-03 22:22:19.468099,342344.882,6297256.835
PB1942,B45,FLXL-28,797,0,3,2025-11-03 22:22:21.516596,339658.92,6307745.3
PB1942,B45,TWPC-92,2510,6,10,2025-11-03 22:22:21.516601,339658.92,6307745.3
PG873,G05,SHCV-43,0,0,3,2025-11-03 22:22:23.317769,343510.951,6284409.238
PG873,G05,SDSW-71,2322,5,9,2025-11-03 22:22:23.317774,343510.951,6284409.238
PG873,G35,SFPG-41,3007,7,11,2025-11-03 22:22:23.317775,343510.951,6284409.238
PG873,G35,SFPG-31,5590,16,20,2025-11-03 22:22:23.317776,343510.951,6284409.238
PI1444,I25,FLXL-86,3851,10,14,2025-11-03 22:22:25.373729,340533.572,6293291.558
PI1444,I18,VHTB-51,3545,9,13,2025-11-03 22:22:25.373734,340533.572,6293291.558
PI1444,I18,VHSY-23,9061,29,60,2025-11-03 22:22:25.373736,340533.572,6293291.558
PE523,323,FLXP-47,486,0,2,2025-11-03 22:22:27.424777,351578.888,6289507.28
PE523,325,VJXW-59,6459,18,22,2025-11-03 22:22:27.424782,351578.888,6289507.28
PD1018,D01,SVDD-54,2253,5,9,2025-11-03 22:22:29.408248,357459.983,6296809.959
PD1018,D01,SVDF-28,8271,26,60,2025-11-03 22:22:29.408253,357459.983,6296809.959
PD1018,D08,SVDC-53,3421,9,13,2025-11-03 22:22:29.408254,357459.983,6296809.959
PD1018,D08,STKS-99,10916,34,60,2025-11-03 22:22:29.408255,357459.983,6296809.959
PF217,F03c,SPZX-59,1331,0,4,2025-11-03 22:22:31.113450,354798.809,6280597.372
PF217,F03c,SHCY-63,6954,20,24,2025-11-03 22:22:31.113455,354798.809,6280597.372
PF217,205c,VFPF-61,4074,11,15,2025-11-03 22:22:31.113457,354798.809,6280597.372
PF217,205c,VFPZ-98,4068,11,15,2025-11-03 22:22:31.113458,354798.809,6280597.372
PF217,F03,FLXG-88,6946,20,24,2025-11-03 22:22:31.113459,354798.809,6280597.372
PF217,F03,SRPJ-74,9147,29,60,2025-11-03 22:22:31.113460,354798.809,6280597.372
PF217,F14,SPRY-78,442,0,3,2025-11-03 22:22:31.113461,354798.809,6280597.372
PF217,F14,SPRV-93,1786,4,8,2025-11-03 22:22:31.113461,354798.809,6280597.372
PE455,E04,VKJZ-69,2324,5,9,2025-11-03 22:22:32.882737,353203.26,6289306.368
PE455,E04,VKJX-11,5980,17,21,2025-11-03 22:22:32.882742,353203.26,6289306.368
PB1632,B11,SKDF-92,68,0,3,2025-11-03 22:22:34.863266,348382.149,6302952.784
PG266,223,SHCX-23,1629,3,7,2025-11-03 22:22:36.932219,343268.784,6287767.338
PG266,223,SFGY-24,1891,4,8,2025-11-03 22:22:36.932223,343268.784,6287767.338
PB1175,B11,SPCG-32,1509,3,7,2025-11-03 22:22:38.953151,345904.948,6303983.635
PB1175,B11,SKDG-29,9201,29,60,2025-11-03 22:22:38.953156,345904.948,6303983.635
PB557,315e,TWPD-76,13021,41,60,2025-11-03 22:22:41.530392,339137.193,6308266.789
PB557,315e,VHTB-66,12945,41,60,2025-11-03 22:22:41.530397,339137.193,6308266.789
PB557,B43,SJPC-47,1710,3,7,2025-11-03 22:22:41.530398,339137.193,6308266.789
PB557,B43,SJPC-79,11478,36,60,2025-11-03 22:22:41.530399,339137.193,6308266.789
PB557,307,TWPD-67,8363,26,60,2025-11-03 22:22:41.530400,339137.193,6308266.789
PB557,307,FLXL-60,8693,27,60,2025-11-03 22:22:41.530400,339137.193,6308266.789
PB557,307c,TWPC-74,969,0,3,2025-11-03 22:22:41.530401,339137.193,6308266.789
PJ1813,505,VHZY-41,1824,4,8,2025-11-03 22:22:43.499968,341539.592,6300826.72
PJ1813,505,SRTH-15,3705,10,14,2025-11-03 22:22:43.499973,341539.592,6300826.72
PJ1813,513,LXWR-72,6326,18,22,2025-11-03 22:22:43.499974,341539.592,6300826.72
PJ1813,513,LXWR-88,6326,18,22,2025-11-03 22:22:43.499975,341539.592,6300826.72
PB1454,B22,SKPS-48,1218,0,4,2025-11-03 22:22:45.520350,344709.359,6306149.759
PE228,E12,VJKR-85,1666,3,7,2025-11-03 22:22:47.602042,349044.759,6289447.277
PE228,E12,VFHX-21,5406,15,19,2025-11-03 22:22:47.602048,349044.759,6289447.277
PE228,226,VFPH-98,912,0,3,2025-11-03 22:22:47.602049,349044.759,6289447.277
PE228,226,VFPJ-61,3678,10,14,2025-11-03 22:22:47.602050,349044.759,6289447.277
PD1303,D10,SVDD-58,3566,9,13,2025-11-03 22:22:49.667332,351524.273,6292909.741
PD1303,D10,SVDC-54,11003,35,60,2025-11-03 22:22:49.667337,351524.273,6292909.741
PF787,F16,SPRW-22,1401,0,4,2025-11-03 22:22:52.059622,352826.38,6279296.922
PJ62,110,LXWR-78,1432,6,10,2025-11-03 22:22:54.042006,338194.593,6300506.63
PJ62,110,LXWR-92,1624,8,12,2025-11-03 22:22:54.042012,338194.593,6300506.63
PB1317,B17,SHXG-99,3923,10,14,2025-11-03 22:22:55.723194,344106.678,6301818.176
PB648,B12,SPCG-34,4172,11,15,2025-11-03 22:22:57.510270,339119.732,6307686.136
PB648,B12,SKDJ-95,3993,11,15,2025-11-03 22:22:57.510275,339119.732,6307686.136
PI680,I01,FLXF-51,1112,0,4,2025-11-03 22:22:59.547955,341088.147,6292682.23
PI680,I01,FLXG-93,5404,15,19,2025-11-03 22:22:59.547959,341088.147,6292682.23
PH179,204,VFRB-67,1642,3,7,2025-11-03 22:23:01.207582,348612.386,6293471.665
PH179,204,VFPB-85,3896,10,14,2025-11-03 22:23:01.207587,348612.386,6293471.665
PH179,234,SDGY-26,4440,12,16,2025-11-03 22:23:01.207588,348612.386,6293471.665
PC686,C03,SHCY-31,3253,8,12,2025-11-03 22:23:02.983719,353152.527,6304902.832
PC686,C03,SKPP-16,8937,28,60,2025-11-03 22:23:02.983724,353152.527,6304902.832
PG668,G01,THTD-18,6227,18,22,2025-11-03 22:23:05.074501,346058.946,6289051.611
PJ1740,412,LXWP-87,3428,9,13,2025-11-03 22:23:07.070049,339854.987,6297326.855
PJ1740,412,PFTW-48,3863,10,14,2025-11-03 22:23:07.070054,339854.987,6297326.855
PF591,F13,SRPJ-99,158,0,3,2025-11-03 22:23:09.121904,350392.911,6278212.535
PF591,F13,SRRZ-26,3451,9,13,2025-11-03 22:23:09.121910,350392.911,6278212.535
PG337,302,BJFX-33,3759,10,14,2025-11-03 22:23:11.162422,347389.303,6286741.249
PG337,229,VJKV-88,2016,4,8,2025-11-03 22:23:11.162428,347389.303,6286741.249
PG337,E18,BJFV-85,4360,12,16,2025-11-03 22:23:11.162429,347389.303,6286741.249
PG337,E18,BJFX-28,10250,32,60,2025-11-03 22:23:11.162430,347389.303,6286741.249
PC398,C27,SJPC-19,1360,0,4,2025-11-03 22:23:13.144521,357454.499,6303216.789
PC398,C27,SHCV-64,8577,27,60,2025-11-03 22:23:13.144526,357454.499,6303216.789
PC398,421,PFTV-84,6447,18,22,2025-11-03 22:23:13.144528,357454.499,6303216.789
PC398,421,PDYS-12,8411,27,60,2025-11-03 22:23:13.144529,357454.499,6303216.789
PB1633,B22,SKPS-48,2584,6,10,2025-11-03 22:23:14.735802,345966.567,6305637.115
PB1633,117,SPBS-63,7016,20,24,2025-11-03 22:23:14.735807,345966.567,6305637.115
PB1633,117,PGKP-65,8605,27,60,2025-11-03 22:23:14.735808,345966.567,6305637.115
PD14,103,SPBL-75,259,0,3,2025-11-03 22:23:16.341014,350730.22,6295114.95
PD14,103,SPBL-78,4242,11,15,2025-11-03 22:23:16.341019,350730.22,6295114.95
PD14,117,PGLD-73,0,0,3,2025-11-03 22:23:16.341020,350730.22,6295114.95
PD14,117,PGRZ-88,2966,7,11,2025-11-03 22:23:16.341021,350730.22,6295114.95
PD14,114,SKWD-36,443,0,3,2025-11-03 22:23:16.341022,350730.22,6295114.95
PD14,114,LDJJ-87,2735,7,11,2025-11-03 22:23:16.341022,350730.22,6295114.95
PG809,G37,THTG-95,954,0,3,2025-11-03 22:23:18.060659,341938.831,6279395.145
PG809,211,TBYY-62,2674,6,10,2025-11-03 22:23:18.060665,341938.831,6279395.145
PG809,G07,THTF-24,954,0,3,2025-11-03 22:23:18.060666,341938.831,6279395.145
PG809,G07,THTD-46,6195,18,22,2025-11-03 22:23:18.060667,341938.831,6279395.145
PF1152,213e,LCTG-32,956,0,3,2025-11-03 22:23:20.073064,350552.9,6277561.79
PF1152,213e,SRVL-11,6425,18,22,2025-11-03 22:23:20.073069,350552.9,6277561.79
PF1152,209,SDGY-37,361,0,3,2025-11-03 22:23:20.073070,350552.9,6277561.79
PE692,E10,BJFS-93,3160,8,12,2025-11-03 22:23:22.085683,353252.856,6287326.458
PE692,E10,BJFZ-31,6874,20,24,2025-11-03 22:23:22.085688,353252.856,6287326.458
PB1668,307,VHSY-35,74,0,3,2025-11-03 22:23:24.169313,336087.967,6307056.593
PB1668,314,TWPD-86,0,0,3,2025-11-03 22:23:24.169318,336087.967,6307056.593
PI631,D16,SPBL-65,3105,8,12,2025-11-03 22:23:26.177789,352409.352,6296017.149
PE70,212,LXWT-98,1959,4,8,2025-11-03 22:23:28.261787,348051.943,6289683.996
PE70,212,LZPR-92,6239,18,22,2025-11-03 22:23:28.261792,348051.943,6289683.996
PE70,E05,CJRB-44,1224,0,4,2025-11-03 22:23:28.261793,348051.943,6289683.996
PE70,203,GCBF-49,2374,5,9,2025-11-03 22:23:28.261794,348051.943,6289683.996
PE70,203,LZPT-73,5581,16,20,2025-11-03 22:23:28.261795,348051.943,6289683.996
PC658,C03,SKDH-85,1268,0,4,2025-11-03 22:23:32.298084,355820.609,6304840.673
PC658,C03,LDTC-11,2324,5,9,2025-11-03 22:23:32.298089,355820.609,6304840.673
PC658,C11,SGPY-74,2042,4,8,2025-11-03 22:23:32.298090,355820.609,6304840.673
PC658,C11,SGPY-75,3690,10,14,2025-11-03 22:23:32.298090,355820.609,6304840.673
PC658,435,SLPB-18,15079,48,60,2025-11-03 22:23:32.298091,355820.609,6304840.673
PC658,435,SLPB-49,18891,60,60,2025-11-03 22:23:32.298092,355820.609,6304840.673
PG2004,233,SDSW-96,606,0,2,2025-11-03 22:23:34.328837,350370.9,6281703.3
PG2004,233,SFGY-79,1148,0,4,2025-11-03 22:23:34.328842,350370.9,6281703.3
PB1957,308,FLXH-34,534,0,2,2025-11-03 22:23:36.392094,345787.304,6301713.409
PB1957,308,FLXK-11,3077,8,12,2025-11-03 22:23:36.392098,345787.304,6301713.409
PB1957,B14,FLXT-54,3414,9,13,2025-11-03 22:23:36.392100,345787.304,6301713.409
PB1957,B41,GCBB-91,2169,5,9,2025-11-03 22:23:36.392101,345787.304,6301713.409
PB1957,201,GCBB-84,1664,3,7,2025-11-03 22:23:36.392102,345787.304,6301713.409
PB1957,201,GCBB-19,3535,9,13,2025-11-03 22:23:36.392102,345787.304,6301713.409
PB1957,B25,FLXS-52,3624,9,13,2025-11-03 22:23:36.392103,345787.304,6301713.409
PB1957,B26,FLXS-51,1024,0,3,2025-11-03 22:23:36.392104,345787.304,6301713.409
PB1957,B26,FLXP-66,7621,22,26,2025-11-03 22:23:36.392114,345787.304,6301713.409
PB1957,B27,FLXS-26,635,0,2,2025-11-03 22:23:36.392116,345787.304,6301713.409
PB1957,B27,FLXT-71,1231,0,4,2025-11-03 22:23:36.392117,345787.304,6301713.409
PB1957,230,GCBB-40,1501,3,7,2025-11-03 22:23:36.392117,345787.304,6301713.409
PB1957,230,GCBB-48,2088,5,9,2025-11-03 22:23:36.392118,345787.304,6301713.409
PJ1623,J12,CJRZ-91,474,0,3,2025-11-03 22:23:38.456005,328671.521,6297446.002
PJ1623,J12,TBFP-59,10527,33,60,2025-11-03 22:23:38.456010,328671.521,6297446.002
PG1848,G22,THTD-20,3638,9,13,2025-11-03 22:23:40.451780,342255.524,6284154.655
PG1848,G22,THTG-67,7327,21,25,2025-11-03 22:23:40.451784,342255.524,6284154.655
PI1372,481,PGPT-41,1729,3,7,2025-11-03 22:23:42.056565,338462.159,6290799.782
PI1372,481,PFVJ-19,2310,5,9,2025-11-03 22:23:42.056570,338462.159,6290799.782
PI1372,109,FLXC-45,7399,46,60,2025-11-03 22:23:42.056571,338462.159,6290799.782
PI1372,109,FLXD-26,8119,50,60,2025-11-03 22:23:42.056572,338462.159,6290799.782
PI1372,118,FLXX-50,5100,14,18,2025-11-03 22:23:42.056573,338462.159,6290799.782
PI1372,118,FLXS-93,15013,47,60,2025-11-03 22:23:42.056573,338462.159,6290799.782
PI1372,348,VHSX-94,2688,6,10,2025-11-03 22:23:42.056574,338462.159,6290799.782
PI1372,348,VHTB-55,6624,19,23,2025-11-03 22:23:42.056575,338462.159,6290799.782
PI1372,I04,FLXZ-68,2619,6,10,2025-11-03 22:23:42.056576,338462.159,6290799.782
PI1372,I04,FLXY-37,2390,6,10,2025-11-03 22:23:42.056577,338462.159,6290799.782
PI1372,I05,VHTB-54,3851,10,14,2025-11-03 22:23:42.056578,338462.159,6290799.782
PI1372,I05,VHTB-69,8455,27,60,2025-11-03 22:23:42.056587,338462.159,6290799.782
PI1372,I18,VHTB-59,2849,7,11,2025-11-03 22:23:42.056588,338462.159,6290799.782
PI1372,I18,VHSY-38,6958,20,24,2025-11-03 22:23:42.056588,338462.159,6290799.782
PI1372,108,PFYR-71,2243,5,9,2025-11-03 22:23:42.056589,338462.159,6290799.782
PI1372,108,PGPT-25,11632,37,60,2025-11-03 22:23:42.056590,338462.159,6290799.782
PB2000,B07c2,LDJP-70,353,0,3,2025-11-03 22:23:43.789664,340924.0,6309187.0
PD9,117,PGRZ-88,1050,0,3,2025-11-03 22:23:45.605082,350779.955,6296775.803
PD9,117,PGLD-71,5368,15,19,2025-11-03 22:23:45.605087,350779.955,6296775.803
PD9,114,LDJJ-87,976,0,3,2025-11-03 22:23:45.605089,350779.955,6296775.803
PD9,114,SKVD-75,976,0,3,2025-11-03 22:23:45.605090,350779.955,6296775.803
PD9,103,SPBL-78,2242,5,9,2025-11-03 22:23:45.605091,350779.955,6296775.803
PH453,H24,VGRG-34,587,0,2,2025-11-03 22:23:47.619266,346864.549,6292820.286
PH453,H24,VGRB-73,8189,26,60,2025-11-03 22:23:47.619271,346864.549,6292820.286
PJ837,J07e,VHZX-91,1820,4,8,2025-11-03 22:23:53.985530,328873.506,6304516.685
PJ837,J07e,VHZW-70,18281,58,60,2025-11-03 22:23:53.985534,328873.506,6304516.685
PG202,118,FLXS-93,6740,19,23,2025-11-03 22:23:55.734466,345881.793,6287808.308
PG202,118,FLXS-78,9150,29,60,2025-11-03 22:23:55.734472,345881.793,6287808.308
PG202,302,BJFX-33,7531,22,26,2025-11-03 22:23:55.734473,345881.793,6287808.308
PG202,211,TBZB-15,3928,10,14,2025-11-03 22:23:55.734474,345881.793,6287808.308
PG202,211,FLXX-12,3850,10,14,2025-11-03 22:23:55.734474,345881.793,6287808.308
PG202,229,SFWB-42,505,0,2,2025-11-03 22:23:55.734475,345881.793,6287808.308
PG202,229,SFVZ-94,1118,0,4,2025-11-03 22:23:55.734476,345881.793,6287808.308
PC553,503,VHLY-27,3006,7,11,2025-11-03 22:23:57.539770,353461.89,6300964.428
PC553,503,VHLY-37,4789,13,17,2025-11-03 22:23:57.539783,353461.89,6300964.428
PC553,722,STHJ-98,2056,4,8,2025-11-03 22:23:57.539784,353461.89,6300964.428
PC553,722,LDJW-46,5586,16,20,2025-11-03 22:23:57.539785,353461.89,6300964.428
PC553,517,VHXK-53,1586,3,7,2025-11-03 22:23:57.539786,353461.89,6300964.428
PB153,B15,SPCG-98,1072,0,3,2025-11-03 22:23:59.500181,347484.833,6300656.917
PB153,B15,SPCG-54,8381,26,60,2025-11-03 22:23:59.500186,347484.833,6300656.917
PB153,116,LCPW-37,1787,4,8,2025-11-03 22:23:59.500187,347484.833,6300656.917
PB153,116,LDJJ-80,5270,15,19,2025-11-03 22:23:59.500188,347484.833,6300656.917
PF297,124,LBTS-95,0,0,3,2025-11-03 22:24:01.144869,355629.774,6282866.511
PF297,124,SRVL-72,7814,23,27,2025-11-03 22:24:01.144873,355629.774,6282866.511
PF297,F14,SPRX-20,1630,3,7,2025-11-03 22:24:01.144875,355629.774,6282866.511
PF297,F14,SPRW-90,3959,11,15,2025-11-03 22:24:01.144875,355629.774,6282866.511
PI1105,I22,FLXY-42,2338,5,9,2025-11-03 22:24:02.896606,334639.47,6292958.37
PI1105,I12,FLXY-10,3922,10,14,2025-11-03 22:24:02.896611,334639.47,6292958.37
PI1105,I12,FLXY-26,5146,14,18,2025-11-03 22:24:02.896612,334639.47,6292958.37
PJ19,514,FLXD-44,4393,12,16,2025-11-03 22:24:04.905126,341314.436,6297883.792
PJ19,514,GCBF-21,9226,29,60,2025-11-03 22:24:04.905131,341314.436,6297883.792
PJ19,J10,VHZX-11,948,0,3,2025-11-03 22:24:04.905132,341314.436,6297883.792
PJ19,J10,VJJR-56,6781,19,23,2025-11-03 22:24:04.905133,341314.436,6297883.792
PJ19,J19,VGVF-48,1810,4,8,2025-11-03 22:24:04.905134,341314.436,6297883.792
PJ19,J19,VGTY-32,8200,26,60,2025-11-03 22:24:04.905135,341314.436,6297883.792
PJ19,107,PGPV-90,8377,26,60,2025-11-03 22:24:04.905136,341314.436,6297883.792
PJ19,107,PGLD-61,11274,36,60,2025-11-03 22:24:04.905136,341314.436,6297883.792
PJ19,101,PFYR-96,3403,9,13,2025-11-03 22:24:04.905137,341314.436,6297883.792
PJ19,101,PFVC-62,6632,19,23,2025-11-03 22:24:04.905138,341314.436,6297883.792
PJ19,511,TBFT-88,4581,12,16,2025-11-03 22:24:04.905139,341314.436,6297883.792
PJ19,511,TBFR-30,7778,23,27,2025-11-03 22:24:04.905139,341314.436,6297883.792
PD907,117,PGBY-64,433,0,3,2025-11-03 22:24:06.971677,351681.989,6291330.728
PD907,117,SPBL-67,3597,9,13,2025-11-03 22:24:06.971682,351681.989,6291330.728
PD907,325,VFJP-49,5438,15,19,2025-11-03 22:24:06.971683,351681.989,6291330.728
PD907,325,VFKT-48,8566,27,60,2025-11-03 22:24:06.971684,351681.989,6291330.728
PH739,H14,CJRW-13,2532,6,10,2025-11-03 22:24:08.995432,348548.602,6290445.183
PC428,C19,SKPJ-40,1703,3,7,2025-11-03 22:24:11.062716,358809.374,6308260.467
PC428,C19,SKPP-20,9890,31,60,2025-11-03 22:24:11.062721,358809.374,6308260.467
PC428,C28,SGPY-69,700,0,2,2025-11-03 22:24:11.062722,358809.374,6308260.467
PC428,C28,SGPY-93,5954,17,21,2025-11-03 22:24:11.062723,358809.374,6308260.467
PC428,430,PFZK-85,675,0,2,2025-11-03 22:24:11.062724,358809.374,6308260.467
PC428,430,SKPH-69,8756,28,60,2025-11-03 22:24:11.062724,358809.374,6308260.467
PC428,426,FLXD-53,1071,0,3,2025-11-03 22:24:11.062725,358809.374,6308260.467
PC428,426,BJFH-30,8324,26,60,2025-11-03 22:24:11.062726,358809.374,6308260.467
PC428,C09,SKPJ-75,1071,0,3,2025-11-03 22:24:11.062727,358809.374,6308260.467
PC428,C09,SKPJ-78,4328,12,16,2025-11-03 22:24:11.062728,358809.374,6308260.467
PI200,109,FLXK-83,0,0,3,2025-11-03 22:24:13.141296,334314.0,6291069.0
PI200,109,FLXH-84,3083,8,12,2025-11-03 22:24:13.141301,334314.0,6291069.0
PI200,I24,VHSX-66,2561,6,10,2025-11-03 22:24:13.141302,334314.0,6291069.0
PI200,I24,VHTB-25,6314,18,22,2025-11-03 22:24:13.141303,334314.0,6291069.0
PI200,I09,VHTB-63,492,0,2,2025-11-03 22:24:13.141303,334314.0,6291069.0
PI200,I09,FLXY-91,1202,0,4,2025-11-03 22:24:13.141304,334314.0,6291069.0
PH456,H24,VGRG-34,1386,0,4,2025-11-03 22:24:14.714762,347634.865,6292602.858
PH456,H24,VGRB-73,8885,28,60,2025-11-03 22:24:14.714766,347634.865,6292602.858
PJ157,422,GCBD-56,1594,3,7,2025-11-03 22:24:20.196152,336730.848,6298146.378
PJ157,422,GCBC-66,9488,30,60,2025-11-03 22:24:20.196157,336730.848,6298146.378
PJ157,402,SHCV-78,3472,9,13,2025-11-03 22:24:20.196158,336730.848,6298146.378
PJ157,402,PFYC-90,5343,15,19,2025-11-03 22:24:20.196159,336730.848,6298146.378
PJ157,J07e,VHZW-70,0,0,3,2025-11-03 22:24:20.196160,336730.848,6298146.378
PJ157,J10,VHZX-41,1513,3,7,2025-11-03 22:24:20.196161,336730.848,6298146.378
PJ157,J10,VHZZ-20,7186,21,25,2025-11-03 22:24:20.196161,336730.848,6298146.378
PJ157,406,GCBF-22,5782,16,20,2025-11-03 22:24:20.196162,336730.848,6298146.378
PJ157,406,GCBD-84,6053,17,21,2025-11-03 22:24:20.196163,336730.848,6298146.378
PJ157,407,TBFT-75,0,0,3,2025-11-03 22:24:20.196164,336730.848,6298146.378
PJ157,407,GCBD-22,729,0,2,2025-11-03 22:24:20.196165,336730.848,6298146.378
PJ157,426,FLXG-39,3036,8,12,2025-11-03 22:24:20.196165,336730.848,6298146.378
PJ157,426,FLXD-50,9142,29,60,2025-11-03 22:24:20.196166,336730.848,6298146.378
PC819,C09,LDTG-55,10590,33,60,2025-11-03 22:24:22.191560,359188.695,6302860.432
PC819,C09,SGPY-56,10536,33,60,2025-11-03 22:24:22.191564,359188.695,6302860.432
PA160,402,PFYC-60,559,0,2,2025-11-03 22:24:24.211668,346852.32,6299301.99
PA160,402,SHXF-93,10475,33,60,2025-11-03 22:24:24.211673,346852.32,6299301.99
PA160,404,PFZK-83,537,0,2,2025-11-03 22:24:24.211674,346852.32,6299301.99
PA160,404,PFYC-46,958,0,3,2025-11-03 22:24:24.211674,346852.32,6299301.99
PA160,203,SFWB-98,0,0,3,2025-11-03 22:24:24.211675,346852.32,6299301.99
PA160,203,LXWT-84,797,0,3,2025-11-03 22:24:24.211676,346852.32,6299301.99
PA160,208,LXWT-85,2632,6,10,2025-11-03 22:24:24.211677,346852.32,6299301.99
PA160,208,LZPT-66,3512,9,13,2025-11-03 22:24:24.211678,346852.32,6299301.99
PA160,226,VFPV-53,615,0,2,2025-11-03 22:24:24.211679,346852.32,6299301.99
PA160,226,VFPL-11,2665,6,10,2025-11-03 22:24:24.211687,346852.32,6299301.99
PA160,116,HRKT-53,1783,4,8,2025-11-03 22:24:24.211688,346852.32,6299301.99
PA160,116,LCPW-37,5315,15,19,2025-11-03 22:24:24.211689,346852.32,6299301.99
PA160,B24,SPZX-56,1544,3,7,2025-11-03 22:24:24.211690,346852.32,6299301.99
PA160,B24,SKHG-79,3797,10,14,2025-11-03 22:24:24.211690,346852.32,6299301.99
PG889,G05,SHXB-16,2400,6,10,2025-11-03 22:24:26.250170,346275.488,6282506.688
PG889,G05,SHXG-77,6472,18,22,2025-11-03 22:24:26.250174,346275.488,6282506.688
PG889,G35,SFPG-41,6051,17,21,2025-11-03 22:24:26.250176,346275.488,6282506.688
PG889,G35,SFPG-31,8760,28,60,2025-11-03 22:24:26.250176,346275.488,6282506.688
PG889,302,FLXJ-48,1066,0,3,2025-11-03 22:24:26.250177,346275.488,6282506.688
PG889,302,BJFW-66,4472,12,16,2025-11-03 22:24:26.250178,346275.488,6282506.688
PB71,B03,SKHG-90,1434,3,7,2025-11-03 22:24:28.224527,342108.94,6302242.805
PB71,B03,SHCY-46,10544,33,60,2025-11-03 22:24:28.224532,342108.94,6302242.805
PB71,105,SHCY-17,1691,3,7,2025-11-03 22:24:28.224533,342108.94,6302242.805
PB71,105,SHXG-17,7660,22,26,2025-11-03 22:24:28.224534,342108.94,6302242.805
PB71,120,SPZX-51,1156,0,4,2025-11-03 22:24:28.224534,342108.94,6302242.805
PB71,120,SJTD-56,4156,11,15,2025-11-03 22:24:28.224535,342108.94,6302242.805
PB71,B20,SKHG-70,3567,9,13,2025-11-03 22:24:28.224536,342108.94,6302242.805
PB71,B20,LXDH-89,4557,12,16,2025-11-03 22:24:28.224537,342108.94,6302242.805
PB71,B29,LXDJ-10,4327,12,16,2025-11-03 22:24:28.224538,342108.94,6302242.805
PB71,B29,SKHG-73,4327,12,16,2025-11-03 22:24:28.224547,342108.94,6302242.805
PB71,109,FLXV-61,3371,33,60,2025-11-03 22:24:28.224548,342108.94,6302242.805
PB71,109,GCBC-55,6785,50,60,2025-11-03 22:24:28.224549,342108.94,6302242.805
PH460,H24,VGRG-34,2429,6,10,2025-11-03 22:24:30.215985,348694.38,6292517.64
PH460,H24,VGRB-73,9944,31,60,2025-11-03 22:24:30.215990,348694.38,6292517.64
PB301,C18,SHXF-21,994,0,3,2025-11-03 22:24:32.307038,347302.763,6304714.963
PB301,C18,SHCW-64,1970,4,8,2025-11-03 22:24:32.307043,347302.763,6304714.963
PB301,445,SJPD-82,7122,20,24,2025-11-03 22:24:32.307044,347302.763,6304714.963
PB301,445,SKPJ-43,7191,21,25,2025-11-03 22:24:32.307044,347302.763,6304714.963
PB301,208,LZPW-15,968,0,3,2025-11-03 22:24:32.307045,347302.763,6304714.963
PB301,208,SGPY-59,1778,4,8,2025-11-03 22:24:32.307046,347302.763,6304714.963
PG1172,G11,THTG-88,357,0,3,2025-11-03 22:24:34.508893,346172.37,6283110.55
PG1172,G11,THTF-23,3994,11,15,2025-11-03 22:24:34.508898,346172.37,6283110.55
PG1172,G13,SHCV-47,0,0,3,2025-11-03 22:24:34.508900,346172.37,6283110.55
PG1172,G13,SDSW-88,2844,7,11,2025-11-03 22:24:34.508901,346172.37,6283110.55
PG1172,302,FLXJ-48,357,0,3,2025-11-03 22:24:34.508901,346172.37,6283110.55
PG1172,302,BJFW-66,3764,10,14,2025-11-03 22:24:34.508902,346172.37,6283110.55
PG1172,206,FLXY-60,0,0,3,2025-11-03 22:24:34.508903,346172.37,6283110.55
PG1172,206,FLXY-45,1515,3,7,2025-11-03 22:24:34.508904,346172.37,6283110.55
PG1172,206c,SFWZ-17,2239,5,9,2025-11-03 22:24:34.508913,346172.37,6283110.55
PG1172,206c,LZPT-44,5448,15,19,2025-11-03 22:24:34.508914,346172.37,6283110.55
PE122,210,LZRB-90,0,0,3,2025-11-03 22:24:36.244973,350754.43,6290419.58
PE122,210,LZRD-91,3191,8,12,2025-11-03 22:24:36.244978,350754.43,6290419.58
PE122,210v,VFPT-27,1721,3,7,2025-11-03 22:24:36.244979,350754.43,6290419.58
PE122,210v,VFRD-65,3262,8,12,2025-11-03 22:24:36.244980,350754.43,6290419.58
PE122,224,VFPL-46,1854,4,8,2025-11-03 22:24:36.244981,350754.43,6290419.58
PE122,224,VFPZ-97,6180,18,22,2025-11-03 22:24:36.244982,350754.43,6290419.58
PE122,E04,VKJX-11,2407,6,10,2025-11-03 22:24:36.244982,350754.43,6290419.58
PE122,E04,VKJZ-79,6432,18,22,2025-11-03 22:24:36.244983,350754.43,6290419.58
PC576,505,VJBB-91,346,0,3,2025-11-03 22:24:38.299365,349076.427,6298429.655
PC576,505,VJJV-18,593,0,2,2025-11-03 22:24:38.299370,349076.427,6298429.655
PC576,508,TBFT-56,2110,5,9,2025-11-03 22:24:38.299371,349076.427,6298429.655
PC576,508,FLXW-23,8029,23,27,2025-11-03 22:24:38.299372,349076.427,6298429.655
PC576,514,PFXC-82,212,0,3,2025-11-03 22:24:38.299372,349076.427,6298429.655
PC576,514,GCBC-99,10034,32,60,2025-11-03 22:24:38.299373,349076.427,6298429.655
PA297,514,TBFV-10,2795,7,11,2025-11-03 22:24:40.340041,345213.81,6298695.39
PA297,514,FLXD-44,8542,27,60,2025-11-03 22:24:40.340047,345213.81,6298695.39
PA297,119,BJFW-96,5899,17,21,2025-11-03 22:24:40.340049,345213.81,6298695.39
PA297,119,FLXT-35,13685,43,60,2025-11-03 22:24:40.340050,345213.81,6298695.39
PA297,505,VJJV-68,693,0,2,2025-11-03 22:24:40.340051,345213.81,6298695.39
PA297,505,VHZY-41,6703,19,23,2025-11-03 22:24:40.340052,345213.81,6298695.39
PA297,508,FLXW-60,4946,14,18,2025-11-03 22:24:40.340053,345213.81,6298695.39
PA297,508,FLXS-99,10046,32,60,2025-11-03 22:24:40.340054,345213.81,6298695.39
PF352,F06,LBTT-13,630,0,2,2025-11-03 22:24:42.348987,352330.759,6282534.687
PF352,F06,SPZX-57,1604,3,7,2025-11-03 22:24:42.348992,352330.759,6282534.687
PF352,F01,SPVW-74,0,0,3,2025-11-03 22:24:42.348994,352330.759,6282534.687
PF352,F01,SPVW-16,4718,13,17,2025-11-03 22:24:42.348995,352330.759,6282534.687
PE876,F25,SRVG-10,4525,12,16,2025-11-03 22:24:44.368676,353132.0,6286366.0
PE876,F25,LCTG-46,9389,30,60,2025-11-03 22:24:44.368681,353132.0,6286366.0
PG1215,G24,GCWF-76,364,0,3,2025-11-03 22:24:46.088663,343836.127,6279634.487
PG1215,G24,FLXD-21,2159,5,9,2025-11-03 22:24:46.088668,343836.127,6279634.487
PG539,G14,FLXP-22,0,0,3,2025-11-03 22:24:47.833115,343867.216,6280393.567
PG539,G14,FLXL-98,260,0,3,2025-11-03 22:24:47.833120,343867.216,6280393.567
PG539,F03,SPVV-41,3223,8,12,2025-11-03 22:24:47.833121,343867.216,6280393.567
PG539,G32,THTF-55,372,0,3,2025-11-03 22:24:47.833122,343867.216,6280393.567
PG539,G32,THTF-46,9650,30,60,2025-11-03 22:24:47.833123,343867.216,6280393.567
PF188,F01,SPVW-98,1066,0,3,2025-11-03 22:24:49.874319,357355.535,6280193.269
PF188,F01,SPVT-75,5338,15,19,2025-11-03 22:24:49.874323,357355.535,6280193.269
PF188,F01c,SPVT-83,6731,19,23,2025-11-03 22:24:49.874325,357355.535,6280193.269
PF188,F01c,SPVW-78,7333,21,25,2025-11-03 22:24:49.874325,357355.535,6280193.269
PF188,F29,SPVV-29,2344,5,9,2025-11-03 22:24:49.874326,357355.535,6280193.269
PF188,F29,SPVW-71,3029,8,12,2025-11-03 22:24:49.874327,357355.535,6280193.269
PF188,712,SJPF-89,629,0,2,2025-11-03 22:24:49.874328,357355.535,6280193.269
PF188,712,SHCW-81,5992,17,21,2025-11-03 22:24:49.874329,357355.535,6280193.269
PC105,C07,SGPY-76,5142,14,18,2025-11-03 22:24:51.915769,354213.766,6302407.079
PC105,C07,SHCY-27,6746,19,23,2025-11-03 22:24:51.915774,354213.766,6302407.079
PC105,216,LXWT-90,825,0,3,2025-11-03 22:24:51.915775,354213.766,6302407.079
PG969,228,THTD-32,0,0,3,2025-11-03 22:24:54.012741,343863.178,6282115.182
PG969,228,THTF-76,489,0,2,2025-11-03 22:24:54.012746,343863.178,6282115.182
PG969,G08,THTG-85,367,0,3,2025-11-03 22:24:54.012747,343863.178,6282115.182
PG969,G08,THTD-88,4088,11,15,2025-11-03 22:24:54.012748,343863.178,6282115.182
PB1674,B16,STGZ-85,2187,5,9,2025-11-03 22:24:58.153366,343292.266,6308397.471
PB1674,B36,STHR-18,2155,5,9,2025-11-03 22:24:58.153372,343292.266,6308397.471
PB1674,B36,STHB-21,7202,21,25,2025-11-03 22:24:58.153373,343292.266,6308397.471
PB62,105,SHXG-17,4749,13,17,2025-11-03 22:25:00.125402,339536.64,6302827.92
PB62,109,FLXV-61,249,0,2,2025-11-03 22:25:00.125407,339536.64,6302827.92
PB62,109,GCBC-55,3984,19,23,2025-11-03 22:25:00.125409,339536.64,6302827.92
PB62,110,LXWS-33,2504,6,10,2025-11-03 22:25:00.125410,339536.64,6302827.92
PB62,110,LZPH-23,2871,7,11,2025-11-03 22:25:00.125411,339536.64,6302827.92
PG1986,G32,THTF-46,775,0,2,2025-11-03 22:25:02.122262,343523.0,6278182.0
PC391,C06,LWTK-55,1376,0,4,2025-11-03 22:25:06.126833,351918.583,6300469.007
PC391,503,VHLH-86,731,0,2,2025-11-03 22:25:06.126838,351918.583,6300469.007
PC391,503,VHLY-27,4323,12,16,2025-11-03 22:25:06.126839,351918.583,6300469.007
PC391,412,LXWP-59,0,0,3,2025-11-03 22:25:06.126840,351918.583,6300469.007
PC391,412,PFTW-51,6756,19,23,2025-11-03 22:25:06.126850,351918.583,6300469.007
PC391,418,PFYC-65,6197,18,22,2025-11-03 22:25:06.126851,351918.583,6300469.007
PC391,418,SHXD-75,11131,35,60,2025-11-03 22:25:06.126852,351918.583,6300469.007
PC391,429,SLLZ-39,2787,7,11,2025-11-03 22:25:06.126853,351918.583,6300469.007
PC391,429,SLPC-48,9006,28,60,2025-11-03 22:25:06.126854,351918.583,6300469.007
PJ2,101,PFYT-11,3080,8,12,2025-11-03 22:25:07.699752,341343.419,6301721.335
PJ2,101,PFYR-78,7951,23,27,2025-11-03 22:25:07.699756,341343.419,6301721.335
PJ2,107,PGTV-29,4782,13,17,2025-11-03 22:25:07.699758,341343.419,6301721.335
PJ2,107,PGBY-60,8681,27,60,2025-11-03 22:25:07.699758,341343.419,6301721.335
PJ2,B38,TBFT-64,7767,23,27,2025-11-03 22:25:07.699759,341343.419,6301721.335
PE435,E03,BJFW-44,1888,4,8,2025-11-03 22:25:09.443567,347339.938,6289087.216
PE435,E03,BJFZ-93,4650,13,17,2025-11-03 22:25:09.443572,347339.938,6289087.216
PA703,J10,VJBB-40,1409,0,4,2025-11-03 22:25:11.773552,344275.901,6299891.182
PA703,J10,VHZX-11,8040,23,27,2025-11-03 22:25:11.773558,344275.901,6299891.182
PF8,F10,SRSC-78,470,0,3,2025-11-03 22:25:13.349171,355660.313,6285061.684
PF8,F10,SRRY-93,3729,10,14,2025-11-03 22:25:13.349176,355660.313,6285061.684
PF8,712,SHCX-28,6833,20,24,2025-11-03 22:25:13.349177,355660.313,6285061.684
PF8,712,SHCW-70,14605,46,60,2025-11-03 22:25:13.349178,355660.313,6285061.684
PF8,124,LBTS-94,4432,12,16,2025-11-03 22:25:13.349179,355660.313,6285061.684
PF8,124,STHC-95,4401,12,16,2025-11-03 22:25:13.349179,355660.313,6285061.684
PF8,104,SKWD-84,2394,6,10,2025-11-03 22:25:13.349180,355660.313,6285061.684
PF8,114,SKWD-89,128,0,3,2025-11-03 22:25:13.349181,355660.313,6285061.684
PF8,F08,SPVV-69,1068,0,3,2025-11-03 22:25:13.349182,355660.313,6285061.684
PF8,F08,TFTB-22,3368,9,13,2025-11-03 22:25:13.349183,355660.313,6285061.684
PF8,F13,SRRW-90,699,0,2,2025-11-03 22:25:13.349184,355660.313,6285061.684
PF8,F13,SRPK-36,4880,13,17,2025-11-03 22:25:13.349185,355660.313,6285061.684
PC1067,C03,SKDG-73,12155,38,60,2025-11-03 22:25:15.303349,356317.71,6302366.616
PC1067,C03,SKDG-15,12721,40,60,2025-11-03 22:25:15.303354,356317.71,6302366.616
PC1067,C13,SGPW-49,10376,33,60,2025-11-03 22:25:15.303355,356317.71,6302366.616
PC1067,C13,SHXF-94,13316,42,60,2025-11-03 22:25:15.303356,356317.71,6302366.616
PC1067,D11,SVDD-82,1050,0,3,2025-11-03 22:25:15.303357,356317.71,6302366.616
PC1067,D11,STKX-48,1061,0,3,2025-11-03 22:25:15.303357,356317.71,6302366.616
PC1067,225,VFJP-44,3187,8,12,2025-11-03 22:25:15.303358,356317.71,6302366.616
PC1067,225,VFJV-28,3187,8,12,2025-11-03 22:25:15.303359,356317.71,6302366.616
PC1067,C16,SGPW-46,517,0,2,2025-11-03 22:25:15.303360,356317.71,6302366.616
PC1067,C16,LDTC-13,6100,17,21,2025-11-03 22:25:15.303361,356317.71,6302366.616
PG188,207c,VJXW-48,377,0,3,2025-11-03 22:25:17.343770,348896.501,6277758.13
PG188,207e,SRTK-49,8921,28,60,2025-11-03 22:25:17.343776,348896.501,6277758.13
PG188,207e,VJKC-77,8921,28,60,2025-11-03 22:25:17.343778,348896.501,6277758.13
PG188,F13,SRSC-18,4911,14,18,2025-11-03 22:25:17.343779,348896.501,6277758.13
PG188,F13,SRSC-76,5881,17,21,2025-11-03 22:25:17.343780,348896.501,6277758.13
PG188,F33,STHF-56,1897,4,8,2025-11-03 22:25:17.343781,348896.501,6277758.13
PG188,F33,LCPG-51,6035,17,21,2025-11-03 22:25:17.343782,348896.501,6277758.13
PG188,207,SDGY-18,1984,4,8,2025-11-03 22:25:17.343783,348896.501,6277758.13
PG188,207,VJKD-36,5205,14,18,2025-11-03 22:25:17.343784,348896.501,6277758.13
PF185,712,SHCW-81,4437,12,16,2025-11-03 22:25:19.342771,356357.728,6279975.313
PF185,712,SHCW-72,5485,15,19,2025-11-03 22:25:19.342776,356357.728,6279975.313
PF185,F01,SPVT-75,4193,11,15,2025-11-03 22:25:19.342778,356357.728,6279975.313
PF185,F01c,SPVT-83,5622,16,20,2025-11-03 22:25:19.342779,356357.728,6279975.313
PF185,F01c,SPVW-78,6043,17,21,2025-11-03 22:25:19.342780,356357.728,6279975.313
PF185,F11,SKTZ-90,2974,7,11,2025-11-03 22:25:19.342781,356357.728,6279975.313
PF185,F29,SPVV-29,654,0,2,2025-11-03 22:25:19.342782,356357.728,6279975.313
PF185,F29,SPVW-71,1889,4,8,2025-11-03 22:25:19.342783,356357.728,6279975.313
PF843,204,VGBX-48,837,0,3,2025-11-03 22:25:23.418881,351776.336,6282900.498
PF843,204,VFPH-81,1913,4,8,2025-11-03 22:25:23.418886,351776.336,6282900.498
PF843,F08,SPVT-70,1967,4,8,2025-11-03 22:25:23.418887,351776.336,6282900.498
PF843,F27,SPRY-72,354,0,3,2025-11-03 22:25:23.418888,351776.336,6282900.498
PF843,234,SVPX-50,725,0,3,2025-11-03 22:25:23.418889,351776.336,6282900.498
PF843,244,SFWZ-49,824,0,3,2025-11-03 22:25:23.418890,351776.336,6282900.498
PF186,712,SHCW-81,4949,14,18,2025-11-03 22:25:24.959270,356858.678,6279862.678
PF186,712,SHCW-72,5997,17,21,2025-11-03 22:25:24.959275,356858.678,6279862.678
PF186,F01,SPVW-98,404,0,3,2025-11-03 22:25:24.959276,356858.678,6279862.678
PF186,F01,SPVT-75,4704,13,17,2025-11-03 22:25:24.959277,356858.678,6279862.678
PF186,F01c,SPVT-83,5455,15,19,2025-11-03 22:25:24.959278,356858.678,6279862.678
PF186,F01c,SPVW-78,6555,19,23,2025-11-03 22:25:24.959279,356858.678,6279862.678
PF186,F11,SKTZ-90,3486,9,13,2025-11-03 22:25:24.959280,356858.678,6279862.678
PF186,F29,SPVV-29,1166,0,4,2025-11-03 22:25:24.959281,356858.678,6279862.678
PF186,F29,SPVW-71,2401,6,10,2025-11-03 22:25:24.959281,356858.678,6279862.678
PA95,203,LZPT-43,634,0,2,2025-11-03 22:25:26.983488,347060.224,6296763.518
PA95,203,LZPR-95,2678,6,10,2025-11-03 22:25:26.983493,347060.224,6296763.518
PA95,203e,SFWB-82,1861,4,8,2025-11-03 22:25:26.983495,347060.224,6296763.518
PA95,203e,VJXC-75,1861,4,8,2025-11-03 22:25:26.983495,347060.224,6296763.518
PA95,206,FLXY-56,673,0,2,2025-11-03 22:25:26.983496,347060.224,6296763.518
PA95,206,FLXY-63,1515,3,7,2025-11-03 22:25:26.983497,347060.224,6296763.518
PA95,385,FLXL-55,10258,32,60,2025-11-03 22:25:26.983498,347060.224,6296763.518
PB1701,B25,FLXS-61,3172,8,12,2025-11-03 22:25:29.040151,345867.448,6303809.557
PB1701,B25,FLXS-52,7046,20,24,2025-11-03 22:25:29.040156,345867.448,6303809.557
PB1701,B21,SKDH-71,4323,12,16,2025-11-03 22:25:29.040157,345867.448,6303809.557
PE397,323,FLXR-27,1152,0,4,2025-11-03 22:25:31.040239,355308.146,6288234.882
PE397,323,FLXR-53,2541,6,10,2025-11-03 22:25:31.040244,355308.146,6288234.882
PG1300,G18,SFGY-76,1713,3,7,2025-11-03 22:25:33.070501,346737.12,6286410.891
PG1300,G18,SFPG-30,5419,15,19,2025-11-03 22:25:33.070506,346737.12,6286410.891
PF1165,F26,SPVV-65,5071,14,18,2025-11-03 22:25:35.090160,357218.0,6282255.0
PF1165,F26,SPVV-16,5395,15,19,2025-11-03 22:25:35.090165,357218.0,6282255.0
PI1658,I24,VHSY-26,5719,16,20,2025-11-03 22:25:36.629563,336923.1,6288514.8
PF1017,F26,SPVV-87,1973,4,8,2025-11-03 22:25:38.698301,355994.181,6281565.674
PF1017,F26,SPVV-16,7909,23,27,2025-11-03 22:25:38.698306,355994.181,6281565.674
PG18,211c,THTG-68,0,0,3,2025-11-03 22:25:40.624364,343808.537,6284946.928
PG18,201,GCBB-99,2496,6,10,2025-11-03 22:25:40.624368,343808.537,6284946.928
PG18,201,GCBB-88,3327,9,13,2025-11-03 22:25:40.624369,343808.537,6284946.928
PG18,G05,SCRZ-11,1516,3,7,2025-11-03 22:25:40.624370,343808.537,6284946.928
PG18,G05,SHXG-77,1880,4,8,2025-11-03 22:25:40.624371,343808.537,6284946.928
PG18,211,TBZB-15,2183,5,9,2025-11-03 22:25:40.624372,343808.537,6284946.928
PG18,211,FLXX-12,6736,19,23,2025-11-03 22:25:40.624373,343808.537,6284946.928
PG18,271,TBYY-74,1518,3,7,2025-11-03 22:25:40.624373,343808.537,6284946.928
PG18,271,FLXX-24,5977,17,21,2025-11-03 22:25:40.624374,343808.537,6284946.928
PF1113,124,LBTT-21,145,0,3,2025-11-03 22:25:42.654100,351315.82,6277895.47
PJ1812,505,SRTG-99,2228,5,9,2025-11-03 22:25:44.660744,341537.102,6300852.56
PJ1812,505,SRTK-34,2592,6,10,2025-11-03 22:25:44.660750,341537.102,6300852.56
PJ1812,513,VJBB-20,5962,17,21,2025-11-03 22:25:44.660752,341537.102,6300852.56
PJ1812,513,SRTH-10,7683,22,26,2025-11-03 22:25:44.660753,341537.102,6300852.56
PA53,201,GCBB-80,1456,3,7,2025-11-03 22:25:46.687066,345939.188,6298180.18
PA53,201,GCBB-84,3416,9,13,2025-11-03 22:25:46.687071,345939.188,6298180.18
PA53,271,FLXX-21,969,0,3,2025-11-03 22:25:46.687072,345939.188,6298180.18
PB746,B02,FLXR-93,1503,3,7,2025-11-03 22:25:48.700195,349131.269,6305724.751
PB746,B02,FLXS-32,2797,7,11,2025-11-03 22:25:48.700200,349131.269,6305724.751
PB1690,105,SHXG-17,3452,9,13,2025-11-03 22:25:52.691648,338964.894,6302204.932
PB1690,B20,LXDH-84,5362,15,19,2025-11-03 22:25:52.691654,338964.894,6302204.932
PB1690,408,SRTH-11,1625,10,14,2025-11-03 22:25:52.691656,338964.894,6302204.932
PB1690,110,LXWS-33,1160,0,4,2025-11-03 22:25:52.691657,338964.894,6302204.932
PB1690,110,LZPH-23,1587,3,7,2025-11-03 22:25:52.691658,338964.894,6302204.932
PI1859,I25,FLXK-45,3621,9,13,2025-11-03 22:25:54.680106,341240.0,6291330.0
PI1859,I25,FLXL-40,13122,41,60,2025-11-03 22:25:54.680111,341240.0,6291330.0
PH255,227,VFPG-58,1938,4,8,2025-11-03 22:25:58.707656,344024.785,6291156.937
PH255,227,VFHK-89,7473,22,26,2025-11-03 22:25:58.707662,344024.785,6291156.937
PH255,121,BJFW-38,4923,14,18,2025-11-03 22:25:58.707663,344024.785,6291156.937
PH255,121,BJFT-65,6095,17,21,2025-11-03 22:25:58.707664,344024.785,6291156.937
PH255,H06,CJRX-63,1688,3,7,2025-11-03 22:25:58.707665,344024.785,6291156.937
PH255,H06,FLXD-64,5402,15,19,2025-11-03 22:25:58.707666,344024.785,6291156.937
PH255,H09,VGRD-25,889,0,3,2025-11-03 22:25:58.707667,344024.785,6291156.937
PH255,H09,VGRB-33,5141,14,18,2025-11-03 22:25:58.707669,344024.785,6291156.937
PH86,125,FLXT-28,5450,15,19,2025-11-03 22:26:00.675051,342947.497,6291584.775
PH86,H03,CJRZ-75,4278,12,16,2025-11-03 22:26:00.675055,342947.497,6291584.775
PH86,105,SHXD-78,1552,3,7,2025-11-03 22:26:00.675056,342947.497,6291584.775
PH86,105,SHXF-28,3708,10,14,2025-11-03 22:26:00.675057,342947.497,6291584.775
PH86,120,SPZX-42,2317,5,9,2025-11-03 22:26:00.675058,342947.497,6291584.775
PH581,105,SJPD-89,1645,3,7,2025-11-03 22:26:02.186107,343251.73,6293449.15
PH581,105,SJPD-96,2551,6,10,2025-11-03 22:26:02.186113,343251.73,6293449.15
PH581,120,TXZH-33,1338,0,4,2025-11-03 22:26:02.186114,343251.73,6293449.15
PH581,120,SKHG-39,5548,16,20,2025-11-03 22:26:02.186115,343251.73,6293449.15
PH581,125,CJRX-70,4069,11,15,2025-11-03 22:26:02.186117,343251.73,6293449.15
PH581,125,CJRW-49,8241,26,60,2025-11-03 22:26:02.186117,343251.73,6293449.15
PH581,H07,CJRW-78,508,0,2,2025-11-03 22:26:02.186118,343251.73,6293449.15
PH581,H07,CJRX-41,7115,20,24,2025-11-03 22:26:02.186119,343251.73,6293449.15
PG1156,G12,SCRZ-31,1944,4,8,2025-11-03 22:26:04.174546,345031.858,6288549.896
PG1156,G12,SFGY-68,4279,12,16,2025-11-03 22:26:04.174551,345031.858,6288549.896
PD178,219e,SFWZ-27,12852,41,60,2025-11-03 22:26:08.202167,354030.895,6297395.574
PD178,219e,SFVZ-70,12852,41,60,2025-11-03 22:26:08.202171,354030.895,6297395.574
PD178,D15,SVDC-46,4962,14,18,2025-11-03 22:26:08.202172,354030.895,6297395.574
PD178,D15,SVDF-66,5611,16,20,2025-11-03 22:26:08.202173,354030.895,6297395.574
PD178,286,SDSW-70,194,0,3,2025-11-03 22:26:08.202174,354030.895,6297395.574
PD178,286,SDSW-63,1691,3,7,2025-11-03 22:26:08.202175,354030.895,6297395.574
PD178,712,SHCY-19,2045,4,8,2025-11-03 22:26:08.202176,354030.895,6297395.574
PD178,712,SHCW-63,6349,18,22,2025-11-03 22:26:08.202176,354030.895,6297395.574
PD178,D02,SVDD-40,3589,9,13,2025-11-03 22:26:08.202178,354030.895,6297395.574
PD178,D02,SVDC-44,3688,10,14,2025-11-03 22:26:08.202178,354030.895,6297395.574
PD178,216,LZPW-22,1791,4,8,2025-11-03 22:26:08.202179,354030.895,6297395.574
PJ433,J03,GCBD-73,8340,26,60,2025-11-03 22:26:10.231726,336743.726,6300814.97
PJ433,J03,TBFW-56,9098,29,60,2025-11-03 22:26:10.231731,336743.726,6300814.97
PJ433,J05,TBFW-15,386,0,3,2025-11-03 22:26:10.231732,336743.726,6300814.97
PG369,G38,THTD-84,1509,3,7,2025-11-03 22:26:12.210277,344104.171,6281399.789
PG369,G38,THTF-99,3826,10,14,2025-11-03 22:26:12.210282,344104.171,6281399.789
PG369,301c,BJFW-71,880,0,3,2025-11-03 22:26:12.210283,344104.171,6281399.789
PG369,G24,GCWF-76,1091,0,3,2025-11-03 22:26:12.210285,344104.171,6281399.789
PG369,G24,FLXL-89,3819,10,14,2025-11-03 22:26:12.210286,344104.171,6281399.789
PC665,C13,SGPW-49,11628,37,60,2025-11-03 22:26:14.049608,357019.716,6301032.262
PC665,C13,SHXF-94,14592,46,60,2025-11-03 22:26:14.049613,357019.716,6301032.262
PC665,C16,SGPW-46,1958,4,8,2025-11-03 22:26:14.049614,357019.716,6301032.262
PC665,C16,LDTC-13,7553,22,26,2025-11-03 22:26:14.049615,357019.716,6301032.262
PC665,C03,SKDH-85,4290,12,16,2025-11-03 22:26:14.049617,357019.716,6301032.262
PC665,C03,SKDG-15,11798,37,60,2025-11-03 22:26:14.049617,357019.716,6301032.262
PI41,D11,SVDD-30,1679,3,7,2025-11-03 22:26:15.831874,340789.135,6295455.805
PF1005,F26,SPVV-16,2222,5,9,2025-11-03 22:26:19.290414,352493.32,6281528.0
PF1005,F26,SPVV-87,5728,16,20,2025-11-03 22:26:19.290418,352493.32,6281528.0
PC590,C01,LDJJ-67,0,0,3,2025-11-03 22:26:21.235445,359440.491,6308536.699
PC590,C01,LCSX-53,7048,20,24,2025-11-03 22:26:21.235450,359440.491,6308536.699
PC590,C16,LFSX-97,2856,7,11,2025-11-03 22:26:21.235451,359440.491,6308536.699
PC590,C16,LDTG-56,5808,16,20,2025-11-03 22:26:21.235452,359440.491,6308536.699
PJ987,511,TBFR-30,2808,7,11,2025-11-03 22:26:25.263187,338104.52,6298048.66
PJ987,J07,VHZY-10,9341,29,60,2025-11-03 22:26:25.263192,338104.52,6298048.66
PJ987,J07,VJBB-21,22136,70,60,2025-11-03 22:26:25.263193,338104.52,6298048.66
PJ987,J07e,VHZW-70,1640,3,7,2025-11-03 22:26:25.263194,338104.52,6298048.66
PJ987,J07e,VJBB-60,2513,6,10,2025-11-03 22:26:25.263195,338104.52,6298048.66
PJ987,J15c,TBFW-19,0,0,3,2025-11-03 22:26:25.263196,338104.52,6298048.66
PJ987,J15c,FLXW-24,0,0,3,2025-11-03 22:26:25.263197,338104.52,6298048.66
PJ987,J20,FLXK-32,3712,10,14,2025-11-03 22:26:25.263198,338104.52,6298048.66
PB490,B18,STHF-31,318,0,3,2025-11-03 22:26:29.340246,339696.866,6305978.927
PB490,B18,LDJW-37,2074,5,9,2025-11-03 22:26:29.340251,339696.866,6305978.927
PB490,B18e,LDJW-41,281,0,3,2025-11-03 22:26:29.340252,339696.866,6305978.927
PB490,B18e,FLXP-68,2129,5,9,2025-11-03 22:26:29.340253,339696.866,6305978.927
PE1308,E02,VKJX-12,2085,5,9,2025-11-03 22:26:31.381141,348266.348,6287680.372
PE1308,E01,VKJZ-59,0,0,3,2025-11-03 22:26:31.381146,348266.348,6287680.372
PE411,E03,BJFT-89,1607,3,7,2025-11-03 22:26:33.166491,355050.412,6289424.96
PE411,E03,BJFW-55,1777,4,8,2025-11-03 22:26:33.166496,355050.412,6289424.96
PB803,B03,SJPD-90,84,0,3,2025-11-03 22:26:34.727950,340263.758,6302570.514
PB803,B03,SHCY-46,7968,23,27,2025-11-03 22:26:34.727955,340263.758,6302570.514
PB803,B20,SKHG-70,752,0,2,2025-11-03 22:26:34.727956,340263.758,6302570.514
PB803,B20,SKHG-55,2182,5,9,2025-11-03 22:26:34.727957,340263.758,6302570.514
PB877,214,GCBB-83,1709,3,7,2025-11-03 22:26:36.732582,344728.679,6302440.922
PB877,214,GCBB-32,2135,5,9,2025-11-03 22:26:36.732587,344728.679,6302440.922
PB877,B04,SHCW-61,3392,9,13,2025-11-03 22:26:36.732588,344728.679,6302440.922
PB877,B04,SHXD-90,4341,12,16,2025-11-03 22:26:36.732589,344728.679,6302440.922
PG901,G16,SFPG-29,131,0,3,2025-11-03 22:26:38.891423,350355.957,6281672.804
PG901,G16,SDSW-76,5603,16,20,2025-11-03 22:26:38.891429,350355.957,6281672.804
PG901,233,SHXG-73,4349,12,16,2025-11-03 22:26:38.891430,350355.957,6281672.804
PG901,233,SDSW-85,6984,20,24,2025-11-03 22:26:38.891431,350355.957,6281672.804
PG901,286,SJPB-64,1047,0,3,2025-11-03 22:26:38.891432,350355.957,6281672.804
PG901,286,SFGY-86,1608,3,7,2025-11-03 22:26:38.891433,350355.957,6281672.804
PG901,G13,SFPG-43,557,0,2,2025-11-03 22:26:38.891434,350355.957,6281672.804
PG901,G13,SHXB-11,2118,5,9,2025-11-03 22:26:38.891435,350355.957,6281672.804
PC111,216,LXWT-82,275,0,3,2025-11-03 22:26:40.926731,354498.276,6299876.498
PC111,216,LXWT-90,2507,6,10,2025-11-03 22:26:40.926737,354498.276,6299876.498
PC111,C07,SHCV-82,1601,3,7,2025-11-03 22:26:40.926738,354498.276,6299876.498
PC111,C07,SGPY-76,7165,21,25,2025-11-03 22:26:40.926739,354498.276,6299876.498
PB1073,B24,TXZH-34,139,0,3,2025-11-03 22:26:42.957602,342674.437,6302339.361
PB1073,B24,SPZX-56,6078,17,21,2025-11-03 22:26:42.957607,342674.437,6302339.361
PH479,H06,CJRW-57,2569,6,10,2025-11-03 22:26:44.989346,343667.11,6291319.624
PH479,H06,FLXJ-29,5497,15,19,2025-11-03 22:26:44.989351,343667.11,6291319.624
PH479,H07,FLXG-98,1259,0,4,2025-11-03 22:26:44.989352,343667.11,6291319.624
PH479,H07,CJRW-78,2567,6,10,2025-11-03 22:26:44.989353,343667.11,6291319.624
PH479,H08,BJFV-17,2020,4,8,2025-11-03 22:26:44.989354,343667.11,6291319.624
PH479,H08,BJFS-91,3697,10,14,2025-11-03 22:26:44.989355,343667.11,6291319.624
PH479,345,CJRX-67,212,0,3,2025-11-03 22:26:44.989356,343667.11,6291319.624
PH479,345,FLXD-73,3004,7,11,2025-11-03 22:26:44.989357,343667.11,6291319.624
PH479,348,FLXZ-27,3441,9,13,2025-11-03 22:26:44.989358,343667.11,6291319.624
PH479,348,VHSY-16,8283,26,60,2025-11-03 22:26:44.989358,343667.11,6291319.624
PH479,227,VGKX-62,0,0,3,2025-11-03 22:26:44.989359,343667.11,6291319.624
PH479,H03,CJRZ-75,4335,12,16,2025-11-03 22:26:44.989360,343667.11,6291319.624
PD224,C07,SPCG-99,190,0,3,2025-11-03 22:26:47.024097,354007.332,6299804.289
PD224,518,PFWZ-55,1840,4,8,2025-11-03 22:26:47.024103,354007.332,6299804.289
PD224,518,TBFP-75,4965,14,18,2025-11-03 22:26:47.024104,354007.332,6299804.289
PD224,D08,STKS-99,2333,5,9,2025-11-03 22:26:47.024105,354007.332,6299804.289
PD224,D08,SVDF-61,4741,13,17,2025-11-03 22:26:47.024105,354007.332,6299804.289
PD224,216,LZPR-84,1394,0,4,2025-11-03 22:26:47.024106,354007.332,6299804.289
PD224,216,LZPW-22,4732,13,17,2025-11-03 22:26:47.024107,354007.332,6299804.289
PD224,504,TBFW-58,4872,30,60,2025-11-03 22:26:47.024108,354007.332,6299804.289
PD224,504,GCBD-40,8138,45,60,2025-11-03 22:26:47.024109,354007.332,6299804.289
PF216,F14,SPRV-93,1490,3,7,2025-11-03 22:26:49.112771,354505.6,6280550.121
PF216,F03c,SHCY-65,4098,11,15,2025-11-03 22:26:49.112777,354505.6,6280550.121
PF216,F03c,SHCY-63,5900,17,21,2025-11-03 22:26:49.112778,354505.6,6280550.121
PF216,F03,SRPJ-74,5886,17,21,2025-11-03 22:26:49.112779,354505.6,6280550.121
PF216,F03,FLXG-88,5879,17,21,2025-11-03 22:26:49.112780,354505.6,6280550.121
PB554,315e,VHSY-11,1667,3,7,2025-11-03 22:26:51.098769,339895.611,6307744.128
PB554,315e,TWPD-76,2877,7,11,2025-11-03 22:26:51.098773,339895.611,6307744.128
PB554,429c,SLPB-36,5423,15,19,2025-11-03 22:26:51.098774,339895.611,6307744.128
PB554,B43,SJPC-79,6252,18,22,2025-11-03 22:26:51.098775,339895.611,6307744.128
PB554,B43,SHCX-55,9263,29,60,2025-11-03 22:26:51.098776,339895.611,6307744.128
PB554,307,TWPD-67,5265,15,19,2025-11-03 22:26:51.098777,339895.611,6307744.128
PB554,307,FLXJ-10,6101,17,21,2025-11-03 22:26:51.098778,339895.611,6307744.128
PI1668,405,PFTV-97,525,0,2,2025-11-03 22:26:53.127734,333143.0,6289617.0
PA203,227,VFRF-15,188,0,3,2025-11-03 22:26:57.142464,348117.999,6295884.477
PA203,227,VFPD-81,4548,12,16,2025-11-03 22:26:57.142469,348117.999,6295884.477
PG970,228,THTF-76,429,0,3,2025-11-03 22:26:59.174880,343682.304,6281843.818
PG970,228,THTH-33,1831,4,8,2025-11-03 22:26:59.174885,343682.304,6281843.818
PA573,125,CJRX-70,2227,5,9,2025-11-03 22:27:01.221073,344007.827,6294422.826
PA573,125,CJRW-49,6549,19,23,2025-11-03 22:27:01.221078,344007.827,6294422.826
PA573,113,FLXY-21,2621,6,10,2025-11-03 22:27:01.221079,344007.827,6294422.826
PA573,113,FLXY-39,5832,16,20,2025-11-03 22:27:01.221080,344007.827,6294422.826
PA573,H07,CJRX-41,5103,14,18,2025-11-03 22:27:01.221081,344007.827,6294422.826
PA573,I01,FLXF-15,3624,9,13,2025-11-03 22:27:01.221082,344007.827,6294422.826
PG197,118,FLXS-93,2823,7,11,2025-11-03 22:27:03.318607,347911.999,6287457.497
PG197,118,FLXS-78,6605,19,23,2025-11-03 22:27:03.318612,347911.999,6287457.497
PG197,211,FLXX-12,1471,3,7,2025-11-03 22:27:03.318613,347911.999,6287457.497
PG197,G11,THTF-80,154,0,3,2025-11-03 22:27:03.318615,347911.999,6287457.497
PG197,G11,THTH-15,692,0,2,2025-11-03 22:27:03.318616,347911.999,6287457.497
PB993,B43,SJPB-28,3277,8,12,2025-11-03 22:27:05.289656,339104.17,6308494.686
PG515,F03,SPVW-99,2417,6,10,2025-11-03 22:27:07.281467,344935.532,6280132.696
PG515,F03,SRPJ-73,7040,20,24,2025-11-03 22:27:07.281472,344935.532,6280132.696
PJ438,513,SRTH-16,2601,6,10,2025-11-03 22:27:11.429738,338058.95,6301552.92
PJ438,513,SRTH-19,2601,6,10,2025-11-03 22:27:11.429742,338058.95,6301552.92
PJ438,505,VJJV-98,526,0,2,2025-11-03 22:27:11.429744,338058.95,6301552.92
PD491,D03,SVDC-12,5812,16,20,2025-11-03 22:27:13.537672,355870.64,6295548.842
PD491,D03,SPBS-69,8978,28,60,2025-11-03 22:27:13.537677,355870.64,6295548.842
PD491,D10,SVDC-58,4804,13,17,2025-11-03 22:27:13.537678,355870.64,6295548.842
PD491,D10,SVDF-42,6946,20,24,2025-11-03 22:27:13.537679,355870.64,6295548.842
PD491,505,VHZX-21,10615,34,60,2025-11-03 22:27:13.537680,355870.64,6295548.842
PD491,505,SRTK-45,11112,35,60,2025-11-03 22:27:13.537680,355870.64,6295548.842
PD491,510,TBFR-13,137,0,3,2025-11-03 22:27:13.537681,355870.64,6295548.842
PD491,510,TBFR-23,7705,22,26,2025-11-03 22:27:13.537682,355870.64,6295548.842
PD491,516,TBFW-67,5363,15,19,2025-11-03 22:27:13.537683,355870.64,6295548.842
PD491,516,PFXB-49,8703,27,60,2025-11-03 22:27:13.537684,355870.64,6295548.842
PJ164,402,SHCY-28,1544,3,7,2025-11-03 22:27:15.499498,335372.344,6298152.163
PJ164,402,PFVG-82,1839,4,8,2025-11-03 22:27:15.499503,335372.344,6298152.163
PJ164,J07,VHZY-10,6382,18,22,2025-11-03 22:27:15.499504,335372.344,6298152.163
PJ164,J07,VJBB-21,19048,60,60,2025-11-03 22:27:15.499505,335372.344,6298152.163
PJ164,J17,FLXG-21,1992,4,8,2025-11-03 22:27:15.499506,335372.344,6298152.163
PJ164,406,GCBC-52,388,3,7,2025-11-03 22:27:15.499507,335372.344,6298152.163
PJ164,406,TBFP-61,389,3,7,2025-11-03 22:27:15.499507,335372.344,6298152.163
PJ164,426,BJFH-46,1536,3,7,2025-11-03 22:27:15.499508,335372.344,6298152.163
PJ164,503,VGVB-45,399,0,3,2025-11-03 22:27:15.499509,335372.344,6298152.163
PJ164,503,VGVG-78,399,0,3,2025-11-03 22:27:15.499510,335372.344,6298152.163
PD738,412,PGBY-72,569,0,2,2025-11-03 22:27:17.493605,357765.354,6296375.378
PD738,422,PFXC-33,478,0,2,2025-11-03 22:27:17.493610,357765.354,6296375.378
PD738,D15,SVDF-66,295,0,3,2025-11-03 22:27:17.493611,357765.354,6296375.378
PI607,I02,FLXZ-40,426,0,3,2025-11-03 22:27:19.474409,337837.293,6291604.419
PI607,I02,FLXZ-16,5531,15,19,2025-11-03 22:27:19.474413,337837.293,6291604.419
PI607,509,CJRW-65,2958,7,11,2025-11-03 22:27:19.474414,337837.293,6291604.419
PI607,509,FLXX-93,3454,9,13,2025-11-03 22:27:19.474415,337837.293,6291604.419
PI607,423,PFVG-47,5114,14,18,2025-11-03 22:27:19.474416,337837.293,6291604.419
PI607,423,PFYR-59,11127,35,60,2025-11-03 22:27:19.474417,337837.293,6291604.419
PI283,I12,FLXW-88,1440,3,7,2025-11-03 22:27:21.200503,337171.577,6289047.551
PI283,I12,FLXY-25,6340,18,22,2025-11-03 22:27:21.200509,337171.577,6289047.551
PI283,115,PFXC-48,3594,9,13,2025-11-03 22:27:21.200510,337171.577,6289047.551
PI283,115,TBFP-92,3845,10,14,2025-11-03 22:27:21.200511,337171.577,6289047.551
PI283,113,FLXL-88,4993,14,18,2025-11-03 22:27:21.200512,337171.577,6289047.551
PI283,113,FLXZ-78,7160,21,25,2025-11-03 22:27:21.200513,337171.577,6289047.551
PB1295,B17,SHCX-53,495,0,2,2025-11-03 22:27:22.931842,348368.918,6301909.557
PB1295,B17,SHCY-45,2650,6,10,2025-11-03 22:27:22.931847,348368.918,6301909.557
PB1295,B15,SPCG-54,5554,16,20,2025-11-03 22:27:22.931849,348368.918,6301909.557
PB1295,B15,SPCG-97,5954,17,21,2025-11-03 22:27:22.931850,348368.918,6301909.557
PA49,301,BJFS-84,3153,8,12,2025-11-03 22:27:24.993205,345797.69,6299326.59
PA49,409,SKWD-97,59,0,3,2025-11-03 22:27:24.993210,345797.69,6299326.59
PA49,409,PGRZ-81,945,0,3,2025-11-03 22:27:24.993211,345797.69,6299326.59
PA49,201,GCBB-80,302,0,3,2025-11-03 22:27:24.993212,345797.69,6299326.59
PA49,201,GCBB-84,2288,5,9,2025-11-03 22:27:24.993213,345797.69,6299326.59
PG175,207c,VJXW-29,16338,52,60,2025-11-03 22:27:26.996708,348895.903,6282298.87
PG175,209,RYJG-99,2145,5,9,2025-11-03 22:27:26.996713,348895.903,6282298.87
PG175,209,SVPX-45,11003,35,60,2025-11-03 22:27:26.996714,348895.903,6282298.87
PG175,209c,VJJX-17,485,0,2,2025-11-03 22:27:26.996715,348895.903,6282298.87
PG175,209c,VJKR-68,5230,15,19,2025-11-03 22:27:26.996716,348895.903,6282298.87
PG175,207,SFST-39,634,0,2,2025-11-03 22:27:26.996717,348895.903,6282298.87
PG175,207,SDGY-17,4595,13,17,2025-11-03 22:27:26.996717,348895.903,6282298.87
PH1452,I05,VHSX-76,3159,8,12,2025-11-03 22:27:29.009858,343446.978,6290456.442
PH1452,I05,VHSY-36,3159,8,12,2025-11-03 22:27:29.009863,343446.978,6290456.442
PH1452,119,CJRW-12,5572,16,20,2025-11-03 22:27:29.009865,343446.978,6290456.442
PH1452,119,BJFW-48,6355,18,22,2025-11-03 22:27:29.009866,343446.978,6290456.442
PH1452,329,FLXR-39,1299,0,4,2025-11-03 22:27:29.009867,343446.978,6290456.442
PH1452,329,FLXR-45,4728,13,17,2025-11-03 22:27:29.009867,343446.978,6290456.442
PB1022,B43,SJPC-79,7160,21,25,2025-11-03 22:27:31.044072,340331.361,6308317.655
PB1022,B43,SHCX-55,10462,33,60,2025-11-03 22:27:31.044077,340331.361,6308317.655
PH265,302,BJFZ-19,220,0,3,2025-11-03 22:27:33.138962,345549.14,6292921.14
PH265,302,BJFW-19,641,0,2,2025-11-03 22:27:33.138967,345549.14,6292921.14
PB581,435,SLLZ-29,2070,5,9,2025-11-03 22:27:36.872785,340570.0,6306690.389
PB581,435,SLLZ-98,5266,15,19,2025-11-03 22:27:36.872790,340570.0,6306690.389
PB581,B43,SJPC-26,1852,4,8,2025-11-03 22:27:36.872791,340570.0,6306690.389
PB581,B43,SJPB-28,7571,22,26,2025-11-03 22:27:36.872792,340570.0,6306690.389
PB581,308,FLXK-10,1701,3,7,2025-11-03 22:27:36.872793,340570.0,6306690.389
PB581,308,FLXJ-99,5030,14,18,2025-11-03 22:27:36.872794,340570.0,6306690.389
PB581,315e,VHSY-44,487,0,2,2025-11-03 22:27:36.872795,340570.0,6306690.389
PB581,315e,VHSZ-41,2742,7,11,2025-11-03 22:27:36.872795,340570.0,6306690.389
PB581,B11,SKDG-29,216,0,3,2025-11-03 22:27:36.872796,340570.0,6306690.389
PB581,430,SJPD-77,440,0,3,2025-11-03 22:27:36.872797,340570.0,6306690.389
PB581,430,PGBY-85,1355,0,4,2025-11-03 22:27:36.872798,340570.0,6306690.389
PB1845,B18e,FLXP-71,1354,0,4,2025-11-03 22:27:38.911142,340085.79,6305981.09
PI144,109,FLXD-26,5846,40,60,2025-11-03 22:27:41.102656,338082.734,6290777.933
PI144,109,FLXC-45,5846,40,60,2025-11-03 22:27:41.102661,338082.734,6290777.933
PI144,I18,VHTB-59,1822,4,8,2025-11-03 22:27:41.102662,338082.734,6290777.933
PI144,I18,VHSY-38,6209,18,22,2025-11-03 22:27:41.102663,338082.734,6290777.933
PI144,108,PFYR-71,944,0,3,2025-11-03 22:27:41.102664,338082.734,6290777.933
PI144,108,PGPT-25,10656,34,60,2025-11-03 22:27:41.102664,338082.734,6290777.933
PI144,I26,PFVG-48,1336,0,4,2025-11-03 22:27:41.102665,338082.734,6290777.933
PI144,I26,PFVG-52,6964,20,24,2025-11-03 22:27:41.102666,338082.734,6290777.933
PI144,481,PGPT-41,628,0,2,2025-11-03 22:27:41.102667,338082.734,6290777.933
PI144,481,PGPT-21,1188,0,4,2025-11-03 22:27:41.102668,338082.734,6290777.933
PI144,I01,FLXF-48,936,0,3,2025-11-03 22:27:41.102669,338082.734,6290777.933
PI144,I01,FLXF-51,3740,10,14,2025-11-03 22:27:41.102670,338082.734,6290777.933
PI144,I03,FLXL-20,42,0,3,2025-11-03 22:27:41.102671,338082.734,6290777.933
PI144,I03,FLXL-53,2969,7,11,2025-11-03 22:27:41.102672,338082.734,6290777.933
PI144,I04,FLXY-37,1532,3,7,2025-11-03 22:27:41.102673,338082.734,6290777.933
PI144,I04,FLXZ-68,1917,4,8,2025-11-03 22:27:41.102673,338082.734,6290777.933
PI144,I05,VHTB-54,1377,0,4,2025-11-03 22:27:41.102674,338082.734,6290777.933
PI144,I05,VHTB-69,7719,22,26,2025-11-03 22:27:41.102675,338082.734,6290777.933
PI144,118,FLXX-50,4645,13,17,2025-11-03 22:27:41.102676,338082.734,6290777.933
PI144,118,FLXS-93,13421,42,60,2025-11-03 22:27:41.102677,338082.734,6290777.933
PB325,B11,SKDF-92,75,0,3,2025-11-03 22:27:43.137444,347207.879,6302486.22
PB325,B11,SPCG-32,1912,4,8,2025-11-03 22:27:43.137448,347207.879,6302486.22
PB325,203,SFWB-98,1465,3,7,2025-11-03 22:27:43.137450,347207.879,6302486.22
PB325,203,LXWT-84,2231,5,9,2025-11-03 22:27:43.137450,347207.879,6302486.22
PB325,208,LZPT-66,827,0,3,2025-11-03 22:27:43.137451,347207.879,6302486.22
PB325,208,LXWT-85,5360,15,19,2025-11-03 22:27:43.137452,347207.879,6302486.22
PF1120,207,VJXV-47,1383,0,4,2025-11-03 22:27:47.241100,349120.943,6278911.298
PF1120,207c,VJXW-29,2929,7,11,2025-11-03 22:27:47.241105,349120.943,6278911.298
PG1098,G11,THTH-15,1755,4,8,2025-11-03 22:27:49.233910,347259.322,6287897.479
PG1098,G11,THTG-13,8924,28,60,2025-11-03 22:27:49.233915,347259.322,6287897.479
PD929,D07,SVDC-22,809,0,3,2025-11-03 22:27:54.921817,355510.275,6293630.484
PD929,D17,PFYC-71,6641,19,23,2025-11-03 22:27:54.921823,355510.275,6293630.484
PD929,D17,PGBY-68,9852,31,60,2025-11-03 22:27:54.921823,355510.275,6293630.484
PD929,D17v,PGRZ-78,81,0,3,2025-11-03 22:27:54.921824,355510.275,6293630.484
PD929,D17v,PGBY-86,9662,31,60,2025-11-03 22:27:54.921825,355510.275,6293630.484
PB970,B11,SKDG-29,5437,15,19,2025-11-03 22:27:56.391335,344285.106,6305575.954
PB970,B06,SKDH-90,5027,14,18,2025-11-03 22:27:56.391340,344285.106,6305575.954
PB970,B06,SKDJ-88,8969,28,60,2025-11-03 22:27:56.391341,344285.106,6305575.954
PB970,B21,SKDJ-73,1787,4,8,2025-11-03 22:27:56.391342,344285.106,6305575.954
PE184,118,CJRZ-78,1503,3,7,2025-11-03 22:27:58.366109,351687.297,6289760.732
PE184,118,CJRW-45,17340,55,60,2025-11-03 22:27:58.366114,351687.297,6289760.732
PE184,211,TBZB-19,3342,9,13,2025-11-03 22:27:58.366115,351687.297,6289760.732
PE184,211,TBYY-68,5348,15,19,2025-11-03 22:27:58.366116,351687.297,6289760.732
PE184,103,SPBL-99,2653,6,10,2025-11-03 22:27:58.366116,351687.297,6289760.732
PE184,103,SPBL-75,7880,23,27,2025-11-03 22:27:58.366117,351687.297,6289760.732
PE184,E03,BJFT-21,1347,0,4,2025-11-03 22:27:58.366118,351687.297,6289760.732
PH586,H07,FLXG-98,985,0,3,2025-11-03 22:28:00.405400,343516.113,6291403.055
PH586,H07,CJRW-78,2383,6,10,2025-11-03 22:28:00.405406,343516.113,6291403.055
PJ697,J04,TBFT-43,1407,3,7,2025-11-03 22:28:02.487293,337515.657,6299808.642
PJ697,J04,PFXC-49,3967,11,15,2025-11-03 22:28:02.487298,337515.657,6299808.642
PD25,D13,FLXR-44,1935,4,8,2025-11-03 22:28:04.549979,351322.224,6291983.621
PD25,103,SPBL-75,1783,4,8,2025-11-03 22:28:04.549985,351322.224,6291983.621
PD25,103,SPBL-78,6078,17,21,2025-11-03 22:28:04.549986,351322.224,6291983.621
PD25,117,PGLD-73,1657,3,7,2025-11-03 22:28:04.549987,351322.224,6291983.621
PD25,117,PGRZ-88,4722,13,17,2025-11-03 22:28:04.549988,351322.224,6291983.621
PE644,210v,VFPS-94,3262,8,12,2025-11-03 22:28:06.525911,353748.77,6285269.934
PE644,210v,VFPT-27,5180,14,18,2025-11-03 22:28:06.525915,353748.77,6285269.934
PE644,E09,VKJX-70,825,0,3,2025-11-03 22:28:06.525917,353748.77,6285269.934
PE644,E09,VKJY-92,5923,17,21,2025-11-03 22:28:06.525917,353748.77,6285269.934
PH433,D07,SVDD-11,1248,0,4,2025-11-03 22:28:08.578531,347918.481,6294641.54
PH433,D07,SVDF-68,5887,17,21,2025-11-03 22:28:08.578536,347918.481,6294641.54
PH433,E04,VKJY-14,3065,8,12,2025-11-03 22:28:08.578538,347918.481,6294641.54
PH433,E04,VKJX-74,3711,10,14,2025-11-03 22:28:08.578539,347918.481,6294641.54
PH433,385,FLXL-50,3703,10,14,2025-11-03 22:28:08.578540,347918.481,6294641.54
PH433,385,FLXL-17,7000,20,24,2025-11-03 22:28:08.578541,347918.481,6294641.54
PH433,H24,VGRB-63,2886,7,11,2025-11-03 22:28:08.578542,347918.481,6294641.54
PH433,H24,VGRG-34,4980,14,18,2025-11-03 22:28:08.578543,347918.481,6294641.54
PG233,G05,SFPF-91,7387,21,25,2025-11-03 22:28:10.593232,345719.835,6282879.893
PG233,G05,SCRZ-34,7134,21,25,2025-11-03 22:28:10.593238,345719.835,6282879.893
PG233,G08v,FLXV-17,0,0,3,2025-11-03 22:28:10.593239,345719.835,6282879.893
PG233,G08v,FLXV-31,1854,4,8,2025-11-03 22:28:10.593240,345719.835,6282879.893
PG233,228,THTH-52,836,0,3,2025-11-03 22:28:10.593241,345719.835,6282879.893
PG233,228,THTG-52,3180,8,12,2025-11-03 22:28:10.593242,345719.835,6282879.893
PG233,G08,THTD-93,955,0,3,2025-11-03 22:28:10.593243,345719.835,6282879.893
PG233,G08,THTH-80,836,0,3,2025-11-03 22:28:10.593244,345719.835,6282879.893
PD189,505,VHZX-21,7169,21,25,2025-11-03 22:28:12.625181,353516.362,6295651.48
PD189,505,SRTK-45,8273,26,60,2025-11-03 22:28:12.625186,353516.362,6295651.48
PD189,712,SHCW-67,704,0,2,2025-11-03 22:28:12.625188,353516.362,6295651.48
PD189,712,SJPC-43,4523,12,16,2025-11-03 22:28:12.625189,353516.362,6295651.48
PD189,D10,SVDD-39,3548,9,13,2025-11-03 22:28:12.625190,353516.362,6295651.48
PD189,D10,SSXF-31,7909,23,27,2025-11-03 22:28:12.625191,353516.362,6295651.48
PD189,225,VJKS-46,0,0,3,2025-11-03 22:28:12.625192,353516.362,6295651.48
PD189,225,VFJP-96,7180,21,25,2025-11-03 22:28:12.625193,353516.362,6295651.48
PD508,510,GCBD-75,2155,5,9,2025-11-03 22:28:14.210366,356371.67,6295451.6
PD508,D03,SVDF-71,2303,5,9,2025-11-03 22:28:14.210372,356371.67,6295451.6
PD508,D10,SVDD-39,277,0,3,2025-11-03 22:28:14.210373,356371.67,6295451.6
PD508,D10,SSXF-31,4638,13,17,2025-11-03 22:28:14.210374,356371.67,6295451.6
PI196,109,FLXC-50,1202,0,4,2025-11-03 22:28:17.975077,333716.634,6290978.81
PI196,109,FLXC-54,1653,3,7,2025-11-03 22:28:17.975082,333716.634,6290978.81
PE310,E01,VKJX-50,5097,14,18,2025-11-03 22:28:19.957491,354179.623,6286316.719
PE310,E01,VKJZ-59,7971,23,27,2025-11-03 22:28:19.957496,354179.623,6286316.719
PE310,E14,VKJZ-26,1801,4,8,2025-11-03 22:28:19.957498,354179.623,6286316.719
PF1016,F26,SPVT-94,2774,7,11,2025-11-03 22:28:23.229384,356185.725,6281396.744
PC687,712,LBTS-78,4551,12,16,2025-11-03 22:28:26.266382,353240.857,6304504.512
PC687,712,TFYL-48,4515,12,16,2025-11-03 22:28:26.266387,353240.857,6304504.512
PC687,C03,LWTK-46,275,0,3,2025-11-03 22:28:26.266388,353240.857,6304504.512
PC687,C03,SHCY-31,1678,3,7,2025-11-03 22:28:26.266389,353240.857,6304504.512
PH37,102,SPZX-48,6774,19,23,2025-11-03 22:28:28.341584,345497.163,6291920.797
PH37,102,LCPG-48,11309,36,60,2025-11-03 22:28:28.341590,345497.163,6291920.797
PH37,107,PGLD-61,1142,0,4,2025-11-03 22:28:28.341592,345497.163,6291920.797
PH37,107,PGRZ-76,7024,20,24,2025-11-03 22:28:28.341593,345497.163,6291920.797
PH37,108,PGPT-25,0,0,3,2025-11-03 22:28:28.341594,345497.163,6291920.797
PH37,108,PGPS-95,1480,3,7,2025-11-03 22:28:28.341604,345497.163,6291920.797
PI1456,421,PFVK-87,5196,14,18,2025-11-03 22:28:30.407452,333102.863,6288572.359
PI1456,421,PFYG-99,7887,23,27,2025-11-03 22:28:30.407457,333102.863,6288572.359
PF792,F16,SPRW-95,4697,13,17,2025-11-03 22:28:32.532406,352989.926,6278921.229
PF792,F16,SPRY-79,7092,20,24,2025-11-03 22:28:32.532411,352989.926,6278921.229
PC416,421,PFTV-93,1114,0,4,2025-11-03 22:28:34.518995,358162.179,6303924.68
PJ467,505,SRTG-99,3466,9,13,2025-11-03 22:28:36.565930,339651.86,6301520.23
PJ467,505,VHZX-81,3802,10,14,2025-11-03 22:28:36.565936,339651.86,6301520.23
PJ467,513,VHZX-71,527,0,2,2025-11-03 22:28:36.565937,339651.86,6301520.23
PJ467,513,VJJV-48,794,0,3,2025-11-03 22:28:36.565938,339651.86,6301520.23
PJ467,J16,FLXD-62,1463,3,7,2025-11-03 22:28:36.565939,339651.86,6301520.23
PJ467,J16,FLXW-25,5631,16,20,2025-11-03 22:28:36.565940,339651.86,6301520.23
PG51,201,GCBC-14,567,0,2,2025-11-03 22:28:38.569501,343986.909,6285182.858
PG51,201,GCBB-51,2251,5,9,2025-11-03 22:28:38.569506,343986.909,6285182.858
PG51,G05,SDSW-71,1255,0,4,2025-11-03 22:28:38.569508,343986.909,6285182.858
PG51,G05,SCRZ-34,11300,36,60,2025-11-03 22:28:38.569509,343986.909,6285182.858
PG51,211,TBZB-16,0,0,3,2025-11-03 22:28:38.569510,343986.909,6285182.858
PG51,211,TBZB-22,3124,8,12,2025-11-03 22:28:38.569511,343986.909,6285182.858
PG51,211c,THTG-14,1519,3,7,2025-11-03 22:28:38.569512,343986.909,6285182.858
PG51,211c,THTF-59,5405,15,19,2025-11-03 22:28:38.569513,343986.909,6285182.858
PJ1954,J12,FLXG-31,2139,5,9,2025-11-03 22:28:42.537426,328368.35,6298001.32
PJ1954,J12,TBFP-98,4901,13,17,2025-11-03 22:28:42.537431,328368.35,6298001.32
PJ249,424,FLXS-76,1278,0,4,2025-11-03 22:28:48.103077,338332.581,6295491.836
PJ249,424,RPYP-59,7301,21,25,2025-11-03 22:28:48.103081,338332.581,6295491.836
PJ249,J08,TBFX-68,3724,10,14,2025-11-03 22:28:48.103082,338332.581,6295491.836
PJ249,J08,PFXB-79,6211,18,22,2025-11-03 22:28:48.103083,338332.581,6295491.836
PH168,204,VFPY-43,0,0,3,2025-11-03 22:28:52.489219,348713.987,6292581.734
PH168,204,VFPT-63,2328,5,9,2025-11-03 22:28:52.489224,348713.987,6292581.734
PH168,234,VJKC-90,4407,12,16,2025-11-03 22:28:52.489226,348713.987,6292581.734
PC891,C15,SPCG-42,4694,13,17,2025-11-03 22:28:54.496046,357381.605,6305054.07
PC891,C15,LDJW-53,7045,20,24,2025-11-03 22:28:54.496050,357381.605,6305054.07
PD816,D09,SVDF-17,5668,16,20,2025-11-03 22:28:58.478428,353100.719,6297230.4
PD816,D09,SVDB-99,5819,16,20,2025-11-03 22:28:58.478432,353100.719,6297230.4
PJ2005,555,TBFX-64,1,0,3,2025-11-03 22:29:00.474106,332796.331,6301516.581
PJ2005,555,TBFX-62,8399,27,60,2025-11-03 22:29:00.474110,332796.331,6301516.581
PJ88,412,PFTW-41,319,0,3,2025-11-03 22:29:02.466910,338174.29,6299380.462
PJ88,412,LXWP-64,6301,18,22,2025-11-03 22:29:02.466915,338174.29,6299380.462
PJ88,110,LZPH-36,1753,4,8,2025-11-03 22:29:02.466916,338174.29,6299380.462
PJ88,110,LZPH-32,4496,12,16,2025-11-03 22:29:02.466917,338174.29,6299380.462
PH432,D07,SVDD-11,0,0,3,2025-11-03 22:29:04.483743,348148.202,6294684.673
PH432,D07,SVDF-68,5086,14,18,2025-11-03 22:29:04.483748,348148.202,6294684.673
PH432,E04,VKJY-14,2832,7,11,2025-11-03 22:29:04.483749,348148.202,6294684.673
PH432,E04,VKJX-74,3160,8,12,2025-11-03 22:29:04.483750,348148.202,6294684.673
PH432,385,FLXL-50,2643,6,10,2025-11-03 22:29:04.483751,348148.202,6294684.673
PH432,385,FLXL-17,6766,19,23,2025-11-03 22:29:04.483752,348148.202,6294684.673
PH432,H24,VGRB-63,1816,4,8,2025-11-03 22:29:04.483753,348148.202,6294684.673
PH432,H24,VGRG-34,4597,13,17,2025-11-03 22:29:04.483754,348148.202,6294684.673
PA660,I01,FLXF-15,1994,4,8,2025-11-03 22:29:06.509458,344825.986,6294718.952
PI1065,I10,FLXJ-27,1180,0,4,2025-11-03 22:29:08.482821,337257.767,6291854.54
PI1065,I10,FLXL-64,6528,19,23,2025-11-03 22:29:08.482826,337257.767,6291854.54
PD169,D26,SPBP-28,4606,13,17,2025-11-03 22:29:10.511647,354786.279,6290923.264
PD169,D26,SPBF-31,5893,17,21,2025-11-03 22:29:10.511652,354786.279,6290923.264
PD169,107,PFYC-84,1296,0,4,2025-11-03 22:29:10.511653,354786.279,6290923.264
PD169,107,PGBY-45,1396,0,4,2025-11-03 22:29:10.511654,354786.279,6290923.264
PD169,117,SPBL-88,1103,0,3,2025-11-03 22:29:10.511655,354786.279,6290923.264
PD169,117,SPBR-46,1277,0,4,2025-11-03 22:29:10.511655,354786.279,6290923.264
PB328,203,SFWB-98,1753,4,8,2025-11-03 22:29:12.484464,347233.35,6303453.23
PB328,203,LXWT-84,2865,7,11,2025-11-03 22:29:12.484470,347233.35,6303453.23
PB328,208,LZRB-85,970,0,3,2025-11-03 22:29:12.484471,347233.35,6303453.23
PB328,208,LZPT-66,1247,0,4,2025-11-03 22:29:12.484471,347233.35,6303453.23
PF206,F11,SKVB-19,5033,14,18,2025-11-03 22:29:14.324174,355375.55,6279987.4
PF206,F11,SKTZ-76,8406,27,60,2025-11-03 22:29:14.324179,355375.55,6279987.4
PE110,234,SVPX-50,8454,27,60,2025-11-03 22:29:16.330921,349236.633,6289877.967
PE110,204,VFPB-85,293,0,3,2025-11-03 22:29:16.330926,349236.633,6289877.967
PE110,204,VGBW-39,616,0,2,2025-11-03 22:29:16.330927,349236.633,6289877.967
PH504,H24,VGRF-85,1508,3,7,2025-11-03 22:29:18.320616,348956.355,6293690.456
PJ457,513,VJBB-20,3312,8,12,2025-11-03 22:29:20.339219,342886.321,6300440.814
PJ457,513,SRTH-10,4917,14,18,2025-11-03 22:29:20.339224,342886.321,6300440.814
PJ457,J01,FLXG-26,2847,7,11,2025-11-03 22:29:20.339225,342886.321,6300440.814
PJ457,J01,FLXG-47,3203,8,12,2025-11-03 22:29:20.339226,342886.321,6300440.814
PJ457,505,SRTK-34,0,0,3,2025-11-03 22:29:20.339227,342886.321,6300440.814
PJ457,505,VHZX-81,227,0,3,2025-11-03 22:29:20.339228,342886.321,6300440.814
PG1151,G12,SFGY-68,1837,4,8,2025-11-03 22:29:24.214699,343881.126,6288119.58
PG1151,G12,SFPF-84,5954,17,21,2025-11-03 22:29:24.214704,343881.126,6288119.58
PD729,513,SRTG-97,1476,3,7,2025-11-03 22:29:25.768612,357993.893,6295373.916
PD729,513,SRTG-95,7293,21,25,2025-11-03 22:29:25.768617,357993.893,6295373.916
PD729,D10,SVDC-58,7171,21,25,2025-11-03 22:29:25.768619,357993.893,6295373.916
PD729,D10,SVDF-42,8933,28,60,2025-11-03 22:29:25.768619,357993.893,6295373.916
PD729,422,TBFX-13,1284,0,4,2025-11-03 22:29:25.768620,357993.893,6295373.916
PD729,422,TBFT-41,3576,9,13,2025-11-03 22:29:25.768621,357993.893,6295373.916
PJ1786,517,VHZZ-70,10038,32,60,2025-11-03 22:29:27.790092,337276.214,6299770.905
PJ1786,517,VHXK-53,16844,53,60,2025-11-03 22:29:27.790096,337276.214,6299770.905
PJ1786,518,TBFW-69,5619,16,20,2025-11-03 22:29:27.790098,337276.214,6299770.905
PJ1786,518,TBFW-23,9629,30,60,2025-11-03 22:29:27.790099,337276.214,6299770.905
PH319,119,FLXT-35,709,0,2,2025-11-03 22:29:29.757241,343856.75,6289601.75
PF678,F16,SPRY-79,2577,6,10,2025-11-03 22:29:33.818965,352633.98,6281907.777
PB1292,B15,SPCG-98,786,0,2,2025-11-03 22:29:35.850117,348274.765,6302142.106
PB1292,B15,SPCG-54,3871,10,14,2025-11-03 22:29:35.850122,348274.765,6302142.106
PF64,204,VFPL-88,3332,9,13,2025-11-03 22:29:37.907494,351764.984,6283080.52
PF64,224,VFPZ-38,28,0,3,2025-11-03 22:29:37.907499,351764.984,6283080.52
PF64,F08,SPVW-83,1945,4,8,2025-11-03 22:29:37.907501,351764.984,6283080.52
PF64,244,SFWZ-49,1004,0,3,2025-11-03 22:29:37.907502,351764.984,6283080.52
PJ1,101,PFYT-11,909,0,3,2025-11-03 22:29:39.976379,341230.545,6302007.904
PJ1,101,PFYR-78,6088,17,21,2025-11-03 22:29:39.976385,341230.545,6302007.904
PJ1,107,PGTV-29,1497,3,7,2025-11-03 22:29:39.976386,341230.545,6302007.904
PJ1,107,PGBY-60,6643,19,23,2025-11-03 22:29:39.976387,341230.545,6302007.904
PI697,421,PFYG-99,2057,5,9,2025-11-03 22:29:42.032447,336234.015,6290596.29
PI697,421,PDZH-83,8195,26,60,2025-11-03 22:29:42.032453,336234.015,6290596.29
PI697,423,PGPT-15,341,0,3,2025-11-03 22:29:42.032454,336234.015,6290596.29
PI697,423,PFVG-47,7841,23,27,2025-11-03 22:29:42.032455,336234.015,6290596.29
PI697,I01,FLXG-10,685,0,2,2025-11-03 22:29:42.032456,336234.015,6290596.29
PI697,I01,FLXF-48,2204,5,9,2025-11-03 22:29:42.032457,336234.015,6290596.29
PI697,I10,FLXH-11,0,0,3,2025-11-03 22:29:42.032458,336234.015,6290596.29
PI697,I10,FLXG-52,143,0,3,2025-11-03 22:29:42.032460,336234.015,6290596.29
PC1236,C09,SHXF-98,5454,15,19,2025-11-03 22:29:44.078358,359030.17,6307225.18
PC1236,C09,SGPY-73,11503,36,60,2025-11-03 22:29:44.078364,359030.17,6307225.18
PC1236,430,SKPH-69,4678,13,17,2025-11-03 22:29:44.078365,359030.17,6307225.18
PC1236,430,PGBY-85,10257,32,60,2025-11-03 22:29:44.078366,359030.17,6307225.18
PC1236,426,BJFH-30,4678,13,17,2025-11-03 22:29:44.078367,359030.17,6307225.18
PC1236,426,FLXS-69,8324,26,60,2025-11-03 22:29:44.078368,359030.17,6307225.18
PC1236,409,SKWF-11,5091,14,18,2025-11-03 22:29:44.078370,359030.17,6307225.18
PC1236,409,SKWD-97,16276,51,60,2025-11-03 22:29:44.078371,359030.17,6307225.18
PC1236,C16,LDTG-56,2863,7,11,2025-11-03 22:29:44.078372,359030.17,6307225.18
PC1236,C16,LDTB-89,6490,18,22,2025-11-03 22:29:44.078373,359030.17,6307225.18
PB1321,B17,SHXF-83,3769,10,14,2025-11-03 22:29:47.431271,345226.594,6301396.524
PI348,428,SHCX-59,2127,5,9,2025-11-03 22:29:49.419010,336095.761,6295969.671
PI348,428,SHCY-21,10478,33,60,2025-11-03 22:29:49.419014,336095.761,6295969.671
PI348,444,SKPK-31,1795,4,8,2025-11-03 22:29:49.419015,336095.761,6295969.671
PI348,444,SKPK-32,8371,26,60,2025-11-03 22:29:49.419016,336095.761,6295969.671
PJ685,J03,FLXG-37,1162,0,4,2025-11-03 22:29:51.372451,336900.338,6300556.315
PJ685,J03,FLXH-81,2542,6,10,2025-11-03 22:29:51.372456,336900.338,6300556.315
PG1232,G39,HVFH-31,6573,19,23,2025-11-03 22:29:57.501164,342926.352,6283533.301
PG1232,G39,SFGY-73,9658,30,60,2025-11-03 22:29:57.501169,342926.352,6283533.301
PG1232,G23,SFWZ-74,601,0,2,2025-11-03 22:29:57.501170,342926.352,6283533.301
PG1232,G23,SFVZ-49,601,0,2,2025-11-03 22:29:57.501171,342926.352,6283533.301
PG1118,G11,THTH-12,2309,5,9,2025-11-03 22:29:59.479112,347229.841,6287801.168
PB353,B12,SPCG-40,593,0,2,2025-11-03 22:30:01.410168,344748.568,6304934.658
PB353,B12,SKDG-28,3055,8,12,2025-11-03 22:30:01.410174,344748.568,6304934.658
PB353,B22,SKPS-15,5055,14,18,2025-11-03 22:30:01.410175,344748.568,6304934.658
PB353,B22,SHCV-74,7311,21,25,2025-11-03 22:30:01.410176,344748.568,6304934.658
PB353,272,VFPC-10,3874,10,14,2025-11-03 22:30:01.410178,344748.568,6304934.658
PB353,272,VFPD-84,3945,10,14,2025-11-03 22:30:01.410179,344748.568,6304934.658
PG1268,F20,SPZY-50,4075,11,15,2025-11-03 22:30:06.458779,345727.504,6285219.702
PG1268,F20,SRVL-13,4075,11,15,2025-11-03 22:30:06.458784,345727.504,6285219.702
PG1268,G15,THTF-81,2762,7,11,2025-11-03 22:30:06.458785,345727.504,6285219.702
PG1268,203,GCBF-48,1945,4,8,2025-11-03 22:30:06.458785,345727.504,6285219.702
PG1268,203,LZPR-94,2269,5,9,2025-11-03 22:30:06.458786,345727.504,6285219.702
PG1268,203e,SFWB-82,8560,27,60,2025-11-03 22:30:06.458787,345727.504,6285219.702
PH605,H08,BJFS-91,1452,3,7,2025-11-03 22:30:08.821151,342739.444,6291681.652
PH605,H08,FLXD-71,2285,5,9,2025-11-03 22:30:08.821156,342739.444,6291681.652
PH605,H12,CJRZ-85,2259,5,9,2025-11-03 22:30:08.821158,342739.444,6291681.652
PH605,H12,FLXF-52,5830,16,20,2025-11-03 22:30:08.821159,342739.444,6291681.652
PH605,348,FLXZ-27,1293,0,4,2025-11-03 22:30:08.821160,342739.444,6291681.652
PH605,348,VHSY-16,6538,19,23,2025-11-03 22:30:08.821161,342739.444,6291681.652
PF583,F13,SRRY-13,1627,3,7,2025-11-03 22:30:10.623333,349811.819,6277853.812
PF583,F13,SRSC-51,1627,3,7,2025-11-03 22:30:10.623338,349811.819,6277853.812
PB539,307c,TWPD-98,46,0,3,2025-11-03 22:30:12.174487,337818.7,6307476.08
PG1443,G38,THTG-89,2107,5,9,2025-11-03 22:30:14.190173,343066.154,6278269.93
PG1443,G38,THTG-76,2107,5,9,2025-11-03 22:30:14.190178,343066.154,6278269.93
PI974,348,VFZK-51,4117,11,15,2025-11-03 22:30:15.942741,334231.972,6290817.763
PI974,I18,FLXZ-34,938,0,3,2025-11-03 22:30:15.942746,334231.972,6290817.763
PI974,I18,FLXZ-55,1989,4,8,2025-11-03 22:30:15.942747,334231.972,6290817.763
PH146,203,LZPT-43,2269,5,9,2025-11-03 22:30:17.504953,347791.192,6291347.15
PH146,203,LZPR-95,4051,11,15,2025-11-03 22:30:17.504957,347791.192,6291347.15
PH146,203e,SFWB-82,3722,10,14,2025-11-03 22:30:17.504958,347791.192,6291347.15
PH146,206,FLXZ-76,1851,4,8,2025-11-03 22:30:17.504959,347791.192,6291347.15
PH146,206,FLXY-63,3870,10,14,2025-11-03 22:30:17.504960,347791.192,6291347.15
PH146,212,LZRB-83,815,0,3,2025-11-03 22:30:17.504961,347791.192,6291347.15
PH146,212,SXKV-99,1255,0,4,2025-11-03 22:30:17.504962,347791.192,6291347.15
PI512,I07,VHSY-37,4760,13,17,2025-11-03 22:30:19.492093,335077.55,6290899.76
PI512,419,PFVK-97,2138,5,9,2025-11-03 22:30:19.492098,335077.55,6290899.76
PI512,419,PFTV-91,6450,18,22,2025-11-03 22:30:19.492099,335077.55,6290899.76
PB2082,B13,LDJW-36,512,0,2,2025-11-03 22:30:21.158999,337555.16,6310686.7
PB2082,B13,STHR-46,4860,13,17,2025-11-03 22:30:21.159008,337555.16,6310686.7
PG1944,G14,FLXX-26,851,0,3,2025-11-03 22:30:23.187630,344153.93,6282990.17
PG1944,G14,GCWF-72,8937,28,60,2025-11-03 22:30:23.187635,344153.93,6282990.17
PG1944,G23,SFWZ-68,957,0,3,2025-11-03 22:30:23.187636,344153.93,6282990.17
PG1944,G23,SFWZ-83,5456,15,19,2025-11-03 22:30:23.187637,344153.93,6282990.17
PG1944,G07,THTG-96,3288,8,12,2025-11-03 22:30:23.187638,344153.93,6282990.17
PG1944,G07,THTF-57,3338,9,13,2025-11-03 22:30:23.187639,344153.93,6282990.17
PC128,517,VJJV-33,10917,34,60,2025-11-03 22:30:24.713907,355495.963,6299954.172
PC128,517,VHXK-63,21066,67,60,2025-11-03 22:30:24.713912,355495.963,6299954.172
PC128,D11,SVDC-92,849,0,3,2025-11-03 22:30:24.713913,355495.963,6299954.172
PC128,D11,SVDF-19,3438,9,13,2025-11-03 22:30:24.713914,355495.963,6299954.172
PC128,225,VFJP-79,303,0,3,2025-11-03 22:30:24.713915,355495.963,6299954.172
PC128,225,VFJV-28,5341,15,19,2025-11-03 22:30:24.713915,355495.963,6299954.172
PC128,C05,LDTB-91,8846,28,60,2025-11-03 22:30:24.713916,355495.963,6299954.172
PC128,C05,LDTG-60,9755,31,60,2025-11-03 22:30:24.713917,355495.963,6299954.172
PC128,501,GCBD-78,2822,7,11,2025-11-03 22:30:24.713918,355495.963,6299954.172
PI1439,I25,FLXK-45,6159,17,21,2025-11-03 22:30:26.524342,340990.785,6293548.341
PI1439,I25,FLXL-76,14757,47,60,2025-11-03 22:30:26.524347,340990.785,6293548.341
PI1439,I18,VHSY-18,3773,10,14,2025-11-03 22:30:26.524348,340990.785,6293548.341
PD1045,D09,SVDF-17,9843,31,60,2025-11-03 22:30:28.533291,356959.709,6296280.472
PD1045,D09,SVDB-99,10317,33,60,2025-11-03 22:30:28.533295,356959.709,6296280.472
PD1045,D11,SVDF-24,637,0,2,2025-11-03 22:30:28.533297,356959.709,6296280.472
PD1045,D11,SVDC-49,2933,7,11,2025-11-03 22:30:28.533297,356959.709,6296280.472
PD1045,513,VJJW-88,4784,13,17,2025-11-03 22:30:28.533298,356959.709,6296280.472
PD1045,513,SRTG-95,5413,15,19,2025-11-03 22:30:28.533299,356959.709,6296280.472
PD1045,517,VHZY-60,3662,10,14,2025-11-03 22:30:28.533300,356959.709,6296280.472
PD1045,517,VJJV-33,16060,51,60,2025-11-03 22:30:28.533301,356959.709,6296280.472
PD1045,D01,SVDD-54,662,0,2,2025-11-03 22:30:28.533301,356959.709,6296280.472
PD1045,D01,SVDF-28,4600,13,17,2025-11-03 22:30:28.533302,356959.709,6296280.472
PH762,E04,VKJX-53,942,0,3,2025-11-03 22:30:30.869588,348657.259,6291696.526
PH762,E04,VKJZ-47,2313,5,9,2025-11-03 22:30:30.869593,348657.259,6291696.526
PG1458,G22,THTD-54,2012,4,8,2025-11-03 22:30:32.865534,343229.545,6286293.996
PH566,H06,CJRW-57,427,0,3,2025-11-03 22:30:36.988588,343386.527,6291055.182
PH566,H06,FLXJ-29,5056,14,18,2025-11-03 22:30:36.988594,343386.527,6291055.182
PB1328,B17,SHCY-45,0,0,3,2025-11-03 22:30:39.017152,345270.824,6301404.512
PB1328,B17,SHCX-53,3315,8,12,2025-11-03 22:30:39.017156,345270.824,6301404.512
PF39,F24,SPRV-92,3482,9,13,2025-11-03 22:30:41.126224,354292.962,6283684.721
PF39,F27,SPRV-88,2045,5,9,2025-11-03 22:30:41.126229,354292.962,6283684.721
PF39,F27,SPRY-60,5601,16,20,2025-11-03 22:30:41.126230,354292.962,6283684.721
PF39,F06,SPZX-93,955,0,3,2025-11-03 22:30:41.126231,354292.962,6283684.721
PF39,F06,SPZY-45,3298,8,12,2025-11-03 22:30:41.126232,354292.962,6283684.721
PF39,712,SHCW-65,8328,26,60,2025-11-03 22:30:41.126233,354292.962,6283684.721
PF39,712,SHXG-95,9222,29,60,2025-11-03 22:30:41.126234,354292.962,6283684.721
PF39,F08,SPVT-72,0,0,3,2025-11-03 22:30:41.126234,354292.962,6283684.721
PF39,F08,SPVV-69,2397,6,10,2025-11-03 22:30:41.126235,354292.962,6283684.721
PE211,E12,VFJR-16,1392,0,4,2025-11-03 22:30:43.162660,350626.748,6284466.722
PE211,E13,VFKV-88,700,0,2,2025-11-03 22:30:43.162664,350626.748,6284466.722
PE211,F05,SRVK-82,1151,0,4,2025-11-03 22:30:43.162665,350626.748,6284466.722
PE211,F05,LBTT-20,1764,4,8,2025-11-03 22:30:43.162666,350626.748,6284466.722
PC49,D09,SVDC-91,0,0,3,2025-11-03 22:30:45.173034,349803.26,6299547.58
PC49,D09,SVDD-79,5006,14,18,2025-11-03 22:30:45.173039,349803.26,6299547.58
PC49,106,PGPT-37,2988,7,11,2025-11-03 22:30:45.173040,349803.26,6299547.58
PC49,106,PFVC-58,9013,28,60,2025-11-03 22:30:45.173041,349803.26,6299547.58
PD1358,508,PFXC-57,6045,17,21,2025-11-03 22:30:47.181177,352527.829,6295210.972
PJ746,J07,VHZY-90,1776,4,8,2025-11-03 22:30:49.174827,338464.958,6298561.625
PH725,H12,CJRZ-85,5423,15,19,2025-11-03 22:30:51.200824,344658.109,6292944.491
PH725,H12,FLXF-52,9155,29,60,2025-11-03 22:30:51.200829,344658.109,6292944.491
PG271,G12,SCRZ-31,2519,6,10,2025-11-03 22:30:53.208680,344399.3,6289717.58
PG271,G12,SFGY-68,5835,16,20,2025-11-03 22:30:53.208685,344399.3,6289717.58
PG271,302,BJFX-33,8744,28,60,2025-11-03 22:30:53.208686,344399.3,6289717.58
PG271,302,FLXF-43,11166,35,60,2025-11-03 22:30:53.208687,344399.3,6289717.58
PG271,214,GCBC-23,1495,3,7,2025-11-03 22:30:53.208688,344399.3,6289717.58
PJ536,B09,SHCY-33,2904,7,11,2025-11-03 22:30:56.709349,342261.631,6301503.984
PJ536,B09,SHCY-40,8560,27,60,2025-11-03 22:30:56.709353,342261.631,6301503.984
PJ536,B28,SKHG-89,0,0,3,2025-11-03 22:30:56.709354,342261.631,6301503.984
PJ536,J01,FLXD-30,2284,5,9,2025-11-03 22:30:56.709355,342261.631,6301503.984
PJ536,J01,BJFH-39,2883,7,11,2025-11-03 22:30:56.709356,342261.631,6301503.984
PJ536,J16,TBFW-22,6819,20,24,2025-11-03 22:30:56.709356,342261.631,6301503.984
PE125,210v,VFPT-27,502,0,2,2025-11-03 22:30:58.710526,351170.03,6289933.38
PE125,210v,VFRD-65,2509,6,10,2025-11-03 22:30:58.710531,351170.03,6289933.38
PE125,224,VFPL-46,1052,0,3,2025-11-03 22:30:58.710533,351170.03,6289933.38
PE125,224,VFPZ-97,5177,14,18,2025-11-03 22:30:58.710534,351170.03,6289933.38
PE125,E04,VKJX-11,608,0,2,2025-11-03 22:30:58.710535,351170.03,6289933.38
PE125,E04,VKJZ-79,4548,12,16,2025-11-03 22:30:58.710536,351170.03,6289933.38
PE125,233,SFPG-68,1205,0,4,2025-11-03 22:30:58.710537,351170.03,6289933.38
PE125,233,SFGY-81,3232,8,12,2025-11-03 22:30:58.710538,351170.03,6289933.38
PE125,213e,SRVK-61,1459,3,7,2025-11-03 22:30:58.710539,351170.03,6289933.38
PE125,213e,LCTG-37,6750,19,23,2025-11-03 22:30:58.710540,351170.03,6289933.38
PE125,210,LZRD-91,2470,6,10,2025-11-03 22:30:58.710541,351170.03,6289933.38
PE125,210,RWTP-91,4693,13,17,2025-11-03 22:30:58.710542,351170.03,6289933.38
PG1616,205,RWTP-90,709,0,2,2025-11-03 22:31:00.637048,348279.464,6287231.262
PG1616,205,VGBV-79,2743,7,11,2025-11-03 22:31:00.637053,348279.464,6287231.262
PG1616,207,VJKD-10,4880,13,17,2025-11-03 22:31:00.637055,348279.464,6287231.262
PG1616,207,SVPX-44,5551,16,20,2025-11-03 22:31:00.637056,348279.464,6287231.262
PG1616,207c,VJXW-48,9886,31,60,2025-11-03 22:31:00.637057,348279.464,6287231.262
PG1616,207e,SRTK-49,4460,12,16,2025-11-03 22:31:00.637058,348279.464,6287231.262
PG1616,207e,VJKC-77,4460,12,16,2025-11-03 22:31:00.637059,348279.464,6287231.262
PG1616,209,SVPX-45,4592,13,17,2025-11-03 22:31:00.637060,348279.464,6287231.262
PG1616,209,RYJG-96,6514,19,23,2025-11-03 22:31:00.637061,348279.464,6287231.262
PG1616,209c,VJKR-68,2662,6,10,2025-11-03 22:31:00.637062,348279.464,6287231.262
PG1616,209c,VJLL-81,6370,18,22,2025-11-03 22:31:00.637063,348279.464,6287231.262
PD444,422,PFXC-33,267,0,3,2025-11-03 22:31:02.198863,357229.75,6297568.386
PB2138,B21,SKDJ-76,2778,7,11,2025-11-03 22:31:04.221478,336529.001,6307875.001
PB2138,B21,SKDG-96,6494,19,23,2025-11-03 22:31:04.221483,336529.001,6307875.001
PB2138,425,SHXG-84,1410,0,4,2025-11-03 22:31:04.221484,336529.001,6307875.001
PB2138,425,SJPC-18,1890,4,8,2025-11-03 22:31:04.221485,336529.001,6307875.001
PH1529,329,FLXR-45,2351,5,9,2025-11-03 22:31:05.711458,343860.03,6290336.13
PH1529,329,FLXR-59,9769,31,60,2025-11-03 22:31:05.711463,343860.03,6290336.13
PE160,E03,BJFX-10,1648,3,7,2025-11-03 22:31:07.773006,351625.748,6289763.999
PE160,E03,BJFW-55,3816,10,14,2025-11-03 22:31:07.773012,351625.748,6289763.999
PE160,244,SFVZ-39,566,0,2,2025-11-03 22:31:07.773013,351625.748,6289763.999
PE160,244,SFWZ-32,7165,21,25,2025-11-03 22:31:07.773014,351625.748,6289763.999
PE160,118,FLXS-78,0,0,3,2025-11-03 22:31:07.773015,351625.748,6289763.999
PE160,118,FLXW-62,5640,16,20,2025-11-03 22:31:07.773015,351625.748,6289763.999
PE160,211,TBZB-18,273,0,3,2025-11-03 22:31:07.773016,351625.748,6289763.999
PE160,103,SPBL-98,1289,0,4,2025-11-03 22:31:07.773017,351625.748,6289763.999
PE160,225,VFJK-84,2517,6,10,2025-11-03 22:31:07.773018,351625.748,6289763.999
PE160,225,VJKS-46,4812,13,17,2025-11-03 22:31:07.773019,351625.748,6289763.999
PE160,325,VJXW-59,3417,9,13,2025-11-03 22:31:07.773020,351625.748,6289763.999
PE160,325,VFKT-91,7451,22,26,2025-11-03 22:31:07.773021,351625.748,6289763.999
PB340,208,SGPY-59,2586,6,10,2025-11-03 22:31:09.801123,348015.23,6306869.235
PB340,208,LZPT-66,4215,11,15,2025-11-03 22:31:09.801128,348015.23,6306869.235
PI375,423,PFYS-57,100,0,3,2025-11-03 22:31:11.790142,334712.865,6289131.896
PI375,106,PFVC-53,2597,6,10,2025-11-03 22:31:11.790147,334712.865,6289131.896
PD911,325,VFJP-49,3352,9,13,2025-11-03 22:31:13.566123,352046.405,6292111.501
PD911,325,VFKT-48,7570,22,26,2025-11-03 22:31:13.566128,352046.405,6292111.501
PD519,505,VJBB-50,4302,12,16,2025-11-03 22:31:15.593405,349360.31,6297378.27
PD519,508,FLXW-23,4549,12,16,2025-11-03 22:31:15.593410,349360.31,6297378.27
PD519,508,PFXC-57,10975,35,60,2025-11-03 22:31:15.593411,349360.31,6297378.27
PD519,514,GCBC-99,6346,18,22,2025-11-03 22:31:15.593412,349360.31,6297378.27
PD519,514,FLXV-80,7311,21,25,2025-11-03 22:31:15.593413,349360.31,6297378.27
PJ209,514,GCBF-21,2441,6,10,2025-11-03 22:31:17.690047,336862.424,6297496.944
PJ209,514,FLXS-65,4287,12,16,2025-11-03 22:31:17.690053,336862.424,6297496.944
PJ209,418,LXWP-85,2267,5,9,2025-11-03 22:31:17.690054,336862.424,6297496.944
PJ209,418,SHXF-92,3872,10,14,2025-11-03 22:31:17.690055,336862.424,6297496.944
PJ209,J17,FLXG-21,3720,10,14,2025-11-03 22:31:17.690056,336862.424,6297496.944
PI1821,421,PFYG-99,1315,0,4,2025-11-03 22:31:19.703378,336070.0,6290821.0
PI1821,421,PDZH-83,7298,21,25,2025-11-03 22:31:19.703383,336070.0,6290821.0
PB185,201,GCBB-75,416,0,3,2025-11-03 22:31:21.752275,343164.423,6306858.459
PB185,B08,SJPC-30,1362,0,4,2025-11-03 22:31:21.752282,343164.423,6306858.459
PB185,B18,STHJ-99,0,0,3,2025-11-03 22:31:21.752283,343164.423,6306858.459
PB185,B18,STHF-70,4013,11,15,2025-11-03 22:31:21.752284,343164.423,6306858.459
PB185,425,SJPC-32,1751,4,8,2025-11-03 22:31:21.752285,343164.423,6306858.459
PB185,425,SJPC-46,5641,16,20,2025-11-03 22:31:21.752286,343164.423,6306858.459
PB185,429,SJPF-83,3439,9,13,2025-11-03 22:31:21.752287,343164.423,6306858.459
PB185,429,SLGS-94,3689,10,14,2025-11-03 22:31:21.752297,343164.423,6306858.459
PI978,348,VFZK-51,8560,27,60,2025-11-03 22:31:23.810736,337953.124,6290115.37
PD221,D02,SVDC-44,1537,3,7,2025-11-03 22:31:25.852015,353969.187,6297767.85
PD221,216,LZPW-12,10194,32,60,2025-11-03 22:31:25.852020,353969.187,6297767.85
PD221,D15,SVDC-46,2003,4,8,2025-11-03 22:31:25.852022,353969.187,6297767.85
PD221,D15,SVDD-46,2003,4,8,2025-11-03 22:31:25.852023,353969.187,6297767.85
PD221,286,SFGY-78,7196,21,25,2025-11-03 22:31:25.852024,353969.187,6297767.85
PD221,286,SHXG-76,9132,29,60,2025-11-03 22:31:25.852025,353969.187,6297767.85
PD221,712,SHCY-19,919,0,3,2025-11-03 22:31:25.852026,353969.187,6297767.85
PD221,712,SHCW-63,2588,6,10,2025-11-03 22:31:25.852027,353969.187,6297767.85
PH647,H09,VGRC-33,2319,5,9,2025-11-03 22:31:29.895490,348062.342,6293234.528
PA88,203,LZPR-95,396,0,3,2025-11-03 22:31:31.969209,346708.207,6299420.975
PA88,203e,SFWB-82,372,0,3,2025-11-03 22:31:31.969213,346708.207,6299420.975
PA88,206,FLXX-56,0,0,3,2025-11-03 22:31:31.969214,346708.207,6299420.975
PA88,206,FLXY-63,168,0,3,2025-11-03 22:31:31.969215,346708.207,6299420.975
PA88,214,GCBB-37,666,0,2,2025-11-03 22:31:31.969216,346708.207,6299420.975
PA88,214,GCBB-42,936,0,3,2025-11-03 22:31:31.969217,346708.207,6299420.975
PA88,230,GCBB-48,1605,3,7,2025-11-03 22:31:31.969218,346708.207,6299420.975
PA88,230,GCBB-34,1959,4,8,2025-11-03 22:31:31.969219,346708.207,6299420.975
PA88,116,LCPW-37,1283,0,4,2025-11-03 22:31:31.969219,346708.207,6299420.975
PA88,116,LDJJ-80,3578,9,13,2025-11-03 22:31:31.969220,346708.207,6299420.975
PA88,B02,FLXR-74,1664,3,7,2025-11-03 22:31:31.969221,346708.207,6299420.975
PA88,B02,FLXR-88,9459,30,60,2025-11-03 22:31:31.969222,346708.207,6299420.975
PA88,402,SKPK-28,1942,4,8,2025-11-03 22:31:31.969223,346708.207,6299420.975
PA88,402,PFYC-90,2818,7,11,2025-11-03 22:31:31.969223,346708.207,6299420.975
PA88,B30N,LXDJ-18,15588,49,60,2025-11-03 22:31:31.969224,346708.207,6299420.975
PA88,208,LZRB-85,1712,3,7,2025-11-03 22:31:31.969225,346708.207,6299420.975
PA88,208,LZPW-15,5051,14,18,2025-11-03 22:31:31.969226,346708.207,6299420.975
PA88,B24,SKHG-79,0,0,3,2025-11-03 22:31:31.969227,346708.207,6299420.975
PA88,B24,LDJV-46,1364,0,4,2025-11-03 22:31:31.969228,346708.207,6299420.975
PA88,B02N,FLXR-79,11660,37,60,2025-11-03 22:31:31.969229,346708.207,6299420.975
PF391,F07,SPVW-14,281,0,3,2025-11-03 22:31:33.934906,354622.828,6281879.962
PF391,F07,SPRY-36,1977,4,8,2025-11-03 22:31:33.934911,354622.828,6281879.962
PH84,105,SHXF-28,2172,5,9,2025-11-03 22:31:35.677649,343063.581,6291178.157
PH84,120,SPZX-42,224,0,3,2025-11-03 22:31:35.677654,343063.581,6291178.157
PH84,121,CJRX-69,112,0,3,2025-11-03 22:31:35.677655,343063.581,6291178.157
PH84,125,FLXT-28,2482,6,10,2025-11-03 22:31:35.677656,343063.581,6291178.157
PH84,H03,CJRZ-75,1474,3,7,2025-11-03 22:31:35.677657,343063.581,6291178.157
PH84,H03,CJRW-61,5913,17,21,2025-11-03 22:31:35.677657,343063.581,6291178.157
PH84,345,FLXD-73,2336,5,9,2025-11-03 22:31:35.677658,343063.581,6291178.157
PC182,C01c,PGTV-10,2576,6,10,2025-11-03 22:31:37.455443,352852.292,6301770.882
PC182,C01c,PGPV-80,9905,31,60,2025-11-03 22:31:37.455447,352852.292,6301770.882
PC182,C01,LCPW-41,719,0,2,2025-11-03 22:31:37.455448,352852.292,6301770.882
PC182,C01,LCSX-49,8915,28,60,2025-11-03 22:31:37.455449,352852.292,6301770.882
PC182,407,GCBD-61,6601,19,23,2025-11-03 22:31:37.455450,352852.292,6301770.882
PC182,C19,SHCV-75,1751,4,8,2025-11-03 22:31:37.455451,352852.292,6301770.882
PC182,C19,SPCG-62,9921,31,60,2025-11-03 22:31:37.455452,352852.292,6301770.882
PC182,C28,SPCG-43,616,0,2,2025-11-03 22:31:37.455452,352852.292,6301770.882
PC182,C28,SGPW-40,5951,17,21,2025-11-03 22:31:37.455453,352852.292,6301770.882
PC182,421,PFYG-45,1866,4,8,2025-11-03 22:31:37.455454,352852.292,6301770.882
PC182,421,PFTV-93,6779,19,23,2025-11-03 22:31:37.455455,352852.292,6301770.882
PC182,430,PGBY-74,668,0,2,2025-11-03 22:31:37.455456,352852.292,6301770.882
PC182,430,PFVG-93,4214,11,15,2025-11-03 22:31:37.455456,352852.292,6301770.882
PC182,406,TBFR-45,2576,6,10,2025-11-03 22:31:37.455457,352852.292,6301770.882
PC182,406,TBFP-61,7595,22,26,2025-11-03 22:31:37.455458,352852.292,6301770.882
PC182,426,FLXK-26,2969,7,11,2025-11-03 22:31:37.455459,352852.292,6301770.882
PC182,426,FLXK-28,5784,16,20,2025-11-03 22:31:37.455459,352852.292,6301770.882
PC182,401,PFYH-21,6208,18,22,2025-11-03 22:31:37.455460,352852.292,6301770.882
PC182,401,PFTF-84,10025,32,60,2025-11-03 22:31:37.455461,352852.292,6301770.882
PJ931,J07,VHZY-90,3577,9,13,2025-11-03 22:31:39.588413,336936.236,6298118.671
PJ931,J07e,VJBB-60,387,0,3,2025-11-03 22:31:39.588418,336936.236,6298118.671
PJ931,J10,VHZZ-20,4804,13,17,2025-11-03 22:31:39.588419,336936.236,6298118.671
PJ931,J10,VHZY-40,8336,26,60,2025-11-03 22:31:39.588420,336936.236,6298118.671
PD376,429,SJPD-80,769,0,2,2025-11-03 22:31:41.172495,354377.304,6294031.577
PD376,429,SLPB-44,5197,14,18,2025-11-03 22:31:41.172500,354377.304,6294031.577
PD376,D07,SVDC-22,509,0,2,2025-11-03 22:31:41.172502,354377.304,6294031.577
PD376,D10,SVDD-56,3230,8,12,2025-11-03 22:31:41.172503,354377.304,6294031.577
PD376,D10,STSK-91,7829,23,27,2025-11-03 22:31:41.172504,354377.304,6294031.577
PE1337,418,LXWP-72,1199,0,4,2025-11-03 22:31:43.014388,356322.824,6290415.416
PE1337,E06,BJFZ-27,3773,10,14,2025-11-03 22:31:43.014393,356322.824,6290415.416
PE1337,E06,CJRX-36,5852,16,20,2025-11-03 22:31:43.014393,356322.824,6290415.416
PE1337,E17,FLXJ-18,617,0,2,2025-11-03 22:31:43.014394,356322.824,6290415.416
PE1337,E17,BJFT-98,4163,11,15,2025-11-03 22:31:43.014395,356322.824,6290415.416
PI971,348,VFZK-51,1821,4,8,2025-11-03 22:31:48.524888,333111.436,6289643.148
PI400,401,PGBB-64,3379,9,13,2025-11-03 22:31:50.530666,341459.337,6296681.533
PI400,401,PFVL-13,8185,26,60,2025-11-03 22:31:50.530672,341459.337,6296681.533
PI400,405,PDZH-75,2156,5,9,2025-11-03 22:31:50.530673,341459.337,6296681.533
PI400,405,PFBG-33,7974,23,27,2025-11-03 22:31:50.530674,341459.337,6296681.533
PI400,412,LXWP-87,2707,7,11,2025-11-03 22:31:50.530675,341459.337,6296681.533
PI400,412,PFTW-48,2770,7,11,2025-11-03 22:31:50.530676,341459.337,6296681.533
PI400,418,LXWP-85,7178,21,25,2025-11-03 22:31:50.530677,341459.337,6296681.533
PI400,418,SHXF-92,8570,27,60,2025-11-03 22:31:50.530677,341459.337,6296681.533
PI400,421,PFTF-87,1407,0,4,2025-11-03 22:31:50.530678,341459.337,6296681.533
PI400,421,PFVL-14,8863,28,60,2025-11-03 22:31:50.530679,341459.337,6296681.533
PI400,106,PGPS-89,2156,5,9,2025-11-03 22:31:50.530680,341459.337,6296681.533
PI400,106,PFVJ-21,9573,30,60,2025-11-03 22:31:50.530681,341459.337,6296681.533
PC976,D08,SPBS-67,3554,9,13,2025-11-03 22:31:52.570324,356049.6,6300011.7
PC976,D08,SVDD-29,5127,14,18,2025-11-03 22:31:52.570330,356049.6,6300011.7
PI797,I02,FLXY-94,812,0,3,2025-11-03 22:31:57.627741,333365.251,6290046.869
PI797,I02,FLXZ-40,5013,14,18,2025-11-03 22:31:57.627746,333365.251,6290046.869
PI797,I07,VHTB-73,605,0,2,2025-11-03 22:31:57.627748,333365.251,6290046.869
PI797,I07,VHSY-37,7120,20,24,2025-11-03 22:31:57.627749,333365.251,6290046.869
PI1469,I21,FLXJ-19,4042,11,15,2025-11-03 22:31:59.358197,333844.485,6289406.686
PJ499,508,FLXS-99,2511,6,10,2025-11-03 22:32:02.933070,341567.715,6299909.819
PJ499,508,FDJX-65,7975,23,27,2025-11-03 22:32:02.933074,341567.715,6299909.819
PD706,514,GCBC-99,1478,3,7,2025-11-03 22:32:04.971091,353080.789,6296206.512
PD706,514,FLXV-80,2358,5,9,2025-11-03 22:32:04.971096,353080.789,6296206.512
PC190,412,LXWP-59,0,0,3,2025-11-03 22:32:07.064347,349887.181,6300385.354
PC190,412,PFTW-51,6617,19,23,2025-11-03 22:32:07.064352,349887.181,6300385.354
PC190,418,LXWP-80,337,0,3,2025-11-03 22:32:07.064353,349887.181,6300385.354
PC190,418,PFYC-65,5367,15,19,2025-11-03 22:32:07.064354,349887.181,6300385.354
PC190,406,TBFR-45,5949,17,21,2025-11-03 22:32:07.064355,349887.181,6300385.354
PC190,406,TBFP-61,10718,34,60,2025-11-03 22:32:07.064356,349887.181,6300385.354
PC190,407,FLXV-73,263,0,3,2025-11-03 22:32:07.064357,349887.181,6300385.354
PC190,407,TBFV-32,2733,7,11,2025-11-03 22:32:07.064357,349887.181,6300385.354
PC190,426,BFKC-96,847,0,3,2025-11-03 22:32:07.064358,349887.181,6300385.354
PC190,426,FLXK-26,5949,17,21,2025-11-03 22:32:07.064359,349887.181,6300385.354
PC190,405c,SPBL-80,11087,35,60,2025-11-03 22:32:07.064360,349887.181,6300385.354
PJ1756,507,PFXC-36,1698,3,7,2025-11-03 22:32:09.187219,337206.656,6299797.907
PJ1756,507,TBFX-50,7282,21,25,2025-11-03 22:32:09.187223,337206.656,6299797.907
PJ1756,508,TBFT-46,222,0,3,2025-11-03 22:32:09.187224,337206.656,6299797.907
PJ1756,508,PFXB-59,870,0,3,2025-11-03 22:32:09.187225,337206.656,6299797.907
PJ1756,412,PFYC-13,1852,4,8,2025-11-03 22:32:09.187226,337206.656,6299797.907
PJ1756,412,PFTW-41,1852,4,8,2025-11-03 22:32:09.187227,337206.656,6299797.907
PJ1756,J07,VHZY-10,10651,34,60,2025-11-03 22:32:09.187228,337206.656,6299797.907
PJ1756,J07,VJBB-21,22609,71,60,2025-11-03 22:32:09.187229,337206.656,6299797.907
PJ1756,J07e,VHZX-91,20913,66,60,2025-11-03 22:32:09.187230,337206.656,6299797.907
PJ1756,J07e,VHZW-70,39577,12,5,2025-11-03 22:32:09.187230,337206.656,6299797.907
PI1342,I02,FLXY-94,171,0,3,2025-11-03 22:32:11.168993,333685.908,6290078.477
PI1342,I02,FLXZ-40,4683,13,17,2025-11-03 22:32:11.168998,333685.908,6290078.477
PI1354,I24,VHTB-25,1585,3,7,2025-11-03 22:32:13.207990,330592.806,6291233.782
PG60,228,THTG-64,12821,40,60,2025-11-03 22:32:15.313190,345418.253,6287556.97
PG60,G34,THTD-72,568,0,2,2025-11-03 22:32:15.313195,345418.253,6287556.97
PG60,G34,THTG-62,790,0,2,2025-11-03 22:32:15.313196,345418.253,6287556.97
PG60,G12,SHCV-38,3392,9,13,2025-11-03 22:32:15.313197,345418.253,6287556.97
PG60,G12,SFPF-84,4128,11,15,2025-11-03 22:32:15.313198,345418.253,6287556.97
PG160,229,VJXC-91,299,0,3,2025-11-03 22:32:19.426116,345844.185,6283467.643
PG160,G08v,FLXV-31,1576,3,7,2025-11-03 22:32:19.426123,345844.185,6283467.643
PG160,G08v,FLXV-29,3217,8,12,2025-11-03 22:32:19.426125,345844.185,6283467.643
PG160,228,THTH-52,281,0,3,2025-11-03 22:32:19.426126,345844.185,6283467.643
PG160,228,THTG-52,2053,4,8,2025-11-03 22:32:19.426128,345844.185,6283467.643
PG160,G08,THTD-93,602,0,2,2025-11-03 22:32:19.426130,345844.185,6283467.643
PG160,G08,THTC-29,4776,13,17,2025-11-03 22:32:19.426131,345844.185,6283467.643
PI1396,I24,VHSX-66,2069,5,9,2025-11-03 22:32:21.222819,336751.16,6290707.69
PI1396,I24,VHTB-72,6344,18,22,2025-11-03 22:32:21.222824,336751.16,6290707.69
PI1396,I11,RWRP-39,3426,9,13,2025-11-03 22:32:21.222825,336751.16,6290707.69
PI1396,I12,FLXY-25,2935,7,11,2025-11-03 22:32:21.222826,336751.16,6290707.69
PI1396,I12,FLXY-33,6607,19,23,2025-11-03 22:32:21.222827,336751.16,6290707.69
PE343,210v,LZRB-95,2411,6,10,2025-11-03 22:32:22.967882,353800.386,6285295.119
PE343,210v,VGKY-82,5670,16,20,2025-11-03 22:32:22.967887,353800.386,6285295.119
PE343,E11,VKJX-30,1034,0,3,2025-11-03 22:32:22.967888,353800.386,6285295.119
PE343,E11,VKJX-25,3105,8,12,2025-11-03 22:32:22.967889,353800.386,6285295.119
PB64,120,SKHF-87,1828,4,8,2025-11-03 22:32:24.957780,340204.862,6302869.11
PB64,120,SJTD-56,2023,4,8,2025-11-03 22:32:24.957785,340204.862,6302869.11
PB64,B29,SKHG-73,271,0,3,2025-11-03 22:32:24.957786,340204.862,6302869.11
PB64,B29,SKHG-65,5533,15,19,2025-11-03 22:32:24.957787,340204.862,6302869.11
PB64,408,SRTH-11,1253,8,12,2025-11-03 22:32:24.957788,340204.862,6302869.11
PB64,408,SRTH-20,5979,42,60,2025-11-03 22:32:24.957789,340204.862,6302869.11
PB64,109,FLXS-70,2407,11,15,2025-11-03 22:32:24.957790,340204.862,6302869.11
PB64,109,GCBC-55,4653,22,26,2025-11-03 22:32:24.957791,340204.862,6302869.11
PB64,110,LXWS-33,1002,0,3,2025-11-03 22:32:24.957791,340204.862,6302869.11
PB64,110,LZPH-23,1389,0,4,2025-11-03 22:32:24.957792,340204.862,6302869.11
PB64,410,LFGJ-93,2146,5,9,2025-11-03 22:32:24.957793,340204.862,6302869.11
PB64,105,SHXG-17,1654,3,7,2025-11-03 22:32:24.957794,340204.862,6302869.11
PB64,105,SJPD-91,7652,22,26,2025-11-03 22:32:24.957795,340204.862,6302869.11
PB64,B09,SHCY-40,5289,15,19,2025-11-03 22:32:24.957795,340204.862,6302869.11
PB64,B09,SHCY-34,9938,31,60,2025-11-03 22:32:24.957796,340204.862,6302869.11
PJ1065,511,TBFX-27,2638,6,10,2025-11-03 22:32:26.947961,339914.404,6297675.867
PJ1065,511,PFXB-93,7474,22,26,2025-11-03 22:32:26.947966,339914.404,6297675.867
PH1552,511,TBFW-85,381,0,3,2025-11-03 22:32:28.984351,349139.53,6294869.63
PH1552,511,PFXB-19,233,0,3,2025-11-03 22:32:28.984356,349139.53,6294869.63
PA43,B27,FLXT-89,2041,4,8,2025-11-03 22:32:31.076053,347072.144,6298655.5
PA43,B27,FLXS-27,2114,5,9,2025-11-03 22:32:31.076058,347072.144,6298655.5
PA43,514,PFXC-82,0,0,3,2025-11-03 22:32:31.076059,347072.144,6298655.5
PA43,514,GCBC-99,10303,33,60,2025-11-03 22:32:31.076060,347072.144,6298655.5
PE661,204,VGBX-48,2512,6,10,2025-11-03 22:32:33.133497,350560.25,6288966.847
PE661,204,VFPL-88,6311,18,22,2025-11-03 22:32:33.133502,350560.25,6288966.847
PE661,234,SVPX-50,4714,13,17,2025-11-03 22:32:33.133504,350560.25,6288966.847
PE1488,385,FLXL-82,781,0,2,2025-11-03 22:32:35.145305,350740.66,6290425.31
PE1488,385,FLXK-78,788,0,2,2025-11-03 22:32:35.145311,350740.66,6290425.31
PG697,211,TBYY-63,819,0,3,2025-11-03 22:32:37.177377,342384.721,6278864.191
PG697,211,TBYY-56,4366,12,16,2025-11-03 22:32:37.177382,342384.721,6278864.191
PG697,G02,CJRK-98,2900,7,11,2025-11-03 22:32:37.177383,342384.721,6278864.191
PG697,G02,FLXX-27,5844,17,21,2025-11-03 22:32:37.177384,342384.721,6278864.191
PG697,G07,THTG-69,6013,17,21,2025-11-03 22:32:37.177384,342384.721,6278864.191
PG697,G07,THTG-96,9960,31,60,2025-11-03 22:32:37.177385,342384.721,6278864.191
PG1762,201e,VFHH-65,4269,11,15,2025-11-03 22:32:39.317008,341198.357,6284920.375
PG1762,201e,VFHK-31,5336,15,19,2025-11-03 22:32:39.317013,341198.357,6284920.375
PB172,B02,FLXR-90,1288,0,4,2025-11-03 22:32:41.340528,347970.396,6302255.513
PB172,B02,FLXR-92,2791,7,11,2025-11-03 22:32:41.340542,347970.396,6302255.513
PB172,B02N,FLXR-79,20096,63,60,2025-11-03 22:32:41.340543,347970.396,6302255.513
PB172,116,HRKT-53,4206,11,15,2025-11-03 22:32:41.340544,347970.396,6302255.513
PB172,116,LCPW-37,6282,18,22,2025-11-03 22:32:41.340545,347970.396,6302255.513
PC555,503,VGVF-43,6043,17,21,2025-11-03 22:32:43.370859,352818.349,6300552.868
PC555,503,VGTZ-15,6256,18,22,2025-11-03 22:32:43.370872,352818.349,6300552.868
PC555,517,VHZY-61,10046,32,60,2025-11-03 22:32:43.370873,352818.349,6300552.868
PC555,C06,LWTK-42,7191,21,25,2025-11-03 22:32:43.370874,352818.349,6300552.868
PD1265,D18,SVDD-89,4455,12,16,2025-11-03 22:32:45.168491,352451.323,6298149.72
PD1265,D18,SVDF-21,10785,34,60,2025-11-03 22:32:45.168496,352451.323,6298149.72
PC554,C06,LWTK-42,6773,19,23,2025-11-03 22:32:46.674598,353219.198,6300674.641
PC554,503,VGTZ-15,5838,16,20,2025-11-03 22:32:46.674603,353219.198,6300674.641
PC554,503,VGVF-43,5625,16,20,2025-11-03 22:32:46.674604,353219.198,6300674.641
PC554,722,STHC-45,5209,14,18,2025-11-03 22:32:46.674605,353219.198,6300674.641
PC554,722,LDJW-46,5973,17,21,2025-11-03 22:32:46.674606,353219.198,6300674.641
PC554,517,VHZY-61,9628,30,60,2025-11-03 22:32:46.674607,353219.198,6300674.641
PH303,119,CJRW-12,3180,8,12,2025-11-03 22:32:48.658397,343713.09,6291386.11
PH303,119,BJFW-48,3606,9,13,2025-11-03 22:32:48.658402,343713.09,6291386.11
PH303,H05,VFPJ-11,919,0,3,2025-11-03 22:32:48.658403,343713.09,6291386.11
PH303,H05,VFRG-15,6643,19,23,2025-11-03 22:32:48.658404,343713.09,6291386.11
PH303,345,BJFT-69,2899,7,11,2025-11-03 22:32:48.658405,343713.09,6291386.11
PH303,345,CJRB-12,2899,7,11,2025-11-03 22:32:48.658406,343713.09,6291386.11
PA206,227,VGKX-62,7057,20,24,2025-11-03 22:32:50.639605,347478.167,6296054.291
PA206,227,VFPL-57,11206,35,60,2025-11-03 22:32:50.639610,347478.167,6296054.291
PC189,401,PDZH-79,179,0,3,2025-11-03 22:32:52.140281,350098.262,6300615.444
PC189,401,PFYH-21,8967,28,60,2025-11-03 22:32:52.140286,350098.262,6300615.444
PC189,503,VHLH-86,334,0,3,2025-11-03 22:32:52.140287,350098.262,6300615.444
PC189,503,VHLY-27,2573,6,10,2025-11-03 22:32:52.140288,350098.262,6300615.444
PC189,405,PFTV-85,334,0,3,2025-11-03 22:32:52.140289,350098.262,6300615.444
PC189,405,PFTV-90,3067,8,12,2025-11-03 22:32:52.140290,350098.262,6300615.444
PC189,412,PFTW-51,5804,16,20,2025-11-03 22:32:52.140290,350098.262,6300615.444
PC189,412,PGBY-72,10027,32,60,2025-11-03 22:32:52.140291,350098.262,6300615.444
PC189,418,PFYC-65,4995,14,18,2025-11-03 22:32:52.140292,350098.262,6300615.444
PC189,418,SHXD-75,9544,30,60,2025-11-03 22:32:52.140293,350098.262,6300615.444
PC189,421,PFVK-60,0,0,3,2025-11-03 22:32:52.140294,350098.262,6300615.444
PC189,421,PFYG-45,4679,13,17,2025-11-03 22:32:52.140294,350098.262,6300615.444
PD372,418,SKPL-30,4911,14,18,2025-11-03 22:32:54.187994,355236.153,6294458.198
PD372,418,SKPH-73,6897,20,24,2025-11-03 22:32:54.187999,355236.153,6294458.198
PD372,429,SLPB-44,3031,8,12,2025-11-03 22:32:54.188000,355236.153,6294458.198
PD372,429,SLPC-30,7722,22,26,2025-11-03 22:32:54.188001,355236.153,6294458.198
PD372,D05,PGLD-80,5172,14,18,2025-11-03 22:32:54.188002,355236.153,6294458.198
PD372,D05,SPBL-89,5848,16,20,2025-11-03 22:32:54.188003,355236.153,6294458.198
PA600,121,CJRW-84,340,0,3,2025-11-03 22:32:56.188003,345201.33,6299266.81
PA600,121,CJRZ-67,684,0,2,2025-11-03 22:32:56.188008,345201.33,6299266.81
PA600,402,PFYC-90,0,0,3,2025-11-03 22:32:56.188010,345201.33,6299266.81
PA600,402,SHCY-28,11543,36,60,2025-11-03 22:32:56.188011,345201.33,6299266.81
PA122,204,VFRB-13,1286,0,4,2025-11-03 22:32:58.229689,347700.224,6296463.738
PJ1662,J07,VJBB-21,10115,32,60,2025-11-03 22:33:00.258882,330318.796,6298770.937
PJ1662,J07,VJJX-68,28258,89,60,2025-11-03 22:33:00.258886,330318.796,6298770.937
PJ1662,J12,TBFW-13,8347,26,60,2025-11-03 22:33:00.258887,330318.796,6298770.937
PG1177,G13,SHXB-24,55,0,3,2025-11-03 22:33:02.309113,349289.626,6281565.848
PG1177,G13,SHXG-77,1631,3,7,2025-11-03 22:33:02.309118,349289.626,6281565.848
PB815,B03,LXDJ-25,2262,5,9,2025-11-03 22:33:04.238337,340727.727,6302726.329
PB815,B03,SJPC-44,6393,18,22,2025-11-03 22:33:04.238342,340727.727,6302726.329
PG1974,G16,SDSW-76,2267,5,9,2025-11-03 22:33:06.282040,348654.9,6281805.04
PG1974,G16,SDSW-53,4687,13,17,2025-11-03 22:33:06.282045,348654.9,6281805.04
PJ3,101,PFYT-11,439,0,3,2025-11-03 22:33:08.266564,341499.152,6301311.611
PJ3,101,PFYR-78,5707,16,20,2025-11-03 22:33:08.266568,341499.152,6301311.611
PJ3,107,PGTV-29,1276,0,4,2025-11-03 22:33:08.266570,341499.152,6301311.611
PJ3,107,PGBY-60,6094,17,21,2025-11-03 22:33:08.266570,341499.152,6301311.611
PA691,121,CJRX-69,5432,15,19,2025-11-03 22:33:10.302843,344893.636,6294712.883
PB35,101,PGPT-12,2041,4,8,2025-11-03 22:33:12.367388,344675.422,6303310.628
PB35,101,PFYR-96,6122,17,21,2025-11-03 22:33:12.367393,344675.422,6303310.628
PB35,107,PGBS-46,899,0,3,2025-11-03 22:33:12.367394,344675.422,6303310.628
PB35,107,SKWD-90,1297,0,4,2025-11-03 22:33:12.367395,344675.422,6303310.628
PD794,509,FLXS-71,3300,8,12,2025-11-03 22:33:14.435822,357888.256,6295099.416
PG1630,G02,FLXX-19,2435,6,10,2025-11-03 22:33:16.101470,345050.08,6276383.38
PG1630,G02,CJRK-98,8166,26,60,2025-11-03 22:33:16.101475,345050.08,6276383.38
PG1630,G14,FLXX-29,134,0,3,2025-11-03 22:33:16.101476,345050.08,6276383.38
PG1630,G14,FLXL-98,1074,0,3,2025-11-03 22:33:16.101477,345050.08,6276383.38
