bus_stop_code,route_id,bus_id,meters_distance,min_arrival_time,max_arrival_time,date,X,Y
PJ297,502,TBFT-77,16706,37,49,2025-10-18 06:00:06.567635,341428.476,6300397.496
PJ297,J05,TBFX-75,5436,20,28,2025-10-18 06:00:06.567641,341428.476,6300397.496
PJ297,J05,GCBC-38,14338,45,60,2025-10-18 06:00:06.567643,341428.476,6300397.496
PI1337,405,PFBD-53,8422,14,20,2025-10-18 06:00:08.614725,336770.982,6290374.714
PI1337,405,PFYG-43,17738,45,60,2025-10-18 06:00:08.614730,336770.982,6290374.714
PI1337,I26,PGPS-89,18501,45,60,2025-10-18 06:00:08.614731,336770.982,6290374.714
PI1337,I24,VHTB-64,4464,10,16,2025-10-18 06:00:08.614732,336770.982,6290374.714
PI1337,I02,FLXY-80,7815,18,26,2025-10-18 06:00:08.614733,336770.982,6290374.714
PI1337,I12,FLXY-31,6840,8,14,2025-10-18 06:00:08.614734,336770.982,6290374.714
PB1856,B02,FLXR-76,340,0,3,2025-10-18 06:00:10.536035,349024.78,6305763.93
PE1367,225,SFWZ-76,1525,0,3,2025-10-18 06:00:12.458327,352306.643,6287720.365
PH1466,103,SPBP-92,1816,0,3,2025-10-18 06:00:14.368308,349749.528,6290593.61
PD93,212,SVPX-47,8133,16,22,2025-10-18 06:00:16.372429,351437.856,6294391.917
PD93,212,LZPT-39,13723,27,37,2025-10-18 06:00:16.372434,351437.856,6294391.917
PD93,104,SKVD-75,1985,0,6,2025-10-18 06:00:16.372435,351437.856,6294391.917
PD93,104,SKWD-89,6314,12,18,2025-10-18 06:00:16.372437,351437.856,6294391.917
PD93,224,VFRB-54,4711,9,15,2025-10-18 06:00:16.372438,351437.856,6294391.917
PD93,224,VGBW-48,9999,20,28,2025-10-18 06:00:16.372439,351437.856,6294391.917
PB1337,B17,SHCY-62,154,0,3,2025-10-18 06:00:18.273603,343694.896,6302783.414
PB1337,B17,SKHG-37,11155,45,60,2025-10-18 06:00:18.273610,343694.896,6302783.414
PJ317,505,VHZX-80,13717,33,43,2025-10-18 06:00:22.174767,335833.0,6301354.0
PJ317,505,VHXF-24,22488,45,60,2025-10-18 06:00:22.174772,335833.0,6301354.0
PJ274,502,GCBC-41,312,0,3,2025-10-18 06:00:24.152366,340659.815,6300558.11
PJ274,J05,GCBC-38,2173,0,6,2025-10-18 06:00:24.152372,340659.815,6300558.11
PJ274,J08,FLXV-65,2953,0,8,2025-10-18 06:00:24.152373,340659.815,6300558.11
PJ274,J08,GCBD-37,10126,20,28,2025-10-18 06:00:24.152374,340659.815,6300558.11
PJ719,505,VHXF-24,25523,45,60,2025-10-18 06:00:31.990219,336717.847,6300446.197
PG153,G08,THTH-70,3736,0,10,2025-10-18 06:00:36.213128,345721.318,6282960.998
PG153,229,SFWB-35,7775,19,27,2025-10-18 06:00:36.213132,345721.318,6282960.998
PG153,229,SFWZ-53,14545,36,48,2025-10-18 06:00:36.213133,345721.318,6282960.998
PG153,G24,CJRP-31,4384,11,17,2025-10-18 06:00:36.213134,345721.318,6282960.998
PG153,G35,SDSW-78,1369,0,6,2025-10-18 06:00:36.213135,345721.318,6282960.998
PG153,G35,SFGY-13,10068,26,34,2025-10-18 06:00:36.213136,345721.318,6282960.998
PG153,228,THTF-82,2257,0,6,2025-10-18 06:00:36.213137,345721.318,6282960.998
PG153,G07,THTF-97,8052,29,39,2025-10-18 06:00:36.213138,345721.318,6282960.998
PG153,G07,THTD-46,19410,45,60,2025-10-18 06:00:36.213139,345721.318,6282960.998
PG153,203,SRTK-17,17635,45,60,2025-10-18 06:00:36.213139,345721.318,6282960.998
PG153,203,LZPW-12,24129,45,60,2025-10-18 06:00:36.213140,345721.318,6282960.998
PG153,203N,SFWZ-31,5388,10,16,2025-10-18 06:00:36.213141,345721.318,6282960.998
PG153,203N,SFWB-29,6449,11,17,2025-10-18 06:00:36.213142,345721.318,6282960.998
PG153,G05,SCRZ-30,2938,8,14,2025-10-18 06:00:36.213143,345721.318,6282960.998
PI1065,I10,FLXL-63,2261,0,6,2025-10-18 06:00:40.243197,337257.767,6291854.54
PI1065,I10,FLXL-62,5309,10,16,2025-10-18 06:00:40.243201,337257.767,6291854.54
PA208,227,VFPF-51,1789,0,6,2025-10-18 06:00:43.366061,348011.15,6296146.55
PA208,227,VFPL-74,7882,36,48,2025-10-18 06:00:43.366067,348011.15,6296146.55
PG532,G14,FLXP-14,3576,0,10,2025-10-18 06:00:45.320228,342804.443,6281746.637
PG532,G14,CJRP-13,10267,21,29,2025-10-18 06:00:45.320233,342804.443,6281746.637
PB1650,B12,SKDF-67,4980,10,16,2025-10-18 06:00:47.244543,342657.949,6307781.427
PE852,226,VFPJ-68,2407,0,8,2025-10-18 06:00:49.193924,352861.182,6285451.602
PF900,F16,SPRY-91,7074,16,22,2025-10-18 06:00:51.162334,353892.834,6278992.249
PH442,H05,VFPL-57,1326,0,3,2025-10-18 06:00:53.119995,347008.892,6292184.36
PH442,H24,VGRC-73,7802,15,21,2025-10-18 06:00:53.120000,347008.892,6292184.36
PG72,201E,VFHJ-21,9918,27,37,2025-10-18 06:00:55.032941,341189.511,6285385.529
PJ107,428,SKPJ-43,4691,0,8,2025-10-18 06:00:56.921170,335945.599,6296468.595
PJ107,428,SHXD-59,7083,10,16,2025-10-18 06:00:56.921185,335945.599,6296468.595
PJ107,444,SHXF-88,9042,16,22,2025-10-18 06:00:56.921187,335945.599,6296468.595
PF1107,F18,SRVL-40,3169,10,16,2025-10-18 06:01:02.384369,352121.404,6279294.276
PG296,264N,GCBB-82,1996,0,6,2025-10-18 06:01:03.784315,346520.593,6286518.688
PG296,F05,SPZX-69,1378,0,3,2025-10-18 06:01:03.784321,346520.593,6286518.688
PD1406,D17,PFYC-71,6572,21,29,2025-10-18 06:01:05.679097,354193.314,6292880.476
PC1246,C01,LCPW-44,9216,15,21,2025-10-18 06:01:07.565526,360515.58,6307514.23
PC1246,411,PGTV-10,52,0,3,2025-10-18 06:01:07.565531,360515.58,6307514.23
PF978,F01,SPVT-88,3763,9,15,2025-10-18 06:01:09.206833,355018.651,6279302.131
PF978,F29,SPVT-89,2927,0,10,2025-10-18 06:01:09.206839,355018.651,6279302.131
PF978,712,SPZY-86,1276,0,3,2025-10-18 06:01:09.206840,355018.651,6279302.131
PF978,712,SHCX-33,5802,10,16,2025-10-18 06:01:09.206841,355018.651,6279302.131
PI1462,428,SJPD-56,2115,0,3,2025-10-18 06:01:12.906664,337344.252,6293415.876
PI1462,428,SHCY-99,8573,15,21,2025-10-18 06:01:12.906668,337344.252,6293415.876
PI1462,111,FLXY-27,2139,0,3,2025-10-18 06:01:12.906669,337344.252,6293415.876
PI1462,111,FLXW-82,2910,0,6,2025-10-18 06:01:12.906670,337344.252,6293415.876
PI1462,I07,VHTB-37,5357,16,22,2025-10-18 06:01:12.906671,337344.252,6293415.876
PI1462,110,TBFV-21,2961,0,6,2025-10-18 06:01:12.906671,337344.252,6293415.876
PF781,E12,VFJP-54,18720,45,60,2025-10-18 06:01:14.844326,350574.582,6283509.403
PF781,E12,VFKT-28,27069,45,60,2025-10-18 06:01:14.844331,350574.582,6283509.403
PI1382,I01,FLXF-72,432,0,3,2025-10-18 06:01:18.707580,341686.356,6293509.931
PI1382,I01,FLXG-90,8957,17,25,2025-10-18 06:01:18.707585,341686.356,6293509.931
PE1413,D26,SPBS-52,2616,0,10,2025-10-18 06:01:20.826221,354718.019,6290925.986
PE1413,107,PGPV-83,6074,13,19,2025-10-18 06:01:20.826236,354718.019,6290925.986
PE1413,107,PGLD-61,15608,33,43,2025-10-18 06:01:20.826237,354718.019,6290925.986
PE1413,117,PGRZ-80,9125,28,38,2025-10-18 06:01:20.826238,354718.019,6290925.986
PB161,116,LCSX-48,1843,0,8,2025-10-18 06:01:22.872166,346913.127,6299951.733
PB161,116,LDJJ-67,8913,26,34,2025-10-18 06:01:22.872171,346913.127,6299951.733
PB161,203,SDGY-22,7017,28,38,2025-10-18 06:01:22.872172,346913.127,6299951.733
PB161,203,LZPT-73,14834,45,60,2025-10-18 06:01:22.872173,346913.127,6299951.733
PB161,203N,LXWT-90,2285,0,8,2025-10-18 06:01:22.872173,346913.127,6299951.733
PB161,203N,SFWB-10,2321,0,8,2025-10-18 06:01:22.872174,346913.127,6299951.733
PB161,208,SGCR-39,724,0,3,2025-10-18 06:01:22.872175,346913.127,6299951.733
PB161,208,SXKV-86,7465,19,27,2025-10-18 06:01:22.872176,346913.127,6299951.733
PB161,B03,SPZX-41,1806,0,8,2025-10-18 06:01:22.872177,346913.127,6299951.733
PB161,B03,LXDH-91,7077,20,28,2025-10-18 06:01:22.872186,346913.127,6299951.733
PB161,B30N,LXDH-98,7481,22,30,2025-10-18 06:01:22.872187,346913.127,6299951.733
PB161,B30N,LXDJ-12,19291,45,60,2025-10-18 06:01:22.872188,346913.127,6299951.733
PI276,115,GCBD-39,2049,0,6,2025-10-18 06:01:24.928144,335720.537,6287882.625
PI276,113,FLXZ-76,3004,0,6,2025-10-18 06:01:24.928149,335720.537,6287882.625
PI276,I04,FLXL-15,1467,0,3,2025-10-18 06:01:24.928151,335720.537,6287882.625
PI276,I35,SDSW-87,4425,8,14,2025-10-18 06:01:24.928152,335720.537,6287882.625
PI276,I35,SFGY-19,4977,10,16,2025-10-18 06:01:24.928153,335720.537,6287882.625
PB1703,B06,SKDJ-86,1262,0,6,2025-10-18 06:01:26.808204,337529.682,6308061.801
PB1703,B06,SPCG-35,9508,25,33,2025-10-18 06:01:26.808209,337529.682,6308061.801
PB46,107,PFYC-47,2842,0,8,2025-10-18 06:01:28.790026,347678.27,6303372.64
PB46,107,PGPV-88,9019,17,25,2025-10-18 06:01:28.790032,347678.27,6303372.64
PB46,101,PFYR-72,10956,36,48,2025-10-18 06:01:28.790033,347678.27,6303372.64
PB46,101,PGPT-43,19317,45,60,2025-10-18 06:01:28.790034,347678.27,6303372.64
PG364,G43,FLXC-87,2033,0,6,2025-10-18 06:01:30.760740,343940.634,6280650.429
PG364,G43,GCWF-74,4920,18,26,2025-10-18 06:01:30.760745,343940.634,6280650.429
PG364,G24,FLXC-88,6038,11,17,2025-10-18 06:01:30.760747,343940.634,6280650.429
PG364,301,BJFT-49,2681,0,6,2025-10-18 06:01:30.760748,343940.634,6280650.429
PG364,301,CJRZ-84,16947,33,43,2025-10-18 06:01:30.760749,343940.634,6280650.429
PG364,G38,THTG-91,8860,14,20,2025-10-18 06:01:30.760750,343940.634,6280650.429
PI952,I09,FLXY-95,412,0,3,2025-10-18 06:01:33.039941,333001.647,6291013.709
PI115,348,VHTB-67,4693,12,18,2025-10-18 06:01:34.982612,339390.477,6290635.392
PI115,348,VHSX-69,7027,19,27,2025-10-18 06:01:34.982618,339390.477,6290635.392
PI115,I05,VHSY-17,3394,0,8,2025-10-18 06:01:34.982619,339390.477,6290635.392
PI115,109,TBFW-38,100,0,3,2025-10-18 06:01:34.982621,339390.477,6290635.392
PI115,109,FLXV-54,6120,12,18,2025-10-18 06:01:34.982622,339390.477,6290635.392
PI115,118,FLXX-45,5338,12,18,2025-10-18 06:01:34.982623,339390.477,6290635.392
PI115,108,PFVD-29,3376,0,10,2025-10-18 06:01:34.982624,339390.477,6290635.392
PE1273,225,SFWZ-50,10464,45,60,2025-10-18 06:01:36.942643,352235.187,6287801.122
PE1273,225,SFWZ-52,19755,45,60,2025-10-18 06:01:36.942648,352235.187,6287801.122
PC301,407,PFXC-72,6316,11,17,2025-10-18 06:01:42.056019,350286.34,6300769.38
PC301,426,FLXD-29,9021,15,21,2025-10-18 06:01:42.056025,350286.34,6300769.38
PD995,D09,SVDC-22,1484,0,6,2025-10-18 06:01:43.678064,357250.602,6295227.863
PJ75,110,CJRW-51,4843,10,16,2025-10-18 06:01:45.640632,336681.524,6295828.747
PJ75,110,CJRW-48,9109,27,37,2025-10-18 06:01:45.640637,336681.524,6295828.747
PE1267,E16,VFJV-14,2145,0,8,2025-10-18 06:01:51.616005,351008.901,6285125.95
PB1729,203,SDGY-22,10281,45,60,2025-10-18 06:01:53.531852,347229.725,6303305.984
PB1729,203,LZPT-73,18311,45,60,2025-10-18 06:01:53.531857,347229.725,6303305.984
PB1729,203N,SFWB-10,5429,21,29,2025-10-18 06:01:53.531859,347229.725,6303305.984
PB1729,203N,LXWT-90,5551,22,30,2025-10-18 06:01:53.531860,347229.725,6303305.984
PB1729,208,SGCR-39,3994,16,22,2025-10-18 06:01:53.531862,347229.725,6303305.984
PB1729,208,SXKV-86,10638,35,45,2025-10-18 06:01:53.531863,347229.725,6303305.984
PD181,286,SFGY-85,12038,28,38,2025-10-18 06:01:55.506394,353685.296,6299411.133
PD181,286,SHXG-80,20828,45,60,2025-10-18 06:01:55.506399,353685.296,6299411.133
PD181,712,SHCW-63,6047,9,15,2025-10-18 06:01:55.506400,353685.296,6299411.133
PD181,712,SPZY-56,12820,24,32,2025-10-18 06:01:55.506401,353685.296,6299411.133
PD181,425,SJPC-80,712,0,3,2025-10-18 06:01:55.506402,353685.296,6299411.133
PD181,425,SJPB-28,3955,0,10,2025-10-18 06:01:55.506403,353685.296,6299411.133
PD181,216,LZPG-22,8020,14,20,2025-10-18 06:01:55.506403,353685.296,6299411.133
PD181,216,SFST-39,16243,32,42,2025-10-18 06:01:55.506404,353685.296,6299411.133
PH543,H05,VFPJ-66,6025,16,24,2025-10-18 06:02:01.408473,347276.769,6291900.686
PB1220,B12,SPCG-34,2990,0,8,2025-10-18 06:02:02.817789,343092.737,6306486.399
PB1220,B12,SKDG-96,12469,23,31,2025-10-18 06:02:02.817795,343092.737,6306486.399
PB1220,B19,SHCY-41,244,0,3,2025-10-18 06:02:02.817796,343092.737,6306486.399
PB858,214,GCBB-36,9341,25,33,2025-10-18 06:02:04.748986,345170.915,6301625.296
PB858,B10,STHF-82,3226,0,10,2025-10-18 06:02:04.748992,345170.915,6301625.296
PJ1963,J11,FLXT-62,1067,0,3,2025-10-18 06:02:06.711484,330463.2,6297397.53
PJ945,J11,FLXZ-85,14390,38,50,2025-10-18 06:02:08.656899,330491.973,6297170.271
PJ337,J02,VHZX-50,4388,0,10,2025-10-18 06:02:10.601539,341793.767,6299507.938
PJ337,503,VGVG-26,3142,0,6,2025-10-18 06:02:10.601544,341793.767,6299507.938
PJ337,504,GCBF-19,2536,8,14,2025-10-18 06:02:10.601546,341793.767,6299507.938
PJ337,504,GCBD-55,9764,26,36,2025-10-18 06:02:10.601547,341793.767,6299507.938
PJ337,507,PFXC-31,4952,14,20,2025-10-18 06:02:10.601547,341793.767,6299507.938
PJ337,518,GCBD-27,6410,22,30,2025-10-18 06:02:10.601548,341793.767,6299507.938
PC1233,411,PGTV-10,1731,0,6,2025-10-18 06:02:12.568134,358625.93,6306843.94
PF581,209,LXWT-94,8482,17,23,2025-10-18 06:02:14.078630,350451.799,6277958.199
PF581,209,SFWB-16,19626,38,50,2025-10-18 06:02:14.078635,350451.799,6277958.199
PF581,F15,SRVG-32,3704,14,20,2025-10-18 06:02:14.078637,350451.799,6277958.199
PF581,F15,SRVJ-39,7969,28,38,2025-10-18 06:02:14.078638,350451.799,6277958.199
PB1237,B06,SPCG-35,4417,0,8,2025-10-18 06:02:17.570999,341324.2,6306717.471
PB1237,B21,SKDG-39,1540,0,6,2025-10-18 06:02:17.571004,341324.2,6306717.471
PB1237,425,SJPC-51,14364,22,30,2025-10-18 06:02:17.571005,341324.2,6306717.471
PB1237,425,SJPC-80,18171,31,41,2025-10-18 06:02:17.571006,341324.2,6306717.471
PB1237,428,SLGT-27,1311,0,3,2025-10-18 06:02:17.571007,341324.2,6306717.471
PB1237,307,TWPC-74,13250,29,39,2025-10-18 06:02:17.571008,341324.2,6306717.471
PB1237,307,TWPD-26,20123,45,60,2025-10-18 06:02:17.571009,341324.2,6306717.471
PC902,C11,SKPJ-80,5219,12,18,2025-10-18 06:02:19.252169,353920.258,6303198.133
PC902,C11,SKPJ-87,10605,24,32,2025-10-18 06:02:19.252174,353920.258,6303198.133
PI1235,345,BJFS-77,8988,45,60,2025-10-18 06:02:21.208316,344484.409,6293521.229
PI1235,345,FLXD-75,9675,45,60,2025-10-18 06:02:21.208321,344484.409,6293521.229
PJ1070,541N,TBFS-59,8664,21,29,2025-10-18 06:02:22.807768,336938.656,6299475.826
PE229,E18,BJFY-97,3166,0,10,2025-10-18 06:02:26.494448,349203.119,6288831.453
PE229,E12,VFJP-54,462,0,3,2025-10-18 06:02:26.494453,349203.119,6288831.453
PE229,E12,VFKT-28,8443,21,29,2025-10-18 06:02:26.494454,349203.119,6288831.453
PE229,226,VFPZ-55,1463,0,3,2025-10-18 06:02:26.494456,349203.119,6288831.453
PE229,226,VFPG-91,11175,22,30,2025-10-18 06:02:26.494456,349203.119,6288831.453
PJ67,110,CJRW-48,4129,14,20,2025-10-18 06:02:28.719448,338179.73,6298696.05
PJ67,110,FLXG-45,9263,32,42,2025-10-18 06:02:28.719453,338179.73,6298696.05
PD1351,505,VJBB-20,3492,8,14,2025-10-18 06:02:30.667254,353837.115,6296285.87
PJ47,109,TBFV-20,10416,21,29,2025-10-18 06:02:32.723454,342690.146,6299538.652
PJ47,109,TBFW-38,12994,25,35,2025-10-18 06:02:32.723458,342690.146,6299538.652
PJ47,105,SJPC-37,344,0,3,2025-10-18 06:02:32.723460,342690.146,6299538.652
PJ47,105,SJPD-95,2400,0,10,2025-10-18 06:02:32.723460,342690.146,6299538.652
PJ47,120,TXZK-38,565,0,3,2025-10-18 06:02:32.723461,342690.146,6299538.652
PJ47,120,SKHG-17,9400,20,28,2025-10-18 06:02:32.723462,342690.146,6299538.652
PJ47,B28,SKHG-33,5086,12,18,2025-10-18 06:02:32.723463,342690.146,6299538.652
PJ47,B28,SPZX-55,13506,35,45,2025-10-18 06:02:32.723464,342690.146,6299538.652
PB1138,B10,TXZH-31,4525,8,14,2025-10-18 06:02:34.648893,344524.467,6305939.827
PB1138,B10,STHF-82,13874,29,39,2025-10-18 06:02:34.648898,344524.467,6305939.827
PC781,C28,SHCV-82,2194,0,3,2025-10-18 06:02:36.590160,359005.506,6307561.691
PC781,C19,SGPY-93,3144,0,6,2025-10-18 06:02:36.590166,359005.506,6307561.691
PI1230,I08,FLXX-62,5638,7,13,2025-10-18 06:02:38.490275,342757.58,6296965.65
PI1230,I08,FLXZ-71,9911,18,26,2025-10-18 06:02:38.490280,342757.58,6296965.65
PH1481,H13,BJFZ-92,411,0,3,2025-10-18 06:02:40.450516,343662.056,6290126.104
PH604,H08,FLXF-36,215,0,3,2025-10-18 06:02:48.326464,342465.935,6291410.983
PH604,H12,FLXF-73,1944,0,6,2025-10-18 06:02:48.326469,342465.935,6291410.983
PH604,348,VHSX-99,5305,8,14,2025-10-18 06:02:48.326470,342465.935,6291410.983
PH604,348,VHTB-67,11064,24,32,2025-10-18 06:02:48.326471,342465.935,6291410.983
PE423,E04,VKJZ-10,4442,28,38,2025-10-18 06:02:50.351610,351997.862,6289633.412
PE423,322,BJFT-59,2112,0,8,2025-10-18 06:02:50.351615,351997.862,6289633.412
PH746,H14,FLXR-37,7503,12,18,2025-10-18 06:02:52.265142,346340.887,6291198.548
PF908,F03C,SHXG-86,6988,17,25,2025-10-18 06:02:54.203282,349638.82,6279283.793
PE136,F30N,STHD-26,2801,0,8,2025-10-18 06:02:56.172319,352841.101,6285447.802
PE136,F30N,LBTS-96,16077,31,41,2025-10-18 06:02:56.172325,352841.101,6285447.802
PE136,210,VFPZ-89,9785,18,26,2025-10-18 06:02:56.172326,352841.101,6285447.802
PE136,210,SXKV-89,16665,35,45,2025-10-18 06:02:56.172327,352841.101,6285447.802
PE136,210V,VFPL-11,1,0,3,2025-10-18 06:02:56.172328,352841.101,6285447.802
PE136,210V,VFPS-99,8932,16,22,2025-10-18 06:02:56.172328,352841.101,6285447.802
PB1044,B16,STHK-10,2319,0,6,2025-10-18 06:02:58.106508,344534.526,6308747.171
PB1044,B36,STHJ-81,3169,0,8,2025-10-18 06:02:58.106514,344534.526,6308747.171
PG603,G05,SCRZ-30,8304,24,32,2025-10-18 06:03:02.052105,350569.686,6282104.927
PG603,F06,SPZY-60,4181,16,22,2025-10-18 06:03:02.052110,350569.686,6282104.927
PG603,233,THTH-18,17519,45,60,2025-10-18 06:03:02.052111,350569.686,6282104.927
PG603,233,THTD-94,25206,45,60,2025-10-18 06:03:02.052112,350569.686,6282104.927
PJ376,504,GCBD-55,1544,0,3,2025-10-18 06:03:03.650442,335351.728,6298904.188
PJ376,507,PFXB-87,18716,45,60,2025-10-18 06:03:03.650446,335351.728,6298904.188
PJ376,507,GCBC-49,26618,45,60,2025-10-18 06:03:03.650447,335351.728,6298904.188
PJ376,514,FLXX-91,20023,45,60,2025-10-18 06:03:03.650448,335351.728,6298904.188
PJ376,514,FLXT-10,27241,45,60,2025-10-18 06:03:03.650449,335351.728,6298904.188
PJ376,407,TBFV-94,2866,0,8,2025-10-18 06:03:03.650450,335351.728,6298904.188
PJ376,407,GCBD-21,9497,20,28,2025-10-18 06:03:03.650451,335351.728,6298904.188
PJ376,J07,VHZX-90,5951,12,18,2025-10-18 06:03:03.650452,335351.728,6298904.188
PI767,110,CJRW-51,2050,0,6,2025-10-18 06:03:07.552346,338486.505,6296092.595
PI767,110,CJRW-48,6539,18,26,2025-10-18 06:03:07.552350,338486.505,6296092.595
PB1894,B43,SJPC-76,4079,0,10,2025-10-18 06:03:09.752504,342714.7,6306896.4
PB1894,B07,TXZH-30,8962,14,20,2025-10-18 06:03:09.752510,342714.7,6306896.4
PB1894,B11,SKDG-28,4917,15,21,2025-10-18 06:03:09.752511,342714.7,6306896.4
PB1894,425,SJPC-51,12230,20,28,2025-10-18 06:03:09.752512,342714.7,6306896.4
PB1894,425,SJPC-80,15276,29,39,2025-10-18 06:03:09.752514,342714.7,6306896.4
PB1894,428,SHCV-76,2690,0,3,2025-10-18 06:03:09.752515,342714.7,6306896.4
PB1894,428,SHCX-56,21814,45,60,2025-10-18 06:03:09.752516,342714.7,6306896.4
PB1894,429,SJPF-96,10678,18,26,2025-10-18 06:03:09.752517,342714.7,6306896.4
PB1894,429,SJPD-75,18988,36,48,2025-10-18 06:03:09.752518,342714.7,6306896.4
PC208,C03,SKDH-85,15276,38,50,2025-10-18 06:03:11.691023,350855.945,6301497.38
PC208,405,PFYH-10,3114,0,8,2025-10-18 06:03:11.691029,350855.945,6301497.38
PC208,405,PFVL-13,9562,23,31,2025-10-18 06:03:11.691029,350855.945,6301497.38
PG1320,G18,THTG-70,10586,25,33,2025-10-18 06:03:13.647396,346912.948,6288534.844
PF597,F13,SRRW-59,166,0,3,2025-10-18 06:03:15.654617,349801.203,6278116.846
PF597,F13,SRPJ-99,2191,0,6,2025-10-18 06:03:15.654622,349801.203,6278116.846
PF597,F30N,STHD-26,15454,36,48,2025-10-18 06:03:15.654623,349801.203,6278116.846
PF597,F30N,LBTS-96,28827,45,60,2025-10-18 06:03:15.654624,349801.203,6278116.846
PF597,F33,LBTT-23,5350,11,17,2025-10-18 06:03:15.654625,349801.203,6278116.846
PF1177,F24,SPRW-66,347,0,3,2025-10-18 06:03:17.593422,352136.0,6281016.0
PJ702,505,VJJV-98,717,0,3,2025-10-18 06:03:19.624241,336523.237,6300443.323
PJ702,J04,GCBF-12,6974,22,30,2025-10-18 06:03:19.624246,336523.237,6300443.323
PJ702,J16,TBFW-72,19320,45,60,2025-10-18 06:03:19.624247,336523.237,6300443.323
PJ702,J16,FLXV-58,25850,45,60,2025-10-18 06:03:19.624248,336523.237,6300443.323
PJ702,J20,TBFX-26,7694,28,38,2025-10-18 06:03:19.624249,336523.237,6300443.323
PB1059,B08,SHCY-37,4346,7,13,2025-10-18 06:03:21.601079,337676.541,6306824.197
PI358,118,BJFF-47,4601,0,8,2025-10-18 06:03:23.587415,341288.387,6289998.303
PI358,118,BJFD-65,13479,23,31,2025-10-18 06:03:23.587419,341288.387,6289998.303
PI358,428,SHCY-99,1842,0,6,2025-10-18 06:03:23.587421,341288.387,6289998.303
PI358,428,SHXD-68,5244,10,16,2025-10-18 06:03:23.587421,341288.387,6289998.303
PI358,348,VHSX-99,2176,0,6,2025-10-18 06:03:23.587422,341288.387,6289998.303
PI358,348,VHTB-67,8232,18,26,2025-10-18 06:03:23.587423,341288.387,6289998.303
PI358,I05,VHSY-18,1498,0,6,2025-10-18 06:03:23.587424,341288.387,6289998.303
PI358,I05,VHTB-25,6456,15,21,2025-10-18 06:03:23.587425,341288.387,6289998.303
PI1502,423,PFVC-50,7194,17,25,2025-10-18 06:03:25.534788,338313.1,6293547.66
PI800,I02,FLXY-80,11837,26,36,2025-10-18 06:03:27.506977,332940.654,6290701.278
PI800,I02,FLXZ-34,18703,45,60,2025-10-18 06:03:27.506982,332940.654,6290701.278
PI800,I07,VHSX-81,5651,20,28,2025-10-18 06:03:27.506983,332940.654,6290701.278
PI800,348,VHTB-21,11396,32,42,2025-10-18 06:03:27.506984,332940.654,6290701.278
PI800,348,VHSY-30,18278,45,60,2025-10-18 06:03:27.506985,332940.654,6290701.278
PE232,E12,VFJP-54,1374,0,6,2025-10-18 06:03:29.452178,349702.188,6287924.616
PE232,E12,VFKT-28,9325,24,32,2025-10-18 06:03:29.452183,349702.188,6287924.616
PE232,226,VFPZ-55,2264,0,6,2025-10-18 06:03:29.452184,349702.188,6287924.616
PE232,226,VFPG-91,11963,23,31,2025-10-18 06:03:29.452185,349702.188,6287924.616
PE232,E18,BJFY-97,3610,0,10,2025-10-18 06:03:29.452185,349702.188,6287924.616
PC1091,421,PFTV-86,10612,25,33,2025-10-18 06:03:31.415087,357612.519,6303919.188
PC1091,421,PFVK-99,17160,45,60,2025-10-18 06:03:31.415091,357612.519,6303919.188
PC443,C05,LDTB-88,3160,0,8,2025-10-18 06:03:32.846941,355559.39,6300849.963
PC443,225,SFWZ-52,265,0,3,2025-10-18 06:03:32.846947,355559.39,6300849.963
PB636,B18,STHK-28,2608,0,8,2025-10-18 06:03:35.478189,340270.929,6306207.272
PB636,314,TWPD-15,13483,28,38,2025-10-18 06:03:35.478195,340270.929,6306207.272
PB636,314,TWPD-85,20524,45,60,2025-10-18 06:03:35.478196,340270.929,6306207.272
PB636,B08,SHCY-37,1308,0,3,2025-10-18 06:03:35.478197,340270.929,6306207.272
PF721,F18,LCTG-33,20,0,3,2025-10-18 06:03:39.488908,353599.744,6279214.378
PF721,F18,SRVG-83,8754,18,26,2025-10-18 06:03:39.488913,353599.744,6279214.378
PB1345,B18,STHK-28,6318,15,21,2025-10-18 06:03:41.457147,339105.957,6306015.826
PB1345,B18E,STHJ-99,2791,0,3,2025-10-18 06:03:41.457152,339105.957,6306015.826
PH269,302,BJFW-58,1140,0,3,2025-10-18 06:03:43.464261,345130.52,6291806.3
PH1493,214,GCBB-59,14522,45,60,2025-10-18 06:03:45.459345,344448.61,6290011.74
PH1493,214,GCBB-55,19710,45,60,2025-10-18 06:03:45.459350,344448.61,6290011.74
PH1493,302,BJFW-58,3022,0,8,2025-10-18 06:03:45.459351,344448.61,6290011.74
PI56,107,PGLD-61,2083,0,6,2025-10-18 06:03:47.493990,343134.283,6293697.574
PI56,107,PFZK-80,7711,17,25,2025-10-18 06:03:47.493995,343134.283,6293697.574
PI56,108,PFVD-29,7899,11,17,2025-10-18 06:03:47.493997,343134.283,6293697.574
PI56,108,PFYS-20,14221,32,42,2025-10-18 06:03:47.493998,343134.283,6293697.574
PI56,102,SPZX-65,2705,0,8,2025-10-18 06:03:47.493999,343134.283,6293697.574
PD316,514,FLXT-10,4804,9,15,2025-10-18 06:03:49.542887,352275.782,6297097.931
PD316,422,FLXV-85,7521,16,22,2025-10-18 06:03:49.542892,352275.782,6297097.931
PD316,D03,SVDB-96,1989,0,8,2025-10-18 06:03:49.542893,352275.782,6297097.931
PD316,403,PFVG-98,2787,0,6,2025-10-18 06:03:49.542895,352275.782,6297097.931
PD316,505,VHXF-24,193,0,3,2025-10-18 06:03:49.542896,352275.782,6297097.931
PD316,505,VJBB-20,6295,17,25,2025-10-18 06:03:49.542897,352275.782,6297097.931
PD316,513,LXWS-39,529,0,3,2025-10-18 06:03:49.542898,352275.782,6297097.931
PD316,513,VJJW-98,4960,10,16,2025-10-18 06:03:49.542899,352275.782,6297097.931
PD316,227,VGCB-59,454,0,3,2025-10-18 06:03:49.542900,352275.782,6297097.931
PG5,301,CJRZ-84,6877,13,19,2025-10-18 06:03:51.549571,345652.46,6288853.77
PG5,301,BJFX-29,9007,17,25,2025-10-18 06:03:51.549576,345652.46,6288853.77
PG5,223,SHCV-38,2396,0,8,2025-10-18 06:03:51.549578,345652.46,6288853.77
PG5,223,SHCV-41,9366,20,28,2025-10-18 06:03:51.549579,345652.46,6288853.77
PG5,201,GCBB-13,1563,0,8,2025-10-18 06:03:51.549580,345652.46,6288853.77
PG5,201,GCBB-20,7661,15,21,2025-10-18 06:03:51.549581,345652.46,6288853.77
PG5,229,SFWZ-53,4299,9,15,2025-10-18 06:03:51.549582,345652.46,6288853.77
PE1276,325,VFKS-17,13178,45,60,2025-10-18 06:03:53.517887,351934.73,6288561.21
PE1276,224,VFPL-31,10231,30,40,2025-10-18 06:03:53.517892,351934.73,6288561.21
PE1276,225,SFWZ-50,8828,45,60,2025-10-18 06:03:53.517893,351934.73,6288561.21
PE1276,225,SFWZ-52,18027,45,60,2025-10-18 06:03:53.517894,351934.73,6288561.21
PE1276,323,FLXR-54,1452,0,6,2025-10-18 06:03:53.517895,351934.73,6288561.21
PE1276,E07,BJFX-56,834,0,3,2025-10-18 06:03:53.517897,351934.73,6288561.21
PG593,F06,SPZY-60,900,0,3,2025-10-18 06:03:55.500732,348629.241,6282883.125
PG593,F06,SPZY-65,9893,31,41,2025-10-18 06:03:55.500737,348629.241,6282883.125
PG593,F20,SPZY-58,11837,28,38,2025-10-18 06:03:55.500738,348629.241,6282883.125
PD492,D03,SVDD-74,10795,26,34,2025-10-18 06:03:57.553951,356196.962,6295476.728
PD492,D10,SVDC-62,5876,17,25,2025-10-18 06:03:57.553956,356196.962,6295476.728
PD492,D10,SVDC-72,17480,45,60,2025-10-18 06:03:57.553957,356196.962,6295476.728
PD492,505,LZPH-20,18022,45,60,2025-10-18 06:03:57.553958,356196.962,6295476.728
PD492,505,VHZY-51,19009,45,60,2025-10-18 06:03:57.553959,356196.962,6295476.728
PD492,510,TBFS-49,12137,32,42,2025-10-18 06:03:57.553960,356196.962,6295476.728
PD492,510,GCBF-37,20449,45,60,2025-10-18 06:03:57.553961,356196.962,6295476.728
PD492,516,TBFR-55,3737,11,17,2025-10-18 06:03:57.553962,356196.962,6295476.728
PD492,516,GCBF-15,6162,18,26,2025-10-18 06:03:57.553963,356196.962,6295476.728
PI1124,I22,FLXY-50,1958,0,6,2025-10-18 06:03:59.512675,334879.61,6292914.976
PI1124,I12,FLXY-19,165,0,3,2025-10-18 06:03:59.512681,334879.61,6292914.976
PI1124,I12,FLXY-41,8918,38,50,2025-10-18 06:03:59.512682,334879.61,6292914.976
PH1450,H14,FLXR-37,2300,0,3,2025-10-18 06:04:01.490169,349074.44,6290570.31
PE171,211,TBYY-61,4426,0,10,2025-10-18 06:04:03.020246,348743.776,6287359.801
PE171,118,BJFD-65,5116,8,14,2025-10-18 06:04:03.020251,348743.776,6287359.801
PB1640,B29,SKHG-69,7003,16,22,2025-10-18 06:04:04.485002,335887.339,6303975.272
PB1640,B29,SKHG-79,13723,30,40,2025-10-18 06:04:04.485006,335887.339,6303975.272
PG2086,G39,SHCV-48,17205,45,60,2025-10-18 06:04:06.177155,340319.0,6285895.0
PG2086,G39,SHCV-35,24297,45,60,2025-10-18 06:04:06.177161,340319.0,6285895.0
PH51,204,VFRB-13,361,0,3,2025-10-18 06:04:08.148309,348987.447,6291201.372
PH51,204,VFPV-93,8506,16,22,2025-10-18 06:04:08.148315,348987.447,6291201.372
PH51,204N,VFPZ-39,735,0,3,2025-10-18 06:04:08.148316,348987.447,6291201.372
PE477,E05,CJRX-36,2576,9,15,2025-10-18 06:04:10.157603,350854.0,6290709.57
PE477,E05,BJFT-51,7992,27,37,2025-10-18 06:04:10.157608,350854.0,6290709.57
PE477,D13,BJFV-88,9913,30,40,2025-10-18 06:04:10.157609,350854.0,6290709.57
PG814,G16,SFPG-61,1,0,3,2025-10-18 06:04:12.031065,345941.299,6286655.729
PF26,F24,SPRW-66,5662,11,17,2025-10-18 06:04:13.998732,354258.401,6283661.903
PF26,F27,SPRZ-12,1075,0,3,2025-10-18 06:04:13.998737,354258.401,6283661.903
PF26,F27,SPRV-96,4284,10,16,2025-10-18 06:04:13.998738,354258.401,6283661.903
PF26,F06,SPZY-60,9234,45,60,2025-10-18 06:04:13.998739,354258.401,6283661.903
PF26,F06,SPZY-65,18025,45,60,2025-10-18 06:04:13.998740,354258.401,6283661.903
PF26,F20,SPZY-44,6483,18,26,2025-10-18 06:04:13.998741,354258.401,6283661.903
PF26,F20,SJPC-43,15658,45,60,2025-10-18 06:04:13.998741,354258.401,6283661.903
PE1492,210,VFPZ-89,4959,0,10,2025-10-18 06:04:19.231984,351467.39,6289668.96
PE1492,210,SXKV-89,12009,23,31,2025-10-18 06:04:19.231989,351467.39,6289668.96
PE1492,210V,VFPS-99,4197,0,8,2025-10-18 06:04:19.231990,351467.39,6289668.96
PE1492,210V,VFPV-73,15833,31,41,2025-10-18 06:04:19.231991,351467.39,6289668.96
PE1492,224,VFPL-31,8886,27,37,2025-10-18 06:04:19.231992,351467.39,6289668.96
PE1492,F30N,LBTS-96,11304,22,30,2025-10-18 06:04:19.231993,351467.39,6289668.96
PJ1811,508,FLXX-38,5605,11,17,2025-10-18 06:04:21.200334,339355.38,6300402.17
PJ1811,J03,FLXW-38,10,0,3,2025-10-18 06:04:21.200401,339355.38,6300402.17
PD388,D07,SVDC-89,362,0,10,2025-10-18 06:04:22.801820,355136.585,6293742.111
PD388,D07,SPZK-84,13613,45,60,2025-10-18 06:04:22.801825,355136.585,6293742.111
PD388,D10,STPS-21,10238,37,49,2025-10-18 06:04:22.801826,355136.585,6293742.111
PG351,301,CJRZ-84,11625,24,32,2025-10-18 06:04:24.466744,344725.25,6284429.27
PG351,301,BJFX-29,13932,28,38,2025-10-18 06:04:24.466749,344725.25,6284429.27
PA97,203,LZPW-12,6118,16,22,2025-10-18 06:04:26.434779,347165.418,6296038.546
PA97,203,LZPG-13,7660,20,28,2025-10-18 06:04:26.434784,347165.418,6296038.546
PA97,206,LZPW-16,2420,0,8,2025-10-18 06:04:26.434785,347165.418,6296038.546
PA591,345,BJFS-77,3510,21,29,2025-10-18 06:04:28.372185,344279.7,6296906.302
PA591,345,FLXD-75,5151,45,60,2025-10-18 06:04:28.372190,344279.7,6296906.302
PE417,E03,BJFV-89,2646,0,6,2025-10-18 06:04:30.346648,353701.693,6289687.614
PE417,E06,FLXT-15,2310,0,8,2025-10-18 06:04:30.346653,353701.693,6289687.614
PE417,108,PFYR-70,1186,0,3,2025-10-18 06:04:30.346654,353701.693,6289687.614
PJ241,424,TBFP-90,4854,12,18,2025-10-18 06:04:33.710472,338537.238,6295527.983
PH311,119,FLXT-27,5808,10,16,2025-10-18 06:04:35.229892,342451.677,6288930.733
PH311,119,FLXG-71,14014,34,44,2025-10-18 06:04:35.229897,342451.677,6288930.733
PH311,H03,CJRX-43,784,0,3,2025-10-18 06:04:35.229898,342451.677,6288930.733
PH311,G09,SHCV-49,166,0,3,2025-10-18 06:04:35.229899,342451.677,6288930.733
PC446,401,PDZH-79,14159,28,38,2025-10-18 06:04:37.025350,356636.564,6300616.674
PC446,401,PDYH-93,16671,34,46,2025-10-18 06:04:37.025355,356636.564,6300616.674
PD48,114,SKWD-47,686,0,3,2025-10-18 06:04:38.416769,350792.442,6296739.499
PD48,114,SKWD-50,5639,13,19,2025-10-18 06:04:38.416774,350792.442,6296739.499
PD48,103,SPBS-65,3064,0,6,2025-10-18 06:04:38.416775,350792.442,6296739.499
PD48,103,SPBP-92,9320,17,25,2025-10-18 06:04:38.416776,350792.442,6296739.499
PD48,117,SPBS-39,3731,45,60,2025-10-18 06:04:38.416776,350792.442,6296739.499
PD48,117,SPBL-63,10152,45,60,2025-10-18 06:04:38.416777,350792.442,6296739.499
PD41,117,SPBS-39,1374,16,22,2025-10-18 06:04:40.335251,350794.329,6294409.484
PD41,117,SPBL-63,7799,45,60,2025-10-18 06:04:40.335256,350794.329,6294409.484
PD41,114,SKWD-50,3278,0,10,2025-10-18 06:04:40.335257,350794.329,6294409.484
PD41,114,SKWD-69,7810,14,20,2025-10-18 06:04:40.335258,350794.329,6294409.484
PD41,103,SPBS-65,708,0,3,2025-10-18 06:04:40.335259,350794.329,6294409.484
PD41,103,SPBP-92,6962,14,20,2025-10-18 06:04:40.335260,350794.329,6294409.484
PB2031,303,FLXF-10,721,0,3,2025-10-18 06:04:42.011736,339336.99,6306608.41
PB2031,303,FLXF-85,7585,14,20,2025-10-18 06:04:42.011741,339336.99,6306608.41
PB2031,428,SLGT-27,1887,0,8,2025-10-18 06:04:42.011742,339336.99,6306608.41
PJ1646,J07,VJBB-11,8726,9,15,2025-10-18 06:04:43.436044,332052.355,6305654.284
PJ1646,J07,VHZX-90,20108,31,41,2025-10-18 06:04:43.436049,332052.355,6305654.284
PB2077,C06,SKDJ-75,3487,0,6,2025-10-18 06:04:45.363136,349844.8,6304006.2
PB2077,C06,SHCV-79,11301,23,31,2025-10-18 06:04:45.363140,349844.8,6304006.2
PB2077,B05,SPCG-77,4894,10,16,2025-10-18 06:04:45.363141,349844.8,6304006.2
PA338,426,BJFC-75,3684,0,10,2025-10-18 06:04:47.616551,346106.659,6298104.188
PA338,426,BJFD-64,6442,13,19,2025-10-18 06:04:47.616556,346106.659,6298104.188
PA338,418,PFYC-75,2901,0,6,2025-10-18 06:04:47.616558,346106.659,6298104.188
PA338,418,PFYC-65,7948,14,20,2025-10-18 06:04:47.616559,346106.659,6298104.188
PA338,401,PDZH-79,465,0,3,2025-10-18 06:04:47.616560,346106.659,6298104.188
PA338,401,PDYH-93,2966,0,10,2025-10-18 06:04:47.616560,346106.659,6298104.188
PA338,541N,PFXC-58,1,0,3,2025-10-18 06:04:47.616561,346106.659,6298104.188
PA338,406,TBFW-39,513,0,3,2025-10-18 06:04:47.616564,346106.659,6298104.188
PA338,406,TBFX-16,746,0,3,2025-10-18 06:04:47.616565,346106.659,6298104.188
PA338,407,GCBD-81,1842,0,8,2025-10-18 06:04:47.616566,346106.659,6298104.188
PA338,407,GCBD-31,7012,19,27,2025-10-18 06:04:47.616567,346106.659,6298104.188
PA338,412,PFTW-51,6605,13,19,2025-10-18 06:04:47.616568,346106.659,6298104.188
PA338,412,PGBF-59,12285,26,34,2025-10-18 06:04:47.616568,346106.659,6298104.188
PA338,405,PFVL-13,2708,0,8,2025-10-18 06:04:47.616569,346106.659,6298104.188
PA338,405,PFTV-84,2734,0,8,2025-10-18 06:04:47.616570,346106.659,6298104.188
PA338,421,PFVK-99,2982,0,10,2025-10-18 06:04:47.616571,346106.659,6298104.188
PA338,421,PGBB-63,8305,16,24,2025-10-18 06:04:47.616572,346106.659,6298104.188
PA338,432N,PGPT-44,1264,0,6,2025-10-18 06:04:47.616573,346106.659,6298104.188
PG857,G23,SFVZ-44,359,0,3,2025-10-18 06:04:49.565261,349769.902,6282239.737
PH89,H24,VGRC-93,1196,0,3,2025-10-18 06:04:51.591160,343313.254,6292647.214
PH89,125,BJFW-38,1546,0,6,2025-10-18 06:04:51.591168,343313.254,6292647.214
PH89,125,FLXG-63,5880,13,19,2025-10-18 06:04:51.591169,343313.254,6292647.214
PH89,H12,FLXF-73,2778,0,6,2025-10-18 06:04:51.591171,343313.254,6292647.214
PH89,105,SJPD-92,1665,0,6,2025-10-18 06:04:51.591173,343313.254,6292647.214
PH89,105,SJPC-49,4808,10,16,2025-10-18 06:04:51.591175,343313.254,6292647.214
PH89,120,SKHG-17,1639,0,6,2025-10-18 06:04:51.591177,343313.254,6292647.214
PA206,227,VFPL-74,4916,26,36,2025-10-18 06:04:53.532210,347478.167,6296054.291
PA206,227,VFPJ-31,12816,45,60,2025-10-18 06:04:53.532215,347478.167,6296054.291
PA291,119,BJFS-87,6338,14,20,2025-10-18 06:04:55.501612,345105.21,6296938.56
PA291,119,FLXK-55,12225,27,37,2025-10-18 06:04:55.501617,345105.21,6296938.56
PA291,121,CJRW-56,8994,20,28,2025-10-18 06:04:55.501618,345105.21,6296938.56
PA291,121,CJRZ-67,13745,35,47,2025-10-18 06:04:55.501619,345105.21,6296938.56
PH1430,212,LZPT-39,3828,0,10,2025-10-18 06:04:57.510703,347871.483,6291269.891
PH1430,212,LZPT-71,6507,13,19,2025-10-18 06:04:57.510707,347871.483,6291269.891
PI1480,I02,FLXZ-41,1214,0,8,2025-10-18 06:04:59.428044,337567.691,6295219.794
PI1480,I02,FLXZ-33,9690,15,21,2025-10-18 06:04:59.428049,337567.691,6295219.794
PG821,G18,THTD-79,108,0,3,2025-10-18 06:05:01.375307,346819.278,6285884.683
PG821,G18,THTD-92,7261,17,23,2025-10-18 06:05:01.375312,346819.278,6285884.683
PB970,B11,SKDJ-82,4574,0,10,2025-10-18 06:05:03.369570,344285.106,6305575.954
PB970,B06,SKDH-78,7063,14,20,2025-10-18 06:05:03.369575,344285.106,6305575.954
PB970,B31N,SGPY-95,10776,22,30,2025-10-18 06:05:03.369576,344285.106,6305575.954
PB970,B21,SPCG-32,10252,27,37,2025-10-18 06:05:03.369577,344285.106,6305575.954
PI1153,I13,FLXX-96,6078,19,27,2025-10-18 06:05:05.293736,339437.873,6293133.273
PD1246,D17,PGRZ-64,1418,0,3,2025-10-18 06:05:07.237155,354686.862,6292336.766
PC338,409,SKWD-99,11245,13,19,2025-10-18 06:05:09.329629,350351.0,6301690.26
PC338,411,PGTV-10,11025,16,24,2025-10-18 06:05:09.329634,350351.0,6301690.26
PC338,502,TBFT-77,3080,7,13,2025-10-18 06:05:09.329635,350351.0,6301690.26
PG729,211,SVPW-61,380,0,3,2025-10-18 06:05:11.340178,342006.361,6277672.313
PG729,G46,FLXY-55,0,0,3,2025-10-18 06:05:11.340183,342006.361,6277672.313
PG729,G37,THTD-98,8813,15,21,2025-10-18 06:05:11.340184,342006.361,6277672.313
PG729,G07,THTD-46,4394,0,8,2025-10-18 06:05:11.340185,342006.361,6277672.313
PG765,G08,THTD-41,1261,0,3,2025-10-18 06:05:13.131824,342721.963,6282708.659
PG765,G08,THTD-75,5595,19,27,2025-10-18 06:05:13.131828,342721.963,6282708.659
PG765,G07,THTF-97,442,0,3,2025-10-18 06:05:13.131830,342721.963,6282708.659
PG765,G07,THTD-46,10963,24,32,2025-10-18 06:05:13.131830,342721.963,6282708.659
PD558,508,FLXK-26,1,0,3,2025-10-18 06:05:16.535410,351574.796,6296069.79
PD558,508,PFXB-29,6930,13,19,2025-10-18 06:05:16.535415,351574.796,6296069.79
PD558,511,TBFX-49,2656,0,8,2025-10-18 06:05:16.535416,351574.796,6296069.79
PF510,712,SPZY-86,778,0,3,2025-10-18 06:05:18.470990,354252.528,6279338.775
PF510,712,SHCX-33,4696,8,14,2025-10-18 06:05:18.470995,354252.528,6279338.775
PE218,E18,BJFZ-19,6742,16,22,2025-10-18 06:05:20.510262,350241.169,6286331.419
PE218,286,SHXG-80,4645,0,3,2025-10-18 06:05:20.510267,350241.169,6286331.419
PE218,286,SDSW-56,8961,14,20,2025-10-18 06:05:20.510268,350241.169,6286331.419
PE218,E01,VKJY-64,5208,13,19,2025-10-18 06:05:20.510270,350241.169,6286331.419
PE218,225,SFVZ-80,2073,0,8,2025-10-18 06:05:20.510271,350241.169,6286331.419
PC508,502,GCBC-67,7060,22,30,2025-10-18 06:05:22.495489,348992.3,6300023.74
PC508,502,GCBC-41,7557,24,32,2025-10-18 06:05:22.495494,348992.3,6300023.74
PC545,D11,SVDD-33,2376,0,8,2025-10-18 06:05:26.419626,356171.583,6301371.928
PI1497,I12,FLXY-19,959,0,3,2025-10-18 06:05:28.316702,334281.834,6292830.542
PB808,B03,LXDH-91,1,0,3,2025-10-18 06:05:32.198423,343487.305,6301706.131
PB808,B03,SKHG-70,5633,13,19,2025-10-18 06:05:32.198428,343487.305,6301706.131
PB808,B24,SKHG-14,2396,0,8,2025-10-18 06:05:32.198430,343487.305,6301706.131
PB808,B30N,LXDJ-12,9400,22,30,2025-10-18 06:05:32.198431,343487.305,6301706.131
PF178,F01,SPVW-86,7605,20,28,2025-10-18 06:05:33.743590,354760.294,6279796.566
PF178,F11,SKTZ-90,3132,9,15,2025-10-18 06:05:33.743596,354760.294,6279796.566
PF178,F29,SPVW-99,6856,16,22,2025-10-18 06:05:33.743597,354760.294,6279796.566
PF178,F29,SPVW-79,12401,28,38,2025-10-18 06:05:33.743598,354760.294,6279796.566
PE212,225,SFVZ-80,422,0,3,2025-10-18 06:05:35.479601,350578.807,6284796.739
PE212,F05,SRVJ-17,7888,16,22,2025-10-18 06:05:35.479606,350578.807,6284796.739
PE212,325,VFJD-31,479,0,3,2025-10-18 06:05:35.479607,350578.807,6284796.739
PA5,514,PFXB-18,7971,14,20,2025-10-18 06:05:37.624867,343882.42,6298349.85
PA5,514,TBFX-40,8900,15,21,2025-10-18 06:05:37.624873,343882.42,6298349.85
PA5,406,PFXB-78,16531,36,48,2025-10-18 06:05:37.624874,343882.42,6298349.85
PA5,J16,TBFW-72,4786,11,17,2025-10-18 06:05:37.624875,343882.42,6298349.85
PA5,J16,FLXV-58,11363,27,37,2025-10-18 06:05:37.624875,343882.42,6298349.85
PA5,109,TBFV-20,6356,11,17,2025-10-18 06:05:37.624876,343882.42,6298349.85
PA5,109,TBFW-38,8178,15,21,2025-10-18 06:05:37.624877,343882.42,6298349.85
PA5,422,FLXV-85,17171,38,50,2025-10-18 06:05:37.624878,343882.42,6298349.85
PA5,513,LXWS-39,10763,22,30,2025-10-18 06:05:37.624879,343882.42,6298349.85
PA5,513,VJJW-98,15064,32,42,2025-10-18 06:05:37.624880,343882.42,6298349.85
PA5,J02,VHZX-50,8110,15,21,2025-10-18 06:05:37.624880,343882.42,6298349.85
PA5,J02,VHXJ-22,13586,26,36,2025-10-18 06:05:37.624881,343882.42,6298349.85
PA5,J19,VGTX-58,4890,10,16,2025-10-18 06:05:37.624882,343882.42,6298349.85
PA5,J19,VGVG-57,11219,31,41,2025-10-18 06:05:37.624883,343882.42,6298349.85
PA5,507,PFXB-87,5961,12,18,2025-10-18 06:05:37.624884,343882.42,6298349.85
PA5,507,GCBC-49,13744,28,38,2025-10-18 06:05:37.624884,343882.42,6298349.85
PA5,J05,GCBC-38,6901,16,22,2025-10-18 06:05:37.624885,343882.42,6298349.85
PA5,426,BJFC-78,4504,7,13,2025-10-18 06:05:37.624886,343882.42,6298349.85
PA5,426,FLXD-29,15545,28,38,2025-10-18 06:05:37.624887,343882.42,6298349.85
PA5,B28,SKHG-33,1426,0,3,2025-10-18 06:05:37.624888,343882.42,6298349.85
PA5,B28,SPZX-55,9965,25,33,2025-10-18 06:05:37.624888,343882.42,6298349.85
PB658,408,LZPH-37,2389,0,10,2025-10-18 06:05:39.575497,339982.455,6302760.174
PB658,410,SHXF-25,2730,13,19,2025-10-18 06:05:39.575504,339982.455,6302760.174
PA121,204,VFPY-13,1190,0,3,2025-10-18 06:05:41.490590,347609.52,6296831.875
PC771,C17,SGPX-10,453,0,3,2025-10-18 06:05:43.516489,356392.927,6309215.477
PC771,C28,SKPJ-82,3306,0,8,2025-10-18 06:05:43.516494,356392.927,6309215.477
PC771,C14,SKPK-61,361,0,3,2025-10-18 06:05:43.516496,356392.927,6309215.477
PE23,104,SKWD-13,3645,0,8,2025-10-18 06:05:45.614648,354277.126,6287312.628
PE23,102,SPZX-83,3177,7,13,2025-10-18 06:05:45.614654,354277.126,6287312.628
PE23,102,FLXS-40,7986,20,28,2025-10-18 06:05:45.614655,354277.126,6287312.628
PE23,124,TXZH-40,2591,0,8,2025-10-18 06:05:45.614656,354277.126,6287312.628
PE23,124,LCTG-37,10144,26,34,2025-10-18 06:05:45.614656,354277.126,6287312.628
PE23,712,SHXD-92,5437,9,15,2025-10-18 06:05:45.614657,354277.126,6287312.628
PE23,712,SHXD-89,7411,15,21,2025-10-18 06:05:45.614658,354277.126,6287312.628
PC316,421,PFYG-68,5365,10,16,2025-10-18 06:05:47.690920,356509.88,6302638.43
PH140,203,SRTK-17,233,0,3,2025-10-18 06:05:49.671596,347498.517,6293861.618
PH140,203,LZPW-12,7951,22,30,2025-10-18 06:05:49.671600,347498.517,6293861.618
PH140,206,LZPW-16,4250,8,14,2025-10-18 06:05:49.671602,347498.517,6293861.618
PE85,325,VFKS-17,14894,45,60,2025-10-18 06:05:51.741935,351111.1,6286961.2
PE85,204,VGKY-42,1,0,3,2025-10-18 06:05:51.741939,351111.1,6286961.2
PE85,204,VFPP-11,7483,16,24,2025-10-18 06:05:51.741940,351111.1,6286961.2
PE85,224,VFPL-31,11847,31,41,2025-10-18 06:05:51.741941,351111.1,6286961.2
PD1393,D26,SPBS-52,7450,13,19,2025-10-18 06:05:53.493413,356717.36,6290837.7
PF999,F26,SPVW-83,3420,0,10,2025-10-18 06:05:55.149468,353287.285,6280974.313
PF999,F26,SPVT-96,15855,36,48,2025-10-18 06:05:55.149473,353287.285,6280974.313
PG1088,G11,THTH-11,999,0,3,2025-10-18 06:05:58.329965,347923.954,6285314.578
PG1088,G11,THTF-61,3524,0,10,2025-10-18 06:05:58.329970,347923.954,6285314.578
PB2130,B20,FLXS-50,16040,45,60,2025-10-18 06:06:00.249635,336194.0,6301958.0
PB2130,B20,LXDH-85,28392,45,60,2025-10-18 06:06:00.249641,336194.0,6301958.0
PJ446,505,LZPH-34,414,0,3,2025-10-18 06:06:02.194963,340421.291,6301378.182
PJ446,505,VJJV-98,7294,17,25,2025-10-18 06:06:02.194969,340421.291,6301378.182
PJ446,513,LXWS-40,2539,0,6,2025-10-18 06:06:02.194970,340421.291,6301378.182
PB973,B31N,SGPY-95,10819,22,30,2025-10-18 06:06:03.674765,344935.939,6305360.687
PB973,B27,FLXS-24,8100,22,30,2025-10-18 06:06:03.674772,344935.939,6305360.687
PB973,B06,SKDH-62,15,0,3,2025-10-18 06:06:03.674774,344935.939,6305360.687
PB973,B06,SKDH-78,7370,16,22,2025-10-18 06:06:03.674776,344935.939,6305360.687
PA164,106,PFTW-68,6260,11,17,2025-10-18 06:06:05.772859,345078.935,6297818.729
PA164,513,LXWS-40,10824,26,36,2025-10-18 06:06:05.772865,345078.935,6297818.729
PA164,I09,VHSZ-50,7956,13,19,2025-10-18 06:06:05.772866,345078.935,6297818.729
PA164,I09,FLXY-86,12247,20,28,2025-10-18 06:06:05.772867,345078.935,6297818.729
PA164,I10N,FLXG-59,1102,0,3,2025-10-18 06:06:05.772868,345078.935,6297818.729
PA164,I14N,CJRW-19,671,0,3,2025-10-18 06:06:05.772869,345078.935,6297818.729
PA164,510,GCBF-37,4996,12,18,2025-10-18 06:06:05.772869,345078.935,6297818.729
PA164,516,TBFW-67,2762,0,8,2025-10-18 06:06:05.772870,345078.935,6297818.729
PA164,516,PFXB-21,9748,21,29,2025-10-18 06:06:05.772881,345078.935,6297818.729
PA164,404,PFYC-70,4896,11,17,2025-10-18 06:06:05.772882,345078.935,6297818.729
PA164,422,FLXW-44,8725,18,26,2025-10-18 06:06:05.772883,345078.935,6297818.729
PA164,345,CJRW-14,11126,26,34,2025-10-18 06:06:05.772884,345078.935,6297818.729
PI231,I35,SDSW-87,7207,17,23,2025-10-18 06:06:07.859482,336780.113,6291333.231
PI231,I35,SFGY-19,8600,19,27,2025-10-18 06:06:07.859486,336780.113,6291333.231
PI231,506,TBFT-96,5918,11,17,2025-10-18 06:06:07.859488,336780.113,6291333.231
PI231,506,PFWZ-64,7731,16,22,2025-10-18 06:06:07.859488,336780.113,6291333.231
PI231,506V,TBFT-44,2668,0,6,2025-10-18 06:06:07.859489,336780.113,6291333.231
PI231,401,PFBD-52,631,0,3,2025-10-18 06:06:07.859490,336780.113,6291333.231
PI231,401,PFVL-12,3427,0,10,2025-10-18 06:06:07.859491,336780.113,6291333.231
PI231,405,PFYG-94,1058,0,3,2025-10-18 06:06:07.859492,336780.113,6291333.231
PI231,405,PFTW-10,4334,8,14,2025-10-18 06:06:07.859492,336780.113,6291333.231
PI231,421,PFYG-97,616,0,3,2025-10-18 06:06:07.859493,336780.113,6291333.231
PI231,421,PFYG-63,3173,0,10,2025-10-18 06:06:07.859494,336780.113,6291333.231
PI231,111,FLXY-65,5528,9,15,2025-10-18 06:06:07.859495,336780.113,6291333.231
PI231,111,FLXW-85,10645,18,26,2025-10-18 06:06:07.859496,336780.113,6291333.231
PI231,I09,FLXY-86,883,0,3,2025-10-18 06:06:07.859497,336780.113,6291333.231
PI231,I09,FLXY-95,3910,8,14,2025-10-18 06:06:07.859497,336780.113,6291333.231
PF788,F16,SPRW-22,496,0,3,2025-10-18 06:06:11.638629,353869.364,6278997.881
PG1941,G08,THTD-41,1352,0,3,2025-10-18 06:06:13.592824,343308.42,6282395.95
PG1941,G08,THTD-75,5727,19,27,2025-10-18 06:06:13.592829,343308.42,6282395.95
PH371,H24,VGRC-93,3162,0,8,2025-10-18 06:06:19.515708,344568.584,6292006.692
PH371,121,CJRW-56,1908,0,6,2025-10-18 06:06:19.515713,344568.584,6292006.692
PH371,121,CJRZ-67,6564,17,25,2025-10-18 06:06:19.515714,344568.584,6292006.692
PH371,H06,CJRB-12,2501,0,8,2025-10-18 06:06:19.515714,344568.584,6292006.692
PH371,H13,BJFZ-92,2190,0,8,2025-10-18 06:06:19.515715,344568.584,6292006.692
PH371,H09,VGRG-34,1,0,3,2025-10-18 06:06:19.515716,344568.584,6292006.692
PH450,H24,VGRC-93,5157,11,17,2025-10-18 06:06:21.455316,345921.118,6292284.62
PG1264,302,BJFW-58,10374,16,24,2025-10-18 06:06:23.410487,346657.853,6285079.963
PG1264,302,BJFV-99,18674,32,42,2025-10-18 06:06:23.410492,346657.853,6285079.963
PG1264,G15,THTD-21,4560,14,20,2025-10-18 06:06:23.410493,346657.853,6285079.963
PD99,212,SVPX-47,7101,15,21,2025-10-18 06:06:25.343823,351482.46,6296013.906
PD99,212,LZPT-39,12999,26,36,2025-10-18 06:06:25.343828,351482.46,6296013.906
PD99,104,SKVD-75,319,0,3,2025-10-18 06:06:25.343829,351482.46,6296013.906
PD99,104,SKWD-89,5646,10,16,2025-10-18 06:06:25.343830,351482.46,6296013.906
PD99,224,VFRB-54,4815,7,13,2025-10-18 06:06:25.343831,351482.46,6296013.906
PD99,224,VGBW-48,8844,17,25,2025-10-18 06:06:25.343832,351482.46,6296013.906
PF311,F05,SRVJ-17,2355,0,6,2025-10-18 06:06:27.292505,353125.414,6283612.272
PF311,F05,SPZX-96,7275,17,23,2025-10-18 06:06:27.292510,353125.414,6283612.272
PF311,F06,TXZH-46,4193,7,13,2025-10-18 06:06:27.292511,353125.414,6283612.272
PF311,F20,SPZY-58,5797,13,19,2025-10-18 06:06:27.292512,353125.414,6283612.272
PF311,F08,SPVT-70,2437,0,6,2025-10-18 06:06:27.292513,353125.414,6283612.272
PF311,F08,SPVW-14,16028,33,43,2025-10-18 06:06:27.292514,353125.414,6283612.272
PF311,F14,SPRY-86,7834,19,27,2025-10-18 06:06:27.292515,353125.414,6283612.272
PF311,F27,SPRY-98,871,0,3,2025-10-18 06:06:27.292516,353125.414,6283612.272
PF311,F27,SPRZ-12,9484,17,25,2025-10-18 06:06:27.292516,353125.414,6283612.272
PF311,E16,VFJV-14,4561,10,16,2025-10-18 06:06:27.292517,353125.414,6283612.272
PB1245,B06,SKDJ-86,1410,0,6,2025-10-18 06:06:29.177378,337183.83,6307349.67
PB1245,B06,SPCG-35,9234,25,35,2025-10-18 06:06:29.177384,337183.83,6307349.67
PF354,F16,SPRW-22,9491,23,31,2025-10-18 06:06:31.179304,351870.847,6282434.831
PF354,F07,SPRW-90,4260,13,19,2025-10-18 06:06:31.179309,351870.847,6282434.831
PF354,F07,SPRW-89,18514,45,60,2025-10-18 06:06:31.179310,351870.847,6282434.831
PB305,C18,SHXD-93,6152,11,17,2025-10-18 06:06:32.756973,347217.52,6303586.55
PB305,C18,SHCW-76,15941,33,43,2025-10-18 06:06:32.756979,347217.52,6303586.55
PB469,B11,SKDG-28,6238,15,21,2025-10-18 06:06:34.328674,340848.625,6306102.181
PB469,B43,SJPC-76,5003,7,13,2025-10-18 06:06:34.328678,340848.625,6306102.181
PB469,314,TWPD-15,11917,22,30,2025-10-18 06:06:34.328680,340848.625,6306102.181
PB469,314,TWPD-85,18543,38,50,2025-10-18 06:06:34.328681,340848.625,6306102.181
PB469,315E,TWPC-75,13488,26,34,2025-10-18 06:06:34.328681,340848.625,6306102.181
PB469,315E,TWPC-56,7389,33,43,2025-10-18 06:06:34.328682,340848.625,6306102.181
PB469,B18,STHK-28,1,0,3,2025-10-18 06:06:34.328683,340848.625,6306102.181
PG2084,G39,SHCV-48,11001,45,60,2025-10-18 06:06:36.223482,342053.0,6284658.0
PG2084,G39,SHCV-35,20192,45,60,2025-10-18 06:06:36.223487,342053.0,6284658.0
PI805,I03,FLXL-51,9,0,3,2025-10-18 06:06:38.212174,333823.205,6288249.495
PE554,323,FLXP-47,2944,0,8,2025-10-18 06:06:40.145283,353941.176,6288230.322
PE554,E07,CJRB-10,718,0,3,2025-10-18 06:06:40.145288,353941.176,6288230.322
PB2095,B13,STHJ-68,6437,25,35,2025-10-18 06:06:43.435287,337036.0,6311786.0
PB2095,B13,STHB-21,11843,45,60,2025-10-18 06:06:43.435291,337036.0,6311786.0
PA492,D03,SVDB-96,6704,17,25,2025-10-18 06:06:45.313693,346677.279,6297161.95
PA492,D03,SVDD-96,13700,45,60,2025-10-18 06:06:45.313698,346677.279,6297161.95
PG1265,302,BJFW-58,10245,17,25,2025-10-18 06:06:47.250389,346454.238,6285107.771
PG1265,302,BJFV-99,18761,33,43,2025-10-18 06:06:47.250395,346454.238,6285107.771
PG1265,G15,THTD-21,4608,14,20,2025-10-18 06:06:47.250397,346454.238,6285107.771
PC36,104,SKWD-66,3270,10,16,2025-10-18 06:06:49.162993,350770.24,6300806.625
PC36,104,SKVD-75,5209,15,21,2025-10-18 06:06:49.162998,350770.24,6300806.625
PC36,212,SVPX-47,12255,34,44,2025-10-18 06:06:49.162999,350770.24,6300806.625
PC36,212,LZPT-39,17801,45,60,2025-10-18 06:06:49.163000,350770.24,6300806.625
PJ1670,507,PFXB-87,18980,45,60,2025-10-18 06:06:51.195169,334378.691,6299155.805
PJ1670,507,GCBC-49,26990,45,60,2025-10-18 06:06:51.195174,334378.691,6299155.805
PJ1670,508,FLXS-93,6924,12,18,2025-10-18 06:06:51.195176,334378.691,6299155.805
PJ1670,508,TBFW-19,19073,45,60,2025-10-18 06:06:51.195177,334378.691,6299155.805
PJ1670,514,FLXX-91,21120,45,60,2025-10-18 06:06:51.195178,334378.691,6299155.805
PJ1670,514,FLXT-10,28894,45,60,2025-10-18 06:06:51.195179,334378.691,6299155.805
PJ1670,541N,TBFS-59,10558,24,32,2025-10-18 06:06:51.195180,334378.691,6299155.805
PJ1670,407,TBFV-94,4090,7,13,2025-10-18 06:06:51.195181,334378.691,6299155.805
PJ1670,407,GCBD-21,10026,23,31,2025-10-18 06:06:51.195182,334378.691,6299155.805
PJ1670,422,FLXV-85,30145,45,60,2025-10-18 06:06:51.195184,334378.691,6299155.805
PJ1670,J18,VJBB-71,7452,17,25,2025-10-18 06:06:51.195185,334378.691,6299155.805
PE268,E12,VFKT-28,1687,0,6,2025-10-18 06:06:53.152779,349260.528,6288766.004
PE268,E12,VFKV-50,11495,38,50,2025-10-18 06:06:53.152784,349260.528,6288766.004
PE268,226,VFPJ-68,7545,27,37,2025-10-18 06:06:53.152786,349260.528,6288766.004
PE268,226,VFPF-61,12424,45,60,2025-10-18 06:06:53.152787,349260.528,6288766.004
PE268,E18,BJFW-15,1317,0,3,2025-10-18 06:06:53.152788,349260.528,6288766.004
PE268,E18,BJFZ-19,9222,18,26,2025-10-18 06:06:53.152789,349260.528,6288766.004
PH544,H05,VFPJ-66,4964,13,19,2025-10-18 06:06:55.071674,347708.633,6291797.158
PC46,D09,SVDC-56,4985,10,16,2025-10-18 06:06:56.965100,350117.07,6298490.29
PC46,D09,SVDC-22,10786,22,30,2025-10-18 06:06:56.965106,350117.07,6298490.29
PC46,106,PFVC-39,1265,0,6,2025-10-18 06:06:56.965107,350117.07,6298490.29
PC46,106,PFYR-69,12367,27,37,2025-10-18 06:06:56.965108,350117.07,6298490.29
PJ495,508,FLXX-38,5706,10,16,2025-10-18 06:06:58.319699,340580.138,6300116.233
PJ495,J03,FLXW-38,34,0,3,2025-10-18 06:06:58.319705,340580.138,6300116.233
PI1203,I16,FLXL-69,2112,0,6,2025-10-18 06:07:00.212213,343767.542,6296037.973
PI1203,I16,FLXJ-53,6970,15,21,2025-10-18 06:07:00.212218,343767.542,6296037.973
PC1033,421,PFTV-86,9044,21,29,2025-10-18 06:07:02.011380,357550.437,6303442.234
PC1033,421,PFVK-99,15375,37,49,2025-10-18 06:07:02.011386,357550.437,6303442.234
PC1033,C27,SHCV-64,8528,21,29,2025-10-18 06:07:02.011388,357550.437,6303442.234
PC998,D18,STRJ-56,98,0,3,2025-10-18 06:07:04.284694,348960.66,6298075.244
PC998,D18,SVDD-82,13151,30,40,2025-10-18 06:07:04.284699,348960.66,6298075.244
PJ1760,J16,TBFW-72,7522,25,33,2025-10-18 06:07:08.155969,341557.775,6299146.693
PJ1760,J16,FLXV-58,14039,45,60,2025-10-18 06:07:08.155973,341557.775,6299146.693
PA659,345,BJFS-77,4911,26,36,2025-10-18 06:07:16.152888,344656.514,6294422.755
PA659,345,FLXD-75,7842,45,60,2025-10-18 06:07:16.152893,344656.514,6294422.755
PA659,I01,FLXF-93,2726,0,8,2025-10-18 06:07:16.152894,344656.514,6294422.755
PA659,H24,VGRC-13,8197,16,24,2025-10-18 06:07:16.152895,344656.514,6294422.755
PA659,H24,VGRF-84,9310,19,27,2025-10-18 06:07:16.152895,344656.514,6294422.755
PA659,125,BJFT-65,1,0,3,2025-10-18 06:07:16.152896,344656.514,6294422.755
PA659,H07,CJRX-60,336,0,3,2025-10-18 06:07:16.152897,344656.514,6294422.755
PA659,H07,CJRX-69,3769,9,15,2025-10-18 06:07:16.152898,344656.514,6294422.755
PF446,F15,SRVJ-34,1,0,3,2025-10-18 06:07:18.100023,353055.392,6284458.209
PF446,F15,SRVG-88,3761,8,14,2025-10-18 06:07:18.100028,353055.392,6284458.209
PF446,F13,SRPK-75,3904,7,13,2025-10-18 06:07:18.100030,353055.392,6284458.209
PF446,F13,SRRX-22,4918,11,17,2025-10-18 06:07:18.100031,353055.392,6284458.209
PF30,F08,SPVW-14,5187,10,16,2025-10-18 06:07:20.064248,355208.527,6283802.147
PF30,F24,SPRW-66,5108,10,16,2025-10-18 06:07:20.064253,355208.527,6283802.147
PF30,F27,SPRZ-12,243,0,3,2025-10-18 06:07:20.064255,355208.527,6283802.147
PF30,F27,SPRV-96,4145,8,14,2025-10-18 06:07:20.064256,355208.527,6283802.147
PF30,712,SHXD-92,518,0,3,2025-10-18 06:07:20.064257,355208.527,6283802.147
PF30,712,SHXD-89,2469,0,8,2025-10-18 06:07:20.064257,355208.527,6283802.147
PA222,402,SHXG-36,995,0,3,2025-10-18 06:07:21.966524,343993.97,6299155.86
PJ1817,J07,VJBB-41,6998,8,14,2025-10-18 06:07:23.924801,338601.87,6298045.4
PJ1817,J07,VJBB-11,35530,45,60,2025-10-18 06:07:23.924806,338601.87,6298045.4
PJ1817,J07E,VHZZ-40,4628,10,16,2025-10-18 06:07:23.924808,338601.87,6298045.4
PJ1817,J07E,VHXJ-24,31066,45,60,2025-10-18 06:07:23.924809,338601.87,6298045.4
PJ640,J02,VHXJ-22,651,0,3,2025-10-18 06:07:27.446598,336190.365,6299151.818
PH182,204,VFRB-13,2517,0,6,2025-10-18 06:07:29.143380,348382.193,6294694.31
PH182,204,VFPV-93,10590,20,28,2025-10-18 06:07:29.143385,348382.193,6294694.31
PH182,204N,VFPZ-39,2920,0,8,2025-10-18 06:07:29.143386,348382.193,6294694.31
PD681,D16,PGBY-43,11048,23,31,2025-10-18 06:07:31.160989,353673.24,6291426.715
PD681,103,SPBP-94,2415,0,6,2025-10-18 06:07:31.160995,353673.24,6291426.715
PD681,103,SPBF-50,11796,28,38,2025-10-18 06:07:31.160996,353673.24,6291426.715
PD681,D26,SPBL-78,1696,0,3,2025-10-18 06:07:31.160998,353673.24,6291426.715
PD681,D26,SPBS-52,12893,22,30,2025-10-18 06:07:31.160999,353673.24,6291426.715
PD681,514,TBFX-51,17217,45,60,2025-10-18 06:07:31.161000,353673.24,6291426.715
PD681,514,PFXB-18,27095,45,60,2025-10-18 06:07:31.161001,353673.24,6291426.715
PD415,D01,SVDD-24,11290,45,60,2025-10-18 06:07:34.279525,355588.427,6297557.842
PD415,D02,SVDC-58,5877,31,41,2025-10-18 06:07:34.279530,355588.427,6297557.842
PD415,D15,SVDD-68,9949,26,36,2025-10-18 06:07:34.279531,355588.427,6297557.842
PD415,D15,SVDC-52,21811,45,60,2025-10-18 06:07:34.279532,355588.427,6297557.842
PD415,403,SKPK-27,796,0,3,2025-10-18 06:07:34.279533,355588.427,6297557.842
PD415,403,PFVG-88,8326,18,26,2025-10-18 06:07:34.279534,355588.427,6297557.842
PD415,227,VFPF-51,8554,22,30,2025-10-18 06:07:34.279534,355588.427,6297557.842
PD415,227,VFPL-74,13231,45,60,2025-10-18 06:07:34.279535,355588.427,6297557.842
PD415,422,TBFR-50,10472,28,38,2025-10-18 06:07:34.279536,355588.427,6297557.842
PD415,422,FLXW-44,19780,45,60,2025-10-18 06:07:34.279537,355588.427,6297557.842
PB1354,B41,GCBC-17,201,0,3,2025-10-18 06:07:36.225418,345474.692,6305519.586
PB1354,B19,SHCY-41,2839,0,6,2025-10-18 06:07:36.225424,345474.692,6305519.586
PJ52,402,SHXG-36,114,0,3,2025-10-18 06:07:38.172087,343187.369,6298973.74
PJ52,J01,TBFS-64,4970,11,17,2025-10-18 06:07:38.172092,343187.369,6298973.74
PJ52,J01,FLXV-83,10071,25,33,2025-10-18 06:07:38.172093,343187.369,6298973.74
PJ52,J05,GCBC-38,2111,0,8,2025-10-18 06:07:38.172094,343187.369,6298973.74
PJ52,J16,TBFW-72,131,0,3,2025-10-18 06:07:38.172095,343187.369,6298973.74
PJ52,J16,FLXV-58,6576,16,22,2025-10-18 06:07:38.172096,343187.369,6298973.74
PJ52,109,PFXB-25,4627,10,16,2025-10-18 06:07:38.172096,343187.369,6298973.74
PI1364,I08,FLXX-71,226,0,3,2025-10-18 06:07:40.109854,336254.577,6293076.213
PF546,F02,SHXD-57,5939,13,19,2025-10-18 06:07:42.069238,352582.127,6277675.287
PI1422,348,VHSX-99,250,0,3,2025-10-18 06:07:43.443162,341406.861,6290652.128
PI1422,348,VHTB-67,8027,17,23,2025-10-18 06:07:43.443167,341406.861,6290652.128
PA695,109,TBFV-20,2533,0,6,2025-10-18 06:07:45.390014,344620.898,6295926.012
PA695,109,TBFW-38,4050,0,10,2025-10-18 06:07:45.390019,344620.898,6295926.012
PA695,119,BJFS-87,3924,8,14,2025-10-18 06:07:45.390020,344620.898,6295926.012
PA695,119,FLXK-55,9619,21,29,2025-10-18 06:07:45.390021,344620.898,6295926.012
PA695,345,CJRW-14,8229,19,27,2025-10-18 06:07:45.390022,344620.898,6295926.012
PA695,I18,VHTB-47,12984,23,31,2025-10-18 06:07:45.390023,344620.898,6295926.012
PA695,511,TBFW-98,3594,8,14,2025-10-18 06:07:45.390024,344620.898,6295926.012
PA695,511,TBFX-49,11694,32,42,2025-10-18 06:07:45.390025,344620.898,6295926.012
PH603,348,VHSX-99,1864,0,6,2025-10-18 06:07:47.312051,342374.142,6291177.937
PH603,348,VHTB-67,9509,19,27,2025-10-18 06:07:47.312056,342374.142,6291177.937
PB1542,B09,SHCY-32,7802,29,39,2025-10-18 06:07:49.301177,335991.875,6303371.407
PB1542,B09,SHCY-34,20347,45,60,2025-10-18 06:07:49.301182,335991.875,6303371.407
PB1542,B29,SKHG-69,5242,10,16,2025-10-18 06:07:49.301184,335991.875,6303371.407
PB1542,B29,SKHG-79,10793,24,32,2025-10-18 06:07:49.301185,335991.875,6303371.407
PB1465,B26,FLXS-57,2974,8,14,2025-10-18 06:07:53.111872,344170.691,6302775.849
PB1465,B26,FLXP-69,5520,17,23,2025-10-18 06:07:53.111878,344170.691,6302775.849
PJ1745,402,SKPL-28,1790,0,10,2025-10-18 06:07:55.082595,334107.509,6299014.347
PJ1745,402,PFTW-50,17267,45,60,2025-10-18 06:07:55.082600,334107.509,6299014.347
PJ1745,412,LXWP-87,21609,45,60,2025-10-18 06:07:55.082601,334107.509,6299014.347
PJ1745,412,PGBY-72,36250,45,60,2025-10-18 06:07:55.082602,334107.509,6299014.347
PJ1745,418,PFYC-32,614,0,6,2025-10-18 06:07:55.082603,334107.509,6299014.347
PJ1745,418,LXWP-67,12061,38,50,2025-10-18 06:07:55.082604,334107.509,6299014.347
PJ1745,428,SHCX-56,3102,0,8,2025-10-18 06:07:55.082605,334107.509,6299014.347
PJ1745,428,SJPD-56,6434,11,17,2025-10-18 06:07:55.082605,334107.509,6299014.347
PB464,B45,TWPD-34,9610,29,39,2025-10-18 06:07:56.912988,337706.81,6306301.85
PD629,D10,STPS-21,14021,45,60,2025-10-18 06:08:00.288173,352252.863,6292202.835
PD629,508,PFXB-29,802,0,3,2025-10-18 06:08:00.288178,352252.863,6292202.835
PI577,I10,FLXL-63,1192,0,6,2025-10-18 06:08:02.155603,338063.993,6292713.221
PI577,I10,FLXL-62,3773,9,15,2025-10-18 06:08:02.155608,338063.993,6292713.221
PI577,509,FLXK-20,6379,13,19,2025-10-18 06:08:02.155610,338063.993,6292713.221
PI577,423,PFVC-50,4466,10,16,2025-10-18 06:08:02.155611,338063.993,6292713.221
PA509,511,TBFX-49,7786,20,28,2025-10-18 06:08:03.655419,346875.501,6295040.197
PA509,D05,PGTV-19,9323,16,24,2025-10-18 06:08:03.655424,346875.501,6295040.197
PA509,D07,SVDC-92,2356,0,8,2025-10-18 06:08:03.655425,346875.501,6295040.197
PA509,D07,SVDC-79,17104,45,60,2025-10-18 06:08:03.655426,346875.501,6295040.197
PA509,E04,VKJZ-25,8293,20,28,2025-10-18 06:08:03.655427,346875.501,6295040.197
PA509,E04,VKJZ-10,13438,45,60,2025-10-18 06:08:03.655428,346875.501,6295040.197
PA509,I01,FLXL-22,2807,0,8,2025-10-18 06:08:03.655429,346875.501,6295040.197
PI28,I04,FLXZ-63,3256,0,8,2025-10-18 06:08:05.640399,340563.833,6292091.291
PI28,I04,FLXL-15,7643,12,18,2025-10-18 06:08:05.640404,340563.833,6292091.291
PI28,I14,CJRW-83,3522,11,17,2025-10-18 06:08:05.640405,340563.833,6292091.291
PG1957,G07,THTG-85,4601,0,10,2025-10-18 06:08:07.557199,337835.5,6273170.96
PG1957,G07,THTD-88,13907,31,41,2025-10-18 06:08:07.557205,337835.5,6273170.96
PD226,712,SJPD-98,6777,10,16,2025-10-18 06:08:11.516603,353790.728,6298693.248
PD226,D18,SVDD-82,6642,16,22,2025-10-18 06:08:11.516609,353790.728,6298693.248
PE239,226,VFPZ-55,2734,0,8,2025-10-18 06:08:13.401214,351040.816,6286135.934
PE239,226,VFPG-91,13311,26,36,2025-10-18 06:08:13.401218,351040.816,6286135.934
PE239,E01,VKJX-45,73,0,3,2025-10-18 06:08:13.401220,351040.816,6286135.934
PB1024,B43,SJPC-76,7936,16,22,2025-10-18 06:08:15.414136,340443.993,6307983.988
PB559,B12,SKDG-11,2177,0,3,2025-10-18 06:08:17.406533,339099.157,6307742.474
PB559,B12,SKDF-67,12808,19,27,2025-10-18 06:08:17.406537,339099.157,6307742.474
PB559,B12C,LFGL-97,4684,12,18,2025-10-18 06:08:17.406539,339099.157,6307742.474
PB559,307,TWPC-74,15306,33,43,2025-10-18 06:08:17.406540,339099.157,6307742.474
PB559,307,TWPD-26,21202,45,60,2025-10-18 06:08:17.406540,339099.157,6307742.474
PB559,B13,STHB-21,2094,0,8,2025-10-18 06:08:17.406541,339099.157,6307742.474
PB559,B13,STHJ-72,8122,28,38,2025-10-18 06:08:17.406543,339099.157,6307742.474
PJ151,422,FLXV-85,22548,45,60,2025-10-18 06:08:18.963464,338795.325,6298088.431
PJ151,426,BJFC-78,10051,25,33,2025-10-18 06:08:18.963469,338795.325,6298088.431
PJ151,426,FLXD-29,20383,45,60,2025-10-18 06:08:18.963470,338795.325,6298088.431
PJ151,402,PFTW-50,9994,45,60,2025-10-18 06:08:18.963471,338795.325,6298088.431
PJ151,402,SHXG-36,14135,45,60,2025-10-18 06:08:18.963471,338795.325,6298088.431
PJ151,511,TBFW-98,12282,45,60,2025-10-18 06:08:18.963472,338795.325,6298088.431
PJ151,511,TBFX-49,20530,45,60,2025-10-18 06:08:18.963473,338795.325,6298088.431
PJ151,406,PFXB-78,22107,45,60,2025-10-18 06:08:18.963474,338795.325,6298088.431
PJ151,407,GCBD-21,2795,0,8,2025-10-18 06:08:18.963475,338795.325,6298088.431
PJ151,407,TBFX-69,9437,19,27,2025-10-18 06:08:18.963476,338795.325,6298088.431
PD1395,425,SJPC-83,1086,0,3,2025-10-18 06:08:20.634488,354526.503,6294661.749
PD1395,425,SJPB-24,18734,35,47,2025-10-18 06:08:20.634494,354526.503,6294661.749
PG381,301C,BJFW-34,1417,0,6,2025-10-18 06:08:24.574725,344791.857,6284650.608
PB764,B02,FLXR-80,6721,17,25,2025-10-18 06:08:26.820427,347556.402,6301632.479
PB764,B02,FLXR-76,14530,45,60,2025-10-18 06:08:26.820431,347556.402,6301632.479
PH247,G11,THTG-94,4515,10,16,2025-10-18 06:08:28.770561,346671.639,6290278.481
PH247,G11,THTH-11,7565,16,24,2025-10-18 06:08:28.770565,346671.639,6290278.481
PH247,226,VFPH-79,2406,0,10,2025-10-18 06:08:28.770566,346671.639,6290278.481
PH247,226,VFPJ-68,10331,36,48,2025-10-18 06:08:28.770567,346671.639,6290278.481
PH247,227,VFPD-81,4886,0,10,2025-10-18 06:08:28.770568,346671.639,6290278.481
PH247,227,VGCB-59,14467,25,35,2025-10-18 06:08:28.770569,346671.639,6290278.481
PF176,F10C,SRVJ-43,4384,0,10,2025-10-18 06:08:30.881451,353788.279,6280015.052
PF176,F10C,SPZX-70,9481,21,29,2025-10-18 06:08:30.881455,353788.279,6280015.052
PF176,124,SRVL-15,7122,21,29,2025-10-18 06:08:30.881456,353788.279,6280015.052
PF176,F10,SRPJ-89,6201,12,18,2025-10-18 06:08:30.881457,353788.279,6280015.052
PF176,F13,SRPK-24,472,0,3,2025-10-18 06:08:30.881458,353788.279,6280015.052
PF176,F13,SRRX-58,543,0,3,2025-10-18 06:08:30.881459,353788.279,6280015.052
PF176,F16,SPRY-91,429,0,3,2025-10-18 06:08:30.881460,353788.279,6280015.052
PG63,201,GCBB-92,1002,0,3,2025-10-18 06:08:32.815861,345596.463,6288473.782
PG63,201,GCBB-93,5260,10,16,2025-10-18 06:08:32.815866,345596.463,6288473.782
PG63,229,LZPT-40,2671,0,8,2025-10-18 06:08:32.815867,345596.463,6288473.782
PG63,229,SFWB-42,5652,12,18,2025-10-18 06:08:32.815868,345596.463,6288473.782
PG63,223,SFPF-94,2610,0,10,2025-10-18 06:08:32.815869,345596.463,6288473.782
PB357,272,VFPC-51,3833,10,16,2025-10-18 06:08:34.814229,343856.552,6304856.65
PB357,272,VFHT-81,11040,30,40,2025-10-18 06:08:34.814234,343856.552,6304856.65
PB357,B01,SKHF-92,815,0,3,2025-10-18 06:08:34.814235,343856.552,6304856.65
PB357,B01,SKHG-40,10002,21,29,2025-10-18 06:08:34.814236,343856.552,6304856.65
PD202,210V,VFPF-54,4042,0,10,2025-10-18 06:08:36.769338,349288.13,6294494.53
PD202,210V,VFRB-56,9751,18,26,2025-10-18 06:08:36.769344,349288.13,6294494.53
PD202,F30N,LCTG-23,11873,22,30,2025-10-18 06:08:36.769345,349288.13,6294494.53
PD202,F30N,STHF-56,25785,45,60,2025-10-18 06:08:36.769346,349288.13,6294494.53
PD202,210,SXKV-93,3950,0,10,2025-10-18 06:08:36.769347,349288.13,6294494.53
PD202,210,LZRD-90,6818,12,18,2025-10-18 06:08:36.769348,349288.13,6294494.53
PA384,412,PGBY-72,13549,27,37,2025-10-18 06:08:38.734041,347968.954,6299058.734
PA384,418,PFYC-66,5889,11,17,2025-10-18 06:08:38.734045,347968.954,6299058.734
PA384,418,PFVH-15,18393,45,60,2025-10-18 06:08:38.734047,347968.954,6299058.734
PA384,514,FLXX-91,1074,0,3,2025-10-18 06:08:38.734048,347968.954,6299058.734
PA384,514,FLXT-10,9051,20,28,2025-10-18 06:08:38.734048,347968.954,6299058.734
PI1107,I22,FLXY-50,563,0,3,2025-10-18 06:08:40.655802,334286.57,6292863.456
PI1107,I12,FLXY-41,7137,35,45,2025-10-18 06:08:40.655807,334286.57,6292863.456
PI1107,I12,FLXZ-70,12525,45,60,2025-10-18 06:08:40.655808,334286.57,6292863.456
PB883,214,GCBB-40,6599,29,39,2025-10-18 06:08:42.633578,343953.675,6303285.323
PB883,214,GCBB-24,12395,45,60,2025-10-18 06:08:42.633583,343953.675,6303285.323
PB883,B26,FLXS-57,3283,9,15,2025-10-18 06:08:42.633584,343953.675,6303285.323
PB883,B26,FLXP-69,5931,16,22,2025-10-18 06:08:42.633585,343953.675,6303285.323
PB883,B04,SHXD-86,1483,0,8,2025-10-18 06:08:42.633586,343953.675,6303285.323
PB883,B04,SJPC-33,13164,16,22,2025-10-18 06:08:42.633587,343953.675,6303285.323
PI1603,I04,FLXF-78,823,0,3,2025-10-18 06:08:44.546328,342162.969,6295707.414
PG562,F06,SPZY-65,69,0,3,2025-10-18 06:08:46.490641,344624.183,6286062.883
PG3,201,GCBB-20,5328,10,16,2025-10-18 06:08:48.537810,345767.121,6289389.257
PG3,201,GCBB-75,9187,19,27,2025-10-18 06:08:48.537815,345767.121,6289389.257
PG3,229,SFWZ-53,1687,0,6,2025-10-18 06:08:48.537816,345767.121,6289389.257
PG3,301,CJRZ-84,4021,0,10,2025-10-18 06:08:48.537817,345767.121,6289389.257
PG3,301,BJFX-29,5946,10,16,2025-10-18 06:08:48.537818,345767.121,6289389.257
PG3,223,SHCV-41,7180,14,20,2025-10-18 06:08:48.537818,345767.121,6289389.257
PF917,F14,SPRY-50,4620,11,17,2025-10-18 06:08:50.509283,354004.178,6280472.308
PF917,F14,SPRX-21,10962,25,35,2025-10-18 06:08:50.509288,354004.178,6280472.308
PD830,D16,SPBS-40,10704,30,40,2025-10-18 06:08:52.436606,353040.754,6298257.194
PD224,D08,SVDC-42,7799,15,21,2025-10-18 06:08:58.959485,354007.332,6299804.289
PD224,216,LZPG-22,3529,0,8,2025-10-18 06:08:58.959490,354007.332,6299804.289
PD224,216,SFST-39,14832,28,38,2025-10-18 06:08:58.959491,354007.332,6299804.289
PD224,501,GCBD-54,5061,11,17,2025-10-18 06:08:58.959492,354007.332,6299804.289
PD224,504,PFXC-10,9409,25,33,2025-10-18 06:08:58.959493,354007.332,6299804.289
PD224,504,GCBF-19,12883,35,45,2025-10-18 06:08:58.959494,354007.332,6299804.289
PD224,518,TBFR-48,8140,20,28,2025-10-18 06:08:58.959495,354007.332,6299804.289
PD224,518,FLXS-67,11451,29,39,2025-10-18 06:08:58.959496,354007.332,6299804.289
PI778,I02,FLXZ-34,3926,14,20,2025-10-18 06:09:00.926888,335278.574,6293181.162
PI778,I08,FLXZ-93,1596,0,6,2025-10-18 06:09:00.926893,335278.574,6293181.162
PF981,712,SJPD-86,1695,0,6,2025-10-18 06:09:02.570756,355387.465,6279385.445
PF981,712,SHCW-78,8348,18,26,2025-10-18 06:09:02.570761,355387.465,6279385.445
PF981,F01,SPVW-86,7554,19,27,2025-10-18 06:09:02.570762,355387.465,6279385.445
PF981,F29,SPVW-99,5927,13,19,2025-10-18 06:09:02.570763,355387.465,6279385.445
PF981,F29,SPVW-79,12467,27,37,2025-10-18 06:09:02.570764,355387.465,6279385.445
PB1683,303,FLXF-85,7326,16,22,2025-10-18 06:09:04.332499,337788.058,6306172.721
PB1683,303,FLXL-14,14964,32,42,2025-10-18 06:09:04.332504,337788.058,6306172.721
PB1683,B45,TWPD-34,9593,29,39,2025-10-18 06:09:04.332505,337788.058,6306172.721
PB1683,428,SHCV-70,51,0,3,2025-10-18 06:09:04.332506,337788.058,6306172.721
PB1683,428,SLGT-27,2804,0,8,2025-10-18 06:09:04.332507,337788.058,6306172.721
PB1683,429,SJPF-96,13014,25,33,2025-10-18 06:09:04.332508,337788.058,6306172.721
PB1683,429,SJPD-75,21587,45,60,2025-10-18 06:09:04.332509,337788.058,6306172.721
PJ231,418,LXWP-67,6135,9,15,2025-10-18 06:09:06.636067,335874.16,6299568.395
PJ231,418,PFTW-57,14071,26,36,2025-10-18 06:09:06.636072,335874.16,6299568.395
PJ231,J18,VJBB-40,1462,0,6,2025-10-18 06:09:06.636074,335874.16,6299568.395
PJ836,J07E,VHXJ-24,5316,0,10,2025-10-18 06:09:08.465846,328153.103,6303880.194
PJ836,J07E,VHZY-50,24047,45,60,2025-10-18 06:09:08.465851,328153.103,6303880.194
PF976,F07,SPRW-89,5620,13,19,2025-10-18 06:09:10.105394,355516.328,6281962.778
PF976,F20,SPZY-44,7170,20,28,2025-10-18 06:09:10.105400,355516.328,6281962.778
PF976,F20,SJPC-43,15754,45,60,2025-10-18 06:09:10.105401,355516.328,6281962.778
PH171,204,VFPY-13,6068,13,19,2025-10-18 06:09:13.444658,348958.312,6291317.375
PD1298,D18,SVDF-56,189,0,3,2025-10-18 06:09:16.753517,352055.898,6297851.311
PC910,C28,SKPJ-82,288,0,3,2025-10-18 06:09:18.723465,356130.866,6310297.36
PG793,G14,FLXP-14,5272,7,13,2025-10-18 06:09:20.775127,343447.155,6283314.987
PG793,G14,CJRP-13,10673,20,28,2025-10-18 06:09:20.775132,343447.155,6283314.987
PG793,G23,SFWZ-77,1095,0,3,2025-10-18 06:09:20.775133,343447.155,6283314.987
PG793,G39,SHCV-48,6197,45,60,2025-10-18 06:09:20.775134,343447.155,6283314.987
PG793,G39,SHCV-35,14214,45,60,2025-10-18 06:09:20.775135,343447.155,6283314.987
PJ586,J01,TBFS-64,2848,0,10,2025-10-18 06:09:22.733525,343036.39,6299515.111
PJ586,J01,FLXV-83,8449,20,28,2025-10-18 06:09:22.733534,343036.39,6299515.111
PJ497,508,FLXX-38,5109,9,15,2025-10-18 06:09:24.746346,341110.785,6299999.965
PH434,D07,SVDC-92,724,0,3,2025-10-18 06:09:26.704405,347465.803,6294613.431
PH434,D07,SVDC-79,15510,45,60,2025-10-18 06:09:26.704410,347465.803,6294613.431
PH434,E04,VKJZ-25,6650,17,25,2025-10-18 06:09:26.704411,347465.803,6294613.431
PH434,E04,VKJZ-10,11843,45,60,2025-10-18 06:09:26.704412,347465.803,6294613.431
PF25,F10,SRPK-70,4062,12,18,2025-10-18 06:09:28.677952,354397.976,6283267.64
PF25,F10,SRSC-67,4604,15,21,2025-10-18 06:09:28.677958,354397.976,6283267.64
PF25,F20,SPZY-58,2646,0,10,2025-10-18 06:09:28.677959,354397.976,6283267.64
PF25,F25,SRVL-72,8818,18,26,2025-10-18 06:09:28.677960,354397.976,6283267.64
PF25,712,SPZY-86,4457,9,15,2025-10-18 06:09:28.677961,354397.976,6283267.64
PF25,712,SHCX-33,7857,18,26,2025-10-18 06:09:28.677962,354397.976,6283267.64
PD857,D10,STPS-21,7456,23,31,2025-10-18 06:09:30.683042,354739.416,6294770.596
PD857,D05,SPBF-45,7053,16,22,2025-10-18 06:09:30.683047,354739.416,6294770.596
PD857,D07,SPZK-84,10339,31,41,2025-10-18 06:09:30.683048,354739.416,6294770.596
PG97,233,THTH-18,9165,45,60,2025-10-18 06:09:32.433545,348485.732,6286164.403
PG97,233,THTD-94,16170,45,60,2025-10-18 06:09:32.433550,348485.732,6286164.403
PG97,G01,THTF-93,5808,14,20,2025-10-18 06:09:32.433551,348485.732,6286164.403
PG97,203,SRTK-17,6459,19,27,2025-10-18 06:09:32.433552,348485.732,6286164.403
PG97,203,LZPW-12,14182,45,60,2025-10-18 06:09:32.433553,348485.732,6286164.403
PG97,206,GCBC-34,4608,8,14,2025-10-18 06:09:32.433554,348485.732,6286164.403
PG97,206,LZPW-16,10262,18,26,2025-10-18 06:09:32.433555,348485.732,6286164.403
PG97,212,RYJG-97,5025,8,14,2025-10-18 06:09:32.433556,348485.732,6286164.403
PG97,212,LZPR-87,13063,28,38,2025-10-18 06:09:32.433556,348485.732,6286164.403
PG97,216,LXWT-89,384,0,3,2025-10-18 06:09:32.433557,348485.732,6286164.403
PG97,216,SRTK-49,13070,45,60,2025-10-18 06:09:32.433558,348485.732,6286164.403
PI1238,I04,FLXY-36,759,0,3,2025-10-18 06:09:35.821847,339387.617,6291712.679
PI1238,I04,FLXY-40,8928,19,27,2025-10-18 06:09:35.821851,339387.617,6291712.679
PI1238,I14,CJRW-83,2754,9,15,2025-10-18 06:09:35.821852,339387.617,6291712.679
PG1073,G09,SFGY-77,1249,0,3,2025-10-18 06:09:37.724114,342969.927,6281373.549
PG1073,G09,SFGY-15,7962,18,26,2025-10-18 06:09:37.724120,342969.927,6281373.549
PJ1692,J07E,VHZY-50,3547,9,15,2025-10-18 06:09:40.112148,338429.914,6299292.922
PF703,104,SKWD-26,2185,0,3,2025-10-18 06:09:44.057712,356600.502,6282763.625
PF703,104,SKWD-84,5374,7,13,2025-10-18 06:09:44.057717,356600.502,6282763.625
PF703,114,LDJJ-87,11594,24,32,2025-10-18 06:09:44.057718,356600.502,6282763.625
PF703,F24,SPRW-66,5897,10,16,2025-10-18 06:09:44.057719,356600.502,6282763.625
PF703,102,SPZX-63,9249,16,24,2025-10-18 06:09:44.057720,356600.502,6282763.625
PF703,102,SPZX-65,19088,45,60,2025-10-18 06:09:44.057720,356600.502,6282763.625
PH605,348,VHSX-99,1758,0,6,2025-10-18 06:09:46.135808,342739.444,6291681.652
PH605,348,VHTB-67,9669,19,27,2025-10-18 06:09:46.135814,342739.444,6291681.652
PJ321,511,TBFW-98,14400,45,60,2025-10-18 06:09:50.104520,337137.827,6298915.268
PJ321,511,TBFX-49,22472,45,60,2025-10-18 06:09:50.104525,337137.827,6298915.268
PJ321,J20,TBFX-26,2510,8,14,2025-10-18 06:09:50.104526,337137.827,6298915.268
PJ321,503,VGVG-59,297,0,3,2025-10-18 06:09:50.104527,337137.827,6298915.268
PI557,506,TBFX-80,4512,0,10,2025-10-18 06:09:53.509400,338843.507,6294578.751
PI557,506,PFXB-13,10157,19,27,2025-10-18 06:09:53.509404,338843.507,6294578.751
PI557,506V,PFWZ-81,6651,13,19,2025-10-18 06:09:53.509405,338843.507,6294578.751
PI557,506V,GCBC-58,15772,33,43,2025-10-18 06:09:53.509406,338843.507,6294578.751
PB312,B31N,SGPY-90,3051,0,10,2025-10-18 06:09:57.016820,347154.84,6301254.93
PB312,B31N,SGPY-95,15255,33,43,2025-10-18 06:09:57.016825,347154.84,6301254.93
PB312,203,LZPG-13,361,0,3,2025-10-18 06:09:57.016827,347154.84,6301254.93
PB312,208,LZPW-21,6143,13,19,2025-10-18 06:09:57.016828,347154.84,6301254.93
PG2018,G24,FLXD-22,2269,0,8,2025-10-18 06:09:58.458467,343989.01,6280818.01
PB1579,B06,SKDH-62,377,0,3,2025-10-18 06:10:00.476234,345839.57,6304344.617
PB1579,B06,SKDH-78,8461,17,25,2025-10-18 06:10:00.476239,345839.57,6304344.617
PB1579,B31N,SGPY-95,11539,25,33,2025-10-18 06:10:00.476240,345839.57,6304344.617
PC1150,D18,SVDD-82,9934,21,29,2025-10-18 06:10:02.087303,350732.936,6298188.413
PF987,F15,SRVG-77,2240,0,8,2025-10-18 06:10:03.745627,351498.685,6279955.839
PD222,D18,SVDF-56,1522,0,6,2025-10-18 06:10:07.661053,353918.862,6298084.294
PD222,216,LZPG-22,1253,0,3,2025-10-18 06:10:07.661060,353918.862,6298084.294
PD222,216,SFST-39,12043,25,33,2025-10-18 06:10:07.661061,353918.862,6298084.294
PD222,286,SFGY-85,3895,10,16,2025-10-18 06:10:07.661062,353918.862,6298084.294
PD222,286,SHXG-80,15350,35,47,2025-10-18 06:10:07.661063,353918.862,6298084.294
PD222,712,SHCW-63,720,0,3,2025-10-18 06:10:07.661064,353918.862,6298084.294
PD222,712,SPZY-56,7064,12,18,2025-10-18 06:10:07.661065,353918.862,6298084.294
PH764,E04,VKJZ-25,2245,0,8,2025-10-18 06:10:09.567443,348598.781,6292337.578
PH764,E04,VKJZ-10,7790,34,44,2025-10-18 06:10:09.567448,348598.781,6292337.578
PB73,105,SHXF-24,5879,15,21,2025-10-18 06:10:15.497520,342528.283,6301940.146
PB73,105,SHXF-28,8933,23,31,2025-10-18 06:10:15.497525,342528.283,6301940.146
PB73,B20,LXDH-85,6646,16,24,2025-10-18 06:10:15.497526,342528.283,6301940.146
PB73,B29,SKHG-47,5550,14,20,2025-10-18 06:10:15.497527,342528.283,6301940.146
PJ714,505,VHZX-80,12344,33,43,2025-10-18 06:10:17.532224,336453.45,6301037.14
PJ714,505,VHXF-24,21070,45,60,2025-10-18 06:10:17.532230,336453.45,6301037.14
PJ1752,B09,SHCY-34,8303,25,33,2025-10-18 06:10:19.247685,341563.785,6302084.761
PJ1752,B28,SPZX-55,191,0,3,2025-10-18 06:10:19.247691,341563.785,6302084.761
PA496,H07,FLXG-98,2940,0,10,2025-10-18 06:10:21.002061,347391.14,6295202.758
PA496,H13,BJFW-76,2215,8,14,2025-10-18 06:10:21.002066,347391.14,6295202.758
PA496,H13,BJFZ-92,5810,20,28,2025-10-18 06:10:21.002067,347391.14,6295202.758
PA496,511,PFXC-67,9044,32,42,2025-10-18 06:10:21.002068,347391.14,6295202.758
PA496,511,GCBD-59,12841,45,60,2025-10-18 06:10:21.002069,347391.14,6295202.758
PE29,102,SPZX-83,3291,7,13,2025-10-18 06:10:22.938259,353424.725,6289635.489
PE29,102,FLXS-40,8687,22,30,2025-10-18 06:10:22.938263,353424.725,6289635.489
PE29,124,TXZH-40,3224,0,10,2025-10-18 06:10:22.938264,353424.725,6289635.489
PE29,124,LCTG-37,10298,24,32,2025-10-18 06:10:22.938265,353424.725,6289635.489
PE29,712,SHXD-92,6277,11,17,2025-10-18 06:10:22.938266,353424.725,6289635.489
PE29,712,SHXD-89,7480,14,20,2025-10-18 06:10:22.938267,353424.725,6289635.489
PE29,104,SKWD-13,3924,0,10,2025-10-18 06:10:22.938268,353424.725,6289635.489
PE29,104,SKWD-59,6278,11,17,2025-10-18 06:10:22.938268,353424.725,6289635.489
PJ273,502,GCBD-12,1557,0,6,2025-10-18 06:10:24.898068,340222.17,6300639.586
PJ273,502,TBFT-46,3329,8,14,2025-10-18 06:10:24.898073,340222.17,6300639.586
PI1925,I35,SFGY-67,1974,0,8,2025-10-18 06:10:26.820198,331266.0,6283832.0
PG118,207,SFWB-64,14878,24,32,2025-10-18 06:10:28.773048,348661.189,6284834.409
PG118,209,SFWB-16,7362,13,19,2025-10-18 06:10:28.773053,348661.189,6284834.409
PG118,209,LZPG-10,13985,26,36,2025-10-18 06:10:28.773054,348661.189,6284834.409
PC35,212,SVPX-47,10559,30,40,2025-10-18 06:10:30.725153,350846.744,6300568.148
PC35,212,LZPT-39,16559,45,60,2025-10-18 06:10:30.725158,350846.744,6300568.148
PC35,104,SKWD-66,2073,0,6,2025-10-18 06:10:30.725160,350846.744,6300568.148
PC35,104,SKVD-75,3634,8,14,2025-10-18 06:10:30.725161,350846.744,6300568.148
PG93,E02,VKJZ-46,28,0,3,2025-10-18 06:10:32.869453,348204.975,6288350.551
PG93,203,SRTK-17,3926,10,16,2025-10-18 06:10:32.869458,348204.975,6288350.551
PG93,203,LZPW-12,11792,35,45,2025-10-18 06:10:32.869459,348204.975,6288350.551
PG93,206,GCBC-34,1969,0,6,2025-10-18 06:10:32.869460,348204.975,6288350.551
PG93,206,LZPW-16,7672,13,19,2025-10-18 06:10:32.869461,348204.975,6288350.551
PG93,212,RYJG-97,2419,0,6,2025-10-18 06:10:32.869462,348204.975,6288350.551
PG93,212,LZPR-87,10384,22,30,2025-10-18 06:10:32.869463,348204.975,6288350.551
PG93,233,THTH-18,6919,34,46,2025-10-18 06:10:32.869463,348204.975,6288350.551
PG93,233,THTD-94,13631,45,60,2025-10-18 06:10:32.869464,348204.975,6288350.551
PG93,G01,THTF-93,3184,8,14,2025-10-18 06:10:32.869465,348204.975,6288350.551
PG1334,G18,THTD-91,5596,14,20,2025-10-18 06:10:34.855460,347726.504,6287934.51
PD852,D05,SPBF-45,5600,11,17,2025-10-18 06:10:37.330198,353827.464,6295495.925
PD81,114,SKWD-47,176,0,3,2025-10-18 06:10:39.297848,351294.82,6296394.63
PD81,114,SKWD-50,4286,9,15,2025-10-18 06:10:39.297854,351294.82,6296394.63
PD81,325,VFKS-17,60,0,3,2025-10-18 06:10:39.297855,351294.82,6296394.63
PG123,207,SFWZ-16,1,0,3,2025-10-18 06:10:41.270195,348826.253,6282928.319
PG123,207,SFWB-64,16728,27,37,2025-10-18 06:10:41.270200,348826.253,6282928.319
PG123,209,SFWB-16,9176,16,24,2025-10-18 06:10:41.270202,348826.253,6282928.319
PG123,209,LZPG-10,15837,30,40,2025-10-18 06:10:41.270203,348826.253,6282928.319
PF402,F08,SPVW-14,2396,0,6,2025-10-18 06:10:43.256474,354062.53,6283641.112
PF402,F24,SPRW-66,2445,0,6,2025-10-18 06:10:43.256478,354062.53,6283641.112
PF402,F27,SPRV-96,1658,0,6,2025-10-18 06:10:43.256479,354062.53,6283641.112
PF402,F06,SPZY-60,6889,36,48,2025-10-18 06:10:43.256481,354062.53,6283641.112
PF402,F06,SPZY-65,15218,45,60,2025-10-18 06:10:43.256482,354062.53,6283641.112
PF402,F20,SPZY-44,3368,9,15,2025-10-18 06:10:43.256482,354062.53,6283641.112
PF402,F20,SJPC-43,12453,38,50,2025-10-18 06:10:43.256483,354062.53,6283641.112
PH552,H05,VFPJ-66,6187,17,23,2025-10-18 06:10:45.171552,349749.145,6292229.797
PD377,429,SLPB-66,15786,45,60,2025-10-18 06:10:47.060975,354078.318,6294136.745
PD377,429,SLPB-64,24759,45,60,2025-10-18 06:10:47.060980,354078.318,6294136.745
PA44,514,FLXX-91,1607,0,3,2025-10-18 06:10:48.490401,347039.563,6298913.813
PA44,514,FLXT-10,9596,21,29,2025-10-18 06:10:48.490406,347039.563,6298913.813
PD777,D02,SVDD-94,53,0,3,2025-10-18 06:10:50.411469,348765.54,6297013.926
PD777,D02,SVDF-63,12808,29,39,2025-10-18 06:10:50.411473,348765.54,6297013.926
PD777,D13,FLXK-58,8949,18,26,2025-10-18 06:10:50.411475,348765.54,6297013.926
PI469,I26,PFYR-99,18,0,3,2025-10-18 06:10:54.416563,336764.42,6290092.973
PI469,I02,FLXY-75,2839,0,3,2025-10-18 06:10:54.416568,336764.42,6290092.973
PI469,509,FLXK-20,1367,0,3,2025-10-18 06:10:54.416570,336764.42,6290092.973
PI469,405,PFTW-10,937,0,3,2025-10-18 06:10:54.416571,336764.42,6290092.973
PI469,405,PFVL-16,3145,0,10,2025-10-18 06:10:54.416572,336764.42,6290092.973
PE863,E11,VKJY-90,4770,0,8,2025-10-18 06:10:56.319577,352786.127,6285418.047
PE863,E12,VFJP-54,10491,26,36,2025-10-18 06:10:56.319582,352786.127,6285418.047
PE863,E12,VFKT-28,17844,45,60,2025-10-18 06:10:56.319583,352786.127,6285418.047
PE1412,118,FLXW-54,13140,27,37,2025-10-18 06:10:57.865583,353257.528,6290983.581
PE1412,118,FLXX-45,20354,45,60,2025-10-18 06:10:57.865587,353257.528,6290983.581
PJ489,508,FLXX-38,2043,0,6,2025-10-18 06:11:03.044232,338868.644,6300418.495
PG1665,212,LZPS-18,3496,8,14,2025-10-18 06:11:04.980320,348767.121,6283695.713
PG1665,216,SFST-18,2624,0,8,2025-10-18 06:11:04.980327,348767.121,6283695.713
PG1665,233,THTD-95,2165,0,8,2025-10-18 06:11:04.980328,348767.121,6283695.713
PA367,510,GCBF-29,805,0,3,2025-10-18 06:11:07.146844,344099.932,6297543.529
PA367,510,TBFX-55,5022,13,19,2025-10-18 06:11:07.146849,344099.932,6297543.529
PA367,516,FLXV-84,2811,0,10,2025-10-18 06:11:07.146850,344099.932,6297543.529
PA367,516,PFWZ-85,7945,24,32,2025-10-18 06:11:07.146851,344099.932,6297543.529
PA367,519,RKXL-26,10393,25,33,2025-10-18 06:11:07.146852,344099.932,6297543.529
PA367,519,FLXV-70,17049,45,60,2025-10-18 06:11:07.146852,344099.932,6297543.529
PA367,424,FLXW-12,2721,0,8,2025-10-18 06:11:07.146853,344099.932,6297543.529
PA367,404,PFYC-69,3608,14,20,2025-10-18 06:11:07.146854,344099.932,6297543.529
PA367,404,PFYC-70,11795,45,60,2025-10-18 06:11:07.146855,344099.932,6297543.529
PA367,J10,VJBB-81,238,0,3,2025-10-18 06:11:07.146856,344099.932,6297543.529
PA367,I09,FLXY-94,1736,0,3,2025-10-18 06:11:07.146865,344099.932,6297543.529
PC250,502,TBFR-20,1381,0,6,2025-10-18 06:11:08.605442,355734.476,6305112.059
PI61,107,PGBY-46,1724,0,3,2025-10-18 06:11:10.589336,341771.995,6294609.569
PI61,107,PGBY-53,7312,12,18,2025-10-18 06:11:10.589341,341771.995,6294609.569
PI61,102,SPZX-83,16781,35,47,2025-10-18 06:11:10.589342,341771.995,6294609.569
PI61,102,FLXS-40,22405,45,60,2025-10-18 06:11:10.589343,341771.995,6294609.569
PG1716,G18,THTG-70,7269,16,24,2025-10-18 06:11:14.518854,347067.604,6288500.145
PG557,F03,FLXG-88,11261,23,31,2025-10-18 06:11:16.487334,347935.188,6278365.746
PJ1796,418,PFYC-53,1,0,3,2025-10-18 06:11:18.507258,335009.34,6299273.9
PF387,F07,SPRW-89,3207,0,10,2025-10-18 06:11:22.450741,353561.866,6281716.666
PF387,F10C,SRVJ-43,597,0,3,2025-10-18 06:11:22.450746,353561.866,6281716.666
PF387,F10C,SPZX-70,5919,13,19,2025-10-18 06:11:22.450747,353561.866,6281716.666
PH1464,H09,VGRG-34,5755,11,17,2025-10-18 06:11:24.346690,349605.848,6292752.185
PI1021,I02,FLXZ-33,8356,15,21,2025-10-18 06:11:28.231077,337402.762,6295229.605
PI1021,I02,FLXY-75,13880,21,29,2025-10-18 06:11:28.231082,337402.762,6295229.605
PG1282,G16,SFPG-41,2201,0,6,2025-10-18 06:11:30.185713,344496.0,6282865.0
PA42,513,LXWS-39,4367,8,14,2025-10-18 06:11:37.710637,347526.51,6298745.92
PA42,513,VJJW-98,8077,17,25,2025-10-18 06:11:37.710641,347526.51,6298745.92
PA42,210,SXKV-93,7916,16,22,2025-10-18 06:11:37.710643,347526.51,6298745.92
PA42,210,LZRD-90,11243,22,30,2025-10-18 06:11:37.710643,347526.51,6298745.92
PA42,516,PFWZ-85,4243,12,18,2025-10-18 06:11:37.710644,347526.51,6298745.92
PA42,516,TBFS-42,10241,27,37,2025-10-18 06:11:37.710645,347526.51,6298745.92
PA42,426,FLXD-29,8240,14,20,2025-10-18 06:11:37.710646,347526.51,6298745.92
PA42,403,PFVG-98,5789,12,18,2025-10-18 06:11:37.710647,347526.51,6298745.92
PA42,403,PFTW-34,12864,26,36,2025-10-18 06:11:37.710647,347526.51,6298745.92
PA42,412,PGBY-72,13085,25,35,2025-10-18 06:11:37.710648,347526.51,6298745.92
PA42,418,PFYC-66,5146,10,16,2025-10-18 06:11:37.710649,347526.51,6298745.92
PA42,418,PFVH-15,17963,45,60,2025-10-18 06:11:37.710650,347526.51,6298745.92
PA42,210V,VFRD-45,385,0,3,2025-10-18 06:11:37.710651,347526.51,6298745.92
PA42,210V,VFPF-54,7800,17,23,2025-10-18 06:11:37.710652,347526.51,6298745.92
PA42,519,RKXL-26,6541,16,24,2025-10-18 06:11:37.710653,347526.51,6298745.92
PA42,519,FLXV-70,13254,34,46,2025-10-18 06:11:37.710654,347526.51,6298745.92
PA42,406,PFXB-78,9669,22,30,2025-10-18 06:11:37.710655,347526.51,6298745.92
PA42,407,PFXC-72,6915,13,19,2025-10-18 06:11:37.710656,347526.51,6298745.92
PA42,F30N,LCTG-23,16383,32,42,2025-10-18 06:11:37.710657,347526.51,6298745.92
PA42,F30N,STHF-56,30073,45,60,2025-10-18 06:11:37.710658,347526.51,6298745.92
PJ510,508,TBFW-19,8199,20,28,2025-10-18 06:11:39.682099,340948.811,6300048.435
PJ510,508,FLXK-26,11486,28,38,2025-10-18 06:11:39.682104,340948.811,6300048.435
PJ510,J03,GCBC-79,4492,9,15,2025-10-18 06:11:39.682105,340948.811,6300048.435
PJ510,J03,FLXW-38,11402,28,38,2025-10-18 06:11:39.682106,340948.811,6300048.435
PI1823,I25,FLXK-89,6343,15,21,2025-10-18 06:11:41.628013,340492.83,6294198.65
PI1823,I25,FLXF-14,12108,27,37,2025-10-18 06:11:41.628017,340492.83,6294198.65
PJ175,511,TBFR-59,4044,9,15,2025-10-18 06:11:43.631400,339437.28,6298095.684
PJ175,406,GCBD-97,3866,10,16,2025-10-18 06:11:43.631406,339437.28,6298095.684
PJ175,407,FLXV-43,2991,0,6,2025-10-18 06:11:43.631407,339437.28,6298095.684
PJ175,422,GCBC-46,7251,16,22,2025-10-18 06:11:43.631408,339437.28,6298095.684
PJ175,426,BJFC-24,2247,0,8,2025-10-18 06:11:43.631409,339437.28,6298095.684
PB1863,B09,SHCY-32,7331,28,38,2025-10-18 06:11:45.627597,336097.02,6304250.4
PB1863,B09,SHCY-34,19496,45,60,2025-10-18 06:11:45.627603,336097.02,6304250.4
PB1863,J07,VHZX-90,11018,19,27,2025-10-18 06:11:45.627604,336097.02,6304250.4
PB1863,J07,VJBB-60,15896,34,46,2025-10-18 06:11:45.627605,336097.02,6304250.4
PD480,C05,LDTF-45,1995,0,6,2025-10-18 06:11:47.710886,354954.723,6299861.807
PD480,D08,SVDC-42,7590,14,20,2025-10-18 06:11:47.710891,354954.723,6299861.807
PD480,501,GCBD-54,4996,10,16,2025-10-18 06:11:47.710892,354954.723,6299861.807
PD480,518,TBFR-48,8262,19,27,2025-10-18 06:11:47.710893,354954.723,6299861.807
PD480,518,FLXS-67,11310,28,38,2025-10-18 06:11:47.710894,354954.723,6299861.807
PB1954,201,GCBB-98,3882,12,18,2025-10-18 06:11:49.740235,345983.043,6301204.549
PB1954,201,GCBB-97,4235,13,19,2025-10-18 06:11:49.740240,345983.043,6301204.549
PB1954,230,GCBB-39,1177,0,6,2025-10-18 06:11:49.740242,345983.043,6301204.549
PB1954,230,FLXZ-99,8127,26,34,2025-10-18 06:11:49.740242,345983.043,6301204.549
PB1954,308,FLXH-30,2368,0,10,2025-10-18 06:11:49.740243,345983.043,6301204.549
PB1954,B25,FLXP-77,4773,7,13,2025-10-18 06:11:49.740244,345983.043,6301204.549
PB1954,B26,FLXP-69,625,0,3,2025-10-18 06:11:49.740245,345983.043,6301204.549
PB1954,B14,FLXT-54,5951,15,21,2025-10-18 06:11:49.740246,345983.043,6301204.549
PB1954,B14,FLXT-53,13869,38,50,2025-10-18 06:11:49.740246,345983.043,6301204.549
PB1954,B27,FLXS-24,1328,0,6,2025-10-18 06:11:49.740247,345983.043,6301204.549
PJ1008,J16,TBFW-72,10409,32,42,2025-10-18 06:11:51.193141,340629.127,6301766.259
PJ1008,J16,FLXV-58,17013,45,60,2025-10-18 06:11:51.193146,340629.127,6301766.259
PF39,712,SHCY-15,9849,16,24,2025-10-18 06:11:53.196099,354292.962,6283684.721
PF39,712,SJPD-98,22533,45,60,2025-10-18 06:11:53.196104,354292.962,6283684.721
PF39,F08,SPVW-14,11973,25,33,2025-10-18 06:11:53.196106,354292.962,6283684.721
PF39,F24,SKJP-44,4474,0,8,2025-10-18 06:11:53.196107,354292.962,6283684.721
PF39,F27,SPRZ-12,5723,10,16,2025-10-18 06:11:53.196108,354292.962,6283684.721
PF39,F27,SPRV-96,9677,19,27,2025-10-18 06:11:53.196109,354292.962,6283684.721
PF39,F06,TXZH-46,148,0,3,2025-10-18 06:11:53.196110,354292.962,6283684.721
PI292,115,FLXW-39,13416,26,34,2025-10-18 06:11:56.945711,338129.333,6289725.45
PI292,I12,FLXZ-70,150,0,3,2025-10-18 06:11:56.945775,338129.333,6289725.45
PI812,I03,FLXL-51,913,0,3,2025-10-18 06:11:58.383789,335538.911,6289869.586
PF236,209,LXWT-94,1095,0,3,2025-10-18 06:12:00.320057,349756.691,6279051.726
PF236,209,SFWB-16,13292,25,33,2025-10-18 06:12:00.320062,349756.691,6279051.726
PF236,F18,SRVG-83,1703,0,3,2025-10-18 06:12:00.320064,349756.691,6279051.726
PF236,F18,SRVF-83,4291,9,15,2025-10-18 06:12:00.320066,349756.691,6279051.726
PF236,F03,FLXG-88,13893,27,37,2025-10-18 06:12:00.320067,349756.691,6279051.726
PE327,E02,VKJZ-46,4170,22,30,2025-10-18 06:12:02.101298,352043.632,6286921.524
PE327,E12,VFJP-54,1420,0,3,2025-10-18 06:12:02.101303,352043.632,6286921.524
PE327,E12,VFKT-28,8445,21,29,2025-10-18 06:12:02.101304,352043.632,6286921.524
PC339,409,SKWD-99,7995,9,15,2025-10-18 06:12:03.561845,350173.59,6301496.25
PC339,411,PGTV-10,7134,8,14,2025-10-18 06:12:03.561850,350173.59,6301496.25
PC339,502,TBFT-77,571,0,3,2025-10-18 06:12:03.561852,350173.59,6301496.25
PC339,502,TBFR-20,7706,18,26,2025-10-18 06:12:03.561853,350173.59,6301496.25
PH206,205,LZRD-95,5368,11,17,2025-10-18 06:12:07.524266,347460.115,6294397.583
PH206,205,RYJG-90,7985,17,23,2025-10-18 06:12:07.524271,347460.115,6294397.583
PH206,227,VFPJ-31,7709,21,29,2025-10-18 06:12:07.524272,347460.115,6294397.583
PH206,203N,SVPW-57,2618,0,8,2025-10-18 06:12:07.524273,347460.115,6294397.583
PH206,207,SFWZ-74,2953,0,8,2025-10-18 06:12:07.524274,347460.115,6294397.583
PH206,207,LXWT-95,5004,9,15,2025-10-18 06:12:07.524275,347460.115,6294397.583
PH206,209,SFWB-21,6393,12,18,2025-10-18 06:12:07.524276,347460.115,6294397.583
PH206,209,LZPT-67,7895,15,21,2025-10-18 06:12:07.524276,347460.115,6294397.583
PF249,F10C,SPZX-70,2425,0,8,2025-10-18 06:12:09.494889,353529.665,6279671.714
PF249,F33,SRVH-73,4778,0,10,2025-10-18 06:12:09.494894,353529.665,6279671.714
PF249,F10,SRSC-81,652,0,3,2025-10-18 06:12:09.494895,353529.665,6279671.714
PF249,F13,SRRZ-87,4938,10,16,2025-10-18 06:12:09.494896,353529.665,6279671.714
PF249,F13,SRPJ-80,8223,18,26,2025-10-18 06:12:09.494896,353529.665,6279671.714
PF249,F03C,SHXG-86,9339,24,32,2025-10-18 06:12:09.494897,353529.665,6279671.714
PB1561,272,VFHT-81,2353,0,8,2025-10-18 06:12:11.546147,349337.651,6303943.621
PB1561,C06,SHCV-79,6039,0,10,2025-10-18 06:12:11.546151,349337.651,6303943.621
PB1561,B05,SPGD-41,301,0,3,2025-10-18 06:12:11.546153,349337.651,6303943.621
PB1561,117,SPBP-31,3768,9,15,2025-10-18 06:12:11.546154,349337.651,6303943.621
PB1561,117,SPBS-39,10212,29,39,2025-10-18 06:12:11.546154,349337.651,6303943.621
PI355,444,SHXF-88,10743,16,24,2025-10-18 06:12:13.582512,340178.32,6290580.802
PI355,348,VHTB-67,2881,0,8,2025-10-18 06:12:13.582518,340178.32,6290580.802
PI355,348,VHSX-69,4175,10,16,2025-10-18 06:12:13.582519,340178.32,6290580.802
PI355,I05,VHSY-17,1,0,3,2025-10-18 06:12:13.582520,340178.32,6290580.802
PI355,I05,VHSY-21,4470,0,10,2025-10-18 06:12:13.582521,340178.32,6290580.802
PI355,I14,CJRW-83,5165,22,30,2025-10-18 06:12:13.582521,340178.32,6290580.802
PI355,118,FLXX-45,2305,0,6,2025-10-18 06:12:13.582522,340178.32,6290580.802
PI355,118,FLXH-90,9840,24,32,2025-10-18 06:12:13.582523,340178.32,6290580.802
PI355,428,SKPJ-43,6774,9,15,2025-10-18 06:12:13.582534,340178.32,6290580.802
PI355,428,SHXD-59,8181,11,17,2025-10-18 06:12:13.582535,340178.32,6290580.802
PD1097,D11,SVDF-17,223,0,3,2025-10-18 06:12:15.488325,355782.169,6296503.444
PE271,E12,VFKT-28,99,0,3,2025-10-18 06:12:17.427217,348922.597,6289826.463
PE271,E12,VFKR-96,17193,45,60,2025-10-18 06:12:17.427222,348922.597,6289826.463
PE271,226,VFPJ-68,6703,22,30,2025-10-18 06:12:17.427223,348922.597,6289826.463
PE271,226,VFPF-61,11418,38,50,2025-10-18 06:12:17.427224,348922.597,6289826.463
PF878,F01,SPVW-86,5855,14,20,2025-10-18 06:12:21.240504,354982.085,6279307.588
PF878,F29,SPVW-99,4006,8,14,2025-10-18 06:12:21.240508,354982.085,6279307.588
PF878,F29,SPVW-79,11279,23,31,2025-10-18 06:12:21.240509,354982.085,6279307.588
PB115,116,LCSX-48,2966,0,8,2025-10-18 06:12:24.483863,349939.38,6304276.2
PB115,116,LDJJ-67,11361,28,38,2025-10-18 06:12:24.483868,349939.38,6304276.2
PB115,B05,SPGD-41,1181,0,6,2025-10-18 06:12:24.483869,349939.38,6304276.2
PB115,107,PFYC-47,1361,0,3,2025-10-18 06:12:24.483870,349939.38,6304276.2
PB115,107,PGPV-88,8339,17,25,2025-10-18 06:12:24.483871,349939.38,6304276.2
PB115,272,VFHT-81,3232,0,10,2025-10-18 06:12:24.483871,349939.38,6304276.2
PI996,348,VHTB-21,3232,7,13,2025-10-18 06:12:26.441717,334278.499,6290808.469
PI996,348,VHSY-30,11582,26,36,2025-10-18 06:12:26.441723,334278.499,6290808.469
PI996,I07,VHSX-81,159,0,3,2025-10-18 06:12:26.441724,334278.499,6290808.469
PI996,I18,VHTB-22,1860,0,8,2025-10-18 06:12:26.441725,334278.499,6290808.469
PI996,I18,VHTB-61,18821,45,60,2025-10-18 06:12:26.441726,334278.499,6290808.469
PG342,301,CJRZ-84,3755,0,10,2025-10-18 06:12:30.324979,345463.626,6287953.227
PG342,301,BJFX-29,4871,8,14,2025-10-18 06:12:30.324985,345463.626,6287953.227
PJ625,J10,VHZZ-61,1712,0,8,2025-10-18 06:12:32.150420,338522.467,6297411.267
PJ625,J10,VJBB-81,6550,20,28,2025-10-18 06:12:32.150426,338522.467,6297411.267
PJ625,J01,TBFV-98,4548,20,28,2025-10-18 06:12:32.150427,338522.467,6297411.267
PJ625,J01,TBFP-61,8866,36,48,2025-10-18 06:12:32.150427,338522.467,6297411.267
PG791,G39,SHCV-48,5228,45,60,2025-10-18 06:12:33.836879,343882.357,6283500.532
PG791,G39,SHCV-35,12530,45,60,2025-10-18 06:12:33.836884,343882.357,6283500.532
PG791,G07,THTF-34,3614,0,10,2025-10-18 06:12:33.836886,343882.357,6283500.532
PD46,114,SKWD-50,1384,0,3,2025-10-18 06:12:35.504426,350715.374,6296094.47
PD46,114,SKWD-69,6059,13,19,2025-10-18 06:12:35.504431,350715.374,6296094.47
PD46,103,SPBP-92,6164,13,19,2025-10-18 06:12:35.504433,350715.374,6296094.47
PD46,103,SPBG-34,13880,32,42,2025-10-18 06:12:35.504433,350715.374,6296094.47
PD46,117,SPBS-39,383,0,3,2025-10-18 06:12:35.504434,350715.374,6296094.47
PD46,117,SPBL-63,6265,37,49,2025-10-18 06:12:35.504435,350715.374,6296094.47
PA250,402,PFTW-50,2733,17,23,2025-10-18 06:12:37.451666,344533.21,6299033.33
PA250,402,SHXG-36,5718,35,45,2025-10-18 06:12:37.451672,344533.21,6299033.33
PA250,505,VHXF-24,6323,26,34,2025-10-18 06:12:37.451673,344533.21,6299033.33
PA250,505,VJBB-20,12285,45,60,2025-10-18 06:12:37.451674,344533.21,6299033.33
PD182,425,SHXG-96,5225,8,14,2025-10-18 06:12:39.407926,353652.58,6299763.92
PD182,425,SJPC-16,7742,21,29,2025-10-18 06:12:39.407931,353652.58,6299763.92
PD182,216,LZPG-22,1889,0,6,2025-10-18 06:12:39.407932,353652.58,6299763.92
PD182,216,SFST-39,11689,24,32,2025-10-18 06:12:39.407933,353652.58,6299763.92
PD182,286,SFGY-85,3570,10,16,2025-10-18 06:12:39.407934,353652.58,6299763.92
PD182,286,SHXG-80,16532,38,50,2025-10-18 06:12:39.407934,353652.58,6299763.92
PD182,712,SHCW-63,1135,0,3,2025-10-18 06:12:39.407935,353652.58,6299763.92
PD182,712,SPZY-56,7632,13,19,2025-10-18 06:12:39.407936,353652.58,6299763.92
PD626,D10,STPS-21,11357,45,60,2025-10-18 06:12:41.335085,353276.507,6291987.773
PI239,I08,FLXX-71,2505,0,6,2025-10-18 06:12:43.336469,336652.984,6294713.731
PI239,I08,FLXZ-60,12316,23,31,2025-10-18 06:12:43.336474,336652.984,6294713.731
PI239,110,PFXB-54,5549,11,17,2025-10-18 06:12:43.336475,336652.984,6294713.731
PI239,428,SHCY-99,4948,8,14,2025-10-18 06:12:43.336476,336652.984,6294713.731
PI239,428,SHXD-68,7686,14,20,2025-10-18 06:12:43.336477,336652.984,6294713.731
PI239,111,FLXY-65,5495,11,17,2025-10-18 06:12:43.336478,336652.984,6294713.731
PI239,111,FLXW-85,12463,22,30,2025-10-18 06:12:43.336478,336652.984,6294713.731
PI239,I02,FLXZ-33,6011,9,15,2025-10-18 06:12:43.336479,336652.984,6294713.731
PI239,I02,FLXY-75,11536,16,22,2025-10-18 06:12:43.336480,336652.984,6294713.731
PJ216,418,LXWP-67,1,0,3,2025-10-18 06:12:45.307428,338092.853,6297253.438
PJ216,418,PFTW-57,8490,16,24,2025-10-18 06:12:45.307433,338092.853,6297253.438
PJ216,514,FLXX-91,11771,25,33,2025-10-18 06:12:45.307434,338092.853,6297253.438
PJ216,514,FLXT-10,19447,45,60,2025-10-18 06:12:45.307435,338092.853,6297253.438
PG774,G23,SFWZ-25,1254,0,6,2025-10-18 06:12:47.726813,344358.71,6282881.19
PG774,G39,SHCV-35,4235,0,3,2025-10-18 06:12:47.726818,344358.71,6282881.19
PG774,G39,SDSW-55,13218,19,27,2025-10-18 06:12:47.726819,344358.71,6282881.19
PH1510,E04,VKJZ-25,2647,8,14,2025-10-18 06:12:49.644925,348340.786,6293515.535
PH1510,E04,VKJZ-10,8434,45,60,2025-10-18 06:12:49.644932,348340.786,6293515.535
PA335,513,LXWS-40,7331,19,27,2025-10-18 06:12:51.617542,344578.428,6297651.323
PA335,507,PFXC-31,5028,10,16,2025-10-18 06:12:51.617547,344578.428,6297651.323
PA335,507,FLXV-71,13807,35,45,2025-10-18 06:12:51.617548,344578.428,6297651.323
PA335,510,GCBF-37,2264,0,6,2025-10-18 06:12:51.617549,344578.428,6297651.323
PA335,516,TBFW-67,558,0,3,2025-10-18 06:12:51.617550,344578.428,6297651.323
PA335,516,PFXB-21,7635,16,24,2025-10-18 06:12:51.617551,344578.428,6297651.323
PD38,114,SKWD-69,3178,0,10,2025-10-18 06:12:53.593898,350780.929,6293328.665
PD38,114,SKWD-81,11380,22,30,2025-10-18 06:12:53.593903,350780.929,6293328.665
PD38,103,SPBP-92,3317,0,10,2025-10-18 06:12:53.593904,350780.929,6293328.665
PD38,103,SPBG-34,11059,25,35,2025-10-18 06:12:53.593905,350780.929,6293328.665
PD38,117,SPBL-63,3215,24,32,2025-10-18 06:12:53.593905,350780.929,6293328.665
PF250,F13,SRRZ-87,5048,10,16,2025-10-18 06:12:55.553848,353835.535,6279708.208
PF250,F13,SRPJ-80,8088,18,26,2025-10-18 06:12:55.553853,353835.535,6279708.208
PF250,F03C,SHXG-86,9215,24,32,2025-10-18 06:12:55.553855,353835.535,6279708.208
PF250,F10C,SPZX-70,2478,0,10,2025-10-18 06:12:55.553856,353835.535,6279708.208
PF250,F33,SRVH-73,4954,7,13,2025-10-18 06:12:55.553857,353835.535,6279708.208
PF250,F10,SRSC-81,852,0,3,2025-10-18 06:12:55.553858,353835.535,6279708.208
PF874,210V,VFPZ-74,60,0,3,2025-10-18 06:12:57.526319,354851.323,6283524.792
PF874,F06,SPZX-78,3011,0,10,2025-10-18 06:12:57.526325,354851.323,6283524.792
PF874,F09,SPZY-54,2833,0,8,2025-10-18 06:12:57.526326,354851.323,6283524.792
PB1498,B21,SKDJ-78,1820,0,6,2025-10-18 06:12:59.779316,344947.41,6302420.42
PB1498,B21,SPCG-32,14819,38,50,2025-10-18 06:12:59.779322,344947.41,6302420.42
PA658,510,GCBF-37,6150,16,22,2025-10-18 06:13:01.935071,346709.168,6296523.7
PA658,506,TBFW-47,1312,0,3,2025-10-18 06:13:01.935077,346709.168,6296523.7
PA658,506,TBFR-42,5109,8,14,2025-10-18 06:13:01.935078,346709.168,6296523.7
PA658,506V,PFXB-65,4829,15,21,2025-10-18 06:13:01.935079,346709.168,6296523.7
PA658,506V,TBFT-44,13851,35,47,2025-10-18 06:13:01.935080,346709.168,6296523.7
PA658,507,PFXB-90,2745,0,10,2025-10-18 06:13:01.935081,346709.168,6296523.7
PA658,507,PFXC-31,8282,19,27,2025-10-18 06:13:01.935081,346709.168,6296523.7
PG1341,302,BJFW-58,4018,0,8,2025-10-18 06:13:03.906248,346802.352,6286880.504
PG1341,302,BJFW-79,2257,11,17,2025-10-18 06:13:03.906253,346802.352,6286880.504
PG1341,E18,BJFY-97,6574,26,36,2025-10-18 06:13:03.906265,346802.352,6286880.504
PG1341,G18,THTD-92,3527,0,10,2025-10-18 06:13:03.906266,346802.352,6286880.504
PG1341,G18,THTD-91,9460,23,31,2025-10-18 06:13:03.906267,346802.352,6286880.504
PG1341,229,SFWZ-53,5043,12,18,2025-10-18 06:13:03.906268,346802.352,6286880.504
PB1203,B12,SKDF-67,7926,12,18,2025-10-18 06:13:05.801051,339248.779,6310417.702
PB1203,B12,SKDG-29,14437,28,38,2025-10-18 06:13:05.801057,339248.779,6310417.702
PB1203,B12C,LFGL-97,439,0,3,2025-10-18 06:13:05.801058,339248.779,6310417.702
PG1294,G08,THTG-82,4346,0,10,2025-10-18 06:13:07.748138,345499.672,6281999.553
PG1294,G09,SFGY-77,5781,12,18,2025-10-18 06:13:07.748143,345499.672,6281999.553
PG1294,G09,SFGY-15,13035,29,39,2025-10-18 06:13:07.748144,345499.672,6281999.553
PG1294,228,THTH-22,2181,0,6,2025-10-18 06:13:07.748145,345499.672,6281999.553
PJ1607,514,FLXT-10,14550,34,44,2025-10-18 06:13:09.720459,341801.578,6297980.184
PJ1607,514,FLXK-31,22129,45,60,2025-10-18 06:13:09.720465,341801.578,6297980.184
PI1265,I16,FLXJ-53,93,0,3,2025-10-18 06:13:11.662229,342401.197,6294867.488
PG522,F03,SPVX-11,744,0,3,2025-10-18 06:13:13.593250,343333.069,6281655.885
PG522,F03,SPVT-83,7841,10,16,2025-10-18 06:13:13.593255,343333.069,6281655.885
PA627,226,VFPT-63,2345,0,8,2025-10-18 06:13:15.598098,346430.677,6296988.887
PA627,229,SFWZ-27,1173,0,6,2025-10-18 06:13:15.598104,346430.677,6296988.887
PA627,301,BJFX-22,1030,0,3,2025-10-18 06:13:15.598105,346430.677,6296988.887
PA627,301,BJFW-94,3757,10,16,2025-10-18 06:13:15.598106,346430.677,6296988.887
PA627,201,GCBB-75,93,0,3,2025-10-18 06:13:15.598107,346430.677,6296988.887
PA627,201,GCBB-57,384,0,3,2025-10-18 06:13:15.598108,346430.677,6296988.887
PA627,214,GCBB-59,2713,10,16,2025-10-18 06:13:15.598109,346430.677,6296988.887
PA627,214,GCBB-55,6024,22,30,2025-10-18 06:13:15.598110,346430.677,6296988.887
PI1894,I35,SFGY-67,207,0,3,2025-10-18 06:13:19.498156,331897.0,6282967.0
PE233,E12,VFKT-28,4735,12,18,2025-10-18 06:13:23.396018,349886.391,6287940.8
PE233,E12,VFKR-96,21898,45,60,2025-10-18 06:13:23.396024,349886.391,6287940.8
PE233,226,VFPG-91,8543,16,22,2025-10-18 06:13:23.396025,349886.391,6287940.8
PE233,226,VFPT-63,15574,33,43,2025-10-18 06:13:23.396025,349886.391,6287940.8
PB509,B05,SPCG-66,4212,0,10,2025-10-18 06:13:25.356938,345175.746,6306030.809
PB509,425,SHXG-97,1277,0,3,2025-10-18 06:13:25.356943,345175.746,6306030.809
PB509,425,SJPC-27,5628,10,16,2025-10-18 06:13:25.356944,345175.746,6306030.809
PB509,429,SLPB-64,2309,0,6,2025-10-18 06:13:25.356945,345175.746,6306030.809
PB509,429,SLPC-10,9376,17,25,2025-10-18 06:13:25.356946,345175.746,6306030.809
PB509,B43,SJPB-36,819,0,3,2025-10-18 06:13:25.356947,345175.746,6306030.809
PB509,B43,SHXG-81,11657,26,36,2025-10-18 06:13:25.356948,345175.746,6306030.809
PB509,B16,STHK-10,838,0,3,2025-10-18 06:13:25.356949,345175.746,6306030.809
PB98,B03,SPZX-39,7171,17,25,2025-10-18 06:13:29.347872,337760.42,6302375.39
PB98,B03,SPZX-41,11806,33,43,2025-10-18 06:13:29.347877,337760.42,6302375.39
PB98,105,SJPC-37,5184,11,17,2025-10-18 06:13:29.347878,337760.42,6302375.39
PB98,105,SJPD-95,7203,16,22,2025-10-18 06:13:29.347879,337760.42,6302375.39
PB98,B20,FLXS-50,10533,24,32,2025-10-18 06:13:29.347879,337760.42,6302375.39
PB98,B20,LXDH-85,22272,45,60,2025-10-18 06:13:29.347880,337760.42,6302375.39
PB98,B30N,LXDJ-19,5641,11,17,2025-10-18 06:13:29.347881,337760.42,6302375.39
PB98,B30N,LXDJ-12,26389,45,60,2025-10-18 06:13:29.347882,337760.42,6302375.39
PB346,B12,SKDG-29,202,0,3,2025-10-18 06:13:31.361858,346523.269,6304555.062
PB346,272,VFPC-51,177,0,3,2025-10-18 06:13:31.361863,346523.269,6304555.062
PB346,272,VFHT-81,7204,17,25,2025-10-18 06:13:31.361865,346523.269,6304555.062
PB346,B01,SKHG-40,5970,13,19,2025-10-18 06:13:31.361866,346523.269,6304555.062
PB346,B01,STHF-42,13169,34,44,2025-10-18 06:13:31.361867,346523.269,6304555.062
PI1071,I10,FLXL-63,4917,9,15,2025-10-18 06:13:33.238810,341465.543,6295442.759
PI1071,I10,FLXL-62,7261,17,23,2025-10-18 06:13:33.238816,341465.543,6295442.759
PB1308,B15,SPCG-69,1944,0,8,2025-10-18 06:13:36.661418,348225.292,6302170.832
PB1308,B15,SPCG-95,13563,34,46,2025-10-18 06:13:36.661423,348225.292,6302170.832
PJ1804,B38,TBFW-85,20791,45,60,2025-10-18 06:13:38.622947,336340.0,6300449.0
PJ1804,505,VHZX-80,11246,31,41,2025-10-18 06:13:38.622953,336340.0,6300449.0
PJ1804,505,VHXF-24,19934,45,60,2025-10-18 06:13:38.622954,336340.0,6300449.0
PJ1804,J16,TBFW-72,15454,45,60,2025-10-18 06:13:38.622955,336340.0,6300449.0
PJ1804,J16,FLXV-58,22353,45,60,2025-10-18 06:13:38.622956,336340.0,6300449.0
PJ1804,J20,TBFX-26,3812,15,21,2025-10-18 06:13:38.622957,336340.0,6300449.0
PJ1804,J20,TBFW-56,10710,38,50,2025-10-18 06:13:38.622958,336340.0,6300449.0
PI202,I24,VHSX-94,7190,12,18,2025-10-18 06:13:40.584775,334921.36,6290859.43
PI202,I09,VHSZ-39,1945,0,8,2025-10-18 06:13:40.584780,334921.36,6290859.43
PI202,I11,RWRP-69,1894,0,6,2025-10-18 06:13:40.584781,334921.36,6290859.43
PG1165,G12,THTF-94,3351,0,8,2025-10-18 06:13:42.551371,344934.727,6290192.339
PG1165,G12,THTG-12,11242,25,35,2025-10-18 06:13:42.551376,344934.727,6290192.339
PC270,406,PFXB-78,4807,11,17,2025-10-18 06:13:44.524365,350724.234,6301184.122
PC270,407,PFXC-72,1961,0,6,2025-10-18 06:13:44.524371,350724.234,6301184.122
PC270,407,TBFW-77,8557,16,24,2025-10-18 06:13:44.524372,350724.234,6301184.122
PC270,426,FLXD-29,3095,0,10,2025-10-18 06:13:44.524373,350724.234,6301184.122
PC270,426,BJFD-66,13175,25,35,2025-10-18 06:13:44.524374,350724.234,6301184.122
PE600,E16,VFJK-84,4764,14,20,2025-10-18 06:13:46.440414,352777.364,6284491.256
PJ1871,J16,TBFW-75,4341,10,16,2025-10-18 06:13:48.350403,340404.902,6301606.046
PB298,117,SPBP-31,7740,16,24,2025-10-18 06:13:50.349012,347601.686,6305633.369
PB298,117,SPBS-39,13716,34,44,2025-10-18 06:13:50.349017,347601.686,6305633.369
PB298,208,LZPW-21,752,0,3,2025-10-18 06:13:50.349019,347601.686,6305633.369
PB298,116,LCSX-48,5841,11,17,2025-10-18 06:13:50.349020,347601.686,6305633.369
PB298,116,LDJJ-67,14676,35,47,2025-10-18 06:13:50.349020,347601.686,6305633.369
PB298,B05,SPGD-41,4453,0,10,2025-10-18 06:13:50.349021,347601.686,6305633.369
PD456,418,LXWP-81,921,0,8,2025-10-18 06:13:55.549681,353329.94,6299211.423
PD456,418,PFYC-75,9178,24,32,2025-10-18 06:13:55.549685,353329.94,6299211.423
PD456,429,SLPB-66,3736,15,21,2025-10-18 06:13:55.549687,353329.94,6299211.423
PD456,429,SLPB-64,13785,32,42,2025-10-18 06:13:55.549688,353329.94,6299211.423
PD456,432N,PGPT-44,8046,21,29,2025-10-18 06:13:55.549689,353329.94,6299211.423
PD456,412,PFTW-51,12375,45,60,2025-10-18 06:13:55.549689,353329.94,6299211.423
PD456,412,PGBF-59,19089,45,60,2025-10-18 06:13:55.549690,353329.94,6299211.423
PG318,228,THTD-90,4321,8,14,2025-10-18 06:13:57.514395,346605.862,6286873.205
PG318,228,THTD-60,7016,17,23,2025-10-18 06:13:57.514401,346605.862,6286873.205
PB1462,B14,FLXT-53,1574,0,6,2025-10-18 06:13:59.410202,349001.228,6303377.276
PC791,C14,SKPL-26,5992,0,10,2025-10-18 06:14:01.398836,356587.32,6308805.47
PC791,C17,SGPW-52,3157,0,8,2025-10-18 06:14:01.398842,356587.32,6308805.47
PC791,C28,SHCY-30,6895,12,18,2025-10-18 06:14:01.398843,356587.32,6308805.47
PB1873,B21,SKDG-39,3665,8,14,2025-10-18 06:14:02.950935,336711.151,6307456.41
PB1873,B21,SKDJ-74,16828,45,60,2025-10-18 06:14:02.950942,336711.151,6307456.41
PC123,C05,LDTB-87,7675,14,20,2025-10-18 06:14:04.900769,355646.545,6301902.233
PC123,401,PDZH-79,10143,20,28,2025-10-18 06:14:04.900774,355646.545,6301902.233
PC123,401,PDYH-93,11482,25,33,2025-10-18 06:14:04.900776,355646.545,6301902.233
PC484,501,GCBD-24,1326,0,3,2025-10-18 06:14:10.738603,354530.365,6299857.426
PC484,504,TBFX-15,5665,16,24,2025-10-18 06:14:10.738608,354530.365,6299857.426
PC484,518,GCBC-93,2439,0,6,2025-10-18 06:14:10.738609,354530.365,6299857.426
PC484,C05,LDTB-87,10628,19,27,2025-10-18 06:14:10.738610,354530.365,6299857.426
PC484,D08,SVDC-42,2091,0,3,2025-10-18 06:14:10.738611,354530.365,6299857.426
PG916,211,TBYY-66,3307,0,8,2025-10-18 06:14:12.846099,341861.162,6279794.455
PG916,G37,THTD-98,6127,15,21,2025-10-18 06:14:12.846104,341861.162,6279794.455
PG916,G07,THTD-46,2397,0,8,2025-10-18 06:14:12.846106,341861.162,6279794.455
PG916,G07,THTF-85,12659,23,31,2025-10-18 06:14:12.846107,341861.162,6279794.455
PJ499,508,FLXX-38,3521,0,10,2025-10-18 06:14:19.282950,341567.715,6299909.819
PJ499,J03,GCBD-38,4540,11,17,2025-10-18 06:14:19.282956,341567.715,6299909.819
PI1499,I22,FLXY-14,2375,0,8,2025-10-18 06:14:21.244381,336227.653,6293339.755
PF1032,F24,SKJP-44,8192,14,20,2025-10-18 06:14:22.711591,352620.91,6281128.34
PF1032,F26,SPVW-83,1693,0,6,2025-10-18 06:14:22.711597,352620.91,6281128.34
PF1032,F26,SPVT-96,13450,31,41,2025-10-18 06:14:22.711598,352620.91,6281128.34
PC680,C03,SKDH-85,277,0,3,2025-10-18 06:14:24.399584,355920.828,6304658.391
PE396,323,FLXR-54,2315,0,6,2025-10-18 06:14:26.366811,355104.224,6288336.736
PG841,E18,BJFY-97,4153,12,18,2025-10-18 06:14:28.372266,347270.158,6285822.911
PG841,G04,SHXG-76,991,0,3,2025-10-18 06:14:28.372271,347270.158,6285822.911
PG841,G18,THTD-16,4761,16,22,2025-10-18 06:14:28.372273,347270.158,6285822.911
PG841,F05,SRVJ-17,9239,22,30,2025-10-18 06:14:28.372274,347270.158,6285822.911
PG841,F05,SPZX-96,14353,33,43,2025-10-18 06:14:28.372275,347270.158,6285822.911
PA665,301,CJRB-49,1678,0,8,2025-10-18 06:14:30.313789,346127.84,6298157.875
PA665,301,BJFX-23,2000,0,8,2025-10-18 06:14:30.313795,346127.84,6298157.875
PA665,509,TBFR-37,2463,0,10,2025-10-18 06:14:30.313796,346127.84,6298157.875
PA665,509,FLXW-31,6831,16,22,2025-10-18 06:14:30.313797,346127.84,6298157.875
PG968,228,THTH-22,2573,0,6,2025-10-18 06:14:32.232044,344302.261,6282257.757
PG968,G08,THTH-70,1,0,3,2025-10-18 06:14:32.232049,344302.261,6282257.757
PG968,G08,THTG-82,4896,9,15,2025-10-18 06:14:32.232050,344302.261,6282257.757
PG968,G39,SHCV-48,3374,0,10,2025-10-18 06:14:32.232051,344302.261,6282257.757
PG968,G39,SHCV-35,9037,11,17,2025-10-18 06:14:32.232052,344302.261,6282257.757
PG283,226,VFPG-91,3065,0,10,2025-10-18 06:14:33.761100,346827.161,6290237.809
PG283,226,VFPT-63,10462,23,31,2025-10-18 06:14:33.761105,346827.161,6290237.809
PG283,227,VFPJ-31,1184,0,3,2025-10-18 06:14:33.761107,346827.161,6290237.809
PG882,G05,SFGY-86,4445,10,16,2025-10-18 06:14:37.324249,345280.911,6283686.971
PG882,G35,SFGY-13,3508,8,14,2025-10-18 06:14:37.324254,345280.911,6283686.971
PG882,G35,SFPF-79,13277,32,42,2025-10-18 06:14:37.324255,345280.911,6283686.971
PI26,101,PFYR-62,1215,0,6,2025-10-18 06:14:39.260583,340458.622,6291589.168
PI26,I04,FLXZ-63,1,0,3,2025-10-18 06:14:39.260588,340458.622,6291589.168
PI26,I04,FLXL-15,3632,0,10,2025-10-18 06:14:39.260589,340458.622,6291589.168
PD709,D02,SVDC-58,528,0,3,2025-10-18 06:14:42.763513,354021.281,6297945.542
PD709,D15,SVDC-52,3508,13,19,2025-10-18 06:14:42.763518,354021.281,6297945.542
PE705,E11,VKJY-90,4191,17,23,2025-10-18 06:14:44.402729,352109.53,6285323.283
PE705,E12,VFJP-54,9928,26,36,2025-10-18 06:14:44.402734,352109.53,6285323.283
PE705,E12,VFKT-28,16662,45,60,2025-10-18 06:14:44.402735,352109.53,6285323.283
PG1940,G37,THTD-98,4498,8,14,2025-10-18 06:14:46.501506,342228.12,6278916.24
PG1940,G07,THTD-46,861,0,3,2025-10-18 06:14:46.501511,342228.12,6278916.24
PG1940,G07,THTF-85,11110,21,29,2025-10-18 06:14:46.501512,342228.12,6278916.24
PI33,101,PFYR-62,3042,9,15,2025-10-18 06:14:48.655017,339891.828,6293145.493
PI33,I25,FLXK-89,651,0,3,2025-10-18 06:14:48.655023,339891.828,6293145.493
PI33,I25,FLXF-14,6001,12,18,2025-10-18 06:14:48.655024,339891.828,6293145.493
PI33,I04,FLXZ-63,1719,0,6,2025-10-18 06:14:48.655025,339891.828,6293145.493
PI33,I04,FLXL-15,5389,10,16,2025-10-18 06:14:48.655026,339891.828,6293145.493
PF665,F30N,STHF-56,4263,7,13,2025-10-18 06:14:50.614162,352474.319,6278562.517
PF665,F02,SHXD-57,1838,0,6,2025-10-18 06:14:50.614167,352474.319,6278562.517
PG218,G11,THTC-94,568,0,3,2025-10-18 06:14:54.717483,347965.894,6287395.114
PG218,118,FLXW-54,3895,0,10,2025-10-18 06:14:54.717489,347965.894,6287395.114
PG218,118,FLXX-45,9512,17,25,2025-10-18 06:14:54.717490,347965.894,6287395.114
PG218,211,TBYY-64,7469,11,17,2025-10-18 06:14:54.717491,347965.894,6287395.114
PG218,211,TBYY-65,9384,15,21,2025-10-18 06:14:54.717492,347965.894,6287395.114
PB2081,B29,LXDJ-29,551,0,3,2025-10-18 06:14:56.660228,336002.001,6303343.001
PJ36,109,GCBD-35,7669,14,20,2025-10-18 06:14:58.591902,342780.83,6300756.102
PJ36,105,SHXF-24,6021,14,20,2025-10-18 06:14:58.591907,342780.83,6300756.102
PJ36,105,SHXF-28,8590,23,31,2025-10-18 06:14:58.591908,342780.83,6300756.102
PJ36,120,STHF-13,5895,14,20,2025-10-18 06:14:58.591908,342780.83,6300756.102
PA2,109,PFXB-25,3194,0,10,2025-10-18 06:15:00.622251,344026.32,6297769.53
PA2,109,GCBD-35,12143,26,36,2025-10-18 06:15:00.622256,344026.32,6297769.53
PA2,406,TBFR-79,109,0,3,2025-10-18 06:15:00.622257,344026.32,6297769.53
PA2,406,PFXB-73,3423,0,8,2025-10-18 06:15:00.622259,344026.32,6297769.53
PA2,422,FLXW-44,3081,0,10,2025-10-18 06:15:00.622260,344026.32,6297769.53
PA2,422,GCBC-46,11584,26,36,2025-10-18 06:15:00.622261,344026.32,6297769.53
PA2,426,BJFD-64,413,0,3,2025-10-18 06:15:00.622262,344026.32,6297769.53
PA2,426,BJFH-44,4383,8,14,2025-10-18 06:15:00.622262,344026.32,6297769.53
PA2,B26,FLXS-43,4202,0,10,2025-10-18 06:15:00.622264,344026.32,6297769.53
PA2,513,LXWS-40,5317,14,20,2025-10-18 06:15:00.622265,344026.32,6297769.53
PA2,507,PFXC-31,3284,0,10,2025-10-18 06:15:00.622266,344026.32,6297769.53
PA2,507,FLXV-71,11701,30,40,2025-10-18 06:15:00.622266,344026.32,6297769.53
PC242,426,BJFD-66,3783,0,10,2025-10-18 06:15:05.000576,357669.94,6305546.27
PC242,C01,LDJJ-77,8064,14,20,2025-10-18 06:15:05.000582,357669.94,6305546.27
PC242,C05,LDTB-87,2974,0,8,2025-10-18 06:15:05.000583,357669.94,6305546.27
PC242,C13,SJPB-27,1043,0,3,2025-10-18 06:15:05.000584,357669.94,6305546.27
PC242,C13,SJPB-67,15549,35,45,2025-10-18 06:15:05.000584,357669.94,6305546.27
PC242,C16,LFGP-25,1,0,3,2025-10-18 06:15:05.000585,357669.94,6305546.27
PC242,C19,SGPY-93,144,0,3,2025-10-18 06:15:05.000586,357669.94,6305546.27
PC242,C28,SKPJ-82,5805,10,16,2025-10-18 06:15:05.000587,357669.94,6305546.27
PH454,H24,VGRC-93,3203,0,10,2025-10-18 06:15:06.901084,347115.407,6292747.625
PB1464,B26,FLXS-57,177,0,3,2025-10-18 06:15:08.283635,343858.292,6302632.279
PB1464,B26,FLXP-69,1892,0,8,2025-10-18 06:15:08.283641,343858.292,6302632.279
PC1264,C27,SHCV-64,76,0,3,2025-10-18 06:15:10.226808,358410.0,6304596.0
PC1270,C27,SHCV-64,8226,24,32,2025-10-18 06:15:11.986824,359668.0,6304400.0
PD1060,D01,SVDD-24,400,0,6,2025-10-18 06:15:13.460391,356773.992,6296541.613
PJ636,J01,TBFV-98,8939,45,60,2025-10-18 06:15:14.805043,334986.886,6297538.401
PJ636,J01,TBFP-61,12770,45,60,2025-10-18 06:15:14.805048,334986.886,6297538.401
PI799,I07,VHSX-81,1478,7,13,2025-10-18 06:15:16.736343,333035.764,6290514.144
PI799,I07,VHTB-33,9148,28,38,2025-10-18 06:15:16.736348,333035.764,6290514.144
PI799,348,VHTB-21,5695,17,25,2025-10-18 06:15:16.736350,333035.764,6290514.144
PI799,348,VHSY-30,13509,34,46,2025-10-18 06:15:16.736351,333035.764,6290514.144
PI799,I02,FLXY-80,6813,13,19,2025-10-18 06:15:16.736352,333035.764,6290514.144
PI799,I02,FLXZ-34,13003,27,37,2025-10-18 06:15:16.736353,333035.764,6290514.144
PJ367,J18,VJBB-40,1293,0,6,2025-10-18 06:15:18.700989,337138.0,6298960.193
PJ367,503,VHLP-48,6076,10,16,2025-10-18 06:15:18.700994,337138.0,6298960.193
PJ367,503,VGVG-41,14724,27,37,2025-10-18 06:15:18.700994,337138.0,6298960.193
PJ367,J20,TBFW-56,1737,0,8,2025-10-18 06:15:18.700996,337138.0,6298960.193
PF1170,F24,SKJP-44,5520,8,14,2025-10-18 06:15:20.587977,352933.0,6282581.0
PD1009,D08,SVDC-42,8217,13,19,2025-10-18 06:15:22.541855,356996.603,6299627.273
PD1009,D08,SPBP-91,17183,45,60,2025-10-18 06:15:22.541860,356996.603,6299627.273
PJ7,107,PGBZ-14,2323,0,8,2025-10-18 06:15:24.557695,341677.893,6300359.546
PJ7,107,PGRZ-93,7487,15,21,2025-10-18 06:15:24.557700,341677.893,6300359.546
PJ7,101,PGPS-97,1392,0,8,2025-10-18 06:15:24.557701,341677.893,6300359.546
PJ7,101,PGPT-52,10081,32,42,2025-10-18 06:15:24.557702,341677.893,6300359.546
PJ7,J08,TBFX-43,585,0,3,2025-10-18 06:15:24.557703,341677.893,6300359.546
PJ7,J16,FLXV-58,452,0,3,2025-10-18 06:15:24.557704,341677.893,6300359.546
PJ7,B38,TBFW-85,12638,45,60,2025-10-18 06:15:24.557704,341677.893,6300359.546
PI137,108,PFYT-24,12009,26,36,2025-10-18 06:15:26.788144,340320.009,6291019.64
PI137,108,PFYR-70,14010,33,43,2025-10-18 06:15:26.788148,340320.009,6291019.64
PI137,I14,CJRW-83,3082,16,24,2025-10-18 06:15:26.788149,340320.009,6291019.64
PI137,I14,CJRW-19,11508,45,60,2025-10-18 06:15:26.788150,340320.009,6291019.64
PI137,115,FLXW-39,9409,16,24,2025-10-18 06:15:26.788151,340320.009,6291019.64
PI137,109,SZZY-79,3760,0,10,2025-10-18 06:15:26.788152,340320.009,6291019.64
PI137,109,PFXB-25,11302,22,30,2025-10-18 06:15:26.788153,340320.009,6291019.64
PD1043,D11,SVDD-33,4883,10,16,2025-10-18 06:15:30.914548,356542.624,6296253.315
PD1043,513,LZPH-21,3341,0,8,2025-10-18 06:15:30.914553,356542.624,6296253.315
PD1043,513,VJBB-51,9437,18,26,2025-10-18 06:15:30.914554,356542.624,6296253.315
PD1043,D09,SVDC-99,1943,0,6,2025-10-18 06:15:30.914555,356542.624,6296253.315
PD1043,D09,SVDD-58,2923,0,8,2025-10-18 06:15:30.914556,356542.624,6296253.315
PJ149,422,FLXV-85,18706,45,60,2025-10-18 06:15:32.478375,339764.437,6298136.23
PJ149,426,BJFC-78,6137,17,23,2025-10-18 06:15:32.478380,339764.437,6298136.23
PJ149,426,FLXD-29,16365,37,49,2025-10-18 06:15:32.478381,339764.437,6298136.23
PJ149,402,PFTW-50,7620,22,30,2025-10-18 06:15:32.478382,339764.437,6298136.23
PJ149,402,SHXG-36,10434,32,42,2025-10-18 06:15:32.478383,339764.437,6298136.23
PJ149,406,PFXB-78,18160,45,60,2025-10-18 06:15:32.478384,339764.437,6298136.23
PJ149,407,TBFX-69,5572,11,17,2025-10-18 06:15:32.478385,339764.437,6298136.23
PJ149,407,PFXC-72,15365,32,42,2025-10-18 06:15:32.478385,339764.437,6298136.23
PI679,I01,FLXG-72,0,0,3,2025-10-18 06:15:33.896328,341333.941,6292575.914
PI679,I01,FLXF-93,4540,0,10,2025-10-18 06:15:33.896334,341333.941,6292575.914
PJ550,J19,VGVG-57,151,0,3,2025-10-18 06:15:35.888342,337790.646,6296679.126
PJ550,J01,GCBD-36,304,0,3,2025-10-18 06:15:35.888347,337790.646,6296679.126
PJ550,J01,GCBD-91,5093,11,17,2025-10-18 06:15:35.888348,337790.646,6296679.126
PC205,406,TBFX-16,2823,9,15,2025-10-18 06:15:37.529698,350439.38,6300751.44
PC205,406,TBFW-39,3591,11,17,2025-10-18 06:15:37.529703,350439.38,6300751.44
PC205,426,BJFC-75,4897,13,19,2025-10-18 06:15:37.529705,350439.38,6300751.44
PC205,426,BJFD-64,7997,20,28,2025-10-18 06:15:37.529705,350439.38,6300751.44
PC205,405,PFVL-13,4141,11,17,2025-10-18 06:15:37.529706,350439.38,6300751.44
PC205,405,PFTV-84,4201,11,17,2025-10-18 06:15:37.529707,350439.38,6300751.44
PC205,432N,PGPT-44,3519,0,10,2025-10-18 06:15:37.529708,350439.38,6300751.44
PC205,503,VGVG-26,8088,21,29,2025-10-18 06:15:37.529709,350439.38,6300751.44
PC205,503,VGVG-59,13697,34,44,2025-10-18 06:15:37.529710,350439.38,6300751.44
PB738,C18,SKPH-71,4279,0,10,2025-10-18 06:15:39.204438,346476.469,6306168.082
PB1654,B03,SKHG-82,2764,12,18,2025-10-18 06:15:42.104368,339723.772,6301912.899
PA499,511,PFXC-67,8537,30,40,2025-10-18 06:15:44.070378,348223.136,6295275.662
PA499,511,GCBD-59,11914,45,60,2025-10-18 06:15:44.070384,348223.136,6295275.662
PA499,H07,FLXG-98,1225,0,3,2025-10-18 06:15:44.070385,348223.136,6295275.662
PA499,H07,FLXF-50,10598,21,29,2025-10-18 06:15:44.070386,348223.136,6295275.662
PA499,H13,BJFW-76,1369,0,8,2025-10-18 06:15:44.070387,348223.136,6295275.662
PA499,H13,BJFZ-92,4422,14,20,2025-10-18 06:15:44.070388,348223.136,6295275.662
PD422,403,SKPK-27,444,0,3,2025-10-18 06:15:45.976963,357830.14,6297490.3
PD422,403,PFVG-88,8389,18,26,2025-10-18 06:15:45.976968,357830.14,6297490.3
PD422,422,TBFR-50,11456,28,38,2025-10-18 06:15:45.976969,357830.14,6297490.3
PD422,422,FLXW-44,19332,45,60,2025-10-18 06:15:45.976970,357830.14,6297490.3
PJ1623,J12,FLXD-61,4126,16,22,2025-10-18 06:15:49.205328,328671.521,6297446.002
PJ1623,J12,TBFS-57,14000,45,60,2025-10-18 06:15:49.205333,328671.521,6297446.002
PI582,I03,FLXG-57,4513,10,16,2025-10-18 06:15:51.270961,338585.511,6293292.981
PI582,I03,FLXL-51,7483,17,25,2025-10-18 06:15:51.270966,338585.511,6293292.981
PI582,I10,FLXL-62,1758,0,6,2025-10-18 06:15:51.270967,338585.511,6293292.981
PI582,I10,FLXL-40,10048,24,32,2025-10-18 06:15:51.270968,338585.511,6293292.981
PI582,I20,FLXK-91,2254,0,10,2025-10-18 06:15:51.270969,338585.511,6293292.981
PI582,509,FLXK-20,3909,7,13,2025-10-18 06:15:51.270970,338585.511,6293292.981
PC120,C03,SKDH-85,22847,45,60,2025-10-18 06:15:54.542420,356418.429,6302819.173
PC120,C13,SJPB-27,4423,8,14,2025-10-18 06:15:54.542426,356418.429,6302819.173
PC120,C13,SJPB-67,18985,45,60,2025-10-18 06:15:54.542427,356418.429,6302819.173
PC120,C16,LFGP-25,3611,0,10,2025-10-18 06:15:54.542428,356418.429,6302819.173
PC120,225,SFWZ-65,1092,0,3,2025-10-18 06:15:54.542429,356418.429,6302819.173
PE1353,E12,VFKV-50,2958,11,17,2025-10-18 06:15:56.490349,353425.263,6286925.747
PE1353,E12,VFKR-96,8724,28,38,2025-10-18 06:15:56.490354,353425.263,6286925.747
PB1904,B21,SKDJ-74,10253,30,40,2025-10-18 06:15:58.567829,340642.41,6306770.95
PB1904,425,SJPC-51,6533,11,17,2025-10-18 06:15:58.567835,340642.41,6306770.95
PB1904,425,SJPC-80,13278,23,31,2025-10-18 06:15:58.567836,340642.41,6306770.95
PB1904,429,SJPF-96,5964,9,15,2025-10-18 06:15:58.567837,340642.41,6306770.95
PB1904,429,SJPD-75,14679,28,38,2025-10-18 06:15:58.567838,340642.41,6306770.95
PB1904,303,FLXF-85,304,0,3,2025-10-18 06:15:58.567839,340642.41,6306770.95
PB1904,303,FLXL-14,7805,16,22,2025-10-18 06:15:58.567840,340642.41,6306770.95
PB1904,307,TWPC-74,7905,16,22,2025-10-18 06:15:58.567841,340642.41,6306770.95
PB1904,307,TWPD-26,15083,33,43,2025-10-18 06:15:58.567842,340642.41,6306770.95
PB1904,B06,SKDJ-14,7976,20,28,2025-10-18 06:15:58.567843,340642.41,6306770.95
PI897,I17,FLXL-12,1946,0,6,2025-10-18 06:16:02.150895,341175.281,6294596.448
PI897,I04,FLXZ-63,4465,7,13,2025-10-18 06:16:02.150900,341175.281,6294596.448
PI897,I04,FLXL-15,8216,16,22,2025-10-18 06:16:02.150901,341175.281,6294596.448
PC944,C14,SKPK-61,1360,0,3,2025-10-18 06:16:03.513642,354056.898,6305449.301
PB1586,107,PGPV-88,373,0,3,2025-10-18 06:16:05.425337,344453.603,6303129.418
PB1586,107,PFYC-41,8846,16,24,2025-10-18 06:16:05.425342,344453.603,6303129.418
PB1586,101,PFYR-72,2227,0,8,2025-10-18 06:16:05.425344,344453.603,6303129.418
PB1586,101,PGPT-43,11349,37,49,2025-10-18 06:16:05.425345,344453.603,6303129.418
PF540,124,SRVJ-10,2350,8,14,2025-10-18 06:16:07.395791,351940.436,6278379.582
PG635,G13,SHCX-18,3392,11,17,2025-10-18 06:16:09.436912,345478.79,6285250.981
PG635,G13,SFPF-95,7242,24,32,2025-10-18 06:16:09.436917,345478.79,6285250.981
PI681,I25,FLXF-14,4112,0,10,2025-10-18 06:16:11.358382,340888.269,6292770.997
PI681,I25,FLXG-95,16499,45,60,2025-10-18 06:16:11.358387,340888.269,6292770.997
PI681,I01,FLXG-72,156,0,3,2025-10-18 06:16:11.358388,340888.269,6292770.997
PI681,I01,FLXF-93,4676,0,10,2025-10-18 06:16:11.358389,340888.269,6292770.997
PI681,I18,VHTB-61,7293,12,18,2025-10-18 06:16:11.358390,340888.269,6292770.997
PG25,201,GCBB-13,3527,0,8,2025-10-18 06:16:13.242624,342536.265,6282856.873
PG25,201,GCBB-20,9706,18,26,2025-10-18 06:16:13.242629,342536.265,6282856.873
PG25,211,TBYY-60,401,0,3,2025-10-18 06:16:13.242630,342536.265,6282856.873
PG25,211,TBYY-61,8095,14,20,2025-10-18 06:16:13.242631,342536.265,6282856.873
PB1105,B09,SHCY-32,4822,20,28,2025-10-18 06:16:17.072805,335507.471,6303581.588
PB1105,B09,SHCY-34,16946,45,60,2025-10-18 06:16:17.072810,335507.471,6303581.588
PB1105,B29,SKHG-69,2729,0,8,2025-10-18 06:16:17.072811,335507.471,6303581.588
PB1105,B29,SKHG-79,7992,19,27,2025-10-18 06:16:17.072812,335507.471,6303581.588
PE57,E17,FLXK-75,2794,0,10,2025-10-18 06:16:18.468178,354258.706,6290626.824
PE57,118,LXWR-94,307,0,3,2025-10-18 06:16:18.468183,354258.706,6290626.824
PI60,102,SPZX-83,13601,28,38,2025-10-18 06:16:20.388556,342247.32,6293990.61
PI60,102,FLXS-40,18468,45,60,2025-10-18 06:16:20.388560,342247.32,6293990.61
PI60,107,PGBY-53,5003,9,15,2025-10-18 06:16:20.388562,342247.32,6293990.61
PI60,107,PGRZ-92,8033,16,24,2025-10-18 06:16:20.388562,342247.32,6293990.61
PI60,I25,FLXF-14,607,0,3,2025-10-18 06:16:20.388563,342247.32,6293990.61
PI60,I25,FLXG-95,13004,36,48,2025-10-18 06:16:20.388564,342247.32,6293990.61
PI60,I01,FLXF-93,1573,0,3,2025-10-18 06:16:20.388565,342247.32,6293990.61
PI60,I01,FLXL-22,5847,11,17,2025-10-18 06:16:20.388566,342247.32,6293990.61
PI60,I18,VHTB-61,3821,0,10,2025-10-18 06:16:20.388567,342247.32,6293990.61
PF407,E11,VKJX-76,5242,10,16,2025-10-18 06:16:22.252484,356544.339,6285472.859
PF407,E11,VKJZ-50,6507,21,29,2025-10-18 06:16:22.252489,356544.339,6285472.859
PF407,F08,SPVW-14,4421,0,10,2025-10-18 06:16:22.252490,356544.339,6285472.859
PF407,F08,SPVT-65,9855,18,26,2025-10-18 06:16:22.252491,356544.339,6285472.859
PJ1712,J08,GCBD-72,4911,11,17,2025-10-18 06:16:23.681950,336196.751,6296539.799
PJ1712,J08,TBFX-43,13344,30,40,2025-10-18 06:16:23.681955,336196.751,6296539.799
PG2082,G39,SHCV-48,10436,45,60,2025-10-18 06:16:25.777518,341645.0,6284544.0
PG2082,G39,SHCV-35,12257,45,60,2025-10-18 06:16:25.777524,341645.0,6284544.0
PG538,F03,FLXG-88,59,0,3,2025-10-18 06:16:27.200670,343264.602,6280793.894
PF648,F15,SRVF-90,2231,0,8,2025-10-18 06:16:28.859191,352953.975,6280367.232
PF648,F15,SRVJ-34,7057,17,25,2025-10-18 06:16:28.859196,352953.975,6280367.232
PD1018,D01,SVDD-24,10463,45,60,2025-10-18 06:16:30.766607,357459.983,6296809.959
PD1018,D08,STWB-31,245,0,3,2025-10-18 06:16:30.766612,357459.983,6296809.959
PD1018,D08,SVDC-42,11917,22,30,2025-10-18 06:16:30.766613,357459.983,6296809.959
PE1364,E18,BJFY-97,18,0,3,2025-10-18 06:16:32.751613,349784.946,6285988.167
PE1364,E18,BJFS-42,6658,13,19,2025-10-18 06:16:32.751618,349784.946,6285988.167
PE1364,F05,SRVJ-17,5172,11,17,2025-10-18 06:16:32.751620,349784.946,6285988.167
PE1364,F05,SPZX-96,10589,22,30,2025-10-18 06:16:32.751621,349784.946,6285988.167
PE1364,E11,VKJY-50,1,0,3,2025-10-18 06:16:32.751622,349784.946,6285988.167
PE1364,E11,VKJX-63,12,0,3,2025-10-18 06:16:32.751622,349784.946,6285988.167
PE1364,E16,VFKS-68,3347,10,16,2025-10-18 06:16:32.751623,349784.946,6285988.167
PE1364,E16,VFJK-84,8654,25,35,2025-10-18 06:16:32.751624,349784.946,6285988.167
PE392,E03,BJFX-10,873,0,3,2025-10-18 06:16:36.825700,355230.218,6288580.861
PE392,E03,BJFW-44,10714,22,30,2025-10-18 06:16:36.825705,355230.218,6288580.861
PC746,712,SHCW-74,3480,0,8,2025-10-18 06:16:38.731383,353820.975,6305312.581
PG219,211,TBYY-64,7101,10,16,2025-10-18 06:16:40.731686,348216.461,6287357.447
PG219,211,TBYY-65,8858,14,20,2025-10-18 06:16:40.731691,348216.461,6287357.447
PG219,G11,THTC-94,1,0,3,2025-10-18 06:16:40.731692,348216.461,6287357.447
PG219,118,FLXW-54,3473,0,10,2025-10-18 06:16:40.731693,348216.461,6287357.447
PG219,118,FLXX-45,9095,16,22,2025-10-18 06:16:40.731694,348216.461,6287357.447
PJ76,J08,GCBD-72,6728,16,22,2025-10-18 06:16:42.793805,336173.467,6295959.676
PJ76,J08,TBFX-43,15468,34,46,2025-10-18 06:16:42.793810,336173.467,6295959.676
PJ76,424,FLXW-12,12724,33,43,2025-10-18 06:16:42.793812,336173.467,6295959.676
PJ76,110,CJRW-51,693,0,3,2025-10-18 06:16:42.793813,336173.467,6295959.676
PJ76,110,CJRW-48,4710,11,17,2025-10-18 06:16:42.793814,336173.467,6295959.676
PJ76,510,GCBF-29,8568,26,34,2025-10-18 06:16:42.793815,336173.467,6295959.676
PJ76,510,TBFX-55,12504,36,48,2025-10-18 06:16:42.793815,336173.467,6295959.676
PJ76,516,TBFW-33,3831,15,21,2025-10-18 06:16:42.793816,336173.467,6295959.676
PJ76,516,FLXV-84,10237,34,46,2025-10-18 06:16:42.793817,336173.467,6295959.676
PG1089,G11,THTD-65,6924,14,20,2025-10-18 06:16:44.699588,348255.252,6285298.182
PG1089,G11,THTC-94,14475,28,38,2025-10-18 06:16:44.699593,348255.252,6285298.182
PD310,517,VHZZ-80,646,0,3,2025-10-18 06:16:48.585360,355476.166,6299415.999
PD310,225,SFWZ-63,5148,15,21,2025-10-18 06:16:48.585365,355476.166,6299415.999
PD310,225,SFWZ-76,11503,31,41,2025-10-18 06:16:48.585366,355476.166,6299415.999
PD310,D11,SVDF-17,1564,0,6,2025-10-18 06:16:48.585367,355476.166,6299415.999
PI1598,I07,VHSY-43,1,0,3,2025-10-18 06:16:50.586752,333661.086,6290206.211
PI1598,109,GCBC-92,1065,0,3,2025-10-18 06:16:50.586758,333661.086,6290206.211
PI1598,348,VHTB-77,1079,0,3,2025-10-18 06:16:50.586759,333661.086,6290206.211
PF85,F26,SPVT-96,11395,25,33,2025-10-18 06:16:52.662471,353597.928,6281061.942
PF85,F26,SPVV-85,16172,37,49,2025-10-18 06:16:52.662477,353597.928,6281061.942
PF85,205,LZRD-88,5783,12,18,2025-10-18 06:16:52.662478,353597.928,6281061.942
PF85,205,LZRD-94,17039,36,48,2025-10-18 06:16:52.662479,353597.928,6281061.942
PF85,210,VFPZ-89,9678,21,29,2025-10-18 06:16:52.662480,353597.928,6281061.942
PF85,210,SXKV-89,16087,33,43,2025-10-18 06:16:52.662481,353597.928,6281061.942
PF85,F30N,STHD-26,1356,0,6,2025-10-18 06:16:52.662482,353597.928,6281061.942
PF85,F30N,LBTS-96,15220,29,39,2025-10-18 06:16:52.662483,353597.928,6281061.942
PI1345,506,TBFT-96,1,0,3,2025-10-18 06:16:54.666798,336821.46,6289144.671
PI1345,506,PFWZ-64,1984,0,6,2025-10-18 06:16:54.666802,336821.46,6289144.671
PI1345,506V,TBFT-70,4853,11,17,2025-10-18 06:16:54.666803,336821.46,6289144.671
PE840,E17,FLXK-60,3224,8,14,2025-10-18 06:16:56.655379,353574.042,6290650.23
PE840,118,FLXW-54,12424,26,36,2025-10-18 06:16:56.655384,353574.042,6290650.23
PE840,118,FLXX-45,18056,35,47,2025-10-18 06:16:56.655385,353574.042,6290650.23
PJ888,514,FLXX-91,11940,22,30,2025-10-18 06:16:58.561339,336032.371,6298290.724
PJ888,514,FLXT-10,20402,45,60,2025-10-18 06:16:58.561345,336032.371,6298290.724
PI1673,401,PFYG-88,4697,12,18,2025-10-18 06:17:00.565056,335777.13,6289116.97
PI1673,401,PFVK-98,11932,24,32,2025-10-18 06:17:00.565060,335777.13,6289116.97
PI1673,421,PFYG-68,29826,45,60,2025-10-18 06:17:00.565061,335777.13,6289116.97
PI1673,I10,FLXG-91,4447,9,15,2025-10-18 06:17:00.565062,335777.13,6289116.97
PI1673,I10,FLXL-38,13601,28,38,2025-10-18 06:17:00.565063,335777.13,6289116.97
PI1673,106,PFVC-39,18147,35,47,2025-10-18 06:17:00.565064,335777.13,6289116.97
PI1673,106,PFYR-69,29936,45,60,2025-10-18 06:17:00.565065,335777.13,6289116.97
PC352,411,PGBY-81,2151,0,6,2025-10-18 06:17:07.533061,359168.709,6306502.93
PC352,C01,LDJJ-82,2753,0,6,2025-10-18 06:17:07.533066,359168.709,6306502.93
PC352,C01,LCPW-35,9232,17,23,2025-10-18 06:17:07.533067,359168.709,6306502.93
PC352,C05,LDTF-45,8729,14,20,2025-10-18 06:17:07.533068,359168.709,6306502.93
PC352,C13,SJPB-67,568,0,3,2025-10-18 06:17:07.533069,359168.709,6306502.93
PC352,C19,SGPY-87,6356,9,15,2025-10-18 06:17:07.533070,359168.709,6306502.93
PC352,C28,SHCY-30,149,0,3,2025-10-18 06:17:07.533071,359168.709,6306502.93
PC352,C01C,PGTV-32,109,0,3,2025-10-18 06:17:07.533072,359168.709,6306502.93
PG1201,G09,SFGY-15,470,0,3,2025-10-18 06:17:09.421264,341229.75,6282896.5
PG1201,G09,SHCV-49,6181,15,21,2025-10-18 06:17:09.421269,341229.75,6282896.5
PF350,F20,SPZY-58,1312,0,3,2025-10-18 06:17:11.391745,353743.412,6283656.743
PF350,F08,SPVW-14,9795,21,29,2025-10-18 06:17:11.391750,353743.412,6283656.743
PF350,F08,SPVT-65,15234,32,42,2025-10-18 06:17:11.391752,353743.412,6283656.743
PF350,F14,SPRY-86,2951,0,8,2025-10-18 06:17:11.391753,353743.412,6283656.743
PF350,F24,SKJP-44,2185,0,6,2025-10-18 06:17:11.391754,353743.412,6283656.743
PF350,F27,SPRZ-12,4016,0,10,2025-10-18 06:17:11.391755,353743.412,6283656.743
PF350,F27,SPRV-96,8085,16,22,2025-10-18 06:17:11.391756,353743.412,6283656.743
PF350,F05,SPZX-96,2563,0,6,2025-10-18 06:17:11.391757,353743.412,6283656.743
PF350,F06,SPZX-78,2386,0,6,2025-10-18 06:17:11.391758,353743.412,6283656.743
PI1335,I24,VHSX-94,8067,17,23,2025-10-18 06:17:13.294213,336766.412,6290556.653
PI1335,I02,FLXY-80,270,0,3,2025-10-18 06:17:13.294218,336766.412,6290556.653
PI1335,I02,FLXZ-34,6271,14,20,2025-10-18 06:17:13.294219,336766.412,6290556.653
PI1335,I12,FLXY-31,1623,0,3,2025-10-18 06:17:13.294220,336766.412,6290556.653
PI1335,I12,FLXY-19,3575,0,8,2025-10-18 06:17:13.294221,336766.412,6290556.653
PF4,104,SKWD-84,1071,0,3,2025-10-18 06:17:14.755391,355694.32,6283989.904
PF4,104,SKWD-56,7272,14,20,2025-10-18 06:17:14.755396,355694.32,6283989.904
PF4,114,LDJJ-87,8121,17,25,2025-10-18 06:17:14.755397,355694.32,6283989.904
PF4,114,SKVD-68,12746,28,38,2025-10-18 06:17:14.755398,355694.32,6283989.904
PF4,F08,SPVW-14,7735,15,21,2025-10-18 06:17:14.755399,355694.32,6283989.904
PF4,F08,SPVT-65,13182,25,35,2025-10-18 06:17:14.755399,355694.32,6283989.904
PF4,F27,SPRZ-12,1963,0,3,2025-10-18 06:17:14.755400,355694.32,6283989.904
PF4,F27,SPRV-96,6031,9,15,2025-10-18 06:17:14.755401,355694.32,6283989.904
PF4,102,SPZX-63,4440,7,13,2025-10-18 06:17:14.755402,355694.32,6283989.904
PF4,102,SPZX-65,15059,31,41,2025-10-18 06:17:14.755403,355694.32,6283989.904
PF4,124,SRVG-10,5978,9,15,2025-10-18 06:17:14.755403,355694.32,6283989.904
PF4,712,SHCY-15,5250,7,13,2025-10-18 06:17:14.755404,355694.32,6283989.904
PF4,712,SJPD-98,18987,33,43,2025-10-18 06:17:14.755405,355694.32,6283989.904
PE701,E10,CJRC-46,1637,0,6,2025-10-18 06:17:16.197019,355480.975,6287812.344
PD1172,D16,PGBY-43,1651,0,6,2025-10-18 06:17:17.773347,352642.658,6293583.993
PH1495,302,BJFV-99,5384,7,13,2025-10-18 06:17:19.723304,344215.318,6289401.208
PH1495,321,CJRX-58,1846,0,6,2025-10-18 06:17:19.723309,344215.318,6289401.208
PG2119,G27,THTF-59,459,0,3,2025-10-18 06:17:23.651851,340814.0,6279510.0
PJ11,107,PFTW-24,474,0,3,2025-10-18 06:17:25.661642,341304.825,6299074.665
PJ11,107,PGBZ-14,3006,0,10,2025-10-18 06:17:25.661647,341304.825,6299074.665
PJ11,101,PGPS-97,2101,0,10,2025-10-18 06:17:25.661648,341304.825,6299074.665
PJ11,101,PGPT-52,10626,32,42,2025-10-18 06:17:25.661649,341304.825,6299074.665
PE168,118,LXWR-94,7081,14,20,2025-10-18 06:17:27.618783,349656.594,6287518.957
PE168,211,TBYY-62,38,0,3,2025-10-18 06:17:27.618788,349656.594,6287518.957
PE168,211,TBYY-59,4637,0,10,2025-10-18 06:17:27.618789,349656.594,6287518.957
PE168,216,SDGY-23,18652,45,60,2025-10-18 06:17:27.618790,349656.594,6287518.957
PD1434,D17,PGRZ-64,7844,14,20,2025-10-18 06:17:29.547255,355821.679,6292239.345
PJ1727,418,SHCX-39,2887,10,16,2025-10-18 06:17:31.535530,335744.567,6299193.999
PJ1727,J02,VHXJ-81,2812,0,8,2025-10-18 06:17:31.535535,335744.567,6299193.999
PJ1727,J02,VHZX-50,13275,25,33,2025-10-18 06:17:31.535536,335744.567,6299193.999
PJ1727,J18,VJBB-71,2340,0,8,2025-10-18 06:17:31.535537,335744.567,6299193.999
PJ1727,J18,VHZW-81,5102,11,17,2025-10-18 06:17:31.535538,335744.567,6299193.999
PJ15,107,PFTW-24,1455,0,6,2025-10-18 06:17:34.647204,341302.36,6297988.72
PJ15,107,PGBZ-14,3953,9,15,2025-10-18 06:17:34.647209,341302.36,6297988.72
PJ15,101,PGPS-97,3007,7,13,2025-10-18 06:17:34.647211,341302.36,6297988.72
PJ15,101,PGPT-52,11565,34,44,2025-10-18 06:17:34.647212,341302.36,6297988.72
PD1637,114,SKWD-69,1754,0,6,2025-10-18 06:17:38.562797,350781.74,6293555.62
PD1637,114,SKWD-81,9467,18,26,2025-10-18 06:17:38.562802,350781.74,6293555.62
PD1637,103,SPBP-92,1617,0,6,2025-10-18 06:17:38.562803,350781.74,6293555.62
PD1637,103,SPBG-34,9094,19,27,2025-10-18 06:17:38.562804,350781.74,6293555.62
PD1637,117,SPBL-63,1828,12,18,2025-10-18 06:17:38.562805,350781.74,6293555.62
PC286,C19,SGPY-87,2726,0,6,2025-10-18 06:17:40.608229,356769.99,6304520.49
PC286,C28,SGPW-39,5088,8,14,2025-10-18 06:17:40.608234,356769.99,6304520.49
PC286,430,PGTV-13,3474,0,10,2025-10-18 06:17:40.608235,356769.99,6304520.49
PC286,430,PGBY-61,9476,20,28,2025-10-18 06:17:40.608236,356769.99,6304520.49
PC286,406,PFXC-24,5562,12,18,2025-10-18 06:17:40.608236,356769.99,6304520.49
PC286,406,TBFX-16,9894,25,35,2025-10-18 06:17:40.608237,356769.99,6304520.49
PC286,426,BJFC-75,12015,29,39,2025-10-18 06:17:40.608238,356769.99,6304520.49
PC286,426,BJFD-64,14863,36,48,2025-10-18 06:17:40.608239,356769.99,6304520.49
PC286,C01,LCPW-35,5767,11,17,2025-10-18 06:17:40.608240,356769.99,6304520.49
PC286,C05,LDTF-45,5102,7,13,2025-10-18 06:17:40.608241,356769.99,6304520.49
PA259,307,TWPD-26,1536,0,6,2025-10-18 06:17:42.553782,347307.66,6299110.63
PA259,307,TWPD-30,8415,19,27,2025-10-18 06:17:42.553787,347307.66,6299110.63
PA259,314,TWPD-85,2257,0,8,2025-10-18 06:17:42.553788,347307.66,6299110.63
PA259,314,TWPD-28,9197,19,27,2025-10-18 06:17:42.553789,347307.66,6299110.63
PA259,517,VHZZ-80,11839,27,37,2025-10-18 06:17:42.553790,347307.66,6299110.63
PE535,323,FLXR-46,3336,0,10,2025-10-18 06:17:46.431885,353734.343,6288192.578
PC401,421,PFTV-86,6037,13,19,2025-10-18 06:17:48.463494,358121.555,6303916.21
PC401,421,PFVK-99,13310,31,41,2025-10-18 06:17:48.463499,358121.555,6303916.21
PE543,323,FLXR-46,5635,13,19,2025-10-18 06:17:51.161581,354851.622,6289221.439
PG1279,206,SDGY-36,3335,9,15,2025-10-18 06:17:52.633721,347957.436,6283584.933
PG1279,F20,SPZY-58,8678,21,29,2025-10-18 06:17:52.633726,347957.436,6283584.933
PH374,H09,VGRB-73,3480,0,10,2025-10-18 06:17:54.061348,344971.323,6292786.706
PH374,121,CJRZ-67,3502,0,10,2025-10-18 06:17:54.061353,344971.323,6292786.706
PH374,121,BJFZ-70,6796,18,26,2025-10-18 06:17:54.061354,344971.323,6292786.706
PH374,H06,FLXD-67,7713,15,21,2025-10-18 06:17:54.061354,344971.323,6292786.706
PH374,H06,FLXD-78,8123,16,22,2025-10-18 06:17:54.061355,344971.323,6292786.706
PC652,C03,SKDH-85,15975,45,60,2025-10-18 06:17:57.462890,353148.324,6304922.289
PC652,C03,LWTK-61,22644,45,60,2025-10-18 06:17:57.462899,353148.324,6304922.289
PD333,227,VFPL-74,2487,15,21,2025-10-18 06:17:59.044692,350002.055,6297302.605
PD333,227,VFPJ-31,11091,45,60,2025-10-18 06:17:59.044697,350002.055,6297302.605
PD333,514,TBFX-51,1232,0,6,2025-10-18 06:17:59.044699,350002.055,6297302.605
PD333,514,PFXB-18,11970,27,37,2025-10-18 06:17:59.044700,350002.055,6297302.605
PD333,422,TBFR-50,1541,0,6,2025-10-18 06:17:59.044701,350002.055,6297302.605
PD333,422,FLXW-44,9509,25,33,2025-10-18 06:17:59.044702,350002.055,6297302.605
PD333,403,PFYC-36,4559,10,16,2025-10-18 06:17:59.044703,350002.055,6297302.605
PD333,505,LZPH-20,5126,18,26,2025-10-18 06:17:59.044704,350002.055,6297302.605
PD333,505,VHZY-51,5296,19,27,2025-10-18 06:17:59.044705,350002.055,6297302.605
PD333,513,VJBB-51,1135,0,3,2025-10-18 06:17:59.044706,350002.055,6297302.605
PD333,513,LXWS-40,12337,32,42,2025-10-18 06:17:59.044707,350002.055,6297302.605
PD333,325,VFKV-91,981,0,3,2025-10-18 06:17:59.044708,350002.055,6297302.605
PD255,225,SFWZ-52,395,0,3,2025-10-18 06:18:00.728682,356250.361,6296577.862
PD255,225,SFWZ-65,9549,19,27,2025-10-18 06:18:00.728686,356250.361,6296577.862
PD765,D02,SVDF-63,5904,13,19,2025-10-18 06:18:02.589851,351901.61,6296665.746
PD901,325,VFKS-17,3261,0,10,2025-10-18 06:18:04.261867,351524.649,6291321.959
PD901,325,VFKV-91,9618,23,31,2025-10-18 06:18:04.261872,351524.649,6291321.959
PG466,G18,THTG-70,835,0,3,2025-10-18 06:18:06.221858,345617.358,6288332.281
PG466,G18,THTD-16,8207,24,32,2025-10-18 06:18:06.221864,345617.358,6288332.281
PI65,120,STHF-13,7965,17,25,2025-10-18 06:18:08.214824,342678.14,6297612.24
PI65,I03,FLXJ-27,1,0,3,2025-10-18 06:18:08.214829,342678.14,6297612.24
PI65,407,FLXV-43,4910,10,16,2025-10-18 06:18:08.214830,342678.14,6297612.24
PI65,407,GCBD-22,11042,24,32,2025-10-18 06:18:08.214831,342678.14,6297612.24
PI65,105,SHXG-30,710,0,3,2025-10-18 06:18:08.214832,342678.14,6297612.24
PI65,105,SHXF-24,7937,19,27,2025-10-18 06:18:08.214832,342678.14,6297612.24
PH295,119,FLXG-71,642,0,3,2025-10-18 06:18:11.987658,344770.457,6293990.242
PH295,119,FLXG-66,7161,17,25,2025-10-18 06:18:11.987662,344770.457,6293990.242
PC200,505,LZPH-20,1842,0,8,2025-10-18 06:18:13.792050,348605.13,6299275.54
PC200,505,VHZY-51,2096,0,8,2025-10-18 06:18:13.792055,348605.13,6299275.54
PC200,508,FLXX-94,3718,7,13,2025-10-18 06:18:13.792056,348605.13,6299275.54
PC200,508,FLXX-38,10561,24,32,2025-10-18 06:18:13.792057,348605.13,6299275.54
PC200,514,PFXB-18,8713,17,25,2025-10-18 06:18:13.792058,348605.13,6299275.54
PC200,514,TBFX-40,8780,18,26,2025-10-18 06:18:13.792058,348605.13,6299275.54
PC200,406,TBFR-79,4381,12,18,2025-10-18 06:18:13.792059,348605.13,6299275.54
PC200,406,PFXB-73,7688,19,27,2025-10-18 06:18:13.792060,348605.13,6299275.54
PC200,426,BJFC-75,1871,0,6,2025-10-18 06:18:13.792061,348605.13,6299275.54
PC200,426,BJFD-64,4604,9,15,2025-10-18 06:18:13.792061,348605.13,6299275.54
PC200,B27,FLXT-85,7080,17,25,2025-10-18 06:18:13.792062,348605.13,6299275.54
PC200,106,PFTW-68,5531,14,20,2025-10-18 06:18:13.792063,348605.13,6299275.54
PC200,106,PFVG-60,19682,45,60,2025-10-18 06:18:13.792064,348605.13,6299275.54
PC200,405,PFVL-13,1055,0,3,2025-10-18 06:18:13.792065,348605.13,6299275.54
PC200,405,PFTV-84,1455,0,3,2025-10-18 06:18:13.792065,348605.13,6299275.54
PE92,204,VFPH-91,3589,0,10,2025-10-18 06:18:15.249911,351503.187,6285208.683
PE92,224,VFPH-81,2430,0,8,2025-10-18 06:18:15.249917,351503.187,6285208.683
PI409,404,PFYC-69,4500,14,20,2025-10-18 06:18:17.253979,340001.686,6296065.702
PI409,404,PFYC-70,12741,45,60,2025-10-18 06:18:17.253984,340001.686,6296065.702
PI409,106,PFVC-39,8203,16,22,2025-10-18 06:18:17.253985,340001.686,6296065.702
PI409,106,PFYR-69,19726,45,60,2025-10-18 06:18:17.253985,340001.686,6296065.702
PI409,I09,FLXY-94,2960,0,8,2025-10-18 06:18:17.253986,340001.686,6296065.702
PI409,432N,PFVD-33,1432,0,3,2025-10-18 06:18:17.253987,340001.686,6296065.702
PI409,424,FLXW-12,4025,0,10,2025-10-18 06:18:17.253988,340001.686,6296065.702
PI409,401,PFVK-98,1660,0,3,2025-10-18 06:18:17.253989,340001.686,6296065.702
PI409,401,PFBG-29,13543,26,36,2025-10-18 06:18:17.253990,340001.686,6296065.702
PI409,405,PFYG-43,4748,10,16,2025-10-18 06:18:17.253991,340001.686,6296065.702
PI409,405,PFTF-86,11120,29,39,2025-10-18 06:18:17.253992,340001.686,6296065.702
PI409,419,PFBG-21,3543,8,14,2025-10-18 06:18:17.253992,340001.686,6296065.702
PI409,421,PFYG-68,19120,45,60,2025-10-18 06:18:17.253993,340001.686,6296065.702
PF48,712,SHCY-15,8538,15,21,2025-10-18 06:18:19.013042,354718.882,6281181.448
PF48,712,SJPD-98,22543,45,60,2025-10-18 06:18:19.013046,354718.882,6281181.448
PF48,F14,SPRY-50,897,0,3,2025-10-18 06:18:19.013048,354718.882,6281181.448
PF48,F14,SPRX-21,6266,14,20,2025-10-18 06:18:19.013048,354718.882,6281181.448
PF48,226,VFPZ-55,7835,16,22,2025-10-18 06:18:19.013049,354718.882,6281181.448
PF48,226,VFPG-91,17191,37,49,2025-10-18 06:18:19.013050,354718.882,6281181.448
PJ364,503,VHLP-48,3784,0,8,2025-10-18 06:18:20.894717,337528.898,6299537.33
PJ364,503,VGVG-41,12361,22,30,2025-10-18 06:18:20.894723,337528.898,6299537.33
PJ478,408,LXWS-38,647,0,3,2025-10-18 06:18:22.921982,337084.34,6300523.03
PJ478,408,LZPH-18,7003,11,17,2025-10-18 06:18:22.921987,337084.34,6300523.03
PI542,506V,TBFT-44,7325,15,21,2025-10-18 06:18:24.916833,342191.518,6296230.719
PI542,506V,TBFT-70,14916,34,46,2025-10-18 06:18:24.916837,342191.518,6296230.719
PI542,509,FLXK-20,7764,14,20,2025-10-18 06:18:24.916839,342191.518,6296230.719
PI542,509,FLXK-34,13479,28,38,2025-10-18 06:18:24.916840,342191.518,6296230.719
PI542,506,TBFT-96,10073,20,28,2025-10-18 06:18:24.916840,342191.518,6296230.719
PI542,506,PFWZ-64,11797,24,32,2025-10-18 06:18:24.916841,342191.518,6296230.719
PG1708,G04,SFPG-48,3670,20,28,2025-10-18 06:18:26.862347,348004.438,6285715.701
PG1708,G18,THTD-16,2421,8,14,2025-10-18 06:18:26.862352,348004.438,6285715.701
PB698,B01,SKHF-92,1220,0,3,2025-10-18 06:18:28.859011,341835.891,6303808.527
PB698,B01,SKHG-40,10949,45,60,2025-10-18 06:18:28.859016,341835.891,6303808.527
PB698,B17,SKHG-37,8167,16,24,2025-10-18 06:18:28.859017,341835.891,6303808.527
PB698,B17,SKHG-42,16238,45,60,2025-10-18 06:18:28.859018,341835.891,6303808.527
PB698,B28,STHD-35,490,0,3,2025-10-18 06:18:28.859019,341835.891,6303808.527
PD571,506,TBFX-28,1770,0,3,2025-10-18 06:18:30.937299,354177.327,6295432.158
PD571,506,TBFW-47,7524,15,21,2025-10-18 06:18:30.937305,354177.327,6295432.158
PD571,506V,PFXB-65,10415,27,37,2025-10-18 06:18:30.937306,354177.327,6295432.158
PD571,506V,TBFT-44,20304,45,60,2025-10-18 06:18:30.937307,354177.327,6295432.158
PD571,507,PFXB-90,9060,17,25,2025-10-18 06:18:30.937308,354177.327,6295432.158
PD571,507,PFXC-31,14494,33,43,2025-10-18 06:18:30.937309,354177.327,6295432.158
PD571,511,PFXC-67,15568,45,60,2025-10-18 06:18:30.937310,354177.327,6295432.158
PD571,511,GCBD-59,18926,45,60,2025-10-18 06:18:30.937311,354177.327,6295432.158
PA319,121,CJRW-56,2979,0,10,2025-10-18 06:18:34.828262,345423.28,6295644.74
PA319,121,CJRZ-67,7363,17,23,2025-10-18 06:18:34.828267,345423.28,6295644.74
PF939,F01,SPVT-92,2645,0,8,2025-10-18 06:18:36.727542,355726.234,6279541.716
PG110,203,LZPG-11,77,0,3,2025-10-18 06:18:38.816584,348408.132,6285643.543
PG110,203,LZPT-69,4233,20,28,2025-10-18 06:18:38.816589,348408.132,6285643.543
PG110,G11,THTD-65,7116,14,20,2025-10-18 06:18:38.816591,348408.132,6285643.543
PG110,G11,THTC-94,14188,27,37,2025-10-18 06:18:38.816592,348408.132,6285643.543
PG110,G18,THTD-92,4138,8,14,2025-10-18 06:18:38.816593,348408.132,6285643.543
PG110,G18,THTD-91,10101,23,31,2025-10-18 06:18:38.816594,348408.132,6285643.543
PJ1735,J08,PFXC-45,1,0,3,2025-10-18 06:18:40.795843,339000.687,6296228.527
PJ1735,J08,GCBF-35,5583,10,16,2025-10-18 06:18:40.795848,339000.687,6296228.527
PJ1735,424,FLXW-12,5596,9,15,2025-10-18 06:18:40.795849,339000.687,6296228.527
PG483,E05,BJFV-90,1928,9,15,2025-10-18 06:18:42.739340,347261.277,6288846.946
PG483,G01,THTG-16,5937,17,25,2025-10-18 06:18:42.739345,347261.277,6288846.946
PB1734,408,LZPH-18,2635,0,6,2025-10-18 06:18:44.717407,338918.55,6301906.78
PB1734,408,LXWR-78,10733,25,33,2025-10-18 06:18:44.717412,338918.55,6301906.78
PB1734,410,SJPD-73,5685,11,17,2025-10-18 06:18:44.717413,338918.55,6301906.78
PC281,430,PGTV-13,1419,0,3,2025-10-18 06:18:46.941550,355709.62,6303457.19
PC281,430,PGBY-61,7071,13,19,2025-10-18 06:18:46.941555,355709.62,6303457.19
PC281,406,PFXC-24,3567,0,10,2025-10-18 06:18:46.941556,355709.62,6303457.19
PC281,406,TBFX-16,7916,21,29,2025-10-18 06:18:46.941557,355709.62,6303457.19
PC281,426,BJFC-75,10187,25,33,2025-10-18 06:18:46.941558,355709.62,6303457.19
PC281,426,BJFD-64,12974,32,42,2025-10-18 06:18:46.941559,355709.62,6303457.19
PC281,C01,LCPW-35,3825,0,10,2025-10-18 06:18:46.941560,355709.62,6303457.19
PC281,C19,SGPY-87,747,0,3,2025-10-18 06:18:46.941560,355709.62,6303457.19
PC281,C28,SGPW-39,3248,0,8,2025-10-18 06:18:46.941561,355709.62,6303457.19
PC281,C01C,PGTV-34,3572,0,10,2025-10-18 06:18:46.941562,355709.62,6303457.19
PH730,H24,VGRC-73,7203,17,23,2025-10-18 06:18:48.897415,343823.582,6292294.792
PH730,H24,VGRD-35,9426,22,30,2025-10-18 06:18:48.897421,343823.582,6292294.792
PG920,G07,THTD-46,1724,0,6,2025-10-18 06:18:50.854260,342180.525,6280827.308
PG920,G07,THTF-85,11851,22,30,2025-10-18 06:18:50.854265,342180.525,6280827.308
PG920,G37,THTD-98,4508,11,17,2025-10-18 06:18:50.854267,342180.525,6280827.308
PC808,C09,SGPY-58,4426,9,15,2025-10-18 06:18:52.752217,359806.47,6305737.985
PI659,I26,PFYR-99,373,0,3,2025-10-18 06:18:54.713504,338568.492,6291190.205
PI659,I01,FLXL-32,2730,0,8,2025-10-18 06:18:54.713509,338568.492,6291190.205
PI659,I01,FLXL-64,3551,0,10,2025-10-18 06:18:54.713510,338568.492,6291190.205
PG1565,G07,THTD-88,5534,12,18,2025-10-18 06:18:56.670081,339309.849,6276724.159
PG1565,G07,THTF-34,14391,33,43,2025-10-18 06:18:56.670086,339309.849,6276724.159
PJ318,503,VGTZ-89,1138,0,3,2025-10-18 06:18:58.581545,336952.184,6297660.292
PE74,E12,VFKT-28,637,0,3,2025-10-18 06:19:00.574265,349147.581,6289080.542
PE74,E12,VFKV-50,12121,35,47,2025-10-18 06:19:00.574270,349147.581,6289080.542
PE74,226,VFPG-91,4605,7,13,2025-10-18 06:19:00.574271,349147.581,6289080.542
PE74,226,VFPT-63,12116,25,33,2025-10-18 06:19:00.574272,349147.581,6289080.542
PG1114,G11,THTG-73,3483,0,8,2025-10-18 06:19:02.743606,347405.647,6288603.698
PJ281,502,GCBD-12,1095,0,3,2025-10-18 06:19:04.708578,342627.311,6300113.618
PJ281,502,TBFT-46,3079,0,10,2025-10-18 06:19:04.708583,342627.311,6300113.618
PJ281,J05,TBFX-56,6437,11,17,2025-10-18 06:19:04.708584,342627.311,6300113.618
PH256,H06,FLXD-76,3300,11,17,2025-10-18 06:19:06.693903,344094.145,6291136.362
PH256,H13,BJFZ-36,3999,16,24,2025-10-18 06:19:06.693908,344094.145,6291136.362
PH256,H13,BJFZ-91,7892,33,43,2025-10-18 06:19:06.693909,344094.145,6291136.362
PJ394,503,VGTZ-89,5115,11,17,2025-10-18 06:19:10.641683,339393.722,6299804.657
PJ394,504,GCBD-55,667,0,3,2025-10-18 06:19:10.641688,339393.722,6299804.657
PJ394,504,GCBD-19,6449,16,22,2025-10-18 06:19:10.641689,339393.722,6299804.657
PJ394,507,FLXV-71,3704,10,16,2025-10-18 06:19:10.641690,339393.722,6299804.657
PJ394,518,FLXS-89,1900,16,22,2025-10-18 06:19:10.641691,339393.722,6299804.657
PJ309,502,TBFT-77,12239,33,43,2025-10-18 06:19:14.592100,337958.22,6301080.227
PJ309,502,TBFR-20,17698,45,60,2025-10-18 06:19:14.592105,337958.22,6301080.227
PJ309,J05,GCBC-38,10080,26,34,2025-10-18 06:19:14.592106,337958.22,6301080.227
PJ309,J05,TBFX-56,20052,45,60,2025-10-18 06:19:14.592107,337958.22,6301080.227
PJ309,J13,TBFT-55,1695,0,8,2025-10-18 06:19:14.592108,337958.22,6301080.227
PJ309,J13,TBFR-54,4603,13,19,2025-10-18 06:19:14.592109,337958.22,6301080.227
PI275,I04,FLXL-16,3876,7,13,2025-10-18 06:19:18.570585,335337.961,6287570.825
PI275,I11,FLXZ-21,403,0,3,2025-10-18 06:19:18.570590,335337.961,6287570.825
PI275,I35,SFGY-67,6065,15,21,2025-10-18 06:19:18.570591,335337.961,6287570.825
PI275,115,GCBF-23,3088,0,10,2025-10-18 06:19:18.570592,335337.961,6287570.825
PI275,111,FLXW-85,332,0,3,2025-10-18 06:19:18.570593,335337.961,6287570.825
PI275,111,FLXX-57,2823,0,6,2025-10-18 06:19:18.570594,335337.961,6287570.825
PI275,113,FLXX-60,3233,0,6,2025-10-18 06:19:18.570595,335337.961,6287570.825
PB338,203N,LXWT-90,1240,0,3,2025-10-18 06:19:20.588592,347847.271,6306355.537
PB338,203N,SFWB-10,2449,0,10,2025-10-18 06:19:20.588598,347847.271,6306355.537
PB338,208,SGCR-39,1187,8,14,2025-10-18 06:19:20.588599,347847.271,6306355.537
PB338,208,SXKV-86,8349,45,60,2025-10-18 06:19:20.588600,347847.271,6306355.537
PJ484,412,LXWP-64,5897,24,32,2025-10-18 06:19:22.619622,337231.422,6300525.513
PJ484,508,FLXV-64,4128,10,16,2025-10-18 06:19:22.619627,337231.422,6300525.513
PJ484,508,PFXC-44,4727,12,18,2025-10-18 06:19:22.619628,337231.422,6300525.513
PH1475,214,GCBB-69,1,0,3,2025-10-18 06:19:24.589581,344127.252,6289874.719
PG1091,G11,THTD-65,6825,14,20,2025-10-18 06:19:26.525513,348443.969,6285803.16
PG1091,G11,THTC-94,14293,27,37,2025-10-18 06:19:26.525518,348443.969,6285803.16
PJ25,101,PGPT-43,3519,12,18,2025-10-18 06:19:28.474858,341341.327,6299802.549
PJ25,101,PFYR-62,8967,27,37,2025-10-18 06:19:28.474863,341341.327,6299802.549
PJ25,107,PFYC-41,778,0,3,2025-10-18 06:19:28.474865,341341.327,6299802.549
PJ25,107,PGBY-46,3740,7,13,2025-10-18 06:19:28.474865,341341.327,6299802.549
PH264,302,BJFV-99,1,0,3,2025-10-18 06:19:30.475531,345767.13,6293501.77
PH264,302,BJFT-29,5018,7,13,2025-10-18 06:19:30.475535,345767.13,6293501.77
PF1108,209,LXWT-94,280,0,3,2025-10-18 06:19:32.141555,349752.87,6277314.86
PF1108,209,SFWB-16,13596,26,36,2025-10-18 06:19:32.141560,349752.87,6277314.86
PJ1718,424,FLXW-12,7704,15,21,2025-10-18 06:19:33.786596,337344.301,6295687.606
PF208,F11,SKTZ-90,7659,16,22,2025-10-18 06:19:35.441989,354965.92,6279880.507
PB782,B02,FLXR-80,12314,45,60,2025-10-18 06:19:37.395952,346863.141,6305923.672
PB782,B02,FLXR-76,19565,45,60,2025-10-18 06:19:37.395958,346863.141,6305923.672
PB782,B02N,FLXR-75,37,0,3,2025-10-18 06:19:37.395959,346863.141,6305923.672
PB782,C18,SHCW-76,4702,10,16,2025-10-18 06:19:37.395961,346863.141,6305923.672
PB782,C18,SHCX-30,10033,22,30,2025-10-18 06:19:37.395962,346863.141,6305923.672
PE412,322,BJFZ-27,35,0,3,2025-10-18 06:19:39.331673,354993.188,6289678.843
PE412,E03,BJFT-12,873,0,3,2025-10-18 06:19:39.331678,354993.188,6289678.843
PI1792,108,PFYS-20,1,0,3,2025-10-18 06:19:41.341955,335169.25,6290849.52
PI1792,108,PFYT-25,2526,8,14,2025-10-18 06:19:41.341960,335169.25,6290849.52
PI1792,I05,VHSY-32,1852,0,6,2025-10-18 06:19:41.341961,335169.25,6290849.52
PI1792,I09,VHSZ-39,710,0,3,2025-10-18 06:19:41.341962,335169.25,6290849.52
PI1792,I18,VHSX-87,150,0,3,2025-10-18 06:19:41.341963,335169.25,6290849.52
PI1792,109,GCBC-92,3055,0,10,2025-10-18 06:19:41.341964,335169.25,6290849.52
PI1792,I24,VHSX-94,4957,8,14,2025-10-18 06:19:41.341965,335169.25,6290849.52
PI1792,348,VHTB-77,2459,0,8,2025-10-18 06:19:41.341966,335169.25,6290849.52
PI1792,I11,RWRP-69,303,0,3,2025-10-18 06:19:41.341966,335169.25,6290849.52
PI1792,118,FLXH-90,1686,0,6,2025-10-18 06:19:41.341967,335169.25,6290849.52
PD800,D03,SVDD-96,177,0,3,2025-10-18 06:19:43.262579,354653.143,6296026.126
PD800,D03,SVDC-60,4391,18,26,2025-10-18 06:19:43.262584,354653.143,6296026.126
PD1375,216,SDGY-23,4105,0,10,2025-10-18 06:19:45.245344,353617.602,6299661.136
PI450,412,LXWP-87,1252,0,3,2025-10-18 06:19:47.056338,342308.02,6296981.67
PI450,412,PGBY-72,14739,30,40,2025-10-18 06:19:47.056343,342308.02,6296981.67
PI450,418,PFTW-57,1005,0,3,2025-10-18 06:19:47.056344,342308.02,6296981.67
PI450,418,PFYC-66,8106,17,23,2025-10-18 06:19:47.056345,342308.02,6296981.67
PI450,I09,FLXY-94,201,0,3,2025-10-18 06:19:47.056346,342308.02,6296981.67
PI450,510,TBFX-55,3037,0,10,2025-10-18 06:19:47.056347,342308.02,6296981.67
PI450,510,GCBC-91,16760,45,60,2025-10-18 06:19:47.056348,342308.02,6296981.67
PI450,516,FLXV-84,1517,0,6,2025-10-18 06:19:47.056349,342308.02,6296981.67
PI450,516,PFWZ-85,6973,18,26,2025-10-18 06:19:47.056349,342308.02,6296981.67
PI450,519,RKXL-26,9101,21,29,2025-10-18 06:19:47.056350,342308.02,6296981.67
PI450,519,FLXV-70,16460,37,49,2025-10-18 06:19:47.056351,342308.02,6296981.67
PI450,424,FLXW-12,877,0,3,2025-10-18 06:19:47.056352,342308.02,6296981.67
PI450,404,PFYC-69,1194,0,6,2025-10-18 06:19:47.056353,342308.02,6296981.67
PI450,404,PFYC-70,9870,34,44,2025-10-18 06:19:47.056354,342308.02,6296981.67
PJ570,J01,GCBD-36,5347,13,19,2025-10-18 06:19:48.485690,340360.558,6301090.348
PJ570,J01,GCBD-91,9310,32,42,2025-10-18 06:19:48.485695,340360.558,6301090.348
PB1077,B17,SKHG-37,7062,15,21,2025-10-18 06:19:50.430694,342498.184,6303554.904
PB1077,B17,SKHG-42,15292,45,60,2025-10-18 06:19:50.430699,342498.184,6303554.904
PH142,203,LZPW-12,4202,9,15,2025-10-18 06:19:54.439843,347610.574,6292986.498
PH142,203,LZPG-13,5053,12,18,2025-10-18 06:19:54.439848,347610.574,6292986.498
PH142,206,LZPT-59,5447,11,17,2025-10-18 06:19:54.439850,347610.574,6292986.498
PH238,214,GCBB-69,1889,0,6,2025-10-18 06:19:56.396939,345340.226,6291213.63
PH238,H05,VFHT-73,4469,12,18,2025-10-18 06:19:56.396945,345340.226,6291213.63
PG1943,G14,FLXP-14,1123,0,3,2025-10-18 06:19:58.364976,343664.06,6283216.47
PG1943,G14,CJRP-13,6333,11,17,2025-10-18 06:19:58.364982,343664.06,6283216.47
PG1943,G23,SFVZ-44,2251,0,6,2025-10-18 06:19:58.364983,343664.06,6283216.47
PG1943,G23,SFWZ-18,7299,17,25,2025-10-18 06:19:58.364984,343664.06,6283216.47
PB58,110,PFXC-22,351,0,3,2025-10-18 06:20:00.348837,339268.147,6302284.919
PB58,110,TBFX-79,4613,9,15,2025-10-18 06:20:00.348842,339268.147,6302284.919
PB58,105,SHXF-28,1611,0,8,2025-10-18 06:20:00.348844,339268.147,6302284.919
PB58,105,SJPC-56,6106,17,25,2025-10-18 06:20:00.348845,339268.147,6302284.919
PB58,B20,LXDH-85,59,0,3,2025-10-18 06:20:00.348846,339268.147,6302284.919
PB58,B20,SKHG-59,5647,14,20,2025-10-18 06:20:00.348847,339268.147,6302284.919
PB58,B30N,LXDJ-12,1,0,3,2025-10-18 06:20:00.348848,339268.147,6302284.919
PB58,408,LXWR-72,2249,0,8,2025-10-18 06:20:00.348850,339268.147,6302284.919
PE395,323,FLXP-48,19,0,3,2025-10-18 06:20:02.206964,355069.756,6288516.226
PJ1789,J05,TBFX-56,350,0,3,2025-10-18 06:20:03.875723,337042.335,6301143.256
PD633,325,VFJD-31,8575,20,28,2025-10-18 06:20:05.828958,352229.977,6293083.79
PD633,508,BJFH-51,2648,0,8,2025-10-18 06:20:05.828963,352229.977,6293083.79
PC914,C14,SKPL-26,4568,0,10,2025-10-18 06:20:07.770372,356457.528,6311461.29
PC914,C14,SKPJ-40,11818,17,25,2025-10-18 06:20:07.770377,356457.528,6311461.29
PC914,C28,SHCY-30,6393,9,15,2025-10-18 06:20:07.770378,356457.528,6311461.29
PC914,C28,SGPW-39,15187,26,34,2025-10-18 06:20:07.770379,356457.528,6311461.29
PI985,I24,VHTB-59,854,0,3,2025-10-18 06:20:09.748712,339129.942,6288457.312
PI985,I24,VHTB-29,2398,9,15,2025-10-18 06:20:09.748716,339129.942,6288457.312
PD300,D01,SVDD-24,1481,16,22,2025-10-18 06:20:15.688015,356282.906,6297670.465
PD300,D01,SVDF-73,7494,45,60,2025-10-18 06:20:15.688019,356282.906,6297670.465
PD300,517,VHZY-21,2555,0,8,2025-10-18 06:20:15.688021,356282.906,6297670.465
PD300,225,SFWZ-63,885,0,3,2025-10-18 06:20:15.688022,356282.906,6297670.465
PD300,225,SFWZ-76,6730,16,24,2025-10-18 06:20:15.688022,356282.906,6297670.465
PD300,422,PFXB-27,4447,8,14,2025-10-18 06:20:15.688023,356282.906,6297670.465
PG1898,G22,THTG-13,1658,0,10,2025-10-18 06:20:17.430874,341697.83,6279152.0
PF436,210V,VGKZ-92,2744,0,10,2025-10-18 06:20:19.105922,354689.322,6284130.93
PF436,F09,SPZY-54,1062,0,3,2025-10-18 06:20:19.105928,354689.322,6284130.93
PI1807,I12,FLXY-41,3915,13,19,2025-10-18 06:20:21.043710,334693.24,6292408.975
PI1807,I12,FLXZ-70,7388,23,31,2025-10-18 06:20:21.043715,334693.24,6292408.975
PF936,F25,SRVL-72,6762,15,21,2025-10-18 06:20:22.938328,353823.077,6285070.049
PF936,F25,SRVH-13,12015,27,37,2025-10-18 06:20:22.938333,353823.077,6285070.049
PG277,E13,VFJD-87,3806,9,15,2025-10-18 06:20:25.073006,350500.402,6285266.246
PG277,225,SFWZ-50,6815,21,29,2025-10-18 06:20:25.073011,350500.402,6285266.246
PG277,225,SFWZ-52,16846,45,60,2025-10-18 06:20:25.073012,350500.402,6285266.246
PG277,F05,SPZY-63,4127,16,22,2025-10-18 06:20:25.073013,350500.402,6285266.246
PD584,507,GCBF-24,7718,14,20,2025-10-18 06:20:27.018865,349697.31,6296383.11
PD584,510,GCBC-91,7326,18,26,2025-10-18 06:20:27.018871,349697.31,6296383.11
PD584,516,TBFS-42,2230,0,8,2025-10-18 06:20:27.018872,349697.31,6296383.11
PD584,516,GCBC-43,8071,18,26,2025-10-18 06:20:27.018873,349697.31,6296383.11
PD584,519,FLXV-70,6629,13,19,2025-10-18 06:20:27.018874,349697.31,6296383.11
PD584,506,TBFR-43,6822,11,17,2025-10-18 06:20:27.018875,349697.31,6296383.11
PG1174,G16,SFPG-61,6427,12,18,2025-10-18 06:20:29.009173,349532.58,6281580.971
PG1174,G16,SDSW-86,9973,24,32,2025-10-18 06:20:29.009178,349532.58,6281580.971
PF606,F14,SPRY-59,1597,0,8,2025-10-18 06:20:30.979497,351152.106,6282755.94
PG487,G18,THTG-70,4793,9,15,2025-10-18 06:20:33.067652,346669.717,6288590.203
PG487,G18,THTD-16,11867,29,39,2025-10-18 06:20:33.067657,346669.717,6288590.203
PG487,E05,BJFV-90,2366,0,10,2025-10-18 06:20:33.067658,346669.717,6288590.203
PG1466,227,VGCB-59,7621,13,19,2025-10-18 06:20:34.949705,347901.296,6289611.766
PG1466,227,VFPJ-71,16031,31,41,2025-10-18 06:20:34.949712,347901.296,6289611.766
PE372,E03,BJFW-44,2959,0,8,2025-10-18 06:20:36.903295,350747.845,6289536.596
PB1137,B10,STHF-82,6713,12,18,2025-10-18 06:20:38.818932,344494.738,6305682.462
PB1137,B10,STHF-84,14897,31,41,2025-10-18 06:20:38.818938,344494.738,6305682.462
PF804,F14,SPRX-21,2337,0,6,2025-10-18 06:20:40.770326,355201.78,6282771.121
PF804,F14,SPRY-59,8412,21,29,2025-10-18 06:20:40.770332,355201.78,6282771.121
PF804,124,SRVG-10,6138,12,18,2025-10-18 06:20:40.770333,355201.78,6282771.121
PJ2022,502,TBFT-77,10410,27,37,2025-10-18 06:20:42.803596,339050.06,6300870.3
PJ2022,502,TBFR-20,15718,45,60,2025-10-18 06:20:42.803601,339050.06,6300870.3
PJ2022,J05,GCBC-38,7790,19,27,2025-10-18 06:20:42.803603,339050.06,6300870.3
PJ2022,J05,TBFX-56,18214,45,60,2025-10-18 06:20:42.803604,339050.06,6300870.3
PF758,F15,SRVJ-34,1146,0,6,2025-10-18 06:20:44.767463,353139.931,6283725.514
PF758,F30N,LBTS-96,10476,17,25,2025-10-18 06:20:44.767468,353139.931,6283725.514
PF758,F13,SRSC-76,2267,0,8,2025-10-18 06:20:44.767469,353139.931,6283725.514
PF758,F13,SRPK-86,3791,9,15,2025-10-18 06:20:44.767470,353139.931,6283725.514
PF758,210,VFPZ-89,5414,13,19,2025-10-18 06:20:44.767471,353139.931,6283725.514
PF758,210,SXKV-89,12204,26,36,2025-10-18 06:20:44.767472,353139.931,6283725.514
PA421,402,SHXG-36,1177,13,19,2025-10-18 06:20:46.867390,346678.71,6299164.47
PA421,402,PFYC-49,12337,45,60,2025-10-18 06:20:46.867394,346678.71,6299164.47
PA421,505,VHXF-24,1237,0,8,2025-10-18 06:20:46.867396,346678.71,6299164.47
PA421,505,VJBB-20,6855,22,30,2025-10-18 06:20:46.867397,346678.71,6299164.47
PA421,504,GCBD-71,854,0,3,2025-10-18 06:20:46.867397,346678.71,6299164.47
PA421,504,TBFX-15,10164,20,28,2025-10-18 06:20:46.867398,346678.71,6299164.47
PA421,508,FLXK-26,1309,0,6,2025-10-18 06:20:46.867399,346678.71,6299164.47
PA421,508,PFXB-29,7662,18,26,2025-10-18 06:20:46.867400,346678.71,6299164.47
PA421,514,FLXT-10,5641,11,17,2025-10-18 06:20:46.867401,346678.71,6299164.47
PA421,514,FLXK-31,13171,28,38,2025-10-18 06:20:46.867402,346678.71,6299164.47
PC136,C05,LDTF-45,1223,0,3,2025-10-18 06:20:48.815651,355702.752,6302324.412
PE60,E17,FLXK-75,1859,0,6,2025-10-18 06:20:50.773465,353729.586,6290628.344
PC614,C01C,SPBF-33,1477,0,6,2025-10-18 06:20:54.669393,359668.878,6306661.164
PC614,C01,LDJJ-77,4191,0,10,2025-10-18 06:20:54.669399,359668.878,6306661.164
PC614,C01,LCSX-54,7440,15,21,2025-10-18 06:20:54.669400,359668.878,6306661.164
PC614,C13,SJPB-67,9683,23,31,2025-10-18 06:20:54.669401,359668.878,6306661.164
PB5,B15,SPCG-69,1984,0,6,2025-10-18 06:20:56.863415,347778.47,6303354.55
PB5,B15,SPCG-95,14196,35,45,2025-10-18 06:20:56.863420,347778.47,6303354.55
PB5,107,PFYC-48,1,0,3,2025-10-18 06:20:56.863422,347778.47,6303354.55
PB5,107,PGBY-45,4182,9,15,2025-10-18 06:20:56.863423,347778.47,6303354.55
PE544,323,FLXR-46,4100,7,13,2025-10-18 06:20:58.794426,355053.928,6289253.101
PD707,514,FLXK-31,3176,0,8,2025-10-18 06:21:00.781385,353107.222,6296473.211
PE411,E03,BJFT-12,177,0,3,2025-10-18 06:21:02.199835,355050.412,6289424.96
PG584,206,SDGY-36,1203,0,3,2025-10-18 06:21:03.639965,346912.159,6283332.423
PJ383,504,GCBD-19,1858,0,6,2025-10-18 06:21:05.775801,335861.21,6299640.0
PJ383,504,PFXB-84,4886,10,16,2025-10-18 06:21:05.775806,335861.21,6299640.0
PJ383,508,FLXV-64,1065,0,3,2025-10-18 06:21:05.775807,335861.21,6299640.0
PF486,F10,SRRY-93,181,0,3,2025-10-18 06:21:07.768877,354123.661,6284190.131
PF486,F25,LCTG-42,1637,0,6,2025-10-18 06:21:07.768883,354123.661,6284190.131
PB333,203,SDGY-22,5530,20,28,2025-10-18 06:21:09.762770,347404.236,6304941.826
PB333,203,LZPT-73,13408,45,60,2025-10-18 06:21:09.762775,347404.236,6304941.826
PB333,203N,SFWB-10,365,0,3,2025-10-18 06:21:09.762776,347404.236,6304941.826
PB333,203N,SVPW-57,9940,37,49,2025-10-18 06:21:09.762777,347404.236,6304941.826
PB333,208,SXKV-86,6600,31,41,2025-10-18 06:21:09.762778,347404.236,6304941.826
PB333,208,LZPW-21,13372,45,60,2025-10-18 06:21:09.762779,347404.236,6304941.826
PE339,E02,VKJZ-46,5431,25,33,2025-10-18 06:21:13.649908,354558.394,6285458.228
PE339,E09,VKJW-98,8043,23,31,2025-10-18 06:21:13.649913,354558.394,6285458.228
PE339,E09,VKJZ-74,8864,25,33,2025-10-18 06:21:13.649914,354558.394,6285458.228
PE339,E11,VKJX-76,1940,0,3,2025-10-18 06:21:13.649915,354558.394,6285458.228
PE339,E11,VKJZ-50,2524,0,6,2025-10-18 06:21:13.649915,354558.394,6285458.228
PF149,F03,LDJJ-65,2223,0,10,2025-10-18 06:21:15.695404,355261.287,6280651.824
PF149,F03,FLXG-88,16889,37,49,2025-10-18 06:21:15.695408,355261.287,6280651.824
PF149,226,VFPZ-55,7867,16,22,2025-10-18 06:21:15.695410,355261.287,6280651.824
PF149,226,VFPG-91,17223,36,48,2025-10-18 06:21:15.695410,355261.287,6280651.824
PF149,F03C,SHXG-86,8574,24,32,2025-10-18 06:21:15.695411,355261.287,6280651.824
PG2113,G27,THTG-79,2161,0,6,2025-10-18 06:21:17.658407,341220.0,6276719.0
PG2113,G27,THTF-59,8797,21,29,2025-10-18 06:21:17.658412,341220.0,6276719.0
PA516,H06,BJFX-14,895,0,3,2025-10-18 06:21:19.598383,346966.649,6295472.204
PE135,210,VFPZ-89,3447,0,8,2025-10-18 06:21:21.580625,352776.442,6285837.391
PE135,210,SXKV-89,10104,18,26,2025-10-18 06:21:21.580630,352776.442,6285837.391
PE135,210V,VFPS-99,2427,0,6,2025-10-18 06:21:21.580631,352776.442,6285837.391
PE135,210V,VFPV-73,13805,26,34,2025-10-18 06:21:21.580632,352776.442,6285837.391
PE135,F30N,LBTS-96,8838,13,19,2025-10-18 06:21:21.580633,352776.442,6285837.391
PG1145,G12,THTG-12,1402,0,3,2025-10-18 06:21:23.470574,345364.18,6287766.664
PC223,435,SLGS-94,8561,14,20,2025-10-18 06:21:25.481551,354434.539,6304706.585
PC223,435,SLGT-37,19345,35,47,2025-10-18 06:21:25.481556,354434.539,6304706.585
PC223,405,PFYH-10,3004,0,8,2025-10-18 06:21:25.481557,354434.539,6304706.585
PC223,405,PFVL-13,8773,20,28,2025-10-18 06:21:25.481558,354434.539,6304706.585
PC223,502,GCBC-67,10430,30,40,2025-10-18 06:21:25.481559,354434.539,6304706.585
PC223,502,GCBC-41,10605,31,41,2025-10-18 06:21:25.481559,354434.539,6304706.585
PI1496,I22,FLXY-22,2162,0,6,2025-10-18 06:21:27.439829,334219.939,6292589.339
PI1496,I12,FLXY-41,2776,8,14,2025-10-18 06:21:27.439835,334219.939,6292589.339
PI1496,I12,FLXZ-70,6190,19,27,2025-10-18 06:21:27.439836,334219.939,6292589.339
PD13,103,PGBY-70,4069,0,10,2025-10-18 06:21:29.418704,350708.893,6295467.716
PD13,117,PFYC-21,6460,17,23,2025-10-18 06:21:29.418709,350708.893,6295467.716
PD13,117,SPBL-64,13412,30,40,2025-10-18 06:21:29.418710,350708.893,6295467.716
PB2102,B13,STHB-21,4958,8,14,2025-10-18 06:21:31.363862,336395.0,6311010.0
PB2102,B13,STHJ-72,12127,45,60,2025-10-18 06:21:31.363867,336395.0,6311010.0
PC654,C03,SKDH-85,15674,45,60,2025-10-18 06:21:33.763667,353828.255,6305540.69
PC654,C03,LWTK-61,23010,45,60,2025-10-18 06:21:33.763672,353828.255,6305540.69
PJ22,101,PGPT-43,2068,7,13,2025-10-18 06:21:35.717418,341318.745,6298771.857
PJ22,101,PFYR-62,7356,23,31,2025-10-18 06:21:35.717423,341318.745,6298771.857
PJ22,107,PGBY-46,1999,0,8,2025-10-18 06:21:35.717424,341318.745,6298771.857
PJ22,107,PGBY-53,8379,19,27,2025-10-18 06:21:35.717425,341318.745,6298771.857
PG592,G23,SFWZ-25,2506,0,8,2025-10-18 06:21:37.764470,348577.351,6282570.635
PG592,G23,SFWZ-77,6568,16,24,2025-10-18 06:21:37.764474,348577.351,6282570.635
PG592,G05,SFGY-86,6063,17,23,2025-10-18 06:21:37.764475,348577.351,6282570.635
PG592,G35,SFGY-13,6062,14,20,2025-10-18 06:21:37.764476,348577.351,6282570.635
PG592,G35,SFPF-79,15004,36,48,2025-10-18 06:21:37.764477,348577.351,6282570.635
PG592,G13,SHXG-78,3812,0,10,2025-10-18 06:21:37.764478,348577.351,6282570.635
PG592,F20,SJPC-43,1375,0,6,2025-10-18 06:21:37.764478,348577.351,6282570.635
PG592,203N,SFWB-29,285,0,3,2025-10-18 06:21:37.764479,348577.351,6282570.635
PG592,203N,SFWZ-31,359,0,3,2025-10-18 06:21:37.764480,348577.351,6282570.635
PJ1731,J16,TBFW-72,10,0,3,2025-10-18 06:21:39.716380,342630.081,6298710.092
PJ1731,J16,FLXV-58,7005,22,30,2025-10-18 06:21:39.716384,342630.081,6298710.092
PJ1731,407,TBFX-69,364,0,3,2025-10-18 06:21:39.716386,342630.081,6298710.092
PJ1731,407,PFXC-72,10349,19,27,2025-10-18 06:21:39.716386,342630.081,6298710.092
PJ582,J01,FLXV-83,1907,0,6,2025-10-18 06:21:41.688558,342154.422,6300703.748
PJ582,J01,GCBD-36,8784,20,28,2025-10-18 06:21:41.688564,342154.422,6300703.748
PI1176,385,FLXK-99,8593,24,32,2025-10-18 06:21:43.613334,343501.435,6296739.435
PI1176,I16,FLXG-62,683,0,3,2025-10-18 06:21:43.613340,343501.435,6296739.435
PB837,272,VFHV-67,1,0,3,2025-10-18 06:21:45.591923,342732.671,6305838.473
PB837,214,GCBB-10,2104,0,8,2025-10-18 06:21:45.591928,342732.671,6305838.473
PF824,F13,SRRZ-87,6603,14,20,2025-10-18 06:21:47.599607,353126.517,6283910.755
PF824,F13,SRPJ-80,9798,22,30,2025-10-18 06:21:47.599612,353126.517,6283910.755
PF824,E16,VFJK-84,1201,0,3,2025-10-18 06:21:47.599613,353126.517,6283910.755
PF824,226,VFPX-93,3655,7,13,2025-10-18 06:21:47.599614,353126.517,6283910.755
PF824,F15,SRVG-77,5115,12,18,2025-10-18 06:21:47.599615,353126.517,6283910.755
PF824,F15,SRVG-70,9838,25,33,2025-10-18 06:21:47.599616,353126.517,6283910.755
PC8,103,PGBY-70,290,0,3,2025-10-18 06:21:49.513207,350564.544,6298987.936
PC8,117,PFYC-21,2897,0,10,2025-10-18 06:21:49.513212,350564.544,6298987.936
PC8,117,SPBL-64,9656,20,28,2025-10-18 06:21:49.513213,350564.544,6298987.936
PI1256,509,FLXK-34,2050,0,6,2025-10-18 06:21:51.530376,336207.408,6289945.415
PI1256,I02,FLXY-74,1299,0,3,2025-10-18 06:21:51.530381,336207.408,6289945.415
PB1258,B05,SPCG-66,3288,0,8,2025-10-18 06:21:53.345378,346885.575,6305295.769
PB1258,B27,FLXS-24,4348,9,15,2025-10-18 06:21:53.345383,346885.575,6305295.769
PB1258,B43,SJPB-36,207,0,3,2025-10-18 06:21:53.345384,346885.575,6305295.769
PB1258,B43,SHXG-81,10350,21,29,2025-10-18 06:21:53.345385,346885.575,6305295.769
PC271,406,PFXB-78,1900,0,8,2025-10-18 06:21:54.792459,350524.335,6300944.904
PC271,406,SZZH-68,6917,16,22,2025-10-18 06:21:54.792464,350524.335,6300944.904
PC271,407,PFXC-72,1,0,3,2025-10-18 06:21:54.792465,350524.335,6300944.904
PC271,407,TBFW-77,6172,12,18,2025-10-18 06:21:54.792466,350524.335,6300944.904
PC271,426,FLXD-29,213,0,3,2025-10-18 06:21:54.792467,350524.335,6300944.904
PC271,426,BJFD-66,9857,16,24,2025-10-18 06:21:54.792467,350524.335,6300944.904
PG1224,G39,SHCV-48,4874,45,60,2025-10-18 06:21:56.737158,341220.103,6283215.895
PG1224,G39,SHCV-35,10536,45,60,2025-10-18 06:21:56.737163,341220.103,6283215.895
PG1224,G09,SDSW-69,2119,0,6,2025-10-18 06:21:56.737165,341220.103,6283215.895
PG1224,G09,SFGY-77,10119,23,31,2025-10-18 06:21:56.737166,341220.103,6283215.895
PF163,E09,VKJW-98,5309,15,21,2025-10-18 06:21:58.657740,352798.255,6284485.143
PF163,E09,VKJZ-74,6223,17,23,2025-10-18 06:21:58.657745,352798.255,6284485.143
PG403,302,BJFT-11,5564,20,28,2025-10-18 06:22:00.653710,346646.729,6287228.566
PG403,E18,BJFY-97,5766,28,38,2025-10-18 06:22:00.653716,346646.729,6287228.566
PG403,E18,BJFS-42,14124,45,60,2025-10-18 06:22:00.653717,346646.729,6287228.566
PG403,228,THTD-90,1403,0,3,2025-10-18 06:22:00.653717,346646.729,6287228.566
PG403,228,THTD-60,4082,7,13,2025-10-18 06:22:00.653718,346646.729,6287228.566
PB1471,B26,HVFH-33,2659,0,8,2025-10-18 06:22:02.138148,343664.168,6302811.027
PB670,B04,SJPC-33,1,0,3,2025-10-18 06:22:03.600996,347004.937,6299538.597
PB670,B04,SJPC-34,8181,11,17,2025-10-18 06:22:03.601001,347004.937,6299538.597
PB670,409,SKWD-99,7226,15,21,2025-10-18 06:22:03.601002,347004.937,6299538.597
PB670,503,VGVG-41,608,0,3,2025-10-18 06:22:03.601003,347004.937,6299538.597
PB670,503,VGVB-66,9115,17,25,2025-10-18 06:22:03.601004,347004.937,6299538.597
PB670,502,TBFT-77,55,0,3,2025-10-18 06:22:03.601005,347004.937,6299538.597
PB670,502,TBFR-20,6056,16,22,2025-10-18 06:22:03.601006,347004.937,6299538.597
PB74,B29,SKHG-47,2207,0,6,2025-10-18 06:22:05.614974,342585.569,6301780.895
PB74,B29,LXDJ-29,6840,18,26,2025-10-18 06:22:05.614979,342585.569,6301780.895
PB74,109,GCBD-35,4241,9,15,2025-10-18 06:22:05.614980,342585.569,6301780.895
PB74,105,SHXF-24,2409,0,8,2025-10-18 06:22:05.614981,342585.569,6301780.895
PB74,105,SHXF-28,5924,15,21,2025-10-18 06:22:05.614981,342585.569,6301780.895
PB74,120,STHF-13,2380,0,8,2025-10-18 06:22:05.614982,342585.569,6301780.895
PB74,B20,LXDH-85,3930,9,15,2025-10-18 06:22:05.614983,342585.569,6301780.895
PB74,B20,SKHG-59,8712,23,31,2025-10-18 06:22:05.614984,342585.569,6301780.895
PJ679,J02,VHXJ-81,24,0,3,2025-10-18 06:22:13.157702,336566.417,6299049.699
PJ679,J02,VHZX-50,10379,20,28,2025-10-18 06:22:13.157706,336566.417,6299049.699
PB641,B08,SJPC-30,5754,12,18,2025-10-18 06:22:14.615777,338161.655,6306744.798
PB641,B12,SKDF-67,9884,13,19,2025-10-18 06:22:14.615782,338161.655,6306744.798
PB641,B12,SKDG-29,16379,27,37,2025-10-18 06:22:14.615783,338161.655,6306744.798
PB641,B12C,LFGL-97,1895,8,14,2025-10-18 06:22:14.615784,338161.655,6306744.798
PB641,B12C,SKDG-52,6299,22,30,2025-10-18 06:22:14.615785,338161.655,6306744.798
PB641,314,TWPD-15,7419,13,19,2025-10-18 06:22:14.615786,338161.655,6306744.798
PB641,314,TWPD-85,16983,35,47,2025-10-18 06:22:14.615786,338161.655,6306744.798
PB641,B45,TWPD-34,2792,0,10,2025-10-18 06:22:14.615787,338161.655,6306744.798
PB641,B45,VHSY-44,5563,15,21,2025-10-18 06:22:14.615788,338161.655,6306744.798
PC653,C03,SKDH-85,14683,45,60,2025-10-18 06:22:16.550115,353272.773,6305312.245
PC653,C03,LWTK-61,22184,45,60,2025-10-18 06:22:16.550120,353272.773,6305312.245
PI1152,I13,FLXX-73,4763,14,20,2025-10-18 06:22:18.532806,339568.994,6293394.688
PC672,518,TBFR-48,7170,15,21,2025-10-18 06:22:23.059364,357002.09,6300607.09
PC672,518,FLXS-67,10482,24,32,2025-10-18 06:22:23.059369,357002.09,6300607.09
PH320,I05,VHSY-17,340,0,3,2025-10-18 06:22:24.474963,343496.91,6289704.72
PH320,I05,VHSY-21,5041,8,14,2025-10-18 06:22:24.474968,343496.91,6289704.72
PI664,I01,FLXL-32,2931,0,8,2025-10-18 06:22:26.403217,339038.614,6292206.441
PI664,I01,FLXL-64,3690,0,10,2025-10-18 06:22:26.403222,339038.614,6292206.441
PB444,303,FLXL-14,1189,0,3,2025-10-18 06:22:28.328166,342489.336,6305425.573
PB444,303,FLXD-70,8886,17,25,2025-10-18 06:22:28.328171,342489.336,6305425.573
PB444,307,TWPC-74,1210,0,3,2025-10-18 06:22:28.328173,342489.336,6305425.573
PB444,307,TWPD-26,9476,19,27,2025-10-18 06:22:28.328174,342489.336,6305425.573
PB444,314,TWPD-15,1076,0,3,2025-10-18 06:22:28.328175,342489.336,6305425.573
PB444,314,TWPD-85,10422,23,31,2025-10-18 06:22:28.328176,342489.336,6305425.573
PB444,B26,FLXS-57,1842,0,8,2025-10-18 06:22:28.328177,342489.336,6305425.573
PB444,B26,FLXP-69,2995,0,10,2025-10-18 06:22:28.328178,342489.336,6305425.573
PB444,B04,SHXD-86,2545,0,8,2025-10-18 06:22:28.328179,342489.336,6305425.573
PB444,B04,SJPC-33,9165,12,18,2025-10-18 06:22:28.328180,342489.336,6305425.573
PE603,E09,VKJX-28,3369,17,25,2025-10-18 06:22:29.697732,351821.803,6284869.211
PE603,E16,VFJK-84,3564,9,15,2025-10-18 06:22:29.697739,351821.803,6284869.211
PF228,F03,SPVW-98,5482,11,17,2025-10-18 06:22:31.586337,350179.623,6279131.209
PI153,I18,VHTB-61,11899,25,35,2025-10-18 06:22:33.631948,335082.54,6290754.458
PI153,118,BJFF-47,1817,0,6,2025-10-18 06:22:33.631953,335082.54,6290754.458
PI153,118,BJFD-65,11001,21,29,2025-10-18 06:22:33.631954,335082.54,6290754.458
PI153,108,PGPT-10,2076,0,8,2025-10-18 06:22:33.631955,335082.54,6290754.458
PI153,108,PFYT-24,14463,34,44,2025-10-18 06:22:33.631956,335082.54,6290754.458
PI153,419,PFBG-21,10626,33,43,2025-10-18 06:22:33.631957,335082.54,6290754.458
PI153,419,PFTV-88,16689,45,60,2025-10-18 06:22:33.631957,335082.54,6290754.458
PI153,348,VHSY-30,6386,14,20,2025-10-18 06:22:33.631958,335082.54,6290754.458
PI153,348,VHTB-31,12613,28,38,2025-10-18 06:22:33.631959,335082.54,6290754.458
PI153,I03,FLXG-52,2242,11,17,2025-10-18 06:22:33.631960,335082.54,6290754.458
PI153,I03,FLXJ-27,13304,45,60,2025-10-18 06:22:33.631961,335082.54,6290754.458
PJ165,404,PFYC-69,150,0,3,2025-10-18 06:22:37.600632,341261.238,6296679.573
PJ165,404,PFYC-70,10319,33,43,2025-10-18 06:22:37.600637,341261.238,6296679.573
PJ165,510,TBFX-55,2683,0,8,2025-10-18 06:22:37.600638,341261.238,6296679.573
PJ165,510,GCBC-91,16906,45,60,2025-10-18 06:22:37.600639,341261.238,6296679.573
PJ165,516,FLXV-84,1738,0,3,2025-10-18 06:22:37.600640,341261.238,6296679.573
PJ165,516,PFWZ-85,7167,17,25,2025-10-18 06:22:37.600641,341261.238,6296679.573
PJ165,519,RKXL-26,9386,23,31,2025-10-18 06:22:37.600642,341261.238,6296679.573
PJ165,519,FLXV-70,16794,45,60,2025-10-18 06:22:37.600642,341261.238,6296679.573
PJ165,424,FLXW-12,682,0,3,2025-10-18 06:22:37.600643,341261.238,6296679.573
PJ165,424,PFXB-31,5804,10,16,2025-10-18 06:22:37.600644,341261.238,6296679.573
PB843,308,FLXH-32,4998,0,10,2025-10-18 06:22:39.645348,343147.405,6304651.86
PB843,308,FLXJ-96,10023,45,60,2025-10-18 06:22:39.645353,343147.405,6304651.86
PB843,B01,SKHG-40,7403,29,39,2025-10-18 06:22:39.645355,343147.405,6304651.86
PB843,B01,STHF-42,14458,45,60,2025-10-18 06:22:39.645356,343147.405,6304651.86
PB843,B26,HVFH-33,125,0,3,2025-10-18 06:22:39.645357,343147.405,6304651.86
PB843,B04,SJPC-34,592,0,3,2025-10-18 06:22:39.645358,343147.405,6304651.86
PB843,201,GCBB-79,1225,0,3,2025-10-18 06:22:39.645359,343147.405,6304651.86
PB843,214,GCBB-10,3404,8,14,2025-10-18 06:22:39.645360,343147.405,6304651.86
PB843,272,VFHV-67,1396,0,3,2025-10-18 06:22:39.645361,343147.405,6304651.86
PG872,G05,SFPG-49,921,0,3,2025-10-18 06:22:41.611046,343828.665,6284288.877
PG872,G05,SHXB-20,4688,14,20,2025-10-18 06:22:41.611051,343828.665,6284288.877
PG872,G35,SFPF-79,7204,17,25,2025-10-18 06:22:41.611052,343828.665,6284288.877
PC623,C09,SGPY-58,6778,17,25,2025-10-18 06:22:43.611268,359594.468,6303194.176
PE522,E03,BJFT-12,2760,0,8,2025-10-18 06:22:45.563808,351939.862,6290161.352
PE522,E06,FLXT-33,4610,11,17,2025-10-18 06:22:45.563813,351939.862,6290161.352
PE113,203,LZPG-11,580,0,3,2025-10-18 06:22:47.940645,348336.303,6287030.621
PE113,203,LZPT-69,4149,14,20,2025-10-18 06:22:47.940649,348336.303,6287030.621
PE113,206,SFWZ-36,939,0,3,2025-10-18 06:22:47.940650,348336.303,6287030.621
PE113,206,SDGY-36,6385,13,19,2025-10-18 06:22:47.940651,348336.303,6287030.621
PE113,212,LZPS-18,1259,0,3,2025-10-18 06:22:47.940652,348336.303,6287030.621
PE113,212,SVPX-46,6913,17,23,2025-10-18 06:22:47.940653,348336.303,6287030.621
PE113,233,THTD-95,973,0,6,2025-10-18 06:22:47.940654,348336.303,6287030.621
PE113,233,THTH-36,6744,24,32,2025-10-18 06:22:47.940654,348336.303,6287030.621
PE113,G01,THTG-16,1942,0,6,2025-10-18 06:22:47.940655,348336.303,6287030.621
PE113,E11,VKJX-63,1464,0,3,2025-10-18 06:22:47.940656,348336.303,6287030.621
PE113,E11,VKJY-50,1501,0,3,2025-10-18 06:22:47.940657,348336.303,6287030.621
PG649,G01,THTD-68,1213,0,3,2025-10-18 06:22:49.859220,344350.613,6287477.308
PA4,426,FLXD-29,7917,15,21,2025-10-18 06:22:51.843716,343921.64,6297897.322
PA4,426,BJFD-66,17178,32,42,2025-10-18 06:22:51.843720,343921.64,6297897.322
PA4,B28,SPZX-55,4178,13,19,2025-10-18 06:22:51.843722,343921.64,6297897.322
PA4,B28,STHD-35,10546,28,38,2025-10-18 06:22:51.843722,343921.64,6297897.322
PA4,513,LXWS-39,4786,8,14,2025-10-18 06:22:51.843723,343921.64,6297897.322
PA4,513,VJJW-98,8826,18,26,2025-10-18 06:22:51.843724,343921.64,6297897.322
PA4,507,GCBC-49,5807,11,17,2025-10-18 06:22:51.843725,343921.64,6297897.322
PA4,507,GCBF-24,14068,29,39,2025-10-18 06:22:51.843726,343921.64,6297897.322
PA4,J16,FLXV-58,4241,10,16,2025-10-18 06:22:51.843727,343921.64,6297897.322
PA4,J16,TBFW-75,10937,26,36,2025-10-18 06:22:51.843728,343921.64,6297897.322
PA4,109,TBFW-38,121,0,3,2025-10-18 06:22:51.843728,343921.64,6297897.322
PA4,109,FLXV-54,9256,17,23,2025-10-18 06:22:51.843729,343921.64,6297897.322
PA4,406,PFXB-78,9495,21,29,2025-10-18 06:22:51.843730,343921.64,6297897.322
PA4,406,SZZH-68,14650,33,43,2025-10-18 06:22:51.843731,343921.64,6297897.322
PA4,422,FLXV-85,9696,23,31,2025-10-18 06:22:51.843732,343921.64,6297897.322
PA4,422,PFXB-27,17396,45,60,2025-10-18 06:22:51.843732,343921.64,6297897.322
PH680,H05,VFPL-57,2467,0,8,2025-10-18 06:22:53.750463,343024.827,6290357.29
PH680,H05,VFPK-64,9246,21,29,2025-10-18 06:22:53.750468,343024.827,6290357.29
PH680,321,CJRX-58,1541,0,3,2025-10-18 06:22:53.750469,343024.827,6290357.29
PA556,J02,VHXJ-22,3177,0,10,2025-10-18 06:22:55.738253,344279.495,6298181.94
PA556,J05,TBFX-56,9195,17,25,2025-10-18 06:22:55.738259,344279.495,6298181.94
PA556,B28,SPZX-55,2742,8,14,2025-10-18 06:22:55.738260,344279.495,6298181.94
PA556,B28,STHD-35,9106,24,32,2025-10-18 06:22:55.738261,344279.495,6298181.94
PG1764,211,TBYY-67,921,0,3,2025-10-18 06:22:57.827721,342096.76,6277947.109
PG1764,G02,FLXC-99,2894,0,8,2025-10-18 06:22:57.827726,342096.76,6277947.109
PG1764,G07,THTF-85,6607,9,15,2025-10-18 06:22:57.827727,342096.76,6277947.109
PF36,F27,SPRZ-12,297,0,3,2025-10-18 06:22:59.747815,355044.494,6283795.127
PF36,F27,SPRV-96,3850,0,3,2025-10-18 06:22:59.747820,355044.494,6283795.127
PF36,712,SHCY-15,3489,0,8,2025-10-18 06:22:59.747821,355044.494,6283795.127
PF36,712,SJPD-98,16776,32,42,2025-10-18 06:22:59.747822,355044.494,6283795.127
PF36,F08,SPVW-14,5516,12,18,2025-10-18 06:22:59.747823,355044.494,6283795.127
PF36,F08,SPVT-65,12423,26,34,2025-10-18 06:22:59.747824,355044.494,6283795.127
PG1335,G18,THTD-91,212,0,3,2025-10-18 06:23:01.629859,347549.367,6287965.263
PG795,G07,THTF-34,1364,0,3,2025-10-18 06:23:03.573025,343275.87,6283020.694
PC404,421,PFTV-86,5685,11,17,2025-10-18 06:23:05.456459,359218.182,6303904.496
PC404,421,PFVK-99,12462,29,39,2025-10-18 06:23:05.456464,359218.182,6303904.496
PI1580,I04,FLXY-40,2475,0,8,2025-10-18 06:23:07.402957,339593.984,6292026.691
PI1580,I04,FLXF-78,3140,0,10,2025-10-18 06:23:07.402971,339593.984,6292026.691
PI1580,I14,CJRW-19,6278,16,24,2025-10-18 06:23:07.402972,339593.984,6292026.691
PD259,225,SFWZ-65,8802,18,26,2025-10-18 06:23:09.379249,355246.862,6296353.139
PA41,106,PFYR-69,9332,20,28,2025-10-18 06:23:11.475673,347608.351,6298815.436
PA41,401,PFBG-29,4138,0,10,2025-10-18 06:23:11.475678,347608.351,6298815.436
PA41,405,PFTF-86,390,0,3,2025-10-18 06:23:11.475679,347608.351,6298815.436
PA41,405,PFYH-12,4895,13,19,2025-10-18 06:23:11.475680,347608.351,6298815.436
PA41,421,PFYG-68,8808,19,27,2025-10-18 06:23:11.475681,347608.351,6298815.436
PA41,421,PDZH-87,15237,33,43,2025-10-18 06:23:11.475682,347608.351,6298815.436
PA41,514,FLXT-10,2985,0,8,2025-10-18 06:23:11.475683,347608.351,6298815.436
PA41,514,FLXK-31,11447,25,33,2025-10-18 06:23:11.475683,347608.351,6298815.436
PH472,H12,FLXF-73,455,0,3,2025-10-18 06:23:13.426817,341654.6,6288431.79
PH472,H12,CJRY-76,8922,22,30,2025-10-18 06:23:13.426822,341654.6,6288431.79
PH472,H09,VGRB-73,4233,9,15,2025-10-18 06:23:13.426823,341654.6,6288431.79
PI1233,345,CJRW-14,264,0,3,2025-10-18 06:23:14.804466,344084.727,6293692.453
PI1233,345,FLXF-17,3339,7,13,2025-10-18 06:23:14.804471,344084.727,6293692.453
PI1372,118,BJFD-65,6998,12,18,2025-10-18 06:23:16.858942,338462.159,6290799.782
PI1372,118,LXWR-94,17792,33,43,2025-10-18 06:23:16.858947,338462.159,6290799.782
PI1372,108,PFYT-24,10715,22,30,2025-10-18 06:23:16.858949,338462.159,6290799.782
PI1372,108,PFYR-70,12732,26,36,2025-10-18 06:23:16.858949,338462.159,6290799.782
PI1372,348,VHSY-30,907,0,3,2025-10-18 06:23:16.858950,338462.159,6290799.782
PI1372,348,VHTB-31,7071,15,21,2025-10-18 06:23:16.858951,338462.159,6290799.782
PI1372,I04,FLXY-40,5866,14,20,2025-10-18 06:23:16.858952,338462.159,6290799.782
PI1372,I04,FLXF-78,6526,15,21,2025-10-18 06:23:16.858953,338462.159,6290799.782
PI1372,I05,VHTB-25,1089,0,3,2025-10-18 06:23:16.858954,338462.159,6290799.782
PI1372,I05,VHSY-36,8000,18,26,2025-10-18 06:23:16.858955,338462.159,6290799.782
PI1372,I18,VHTB-61,7841,16,22,2025-10-18 06:23:16.858956,338462.159,6290799.782
PI1372,109,SZZY-79,2452,0,6,2025-10-18 06:23:16.858957,338462.159,6290799.782
PI1372,109,PFXB-25,11063,20,28,2025-10-18 06:23:16.858967,338462.159,6290799.782
PJ633,J01,TBFV-98,4174,21,29,2025-10-18 06:23:18.760551,336529.854,6296975.406
PJ633,J01,TBFP-61,8212,38,50,2025-10-18 06:23:18.760565,336529.854,6296975.406
PJ633,424,FLXW-12,8347,15,21,2025-10-18 06:23:18.760566,336529.854,6296975.406
PJ633,424,PFXB-31,13439,26,36,2025-10-18 06:23:18.760567,336529.854,6296975.406
PJ633,J19,VHLW-27,993,0,3,2025-10-18 06:23:18.760568,336529.854,6296975.406
PJ633,J19,VHLS-88,6807,18,26,2025-10-18 06:23:18.760569,336529.854,6296975.406
PC1153,D18,SVDD-82,4103,7,13,2025-10-18 06:23:20.689260,350255.25,6298071.813
PI1359,I08,FLXZ-60,1864,0,6,2025-10-18 06:23:24.609167,336231.158,6292730.812
PE187,E09,VKJX-74,1922,0,10,2025-10-18 06:23:26.685867,348314.96,6287249.92
PE187,E09,VKJX-28,9305,45,60,2025-10-18 06:23:26.685873,348314.96,6287249.92
PE187,E11,VKJX-63,794,0,3,2025-10-18 06:23:26.685874,348314.96,6287249.92
PE187,E11,VKJY-50,810,0,3,2025-10-18 06:23:26.685875,348314.96,6287249.92
PE187,216,SFST-18,843,0,3,2025-10-18 06:23:26.685876,348314.96,6287249.92
PE187,216,LZPR-81,4786,10,16,2025-10-18 06:23:26.685877,348314.96,6287249.92
PI747,J08,GCBF-35,4776,9,15,2025-10-18 06:23:28.611486,338462.724,6296519.91
PI747,110,TBFV-21,37,0,3,2025-10-18 06:23:28.611491,338462.724,6296519.91
PI747,110,PFXB-54,6442,14,20,2025-10-18 06:23:28.611492,338462.724,6296519.91
PI747,111,FLXW-82,262,0,3,2025-10-18 06:23:28.611493,338462.724,6296519.91
PI747,111,FLXY-27,62,0,3,2025-10-18 06:23:28.611494,338462.724,6296519.91
PD706,514,FLXK-31,3002,0,8,2025-10-18 06:23:30.616089,353080.789,6296206.512
PH215,F30N,LBTS-96,739,0,3,2025-10-18 06:23:32.470532,349936.0,6292014.0
PH215,D14,PGBY-38,2797,0,8,2025-10-18 06:23:32.470537,349936.0,6292014.0
PH215,210,SXKV-89,2118,0,6,2025-10-18 06:23:32.470538,349936.0,6292014.0
PH215,210,SXKV-95,7200,16,22,2025-10-18 06:23:32.470539,349936.0,6292014.0
PH215,210V,VFPV-73,5451,10,16,2025-10-18 06:23:32.470540,349936.0,6292014.0
PH215,210V,VGBX-58,12046,26,36,2025-10-18 06:23:32.470541,349936.0,6292014.0
PI1050,I08,FLXZ-60,2843,0,8,2025-10-18 06:23:33.939874,335630.836,6292924.287
PC389,412,PGBY-72,1483,0,3,2025-10-18 06:23:35.908842,352298.967,6300124.597
PC389,412,PFTW-26,8360,17,23,2025-10-18 06:23:35.908848,352298.967,6300124.597
PC389,418,PFVH-15,6216,11,17,2025-10-18 06:23:35.908849,352298.967,6300124.597
PC389,429,SJPF-91,5794,9,15,2025-10-18 06:23:35.908850,352298.967,6300124.597
PI346,I16,FLXG-62,977,0,3,2025-10-18 06:23:37.534609,342802.419,6297403.12
PI346,385,FLXG-15,14859,45,60,2025-10-18 06:23:37.534614,342802.419,6297403.12
PC1131,C03,SKDH-85,2156,0,8,2025-10-18 06:23:39.197550,352203.822,6304493.276
PC1131,C03,LWTK-61,9584,23,31,2025-10-18 06:23:39.197555,352203.822,6304493.276
PH467,321,CJRX-58,3119,0,10,2025-10-18 06:23:41.192825,341994.341,6289259.434
PH467,H06,FLXD-76,5486,15,21,2025-10-18 06:23:41.192830,341994.341,6289259.434
PH467,H06,BJFX-14,11677,31,41,2025-10-18 06:23:41.192832,341994.341,6289259.434
PH467,345,BJFS-77,6058,25,35,2025-10-18 06:23:41.192833,341994.341,6289259.434
PG152,G05,SFGY-86,1519,0,8,2025-10-18 06:23:42.988073,345767.249,6283178.907
PG152,228,THTD-22,3850,0,10,2025-10-18 06:23:42.988077,345767.249,6283178.907
PG152,G08V,FLXV-32,932,0,3,2025-10-18 06:23:42.988078,345767.249,6283178.907
PG152,229,SFWZ-53,4300,11,17,2025-10-18 06:23:42.988079,345767.249,6283178.907
PG152,229,SFWZ-27,13024,29,39,2025-10-18 06:23:42.988080,345767.249,6283178.907
PG152,G24,FLXD-22,1024,0,3,2025-10-18 06:23:42.988081,345767.249,6283178.907
PG152,G24,CJRP-14,7089,16,22,2025-10-18 06:23:42.988082,345767.249,6283178.907
PG152,G35,SFGY-13,1436,0,6,2025-10-18 06:23:42.988082,345767.249,6283178.907
PG152,G35,SFPF-79,10458,26,34,2025-10-18 06:23:42.988083,345767.249,6283178.907
PG152,G07,THTD-46,8044,20,28,2025-10-18 06:23:42.988084,345767.249,6283178.907
PG152,G07,THTF-85,17908,45,60,2025-10-18 06:23:42.988085,345767.249,6283178.907
PG152,G08,THTF-35,4203,8,14,2025-10-18 06:23:42.988086,345767.249,6283178.907
PG152,203,SRTK-17,6861,19,27,2025-10-18 06:23:42.988087,345767.249,6283178.907
PG152,203,LZPW-12,16248,45,60,2025-10-18 06:23:42.988087,345767.249,6283178.907
PE425,103,SPBL-85,3323,13,19,2025-10-18 06:23:52.717864,351452.821,6289609.816
PE425,E18,BJFZ-59,107,0,3,2025-10-18 06:23:52.717869,351452.821,6289609.816
PE425,E03,BJFT-12,3490,7,13,2025-10-18 06:23:52.717870,351452.821,6289609.816
PE425,E03,BJFX-28,6648,15,21,2025-10-18 06:23:52.717871,351452.821,6289609.816
PE425,E10,BJFZ-33,311,0,3,2025-10-18 06:23:52.717872,351452.821,6289609.816
PE425,E10,FLXR-30,5243,11,17,2025-10-18 06:23:52.717873,351452.821,6289609.816
PE425,233,THTD-94,4827,18,26,2025-10-18 06:23:52.717874,351452.821,6289609.816
PE425,233,THTD-95,8739,31,41,2025-10-18 06:23:52.717874,351452.821,6289609.816
PA709,422,FLXW-44,5668,16,22,2025-10-18 06:23:54.664261,348184.272,6297439.972
PA709,422,GCBC-46,14503,35,45,2025-10-18 06:23:54.664265,348184.272,6297439.972
PD897,D16,PGBY-43,301,0,3,2025-10-18 06:23:56.595917,351933.201,6291943.388
PD897,325,VFKV-91,6300,15,21,2025-10-18 06:23:56.595931,351933.201,6291943.388
PJ147,422,FLXV-85,14423,32,42,2025-10-18 06:23:58.565865,340533.489,6298263.795
PJ147,422,PFXB-27,21987,45,60,2025-10-18 06:23:58.565870,340533.489,6298263.795
PJ147,426,BJFC-78,1725,0,6,2025-10-18 06:23:58.565871,340533.489,6298263.795
PJ147,426,FLXD-29,12706,30,40,2025-10-18 06:23:58.565872,340533.489,6298263.795
PJ147,402,PFTW-50,4227,9,15,2025-10-18 06:23:58.565873,340533.489,6298263.795
PJ147,402,SHXG-36,6957,24,32,2025-10-18 06:23:58.565874,340533.489,6298263.795
PJ147,406,PFXB-78,14229,31,41,2025-10-18 06:23:58.565875,340533.489,6298263.795
PJ147,406,SZZH-68,18861,45,60,2025-10-18 06:23:58.565876,340533.489,6298263.795
PJ147,407,TBFX-69,1862,0,8,2025-10-18 06:23:58.565877,340533.489,6298263.795
PJ147,407,PFXC-72,11691,25,33,2025-10-18 06:23:58.565878,340533.489,6298263.795
PI594,I03,FLXJ-27,4226,12,18,2025-10-18 06:24:00.380736,339175.877,6294273.944
PI594,I10,FLXL-38,2348,0,6,2025-10-18 06:24:00.380741,339175.877,6294273.944
PI594,I17,FLXL-55,3151,0,10,2025-10-18 06:24:00.380742,339175.877,6294273.944
PI594,509,FLXW-33,8029,21,29,2025-10-18 06:24:00.380743,339175.877,6294273.944
PI594,509,FLXV-87,11668,35,45,2025-10-18 06:24:00.380744,339175.877,6294273.944
PC213,405,PFVL-13,4362,9,15,2025-10-18 06:24:01.865250,351754.726,6302989.737
PC213,405,PFTV-84,4935,11,17,2025-10-18 06:24:01.865255,351754.726,6302989.737
PC213,502,GCBC-67,6522,21,29,2025-10-18 06:24:01.865256,351754.726,6302989.737
PC213,502,GCBC-41,6694,22,30,2025-10-18 06:24:01.865257,351754.726,6302989.737
PD100,212,SVPX-47,1442,0,6,2025-10-18 06:24:03.837729,351493.86,6296364.21
PD100,212,LZPT-39,6593,14,20,2025-10-18 06:24:03.837735,351493.86,6296364.21
PD100,104,SKWD-71,1,0,3,2025-10-18 06:24:03.837736,351493.86,6296364.21
PD100,104,SKWD-89,32,0,3,2025-10-18 06:24:03.837737,351493.86,6296364.21
PD100,325,VFJD-31,11562,28,38,2025-10-18 06:24:03.837738,351493.86,6296364.21
PD100,224,VGBW-48,1573,0,3,2025-10-18 06:24:03.837740,351493.86,6296364.21
PD100,224,VFPL-88,10583,21,29,2025-10-18 06:24:03.837740,351493.86,6296364.21
PH30,102,FLXS-40,9332,20,28,2025-10-18 06:24:07.638689,347518.85,6291367.26
PH30,102,LBTS-86,14740,31,41,2025-10-18 06:24:07.638693,347518.85,6291367.26
PH30,107,PFYC-84,7245,16,22,2025-10-18 06:24:07.638695,347518.85,6291367.26
PH30,108,PFYR-70,1063,0,3,2025-10-18 06:24:07.638696,347518.85,6291367.26
PH30,108,PFVC-57,7260,17,25,2025-10-18 06:24:07.638696,347518.85,6291367.26
PH37,107,PGRZ-92,162,0,3,2025-10-18 06:24:09.574091,345497.163,6291920.797
PH37,107,PGRZ-86,342,0,3,2025-10-18 06:24:09.574095,345497.163,6291920.797
PH37,108,PFYT-24,957,0,3,2025-10-18 06:24:09.574097,345497.163,6291920.797
PH37,108,PFYR-70,3091,0,8,2025-10-18 06:24:09.574098,345497.163,6291920.797
PH37,102,FLXS-40,11361,24,32,2025-10-18 06:24:09.574098,345497.163,6291920.797
PH37,102,LBTS-86,16763,34,46,2025-10-18 06:24:09.574099,345497.163,6291920.797
PB339,208,SXKV-86,7471,38,50,2025-10-18 06:24:11.619639,347932.754,6306624.359
PB339,208,LZPW-21,14284,45,60,2025-10-18 06:24:11.619645,347932.754,6306624.359
PB339,203N,SFWB-10,918,0,3,2025-10-18 06:24:11.619646,347932.754,6306624.359
PB339,203N,SVPW-57,10675,45,60,2025-10-18 06:24:11.619647,347932.754,6306624.359
PI938,I04,FLXY-40,3900,9,15,2025-10-18 06:24:13.561320,339336.362,6291292.216
PI938,I04,FLXF-78,4585,11,17,2025-10-18 06:24:13.561325,339336.362,6291292.216
PF1103,210V,VFPS-99,3684,8,14,2025-10-18 06:24:15.505457,354505.62,6285001.99
PF1103,210V,VFPV-73,14810,30,40,2025-10-18 06:24:15.505463,354505.62,6285001.99
PI300,I04,FLXY-36,3216,0,10,2025-10-18 06:24:17.600857,335853.1,6288038.33
PI300,I04,FLXY-40,9991,24,32,2025-10-18 06:24:17.600862,335853.1,6288038.33
PI300,I11,FLXZ-17,1,0,3,2025-10-18 06:24:17.600863,335853.1,6288038.33
PI300,I11,RWRP-69,3630,8,14,2025-10-18 06:24:17.600864,335853.1,6288038.33
PI300,115,FLXW-39,10513,16,22,2025-10-18 06:24:17.600865,335853.1,6288038.33
PI300,115,GCBD-75,14732,25,33,2025-10-18 06:24:17.600866,335853.1,6288038.33
PG492,E05,BJFV-90,1704,0,8,2025-10-18 06:24:21.431315,345910.771,6288266.856
PG492,G18,THTD-91,1726,0,6,2025-10-18 06:24:21.431322,345910.771,6288266.856
PE814,E16,VFKS-68,1906,0,8,2025-10-18 06:24:23.367737,349177.202,6286324.668
PE814,E16,VFJK-84,7444,23,31,2025-10-18 06:24:23.367741,349177.202,6286324.668
PG114,205,LZRD-94,1034,0,3,2025-10-18 06:24:27.261540,348191.27,6288465.687
PG114,205,RWTP-88,6484,15,21,2025-10-18 06:24:27.261545,348191.27,6288465.687
PG114,207,SFWB-64,4296,0,8,2025-10-18 06:24:27.261546,348191.27,6288465.687
PG114,207,SFWZ-17,7614,10,16,2025-10-18 06:24:27.261547,348191.27,6288465.687
PG114,209,LZPG-10,4294,8,14,2025-10-18 06:24:27.261547,348191.27,6288465.687
PA419,504,GCBF-19,742,0,3,2025-10-18 06:24:29.203514,347725.662,6298375.517
PA419,504,GCBD-55,8152,20,28,2025-10-18 06:24:29.203519,347725.662,6298375.517
PA419,518,GCBD-27,5578,13,19,2025-10-18 06:24:29.203520,347725.662,6298375.517
PA419,518,FLXS-89,10114,23,31,2025-10-18 06:24:29.203521,347725.662,6298375.517
PD1255,412,PFTW-26,3082,0,10,2025-10-18 06:24:31.169399,356773.594,6298797.558
PF837,F29,SPVV-29,1704,0,3,2025-10-18 06:24:32.756377,353138.608,6280678.6
PF837,204,VFRF-85,1676,0,3,2025-10-18 06:24:32.756383,353138.608,6280678.6
PF837,F02,SHXF-18,1912,0,6,2025-10-18 06:24:32.756384,353138.608,6280678.6
PI181,108,PFYT-24,4653,8,14,2025-10-18 06:24:34.268354,342404.306,6293760.656
PI181,108,PFYR-70,6822,14,20,2025-10-18 06:24:34.268359,342404.306,6293760.656
PI181,115,FLXW-39,1567,0,3,2025-10-18 06:24:34.268360,342404.306,6293760.656
PI181,115,GCBD-75,5617,10,16,2025-10-18 06:24:34.268361,342404.306,6293760.656
PI181,109,PFXB-25,5100,9,15,2025-10-18 06:24:34.268361,342404.306,6293760.656
PI181,109,GCBD-35,13804,30,40,2025-10-18 06:24:34.268362,342404.306,6293760.656
PE1421,E06,BJFZ-98,926,0,3,2025-10-18 06:24:36.165791,354319.78,6289749.64
PE1377,323,FLXR-46,4372,8,14,2025-10-18 06:24:39.381785,356088.73,6288239.823
PE1377,E03,BJFW-44,8195,17,25,2025-10-18 06:24:39.381793,356088.73,6288239.823
PE1377,E07,BJFS-46,3900,8,14,2025-10-18 06:24:39.381796,356088.73,6288239.823
PE1377,E10,CJRC-46,1,0,3,2025-10-18 06:24:39.381798,356088.73,6288239.823
PC1125,429,SLPB-64,5570,9,15,2025-10-18 06:24:41.374674,350689.971,6301353.757
PC1125,429,SLPC-10,13819,25,33,2025-10-18 06:24:41.374679,350689.971,6301353.757
PC1125,430,SKPK-17,10036,17,25,2025-10-18 06:24:41.374680,350689.971,6301353.757
PC1125,430,SKPJ-49,16435,31,41,2025-10-18 06:24:41.374681,350689.971,6301353.757
PG1277,G05,SHXB-20,2741,11,17,2025-10-18 06:24:43.357114,344712.0,6284115.0
PG1277,G35,SFPF-79,5404,12,18,2025-10-18 06:24:43.357120,344712.0,6284115.0
PE1335,E05,BJFT-51,841,0,3,2025-10-18 06:24:47.233039,351313.849,6290645.272
PE1335,E05,BJFV-18,5664,15,21,2025-10-18 06:24:47.233044,351313.849,6290645.272
PE1335,325,VFKS-17,1626,0,8,2025-10-18 06:24:47.233045,351313.849,6290645.272
PE1335,325,VFKV-91,8297,23,31,2025-10-18 06:24:47.233047,351313.849,6290645.272
PJ662,J02,VHZX-50,4563,7,13,2025-10-18 06:24:49.175414,341332.772,6299054.715
PJ662,J02,VHXJ-22,8197,17,23,2025-10-18 06:24:49.175419,341332.772,6299054.715
PI724,I02,FLXY-75,544,0,3,2025-10-18 06:24:52.542807,337513.971,6292301.103
PI724,I02,FLXY-74,4242,0,10,2025-10-18 06:24:52.542812,337513.971,6292301.103
PI724,I10,FLXL-38,5320,9,15,2025-10-18 06:24:52.542813,337513.971,6292301.103
PG896,G23,SFWZ-25,2905,0,10,2025-10-18 06:24:53.975033,349721.405,6282534.691
PG896,G23,SFWZ-77,6342,16,24,2025-10-18 06:24:53.975039,349721.405,6282534.691
PG896,G05,SFGY-86,6567,16,22,2025-10-18 06:24:53.975040,349721.405,6282534.691
PG896,G35,SFGY-13,6270,17,23,2025-10-18 06:24:53.975041,349721.405,6282534.691
PG896,G35,SFPF-79,15203,45,60,2025-10-18 06:24:53.975042,349721.405,6282534.691
PC266,C03,SKDH-85,4290,11,17,2025-10-18 06:24:55.979359,351364.269,6302567.61
PC266,C03,LWTK-61,11766,30,40,2025-10-18 06:24:55.979364,351364.269,6302567.61
PC266,502,TBFP-84,9464,19,27,2025-10-18 06:24:55.979365,351364.269,6302567.61
PD598,325,VFKV-91,3388,8,14,2025-10-18 06:24:57.496135,352393.953,6294402.707
PD598,508,TBFW-68,3415,0,10,2025-10-18 06:24:57.496140,352393.953,6294402.707
PD598,508,FLXX-94,10160,19,27,2025-10-18 06:24:57.496141,352393.953,6294402.707
PB386,301,BJFX-23,1568,0,8,2025-10-18 06:24:59.196762,346504.337,6300534.431
PB386,301,CJRB-49,1667,0,8,2025-10-18 06:24:59.196767,346504.337,6300534.431
PB386,B24,SJTD-64,1,0,3,2025-10-18 06:24:59.196769,346504.337,6300534.431
PB386,B24,SKHG-14,5755,19,27,2025-10-18 06:24:59.196770,346504.337,6300534.431
PB386,214,GCBB-24,2346,7,13,2025-10-18 06:24:59.196771,346504.337,6300534.431
PB386,214,GCBB-62,8357,26,36,2025-10-18 06:24:59.196772,346504.337,6300534.431
PA360,422,FLXV-85,4080,10,16,2025-10-18 06:25:01.084036,347870.79,6298212.09
PA360,422,PFXB-27,11396,26,36,2025-10-18 06:25:01.084041,347870.79,6298212.09
PE530,E07,BJFS-46,390,0,3,2025-10-18 06:25:02.662968,352584.425,6288182.469
PD398,418,PFVH-15,877,0,3,2025-10-18 06:25:06.509416,355617.76,6296660.99
PD398,425,SJPC-16,332,0,3,2025-10-18 06:25:06.509421,355617.76,6296660.99
PD398,425,SJPC-83,3104,0,10,2025-10-18 06:25:06.509422,355617.76,6296660.99
PD398,429,SJPF-91,1,0,3,2025-10-18 06:25:06.509423,355617.76,6296660.99
PF454,210V,VFPS-99,5044,11,17,2025-10-18 06:25:08.466680,354822.654,6283564.632
PF454,210V,VFPV-73,16333,33,43,2025-10-18 06:25:08.466685,354822.654,6283564.632
PF454,F06,SPZY-60,4057,16,22,2025-10-18 06:25:08.466686,354822.654,6283564.632
PF454,F06,SPZY-65,9742,45,60,2025-10-18 06:25:08.466687,354822.654,6283564.632
PI1172,385,FLXK-99,6217,16,22,2025-10-18 06:25:10.448185,343468.127,6295516.394
PC886,C11,SGPY-24,2177,0,6,2025-10-18 06:25:12.408745,356504.281,6305020.403
PJ1964,J07E,VHZY-50,15279,27,37,2025-10-18 06:25:14.221385,325744.06,6302802.53
PD916,325,VFJD-31,10338,26,34,2025-10-18 06:25:16.932945,351859.88,6295931.981
PI1441,101,PFYR-62,1,0,3,2025-10-18 06:25:18.695285,339827.988,6293335.214
PI1441,I25,FLXF-14,2724,0,10,2025-10-18 06:25:18.695290,339827.988,6293335.214
PI1441,I25,FLXG-95,14857,45,60,2025-10-18 06:25:18.695291,339827.988,6293335.214
PI1441,I04,FLXL-15,839,0,3,2025-10-18 06:25:18.695293,339827.988,6293335.214
PI1441,I04,FLXD-90,6017,12,18,2025-10-18 06:25:18.695294,339827.988,6293335.214
PI1441,I20,FLXK-90,2160,0,8,2025-10-18 06:25:18.695295,339827.988,6293335.214
PD1458,D05,SPBF-45,4994,11,17,2025-10-18 06:25:20.820796,355196.93,6292665.73
PD1458,D10,STPS-21,4881,28,38,2025-10-18 06:25:20.820801,355196.93,6292665.73
PD1458,D17,PGRZ-64,7421,14,20,2025-10-18 06:25:20.820802,355196.93,6292665.73
PD1458,418,LXWP-81,2535,15,21,2025-10-18 06:25:20.820803,355196.93,6292665.73
PD1458,418,PFYC-75,13149,45,60,2025-10-18 06:25:20.820804,355196.93,6292665.73
PB1038,B08,SHCY-36,8428,16,22,2025-10-18 06:25:22.787350,344577.93,6307767.68
PB1038,B16,STHP-97,1649,0,6,2025-10-18 06:25:22.787356,344577.93,6307767.68
PI503,432N,PFVD-33,3890,0,10,2025-10-18 06:25:24.823161,335960.39,6292285.776
PI503,I12,FLXY-33,2203,0,8,2025-10-18 06:25:24.823166,335960.39,6292285.776
PI503,419,PFBG-21,6595,17,25,2025-10-18 06:25:24.823167,335960.39,6292285.776
PI503,419,PFTV-88,12697,35,45,2025-10-18 06:25:24.823168,335960.39,6292285.776
PB2056,B29,SKHG-79,1924,0,8,2025-10-18 06:25:26.722543,337479.0,6303213.0
PB2056,B29,SKHG-47,18058,38,50,2025-10-18 06:25:26.722548,337479.0,6303213.0
PB2099,B42,TWPD-43,4099,0,10,2025-10-18 06:25:32.130424,336631.0,6311418.0
PB2099,B13,STHB-21,1547,0,3,2025-10-18 06:25:32.130430,336631.0,6311418.0
PB2099,B13,STHJ-72,9136,35,45,2025-10-18 06:25:32.130431,336631.0,6311418.0
PI460,405,PFVL-21,553,0,3,2025-10-18 06:25:33.809067,333839.039,6289734.597
PI460,I26,PFVG-29,597,0,3,2025-10-18 06:25:33.809072,333839.039,6289734.597
PH539,H05,VFHT-73,2673,0,10,2025-10-18 06:25:35.449764,345596.396,6291405.747
PG502,F03,SPVW-98,6901,14,20,2025-10-18 06:25:39.257266,348490.651,6278670.347
PB934,B21,SKDJ-74,2850,0,10,2025-10-18 06:25:41.190896,344035.949,6305848.552
PB934,230,GCBB-39,732,0,3,2025-10-18 06:25:41.190902,344035.949,6305848.552
PB934,230,FLXZ-99,10241,29,39,2025-10-18 06:25:41.190903,344035.949,6305848.552
PB934,B11,SPCG-80,3137,9,15,2025-10-18 06:25:41.190904,344035.949,6305848.552
PB934,B06,SKDJ-14,558,0,3,2025-10-18 06:25:41.190937,344035.949,6305848.552
PI895,I04,FLXZ-63,1,0,3,2025-10-18 06:25:42.737315,340654.609,6294567.144
PI895,I04,FLXL-15,3162,0,10,2025-10-18 06:25:42.737320,340654.609,6294567.144
PJ1656,J07,VJBB-11,2388,0,6,2025-10-18 06:25:46.334924,325949.463,6303929.516
PJ1656,J07,VHZX-90,22114,31,41,2025-10-18 06:25:46.334930,325949.463,6303929.516
PB1570,B24,STHD-47,1713,0,6,2025-10-18 06:25:48.218346,342626.143,6302248.734
PB1570,B24,TXZH-35,3812,0,10,2025-10-18 06:25:48.218352,342626.143,6302248.734
PC1234,C09,SHCY-31,857,0,3,2025-10-18 06:25:50.198500,358752.23,6306944.86
PC1234,C09,SHXF-99,7744,16,22,2025-10-18 06:25:50.198505,358752.23,6306944.86
PC1234,409,SPBF-32,2979,0,8,2025-10-18 06:25:50.198506,358752.23,6306944.86
PC1234,409,PGLD-41,4841,8,14,2025-10-18 06:25:50.198507,358752.23,6306944.86
PC1234,430,PGTV-13,3965,0,8,2025-10-18 06:25:50.198508,358752.23,6306944.86
PC1234,430,PGBY-61,9707,17,25,2025-10-18 06:25:50.198509,358752.23,6306944.86
PC1234,426,BJFC-75,13308,30,40,2025-10-18 06:25:50.198510,358752.23,6306944.86
PC1234,426,BJFD-64,16161,38,50,2025-10-18 06:25:50.198511,358752.23,6306944.86
PH670,385,FLXG-15,113,0,3,2025-10-18 06:25:52.001449,349492.69,6290937.305
PG1757,G11,THTC-94,5617,9,15,2025-10-18 06:25:53.936561,345706.405,6282588.852
PG1757,G11,THTG-73,12030,24,32,2025-10-18 06:25:53.936566,345706.405,6282588.852
PG1757,203,SRTK-17,6352,17,25,2025-10-18 06:25:53.936567,345706.405,6282588.852
PG1757,203,LZPW-12,15911,45,60,2025-10-18 06:25:53.936568,345706.405,6282588.852
PG1757,216,SRTK-49,8697,17,25,2025-10-18 06:25:53.936568,345706.405,6282588.852
PG1757,216,SDGY-23,26391,45,60,2025-10-18 06:25:53.936569,345706.405,6282588.852
PG1757,229,SFWZ-53,4694,8,14,2025-10-18 06:25:53.936570,345706.405,6282588.852
PG1757,229,SFWZ-27,12570,27,37,2025-10-18 06:25:53.936571,345706.405,6282588.852
PG1757,G24,FLXD-22,672,0,3,2025-10-18 06:25:53.936572,345706.405,6282588.852
PG1757,G24,CJRP-14,6601,14,20,2025-10-18 06:25:53.936573,345706.405,6282588.852
PG1757,G05,SFGY-86,2033,0,8,2025-10-18 06:25:53.936573,345706.405,6282588.852
PG1757,G35,SFGY-13,1380,0,3,2025-10-18 06:25:53.936574,345706.405,6282588.852
PG1757,G35,SFPF-79,10143,25,33,2025-10-18 06:25:53.936575,345706.405,6282588.852
PG1757,206,GCBC-34,4802,11,17,2025-10-18 06:25:53.936576,345706.405,6282588.852
PG1757,206,LZPW-16,9970,23,31,2025-10-18 06:25:53.936577,345706.405,6282588.852
PG1757,212,RYJG-97,4165,9,15,2025-10-18 06:25:53.936578,345706.405,6282588.852
PG1757,212,LZPT-57,12841,26,36,2025-10-18 06:25:53.936579,345706.405,6282588.852
PG1757,G07,THTD-46,8011,20,28,2025-10-18 06:25:53.936580,345706.405,6282588.852
PG1757,G07,THTF-85,17001,39,51,2025-10-18 06:25:53.936580,345706.405,6282588.852
PD625,D10,STPS-21,5673,33,43,2025-10-18 06:25:59.394849,353583.922,6291924.153
PJ473,513,LXWS-39,13651,24,32,2025-10-18 06:26:01.386464,337376.64,6301528.41
PJ473,513,VJJW-98,17158,32,42,2025-10-18 06:26:01.386469,337376.64,6301528.41
PJ473,505,VHXF-24,10774,25,33,2025-10-18 06:26:01.386470,337376.64,6301528.41
PJ473,505,VJBB-20,16607,45,60,2025-10-18 06:26:01.386471,337376.64,6301528.41
PJ473,408,LZPH-18,2006,0,6,2025-10-18 06:26:01.386472,337376.64,6301528.41
PJ473,408,LXWR-78,8184,16,22,2025-10-18 06:26:01.386473,337376.64,6301528.41
PI368,405,PFBD-53,2279,0,6,2025-10-18 06:26:05.000835,333145.323,6289633.863
PI368,405,PFYG-43,13014,27,37,2025-10-18 06:26:05.000840,333145.323,6289633.863
PI368,432N,PFVD-33,10107,20,28,2025-10-18 06:26:05.000842,333145.323,6289633.863
PI368,I26,PGPS-89,10279,32,42,2025-10-18 06:26:05.000843,333145.323,6289633.863
PI368,I26,PFYR-99,20465,45,60,2025-10-18 06:26:05.000844,333145.323,6289633.863
PI368,348,VHTB-21,644,0,3,2025-10-18 06:26:05.000846,333145.323,6289633.863
PI368,348,VHSY-30,8461,21,29,2025-10-18 06:26:05.000847,333145.323,6289633.863
PI368,I02,FLXY-80,675,0,3,2025-10-18 06:26:05.000848,333145.323,6289633.863
PI368,I02,FLXZ-34,8018,16,22,2025-10-18 06:26:05.000849,333145.323,6289633.863
PI368,506,GCBD-56,365,0,3,2025-10-18 06:26:05.000850,333145.323,6289633.863
PI368,506,TBFX-80,10779,18,26,2025-10-18 06:26:05.000851,333145.323,6289633.863
PI368,109,SZZY-79,7449,16,24,2025-10-18 06:26:05.000852,333145.323,6289633.863
PI368,109,PFXB-25,16517,34,44,2025-10-18 06:26:05.000853,333145.323,6289633.863
PA102,203,LZPT-73,1928,0,8,2025-10-18 06:26:06.981396,347397.119,6295553.563
PA102,203,LZPG-11,8212,17,25,2025-10-18 06:26:06.981401,347397.119,6295553.563
PA102,206,SFVZ-67,1177,0,3,2025-10-18 06:26:06.981402,347397.119,6295553.563
PA102,206,SFWZ-36,8163,16,22,2025-10-18 06:26:06.981403,347397.119,6295553.563
PA102,I01,FLXG-90,7011,12,18,2025-10-18 06:26:06.981404,347397.119,6295553.563
PA102,I01,FLXL-32,12453,25,33,2025-10-18 06:26:06.981405,347397.119,6295553.563
PA102,385,FLXG-15,6516,14,20,2025-10-18 06:26:06.981406,347397.119,6295553.563
PF137,E13,VFJD-87,3658,8,14,2025-10-18 06:26:08.459300,351090.922,6283775.689
PF137,325,VFKS-17,10977,45,60,2025-10-18 06:26:08.459305,351090.922,6283775.689
PF137,325,VFKV-91,17859,45,60,2025-10-18 06:26:08.459306,351090.922,6283775.689
PF137,F05,SPZY-63,4442,10,16,2025-10-18 06:26:08.459307,351090.922,6283775.689
PE638,E09,VKJW-98,2634,0,8,2025-10-18 06:26:10.355765,351796.742,6284932.632
PE638,E09,VKJZ-74,3729,14,20,2025-10-18 06:26:10.355770,351796.742,6284932.632
PE638,E16,VFJL-87,5416,16,22,2025-10-18 06:26:10.355771,351796.742,6284932.632
PI1145,I13,FLXX-73,476,0,3,2025-10-18 06:26:12.263903,340392.547,6294490.142
PJ1717,424,FLXW-12,4358,0,10,2025-10-18 06:26:14.198865,337542.884,6295646.653
PJ1717,424,PFXB-31,9951,18,26,2025-10-18 06:26:14.198870,337542.884,6295646.653
PC594,C01,LCPW-44,2213,0,8,2025-10-18 06:26:22.040017,360341.946,6307914.802
PC594,C01,LDJJ-82,4682,10,16,2025-10-18 06:26:22.040022,360341.946,6307914.802
PG1778,228,THTF-82,488,0,3,2025-10-18 06:26:23.975231,343649.583,6280671.982
PH466,227,VFPD-81,216,0,3,2025-10-18 06:26:25.951453,342973.817,6291600.51
PH466,227,VGCB-59,10800,17,25,2025-10-18 06:26:25.951458,342973.817,6291600.51
PB1527,B36,STHL-51,3953,8,14,2025-10-18 06:26:27.566658,343705.803,6307568.186
PB1527,264N,GCBB-23,238,0,3,2025-10-18 06:26:27.566663,343705.803,6307568.186
PC815,C09,SGPY-58,3407,7,13,2025-10-18 06:26:29.294568,360476.732,6304475.804
PC815,C09,SKPJ-44,7635,18,26,2025-10-18 06:26:29.294574,360476.732,6304475.804
PC815,C27,SHCV-64,5371,16,22,2025-10-18 06:26:29.294575,360476.732,6304475.804
PC815,C27,SKPL-38,8789,25,35,2025-10-18 06:26:29.294576,360476.732,6304475.804
PH369,121,BJFZ-70,2716,0,10,2025-10-18 06:26:31.211200,344381.907,6291660.956
PH369,H06,FLXD-67,3412,0,10,2025-10-18 06:26:31.211205,344381.907,6291660.956
PH369,H06,FLXD-78,3686,0,10,2025-10-18 06:26:31.211206,344381.907,6291660.956
PB56,105,SJPC-56,2697,9,15,2025-10-18 06:26:34.557201,338505.89,6302269.66
PB56,B20,SKHG-59,2271,0,8,2025-10-18 06:26:34.557206,338505.89,6302269.66
PB56,B03,LXDJ-21,3730,11,17,2025-10-18 06:26:34.557207,338505.89,6302269.66
PJ823,J07E,VHZY-50,9304,18,26,2025-10-18 06:26:38.408266,329676.95,6299697.774
PB1092,B09,SHCY-34,7163,18,26,2025-10-18 06:26:40.346695,339790.996,6303338.99
PB1092,120,SKHG-17,6930,13,19,2025-10-18 06:26:40.346701,339790.996,6303338.99
PB1092,120,TXZH-36,13120,29,39,2025-10-18 06:26:40.346702,339790.996,6303338.99
PB1092,B29,SKHG-47,14225,26,36,2025-10-18 06:26:40.346703,339790.996,6303338.99
PB1092,B29,LXDJ-29,18669,38,50,2025-10-18 06:26:40.346704,339790.996,6303338.99
PC50,D09,SVDC-56,82,0,3,2025-10-18 06:26:42.166121,349706.29,6299868.24
PC50,D09,SVDC-22,4418,11,17,2025-10-18 06:26:42.166126,349706.29,6299868.24
PC50,106,PFYR-69,4918,10,16,2025-10-18 06:26:42.166127,349706.29,6299868.24
PG873,G35,SFPF-79,5945,15,21,2025-10-18 06:26:43.596157,343510.951,6284409.238
PG873,G05,SHXB-20,3465,13,19,2025-10-18 06:26:43.596162,343510.951,6284409.238
PG873,G05,SHXB-29,8198,24,32,2025-10-18 06:26:43.596164,343510.951,6284409.238
PJ870,J08,GCBD-72,1,0,3,2025-10-18 06:26:45.549948,337705.912,6296182.431
PJ870,J08,TBFX-43,8576,22,30,2025-10-18 06:26:45.549953,337705.912,6296182.431
PC48,D09,SVDC-22,3600,8,14,2025-10-18 06:26:47.567617,349939.09,6299082.61
PC48,106,PFYR-69,4097,9,15,2025-10-18 06:26:47.567622,349939.09,6299082.61
PJ422,541N,TBFS-59,27,0,3,2025-10-18 06:26:49.627546,335389.454,6299353.728
PI1096,111,FLXW-70,205,0,3,2025-10-18 06:26:53.652723,335105.134,6284723.975
PD788,D03,SVDD-74,728,0,3,2025-10-18 06:26:57.519568,354075.541,6296280.826
PD788,D10,SVDC-72,5103,22,30,2025-10-18 06:26:57.519573,354075.541,6296280.826
PE122,E04,VKJX-26,5527,14,20,2025-10-18 06:26:59.529379,350754.43,6290419.58
PE122,210,SXKV-89,3338,0,8,2025-10-18 06:26:59.529384,350754.43,6290419.58
PE122,210,SXKV-95,7501,15,21,2025-10-18 06:26:59.529386,350754.43,6290419.58
PE122,210V,VFPV-73,5902,11,17,2025-10-18 06:26:59.529387,350754.43,6290419.58
PE122,210V,VGBX-58,12799,28,38,2025-10-18 06:26:59.529388,350754.43,6290419.58
PE122,F30N,LBTS-96,1482,0,3,2025-10-18 06:26:59.529389,350754.43,6290419.58
PI158,118,BJFF-47,1796,0,6,2025-10-18 06:27:01.536424,335120.969,6289184.133
PI158,118,BJFD-65,10191,20,28,2025-10-18 06:27:01.536429,335120.969,6289184.133
PI158,108,PGPT-10,2154,0,10,2025-10-18 06:27:01.536431,335120.969,6289184.133
PI158,108,PFYT-24,14370,35,47,2025-10-18 06:27:01.536432,335120.969,6289184.133
PI158,419,PFBG-21,9721,32,42,2025-10-18 06:27:01.536433,335120.969,6289184.133
PI158,419,PFTV-88,16098,45,60,2025-10-18 06:27:01.536433,335120.969,6289184.133
PI158,509,FLXW-33,15349,32,42,2025-10-18 06:27:01.536434,335120.969,6289184.133
PI158,509,FLXV-87,19014,45,60,2025-10-18 06:27:01.536435,335120.969,6289184.133
PG1116,G11,THTG-73,358,0,3,2025-10-18 06:27:03.483733,347335.72,6288281.165
PG1344,229,SFWZ-53,1,0,3,2025-10-18 06:27:05.454604,346690.343,6286170.123
PG1344,229,SFWZ-27,8153,18,26,2025-10-18 06:27:05.454609,346690.343,6286170.123
PG1344,302,BJFW-58,121,0,3,2025-10-18 06:27:05.454610,346690.343,6286170.123
PG1344,302,BJFV-99,6831,11,17,2025-10-18 06:27:05.454611,346690.343,6286170.123
PG1344,G18,THTD-91,4731,10,16,2025-10-18 06:27:05.454612,346690.343,6286170.123
PB529,B12,SKDF-67,7342,9,15,2025-10-18 06:27:07.461082,338333.76,6306905.04
PB529,B12,SKDG-29,14171,23,31,2025-10-18 06:27:07.461087,338333.76,6306905.04
PB529,B12C,LFGL-97,394,0,3,2025-10-18 06:27:07.461088,338333.76,6306905.04
PB529,B12C,SKDG-52,3095,13,19,2025-10-18 06:27:07.461089,338333.76,6306905.04
PB529,429,SJPF-96,3260,0,10,2025-10-18 06:27:07.461090,338333.76,6306905.04
PB529,429,SJPD-75,10570,20,28,2025-10-18 06:27:07.461090,338333.76,6306905.04
PC51,D09,SVDC-56,52,0,3,2025-10-18 06:27:09.390230,349657.83,6300029.95
PC51,D09,SVDC-22,4497,11,17,2025-10-18 06:27:09.390236,349657.83,6300029.95
PC51,106,PFYR-69,5106,11,17,2025-10-18 06:27:09.390238,349657.83,6300029.95
PF785,F16,SPRX-20,1478,0,3,2025-10-18 06:27:11.307988,353269.911,6278749.494
PA380,408,LXWR-72,10043,9,15,2025-10-18 06:27:13.253132,346484.64,6299537.667
PA380,408,LZPH-37,3279,15,21,2025-10-18 06:27:13.253137,346484.64,6299537.667
PA380,B20,LXDH-85,7423,15,21,2025-10-18 06:27:13.253138,346484.64,6299537.667
PA380,B20,SKHG-59,12598,30,40,2025-10-18 06:27:13.253139,346484.64,6299537.667
PA380,B29,SKHG-47,5612,0,6,2025-10-18 06:27:13.253140,346484.64,6299537.667
PA380,B29,LXDJ-29,10186,16,22,2025-10-18 06:27:13.253141,346484.64,6299537.667
PJ884,J10,VJBB-31,6065,15,21,2025-10-18 06:27:15.289104,339945.538,6297310.608
PJ884,J19,VHLS-88,639,0,3,2025-10-18 06:27:15.289109,339945.538,6297310.608
PJ884,514,FLXX-91,3236,0,8,2025-10-18 06:27:15.289111,339945.538,6297310.608
PJ884,514,FLXT-10,11467,25,33,2025-10-18 06:27:15.289112,339945.538,6297310.608
PD929,D17,PGRZ-64,5093,8,14,2025-10-18 06:27:17.248365,355510.275,6293630.484
PJ261,502,TBFX-30,1696,0,8,2025-10-18 06:27:19.204632,337265.97,6301119.958
PJ261,J13,TBFW-17,663,0,3,2025-10-18 06:27:19.204637,337265.97,6301119.958
PD1100,D11,SVDD-57,1564,0,6,2025-10-18 06:27:22.701144,355702.019,6296888.596
PI1034,I02,FLXY-75,3836,0,8,2025-10-18 06:27:24.398133,335842.768,6293509.226
PI1034,I02,FLXY-74,7028,11,17,2025-10-18 06:27:24.398138,335842.768,6293509.226
PI1034,I08,FLXZ-60,2104,0,8,2025-10-18 06:27:24.398140,335842.768,6293509.226
PI289,113,FLXX-60,9705,17,25,2025-10-18 06:27:26.411500,343225.691,6294323.855
PI289,113,FLXY-60,14319,26,34,2025-10-18 06:27:26.411505,343225.691,6294323.855
PI289,115,FLXV-63,5141,8,14,2025-10-18 06:27:26.411506,343225.691,6294323.855
PI289,115,GCBF-23,10953,17,25,2025-10-18 06:27:26.411507,343225.691,6294323.855
PG2068,G39,SHCV-35,333,0,3,2025-10-18 06:27:28.359880,345100.0,6281245.0
PG2068,G39,SDSW-55,8305,8,14,2025-10-18 06:27:28.359885,345100.0,6281245.0
PE167,216,SDGY-23,14660,45,60,2025-10-18 06:27:32.198352,349985.693,6287582.543
PE167,118,LXWR-94,3818,0,10,2025-10-18 06:27:32.198357,349985.693,6287582.543
PE167,211,TBYY-59,29,0,3,2025-10-18 06:27:32.198359,349985.693,6287582.543
PE167,211,TBYY-63,4254,8,14,2025-10-18 06:27:32.198360,349985.693,6287582.543
PI1146,I13,FLXX-73,582,0,3,2025-10-18 06:27:33.786889,340174.693,6294303.413
PB1240,315E,TWPC-56,673,0,3,2025-10-18 06:27:35.502247,338672.813,6308125.391
PB1240,315E,TWPC-75,5587,21,29,2025-10-18 06:27:35.502252,338672.813,6308125.391
PB1240,B45,TWPC-92,1886,18,26,2025-10-18 06:27:35.502253,338672.813,6308125.391
PB1240,B45,FLXD-65,5818,34,44,2025-10-18 06:27:35.502254,338672.813,6308125.391
PB1240,B13,STHJ-72,3410,20,28,2025-10-18 06:27:35.502254,338672.813,6308125.391
PB1240,B13,FLXS-63,11069,45,60,2025-10-18 06:27:35.502255,338672.813,6308125.391
PC525,D11,SVDD-57,7344,17,23,2025-10-18 06:27:37.571702,356320.852,6301380.236
PC525,503,VHLT-57,1173,0,3,2025-10-18 06:27:37.571708,356320.852,6301380.236
PC525,503,VHLY-37,1561,0,3,2025-10-18 06:27:37.571709,356320.852,6301380.236
PC525,225,SFWZ-63,3356,8,14,2025-10-18 06:27:37.571710,356320.852,6301380.236
PC525,225,SFWZ-76,8780,24,32,2025-10-18 06:27:37.571711,356320.852,6301380.236
PC525,541N,PFXC-58,5064,9,15,2025-10-18 06:27:37.571712,356320.852,6301380.236
PC525,722,STHK-53,906,0,3,2025-10-18 06:27:37.571713,356320.852,6301380.236
PC525,722,TXZH-28,6100,14,20,2025-10-18 06:27:37.571714,356320.852,6301380.236
PC525,C06,LWTK-47,4646,10,16,2025-10-18 06:27:37.571715,356320.852,6301380.236
PB1070,B29,LXDJ-29,1125,0,3,2025-10-18 06:27:39.539434,339789.863,6303323.11
PC860,C16,SGPY-56,1908,0,6,2025-10-18 06:27:41.482644,359680.597,6310494.975
PC560,504,TBFX-15,4060,8,14,2025-10-18 06:27:43.460057,348465.881,6298803.967
PE440,E14,VKJZ-51,1952,0,10,2025-10-18 06:27:45.404890,353716.306,6286879.884
PG138,212,SVPX-46,3993,0,10,2025-10-18 06:27:47.611274,348670.664,6284946.25
PG138,216,LZPR-81,613,0,3,2025-10-18 06:27:47.611279,348670.664,6284946.25
PG138,216,LZPT-64,4787,13,19,2025-10-18 06:27:47.611280,348670.664,6284946.25
PG138,233,THTH-36,4139,10,16,2025-10-18 06:27:47.611281,348670.664,6284946.25
PG138,206,SDGY-36,3108,0,8,2025-10-18 06:27:47.611282,348670.664,6284946.25
PI306,I11,FLXZ-17,931,0,3,2025-10-18 06:27:51.538939,333643.456,6286158.574
PI306,I11,RWRP-69,5865,11,17,2025-10-18 06:27:51.538945,333643.456,6286158.574
PJ913,514,TBFW-40,4199,8,14,2025-10-18 06:27:53.304096,341327.341,6297573.657
PJ913,J10,VJJR-95,5903,16,22,2025-10-18 06:27:53.304102,341327.341,6297573.657
PJ913,J19,VGTY-59,5283,12,18,2025-10-18 06:27:53.304103,341327.341,6297573.657
PJ913,511,TBFR-59,184,0,3,2025-10-18 06:27:53.304104,341327.341,6297573.657
PJ913,511,TBFR-18,7308,16,24,2025-10-18 06:27:53.304104,341327.341,6297573.657
PG744,G27,THTF-59,214,0,3,2025-10-18 06:27:54.704628,341692.703,6281859.115
PG744,G02,FLXC-99,5356,12,18,2025-10-18 06:27:54.704634,341692.703,6281859.115
PG744,G14,FLXC-86,3306,0,10,2025-10-18 06:27:54.704635,341692.703,6281859.115
PG744,G09,SFGY-77,5550,12,18,2025-10-18 06:27:54.704636,341692.703,6281859.115
PG744,G09,SFGY-15,14750,31,41,2025-10-18 06:27:54.704637,341692.703,6281859.115
PJ1641,J07,VHZX-90,19969,27,37,2025-10-18 06:27:56.652593,326724.172,6304383.478
PJ1641,J07,VJBB-60,24039,37,49,2025-10-18 06:27:56.652598,326724.172,6304383.478
PH368,121,BJFZ-70,1830,0,6,2025-10-18 06:28:02.165256,344224.101,6291363.36
PH368,H06,FLXD-67,2677,0,8,2025-10-18 06:28:02.165262,344224.101,6291363.36
PH368,H06,FLXD-78,2919,0,8,2025-10-18 06:28:02.165263,344224.101,6291363.36
PI929,I04,FLXF-78,271,0,3,2025-10-18 06:28:05.538858,340293.242,6291898.113
PI929,I04,FLXZ-61,5964,11,17,2025-10-18 06:28:05.538866,340293.242,6291898.113
PD1268,D09,SVDC-22,1239,0,3,2025-10-18 06:28:09.251131,350805.853,6297827.808
PI77,120,TXZH-36,3180,0,8,2025-10-18 06:28:11.167523,343130.42,6296063.59
PI77,105,SJPC-49,33,0,3,2025-10-18 06:28:11.167528,343130.42,6296063.59
PI77,105,SJPC-45,3303,0,10,2025-10-18 06:28:11.167529,343130.42,6296063.59
PG423,E01,VKJY-64,1384,0,6,2025-10-18 06:28:13.098999,348258.113,6287502.858
PG423,E02,VKJY-52,6339,21,29,2025-10-18 06:28:13.099005,348258.113,6287502.858
PC380,412,PFTW-51,6371,23,31,2025-10-18 06:28:15.057370,351637.565,6300706.288
PC380,412,PGBF-59,11609,45,60,2025-10-18 06:28:15.057374,351637.565,6300706.288
PC380,418,PFYC-75,1967,0,8,2025-10-18 06:28:15.057376,351637.565,6300706.288
PC380,418,PFYC-65,6115,14,20,2025-10-18 06:28:15.057376,351637.565,6300706.288
PC380,429,SLPB-64,5504,11,17,2025-10-18 06:28:15.057377,351637.565,6300706.288
PC380,429,SLPC-10,12962,26,34,2025-10-18 06:28:15.057378,351637.565,6300706.288
PC380,432N,PGPT-44,505,0,3,2025-10-18 06:28:15.057379,351637.565,6300706.288
PC380,503,VGVG-26,6365,16,24,2025-10-18 06:28:15.057380,351637.565,6300706.288
PC380,503,VGVG-59,10307,29,39,2025-10-18 06:28:15.057381,351637.565,6300706.288
PC384,429,SLPB-64,6566,14,20,2025-10-18 06:28:18.486880,352484.63,6299896.85
PC384,429,SLPC-10,14022,28,38,2025-10-18 06:28:18.486885,352484.63,6299896.85
PC384,432N,PGPT-44,1576,0,6,2025-10-18 06:28:18.486887,352484.63,6299896.85
PC384,412,PFTW-51,7440,26,36,2025-10-18 06:28:18.486888,352484.63,6299896.85
PC384,412,PGBF-59,12674,45,60,2025-10-18 06:28:18.486889,352484.63,6299896.85
PC384,418,PFYC-75,3037,0,10,2025-10-18 06:28:18.486890,352484.63,6299896.85
PC384,418,PFYC-65,7188,16,24,2025-10-18 06:28:18.486891,352484.63,6299896.85
PE115,E02,VKJY-57,8335,26,36,2025-10-18 06:28:20.571330,348241.695,6288024.596
PE115,205,LZRF-14,2505,0,8,2025-10-18 06:28:20.571335,348241.695,6288024.596
PE115,205,LZRD-99,9937,22,30,2025-10-18 06:28:20.571336,348241.695,6288024.596
PE115,207,LZPT-53,1527,0,6,2025-10-18 06:28:20.571337,348241.695,6288024.596
PE115,207,SFWB-89,5236,10,16,2025-10-18 06:28:20.571338,348241.695,6288024.596
PE115,209,SVPX-54,1825,0,6,2025-10-18 06:28:20.571339,348241.695,6288024.596
PE115,209,LZPT-70,5669,12,18,2025-10-18 06:28:20.571339,348241.695,6288024.596
PE115,G18,THTG-70,198,0,3,2025-10-18 06:28:20.571340,348241.695,6288024.596
PE115,G18,THTD-16,7642,18,26,2025-10-18 06:28:20.571341,348241.695,6288024.596
PG1619,207,SFWB-64,5456,8,14,2025-10-18 06:28:22.590614,348580.787,6285689.759
PG1619,207,SFWZ-17,8521,13,19,2025-10-18 06:28:22.590619,348580.787,6285689.759
PG1619,209,LZPG-10,5369,10,16,2025-10-18 06:28:22.590621,348580.787,6285689.759
PG1619,209,LXWT-84,13357,27,37,2025-10-18 06:28:22.590622,348580.787,6285689.759
PD1641,211,TBYY-65,8889,16,22,2025-10-18 06:28:26.496536,352359.673,6291132.397
PD1641,211,TBYY-64,8972,16,22,2025-10-18 06:28:26.496541,352359.673,6291132.397
PI221,405,PFYG-43,7153,13,19,2025-10-18 06:28:28.651593,336758.594,6291171.808
PI221,405,PFTF-86,13132,30,40,2025-10-18 06:28:28.651598,336758.594,6291171.808
PI221,I26,PGPS-89,4729,10,16,2025-10-18 06:28:28.651599,336758.594,6291171.808
PI221,I26,PFYR-99,14752,38,50,2025-10-18 06:28:28.651600,336758.594,6291171.808
PI221,I09,FLXY-94,4916,7,13,2025-10-18 06:28:28.651601,336758.594,6291171.808
PI221,I09,RWRP-59,11481,20,28,2025-10-18 06:28:28.651602,336758.594,6291171.808
PI221,506,PFXB-13,7518,12,18,2025-10-18 06:28:28.651603,336758.594,6291171.808
PI221,506,TBFT-97,12738,25,33,2025-10-18 06:28:28.651604,336758.594,6291171.808
PI221,506V,PFWZ-81,3703,0,8,2025-10-18 06:28:28.651605,336758.594,6291171.808
PI221,506V,GCBC-58,13066,25,35,2025-10-18 06:28:28.651606,336758.594,6291171.808
PI221,401,PFVK-98,1991,0,6,2025-10-18 06:28:28.651607,336758.594,6291171.808
PI221,401,PFBG-29,17244,33,43,2025-10-18 06:28:28.651608,336758.594,6291171.808
PI221,421,PFYG-68,21380,45,60,2025-10-18 06:28:28.651609,336758.594,6291171.808
PI221,421,PDZH-87,27753,45,60,2025-10-18 06:28:28.651610,336758.594,6291171.808
PI221,110,CJRW-51,1833,0,6,2025-10-18 06:28:28.651611,336758.594,6291171.808
PI221,110,CJRW-48,5294,10,16,2025-10-18 06:28:28.651612,336758.594,6291171.808
PI221,106,PFVC-39,11327,20,28,2025-10-18 06:28:28.651613,336758.594,6291171.808
PI221,106,PFYR-69,21533,45,60,2025-10-18 06:28:28.651614,336758.594,6291171.808
PG1246,G15,THTH-14,3123,0,8,2025-10-18 06:28:30.565557,348058.419,6284861.617
PC1154,D18,SVDD-82,2278,0,6,2025-10-18 06:28:32.447074,349947.504,6298016.1
PE551,323,FLXP-48,1,0,3,2025-10-18 06:28:34.483185,354848.323,6288269.552
PJ1738,J13,TBFT-43,993,0,3,2025-10-18 06:28:38.316303,341742.853,6298431.764
PJ1738,J13,SZZY-80,3922,9,15,2025-10-18 06:28:38.316308,341742.853,6298431.764
PC47,D09,SVDC-22,2595,0,10,2025-10-18 06:28:40.677551,350019.437,6298808.797
PC47,106,PFYR-69,3178,0,10,2025-10-18 06:28:40.677557,350019.437,6298808.797
PA71,303,FLXD-70,5393,9,15,2025-10-18 06:28:42.209823,346610.14,6297463.17
PA71,307,TWPD-26,6157,10,16,2025-10-18 06:28:42.209828,346610.14,6297463.17
PA71,307,TWPD-30,11884,26,36,2025-10-18 06:28:42.209830,346610.14,6297463.17
PA71,314,TWPD-85,7127,14,20,2025-10-18 06:28:42.209831,346610.14,6297463.17
PA71,314,TWPD-28,12447,29,39,2025-10-18 06:28:42.209832,346610.14,6297463.17
PE46,E17,FLXK-60,26,0,3,2025-10-18 06:28:45.538521,354203.11,6290623.21
PE46,118,FLXW-54,8682,18,26,2025-10-18 06:28:45.538526,354203.11,6290623.21
PE46,118,FLXX-45,13408,29,39,2025-10-18 06:28:45.538528,354203.11,6290623.21
PB1469,107,PFYC-48,503,0,3,2025-10-18 06:28:48.972154,344087.981,6303083.045
PB1469,107,PGBY-45,4095,7,13,2025-10-18 06:28:48.972159,344087.981,6303083.045
PD351,114,SKWD-69,1970,0,8,2025-10-18 06:28:51.033223,351306.75,6296975.12
PD351,114,SKWD-81,7988,18,26,2025-10-18 06:28:51.033228,351306.75,6296975.12
PH1499,214,GCBB-59,5576,18,26,2025-10-18 06:28:52.611783,344675.129,6290613.869
PH1499,214,GCBB-55,9828,31,41,2025-10-18 06:28:52.611788,344675.129,6290613.869
PH1499,302,BJFT-29,308,0,10,2025-10-18 06:28:52.611789,344675.129,6290613.869
PJ789,J07,VJBB-11,21576,29,39,2025-10-18 06:28:54.033667,338500.465,6298544.375
PJ789,J07,VHZX-90,42807,45,60,2025-10-18 06:28:54.033672,338500.465,6298544.375
PJ789,J07E,VHXJ-24,19705,31,41,2025-10-18 06:28:54.033674,338500.465,6298544.375
PJ789,J07E,VHZY-50,43353,45,60,2025-10-18 06:28:54.033675,338500.465,6298544.375
PJ71,110,FLXG-45,1167,0,3,2025-10-18 06:28:57.486991,338335.909,6297491.883
PJ71,110,CJRX-34,6481,26,36,2025-10-18 06:28:57.486996,338335.909,6297491.883
PA428,514,PFXB-18,23,0,3,2025-10-18 06:28:59.262457,344233.329,6298548.104
PA428,514,TBFX-40,212,0,3,2025-10-18 06:28:59.262462,344233.329,6298548.104
PA428,J05,TBFX-56,6677,13,19,2025-10-18 06:28:59.262464,344233.329,6298548.104
PA428,B28,SPZX-55,219,0,3,2025-10-18 06:28:59.262465,344233.329,6298548.104
PA428,B28,STHD-35,6391,19,27,2025-10-18 06:28:59.262466,344233.329,6298548.104
PA428,505,VJJV-98,3788,9,15,2025-10-18 06:28:59.262467,344233.329,6298548.104
PA428,505,LZPH-40,10795,27,37,2025-10-18 06:28:59.262468,344233.329,6298548.104
PA428,J02,VHXJ-22,641,0,3,2025-10-18 06:28:59.262469,344233.329,6298548.104
PA428,508,FLXX-38,2478,0,8,2025-10-18 06:28:59.262470,344233.329,6298548.104
PA428,508,FLXV-64,8806,18,26,2025-10-18 06:28:59.262471,344233.329,6298548.104
PE1329,E10,BJFZ-33,2251,0,8,2025-10-18 06:29:02.686452,348495.125,6288290.491
PE1329,E10,FLXR-30,7214,16,22,2025-10-18 06:29:02.686457,348495.125,6288290.491
PD693,D10,STPS-21,7046,30,40,2025-10-18 06:29:04.726898,352750.123,6293125.352
PB567,B06,SPCG-35,643,0,3,2025-10-18 06:29:06.936403,336847.2,6307228.75
PB567,B06,SKDJ-14,10481,27,37,2025-10-18 06:29:06.936409,336847.2,6307228.75
PB567,B21,SKDJ-74,10965,26,36,2025-10-18 06:29:06.936411,336847.2,6307228.75
PB567,B43,SJPC-76,5879,20,28,2025-10-18 06:29:06.936412,336847.2,6307228.75
PB567,307,TWPC-74,6996,16,24,2025-10-18 06:29:06.936413,336847.2,6307228.75
PB567,307,TWPD-26,16790,35,47,2025-10-18 06:29:06.936414,336847.2,6307228.75
PB567,307C,TWPD-88,788,0,3,2025-10-18 06:29:06.936415,336847.2,6307228.75
PB567,315E,TWPC-56,3850,13,19,2025-10-18 06:29:06.936416,336847.2,6307228.75
PB567,315E,TWPC-75,8597,35,47,2025-10-18 06:29:06.936417,336847.2,6307228.75
PB567,B45,TWPC-93,1557,0,8,2025-10-18 06:29:06.936418,336847.2,6307228.75
PB567,B45,TWPC-92,5063,35,47,2025-10-18 06:29:06.936419,336847.2,6307228.75
PG328,229,SFWZ-27,6103,13,19,2025-10-18 06:29:08.887920,347213.493,6286821.972
PG328,302,BJFW-58,20,0,3,2025-10-18 06:29:08.887926,347213.493,6286821.972
PG328,302,BJFV-99,6586,11,17,2025-10-18 06:29:08.887928,347213.493,6286821.972
PI99,419,PFYG-45,2148,0,8,2025-10-18 06:29:10.879651,335112.543,6290157.352
PG1120,302,BJFW-58,198,0,3,2025-10-18 06:29:12.800643,347180.965,6286614.161
PG1120,302,BJFV-99,6755,11,17,2025-10-18 06:29:12.800648,347180.965,6286614.161
PH401,385,FLXK-99,14355,45,60,2025-10-18 06:29:16.659952,347548.204,6294604.419
PG1302,229,SDGY-31,1948,0,6,2025-10-18 06:29:18.668325,346805.307,6286841.222
PG1302,302,BJFT-11,903,0,8,2025-10-18 06:29:18.668330,346805.307,6286841.222
PG1302,302,BJFW-67,3099,11,17,2025-10-18 06:29:18.668331,346805.307,6286841.222
PG1302,E18,BJFY-97,61,0,3,2025-10-18 06:29:18.668332,346805.307,6286841.222
PG1302,E18,BJFS-42,5501,26,36,2025-10-18 06:29:18.668333,346805.307,6286841.222
PG1302,G18,THTD-16,1139,0,3,2025-10-18 06:29:18.668334,346805.307,6286841.222
PB145,B02,FLXR-89,161,0,3,2025-10-18 06:29:20.688273,348094.358,6302506.622
PJ1551,B26,HVFH-33,8727,20,28,2025-10-18 06:29:22.658293,343760.73,6299505.0
PA212,201,GCBC-13,783,0,3,2025-10-18 06:29:24.664036,346265.55,6297849.76
PA212,201,GCBB-92,2934,0,10,2025-10-18 06:29:24.664041,346265.55,6297849.76
PA212,229,LZPW-18,148,0,3,2025-10-18 06:29:24.664042,346265.55,6297849.76
PA212,229,LZPT-40,5215,16,22,2025-10-18 06:29:24.664043,346265.55,6297849.76
PA212,301,BJFW-78,2663,0,10,2025-10-18 06:29:24.664044,346265.55,6297849.76
PA212,301,BJFX-32,3041,0,10,2025-10-18 06:29:24.664045,346265.55,6297849.76
PA212,223,SFGY-75,143,0,3,2025-10-18 06:29:24.664046,346265.55,6297849.76
PA212,223,SFPF-94,5072,11,17,2025-10-18 06:29:24.664047,346265.55,6297849.76
PD1653,508,BJFH-51,1477,0,3,2025-10-18 06:29:26.642089,352491.89,6294972.7
PD1653,325,VFJD-31,7366,18,26,2025-10-18 06:29:26.642094,352491.89,6294972.7
PC385,432N,PGPT-44,1547,0,6,2025-10-18 06:29:28.708996,352626.867,6299771.472
PC385,412,PFTW-51,7131,25,35,2025-10-18 06:29:28.709001,352626.867,6299771.472
PC385,412,PGBF-59,12666,45,60,2025-10-18 06:29:28.709002,352626.867,6299771.472
PC385,418,PFYC-75,2984,0,10,2025-10-18 06:29:28.709004,352626.867,6299771.472
PC385,418,PFYC-65,7007,17,23,2025-10-18 06:29:28.709005,352626.867,6299771.472
PC385,429,SLPB-64,6438,14,20,2025-10-18 06:29:28.709006,352626.867,6299771.472
PC385,429,SLPC-10,13669,28,38,2025-10-18 06:29:28.709007,352626.867,6299771.472
PI1560,I01,FLXG-72,5165,11,17,2025-10-18 06:29:30.669004,335572.932,6287985.771
PI1560,I01,FLXF-93,8328,18,26,2025-10-18 06:29:30.669010,335572.932,6287985.771
PB1874,B21,SKDJ-74,11120,27,37,2025-10-18 06:29:32.291443,336721.309,6307499.943
PI1076,385,FLXG-15,11763,32,42,2025-10-18 06:29:35.696100,343350.441,6297463.704
PC106,C07,SPCG-62,3963,0,10,2025-10-18 06:29:37.228771,354421.221,6301671.366
PB1334,301,BJFX-23,4956,17,25,2025-10-18 06:29:38.972796,344083.877,6302113.175
PB1334,301,CJRB-49,5310,18,26,2025-10-18 06:29:38.972801,344083.877,6302113.175
PB1334,B17,SKHG-37,654,0,3,2025-10-18 06:29:38.972802,344083.877,6302113.175
PB1334,B17,SKHG-42,8928,38,50,2025-10-18 06:29:38.972803,344083.877,6302113.175
PC325,411,PGTV-36,1231,0,3,2025-10-18 06:29:42.857275,354471.935,6303710.634
PC325,286,SFGY-85,3360,0,10,2025-10-18 06:29:42.857280,354471.935,6303710.634
PC325,286,SHXG-80,13867,35,45,2025-10-18 06:29:42.857281,354471.935,6303710.634
PC325,C15,SGPW-43,3680,10,16,2025-10-18 06:29:42.857282,354471.935,6303710.634
PC325,409,SKWD-60,5403,8,14,2025-10-18 06:29:42.857283,354471.935,6303710.634
PC325,409,SPBS-55,8686,22,30,2025-10-18 06:29:42.857284,354471.935,6303710.634
PF720,F18,SRVG-83,55,0,3,2025-10-18 06:29:44.759502,353279.462,6279150.481
PF720,F18,SRVF-83,952,0,3,2025-10-18 06:29:44.759507,353279.462,6279150.481
PH35,107,PFYC-84,6709,15,21,2025-10-18 06:29:46.716108,346042.454,6291756.825
PH35,108,PFYR-70,1,0,3,2025-10-18 06:29:46.716113,346042.454,6291756.825
PH35,108,PFVC-57,6624,15,21,2025-10-18 06:29:46.716115,346042.454,6291756.825
PH35,102,SPZX-83,4808,8,14,2025-10-18 06:29:46.716116,346042.454,6291756.825
PH35,102,FLXS-40,8181,17,25,2025-10-18 06:29:46.716117,346042.454,6291756.825
PG137,205,LZRD-99,6123,12,18,2025-10-18 06:29:48.719502,348701.714,6284440.673
PG137,207,SFWB-89,988,0,3,2025-10-18 06:29:48.719507,348701.714,6284440.673
PG137,207,SFWZ-48,6070,13,19,2025-10-18 06:29:48.719508,348701.714,6284440.673
PG137,209,LZPT-70,1958,0,6,2025-10-18 06:29:48.719509,348701.714,6284440.673
PG137,209,SFWB-96,3223,0,8,2025-10-18 06:29:48.719510,348701.714,6284440.673
PB1708,308,FLXH-30,1289,0,3,2025-10-18 06:29:50.738937,343775.738,6304740.062
PB1708,308,FLXK-14,3906,7,13,2025-10-18 06:29:50.738941,343775.738,6304740.062
PB1708,201,GCBB-98,2777,0,8,2025-10-18 06:29:50.738943,343775.738,6304740.062
PB1708,201,GCBB-97,3254,0,10,2025-10-18 06:29:50.738943,343775.738,6304740.062
PB1708,272,VFHV-67,39,0,3,2025-10-18 06:29:50.738944,343775.738,6304740.062
PE16,104,SKVD-57,391,0,3,2025-10-18 06:29:54.701720,354205.758,6287364.332
PE16,104,SKVD-69,3220,0,10,2025-10-18 06:29:54.701726,354205.758,6287364.332
PE16,114,SKVD-68,2694,0,6,2025-10-18 06:29:54.701727,354205.758,6287364.332
PE16,102,SPZX-65,6156,12,18,2025-10-18 06:29:54.701728,354205.758,6287364.332
PE16,102,SPZX-71,14779,32,42,2025-10-18 06:29:54.701729,354205.758,6287364.332
PE16,712,SJPD-98,9707,16,24,2025-10-18 06:29:54.701731,354205.758,6287364.332
PE16,712,SHCW-74,15720,29,39,2025-10-18 06:29:54.701732,354205.758,6287364.332
PF217,F03,FLXG-88,10812,26,34,2025-10-18 06:29:56.668139,354798.809,6280597.372
PF217,F03,FLXG-85,18770,45,60,2025-10-18 06:29:56.668143,354798.809,6280597.372
PF217,F03C,SHXG-86,5718,16,22,2025-10-18 06:29:56.668144,354798.809,6280597.372
PD673,514,TBFX-51,3976,9,11,2025-10-18 06:30:00.633942,352327.231,6292403.219
PD673,514,PFXB-18,15518,25,60,2025-10-18 06:30:00.633948,352327.231,6292403.219
PB1700,B25,FLXP-77,1773,5,7,2025-10-18 06:30:03.744418,345875.048,6303990.69
PB1700,B25,FLXS-45,10080,20,28,2025-10-18 06:30:03.744424,345875.048,6303990.69
PD664,514,TBFX-51,1750,0,5,2025-10-18 06:30:05.650298,352847.954,6294266.126
PD664,514,PFXB-18,13285,25,60,2025-10-18 06:30:05.650303,352847.954,6294266.126
PA99,385,FLXK-99,13050,25,60,2025-10-18 06:30:07.661226,347250.25,6295147.063
PA99,203,SRTH-17,6809,14,20,2025-10-18 06:30:07.661232,347250.25,6295147.063
PG200,211,TBYY-59,1837,0,5,2025-10-18 06:30:09.685538,346723.936,6287641.721
PG200,211,TBYY-63,5588,10,14,2025-10-18 06:30:09.685542,346723.936,6287641.721
PG200,229,SDGY-31,3012,7,9,2025-10-18 06:30:09.685544,346723.936,6287641.721
PG200,302,BJFT-11,3594,13,19,2025-10-18 06:30:09.685544,346723.936,6287641.721
PG200,302,BJFW-67,5655,20,28,2025-10-18 06:30:09.685545,346723.936,6287641.721
PG200,118,LXWR-94,5982,11,15,2025-10-18 06:30:09.685546,346723.936,6287641.721
PG1263,G15,THTF-58,412,0,3,2025-10-18 06:30:11.608376,346970.184,6285035.691
PB728,B15,SPCG-69,1789,5,7,2025-10-18 06:30:15.625651,348172.849,6303865.195
PB728,B15,SPCG-95,14528,25,60,2025-10-18 06:30:15.625656,348172.849,6303865.195
PB728,272,VFHL-60,982,0,4,2025-10-18 06:30:15.625658,348172.849,6303865.195
PB728,272,VFHV-67,4812,13,17,2025-10-18 06:30:15.625658,348172.849,6303865.195
PB728,B01,STHF-42,1713,4,6,2025-10-18 06:30:15.625659,348172.849,6303865.195
PG2105,G24,CJRP-31,6808,12,16,2025-10-18 06:30:19.491069,345858.0,6275303.0
PG2105,G02,FZZF-95,3232,7,9,2025-10-18 06:30:19.491076,345858.0,6275303.0
PG2105,G14,FLXL-89,388,0,3,2025-10-18 06:30:19.491077,345858.0,6275303.0
PG2105,G14,FLXX-31,9107,16,24,2025-10-18 06:30:19.491078,345858.0,6275303.0
PD1007,D08,SVDC-42,1781,0,4,2025-10-18 06:30:21.474437,356138.67,6299971.111
PD1007,D08,SPBP-91,11442,25,60,2025-10-18 06:30:21.474442,356138.67,6299971.111
PD1007,518,TBFR-48,3451,7,9,2025-10-18 06:30:21.474443,356138.67,6299971.111
PD1007,518,FLXS-67,6248,14,20,2025-10-18 06:30:21.474444,356138.67,6299971.111
PG82,G09,SFGY-77,6604,17,23,2025-10-18 06:30:23.374519,341000.679,6282916.683
PG82,G09,SFGY-15,15780,25,60,2025-10-18 06:30:23.374524,341000.679,6282916.683
PJ882,J10,VJBB-31,4254,10,14,2025-10-18 06:30:25.427505,340430.437,6297388.511
PJ882,511,TBFW-98,2028,8,10,2025-10-18 06:30:25.427511,340430.437,6297388.511
PJ882,511,TBFX-49,10518,25,60,2025-10-18 06:30:25.427512,340430.437,6297388.511
PJ882,514,FLXX-91,1416,0,4,2025-10-18 06:30:25.427513,340430.437,6297388.511
PJ882,514,FLXT-10,10873,25,60,2025-10-18 06:30:25.427514,340430.437,6297388.511
PJ346,517,VHZZ-80,12203,25,60,2025-10-18 06:30:27.500991,342712.833,6299327.504
PJ346,517,VHZY-21,16690,25,60,2025-10-18 06:30:27.500997,342712.833,6299327.504
PJ346,J02,VHZX-50,1376,0,4,2025-10-18 06:30:27.500998,342712.833,6299327.504
PJ346,J02,VHXJ-22,4572,10,14,2025-10-18 06:30:27.500999,342712.833,6299327.504
PJ346,503,VGVG-41,2496,5,7,2025-10-18 06:30:27.501000,342712.833,6299327.504
PJ346,503,VGVB-66,10851,25,60,2025-10-18 06:30:27.501001,342712.833,6299327.504
PJ346,507,GCBC-49,6103,13,19,2025-10-18 06:30:27.501002,342712.833,6299327.504
PJ346,507,GCBF-24,14007,25,60,2025-10-18 06:30:27.501003,342712.833,6299327.504
PJ346,518,TBFR-51,3265,8,10,2025-10-18 06:30:27.501004,342712.833,6299327.504
PJ346,518,GCBC-93,9362,25,60,2025-10-18 06:30:27.501005,342712.833,6299327.504
PE1523,233,THTD-94,4785,17,25,2025-10-18 06:30:31.302243,349476.9,6289469.7
PE1523,233,THTD-95,8589,25,60,2025-10-18 06:30:31.302249,349476.9,6289469.7
PI1523,I08,FLXY-68,576,0,3,2025-10-18 06:30:32.762044,336515.736,6293064.458
PD550,506V,TBFW-14,500,0,3,2025-10-18 06:30:36.183001,355848.957,6295065.866
PJ157,426,BJFC-78,2204,4,6,2025-10-18 06:30:38.238639,336730.848,6298146.378
PJ157,426,FLXD-29,13677,25,60,2025-10-18 06:30:38.238643,336730.848,6298146.378
PJ157,402,PFTW-50,5369,12,16,2025-10-18 06:30:38.238644,336730.848,6298146.378
PJ157,402,SHXG-36,7973,18,26,2025-10-18 06:30:38.238645,336730.848,6298146.378
PJ157,J07,VJBB-60,169,0,3,2025-10-18 06:30:38.238646,336730.848,6298146.378
PJ157,J07E,VHZY-50,426,0,3,2025-10-18 06:30:38.238647,336730.848,6298146.378
PJ157,J10,VJBB-81,1384,0,4,2025-10-18 06:30:38.238648,336730.848,6298146.378
PJ157,J10,VJBB-31,8581,20,28,2025-10-18 06:30:38.238649,336730.848,6298146.378
PJ157,406,PFXB-78,15885,25,60,2025-10-18 06:30:38.238650,336730.848,6298146.378
PJ157,406,SZZH-68,19895,25,60,2025-10-18 06:30:38.238650,336730.848,6298146.378
PJ157,407,TBFX-69,3541,8,10,2025-10-18 06:30:38.238651,336730.848,6298146.378
PJ157,407,PFXC-72,12847,25,60,2025-10-18 06:30:38.238652,336730.848,6298146.378
PJ157,422,FLXV-85,15234,25,60,2025-10-18 06:30:38.238653,336730.848,6298146.378
PJ157,422,PFXB-27,23053,25,60,2025-10-18 06:30:38.238654,336730.848,6298146.378
PC95,216,SFST-39,4271,9,11,2025-10-18 06:30:40.187060,354410.602,6301845.444
PC95,216,LZPW-13,11002,25,60,2025-10-18 06:30:40.187065,354410.602,6301845.444
PD1299,D10,STPS-21,8499,25,60,2025-10-18 06:30:42.102976,352540.91,6293266.872
PH191,207,SFWZ-17,1543,0,3,2025-10-18 06:30:44.109620,347812.261,6291207.398
PH191,207,LZPW-10,7042,11,15,2025-10-18 06:30:44.109625,347812.261,6291207.398
PH191,209,LXWT-84,6782,13,17,2025-10-18 06:30:44.109626,347812.261,6291207.398
PH191,205,RWTP-88,1553,0,5,2025-10-18 06:30:44.109627,347812.261,6291207.398
PH191,227,VGCB-59,1143,0,3,2025-10-18 06:30:44.109629,347812.261,6291207.398
PH191,227,VFPJ-71,10557,20,28,2025-10-18 06:30:44.109630,347812.261,6291207.398
PF516,712,SHCY-15,6449,25,60,2025-10-18 06:30:46.085362,354409.196,6279378.643
PF516,712,SJPD-98,20995,25,60,2025-10-18 06:30:46.085369,354409.196,6279378.643
PJ212,418,SHCX-39,1563,0,5,2025-10-18 06:30:47.588061,337783.87,6297298.389
PH791,D07,SVDC-79,7112,15,21,2025-10-18 06:30:51.243277,348326.629,6294717.813
PH791,E04,VKJZ-10,5691,15,21,2025-10-18 06:30:51.243281,348326.629,6294717.813
PH791,E04,VKJZ-41,12198,25,60,2025-10-18 06:30:51.243282,348326.629,6294717.813
PH791,385,FLXG-15,2626,0,4,2025-10-18 06:30:51.243284,348326.629,6294717.813
PF696,102,SPZX-79,1880,4,6,2025-10-18 06:30:53.277929,356944.142,6282288.677
PG1204,201,GCBB-13,109,0,3,2025-10-18 06:30:55.296862,342686.15,6281068.42
PG1204,201,GCBB-20,7916,12,18,2025-10-18 06:30:55.296867,342686.15,6281068.42
PG1204,201E,VFHJ-21,81,0,3,2025-10-18 06:30:55.296868,342686.15,6281068.42
PG1204,201E,VFHH-65,7199,15,21,2025-10-18 06:30:55.296869,342686.15,6281068.42
PG1204,G14,FLXX-31,1925,4,6,2025-10-18 06:30:55.296870,342686.15,6281068.42
PG1204,G32,THTF-44,1501,0,5,2025-10-18 06:30:55.296871,342686.15,6281068.42
PI753,418,SHCX-39,3770,9,11,2025-10-18 06:30:57.094272,340118.252,6296802.246
PI753,111,FLXY-65,5738,17,23,2025-10-18 06:30:57.094278,340118.252,6296802.246
PI753,111,FLXW-85,11351,25,60,2025-10-18 06:30:57.094279,340118.252,6296802.246
PI753,510,GCBC-56,2556,5,7,2025-10-18 06:30:57.094280,340118.252,6296802.246
PI753,516,GCBD-50,2294,5,7,2025-10-18 06:30:57.094280,340118.252,6296802.246
PI753,J06,FLXT-67,7430,16,22,2025-10-18 06:30:57.094281,340118.252,6296802.246
PI753,J12,FLXG-34,3171,0,5,2025-10-18 06:30:57.094282,340118.252,6296802.246
PI753,412,PFVG-92,1703,0,4,2025-10-18 06:30:57.094283,340118.252,6296802.246
PI753,412,LXWP-64,7157,17,25,2025-10-18 06:30:57.094284,340118.252,6296802.246
PD660,514,PFXB-18,11428,25,60,2025-10-18 06:30:58.501462,353017.419,6295844.422
PD660,514,TBFX-40,11806,25,60,2025-10-18 06:30:58.501467,353017.419,6295844.422
PJ593,J01,PFXC-80,759,0,3,2025-10-18 06:31:00.490832,342303.462,6300986.576
PJ593,J08,PFXC-45,3401,7,9,2025-10-18 06:31:00.490845,342303.462,6300986.576
PJ593,J08,GCBF-35,11002,20,28,2025-10-18 06:31:00.490846,342303.462,6300986.576
PJ593,J16,TBFW-72,238,0,3,2025-10-18 06:31:00.490847,342303.462,6300986.576
PJ593,J16,FLXV-58,7204,20,28,2025-10-18 06:31:00.490848,342303.462,6300986.576
PJ593,B28,SPZX-55,6197,16,22,2025-10-18 06:31:00.490849,342303.462,6300986.576
PJ593,B28,STHD-35,11857,25,60,2025-10-18 06:31:00.490850,342303.462,6300986.576
PD145,D26,SPBG-12,5863,11,15,2025-10-18 06:31:02.616020,353249.833,6290999.59
PD145,107,PGRZ-87,1592,0,5,2025-10-18 06:31:02.616025,353249.833,6290999.59
PD545,D09,SVDD-60,780,0,3,2025-10-18 06:31:05.065107,357721.063,6294645.088
PG803,G08,THTG-82,2693,5,7,2025-10-18 06:31:06.980186,340883.561,6280440.866
PG803,G08,THTF-35,9141,19,27,2025-10-18 06:31:06.980191,340883.561,6280440.866
PG803,G02,FLXC-99,6620,13,19,2025-10-18 06:31:06.980193,340883.561,6280440.866
PG803,G22,THTF-15,1237,0,4,2025-10-18 06:31:06.980194,340883.561,6280440.866
PG803,G22,THTD-26,6107,13,19,2025-10-18 06:31:06.980195,340883.561,6280440.866
PG803,G27,THTF-59,1527,0,5,2025-10-18 06:31:06.980196,340883.561,6280440.866
PD938,D07,SVDC-79,1322,0,4,2025-10-18 06:31:08.339489,351790.759,6294406.318
PG503,F03,SPVW-98,4752,9,13,2025-10-18 06:31:13.369612,348510.4,6278877.737
PE793,E15C,VFKT-48,3371,13,19,2025-10-18 06:31:14.778530,350802.198,6286114.315
PB859,214,GCBB-10,5920,12,16,2025-10-18 06:31:16.742736,345239.196,6301415.883
PB859,B10,STHF-84,1,0,3,2025-10-18 06:31:16.742742,345239.196,6301415.883
PB859,B10,TXZH-32,5519,12,16,2025-10-18 06:31:16.742743,345239.196,6301415.883
PB859,B04,SJPC-34,2045,4,6,2025-10-18 06:31:16.742744,345239.196,6301415.883
PG1276,G13,SFPF-95,938,0,3,2025-10-18 06:31:18.781142,344971.738,6284061.218
PG1276,G13,SFPF-91,5113,20,28,2025-10-18 06:31:18.781147,344971.738,6284061.218
PG1276,G16,SDSW-86,1,0,3,2025-10-18 06:31:18.781148,344971.738,6284061.218
PI479,I26,PGPS-89,6684,20,28,2025-10-18 06:31:22.719199,334507.844,6289839.172
PI479,I26,PFYR-99,16644,25,60,2025-10-18 06:31:22.719203,334507.844,6289839.172
PI479,I02,FLXZ-34,3742,8,10,2025-10-18 06:31:22.719204,334507.844,6289839.172
PI479,I02,FLXY-78,9888,21,29,2025-10-18 06:31:22.719205,334507.844,6289839.172
PI479,405,PFYG-43,9110,20,28,2025-10-18 06:31:22.719206,334507.844,6289839.172
PI479,405,PFTF-86,15714,25,60,2025-10-18 06:31:22.719207,334507.844,6289839.172
PC1253,C14,SLYB-60,868,0,3,2025-10-18 06:31:26.609709,354036.03,6302647.95
PI473,I26,PGPS-89,5055,17,23,2025-10-18 06:31:32.575171,336256.37,6289967.661
PI473,I26,PFYR-99,14761,25,60,2025-10-18 06:31:32.575176,336256.37,6289967.661
PI473,I02,FLXZ-34,1942,4,6,2025-10-18 06:31:32.575177,336256.37,6289967.661
PI473,I02,FLXY-78,8223,18,26,2025-10-18 06:31:32.575178,336256.37,6289967.661
PI473,509,FLXW-33,11231,25,60,2025-10-18 06:31:32.575179,336256.37,6289967.661
PI473,509,FLXV-87,15971,25,60,2025-10-18 06:31:32.575180,336256.37,6289967.661
PI473,405,PFYG-43,7347,17,23,2025-10-18 06:31:32.575181,336256.37,6289967.661
PI473,405,PFTF-86,13878,25,60,2025-10-18 06:31:32.575181,336256.37,6289967.661
PB351,272,VFHT-81,2057,4,6,2025-10-18 06:31:34.510772,345343.139,6304917.887
PB351,272,VFHL-60,9019,25,60,2025-10-18 06:31:34.510777,345343.139,6304917.887
PG1973,G16,SFPG-37,3027,14,20,2025-10-18 06:31:36.403522,348709.04,6281810.71
PA199,227,VFPJ-71,2187,0,4,2025-10-18 06:31:39.971100,348132.439,6297235.964
PC552,C06,LDTB-89,6485,13,19,2025-10-18 06:31:45.930586,353874.484,6301198.258
PC552,517,VHZY-21,3332,8,12,2025-10-18 06:31:45.930592,353874.484,6301198.258
PC552,722,STHC-69,4894,9,13,2025-10-18 06:31:45.930593,353874.484,6301198.258
