bus_stop_code,route_id,bus_id,meters_distance,min_arrival_time,max_arrival_time,date,X,Y
PA543,422,TBFW-61,2955,9,13,2025-10-21 14:00:04.200218,347822.436,6298264.798
PA543,422,GCBD-43,3206,10,14,2025-10-21 14:00:04.200225,347822.436,6298264.798
PE1385,224,VFRD-35,1,0,3,2025-10-21 14:00:06.592031,350412.0,6291132.0
PE1385,224,VFPH-79,1450,0,5,2025-10-21 14:00:06.592035,350412.0,6291132.0
PG272,302,BJFW-79,811,0,3,2025-10-21 14:00:08.570464,344560.86,6290141.74
PG272,302,BJFY-97,4497,8,12,2025-10-21 14:00:08.570471,344560.86,6290141.74
PG272,G12,SHXB-12,1148,0,5,2025-10-21 14:00:08.570472,344560.86,6290141.74
PG272,G12,SFGY-90,7258,25,60,2025-10-21 14:00:08.570474,344560.86,6290141.74
PG272,214,GCBB-34,693,0,3,2025-10-21 14:00:08.570475,344560.86,6290141.74
PB317,203,LZPW-17,499,0,5,2025-10-21 14:00:10.546003,346878.332,6299904.937
PB317,203,LZPT-62,2897,7,9,2025-10-21 14:00:10.546007,346878.332,6299904.937
PB317,208,LXWT-86,1,0,3,2025-10-21 14:00:10.546009,346878.332,6299904.937
PB317,208,SRTG-96,1256,4,6,2025-10-21 14:00:10.546010,346878.332,6299904.937
PB317,B24,SPZX-56,1488,5,7,2025-10-21 14:00:10.546011,346878.332,6299904.937
PB317,B24,SKHF-84,4207,14,20,2025-10-21 14:00:10.546011,346878.332,6299904.937
PB317,116,FLXJ-64,276,0,3,2025-10-21 14:00:10.546012,346878.332,6299904.937
PB317,116,LCPW-34,706,0,4,2025-10-21 14:00:10.546013,346878.332,6299904.937
PE27,102,SPZY-24,101,0,3,2025-10-21 14:00:12.534435,353658.944,6288979.57
PE27,102,LBTS-76,2327,7,9,2025-10-21 14:00:12.534440,353658.944,6288979.57
PE27,124,SRVJ-55,1099,0,4,2025-10-21 14:00:12.534441,353658.944,6288979.57
PE27,124,SRVJ-34,1584,0,5,2025-10-21 14:00:12.534442,353658.944,6288979.57
PE27,712,SJPD-87,1569,5,7,2025-10-21 14:00:12.534443,353658.944,6288979.57
PE27,712,SHCW-70,1715,5,7,2025-10-21 14:00:12.534444,353658.944,6288979.57
PE27,104,SKVD-68,2641,9,11,2025-10-21 14:00:12.534444,353658.944,6288979.57
PE27,104,SKWD-28,2759,9,11,2025-10-21 14:00:12.534445,353658.944,6288979.57
PE27,114,LDSV-92,2110,6,8,2025-10-21 14:00:12.534446,353658.944,6288979.57
PF202,F29,SPVV-29,1458,0,5,2025-10-21 14:00:14.008969,356873.204,6279871.879
PF202,F01,SPVW-76,2599,7,9,2025-10-21 14:00:14.008975,356873.204,6279871.879
PF202,F11,SKVB-16,2455,6,8,2025-10-21 14:00:14.008976,356873.204,6279871.879
PF202,F11,SKVB-19,5446,13,17,2025-10-21 14:00:14.008977,356873.204,6279871.879
PD540,507,TBFX-38,2978,6,8,2025-10-21 14:00:16.608227,357227.204,6294748.085
PD540,507,GCBD-23,5780,14,20,2025-10-21 14:00:16.608232,357227.204,6294748.085
PD540,511,TBFW-40,3089,7,9,2025-10-21 14:00:16.608234,357227.204,6294748.085
PD540,511,TBFS-41,3562,9,11,2025-10-21 14:00:16.608235,357227.204,6294748.085
PD540,519,RKXL-33,3375,11,15,2025-10-21 14:00:16.608236,357227.204,6294748.085
PD540,519,GCBD-79,9606,25,60,2025-10-21 14:00:16.608237,357227.204,6294748.085
PD540,D09,SVDD-54,1114,0,4,2025-10-21 14:00:16.608239,357227.204,6294748.085
PD540,D09,SVDD-40,1694,5,7,2025-10-21 14:00:16.608240,357227.204,6294748.085
PD540,D20,SVDD-96,1541,4,6,2025-10-21 14:00:16.608241,357227.204,6294748.085
PD540,D20,SVDF-47,9967,25,60,2025-10-21 14:00:16.608242,357227.204,6294748.085
PD540,506,FLXW-17,1,0,3,2025-10-21 14:00:16.608243,357227.204,6294748.085
PD540,506,GCBC-99,177,0,3,2025-10-21 14:00:16.608245,357227.204,6294748.085
PD540,506V,TBFS-33,5841,13,17,2025-10-21 14:00:16.608246,357227.204,6294748.085
PD540,506V,TBFR-12,11009,25,60,2025-10-21 14:00:16.608247,357227.204,6294748.085
PI957,I24,VHSY-17,224,0,3,2025-10-21 14:00:18.832413,333380.314,6291164.127
PI957,I24,VHTB-64,8951,25,60,2025-10-21 14:00:18.832418,333380.314,6291164.127
PI957,I05,VHTB-61,2937,10,14,2025-10-21 14:00:18.832419,333380.314,6291164.127
PI957,I05,VHSY-21,7490,21,29,2025-10-21 14:00:18.832420,333380.314,6291164.127
PI957,I09,FLXY-88,422,0,3,2025-10-21 14:00:18.832421,333380.314,6291164.127
PI957,I09,FLXZ-20,783,0,4,2025-10-21 14:00:18.832421,333380.314,6291164.127
PI957,I11,RWRP-64,174,0,3,2025-10-21 14:00:18.832422,333380.314,6291164.127
PI957,I11,FLXZ-50,7307,18,26,2025-10-21 14:00:18.832423,333380.314,6291164.127
PA15,345,FLXD-67,110,0,3,2025-10-21 14:00:20.334216,344279.18,6297518.61
PA15,345,FLXD-64,125,0,3,2025-10-21 14:00:20.334221,344279.18,6297518.61
PA15,I18,FLXZ-45,8728,18,26,2025-10-21 14:00:20.334222,344279.18,6297518.61
PA15,I18,VHSZ-41,9706,25,60,2025-10-21 14:00:20.334223,344279.18,6297518.61
PA15,507,TBFR-37,79,0,3,2025-10-21 14:00:20.334224,344279.18,6297518.61
PA15,507,PFXC-12,3086,12,16,2025-10-21 14:00:20.334225,344279.18,6297518.61
PA15,511,GCBD-82,67,0,3,2025-10-21 14:00:20.334226,344279.18,6297518.61
PA15,511,GCBD-65,3479,13,17,2025-10-21 14:00:20.334227,344279.18,6297518.61
PA15,109,FLXH-82,513,0,5,2025-10-21 14:00:20.334227,344279.18,6297518.61
PA15,109,FLXS-95,1362,6,8,2025-10-21 14:00:20.334228,344279.18,6297518.61
PG9,G34,THTD-52,3575,9,13,2025-10-21 14:00:22.546322,345315.787,6287309.532
PG9,G12,SCRZ-27,1098,0,4,2025-10-21 14:00:22.546327,345315.787,6287309.532
PG9,G12,SFGY-80,5130,12,18,2025-10-21 14:00:22.546328,345315.787,6287309.532
PG9,223,SFPF-94,743,0,4,2025-10-21 14:00:22.546330,345315.787,6287309.532
PG9,223,SHXB-23,5453,18,26,2025-10-21 14:00:22.546330,345315.787,6287309.532
PG9,201,GCBB-55,543,0,3,2025-10-21 14:00:22.546331,345315.787,6287309.532
PG9,201,GCBC-23,3443,9,13,2025-10-21 14:00:22.546332,345315.787,6287309.532
PG9,211,TBYY-66,746,0,3,2025-10-21 14:00:22.546333,345315.787,6287309.532
PG9,211,FLXC-94,6459,13,19,2025-10-21 14:00:22.546334,345315.787,6287309.532
PG9,271,GCWF-74,934,0,3,2025-10-21 14:00:22.546335,345315.787,6287309.532
PG9,271,TBLT-54,3422,9,11,2025-10-21 14:00:22.546335,345315.787,6287309.532
PG9,301,BJFT-84,4395,12,18,2025-10-21 14:00:22.546336,345315.787,6287309.532
PG9,301,BJFS-61,4806,14,20,2025-10-21 14:00:22.546337,345315.787,6287309.532
PI1369,I05,VHSY-26,1614,6,8,2025-10-21 14:00:24.952136,338012.628,6290760.042
PI1369,I18,VHSX-94,2883,9,13,2025-10-21 14:00:24.952141,338012.628,6290760.042
PI1369,108,PFVH-97,135,0,3,2025-10-21 14:00:24.952143,338012.628,6290760.042
PI1369,108,PFYR-80,3000,9,13,2025-10-21 14:00:24.952144,338012.628,6290760.042
PI1369,I01,FLXG-16,3307,11,15,2025-10-21 14:00:24.952145,338012.628,6290760.042
PI1369,I01,FLXL-20,5102,15,21,2025-10-21 14:00:24.952146,338012.628,6290760.042
PI1369,I03,FLXL-43,2058,8,10,2025-10-21 14:00:24.952147,338012.628,6290760.042
PI1369,I03,FLXJ-14,2553,9,13,2025-10-21 14:00:24.952148,338012.628,6290760.042
PI1369,110,CJRW-73,3995,11,15,2025-10-21 14:00:24.952149,338012.628,6290760.042
PI1369,110,FLXG-18,5500,14,20,2025-10-21 14:00:24.952150,338012.628,6290760.042
PI1369,118,FLXK-38,1591,6,8,2025-10-21 14:00:24.952151,338012.628,6290760.042
PI1369,118,LXWR-95,4026,16,22,2025-10-21 14:00:24.952152,338012.628,6290760.042
PI1369,I26,PFYS-24,3547,11,15,2025-10-21 14:00:24.952153,338012.628,6290760.042
PI1369,I04,FLXY-36,3073,8,10,2025-10-21 14:00:24.952154,338012.628,6290760.042
PI1369,I04,FLXF-20,7097,14,20,2025-10-21 14:00:24.952176,338012.628,6290760.042
PI1369,109,FLXG-24,117,0,3,2025-10-21 14:00:24.952177,338012.628,6290760.042
PI1369,109,FDJX-66,148,0,3,2025-10-21 14:00:24.952178,338012.628,6290760.042
PH89,H12,FLXD-99,3559,8,12,2025-10-21 14:00:27.375371,343313.254,6292647.214
PH89,H12,CJRW-14,4322,10,14,2025-10-21 14:00:27.375377,343313.254,6292647.214
PH89,105,SJPC-41,1016,0,4,2025-10-21 14:00:27.375378,343313.254,6292647.214
PH89,105,SHXG-32,3802,12,16,2025-10-21 14:00:27.375379,343313.254,6292647.214
PH89,120,TXZH-39,1393,4,6,2025-10-21 14:00:27.375379,343313.254,6292647.214
PH89,120,SKHG-20,4214,13,19,2025-10-21 14:00:27.375380,343313.254,6292647.214
PH89,125,CJRY-81,3681,12,16,2025-10-21 14:00:27.375381,343313.254,6292647.214
PB1967,230,GCBC-14,1381,0,4,2025-10-21 14:00:30.417516,345072.909,6303013.444
PB1967,230,GCBB-35,4825,14,20,2025-10-21 14:00:30.417521,345072.909,6303013.444
PB1967,B41,GCBB-85,4020,14,20,2025-10-21 14:00:30.417522,345072.909,6303013.444
PB1967,308,FLXH-95,2317,0,5,2025-10-21 14:00:30.417523,345072.909,6303013.444
PB1967,308,FLXH-38,1678,5,7,2025-10-21 14:00:30.417524,345072.909,6303013.444
PB1967,B27,FLXT-70,1427,0,5,2025-10-21 14:00:30.417524,345072.909,6303013.444
PB1967,B27,FLXT-71,3369,10,14,2025-10-21 14:00:30.417525,345072.909,6303013.444
PB1967,201,GCBB-91,4321,13,17,2025-10-21 14:00:30.417526,345072.909,6303013.444
PB1967,201,GCBB-72,4618,13,19,2025-10-21 14:00:30.417527,345072.909,6303013.444
PI816,I03,FLXJ-26,262,0,3,2025-10-21 14:00:33.620341,335325.774,6290837.293
PI816,I03,FLXJ-25,3190,10,14,2025-10-21 14:00:33.620346,335325.774,6290837.293
PF213,F01,SPVW-87,810,0,5,2025-10-21 14:00:35.890610,354032.623,6280216.827
PF213,F01,SPVT-78,3792,13,17,2025-10-21 14:00:35.890615,354032.623,6280216.827
PF213,F10,SRRZ-87,352,0,3,2025-10-21 14:00:35.890616,354032.623,6280216.827
PF213,F10,SRRX-88,1736,9,11,2025-10-21 14:00:35.890617,354032.623,6280216.827
PF213,F11,FLXS-35,66,0,3,2025-10-21 14:00:35.890617,354032.623,6280216.827
PF213,F11,SKVB-16,5822,14,20,2025-10-21 14:00:35.890618,354032.623,6280216.827
PF213,F13,SRRY-79,817,0,5,2025-10-21 14:00:35.890619,354032.623,6280216.827
PF213,F13,SRRX-58,1069,4,6,2025-10-21 14:00:35.890620,354032.623,6280216.827
PF213,F12,STHD-12,1,0,3,2025-10-21 14:00:35.890621,354032.623,6280216.827
PF213,712,SHCX-33,1439,6,8,2025-10-21 14:00:35.890622,354032.623,6280216.827
PF213,712,SJPC-40,4862,14,20,2025-10-21 14:00:35.890623,354032.623,6280216.827
PG358,G43,FLXC-88,370,0,5,2025-10-21 14:00:37.844425,344270.12,6282312.57
PG358,G43,FLXX-30,2484,16,22,2025-10-21 14:00:37.844429,344270.12,6282312.57
PG358,301,BJFW-90,1116,0,5,2025-10-21 14:00:37.844431,344270.12,6282312.57
PG358,301,BJFZ-62,1139,0,5,2025-10-21 14:00:37.844431,344270.12,6282312.57
PG358,301C,BJFX-29,936,0,3,2025-10-21 14:00:37.844432,344270.12,6282312.57
PG358,G28,FLXT-34,1837,5,7,2025-10-21 14:00:37.844433,344270.12,6282312.57
PG358,G28,CJRZ-84,6050,18,26,2025-10-21 14:00:37.844434,344270.12,6282312.57
PG358,G38,THTF-67,325,0,3,2025-10-21 14:00:37.844435,344270.12,6282312.57
PG358,G38,THTG-85,4624,12,16,2025-10-21 14:00:37.844436,344270.12,6282312.57
PG358,G39,FLXH-61,1,0,3,2025-10-21 14:00:37.844437,344270.12,6282312.57
PG358,G39,FLXH-44,1253,0,3,2025-10-21 14:00:37.844438,344270.12,6282312.57
PG358,G14,FLXX-34,956,4,6,2025-10-21 14:00:37.844439,344270.12,6282312.57
PG1793,302,CJRC-56,3158,17,23,2025-10-21 14:00:39.796802,346829.35,6287062.28
PG1793,E18,FLXD-80,2721,25,60,2025-10-21 14:00:39.796807,346829.35,6287062.28
PG1793,E18,BJFW-19,7629,25,60,2025-10-21 14:00:39.796808,346829.35,6287062.28
PG1793,229,GCBF-47,99,0,3,2025-10-21 14:00:39.796809,346829.35,6287062.28
PG1793,229,SDGY-43,7527,18,26,2025-10-21 14:00:39.796810,346829.35,6287062.28
PH554,H12,FLXD-99,4,0,3,2025-10-21 14:00:41.718204,342587.484,6289550.768
PH554,H12,CJRW-14,432,0,3,2025-10-21 14:00:41.718209,342587.484,6289550.768
PH554,121,FLXK-72,159,0,3,2025-10-21 14:00:41.718211,342587.484,6289550.768
PH554,329,FLXR-41,246,0,3,2025-10-21 14:00:41.718212,342587.484,6289550.768
PH554,329,BJFV-74,1902,5,7,2025-10-21 14:00:41.718213,342587.484,6289550.768
PB741,C18,SHCW-76,1,0,3,2025-10-21 14:00:43.766196,347089.156,6306233.868
PB741,C18,SHXD-91,2614,6,8,2025-10-21 14:00:43.766200,347089.156,6306233.868
PJ1713,111,FLXX-55,337,0,3,2025-10-21 14:00:45.707012,336570.924,6296463.657
PJ1713,111,FLXY-60,3082,12,16,2025-10-21 14:00:45.707016,336570.924,6296463.657
PJ1713,J08,GCBD-57,1996,5,7,2025-10-21 14:00:45.707018,336570.924,6296463.657
PJ1713,J08,GKRL-26,5585,14,20,2025-10-21 14:00:45.707018,336570.924,6296463.657
PI1268,I16,FLXL-80,1,0,3,2025-10-21 14:00:47.759005,342775.443,6296561.155
PI1268,I16,FLXK-61,1,0,3,2025-10-21 14:00:47.759011,342775.443,6296561.155
PI1268,I17,FLXW-95,566,0,3,2025-10-21 14:00:47.759012,342775.443,6296561.155
PG776,G24,FLXX-22,1692,4,6,2025-10-21 14:00:49.782438,345029.735,6283095.838
PG776,G24,CJRL-65,4055,12,18,2025-10-21 14:00:49.782442,345029.735,6283095.838
PG776,G07,THTD-81,1,0,3,2025-10-21 14:00:49.782444,345029.735,6283095.838
PG776,G07,THTF-23,4898,14,20,2025-10-21 14:00:49.782445,345029.735,6283095.838
PB419,303,FLXJ-52,424,0,3,2025-10-21 14:00:51.780897,342574.77,6304842.36
PB419,303,FLXF-10,1083,0,3,2025-10-21 14:00:51.780902,342574.77,6304842.36
PB419,307,VHTB-66,107,0,3,2025-10-21 14:00:51.780903,342574.77,6304842.36
PB419,307,TWPC-92,1282,0,3,2025-10-21 14:00:51.780904,342574.77,6304842.36
PB419,314,TWPD-88,1317,0,3,2025-10-21 14:00:51.780904,342574.77,6304842.36
PB419,314,FLXJ-12,2169,0,3,2025-10-21 14:00:51.780905,342574.77,6304842.36
PB1055,B08,SHXF-23,2294,7,9,2025-10-21 14:00:53.874867,344574.653,6306982.226
PB1055,B16,STHL-95,2860,6,8,2025-10-21 14:00:53.874873,344574.653,6306982.226
PE571,E08,VKJX-72,904,0,4,2025-10-21 14:00:55.801530,352482.56,6288502.494
PE571,E08,VKJY-52,4590,14,20,2025-10-21 14:00:55.801535,352482.56,6288502.494
PG1023,G09,SHCX-12,208,0,3,2025-10-21 14:00:57.701392,343768.183,6281116.92
PG1023,G09,SFGY-87,877,0,4,2025-10-21 14:00:57.701413,343768.183,6281116.92
PG1317,G18,SHXB-36,4380,14,20,2025-10-21 14:00:59.733796,347860.627,6288327.924
PG1317,G18,SHXG-73,4544,17,23,2025-10-21 14:00:59.733801,347860.627,6288327.924
PG47,271,FLXX-20,1,0,3,2025-10-21 14:01:05.525854,343269.7,6284043.18
PG47,271,FLXX-18,210,0,3,2025-10-21 14:01:05.525860,343269.7,6284043.18
PG47,211C,THTH-70,1152,0,3,2025-10-21 14:01:05.525862,343269.7,6284043.18
PG47,211C,THTH-32,3185,8,12,2025-10-21 14:01:05.525880,343269.7,6284043.18
PG47,201,GCBB-40,1,0,3,2025-10-21 14:01:05.525882,343269.7,6284043.18
PG47,201,GCBC-19,921,0,4,2025-10-21 14:01:05.525883,343269.7,6284043.18
PG47,211,TBYY-72,2367,7,9,2025-10-21 14:01:05.525884,343269.7,6284043.18
PG47,211,TBYY-74,8616,25,60,2025-10-21 14:01:05.525885,343269.7,6284043.18
PG1762,201E,VFHG-99,840,0,3,2025-10-21 14:01:07.446015,341198.357,6284920.375
PG1762,201E,VFHJ-59,3932,10,14,2025-10-21 14:01:07.446020,341198.357,6284920.375
PD563,516,TBFR-44,1625,0,5,2025-10-21 14:01:09.954784,349240.695,6296543.708
PD563,516,TBFP-76,3499,9,13,2025-10-21 14:01:09.954790,349240.695,6296543.708
PD563,519,RKXL-22,2027,4,6,2025-10-21 14:01:09.954791,349240.695,6296543.708
PD563,519,TBFP-98,4735,12,16,2025-10-21 14:01:09.954792,349240.695,6296543.708
PA212,201,GCBB-73,718,0,5,2025-10-21 14:01:11.512532,346265.55,6297849.76
PA212,201,GCBB-99,3649,14,20,2025-10-21 14:01:11.512537,346265.55,6297849.76
PA212,229,LZPT-40,494,0,4,2025-10-21 14:01:11.512538,346265.55,6297849.76
PA212,229,SDGY-42,1019,5,7,2025-10-21 14:01:11.512539,346265.55,6297849.76
PA212,271,FLXC-86,55,0,3,2025-10-21 14:01:11.512539,346265.55,6297849.76
PA212,271,FLXX-28,6243,21,29,2025-10-21 14:01:11.512540,346265.55,6297849.76
PA212,301,BJFW-34,43,0,3,2025-10-21 14:01:11.512541,346265.55,6297849.76
PA212,301,BJFS-60,368,0,3,2025-10-21 14:01:11.512542,346265.55,6297849.76
PA212,223,SFGY-15,1072,0,5,2025-10-21 14:01:11.512543,346265.55,6297849.76
PA212,223,SFPG-65,1620,6,8,2025-10-21 14:01:11.512544,346265.55,6297849.76
PG664,G01,THTD-56,3774,10,14,2025-10-21 14:01:14.628402,346948.338,6288891.446
PG664,G01,THTD-60,6007,16,22,2025-10-21 14:01:14.628408,346948.338,6288891.446
PI720,I21,FLXG-56,2759,7,9,2025-10-21 14:01:16.533368,335520.73,6289503.342
PC1301,C13,SJPB-67,6482,19,27,2025-10-21 14:01:18.358083,359855.0,6307074.0
PC1301,C13,SGPW-52,8093,25,60,2025-10-21 14:01:18.358087,359855.0,6307074.0
PC1301,C01C,LXWP-63,1101,0,4,2025-10-21 14:01:18.358089,359855.0,6307074.0
PC1301,C01C,PGBY-59,3818,13,17,2025-10-21 14:01:18.358089,359855.0,6307074.0
PH636,H09,VGRC-23,2275,8,12,2025-10-21 14:01:19.703984,348225.626,6292955.271
PH636,H09,VGRC-93,6088,20,28,2025-10-21 14:01:19.703990,348225.626,6292955.271
PA438,510,PFXC-73,213,0,3,2025-10-21 14:01:21.716384,347087.94,6296620.03
PA438,510,PFXC-55,3059,11,15,2025-10-21 14:01:21.716389,347087.94,6296620.03
PA438,506,TBFX-80,5226,15,21,2025-10-21 14:01:21.716391,347087.94,6296620.03
PA438,506,TBFV-89,7919,25,60,2025-10-21 14:01:21.716391,347087.94,6296620.03
PA438,506V,TBFR-12,1,0,3,2025-10-21 14:01:21.716392,347087.94,6296620.03
PA438,506V,PFXC-18,1,0,3,2025-10-21 14:01:21.716393,347087.94,6296620.03
PA438,507,PFXC-77,1582,7,9,2025-10-21 14:01:21.716394,347087.94,6296620.03
PA438,507,FLXV-57,4072,16,22,2025-10-21 14:01:21.716395,347087.94,6296620.03
PH515,H05,VFRF-55,15,0,3,2025-10-21 14:01:23.665355,345217.354,6291430.506
PH515,H05,VFPL-71,4390,14,20,2025-10-21 14:01:23.665361,345217.354,6291430.506
PB394,301,BJFW-99,1420,5,7,2025-10-21 14:01:25.676157,344515.46,6301027.9
PB394,301,BJFW-88,1649,6,8,2025-10-21 14:01:25.676162,344515.46,6301027.9
PB394,B03,LXDJ-29,1,0,3,2025-10-21 14:01:25.676164,344515.46,6301027.9
PB394,B03,FLXS-50,5557,25,60,2025-10-21 14:01:25.676165,344515.46,6301027.9
PB394,B24,SKHG-37,3164,13,17,2025-10-21 14:01:25.676166,344515.46,6301027.9
PB394,B24,TXZH-36,3494,14,20,2025-10-21 14:01:25.676167,344515.46,6301027.9
PA660,I01,FLXG-91,1860,5,7,2025-10-21 14:01:29.701820,344825.986,6294718.952
PA660,I01,FLXD-81,3687,11,15,2025-10-21 14:01:29.701825,344825.986,6294718.952
PG1973,G16,SFPG-58,145,0,3,2025-10-21 14:01:33.603244,348709.04,6281810.71
PG1973,G16,SFPF-79,2830,17,23,2025-10-21 14:01:33.603249,348709.04,6281810.71
PE113,203C,SFST-37,4290,11,15,2025-10-21 14:01:35.770692,348336.303,6287030.621
PE113,203C,LZPT-49,7303,17,25,2025-10-21 14:01:35.770697,348336.303,6287030.621
PE113,206,SDGY-25,1,0,3,2025-10-21 14:01:35.770698,348336.303,6287030.621
PE113,206,LZRB-85,691,0,3,2025-10-21 14:01:35.770699,348336.303,6287030.621
PE113,212,LZPW-19,713,0,3,2025-10-21 14:01:35.770700,348336.303,6287030.621
PE113,212,LZPS-15,4492,9,13,2025-10-21 14:01:35.770701,348336.303,6287030.621
PE113,233,SHXB-32,1535,5,7,2025-10-21 14:01:35.770701,348336.303,6287030.621
PE113,233,SCRZ-15,5857,16,22,2025-10-21 14:01:35.770702,348336.303,6287030.621
PE113,G01,THTF-51,3415,9,13,2025-10-21 14:01:35.770703,348336.303,6287030.621
PE113,E11,VKJZ-79,921,0,3,2025-10-21 14:01:35.770704,348336.303,6287030.621
PE113,E11,VKJZ-21,7830,25,60,2025-10-21 14:01:35.770706,348336.303,6287030.621
PE113,203,LZPS-24,1517,5,7,2025-10-21 14:01:35.770707,348336.303,6287030.621
PE113,203,SDGY-34,3609,11,15,2025-10-21 14:01:35.770707,348336.303,6287030.621
PB2073,B36,STHJ-61,1903,7,9,2025-10-21 14:01:37.778970,344014.0,6307774.0
PB2073,B36,STHF-77,4878,15,21,2025-10-21 14:01:37.778976,344014.0,6307774.0
PH243,226,VFPS-56,496,0,3,2025-10-21 14:01:39.681145,348030.833,6290015.187
PH243,226,VFHK-96,499,0,3,2025-10-21 14:01:39.681150,348030.833,6290015.187
PH243,329,FLXR-23,433,0,3,2025-10-21 14:01:39.681151,348030.833,6290015.187
PD482,508,PFXB-29,1015,5,7,2025-10-21 14:01:41.964626,349277.619,6297636.212
PD482,508,PFWZ-55,1158,6,8,2025-10-21 14:01:41.964632,349277.619,6297636.212
PD482,514,FLXS-66,1704,11,15,2025-10-21 14:01:41.964633,349277.619,6297636.212
PD482,514,FLXX-50,4317,21,29,2025-10-21 14:01:41.964634,349277.619,6297636.212
PD482,505,VJJV-68,360,0,3,2025-10-21 14:01:41.964635,349277.619,6297636.212
PD482,505,LXWS-39,683,0,4,2025-10-21 14:01:41.964636,349277.619,6297636.212
PD939,D07,SVDF-11,4720,20,28,2025-10-21 14:01:43.918113,351456.629,6294416.163
PD939,D07,SVDF-43,4804,20,28,2025-10-21 14:01:43.918118,351456.629,6294416.163
PJ1075,514,FLXH-92,3532,12,16,2025-10-21 14:01:45.904698,342636.785,6298141.888
PJ1075,514,FDJX-65,3846,13,19,2025-10-21 14:01:45.904703,342636.785,6298141.888
PD1220,D16,PFYC-51,5893,16,22,2025-10-21 14:01:47.834213,352427.47,6296062.58
PH170,204,VFPZ-55,1021,0,3,2025-10-21 14:01:49.717660,348869.89,6291777.502
PH170,204,VFPS-78,4610,9,13,2025-10-21 14:01:49.717665,348869.89,6291777.502
PG954,G08V,FLXV-32,3032,6,8,2025-10-21 14:01:51.587140,346221.869,6286369.691
PG954,G08V,FLXV-19,4544,10,14,2025-10-21 14:01:51.587145,346221.869,6286369.691
PG954,G08,THTD-32,1635,5,7,2025-10-21 14:01:51.587146,346221.869,6286369.691
PG954,G08,THTC-29,6591,16,24,2025-10-21 14:01:51.587146,346221.869,6286369.691
PD1033,D09,SVDF-82,6668,17,23,2025-10-21 14:01:53.242161,352678.582,6297532.865
PD1033,D09,SVDC-55,6886,17,23,2025-10-21 14:01:53.242166,352678.582,6297532.865
PG1720,F14,SPRW-12,303,5,7,2025-10-21 14:01:54.906876,350805.79,6281719.287
PG1720,F14,SPRY-46,3901,13,19,2025-10-21 14:01:54.906881,350805.79,6281719.287
PG1720,233,SFPF-93,2976,13,19,2025-10-21 14:01:54.906882,350805.79,6281719.287
PG1720,233,SFPG-63,7008,25,60,2025-10-21 14:01:54.906883,350805.79,6281719.287
PG1720,G05,SFPG-47,1255,4,6,2025-10-21 14:01:54.906883,350805.79,6281719.287
PG1720,G05,SFGY-25,2377,10,14,2025-10-21 14:01:54.906884,350805.79,6281719.287
PG1720,G35,SFPF-86,1751,7,9,2025-10-21 14:01:54.906885,350805.79,6281719.287
PG1720,G35,SFPG-29,2840,15,21,2025-10-21 14:01:54.906886,350805.79,6281719.287
PE1409,108,PFYS-94,238,0,3,2025-10-21 14:01:56.865896,355205.859,6289713.404
PE1409,108,PFVJ-22,244,0,3,2025-10-21 14:01:56.865901,355205.859,6289713.404
PF46,F25,SRVF-83,7539,25,60,2025-10-21 14:01:58.836772,354619.655,6281650.206
PF46,F25,LCTG-23,9715,25,60,2025-10-21 14:01:58.836777,354619.655,6281650.206
PF46,712,SHXD-89,3425,11,15,2025-10-21 14:01:58.836778,354619.655,6281650.206
PF46,712,SHCW-81,3895,12,16,2025-10-21 14:01:58.836779,354619.655,6281650.206
PF46,F10,SRPK-66,2491,8,10,2025-10-21 14:01:58.836780,354619.655,6281650.206
PF46,F10,SRRY-93,2514,8,10,2025-10-21 14:01:58.836781,354619.655,6281650.206
PF46,226,VFRB-54,494,0,3,2025-10-21 14:01:58.836782,354619.655,6281650.206
PF46,226,VFPH-91,841,0,3,2025-10-21 14:01:58.836782,354619.655,6281650.206
PD498,510,PFXC-11,428,5,7,2025-10-21 14:02:00.871370,357606.301,6295549.983
PD498,D15,SVDD-24,1001,7,9,2025-10-21 14:02:00.871375,357606.301,6295549.983
PD498,513,VJBB-20,2692,5,7,2025-10-21 14:02:00.871376,357606.301,6295549.983
PD498,513,VHZV-81,3777,8,10,2025-10-21 14:02:00.871377,357606.301,6295549.983
PG2019,G43,FLXP-21,1273,0,5,2025-10-21 14:02:04.856695,344053.01,6281141.01
PG2019,G24,CJRL-65,854,0,3,2025-10-21 14:02:04.856701,344053.01,6281141.01
PG2019,G38,THTG-85,1064,0,5,2025-10-21 14:02:04.856703,344053.01,6281141.01
PG2019,G38,THTD-93,1371,7,9,2025-10-21 14:02:04.856704,344053.01,6281141.01
PI892,I26,PFVD-65,2012,5,7,2025-10-21 14:02:06.857017,340407.102,6291415.157
PI892,I26,PFYS-24,6534,18,26,2025-10-21 14:02:06.857022,340407.102,6291415.157
PI892,I04,FLXY-36,6746,18,26,2025-10-21 14:02:06.857023,340407.102,6291415.157
PI892,I04,FLXF-20,11066,25,60,2025-10-21 14:02:06.857024,340407.102,6291415.157
PI892,I14,CJRB-47,4302,25,60,2025-10-21 14:02:06.857025,340407.102,6291415.157
PI892,I14,FLXF-27,7610,25,60,2025-10-21 14:02:06.857026,340407.102,6291415.157
PI892,481,PGPT-15,3258,9,13,2025-10-21 14:02:06.857027,340407.102,6291415.157
PC699,C06,LWTK-60,1,0,3,2025-10-21 14:02:08.763820,352997.351,6300603.125
PC699,C06,LWTK-49,518,0,3,2025-10-21 14:02:08.763825,352997.351,6300603.125
PC699,517,VHZZ-30,1019,0,4,2025-10-21 14:02:08.763826,352997.351,6300603.125
PC699,517,VHZY-30,5873,17,25,2025-10-21 14:02:08.763827,352997.351,6300603.125
PC699,503,VGVF-43,1018,0,3,2025-10-21 14:02:08.763828,352997.351,6300603.125
PC699,503,VGVG-41,1842,6,8,2025-10-21 14:02:08.763829,352997.351,6300603.125
PG902,286,SFPF-92,2326,5,7,2025-10-21 14:02:10.752738,350545.626,6281700.38
PG902,286,SHXB-17,6753,17,25,2025-10-21 14:02:10.752743,350545.626,6281700.38
PG902,G13,SHXB-14,3704,10,14,2025-10-21 14:02:10.752744,350545.626,6281700.38
PG902,G13,SHXB-24,4244,12,18,2025-10-21 14:02:10.752745,350545.626,6281700.38
PG902,G16,SFPF-89,1,0,3,2025-10-21 14:02:10.752746,350545.626,6281700.38
PG902,G16,SFPG-61,171,0,3,2025-10-21 14:02:10.752747,350545.626,6281700.38
PB1083,B24,TXZH-37,2019,0,5,2025-10-21 14:02:12.724222,342091.386,6304629.483
PB1083,B28,LDJV-46,2197,4,6,2025-10-21 14:02:12.724227,342091.386,6304629.483
PG1671,G01,THTD-60,78,0,3,2025-10-21 14:02:14.688962,343638.34,6286908.303
PB788,B20,LXDH-86,2092,8,10,2025-10-21 14:02:16.755288,337684.28,6302405.331
PB788,110C,BFKC-89,67,0,3,2025-10-21 14:02:16.755294,337684.28,6302405.331
PB788,B03,LJDL-48,2184,6,8,2025-10-21 14:02:16.755295,337684.28,6302405.331
PB788,B03,SKHG-89,2741,9,11,2025-10-21 14:02:16.755296,337684.28,6302405.331
PF1120,207,SDGY-33,1393,4,6,2025-10-21 14:02:18.703950,349120.943,6278911.298
PF1120,207,LZPR-80,1489,7,9,2025-10-21 14:02:18.703955,349120.943,6278911.298
PI1594,I16,FLXL-80,1,0,4,2025-10-21 14:02:20.616327,342016.735,6294396.843
PI1594,I16,FLXK-61,1,0,4,2025-10-21 14:02:20.616331,342016.735,6294396.843
PI1318,506,FLXV-97,1,0,3,2025-10-21 14:02:22.601220,339614.721,6295094.397
PI1318,506,TBFT-12,2,0,3,2025-10-21 14:02:22.601225,339614.721,6295094.397
PI1318,506V,TBFX-21,1,0,3,2025-10-21 14:02:22.601226,339614.721,6295094.397
PI1318,506V,TBFX-23,649,0,4,2025-10-21 14:02:22.601227,339614.721,6295094.397
PA466,509,FLXS-83,170,0,3,2025-10-21 14:02:24.516869,346268.59,6297189.836
PA466,509,FLXK-34,4597,14,20,2025-10-21 14:02:24.516874,346268.59,6297189.836
PB214,B02,FLXR-76,1056,8,12,2025-10-21 14:02:27.094593,346201.194,6300360.227
PB214,B02,FLXR-77,2721,17,25,2025-10-21 14:02:27.094598,346201.194,6300360.227
PB214,B14,HPFJ-99,4006,6,8,2025-10-21 14:02:27.094599,346201.194,6300360.227
PB214,B14,FLXT-46,5633,11,15,2025-10-21 14:02:27.094600,346201.194,6300360.227
PB214,B27,FLXS-23,764,4,6,2025-10-21 14:02:27.094601,346201.194,6300360.227
PB214,B27,FLXT-85,2294,12,16,2025-10-21 14:02:27.094602,346201.194,6300360.227
PB214,201,GCBB-47,1543,7,9,2025-10-21 14:02:27.094603,346201.194,6300360.227
PB214,201,GCBB-73,4084,18,26,2025-10-21 14:02:27.094604,346201.194,6300360.227
PB214,230,GCBB-78,957,5,7,2025-10-21 14:02:27.094605,346201.194,6300360.227
PB214,230,GCBB-25,4005,18,26,2025-10-21 14:02:27.094606,346201.194,6300360.227
PB214,308,FLXH-96,905,7,9,2025-10-21 14:02:27.094607,346201.194,6300360.227
PB214,B26,FLXS-51,1623,7,9,2025-10-21 14:02:27.094608,346201.194,6300360.227
PB214,B26,HYFL-60,3842,13,19,2025-10-21 14:02:27.094609,346201.194,6300360.227
PB1723,B27,FLXS-23,4976,16,24,2025-10-21 14:02:30.932070,344844.857,6304015.196
PB1723,B27,FLXT-85,6607,25,60,2025-10-21 14:02:30.932075,344844.857,6304015.196
PI1608,I04,FLXL-81,1233,5,7,2025-10-21 14:02:32.525196,342167.745,6295966.817
PJ703,505,VJJV-88,1352,0,5,2025-10-21 14:02:33.932595,336487.648,6300599.924
PE651,E10,FLXR-53,1759,0,5,2025-10-21 14:02:35.901959,353034.521,6287766.57
PG775,G24,FLXX-22,664,0,3,2025-10-21 14:02:37.869963,344781.674,6283153.616
PG775,G24,CJRL-65,3131,8,12,2025-10-21 14:02:37.869968,344781.674,6283153.616
PG775,G07,THTF-23,2682,12,16,2025-10-21 14:02:37.869970,344781.674,6283153.616
PG775,G07,THTD-38,10023,25,60,2025-10-21 14:02:37.869971,344781.674,6283153.616
PG1212,G14,FLXX-13,3528,13,17,2025-10-21 14:02:39.784722,344805.118,6276687.117
PG1212,G14,CJRP-16,6450,25,60,2025-10-21 14:02:39.784727,344805.118,6276687.117
PG1212,G24,FLXP-17,6671,17,25,2025-10-21 14:02:39.784728,344805.118,6276687.117
PA410,503,VGVB-45,2687,9,13,2025-10-21 14:02:41.745928,347624.193,6299296.829
PA410,503,VGVB-93,5818,17,25,2025-10-21 14:02:41.745933,347624.193,6299296.829
PA410,502,GCBC-49,2640,10,14,2025-10-21 14:02:41.745934,347624.193,6299296.829
PA410,502,BJFB-27,6513,25,60,2025-10-21 14:02:41.745935,347624.193,6299296.829
PA410,542,TBFT-56,6760,25,60,2025-10-21 14:02:41.745936,347624.193,6299296.829
PA410,542,TBFV-97,7078,25,60,2025-10-21 14:02:41.745937,347624.193,6299296.829
PB1941,B45,VHTB-45,3804,13,17,2025-10-21 14:02:43.649733,339656.57,6307734.82
PC615,C01,LCPW-30,3894,9,11,2025-10-21 14:02:45.719301,359323.247,6306592.484
PC615,C01,LCPW-39,6463,16,22,2025-10-21 14:02:45.719306,359323.247,6306592.484
PC615,C13,SHXF-96,7509,25,60,2025-10-21 14:02:45.719307,359323.247,6306592.484
PC615,C13,SJPB-67,15886,25,60,2025-10-21 14:02:45.719308,359323.247,6306592.484
PC615,C19,SGPW-42,3347,9,11,2025-10-21 14:02:45.719309,359323.247,6306592.484
PC615,C28,SHCV-73,0,0,3,2025-10-21 14:02:45.719309,359323.247,6306592.484
PC615,C28,SKPJ-80,1877,7,9,2025-10-21 14:02:45.719310,359323.247,6306592.484
PC615,C01C,PGBY-88,447,0,5,2025-10-21 14:02:45.719311,359323.247,6306592.484
PC615,C01C,PGPV-92,2155,11,15,2025-10-21 14:02:45.719320,359323.247,6306592.484
PD735,505,VJBC-20,1193,0,5,2025-10-21 14:02:47.940819,358011.244,6295388.589
PD735,505,VJJR-36,4740,15,21,2025-10-21 14:02:47.940824,358011.244,6295388.589
PD735,513,VHXJ-14,1310,0,5,2025-10-21 14:02:47.940825,358011.244,6295388.589
PD735,422,TBFV-22,1210,0,3,2025-10-21 14:02:47.940826,358011.244,6295388.589
PI1231,I02,FLXZ-33,1994,5,7,2025-10-21 14:02:49.845676,333960.28,6290090.77
PF940,124,SRVG-92,638,0,3,2025-10-21 14:02:51.572069,350675.43,6277808.4
PA476,B04,SHCX-35,427,0,5,2025-10-21 14:02:53.047865,346713.44,6299533.63
PA476,B04,SHCW-75,3750,15,21,2025-10-21 14:02:53.047870,346713.44,6299533.63
PA476,B27,FLXT-91,1530,7,9,2025-10-21 14:02:53.047872,346713.44,6299533.63
PA476,B27,FLXT-70,5096,19,27,2025-10-21 14:02:53.047872,346713.44,6299533.63
PA476,307,VHSZ-43,4961,9,13,2025-10-21 14:02:53.047873,346713.44,6299533.63
PA476,307,VHSY-32,5600,11,15,2025-10-21 14:02:53.047874,346713.44,6299533.63
PA476,542,TBFT-56,5682,25,60,2025-10-21 14:02:53.047875,346713.44,6299533.63
PA476,542,TBFV-97,6212,25,60,2025-10-21 14:02:53.047875,346713.44,6299533.63
PA476,B20,LXDJ-13,4851,9,13,2025-10-21 14:02:53.047876,346713.44,6299533.63
PA476,B20,SKHG-55,6365,13,19,2025-10-21 14:02:53.047877,346713.44,6299533.63
PA476,B02,FLXR-74,439,0,3,2025-10-21 14:02:53.047878,346713.44,6299533.63
PA476,B02,FLXR-75,1024,0,3,2025-10-21 14:02:53.047879,346713.44,6299533.63
PD722,D02,SVDD-22,614,0,3,2025-10-21 14:02:54.994550,358190.448,6297445.458
PD722,D02,SVDF-63,3680,12,16,2025-10-21 14:02:54.994555,358190.448,6297445.458
PG1645,G07,THTF-11,5472,9,13,2025-10-21 14:02:57.012001,338951.865,6275012.841
PC337,C15,LDTC-10,1567,0,3,2025-10-21 14:02:59.068050,353402.76,6303296.63
PC337,C15,SGPW-43,4763,0,4,2025-10-21 14:02:59.068054,353402.76,6303296.63
PC337,409,SKWD-63,2251,6,8,2025-10-21 14:02:59.068055,353402.76,6303296.63
PC337,409,PGBY-57,4195,9,13,2025-10-21 14:02:59.068056,353402.76,6303296.63
PC337,411,SPBF-22,5776,13,19,2025-10-21 14:02:59.068057,353402.76,6303296.63
PC337,411,PGTV-16,8662,21,29,2025-10-21 14:02:59.068058,353402.76,6303296.63
PC337,286,SHXG-79,97,0,3,2025-10-21 14:02:59.068059,353402.76,6303296.63
PC337,286,SHXG-74,3556,9,11,2025-10-21 14:02:59.068059,353402.76,6303296.63
PB668,B15,SPCG-86,3986,16,22,2025-10-21 14:03:00.982127,347591.162,6299356.977
PB668,409,SKWD-97,154,0,3,2025-10-21 14:03:00.982132,347591.162,6299356.977
PB668,409,PGBY-62,2425,5,7,2025-10-21 14:03:00.982133,347591.162,6299356.977
PB668,503,VGVF-73,2745,7,9,2025-10-21 14:03:00.982134,347591.162,6299356.977
PB668,503,VHLT-57,2860,7,9,2025-10-21 14:03:00.982135,347591.162,6299356.977
PB668,502,BJFH-33,1,0,3,2025-10-21 14:03:00.982136,347591.162,6299356.977
PB668,502,GCBC-79,7184,25,60,2025-10-21 14:03:00.982136,347591.162,6299356.977
PB668,542,TBFT-47,4672,17,25,2025-10-21 14:03:00.982137,347591.162,6299356.977
PB668,542,TBFZ-34,7115,25,60,2025-10-21 14:03:00.982138,347591.162,6299356.977
PG532,F03,SPVW-11,883,0,3,2025-10-21 14:03:04.385868,342804.443,6281746.637
PG532,G14,FLXP-22,1373,6,8,2025-10-21 14:03:04.385874,342804.443,6281746.637
PG532,G14,CJRL-62,2083,9,13,2025-10-21 14:03:04.385875,342804.443,6281746.637
PJ1762,J16,BFKC-97,6975,25,60,2025-10-21 14:03:06.749834,341581.621,6299730.179
PJ1762,J16,FLXK-84,14957,25,60,2025-10-21 14:03:06.749838,341581.621,6299730.179
PI993,I24,VHSY-12,3163,7,9,2025-10-21 14:03:10.670953,337809.57,6287732.28
PI993,I24,VHSX-86,5604,17,23,2025-10-21 14:03:10.670958,337809.57,6287732.28
PG1283,G16,SCRZ-25,1892,6,8,2025-10-21 14:03:12.663080,344711.0,6284102.0
PG1283,G16,SFPG-58,6716,18,26,2025-10-21 14:03:12.663085,344711.0,6284102.0
PG1283,G28,BJFT-50,3297,8,10,2025-10-21 14:03:12.663086,344711.0,6284102.0
PG1283,G28,CJRY-62,5501,14,20,2025-10-21 14:03:12.663087,344711.0,6284102.0
PG1283,G13,SHXG-77,1,0,3,2025-10-21 14:03:12.663088,344711.0,6284102.0
PG1283,G13,SDSW-65,2168,8,10,2025-10-21 14:03:12.663089,344711.0,6284102.0
PE590,E08,VKJZ-59,306,0,3,2025-10-21 14:03:14.574962,353372.653,6286607.91
PB1871,B21,SKDF-95,4928,12,18,2025-10-21 14:03:16.630044,336609.75,6307690.52
PB1871,B21,SKDG-11,6180,16,22,2025-10-21 14:03:16.630049,336609.75,6307690.52
PD1304,D10,SVDC-89,3218,9,13,2025-10-21 14:03:18.362561,351414.41,6292897.348
PD1304,D10,SVDF-74,4481,13,19,2025-10-21 14:03:18.362566,351414.41,6292897.348
PB1495,116,LDJJ-74,4583,12,16,2025-10-21 14:03:19.783957,347878.136,6306025.872
PB1495,116,HRKS-55,6693,17,25,2025-10-21 14:03:19.783962,347878.136,6306025.872
PB1495,B05,SPCG-59,3297,8,12,2025-10-21 14:03:19.783964,347878.136,6306025.872
PB1495,117,PGRZ-80,570,0,3,2025-10-21 14:03:19.783965,347878.136,6306025.872
PB1495,117,SPBG-34,8593,25,60,2025-10-21 14:03:19.783966,347878.136,6306025.872
PB860,B10,SHCY-37,1,0,3,2025-10-21 14:03:21.716700,345316.785,6301118.989
PB860,B10,STHB-29,5616,17,25,2025-10-21 14:03:21.716705,345316.785,6301118.989
PB860,B04,SHCW-75,1136,0,4,2025-10-21 14:03:21.716706,345316.785,6301118.989
PB860,B04,SHXG-91,4697,14,20,2025-10-21 14:03:21.716707,345316.785,6301118.989
PD1109,D11,SVDD-33,2442,5,7,2025-10-21 14:03:23.696902,355767.936,6296512.981
PD1109,D11,SVDF-80,4818,13,17,2025-10-21 14:03:23.696906,355767.936,6296512.981
PC965,C11,SKPJ-81,3505,12,16,2025-10-21 14:03:25.633884,352516.244,6302488.637
PC965,C11,SKPJ-89,4762,16,24,2025-10-21 14:03:25.633890,352516.244,6302488.637
PC965,C20,SKPK-29,1185,5,7,2025-10-21 14:03:25.633891,352516.244,6302488.637
PC965,C20,LFSX-97,2048,10,14,2025-10-21 14:03:25.633891,352516.244,6302488.637
PB82,110,CJRX-37,450,0,3,2025-10-21 14:03:29.683911,341446.315,6302547.964
PB82,105,SJPC-48,2472,7,9,2025-10-21 14:03:29.683917,341446.315,6302547.964
PB82,105,SHCY-17,6815,19,27,2025-10-21 14:03:29.683918,341446.315,6302547.964
PB82,410,SJPF-86,40,0,3,2025-10-21 14:03:29.683919,341446.315,6302547.964
PB82,410,LFGW-31,4980,13,17,2025-10-21 14:03:29.683920,341446.315,6302547.964
PB82,120,SKHG-17,66,0,3,2025-10-21 14:03:29.683921,341446.315,6302547.964
PB82,120,SKHG-42,6402,14,20,2025-10-21 14:03:29.683922,341446.315,6302547.964
PB82,B20,LXDJ-13,11396,25,60,2025-10-21 14:03:29.683923,341446.315,6302547.964
PB82,B20,SKHG-55,12747,25,60,2025-10-21 14:03:29.683924,341446.315,6302547.964
PB82,B29,LXDJ-28,14760,21,29,2025-10-21 14:03:29.683925,341446.315,6302547.964
PB82,B29,LXDH-92,14799,21,29,2025-10-21 14:03:29.683926,341446.315,6302547.964
PB82,408,LZPH-35,540,0,5,2025-10-21 14:03:29.683927,341446.315,6302547.964
PB82,109,CJRW-71,583,0,3,2025-10-21 14:03:29.683928,341446.315,6302547.964
PB82,109,CJRZ-91,2762,7,9,2025-10-21 14:03:29.683929,341446.315,6302547.964
PB82,B03,SKHG-79,2172,6,8,2025-10-21 14:03:29.683930,341446.315,6302547.964
PB82,B03,LXDJ-29,3096,8,12,2025-10-21 14:03:29.683931,341446.315,6302547.964
PB82,B09,SHCY-49,5651,14,20,2025-10-21 14:03:29.683932,341446.315,6302547.964
PB82,B09,SHCY-34,10958,25,60,2025-10-21 14:03:29.683933,341446.315,6302547.964
PD1092,D11,SVDD-21,130,0,3,2025-10-21 14:03:31.716883,358337.869,6295103.476
PD1092,D18,STWB-31,657,0,3,2025-10-21 14:03:31.716889,358337.869,6295103.476
PG1125,E18,FLXF-55,4456,14,20,2025-10-21 14:03:33.669432,348162.606,6286120.156
PG1125,F05,SPZX-63,2558,12,16,2025-10-21 14:03:33.669438,348162.606,6286120.156
PC30,104,SKWD-20,1791,9,11,2025-10-21 14:03:35.592524,351262.188,6298851.854
PC30,104,SKWD-50,2852,12,16,2025-10-21 14:03:35.592549,351262.188,6298851.854
PC30,212,SRTK-18,2482,11,15,2025-10-21 14:03:35.592551,351262.188,6298851.854
PC30,212,LZPT-38,2885,13,17,2025-10-21 14:03:35.592552,351262.188,6298851.854
PB421,307,VHSY-32,1,0,3,2025-10-21 14:03:37.573591,343340.43,6303197.48
PB421,307,VHTB-66,39,0,3,2025-10-21 14:03:37.573595,343340.43,6303197.48
PB421,314,TWPD-88,2713,0,3,2025-10-21 14:03:37.573596,343340.43,6303197.48
PB421,314,VHSY-29,4783,0,4,2025-10-21 14:03:37.573597,343340.43,6303197.48
PB421,303,FLXJ-52,382,0,3,2025-10-21 14:03:37.573598,343340.43,6303197.48
PB421,303,FLXF-10,1052,0,3,2025-10-21 14:03:37.573599,343340.43,6303197.48
PB759,B41,GCBC-16,411,0,3,2025-10-21 14:03:39.547351,346471.978,6301184.204
PB759,B41,GCBB-85,5576,17,23,2025-10-21 14:03:39.547356,346471.978,6301184.204
PB759,B17,SHCX-53,491,5,7,2025-10-21 14:03:39.547358,346471.978,6301184.204
PB759,B17,SHCY-44,1837,10,14,2025-10-21 14:03:39.547359,346471.978,6301184.204
PB759,B25,FLXS-45,1269,0,4,2025-10-21 14:03:39.547360,346471.978,6301184.204
PB759,B25,FLXS-44,3998,10,14,2025-10-21 14:03:39.547361,346471.978,6301184.204
PB759,B02,FLXR-76,2415,13,19,2025-10-21 14:03:39.547362,346471.978,6301184.204
PB759,B02,FLXR-77,4177,25,60,2025-10-21 14:03:39.547362,346471.978,6301184.204
PB752,B02,FLXR-83,2897,11,15,2025-10-21 14:03:41.534463,348999.7,6304321.09
PB752,B02,FLXR-93,3622,15,21,2025-10-21 14:03:41.534468,348999.7,6304321.09
PJ243,424,TBFS-22,2235,6,8,2025-10-21 14:03:43.458276,338517.678,6296013.706
PJ243,424,GCBC-81,6366,20,28,2025-10-21 14:03:43.458281,338517.678,6296013.706
PJ602,J01,FDJX-75,129,0,3,2025-10-21 14:03:45.354301,340798.328,6301590.702
PJ602,J01,FDJX-83,1727,0,3,2025-10-21 14:03:45.354306,340798.328,6301590.702
PI11,101,PFYR-62,41,0,3,2025-10-21 14:03:47.503188,339873.111,6294284.21
PI11,101,PGPT-12,5280,13,19,2025-10-21 14:03:47.503194,339873.111,6294284.21
PI11,481,PGPT-35,112,0,3,2025-10-21 14:03:47.503195,339873.111,6294284.21
PI11,481,PGPT-17,292,0,3,2025-10-21 14:03:47.503196,339873.111,6294284.21
PI11,I04,FLXF-90,1606,0,5,2025-10-21 14:03:47.503197,339873.111,6294284.21
PI11,I04,FLXL-81,5379,15,21,2025-10-21 14:03:47.503198,339873.111,6294284.21
PI11,I14,FLXF-27,2765,9,13,2025-10-21 14:03:47.503200,339873.111,6294284.21
PI11,I14,FLXT-35,5171,20,28,2025-10-21 14:03:47.503201,339873.111,6294284.21
PD285,D10,STYX-81,1,0,3,2025-10-21 14:03:49.003614,353668.889,6296007.82
PD285,D10,SVDD-30,3084,25,60,2025-10-21 14:03:49.003619,353668.889,6296007.82
PD285,225,SFWZ-38,903,0,3,2025-10-21 14:03:49.003621,353668.889,6296007.82
PD285,225,SFWZ-61,1037,0,3,2025-10-21 14:03:49.003622,353668.889,6296007.82
PD285,712,SHXG-93,236,0,3,2025-10-21 14:03:49.003623,353668.889,6296007.82
PD285,712,SJPD-87,8169,20,28,2025-10-21 14:03:49.003624,353668.889,6296007.82
PI1842,I16,FLXL-80,1,0,3,2025-10-21 14:03:50.695445,342608.75,6295941.53
PI1842,I16,FLXK-61,1,0,3,2025-10-21 14:03:50.695450,342608.75,6295941.53
PI1842,I17,FLXW-95,916,0,4,2025-10-21 14:03:50.695452,342608.75,6295941.53
PC440,C16,LFGK-10,597,0,3,2025-10-21 14:03:53.896382,359630.554,6307529.655
PC440,C16,SGPY-56,4087,9,13,2025-10-21 14:03:53.896388,359630.554,6307529.655
PC440,430,SKPJ-54,830,0,5,2025-10-21 14:03:53.896389,359630.554,6307529.655
PC440,426,BJFD-62,454,0,3,2025-10-21 14:03:53.896390,359630.554,6307529.655
PC440,426,BJFH-23,871,0,4,2025-10-21 14:03:53.896391,359630.554,6307529.655
PE697,E10,FLXR-44,2015,7,9,2025-10-21 14:03:55.811718,354034.444,6287763.912
PE697,E10,FLXF-53,2071,7,9,2025-10-21 14:03:55.811724,354034.444,6287763.912
PE715,E11,VKJZ-21,5294,18,26,2025-10-21 14:03:59.663592,349221.47,6286048.3
PE715,E11,VKJX-68,8285,25,60,2025-10-21 14:03:59.663596,349221.47,6286048.3
PE715,E16,VFJK-37,101,0,3,2025-10-21 14:03:59.663598,349221.47,6286048.3
PE715,E16,VFJD-79,5467,18,26,2025-10-21 14:03:59.663598,349221.47,6286048.3
PE715,E18,BJFW-19,2371,7,9,2025-10-21 14:03:59.663599,349221.47,6286048.3
PE715,E18,BJFV-18,5953,18,26,2025-10-21 14:03:59.663600,349221.47,6286048.3
PE715,F05,SRVH-40,2841,9,13,2025-10-21 14:03:59.663601,349221.47,6286048.3
PE715,F05,SPZX-85,2873,9,13,2025-10-21 14:03:59.663602,349221.47,6286048.3
PE1356,F25,SRVG-83,1206,0,5,2025-10-21 14:04:01.576453,353777.404,6285269.751
PE1356,F25,LCPG-36,2030,7,9,2025-10-21 14:04:01.576457,353777.404,6285269.751
PG1417,G22,THTG-80,583,0,3,2025-10-21 14:04:03.593885,344322.171,6286694.686
PJ931,J07,VHZY-81,1547,8,10,2025-10-21 14:04:05.746138,336936.236,6298118.671
PJ931,J07,VJBB-30,5180,18,26,2025-10-21 14:04:05.746143,336936.236,6298118.671
PJ931,J07E,VJBB-11,1587,9,11,2025-10-21 14:04:05.746144,336936.236,6298118.671
PJ931,J07E,VJJX-68,6352,25,60,2025-10-21 14:04:05.746145,336936.236,6298118.671
PJ931,J10,VHZY-90,3769,11,15,2025-10-21 14:04:05.746146,336936.236,6298118.671
PJ931,J10,VHZW-71,7534,25,60,2025-10-21 14:04:05.746146,336936.236,6298118.671
PE1384,E12,VFJP-79,1,0,3,2025-10-21 14:04:07.727111,351384.96,6285593.947
PE1384,E12,VFJP-54,1823,6,8,2025-10-21 14:04:07.727116,351384.96,6285593.947
PE1384,204,VFPL-21,213,0,3,2025-10-21 14:04:07.727117,351384.96,6285593.947
PE1384,204,VFPS-86,2704,7,9,2025-10-21 14:04:07.727118,351384.96,6285593.947
PE1384,224,VGBW-39,355,0,3,2025-10-21 14:04:07.727119,351384.96,6285593.947
PE1384,224,VFPX-63,2712,7,9,2025-10-21 14:04:07.727119,351384.96,6285593.947
PE1348,204,VFRF-35,1,0,3,2025-10-21 14:04:09.637433,349200.921,6289054.926
PE1348,204,VFPZ-55,3269,8,10,2025-10-21 14:04:09.637438,349200.921,6289054.926
PE783,E14,VKJW-98,1347,0,5,2025-10-21 14:04:11.560613,352437.825,6289014.839
PH505,H05,VFPD-51,1227,0,5,2025-10-21 14:04:13.494275,349814.41,6291986.696
PI527,424,FLXL-92,629,0,3,2025-10-21 14:04:15.443661,339148.14,6296239.415
PI527,424,PFXB-82,4616,9,13,2025-10-21 14:04:15.443666,339148.14,6296239.415
PI527,J08,PFXB-68,1,0,3,2025-10-21 14:04:15.443667,339148.14,6296239.415
PI527,J08,FLXT-65,3109,8,10,2025-10-21 14:04:15.443668,339148.14,6296239.415
PG2023,G43,FLXC-88,3003,8,12,2025-10-21 14:04:17.331050,344413.01,6279528.01
PG2023,G43,FLXC-90,6401,25,60,2025-10-21 14:04:17.331055,344413.01,6279528.01
PJ552,516,GCBF-29,292,0,3,2025-10-21 14:04:21.445486,338386.634,6296561.119
PJ552,516,PFWZ-85,2985,9,13,2025-10-21 14:04:21.445491,338386.634,6296561.119
PJ552,J01,FLXS-92,513,0,3,2025-10-21 14:04:21.445492,338386.634,6296561.119
PJ552,J01,FLXD-29,2753,14,20,2025-10-21 14:04:21.445493,338386.634,6296561.119
PJ552,J19,VGTY-50,429,0,3,2025-10-21 14:04:21.445494,338386.634,6296561.119
PJ552,J19,VGVB-79,5982,25,60,2025-10-21 14:04:21.445495,338386.634,6296561.119
PJ552,510,TBFT-92,856,0,4,2025-10-21 14:04:21.445496,338386.634,6296561.119
PB1049,B16,STHP-97,1287,5,7,2025-10-21 14:04:25.433294,344167.933,6308319.971
PB1049,B36,STHL-35,866,0,3,2025-10-21 14:04:25.433299,344167.933,6308319.971
PB1049,B36,FLXP-76,2738,8,10,2025-10-21 14:04:25.433300,344167.933,6308319.971
PI961,I24,VHSY-17,1881,0,5,2025-10-21 14:04:27.358110,330517.82,6291793.636
PI961,I24,VHTB-64,10430,25,60,2025-10-21 14:04:27.358116,330517.82,6291793.636
PH177,204,VFPF-54,8,0,3,2025-10-21 14:04:29.298990,348668.322,6292755.818
PH177,204,VGKY-22,1830,4,6,2025-10-21 14:04:29.298995,348668.322,6292755.818
PB1393,B20,LXDJ-13,8659,25,60,2025-10-21 14:04:30.992368,343508.532,6301119.502
PB1393,B20,SKHG-55,9859,25,60,2025-10-21 14:04:30.992373,343508.532,6301119.502
PB1393,B29,LXDJ-28,11806,16,22,2025-10-21 14:04:30.992374,343508.532,6301119.502
PB1393,B29,LXDH-92,12108,17,25,2025-10-21 14:04:30.992375,343508.532,6301119.502
PI1428,348,VHTB-59,5407,9,13,2025-10-21 14:04:32.802213,341093.156,6290205.799
PI1428,348,VHSX-71,7850,16,22,2025-10-21 14:04:32.802218,341093.156,6290205.799
PD477,C07,SPCG-48,353,0,4,2025-10-21 14:04:34.252910,353224.841,6299763.934
PD477,D08,SPBF-24,444,0,3,2025-10-21 14:04:34.252915,353224.841,6299763.934
PD477,D08,SVDF-61,2907,10,14,2025-10-21 14:04:34.252916,353224.841,6299763.934
PD477,501,TBFX-18,1,0,3,2025-10-21 14:04:34.252918,353224.841,6299763.934
PD477,501,GCBD-24,1746,4,6,2025-10-21 14:04:34.252919,353224.841,6299763.934
PD477,504,PFXC-79,430,0,3,2025-10-21 14:04:34.252920,353224.841,6299763.934
PD477,504,GCBD-31,1653,4,6,2025-10-21 14:04:34.252920,353224.841,6299763.934
PD477,518,FLXD-51,2243,8,10,2025-10-21 14:04:34.252921,353224.841,6299763.934
PD477,518,PFXC-49,5385,17,25,2025-10-21 14:04:34.252922,353224.841,6299763.934
PD477,C05,LDTB-90,416,0,4,2025-10-21 14:04:34.252923,353224.841,6299763.934
PC858,C16,LDTF-48,2188,5,7,2025-10-21 14:04:36.146128,359489.271,6309962.907
PC858,C16,LFGP-20,6388,16,22,2025-10-21 14:04:36.146133,359489.271,6309962.907
PG960,G08,THTD-58,995,0,4,2025-10-21 14:04:38.080931,346420.946,6286297.373
PA641,J19,VGVB-66,7,0,3,2025-10-21 14:04:40.090045,342768.17,6298173.21
PA641,514,FLXH-92,2513,8,12,2025-10-21 14:04:40.090050,342768.17,6298173.21
PA641,514,FDJX-65,3272,12,16,2025-10-21 14:04:40.090052,342768.17,6298173.21
PA123,204,VFPX-33,1136,0,4,2025-10-21 14:04:42.030315,347776.492,6296147.952
PA123,204,VFPJ-51,1948,6,8,2025-10-21 14:04:42.030321,347776.492,6296147.952
PE448,E04,VKJZ-33,1676,5,7,2025-10-21 14:04:43.935503,353444.958,6288550.193
PD335,505,VJJV-68,1259,6,8,2025-10-21 14:04:46.046742,350757.716,6297210.234
PD335,505,LXWS-39,1791,8,10,2025-10-21 14:04:46.046747,350757.716,6297210.234
PD335,513,VHZW-91,3155,9,13,2025-10-21 14:04:46.046748,350757.716,6297210.234
PD335,513,VHZY-41,3184,9,13,2025-10-21 14:04:46.046749,350757.716,6297210.234
PD335,325,VFKT-50,1477,5,7,2025-10-21 14:04:46.046750,350757.716,6297210.234
PD335,227,VFPL-61,4113,12,18,2025-10-21 14:04:46.046751,350757.716,6297210.234
PD335,227,VFPS-47,6273,18,26,2025-10-21 14:04:46.046752,350757.716,6297210.234
PD335,514,FLXS-66,3320,15,21,2025-10-21 14:04:46.046753,350757.716,6297210.234
PD335,514,FLXX-50,5643,25,60,2025-10-21 14:04:46.046754,350757.716,6297210.234
PD335,422,FLXW-44,2290,6,8,2025-10-21 14:04:46.046756,350757.716,6297210.234
PD335,422,TBFW-45,2319,6,8,2025-10-21 14:04:46.046757,350757.716,6297210.234
PD335,D03,STKP-84,2313,6,8,2025-10-21 14:04:46.046758,350757.716,6297210.234
PD335,D03,SVDC-18,3647,11,15,2025-10-21 14:04:46.046759,350757.716,6297210.234
PD335,403,PFTW-31,660,0,3,2025-10-21 14:04:46.046760,350757.716,6297210.234
PD335,403,PFVG-85,3738,11,15,2025-10-21 14:04:46.046761,350757.716,6297210.234
PB103,C18,SHXF-44,1790,0,5,2025-10-21 14:04:48.149286,349351.225,6304021.914
PB103,C18,SHCX-30,2889,8,10,2025-10-21 14:04:48.149290,349351.225,6304021.914
PB103,107,PGRZ-92,997,0,4,2025-10-21 14:04:48.149292,349351.225,6304021.914
PB103,117,PGRZ-88,1369,4,6,2025-10-21 14:04:48.149293,349351.225,6304021.914
PB103,272,VFHV-67,1959,5,7,2025-10-21 14:04:48.149294,349351.225,6304021.914
PB103,272,VGCB-39,6932,21,29,2025-10-21 14:04:48.149295,349351.225,6304021.914
PE1352,204,VGBV-36,69,0,3,2025-10-21 14:04:50.098797,350500.57,6289059.33
PE1352,204,VFRF-35,1206,0,4,2025-10-21 14:04:50.098802,350500.57,6289059.33
PE1352,E10,BJFX-33,2615,10,14,2025-10-21 14:04:50.098803,350500.57,6289059.33
PE1352,E10,FLXR-53,8467,25,60,2025-10-21 14:04:50.098804,350500.57,6289059.33
PB751,B02,FLXR-83,2169,9,13,2025-10-21 14:04:52.025005,349101.41,6304700.32
PB751,B02,FLXR-93,2935,13,17,2025-10-21 14:04:52.025010,349101.41,6304700.32
PG1091,G11,THTG-79,20,0,3,2025-10-21 14:04:53.921643,348443.969,6285803.16
PG1091,G11,THTG-13,506,0,3,2025-10-21 14:04:53.921648,348443.969,6285803.16
PB793,B03,LJDL-48,3326,14,20,2025-10-21 14:04:55.839299,338665.921,6301784.376
PB793,B03,SKHG-89,4131,17,23,2025-10-21 14:04:55.839304,338665.921,6301784.376
PE182,224,VGKX-52,2148,7,9,2025-10-21 14:04:57.775448,351094.293,6288951.568
PE182,224,VGBW-39,3416,10,14,2025-10-21 14:04:57.775455,351094.293,6288951.568
PE182,211,TBYY-61,580,0,3,2025-10-21 14:04:57.775458,351094.293,6288951.568
PE182,211,TBYY-60,4098,9,13,2025-10-21 14:04:57.775459,351094.293,6288951.568
PE182,118,FLXX-81,1876,0,5,2025-10-21 14:04:57.775461,351094.293,6288951.568
PE182,118,BJFF-52,2482,5,7,2025-10-21 14:04:57.775463,351094.293,6288951.568
PA12,109,FLXG-24,8295,20,28,2025-10-21 14:04:59.749812,344476.44,6296602.37
PA12,109,FDJX-66,8438,21,29,2025-10-21 14:04:59.749817,344476.44,6296602.37
PA12,119,CJRX-51,1655,0,5,2025-10-21 14:04:59.749818,344476.44,6296602.37
PA12,119,BJFT-91,3925,11,15,2025-10-21 14:04:59.749819,344476.44,6296602.37
PA12,345,FLXL-42,1208,0,4,2025-10-21 14:04:59.749820,344476.44,6296602.37
PA12,345,FLXF-35,4577,13,17,2025-10-21 14:04:59.749821,344476.44,6296602.37
PA12,I18,FLXZ-45,5884,12,18,2025-10-21 14:04:59.749822,344476.44,6296602.37
PA12,I18,VHSZ-41,6775,14,20,2025-10-21 14:04:59.749822,344476.44,6296602.37
PA12,511,GCBD-65,1191,5,7,2025-10-21 14:04:59.749823,344476.44,6296602.37
PA12,511,FLXV-54,4453,16,22,2025-10-21 14:04:59.749824,344476.44,6296602.37
PA551,J05,BJFB-66,374,0,3,2025-10-21 14:05:02.518061,344307.4,6297613.13
PA551,J05,FLXG-23,4551,18,26,2025-10-21 14:05:02.518066,344307.4,6297613.13
PA551,J02,VHXJ-82,61,0,3,2025-10-21 14:05:02.518068,344307.4,6297613.13
PA551,J02,VHXF-84,4545,15,21,2025-10-21 14:05:02.518069,344307.4,6297613.13
PA551,345,FLXF-98,2826,9,13,2025-10-21 14:05:02.518070,344307.4,6297613.13
PA551,510,FLXV-74,2137,6,8,2025-10-21 14:05:02.518071,344307.4,6297613.13
PA551,510,PFXB-99,11375,25,60,2025-10-21 14:05:02.518071,344307.4,6297613.13
PA551,516,PFXB-80,4001,12,18,2025-10-21 14:05:02.518072,344307.4,6297613.13
PA551,516,TBFX-20,5166,16,22,2025-10-21 14:05:02.518073,344307.4,6297613.13
PA551,519,PFXB-87,3715,11,15,2025-10-21 14:05:02.518074,344307.4,6297613.13
PA551,519,RKXL-22,7707,25,60,2025-10-21 14:05:02.518075,344307.4,6297613.13
PB243,201,GCBB-89,1810,6,8,2025-10-21 14:05:07.004418,343040.605,6307527.267
PB243,201,GCBB-26,1837,6,8,2025-10-21 14:05:07.004423,343040.605,6307527.267
PB243,214,GCBB-75,10076,25,60,2025-10-21 14:05:07.004424,343040.605,6307527.267
PB243,214,GCBB-31,12521,25,60,2025-10-21 14:05:07.004425,343040.605,6307527.267
PB243,230,GCBB-33,4017,16,24,2025-10-21 14:05:07.004425,343040.605,6307527.267
PB243,230,GCBB-66,6320,25,60,2025-10-21 14:05:07.004426,343040.605,6307527.267
PB243,272,VFHV-57,4588,13,17,2025-10-21 14:05:07.004427,343040.605,6307527.267
PB243,272,VFHS-95,8034,25,60,2025-10-21 14:05:07.004428,343040.605,6307527.267
PB243,B35,SHXD-60,852,0,3,2025-10-21 14:05:07.004429,343040.605,6307527.267
PF344,F14,SPRZ-29,399,0,3,2025-10-21 14:05:09.235326,355117.514,6282147.857
PF344,F14,SPRY-59,3606,10,14,2025-10-21 14:05:09.235331,355117.514,6282147.857
PF344,210V,VGBV-35,837,0,4,2025-10-21 14:05:09.235332,355117.514,6282147.857
PF344,F09,LCPW-29,2307,8,10,2025-10-21 14:05:09.235333,355117.514,6282147.857
PF344,F09,LBTT-14,3947,12,18,2025-10-21 14:05:09.235334,355117.514,6282147.857
PF344,124,SRVG-68,30,0,3,2025-10-21 14:05:09.235335,355117.514,6282147.857
PF344,124,SRVK-11,2926,9,13,2025-10-21 14:05:09.235335,355117.514,6282147.857
PH340,121,BJFW-51,1106,0,4,2025-10-21 14:05:10.935322,345256.204,6293345.751
PH340,121,FLXF-52,5120,17,23,2025-10-21 14:05:10.935327,345256.204,6293345.751
PH340,H06,CJRX-63,3310,12,16,2025-10-21 14:05:10.935329,345256.204,6293345.751
PH340,H06,FLXJ-29,5069,17,25,2025-10-21 14:05:10.935330,345256.204,6293345.751
PG2111,G27,THTD-46,4435,15,21,2025-10-21 14:05:12.521137,340895.0,6278472.0
PG2111,G27,THTF-59,6304,25,60,2025-10-21 14:05:12.521142,340895.0,6278472.0
PC822,C09,SKPJ-52,2013,7,9,2025-10-21 14:05:13.987186,358453.657,6302442.229
PC822,C09,SKPJ-79,4018,14,20,2025-10-21 14:05:13.987191,358453.657,6302442.229
PD616,D26,FLXS-15,2621,6,8,2025-10-21 14:05:18.198008,355491.671,6290873.931
PD616,D26,FLXS-14,12255,25,60,2025-10-21 14:05:18.198013,355491.671,6290873.931
PI924,I04,FLXL-81,3527,10,14,2025-10-21 14:05:20.118606,340628.148,6294582.106
PI924,I17,FLXL-54,1,0,3,2025-10-21 14:05:20.118611,340628.148,6294582.106
PI924,I17,FLXW-95,3814,9,13,2025-10-21 14:05:20.118612,340628.148,6294582.106
PG538,F03,SPVW-11,1685,5,7,2025-10-21 14:05:22.077469,343264.602,6280793.894
PG538,F03,SPVW-16,4623,17,25,2025-10-21 14:05:22.077474,343264.602,6280793.894
PB705,B38,TBFW-72,5087,13,17,2025-10-21 14:05:24.131926,342374.468,6303976.824
PC347,409,PGBY-62,924,0,4,2025-10-21 14:05:26.109807,348002.718,6299329.52
PC347,409,PLHK-81,1062,0,4,2025-10-21 14:05:26.109812,348002.718,6299329.52
PC347,502,GCBC-79,6196,18,26,2025-10-21 14:05:26.109813,348002.718,6299329.52
PC347,502,TBFW-91,11485,25,60,2025-10-21 14:05:26.109814,348002.718,6299329.52
PC347,542,TBFT-47,3100,12,16,2025-10-21 14:05:26.109815,348002.718,6299329.52
PC347,542,TBFZ-34,5640,20,28,2025-10-21 14:05:26.109815,348002.718,6299329.52
PE1441,E14,VKJX-28,671,0,3,2025-10-21 14:05:28.147859,351606.51,6289542.85
PE1441,E14,VKJX-54,5520,16,22,2025-10-21 14:05:28.147864,351606.51,6289542.85
PE1441,E13,VFHX-49,814,0,3,2025-10-21 14:05:28.147865,351606.51,6289542.85
PE1441,E13,VFJP-24,6530,21,29,2025-10-21 14:05:28.147866,351606.51,6289542.85
PE1441,E15C,VFJV-24,179,0,3,2025-10-21 14:05:28.147867,351606.51,6289542.85
PE1441,E15C,VFJD-31,7309,25,60,2025-10-21 14:05:28.147868,351606.51,6289542.85
PE1441,325,VFHW-92,4739,13,17,2025-10-21 14:05:28.147869,351606.51,6289542.85
PE1441,325,VFKR-96,7424,25,60,2025-10-21 14:05:28.147869,351606.51,6289542.85
PE1441,225,SFWZ-77,193,0,3,2025-10-21 14:05:28.147870,351606.51,6289542.85
PE1441,225,SFWZ-55,469,0,3,2025-10-21 14:05:28.147871,351606.51,6289542.85
PE1441,E18,BJFX-10,1452,4,6,2025-10-21 14:05:28.147872,351606.51,6289542.85
PE1441,E18,BJFW-54,4524,14,20,2025-10-21 14:05:28.147873,351606.51,6289542.85
PE1441,E10,BJFX-33,505,0,3,2025-10-21 14:05:28.147873,351606.51,6289542.85
PE1441,E10,FLXR-53,6414,18,26,2025-10-21 14:05:28.147874,351606.51,6289542.85
PE1441,F25,LCPG-51,75,0,3,2025-10-21 14:05:28.147875,351606.51,6289542.85
PE1441,F25,SRVG-83,6512,17,25,2025-10-21 14:05:28.147876,351606.51,6289542.85
PB175,116,HRKS-55,713,0,4,2025-10-21 14:05:30.369978,348382.492,6302978.41
PB175,116,HPFL-22,3748,12,18,2025-10-21 14:05:30.369982,348382.492,6302978.41
PB175,B02,FLXR-89,846,9,11,2025-10-21 14:05:30.369983,348382.492,6302978.41
PB175,B02,FLXR-76,5016,20,28,2025-10-21 14:05:30.369984,348382.492,6302978.41
PG892,G05,SFPG-46,2487,8,10,2025-10-21 14:05:34.193988,347201.262,6282415.751
PG892,G05,SFPG-49,6973,17,25,2025-10-21 14:05:34.193993,347201.262,6282415.751
PG892,G35,SFPG-30,3639,9,13,2025-10-21 14:05:34.193994,347201.262,6282415.751
PG892,G35,SFGY-13,4011,10,14,2025-10-21 14:05:34.193995,347201.262,6282415.751
PD792,D03,SVDF-19,1,0,3,2025-10-21 14:05:36.115368,354931.982,6295853.755
PD792,D03,SVDF-36,443,0,3,2025-10-21 14:05:36.115373,354931.982,6295853.755
PD792,D10,STYX-81,1716,5,7,2025-10-21 14:05:36.115374,354931.982,6295853.755
PD792,D10,SVDD-30,4848,25,60,2025-10-21 14:05:36.115375,354931.982,6295853.755
PI849,I03,FLXG-49,1,0,3,2025-10-21 14:05:38.017791,340171.508,6295629.5
PI849,I03,FLXL-57,1325,0,3,2025-10-21 14:05:38.017797,340171.508,6295629.5
PB7,107,PGRZ-72,1548,6,8,2025-10-21 14:05:39.923276,347173.701,6303519.172
PB7,107,PGRZ-92,3436,12,16,2025-10-21 14:05:39.923281,347173.701,6303519.172
PB7,101,PGPT-55,1373,0,5,2025-10-21 14:05:39.923282,347173.701,6303519.172
PC1229,C03,SGPW-38,4325,12,18,2025-10-21 14:05:41.455783,351715.93,6304131.412
PC1229,C03,SGPY-57,6917,25,60,2025-10-21 14:05:41.455797,351715.93,6304131.412
PD446,D15,SVDC-79,6508,21,29,2025-10-21 14:05:43.192830,355633.996,6297587.254
PD446,403,SKPK-21,2364,6,8,2025-10-21 14:05:43.192846,355633.996,6297587.254
PD446,227,VGKY-12,1684,5,7,2025-10-21 14:05:43.192848,355633.996,6297587.254
PD446,422,TBFV-22,4314,12,16,2025-10-21 14:05:43.192860,355633.996,6297587.254
PD446,D01,STKX-48,3253,9,13,2025-10-21 14:05:43.192861,355633.996,6297587.254
PD446,D01,SVDF-68,5753,18,26,2025-10-21 14:05:43.192863,355633.996,6297587.254
PD446,D02,SPBF-27,1093,0,4,2025-10-21 14:05:43.192864,355633.996,6297587.254
PD446,D02,SVDF-40,5490,15,21,2025-10-21 14:05:43.192865,355633.996,6297587.254
PG131,205,LZRD-61,2117,6,8,2025-10-21 14:05:45.346189,349349.157,6282694.458
PG131,205,LZRD-98,4810,14,20,2025-10-21 14:05:45.346193,349349.157,6282694.458
PG131,G28,FLXJ-33,712,0,3,2025-10-21 14:05:45.346195,349349.157,6282694.458
PG131,G28,BJFT-55,3431,0,3,2025-10-21 14:05:45.346195,349349.157,6282694.458
PG131,286,SHXB-17,1812,6,8,2025-10-21 14:05:45.346196,349349.157,6282694.458
PG131,286,SCRZ-38,5284,14,20,2025-10-21 14:05:45.346197,349349.157,6282694.458
PG131,G05,SCRZ-35,2201,6,8,2025-10-21 14:05:45.346198,349349.157,6282694.458
PG131,G35,SDSW-76,1922,5,7,2025-10-21 14:05:45.346199,349349.157,6282694.458
PG131,F20,SPZY-16,4413,12,16,2025-10-21 14:05:45.346199,349349.157,6282694.458
PG131,F20,SPZY-37,4441,12,16,2025-10-21 14:05:45.346200,349349.157,6282694.458
PC702,517,VHZZ-30,1958,7,9,2025-10-21 14:05:47.254739,351284.979,6299981.281
PC702,517,VHZY-30,7005,25,60,2025-10-21 14:05:47.254745,351284.979,6299981.281
PB1207,B12,SKDJ-73,1817,0,4,2025-10-21 14:05:49.005337,339070.797,6307297.89
PB1207,B12,SKDH-34,5679,11,15,2025-10-21 14:05:49.005342,339070.797,6307297.89
PB1207,B13,FLXS-57,234,0,3,2025-10-21 14:05:49.005343,339070.797,6307297.89
PB1207,B13,STHL-27,438,0,4,2025-10-21 14:05:49.005344,339070.797,6307297.89
PB2011,B42,FLXT-26,4980,11,15,2025-10-21 14:05:50.950351,342333.0,6308860.0
PB2011,B42,FLXJ-94,10076,25,60,2025-10-21 14:05:50.950356,342333.0,6308860.0
PB2011,B33,SHXG-94,3763,7,9,2025-10-21 14:05:50.950357,342333.0,6308860.0
PB2011,B33,SHXD-94,8067,25,60,2025-10-21 14:05:50.950358,342333.0,6308860.0
PG736,G02,FLXD-20,1419,5,7,2025-10-21 14:05:52.682034,342540.2,6280159.6
PG736,G02,FLXX-10,7223,17,25,2025-10-21 14:05:52.682039,342540.2,6280159.6
PD40,114,SKWD-69,1328,5,7,2025-10-21 14:05:54.098612,350789.854,6294091.437
PD40,114,SKWD-56,3401,11,15,2025-10-21 14:05:54.098617,350789.854,6294091.437
PD40,103,SPBS-65,322,0,3,2025-10-21 14:05:54.098618,350789.854,6294091.437
PD40,103,SPBS-63,1113,0,5,2025-10-21 14:05:54.098619,350789.854,6294091.437
PD40,117,SPBL-98,5550,25,60,2025-10-21 14:05:54.098620,350789.854,6294091.437
PD40,117,PGKP-65,6442,25,60,2025-10-21 14:05:54.098621,350789.854,6294091.437
PA107,214,GCBB-56,6628,25,60,2025-10-21 14:05:56.096024,347155.464,6297630.378
PA107,214,FLXZ-99,6874,25,60,2025-10-21 14:05:56.096029,347155.464,6297630.378
PA107,226,VFRF-85,1027,0,5,2025-10-21 14:05:56.096030,347155.464,6297630.378
PA107,226,VFRB-56,1128,0,5,2025-10-21 14:05:56.096030,347155.464,6297630.378
PA107,203,LZPR-84,1005,5,7,2025-10-21 14:05:56.096031,347155.464,6297630.378
PA107,203,SXKV-98,2948,11,15,2025-10-21 14:05:56.096032,347155.464,6297630.378
PA107,206,LZPT-58,1044,0,4,2025-10-21 14:05:56.096033,347155.464,6297630.378
PA107,206,LZPG-20,4290,10,14,2025-10-21 14:05:56.096034,347155.464,6297630.378
PA107,385,FLXL-85,970,0,4,2025-10-21 14:05:56.096034,347155.464,6297630.378
PA107,385,VHSZ-45,2383,7,9,2025-10-21 14:05:56.096043,347155.464,6297630.378
PH189,227,VFPJ-53,551,0,3,2025-10-21 14:05:58.083912,347701.172,6292245.911
PH189,227,VFPH-35,3017,10,14,2025-10-21 14:05:58.083933,347701.172,6292245.911
PH189,207,SFST-34,2633,5,7,2025-10-21 14:05:58.083935,347701.172,6292245.911
PH189,207,LZPW-21,3117,8,10,2025-10-21 14:05:58.083937,347701.172,6292245.911
PH189,209,CJRP-24,3912,8,12,2025-10-21 14:05:58.083938,347701.172,6292245.911
PH189,209,LZPS-13,4926,11,15,2025-10-21 14:05:58.083940,347701.172,6292245.911
PF833,F13,SRPJ-91,1528,0,5,2025-10-21 14:06:00.037419,349342.157,6278101.117
PF833,F13,SRRY-53,5740,16,24,2025-10-21 14:06:00.037424,349342.157,6278101.117
PF833,F33,TXZH-45,5405,14,20,2025-10-21 14:06:00.037426,349342.157,6278101.117
PD1653,D16,PFYC-51,3345,9,11,2025-10-21 14:06:01.580164,352491.89,6294972.7
PD1653,D16,PFZK-79,7884,25,60,2025-10-21 14:06:01.580168,352491.89,6294972.7
PD1653,325,VFHW-73,750,0,3,2025-10-21 14:06:01.580169,352491.89,6294972.7
PD1653,325,VFJT-99,5518,16,22,2025-10-21 14:06:01.580170,352491.89,6294972.7
PD1653,508,FLXV-33,2744,7,9,2025-10-21 14:06:01.580171,352491.89,6294972.7
PD1653,508,FLXX-36,2862,7,9,2025-10-21 14:06:01.580172,352491.89,6294972.7
PG325,G08V,FLXV-32,2639,8,10,2025-10-21 14:06:03.615340,345291.382,6286896.982
PG325,G08V,FLXV-19,4138,10,14,2025-10-21 14:06:03.615345,345291.382,6286896.982
PG325,G04,SFPF-81,3491,8,12,2025-10-21 14:06:03.615347,345291.382,6286896.982
PG325,G04,SHXG-75,3769,9,13,2025-10-21 14:06:03.615348,345291.382,6286896.982
PG325,G13,SFPG-43,1090,7,9,2025-10-21 14:06:03.615349,345291.382,6286896.982
PG325,G13,SHXB-31,3372,18,26,2025-10-21 14:06:03.615350,345291.382,6286896.982
PG325,G16,SFPG-42,2352,8,12,2025-10-21 14:06:03.615351,345291.382,6286896.982
PG325,G16,SDSW-78,2442,9,13,2025-10-21 14:06:03.615351,345291.382,6286896.982
PG325,228,THTH-84,443,0,3,2025-10-21 14:06:03.615353,345291.382,6286896.982
PG325,228,THTF-72,1527,0,5,2025-10-21 14:06:03.615353,345291.382,6286896.982
PG325,G08,THTD-32,1656,6,8,2025-10-21 14:06:03.615354,345291.382,6286896.982
PG325,G08,THTC-29,6907,19,27,2025-10-21 14:06:03.615355,345291.382,6286896.982
PG325,F05,LBTT-13,1748,10,14,2025-10-21 14:06:03.615356,345291.382,6286896.982
PG325,F05,SPZX-95,2056,14,20,2025-10-21 14:06:03.615357,345291.382,6286896.982
PG306,229,GCBF-47,1418,0,4,2025-10-21 14:06:05.736122,345926.542,6283890.115
PG306,229,SDGY-43,9707,25,60,2025-10-21 14:06:05.736126,345926.542,6283890.115
PG306,302,BJFW-41,2360,13,19,2025-10-21 14:06:05.736127,345926.542,6283890.115
PG306,302,BJFZ-57,8676,25,60,2025-10-21 14:06:05.736128,345926.542,6283890.115
PG306,G11,THTF-85,1601,0,5,2025-10-21 14:06:05.736129,345926.542,6283890.115
PG306,G11,THTG-90,4402,10,14,2025-10-21 14:06:05.736130,345926.542,6283890.115
PG306,228,THTF-93,1878,4,6,2025-10-21 14:06:05.736131,345926.542,6283890.115
PG306,228,THTD-85,3810,9,13,2025-10-21 14:06:05.736132,345926.542,6283890.115
PG306,G08,THTG-93,734,0,3,2025-10-21 14:06:05.736133,345926.542,6283890.115
PG306,G08,THTD-58,3205,8,12,2025-10-21 14:06:05.736142,345926.542,6283890.115
PB1113,B10,SHCY-36,242,0,3,2025-10-21 14:06:07.626622,344380.752,6305333.702
PB1113,230,GCBB-35,170,0,3,2025-10-21 14:06:07.626627,344380.752,6305333.702
PB1113,230,GCBB-29,2669,8,10,2025-10-21 14:06:07.626628,344380.752,6305333.702
PD738,D08,SVDC-30,398,0,3,2025-10-21 14:06:11.642325,357765.354,6296375.378
PD738,D08,SVDC-42,1421,0,3,2025-10-21 14:06:11.642330,357765.354,6296375.378
PD738,D15,SVDC-79,2735,13,17,2025-10-21 14:06:11.642332,357765.354,6296375.378
PD738,412,PGBF-59,418,0,3,2025-10-21 14:06:11.642333,357765.354,6296375.378
PD738,422,TBFV-22,822,0,3,2025-10-21 14:06:11.642334,357765.354,6296375.378
PC77,C01,LDJJ-60,111,0,3,2025-10-21 14:06:13.637281,353129.19,6300667.3
PC77,C01,LCPW-35,2444,7,9,2025-10-21 14:06:13.637285,353129.19,6300667.3
PC77,425,SJPB-33,3890,12,16,2025-10-21 14:06:13.637287,353129.19,6300667.3
PC77,425,SJPB-30,6883,18,26,2025-10-21 14:06:13.637288,353129.19,6300667.3
PC77,286,SFGY-81,997,0,4,2025-10-21 14:06:13.637289,353129.19,6300667.3
PC77,286,SHXG-79,2785,9,13,2025-10-21 14:06:13.637289,353129.19,6300667.3
PC77,722,STGZ-62,86,0,3,2025-10-21 14:06:13.637290,353129.19,6300667.3
PC77,722,STHP-12,4355,12,16,2025-10-21 14:06:13.637291,353129.19,6300667.3
PC77,712,SHCW-80,1049,0,4,2025-10-21 14:06:13.637292,353129.19,6300667.3
PC77,712,LCTG-27,4400,11,15,2025-10-21 14:06:13.637293,353129.19,6300667.3
PC1030,C06,LWTK-55,2101,5,7,2025-10-21 14:06:15.603987,357113.787,6301526.526
PC1030,503,VHLV-17,475,0,3,2025-10-21 14:06:15.603992,357113.787,6301526.526
PC1030,722,STHJ-86,458,0,3,2025-10-21 14:06:15.603994,357113.787,6301526.526
PB352,B11,SKDJ-33,927,0,5,2025-10-21 14:06:19.321995,345020.558,6304935.97
PB352,B21,SKDJ-76,406,0,3,2025-10-21 14:06:19.322001,345020.558,6304935.97
PB352,B21,SHCV-81,5298,16,22,2025-10-21 14:06:19.322002,345020.558,6304935.97
PB352,272,VFHS-95,1163,6,8,2025-10-21 14:06:19.322003,345020.558,6304935.97
PB352,272,VFHV-67,6705,25,60,2025-10-21 14:06:19.322004,345020.558,6304935.97
PI1008,I07,VHSY-18,299,0,3,2025-10-21 14:06:22.315996,333329.799,6290071.324
PJ173,402,SKPK-63,2761,6,8,2025-10-21 14:06:24.418600,338561.54,6298065.12
PJ173,J07E,VHZX-51,225,0,3,2025-10-21 14:06:24.418605,338561.54,6298065.12
PJ173,J07E,VJBB-40,3328,5,7,2025-10-21 14:06:24.418606,338561.54,6298065.12
PJ173,406,PFXC-51,479,0,3,2025-10-21 14:06:24.418607,338561.54,6298065.12
PJ173,422,GCBC-95,123,0,3,2025-10-21 14:06:24.418608,338561.54,6298065.12
PJ173,422,PFXB-91,3919,25,60,2025-10-21 14:06:24.418609,338561.54,6298065.12
PJ173,426,BJFH-61,1708,16,22,2025-10-21 14:06:24.418610,338561.54,6298065.12
PJ173,J07,VJJR-95,1613,7,9,2025-10-21 14:06:24.418611,338561.54,6298065.12
PJ173,J07,VHZY-71,3029,11,15,2025-10-21 14:06:24.418612,338561.54,6298065.12
PJ173,511,FLXW-25,437,0,5,2025-10-21 14:06:24.418613,338561.54,6298065.12
PJ173,511,TBFX-46,4660,21,29,2025-10-21 14:06:24.418614,338561.54,6298065.12
PJ173,J15C,TBFP-91,1414,11,15,2025-10-21 14:06:24.418625,338561.54,6298065.12
PJ173,J20,TBFT-37,370,0,3,2025-10-21 14:06:24.418626,338561.54,6298065.12
PJ173,J20,BJFF-48,977,0,3,2025-10-21 14:06:24.418627,338561.54,6298065.12
PJ173,407,VJJR-95,1613,7,9,2025-10-21 14:06:24.418628,338561.54,6298065.12
PJ173,407,VHZY-71,3029,11,15,2025-10-21 14:06:24.418629,338561.54,6298065.12
PD846,D05,SPBF-59,80,0,3,2025-10-21 14:06:26.309934,351785.277,6295051.529
PD846,D05,PLHK-83,46,0,3,2025-10-21 14:06:26.309939,351785.277,6295051.529
PI317,I11,FLXZ-55,2007,5,7,2025-10-21 14:06:28.336364,333352.21,6285793.364
PI317,I11,FLXZ-17,6241,19,27,2025-10-21 14:06:28.336369,333352.21,6285793.364
PI317,111,FLXY-45,2563,4,6,2025-10-21 14:06:28.336371,333352.21,6285793.364
PI317,111,FLXY-57,10538,25,60,2025-10-21 14:06:28.336372,333352.21,6285793.364
PI317,113,FLXY-56,746,0,3,2025-10-21 14:06:28.336373,333352.21,6285793.364
PI317,113,FLXX-67,5279,11,15,2025-10-21 14:06:28.336374,333352.21,6285793.364
PG640,F06,SPZY-55,263,0,3,2025-10-21 14:06:30.210064,345323.682,6285876.723
PG640,F06,SPZY-67,1345,9,13,2025-10-21 14:06:30.210070,345323.682,6285876.723
PB1658,B20,SKHG-65,1736,8,10,2025-10-21 14:06:32.274902,337235.525,6303217.151
PB1658,B20,LXDJ-20,2891,11,15,2025-10-21 14:06:32.274930,337235.525,6303217.151
PB1658,B03,LXDJ-18,2944,12,16,2025-10-21 14:06:32.274931,337235.525,6303217.151
PB1658,B03,SKHG-79,8368,25,60,2025-10-21 14:06:32.274932,337235.525,6303217.151
PB1658,B09,SHCY-55,2458,8,12,2025-10-21 14:06:32.274933,337235.525,6303217.151
PB1658,B09,SHCY-49,11164,25,60,2025-10-21 14:06:32.274934,337235.525,6303217.151
PB459,B08,SHCY-58,2349,9,11,2025-10-21 14:06:34.326043,338399.32,6306754.68
PB459,B08,SHXF-23,9258,25,60,2025-10-21 14:06:34.326047,338399.32,6306754.68
PB459,B18,FLXS-48,249,0,3,2025-10-21 14:06:34.326048,338399.32,6306754.68
PB459,B18,STHF-31,6851,17,25,2025-10-21 14:06:34.326049,338399.32,6306754.68
PB459,B12,SKDJ-73,2755,6,8,2025-10-21 14:06:34.326050,338399.32,6306754.68
PB459,B12,SKDH-34,6500,12,18,2025-10-21 14:06:34.326051,338399.32,6306754.68
PB459,429,SLGS-99,1540,6,8,2025-10-21 14:06:34.326052,338399.32,6306754.68
PB459,429,SLLZ-26,1737,7,9,2025-10-21 14:06:34.326053,338399.32,6306754.68
PB459,430,SJPC-24,360,0,3,2025-10-21 14:06:34.326054,338399.32,6306754.68
PB459,430,SJPD-77,3994,13,19,2025-10-21 14:06:34.326054,338399.32,6306754.68
PB459,435,SLLZ-46,3231,11,15,2025-10-21 14:06:34.326057,338399.32,6306754.68
PB459,435,SKPH-68,10758,25,60,2025-10-21 14:06:34.326057,338399.32,6306754.68
PB459,314,VHSY-39,466,0,3,2025-10-21 14:06:34.326058,338399.32,6306754.68
PB459,314,TWPD-85,560,0,3,2025-10-21 14:06:34.326059,338399.32,6306754.68
PB459,B45,TWPC-57,736,0,5,2025-10-21 14:06:34.326060,338399.32,6306754.68
PB459,B45,VHTB-45,6108,25,60,2025-10-21 14:06:34.326061,338399.32,6306754.68
PB459,428,SHCX-38,2258,8,10,2025-10-21 14:06:34.326061,338399.32,6306754.68
PB459,303,FLXF-33,693,0,4,2025-10-21 14:06:34.326062,338399.32,6306754.68
PB459,303,FLXJ-15,7201,16,24,2025-10-21 14:06:34.326072,338399.32,6306754.68
PB459,B32,STHR-60,6095,25,60,2025-10-21 14:06:34.326073,338399.32,6306754.68
PB459,B32,STHK-13,7839,25,60,2025-10-21 14:06:34.326074,338399.32,6306754.68
PH364,H12,CJRW-14,58,0,3,2025-10-21 14:06:36.209960,342718.293,6289727.459
PH364,I05,RWRP-65,2721,8,10,2025-10-21 14:06:36.209967,342718.293,6289727.459
PH364,I05,VHTB-73,4957,13,19,2025-10-21 14:06:36.209968,342718.293,6289727.459
PH364,121,CJRW-12,2033,11,15,2025-10-21 14:06:36.209969,342718.293,6289727.459
PB2068,B33,SHXD-94,1158,6,8,2025-10-21 14:06:38.123318,339915.0,6310640.0
PA339,421,PFYG-98,1,0,3,2025-10-21 14:06:40.212997,346670.311,6298292.552
PA339,421,PFYG-96,8261,25,60,2025-10-21 14:06:40.213002,346670.311,6298292.552
PA339,481,PGPT-41,3473,13,19,2025-10-21 14:06:40.213004,346670.311,6298292.552
PA339,481,PFYR-76,8420,25,60,2025-10-21 14:06:40.213005,346670.311,6298292.552
PA339,519,RKXL-30,365,0,3,2025-10-21 14:06:40.213006,346670.311,6298292.552
PA339,519,TBFT-42,4540,12,16,2025-10-21 14:06:40.213006,346670.311,6298292.552
PA339,426,FLXS-78,51,0,3,2025-10-21 14:06:40.213007,346670.311,6298292.552
PA339,426,FLXD-50,3836,12,16,2025-10-21 14:06:40.213008,346670.311,6298292.552
PA339,406,PFXC-24,1668,5,7,2025-10-21 14:06:40.213010,346670.311,6298292.552
PA339,406,TBFX-35,1678,5,7,2025-10-21 14:06:40.213011,346670.311,6298292.552
PA339,407,PFXC-38,4253,13,17,2025-10-21 14:06:40.213012,346670.311,6298292.552
PA339,407,PFXC-56,8187,25,60,2025-10-21 14:06:40.213013,346670.311,6298292.552
PA339,401,PFBG-41,5830,17,23,2025-10-21 14:06:40.213022,346670.311,6298292.552
PA339,401,PFYH-21,10596,25,60,2025-10-21 14:06:40.213023,346670.311,6298292.552
PA339,125,FLXF-87,1803,5,7,2025-10-21 14:06:40.213024,346670.311,6298292.552
PA339,125,FLXC-53,5602,17,25,2025-10-21 14:06:40.213025,346670.311,6298292.552
PA339,516,TBFS-48,1232,0,5,2025-10-21 14:06:40.213026,346670.311,6298292.552
PA339,516,TBFP-90,3545,9,13,2025-10-21 14:06:40.213027,346670.311,6298292.552
PA339,424,PFXB-75,369,0,3,2025-10-21 14:06:40.213028,346670.311,6298292.552
PA339,424,HYKK-32,2361,7,9,2025-10-21 14:06:40.213029,346670.311,6298292.552
PB1681,B43,SJPB-36,3965,13,17,2025-10-21 14:06:42.166648,339917.939,6308312.177
PB1681,B43,SJPC-83,6783,25,60,2025-10-21 14:06:42.166654,339917.939,6308312.177
PC847,C09,SGPY-62,2952,7,9,2025-10-21 14:06:44.087986,358428.938,6309047.894
PC847,C09,SHXF-98,6103,14,20,2025-10-21 14:06:44.087991,358428.938,6309047.894
PC847,C19,SGPY-84,1618,5,7,2025-10-21 14:06:44.087992,358428.938,6309047.894
PC847,C19,SGPY-59,2866,8,10,2025-10-21 14:06:44.087993,358428.938,6309047.894
PB551,307,VHSY-44,565,0,3,2025-10-21 14:06:46.052185,339857.0,6306782.0
PB551,307,VHTB-62,1198,0,4,2025-10-21 14:06:46.052192,339857.0,6306782.0
PB551,315E,VHSX-85,1483,7,9,2025-10-21 14:06:46.052195,339857.0,6306782.0
PB551,315E,TWPD-98,1832,8,10,2025-10-21 14:06:46.052196,339857.0,6306782.0
PB551,B45,VHTB-45,3825,14,20,2025-10-21 14:06:46.052198,339857.0,6306782.0
PG505,F03,SRPJ-74,2106,5,7,2025-10-21 14:06:47.959439,348015.812,6279128.133
PG505,F03,FLXG-85,5876,15,21,2025-10-21 14:06:47.959444,348015.812,6279128.133
PF525,F11,SKVB-10,5089,13,19,2025-10-21 14:06:49.932364,357798.8,6280898.804
PF525,F11,SKVB-26,7023,25,60,2025-10-21 14:06:49.932369,357798.8,6280898.804
PH73,125,FLXG-63,594,0,3,2025-10-21 14:06:51.687242,341944.62,6288488.13
PH73,329,FLXR-16,2220,8,10,2025-10-21 14:06:51.687247,341944.62,6288488.13
PH73,H12,FLXF-73,1,0,3,2025-10-21 14:06:51.687248,341944.62,6288488.13
PH73,H12,FLXD-71,749,0,3,2025-10-21 14:06:51.687249,341944.62,6288488.13
PH626,H09,VGRC-93,699,0,3,2025-10-21 14:06:53.305895,345585.702,6293180.998
PH626,H09,VGRG-44,5475,16,22,2025-10-21 14:06:53.305899,345585.702,6293180.998
PH626,H12,FLXD-99,5361,18,26,2025-10-21 14:06:53.305901,345585.702,6293180.998
PH626,H12,CJRW-14,6939,25,60,2025-10-21 14:06:53.305901,345585.702,6293180.998
PH626,H13,BJFX-20,4077,12,18,2025-10-21 14:06:53.305902,345585.702,6293180.998
PA143,207,FLXD-14,1479,0,5,2025-10-21 14:06:54.976167,347174.784,6295961.093
PA143,207,LXWT-90,1777,4,6,2025-10-21 14:06:54.976172,347174.784,6295961.093
PA143,209,LZPS-13,669,0,3,2025-10-21 14:06:54.976173,347174.784,6295961.093
PA143,205,RWTP-93,3004,11,15,2025-10-21 14:06:54.976174,347174.784,6295961.093
PE511,E06,CJRB-10,37,0,3,2025-10-21 14:06:57.082349,355580.993,6290281.728
PE511,E17,FLXT-43,77,0,3,2025-10-21 14:06:57.082354,355580.993,6290281.728
PC900,C11,SKPJ-89,820,0,4,2025-10-21 14:06:58.951055,354425.725,6304135.717
PC900,C11,LDTB-84,3820,13,19,2025-10-21 14:06:58.951059,354425.725,6304135.717
PG744,G02,FLXD-20,3475,13,19,2025-10-21 14:07:00.472359,341692.703,6281859.115
PG744,G02,FLXX-10,9207,25,60,2025-10-21 14:07:00.472364,341692.703,6281859.115
PG744,G14,CJRL-62,1,0,3,2025-10-21 14:07:00.472365,341692.703,6281859.115
PG744,G14,FZZF-83,1165,7,9,2025-10-21 14:07:00.472366,341692.703,6281859.115
PG744,G09,SHCX-12,1347,7,9,2025-10-21 14:07:00.472367,341692.703,6281859.115
PG744,G09,SFGY-87,2356,10,14,2025-10-21 14:07:00.472368,341692.703,6281859.115
PG744,G27,THTF-59,1234,6,8,2025-10-21 14:07:00.472368,341692.703,6281859.115
PG744,G27,THTF-19,4451,14,20,2025-10-21 14:07:00.472369,341692.703,6281859.115
PD623,D10,SVDD-76,5253,25,60,2025-10-21 14:07:02.964421,353941.557,6291844.816
PD623,D10,SSXF-31,10718,25,60,2025-10-21 14:07:02.964426,353941.557,6291844.816
PD623,D20,SVDF-75,308,0,3,2025-10-21 14:07:02.964428,353941.557,6291844.816
PD623,D20,SVDD-96,5752,16,22,2025-10-21 14:07:02.964428,353941.557,6291844.816
PA285,119,FLXG-66,2251,9,11,2025-10-21 14:07:04.874488,345259.976,6295005.181
PA285,119,BJFW-85,3194,11,15,2025-10-21 14:07:04.874493,345259.976,6295005.181
PA285,511,TBFX-40,789,0,3,2025-10-21 14:07:04.874494,345259.976,6295005.181
PA285,511,TBFW-51,4859,16,22,2025-10-21 14:07:04.874495,345259.976,6295005.181
PD1082,D01,SVDD-56,4154,12,16,2025-10-21 14:07:06.768173,356905.995,6296096.387
PD1082,D01,STRJ-56,6362,17,23,2025-10-21 14:07:06.768179,356905.995,6296096.387
PI45,I10,FLXK-96,2236,5,7,2025-10-21 14:07:08.775806,341531.807,6296196.868
PI45,I10,FLXG-76,2599,7,9,2025-10-21 14:07:08.775811,341531.807,6296196.868
PI45,I13,FLXD-98,440,0,3,2025-10-21 14:07:08.775812,341531.807,6296196.868
PI45,I13,FLXH-13,2398,7,9,2025-10-21 14:07:08.775813,341531.807,6296196.868
PI45,I14,CJRW-17,2916,8,10,2025-10-21 14:07:08.775815,341531.807,6296196.868
PI45,I14,CJRZ-73,5364,15,21,2025-10-21 14:07:08.775816,341531.807,6296196.868
PI45,102,LCPG-41,3242,8,10,2025-10-21 14:07:08.775817,341531.807,6296196.868
PI45,102,LBTT-25,7038,16,22,2025-10-21 14:07:08.775818,341531.807,6296196.868
PI45,107,PGRZ-84,666,0,3,2025-10-21 14:07:08.775819,341531.807,6296196.868
PI45,107,PFYC-47,4016,10,14,2025-10-21 14:07:08.775820,341531.807,6296196.868
PI45,101,PFVC-40,1411,0,3,2025-10-21 14:07:08.775821,341531.807,6296196.868
PI45,101,PFYR-69,7526,17,25,2025-10-21 14:07:08.775822,341531.807,6296196.868
PI45,481,PFYR-76,2658,5,7,2025-10-21 14:07:08.775823,341531.807,6296196.868
PI45,481,PGRR-78,4139,10,14,2025-10-21 14:07:08.775824,341531.807,6296196.868
PG228,212,LZRB-87,4102,10,14,2025-10-21 14:07:10.800247,346874.98,6282746.635
PG228,212,LZPR-82,10873,25,60,2025-10-21 14:07:10.800252,346874.98,6282746.635
PG228,216,LZPT-71,5134,13,17,2025-10-21 14:07:10.800253,346874.98,6282746.635
PG228,216,SRTK-46,10926,25,60,2025-10-21 14:07:10.800254,346874.98,6282746.635
PG228,G23,SFWZ-76,121,0,3,2025-10-21 14:07:10.800255,346874.98,6282746.635
PG228,G13,SCRZ-23,1,0,3,2025-10-21 14:07:10.800256,346874.98,6282746.635
PG228,G13,SFGY-85,2246,8,10,2025-10-21 14:07:10.800257,346874.98,6282746.635
PF447,F13,SRPJ-89,111,0,3,2025-10-21 14:07:12.985210,353468.497,6284522.998
PF447,F13,SRRY-79,4486,13,19,2025-10-21 14:07:12.985215,353468.497,6284522.998
PA414,517,VJJW-18,786,0,3,2025-10-21 14:07:15.216575,344400.76,6299427.83
PA414,517,VHZZ-21,2025,6,8,2025-10-21 14:07:15.216580,344400.76,6299427.83
PA414,503,VHLS-88,1551,0,5,2025-10-21 14:07:15.216581,344400.76,6299427.83
PA414,503,VGVF-73,5921,15,21,2025-10-21 14:07:15.216582,344400.76,6299427.83
PA414,502,BJFH-33,2494,7,9,2025-10-21 14:07:15.216583,344400.76,6299427.83
PA414,502,GCBC-79,9742,25,60,2025-10-21 14:07:15.216584,344400.76,6299427.83
PA414,518,FLXD-62,3841,14,20,2025-10-21 14:07:15.216584,344400.76,6299427.83
PA414,518,FLXS-76,5165,18,26,2025-10-21 14:07:15.216585,344400.76,6299427.83
PF306,F14,SPRY-44,1398,0,4,2025-10-21 14:07:17.138693,354053.91,6283298.71
PF306,F14,SPRZ-29,3150,9,13,2025-10-21 14:07:17.138701,354053.91,6283298.71
PB981,722,TXZH-25,2555,4,6,2025-10-21 14:07:19.083899,345799.711,6305310.371
PB981,722,STHR-23,10978,25,60,2025-10-21 14:07:19.083905,345799.711,6305310.371
PC416,421,PFVK-96,1174,0,4,2025-10-21 14:07:20.970672,358162.179,6303924.68
PB1717,B10,LDJW-37,848,0,4,2025-10-21 14:07:22.419223,344452.465,6305381.993
PB1717,B10,STHK-69,1576,5,7,2025-10-21 14:07:22.419228,344452.465,6305381.993
PD693,D10,SVDF-60,2175,7,9,2025-10-21 14:07:24.388684,352750.123,6293125.352
PD693,D10,SVDD-76,7991,25,60,2025-10-21 14:07:24.388688,352750.123,6293125.352
PD693,D16,PFZK-79,4068,21,29,2025-10-21 14:07:24.388690,352750.123,6293125.352
PD693,514,FLXV-91,1,0,3,2025-10-21 14:07:24.388690,352750.123,6293125.352
PD693,514,PFXC-29,5537,13,19,2025-10-21 14:07:24.388692,352750.123,6293125.352
PF149,F03,FLXJ-36,349,0,3,2025-10-21 14:07:26.825890,355261.287,6280651.824
PF149,F03,FLXG-80,3572,13,17,2025-10-21 14:07:26.825895,355261.287,6280651.824
PF149,F11,FLXS-35,646,0,3,2025-10-21 14:07:26.825896,355261.287,6280651.824
PF149,F11,SKVB-16,5271,16,22,2025-10-21 14:07:26.825896,355261.287,6280651.824
PF149,204,VFPH-81,1,0,3,2025-10-21 14:07:26.825897,355261.287,6280651.824
PF149,204,VFPY-23,3438,12,18,2025-10-21 14:07:26.825898,355261.287,6280651.824
PF149,226,VFRB-54,281,0,3,2025-10-21 14:07:26.825899,355261.287,6280651.824
PF149,226,VFPH-91,403,0,3,2025-10-21 14:07:26.825900,355261.287,6280651.824
PF149,F03C,SHXG-86,1465,4,6,2025-10-21 14:07:26.825901,355261.287,6280651.824
PF149,F03C,SHCY-63,7638,25,60,2025-10-21 14:07:26.825901,355261.287,6280651.824
PH156,203,SRTK-32,2666,7,9,2025-10-21 14:07:28.814132,347667.39,6292678.18
PH156,203,LZPS-24,5518,14,20,2025-10-21 14:07:28.814137,347667.39,6292678.18
PH156,206,SDGY-25,4113,9,13,2025-10-21 14:07:28.814138,347667.39,6292678.18
PH156,206,LZRB-85,4596,11,15,2025-10-21 14:07:28.814139,347667.39,6292678.18
PB1184,B11,SKDG-29,3365,25,60,2025-10-21 14:07:30.696905,348313.399,6303012.265
PB1184,B11,SKDG-96,6089,25,60,2025-10-21 14:07:30.696910,348313.399,6303012.265
PC181,426,CJRZ-88,256,0,3,2025-10-21 14:07:33.041290,353264.16,6301938.55
PC181,426,FLXD-53,4747,12,16,2025-10-21 14:07:33.041294,353264.16,6301938.55
PC181,C01,LDJJ-76,2493,7,9,2025-10-21 14:07:33.041296,353264.16,6301938.55
PC181,C01,LCPW-47,3370,9,11,2025-10-21 14:07:33.041297,353264.16,6301938.55
PC181,C02,LDJJ-66,1665,0,3,2025-10-21 14:07:33.041298,353264.16,6301938.55
PC181,C02,LCPW-38,3604,8,10,2025-10-21 14:07:33.041299,353264.16,6301938.55
PC181,C19,SGPY-61,1694,5,7,2025-10-21 14:07:33.041300,353264.16,6301938.55
PC181,C19,SGPY-81,5304,14,20,2025-10-21 14:07:33.041301,353264.16,6301938.55
PC181,C01C,PGPV-79,235,0,3,2025-10-21 14:07:33.041302,353264.16,6301938.55
PC181,C01C,PFZK-93,3291,8,10,2025-10-21 14:07:33.041304,353264.16,6301938.55
PC181,401,PFYH-22,5303,10,14,2025-10-21 14:07:33.041305,353264.16,6301938.55
PC181,401,PDYS-14,7500,15,21,2025-10-21 14:07:33.041306,353264.16,6301938.55
PC181,406,TBFT-64,661,0,3,2025-10-21 14:07:33.041307,353264.16,6301938.55
PC181,406,TBFS-30,1087,0,5,2025-10-21 14:07:33.041308,353264.16,6301938.55
PC181,C14,SKPJ-42,1093,0,4,2025-10-21 14:07:33.041309,353264.16,6301938.55
PC181,C14,SKPK-61,8151,19,27,2025-10-21 14:07:33.041310,353264.16,6301938.55
PC181,C28,SKPP-23,1176,0,4,2025-10-21 14:07:33.041311,353264.16,6301938.55
PC181,C28,SHCV-73,6766,17,23,2025-10-21 14:07:33.041312,353264.16,6301938.55
PC181,430,PGLD-68,3985,11,15,2025-10-21 14:07:33.041313,353264.16,6301938.55
PC181,430,SJPC-29,4716,12,18,2025-10-21 14:07:33.041323,353264.16,6301938.55
PC181,421,PFVL-13,688,0,3,2025-10-21 14:07:33.041325,353264.16,6301938.55
PC181,421,PFVK-96,7013,20,28,2025-10-21 14:07:33.041326,353264.16,6301938.55
PC181,407,GCBD-42,640,0,3,2025-10-21 14:07:33.041327,353264.16,6301938.55
PC181,407,PFXB-58,1161,0,4,2025-10-21 14:07:33.041328,353264.16,6301938.55
PC597,C01,LDJT-65,2597,7,9,2025-10-21 14:07:34.469923,360372.882,6308247.625
PD244,D11,SVDF-80,1822,6,8,2025-10-21 14:07:36.411242,355795.022,6298092.951
PD244,D11,SVDF-45,4731,13,19,2025-10-21 14:07:36.411246,355795.022,6298092.951
PD244,517,VJJV-13,1251,4,6,2025-10-21 14:07:36.411247,355795.022,6298092.951
PD244,517,VJBC-30,2887,10,14,2025-10-21 14:07:36.411248,355795.022,6298092.951
PD244,225,SFWZ-63,4123,12,16,2025-10-21 14:07:36.411249,355795.022,6298092.951
PD244,225,SFWZ-80,7206,20,28,2025-10-21 14:07:36.411250,355795.022,6298092.951
PD451,D09,SVDF-82,3146,6,8,2025-10-21 14:07:38.464571,353951.476,6297341.691
PD451,D09,SVDC-55,3685,8,10,2025-10-21 14:07:38.464575,353951.476,6297341.691
PD451,403,SJPD-42,316,0,3,2025-10-21 14:07:38.464577,353951.476,6297341.691
PD451,403,SKPK-21,3582,9,13,2025-10-21 14:07:38.464577,353951.476,6297341.691
PD451,227,VGKX-62,147,0,3,2025-10-21 14:07:38.464578,353951.476,6297341.691
PD451,227,VGKY-12,2802,7,9,2025-10-21 14:07:38.464579,353951.476,6297341.691
PD451,422,PFXB-23,25,0,3,2025-10-21 14:07:38.464580,353951.476,6297341.691
PD451,422,FLXW-16,473,0,3,2025-10-21 14:07:38.464581,353951.476,6297341.691
PD451,D01,STKX-48,4273,12,16,2025-10-21 14:07:38.464590,353951.476,6297341.691
PD451,D01,SVDF-68,7045,25,60,2025-10-21 14:07:38.464591,353951.476,6297341.691
PD451,D03,SVDC-22,375,0,3,2025-10-21 14:07:38.464592,353951.476,6297341.691
PD451,D03,SVDC-50,2964,7,9,2025-10-21 14:07:38.464592,353951.476,6297341.691
PJ871,J08,GCBD-57,92,0,3,2025-10-21 14:07:40.365770,336194.519,6296653.178
PJ871,J08,GKRL-26,3634,10,14,2025-10-21 14:07:40.365776,336194.519,6296653.178
PC389,412,PFVG-76,5325,13,19,2025-10-21 14:07:42.351766,352298.967,6300124.597
PC389,412,PFYC-79,6533,16,22,2025-10-21 14:07:42.351771,352298.967,6300124.597
PC389,418,SKPK-40,411,0,3,2025-10-21 14:07:42.351772,352298.967,6300124.597
PC389,418,PFYC-44,6523,16,22,2025-10-21 14:07:42.351773,352298.967,6300124.597
PC389,429,SLLZ-77,123,0,3,2025-10-21 14:07:42.351774,352298.967,6300124.597
PC389,429,SLLZ-31,6496,15,21,2025-10-21 14:07:42.351775,352298.967,6300124.597
PB1666,314,FLXK-66,20,0,3,2025-10-21 14:07:46.335142,335783.215,6307002.485
PB1666,314,TWPD-85,3306,25,60,2025-10-21 14:07:46.335147,335783.215,6307002.485
PB1666,315E,VHTB-28,1,0,3,2025-10-21 14:07:46.335148,335783.215,6307002.485
PB1666,315E,TWPD-43,558,0,3,2025-10-21 14:07:46.335149,335783.215,6307002.485
PB1666,B45,FLXL-41,1250,6,8,2025-10-21 14:07:46.335150,335783.215,6307002.485
PB1666,B45,TWPD-79,2398,9,13,2025-10-21 14:07:46.335151,335783.215,6307002.485
PB1666,307,TWPD-46,61,0,3,2025-10-21 14:07:46.335151,335783.215,6307002.485
PB1666,307,VHTB-30,25,0,3,2025-10-21 14:07:46.335152,335783.215,6307002.485
PB1666,307C,TWPD-44,3,0,3,2025-10-21 14:07:46.335153,335783.215,6307002.485
PB1666,307C,VHSZ-50,4243,14,20,2025-10-21 14:07:46.335154,335783.215,6307002.485
PB1666,308,FLXK-11,1,0,3,2025-10-21 14:07:46.335155,335783.215,6307002.485
PB1666,308,FLXH-99,1,0,3,2025-10-21 14:07:46.335156,335783.215,6307002.485
PB1666,308C,VHSX-98,1,0,3,2025-10-21 14:07:46.335156,335783.215,6307002.485
PB1666,308C,VHTB-65,41,0,3,2025-10-21 14:07:46.335157,335783.215,6307002.485
PD10,103,SPBP-31,408,0,3,2025-10-21 14:07:48.807801,350728.24,6296338.564
PD10,103,SPBS-66,3394,11,15,2025-10-21 14:07:48.807806,350728.24,6296338.564
PD10,117,PGTV-30,2523,8,10,2025-10-21 14:07:48.807807,350728.24,6296338.564
PD10,117,PGLD-54,4495,20,28,2025-10-21 14:07:48.807808,350728.24,6296338.564
PG470,E05,FLXK-46,39,0,3,2025-10-21 14:07:52.574356,346415.251,6288382.95
PA181,210,RWTP-81,1517,4,6,2025-10-21 14:07:54.087546,348845.419,6295747.598
PA181,210,RWTP-91,2063,6,8,2025-10-21 14:07:54.087550,348845.419,6295747.598
PA181,210V,VFPJ-68,967,0,4,2025-10-21 14:07:54.087551,348845.419,6295747.598
PA181,210V,VFPT-63,2169,6,8,2025-10-21 14:07:54.087552,348845.419,6295747.598
PA181,213E,LBTT-23,890,0,3,2025-10-21 14:07:54.087553,348845.419,6295747.598
PA181,213E,SRVF-96,3399,10,14,2025-10-21 14:07:54.087554,348845.419,6295747.598
PB1660,B03,SKHG-89,782,0,3,2025-10-21 14:07:56.070973,337422.304,6303146.943
PB1660,B03,LXDJ-14,2936,8,12,2025-10-21 14:07:56.070978,337422.304,6303146.943
PB1660,105,SJPC-68,1,0,3,2025-10-21 14:07:56.070979,337422.304,6303146.943
PB1660,105,SJPC-45,2758,9,13,2025-10-21 14:07:56.070980,337422.304,6303146.943
PB1660,B09,SHCY-34,1,0,3,2025-10-21 14:07:56.070981,337422.304,6303146.943
PB1660,B20,LXDH-86,343,0,3,2025-10-21 14:07:56.070982,337422.304,6303146.943
PB1660,109,FLXV-87,436,0,3,2025-10-21 14:07:56.070982,337422.304,6303146.943
PJ787,J06,FLXT-67,4892,13,17,2025-10-21 14:07:57.929090,338833.277,6298438.792
PE716,E11,VKJZ-21,4297,16,22,2025-10-21 14:07:59.911565,349150.618,6286273.122
PE716,E11,VKJX-68,7798,25,60,2025-10-21 14:07:59.911569,349150.618,6286273.122
PE716,E18,BJFW-19,1521,6,8,2025-10-21 14:07:59.911571,349150.618,6286273.122
PE716,E18,BJFV-18,4941,16,24,2025-10-21 14:07:59.911571,349150.618,6286273.122
PE716,F05,SRVH-40,1940,8,10,2025-10-21 14:07:59.911572,349150.618,6286273.122
PE716,F05,SPZX-85,2036,9,11,2025-10-21 14:07:59.911573,349150.618,6286273.122
PG482,G01,THTH-29,152,0,3,2025-10-21 14:08:01.489028,347480.296,6288811.93
PG482,G01,THTF-51,4478,12,18,2025-10-21 14:08:01.489033,347480.296,6288811.93
PG482,E05,CJRX-36,2485,7,9,2025-10-21 14:08:01.489034,347480.296,6288811.93
PG482,E05,BJFZ-93,5919,17,23,2025-10-21 14:08:01.489035,347480.296,6288811.93
PB1163,B11,LDTF-42,6024,13,19,2025-10-21 14:08:03.372291,343701.306,6306479.488
PB1163,B11,SKDG-93,8986,25,60,2025-10-21 14:08:03.372296,343701.306,6306479.488
PB1163,230,GCBB-29,159,0,3,2025-10-21 14:08:03.372297,343701.306,6306479.488
PG620,206,SFWZ-91,167,0,3,2025-10-21 14:08:05.379912,347120.995,6283306.576
PG620,206,SVPX-44,5006,14,20,2025-10-21 14:08:05.379918,347120.995,6283306.576
PG620,G28,FLXJ-33,1850,7,9,2025-10-21 14:08:05.379919,347120.995,6283306.576
PG620,G28,BJFT-55,5192,16,24,2025-10-21 14:08:05.379920,347120.995,6283306.576
PG620,F06,SRVL-81,1507,5,7,2025-10-21 14:08:05.379921,347120.995,6283306.576
PG620,F06,SPZX-65,1999,7,9,2025-10-21 14:08:05.379922,347120.995,6283306.576
PA215,210,LZRD-63,36,0,3,2025-10-21 14:08:07.885417,346225.948,6298139.694
PA215,210,RWTP-94,1595,0,4,2025-10-21 14:08:07.885422,346225.948,6298139.694
PA215,210V,VFPL-35,176,0,3,2025-10-21 14:08:07.885423,346225.948,6298139.694
PA215,210V,VFPS-85,3678,11,15,2025-10-21 14:08:07.885424,346225.948,6298139.694
PA215,422,TBFR-23,2342,6,8,2025-10-21 14:08:07.885425,346225.948,6298139.694
PA215,422,TBFX-10,6921,18,26,2025-10-21 14:08:07.885425,346225.948,6298139.694
PA215,403,SKPK-26,151,0,3,2025-10-21 14:08:07.885426,346225.948,6298139.694
PA215,403,PFVG-86,988,0,3,2025-10-21 14:08:07.885427,346225.948,6298139.694
PA215,513,VHZZ-91,1,0,3,2025-10-21 14:08:07.885428,346225.948,6298139.694
PA215,513,VHXK-63,579,0,3,2025-10-21 14:08:07.885429,346225.948,6298139.694
PA215,301,FLXH-10,345,0,3,2025-10-21 14:08:07.885430,346225.948,6298139.694
PA215,301,BJFT-18,1429,6,8,2025-10-21 14:08:07.885430,346225.948,6298139.694
PA215,345,FLXD-67,1,0,3,2025-10-21 14:08:07.885431,346225.948,6298139.694
PA215,345,FLXD-64,518,0,5,2025-10-21 14:08:07.885432,346225.948,6298139.694
PA215,I09,FLXY-84,1025,0,4,2025-10-21 14:08:07.885442,346225.948,6298139.694
PA215,I09,RWRP-71,2301,5,7,2025-10-21 14:08:07.885443,346225.948,6298139.694
PA215,385,FLXK-99,5293,17,23,2025-10-21 14:08:07.885444,346225.948,6298139.694
PA215,385,FLXK-89,5521,16,24,2025-10-21 14:08:07.885445,346225.948,6298139.694
PA215,516,TBFS-48,562,0,3,2025-10-21 14:08:07.885446,346225.948,6298139.694
PA215,516,TBFP-90,2586,5,7,2025-10-21 14:08:07.885446,346225.948,6298139.694
PA215,519,TBFT-42,3442,9,13,2025-10-21 14:08:07.885447,346225.948,6298139.694
PD420,403,PFTW-45,255,0,3,2025-10-21 14:08:09.780552,357611.728,6297116.863
PD420,403,PFTW-36,1015,0,4,2025-10-21 14:08:09.780557,357611.728,6297116.863
PD420,422,PFXC-82,2322,8,12,2025-10-21 14:08:09.780559,357611.728,6297116.863
PD420,422,TBFW-45,8883,25,60,2025-10-21 14:08:09.780559,357611.728,6297116.863
PB546,315E,TWPD-82,1841,5,7,2025-10-21 14:08:11.740163,339497.234,6308167.514
PB546,315E,TWPD-90,3215,11,15,2025-10-21 14:08:11.740168,339497.234,6308167.514
PB546,B43,SJPB-36,1915,6,8,2025-10-21 14:08:11.740169,339497.234,6308167.514
PB546,B43,SJPC-83,4404,12,18,2025-10-21 14:08:11.740170,339497.234,6308167.514
PB546,307,VHSY-11,884,0,5,2025-10-21 14:08:11.740171,339497.234,6308167.514
PI1933,I35,SHXG-72,1611,4,6,2025-10-21 14:08:13.660758,331428.0,6284070.0
PI1933,I35,SHXB-37,3118,9,13,2025-10-21 14:08:13.660764,331428.0,6284070.0
PE538,323,FLXR-55,1,0,3,2025-10-21 14:08:15.646328,354501.579,6288245.906
PE538,323,FLXR-30,2451,9,11,2025-10-21 14:08:15.646333,354501.579,6288245.906
PE538,E07,BJFV-96,553,0,3,2025-10-21 14:08:15.646335,354501.579,6288245.906
PE538,E07,BJFZ-77,4585,17,25,2025-10-21 14:08:15.646335,354501.579,6288245.906
PD883,D05,SPBG-22,1,0,3,2025-10-21 14:08:17.532189,349814.464,6295062.871
PD883,D05,SPBS-57,1,0,3,2025-10-21 14:08:17.532194,349814.464,6295062.871
PH108,125,BJFT-65,4497,11,15,2025-10-21 14:08:19.494974,343784.635,6294429.426
PH108,125,BJFS-92,7246,17,25,2025-10-21 14:08:19.494979,343784.635,6294429.426
PH108,113,FLXX-69,1611,0,4,2025-10-21 14:08:19.494980,343784.635,6294429.426
PH108,113,FLXZ-58,2654,8,10,2025-10-21 14:08:19.494981,343784.635,6294429.426
PH108,H07,BJFV-29,6154,12,18,2025-10-21 14:08:19.494982,343784.635,6294429.426
PH108,I01,FLXG-91,1753,4,6,2025-10-21 14:08:19.494983,343784.635,6294429.426
PH108,I01,FLXD-81,4060,10,14,2025-10-21 14:08:19.494984,343784.635,6294429.426
PH108,115,GCBF-23,2333,5,7,2025-10-21 14:08:19.494984,343784.635,6294429.426
PH108,115,SZZY-86,2427,5,7,2025-10-21 14:08:19.494985,343784.635,6294429.426
PH496,H07,FLXF-95,1,0,3,2025-10-21 14:08:21.556560,344216.405,6294330.586
PH496,H07,BJFV-29,5480,13,17,2025-10-21 14:08:21.556565,344216.405,6294330.586
PH496,345,FLXF-35,887,0,3,2025-10-21 14:08:21.556566,344216.405,6294330.586
PH496,345,FLXD-72,6673,17,25,2025-10-21 14:08:21.556567,344216.405,6294330.586
PI832,I03,FLXJ-16,5567,14,20,2025-10-21 14:08:23.491962,340687.897,6296154.472
PI832,I03,FLXL-43,8232,21,29,2025-10-21 14:08:23.491966,340687.897,6296154.472
PJ1736,J01,FLXD-40,3727,12,16,2025-10-21 14:08:25.374597,335610.763,6296941.374
PJ1736,J01,FLXK-44,6016,18,26,2025-10-21 14:08:25.374602,335610.763,6296941.374
PC29,212,SRTK-18,1315,8,10,2025-10-21 14:08:27.248733,351322.571,6298595.801
PC29,212,LZPT-38,1501,9,13,2025-10-21 14:08:27.248738,351322.571,6298595.801
PC29,104,SKWD-20,1105,7,9,2025-10-21 14:08:27.248739,351322.571,6298595.801
PC29,104,SKWD-50,1427,8,10,2025-10-21 14:08:27.248740,351322.571,6298595.801
PF811,F11,SKVB-26,118,0,3,2025-10-21 14:08:29.277964,354209.602,6280856.955
PF811,204,VFPT-65,524,0,3,2025-10-21 14:08:29.277969,354209.602,6280856.955
PF811,712,SHXD-89,2191,6,8,2025-10-21 14:08:29.277970,354209.602,6280856.955
PF811,712,SHCW-81,2599,7,9,2025-10-21 14:08:29.277971,354209.602,6280856.955
PI1123,I02,FLXY-79,2314,7,9,2025-10-21 14:08:31.224947,336387.225,6292603.829
PI1123,I02,FLXZ-42,5427,16,22,2025-10-21 14:08:31.224954,336387.225,6292603.829
PI1123,I12,FLXY-41,1551,11,15,2025-10-21 14:08:31.224955,336387.225,6292603.829
PI1123,I12,FLXY-20,3541,25,60,2025-10-21 14:08:31.224956,336387.225,6292603.829
PG1804,G34,THTF-17,518,0,3,2025-10-21 14:08:33.397024,342881.0,6285905.0
PG1804,G22,THTD-97,795,0,3,2025-10-21 14:08:33.397029,342881.0,6285905.0
PG1804,G22,THTF-12,4837,13,17,2025-10-21 14:08:33.397030,342881.0,6285905.0
PG1804,G01,THTG-11,551,0,3,2025-10-21 14:08:33.397031,342881.0,6285905.0
PJ1679,J13C,BJFB-78,869,0,3,2025-10-21 14:08:35.309099,339095.26,6299029.309
PJ1679,J13C,BJFD-61,3228,9,13,2025-10-21 14:08:35.309104,339095.26,6299029.309
PJ1679,J04,TBFW-87,1,0,5,2025-10-21 14:08:35.309106,339095.26,6299029.309
PJ1679,J04,GCBD-75,6426,25,60,2025-10-21 14:08:35.309106,339095.26,6299029.309
PJ1679,J13,TBFT-86,1487,5,7,2025-10-21 14:08:35.309107,339095.26,6299029.309
PJ1679,J13,TBFR-48,3664,12,16,2025-10-21 14:08:35.309108,339095.26,6299029.309
PE356,E12,VFJV-14,2448,8,10,2025-10-21 14:08:37.203719,351627.35,6286941.734
PE356,E12,VFHX-24,4745,15,21,2025-10-21 14:08:37.203724,351627.35,6286941.734
PE356,E02,VKJY-11,1471,6,8,2025-10-21 14:08:37.203726,351627.35,6286941.734
PE356,E02,VKJX-50,2034,8,10,2025-10-21 14:08:37.203727,351627.35,6286941.734
PB1024,B43,SJPC-27,1448,6,8,2025-10-21 14:08:39.216350,340443.993,6307983.988
PB1024,B43,SGPY-83,7326,25,60,2025-10-21 14:08:39.216355,340443.993,6307983.988
PF1185,F01,SPVV-95,1714,5,7,2025-10-21 14:08:40.907868,358545.0,6279877.0
PF1185,F01,SPVW-62,7204,18,26,2025-10-21 14:08:40.907874,358545.0,6279877.0
PD1646,D01,SVDD-56,7626,25,60,2025-10-21 14:08:42.328378,357827.0,6294042.0
PD1646,D01,STRJ-56,8998,25,60,2025-10-21 14:08:42.328383,357827.0,6294042.0
PA340,412,LXWP-60,565,0,4,2025-10-21 14:08:44.303482,346955.878,6298376.318
PA340,412,PFVG-83,3100,14,20,2025-10-21 14:08:44.303486,346955.878,6298376.318
PA340,418,LXWP-78,684,0,4,2025-10-21 14:08:44.303487,346955.878,6298376.318
PA340,418,PFYC-34,3148,10,14,2025-10-21 14:08:44.303488,346955.878,6298376.318
PA340,401,PFBG-41,5325,17,23,2025-10-21 14:08:44.303489,346955.878,6298376.318
PA340,401,PFYH-21,10103,25,60,2025-10-21 14:08:44.303490,346955.878,6298376.318
PA340,421,PFYG-98,28,0,3,2025-10-21 14:08:44.303491,346955.878,6298376.318
PA340,421,PFYG-96,7807,19,27,2025-10-21 14:08:44.303491,346955.878,6298376.318
PA340,407,PFXC-38,4305,13,19,2025-10-21 14:08:44.303492,346955.878,6298376.318
PA340,407,PFXC-56,7894,25,60,2025-10-21 14:08:44.303493,346955.878,6298376.318
PI1073,J10,VHZW-71,371,0,3,2025-10-21 14:08:46.239485,342345.515,6297747.832
PI1073,J10,VJBB-71,1985,7,9,2025-10-21 14:08:46.239490,342345.515,6297747.832
PI1073,I03,FLXG-93,168,0,3,2025-10-21 14:08:46.239491,342345.515,6297747.832
PI1073,I03,FLXJ-23,377,0,3,2025-10-21 14:08:46.239492,342345.515,6297747.832
PI1073,I10,FLXJ-20,1,0,3,2025-10-21 14:08:46.239493,342345.515,6297747.832
PI1073,I10,FLXL-65,1125,0,5,2025-10-21 14:08:46.239493,342345.515,6297747.832
PG669,G01,THTH-29,1656,6,8,2025-10-21 14:08:48.183364,345755.341,6289103.671
PG669,G01,THTF-51,6276,18,26,2025-10-21 14:08:48.183369,345755.341,6289103.671
PJ1945,402,SKPK-37,4496,15,21,2025-10-21 14:08:50.144463,333756.117,6298166.019
PJ1945,402,PFVG-78,4586,15,21,2025-10-21 14:08:50.144468,333756.117,6298166.019
PJ1945,412,PFTW-48,6455,14,20,2025-10-21 14:08:50.144469,333756.117,6298166.019
PJ1945,412,PGBY-73,6672,15,21,2025-10-21 14:08:50.144470,333756.117,6298166.019
PJ1945,418,LXWP-67,693,0,3,2025-10-21 14:08:50.144471,333756.117,6298166.019
PJ1945,418,PFYC-43,1079,0,5,2025-10-21 14:08:50.144472,333756.117,6298166.019
PJ1945,J01,FLXD-32,575,0,3,2025-10-21 14:08:50.144473,333756.117,6298166.019
PJ1945,J01,FLXD-30,1159,0,3,2025-10-21 14:08:50.144473,333756.117,6298166.019
PJ1945,426,FLXK-37,917,0,3,2025-10-21 14:08:50.144474,333756.117,6298166.019
PJ1945,426,CJRZ-83,2871,6,8,2025-10-21 14:08:50.144475,333756.117,6298166.019
PH1452,119,BJFV-78,1045,0,5,2025-10-21 14:08:52.055319,343446.978,6290456.442
PH1452,119,CJRX-59,3783,11,15,2025-10-21 14:08:52.055324,343446.978,6290456.442
PH1452,329,FLXR-58,1860,5,7,2025-10-21 14:08:52.055325,343446.978,6290456.442
PH1452,329,FLXR-23,6546,17,25,2025-10-21 14:08:52.055326,343446.978,6290456.442
PH1452,I05,VHTB-73,1337,0,4,2025-10-21 14:08:52.055327,343446.978,6290456.442
PA562,J02,VHXF-84,3563,13,19,2025-10-21 14:08:54.017875,344236.697,6297745.241
PA562,J02,VHZX-50,6741,25,60,2025-10-21 14:08:54.017880,344236.697,6297745.241
PA562,I17,FLXZ-76,720,0,5,2025-10-21 14:08:54.017881,344236.697,6297745.241
PA562,I17,FLXG-65,1521,8,10,2025-10-21 14:08:54.017882,344236.697,6297745.241
PA562,J05,BJFB-66,300,0,5,2025-10-21 14:08:54.017883,344236.697,6297745.241
PA562,J05,FLXG-23,3419,17,23,2025-10-21 14:08:54.017883,344236.697,6297745.241
PA562,B26,FLXP-82,109,0,3,2025-10-21 14:08:54.017884,344236.697,6297745.241
PB285,B01,SHXG-99,90,0,3,2025-10-21 14:08:56.048181,343598.124,6304974.927
PB285,B01,LDJV-52,612,0,3,2025-10-21 14:08:56.048186,343598.124,6304974.927
PB285,201,GCBB-71,3474,9,13,2025-10-21 14:08:56.048187,343598.124,6304974.927
PB285,201,GCBB-47,5732,17,25,2025-10-21 14:08:56.048188,343598.124,6304974.927
PB285,272,VFPC-80,320,0,3,2025-10-21 14:08:56.048189,343598.124,6304974.927
PB285,272,GCBB-70,967,0,3,2025-10-21 14:08:56.048190,343598.124,6304974.927
PB285,308,FLXK-15,3046,10,14,2025-10-21 14:08:56.048191,343598.124,6304974.927
PB285,308,FLXH-96,5423,18,26,2025-10-21 14:08:56.048191,343598.124,6304974.927
PI1156,I14,CJRZ-73,52,0,3,2025-10-21 14:08:58.055831,339959.313,6292170.524
PI1156,I14,CJRW-22,4540,13,17,2025-10-21 14:08:58.055838,339959.313,6292170.524
PD308,D18,STSK-91,2894,7,9,2025-10-21 14:09:00.788396,355387.643,6298941.198
PD308,D18,STWB-31,5619,15,21,2025-10-21 14:09:00.788402,355387.643,6298941.198
PD308,412,PFVG-76,1745,0,4,2025-10-21 14:09:00.788403,355387.643,6298941.198
PD308,412,PFYC-79,2999,7,9,2025-10-21 14:09:00.788404,355387.643,6298941.198
PD308,517,VHZX-70,2691,9,13,2025-10-21 14:09:00.788404,355387.643,6298941.198
PD308,225,SFWZ-27,314,0,3,2025-10-21 14:09:00.788405,355387.643,6298941.198
PD308,225,SFVZ-39,1137,0,4,2025-10-21 14:09:00.788406,355387.643,6298941.198
PD308,D11,SVDF-50,2434,7,9,2025-10-21 14:09:00.788407,355387.643,6298941.198
PD308,D11,SVDD-21,4594,12,16,2025-10-21 14:09:00.788408,355387.643,6298941.198
PE774,E15C,VFKV-90,519,0,3,2025-10-21 14:09:04.705095,351174.887,6287789.363
PE774,E15C,VFJL-48,1427,0,5,2025-10-21 14:09:04.705100,351174.887,6287789.363
PE774,325,VFJD-60,2000,6,8,2025-10-21 14:09:04.705101,351174.887,6287789.363
PE774,325,VFKV-40,5782,20,28,2025-10-21 14:09:04.705102,351174.887,6287789.363
PJ923,J10,VJBB-61,2680,8,10,2025-10-21 14:09:08.620213,337861.61,6297657.854
PB1891,B03,LXDJ-18,5344,16,22,2025-10-21 14:09:10.576731,334989.561,6301796.921
PB1891,B03,SKHG-79,10602,25,60,2025-10-21 14:09:10.576736,334989.561,6301796.921
PB1891,105,SJPC-44,138,0,3,2025-10-21 14:09:10.576737,334989.561,6301796.921
PB1891,105,SJPC-56,1023,0,5,2025-10-21 14:09:10.576738,334989.561,6301796.921
PB1891,B20,SKHG-65,6122,21,29,2025-10-21 14:09:10.576739,334989.561,6301796.921
PB1891,B20,LXDJ-20,7038,25,60,2025-10-21 14:09:10.576740,334989.561,6301796.921
PB1891,B29,LXDJ-31,7908,9,11,2025-10-21 14:09:10.576741,334989.561,6301796.921
PB1891,B29,LXDJ-28,25143,25,60,2025-10-21 14:09:10.576741,334989.561,6301796.921
PG1205,G14,CJRP-16,624,0,4,2025-10-21 14:09:14.446193,342893.897,6280952.351
PG1205,G14,FLXD-13,1143,5,7,2025-10-21 14:09:14.446198,342893.897,6280952.351
PG1205,G28,BJFX-15,1281,4,6,2025-10-21 14:09:14.446200,342893.897,6280952.351
PG1205,G28,BJFX-47,2361,9,13,2025-10-21 14:09:14.446200,342893.897,6280952.351
PG1205,G32,THTF-55,130,0,3,2025-10-21 14:09:14.446201,342893.897,6280952.351
PG1205,G32,THTF-40,1097,0,5,2025-10-21 14:09:14.446202,342893.897,6280952.351
PB1465,B26,HVFH-32,1481,5,7,2025-10-21 14:09:16.353190,344170.691,6302775.849
PB1465,B26,FLXS-51,5263,20,28,2025-10-21 14:09:16.353194,344170.691,6302775.849
PF1104,210V,VGBX-29,2248,7,9,2025-10-21 14:09:18.206186,354564.52,6284724.16
PF1104,210V,VFPV-63,2258,7,9,2025-10-21 14:09:18.206191,354564.52,6284724.16
PF981,712,SHCX-28,2027,8,10,2025-10-21 14:09:20.173280,355387.465,6279385.445
PF981,712,SHCW-68,3085,14,20,2025-10-21 14:09:20.173285,355387.465,6279385.445
PF981,F01,SPVW-62,2173,6,8,2025-10-21 14:09:20.173286,355387.465,6279385.445
PF981,F01,SPVW-79,3350,13,19,2025-10-21 14:09:20.173287,355387.465,6279385.445
PF981,F29,FLXJ-38,780,0,3,2025-10-21 14:09:20.173288,355387.465,6279385.445
PF981,F29,SPVW-72,1668,4,6,2025-10-21 14:09:20.173288,355387.465,6279385.445
PC692,C03,SKDJ-69,5440,16,24,2025-10-21 14:09:22.076974,352137.855,6304454.655
PC692,C03,LWTK-43,5536,16,24,2025-10-21 14:09:22.076979,352137.855,6304454.655
PI1148,I13,FLXY-13,2067,9,11,2025-10-21 14:09:24.008912,340049.417,6293999.522
PI1148,I13,FLXY-72,3470,13,17,2025-10-21 14:09:24.008917,340049.417,6293999.522
PD518,D01,STKX-48,3792,10,14,2025-10-21 14:09:26.046273,353883.33,6297344.759
PD518,D01,SVDF-68,6637,20,28,2025-10-21 14:09:26.046278,353883.33,6297344.759
PD518,505,LZPH-41,192,0,3,2025-10-21 14:09:26.046279,353883.33,6297344.759
PD518,505,VHZX-81,477,0,3,2025-10-21 14:09:26.046280,353883.33,6297344.759
PD518,513,VHXJ-50,1394,5,7,2025-10-21 14:09:26.046281,353883.33,6297344.759
PD518,513,VHXJ-14,5599,16,22,2025-10-21 14:09:26.046282,353883.33,6297344.759
PB1197,B12,SKDF-67,1646,0,4,2025-10-21 14:09:28.792122,342082.642,6310278.37
PB1197,B12,SKDH-61,4867,12,16,2025-10-21 14:09:28.792127,342082.642,6310278.37
PB1197,B42,FLXT-25,419,0,3,2025-10-21 14:09:28.792128,342082.642,6310278.37
PB1197,B33,SHXF-20,1324,5,7,2025-10-21 14:09:28.792129,342082.642,6310278.37
PJ185,J07E,VJJX-68,4393,17,23,2025-10-21 14:09:31.143155,336603.177,6298190.878
PJ185,J10,VHZY-90,2927,9,13,2025-10-21 14:09:31.143160,336603.177,6298190.878
PJ185,J10,VHZW-71,6735,20,28,2025-10-21 14:09:31.143161,336603.177,6298190.878
PJ185,406,GCBD-11,2981,16,22,2025-10-21 14:09:31.143162,336603.177,6298190.878
PJ185,406,PFXC-78,8031,25,60,2025-10-21 14:09:31.143163,336603.177,6298190.878
PJ185,407,GCBD-54,1671,9,13,2025-10-21 14:09:31.143164,336603.177,6298190.878
PJ185,407,TBFX-51,2967,14,20,2025-10-21 14:09:31.143165,336603.177,6298190.878
PJ185,422,TBFS-59,3495,16,22,2025-10-21 14:09:31.143166,336603.177,6298190.878
PJ185,422,PFXC-41,8587,25,60,2025-10-21 14:09:31.143166,336603.177,6298190.878
PJ185,426,FLXS-94,1970,10,14,2025-10-21 14:09:31.143167,336603.177,6298190.878
PJ185,426,FLXS-82,6431,25,60,2025-10-21 14:09:31.143168,336603.177,6298190.878
PJ185,402,SKPK-37,1561,9,13,2025-10-21 14:09:31.143169,336603.177,6298190.878
PJ185,402,PFYC-75,8064,25,60,2025-10-21 14:09:31.143170,336603.177,6298190.878
PJ185,J07,VHZY-81,1651,7,9,2025-10-21 14:09:31.143170,336603.177,6298190.878
PJ185,J07,VJBB-30,3593,13,19,2025-10-21 14:09:31.143171,336603.177,6298190.878
PF189,F01,SPVW-62,4912,12,16,2025-10-21 14:09:33.292101,357624.235,6280203.357
PF189,F01,SPVW-79,6214,19,27,2025-10-21 14:09:33.292106,357624.235,6280203.357
PF189,F24,SKJP-44,4932,8,10,2025-10-21 14:09:33.292107,357624.235,6280203.357
PF189,F24,SPRW-65,7750,14,20,2025-10-21 14:09:33.292108,357624.235,6280203.357
PF189,F29,FLXJ-38,3873,10,14,2025-10-21 14:09:33.292109,357624.235,6280203.357
PF189,F29,SPVW-72,4836,12,16,2025-10-21 14:09:33.292109,357624.235,6280203.357
PF189,712,SHCX-28,5083,16,22,2025-10-21 14:09:33.292110,357624.235,6280203.357
PF189,712,SHCW-68,6094,25,60,2025-10-21 14:09:33.292111,357624.235,6280203.357
PD46,117,SPBL-98,6936,25,60,2025-10-21 14:09:35.243654,350715.374,6296094.47
PD46,117,PGKP-65,7768,25,60,2025-10-21 14:09:35.243660,350715.374,6296094.47
PD46,114,SKWD-69,2292,7,9,2025-10-21 14:09:35.243661,350715.374,6296094.47
PD46,114,SKWD-56,4231,15,21,2025-10-21 14:09:35.243662,350715.374,6296094.47
PD46,103,SPBS-65,1376,4,6,2025-10-21 14:09:35.243663,350715.374,6296094.47
PD46,103,SPBS-63,2360,7,9,2025-10-21 14:09:35.243664,350715.374,6296094.47
PJ363,507,TBFR-37,6583,25,60,2025-10-21 14:09:39.303136,337753.961,6299694.304
PJ363,507,PFXC-12,9233,25,60,2025-10-21 14:09:39.303141,337753.961,6299694.304
PJ363,518,TBFT-84,3081,8,12,2025-10-21 14:09:39.303142,337753.961,6299694.304
PJ363,518,FLXG-38,4642,13,19,2025-10-21 14:09:39.303143,337753.961,6299694.304
PJ363,J04,FLXW-35,2187,7,9,2025-10-21 14:09:39.303144,337753.961,6299694.304
PJ363,517,VJJW-18,6843,19,27,2025-10-21 14:09:39.303145,337753.961,6299694.304
PJ363,517,VHZZ-21,7758,25,60,2025-10-21 14:09:39.303145,337753.961,6299694.304
PJ363,J07,VHZZ-20,502,0,3,2025-10-21 14:09:39.303146,337753.961,6299694.304
PJ363,J07,VHZY-71,5392,25,60,2025-10-21 14:09:39.303147,337753.961,6299694.304
PJ363,J07E,VJBB-40,5510,10,14,2025-10-21 14:09:39.303148,337753.961,6299694.304
PJ363,J07E,VHXK-31,17757,25,60,2025-10-21 14:09:39.303149,337753.961,6299694.304
PJ363,503,VGVF-81,806,0,3,2025-10-21 14:09:39.303149,337753.961,6299694.304
PJ363,503,VGTX-33,900,0,4,2025-10-21 14:09:39.303150,337753.961,6299694.304
PE429,E18,BJFW-66,117,0,3,2025-10-21 14:09:40.968893,350545.111,6289223.664
PE429,E03,CJRW-16,715,0,3,2025-10-21 14:09:40.968898,350545.111,6289223.664
PE429,E03,BJFV-22,1812,8,10,2025-10-21 14:09:40.968899,350545.111,6289223.664
PB68,109,FLXW-51,1,0,3,2025-10-21 14:09:45.171547,341146.418,6302553.652
PB68,109,FLXV-87,4264,11,15,2025-10-21 14:09:45.171551,341146.418,6302553.652
PB68,B09,SHCY-49,252,0,3,2025-10-21 14:09:45.171552,341146.418,6302553.652
PB68,B09,SHCY-34,4274,20,28,2025-10-21 14:09:45.171553,341146.418,6302553.652
PB68,B20,SKHG-82,1316,5,7,2025-10-21 14:09:45.171554,341146.418,6302553.652
PB68,B20,LXDH-86,4434,15,21,2025-10-21 14:09:45.171555,341146.418,6302553.652
PB68,B29,LXDJ-28,1,0,3,2025-10-21 14:09:45.171556,341146.418,6302553.652
PB68,B29,LXDH-92,204,0,3,2025-10-21 14:09:45.171556,341146.418,6302553.652
PB68,408,LXWR-84,1612,6,8,2025-10-21 14:09:45.171557,341146.418,6302553.652
PB68,408,LXWR-72,4720,15,21,2025-10-21 14:09:45.171558,341146.418,6302553.652
PB68,110,CJRZ-78,3852,9,13,2025-10-21 14:09:45.171559,341146.418,6302553.652
PB68,110,CJRW-65,7539,25,60,2025-10-21 14:09:45.171560,341146.418,6302553.652
PB68,B03,SKHG-73,1311,4,6,2025-10-21 14:09:45.171561,341146.418,6302553.652
PB68,B03,LJDL-48,6110,25,60,2025-10-21 14:09:45.171562,341146.418,6302553.652
PB68,105,SJPC-66,335,0,3,2025-10-21 14:09:45.171562,341146.418,6302553.652
PB68,105,SJPD-93,3973,14,20,2025-10-21 14:09:45.171563,341146.418,6302553.652
PB68,410,SHXF-25,4075,25,60,2025-10-21 14:09:45.171564,341146.418,6302553.652
PI640,I24,VHSY-12,5104,8,12,2025-10-21 14:09:47.051169,340183.4,6290022.517
PI640,I24,VHSX-86,7631,17,25,2025-10-21 14:09:47.051174,340183.4,6290022.517
PI640,H03,CJRX-43,3543,5,7,2025-10-21 14:09:47.051175,340183.4,6290022.517
PI640,H03,CJRW-46,6022,13,19,2025-10-21 14:09:47.051176,340183.4,6290022.517
PI640,I12,FLXY-31,3559,8,10,2025-10-21 14:09:47.051177,340183.4,6290022.517
PI640,I12,FLXY-25,7689,25,60,2025-10-21 14:09:47.051177,340183.4,6290022.517
PC617,C14,SKPJ-47,1,0,3,2025-10-21 14:09:49.114409,352930.736,6301811.197
PC617,C14,SKPL-26,1,0,3,2025-10-21 14:09:49.114414,352930.736,6301811.197
PH735,H14,FLXP-95,1599,0,5,2025-10-21 14:09:50.945010,349903.13,6290916.11
PJ1667,505,VJJW-98,1032,0,3,2025-10-21 14:09:52.641706,339118.0,6301459.0
PJ1667,505,VHXJ-92,3230,8,10,2025-10-21 14:09:52.641711,339118.0,6301459.0
PJ1667,513,VHZX-60,3970,12,16,2025-10-21 14:09:52.641712,339118.0,6301459.0
PJ1667,513,VHXJ-34,4227,13,17,2025-10-21 14:09:52.641713,339118.0,6301459.0
PJ1667,J16,GCBC-72,5472,14,20,2025-10-21 14:09:52.641714,339118.0,6301459.0
PJ1667,J16,BFKC-97,12581,25,60,2025-10-21 14:09:52.641715,339118.0,6301459.0
PH217,E04,VKJX-53,1032,0,3,2025-10-21 14:09:54.712228,350178.0,6291123.0
PH217,E04,VKJZ-42,2937,8,12,2025-10-21 14:09:54.712234,350178.0,6291123.0
PH217,210,SXKV-90,939,0,3,2025-10-21 14:09:54.712235,350178.0,6291123.0
PH217,210,LZRD-99,1057,0,4,2025-10-21 14:09:54.712236,350178.0,6291123.0
PH217,210V,VFPX-53,1,0,3,2025-10-21 14:09:54.712237,350178.0,6291123.0
PH217,210V,VFPJ-68,5296,12,16,2025-10-21 14:09:54.712239,350178.0,6291123.0
PH217,224,VFPV-93,1,0,3,2025-10-21 14:09:54.712240,350178.0,6291123.0
PH217,224,VFRB-67,272,0,3,2025-10-21 14:09:54.712241,350178.0,6291123.0
PH217,213E,LBTT-23,4930,10,14,2025-10-21 14:09:54.712242,350178.0,6291123.0
PH217,213E,SRVF-96,7976,19,27,2025-10-21 14:09:54.712243,350178.0,6291123.0
PD279,225,SFWZ-77,3727,7,9,2025-10-21 14:09:58.671163,353258.282,6293775.003
PD279,225,SFWZ-55,4234,9,11,2025-10-21 14:09:58.671168,353258.282,6293775.003
PD279,712,SHCW-70,4005,10,14,2025-10-21 14:09:58.671169,353258.282,6293775.003
PD279,712,SJPD-87,4011,10,14,2025-10-21 14:09:58.671170,353258.282,6293775.003
PD1453,518,FLXD-51,3411,9,11,2025-10-21 14:10:00.639582,355691.05,6299906.35
PD1453,518,TBFS-45,7188,20,28,2025-10-21 14:10:00.639587,355691.05,6299906.35
PJ50,542,TBFT-25,5806,13,17,2025-10-21 14:10:03.493075,342833.769,6300812.31
PJ50,109,FLXH-82,3883,13,19,2025-10-21 14:10:03.493080,342833.769,6300812.31
PJ50,109,FLXS-95,4835,16,24,2025-10-21 14:10:03.493081,342833.769,6300812.31
PJ50,105,SJPD-96,3497,10,14,2025-10-21 14:10:03.493082,342833.769,6300812.31
PJ50,105,SHCY-17,3539,11,15,2025-10-21 14:10:03.493082,342833.769,6300812.31
PJ50,120,SKHG-42,2413,6,8,2025-10-21 14:10:03.493083,342833.769,6300812.31
PJ50,120,SJTD-56,3543,9,13,2025-10-21 14:10:03.493084,342833.769,6300812.31
PD371,D05,SPBL-65,4326,25,60,2025-10-21 14:10:05.742723,355323.731,6294729.133
PD371,D07,SVDC-87,1271,4,6,2025-10-21 14:10:05.742728,355323.731,6294729.133
PD371,D07,STRJ-57,4812,15,21,2025-10-21 14:10:05.742729,355323.731,6294729.133
PD371,D10,SVDD-18,4515,17,23,2025-10-21 14:10:05.742730,355323.731,6294729.133
PD371,D10,SVDC-71,8247,25,60,2025-10-21 14:10:05.742731,355323.731,6294729.133
PD371,418,SHCX-39,208,6,8,2025-10-21 14:10:05.742731,355323.731,6294729.133
PD371,418,SJPB-21,4237,19,27,2025-10-21 14:10:05.742732,355323.731,6294729.133
PD371,425,SJPB-22,970,0,4,2025-10-21 14:10:05.742735,355323.731,6294729.133
PD371,425,SJPC-18,1840,6,8,2025-10-21 14:10:05.742736,355323.731,6294729.133
PD371,429,SJPF-97,12467,25,60,2025-10-21 14:10:05.742736,355323.731,6294729.133
PD371,429,SLPC-50,15087,25,60,2025-10-21 14:10:05.742737,355323.731,6294729.133
PA121,204,VFPW-33,1330,5,7,2025-10-21 14:10:07.690855,347609.52,6296831.875
PH779,E04,VKJX-95,2309,5,7,2025-10-21 14:10:09.612973,348690.442,6291346.67
PH779,E04,VKJY-92,3771,9,13,2025-10-21 14:10:09.612978,348690.442,6291346.67
PD1638,D17V,PGTT-86,2034,0,5,2025-10-21 14:10:11.554344,356899.0,6293116.0
PD1638,D17V,PGLD-66,6276,13,19,2025-10-21 14:10:11.554349,356899.0,6293116.0
PC10,103,SPBS-66,507,0,3,2025-10-21 14:10:13.505202,350651.755,6298503.259
PC10,117,PGLD-54,2213,12,18,2025-10-21 14:10:13.505207,350651.755,6298503.259
PC10,117,PGLD-64,2984,16,22,2025-10-21 14:10:13.505208,350651.755,6298503.259
PH514,H05,VFPL-71,2017,8,10,2025-10-21 14:10:15.385686,345550.745,6291314.576
PH514,H05,VFPD-51,5327,18,26,2025-10-21 14:10:15.385691,345550.745,6291314.576
PE786,E14,VKJW-98,1964,7,9,2025-10-21 14:10:17.320724,353390.476,6286949.791
PJ384,J18,VJBB-70,1036,0,4,2025-10-21 14:10:19.551197,336001.114,6299667.382
PJ384,J18,VJJX-28,3473,9,13,2025-10-21 14:10:19.551202,336001.114,6299667.382
PJ384,504,PFXC-60,2059,5,7,2025-10-21 14:10:19.551203,336001.114,6299667.382
PB1430,B27,FLXS-22,1299,0,5,2025-10-21 14:10:21.505127,344828.842,6305191.824
PE478,385,FLXK-87,4258,12,18,2025-10-21 14:10:23.592121,351018.131,6290740.969
PE478,385,FLXK-78,4529,13,19,2025-10-21 14:10:23.592125,351018.131,6290740.969
PE478,D13,BJFR-75,2861,15,21,2025-10-21 14:10:23.592126,351018.131,6290740.969
PE478,D13,BJFW-42,4120,19,27,2025-10-21 14:10:23.592127,351018.131,6290740.969
PE478,E05,BJFW-26,2675,9,11,2025-10-21 14:10:23.592128,351018.131,6290740.969
PE478,E05,FLXK-46,6237,18,26,2025-10-21 14:10:23.592128,351018.131,6290740.969
PC478,504,TBFR-26,113,0,3,2025-10-21 14:10:25.937664,357516.761,6301465.484
PC478,407,TBFR-49,994,0,5,2025-10-21 14:10:25.937669,357516.761,6301465.484
PC478,C06,LWTK-55,1,0,3,2025-10-21 14:10:25.937670,357516.761,6301465.484
PC478,C09,SKPJ-52,2534,8,12,2025-10-21 14:10:25.937671,357516.761,6301465.484
PC478,C09,SKPJ-79,4369,15,21,2025-10-21 14:10:25.937672,357516.761,6301465.484
PC478,C37,SJPB-65,1616,4,6,2025-10-21 14:10:25.937673,357516.761,6301465.484
PC478,C37,SGPW-48,6113,15,21,2025-10-21 14:10:25.937673,357516.761,6301465.484
PC478,401,PFBG-21,168,0,3,2025-10-21 14:10:25.937674,357516.761,6301465.484
PC478,503,VGVG-61,568,0,3,2025-10-21 14:10:25.937675,357516.761,6301465.484
PC1074,C14,SKPK-61,591,0,3,2025-10-21 14:10:27.937674,354050.56,6305823.98
PC1074,C14,SKPP-15,2407,0,5,2025-10-21 14:10:27.937679,354050.56,6305823.98
PG704,G02,FLXX-16,3624,8,12,2025-10-21 14:10:29.856877,342637.906,6276420.865
PG704,G02,FLXX-11,6863,18,26,2025-10-21 14:10:29.856882,342637.906,6276420.865
PD800,D03,SVDC-50,1,0,3,2025-10-21 14:10:33.119591,354653.143,6296026.126
PD800,D03,SPZK-84,2072,6,8,2025-10-21 14:10:33.119596,354653.143,6296026.126
PD800,D10,SSXF-31,874,0,4,2025-10-21 14:10:33.119598,354653.143,6296026.126
PC1263,C27,SGPX-13,2028,5,7,2025-10-21 14:10:34.754541,358862.0,6304607.0
PC431,C17,SGPX-10,2984,9,13,2025-10-21 14:10:36.730784,359454.269,6308716.232
PC431,430,SHXG-39,1417,5,7,2025-10-21 14:10:36.730789,359454.269,6308716.232
PC431,430,SKPK-59,7272,25,60,2025-10-21 14:10:36.730789,359454.269,6308716.232
PC431,426,FLXK-27,6522,19,27,2025-10-21 14:10:36.730790,359454.269,6308716.232
PC431,426,BJFC-78,7023,25,60,2025-10-21 14:10:36.730791,359454.269,6308716.232
PB194,308,FLXH-40,6054,10,14,2025-10-21 14:10:38.737320,343896.908,6304460.115
PB194,308,FLXK-12,9481,25,60,2025-10-21 14:10:38.737325,343896.908,6304460.115
PE554,E07,BJFT-59,972,0,4,2025-10-21 14:10:40.634110,353941.176,6288230.322
PI1379,I01,FLXK-93,1934,5,7,2025-10-21 14:10:42.483024,341398.96,6293065.565
PI1379,I01,FLXG-16,6143,16,22,2025-10-21 14:10:42.483029,341398.96,6293065.565
PD910,325,VFJT-99,1196,0,5,2025-10-21 14:10:44.418896,351899.72,6291902.7
PD910,325,VFHW-92,6581,18,26,2025-10-21 14:10:44.418900,351899.72,6291902.7
PB1174,B11,SKDG-96,233,0,3,2025-10-21 14:10:46.360271,345825.931,6304078.761
PB1174,B11,LDTF-42,9098,25,60,2025-10-21 14:10:46.360275,345825.931,6304078.761
PG1106,G11,THTF-18,2878,8,12,2025-10-21 14:10:48.299142,347756.981,6290013.414
PG1106,G11,THTG-79,3513,10,14,2025-10-21 14:10:48.299147,347756.981,6290013.414
PH183,205,RWTP-93,4075,11,15,2025-10-21 14:10:52.192422,347446.434,6294378.313
PH183,227,VFPS-39,852,0,3,2025-10-21 14:10:52.192427,347446.434,6294378.313
PH183,227,VFPH-66,4573,13,19,2025-10-21 14:10:52.192427,347446.434,6294378.313
PH183,207,LZPW-21,1,0,3,2025-10-21 14:10:52.192428,347446.434,6294378.313
PH183,207,SRTK-28,255,0,3,2025-10-21 14:10:52.192429,347446.434,6294378.313
PH183,209,CJRP-24,255,0,3,2025-10-21 14:10:52.192430,347446.434,6294378.313
PH183,209,LZPS-13,1709,4,6,2025-10-21 14:10:52.192431,347446.434,6294378.313
PD1189,D15,SVDD-24,2217,5,7,2025-10-21 14:10:54.077944,356493.728,6297378.915
PD1189,D15,SVDC-79,3634,10,14,2025-10-21 14:10:54.077951,356493.728,6297378.915
PF469,209,LZPT-70,1,0,3,2025-10-21 14:10:56.067534,350913.654,6277882.534
PG1195,G39,SFGY-73,2567,13,19,2025-10-21 14:10:58.180659,342655.78,6283671.76
PG1195,G39,FLXH-61,5463,25,60,2025-10-21 14:10:58.180664,342655.78,6283671.76
PG1195,G14,FLXP-22,4476,12,18,2025-10-21 14:10:58.180665,342655.78,6283671.76
PG1195,G14,CJRL-62,6314,18,26,2025-10-21 14:10:58.180666,342655.78,6283671.76
PG1195,G23,SFWB-64,1115,6,8,2025-10-21 14:10:58.180666,342655.78,6283671.76
PG1195,G23,SFWZ-76,3928,14,20,2025-10-21 14:10:58.180667,342655.78,6283671.76
PG1195,G43,FLXX-27,1225,9,13,2025-10-21 14:10:58.180668,342655.78,6283671.76
PG1195,G43,FLXP-21,2444,14,20,2025-10-21 14:10:58.180669,342655.78,6283671.76
PC978,418,PFYC-44,5624,12,16,2025-10-21 14:11:02.188772,352723.349,6299660.206
PC978,418,PFYC-55,8918,25,60,2025-10-21 14:11:02.188777,352723.349,6299660.206
PC978,429,SLPC-38,4787,9,13,2025-10-21 14:11:02.188778,352723.349,6299660.206
PC978,429,SLLZ-31,4813,9,13,2025-10-21 14:11:02.188779,352723.349,6299660.206
PC978,D08,SVDF-61,305,0,3,2025-10-21 14:11:02.188780,352723.349,6299660.206
PC978,D08,SVDC-37,3344,9,13,2025-10-21 14:11:02.188781,352723.349,6299660.206
PC978,412,PFVG-76,3872,9,13,2025-10-21 14:11:02.188782,352723.349,6299660.206
PC978,412,PFYC-79,4885,13,17,2025-10-21 14:11:02.188783,352723.349,6299660.206
PC825,C09,SKPJ-52,2262,7,9,2025-10-21 14:11:04.419213,357756.938,6301770.621
PC825,C09,SKPJ-79,4309,14,20,2025-10-21 14:11:04.419217,357756.938,6301770.621
PC825,C37,SJPB-65,788,0,3,2025-10-21 14:11:04.419219,357756.938,6301770.621
PC825,C37,SGPW-48,5510,13,19,2025-10-21 14:11:04.419219,357756.938,6301770.621
PH118,H05,VFPL-71,364,0,3,2025-10-21 14:11:06.759901,346319.73,6291900.67
PH118,H05,VFPD-51,3333,10,14,2025-10-21 14:11:06.759905,346319.73,6291900.67
PH118,229,LZPW-15,4892,13,19,2025-10-21 14:11:06.759906,346319.73,6291900.67
PH118,301,BJFS-55,1782,6,8,2025-10-21 14:11:06.759907,346319.73,6291900.67
PH118,301,BJFV-10,1914,6,8,2025-10-21 14:11:06.759908,346319.73,6291900.67
PH118,H14,FLXR-26,382,0,3,2025-10-21 14:11:06.759909,346319.73,6291900.67
PH118,223,SFGY-22,2566,8,10,2025-10-21 14:11:06.759909,346319.73,6291900.67
PH118,223,SHXB-19,2695,8,10,2025-10-21 14:11:06.759910,346319.73,6291900.67
PH118,201,GCBB-84,5908,25,60,2025-10-21 14:11:06.759911,346319.73,6291900.67
PH118,201,GCBB-49,7958,25,60,2025-10-21 14:11:06.759912,346319.73,6291900.67
PH118,214,GCBC-17,363,0,3,2025-10-21 14:11:06.759913,346319.73,6291900.67
PH118,214,GCBB-64,2519,8,10,2025-10-21 14:11:06.759913,346319.73,6291900.67
PH118,226,VFPZ-39,1143,0,4,2025-10-21 14:11:06.759914,346319.73,6291900.67
PH118,226,VFRD-85,2630,8,10,2025-10-21 14:11:06.759915,346319.73,6291900.67
PH118,H24,VGRG-34,1694,4,6,2025-10-21 14:11:06.759916,346319.73,6291900.67
PH118,H24,VGRC-33,5580,15,21,2025-10-21 14:11:06.759916,346319.73,6291900.67
PH118,271,FLXX-14,5648,15,21,2025-10-21 14:11:06.759917,346319.73,6291900.67
PH118,271,TBYY-71,6461,18,26,2025-10-21 14:11:06.759918,346319.73,6291900.67
PA472,510,GCBF-28,5191,16,22,2025-10-21 14:11:08.663678,345534.2,6297600.59
PA472,510,PFXB-99,8208,25,60,2025-10-21 14:11:08.663683,345534.2,6297600.59
PI1349,113,FLXX-58,2890,0,5,2025-10-21 14:11:10.565786,336960.112,6288955.788
PI1349,113,FLXX-69,10103,21,29,2025-10-21 14:11:10.565791,336960.112,6288955.788
PI1349,115,TBFW-21,2829,0,5,2025-10-21 14:11:10.565792,336960.112,6288955.788
PI1349,115,FLXW-45,3037,4,6,2025-10-21 14:11:10.565793,336960.112,6288955.788
PB871,B04,SJPC-34,59,0,3,2025-10-21 14:11:12.271997,345407.234,6300715.433
PB871,B04,SHCX-35,377,0,3,2025-10-21 14:11:12.272002,345407.234,6300715.433
PJ202,418,PFYC-65,1031,5,7,2025-10-21 14:11:13.677707,335683.66,6298875.453
PJ202,507,TBFT-16,1060,0,3,2025-10-21 14:11:13.677712,335683.66,6298875.453
PJ202,507,GCBD-16,2193,5,7,2025-10-21 14:11:13.677713,335683.66,6298875.453
PC242,C05,LDTB-91,1364,0,4,2025-10-21 14:11:15.861234,357669.94,6305546.27
PC242,C05,LDTB-87,3357,10,14,2025-10-21 14:11:15.861239,357669.94,6305546.27
PC242,C28,SKPJ-80,1142,0,3,2025-10-21 14:11:15.861240,357669.94,6305546.27
PC242,C28,SGPY-75,3110,10,14,2025-10-21 14:11:15.861241,357669.94,6305546.27
PC242,502,BJFD-45,2266,8,10,2025-10-21 14:11:15.861242,357669.94,6305546.27
PC242,542,TBFT-57,367,0,3,2025-10-21 14:11:15.861243,357669.94,6305546.27
PC242,426,BJFD-62,1815,0,5,2025-10-21 14:11:15.861244,357669.94,6305546.27
PC242,426,BJFH-23,2451,6,8,2025-10-21 14:11:15.861244,357669.94,6305546.27
PC242,C19,SGPW-42,3172,11,15,2025-10-21 14:11:15.861245,357669.94,6305546.27
PC242,C19,SGPY-74,6852,17,25,2025-10-21 14:11:15.861246,357669.94,6305546.27
PC242,406,TBFX-44,219,0,3,2025-10-21 14:11:15.861247,357669.94,6305546.27
PC242,C13,SHXF-96,6191,17,25,2025-10-21 14:11:15.861248,357669.94,6305546.27
PC242,C13,SGPW-52,17519,25,60,2025-10-21 14:11:15.861249,357669.94,6305546.27
PC242,C16,LFGK-10,2721,7,9,2025-10-21 14:11:15.861250,357669.94,6305546.27
PC242,C16,SGPY-56,4442,13,17,2025-10-21 14:11:15.861250,357669.94,6305546.27
PC242,411,PGTV-16,893,0,3,2025-10-21 14:11:15.861251,357669.94,6305546.27
PC242,411,SPBS-59,3615,8,10,2025-10-21 14:11:15.861252,357669.94,6305546.27
PC242,C01,LCPW-30,3004,8,10,2025-10-21 14:11:15.861253,357669.94,6305546.27
PC242,C01,LCPW-44,6183,15,21,2025-10-21 14:11:15.861254,357669.94,6305546.27
PC242,C01C,PGPV-92,2082,6,8,2025-10-21 14:11:15.861255,357669.94,6305546.27
PC242,C01C,SKJL-64,3333,12,16,2025-10-21 14:11:15.861256,357669.94,6305546.27
PC242,409,SKWD-99,1953,0,5,2025-10-21 14:11:15.861256,357669.94,6305546.27
PC242,409,SKWD-65,3398,8,10,2025-10-21 14:11:15.861257,357669.94,6305546.27
PC242,430,SKPJ-54,2508,6,8,2025-10-21 14:11:15.861258,357669.94,6305546.27
PG1455,G38,THTD-84,1544,0,5,2025-10-21 14:11:17.847219,342724.35,6278205.05
PJ142,402,PFYC-75,1913,5,7,2025-10-21 14:11:19.782867,342125.973,6299023.229
PJ142,402,LXWP-57,5188,25,60,2025-10-21 14:11:19.782871,342125.973,6299023.229
PJ142,406,PFXC-78,1405,0,5,2025-10-21 14:11:19.782873,342125.973,6299023.229
PJ142,406,FLXV-83,6003,17,25,2025-10-21 14:11:19.782873,342125.973,6299023.229
PJ142,422,PFXC-41,2168,5,7,2025-10-21 14:11:19.782874,342125.973,6299023.229
PJ142,422,FLXV-98,3051,9,13,2025-10-21 14:11:19.782875,342125.973,6299023.229
PJ142,426,FLXS-82,1,0,3,2025-10-21 14:11:19.782876,342125.973,6299023.229
PJ142,426,FLXG-26,741,0,3,2025-10-21 14:11:19.782877,342125.973,6299023.229
PH629,H12,FLXD-99,5315,17,23,2025-10-21 14:11:23.677075,346448.833,6293855.612
PH629,H12,CJRW-14,6898,20,28,2025-10-21 14:11:23.677080,346448.833,6293855.612
PH629,H13,BJFX-20,4059,13,17,2025-10-21 14:11:23.677081,346448.833,6293855.612
PH629,H09,VGRC-93,1156,0,4,2025-10-21 14:11:23.677082,346448.833,6293855.612
PH629,H09,VGRG-44,5510,16,22,2025-10-21 14:11:23.677083,346448.833,6293855.612
PD110,106,PFYR-95,2118,8,10,2025-10-21 14:11:25.605289,350121.56,6297333.41
PD110,106,PFVG-59,3226,12,18,2025-10-21 14:11:25.605294,350121.56,6297333.41
PD110,126,CJRB-44,2185,8,10,2025-10-21 14:11:25.605295,350121.56,6297333.41
PB348,272,VFHV-67,3959,15,21,2025-10-21 14:11:27.812018,345893.419,6304613.492
PB348,272,VGCB-39,8855,25,60,2025-10-21 14:11:27.812023,345893.419,6304613.492
PB348,B01,LDJW-30,443,0,3,2025-10-21 14:11:27.812025,345893.419,6304613.492
PB348,B01,SKHF-49,917,0,4,2025-10-21 14:11:27.812026,345893.419,6304613.492
PI1065,I10,FLXL-62,20,0,3,2025-10-21 14:11:29.866373,337257.767,6291854.54
PI1065,I10,FLXY-62,2389,9,13,2025-10-21 14:11:29.866378,337257.767,6291854.54
PH323,119,FLXK-54,537,0,3,2025-10-21 14:11:31.487119,343488.902,6290638.14
PH323,119,BJFX-60,4112,10,14,2025-10-21 14:11:31.487124,343488.902,6290638.14
PH323,329,BJFV-74,2031,5,7,2025-10-21 14:11:31.487125,343488.902,6290638.14
PH323,329,FLXR-16,5254,12,16,2025-10-21 14:11:31.487126,343488.902,6290638.14
PF390,F07,SPRV-96,727,0,3,2025-10-21 14:11:33.058183,354350.713,6281810.291
PF390,F07,SPRW-81,2731,7,9,2025-10-21 14:11:33.058187,354350.713,6281810.291
PF104,210,LZRD-78,2326,7,9,2025-10-21 14:11:34.722664,353218.963,6283334.755
PF104,210,LZRD-62,3234,11,15,2025-10-21 14:11:34.722670,353218.963,6283334.755
PJ943,J12,FLXP-41,7271,12,16,2025-10-21 14:11:36.792219,337985.429,6297061.409
PJ943,J12,TBFR-90,14442,25,60,2025-10-21 14:11:36.792224,337985.429,6297061.409
PB1088,B28,LDJV-46,99,0,3,2025-10-21 14:11:39.759430,341650.979,6303007.862
PB1088,B28,STHD-21,1556,0,5,2025-10-21 14:11:39.759436,341650.979,6303007.862
PB1088,B24,TXZH-37,195,0,3,2025-10-21 14:11:39.759437,341650.979,6303007.862
PB1088,B24,LDJV-50,1711,0,5,2025-10-21 14:11:39.759438,341650.979,6303007.862
PI1021,I02,FLXY-75,2526,25,60,2025-10-21 14:11:41.791057,337402.762,6295229.605
PI1021,I02,FLXZ-40,2599,25,60,2025-10-21 14:11:41.791062,337402.762,6295229.605
PC138,C37,SHXD-62,216,0,3,2025-10-21 14:11:43.784279,356717.219,6302678.475
PC138,C37,SJPB-65,3626,8,12,2025-10-21 14:11:43.784283,356717.219,6302678.475
PC138,421,PFVL-11,484,0,3,2025-10-21 14:11:43.784284,356717.219,6302678.475
PC138,421,PFTV-85,6761,25,60,2025-10-21 14:11:43.784285,356717.219,6302678.475
PC138,407,TBFR-50,491,0,3,2025-10-21 14:11:43.784286,356717.219,6302678.475
PC138,407,TBFW-31,4560,11,15,2025-10-21 14:11:43.784287,356717.219,6302678.475
PC138,C02,LCPW-40,4677,9,13,2025-10-21 14:11:43.784287,356717.219,6302678.475
PC138,C02,LDJJ-66,5564,10,14,2025-10-21 14:11:43.784288,356717.219,6302678.475
PC138,C09,SKPJ-52,4723,14,20,2025-10-21 14:11:43.784289,356717.219,6302678.475
PC138,C09,SKPJ-79,6731,21,29,2025-10-21 14:11:43.784290,356717.219,6302678.475
PC138,C27,SHXF-16,76,0,3,2025-10-21 14:11:43.784291,356717.219,6302678.475
PC138,C27,SHXD-61,3060,8,10,2025-10-21 14:11:43.784291,356717.219,6302678.475
PD989,D07,SVDC-99,2377,10,14,2025-10-21 14:11:47.635454,357404.134,6294530.966
PD989,D07,SVDF-42,5397,25,60,2025-10-21 14:11:47.635459,357404.134,6294530.966
PF169,210,SXKV-96,1,0,3,2025-10-21 14:11:49.649353,353013.615,6284415.236
PF169,210,LZRB-92,59,0,3,2025-10-21 14:11:49.649358,353013.615,6284415.236
PF169,213E,LBTT-21,1,0,3,2025-10-21 14:11:49.649359,353013.615,6284415.236
PF169,213E,LBTT-23,11651,25,60,2025-10-21 14:11:49.649360,353013.615,6284415.236
PE535,323,FLXR-30,1234,0,5,2025-10-21 14:11:51.576247,353734.343,6288192.578
PE535,E07,BJFZ-77,3456,13,19,2025-10-21 14:11:51.576253,353734.343,6288192.578
PG1130,203,GCBF-46,1483,5,7,2025-10-21 14:11:55.583059,346818.414,6285388.207
PG1130,203,SRTH-11,2037,6,8,2025-10-21 14:11:55.583063,346818.414,6285388.207
PG1130,203C,SDGY-29,296,0,3,2025-10-21 14:11:55.583065,346818.414,6285388.207
PG1130,203C,SFST-37,7588,16,22,2025-10-21 14:11:55.583065,346818.414,6285388.207
PG1130,229,SDGY-43,6275,14,20,2025-10-21 14:11:55.583066,346818.414,6285388.207
PG1130,229,LZPW-15,13272,25,60,2025-10-21 14:11:55.583067,346818.414,6285388.207
PG1130,G11,THTG-90,74,0,3,2025-10-21 14:11:55.583068,346818.414,6285388.207
PG1130,G11,THTH-26,4470,14,20,2025-10-21 14:11:55.583068,346818.414,6285388.207
PD1215,505,LZPH-32,1,0,3,2025-10-21 14:11:57.814674,357671.211,6295869.358
PD1215,D15,SVDD-24,691,0,4,2025-10-21 14:11:57.814679,357671.211,6295869.358
PD1215,D15,SPBS-69,2032,9,13,2025-10-21 14:11:57.814680,357671.211,6295869.358
PI928,I04,FLXF-64,1750,7,9,2025-10-21 14:11:59.720176,340455.706,6291903.229
PI928,I04,FLXF-90,3339,8,12,2025-10-21 14:11:59.720182,340455.706,6291903.229
PD1038,D09,STWB-27,4101,13,19,2025-10-21 14:12:01.627255,352033.205,6297882.156
PD1038,D09,SVDD-68,4520,15,21,2025-10-21 14:12:01.627260,352033.205,6297882.156
PH442,H05,VFPD-51,2079,8,10,2025-10-21 14:12:03.591303,347008.892,6292184.36
PH442,H24,VGRG-34,353,0,3,2025-10-21 14:12:03.591308,347008.892,6292184.36
PH442,H24,VGRC-33,4382,12,16,2025-10-21 14:12:03.591309,347008.892,6292184.36
PJ1592,J07,VHXJ-44,3423,8,10,2025-10-21 14:12:05.538291,328121.848,6301653.594
PJ1592,J07,VHZX-10,17991,25,60,2025-10-21 14:12:05.538296,328121.848,6301653.594
PG940,G08,THTD-21,1401,0,5,2025-10-21 14:12:07.391507,343813.23,6282128.232
PG940,G08,THTF-24,5073,19,27,2025-10-21 14:12:07.391512,343813.23,6282128.232
PJ493,508,LXWR-81,611,0,3,2025-10-21 14:12:09.301689,340163.679,6300208.173
PJ493,508,LXWR-67,6091,15,21,2025-10-21 14:12:09.301694,340163.679,6300208.173
PJ493,J03,FLXD-33,2132,5,7,2025-10-21 14:12:09.301695,340163.679,6300208.173
PA247,402,LXWP-57,1668,13,17,2025-10-21 14:12:10.936118,345292.12,6299119.98
PA247,402,PFYC-57,6993,20,28,2025-10-21 14:12:10.936123,345292.12,6299119.98
PI999,348,VHSZ-37,4384,8,10,2025-10-21 14:12:12.573900,333681.896,6290649.997
PI999,348,VHSX-93,6427,12,18,2025-10-21 14:12:12.573905,333681.896,6290649.997
PI999,I07,VHSY-46,379,0,3,2025-10-21 14:12:12.573906,333681.896,6290649.997
PI999,I07,VHSY-37,7013,16,24,2025-10-21 14:12:12.573907,333681.896,6290649.997
PI243,111,FLXY-60,1710,8,10,2025-10-21 14:12:14.061184,336686.628,6295779.806
PI243,111,FLXW-76,4404,16,22,2025-10-21 14:12:14.061189,336686.628,6295779.806
PI243,I20,FLXK-92,4328,13,17,2025-10-21 14:12:14.061190,336686.628,6295779.806
PI243,516,TBFS-51,894,0,3,2025-10-21 14:12:14.061191,336686.628,6295779.806
PB117,429,SLLZ-36,443,0,3,2025-10-21 14:12:16.150610,348494.147,6304135.864
PB117,429,SLLZ-77,5089,14,20,2025-10-21 14:12:16.150616,348494.147,6304135.864
PB117,722,STHR-23,6301,14,20,2025-10-21 14:12:16.150617,348494.147,6304135.864
PB117,722,STHJ-86,11208,25,60,2025-10-21 14:12:16.150618,348494.147,6304135.864
PB117,425,SHXG-81,5156,11,15,2025-10-21 14:12:16.150619,348494.147,6304135.864
PB117,425,SJPC-20,6391,14,20,2025-10-21 14:12:16.150620,348494.147,6304135.864
PI462,405,PDZT-27,1551,5,7,2025-10-21 14:12:18.109578,334430.947,6289820.99
PI462,I26,PGPT-34,430,0,3,2025-10-21 14:12:18.109583,334430.947,6289820.99
PB1561,C06,LWTK-53,243,0,3,2025-10-21 14:12:20.248857,349337.651,6303943.621
PB1561,C06,LWTK-60,4947,5,7,2025-10-21 14:12:20.248862,349337.651,6303943.621
PB1561,117,SPBG-34,3761,17,23,2025-10-21 14:12:20.248863,349337.651,6303943.621
PB1561,117,PGBY-68,3825,16,24,2025-10-21 14:12:20.248864,349337.651,6303943.621
PB1561,272,VGCB-39,2471,7,9,2025-10-21 14:12:20.248864,349337.651,6303943.621
PB1561,272,VFPC-80,6525,19,27,2025-10-21 14:12:20.248865,349337.651,6303943.621
PD1409,107,SKWF-10,5963,16,22,2025-10-21 14:12:22.751627,355043.52,6291068.12
PD1409,107,PGPV-88,6220,17,23,2025-10-21 14:12:22.751632,355043.52,6291068.12
PD1409,117,PGLD-74,6685,19,27,2025-10-21 14:12:22.751633,355043.52,6291068.12
PD1409,117,PFYC-21,7758,25,60,2025-10-21 14:12:22.751634,355043.52,6291068.12
PD1409,418,PFYC-77,1990,7,9,2025-10-21 14:12:22.751634,355043.52,6291068.12
PD1409,508,TBFP-95,561,0,3,2025-10-21 14:12:22.751635,355043.52,6291068.12
PC612,C01,LCPW-39,2776,7,9,2025-10-21 14:12:24.716723,360256.05,6306856.05
PC612,C01,LCPW-44,2879,7,9,2025-10-21 14:12:24.716728,360256.05,6306856.05
PH1443,103,SPBS-54,1953,4,6,2025-10-21 14:12:26.724865,349088.958,6290778.703
PH1443,103,SPBP-19,3430,8,10,2025-10-21 14:12:26.724871,349088.958,6290778.703
PJ24,107,PGBY-46,1,0,3,2025-10-21 14:12:28.671844,341304.102,6299362.149
PJ24,107,PGRZ-84,2526,8,12,2025-10-21 14:12:28.671850,341304.102,6299362.149
PJ24,101,PFVC-40,2926,13,19,2025-10-21 14:12:28.671852,341304.102,6299362.149
PJ24,101,PFYR-69,8782,25,60,2025-10-21 14:12:28.671853,341304.102,6299362.149
PJ24,J02,VHZX-50,94,0,3,2025-10-21 14:12:28.671854,341304.102,6299362.149
PJ24,J02,VHXJ-81,4858,13,19,2025-10-21 14:12:28.671855,341304.102,6299362.149
PC781,C09,SHCY-31,123,0,3,2025-10-21 14:12:30.640950,359005.506,6307561.691
PC781,C19,SGPW-42,44,0,3,2025-10-21 14:12:30.640955,359005.506,6307561.691
PC781,C19,SGPY-74,3404,5,7,2025-10-21 14:12:30.640956,359005.506,6307561.691
PC781,C28,SGPY-75,81,0,3,2025-10-21 14:12:30.640957,359005.506,6307561.691
PC781,C28,SGPW-40,5438,13,19,2025-10-21 14:12:30.640958,359005.506,6307561.691
PI36,101,PFYR-69,2807,8,10,2025-10-21 14:12:32.500274,339924.959,6294489.484
PI36,481,PGPT-15,3070,9,13,2025-10-21 14:12:32.500280,339924.959,6294489.484
PI36,481,PFVD-63,8093,25,60,2025-10-21 14:12:32.500281,339924.959,6294489.484
PI36,I04,FLXY-36,6663,18,26,2025-10-21 14:12:32.500282,339924.959,6294489.484
PI36,I04,FLXY-38,15081,25,60,2025-10-21 14:12:32.500282,339924.959,6294489.484
PI36,I14,CJRZ-73,1527,0,5,2025-10-21 14:12:32.500283,339924.959,6294489.484
PI36,I14,CJRW-22,5814,12,18,2025-10-21 14:12:32.500284,339924.959,6294489.484
PG1211,G14,CJRP-16,2933,11,15,2025-10-21 14:12:33.868074,344197.1,6277996.644
PG1211,G14,FLXD-13,4240,14,20,2025-10-21 14:12:33.868079,344197.1,6277996.644
PG1211,G24,FLXP-17,2432,8,10,2025-10-21 14:12:33.868080,344197.1,6277996.644
PB970,B11,LDTF-42,6071,13,19,2025-10-21 14:12:35.794025,344285.106,6305575.954
PB970,B11,SKDG-93,9139,25,60,2025-10-21 14:12:35.794030,344285.106,6305575.954
PB970,B06,SKDJ-90,3047,11,15,2025-10-21 14:12:35.794032,344285.106,6305575.954
PB970,B06,SKDJ-78,9693,25,60,2025-10-21 14:12:35.794033,344285.106,6305575.954
PB970,B21,SGPY-95,3144,11,15,2025-10-21 14:12:35.794034,344285.106,6305575.954
PB970,B21,SPCG-79,4370,13,19,2025-10-21 14:12:35.794035,344285.106,6305575.954
PB1306,B15,SPCG-86,5664,19,27,2025-10-21 14:12:37.690515,348626.732,6302036.375
PF588,F33,SRVG-48,2380,0,4,2025-10-21 14:12:39.619942,349311.666,6278086.768
PF588,F13,SRRZ-45,1532,8,10,2025-10-21 14:12:39.619947,349311.666,6278086.768
PF588,F18,SRVG-65,3524,8,12,2025-10-21 14:12:39.619948,349311.666,6278086.768
PF588,F18,STHF-69,4674,12,16,2025-10-21 14:12:39.619949,349311.666,6278086.768
PD281,D07,SVDC-87,406,9,11,2025-10-21 14:12:43.514678,353460.833,6295066.138
PD281,D07,STRJ-57,4682,16,24,2025-10-21 14:12:43.514683,353460.833,6295066.138
PD281,D10,SVDD-18,4517,25,60,2025-10-21 14:12:43.514684,353460.833,6295066.138
PD281,D10,SVDC-71,8176,25,60,2025-10-21 14:12:43.514685,353460.833,6295066.138
PD281,225,SFWZ-77,4126,7,9,2025-10-21 14:12:43.514686,353460.833,6295066.138
PD281,225,SFWZ-55,4367,8,10,2025-10-21 14:12:43.514687,353460.833,6295066.138
PD281,712,SHCW-70,4114,10,14,2025-10-21 14:12:43.514688,353460.833,6295066.138
PD281,712,SJPD-87,4129,10,14,2025-10-21 14:12:43.514689,353460.833,6295066.138
PF675,F16,SPRW-92,1023,0,4,2025-10-21 14:12:45.390447,352314.904,6282291.185
PI722,I21,FLXL-23,3007,8,10,2025-10-21 14:12:47.260755,336245.137,6289546.299
PH575,321,CJRY-76,424,0,3,2025-10-21 14:12:49.234105,343007.55,6289581.693
PH575,H06,FLXF-31,66,0,3,2025-10-21 14:12:49.234111,343007.55,6289581.693
PH575,H06,FLXF-37,238,0,3,2025-10-21 14:12:49.234112,343007.55,6289581.693
PG2102,G02,FLXD-20,2340,9,13,2025-10-21 14:12:50.942325,340976.0,6281464.0
PG2102,G02,FLXX-10,8768,25,60,2025-10-21 14:12:50.942329,340976.0,6281464.0
PG2102,G27,THTF-59,1959,8,10,2025-10-21 14:12:50.942331,340976.0,6281464.0
PG2102,G27,THTF-19,3105,15,21,2025-10-21 14:12:50.942331,340976.0,6281464.0
PB1105,110C,GCBC-60,2729,8,12,2025-10-21 14:12:53.875641,335507.471,6303581.588
PB1105,110C,BJFC-32,6731,19,27,2025-10-21 14:12:53.875656,335507.471,6303581.588
PB1105,B09,SHCY-50,1,0,3,2025-10-21 14:12:53.875657,335507.471,6303581.588
PB1105,B09,SHCY-55,1985,6,8,2025-10-21 14:12:53.875658,335507.471,6303581.588
PB1105,B29,LXDJ-31,3349,0,5,2025-10-21 14:12:53.875659,335507.471,6303581.588
PB1105,B29,LXDJ-28,20954,25,60,2025-10-21 14:12:53.875659,335507.471,6303581.588
PA593,H07,BJFV-29,524,0,3,2025-10-21 14:12:55.823967,345795.88,6295050.4
PA593,I01,FLXD-81,1,0,3,2025-10-21 14:12:55.823972,345795.88,6295050.4
PA593,I01,FLXL-63,2821,10,14,2025-10-21 14:12:55.823973,345795.88,6295050.4
PA593,511,GCBC-92,3353,11,15,2025-10-21 14:12:55.823974,345795.88,6295050.4
PA593,511,GCBF-35,5076,17,23,2025-10-21 14:12:55.823975,345795.88,6295050.4
PJ504,508,FLXW-63,1473,0,4,2025-10-21 14:12:57.707772,342354.381,6299335.861
PJ504,508,CJRZ-81,3357,13,19,2025-10-21 14:12:57.707777,342354.381,6299335.861
PJ504,J03,FLXG-37,55,0,3,2025-10-21 14:12:57.707778,342354.381,6299335.861
PJ504,J03,CJRZ-90,3643,11,15,2025-10-21 14:12:57.707779,342354.381,6299335.861
PI1425,348,VHTB-59,2111,0,5,2025-10-21 14:12:59.621990,341305.451,6290507.813
PI1425,348,VHSX-71,5477,9,13,2025-10-21 14:12:59.621997,341305.451,6290507.813
PD973,D07,SVDF-51,4276,13,19,2025-10-21 14:13:03.619075,353552.866,6294863.127
PD973,D07,SVDC-69,4331,13,19,2025-10-21 14:13:03.619079,353552.866,6294863.127
PD973,D10,SSXF-31,3186,9,13,2025-10-21 14:13:03.619080,353552.866,6294863.127
PE576,E14,VKJX-54,1404,0,4,2025-10-21 14:13:05.530421,352861.79,6288150.999
PE576,E14,VKJX-14,1602,0,5,2025-10-21 14:13:05.530435,352861.79,6288150.999
PB1678,B01,LDJV-49,76,0,3,2025-10-21 14:13:07.406409,342860.481,6304052.814
PB1678,B01,LDJW-30,7757,19,27,2025-10-21 14:13:07.406414,342860.481,6304052.814
PJ369,503,VGTX-33,1705,5,7,2025-10-21 14:13:09.355358,336989.192,6298178.249
PJ369,503,VHLV-57,1713,5,7,2025-10-21 14:13:09.355363,336989.192,6298178.249
PJ369,511,TBFX-46,1796,5,7,2025-10-21 14:13:09.355364,336989.192,6298178.249
PJ369,511,FLXV-58,4304,12,16,2025-10-21 14:13:09.355365,336989.192,6298178.249
PJ369,J15C,GCBD-17,3096,9,13,2025-10-21 14:13:09.355366,336989.192,6298178.249
PJ369,J20,FDJX-73,1833,4,6,2025-10-21 14:13:09.355367,336989.192,6298178.249
PA62,214,GCBB-19,2407,8,12,2025-10-21 14:13:11.412994,346834.5,6294804.76
PA62,214,GCBB-17,5287,20,28,2025-10-21 14:13:11.412999,346834.5,6294804.76
PA62,226,VFPZ-78,1805,6,8,2025-10-21 14:13:11.413000,346834.5,6294804.76
PA62,229,LZPW-15,1672,5,7,2025-10-21 14:13:11.413001,346834.5,6294804.76
PA62,229,LZPT-64,3521,12,18,2025-10-21 14:13:11.413002,346834.5,6294804.76
PA62,271,FLXX-14,2331,8,10,2025-10-21 14:13:11.413003,346834.5,6294804.76
PA62,271,TBYY-71,3261,12,16,2025-10-21 14:13:11.413003,346834.5,6294804.76
PA62,301,FLXH-10,2964,9,13,2025-10-21 14:13:11.413004,346834.5,6294804.76
PA62,301,BJFT-18,3666,12,16,2025-10-21 14:13:11.413005,346834.5,6294804.76
PA62,H13,BJFW-28,77,0,3,2025-10-21 14:13:11.413006,346834.5,6294804.76
PA62,H13,CJRZ-72,2753,9,11,2025-10-21 14:13:11.413007,346834.5,6294804.76
PA62,223,SCRZ-37,2462,9,13,2025-10-21 14:13:11.413007,346834.5,6294804.76
PA62,201,GCBB-84,2682,9,13,2025-10-21 14:13:11.413008,346834.5,6294804.76
PA62,201,GCBB-49,4691,18,26,2025-10-21 14:13:11.413009,346834.5,6294804.76
PC568,505,VHZX-20,2573,10,14,2025-10-21 14:13:13.087131,349210.78,6297887.64
PC568,505,VHXJ-70,3525,15,21,2025-10-21 14:13:13.087136,349210.78,6297887.64
PC568,508,BJFH-69,508,0,3,2025-10-21 14:13:13.087137,349210.78,6297887.64
PC568,508,PFXB-15,533,0,3,2025-10-21 14:13:13.087138,349210.78,6297887.64
PC568,514,FLXX-50,1562,9,13,2025-10-21 14:13:13.087138,349210.78,6297887.64
PC568,514,TBFW-19,2468,12,18,2025-10-21 14:13:13.087139,349210.78,6297887.64
PB1995,B07,STHF-84,4600,13,17,2025-10-21 14:13:14.785122,341397.0,6307755.0
PB1995,B07,LDJW-40,5395,14,20,2025-10-21 14:13:14.785128,341397.0,6307755.0
PJ1670,507,TBFT-16,3576,9,11,2025-10-21 14:13:16.856146,334378.691,6299155.805
PJ1670,507,GCBD-16,4632,12,16,2025-10-21 14:13:16.856151,334378.691,6299155.805
PJ1670,508,BJFH-26,4323,12,16,2025-10-21 14:13:16.856152,334378.691,6299155.805
PJ1670,508,FLXD-34,4798,12,18,2025-10-21 14:13:16.856153,334378.691,6299155.805
PJ1670,514,FDJX-71,2175,6,8,2025-10-21 14:13:16.856154,334378.691,6299155.805
PJ1670,514,FDJX-79,2533,8,10,2025-10-21 14:13:16.856155,334378.691,6299155.805
PJ1670,407,TBFT-36,292,0,3,2025-10-21 14:13:16.856155,334378.691,6299155.805
PJ1670,407,TBFX-51,6091,19,27,2025-10-21 14:13:16.856156,334378.691,6299155.805
PJ1670,422,TBFR-54,2765,8,10,2025-10-21 14:13:16.856157,334378.691,6299155.805
PJ1670,422,TBFS-59,7161,25,60,2025-10-21 14:13:16.856158,334378.691,6299155.805
PJ1670,J18,VHZW-31,2247,7,9,2025-10-21 14:13:16.856159,334378.691,6299155.805
PJ1670,J18,VHZY-11,7044,19,27,2025-10-21 14:13:16.856160,334378.691,6299155.805
PE293,E01,VKJY-64,347,0,3,2025-10-21 14:13:18.747934,348764.543,6287941.542
PE293,E01,VKJZ-71,2825,7,9,2025-10-21 14:13:18.747938,348764.543,6287941.542
PB568,314,TWPD-85,546,8,12,2025-10-21 14:13:21.162660,336520.482,6307183.216
PB568,314,VHSY-39,1301,12,18,2025-10-21 14:13:21.162665,336520.482,6307183.216
PB568,B08,SHCY-58,2363,9,13,2025-10-21 14:13:21.162666,336520.482,6307183.216
PB568,B08,SHXF-23,8981,25,60,2025-10-21 14:13:21.162666,336520.482,6307183.216
PB568,425,SJPB-32,3292,17,23,2025-10-21 14:13:21.162667,336520.482,6307183.216
PB568,425,SJPB-37,3304,17,23,2025-10-21 14:13:21.162668,336520.482,6307183.216
PB568,308C,TWPC-94,4718,25,60,2025-10-21 14:13:21.162669,336520.482,6307183.216
PB568,308C,TWPD-67,6401,25,60,2025-10-21 14:13:21.162670,336520.482,6307183.216
PB568,B11,SKDG-52,2477,8,12,2025-10-21 14:13:21.162671,336520.482,6307183.216
PB568,B11,SKDH-29,9089,25,60,2025-10-21 14:13:21.162672,336520.482,6307183.216
PB568,B21,SKDF-95,3471,8,12,2025-10-21 14:13:21.162673,336520.482,6307183.216
PB568,B21,SKDG-11,3930,9,13,2025-10-21 14:13:21.162674,336520.482,6307183.216
PB568,307,FLXJ-50,2026,8,10,2025-10-21 14:13:21.162674,336520.482,6307183.216
PB568,307,VHTB-39,2442,9,13,2025-10-21 14:13:21.162675,336520.482,6307183.216
PB568,308,FLXH-36,3746,13,19,2025-10-21 14:13:21.162676,336520.482,6307183.216
PB568,308,FLXK-13,5685,19,27,2025-10-21 14:13:21.162677,336520.482,6307183.216
PB568,315E,TWPD-36,138,0,3,2025-10-21 14:13:21.162678,336520.482,6307183.216
PB568,315E,TWPD-76,194,0,3,2025-10-21 14:13:21.162679,336520.482,6307183.216
PB568,B45,TWPD-79,325,0,3,2025-10-21 14:13:21.162680,336520.482,6307183.216
PB568,B45,VHSX-96,3963,13,19,2025-10-21 14:13:21.162680,336520.482,6307183.216
PB568,B12,SKDJ-73,2330,0,5,2025-10-21 14:13:21.162681,336520.482,6307183.216
PB568,B12,SKDH-34,6318,12,16,2025-10-21 14:13:21.162682,336520.482,6307183.216
PB568,B06,SKDJ-86,1210,0,5,2025-10-21 14:13:21.162683,336520.482,6307183.216
PB568,B06,SGPY-90,3460,10,14,2025-10-21 14:13:21.162683,336520.482,6307183.216
PB568,B43,SJPB-34,1284,10,14,2025-10-21 14:13:21.162684,336520.482,6307183.216
PB568,B43,SJPC-27,7119,25,60,2025-10-21 14:13:21.162685,336520.482,6307183.216
PB568,307C,VHSZ-50,1,8,10,2025-10-21 14:13:21.162686,336520.482,6307183.216
PB568,307C,TWPC-89,3071,12,16,2025-10-21 14:13:21.162687,336520.482,6307183.216
PG466,G18,SDSW-88,273,0,3,2025-10-21 14:13:23.073710,345617.358,6288332.281
PG466,G18,SHXB-21,3083,15,21,2025-10-21 14:13:23.073715,345617.358,6288332.281
PB1350,B19,SHCX-61,6325,18,26,2025-10-21 14:13:25.074471,343710.517,6306450.792
PB712,201,GCBB-54,4366,13,17,2025-10-21 14:13:27.803544,343769.249,6304633.19
PB712,308,FLXH-40,4101,7,9,2025-10-21 14:13:27.803549,343769.249,6304633.19
PB712,308,FLXK-12,8349,25,60,2025-10-21 14:13:27.803550,343769.249,6304633.19
PC438,430,SKPJ-49,605,0,3,2025-10-21 14:13:29.772485,359503.153,6307969.995
PC438,C01,LDJT-65,2712,8,12,2025-10-21 14:13:29.772490,359503.153,6307969.995
PC438,C01,LCPW-51,4412,13,19,2025-10-21 14:13:29.772492,359503.153,6307969.995
PC438,C13,SHXF-96,1271,4,6,2025-10-21 14:13:29.772493,359503.153,6307969.995
PC438,C13,SJPB-67,9205,25,60,2025-10-21 14:13:29.772494,359503.153,6307969.995
PC438,C16,LFGJ-99,4304,9,11,2025-10-21 14:13:29.772495,359503.153,6307969.995
PG768,G07,THTD-38,3971,13,19,2025-10-21 14:13:32.425926,343263.2,6282964.147
PG768,G07,THTG-95,6830,25,60,2025-10-21 14:13:32.425931,343263.2,6282964.147
PE525,325,VFKV-40,2569,11,15,2025-10-21 14:13:34.416336,351844.487,6288812.297
PE525,325,VFJD-87,5490,19,27,2025-10-21 14:13:34.416341,351844.487,6288812.297
PE525,E07,BJFZ-77,324,0,3,2025-10-21 14:13:34.416342,351844.487,6288812.297
PE525,E07,BJFZ-33,1369,5,7,2025-10-21 14:13:34.416343,351844.487,6288812.297
PB1827,408,LZPH-37,357,0,3,2025-10-21 14:13:36.475964,338080.11,6301743.46
PB1827,408,LXWS-41,4019,10,14,2025-10-21 14:13:36.475970,338080.11,6301743.46
PB1827,110,CJRW-65,2305,8,12,2025-10-21 14:13:36.475971,338080.11,6301743.46
PB1827,110,CJRX-40,5319,19,27,2025-10-21 14:13:36.475972,338080.11,6301743.46
PB1827,110C,BJFC-32,2209,6,8,2025-10-21 14:13:36.475973,338080.11,6301743.46
PB1827,110C,FLXT-93,5492,21,29,2025-10-21 14:13:36.475974,338080.11,6301743.46
PI398,424,TBFS-22,2417,4,6,2025-10-21 14:13:38.578220,340601.676,6296365.235
PI398,424,GCBC-81,5695,13,19,2025-10-21 14:13:38.578226,340601.676,6296365.235
PI398,404,PFYC-64,1999,4,6,2025-10-21 14:13:38.578228,340601.676,6296365.235
PI398,404,PFYC-17,5659,14,20,2025-10-21 14:13:38.578229,340601.676,6296365.235
PI398,106,PFVC-46,5407,12,16,2025-10-21 14:13:38.578230,340601.676,6296365.235
PI398,106,PFYS-32,8882,25,60,2025-10-21 14:13:38.578230,340601.676,6296365.235
PI398,405,PFVK-89,330,0,3,2025-10-21 14:13:38.578231,340601.676,6296365.235
PI398,405,PFYG-63,4485,9,13,2025-10-21 14:13:38.578232,340601.676,6296365.235
PI398,421,PFVK-49,5127,13,19,2025-10-21 14:13:38.578233,340601.676,6296365.235
PI398,421,PDYH-96,6353,17,25,2025-10-21 14:13:38.578234,340601.676,6296365.235
PI398,I09,FLXZ-13,267,0,3,2025-10-21 14:13:38.578235,340601.676,6296365.235
PI398,I09,RWRP-75,4423,9,13,2025-10-21 14:13:38.578236,340601.676,6296365.235
PI398,401,PFYH-21,730,0,3,2025-10-21 14:13:38.578237,340601.676,6296365.235
PI398,401,PFYG-48,5373,13,17,2025-10-21 14:13:38.578238,340601.676,6296365.235
PI398,419,PDZS-94,1650,0,4,2025-10-21 14:13:38.578239,340601.676,6296365.235
PI398,419,PFVL-12,3458,7,9,2025-10-21 14:13:38.578240,340601.676,6296365.235
PI398,423,PFVC-59,367,0,3,2025-10-21 14:13:38.578241,340601.676,6296365.235
PI398,423,PFYR-60,6481,16,22,2025-10-21 14:13:38.578242,340601.676,6296365.235
PI398,I08,FLXX-74,2031,0,5,2025-10-21 14:13:38.578243,340601.676,6296365.235
PI398,I08,FLXY-52,4544,10,14,2025-10-21 14:13:38.578244,340601.676,6296365.235
PA608,H13,BJFW-96,1053,0,4,2025-10-21 14:13:40.510284,348675.63,6295928.173
PA608,H13,CJRB-48,3625,12,16,2025-10-21 14:13:40.510289,348675.63,6295928.173
PG287,G11,THTF-68,450,0,3,2025-10-21 14:13:42.420597,347737.876,6290034.852
PG287,G11,THTF-34,3907,11,15,2025-10-21 14:13:42.420601,347737.876,6290034.852
PG287,226,VGBV-69,2784,7,9,2025-10-21 14:13:42.420603,347737.876,6290034.852
PG287,226,VFPZ-39,4925,14,20,2025-10-21 14:13:42.420603,347737.876,6290034.852
PG287,227,VFPJ-66,2739,7,9,2025-10-21 14:13:42.420604,347737.876,6290034.852
PG287,227,VFPD-61,6021,13,19,2025-10-21 14:13:42.420605,347737.876,6290034.852
PG287,329,FLXR-17,2117,6,8,2025-10-21 14:13:42.420606,347737.876,6290034.852
PG287,329,FLXR-41,4973,15,21,2025-10-21 14:13:42.420606,347737.876,6290034.852
PJ500,508,TBFW-29,126,0,3,2025-10-21 14:13:44.399097,341858.621,6299846.963
PJ500,508,LXWR-81,1790,0,5,2025-10-21 14:13:44.399103,341858.621,6299846.963
PJ500,J03,FLXD-33,3360,8,10,2025-10-21 14:13:44.399104,341858.621,6299846.963
PE662,E10,BJFV-88,2345,7,9,2025-10-21 14:13:46.323564,350532.37,6289194.79
PF663,F02,SHCY-42,3685,11,15,2025-10-21 14:13:48.356316,352392.112,6279490.913
PF663,F15,STHF-36,4036,13,17,2025-10-21 14:13:48.356321,352392.112,6279490.913
PF663,F15,STHF-57,6857,25,60,2025-10-21 14:13:48.356322,352392.112,6279490.913
PF663,F25,SRVF-83,8235,25,60,2025-10-21 14:13:48.356323,352392.112,6279490.913
PF663,F25,LCTG-23,9671,25,60,2025-10-21 14:13:48.356324,352392.112,6279490.913
PI119,109,CJRY-63,3472,9,13,2025-10-21 14:13:50.499411,340527.921,6291104.224
PI119,109,PFWZ-57,5267,15,21,2025-10-21 14:13:50.499416,340527.921,6291104.224
PI119,108,PFYR-80,2627,7,9,2025-10-21 14:13:50.499417,340527.921,6291104.224
PI119,108,PFVC-43,5334,17,23,2025-10-21 14:13:50.499419,340527.921,6291104.224
PI119,113,FLXY-63,3270,6,8,2025-10-21 14:13:50.499420,340527.921,6291104.224
PI119,113,FLXX-61,9181,19,27,2025-10-21 14:13:50.499421,340527.921,6291104.224
PI119,115,PFXC-37,3382,6,8,2025-10-21 14:13:50.499422,340527.921,6291104.224
PI119,115,GCBD-14,6776,11,15,2025-10-21 14:13:50.499423,340527.921,6291104.224
PE832,G04,SDSW-63,1286,0,3,2025-10-21 14:13:52.536104,349357.562,6285677.758
PE832,G04,SHXB-30,1745,0,3,2025-10-21 14:13:52.536109,349357.562,6285677.758
PD803,D03,SVDC-50,134,0,3,2025-10-21 14:13:55.068715,354345.256,6296487.753
PD803,D03,SPZK-84,1997,5,7,2025-10-21 14:13:55.068720,354345.256,6296487.753
PJ982,510,PFXC-67,4919,14,20,2025-10-21 14:13:57.030930,336698.295,6295810.63
PJ982,510,TBFR-15,5039,14,20,2025-10-21 14:13:57.030935,336698.295,6295810.63
PJ982,516,GCBC-62,2976,8,10,2025-10-21 14:13:57.030937,336698.295,6295810.63
PJ982,516,TBFX-52,4041,11,15,2025-10-21 14:13:57.030938,336698.295,6295810.63
PI1932,I35,SHXG-72,94,0,3,2025-10-21 14:13:58.932136,331792.0,6283762.0
PI1932,I35,SHXB-37,1077,0,4,2025-10-21 14:13:58.932140,331792.0,6283762.0
PD70,104,LDJJ-87,285,0,3,2025-10-21 14:14:00.868857,351375.945,6292908.955
PD70,104,SKWD-93,95,0,3,2025-10-21 14:14:00.868862,351375.945,6292908.955
PD70,114,SKWD-88,172,0,3,2025-10-21 14:14:00.868863,351375.945,6292908.955
PD70,106,PFTW-68,13,0,3,2025-10-21 14:14:00.868864,351375.945,6292908.955
PD70,106,PFYS-41,2189,6,8,2025-10-21 14:14:00.868865,351375.945,6292908.955
PD70,224,VGBV-99,711,0,3,2025-10-21 14:14:00.868866,351375.945,6292908.955
PD70,224,VGBV-29,2891,9,13,2025-10-21 14:14:00.868866,351375.945,6292908.955
PD70,212,LXWT-87,115,0,3,2025-10-21 14:14:00.868867,351375.945,6292908.955
PD70,212,SRTK-23,3576,11,15,2025-10-21 14:14:00.868868,351375.945,6292908.955
PD70,126,FLXH-12,1951,6,8,2025-10-21 14:14:00.868869,351375.945,6292908.955
PD70,126,CJRB-44,7448,25,60,2025-10-21 14:14:00.868870,351375.945,6292908.955
PC300,C19,SGPY-81,1882,0,5,2025-10-21 14:14:02.967819,354891.436,6302567.587
PC300,C19,SGPW-42,6940,18,26,2025-10-21 14:14:02.967823,354891.436,6302567.587
PC300,C28,SHCV-73,2740,8,10,2025-10-21 14:14:02.967824,354891.436,6302567.587
PC300,C28,SKPJ-80,4300,11,15,2025-10-21 14:14:02.967825,354891.436,6302567.587
PC300,C01C,SPBS-48,1368,0,3,2025-10-21 14:14:02.967826,354891.436,6302567.587
PC300,C01C,PGBY-88,2750,6,8,2025-10-21 14:14:02.967827,354891.436,6302567.587
PC300,430,PGLD-68,186,0,3,2025-10-21 14:14:02.967828,354891.436,6302567.587
PC300,430,SJPC-29,1389,0,4,2025-10-21 14:14:02.967829,354891.436,6302567.587
PC300,406,SZZH-70,556,0,3,2025-10-21 14:14:02.967830,354891.436,6302567.587
PC300,406,GCBD-78,2767,7,9,2025-10-21 14:14:02.967830,354891.436,6302567.587
PC300,426,FLXD-53,1248,0,3,2025-10-21 14:14:02.967831,354891.436,6302567.587
PC300,426,BJFH-23,5091,11,15,2025-10-21 14:14:02.967832,354891.436,6302567.587
PC300,C01,LCPW-30,6397,14,20,2025-10-21 14:14:02.967833,354891.436,6302567.587
PC300,C01,LCPW-39,9359,21,29,2025-10-21 14:14:02.967834,354891.436,6302567.587
PH203,205,RWTP-80,1904,4,6,2025-10-21 14:14:04.957314,347577.47,6293368.54
PH203,205,RWTP-99,2442,6,8,2025-10-21 14:14:04.957319,347577.47,6293368.54
PH203,227,VFPJ-66,6179,13,17,2025-10-21 14:14:04.957320,347577.47,6293368.54
PH203,227,VFPD-61,9599,20,28,2025-10-21 14:14:04.957321,347577.47,6293368.54
PH203,207,TBZB-24,436,0,3,2025-10-21 14:14:04.957322,347577.47,6293368.54
PH203,207,SVPX-55,2516,5,7,2025-10-21 14:14:04.957322,347577.47,6293368.54
PH203,209,LZPT-53,1693,0,4,2025-10-21 14:14:04.957323,347577.47,6293368.54
PH203,209,SXKV-86,3409,6,8,2025-10-21 14:14:04.957324,347577.47,6293368.54
PF864,F13,SRRZ-45,1705,11,15,2025-10-21 14:14:06.936192,349851.684,6278116.752
PF864,F25,LCPG-52,230,0,3,2025-10-21 14:14:06.936196,349851.684,6278116.752
PF864,F33,SRVG-48,2523,0,4,2025-10-21 14:14:06.936197,349851.684,6278116.752
PI529,108,PFVC-45,392,0,3,2025-10-21 14:14:09.318585,334202.567,6287339.25
PI529,419,PFBG-13,250,0,3,2025-10-21 14:14:09.318590,334202.567,6287339.25
PI529,I21,FLXF-63,1184,5,7,2025-10-21 14:14:09.318591,334202.567,6287339.25
PI529,I03,FLXG-96,181,0,3,2025-10-21 14:14:09.318592,334202.567,6287339.25
PI529,506,GCBD-34,397,0,3,2025-10-21 14:14:09.318593,334202.567,6287339.25
PI529,506,TBFP-74,2446,9,13,2025-10-21 14:14:09.318593,334202.567,6287339.25
PB504,425,SHXG-42,174,0,3,2025-10-21 14:14:11.232386,342791.427,6306805.386
PB504,425,SHXG-85,254,0,3,2025-10-21 14:14:11.232391,342791.427,6306805.386
PB504,429,SLGS-89,2587,6,8,2025-10-21 14:14:11.232392,342791.427,6306805.386
PB504,429,SHCY-24,2844,6,8,2025-10-21 14:14:11.232393,342791.427,6306805.386
PC298,C28,SHCV-73,1866,6,8,2025-10-21 14:14:13.224615,355415.593,6303172.105
PC298,C28,SKPJ-80,3308,9,13,2025-10-21 14:14:13.224619,355415.593,6303172.105
PC298,C01C,SPBS-48,487,0,3,2025-10-21 14:14:13.224620,355415.593,6303172.105
PC298,C01C,PGBY-88,1840,4,6,2025-10-21 14:14:13.224621,355415.593,6303172.105
PC298,430,SJPC-29,513,0,3,2025-10-21 14:14:13.224621,355415.593,6303172.105
PC298,430,SKPJ-54,5168,13,19,2025-10-21 14:14:13.224622,355415.593,6303172.105
PC298,406,SZZH-70,1,0,3,2025-10-21 14:14:13.224623,355415.593,6303172.105
PC298,406,GCBD-78,1860,6,8,2025-10-21 14:14:13.224624,355415.593,6303172.105
PC298,426,FLXD-53,348,0,3,2025-10-21 14:14:13.224625,355415.593,6303172.105
PC298,426,BJFD-62,3955,10,14,2025-10-21 14:14:13.224626,355415.593,6303172.105
PC298,C01,LCPW-30,5535,11,15,2025-10-21 14:14:13.224627,355415.593,6303172.105
PC298,C01,LCPW-39,8406,17,25,2025-10-21 14:14:13.224627,355415.593,6303172.105
PC298,C19,SGPY-81,1096,0,3,2025-10-21 14:14:13.224628,355415.593,6303172.105
PC298,C19,SGPW-42,6195,16,24,2025-10-21 14:14:13.224629,355415.593,6303172.105
PG251,444,SKPK-31,52,0,3,2025-10-21 14:14:14.916014,344664.481,6287185.13
PG251,444,SHXF-97,5842,14,20,2025-10-21 14:14:14.916019,344664.481,6287185.13
PG251,G34,THTF-17,1240,0,5,2025-10-21 14:14:14.916020,344664.481,6287185.13
PG251,G12,SHXG-62,1,0,3,2025-10-21 14:14:14.916021,344664.481,6287185.13
PG251,223,SFGY-74,1194,0,5,2025-10-21 14:14:14.916022,344664.481,6287185.13
PG251,223,SHCV-41,2261,8,12,2025-10-21 14:14:14.916023,344664.481,6287185.13
PG251,428,SKPH-77,4257,9,11,2025-10-21 14:14:14.916023,344664.481,6287185.13
PG251,428,SLPB-53,5695,12,16,2025-10-21 14:14:14.916024,344664.481,6287185.13
PB1613,B15,SPCG-78,20,0,3,2025-10-21 14:14:19.560665,347021.989,6303582.393
PB1613,B15,SPCG-44,2803,8,10,2025-10-21 14:14:19.560669,347021.989,6303582.393
PB1613,B22,SPCG-54,1518,6,8,2025-10-21 14:14:19.560670,347021.989,6303582.393
PB1613,B22,SKPS-34,13558,25,60,2025-10-21 14:14:19.560671,347021.989,6303582.393
PD1043,D09,SVDD-49,3559,10,14,2025-10-21 14:14:21.573084,356542.624,6296253.315
PD1043,D09,SVDC-72,3823,11,15,2025-10-21 14:14:21.573089,356542.624,6296253.315
PD1043,D11,SVDF-80,2345,5,7,2025-10-21 14:14:21.573090,356542.624,6296253.315
PD1043,D11,SVDF-45,4776,12,16,2025-10-21 14:14:21.573091,356542.624,6296253.315
PD1043,513,VHZY-41,6948,25,60,2025-10-21 14:14:21.573092,356542.624,6296253.315
PD1043,513,VHZW-91,7568,25,60,2025-10-21 14:14:21.573093,356542.624,6296253.315
PI1657,423,PFYT-10,1354,0,5,2025-10-21 14:14:23.625919,336280.99,6289158.26
PI1657,I01,FLXG-60,2707,6,8,2025-10-21 14:14:23.625925,336280.99,6289158.26
PI1657,I10,FLXL-38,2570,9,13,2025-10-21 14:14:23.625926,336280.99,6289158.26
PI1657,I10,FLXZ-62,3669,12,16,2025-10-21 14:14:23.625927,336280.99,6289158.26
PI1657,421,PFBD-52,1690,6,8,2025-10-21 14:14:23.625928,336280.99,6289158.26
PI1657,421,PDZS-89,4669,15,21,2025-10-21 14:14:23.625929,336280.99,6289158.26
PJ1076,J13,TBFT-40,1291,0,5,2025-10-21 14:14:25.560808,341745.26,6297955.636
PJ1076,J13,TBFT-49,3316,12,16,2025-10-21 14:14:25.560813,341745.26,6297955.636
PE91,204,VFPL-46,62,0,3,2025-10-21 14:14:27.836647,351637.512,6284886.142
PE91,204,VFPJ-77,2856,9,11,2025-10-21 14:14:27.836651,351637.512,6284886.142
PE91,224,VGBV-55,1943,0,5,2025-10-21 14:14:27.836652,351637.512,6284886.142
PD818,D16,PGTV-19,659,0,3,2025-10-21 14:14:30.500390,354115.466,6291368.924
PD818,D16,SPBS-40,3850,11,15,2025-10-21 14:14:30.500395,354115.466,6291368.924
PD818,D20,SVDD-43,826,0,3,2025-10-21 14:14:30.500396,354115.466,6291368.924
PD818,D20,SVDF-75,3423,8,12,2025-10-21 14:14:30.500397,354115.466,6291368.924
PD818,D26,FLXS-17,1590,5,7,2025-10-21 14:14:30.500399,354115.466,6291368.924
PD818,D26,FLXS-15,3985,9,13,2025-10-21 14:14:30.500400,354115.466,6291368.924
PA824,D05,SPBS-62,68,0,3,2025-10-21 14:14:32.295276,346743.0,6294682.0
PA824,D05,SPBF-45,118,0,3,2025-10-21 14:14:32.295290,346743.0,6294682.0
PD1268,D09,SVDF-82,5434,16,22,2025-10-21 14:14:33.667475,350805.853,6297827.808
PD1268,D09,SVDC-55,5879,16,24,2025-10-21 14:14:33.667480,350805.853,6297827.808
PD856,D05,PLHK-83,1016,0,3,2025-10-21 14:14:35.579002,354520.656,6294885.53
PD856,D05,SPBF-59,1136,0,4,2025-10-21 14:14:35.579007,354520.656,6294885.53
PJ783,J06,FLXT-67,1523,0,5,2025-10-21 14:14:37.671506,339602.878,6298617.311
PI1790,I03,FLXG-53,2362,8,10,2025-10-21 14:14:39.537479,335339.32,6290446.83
PI1790,I03,FLXG-12,4877,13,19,2025-10-21 14:14:39.537484,335339.32,6290446.83
PH781,H14,FLXR-47,411,0,3,2025-10-21 14:14:41.462169,347448.437,6290319.206
PH781,H14,FLXP-95,2753,8,10,2025-10-21 14:14:41.462174,347448.437,6290319.206
PG83,201E,VFHL-46,2926,9,11,2025-10-21 14:14:43.371318,341050.697,6283444.142
PG83,201E,VFHL-39,4376,13,19,2025-10-21 14:14:43.371324,341050.697,6283444.142
PE1287,114,SKWD-82,3356,9,13,2025-10-21 14:14:47.358843,353336.956,6289847.88
PE1287,114,SKWD-36,6514,16,22,2025-10-21 14:14:47.358848,353336.956,6289847.88
PE1287,E06,CJRB-10,26,0,3,2025-10-21 14:14:47.358850,353336.956,6289847.88
PE1287,102,SRVH-33,1082,0,4,2025-10-21 14:14:47.358851,353336.956,6289847.88
PE1287,102,SPZX-78,3078,8,10,2025-10-21 14:14:47.358852,353336.956,6289847.88
PE1287,124,SRVG-68,7104,16,22,2025-10-21 14:14:47.358853,353336.956,6289847.88
PE1287,124,SRVK-11,8863,25,60,2025-10-21 14:14:47.358854,353336.956,6289847.88
PE1287,712,SHXG-95,1839,6,8,2025-10-21 14:14:47.358855,353336.956,6289847.88
PE1287,712,SHCW-67,2644,8,10,2025-10-21 14:14:47.358856,353336.956,6289847.88
PE1287,104,SKWD-28,1,0,3,2025-10-21 14:14:47.358857,353336.956,6289847.88
PE1287,104,SKWD-62,4939,13,19,2025-10-21 14:14:47.358858,353336.956,6289847.88
PF965,F16,SPRY-81,622,0,3,2025-10-21 14:14:51.462630,351337.967,6281742.598
PF965,F16,SPRY-36,5083,16,22,2025-10-21 14:14:51.462635,351337.967,6281742.598
PF965,F27,SPRW-53,3,0,3,2025-10-21 14:14:51.462637,351337.967,6281742.598
PF965,F27,SPRV-88,1651,4,6,2025-10-21 14:14:51.462638,351337.967,6281742.598
PH602,H12,CJRB-12,3680,13,17,2025-10-21 14:14:52.768485,342233.489,6290823.863
PH602,348,VHTB-59,2555,5,7,2025-10-21 14:14:52.768490,342233.489,6290823.863
PH602,348,VHSX-71,5831,10,14,2025-10-21 14:14:52.768491,342233.489,6290823.863
PE59,118,FLXX-46,492,0,3,2025-10-21 14:14:54.197059,353975.217,6290604.564
PE59,126,BJFV-15,1947,5,7,2025-10-21 14:14:54.197064,353975.217,6290604.564
PC1041,C01,LDJJ-77,3220,8,10,2025-10-21 14:14:56.161827,360584.02,6307050.25
PC1041,C01,LCSX-45,4115,9,13,2025-10-21 14:14:56.161833,360584.02,6307050.25
PC1041,C05,LFGP-26,365,0,3,2025-10-21 14:14:56.161835,360584.02,6307050.25
PC1041,C05,SKPJ-44,2287,6,8,2025-10-21 14:14:56.161836,360584.02,6307050.25
PC1041,411,PGLD-75,317,0,3,2025-10-21 14:14:56.161837,360584.02,6307050.25
PC1041,411,PGTV-15,2646,6,8,2025-10-21 14:14:56.161838,360584.02,6307050.25
PJ82,110C,PFXC-54,2072,7,9,2025-10-21 14:14:58.131687,338363.589,6297365.787
PJ82,110C,PFXC-59,4495,13,19,2025-10-21 14:14:58.131692,338363.589,6297365.787
PJ82,J01,FLXD-29,1003,0,3,2025-10-21 14:14:58.131693,338363.589,6297365.787
PJ82,J01,CJRZ-87,5805,19,27,2025-10-21 14:14:58.131694,338363.589,6297365.787
PJ82,110,CJRW-51,777,0,4,2025-10-21 14:14:58.131695,338363.589,6297365.787
PJ82,110,CJRW-58,809,0,4,2025-10-21 14:14:58.131696,338363.589,6297365.787
PJ48,120,SKHG-42,730,0,3,2025-10-21 14:15:00.135616,342739.74,6300067.1
PJ48,120,SJTD-56,1068,0,5,2025-10-21 14:15:00.135621,342739.74,6300067.1
PJ48,109,FLXH-82,2349,9,13,2025-10-21 14:15:00.135622,342739.74,6300067.1
PJ48,109,FLXS-95,3070,12,16,2025-10-21 14:15:00.135623,342739.74,6300067.1
PJ48,105,SHCY-17,1066,0,5,2025-10-21 14:15:00.135624,342739.74,6300067.1
PJ48,105,SJPD-96,1191,0,5,2025-10-21 14:15:00.135624,342739.74,6300067.1
PI168,I01,FLXY-58,6929,18,26,2025-10-21 14:15:02.024812,334435.393,6287313.858
PI168,I01,FLXF-48,9447,25,60,2025-10-21 14:15:02.024817,334435.393,6287313.858
PI168,509,FLXS-65,4063,11,15,2025-10-21 14:15:02.024818,334435.393,6287313.858
PI168,509,FDJX-64,4895,13,19,2025-10-21 14:15:02.024819,334435.393,6287313.858
PB168,116,LCPW-34,3419,13,17,2025-10-21 14:15:04.888097,347590.62,6301196.465
PB168,116,FLXJ-64,4451,16,24,2025-10-21 14:15:04.888102,347590.62,6301196.465
PB168,B15,SPCG-86,3579,13,17,2025-10-21 14:15:04.888104,347590.62,6301196.465
PB168,B15,SPCG-74,14865,25,60,2025-10-21 14:15:04.888105,347590.62,6301196.465
PG1453,G38,THTD-15,551,0,3,2025-10-21 14:15:07.001265,342318.963,6278383.797
PG1453,G38,THTF-67,4253,13,19,2025-10-21 14:15:07.001269,342318.963,6278383.797
PD927,D07,STRJ-57,28,0,3,2025-10-21 14:15:08.988700,356165.616,6293850.231
PD927,D07,SVDC-12,3937,15,21,2025-10-21 14:15:08.988705,356165.616,6293850.231
PE159,E17,BJFW-15,284,0,3,2025-10-21 14:15:11.541838,351943.941,6290307.695
PE159,E17,FLXT-43,2780,9,13,2025-10-21 14:15:11.541843,351943.941,6290307.695
PE159,118,FLXX-46,3191,8,10,2025-10-21 14:15:11.541844,351943.941,6290307.695
PE159,103,PGBY-36,4293,25,60,2025-10-21 14:15:11.541845,351943.941,6290307.695
PE159,225,SFWB-73,1,0,3,2025-10-21 14:15:11.541846,351943.941,6290307.695
PE159,225,LZPS-11,1034,0,4,2025-10-21 14:15:11.541846,351943.941,6290307.695
PE159,D13,BJFS-95,308,0,3,2025-10-21 14:15:11.541847,351943.941,6290307.695
PE159,D13,BJFR-75,4028,17,25,2025-10-21 14:15:11.541848,351943.941,6290307.695
PE159,E06,CJRB-10,2178,8,10,2025-10-21 14:15:11.541849,351943.941,6290307.695
PC1083,C03,SKDJ-69,567,0,3,2025-10-21 14:15:13.128991,353856.135,6305567.618
PC1083,C03,LWTK-43,1121,0,4,2025-10-21 14:15:13.128996,353856.135,6305567.618
PH233,G12,SFGY-80,2635,7,9,2025-10-21 14:15:14.764439,343245.212,6287792.43
PH233,G12,SCRZ-26,3035,9,11,2025-10-21 14:15:14.764444,343245.212,6287792.43
PH233,223,SHXB-23,3709,11,15,2025-10-21 14:15:14.764445,343245.212,6287792.43
PH233,223,SFGY-22,8591,25,60,2025-10-21 14:15:14.764446,343245.212,6287792.43
PI650,I01,FLXG-60,1399,0,4,2025-10-21 14:15:16.723633,335921.157,6288570.991
PG1183,G23,SFVZ-29,2697,12,16,2025-10-21 14:15:18.689281,348108.24,6282649.798
PG1183,G13,SDSW-70,1130,7,9,2025-10-21 14:15:18.689286,348108.24,6282649.798
PG1183,G13,SCRZ-12,3822,17,23,2025-10-21 14:15:18.689287,348108.24,6282649.798
PE633,E09,VKJY-98,133,0,3,2025-10-21 14:15:22.516820,350675.487,6285518.96
PE633,E09,VKJZ-10,902,0,4,2025-10-21 14:15:22.516825,350675.487,6285518.96
PC122,C02,LCPW-48,3364,10,14,2025-10-21 14:15:24.536032,355973.64,6302400.25
PC122,421,PFVK-96,1597,6,8,2025-10-21 14:15:24.536036,355973.64,6302400.25
PC122,407,GCBD-73,432,0,3,2025-10-21 14:15:24.536037,355973.64,6302400.25
PC122,407,TBFR-49,1717,5,7,2025-10-21 14:15:24.536038,355973.64,6302400.25
PF108,F20,SPZY-48,1761,5,7,2025-10-21 14:15:28.858790,352231.33,6283204.715
PF108,F20,SPZY-50,6692,17,25,2025-10-21 14:15:28.858796,352231.33,6283204.715
PF108,F14,SPRY-44,1448,5,7,2025-10-21 14:15:28.858797,352231.33,6283204.715
PF108,F14,SPRY-59,7885,25,60,2025-10-21 14:15:28.858798,352231.33,6283204.715
PF108,E16,VFKR-64,382,0,3,2025-10-21 14:15:28.858799,352231.33,6283204.715
PF108,E16,VFHX-26,3482,10,14,2025-10-21 14:15:28.858800,352231.33,6283204.715
PF108,205,LZRD-80,1992,9,11,2025-10-21 14:15:28.858801,352231.33,6283204.715
PF108,205,LZRD-90,4329,16,22,2025-10-21 14:15:28.858802,352231.33,6283204.715
PF108,F05,SRVK-82,80,0,3,2025-10-21 14:15:28.858803,352231.33,6283204.715
PF108,F05,SPZX-84,316,0,3,2025-10-21 14:15:28.858804,352231.33,6283204.715
PH753,H14,FLXR-25,468,0,3,2025-10-21 14:15:30.750797,349035.975,6290790.42
PH753,H14,FLXR-26,4373,12,16,2025-10-21 14:15:30.750803,349035.975,6290790.42
PD1102,D11,SVDD-21,74,0,3,2025-10-21 14:15:32.571998,355760.967,6297221.821
PD1102,D11,SVDC-82,4789,10,14,2025-10-21 14:15:32.572003,355760.967,6297221.821
PA371,B27,FLXT-91,795,0,3,2025-10-21 14:15:34.094036,347065.746,6298411.123
PA371,B27,FLXT-70,2490,9,13,2025-10-21 14:15:34.094040,347065.746,6298411.123
PA371,405,PDZH-75,3478,12,16,2025-10-21 14:15:34.094042,347065.746,6298411.123
PA371,405,PFYG-85,3498,12,16,2025-10-21 14:15:34.094042,347065.746,6298411.123
PA371,303,FLXF-10,2638,8,10,2025-10-21 14:15:34.094043,347065.746,6298411.123
PA371,303,FLXJ-52,2825,9,11,2025-10-21 14:15:34.094044,347065.746,6298411.123
PA371,307,VHSZ-43,1427,6,8,2025-10-21 14:15:34.094045,347065.746,6298411.123
PA371,307,VHSY-32,1768,9,11,2025-10-21 14:15:34.094046,347065.746,6298411.123
PA371,314,TWPD-88,6380,6,8,2025-10-21 14:15:34.094046,347065.746,6298411.123
PA371,314,FLXL-60,9105,7,9,2025-10-21 14:15:34.094047,347065.746,6298411.123
PA371,315E,VHSX-67,984,0,3,2025-10-21 14:15:34.094048,347065.746,6298411.123
PA371,315E,VHSX-91,1915,7,9,2025-10-21 14:15:34.094049,347065.746,6298411.123
PA371,406,PFXC-24,155,0,3,2025-10-21 14:15:34.094050,347065.746,6298411.123
PA371,406,TBFX-35,95,0,3,2025-10-21 14:15:34.094051,347065.746,6298411.123
PA371,426,FLXD-50,1833,6,8,2025-10-21 14:15:34.094052,347065.746,6298411.123
PA371,426,BJFD-66,5860,19,27,2025-10-21 14:15:34.094052,347065.746,6298411.123
PI1529,419,PFTV-98,1,0,3,2025-10-21 14:15:36.124357,335328.58,6288481.633
PI1529,419,PFBD-65,14243,25,60,2025-10-21 14:15:36.124361,335328.58,6288481.633
PI1529,506,TBFX-71,4620,13,19,2025-10-21 14:15:36.124363,335328.58,6288481.633
PI1529,506,TBFV-29,4823,14,20,2025-10-21 14:15:36.124363,335328.58,6288481.633
PI1529,506V,TBFX-23,5024,14,20,2025-10-21 14:15:36.124364,335328.58,6288481.633
PI1529,506V,TBFX-21,6183,17,23,2025-10-21 14:15:36.124365,335328.58,6288481.633
PI1529,509,FLXS-65,1976,6,8,2025-10-21 14:15:36.124366,335328.58,6288481.633
PI1529,509,FDJX-64,3077,8,12,2025-10-21 14:15:36.124367,335328.58,6288481.633
PB1165,B11,LDTF-42,4106,8,10,2025-10-21 14:15:38.041181,343552.95,6306047.965
PB1165,B11,SKDG-93,7602,17,25,2025-10-21 14:15:38.041184,343552.95,6306047.965
PI676,I01,FLXG-91,2467,7,9,2025-10-21 14:15:39.972080,341305.98,6292939.363
PI676,I01,FLXD-81,5709,13,19,2025-10-21 14:15:39.972085,341305.98,6292939.363
PG979,G08V,FLXV-16,3218,9,13,2025-10-21 14:15:41.509506,341907.727,6279959.419
PG979,G08,THTD-75,1201,10,14,2025-10-21 14:15:41.509512,341907.727,6279959.419
PG979,G08,THTD-26,1314,11,15,2025-10-21 14:15:41.509513,341907.727,6279959.419
PI700,423,PFTW-71,1,0,3,2025-10-21 14:15:43.390255,336256.444,6289575.22
PI700,423,PGPT-42,3916,12,16,2025-10-21 14:15:43.390259,336256.444,6289575.22
PI700,I21,FLXJ-19,886,0,4,2025-10-21 14:15:43.390260,336256.444,6289575.22
PI700,I01,FLXY-58,3064,9,13,2025-10-21 14:15:43.390261,336256.444,6289575.22
PI700,I01,FLXF-48,5241,14,20,2025-10-21 14:15:43.390262,336256.444,6289575.22
PI700,I10,FLXG-59,1962,7,9,2025-10-21 14:15:43.390263,336256.444,6289575.22
PI700,I10,FLXW-85,3534,13,17,2025-10-21 14:15:43.390263,336256.444,6289575.22
PI700,421,PDYR-98,3263,13,19,2025-10-21 14:15:43.390264,336256.444,6289575.22
PI700,421,PFYG-91,3303,13,19,2025-10-21 14:15:43.390265,336256.444,6289575.22
PD894,325,VFKT-50,2008,7,9,2025-10-21 14:15:45.273960,352187.32,6295346.509
PJ1697,110C,FLXT-93,1084,6,8,2025-10-21 14:15:49.208957,338472.284,6298582.101
PJ1697,110C,PFXC-54,3385,16,22,2025-10-21 14:15:49.208962,338472.284,6298582.101
PA286,121,FLXF-52,1853,5,7,2025-10-21 14:15:51.674519,345299.197,6295007.963
PA286,121,BJFX-37,4233,14,20,2025-10-21 14:15:51.674524,345299.197,6295007.963
PA286,119,FLXG-66,490,0,3,2025-10-21 14:15:51.674525,345299.197,6295007.963
PA286,119,BJFW-85,773,0,3,2025-10-21 14:15:51.674526,345299.197,6295007.963
PC849,C09,SGPY-62,1574,0,5,2025-10-21 14:15:53.131775,358423.224,6309714.46
PC849,C09,SHXF-98,3261,8,10,2025-10-21 14:15:53.131779,358423.224,6309714.46
PC849,C19,SGPY-59,1481,0,5,2025-10-21 14:15:53.131780,358423.224,6309714.46
PC849,C19,SGPY-70,6479,17,25,2025-10-21 14:15:53.131781,358423.224,6309714.46
PB1173,B11,LDTF-42,6955,17,23,2025-10-21 14:15:55.088304,345730.349,6304191.59
PB1173,B11,SKDG-93,10564,25,60,2025-10-21 14:15:55.088311,345730.349,6304191.59
PH98,113,FLXX-68,2686,6,8,2025-10-21 14:15:57.088236,345311.683,6294393.913
PH98,113,FLXY-49,4289,10,14,2025-10-21 14:15:57.088240,345311.683,6294393.913
PH98,115,TBFW-88,2857,6,8,2025-10-21 14:15:57.088242,345311.683,6294393.913
PH98,115,PFXC-37,8643,17,23,2025-10-21 14:15:57.088242,345311.683,6294393.913
PH98,125,CJRY-81,3127,8,10,2025-10-21 14:15:57.088243,345311.683,6294393.913
PH98,125,FLXG-63,6251,16,22,2025-10-21 14:15:57.088244,345311.683,6294393.913
PG1104,G11,THTF-18,730,0,3,2025-10-21 14:15:59.011414,347618.936,6289308.141
PG1104,G11,THTG-79,1034,0,4,2025-10-21 14:15:59.011419,347618.936,6289308.141
PB591,430,SJPD-76,2437,6,8,2025-10-21 14:16:01.106843,340526.946,6306308.963
PB591,430,SKPJ-45,4939,12,16,2025-10-21 14:16:01.106847,340526.946,6306308.963
PB591,435,SKPH-68,1425,0,4,2025-10-21 14:16:01.106848,340526.946,6306308.963
PB591,435,SHXG-33,7825,14,20,2025-10-21 14:16:01.106849,340526.946,6306308.963
PB591,B43,SGPY-83,367,0,3,2025-10-21 14:16:01.106850,340526.946,6306308.963
PB591,B43,SJPC-76,3721,10,14,2025-10-21 14:16:01.106851,340526.946,6306308.963
PB591,308,FLXK-13,208,0,3,2025-10-21 14:16:01.106852,340526.946,6306308.963
PB591,308,FLXJ-90,892,0,3,2025-10-21 14:16:01.106853,340526.946,6306308.963
PB591,315E,VHSZ-46,39,0,3,2025-10-21 14:16:01.106854,340526.946,6306308.963
PB591,315E,TWPD-28,5952,25,60,2025-10-21 14:16:01.106855,340526.946,6306308.963
PB591,B11,SKDH-29,3961,12,16,2025-10-21 14:16:01.106856,340526.946,6306308.963
PB591,B11,SKDJ-33,4118,13,17,2025-10-21 14:16:01.106857,340526.946,6306308.963
PD148,104,SKVD-68,446,0,3,2025-10-21 14:16:03.217450,351854.47,6292029.27
PD148,104,SKWD-28,2040,5,7,2025-10-21 14:16:03.217455,351854.47,6292029.27
PD148,114,LDSV-92,504,0,3,2025-10-21 14:16:03.217456,351854.47,6292029.27
PD148,114,SKWD-82,5747,15,21,2025-10-21 14:16:03.217457,351854.47,6292029.27
PD148,106,PGPT-37,2681,7,9,2025-10-21 14:16:03.217458,351854.47,6292029.27
PD148,106,PFYR-89,4822,14,20,2025-10-21 14:16:03.217459,351854.47,6292029.27
PD148,224,VFPH-79,10,0,3,2025-10-21 14:16:03.217460,351854.47,6292029.27
PD148,224,VFPS-89,2118,8,10,2025-10-21 14:16:03.217461,351854.47,6292029.27
PD148,212,LZPR-86,1,0,3,2025-10-21 14:16:03.217462,351854.47,6292029.27
PD148,212,SRTK-20,1,0,3,2025-10-21 14:16:03.217463,351854.47,6292029.27
PD148,126,FLXT-39,1040,0,5,2025-10-21 14:16:03.217464,351854.47,6292029.27
PD148,126,BJFV-15,4443,13,19,2025-10-21 14:16:03.217466,351854.47,6292029.27
PI1193,I10,FLXL-39,625,0,3,2025-10-21 14:16:05.187000,341475.591,6295462.524
PI1193,I10,FLXZ-80,2841,8,10,2025-10-21 14:16:05.187005,341475.591,6295462.524
PI1193,385,FLXL-21,4149,11,15,2025-10-21 14:16:05.187006,341475.591,6295462.524
PI1193,385,FLXZ-28,4711,13,19,2025-10-21 14:16:05.187007,341475.591,6295462.524
PI791,I21,FLXJ-19,2056,5,7,2025-10-21 14:16:07.089003,335163.881,6289492.281
PI1384,I25,FLXL-31,627,0,3,2025-10-21 14:16:09.031903,340234.741,6292917.363
PI1384,I25,FLXK-51,3430,11,15,2025-10-21 14:16:09.031908,340234.741,6292917.363
PI1384,I01,FLXG-16,2378,7,9,2025-10-21 14:16:09.031909,340234.741,6292917.363
PI1384,I01,FLXL-20,4945,12,18,2025-10-21 14:16:09.031910,340234.741,6292917.363
PI1384,I18,VHSX-94,3939,13,19,2025-10-21 14:16:09.031911,340234.741,6292917.363
PI1384,I18,VHTB-43,6994,25,60,2025-10-21 14:16:09.031911,340234.741,6292917.363
PB1284,B14,FLXT-46,6031,13,19,2025-10-21 14:16:10.974211,347566.433,6302537.681
PB1284,B14,HPFJ-99,6311,14,20,2025-10-21 14:16:10.974216,347566.433,6302537.681
PG93,E02,VKJX-62,1315,0,5,2025-10-21 14:16:12.717050,348204.975,6288350.551
PG93,E02,VKJY-74,5285,18,26,2025-10-21 14:16:12.717055,348204.975,6288350.551
PG93,203,SDGY-24,1841,4,6,2025-10-21 14:16:12.717056,348204.975,6288350.551
PG93,203,SXKV-99,6591,16,24,2025-10-21 14:16:12.717057,348204.975,6288350.551
PG93,206,SDGY-37,2477,7,9,2025-10-21 14:16:12.717058,348204.975,6288350.551
PG93,206,SVPX-48,4132,10,14,2025-10-21 14:16:12.717058,348204.975,6288350.551
PG93,212,LZPR-82,1,0,3,2025-10-21 14:16:12.717059,348204.975,6288350.551
PG93,212,SRTK-16,1832,0,5,2025-10-21 14:16:12.717060,348204.975,6288350.551
PG93,233,SDSW-74,1941,5,7,2025-10-21 14:16:12.717061,348204.975,6288350.551
PG93,233,SFPG-62,4733,15,21,2025-10-21 14:16:12.717062,348204.975,6288350.551
PG93,G01,THTD-56,1652,5,7,2025-10-21 14:16:12.717062,348204.975,6288350.551
PG93,G01,THTD-60,2818,8,10,2025-10-21 14:16:12.717063,348204.975,6288350.551
PG732,211,TBYY-65,1589,0,4,2025-10-21 14:16:14.236759,342376.395,6278819.325
PG732,211,TBYY-77,2891,7,9,2025-10-21 14:16:14.236764,342376.395,6278819.325
PG732,G02,FLXX-10,2719,6,8,2025-10-21 14:16:14.236765,342376.395,6278819.325
PG732,G02,CJRP-13,6993,17,25,2025-10-21 14:16:14.236766,342376.395,6278819.325
PG732,G07,THTF-11,6259,12,16,2025-10-21 14:16:14.236767,342376.395,6278819.325
PD379,425,SJPB-22,1336,5,7,2025-10-21 14:16:16.214500,353547.497,6294316.699
PD379,425,SJPC-18,2755,9,13,2025-10-21 14:16:16.214505,353547.497,6294316.699
PD379,429,SJPF-97,13301,25,60,2025-10-21 14:16:16.214506,353547.497,6294316.699
PD379,429,SLPC-50,14611,25,60,2025-10-21 14:16:16.214507,353547.497,6294316.699
PE519,E06,CJRB-10,698,0,4,2025-10-21 14:16:18.119497,352636.846,6289972.163
PJ539,I09,RWRP-78,30,0,3,2025-10-21 14:16:20.013974,341448.161,6296733.223
PJ539,I09,FLXY-99,397,0,3,2025-10-21 14:16:20.013979,341448.161,6296733.223
PG229,216,LZPT-71,2162,6,8,2025-10-21 14:16:21.615912,346685.032,6282773.075
PG229,216,SRTK-46,7413,19,27,2025-10-21 14:16:21.615917,346685.032,6282773.075
PG229,G23,SFVZ-29,3808,14,20,2025-10-21 14:16:21.615919,346685.032,6282773.075
PG229,G13,SDSW-70,2584,10,14,2025-10-21 14:16:21.615919,346685.032,6282773.075
PG229,G13,SCRZ-12,5159,20,28,2025-10-21 14:16:21.615920,346685.032,6282773.075
PG229,212,LZRB-87,1537,4,6,2025-10-21 14:16:21.615921,346685.032,6282773.075
PG229,212,LZRB-86,7425,18,26,2025-10-21 14:16:21.615922,346685.032,6282773.075
PF976,F07,SPRV-96,532,0,3,2025-10-21 14:16:23.310026,355516.328,6281962.778
PF976,F07,SPRW-81,2478,5,7,2025-10-21 14:16:23.310031,355516.328,6281962.778
PF976,F20,SPZX-67,3856,10,14,2025-10-21 14:16:23.310032,355516.328,6281962.778
PF976,F20,TXZH-47,4084,11,15,2025-10-21 14:16:23.310033,355516.328,6281962.778
PB1218,B12,SKDJ-11,1,0,3,2025-10-21 14:16:25.337969,342281.861,6309638.306
PB1218,B12,SKDF-99,8949,25,60,2025-10-21 14:16:25.337974,342281.861,6309638.306
PB1218,B42,FLXT-26,207,0,3,2025-10-21 14:16:25.337975,342281.861,6309638.306
PB1218,B42,FLXJ-94,5454,13,17,2025-10-21 14:16:25.337976,342281.861,6309638.306
PB1218,B33,SHXG-94,1,0,3,2025-10-21 14:16:25.337976,342281.861,6309638.306
PB1218,B33,SHXD-94,3463,9,11,2025-10-21 14:16:25.337977,342281.861,6309638.306
PA423,307,TWPD-59,1933,5,7,2025-10-21 14:16:27.252895,346107.48,6299078.11
PA423,307,VHSZ-43,4937,16,24,2025-10-21 14:16:27.252900,346107.48,6299078.11
PA423,314,TWPD-88,7804,20,28,2025-10-21 14:16:27.252901,346107.48,6299078.11
PA423,314,FLXL-60,9959,25,60,2025-10-21 14:16:27.252902,346107.48,6299078.11
PA423,303,FLXD-94,192,0,3,2025-10-21 14:16:27.252903,346107.48,6299078.11
PJ1641,J07,VHZX-10,9601,15,21,2025-10-21 14:16:29.201418,326724.172,6304383.478
PJ1641,J07,VHZX-31,10853,17,23,2025-10-21 14:16:29.201422,326724.172,6304383.478
PJ723,J04,GCBD-75,2438,6,8,2025-10-21 14:16:30.914366,337405.57,6300031.524
PJ723,J04,TBFT-77,2825,7,9,2025-10-21 14:16:30.914371,337405.57,6300031.524
PJ861,J10,VHZY-10,1510,5,7,2025-10-21 14:16:32.430011,339848.941,6297293.256
PJ861,J10,VJBB-61,2633,14,20,2025-10-21 14:16:32.430016,339848.941,6297293.256
PJ861,J19,VGVB-79,3613,10,14,2025-10-21 14:16:32.430017,339848.941,6297293.256
PJ861,J08,FLXT-65,2445,7,9,2025-10-21 14:16:32.430018,339848.941,6297293.256
PJ861,J08,FLXT-59,8206,19,27,2025-10-21 14:16:32.430019,339848.941,6297293.256
PG4,201,GCBB-43,482,0,3,2025-10-21 14:16:33.858265,345709.558,6289137.544
PG4,201,GCBB-48,706,0,4,2025-10-21 14:16:33.858271,345709.558,6289137.544
PG4,229,LZPW-15,6660,17,25,2025-10-21 14:16:33.858272,345709.558,6289137.544
PG4,229,LZPT-64,8780,25,60,2025-10-21 14:16:33.858273,345709.558,6289137.544
PG4,271,FLXX-14,7488,21,29,2025-10-21 14:16:33.858274,345709.558,6289137.544
PG4,271,TBYY-71,8421,25,60,2025-10-21 14:16:33.858275,345709.558,6289137.544
PG4,301,BJFV-10,2463,8,10,2025-10-21 14:16:33.858275,345709.558,6289137.544
PG4,301,CJRX-71,2527,8,10,2025-10-21 14:16:33.858276,345709.558,6289137.544
PG4,329,FLXR-23,1,0,3,2025-10-21 14:16:33.858277,345709.558,6289137.544
PG4,329,FLXR-21,3421,10,14,2025-10-21 14:16:33.858278,345709.558,6289137.544
PG4,223,SFGY-22,4060,12,16,2025-10-21 14:16:33.858279,345709.558,6289137.544
PG4,223,SHXB-19,4250,12,18,2025-10-21 14:16:33.858280,345709.558,6289137.544
PF324,F01,SPVT-79,1,0,3,2025-10-21 14:16:35.881465,352326.657,6282504.875
PF324,F07,SPRW-95,816,0,4,2025-10-21 14:16:35.881470,352326.657,6282504.875
PF324,F16,SPRW-92,1,0,3,2025-10-21 14:16:35.881471,352326.657,6282504.875
PF324,F06,SPZX-68,920,0,3,2025-10-21 14:16:35.881472,352326.657,6282504.875
PF324,F06,SPZY-51,5518,15,21,2025-10-21 14:16:35.881473,352326.657,6282504.875
PI922,I04,FLXL-11,1458,0,5,2025-10-21 14:16:39.831179,341122.873,6294591.374
PI922,I17,FLXW-95,411,0,3,2025-10-21 14:16:39.831184,341122.873,6294591.374
PI922,I17,FLXL-13,4477,13,19,2025-10-21 14:16:39.831185,341122.873,6294591.374
PD198,H05,VFPS-87,2729,9,11,2025-10-21 14:16:41.806264,349746.0,6292991.0
PD198,H05,VFPJ-11,5927,19,27,2025-10-21 14:16:41.806269,349746.0,6292991.0
PD198,H09,VGRC-23,2327,7,9,2025-10-21 14:16:41.806270,349746.0,6292991.0
PD198,H09,VGRC-93,5126,17,25,2025-10-21 14:16:41.806271,349746.0,6292991.0
PD198,H24,VGRB-73,3667,13,19,2025-10-21 14:16:41.806272,349746.0,6292991.0
PD198,H24,VGRF-65,7964,25,60,2025-10-21 14:16:41.806272,349746.0,6292991.0
PD198,213E,TXZH-42,6896,16,22,2025-10-21 14:16:41.806273,349746.0,6292991.0
PD198,213E,SRVG-77,9240,25,60,2025-10-21 14:16:41.806274,349746.0,6292991.0
PD198,210,LZRD-91,226,0,3,2025-10-21 14:16:41.806275,349746.0,6292991.0
PD198,210,LZRF-15,969,0,3,2025-10-21 14:16:41.806276,349746.0,6292991.0
PD198,210V,VGKY-42,2783,5,7,2025-10-21 14:16:41.806276,349746.0,6292991.0
PD198,210V,VFPJ-25,7337,16,24,2025-10-21 14:16:41.806277,349746.0,6292991.0
PJ42,407,TBFT-13,801,0,4,2025-10-21 14:16:43.744518,342715.804,6298499.45
PJ42,407,GCBC-88,1862,6,8,2025-10-21 14:16:43.744523,342715.804,6298499.45
PJ42,105,SJPC-66,2027,6,8,2025-10-21 14:16:43.744524,342715.804,6298499.45
PJ42,105,SJPD-93,7571,21,29,2025-10-21 14:16:43.744525,342715.804,6298499.45
PJ42,120,LFGJ-89,744,0,4,2025-10-21 14:16:43.744526,342715.804,6298499.45
PJ42,120,SKHG-33,7335,25,60,2025-10-21 14:16:43.744527,342715.804,6298499.45
PH424,385,FLXX-66,187,0,3,2025-10-21 14:16:45.640533,349212.261,6292485.449
PH424,385,RWRP-72,3171,9,13,2025-10-21 14:16:45.640538,349212.261,6292485.449
PJ1637,J07,VHXJ-44,4627,7,9,2025-10-21 14:16:47.556681,330366.977,6298805.03
PJ1637,J07,VHZX-10,18686,25,60,2025-10-21 14:16:47.556686,330366.977,6298805.03
PB1191,B12,SKDJ-93,3204,8,12,2025-10-21 14:16:48.970146,343505.479,6305708.797
PH259,H03,BJFT-10,2835,8,12,2025-10-21 14:16:50.724680,344750.769,6290849.774
PH259,H03,BJFW-43,6203,18,26,2025-10-21 14:16:50.724684,344750.769,6290849.774
PH259,H07,BJFZ-36,396,0,3,2025-10-21 14:16:50.724686,344750.769,6290849.774
PH259,H07,BJFV-29,9025,17,25,2025-10-21 14:16:50.724687,344750.769,6290849.774
PH259,H08,CJRZ-62,1794,4,6,2025-10-21 14:16:50.724687,344750.769,6290849.774
PH259,348,VHSY-43,168,0,3,2025-10-21 14:16:50.724688,344750.769,6290849.774
PH259,348,VHTB-59,4951,13,17,2025-10-21 14:16:50.724689,344750.769,6290849.774
PH259,I05,VHTB-44,2904,5,7,2025-10-21 14:16:50.724690,344750.769,6290849.774
PH259,I05,VHSY-26,5914,13,17,2025-10-21 14:16:50.724691,344750.769,6290849.774
PH259,227,VFPD-61,1445,0,4,2025-10-21 14:16:50.724692,344750.769,6290849.774
PH259,H05,VGBV-41,2362,9,13,2025-10-21 14:16:50.724693,344750.769,6290849.774
PH259,H05,VFPS-65,6474,25,60,2025-10-21 14:16:50.724694,344750.769,6290849.774
PH259,321,CJRY-76,3172,5,7,2025-10-21 14:16:50.724695,344750.769,6290849.774
PJ2,107,PGRZ-82,4446,9,13,2025-10-21 14:16:52.641455,341343.419,6301721.335
PJ2,107,PGRZ-72,4909,10,14,2025-10-21 14:16:52.641460,341343.419,6301721.335
PJ2,101,PGPT-55,4508,9,13,2025-10-21 14:16:52.641461,341343.419,6301721.335
PJ2,B38,TBFW-72,5164,4,6,2025-10-21 14:16:52.641462,341343.419,6301721.335
PJ2,B38,PFXC-76,16112,25,60,2025-10-21 14:16:52.641463,341343.419,6301721.335
PG28,211,FLXL-93,57,0,3,2025-10-21 14:16:55.394205,341815.937,6282388.498
PG28,211,TBYY-66,1874,4,6,2025-10-21 14:16:55.394210,341815.937,6282388.498
PG28,271,GCWF-74,820,0,3,2025-10-21 14:16:55.394211,341815.937,6282388.498
PG28,271,TBLT-54,5123,10,14,2025-10-21 14:16:55.394212,341815.937,6282388.498
PG28,211C,THTF-81,2534,6,8,2025-10-21 14:16:55.394213,341815.937,6282388.498
PG28,211C,THTG-89,6238,14,20,2025-10-21 14:16:55.394213,341815.937,6282388.498
PG28,G07,THTG-76,3278,12,16,2025-10-21 14:16:55.394214,341815.937,6282388.498
PG28,G07,THTG-81,6606,25,60,2025-10-21 14:16:55.394215,341815.937,6282388.498
PG28,G08,THTF-48,1426,6,8,2025-10-21 14:16:55.394216,341815.937,6282388.498
PG28,G08,THTG-93,3737,12,18,2025-10-21 14:16:55.394216,341815.937,6282388.498
PG28,201,GCBB-23,130,0,3,2025-10-21 14:16:55.394217,341815.937,6282388.498
PG28,201,GCBB-55,2452,7,9,2025-10-21 14:16:55.394218,341815.937,6282388.498
PG719,G02,CJRP-13,1260,0,5,2025-10-21 14:16:57.307988,344873.149,6276620.892
PG719,G24,FLXP-35,848,0,3,2025-10-21 14:16:57.307993,344873.149,6276620.892
PC554,C06,LWTK-55,2563,8,10,2025-10-21 14:17:01.018436,353219.198,6300674.641
PC554,C06,LWTK-66,7162,18,26,2025-10-21 14:17:01.018441,353219.198,6300674.641
PC554,517,VHZY-30,1746,5,7,2025-10-21 14:17:01.018451,353219.198,6300674.641
PC554,517,VHZX-70,5610,17,23,2025-10-21 14:17:01.018452,353219.198,6300674.641
PC554,503,VHLV-17,1736,7,9,2025-10-21 14:17:01.018452,353219.198,6300674.641
PC554,503,VGVG-61,2604,9,13,2025-10-21 14:17:01.018453,353219.198,6300674.641
PC554,722,STHJ-86,1949,7,9,2025-10-21 14:17:01.018454,353219.198,6300674.641
PC554,722,LDJP-71,5210,13,19,2025-10-21 14:17:01.018455,353219.198,6300674.641
PD1351,505,VJBC-31,2510,5,7,2025-10-21 14:17:02.381291,353837.115,6296285.87
PD1351,505,LZPH-22,4877,13,17,2025-10-21 14:17:02.381297,353837.115,6296285.87
PJ667,J18,VHZZ-90,1229,0,5,2025-10-21 14:17:04.406330,339614.864,6298889.348
PJ667,J13,TBFT-40,4281,12,16,2025-10-21 14:17:04.406335,339614.864,6298889.348
PJ667,J13,TBFT-49,5858,16,24,2025-10-21 14:17:04.406336,339614.864,6298889.348
PJ667,412,LXWP-87,1069,5,7,2025-10-21 14:17:04.406337,339614.864,6298889.348
PJ667,412,PFVG-98,3051,11,15,2025-10-21 14:17:04.406337,339614.864,6298889.348
PJ667,J02,VHXD-95,1,0,3,2025-10-21 14:17:04.406338,339614.864,6298889.348
PJ667,J02,VHXJ-82,4920,13,17,2025-10-21 14:17:04.406339,339614.864,6298889.348
PC499,501,TBFP-65,212,0,3,2025-10-21 14:17:06.351196,349322.26,6298739.27
PC499,501,GCBF-34,2341,9,13,2025-10-21 14:17:06.351200,349322.26,6298739.27
PC499,504,PFXB-41,475,0,3,2025-10-21 14:17:06.351202,349322.26,6298739.27
PC499,504,TBFW-80,2629,9,13,2025-10-21 14:17:06.351202,349322.26,6298739.27
PC499,518,BJFD-44,456,0,3,2025-10-21 14:17:06.351203,349322.26,6298739.27
PC499,518,GCBC-82,4915,14,20,2025-10-21 14:17:06.351204,349322.26,6298739.27
PC166,C02,LDJJ-66,2286,0,4,2025-10-21 14:17:08.251149,354892.688,6302440.727
PC166,C02,LCPW-40,2424,0,4,2025-10-21 14:17:08.251153,354892.688,6302440.727
PC166,401,PDYR-96,3298,9,13,2025-10-21 14:17:08.251154,354892.688,6302440.727
PC166,401,PFYG-94,5090,18,26,2025-10-21 14:17:08.251155,354892.688,6302440.727
PC166,421,PFTV-85,3986,13,19,2025-10-21 14:17:08.251156,354892.688,6302440.727
PC166,421,PFYG-89,4714,17,23,2025-10-21 14:17:08.251157,354892.688,6302440.727
PC166,407,PHSG-80,979,0,3,2025-10-21 14:17:08.251158,354892.688,6302440.727
PC166,407,TBFW-31,1199,0,4,2025-10-21 14:17:08.251158,354892.688,6302440.727
PG1056,G39,SCRZ-13,2418,5,7,2025-10-21 14:17:10.247896,341600.912,6285027.629
PG1056,G09,SFGY-66,2037,6,8,2025-10-21 14:17:10.247900,341600.912,6285027.629
PG1056,G09,HRPF-40,4498,12,16,2025-10-21 14:17:10.247901,341600.912,6285027.629
PJ852,J08,GKRL-26,828,0,5,2025-10-21 14:17:12.162680,336394.475,6296655.127
PJ852,J08,TBFX-43,6894,19,27,2025-10-21 14:17:12.162685,336394.475,6296655.127
PJ852,424,FLXL-92,1694,4,6,2025-10-21 14:17:12.162686,336394.475,6296655.127
PJ852,424,PFXB-82,5521,14,20,2025-10-21 14:17:12.162687,336394.475,6296655.127
PG102,203C,SFST-37,5407,10,14,2025-10-21 14:17:14.126832,347376.889,6285357.821
PG102,203C,LZPT-49,9258,20,28,2025-10-21 14:17:14.126837,347376.889,6285357.821
PG102,203,SDGY-24,5785,14,20,2025-10-21 14:17:14.126838,347376.889,6285357.821
PG102,203,SXKV-99,10811,25,60,2025-10-21 14:17:14.126839,347376.889,6285357.821
PA536,H07,BJFV-29,59,0,3,2025-10-21 14:17:16.098214,344792.306,6294885.353
PA536,H07,CJRW-49,3785,11,15,2025-10-21 14:17:16.098219,344792.306,6294885.353
PI53,107,SKWD-83,965,0,3,2025-10-21 14:17:18.025985,342305.854,6293926.975
PI53,107,PGTC-60,1832,0,3,2025-10-21 14:17:18.025989,342305.854,6293926.975
PI53,102,SPZX-71,2066,4,6,2025-10-21 14:17:18.025990,342305.854,6293926.975
PI53,102,SPZY-57,3725,12,18,2025-10-21 14:17:18.025991,342305.854,6293926.975
PF674,F18,SRVG-65,4506,12,16,2025-10-21 14:17:20.031973,350460.67,6277805.718
PF674,F18,STHF-69,6004,15,21,2025-10-21 14:17:20.031978,350460.67,6277805.718
PF674,F25,SRVL-35,2495,9,13,2025-10-21 14:17:20.031979,350460.67,6277805.718
PF674,F25,SRVF-83,11703,25,60,2025-10-21 14:17:20.031980,350460.67,6277805.718
PG769,G07,THTG-95,5862,25,60,2025-10-21 14:17:21.460268,343408.9,6283292.401
PG769,G07,THTF-11,12151,25,60,2025-10-21 14:17:21.460273,343408.9,6283292.401
PB971,B11,LDTF-42,4271,9,13,2025-10-21 14:17:23.240603,344413.329,6305438.48
PB971,B11,SKDG-93,8261,20,28,2025-10-21 14:17:23.240607,344413.329,6305438.48
PB971,B06,SKDJ-90,3015,11,15,2025-10-21 14:17:23.240608,344413.329,6305438.48
PB971,B06,SKDJ-78,8870,25,60,2025-10-21 14:17:23.240609,344413.329,6305438.48
PB971,B21,SGPY-95,3148,11,15,2025-10-21 14:17:23.240610,344413.329,6305438.48
PB971,B21,SKDJ-25,7977,25,60,2025-10-21 14:17:23.240611,344413.329,6305438.48
PF801,F29,SPVW-78,5645,15,21,2025-10-21 14:17:25.175370,352790.35,6279978.616
PF801,F29,SPVW-92,8508,25,60,2025-10-21 14:17:25.175376,352790.35,6279978.616
PF801,F25,LCTG-29,1206,0,4,2025-10-21 14:17:25.175377,352790.35,6279978.616
PF801,F25,LCPG-52,3686,9,13,2025-10-21 14:17:25.175378,352790.35,6279978.616
PI1858,401,PFYG-65,1,0,3,2025-10-21 14:17:27.363548,332745.33,6289490.87
PI1858,401,PFTF-89,2283,8,10,2025-10-21 14:17:27.363553,332745.33,6289490.87
PI1858,405,PFVK-97,454,0,3,2025-10-21 14:17:27.363555,332745.33,6289490.87
PI1858,405,PFTF-87,6922,20,28,2025-10-21 14:17:27.363556,332745.33,6289490.87
PI1858,421,PFYG-99,2740,9,11,2025-10-21 14:17:27.363557,332745.33,6289490.87
PI1858,421,PFYG-91,8332,25,60,2025-10-21 14:17:27.363558,332745.33,6289490.87
PI1858,I26,PGPS-99,3934,12,16,2025-10-21 14:17:27.363559,332745.33,6289490.87
PI1858,I26,PFVG-38,6505,21,29,2025-10-21 14:17:27.363559,332745.33,6289490.87
PI1858,109,FLXV-62,4353,10,14,2025-10-21 14:17:27.363560,332745.33,6289490.87
PI1858,109,FLXS-77,4571,11,15,2025-10-21 14:17:27.363561,332745.33,6289490.87
PI1858,106,PGPT-54,1301,0,5,2025-10-21 14:17:27.363562,332745.33,6289490.87
PI1858,106,PFVD-58,2530,8,10,2025-10-21 14:17:27.363563,332745.33,6289490.87
PI1858,108,PFYS-99,4930,12,16,2025-10-21 14:17:27.363564,332745.33,6289490.87
PI1858,108,PFYS-33,5130,13,17,2025-10-21 14:17:27.363565,332745.33,6289490.87
PG370,G24,FLXP-26,1619,0,5,2025-10-21 14:17:29.925092,344158.788,6281672.931
PG370,G24,FLXP-35,5919,13,19,2025-10-21 14:17:29.925097,344158.788,6281672.931
PG370,301,BJFV-83,449,0,3,2025-10-21 14:17:29.925099,344158.788,6281672.931
PG370,301C,BJFW-67,105,0,3,2025-10-21 14:17:29.925100,344158.788,6281672.931
PG370,G28,BJFW-87,4447,13,17,2025-10-21 14:17:29.925101,344158.788,6281672.931
PG370,G38,THTG-60,1641,0,4,2025-10-21 14:17:29.925102,344158.788,6281672.931
PG370,G38,THTD-84,5230,16,22,2025-10-21 14:17:29.925103,344158.788,6281672.931
PE833,G04,SDSW-63,518,0,3,2025-10-21 14:17:35.085076,349108.32,6285607.52
PE833,G04,SHXB-30,997,0,5,2025-10-21 14:17:35.085081,349108.32,6285607.52
PE833,G01,THTF-79,2027,6,8,2025-10-21 14:17:35.085082,349108.32,6285607.52
PE833,G18,SCRZ-18,2224,6,8,2025-10-21 14:17:35.085083,349108.32,6285607.52
PE38,E17,FLXT-37,46,0,3,2025-10-21 14:17:37.013416,355199.426,6290400.553
PE38,E17,FLXK-60,2695,9,13,2025-10-21 14:17:37.013422,355199.426,6290400.553
PE38,118,BJFF-52,5720,16,24,2025-10-21 14:17:37.013423,355199.426,6290400.553
PE38,118,FLXX-81,5816,17,25,2025-10-21 14:17:37.013424,355199.426,6290400.553
PE38,126,BJFV-20,355,0,3,2025-10-21 14:17:37.013426,355199.426,6290400.553
PE38,126,FLXT-38,2802,8,10,2025-10-21 14:17:37.013427,355199.426,6290400.553
PJ167,418,PGLD-42,1704,6,8,2025-10-21 14:17:39.058736,334946.52,6298067.29
PJ167,503,VGTX-33,2883,7,9,2025-10-21 14:17:39.058741,334946.52,6298067.29
PJ167,503,VHLV-57,2992,8,10,2025-10-21 14:17:39.058742,334946.52,6298067.29
PA658,507,TBFR-47,1385,0,5,2025-10-21 14:17:40.972597,346709.168,6296523.7
PA658,507,PFWZ-86,4814,17,25,2025-10-21 14:17:40.972602,346709.168,6296523.7
PA658,510,TBFR-31,454,0,3,2025-10-21 14:17:40.972603,346709.168,6296523.7
PA658,510,PFXC-61,4320,12,18,2025-10-21 14:17:40.972604,346709.168,6296523.7
PA658,506,TBFX-80,25,0,3,2025-10-21 14:17:40.972605,346709.168,6296523.7
PA658,506,TBFV-89,1622,5,7,2025-10-21 14:17:40.972605,346709.168,6296523.7
PA658,506V,PFXC-33,66,0,3,2025-10-21 14:17:40.972606,346709.168,6296523.7
PA658,506V,GCBC-44,1241,0,5,2025-10-21 14:17:40.972607,346709.168,6296523.7
PD44,114,SKWD-56,1526,0,4,2025-10-21 14:17:42.541713,350724.581,6295390.985
PD44,114,LDSV-92,3757,12,16,2025-10-21 14:17:42.541718,350724.581,6295390.985
PD44,103,SPBS-54,6675,19,27,2025-10-21 14:17:42.541720,350724.581,6295390.985
PD44,103,SPBP-19,9133,25,60,2025-10-21 14:17:42.541721,350724.581,6295390.985
PD44,117,SPBL-88,2772,25,60,2025-10-21 14:17:42.541722,350724.581,6295390.985
PB848,214,GCBB-59,3603,9,13,2025-10-21 14:17:44.613320,343609.729,6303594.072
PB848,B26,FLXP-80,156,0,3,2025-10-21 14:17:44.613324,343609.729,6303594.072
PB848,B26,FLXS-63,1192,8,10,2025-10-21 14:17:44.613325,343609.729,6303594.072
PB848,B04,SHXG-90,786,0,3,2025-10-21 14:17:44.613327,343609.729,6303594.072
PI1178,385,FLXK-89,1,0,3,2025-10-21 14:17:46.553082,343412.754,6297231.686
PI1178,385,FLXL-67,8671,25,60,2025-10-21 14:17:46.553088,343412.754,6297231.686
PI1178,I16,FLXL-58,28,0,3,2025-10-21 14:17:46.553089,343412.754,6297231.686
PI1178,I16,FLXW-78,1,0,3,2025-10-21 14:17:46.553090,343412.754,6297231.686
PI1178,I17,FLXL-84,5116,17,25,2025-10-21 14:17:46.553091,343412.754,6297231.686
PI217,401,PFBG-33,3075,6,8,2025-10-21 14:17:49.980642,336855.52,6292711.98
PI217,401,PDYH-84,11526,25,60,2025-10-21 14:17:49.980646,336855.52,6292711.98
PI217,405,PGBB-64,3920,11,15,2025-10-21 14:17:49.980647,336855.52,6292711.98
PI217,405,PDYR-94,9054,25,60,2025-10-21 14:17:49.980648,336855.52,6292711.98
PI217,419,PFBD-65,7478,13,19,2025-10-21 14:17:49.980649,336855.52,6292711.98
PI217,419,PFVK-93,11844,25,60,2025-10-21 14:17:49.980650,336855.52,6292711.98
PI217,421,PFTV-91,12750,25,60,2025-10-21 14:17:49.980650,336855.52,6292711.98
PI217,421,PDYR-89,16307,25,60,2025-10-21 14:17:49.980651,336855.52,6292711.98
PI217,110,CJRW-75,1,0,3,2025-10-21 14:17:49.980652,336855.52,6292711.98
PI217,110,TBFW-27,166,0,3,2025-10-21 14:17:49.980653,336855.52,6292711.98
PI217,106,PFVC-42,5635,11,15,2025-10-21 14:17:49.980654,336855.52,6292711.98
PI217,106,PGPT-29,12121,25,60,2025-10-21 14:17:49.980655,336855.52,6292711.98
PI217,I07,VHSY-27,2213,8,12,2025-10-21 14:17:49.980656,336855.52,6292711.98
PI217,I09,VHTB-25,18,0,3,2025-10-21 14:17:49.980656,336855.52,6292711.98
PI217,I09,FLXY-95,3453,8,10,2025-10-21 14:17:49.980657,336855.52,6292711.98
PI217,506,GCBC-70,5343,12,18,2025-10-21 14:17:49.980658,336855.52,6292711.98
PI217,506,TBFW-38,5605,13,19,2025-10-21 14:17:49.980659,336855.52,6292711.98
PI217,506V,TBFP-92,1265,0,4,2025-10-21 14:17:49.980660,336855.52,6292711.98
PI217,506V,FLXW-48,8874,25,60,2025-10-21 14:17:49.980660,336855.52,6292711.98
PI217,111,FLXX-55,3019,11,15,2025-10-21 14:17:49.980661,336855.52,6292711.98
PI217,111,FLXY-60,5935,18,26,2025-10-21 14:17:49.980662,336855.52,6292711.98
PJ348,J03,CJRZ-90,2571,8,10,2025-10-21 14:17:52.199421,342208.448,6299502.294
PJ348,J03,CJRZ-82,4394,15,21,2025-10-21 14:17:52.199425,342208.448,6299502.294
PJ348,517,VJJW-18,37,0,3,2025-10-21 14:17:52.199426,342208.448,6299502.294
PJ348,517,VHZZ-21,1237,0,4,2025-10-21 14:17:52.199427,342208.448,6299502.294
PJ348,503,VHLS-88,323,0,3,2025-10-21 14:17:52.199428,342208.448,6299502.294
PJ348,503,VHLT-57,5302,14,20,2025-10-21 14:17:52.199429,342208.448,6299502.294
PJ348,507,PFXC-12,3626,11,15,2025-10-21 14:17:52.199430,342208.448,6299502.294
PJ348,507,TBFW-25,5233,18,26,2025-10-21 14:17:52.199430,342208.448,6299502.294
PJ348,508,FLXW-63,252,0,3,2025-10-21 14:17:52.199431,342208.448,6299502.294
PJ348,508,CJRZ-81,2465,9,13,2025-10-21 14:17:52.199432,342208.448,6299502.294
PJ348,518,FLXD-62,3795,11,15,2025-10-21 14:17:52.199433,342208.448,6299502.294
PJ348,518,FLXS-76,4962,16,24,2025-10-21 14:17:52.199434,342208.448,6299502.294
PB379,301,BJFW-95,1627,5,7,2025-10-21 14:17:53.909148,344748.245,6300896.145
PB379,B03,SKHG-74,1113,0,4,2025-10-21 14:17:53.909153,344748.245,6300896.145
PB379,B03,SKHG-73,2731,8,10,2025-10-21 14:17:53.909154,344748.245,6300896.145
PB379,B24,STHD-35,2394,7,9,2025-10-21 14:17:53.909155,344748.245,6300896.145
PB379,B24,TXZH-37,3128,8,12,2025-10-21 14:17:53.909156,344748.245,6300896.145
PF884,F10,SRPK-66,4222,13,19,2025-10-21 14:17:55.871122,350766.566,6279178.901
PF884,F10,SRRY-93,4393,14,20,2025-10-21 14:17:55.871126,350766.566,6279178.901
PI238,428,SHCV-70,35,0,3,2025-10-21 14:17:57.857660,336926.433,6294192.924
PI238,428,SHCY-26,776,0,4,2025-10-21 14:17:57.857665,336926.433,6294192.924
PI238,444,SHXF-29,576,0,3,2025-10-21 14:17:57.857666,336926.433,6294192.924
PI238,444,SJPD-72,10689,25,60,2025-10-21 14:17:57.857667,336926.433,6294192.924
PI238,111,FLXZ-92,1,0,3,2025-10-21 14:17:57.857668,336926.433,6294192.924
PI238,111,FLXW-72,4605,14,20,2025-10-21 14:17:57.857669,336926.433,6294192.924
PI238,I07,GCBF-40,574,0,3,2025-10-21 14:17:57.857670,336926.433,6294192.924
PI238,I07,VHSY-31,5525,16,22,2025-10-21 14:17:57.857670,336926.433,6294192.924
PI238,110,FDJX-69,1232,0,3,2025-10-21 14:17:57.857671,336926.433,6294192.924
PI238,110,TBFV-21,3900,9,11,2025-10-21 14:17:57.857672,336926.433,6294192.924
PA287,119,FLXK-54,3316,9,13,2025-10-21 14:17:59.826419,344680.844,6294984.271
PA287,119,BJFX-60,6906,17,25,2025-10-21 14:17:59.826424,344680.844,6294984.271
PA287,H07,CJRW-26,4590,13,17,2025-10-21 14:17:59.826425,344680.844,6294984.271
PA287,345,FLXD-72,5145,11,15,2025-10-21 14:17:59.826426,344680.844,6294984.271
PI584,I20,FLXL-83,4534,12,16,2025-10-21 14:18:01.841927,338534.314,6293841.843
PI584,509,FLXV-37,1377,0,5,2025-10-21 14:18:01.841932,338534.314,6293841.843
PI584,509,FDJX-72,5025,15,21,2025-10-21 14:18:01.841933,338534.314,6293841.843
PI584,423,PFYR-60,1352,0,5,2025-10-21 14:18:01.841934,338534.314,6293841.843
PI584,423,PGPT-40,1915,6,8,2025-10-21 14:18:01.841934,338534.314,6293841.843
PI584,I03,FLXL-43,1074,0,3,2025-10-21 14:18:01.841935,338534.314,6293841.843
PI584,I03,FLXJ-14,1339,0,4,2025-10-21 14:18:01.841936,338534.314,6293841.843
PI584,I10,FLXW-89,894,0,4,2025-10-21 14:18:01.841937,338534.314,6293841.843
PI584,I10,FLXW-70,914,0,4,2025-10-21 14:18:01.841937,338534.314,6293841.843
PA38,302,BJFT-90,389,0,3,2025-10-21 14:18:03.868358,346055.367,6295402.152
PA38,302,BJFT-89,1930,0,4,2025-10-21 14:18:03.868364,346055.367,6295402.152
PA38,125,BJFS-92,1802,0,5,2025-10-21 14:18:03.868365,346055.367,6295402.152
PB416,B06,SKDJ-90,100,0,3,2025-10-21 14:18:05.894856,341959.831,6306379.251
PB416,B06,SKDJ-78,5794,16,22,2025-10-21 14:18:05.894860,341959.831,6306379.251
PB416,B21,SGPY-95,247,0,3,2025-10-21 14:18:05.894861,341959.831,6306379.251
PB416,B21,SPCG-79,649,0,3,2025-10-21 14:18:05.894862,341959.831,6306379.251
PB416,429,SLGS-89,69,0,3,2025-10-21 14:18:05.894863,341959.831,6306379.251
PB416,429,SHCY-24,499,0,3,2025-10-21 14:18:05.894864,341959.831,6306379.251
PB416,303,FLXL-28,187,0,3,2025-10-21 14:18:05.894865,341959.831,6306379.251
PB416,303,FLXG-99,622,0,3,2025-10-21 14:18:05.894866,341959.831,6306379.251
PB416,307,VHTB-62,511,0,3,2025-10-21 14:18:05.894866,341959.831,6306379.251
PB416,307,VHSY-44,598,0,3,2025-10-21 14:18:05.894867,341959.831,6306379.251
PB416,314,VHSY-29,1,0,3,2025-10-21 14:18:05.894868,341959.831,6306379.251
PB416,314,FLXJ-12,84,0,3,2025-10-21 14:18:05.894869,341959.831,6306379.251
PB416,B07,STHF-84,5517,14,20,2025-10-21 14:18:05.894870,341959.831,6306379.251
PB416,B07,LDJW-40,5839,15,21,2025-10-21 14:18:05.894870,341959.831,6306379.251
PB416,B08,SHCY-35,112,0,3,2025-10-21 14:18:05.894871,341959.831,6306379.251
PB416,B08,SHCY-51,562,0,3,2025-10-21 14:18:05.894872,341959.831,6306379.251
PG1225,G39,SFGY-73,2966,14,20,2025-10-21 14:18:07.816994,341265.398,6283458.338
PG1225,G39,FLXH-61,6108,25,60,2025-10-21 14:18:07.816999,341265.398,6283458.338
PG1225,G09,SHCX-12,1459,0,4,2025-10-21 14:18:07.817000,341265.398,6283458.338
PG1225,G09,SFGY-87,2616,7,9,2025-10-21 14:18:07.817001,341265.398,6283458.338
PH293,119,FLXG-66,201,0,3,2025-10-21 14:18:09.831314,345312.391,6294437.842
PH293,119,BJFW-85,448,0,3,2025-10-21 14:18:09.831319,345312.391,6294437.842
PH293,121,FLXF-52,1375,0,4,2025-10-21 14:18:09.831320,345312.391,6294437.842
PH293,121,BJFX-37,4077,12,18,2025-10-21 14:18:09.831321,345312.391,6294437.842
PH293,H06,CJRX-63,1,0,3,2025-10-21 14:18:09.831322,345312.391,6294437.842
PH293,H06,FLXJ-29,1618,7,9,2025-10-21 14:18:09.831323,345312.391,6294437.842
PC518,C06,LWTK-48,2369,8,12,2025-10-21 14:18:11.767061,354184.939,6301297.259
PC518,C06,LWTK-51,3597,13,19,2025-10-21 14:18:11.767066,354184.939,6301297.259
PC518,517,VHZX-21,822,0,3,2025-10-21 14:18:11.767068,354184.939,6301297.259
PC518,517,VHZW-11,5331,17,23,2025-10-21 14:18:11.767069,354184.939,6301297.259
PC518,503,VGVG-35,2931,9,13,2025-10-21 14:18:11.767070,354184.939,6301297.259
PC518,503,VGTW-93,4350,14,20,2025-10-21 14:18:11.767071,354184.939,6301297.259
PC518,722,STHP-12,2267,8,12,2025-10-21 14:18:11.767072,354184.939,6301297.259
PC518,722,STHK-70,5318,17,25,2025-10-21 14:18:11.767073,354184.939,6301297.259
PJ194,110C,BFKC-89,971,6,8,2025-10-21 14:18:13.714386,338363.386,6299701.409
PJ194,110C,FLXW-34,6730,25,60,2025-10-21 14:18:13.714391,338363.386,6299701.409
PB955,B06,SKDJ-78,1,0,3,2025-10-21 14:18:15.614582,337537.978,6308027.777
PB955,B06,SKDJ-74,2695,15,21,2025-10-21 14:18:15.614587,337537.978,6308027.777
PH261,302,BJFT-90,1165,0,5,2025-10-21 14:18:17.593339,346059.555,6294271.551
PH261,302,BJFT-89,3085,8,12,2025-10-21 14:18:17.593344,346059.555,6294271.551
PJ391,517,VHZW-60,725,0,3,2025-10-21 14:18:19.587306,338422.2,6299710.69
PJ391,503,LZPH-14,400,0,3,2025-10-21 14:18:19.587310,338422.2,6299710.69
PJ391,503,VGVF-76,2538,8,10,2025-10-21 14:18:19.587311,338422.2,6299710.69
PJ391,504,PFXC-60,2271,6,8,2025-10-21 14:18:19.587312,338422.2,6299710.69
PJ391,504,PFXB-52,3883,9,13,2025-10-21 14:18:19.587313,338422.2,6299710.69
PJ391,507,TBFP-86,3213,8,12,2025-10-21 14:18:19.587314,338422.2,6299710.69
PJ391,507,GCBC-54,6569,17,23,2025-10-21 14:18:19.587315,338422.2,6299710.69
PJ391,518,FLXG-22,407,0,3,2025-10-21 14:18:19.587315,338422.2,6299710.69
PJ391,J04,GCBD-75,3299,10,14,2025-10-21 14:18:19.587316,338422.2,6299710.69
PJ391,J04,TBFT-77,3592,11,15,2025-10-21 14:18:19.587317,338422.2,6299710.69
PJ391,B38,PFXC-76,2380,8,10,2025-10-21 14:18:19.587318,338422.2,6299710.69
PD788,D03,SVDC-65,1,0,3,2025-10-21 14:18:21.609388,354075.541,6296280.826
PD788,D03,STKP-84,3712,11,15,2025-10-21 14:18:21.609392,354075.541,6296280.826
PD788,D10,SVDD-30,1,0,3,2025-10-21 14:18:21.609394,354075.541,6296280.826
PD788,D10,SVDD-18,4420,25,60,2025-10-21 14:18:21.609395,354075.541,6296280.826
PB1200,B12,SKDF-67,953,0,3,2025-10-21 14:18:23.637145,339729.75,6310509.197
PB1200,B12,SKDH-61,5968,11,15,2025-10-21 14:18:23.637150,339729.75,6310509.197
PI232,506,PFXC-50,1,0,3,2025-10-21 14:18:25.917716,336766.197,6291726.988
PI232,506,FLXW-31,4871,15,21,2025-10-21 14:18:25.917721,336766.197,6291726.988
PI232,506V,FLXV-94,467,0,3,2025-10-21 14:18:25.917722,336766.197,6291726.988
PI232,506V,SZZY-76,6341,16,24,2025-10-21 14:18:25.917723,336766.197,6291726.988
PI232,106,PFYS-32,1015,0,5,2025-10-21 14:18:25.917724,336766.197,6291726.988
PI232,106,PFYR-93,2697,10,14,2025-10-21 14:18:25.917725,336766.197,6291726.988
PI232,421,PDZS-75,1586,5,7,2025-10-21 14:18:25.917726,336766.197,6291726.988
PI232,421,PFBD-52,3418,12,16,2025-10-21 14:18:25.917727,336766.197,6291726.988
PI232,111,FLXW-72,1467,5,7,2025-10-21 14:18:25.917727,336766.197,6291726.988
PI232,111,FLXW-92,1720,6,8,2025-10-21 14:18:25.917728,336766.197,6291726.988
PI232,I35,SHXB-34,1790,6,8,2025-10-21 14:18:25.917729,336766.197,6291726.988
PI232,I35,SCRZ-31,2553,8,12,2025-10-21 14:18:25.917730,336766.197,6291726.988
PI232,401,PFTV-83,744,0,4,2025-10-21 14:18:25.917731,336766.197,6291726.988
PI232,401,PGBB-65,1839,6,8,2025-10-21 14:18:25.917732,336766.197,6291726.988
PI232,405,PDZH-78,1035,4,6,2025-10-21 14:18:25.917733,336766.197,6291726.988
PI232,405,PDZT-27,4127,14,20,2025-10-21 14:18:25.917734,336766.197,6291726.988
PI232,I09,FLXY-93,445,0,3,2025-10-21 14:18:25.917734,336766.197,6291726.988
PI232,I09,JZPY-41,901,0,4,2025-10-21 14:18:25.917735,336766.197,6291726.988
PI232,110,TBFV-21,861,0,4,2025-10-21 14:18:25.917736,336766.197,6291726.988
PJ270,502,FLXS-89,4672,13,19,2025-10-21 14:18:29.746254,339541.542,6300766.221
PJ270,J05,FLXS-90,4306,10,14,2025-10-21 14:18:29.746259,339541.542,6300766.221
PE1295,216,LZPV-99,4262,9,13,2025-10-21 14:18:31.957906,348344.958,6287029.875
PG128,F20,SPZX-53,666,0,3,2025-10-21 14:18:33.935621,350414.262,6282864.381
PG128,F20,SPZX-69,1292,0,4,2025-10-21 14:18:33.935626,350414.262,6282864.381
PG128,205,LZRD-95,992,0,5,2025-10-21 14:18:33.935627,350414.262,6282864.381
PG128,205,LZRD-96,1273,5,7,2025-10-21 14:18:33.935628,350414.262,6282864.381
PG128,G23,SFWB-24,857,0,5,2025-10-21 14:18:33.935628,350414.262,6282864.381
PG128,286,SFPG-68,812,0,5,2025-10-21 14:18:33.935629,350414.262,6282864.381
PG128,286,SFGY-14,3616,17,23,2025-10-21 14:18:33.935630,350414.262,6282864.381
PG128,G05,SFPG-46,1815,8,12,2025-10-21 14:18:33.935631,350414.262,6282864.381
PG128,G05,SFPG-49,7014,25,60,2025-10-21 14:18:33.935632,350414.262,6282864.381
PG128,G35,SFPG-30,2468,17,23,2025-10-21 14:18:33.935632,350414.262,6282864.381
PG128,G35,SFGY-13,2846,18,26,2025-10-21 14:18:33.935633,350414.262,6282864.381
PE385,108,PFVH-92,4137,15,21,2025-10-21 14:18:35.874562,354238.755,6289687.76
PE385,108,PFVD-52,5234,17,25,2025-10-21 14:18:35.874567,354238.755,6289687.76
PE385,322,CJRB-17,420,0,3,2025-10-21 14:18:35.874568,354238.755,6289687.76
PE385,322,BJFZ-12,1017,0,5,2025-10-21 14:18:35.874569,354238.755,6289687.76
PE385,E03,BJFX-53,1794,6,8,2025-10-21 14:18:35.874570,354238.755,6289687.76
PE385,E03,BJFT-52,2693,9,13,2025-10-21 14:18:35.874571,354238.755,6289687.76
PC646,C03,SGPW-38,2881,8,10,2025-10-21 14:18:37.769577,352410.552,6304315.922
PC646,C03,SGPY-57,5512,18,26,2025-10-21 14:18:37.769592,352410.552,6304315.922
PJ1689,110C,BFKC-89,1102,6,8,2025-10-21 14:18:40.202416,338452.666,6299530.817
PJ1689,110C,FLXW-34,6794,25,60,2025-10-21 14:18:40.202421,338452.666,6299530.817
PF314,F05,SRVK-82,794,0,4,2025-10-21 14:18:42.110175,351335.355,6284040.387
PF314,F05,SPZX-84,1032,0,4,2025-10-21 14:18:42.110180,351335.355,6284040.387
PJ347,503,VHLT-57,4973,12,18,2025-10-21 14:18:44.172622,342423.411,6299334.214
PJ347,503,VGVF-73,5948,15,21,2025-10-21 14:18:44.172626,342423.411,6299334.214
PJ347,507,PFXC-12,2852,9,13,2025-10-21 14:18:44.172627,342423.411,6299334.214
PJ347,507,PFXC-14,3912,13,19,2025-10-21 14:18:44.172628,342423.411,6299334.214
PJ347,518,FLXD-62,3241,8,12,2025-10-21 14:18:44.172629,342423.411,6299334.214
PJ347,518,FLXS-76,4414,14,20,2025-10-21 14:18:44.172630,342423.411,6299334.214
PJ347,517,VHZZ-21,474,0,3,2025-10-21 14:18:44.172630,342423.411,6299334.214
PJ347,517,VHZW-51,6129,17,25,2025-10-21 14:18:44.172631,342423.411,6299334.214
PJ347,J02,VHXF-84,4525,17,23,2025-10-21 14:18:44.172632,342423.411,6299334.214
PJ347,J02,VHZX-50,8142,25,60,2025-10-21 14:18:44.172633,342423.411,6299334.214
PG394,302,BJFV-73,5212,12,16,2025-10-21 14:18:46.161442,346725.575,6287059.899
PG394,302,BJFS-93,5387,13,17,2025-10-21 14:18:46.161448,346725.575,6287059.899
PG394,E18,BJFZ-99,751,0,3,2025-10-21 14:18:46.161449,346725.575,6287059.899
PG394,G18,SCRZ-16,1,0,3,2025-10-21 14:18:46.161450,346725.575,6287059.899
PG394,G18,SFPG-34,3529,12,18,2025-10-21 14:18:46.161451,346725.575,6287059.899
PF17,F14,SPRY-62,551,0,3,2025-10-21 14:18:48.218279,354904.676,6281459.208
PF17,F14,SPRY-65,3761,9,13,2025-10-21 14:18:48.218284,354904.676,6281459.208
PF17,F26,SPVV-69,596,0,3,2025-10-21 14:18:48.218285,354904.676,6281459.208
PF17,F26,SPVV-85,1587,4,6,2025-10-21 14:18:48.218286,354904.676,6281459.208
PF17,F09,LCPG-48,612,0,3,2025-10-21 14:18:48.218286,354904.676,6281459.208
PF17,124,SRVK-97,2952,9,13,2025-10-21 14:18:48.218287,354904.676,6281459.208
PF17,124,LCTG-31,11453,25,60,2025-10-21 14:18:48.218288,354904.676,6281459.208
PE367,E02,VKJX-50,4389,10,14,2025-10-21 14:18:50.139867,348577.668,6288948.291
PE367,E02,VKJY-11,4720,11,15,2025-10-21 14:18:50.139872,348577.668,6288948.291
PE367,E03,BJFS-46,2255,6,8,2025-10-21 14:18:50.139873,348577.668,6288948.291
PD111,D02,STWW-40,248,0,3,2025-10-21 14:18:54.122990,350002.545,6297134.582
PC966,C17,SGPX-10,1473,5,7,2025-10-21 14:18:56.066317,359755.463,6308774.161
PC966,430,SKPK-59,5497,18,26,2025-10-21 14:18:56.066323,359755.463,6308774.161
PC966,430,SHXG-41,8528,25,60,2025-10-21 14:18:56.066324,359755.463,6308774.161
PC966,426,FLXK-27,4411,13,19,2025-10-21 14:18:56.066325,359755.463,6308774.161
PC966,426,BJFC-78,5689,17,25,2025-10-21 14:18:56.066327,359755.463,6308774.161
PB1167,B11,LDTF-42,3527,8,10,2025-10-21 14:18:58.037127,344648.97,6305211.663
PB1167,B11,SKDG-93,7998,18,26,2025-10-21 14:18:58.037132,344648.97,6305211.663
PB1167,B21,SGPY-95,3345,11,15,2025-10-21 14:18:58.037134,344648.97,6305211.663
PB1167,B21,SPCG-79,3753,12,16,2025-10-21 14:18:58.037135,344648.97,6305211.663
PH723,H24,VGRG-54,3194,5,7,2025-10-21 14:18:59.957987,343886.961,6292288.942
PH723,H12,CJRW-14,407,0,3,2025-10-21 14:18:59.957992,343886.961,6292288.942
PH723,H12,CJRB-12,5712,15,21,2025-10-21 14:18:59.957993,343886.961,6292288.942
PI531,I01,FLXY-58,3470,11,15,2025-10-21 14:19:01.704142,335778.78,6288611.56
PI531,I01,FLXF-48,5592,15,21,2025-10-21 14:19:01.704148,335778.78,6288611.56
PI531,506,FLXW-31,474,0,3,2025-10-21 14:19:01.704149,335778.78,6288611.56
PI531,506,GCBD-34,2056,7,9,2025-10-21 14:19:01.704150,335778.78,6288611.56
PI531,506V,SZZY-76,1835,6,8,2025-10-21 14:19:01.704151,335778.78,6288611.56
PI531,506V,TBFX-72,2167,7,9,2025-10-21 14:19:01.704152,335778.78,6288611.56
PF66,224,VFPC-69,1459,7,9,2025-10-21 14:19:03.393864,351631.51,6283743.17
PF66,204,VFPJ-77,518,0,3,2025-10-21 14:19:03.393869,351631.51,6283743.17
PF66,204,VFPT-65,2061,6,8,2025-10-21 14:19:03.393870,351631.51,6283743.17
PG809,211,TBYY-65,1527,4,6,2025-10-21 14:19:05.935950,341938.831,6279395.145
PG809,211,TBYY-77,2844,8,10,2025-10-21 14:19:05.935954,341938.831,6279395.145
PG809,G07,THTF-11,5280,11,15,2025-10-21 14:19:05.935955,341938.831,6279395.145
PG809,G07,THTD-24,11890,25,60,2025-10-21 14:19:05.935956,341938.831,6279395.145
PI1232,345,FLXD-72,3185,8,10,2025-10-21 14:19:07.906885,344022.417,6293744.697
PD306,D11,SVDD-21,295,0,3,2025-10-21 14:19:09.899416,355631.16,6298573.303
PD306,D11,SVDC-82,4770,11,15,2025-10-21 14:19:09.899422,355631.16,6298573.303
PD306,517,VHXJ-40,3601,9,13,2025-10-21 14:19:09.899424,355631.16,6298573.303
PD306,225,SFWZ-61,1740,0,5,2025-10-21 14:19:09.899425,355631.16,6298573.303
PD306,225,SFWZ-38,1879,4,6,2025-10-21 14:19:09.899426,355631.16,6298573.303
PI632,D16,SPBL-78,885,0,3,2025-10-21 14:19:11.500355,352361.26,6295761.92
PI632,D16,SPBR-46,5234,17,25,2025-10-21 14:19:11.500360,352361.26,6295761.92
PB1040,B08,SHCY-16,1719,5,7,2025-10-21 14:19:12.941977,344571.426,6308239.715
PB1040,B08,SHCY-35,6185,15,21,2025-10-21 14:19:12.941982,344571.426,6308239.715
PB1040,B16,STHC-51,89,0,3,2025-10-21 14:19:12.941983,344571.426,6308239.715
PB1040,B16,SHCY-64,2180,7,9,2025-10-21 14:19:12.941984,344571.426,6308239.715
PH543,H05,VFPJ-11,1324,4,6,2025-10-21 14:19:14.873064,347276.769,6291900.686
PH543,H05,VGBV-41,5765,20,28,2025-10-21 14:19:14.873069,347276.769,6291900.686
PC127,517,VHZX-21,2802,8,12,2025-10-21 14:19:16.809364,355503.587,6300283.828
PC127,517,VHZW-11,7492,25,60,2025-10-21 14:19:16.809370,355503.587,6300283.828
PC127,225,SFWZ-80,606,0,3,2025-10-21 14:19:16.809371,355503.587,6300283.828
PC127,501,TBFW-48,1364,5,7,2025-10-21 14:19:16.809373,355503.587,6300283.828
PC127,504,TBFR-26,283,0,3,2025-10-21 14:19:16.809374,355503.587,6300283.828
PC127,504,GCBC-52,2387,6,8,2025-10-21 14:19:16.809374,355503.587,6300283.828
PC127,C05,LDTB-88,2060,4,6,2025-10-21 14:19:16.809375,355503.587,6300283.828
PC127,C05,LDTB-91,4754,12,16,2025-10-21 14:19:16.809376,355503.587,6300283.828
PC127,D11,SVDD-57,117,0,3,2025-10-21 14:19:16.809377,355503.587,6300283.828
PC127,D11,SVDD-79,3624,9,13,2025-10-21 14:19:16.809378,355503.587,6300283.828
PJ794,428,SKPJ-43,731,0,3,2025-10-21 14:19:18.735261,334615.474,6299921.512
PJ794,428,SJPD-81,914,0,4,2025-10-21 14:19:18.735266,334615.474,6299921.512
PJ794,444,SHXG-38,529,0,3,2025-10-21 14:19:18.735267,334615.474,6299921.512
PJ794,444,SHXF-29,7218,17,25,2025-10-21 14:19:18.735268,334615.474,6299921.512
PJ794,J07,VHZY-81,4062,9,13,2025-10-21 14:19:18.735269,334615.474,6299921.512
PJ794,J07,VJBB-30,5251,14,20,2025-10-21 14:19:18.735269,334615.474,6299921.512
PJ794,555,TBFX-65,3385,11,15,2025-10-21 14:19:18.735270,334615.474,6299921.512
PG476,E05,BJFS-83,2536,8,10,2025-10-21 14:19:20.650891,347436.679,6288809.243
PG476,G01,THTD-56,136,0,3,2025-10-21 14:19:20.650897,347436.679,6288809.243
PG476,G01,THTD-60,920,0,3,2025-10-21 14:19:20.650899,347436.679,6288809.243
PI918,I17,FLXL-13,3276,10,14,2025-10-21 14:19:22.623949,341902.411,6294804.274
PI918,I17,FLXL-76,4102,13,19,2025-10-21 14:19:22.623953,341902.411,6294804.274
PG84,201E,VFHL-46,2300,6,8,2025-10-21 14:19:24.540569,341084.479,6283723.768
PG84,201E,VFHL-39,3485,11,15,2025-10-21 14:19:24.540574,341084.479,6283723.768
PE8,104,SKWD-93,1189,0,5,2025-10-21 14:19:26.582146,352897.781,6290346.931
PE8,104,LDJJ-87,1136,0,5,2025-10-21 14:19:26.582150,352897.781,6290346.931
PE8,114,SKWD-88,1278,5,7,2025-10-21 14:19:26.582151,352897.781,6290346.931
PE8,114,SKWD-75,8047,25,60,2025-10-21 14:19:26.582152,352897.781,6290346.931
PE8,108,PFVH-92,1996,7,9,2025-10-21 14:19:26.582153,352897.781,6290346.931
PE8,108,PFVD-52,3145,9,13,2025-10-21 14:19:26.582154,352897.781,6290346.931
PE8,102,SPZX-82,2031,8,10,2025-10-21 14:19:26.582154,352897.781,6290346.931
PE8,102,SPZY-65,2156,8,10,2025-10-21 14:19:26.582155,352897.781,6290346.931
PE8,712,SJPF-89,3232,6,8,2025-10-21 14:19:26.582156,352897.781,6290346.931
PE8,712,SHCW-69,5351,10,14,2025-10-21 14:19:26.582157,352897.781,6290346.931
PI689,I01,FLXG-91,4318,13,17,2025-10-21 14:19:30.071757,339443.784,6292167.831
PI689,I01,FLXD-81,7948,20,28,2025-10-21 14:19:30.071762,339443.784,6292167.831
PI689,I18,FLXZ-41,2357,7,9,2025-10-21 14:19:30.071764,339443.784,6292167.831
PI689,I18,RWRP-44,10684,25,60,2025-10-21 14:19:30.071764,339443.784,6292167.831
PD579,506,GCBC-45,1039,0,4,2025-10-21 14:19:32.081479,352270.276,6296005.705
PD579,506,TBFT-54,4754,11,15,2025-10-21 14:19:32.081484,352270.276,6296005.705
PD579,506V,TBFT-94,4477,12,16,2025-10-21 14:19:32.081485,352270.276,6296005.705
PD579,507,GCBD-53,1525,0,3,2025-10-21 14:19:32.081486,352270.276,6296005.705
PD579,507,FLXV-80,4416,8,10,2025-10-21 14:19:32.081487,352270.276,6296005.705
PD579,510,GCBF-15,3890,9,13,2025-10-21 14:19:32.081487,352270.276,6296005.705
PD579,510,FLXV-79,8008,25,60,2025-10-21 14:19:32.081488,352270.276,6296005.705
PD579,516,TBFR-13,682,0,3,2025-10-21 14:19:32.081489,352270.276,6296005.705
PD579,516,TBFT-31,3650,11,15,2025-10-21 14:19:32.081490,352270.276,6296005.705
PD579,519,FLXV-89,1998,0,4,2025-10-21 14:19:32.081491,352270.276,6296005.705
PD579,519,FLXV-59,3972,7,9,2025-10-21 14:19:32.081491,352270.276,6296005.705
PA816,345,FLXD-64,1,0,3,2025-10-21 14:19:33.975223,347616.03,6298592.13
PJ22,107,PGRZ-84,1,0,3,2025-10-21 14:19:35.922227,341318.745,6298771.857
PJ22,107,PFYC-47,2422,9,13,2025-10-21 14:19:35.922232,341318.745,6298771.857
PJ22,101,PFVC-40,249,0,3,2025-10-21 14:19:35.922233,341318.745,6298771.857
PJ22,101,PFYR-69,5796,18,26,2025-10-21 14:19:35.922234,341318.745,6298771.857
PE423,E04,VKJZ-33,622,0,4,2025-10-21 14:19:37.981670,351997.862,6289633.412
PE423,E04,VKJZ-26,6445,25,60,2025-10-21 14:19:37.981674,351997.862,6289633.412
PE423,322,FLXJ-44,3430,13,19,2025-10-21 14:19:37.981675,351997.862,6289633.412
PD798,D03,SVDC-32,1064,8,10,2025-10-21 14:19:40.239623,357544.352,6295188.125
PD798,D03,SVDF-72,1335,8,12,2025-10-21 14:19:40.239627,357544.352,6295188.125
PD798,D07,SVDC-12,1,0,3,2025-10-21 14:19:40.239628,357544.352,6295188.125
PD798,505,LZPH-32,471,0,3,2025-10-21 14:19:40.239629,357544.352,6295188.125
PD798,505,VJBC-10,1545,4,6,2025-10-21 14:19:40.239630,357544.352,6295188.125
PD798,513,VJJR-46,1,0,3,2025-10-21 14:19:40.239631,357544.352,6295188.125
PD798,513,VHZW-80,876,0,5,2025-10-21 14:19:40.239632,357544.352,6295188.125
PD798,510,FLXV-79,984,5,7,2025-10-21 14:19:40.239632,357544.352,6295188.125
PD798,516,FLXV-55,489,0,3,2025-10-21 14:19:40.239633,357544.352,6295188.125
PI102,348,VHSY-28,2235,6,8,2025-10-21 14:19:42.342354,335412.31,6290869.31
PI102,I05,VHTB-67,3113,11,15,2025-10-21 14:19:42.342360,335412.31,6290869.31
PI102,I09,FLXZ-19,1752,5,7,2025-10-21 14:19:42.342361,335412.31,6290869.31
PI102,I11,RWRP-40,3060,10,14,2025-10-21 14:19:42.342362,335412.31,6290869.31
PI102,108,PFVG-60,2143,6,8,2025-10-21 14:19:42.342363,335412.31,6290869.31
PI102,108,PFVC-45,3654,14,20,2025-10-21 14:19:42.342364,335412.31,6290869.31
PI102,I24,VHTB-38,3277,10,14,2025-10-21 14:19:42.342365,335412.31,6290869.31
PI102,109,FLXC-54,1029,0,4,2025-10-21 14:19:42.342366,335412.31,6290869.31
PI102,109,FLXS-97,3517,10,14,2025-10-21 14:19:42.342367,335412.31,6290869.31
PI102,118,FLXX-93,988,0,3,2025-10-21 14:19:42.342368,335412.31,6290869.31
PI102,118,LXWR-93,2717,6,8,2025-10-21 14:19:42.342369,335412.31,6290869.31
PI102,I03,FLXG-96,4374,12,18,2025-10-21 14:19:42.342370,335412.31,6290869.31
PI102,I18,VHSY-41,3252,9,13,2025-10-21 14:19:42.342371,335412.31,6290869.31
PB1346,B18,STHF-31,3875,16,22,2025-10-21 14:19:44.278828,339399.681,6305745.404
PB1346,B18,LDJP-67,8164,25,60,2025-10-21 14:19:44.278833,339399.681,6305745.404
PB1346,B18E,FLXS-52,4920,11,15,2025-10-21 14:19:44.278834,339399.681,6305745.404
PB1346,B32,STHR-60,3165,14,20,2025-10-21 14:19:44.278835,339399.681,6305745.404
PB1346,B32,STGZ-28,7264,25,60,2025-10-21 14:19:44.278836,339399.681,6305745.404
PD507,D03,SVDC-32,1991,12,18,2025-10-21 14:19:46.264451,356618.32,6295394.62
PD507,D03,SVDF-72,2276,13,19,2025-10-21 14:19:46.264456,356618.32,6295394.62
PD507,D10,SVDD-70,2242,6,8,2025-10-21 14:19:46.264457,356618.32,6295394.62
PD507,D10,SVDC-60,3481,9,13,2025-10-21 14:19:46.264458,356618.32,6295394.62
PD507,505,LXWS-35,600,0,4,2025-10-21 14:19:46.264459,356618.32,6295394.62
PD507,505,LZPH-32,1400,6,8,2025-10-21 14:19:46.264459,356618.32,6295394.62
PD507,510,FLXV-79,3209,17,25,2025-10-21 14:19:46.264460,356618.32,6295394.62
PD507,516,GCBC-47,1,0,3,2025-10-21 14:19:46.264461,356618.32,6295394.62
PD507,516,FLXV-55,1413,4,6,2025-10-21 14:19:46.264462,356618.32,6295394.62
PD77,224,VFRG-25,3020,11,15,2025-10-21 14:19:48.311301,351247.66,6297620.18
PD77,224,VFRD-35,3949,13,19,2025-10-21 14:19:48.311306,351247.66,6297620.18
PD454,D01,STRJ-56,54,0,3,2025-10-21 14:19:50.214670,357262.483,6297542.696
PD454,D01,STKX-48,5529,16,22,2025-10-21 14:19:50.214674,357262.483,6297542.696
PJ2025,J08,GCBD-98,2021,0,5,2025-10-21 14:19:52.123665,341983.001,6301681.001
PJ2025,J08,PFXB-68,6407,17,25,2025-10-21 14:19:52.123669,341983.001,6301681.001
PG609,233,SHXB-40,329,0,3,2025-10-21 14:19:54.058677,349485.717,6282000.886
PG609,G16,SFPG-31,1902,7,9,2025-10-21 14:19:54.058682,349485.717,6282000.886
PG609,F06,SPZY-18,1494,6,8,2025-10-21 14:19:54.058683,349485.717,6282000.886
PG609,F06,SPZY-58,3544,17,25,2025-10-21 14:19:54.058683,349485.717,6282000.886
PG609,G23,SFWB-24,1087,8,10,2025-10-21 14:19:54.058684,349485.717,6282000.886
PG609,G23,SFWZ-70,6282,25,60,2025-10-21 14:19:54.058685,349485.717,6282000.886
PB1404,B21,SHCV-81,60,0,3,2025-10-21 14:19:55.991523,345575.387,6304101.276
PB1404,B41,GCBB-14,2591,6,8,2025-10-21 14:19:55.991528,345575.387,6304101.276
PB1404,B41,GCBC-16,3689,8,12,2025-10-21 14:19:55.991529,345575.387,6304101.276
PG734,G02,FLXX-10,2124,0,5,2025-10-21 14:19:57.883266,342567.238,6279433.719
PG734,G02,CJRP-13,6196,13,19,2025-10-21 14:19:57.883271,342567.238,6279433.719
PH592,H07,BJFS-51,3986,9,13,2025-10-21 14:19:59.816837,342963.88,6292614.962
PF755,F29,SPVW-61,410,0,3,2025-10-21 14:20:03.869254,353694.973,6280412.62
PF755,F29,SPVV-39,4647,14,20,2025-10-21 14:20:03.869260,353694.973,6280412.62
PF755,F15,LCPG-40,1,0,3,2025-10-21 14:20:03.869261,353694.973,6280412.62
PF755,F15,LCPG-38,553,0,3,2025-10-21 14:20:03.869263,353694.973,6280412.62
PF755,F25,SRVJ-82,45,0,3,2025-10-21 14:20:03.869264,353694.973,6280412.62
PF755,F25,LCTG-29,1342,4,6,2025-10-21 14:20:03.869265,353694.973,6280412.62
PG543,F03,SPVW-11,1006,0,3,2025-10-21 14:20:05.884031,347521.41,6279879.961
PG543,F03,SPVW-16,5410,13,17,2025-10-21 14:20:05.884039,347521.41,6279879.961
PA662,115,TBFW-88,4690,12,18,2025-10-21 14:20:07.796697,346355.613,6296441.993
PA662,115,PFXC-37,9804,25,60,2025-10-21 14:20:07.796703,346355.613,6296441.993
PA662,113,FLXX-57,659,0,3,2025-10-21 14:20:07.796704,346355.613,6296441.993
PA662,113,FLXX-68,4810,17,25,2025-10-21 14:20:07.796705,346355.613,6296441.993
PI256,111,FLXZ-92,0,0,3,2025-10-21 14:20:09.695780,337218.81,6294206.736
PI256,111,FLXW-72,4428,14,20,2025-10-21 14:20:09.695785,337218.81,6294206.736
PI256,I07,GCBF-40,285,0,3,2025-10-21 14:20:09.695787,337218.81,6294206.736
PI256,I07,VHSY-31,5265,16,22,2025-10-21 14:20:09.695788,337218.81,6294206.736
PH542,H05,VFPJ-11,772,0,4,2025-10-21 14:20:11.643602,346880.243,6291995.993
PH542,H05,VGBV-41,5130,19,27,2025-10-21 14:20:11.643607,346880.243,6291995.993
PH126,223,SFPF-90,2361,8,10,2025-10-21 14:20:13.654947,346244.373,6291448.429
PH126,223,SFGY-74,4639,18,26,2025-10-21 14:20:13.654952,346244.373,6291448.429
PH126,201,GCBB-40,2424,8,12,2025-10-21 14:20:13.654954,346244.373,6291448.429
PH126,201,GCBC-19,3547,12,16,2025-10-21 14:20:13.654954,346244.373,6291448.429
PH126,301,BJFW-81,1,0,3,2025-10-21 14:20:13.654956,346244.373,6291448.429
PH126,301,FLXK-47,195,0,3,2025-10-21 14:20:13.654957,346244.373,6291448.429
PH126,H05,VGBV-41,3939,13,19,2025-10-21 14:20:13.654958,346244.373,6291448.429
PH126,H05,VFPS-65,7813,25,60,2025-10-21 14:20:13.654958,346244.373,6291448.429
PH126,229,SDGY-39,300,0,3,2025-10-21 14:20:13.654960,346244.373,6291448.429
PH126,229,SFWB-35,2724,9,11,2025-10-21 14:20:13.654960,346244.373,6291448.429
PH126,271,FLXX-18,1174,0,5,2025-10-21 14:20:13.654961,346244.373,6291448.429
PH126,271,FLXX-20,2290,7,9,2025-10-21 14:20:13.654962,346244.373,6291448.429
PH126,H14,FLXR-47,1074,0,5,2025-10-21 14:20:13.654963,346244.373,6291448.429
PH126,H14,FLXP-95,3101,10,14,2025-10-21 14:20:13.654964,346244.373,6291448.429
PH126,214,GCBB-96,2155,7,9,2025-10-21 14:20:13.654965,346244.373,6291448.429
PH126,226,VFPL-88,3057,9,13,2025-10-21 14:20:13.654966,346244.373,6291448.429
PH126,226,VFPZ-97,3239,10,14,2025-10-21 14:20:13.654967,346244.373,6291448.429
PE1259,E02,VKJZ-85,2423,8,12,2025-10-21 14:20:15.519197,352737.921,6286212.462
PE1259,E02,VKJX-80,2736,11,15,2025-10-21 14:20:15.519202,352737.921,6286212.462
PG1236,G15,THTD-79,963,0,4,2025-10-21 14:20:17.442503,344587.884,6285401.117
PG1236,F20,SPZY-28,1083,0,5,2025-10-21 14:20:17.442509,344587.884,6285401.117
PH490,H24,VGRG-14,3289,11,15,2025-10-21 14:20:20.675923,344491.773,6293940.722
PH490,H24,VGRC-53,5515,20,28,2025-10-21 14:20:20.675928,344491.773,6293940.722
PJ23,107,PGRZ-84,244,0,3,2025-10-21 14:20:22.722994,341313.954,6299028.452
PJ23,107,PFYC-47,2423,9,11,2025-10-21 14:20:22.722998,341313.954,6299028.452
PJ23,101,PFVC-40,425,0,3,2025-10-21 14:20:22.722999,341313.954,6299028.452
PJ23,101,PFYR-69,5896,19,27,2025-10-21 14:20:22.723000,341313.954,6299028.452
PH593,H07,BJFS-51,3955,11,15,2025-10-21 14:20:24.643041,342991.245,6292744.242
PG2108,G02,FLXD-20,1605,0,5,2025-10-21 14:20:26.567936,341020.0,6281149.0
PG2108,G02,FLXX-10,6620,19,27,2025-10-21 14:20:26.567941,341020.0,6281149.0
PG2108,G27,THTF-59,680,0,3,2025-10-21 14:20:26.567942,341020.0,6281149.0
PG2108,G27,THTF-19,2497,10,14,2025-10-21 14:20:26.567943,341020.0,6281149.0
PI287,113,FLXX-61,5144,13,19,2025-10-21 14:20:28.679113,339055.327,6290293.351
PI287,113,FLXW-71,9410,25,60,2025-10-21 14:20:28.679118,339055.327,6290293.351
PI287,115,GCBD-14,1762,0,3,2025-10-21 14:20:28.679119,339055.327,6290293.351
PI287,115,FLXV-66,4176,6,8,2025-10-21 14:20:28.679120,339055.327,6290293.351
PI1893,I35,SCRZ-36,296,0,3,2025-10-21 14:20:30.631552,332038.0,6282690.0
PI1071,I10,FLXW-70,4190,11,15,2025-10-21 14:20:32.412423,341465.543,6295442.759
PI1071,I10,FLXW-89,4279,12,16,2025-10-21 14:20:32.412428,341465.543,6295442.759
PI1071,385,FLXL-67,2306,6,8,2025-10-21 14:20:32.412430,341465.543,6295442.759
PG59,G34,THTF-17,238,0,3,2025-10-21 14:20:34.120030,345313.105,6287262.571
PG59,228,THTG-97,388,0,3,2025-10-21 14:20:34.120036,345313.105,6287262.571
PG59,228,THTD-68,2270,8,10,2025-10-21 14:20:34.120037,345313.105,6287262.571
PG59,223,SFGY-74,238,0,3,2025-10-21 14:20:34.120038,345313.105,6287262.571
PG59,223,SHCV-41,1708,7,9,2025-10-21 14:20:34.120039,345313.105,6287262.571
PG59,444,SHXF-97,4154,10,14,2025-10-21 14:20:34.120040,345313.105,6287262.571
PG59,444,SKPL-30,14735,25,60,2025-10-21 14:20:34.120041,345313.105,6287262.571
PG59,201,GCBB-74,1894,7,9,2025-10-21 14:20:34.120042,345313.105,6287262.571
PG59,201,GCBB-18,4538,12,18,2025-10-21 14:20:34.120043,345313.105,6287262.571
PG59,211,TBYY-72,283,0,3,2025-10-21 14:20:34.120045,345313.105,6287262.571
PG59,211,FLXD-17,7011,19,27,2025-10-21 14:20:34.120045,345313.105,6287262.571
PG59,271,FLXP-16,4099,9,13,2025-10-21 14:20:34.120047,345313.105,6287262.571
PG59,271,CJRL-19,7076,16,24,2025-10-21 14:20:34.120047,345313.105,6287262.571
PG59,301,CJRB-22,865,0,3,2025-10-21 14:20:34.120049,345313.105,6287262.571
PG59,301,BJFX-55,975,0,3,2025-10-21 14:20:34.120050,345313.105,6287262.571
PG59,G12,SDSW-67,1977,6,8,2025-10-21 14:20:34.120051,345313.105,6287262.571
PG59,G12,SFPG-32,2753,8,12,2025-10-21 14:20:34.120052,345313.105,6287262.571
PE1277,G01,THTF-90,2711,8,10,2025-10-21 14:20:36.048025,348248.668,6288686.97
PE1277,G01,THTF-79,5506,15,21,2025-10-21 14:20:36.048030,348248.668,6288686.97
PG277,F05,SPZX-63,1940,9,13,2025-10-21 14:20:38.219602,350500.402,6285266.246
PG277,F05,SPZX-64,3849,25,60,2025-10-21 14:20:38.219606,350500.402,6285266.246
PG277,E11,VKJZ-79,1143,0,5,2025-10-21 14:20:38.219608,350500.402,6285266.246
PG277,E13,VFHX-49,5602,20,28,2025-10-21 14:20:38.219608,350500.402,6285266.246
PG277,E15C,VFKV-90,1815,7,9,2025-10-21 14:20:38.219609,350500.402,6285266.246
PG277,E15C,VFJL-48,1923,7,9,2025-10-21 14:20:38.219610,350500.402,6285266.246
PG277,E16,VFKW-18,1126,5,7,2025-10-21 14:20:38.219611,350500.402,6285266.246
PG277,E16,VFJK-37,3424,13,19,2025-10-21 14:20:38.219612,350500.402,6285266.246
PG277,325,VFJD-60,1761,6,8,2025-10-21 14:20:38.219613,350500.402,6285266.246
PG277,325,VFKV-40,7023,20,28,2025-10-21 14:20:38.219613,350500.402,6285266.246
PG277,225,SFVZ-81,246,0,3,2025-10-21 14:20:38.219614,350500.402,6285266.246
PG277,225,SFWB-73,6819,18,26,2025-10-21 14:20:38.219615,350500.402,6285266.246
PG2066,G39,SFGY-77,1257,0,5,2025-10-21 14:20:40.135914,341553.0,6283571.0
PG2066,G39,SCRZ-13,5236,14,20,2025-10-21 14:20:40.135919,341553.0,6283571.0
PH503,H24,VGRC-73,1209,0,4,2025-10-21 14:20:42.024461,348110.259,6293978.633
PH503,H24,VGLZ-33,3426,13,19,2025-10-21 14:20:42.024466,348110.259,6293978.633
PB55,110C,FLXW-34,1650,9,11,2025-10-21 14:20:45.132699,338294.46,6302223.7
PB55,110C,FLXV-47,4330,14,20,2025-10-21 14:20:45.132704,338294.46,6302223.7
PB55,B03,LXDJ-14,857,0,3,2025-10-21 14:20:45.132705,338294.46,6302223.7
PB55,B03,LXDH-90,3532,12,16,2025-10-21 14:20:45.132706,338294.46,6302223.7
PB55,105,SJPC-45,70,0,3,2025-10-21 14:20:45.132706,338294.46,6302223.7
PB55,B20,SKHG-85,2285,8,10,2025-10-21 14:20:45.132707,338294.46,6302223.7
PB884,214,GCBB-75,1572,6,8,2025-10-21 14:20:47.118671,343818.745,6303411.41
PB884,214,GCBB-31,4436,16,22,2025-10-21 14:20:47.118676,343818.745,6303411.41
PB884,B26,FLXS-51,2496,9,13,2025-10-21 14:20:47.118678,343818.745,6303411.41
PB884,B26,HYFL-60,4636,18,26,2025-10-21 14:20:47.118678,343818.745,6303411.41
PB884,B04,SJPC-34,976,0,4,2025-10-21 14:20:47.118679,343818.745,6303411.41
PB884,B04,SHCX-35,2701,9,13,2025-10-21 14:20:47.118680,343818.745,6303411.41
PI1386,I01,FLXG-16,1069,0,5,2025-10-21 14:20:52.505539,340468.168,6292947.293
PI1386,I01,FLXL-20,3762,11,15,2025-10-21 14:20:52.505544,340468.168,6292947.293
PI1386,I18,VHSX-94,2243,11,15,2025-10-21 14:20:52.505545,340468.168,6292947.293
PI1386,I18,VHTB-43,6175,20,28,2025-10-21 14:20:52.505547,340468.168,6292947.293
PI1581,I24,VHTB-64,2284,8,12,2025-10-21 14:20:54.151187,333202.708,6291101.494
PI1581,I24,VHSY-16,5363,20,28,2025-10-21 14:20:54.151192,333202.708,6291101.494
PI1581,I05,VHSX-97,2044,7,9,2025-10-21 14:20:54.151194,333202.708,6291101.494
PI1581,I05,VHSY-21,2281,8,10,2025-10-21 14:20:54.151195,333202.708,6291101.494
PI1581,I09,VHTB-21,1971,8,10,2025-10-21 14:20:54.151196,333202.708,6291101.494
PI1581,I09,RWRP-59,3929,14,20,2025-10-21 14:20:54.151197,333202.708,6291101.494
PI1581,I11,FLXZ-50,847,0,3,2025-10-21 14:20:54.151198,333202.708,6291101.494
PI1581,I11,FLXY-98,3919,13,17,2025-10-21 14:20:54.151198,333202.708,6291101.494
PE1360,E12,VFJL-87,4409,15,21,2025-10-21 14:20:56.092644,353014.954,6286910.234
PE1360,E12,VFJD-72,7481,21,29,2025-10-21 14:20:56.092649,353014.954,6286910.234
PA534,H07,CJRW-49,2698,8,10,2025-10-21 14:20:58.047629,345117.382,6294970.879
PA534,H07,BJFS-87,2980,8,12,2025-10-21 14:20:58.047634,345117.382,6294970.879
PA534,I01,FLXL-63,1867,6,8,2025-10-21 14:20:58.047635,345117.382,6294970.879
PA534,I01,FLXG-72,2953,11,15,2025-10-21 14:20:58.047636,345117.382,6294970.879
PA534,511,GCBC-92,2326,8,10,2025-10-21 14:20:58.047637,345117.382,6294970.879
PA534,511,TBFR-20,3413,11,15,2025-10-21 14:20:58.047638,345117.382,6294970.879
PG166,F20,SRVJ-48,364,0,3,2025-10-21 14:20:59.969917,346976.754,6283707.183
PG166,F20,SPZY-54,3486,12,16,2025-10-21 14:20:59.969922,346976.754,6283707.183
PD1099,D11,SVDC-82,1720,5,7,2025-10-21 14:21:01.451595,355826.518,6296866.442
PB74,B20,LXDH-86,2375,8,12,2025-10-21 14:21:03.465771,342585.569,6301780.895
PB74,B29,SKHG-47,8335,25,60,2025-10-21 14:21:03.465776,342585.569,6301780.895
PB74,B29,SKHG-57,8970,25,60,2025-10-21 14:21:03.465777,342585.569,6301780.895
PB74,109,FLXV-87,2453,9,11,2025-10-21 14:21:03.465778,342585.569,6301780.895
PB74,109,PFXC-74,5052,14,20,2025-10-21 14:21:03.465779,342585.569,6301780.895
PB74,105,SJPD-93,2882,8,10,2025-10-21 14:21:03.465780,342585.569,6301780.895
PB74,105,SJPC-68,3340,10,14,2025-10-21 14:21:03.465781,342585.569,6301780.895
PB74,120,SKHG-33,3056,12,18,2025-10-21 14:21:03.465782,342585.569,6301780.895
PA634,113,FLXW-97,1124,0,5,2025-10-21 14:21:05.390053,346279.81,6295008.43
PG112,205,RWTP-93,6439,16,24,2025-10-21 14:21:07.404487,348076.267,6289284.532
PG112,207,SRTK-28,812,0,3,2025-10-21 14:21:07.404492,348076.267,6289284.532
PG112,207,LZPW-21,849,0,3,2025-10-21 14:21:07.404493,348076.267,6289284.532
PG112,209,CJRP-24,830,0,3,2025-10-21 14:21:07.404494,348076.267,6289284.532
PG112,209,LZPS-13,4444,9,13,2025-10-21 14:21:07.404494,348076.267,6289284.532
PG112,E05,BJFZ-93,613,0,3,2025-10-21 14:21:07.404495,348076.267,6289284.532
PG112,E05,BJFT-80,3553,10,14,2025-10-21 14:21:07.404496,348076.267,6289284.532
PG1591,G01,THTF-51,2368,9,11,2025-10-21 14:21:09.293843,345600.976,6289159.873
PG1591,G01,THTF-90,5219,16,24,2025-10-21 14:21:09.293848,345600.976,6289159.873
PI685,I25,FLXL-17,4472,9,13,2025-10-21 14:21:13.262394,340014.319,6292887.975
PI685,I25,FLXL-30,4897,10,14,2025-10-21 14:21:13.262399,340014.319,6292887.975
PI685,I01,FLXG-91,2502,6,8,2025-10-21 14:21:13.262400,340014.319,6292887.975
PI685,I01,FLXD-81,6391,14,20,2025-10-21 14:21:13.262401,340014.319,6292887.975
PI685,I18,FLXZ-41,631,0,3,2025-10-21 14:21:13.262402,340014.319,6292887.975
PI685,I18,RWRP-44,8327,18,26,2025-10-21 14:21:13.262403,340014.319,6292887.975
PJ283,J05,BJFD-46,256,0,3,2025-10-21 14:21:15.302521,342575.841,6299681.981
PJ283,J05,GCBC-67,501,0,3,2025-10-21 14:21:15.302525,342575.841,6299681.981
PJ283,B28,SJTD-62,1,0,3,2025-10-21 14:21:15.302527,342575.841,6299681.981
PJ283,B28,TXZH-33,297,0,3,2025-10-21 14:21:15.302527,342575.841,6299681.981
PJ283,502,FLXD-38,2302,6,8,2025-10-21 14:21:15.302528,342575.841,6299681.981
PJ283,502,FLXS-89,7462,20,28,2025-10-21 14:21:15.302529,342575.841,6299681.981
PI762,111,SHXF-92,5785,14,20,2025-10-21 14:21:17.597603,338950.654,6297071.122
PI762,111,PFTW-30,8962,25,60,2025-10-21 14:21:17.597608,338950.654,6297071.122
PI762,510,FLXV-74,3863,9,13,2025-10-21 14:21:17.597609,338950.654,6297071.122
PI762,510,GCBF-28,9175,25,60,2025-10-21 14:21:17.597610,338950.654,6297071.122
PI762,514,FLXH-92,3832,11,15,2025-10-21 14:21:17.597611,338950.654,6297071.122
PI762,514,FDJX-65,4127,12,16,2025-10-21 14:21:17.597612,338950.654,6297071.122
PI762,516,TBFR-80,3493,9,13,2025-10-21 14:21:17.597612,338950.654,6297071.122
PI762,516,PFXB-80,5292,15,21,2025-10-21 14:21:17.597613,338950.654,6297071.122
PI762,J08,GCBD-37,3387,13,19,2025-10-21 14:21:17.597614,338950.654,6297071.122
PI762,J08,FLXT-63,6482,25,60,2025-10-21 14:21:17.597615,338950.654,6297071.122
PI762,J17,FLXZ-86,236,0,3,2025-10-21 14:21:17.597616,338950.654,6297071.122
PI762,418,SHXF-92,5785,14,20,2025-10-21 14:21:17.597617,338950.654,6297071.122
PI762,418,PFTW-30,8962,25,60,2025-10-21 14:21:17.597617,338950.654,6297071.122
PI762,J19,VGVB-66,206,0,3,2025-10-21 14:21:17.597618,338950.654,6297071.122
PI762,J19,VHLY-37,4478,13,19,2025-10-21 14:21:17.597619,338950.654,6297071.122
PJ1922,412,LXWP-87,3840,15,21,2025-10-21 14:21:19.597457,338290.06,6300151.11
PJ1922,412,PFVG-98,4635,16,24,2025-10-21 14:21:19.597463,338290.06,6300151.11
PJ1922,110,CJRX-40,2148,6,8,2025-10-21 14:21:19.597464,338290.06,6300151.11
PJ1922,110,CJRW-58,2366,7,9,2025-10-21 14:21:19.597465,338290.06,6300151.11
PJ1922,110C,FLXT-93,2452,9,13,2025-10-21 14:21:19.597465,338290.06,6300151.11
PJ1922,110C,PFXC-54,3146,16,22,2025-10-21 14:21:19.597466,338290.06,6300151.11
PJ1922,B38,TBFW-72,7232,19,27,2025-10-21 14:21:19.597467,338290.06,6300151.11
PJ1922,B38,PFXC-76,20749,25,60,2025-10-21 14:21:19.597468,338290.06,6300151.11
PI1096,111,FLXZ-61,63,0,3,2025-10-21 14:21:21.594563,335105.134,6284723.975
PB1301,B15,SPCG-86,1476,6,8,2025-10-21 14:21:24.295965,347540.721,6300173.586
PB1301,B15,SPCG-74,11904,25,60,2025-10-21 14:21:24.295970,347540.721,6300173.586
PD937,D07,SVDC-87,1926,6,8,2025-10-21 14:21:28.152836,352025.362,6294398.572
PD937,D07,STRJ-57,4400,20,28,2025-10-21 14:21:28.152842,352025.362,6294398.572
PB808,B24,TXZH-37,235,0,3,2025-10-21 14:21:30.089929,343487.305,6301706.131
PB808,B24,LDJV-43,3427,8,10,2025-10-21 14:21:30.089935,343487.305,6301706.131
PB808,B03,LJDL-48,5542,17,23,2025-10-21 14:21:30.089936,343487.305,6301706.131
PB808,B03,SKHG-89,7518,25,60,2025-10-21 14:21:30.089937,343487.305,6301706.131
PD254,225,SFWZ-63,2987,6,8,2025-10-21 14:21:32.029043,356399.756,6296852.477
PD254,225,SFWZ-80,5675,13,19,2025-10-21 14:21:32.029047,356399.756,6296852.477
PJ579,J01,FDJX-82,2914,8,10,2025-10-21 14:21:33.946542,341772.59,6301677.344
PJ579,J01,FDJX-81,3942,11,15,2025-10-21 14:21:33.946547,341772.59,6301677.344
PJ579,J16,GCBC-91,17,0,3,2025-10-21 14:21:33.946548,341772.59,6301677.344
PJ579,J16,TBFR-10,981,0,4,2025-10-21 14:21:33.946549,341772.59,6301677.344
PH110,301,FLXH-10,1274,5,7,2025-10-21 14:21:36.060130,346847.78,6294356.65
PH110,301,BJFT-18,2352,8,12,2025-10-21 14:21:36.060135,346847.78,6294356.65
PH110,H13,CJRZ-72,786,0,5,2025-10-21 14:21:36.060136,346847.78,6294356.65
PH110,H13,BJFS-77,3476,11,15,2025-10-21 14:21:36.060137,346847.78,6294356.65
PH110,223,SCRZ-37,496,0,3,2025-10-21 14:21:36.060138,346847.78,6294356.65
PH110,223,SFGY-15,2711,9,13,2025-10-21 14:21:36.060139,346847.78,6294356.65
PH110,201,GCBB-84,1383,0,5,2025-10-21 14:21:36.060140,346847.78,6294356.65
PH110,201,GCBB-49,3642,14,20,2025-10-21 14:21:36.060141,346847.78,6294356.65
PH110,214,GCBB-19,576,0,3,2025-10-21 14:21:36.060142,346847.78,6294356.65
PH110,214,GCBB-17,4343,17,23,2025-10-21 14:21:36.060143,346847.78,6294356.65
PH110,226,VFPZ-78,1,0,3,2025-10-21 14:21:36.060144,346847.78,6294356.65
PH110,229,LZPW-15,257,0,3,2025-10-21 14:21:36.060145,346847.78,6294356.65
PH110,229,LZPT-64,2665,8,12,2025-10-21 14:21:36.060146,346847.78,6294356.65
PH110,271,FLXX-14,790,0,3,2025-10-21 14:21:36.060147,346847.78,6294356.65
PH110,271,TBYY-71,1658,5,7,2025-10-21 14:21:36.060148,346847.78,6294356.65
PJ1979,418,PFYC-28,5584,25,60,2025-10-21 14:21:37.936831,333797.0,6299398.0
PJ1979,418,SHXF-92,14054,25,60,2025-10-21 14:21:37.936836,333797.0,6299398.0
PI875,I03,FLXG-53,3663,12,16,2025-10-21 14:21:39.909673,334824.892,6289005.461
PI875,I03,FLXG-12,5108,16,22,2025-10-21 14:21:39.909679,334824.892,6289005.461
PI875,I10,FLXG-59,3148,10,14,2025-10-21 14:21:39.909680,334824.892,6289005.461
PI875,I10,FLXW-85,4482,16,22,2025-10-21 14:21:39.909681,334824.892,6289005.461
PH1537,385,FLXL-87,3572,11,15,2025-10-21 14:21:41.463175,349130.959,6293033.158
PH1537,385,FLXF-76,3580,11,15,2025-10-21 14:21:41.463180,349130.959,6293033.158
PB964,B06,SKDJ-90,1385,0,5,2025-10-21 14:21:43.137825,343100.296,6305990.953
PB964,B06,SKDJ-78,6524,17,25,2025-10-21 14:21:43.137830,343100.296,6305990.953
PB964,B21,SGPY-95,1534,5,7,2025-10-21 14:21:43.137831,343100.296,6305990.953
PB964,B21,SKDJ-25,4823,12,18,2025-10-21 14:21:43.137832,343100.296,6305990.953
PG628,203,LZPG-11,1450,0,4,2025-10-21 14:21:47.214553,345646.945,6283928.976
PG628,G28,BJFT-55,2998,10,14,2025-10-21 14:21:47.214558,345646.945,6283928.976
PG628,G28,BJFW-20,6023,20,28,2025-10-21 14:21:47.214559,345646.945,6283928.976
PG628,G13,SDSW-70,3068,8,12,2025-10-21 14:21:47.214560,345646.945,6283928.976
PG628,G13,SFGY-86,5734,19,27,2025-10-21 14:21:47.214561,345646.945,6283928.976
PG628,F06,SRVK-73,3799,13,19,2025-10-21 14:21:47.214562,345646.945,6283928.976
PG628,F06,SPZY-45,3957,14,20,2025-10-21 14:21:47.214563,345646.945,6283928.976
PB1256,B43,SJPB-36,1521,7,9,2025-10-21 14:21:49.081214,340009.091,6307221.311
PB1256,B43,SJPC-83,4235,15,21,2025-10-21 14:21:49.081219,340009.091,6307221.311
PI561,I01,FLXY-58,2212,6,8,2025-10-21 14:21:50.733180,335935.166,6288766.229
PI561,I01,FLXF-48,4056,12,16,2025-10-21 14:21:50.733184,335935.166,6288766.229
PI561,506,TBFX-71,1932,7,9,2025-10-21 14:21:50.733186,335935.166,6288766.229
PI561,506,TBFT-90,2659,9,13,2025-10-21 14:21:50.733187,335935.166,6288766.229
PI561,506V,TBFX-23,2699,9,13,2025-10-21 14:21:50.733188,335935.166,6288766.229
PI561,506V,TBFX-21,3499,12,16,2025-10-21 14:21:50.733189,335935.166,6288766.229
PB1439,B22,SKPS-34,10946,25,60,2025-10-21 14:21:52.695678,346922.735,6303816.667
PB1439,B22,SKPS-44,12790,25,60,2025-10-21 14:21:52.695683,346922.735,6303816.667
PH438,E04,VKJY-92,2013,8,10,2025-10-21 14:21:54.587340,348279.793,6292572.138
PH438,E04,VKJZ-33,5824,17,25,2025-10-21 14:21:54.587345,348279.793,6292572.138
PH438,H24,VGRD-35,871,0,4,2025-10-21 14:21:54.587346,348279.793,6292572.138
PH438,H24,VGRC-73,5508,14,20,2025-10-21 14:21:54.587347,348279.793,6292572.138
PE142,210,LZRD-78,2116,7,9,2025-10-21 14:21:56.698656,352792.489,6285777.854
PE142,210,LZRD-62,3017,10,14,2025-10-21 14:21:56.698661,352792.489,6285777.854
PE142,210V,VGBV-35,1918,6,8,2025-10-21 14:21:56.698663,352792.489,6285777.854
PE142,210V,VFPH-98,5699,17,25,2025-10-21 14:21:56.698663,352792.489,6285777.854
PG1110,G11,THTF-34,2048,5,7,2025-10-21 14:21:58.626892,347681.504,6289663.394
PG1110,G11,THTH-73,3722,10,14,2025-10-21 14:21:58.626897,347681.504,6289663.394
PJ1923,412,LXWP-87,3593,12,18,2025-10-21 14:22:00.673151,338343.5,6299919.1
PJ1923,412,PFVG-98,4319,15,21,2025-10-21 14:22:00.673155,338343.5,6299919.1
PJ1923,110,CJRX-40,1642,5,7,2025-10-21 14:22:00.673156,338343.5,6299919.1
PJ1923,110,CJRW-58,1988,7,9,2025-10-21 14:22:00.673157,338343.5,6299919.1
PJ1923,110C,FLXT-93,1941,7,9,2025-10-21 14:22:00.673158,338343.5,6299919.1
PJ1923,110C,PFXC-54,2804,13,19,2025-10-21 14:22:00.673159,338343.5,6299919.1
PJ1923,B38,TBFW-72,8749,19,27,2025-10-21 14:22:00.673160,338343.5,6299919.1
PJ1923,B38,PFXC-76,20354,25,60,2025-10-21 14:22:00.673161,338343.5,6299919.1
PJ1786,517,VJJW-18,4210,12,18,2025-10-21 14:22:04.620942,337276.214,6299770.905
PJ1786,517,VHZZ-21,4879,15,21,2025-10-21 14:22:04.620947,337276.214,6299770.905
PJ1786,518,TBFT-84,1,0,3,2025-10-21 14:22:04.620948,337276.214,6299770.905
PJ1786,518,FLXG-38,796,0,3,2025-10-21 14:22:04.620949,337276.214,6299770.905
PE1271,E02,VKJZ-85,628,0,3,2025-10-21 14:22:06.637144,353669.461,6285679.657
PE1271,E02,VKJX-80,715,0,3,2025-10-21 14:22:06.637149,353669.461,6285679.657
PE1271,E11,VKJZ-78,645,0,4,2025-10-21 14:22:06.637150,353669.461,6285679.657
PE1271,E11,VKJX-60,2047,9,13,2025-10-21 14:22:06.637151,353669.461,6285679.657
PE1271,E12,VFKV-50,1,0,3,2025-10-21 14:22:06.637152,353669.461,6285679.657
PE1271,E12,VFJV-39,872,0,3,2025-10-21 14:22:06.637153,353669.461,6285679.657
PG137,205,LZRD-98,3134,6,8,2025-10-21 14:22:08.713995,348701.714,6284440.673
PG137,205,LZRD-80,6172,14,20,2025-10-21 14:22:08.714000,348701.714,6284440.673
PG137,207,LZPT-45,391,0,3,2025-10-21 14:22:08.714001,348701.714,6284440.673
PG137,207,SFWZ-52,6184,15,21,2025-10-21 14:22:08.714002,348701.714,6284440.673
PG137,209,SDGY-35,524,0,3,2025-10-21 14:22:08.714003,348701.714,6284440.673
PG137,209,LZPT-70,5431,13,19,2025-10-21 14:22:08.714004,348701.714,6284440.673
PG859,G23,SFWZ-32,969,0,3,2025-10-21 14:22:12.592335,349726.846,6282710.342
PH260,H05,VFPD-51,712,0,5,2025-10-21 14:22:14.578483,346277.907,6291721.388
PH260,H05,VFPL-81,4358,16,22,2025-10-21 14:22:14.578487,346277.907,6291721.388
PH260,301,FLXC-48,1,0,3,2025-10-21 14:22:14.578489,346277.907,6291721.388
PH260,301,BJFX-49,21,0,3,2025-10-21 14:22:14.578490,346277.907,6291721.388
PH260,H14,BJFS-86,960,0,5,2025-10-21 14:22:14.578491,346277.907,6291721.388
PD576,519,FLXV-59,478,0,3,2025-10-21 14:22:16.831929,354328.999,6295410.076
PD576,519,TBFX-53,4248,11,15,2025-10-21 14:22:16.831933,354328.999,6295410.076
PD576,505,LZPH-22,1757,0,5,2025-10-21 14:22:16.831935,354328.999,6295410.076
PD576,505,LXWS-35,2556,7,9,2025-10-21 14:22:16.831935,354328.999,6295410.076
PD576,506,TBFT-54,1927,0,5,2025-10-21 14:22:16.831936,354328.999,6295410.076
PD576,506V,TBFT-94,1173,0,3,2025-10-21 14:22:16.831937,354328.999,6295410.076
PD576,507,FLXV-80,1312,0,5,2025-10-21 14:22:16.831938,354328.999,6295410.076
PD576,510,GCBF-15,1043,0,3,2025-10-21 14:22:16.831939,354328.999,6295410.076
PD576,510,FLXV-79,5223,25,60,2025-10-21 14:22:16.831939,354328.999,6295410.076
PD576,516,TBFT-31,676,0,3,2025-10-21 14:22:16.831940,354328.999,6295410.076
PD576,516,GCBC-47,2043,5,7,2025-10-21 14:22:16.831941,354328.999,6295410.076
PA377,513,VHZW-50,2016,5,7,2025-10-21 14:22:18.704116,345522.268,6298013.842
PA377,513,LZPH-28,4764,12,16,2025-10-21 14:22:18.704121,345522.268,6298013.842
PA377,406,FLXW-15,1693,6,8,2025-10-21 14:22:18.704122,345522.268,6298013.842
PA377,406,SZZH-69,2353,8,10,2025-10-21 14:22:18.704123,345522.268,6298013.842
PA377,407,TBFW-69,641,0,3,2025-10-21 14:22:18.704124,345522.268,6298013.842
PA377,407,TBFS-68,2552,7,9,2025-10-21 14:22:18.704125,345522.268,6298013.842
PA377,422,FLXW-24,464,0,3,2025-10-21 14:22:18.704126,345522.268,6298013.842
PA377,422,TBFV-24,847,0,3,2025-10-21 14:22:18.704127,345522.268,6298013.842
PA377,426,FDJX-76,433,0,3,2025-10-21 14:22:18.704128,345522.268,6298013.842
PA377,426,BJFC-53,1969,5,7,2025-10-21 14:22:18.704128,345522.268,6298013.842
PI106,108,PFVG-60,2699,11,15,2025-10-21 14:22:20.187311,336880.89,6290719.56
PI106,108,PFVC-45,4218,17,25,2025-10-21 14:22:20.187315,336880.89,6290719.56
PI106,423,PFYT-10,708,0,4,2025-10-21 14:22:20.187316,336880.89,6290719.56
PI106,423,PFYT-11,5277,16,22,2025-10-21 14:22:20.187317,336880.89,6290719.56
PI106,109,FLXC-54,2009,5,7,2025-10-21 14:22:20.187317,336880.89,6290719.56
PI106,109,FLXS-97,4038,10,14,2025-10-21 14:22:20.187318,336880.89,6290719.56
PI106,118,FLXX-93,1977,8,10,2025-10-21 14:22:20.187319,336880.89,6290719.56
PI106,118,LXWR-93,3031,10,14,2025-10-21 14:22:20.187320,336880.89,6290719.56
PA147,205,RWTP-80,326,0,3,2025-10-21 14:22:22.293804,347427.664,6295100.534
PA147,205,RWTP-99,1649,6,8,2025-10-21 14:22:22.293809,347427.664,6295100.534
PA147,227,VFHT-73,619,0,3,2025-10-21 14:22:22.293810,347427.664,6295100.534
PA147,227,VFPJ-66,5075,12,16,2025-10-21 14:22:22.293811,347427.664,6295100.534
PA147,207,SVPX-55,493,0,3,2025-10-21 14:22:22.293812,347427.664,6295100.534
PA147,207,SVPX-50,1493,5,7,2025-10-21 14:22:22.293813,347427.664,6295100.534
PA147,209,LZPT-53,1,0,3,2025-10-21 14:22:22.293814,347427.664,6295100.534
PA147,209,SXKV-86,2071,0,5,2025-10-21 14:22:22.293814,347427.664,6295100.534
PD672,D16,SPBS-52,431,0,3,2025-10-21 14:22:26.592061,352432.829,6292587.567
PD672,D16,SPBL-78,4055,10,14,2025-10-21 14:22:26.592066,352432.829,6292587.567
PD672,514,PFXB-90,699,0,3,2025-10-21 14:22:26.592068,352432.829,6292587.567
PD672,514,FLXS-66,6640,20,28,2025-10-21 14:22:26.592069,352432.829,6292587.567
PD672,D14,PGLD-76,4941,15,21,2025-10-21 14:22:26.592070,352432.829,6292587.567
PJ1633,J07,VHZX-10,9383,17,23,2025-10-21 14:22:28.731114,326857.393,6302683.56
PJ1633,J07,VHZX-31,10430,18,26,2025-10-21 14:22:28.731119,326857.393,6302683.56
PB1847,B29,LXDJ-31,2166,0,4,2025-10-21 14:22:31.124483,336309.01,6303601.72
PB1847,B29,LXDH-92,18703,25,60,2025-10-21 14:22:31.124487,336309.01,6303601.72
PH508,H05,VFPL-81,1029,0,3,2025-10-21 14:22:33.149782,348888.6,6292074.19
PF374,F07,SPRY-45,5825,11,15,2025-10-21 14:22:35.089447,352878.304,6282082.55
PF374,F07,SPRV-96,9825,25,60,2025-10-21 14:22:35.089452,352878.304,6282082.55
PF374,F24,SPRV-71,898,0,3,2025-10-21 14:22:35.089454,352878.304,6282082.55
PG1076,G09,SHCX-23,977,0,5,2025-10-21 14:22:37.040764,343717.525,6281123.782
PG1076,G09,SHXB-13,3571,13,17,2025-10-21 14:22:37.040769,343717.525,6281123.782
PC271,406,TBFT-64,420,0,3,2025-10-21 14:22:41.038126,350524.335,6300944.904
PC271,406,TBFS-30,501,0,3,2025-10-21 14:22:41.038131,350524.335,6300944.904
PC271,407,GCBD-42,432,0,3,2025-10-21 14:22:41.038132,350524.335,6300944.904
PC271,407,GCBD-73,4951,16,22,2025-10-21 14:22:41.038133,350524.335,6300944.904
PC271,426,FLXD-53,2600,8,12,2025-10-21 14:22:41.038134,350524.335,6300944.904
PC271,426,BJFH-23,6649,18,26,2025-10-21 14:22:41.038134,350524.335,6300944.904
PB340,208,SRTH-19,1874,14,20,2025-10-21 14:22:45.295944,348015.23,6306869.235
PB340,208,SRTH-12,2213,18,26,2025-10-21 14:22:45.295949,348015.23,6306869.235
PB340,208C,SFWZ-37,1901,0,5,2025-10-21 14:22:45.295950,348015.23,6306869.235
PB340,208C,SFWZ-64,2909,8,10,2025-10-21 14:22:45.295951,348015.23,6306869.235
PF990,F29,SPVW-78,128,0,3,2025-10-21 14:22:49.109856,351651.297,6279832.976
PF990,F29,SPVW-92,2745,10,14,2025-10-21 14:22:49.109861,351651.297,6279832.976
PF990,F15,LCPG-44,52,0,3,2025-10-21 14:22:49.109862,351651.297,6279832.976
PG114,209,CJRP-24,1253,0,5,2025-10-21 14:22:50.989653,348191.27,6288465.687
PG114,209,LZPS-13,4794,12,16,2025-10-21 14:22:50.989657,348191.27,6288465.687
PG114,E02,VKJY-74,3657,12,16,2025-10-21 14:22:50.989658,348191.27,6288465.687
PG114,E02,VKJX-32,4992,16,24,2025-10-21 14:22:50.989659,348191.27,6288465.687
PG114,205,RWTP-93,6893,19,27,2025-10-21 14:22:50.989660,348191.27,6288465.687
PG114,207,SRTK-28,622,0,3,2025-10-21 14:22:50.989661,348191.27,6288465.687
PG114,207,LZPW-21,796,0,3,2025-10-21 14:22:50.989662,348191.27,6288465.687
PG252,428,SKPH-77,1465,4,6,2025-10-21 14:22:52.661767,345089.37,6287007.31
PG252,428,SLPB-53,2642,7,9,2025-10-21 14:22:52.661772,345089.37,6287007.31
PG252,444,SHXF-97,3292,9,13,2025-10-21 14:22:52.661773,345089.37,6287007.31
PG252,444,SKPL-30,14289,25,60,2025-10-21 14:22:52.661773,345089.37,6287007.31
PG252,G34,THTF-30,5586,15,21,2025-10-21 14:22:52.661774,345089.37,6287007.31
PG252,G12,SDSW-67,806,0,3,2025-10-21 14:22:52.661775,345089.37,6287007.31
PG252,G12,SFPG-32,1291,0,5,2025-10-21 14:22:52.661776,345089.37,6287007.31
PG252,223,SHCV-41,410,0,3,2025-10-21 14:22:52.661777,345089.37,6287007.31
PG252,223,SHCX-15,4848,25,60,2025-10-21 14:22:52.661777,345089.37,6287007.31
PB2020,107,PGBY-45,1,0,3,2025-10-21 14:22:54.056668,342405.319,6303061.882
PB2020,107,PGBY-46,1839,5,7,2025-10-21 14:22:54.056673,342405.319,6303061.882
PB2020,101,PFVG-45,1139,4,6,2025-10-21 14:22:54.056675,342405.319,6303061.882
PB2020,101,PFVC-40,4780,15,21,2025-10-21 14:22:54.056675,342405.319,6303061.882
PB2020,B24,LDJV-43,1068,0,3,2025-10-21 14:22:54.056676,342405.319,6303061.882
PD452,D03,SPZK-84,944,0,5,2025-10-21 14:22:57.982049,353568.75,6297295.82
PD452,D03,SVDC-32,5520,18,26,2025-10-21 14:22:57.982053,353568.75,6297295.82
PD452,D09,SVDC-55,454,0,3,2025-10-21 14:22:57.982054,353568.75,6297295.82
PD452,D09,SVDD-62,5059,12,18,2025-10-21 14:22:57.982055,353568.75,6297295.82
PD452,403,SKPK-21,630,0,3,2025-10-21 14:22:57.982056,353568.75,6297295.82
PD452,403,PFTW-47,3238,10,14,2025-10-21 14:22:57.982057,353568.75,6297295.82
PD452,505,VJBC-31,2465,7,9,2025-10-21 14:22:57.982058,353568.75,6297295.82
PD452,505,LZPH-22,4909,13,19,2025-10-21 14:22:57.982058,353568.75,6297295.82
PD452,513,VHXJ-14,3052,9,13,2025-10-21 14:22:57.982059,353568.75,6297295.82
PD452,513,VHXK-21,4207,12,18,2025-10-21 14:22:57.982060,353568.75,6297295.82
PD452,227,VFRF-15,703,0,4,2025-10-21 14:22:57.982061,353568.75,6297295.82
PD452,227,VFPD-10,3439,10,14,2025-10-21 14:22:57.982062,353568.75,6297295.82
PD452,422,TBFV-22,864,0,3,2025-10-21 14:22:57.982062,353568.75,6297295.82
PD452,422,PFWZ-84,5744,15,21,2025-10-21 14:22:57.982063,353568.75,6297295.82
PC1084,C03,SGPW-38,5439,13,19,2025-10-21 14:22:59.517266,354085.029,6305631.596
PC1084,C03,SGPY-57,8293,25,60,2025-10-21 14:22:59.517271,354085.029,6305631.596
PD173,225,SFWB-76,2013,5,7,2025-10-21 14:23:03.466756,352565.765,6292042.589
PD173,225,SFWB-48,5224,15,21,2025-10-21 14:23:03.466761,352565.765,6292042.589
PD173,514,FLXX-79,1834,4,6,2025-10-21 14:23:03.466762,352565.765,6292042.589
PD173,712,SHXG-95,1290,0,5,2025-10-21 14:23:03.466763,352565.765,6292042.589
PD173,712,SHCW-67,1979,6,8,2025-10-21 14:23:03.466763,352565.765,6292042.589
PH370,H13,CJRW-78,2831,9,13,2025-10-21 14:23:05.447488,344488.807,6291865.65
PH370,H05,VFPS-65,2362,9,13,2025-10-21 14:23:05.447493,344488.807,6291865.65
PH370,H09,VGRB-63,2589,8,10,2025-10-21 14:23:05.447494,344488.807,6291865.65
PH370,H24,VGRG-54,3097,9,11,2025-10-21 14:23:05.447494,344488.807,6291865.65
PH370,121,CJRW-12,1070,0,4,2025-10-21 14:23:05.447495,344488.807,6291865.65
PH370,121,BJFX-13,5922,20,28,2025-10-21 14:23:05.447496,344488.807,6291865.65
PH370,H06,CJRX-48,3402,11,15,2025-10-21 14:23:05.447497,344488.807,6291865.65
PH370,H06,BJFX-14,5251,17,23,2025-10-21 14:23:05.447498,344488.807,6291865.65
PI889,481,PFVD-63,31,0,3,2025-10-21 14:23:07.442784,339660.732,6291594.993
PI889,481,PGPT-14,3768,8,12,2025-10-21 14:23:07.442789,339660.732,6291594.993
PI889,I26,PGPT-34,3885,11,15,2025-10-21 14:23:07.442790,339660.732,6291594.993
PI889,I04,FLXF-20,2545,7,9,2025-10-21 14:23:07.442791,339660.732,6291594.993
PI889,I04,FLXY-38,6032,15,21,2025-10-21 14:23:07.442792,339660.732,6291594.993
PI889,I14,FLXF-27,1449,10,14,2025-10-21 14:23:07.442793,339660.732,6291594.993
PI889,I14,FLXT-35,3148,16,22,2025-10-21 14:23:07.442794,339660.732,6291594.993
PH309,214,GCBB-10,1265,0,5,2025-10-21 14:23:09.489746,343931.954,6289562.885
PH309,214,GCBC-17,2666,9,13,2025-10-21 14:23:09.489751,343931.954,6289562.885
PH309,119,CJRX-59,149,0,3,2025-10-21 14:23:09.489752,343931.954,6289562.885
PH309,119,FLXG-66,4265,13,19,2025-10-21 14:23:09.489753,343931.954,6289562.885
PH309,321,FLXR-10,847,0,4,2025-10-21 14:23:09.489753,343931.954,6289562.885
PH309,321,BJFS-75,4406,16,24,2025-10-21 14:23:09.489754,343931.954,6289562.885
PH309,329,FLXR-23,3147,7,9,2025-10-21 14:23:09.489755,343931.954,6289562.885
PH309,329,FLXR-21,6493,16,22,2025-10-21 14:23:09.489756,343931.954,6289562.885
PH309,H13,CJRX-61,17,0,3,2025-10-21 14:23:09.489757,343931.954,6289562.885
PH309,H13,BJFT-76,3425,12,16,2025-10-21 14:23:09.489757,343931.954,6289562.885
PH309,I05,VHSY-22,2154,6,8,2025-10-21 14:23:09.489758,343931.954,6289562.885
PB115,107,PFZK-82,7096,20,28,2025-10-21 14:23:11.504838,349939.38,6304276.2
PB115,107,PGTV-28,7432,21,29,2025-10-21 14:23:11.504843,349939.38,6304276.2
PB115,272,VGCB-39,1083,0,4,2025-10-21 14:23:11.504844,349939.38,6304276.2
PB115,272,GCBB-70,4663,16,22,2025-10-21 14:23:11.504845,349939.38,6304276.2
PB115,116,HPFL-22,1180,0,3,2025-10-21 14:23:11.504846,349939.38,6304276.2
PB115,116,LCPW-34,5575,17,23,2025-10-21 14:23:11.504846,349939.38,6304276.2
PB115,B05,SPCG-97,1220,0,5,2025-10-21 14:23:11.504847,349939.38,6304276.2
PG376,301C,BJFW-67,230,0,4,2025-10-21 14:23:13.544114,344485.843,6283207.399
PG376,G28,BJFW-87,4604,12,18,2025-10-21 14:23:13.544119,344485.843,6283207.399
PG376,G16,SDSW-83,1849,7,9,2025-10-21 14:23:13.544120,344485.843,6283207.399
PG376,G16,SFPF-79,5869,18,26,2025-10-21 14:23:13.544121,344485.843,6283207.399
PG376,G07,THTD-38,4595,15,21,2025-10-21 14:23:13.544122,344485.843,6283207.399
PG376,G07,THTG-95,6187,21,29,2025-10-21 14:23:13.544123,344485.843,6283207.399
PG376,G14,FZZF-83,2650,6,8,2025-10-21 14:23:13.544124,344485.843,6283207.399
PG376,G14,FLXP-30,6370,25,60,2025-10-21 14:23:13.544125,344485.843,6283207.399
PG376,G43,FLXC-88,3509,9,13,2025-10-21 14:23:13.544126,344485.843,6283207.399
PG376,G24,FLXP-26,1926,6,8,2025-10-21 14:23:13.544127,344485.843,6283207.399
PG376,G24,FLXP-35,4598,12,18,2025-10-21 14:23:13.544128,344485.843,6283207.399
PG376,301,BJFV-83,519,0,4,2025-10-21 14:23:13.544129,344485.843,6283207.399
PG376,301,BJFW-71,1242,5,7,2025-10-21 14:23:13.544130,344485.843,6283207.399
PI67,105,SJPC-66,1019,0,5,2025-10-21 14:23:15.501537,342804.631,6297184.529
PI67,105,SJPD-93,6916,18,26,2025-10-21 14:23:15.501542,342804.631,6297184.529
PI67,120,LFGJ-89,50,0,3,2025-10-21 14:23:15.501543,342804.631,6297184.529
PI67,120,SKHG-33,6962,25,60,2025-10-21 14:23:15.501544,342804.631,6297184.529
PB1274,B25,FLXP-68,1783,5,7,2025-10-21 14:23:17.478452,345616.246,6302804.396
PB1274,B25,FLXP-69,2091,6,8,2025-10-21 14:23:17.478457,345616.246,6302804.396
PB1274,B21,SKDH-69,1994,10,14,2025-10-21 14:23:17.478458,345616.246,6302804.396
PB1274,B21,SGPY-95,9455,25,60,2025-10-21 14:23:17.478459,345616.246,6302804.396
PG1788,211C,THTF-65,873,9,13,2025-10-21 14:23:19.087976,341210.1,6279454.27
PB2008,B33,SHCX-34,4839,13,19,2025-10-21 14:23:20.719417,340218.0,6310990.0
PI1115,I12,FLXY-25,3573,10,14,2025-10-21 14:23:22.686686,339216.118,6289482.879
PI1115,I12,FLXY-35,5337,16,22,2025-10-21 14:23:22.686691,339216.118,6289482.879
PA31,201,GCBB-49,63,0,3,2025-10-21 14:23:26.725914,346057.491,6297432.382
PA31,201,GCBB-39,43,0,3,2025-10-21 14:23:26.725919,346057.491,6297432.382
PA31,271,FLXX-19,149,0,3,2025-10-21 14:23:26.725920,346057.491,6297432.382
PA31,271,SVPW-61,1806,8,10,2025-10-21 14:23:26.725921,346057.491,6297432.382
PA31,509,FLXX-44,42,0,3,2025-10-21 14:23:26.725922,346057.491,6297432.382
PA31,509,FLXV-36,3049,9,13,2025-10-21 14:23:26.725923,346057.491,6297432.382
PA31,115,TBFW-89,292,0,3,2025-10-21 14:23:26.725924,346057.491,6297432.382
PH18,107,PFYC-84,934,0,3,2025-10-21 14:23:28.666652,348262.723,6291295.247
PH18,107,PGRZ-70,1116,0,4,2025-10-21 14:23:28.666657,348262.723,6291295.247
PH18,108,PFYR-88,3413,11,15,2025-10-21 14:23:28.666658,348262.723,6291295.247
PH18,108,PFVH-97,3446,11,15,2025-10-21 14:23:28.666659,348262.723,6291295.247
PH18,212,LZPS-15,1077,0,4,2025-10-21 14:23:28.666660,348262.723,6291295.247
PH18,212,SVPW-56,2707,7,9,2025-10-21 14:23:28.666661,348262.723,6291295.247
PH18,102,LCPW-28,1031,0,4,2025-10-21 14:23:28.666662,348262.723,6291295.247
PH18,102,SPZY-57,8989,25,60,2025-10-21 14:23:28.666662,348262.723,6291295.247
PJ1748,J10,VHZW-71,2060,7,9,2025-10-21 14:23:30.544788,336979.306,6297744.717
PJ1748,J10,VHZZ-41,7291,25,60,2025-10-21 14:23:30.544793,336979.306,6297744.717
PC868,C16,SKPK-36,1697,5,7,2025-10-21 14:23:34.283444,359679.278,6310531.782
PC508,502,GCBC-49,120,0,3,2025-10-21 14:23:36.244253,348992.3,6300023.74
PC508,502,BJFB-27,2940,9,13,2025-10-21 14:23:36.244257,348992.3,6300023.74
PC508,542,TBFT-56,0,0,3,2025-10-21 14:23:36.244259,348992.3,6300023.74
PC508,542,TBFV-97,1,0,3,2025-10-21 14:23:36.244260,348992.3,6300023.74
PA434,509,FDJX-74,188,0,3,2025-10-21 14:23:38.198027,345625.65,6296820.23
PA434,509,FLXK-26,4078,9,13,2025-10-21 14:23:38.198033,345625.65,6296820.23
PA434,506,TBFT-30,983,0,3,2025-10-21 14:23:38.198034,345625.65,6296820.23
PA434,506,TBFT-97,2859,7,9,2025-10-21 14:23:38.198035,345625.65,6296820.23
PA434,506V,FLXV-84,826,0,3,2025-10-21 14:23:38.198036,345625.65,6296820.23
PA434,506V,SZZY-69,3372,7,9,2025-10-21 14:23:38.198037,345625.65,6296820.23
PA434,507,PFWZ-86,2114,8,10,2025-10-21 14:23:38.198038,345625.65,6296820.23
PA434,507,GCBF-24,2132,8,10,2025-10-21 14:23:38.198039,345625.65,6296820.23
PD12,117,PGLD-54,2788,9,13,2025-10-21 14:23:40.088865,350698.995,6295626.833
PD12,117,PGLD-64,4719,17,25,2025-10-21 14:23:40.088870,350698.995,6295626.833
PD12,114,SKWD-75,761,0,5,2025-10-21 14:23:40.088871,350698.995,6295626.833
PD12,103,SPBS-66,519,0,3,2025-10-21 14:23:40.088872,350698.995,6295626.833
PD12,103,SPBL-85,2647,8,12,2025-10-21 14:23:40.088872,350698.995,6295626.833
PB1139,B10,LDJP-70,246,0,3,2025-10-21 14:23:42.049664,344551.327,6306173.843
PB1139,B10,SHCY-37,5651,16,22,2025-10-21 14:23:42.049669,344551.327,6306173.843
PC586,407,FLXV-51,2475,6,8,2025-10-21 14:23:46.084435,352941.862,6301787.845
PC586,407,PFXC-38,7603,25,60,2025-10-21 14:23:46.084439,352941.862,6301787.845
PC586,C02,LCPW-40,246,0,3,2025-10-21 14:23:46.084440,352941.862,6301787.845
PC586,C02,LCPW-38,1182,0,3,2025-10-21 14:23:46.084441,352941.862,6301787.845
PC586,401,PFYG-94,1849,7,9,2025-10-21 14:23:46.084442,352941.862,6301787.845
PC586,401,PDYH-31,3345,15,21,2025-10-21 14:23:46.084443,352941.862,6301787.845
PC586,421,PFTV-85,1,0,3,2025-10-21 14:23:46.084444,352941.862,6301787.845
PC586,421,PFYG-89,901,0,4,2025-10-21 14:23:46.084444,352941.862,6301787.845
PC5,117,PGLD-64,506,0,3,2025-10-21 14:23:48.081758,350362.554,6299745.887
PC5,117,PGRZ-88,896,9,11,2025-10-21 14:23:48.081763,350362.554,6299745.887
PI1894,I35,SCRZ-36,67,0,3,2025-10-21 14:23:50.063539,331897.0,6282967.0
PI1894,I35,SHXB-39,1141,0,4,2025-10-21 14:23:50.063544,331897.0,6282967.0
PI548,506,FLXV-90,2056,6,8,2025-10-21 14:23:51.651530,342925.84,6296547.41
PI548,506,GCBD-60,3696,11,15,2025-10-21 14:23:51.651535,342925.84,6296547.41
PI548,506V,TBFT-58,2407,7,9,2025-10-21 14:23:51.651536,342925.84,6296547.41
PI548,506V,PFXC-21,4330,14,20,2025-10-21 14:23:51.651537,342925.84,6296547.41
PI548,509,CJRZ-89,2322,6,8,2025-10-21 14:23:51.651538,342925.84,6296547.41
PI548,509,FLXX-44,4326,16,22,2025-10-21 14:23:51.651538,342925.84,6296547.41
PG285,226,VFPZ-39,1729,5,7,2025-10-21 14:23:53.095539,347240.386,6290145.433
PG285,226,VFRD-85,2746,9,11,2025-10-21 14:23:53.095543,347240.386,6290145.433
PG285,227,VFPD-61,1256,0,4,2025-10-21 14:23:53.095545,347240.386,6290145.433
PG285,329,FLXR-41,1431,4,6,2025-10-21 14:23:53.095546,347240.386,6290145.433
PG285,329,BJFV-74,2834,9,13,2025-10-21 14:23:53.095546,347240.386,6290145.433
PG285,G11,THTF-34,582,0,3,2025-10-21 14:23:53.095547,347240.386,6290145.433
PG285,G11,THTH-73,2227,7,9,2025-10-21 14:23:53.095548,347240.386,6290145.433
PB672,B01,SHXG-99,3902,13,17,2025-10-21 14:23:54.982103,349032.51,6303101.482
PB672,B01,LDJV-52,4246,13,19,2025-10-21 14:23:54.982108,349032.51,6303101.482
PC194,418,SKPK-40,1023,0,4,2025-10-21 14:23:57.037103,348814.98,6299496.98
PC194,418,PFYC-44,6423,25,60,2025-10-21 14:23:57.037109,348814.98,6299496.98
PC194,106,PFVC-58,1470,0,5,2025-10-21 14:23:57.037110,348814.98,6299496.98
PC194,106,PFVC-52,2776,10,14,2025-10-21 14:23:57.037111,348814.98,6299496.98
PC194,401,PFYH-22,6018,21,29,2025-10-21 14:23:57.037112,348814.98,6299496.98
PC194,401,PFBG-21,7457,25,60,2025-10-21 14:23:57.037113,348814.98,6299496.98
PC194,405,PFVL-14,1030,5,7,2025-10-21 14:23:57.037114,348814.98,6299496.98
PC194,405,PFVL-16,1137,5,7,2025-10-21 14:23:57.037115,348814.98,6299496.98
PC194,421,PDYR-89,1067,4,6,2025-10-21 14:23:57.037116,348814.98,6299496.98
PC194,421,PFVL-13,1849,9,11,2025-10-21 14:23:57.037117,348814.98,6299496.98
PC194,412,LXWP-79,0,0,3,2025-10-21 14:23:57.037118,348814.98,6299496.98
PC194,412,PFYC-79,5654,25,60,2025-10-21 14:23:57.037119,348814.98,6299496.98
PE610,E09,VKJZ-32,1,0,3,2025-10-21 14:23:58.968583,350044.195,6286349.536
PE610,E09,VKJY-57,4388,15,21,2025-10-21 14:23:58.968588,350044.195,6286349.536
PE7,104,SKWD-93,48,0,3,2025-10-21 14:24:00.873407,352749.49,6290575.95
PE7,104,SKWD-59,895,0,4,2025-10-21 14:24:00.873412,352749.49,6290575.95
PE7,114,SKWD-88,324,0,3,2025-10-21 14:24:00.873414,352749.49,6290575.95
PE7,114,SKWD-75,7165,19,27,2025-10-21 14:24:00.873415,352749.49,6290575.95
PE7,108,PFVH-92,895,0,5,2025-10-21 14:24:00.873416,352749.49,6290575.95
PE7,108,PFVD-52,1445,5,7,2025-10-21 14:24:00.873416,352749.49,6290575.95
PE7,102,SPZX-82,922,0,5,2025-10-21 14:24:00.873417,352749.49,6290575.95
PE7,102,SPZY-65,1120,5,7,2025-10-21 14:24:00.873418,352749.49,6290575.95
PE7,124,SRVG-53,1011,5,7,2025-10-21 14:24:00.873419,352749.49,6290575.95
PE7,712,SJPF-89,869,0,3,2025-10-21 14:24:00.873420,352749.49,6290575.95
PE7,712,SHCW-69,2534,5,7,2025-10-21 14:24:00.873421,352749.49,6290575.95
PG559,F03,SPVV-66,2788,5,7,2025-10-21 14:24:02.790693,348473.162,6278455.669
PG559,F03,SPVW-11,4655,8,12,2025-10-21 14:24:02.790698,348473.162,6278455.669
PI1378,I01,FLXG-16,2016,5,7,2025-10-21 14:24:04.717137,341801.595,6293940.236
PI1378,I01,FLXL-20,4837,12,18,2025-10-21 14:24:04.717142,341801.595,6293940.236
PB1676,B36,STHF-78,129,0,3,2025-10-21 14:24:06.725588,343371.277,6308194.994
PB1676,B36,STHK-28,1955,4,6,2025-10-21 14:24:06.725601,343371.277,6308194.994
PB163,116,FLXJ-64,1440,5,7,2025-10-21 14:24:08.729959,346996.49,6300323.3
PB163,116,LCPW-37,4500,18,26,2025-10-21 14:24:08.729964,346996.49,6300323.3
PB163,203,LZPR-84,1,0,3,2025-10-21 14:24:08.729965,346996.49,6300323.3
PB163,203,SXKV-98,1457,9,13,2025-10-21 14:24:08.729966,346996.49,6300323.3
PB163,208,LXWT-86,392,0,3,2025-10-21 14:24:08.729967,346996.49,6300323.3
PB163,208,SRTG-96,911,0,5,2025-10-21 14:24:08.729968,346996.49,6300323.3
PB163,B03,LXDH-85,1957,9,13,2025-10-21 14:24:08.729969,346996.49,6300323.3
PB163,B03,SPZX-39,2404,12,16,2025-10-21 14:24:08.729970,346996.49,6300323.3
PF661,F02,SHCY-42,916,0,4,2025-10-21 14:24:10.613628,352296.499,6279927.109
PF661,F02,SHXF-36,3377,11,15,2025-10-21 14:24:10.613633,352296.499,6279927.109
PF661,F15,STHF-36,1615,5,7,2025-10-21 14:24:10.613634,352296.499,6279927.109
PF661,F15,STHF-57,3895,13,19,2025-10-21 14:24:10.613635,352296.499,6279927.109
PB858,214,GCBB-38,641,0,3,2025-10-21 14:24:12.467156,345170.915,6301625.296
PB858,214,GCBB-59,4715,14,20,2025-10-21 14:24:12.467161,345170.915,6301625.296
PB858,B10,SHCY-36,1250,0,5,2025-10-21 14:24:12.467162,345170.915,6301625.296
PB858,B10,LDJW-39,2932,11,15,2025-10-21 14:24:12.467163,345170.915,6301625.296
PB858,B04,SHXG-90,1722,5,7,2025-10-21 14:24:12.467164,345170.915,6301625.296
PB858,B04,SHXF-41,5938,20,28,2025-10-21 14:24:12.467165,345170.915,6301625.296
PD795,D03,SVDC-65,1897,0,4,2025-10-21 14:24:14.098329,358095.497,6295057.104
PD795,D03,SVDC-31,2307,0,5,2025-10-21 14:24:14.098334,358095.497,6295057.104
PD795,D07,SVDC-99,328,0,3,2025-10-21 14:24:14.098335,358095.497,6295057.104
PD795,D07,SVDC-69,8497,25,60,2025-10-21 14:24:14.098336,358095.497,6295057.104
PD795,D15,SPBS-69,104,0,3,2025-10-21 14:24:14.098337,358095.497,6295057.104
PD795,D15,STWH-39,1905,14,20,2025-10-21 14:24:14.098338,358095.497,6295057.104
PD795,505,VJBB-90,129,0,3,2025-10-21 14:24:14.098339,358095.497,6295057.104
PD795,505,LZPH-15,4897,15,21,2025-10-21 14:24:14.098340,358095.497,6295057.104
PD795,510,TBFW-44,1285,7,9,2025-10-21 14:24:14.098341,358095.497,6295057.104
PD795,510,TBFS-61,1685,8,10,2025-10-21 14:24:14.098341,358095.497,6295057.104
PD795,516,FLXV-65,572,5,7,2025-10-21 14:24:14.098342,358095.497,6295057.104
PD795,516,TBFV-17,2361,11,15,2025-10-21 14:24:14.098343,358095.497,6295057.104
PG542,F03,SPVW-16,3603,0,5,2025-10-21 14:24:16.029213,346996.193,6279928.172
PG542,F03,SPVW-99,6823,13,19,2025-10-21 14:24:16.029218,346996.193,6279928.172
PF957,F26,SPVT-72,6641,16,22,2025-10-21 14:24:17.949440,355583.642,6281520.159
PF957,F26,SPVW-83,8842,25,60,2025-10-21 14:24:17.949445,355583.642,6281520.159
PF957,F20,TXZH-47,2202,8,10,2025-10-21 14:24:17.949446,355583.642,6281520.159
PF957,F20,SPZX-67,2207,8,10,2025-10-21 14:24:17.949447,355583.642,6281520.159
PF957,102,SPZX-57,3930,8,10,2025-10-21 14:24:17.949448,355583.642,6281520.159
PF957,102,LCPG-32,9379,25,60,2025-10-21 14:24:17.949448,355583.642,6281520.159
PI316,444,SKPL-30,6108,17,23,2025-10-21 14:24:21.507759,339547.09,6291230.66
PI316,444,SHXF-85,9898,25,60,2025-10-21 14:24:21.507763,339547.09,6291230.66
PI316,428,SHCY-25,6181,15,21,2025-10-21 14:24:21.507764,339547.09,6291230.66
PI316,428,SHCY-21,6351,15,21,2025-10-21 14:24:21.507765,339547.09,6291230.66
PF495,F11,SKVB-10,1920,5,7,2025-10-21 14:24:25.249771,359489.458,6281396.387
PF495,F11,SKVB-26,6420,15,21,2025-10-21 14:24:25.249776,359489.458,6281396.387
PB545,307C,VHSX-77,23,0,3,2025-10-21 14:24:27.436128,339125.57,6308242.926
PB545,307C,VHSY-34,645,0,5,2025-10-21 14:24:27.436135,339125.57,6308242.926
PB545,315E,TWPC-56,1903,6,8,2025-10-21 14:24:27.436138,339125.57,6308242.926
PB545,315E,TWPD-74,3834,10,14,2025-10-21 14:24:27.436140,339125.57,6308242.926
PB545,B12,SGPY-82,2439,10,14,2025-10-21 14:24:27.436142,339125.57,6308242.926
PB545,B12,SKDG-39,4722,25,60,2025-10-21 14:24:27.436143,339125.57,6308242.926
PB545,307,TWPC-64,334,0,4,2025-10-21 14:24:27.436145,339125.57,6308242.926
PB545,307,VHSZ-48,1622,9,13,2025-10-21 14:24:27.436147,339125.57,6308242.926
PG105,203C,SDGY-11,5437,11,15,2025-10-21 14:24:29.392496,347249.429,6285805.255
PG105,229,GCBC-25,700,0,3,2025-10-21 14:24:29.392500,347249.429,6285805.255
PG105,229,GCBF-47,3947,9,11,2025-10-21 14:24:29.392501,347249.429,6285805.255
PG105,203,LZPS-14,2115,8,10,2025-10-21 14:24:29.392502,347249.429,6285805.255
PG105,203,LZPG-11,4713,14,20,2025-10-21 14:24:29.392503,347249.429,6285805.255
PH561,321,BJFZ-69,95,0,3,2025-10-21 14:24:31.294798,343205.208,6290052.976
PH561,321,FLXR-10,2745,7,9,2025-10-21 14:24:31.294803,343205.208,6290052.976
PH561,H06,CJRX-48,1,0,3,2025-10-21 14:24:31.294804,343205.208,6290052.976
PH561,H06,BJFX-14,1580,4,6,2025-10-21 14:24:31.294805,343205.208,6290052.976
PB57,408,LXWS-41,2032,7,9,2025-10-21 14:24:33.424209,338753.774,6302242.321
PB57,408,LXWR-90,3774,10,14,2025-10-21 14:24:33.424213,338753.774,6302242.321
PB57,110,CJRW-65,1194,5,7,2025-10-21 14:24:33.424214,338753.774,6302242.321
PB57,110,CJRX-40,4595,17,25,2025-10-21 14:24:33.424215,338753.774,6302242.321
PB57,105,SJPC-38,4168,13,19,2025-10-21 14:24:33.424216,338753.774,6302242.321
PB57,B20,SKHG-85,1828,6,8,2025-10-21 14:24:33.424217,338753.774,6302242.321
PB57,410,LDJX-67,1771,9,13,2025-10-21 14:24:33.424218,338753.774,6302242.321
PI610,423,PGPT-58,4259,13,17,2025-10-21 14:24:35.115507,337716.813,6290798.335
PI610,423,PGPT-38,8101,20,28,2025-10-21 14:24:35.115512,337716.813,6290798.335
PI610,I02,FLXZ-30,2731,8,12,2025-10-21 14:24:35.115513,337716.813,6290798.335
PI610,I02,FLXZ-32,4540,14,20,2025-10-21 14:24:35.115514,337716.813,6290798.335
PI610,509,FLXX-87,1768,5,7,2025-10-21 14:24:35.115514,337716.813,6290798.335
PI610,509,FLXH-90,3386,10,14,2025-10-21 14:24:35.115515,337716.813,6290798.335
PH1642,D07,SVDD-51,985,0,4,2025-10-21 14:24:37.006334,349258.79,6294423.89
PH1642,D07,SVDD-83,3502,11,15,2025-10-21 14:24:37.006339,349258.79,6294423.89
PF163,E09,VKJY-98,1291,0,5,2025-10-21 14:24:38.961925,352798.255,6284485.143
PF163,E09,VKJZ-10,1743,5,7,2025-10-21 14:24:38.961930,352798.255,6284485.143
PF163,E16,VFKW-18,3303,9,13,2025-10-21 14:24:38.961931,352798.255,6284485.143
PF163,E16,VFJK-37,5838,19,27,2025-10-21 14:24:38.961932,352798.255,6284485.143
PC707,517,VHZY-30,3261,11,15,2025-10-21 14:24:40.839504,350153.21,6299667.69
PC707,517,VHZX-70,6151,21,29,2025-10-21 14:24:40.839509,350153.21,6299667.69
PC297,C28,SKPJ-80,1,0,3,2025-10-21 14:24:43.080852,355734.213,6303521.243
PC297,C28,SGPY-75,1122,4,6,2025-10-21 14:24:43.080856,355734.213,6303521.243
PC297,C01C,PGPV-92,188,0,3,2025-10-21 14:24:43.080858,355734.213,6303521.243
PC297,C01C,SKJL-64,2247,6,8,2025-10-21 14:24:43.080859,355734.213,6303521.243
PC297,430,SKPJ-54,1084,0,5,2025-10-21 14:24:43.080860,355734.213,6303521.243
PC297,430,SKPJ-49,4347,12,16,2025-10-21 14:24:43.080861,355734.213,6303521.243
PC297,406,GCBD-10,1112,0,5,2025-10-21 14:24:43.080862,355734.213,6303521.243
PC297,406,GCBC-87,3237,9,11,2025-10-21 14:24:43.080863,355734.213,6303521.243
PC297,426,BJFH-23,61,0,3,2025-10-21 14:24:43.080864,355734.213,6303521.243
PC297,426,BJFD-62,282,0,3,2025-10-21 14:24:43.080865,355734.213,6303521.243
PC297,C01,LCPW-30,1840,5,7,2025-10-21 14:24:43.080866,355734.213,6303521.243
PC297,C01,LCPW-39,4833,11,15,2025-10-21 14:24:43.080867,355734.213,6303521.243
PC297,C19,SGPW-42,1972,6,8,2025-10-21 14:24:43.080868,355734.213,6303521.243
PC297,C19,SGPY-74,5685,17,25,2025-10-21 14:24:43.080869,355734.213,6303521.243
PC241,406,GCBC-87,230,0,3,2025-10-21 14:24:45.255304,357802.1,6305712.26
PC241,C13,SHXF-96,2276,7,9,2025-10-21 14:24:45.255309,357802.1,6305712.26
PC241,C13,SJPB-67,10731,25,60,2025-10-21 14:24:45.255310,357802.1,6305712.26
PC241,C16,LFGJ-99,3861,12,16,2025-10-21 14:24:45.255311,357802.1,6305712.26
PC241,C16,SKPK-36,7743,20,28,2025-10-21 14:24:45.255312,357802.1,6305712.26
PC241,C19,SGPY-74,2552,9,11,2025-10-21 14:24:45.255313,357802.1,6305712.26
PC241,C19,SGPY-84,5939,16,22,2025-10-21 14:24:45.255314,357802.1,6305712.26
PC241,C01C,PGPV-80,2171,8,10,2025-10-21 14:24:45.255315,357802.1,6305712.26
PC241,C01C,SPBG-27,4070,15,21,2025-10-21 14:24:45.255316,357802.1,6305712.26
PC241,411,PGRZ-81,1726,0,5,2025-10-21 14:24:45.255317,357802.1,6305712.26
PC241,426,FDJX-85,2254,5,7,2025-10-21 14:24:45.255318,357802.1,6305712.26
PC241,C01,LCPW-39,1701,4,6,2025-10-21 14:24:45.255320,357802.1,6305712.26
PC241,C01,LCPW-44,1742,5,7,2025-10-21 14:24:45.255320,357802.1,6305712.26
PC241,C05,LDTF-43,2840,9,13,2025-10-21 14:24:45.255322,357802.1,6305712.26
PC241,C28,SGPW-40,4426,13,19,2025-10-21 14:24:45.255323,357802.1,6305712.26
PC241,C28,SHCY-27,7789,21,29,2025-10-21 14:24:45.255323,357802.1,6305712.26
PC241,409,SKWD-37,1750,0,5,2025-10-21 14:24:45.255324,357802.1,6305712.26
PC241,430,SKPJ-49,1211,0,5,2025-10-21 14:24:45.255325,357802.1,6305712.26
PC241,430,PGBY-82,3700,13,19,2025-10-21 14:24:45.255326,357802.1,6305712.26
PB678,B15,SKDH-79,941,0,4,2025-10-21 14:24:47.178169,348014.23,6303966.738
PB678,272,VGCB-39,3692,13,19,2025-10-21 14:24:47.178174,348014.23,6303966.738
PB678,272,GCBB-70,7326,25,60,2025-10-21 14:24:47.178175,348014.23,6303966.738
PB678,B01,SKHF-91,0,0,3,2025-10-21 14:24:47.178176,348014.23,6303966.738
PB678,B01,SHXG-99,5479,18,26,2025-10-21 14:24:47.178177,348014.23,6303966.738
PI326,I04,FLXD-89,554,0,3,2025-10-21 14:24:49.283612,335503.625,6286714.894
PI326,506V,PFXB-98,1,0,3,2025-10-21 14:24:49.283617,335503.625,6286714.894
PJ822,J07E,VJBB-11,4990,8,12,2025-10-21 14:24:50.902055,329948.824,6299353.579
PJ822,J07E,VJJX-68,7355,13,19,2025-10-21 14:24:50.902060,329948.824,6299353.579
PD271,227,VFPB-75,1365,6,8,2025-10-21 14:24:53.812318,356272.148,6296581.846
PD271,227,VFRG-15,1600,7,9,2025-10-21 14:24:53.812323,356272.148,6296581.846
PD271,225,SFWZ-55,3039,7,9,2025-10-21 14:24:53.812324,356272.148,6296581.846
PD271,225,SFWZ-77,3532,8,10,2025-10-21 14:24:53.812325,356272.148,6296581.846
PB400,303,FLXF-85,840,0,5,2025-10-21 14:24:55.695388,337754.634,6306434.851
PB400,B45,VHTB-56,605,5,7,2025-10-21 14:24:55.695394,337754.634,6306434.851
PE1504,D26,FLXS-14,4328,10,14,2025-10-21 14:24:57.695651,356627.641,6290673.46
PJ1793,J20,TBFT-37,463,0,4,2025-10-21 14:25:00.040492,336069.717,6300760.337
PJ1793,J20,BJFD-74,2282,9,13,2025-10-21 14:25:00.040497,336069.717,6300760.337
PD817,D16,SPBF-46,1,0,3,2025-10-21 14:25:03.167039,353011.855,6293403.185
PD817,D16,SPBR-29,4891,25,60,2025-10-21 14:25:03.167044,353011.855,6293403.185
PJ1645,J07E,VJBB-31,7166,10,14,2025-10-21 14:25:05.126475,332027.368,6306161.43
PJ1645,J07E,VJBB-11,20855,25,60,2025-10-21 14:25:05.126480,332027.368,6306161.43
PB1186,B12,SKDJ-18,901,0,4,2025-10-21 14:25:07.147335,346539.554,6304817.913
PB1186,B22,SKPS-34,804,0,4,2025-10-21 14:25:07.147340,346539.554,6304817.913
PB1186,B22,SKPS-44,1556,6,8,2025-10-21 14:25:07.147342,346539.554,6304817.913
PI989,I24,VHSY-20,1153,0,4,2025-10-21 14:25:09.066574,337374.83,6288123.37
PI989,I24,VHSX-75,4478,13,19,2025-10-21 14:25:09.066579,337374.83,6288123.37
PB150,B15,SPCG-74,5512,18,26,2025-10-21 14:25:11.625540,347635.209,6301439.622
PB150,B15,SKDH-79,7804,25,60,2025-10-21 14:25:11.625548,347635.209,6301439.622
PF905,F03C,SHXD-57,5408,19,27,2025-10-21 14:25:13.157226,349853.598,6279210.188
PG766,G07,THTD-38,590,0,4,2025-10-21 14:25:14.872168,343021.701,6282539.49
PG766,G07,THTG-95,2607,10,14,2025-10-21 14:25:14.872173,343021.701,6282539.49
PG766,G08,THTF-24,830,0,4,2025-10-21 14:25:14.872174,343021.701,6282539.49
PG766,G08,THTF-27,2498,10,14,2025-10-21 14:25:14.872175,343021.701,6282539.49
PD866,D05,PFYC-42,1080,15,21,2025-10-21 14:25:16.792739,354544.898,6294868.15
PF758,F13,SRPK-70,3050,11,15,2025-10-21 14:25:18.772632,353139.931,6283725.514
PF758,210,SXKV-92,1949,7,9,2025-10-21 14:25:18.772637,353139.931,6283725.514
PF758,210,SXKV-90,4443,12,18,2025-10-21 14:25:18.772637,353139.931,6283725.514
PF758,213E,LBTT-23,7407,15,21,2025-10-21 14:25:18.772638,353139.931,6283725.514
PF758,213E,SRVF-96,10419,25,60,2025-10-21 14:25:18.772639,353139.931,6283725.514
PB425,314,FLXL-60,1,0,3,2025-10-21 14:25:20.728524,343833.878,6301528.501
PB425,314,FLXJ-12,4895,5,7,2025-10-21 14:25:20.728530,343833.878,6301528.501
PB425,303,FLXD-87,1,0,3,2025-10-21 14:25:20.728531,343833.878,6301528.501
PB425,303,FLXL-28,4986,9,11,2025-10-21 14:25:20.728532,343833.878,6301528.501
PB425,307,TWPC-74,1,0,3,2025-10-21 14:25:20.728533,343833.878,6301528.501
PB425,307,VHSY-44,5635,11,15,2025-10-21 14:25:20.728534,343833.878,6301528.501
PI1456,421,PFYG-91,5466,19,27,2025-10-21 14:25:22.725927,333102.863,6288572.359
PI1456,421,PDYR-98,5625,20,28,2025-10-21 14:25:22.725932,333102.863,6288572.359
PB35,107,PFZK-82,74,0,3,2025-10-21 14:25:24.780455,344675.422,6303310.628
PB35,107,PGTV-28,312,0,3,2025-10-21 14:25:24.780459,344675.422,6303310.628
PB35,101,PFVC-56,578,0,3,2025-10-21 14:25:24.780460,344675.422,6303310.628
PB35,101,PFVG-45,2602,7,9,2025-10-21 14:25:24.780461,344675.422,6303310.628
PF820,F02,SHCY-60,1652,5,7,2025-10-21 14:25:27.430164,353439.873,6280704.86
PF820,F02,SHXF-22,2195,7,9,2025-10-21 14:25:27.430169,353439.873,6280704.86
PF820,204,VGKY-72,1231,0,5,2025-10-21 14:25:27.430170,353439.873,6280704.86
PF820,204,VFPV-83,1852,5,7,2025-10-21 14:25:27.430171,353439.873,6280704.86
PD288,D09,STWB-27,4044,10,14,2025-10-21 14:25:29.447901,354782.738,6296351.492
PD288,D09,SVDD-68,4735,14,20,2025-10-21 14:25:29.447905,354782.738,6296351.492
PD288,513,VHZY-41,2715,8,10,2025-10-21 14:25:29.447906,354782.738,6296351.492
PD288,513,VHZW-91,3288,9,13,2025-10-21 14:25:29.447907,354782.738,6296351.492
PD288,225,SFWZ-55,1042,0,4,2025-10-21 14:25:29.447908,354782.738,6296351.492
PD288,225,SFWZ-77,1429,0,5,2025-10-21 14:25:29.447909,354782.738,6296351.492
PG1994,G38,THTG-85,1122,0,3,2025-10-21 14:25:31.358662,343740.0,6280131.0
PG1994,G38,THTD-93,1648,0,4,2025-10-21 14:25:31.358668,343740.0,6280131.0
PG1994,G32,THTF-46,200,0,3,2025-10-21 14:25:31.358669,343740.0,6280131.0
PG1994,G32,THTF-52,2212,5,7,2025-10-21 14:25:31.358670,343740.0,6280131.0
PC902,C11,LDTB-84,665,0,3,2025-10-21 14:25:33.019368,353920.258,6303198.133
PC902,C11,SKPJ-84,2557,8,10,2025-10-21 14:25:33.019373,353920.258,6303198.133
PF971,F07,SPRW-95,754,0,4,2025-10-21 14:25:34.695743,353570.02,6281425.836
PC69,C22,LDJX-69,5134,16,22,2025-10-21 14:25:36.656337,352301.07,6303394.85
PC69,425,SHXG-85,6195,15,21,2025-10-21 14:25:36.656342,352301.07,6303394.85
PC69,425,SHXG-42,7089,16,24,2025-10-21 14:25:36.656343,352301.07,6303394.85
PC69,722,LDJW-36,4494,8,12,2025-10-21 14:25:36.656344,352301.07,6303394.85
PC69,C18,SHCW-76,1018,0,5,2025-10-21 14:25:36.656345,352301.07,6303394.85
PC69,C18,SHXD-91,6604,19,27,2025-10-21 14:25:36.656346,352301.07,6303394.85
PI1808,I12,FLXY-28,582,0,4,2025-10-21 14:25:38.591756,334653.292,6292932.091
PF6,104,SKWD-77,1463,0,4,2025-10-21 14:25:40.531853,355746.445,6283962.404
PF6,114,SKVD-48,1294,0,3,2025-10-21 14:25:40.531858,355746.445,6283962.404
PF6,114,SKWD-86,1655,0,4,2025-10-21 14:25:40.531859,355746.445,6283962.404
PF6,102,SPZY-64,3401,8,10,2025-10-21 14:25:40.531860,355746.445,6283962.404
PF6,124,SRVF-76,4291,12,18,2025-10-21 14:25:40.531861,355746.445,6283962.404
PF6,124,LBTS-80,6197,19,27,2025-10-21 14:25:40.531861,355746.445,6283962.404
PE198,E12,VFHX-24,355,0,3,2025-10-21 14:25:42.555391,350696.512,6286946.636
PE198,E12,VFJS-16,4225,14,20,2025-10-21 14:25:42.555397,350696.512,6286946.636
PE198,225,SFWB-73,1741,4,6,2025-10-21 14:25:42.555398,350696.512,6286946.636
PE198,225,LZPS-11,4375,11,15,2025-10-21 14:25:42.555399,350696.512,6286946.636
PE198,E02,VKJZ-17,751,0,4,2025-10-21 14:25:42.555400,350696.512,6286946.636
PE198,E02,VKJZ-85,5273,17,25,2025-10-21 14:25:42.555401,350696.512,6286946.636
PJ419,J10,VHZY-90,2116,6,8,2025-10-21 14:25:44.246045,335675.725,6299790.636
PJ419,J10,VHZW-71,5188,16,22,2025-10-21 14:25:44.246050,335675.725,6299790.636
PI173,109,FLXC-45,3202,11,15,2025-10-21 14:25:45.895011,343989.661,6296046.901
PI173,109,FLXW-51,4948,16,22,2025-10-21 14:25:45.895017,343989.661,6296046.901
PG23,201,GCBC-23,56,0,3,2025-10-21 14:25:47.795174,342966.59,6283581.57
PG23,201,GCBB-98,4300,12,16,2025-10-21 14:25:47.795179,342966.59,6283581.57
PG23,211,FLXC-94,2729,6,8,2025-10-21 14:25:47.795181,342966.59,6283581.57
PG23,211,TBYY-67,4907,12,18,2025-10-21 14:25:47.795182,342966.59,6283581.57
PG23,271,TBYY-62,86,0,3,2025-10-21 14:25:47.795183,342966.59,6283581.57
PG23,271,TBLT-54,76,0,3,2025-10-21 14:25:47.795184,342966.59,6283581.57
PG23,211C,THTG-89,993,0,3,2025-10-21 14:25:47.795185,342966.59,6283581.57
PG23,211C,THTF-74,3607,8,12,2025-10-21 14:25:47.795186,342966.59,6283581.57
PF1017,F26,SPVT-72,5722,14,20,2025-10-21 14:25:49.696266,355994.181,6281565.674
PF1017,F26,SPVW-83,7621,21,29,2025-10-21 14:25:49.696271,355994.181,6281565.674
PC251,502,BJFD-45,1054,0,3,2025-10-21 14:25:51.615289,355272.447,6304912.903
PC251,405,PFYG-68,8,0,3,2025-10-21 14:25:51.615294,355272.447,6304912.903
PC251,405,PDZH-76,890,0,3,2025-10-21 14:25:51.615295,355272.447,6304912.903
PB2040,B29,SKHG-57,1,0,3,2025-10-21 14:25:53.607855,336996.0,6303769.0
PB1242,315E,TWPC-75,278,0,3,2025-10-21 14:25:55.629170,338284.179,6307930.302
PB1242,315E,VHSZ-39,436,0,3,2025-10-21 14:25:55.629175,338284.179,6307930.302
PB1242,B45,TWPC-87,697,4,6,2025-10-21 14:25:55.629176,338284.179,6307930.302
PB1242,B45,TWPD-77,3514,17,23,2025-10-21 14:25:55.629177,338284.179,6307930.302
PB1172,B11,LDTF-42,2623,7,9,2025-10-21 14:25:57.509146,345544.463,6304295.88
PB1172,B11,SKDG-93,7458,18,26,2025-10-21 14:25:57.509152,345544.463,6304295.88
PG592,G23,SFWZ-70,2540,8,10,2025-10-21 14:25:59.553903,348577.351,6282570.635
PG592,G23,SFWB-64,6201,25,60,2025-10-21 14:25:59.553908,348577.351,6282570.635
PG592,G28,BJFT-50,1587,5,7,2025-10-21 14:25:59.553909,348577.351,6282570.635
PG592,G28,CJRY-62,3716,11,15,2025-10-21 14:25:59.553910,348577.351,6282570.635
PG592,G05,SFPG-49,3168,16,22,2025-10-21 14:25:59.553911,348577.351,6282570.635
PG592,G05,SHXB-25,5076,25,60,2025-10-21 14:25:59.553912,348577.351,6282570.635
PG592,G35,SFPF-80,4966,15,21,2025-10-21 14:25:59.553913,348577.351,6282570.635
PG592,G35,SFPG-37,8192,25,60,2025-10-21 14:25:59.553913,348577.351,6282570.635
PG592,G13,SDSW-65,1671,9,13,2025-10-21 14:25:59.553914,348577.351,6282570.635
PG592,G13,SHCV-47,1900,9,13,2025-10-21 14:25:59.553915,348577.351,6282570.635
PG592,F06,SRVJ-25,2388,9,13,2025-10-21 14:25:59.553916,348577.351,6282570.635
PG592,F06,SPZY-75,6994,25,60,2025-10-21 14:25:59.553917,348577.351,6282570.635
PG592,F20,SRVJ-48,1213,0,5,2025-10-21 14:25:59.553917,348577.351,6282570.635
PG592,F20,SPZY-54,4881,13,19,2025-10-21 14:25:59.553918,348577.351,6282570.635
PI749,516,TBFS-51,1257,0,5,2025-10-21 14:26:01.597139,338473.154,6297152.547
PI749,516,PFXC-75,1563,5,7,2025-10-21 14:26:01.597146,338473.154,6297152.547
PI749,J11,FLXZ-88,6788,10,14,2025-10-21 14:26:01.597148,338473.154,6297152.547
PI749,J19,VGTZ-70,3156,19,27,2025-10-21 14:26:01.597150,338473.154,6297152.547
PI749,111,FLXZ-92,4157,25,60,2025-10-21 14:26:01.597152,338473.154,6297152.547
PI749,111,FLXW-72,9375,25,60,2025-10-21 14:26:01.597154,338473.154,6297152.547
PI749,J08,FLXT-59,3220,7,9,2025-10-21 14:26:01.597155,338473.154,6297152.547
PI749,J08,FLXT-64,6431,14,20,2025-10-21 14:26:01.597157,338473.154,6297152.547
PI749,J12,TBFR-90,8312,13,19,2025-10-21 14:26:01.597159,338473.154,6297152.547
PI749,J12,TBFS-57,13865,25,60,2025-10-21 14:26:01.597160,338473.154,6297152.547
PI749,555,TBFX-63,218,0,3,2025-10-21 14:26:01.597162,338473.154,6297152.547
PI749,555,TBFX-61,7218,19,27,2025-10-21 14:26:01.597164,338473.154,6297152.547
PI749,418,PGLD-42,4741,12,16,2025-10-21 14:26:01.597166,338473.154,6297152.547
PI749,510,TBFR-95,1298,4,6,2025-10-21 14:26:01.597167,338473.154,6297152.547
PI749,510,TBFW-84,4048,13,19,2025-10-21 14:26:01.597169,338473.154,6297152.547
PH1527,121,BJFX-13,1,0,3,2025-10-21 14:26:03.953649,341792.25,6288496.21
PH1527,121,BJFZ-49,1865,11,15,2025-10-21 14:26:03.953653,341792.25,6288496.21
PJ31,107,PGRZ-84,1099,0,4,2025-10-21 14:26:05.888623,341328.163,6301783.753
PJ31,107,PFYC-47,4298,13,19,2025-10-21 14:26:05.888628,341328.163,6301783.753
PJ31,101,PFVC-40,1575,4,6,2025-10-21 14:26:05.888629,341328.163,6301783.753
PJ31,101,PFYR-69,7137,25,60,2025-10-21 14:26:05.888630,341328.163,6301783.753
PJ31,B38,PFXC-76,5705,25,60,2025-10-21 14:26:05.888632,341328.163,6301783.753
PD1371,418,PFYC-77,3370,25,60,2025-10-21 14:26:07.911699,355754.564,6295578.495
PD1371,418,PGLD-67,5351,25,60,2025-10-21 14:26:07.911705,355754.564,6295578.495
PD1371,425,SJPC-77,1738,4,6,2025-10-21 14:26:07.911706,355754.564,6295578.495
PD1371,429,SLPC-40,1835,12,18,2025-10-21 14:26:07.911707,355754.564,6295578.495
PF325,F06,SJPF-90,3004,9,13,2025-10-21 14:26:11.488256,352286.696,6282832.412
PF325,F06,SPZY-51,3037,9,13,2025-10-21 14:26:11.488261,352286.696,6282832.412
PE1389,D17,PGPV-76,4640,11,15,2025-10-21 14:26:12.885245,357484.69,6290760.59
PD489,D03,STKP-84,3358,9,13,2025-10-21 14:26:14.884466,355447.271,6295689.798
PD489,D03,SVDC-18,4216,12,16,2025-10-21 14:26:14.884471,355447.271,6295689.798
PD489,D10,SVDD-18,4002,14,20,2025-10-21 14:26:14.884472,355447.271,6295689.798
PD489,D10,SVDC-71,8273,25,60,2025-10-21 14:26:14.884473,355447.271,6295689.798
PD489,505,LZPH-15,1411,0,5,2025-10-21 14:26:14.884474,355447.271,6295689.798
PD489,505,VJJV-68,3673,8,12,2025-10-21 14:26:14.884475,355447.271,6295689.798
PD489,510,PFXC-73,881,4,6,2025-10-21 14:26:14.884476,355447.271,6295689.798
PD489,510,PFXC-55,5869,18,26,2025-10-21 14:26:14.884477,355447.271,6295689.798
PD489,516,GCBC-37,708,0,3,2025-10-21 14:26:14.884478,355447.271,6295689.798
PD489,516,PFXC-40,813,0,3,2025-10-21 14:26:14.884479,355447.271,6295689.798
PG101,203,SDGY-24,2467,8,10,2025-10-21 14:26:16.877769,347734.48,6285331.912
PG101,203,SXKV-99,5684,14,20,2025-10-21 14:26:16.877774,347734.48,6285331.912
PG101,203C,SFST-37,2141,5,7,2025-10-21 14:26:16.877775,347734.48,6285331.912
PG101,203C,LZRB-84,6819,16,22,2025-10-21 14:26:16.877777,347734.48,6285331.912
PH539,H05,VGBV-41,1539,5,7,2025-10-21 14:26:18.774382,345596.396,6291405.747
PH539,H05,VFPS-65,4901,18,26,2025-10-21 14:26:18.774387,345596.396,6291405.747
PJ947,J11,FLXZ-85,8342,25,60,2025-10-21 14:26:20.672089,330741.504,6296586.029
PG2065,G39,SFGY-73,68,0,3,2025-10-21 14:26:22.606107,341532.0,6283471.0
PG2065,G39,FLXH-61,3125,17,25,2025-10-21 14:26:22.606112,341532.0,6283471.0
PI1077,385,FLXL-85,1176,0,4,2025-10-21 14:26:24.631797,343096.222,6297468.901
PI1077,385,VHSZ-45,2190,6,8,2025-10-21 14:26:24.631802,343096.222,6297468.901
PI1077,I16,FLXL-69,1,6,8,2025-10-21 14:26:24.631803,343096.222,6297468.901
PI1077,I17,FLXZ-76,1480,5,7,2025-10-21 14:26:24.631804,343096.222,6297468.901
PI1338,I24,VHTB-77,1,0,3,2025-10-21 14:26:26.590984,336793.923,6289464.88
PI1338,I24,VHTB-38,3920,15,21,2025-10-21 14:26:26.590989,336793.923,6289464.88
PI1338,I12,FLXY-35,845,0,4,2025-10-21 14:26:26.590990,336793.923,6289464.88
PI1338,I12,FLXY-19,4747,17,25,2025-10-21 14:26:26.590991,336793.923,6289464.88
PC560,504,TBFW-80,1336,5,7,2025-10-21 14:26:29.090547,348465.881,6298803.967
PC560,504,TBFR-26,5693,19,27,2025-10-21 14:26:29.090552,348465.881,6298803.967
PD1150,D13,BJFV-33,1730,5,7,2025-10-21 14:26:30.956035,350095.922,6294278.991
PE292,E01,VKJY-49,308,0,3,2025-10-21 14:26:32.343478,349154.13,6287962.961
PE292,E01,VKJX-77,3000,9,11,2025-10-21 14:26:32.343484,349154.13,6287962.961
PB87,B29,LXDH-92,7586,9,13,2025-10-21 14:26:33.822661,340025.75,6302896.18
PB87,B29,LXDJ-28,9172,12,16,2025-10-21 14:26:33.822666,340025.75,6302896.18
PB87,410,LFGW-32,4253,15,21,2025-10-21 14:26:33.822667,340025.75,6302896.18
PB87,410,LDTG-67,6656,25,60,2025-10-21 14:26:33.822668,340025.75,6302896.18
PB87,408,LXWR-92,2810,15,21,2025-10-21 14:26:33.822669,340025.75,6302896.18
PB87,408,LXWR-88,3129,16,24,2025-10-21 14:26:33.822670,340025.75,6302896.18
PB87,109,FLXH-82,4236,12,16,2025-10-21 14:26:33.822671,340025.75,6302896.18
PB87,109,FLXS-71,5411,16,22,2025-10-21 14:26:33.822672,340025.75,6302896.18
PB87,105,SJPD-96,2265,9,13,2025-10-21 14:26:33.822673,340025.75,6302896.18
PB87,105,SHCY-17,2574,10,14,2025-10-21 14:26:33.822674,340025.75,6302896.18
PB87,B09,SHCY-49,491,0,3,2025-10-21 14:26:33.822675,340025.75,6302896.18
PB87,B09,SHCY-34,5188,15,21,2025-10-21 14:26:33.822676,340025.75,6302896.18
PB87,120,SKHG-42,1850,8,10,2025-10-21 14:26:33.822677,340025.75,6302896.18
PB87,120,SJTD-56,1967,9,11,2025-10-21 14:26:33.822678,340025.75,6302896.18
PF761,204,VFPH-91,579,0,3,2025-10-21 14:26:35.797261,353617.185,6280748.463
PF761,F29,SPVT-89,2665,8,12,2025-10-21 14:26:35.797267,353617.185,6280748.463
PB1161,B11,SKDG-93,3449,7,9,2025-10-21 14:26:39.650584,343279.474,6306597.894
PG375,301,BJFT-25,1,0,3,2025-10-21 14:26:41.864259,344426.0,6282950.0
PG375,301,BJFZ-83,1931,6,8,2025-10-21 14:26:41.864264,344426.0,6282950.0
PG375,G28,BJFW-87,3801,10,14,2025-10-21 14:26:41.864265,344426.0,6282950.0
PG375,G28,CJRX-49,7009,21,29,2025-10-21 14:26:41.864266,344426.0,6282950.0
PG375,G16,SDSW-83,1053,0,4,2025-10-21 14:26:41.864267,344426.0,6282950.0
PG375,G16,SFPF-79,3960,12,16,2025-10-21 14:26:41.864268,344426.0,6282950.0
PG375,G07,THTD-38,3137,10,14,2025-10-21 14:26:41.864269,344426.0,6282950.0
PG375,G07,THTG-95,5092,17,23,2025-10-21 14:26:41.864269,344426.0,6282950.0
PG375,G24,FLXP-26,963,0,3,2025-10-21 14:26:41.864270,344426.0,6282950.0
PG375,G24,FLXP-35,2894,8,12,2025-10-21 14:26:41.864271,344426.0,6282950.0
PA452,506V,PFXC-21,1064,0,5,2025-10-21 14:26:43.852335,345373.622,6296824.573
PA452,506V,PFWZ-90,1731,7,9,2025-10-21 14:26:43.852339,345373.622,6296824.573
PA452,509,FLXX-44,1006,0,5,2025-10-21 14:26:43.852341,345373.622,6296824.573
PA452,509,FLXV-36,4177,16,22,2025-10-21 14:26:43.852341,345373.622,6296824.573
PA452,506,GCBD-60,314,0,3,2025-10-21 14:26:43.852342,345373.622,6296824.573
PA452,506,GCBC-45,6524,18,26,2025-10-21 14:26:43.852343,345373.622,6296824.573
PC1282,C37,SHXD-62,1550,0,4,2025-10-21 14:26:47.655736,359626.2,6302162.84
PC1282,C37,SJPB-65,4919,14,20,2025-10-21 14:26:47.655741,359626.2,6302162.84
PI615,509,FLXX-87,2955,9,11,2025-10-21 14:26:49.587250,336818.863,6290098.665
PI615,509,FLXH-90,3951,12,16,2025-10-21 14:26:49.587256,336818.863,6290098.665
PF690,F16,SPRY-43,4169,12,16,2025-10-21 14:26:51.505314,352346.999,6282491.989
PF690,F16,SPRY-86,7159,19,27,2025-10-21 14:26:51.505320,352346.999,6282491.989
PJ235,510,TBFR-15,538,0,3,2025-10-21 14:26:53.224976,337219.0,6296631.86
PJ235,510,FLXV-74,4790,12,16,2025-10-21 14:26:53.224980,337219.0,6296631.86
PJ235,516,TBFX-52,171,0,3,2025-10-21 14:26:53.224981,337219.0,6296631.86
PJ235,516,TBFR-80,4600,12,16,2025-10-21 14:26:53.224983,337219.0,6296631.86
PJ235,424,TBFR-34,3045,11,15,2025-10-21 14:26:53.224984,337219.0,6296631.86
PJ211,418,PGLD-42,3275,9,13,2025-10-21 14:26:54.972573,337515.777,6297355.443
PJ211,514,FLXD-46,5662,14,20,2025-10-21 14:26:54.972578,337515.777,6297355.443
PG1900,G22,THTG-83,863,0,5,2025-10-21 14:26:57.093885,341536.36,6279219.93
PG1900,G46,CJRP-14,18114,25,60,2025-10-21 14:26:57.093891,341536.36,6279219.93
PF304,F14,SPRY-59,2016,6,8,2025-10-21 14:26:59.043900,354646.792,6283314.862
PF304,F14,SPRX-21,2357,7,9,2025-10-21 14:26:59.043905,354646.792,6283314.862
PF304,F05,SPZY-69,1641,0,5,2025-10-21 14:26:59.043906,354646.792,6283314.862
PF304,F05,SPZX-98,1901,4,6,2025-10-21 14:26:59.043907,354646.792,6283314.862
PF84,205,SXKV-87,790,0,5,2025-10-21 14:27:02.592091,353544.816,6281337.306
PF84,205,RYJG-90,1077,4,6,2025-10-21 14:27:02.592095,353544.816,6281337.306
PF84,210,SXKV-92,3937,13,19,2025-10-21 14:27:02.592096,353544.816,6281337.306
PF84,210,SXKV-90,6158,18,26,2025-10-21 14:27:02.592097,353544.816,6281337.306
PF84,F15,TXZH-41,194,0,3,2025-10-21 14:27:02.592098,353544.816,6281337.306
PF84,F01,SPVT-79,807,0,3,2025-10-21 14:27:02.592099,353544.816,6281337.306
PF84,F01,SPVV-62,5392,16,22,2025-10-21 14:27:02.592100,353544.816,6281337.306
PF84,F13,SRRW-73,194,0,3,2025-10-21 14:27:02.592101,353544.816,6281337.306
PF84,F13,SRPK-70,4992,16,22,2025-10-21 14:27:02.592102,353544.816,6281337.306
PF84,F16,SPRY-31,3094,9,13,2025-10-21 14:27:02.592102,353544.816,6281337.306
PI1395,J10,VHZY-10,695,0,3,2025-10-21 14:27:04.513745,341836.458,6297088.933
PI1395,J10,VJBB-61,5025,19,27,2025-10-21 14:27:04.513750,341836.458,6297088.933
PI1395,511,FLXW-25,45,0,3,2025-10-21 14:27:04.513751,341836.458,6297088.933
PI1395,511,TBFW-26,3054,8,10,2025-10-21 14:27:04.513752,341836.458,6297088.933
PI1395,J13,GCBF-12,1058,0,4,2025-10-21 14:27:04.513753,341836.458,6297088.933
PI1395,J13,TBFT-86,1851,6,8,2025-10-21 14:27:04.513753,341836.458,6297088.933
PB6,B15,SPCG-86,6625,18,26,2025-10-21 14:27:06.642337,347442.13,6303446.51
PB6,B15,SPCG-74,16807,25,60,2025-10-21 14:27:06.642342,347442.13,6303446.51
PB6,107,PGBY-60,802,0,3,2025-10-21 14:27:06.642343,347442.13,6303446.51
PB6,107,SKWD-90,3164,12,16,2025-10-21 14:27:06.642344,347442.13,6303446.51
PG1640,G07,THTF-11,2918,9,13,2025-10-21 14:27:08.571987,342115.808,6280602.852
PG1640,G07,THTD-24,10244,25,60,2025-10-21 14:27:08.571992,342115.808,6280602.852
PA420,504,PFXC-10,819,0,4,2025-10-21 14:27:10.543108,348102.102,6298514.872
PA420,504,TBFP-68,2906,12,16,2025-10-21 14:27:10.543113,348102.102,6298514.872
PA420,518,GCBC-75,964,0,4,2025-10-21 14:27:10.543114,348102.102,6298514.872
PA420,518,GCBD-76,1523,6,8,2025-10-21 14:27:10.543115,348102.102,6298514.872
PG989,G08V,FLXV-16,3143,8,10,2025-10-21 14:27:14.869597,342473.853,6278852.939
PG989,G08V,FLXV-32,16521,25,60,2025-10-21 14:27:14.869602,342473.853,6278852.939
PG989,G32,THTF-37,784,0,3,2025-10-21 14:27:14.869603,342473.853,6278852.939
PB1417,B14,FLXT-46,6403,17,25,2025-10-21 14:27:16.775810,349325.166,6303209.746
PB1417,B14,HPFJ-99,6466,17,25,2025-10-21 14:27:16.775815,349325.166,6303209.746
PI72,120,LFGJ-89,1285,0,4,2025-10-21 14:27:18.712313,343108.699,6295316.767
PI72,120,SKHG-33,7967,25,60,2025-10-21 14:27:18.712317,343108.699,6295316.767
PI72,385,FLXL-85,3641,11,15,2025-10-21 14:27:18.712319,343108.699,6295316.767
PI72,385,VHSZ-45,4698,13,19,2025-10-21 14:27:18.712319,343108.699,6295316.767
PI72,105,SJPD-89,335,0,3,2025-10-21 14:27:18.712320,343108.699,6295316.767
PI72,105,SJPC-66,1746,0,5,2025-10-21 14:27:18.712321,343108.699,6295316.767
PJ1788,J07E,VJBB-11,6957,11,15,2025-10-21 14:27:20.648664,328028.685,6301786.147
PJ1788,J07E,VJJX-68,9424,15,21,2025-10-21 14:27:20.648669,328028.685,6301786.147
PB43,107,PFZK-82,2090,7,9,2025-10-21 14:27:25.069328,346842.554,6303585.109
PB43,107,PGTV-28,2149,8,10,2025-10-21 14:27:25.069334,346842.554,6303585.109
PB43,101,PFVC-56,2422,8,10,2025-10-21 14:27:25.069336,346842.554,6303585.109
PB43,101,PFVG-45,3704,10,14,2025-10-21 14:27:25.069337,346842.554,6303585.109
PE701,E10,FLXF-41,2825,10,14,2025-10-21 14:28:07.589195,355480.975,6287812.344
PE701,E10,BJFV-90,3863,13,19,2025-10-21 14:28:07.589200,355480.975,6287812.344
PF449,F10,SRRX-88,1539,5,7,2025-10-21 14:28:09.521206,354348.9,6284662.381
PF449,F10,SRRY-30,3505,10,14,2025-10-21 14:28:09.521211,354348.9,6284662.381
PF449,F13,SRRY-79,164,0,3,2025-10-21 14:28:09.521212,354348.9,6284662.381
PF449,F13,SRRX-13,4680,14,20,2025-10-21 14:28:09.521213,354348.9,6284662.381
PA360,422,GCBC-73,921,4,6,2025-10-21 14:28:11.411895,347870.79,6298212.09
PA360,422,PFXB-23,2124,8,12,2025-10-21 14:28:11.411899,347870.79,6298212.09
PG837,G04,SCRZ-21,381,0,3,2025-10-21 14:28:14.699697,348200.294,6285686.74
PG837,G04,SFPF-91,1534,6,8,2025-10-21 14:28:14.699701,348200.294,6285686.74
PG837,G18,SCRZ-18,1,0,3,2025-10-21 14:28:14.699702,348200.294,6285686.74
PD1452,D26,FLXS-15,329,0,3,2025-10-21 14:28:16.780253,354922.48,6291625.83
PD1452,D26,FLXS-14,11457,25,60,2025-10-21 14:28:16.780258,354922.48,6291625.83
PD1452,107,SKWF-10,1121,0,4,2025-10-21 14:28:16.780259,354922.48,6291625.83
PD1452,107,PGPV-88,2500,6,8,2025-10-21 14:28:16.780259,354922.48,6291625.83
PD1452,117,PGLD-74,1967,7,9,2025-10-21 14:28:16.780260,354922.48,6291625.83
PD1452,117,PFYC-21,3162,12,16,2025-10-21 14:28:16.780261,354922.48,6291625.83
PD1452,D10,SSXF-31,3862,25,60,2025-10-21 14:28:16.780262,354922.48,6291625.83
PD1452,D10,SVDD-70,8902,25,60,2025-10-21 14:28:16.780262,354922.48,6291625.83
PD1452,D16,SPBS-40,1098,5,7,2025-10-21 14:28:16.780263,354922.48,6291625.83
PD1452,D16,SPBS-52,3880,12,18,2025-10-21 14:28:16.780264,354922.48,6291625.83
PD1452,D20,SVDF-54,4136,11,15,2025-10-21 14:28:16.780265,354922.48,6291625.83
PD1452,D20,SVDC-92,5975,17,25,2025-10-21 14:28:16.780266,354922.48,6291625.83
PD1452,103,SPBL-63,4997,13,17,2025-10-21 14:28:16.780267,354922.48,6291625.83
PD1452,103,SPBS-66,15307,25,60,2025-10-21 14:28:16.780268,354922.48,6291625.83
PH709,329,FLXR-45,4215,10,14,2025-10-21 14:28:18.635179,343622.96,6289387.57
PH709,I05,VHSY-30,5317,12,18,2025-10-21 14:28:18.635184,343622.96,6289387.57
PH709,I05,VHTB-67,10221,25,60,2025-10-21 14:28:18.635185,343622.96,6289387.57
PH182,204,VFPL-21,2758,8,10,2025-10-21 14:28:20.034513,348382.193,6294694.31
PH182,204,LZRD-94,3210,9,11,2025-10-21 14:28:20.034519,348382.193,6294694.31
PD731,D07,SVDC-99,158,0,3,2025-10-21 14:28:21.633041,358219.247,6294842.526
PD731,D07,SVDF-42,2584,8,10,2025-10-21 14:28:21.633047,358219.247,6294842.526
PD731,D10,SVDD-30,2791,6,8,2025-10-21 14:28:21.633048,358219.247,6294842.526
PD731,D10,SVDD-18,7987,19,27,2025-10-21 14:28:21.633049,358219.247,6294842.526
PD731,D15,STWH-39,811,6,8,2025-10-21 14:28:21.633050,358219.247,6294842.526
PD731,D15,SVDD-75,6382,25,60,2025-10-21 14:28:21.633051,358219.247,6294842.526
PD731,510,TBFW-44,381,0,3,2025-10-21 14:28:21.633053,358219.247,6294842.526
PD731,510,TBFS-61,708,6,8,2025-10-21 14:28:21.633053,358219.247,6294842.526
PD731,516,FLXV-65,73,0,3,2025-10-21 14:28:21.633055,358219.247,6294842.526
PD731,516,TBFV-17,1496,11,15,2025-10-21 14:28:21.633056,358219.247,6294842.526
PD731,422,PFXC-82,1046,0,3,2025-10-21 14:28:21.633057,358219.247,6294842.526
PD731,422,TBFW-45,6348,17,25,2025-10-21 14:28:21.633058,358219.247,6294842.526
PD731,D03,SVDC-65,1,0,3,2025-10-21 14:28:21.633059,358219.247,6294842.526
PD731,D03,SVDC-31,1277,0,3,2025-10-21 14:28:21.633060,358219.247,6294842.526
PB1098,109,FLXH-82,4664,12,18,2025-10-21 14:28:23.310677,338871.669,6302859.979
PB1098,109,FLXS-95,6220,16,24,2025-10-21 14:28:23.310682,338871.669,6302859.979
PB1098,B09,SHCY-49,2215,4,6,2025-10-21 14:28:23.310683,338871.669,6302859.979
PB1098,B09,SHCY-34,7020,18,26,2025-10-21 14:28:23.310684,338871.669,6302859.979
PB1098,B29,LXDH-92,8359,11,15,2025-10-21 14:28:23.310685,338871.669,6302859.979
PB1098,B29,LXDJ-28,9830,12,16,2025-10-21 14:28:23.310686,338871.669,6302859.979
PJ1061,J13,BJFC-86,3158,10,14,2025-10-21 14:28:25.172246,341751.288,6298371.849
PB2083,B13,FLXP-81,8066,25,60,2025-10-21 14:28:27.137736,337552.88,6310737.02
PB2083,B13,TXZH-32,10575,25,60,2025-10-21 14:28:27.137742,337552.88,6310737.02
PD471,D10,SVDC-71,148,0,3,2025-10-21 14:28:31.127092,355242.637,6293315.273
PD471,D10,SVDD-94,2839,5,7,2025-10-21 14:28:31.127097,355242.637,6293315.273
PD471,D20,SVDF-75,2140,4,6,2025-10-21 14:28:31.127098,355242.637,6293315.273
PD471,D20,SVDF-54,13032,25,60,2025-10-21 14:28:31.127099,355242.637,6293315.273
PD471,418,PGLD-67,2155,8,12,2025-10-21 14:28:31.127100,355242.637,6293315.273
PD471,D05,PGBY-43,640,10,14,2025-10-21 14:28:31.127100,355242.637,6293315.273
PI1441,101,PFVJ-27,1,0,3,2025-10-21 14:28:32.755413,339827.988,6293335.214
PI1441,101,PFYR-72,3248,10,14,2025-10-21 14:28:32.755418,339827.988,6293335.214
PI1441,481,PFVD-63,966,0,4,2025-10-21 14:28:32.755419,339827.988,6293335.214
PI1441,481,PGPT-14,4214,12,16,2025-10-21 14:28:32.755420,339827.988,6293335.214
PI1441,I25,FLXL-17,3609,10,14,2025-10-21 14:28:32.755421,339827.988,6293335.214
PI1441,I25,FLXL-30,4714,12,16,2025-10-21 14:28:32.755422,339827.988,6293335.214
PI1441,I04,FLXY-36,163,0,3,2025-10-21 14:28:32.755423,339827.988,6293335.214
PI1441,I04,FLXF-20,4040,12,16,2025-10-21 14:28:32.755423,339827.988,6293335.214
PI1441,I14,CJRX-46,327,0,3,2025-10-21 14:28:32.755424,339827.988,6293335.214
PI1441,I14,CJRW-66,4235,11,15,2025-10-21 14:28:32.755425,339827.988,6293335.214
PI1441,I20,FLXL-12,73,0,3,2025-10-21 14:28:32.755426,339827.988,6293335.214
PI1441,I20,FLXL-25,1452,8,10,2025-10-21 14:28:32.755427,339827.988,6293335.214
PJ888,514,FDJX-65,5984,17,25,2025-10-21 14:28:34.241134,336032.371,6298290.724
PJ888,514,FLXH-92,6026,17,25,2025-10-21 14:28:34.241140,336032.371,6298290.724
PB1330,B17,SHCX-53,3024,11,15,2025-10-21 14:28:36.285057,344655.897,6301433.93
PB1330,B17,SHCY-44,3083,11,15,2025-10-21 14:28:36.285062,344655.897,6301433.93
PJ73,111,FLXW-83,1250,4,6,2025-10-21 14:28:38.209260,336817.76,6296411.376
PJ73,111,FLXY-30,1749,6,8,2025-10-21 14:28:38.209265,336817.76,6296411.376
PJ73,J08,TBFX-43,2354,7,9,2025-10-21 14:28:38.209267,336817.76,6296411.376
PJ73,J08,FLXT-99,4271,12,18,2025-10-21 14:28:38.209267,336817.76,6296411.376
PJ73,110,CJRW-76,187,0,3,2025-10-21 14:28:38.209268,336817.76,6296411.376
PJ73,110,PFWZ-88,2393,6,8,2025-10-21 14:28:38.209269,336817.76,6296411.376
PJ73,110C,SPHF-15,237,0,3,2025-10-21 14:28:38.209270,336817.76,6296411.376
PJ73,110C,BJFC-37,1765,7,9,2025-10-21 14:28:38.209271,336817.76,6296411.376
PI1630,108,PFVC-43,1941,4,6,2025-10-21 14:28:40.209360,341242.715,6291975.781
PI1630,108,PFVG-60,6808,19,27,2025-10-21 14:28:40.209365,341242.715,6291975.781
PI1630,I26,PGPT-34,4103,9,13,2025-10-21 14:28:40.209366,341242.715,6291975.781
PI1630,I26,PFVJ-17,8747,25,60,2025-10-21 14:28:40.209367,341242.715,6291975.781
PI1630,I25,FLXF-23,3892,14,20,2025-10-21 14:28:40.209368,341242.715,6291975.781
PI1630,I25,FLXK-74,5943,19,27,2025-10-21 14:28:40.209369,341242.715,6291975.781
PI1630,113,FLXX-61,4698,9,13,2025-10-21 14:28:40.209369,341242.715,6291975.781
PI1630,113,FLXW-71,9126,18,26,2025-10-21 14:28:40.209370,341242.715,6291975.781
PI1630,115,GCBD-14,399,0,3,2025-10-21 14:28:40.209371,341242.715,6291975.781
PI1630,115,FLXV-66,3310,6,8,2025-10-21 14:28:40.209372,341242.715,6291975.781
PI1630,109,PFWZ-57,1925,6,8,2025-10-21 14:28:40.209373,341242.715,6291975.781
PI1630,109,FLXC-54,5721,17,25,2025-10-21 14:28:40.209373,341242.715,6291975.781
PB1073,B24,SPZX-56,5759,20,28,2025-10-21 14:28:42.180668,342674.437,6302339.361
PB1073,B24,SKHF-84,7193,25,60,2025-10-21 14:28:42.180673,342674.437,6302339.361
PF1186,F01,SPVW-79,2559,7,9,2025-10-21 14:28:44.134084,358186.0,6279600.0
PF1186,F01,SPVW-74,6409,17,23,2025-10-21 14:28:44.134089,358186.0,6279600.0
PG167,F20,SPZY-54,1895,4,6,2025-10-21 14:28:46.031377,347379.582,6283661.403
PG167,F20,SPZY-28,3082,8,10,2025-10-21 14:28:46.031381,347379.582,6283661.403
PF999,F26,SPVV-69,1,0,3,2025-10-21 14:28:47.919128,353287.285,6280974.313
PF999,F26,SPVV-85,555,0,3,2025-10-21 14:28:47.919134,353287.285,6280974.313
PB1655,B12,SKDF-99,7122,16,22,2025-10-21 14:28:50.120536,342875.345,6307027.551
PB1655,B12,SGPY-82,11728,25,60,2025-10-21 14:28:50.120540,342875.345,6307027.551
PB1655,B05,SPCG-59,3352,9,13,2025-10-21 14:28:50.120541,342875.345,6307027.551
PB1655,B05,SKDJ-84,7396,19,27,2025-10-21 14:28:50.120542,342875.345,6307027.551
PB1655,B35,SHXD-60,9914,21,29,2025-10-21 14:28:50.120543,342875.345,6307027.551
PB1655,B36,FLXP-76,1922,6,8,2025-10-21 14:28:50.120544,342875.345,6307027.551
PB1655,B36,STHF-78,7946,25,60,2025-10-21 14:28:50.120544,342875.345,6307027.551
PA205,227,VGKY-12,6292,25,60,2025-10-21 14:28:52.027892,347412.188,6295782.285
PA205,227,VFRF-15,7696,25,60,2025-10-21 14:28:52.027898,347412.188,6295782.285
PC6,117,PGLD-64,31,0,3,2025-10-21 14:28:53.939305,350438.728,6299462.799
PC6,117,PGRZ-88,310,0,3,2025-10-21 14:28:53.939311,350438.728,6299462.799
PG803,G08,THTF-48,681,0,3,2025-10-21 14:28:56.068049,340883.561,6280440.866
PG803,G08,THTG-93,2189,6,8,2025-10-21 14:28:56.068054,340883.561,6280440.866
PG803,G02,FLXD-20,119,0,3,2025-10-21 14:28:56.068055,340883.561,6280440.866
PG803,G02,FLXX-10,3714,13,17,2025-10-21 14:28:56.068056,340883.561,6280440.866
PG803,G22,THTF-10,82,0,3,2025-10-21 14:28:56.068057,340883.561,6280440.866
PG803,G22,THTG-80,2235,11,15,2025-10-21 14:28:56.068058,340883.561,6280440.866
PG803,G27,THTF-19,1176,4,6,2025-10-21 14:28:56.068059,340883.561,6280440.866
PG803,G27,THTG-78,4794,25,60,2025-10-21 14:28:56.068060,340883.561,6280440.866
PH389,H24,VGRC-73,2708,7,9,2025-10-21 14:28:57.996009,349360.178,6292512.105
PH389,H24,VGLZ-33,4941,14,20,2025-10-21 14:28:57.996014,349360.178,6292512.105
PG175,207,LZPW-21,4692,10,14,2025-10-21 14:28:59.984045,348895.903,6282298.87
PG175,207,SRTK-28,4714,10,14,2025-10-21 14:28:59.984049,348895.903,6282298.87
PG175,209,SFST-31,179,0,3,2025-10-21 14:28:59.984051,348895.903,6282298.87
PG175,209,CJRP-24,5490,12,16,2025-10-21 14:28:59.984051,348895.903,6282298.87
PD952,D07,SVDD-51,1805,6,8,2025-10-21 14:29:01.555119,350175.201,6293100.442
PD952,D07,SVDD-83,4624,13,19,2025-10-21 14:29:01.555124,350175.201,6293100.442
PF217,F03,SPVW-73,3285,9,13,2025-10-21 14:29:03.371149,354798.809,6280597.372
PF217,F03,SPVV-66,6905,19,27,2025-10-21 14:29:03.371155,354798.809,6280597.372
PF217,F14,SPRY-79,427,0,3,2025-10-21 14:29:03.371156,354798.809,6280597.372
PF217,F03C,SHCY-63,1352,5,7,2025-10-21 14:29:03.371157,354798.809,6280597.372
PF217,F03C,SHXF-40,6941,25,60,2025-10-21 14:29:03.371158,354798.809,6280597.372
PA343,421,PDYR-89,671,0,4,2025-10-21 14:29:05.638342,347898.083,6299035.283
PA343,421,PFVL-13,1824,7,9,2025-10-21 14:29:05.638347,347898.083,6299035.283
PA343,423,PGPS-97,487,0,3,2025-10-21 14:29:05.638348,347898.083,6299035.283
PA343,106,PFVC-58,1114,0,4,2025-10-21 14:29:05.638349,347898.083,6299035.283
PA343,106,PFVC-52,2718,10,14,2025-10-21 14:29:05.638350,347898.083,6299035.283
PA343,401,PFYH-22,5896,20,28,2025-10-21 14:29:05.638351,347898.083,6299035.283
PA343,401,PFBG-21,6749,25,60,2025-10-21 14:29:05.638351,347898.083,6299035.283
PA343,405,PFVL-14,569,0,3,2025-10-21 14:29:05.638352,347898.083,6299035.283
PA343,405,PFVL-16,657,0,3,2025-10-21 14:29:05.638353,347898.083,6299035.283
PH375,H09,VGRB-63,2017,7,9,2025-10-21 14:29:07.634940,345085.209,6293003.825
PH375,121,CJRW-12,849,0,4,2025-10-21 14:29:07.634945,345085.209,6293003.825
PH375,121,BJFX-13,5307,13,19,2025-10-21 14:29:07.634946,345085.209,6293003.825
PH375,H06,CJRX-48,2765,8,10,2025-10-21 14:29:07.634956,345085.209,6293003.825
PH375,H06,BJFX-14,4375,12,18,2025-10-21 14:29:07.634957,345085.209,6293003.825
PH375,H12,CJRW-14,1,0,3,2025-10-21 14:29:07.634958,345085.209,6293003.825
PH375,H12,CJRB-12,5329,17,25,2025-10-21 14:29:07.634958,345085.209,6293003.825
PH375,H13,CJRW-78,2184,8,10,2025-10-21 14:29:07.634959,345085.209,6293003.825
PD655,511,TBFX-26,6995,17,25,2025-10-21 14:29:09.548334,349139.13,6295256.94
PD655,D05,FLXJ-67,44,0,3,2025-10-21 14:29:09.548338,349139.13,6295256.94
PD655,D05,SPBL-65,5065,14,20,2025-10-21 14:29:09.548339,349139.13,6295256.94
PH284,428,SHCY-25,8649,18,26,2025-10-21 14:29:11.509594,342247.04,6289391.5
PH284,428,SHCY-21,9388,21,29,2025-10-21 14:29:11.509598,342247.04,6289391.5
PH284,444,SKPL-30,7549,18,26,2025-10-21 14:29:11.509599,342247.04,6289391.5
PH284,444,SHXF-85,11457,25,60,2025-10-21 14:29:11.509600,342247.04,6289391.5
PH284,118,FLXX-93,6522,17,25,2025-10-21 14:29:11.509601,342247.04,6289391.5
PH284,118,LXWR-93,7253,21,29,2025-10-21 14:29:11.509602,342247.04,6289391.5
PB2041,B29,LXDH-92,12501,14,20,2025-10-21 14:29:13.069384,336910.0,6303573.0
PB2041,B29,LXDJ-28,12629,15,21,2025-10-21 14:29:13.069388,336910.0,6303573.0
PG233,G08V,FLXV-30,734,0,3,2025-10-21 14:29:15.280452,345719.835,6282879.893
PG233,G08V,FLXV-17,7353,18,26,2025-10-21 14:29:15.280457,345719.835,6282879.893
PG233,G05,SHCV-43,577,0,3,2025-10-21 14:29:15.280458,345719.835,6282879.893
PG233,G05,SFGY-83,4087,10,14,2025-10-21 14:29:15.280459,345719.835,6282879.893
PG233,G35,SFPF-77,3921,10,14,2025-10-21 14:29:15.280459,345719.835,6282879.893
PG233,G35,SFPG-41,6474,16,24,2025-10-21 14:29:15.280460,345719.835,6282879.893
PG233,228,THTD-48,814,0,3,2025-10-21 14:29:15.280461,345719.835,6282879.893
PG233,228,THTH-13,3261,9,13,2025-10-21 14:29:15.280462,345719.835,6282879.893
PG233,G08,THTF-24,3809,11,15,2025-10-21 14:29:15.280463,345719.835,6282879.893
PG233,G08,THTF-27,5842,18,26,2025-10-21 14:29:15.280463,345719.835,6282879.893
PI614,509,FLXX-87,2176,5,7,2025-10-21 14:29:17.200948,337043.395,6290133.745
PI614,509,FLXH-90,3126,8,10,2025-10-21 14:29:17.200954,337043.395,6290133.745
PC1216,C06,LWTK-44,472,0,5,2025-10-21 14:29:19.188693,350870.964,6301318.788
PC1216,C06,LWTK-55,3086,16,22,2025-10-21 14:29:19.188698,350870.964,6301318.788
PC1216,117,PGLD-73,76,0,3,2025-10-21 14:29:19.188699,350870.964,6301318.788
PC1216,117,SPBS-36,56,0,3,2025-10-21 14:29:19.188700,350870.964,6301318.788
PC1216,429,SLLZ-31,1191,5,7,2025-10-21 14:29:19.188701,350870.964,6301318.788
PC1216,429,SLPC-38,1234,5,7,2025-10-21 14:29:19.188702,350870.964,6301318.788
PC1216,430,SJPC-29,1057,5,7,2025-10-21 14:29:19.188703,350870.964,6301318.788
PC1216,430,PGLD-68,1258,6,8,2025-10-21 14:29:19.188704,350870.964,6301318.788
PG1646,G07,THTD-24,1,0,3,2025-10-21 14:29:20.962503,339026.269,6275371.484
PF256,F16,SPRY-93,931,0,5,2025-10-21 14:29:22.326611,353876.482,6278390.295
PF256,F16,SPRW-92,4187,15,21,2025-10-21 14:29:22.326616,353876.482,6278390.295
PJ1934,J15C,BJFB-70,2699,8,10,2025-10-21 14:29:24.375457,335898.82,6300824.84
PJ1934,J15C,TBFW-71,3273,9,13,2025-10-21 14:29:24.375461,335898.82,6300824.84
PJ1934,J20,TBFT-37,276,0,3,2025-10-21 14:29:24.375462,335898.82,6300824.84
PJ1934,J20,BJFD-74,606,0,4,2025-10-21 14:29:24.375463,335898.82,6300824.84
PE506,418,SHCX-39,328,0,3,2025-10-21 14:29:26.488195,356345.646,6290033.52
PE506,418,SHXF-84,1,0,3,2025-10-21 14:29:26.488200,356345.646,6290033.52
PE506,E06,BJFZ-30,71,0,3,2025-10-21 14:29:26.488201,356345.646,6290033.52
PC739,C22,SGPW-36,3571,10,14,2025-10-21 14:29:28.424857,351223.153,6304455.801
PI489,419,PFVK-65,697,0,3,2025-10-21 14:29:30.331588,335109.526,6288282.371
PI489,419,PFVK-95,3982,12,16,2025-10-21 14:29:30.331593,335109.526,6288282.371
PI489,506,TBFW-28,15,0,3,2025-10-21 14:29:30.331594,335109.526,6288282.371
PI489,506,GCBD-47,1766,5,7,2025-10-21 14:29:30.331595,335109.526,6288282.371
PH194,205,RWTP-93,3583,9,13,2025-10-21 14:29:32.282591,347976.433,6290230.391
PH194,227,VFPK-64,4885,12,16,2025-10-21 14:29:32.282596,347976.433,6290230.391
PH194,227,VGKX-62,10266,25,60,2025-10-21 14:29:32.282597,347976.433,6290230.391
PH194,207,LXWT-90,361,0,3,2025-10-21 14:29:32.282598,347976.433,6290230.391
PH194,207,LZPW-14,2813,6,8,2025-10-21 14:29:32.282599,347976.433,6290230.391
PH194,209,LZPS-13,756,0,3,2025-10-21 14:29:32.282600,347976.433,6290230.391
PH194,209,LZPG-17,3646,8,12,2025-10-21 14:29:32.282601,347976.433,6290230.391
PE1269,G04,SFPF-82,2871,11,15,2025-10-21 14:29:34.279862,350788.47,6285095.91
PE1269,G04,SHCX-21,3089,12,16,2025-10-21 14:29:34.279867,350788.47,6285095.91
PE1269,G01,THTD-56,4143,13,19,2025-10-21 14:29:34.279868,350788.47,6285095.91
PE1269,G01,THTD-60,4775,15,21,2025-10-21 14:29:34.279869,350788.47,6285095.91
PE1269,G15,THTF-62,3576,12,16,2025-10-21 14:29:34.279870,350788.47,6285095.91
PE1269,G15,THTD-79,5404,16,22,2025-10-21 14:29:34.279870,350788.47,6285095.91
PE1269,G18,SHXB-41,2637,8,12,2025-10-21 14:29:34.279871,350788.47,6285095.91
PE1269,G18,SCRZ-16,2941,10,14,2025-10-21 14:29:34.279872,350788.47,6285095.91
PE1269,E12,VFJT-51,30,0,3,2025-10-21 14:29:34.279873,350788.47,6285095.91
PE1269,E16,VFJK-37,1695,7,9,2025-10-21 14:29:34.279874,350788.47,6285095.91
PJ1802,J03,FLXG-37,3367,9,13,2025-10-21 14:29:36.236350,336057.22,6300753.89
PJ1802,J03,CJRZ-90,7448,18,26,2025-10-21 14:29:36.236355,336057.22,6300753.89
PJ1802,J05,BJFH-36,2323,0,5,2025-10-21 14:29:36.236356,336057.22,6300753.89
PJ1802,J05,BJFB-66,10975,25,60,2025-10-21 14:29:36.236357,336057.22,6300753.89
PJ1802,J13,TBFT-55,2258,7,9,2025-10-21 14:29:36.236357,336057.22,6300753.89
PJ1802,J13,TBFT-40,7521,21,29,2025-10-21 14:29:36.236358,336057.22,6300753.89
PC782,C28,SGPW-40,1246,0,3,2025-10-21 14:29:38.160965,359079.849,6307331.8
PC782,C28,SHCY-27,2840,7,9,2025-10-21 14:29:38.160969,359079.849,6307331.8
PC782,C09,SHCV-71,8,0,3,2025-10-21 14:29:38.160970,359079.849,6307331.8
PC782,C09,SGPY-69,3595,8,12,2025-10-21 14:29:38.160971,359079.849,6307331.8
PC782,C19,SGPY-84,1,5,7,2025-10-21 14:29:38.160972,359079.849,6307331.8
PC1265,C27,SGPW-53,3111,0,3,2025-10-21 14:29:40.129408,357945.0,6304253.0
PE364,E03,BJFT-66,3298,8,12,2025-10-21 14:29:42.035738,347804.617,6288980.218
PI1678,J10,VHZZ-41,763,0,3,2025-10-21 14:29:43.965479,341362.546,6297587.933
PI1678,J10,VJJW-88,3604,11,15,2025-10-21 14:29:43.965485,341362.546,6297587.933
PB1219,B12,SKDF-99,5673,13,19,2025-10-21 14:29:45.811135,342546.164,6308256.498
PB1219,B12,SGPY-82,10382,25,60,2025-10-21 14:29:45.811139,342546.164,6308256.498
PB1615,B21,SKDJ-76,1293,4,6,2025-10-21 14:29:47.709866,338440.77,6307387.111
PB1615,B21,SHCV-81,7428,19,27,2025-10-21 14:29:47.709872,338440.77,6307387.111
PB1615,425,SJPC-85,2656,10,14,2025-10-21 14:29:47.709873,338440.77,6307387.111
PB1615,425,SHXG-81,8754,25,60,2025-10-21 14:29:47.709874,338440.77,6307387.111
PB1438,B22,SKPS-34,9336,25,60,2025-10-21 14:29:49.641721,346540.784,6303807.696
PB1438,B22,SKPS-44,9642,25,60,2025-10-21 14:29:49.641727,346540.784,6303807.696
PJ567,J01,FLXD-29,2567,8,10,2025-10-21 14:29:51.617169,340252.595,6300486.282
PJ567,J01,CJRZ-87,6280,18,26,2025-10-21 14:29:51.617174,340252.595,6300486.282
PJ567,J08,FLXT-65,2649,7,9,2025-10-21 14:29:51.617175,340252.595,6300486.282
PJ567,J08,FLXT-59,6788,17,25,2025-10-21 14:29:51.617175,340252.595,6300486.282
PJ38,109,FLXV-87,1309,0,4,2025-10-21 14:29:53.617117,342704.517,6300158.575
PJ38,109,PFXC-74,3383,10,14,2025-10-21 14:29:53.617123,342704.517,6300158.575
PJ38,105,SJPD-93,1672,0,5,2025-10-21 14:29:53.617124,342704.517,6300158.575
PJ38,105,SJPC-68,2222,4,6,2025-10-21 14:29:53.617125,342704.517,6300158.575
PJ38,120,SKHG-33,1659,6,8,2025-10-21 14:29:53.617126,342704.517,6300158.575
PJ38,120,STHD-65,5712,21,29,2025-10-21 14:29:53.617127,342704.517,6300158.575
PI1346,506,FLXW-31,176,0,3,2025-10-21 14:29:55.558230,336793.121,6290252.521
PI1346,506,GCBD-34,1405,5,7,2025-10-21 14:29:55.558235,336793.121,6290252.521
PI1346,506V,SZZY-76,1445,0,3,2025-10-21 14:29:55.558236,336793.121,6290252.521
PI1346,506V,TBFX-72,1751,0,4,2025-10-21 14:29:55.558237,336793.121,6290252.521
PB2137,425,SJPC-47,282,0,3,2025-10-21 14:29:57.487641,336530.001,6307896.001
PD862,D26,FLXS-14,3095,9,11,2025-10-21 14:29:59.440475,356168.409,6290847.838
PD862,D26,SPBG-12,9428,25,60,2025-10-21 14:29:59.440480,356168.409,6290847.838
PI872,I03,FLXG-53,1,0,3,2025-10-21 14:30:01.322340,335526.559,6289912.856
PI872,I03,FLXG-12,2028,8,10,2025-10-21 14:30:01.322345,335526.559,6289912.856
PG55,201,GCBB-28,2621,6,8,2025-10-21 14:30:03.366689,344547.0,6286063.522
PG55,201,GCBB-36,5409,14,20,2025-10-21 14:30:03.366694,344547.0,6286063.522
PG55,211,FLXD-17,2061,0,5,2025-10-21 14:30:03.366695,344547.0,6286063.522
PG55,211,TBYY-74,2862,6,8,2025-10-21 14:30:03.366696,344547.0,6286063.522
PG55,271,CJRL-19,2475,5,7,2025-10-21 14:30:03.366697,344547.0,6286063.522
PG55,211C,THTF-80,1531,0,5,2025-10-21 14:30:03.366697,344547.0,6286063.522
PG55,211C,THTH-22,5783,16,22,2025-10-21 14:30:03.366698,344547.0,6286063.522
PG55,G05,SCRZ-35,3904,13,19,2025-10-21 14:30:03.366699,344547.0,6286063.522
PG55,G05,SHCV-43,5934,25,60,2025-10-21 14:30:03.366700,344547.0,6286063.522
PG55,G15,THTD-67,445,0,3,2025-10-21 14:30:03.366701,344547.0,6286063.522
PG55,G15,THTD-91,2454,8,12,2025-10-21 14:30:03.366701,344547.0,6286063.522
PG55,F20,SPZY-53,275,0,3,2025-10-21 14:30:03.366702,344547.0,6286063.522
PG55,F20,SPZY-37,4420,13,19,2025-10-21 14:30:03.366703,344547.0,6286063.522
PB1690,B20,SKHG-85,608,0,3,2025-10-21 14:30:05.664147,338964.894,6302204.932
PB1690,410,LDJX-67,633,4,6,2025-10-21 14:30:05.664153,338964.894,6302204.932
PB1690,408,LXWS-41,816,0,4,2025-10-21 14:30:05.664154,338964.894,6302204.932
PB1690,408,LXWR-90,1536,5,7,2025-10-21 14:30:05.664155,338964.894,6302204.932
PB1690,110,CJRW-65,17,0,3,2025-10-21 14:30:05.664156,338964.894,6302204.932
PB1690,110,CJRX-40,3764,15,21,2025-10-21 14:30:05.664157,338964.894,6302204.932
PB1690,105,SJPC-38,3058,10,14,2025-10-21 14:30:05.664158,338964.894,6302204.932
PH558,321,BJFS-75,3848,9,13,2025-10-21 14:30:07.625272,343018.164,6289546.393
PH558,329,FLXR-23,2052,5,7,2025-10-21 14:30:07.625278,343018.164,6289546.393
PH558,329,FLXR-21,5463,14,20,2025-10-21 14:30:07.625279,343018.164,6289546.393
PF735,F18,SRVF-79,2668,10,14,2025-10-21 14:30:09.528004,352483.282,6279011.276
PD502,D15,SVDD-75,4708,25,60,2025-10-21 14:30:11.759160,357607.773,6295588.823
PD502,D15,SVDD-98,6273,25,60,2025-10-21 14:30:11.759165,357607.773,6295588.823
PG2025,G37,THTD-80,3847,8,10,2025-10-21 14:30:13.650121,338285.0,6272904.0
PH1456,107,PFYC-84,1,0,3,2025-10-21 14:30:15.715998,348904.683,6291253.314
PH1456,107,PGKD-19,2873,9,11,2025-10-21 14:30:15.716004,348904.683,6291253.314
PH1456,108,PFYR-88,2289,7,9,2025-10-21 14:30:15.716006,348904.683,6291253.314
PH1456,108,PFVH-97,2301,7,9,2025-10-21 14:30:15.716007,348904.683,6291253.314
PH1456,212,SVPW-56,578,0,3,2025-10-21 14:30:15.716008,348904.683,6291253.314
PH1456,212,LZPT-51,3999,10,14,2025-10-21 14:30:15.716009,348904.683,6291253.314
PH1456,102,SPZX-71,4247,15,21,2025-10-21 14:30:15.716010,348904.683,6291253.314
PH1456,102,SPZY-57,7031,25,60,2025-10-21 14:30:15.716011,348904.683,6291253.314
PE1473,233,SCRZ-15,1210,0,5,2025-10-21 14:30:17.609408,350123.6,6289535.3
PE1473,233,SFPG-59,3841,11,15,2025-10-21 14:30:17.609413,350123.6,6289535.3
PC37,104,SKWD-26,300,0,3,2025-10-21 14:30:19.509768,350494.514,6300924.589
PC37,104,SKWD-50,70,0,3,2025-10-21 14:30:19.509772,350494.514,6300924.589
PI440,407,GCBC-55,242,0,3,2025-10-21 14:30:22.096798,343655.66,6297328.0
PI440,407,PFXC-52,12,0,3,2025-10-21 14:30:22.096802,343655.66,6297328.0
PI440,412,LXWP-61,1,0,3,2025-10-21 14:30:22.096803,343655.66,6297328.0
PI440,412,PFTW-39,2741,8,10,2025-10-21 14:30:22.096804,343655.66,6297328.0
PI440,401,PFYG-48,1620,0,5,2025-10-21 14:30:22.096805,343655.66,6297328.0
PI440,401,PFTV-83,5795,13,19,2025-10-21 14:30:22.096806,343655.66,6297328.0
PI440,405,PFYG-63,1497,0,4,2025-10-21 14:30:22.096807,343655.66,6297328.0
PI440,405,PDZH-87,4116,9,13,2025-10-21 14:30:22.096808,343655.66,6297328.0
PI440,421,PDYH-96,2195,7,9,2025-10-21 14:30:22.096809,343655.66,6297328.0
PI440,421,PFVK-49,2582,8,10,2025-10-21 14:30:22.096809,343655.66,6297328.0
PI440,I17,FLXL-84,2076,10,14,2025-10-21 14:30:22.096810,343655.66,6297328.0
PI440,I17,FLXG-15,4396,18,26,2025-10-21 14:30:22.096811,343655.66,6297328.0
PI440,511,FLXW-25,1397,4,6,2025-10-21 14:30:22.096812,343655.66,6297328.0
PI440,511,TBFW-26,4446,13,19,2025-10-21 14:30:22.096813,343655.66,6297328.0
PI440,418,PFYC-29,1556,0,4,2025-10-21 14:30:22.096814,343655.66,6297328.0
PI440,418,PFYC-65,2823,6,8,2025-10-21 14:30:22.096815,343655.66,6297328.0
PI440,J10,VJBB-21,1,0,3,2025-10-21 14:30:22.096816,343655.66,6297328.0
PI440,J10,VHZY-10,1202,0,5,2025-10-21 14:30:22.096816,343655.66,6297328.0
PI440,210,LZRD-83,207,0,3,2025-10-21 14:30:22.096817,343655.66,6297328.0
PI440,210,LZRD-93,1411,6,8,2025-10-21 14:30:22.096818,343655.66,6297328.0
PI440,210V,VFPH-51,1190,5,7,2025-10-21 14:30:22.096819,343655.66,6297328.0
PI440,516,PFXC-20,891,0,3,2025-10-21 14:30:22.096820,343655.66,6297328.0
PI440,516,PFWZ-85,1404,0,5,2025-10-21 14:30:22.096821,343655.66,6297328.0
PF284,F14,SPRY-79,4141,13,19,2025-10-21 14:30:24.029061,355626.922,6283111.916
PF284,124,SRVF-76,1738,6,8,2025-10-21 14:30:24.029065,355626.922,6283111.916
PF284,124,LBTS-80,3967,13,19,2025-10-21 14:30:24.029066,355626.922,6283111.916
PF9,F08,SPVT-99,1465,0,4,2025-10-21 14:30:26.156865,355564.204,6285334.302
PF9,F08,TFTB-24,4623,12,16,2025-10-21 14:30:26.156870,355564.204,6285334.302
PF9,F10,SRRZ-87,433,0,3,2025-10-21 14:30:26.156871,355564.204,6285334.302
PF9,F10,SRRX-88,2719,9,11,2025-10-21 14:30:26.156872,355564.204,6285334.302
PF9,F13,SRRX-58,636,0,3,2025-10-21 14:30:26.156873,355564.204,6285334.302
PF9,F13,SRRY-79,1412,4,6,2025-10-21 14:30:26.156874,355564.204,6285334.302
PF9,102,SPZY-63,67,0,3,2025-10-21 14:30:26.156875,355564.204,6285334.302
PF9,102,SPZY-64,3660,7,9,2025-10-21 14:30:26.156876,355564.204,6285334.302
PF9,124,SRVF-76,4490,12,16,2025-10-21 14:30:26.156877,355564.204,6285334.302
PF9,124,LBTS-80,6722,19,27,2025-10-21 14:30:26.156877,355564.204,6285334.302
PF9,712,SJPC-40,4089,10,14,2025-10-21 14:30:26.156878,355564.204,6285334.302
PF9,712,SJPC-43,6465,17,25,2025-10-21 14:30:26.156879,355564.204,6285334.302
PF9,104,SKWD-77,643,0,4,2025-10-21 14:30:26.156881,355564.204,6285334.302
PF9,114,SKVD-48,509,0,3,2025-10-21 14:30:26.156881,355564.204,6285334.302
PG1046,G39,SFGY-73,3965,10,14,2025-10-21 14:30:28.141668,340982.126,6285467.019
PG1046,G39,FLXH-61,7153,25,60,2025-10-21 14:30:28.141673,340982.126,6285467.019
PG1046,G09,SHCX-12,1572,6,8,2025-10-21 14:30:28.141674,340982.126,6285467.019
PG1046,G09,SFGY-87,3259,12,16,2025-10-21 14:30:28.141675,340982.126,6285467.019
PA453,506,GCBC-45,5733,16,22,2025-10-21 14:30:30.132105,344969.263,6296744.813
PA453,506,TBFT-54,9406,25,60,2025-10-21 14:30:30.132110,344969.263,6296744.813
PA453,506V,PFXC-21,38,0,3,2025-10-21 14:30:30.132111,344969.263,6296744.813
PA453,506V,PFWZ-90,1210,0,4,2025-10-21 14:30:30.132112,344969.263,6296744.813
PA453,509,FLXV-36,3722,15,21,2025-10-21 14:30:30.132113,344969.263,6296744.813
PJ458,505,LXWR-85,3132,8,10,2025-10-21 14:30:32.049838,342536.522,6300548.92
PJ458,505,VHZW-41,4771,13,19,2025-10-21 14:30:32.049843,342536.522,6300548.92
PJ458,513,VJBB-51,2208,5,7,2025-10-21 14:30:32.049844,342536.522,6300548.92
PJ458,513,VJBB-80,3518,9,13,2025-10-21 14:30:32.049845,342536.522,6300548.92
PJ458,J01,FLXD-31,549,0,3,2025-10-21 14:30:32.049846,342536.522,6300548.92
PJ458,J01,FLXH-79,2008,6,8,2025-10-21 14:30:32.049847,342536.522,6300548.92
PJ458,B28,TXZK-38,4305,8,10,2025-10-21 14:30:32.049848,342536.522,6300548.92
PJ458,B28,SJTD-62,4351,9,11,2025-10-21 14:30:32.049848,342536.522,6300548.92
PD191,225,SFWZ-63,6000,16,22,2025-10-21 14:30:34.089506,353168.691,6293609.549
PD191,225,SFWZ-80,9567,25,60,2025-10-21 14:30:34.089511,353168.691,6293609.549
PD191,712,SHCW-80,3305,11,15,2025-10-21 14:30:34.089512,353168.691,6293609.549
PD191,712,LCTG-27,5864,17,25,2025-10-21 14:30:34.089513,353168.691,6293609.549
PA828,H12,FLXD-99,2059,7,9,2025-10-21 14:30:36.000042,346717.0,6294703.0
PA828,H12,CJRW-14,3768,11,15,2025-10-21 14:30:36.000047,346717.0,6294703.0
PG825,G04,SFPF-82,4,0,3,2025-10-21 14:30:37.979217,348701.705,6285475.692
PG825,G04,SHCX-21,87,0,3,2025-10-21 14:30:37.979223,348701.705,6285475.692
PG825,G01,THTD-56,960,0,4,2025-10-21 14:30:37.979224,348701.705,6285475.692
PG825,G01,THTD-60,1438,4,6,2025-10-21 14:30:37.979225,348701.705,6285475.692
PG825,G18,SCRZ-16,1,0,3,2025-10-21 14:30:37.979226,348701.705,6285475.692
PG825,G18,SFPG-34,4027,12,18,2025-10-21 14:30:37.979227,348701.705,6285475.692
PH339,H06,FLXD-73,1755,7,9,2025-10-21 14:30:39.917315,345335.816,6293568.194
PH339,121,BJFX-37,1721,6,8,2025-10-21 14:30:39.917320,345335.816,6293568.194
PH339,121,FLXF-74,4282,14,20,2025-10-21 14:30:39.917321,345335.816,6293568.194
PJ345,517,VHZW-51,2359,6,8,2025-10-21 14:30:41.737926,343087.99,6299319.79
PJ345,517,VHZZ-30,4750,14,20,2025-10-21 14:30:41.737932,343087.99,6299319.79
PJ345,J02,VHXF-84,2369,10,14,2025-10-21 14:30:41.737933,343087.99,6299319.79
PJ345,J02,VHZX-50,4601,21,29,2025-10-21 14:30:41.737934,343087.99,6299319.79
PJ345,503,VHLT-57,216,0,3,2025-10-21 14:30:41.737935,343087.99,6299319.79
PJ345,503,VGVF-73,1968,5,7,2025-10-21 14:30:41.737936,343087.99,6299319.79
PJ345,507,PFXC-12,648,0,3,2025-10-21 14:30:41.737937,343087.99,6299319.79
PJ345,507,PFXC-14,982,0,3,2025-10-21 14:30:41.737937,343087.99,6299319.79
PJ345,518,FLXS-76,339,0,3,2025-10-21 14:30:41.737938,343087.99,6299319.79
PJ345,518,FLXG-46,3283,11,15,2025-10-21 14:30:41.737939,343087.99,6299319.79
PF689,F16,SPRY-43,3148,9,13,2025-10-21 14:30:43.398639,352356.682,6282115.586
PF689,F16,SPRY-86,5975,17,23,2025-10-21 14:30:43.398644,352356.682,6282115.586
PB154,B15,SPCG-74,4974,15,21,2025-10-21 14:30:45.309306,347523.995,6300413.92
PB154,B15,SKDH-79,7363,25,60,2025-10-21 14:30:45.309311,347523.995,6300413.92
PI1595,I16,FLXL-58,1456,0,4,2025-10-21 14:30:47.192013,342245.903,6294664.581
PI1595,I16,FLXW-78,3468,7,9,2025-10-21 14:30:47.192018,342245.903,6294664.581
PG1936,G08,THTD-58,612,0,3,2025-10-21 14:30:49.089549,342923.9,6282613.94
PG1936,G08,THTF-78,3661,9,13,2025-10-21 14:30:49.089554,342923.9,6282613.94
PD1392,D07,SVDC-69,531,0,5,2025-10-21 14:30:51.084585,354480.256,6294501.394
PD1392,D07,SVDF-51,550,0,5,2025-10-21 14:30:51.084589,354480.256,6294501.394
PD1392,D10,SVDD-70,4458,17,25,2025-10-21 14:30:51.084590,354480.256,6294501.394
PD1392,D10,SVDC-60,5416,25,60,2025-10-21 14:30:51.084591,354480.256,6294501.394
PD1392,429,SJPF-97,6930,25,60,2025-10-21 14:30:51.084592,354480.256,6294501.394
PD1392,429,SLPC-50,7603,25,60,2025-10-21 14:30:51.084593,354480.256,6294501.394
PB383,B03,SKHG-73,1,0,3,2025-10-21 14:30:52.718003,345613.84,6300771.289
PB383,B03,LJDL-48,5240,17,25,2025-10-21 14:30:52.718008,345613.84,6300771.289
PB383,B10,SHCY-36,64,0,3,2025-10-21 14:30:52.718009,345613.84,6300771.289
PB383,B10,LDJW-39,3339,9,13,2025-10-21 14:30:52.718011,345613.84,6300771.289
PB383,B24,TXZH-37,1,0,3,2025-10-21 14:30:52.718012,345613.84,6300771.289
PB383,B24,STHD-35,1,0,3,2025-10-21 14:30:52.718013,345613.84,6300771.289
PB383,301,BJFV-35,355,0,3,2025-10-21 14:30:52.718013,345613.84,6300771.289
PB383,301,BJFX-44,398,0,3,2025-10-21 14:30:52.718014,345613.84,6300771.289
PG1907,G08V,FLXV-32,13282,25,60,2025-10-21 14:30:54.254160,343149.83,6279421.62
PG1907,G38,THTF-67,3486,10,14,2025-10-21 14:30:54.254165,343149.83,6279421.62
PG1907,G38,THTD-65,4012,11,15,2025-10-21 14:30:54.254166,343149.83,6279421.62
PG1907,G32,THTF-37,1012,0,5,2025-10-21 14:30:54.254167,343149.83,6279421.62
PG498,G11,THTF-34,3810,20,28,2025-10-21 14:30:56.175663,348271.469,6287093.595
PG498,G11,THTF-97,8328,25,60,2025-10-21 14:30:56.175667,348271.469,6287093.595
PB72,109,PFXC-74,1136,4,6,2025-10-21 14:30:58.203671,342426.912,6302121.375
PB72,109,PFXC-28,2630,8,12,2025-10-21 14:30:58.203676,342426.912,6302121.375
PB72,B03,LJDL-48,1601,5,7,2025-10-21 14:30:58.203678,342426.912,6302121.375
PB72,B03,SKHG-89,4434,13,19,2025-10-21 14:30:58.203679,342426.912,6302121.375
PB72,105,SHXF-24,936,0,3,2025-10-21 14:30:58.203680,342426.912,6302121.375
PB72,105,SJPC-45,1888,6,8,2025-10-21 14:30:58.203681,342426.912,6302121.375
PB72,120,STHD-65,3330,13,17,2025-10-21 14:30:58.203682,342426.912,6302121.375
PB72,120,TXZH-34,3946,15,21,2025-10-21 14:30:58.203683,342426.912,6302121.375
PB72,B20,SKHG-85,4851,15,21,2025-10-21 14:30:58.203684,342426.912,6302121.375
PB72,B29,SKHG-47,4788,16,22,2025-10-21 14:30:58.203685,342426.912,6302121.375
PB72,B29,SKHG-57,5685,20,28,2025-10-21 14:30:58.203686,342426.912,6302121.375
PJ2010,J07E,VJBB-31,8197,11,15,2025-10-21 14:31:00.143364,335800.986,6304784.964
PJ2010,J07E,VJBB-11,21994,25,60,2025-10-21 14:31:00.143369,335800.986,6304784.964
PB329,203,SFWZ-49,33,0,3,2025-10-21 14:31:02.096062,347240.802,6303800.619
PB329,203,LZPR-84,943,5,7,2025-10-21 14:31:02.096067,347240.802,6303800.619
PB329,208,LZPR-96,1,0,3,2025-10-21 14:31:02.096069,347240.802,6303800.619
PB329,208,SRTH-21,553,6,8,2025-10-21 14:31:02.096069,347240.802,6303800.619
PF1035,F26,SPVV-16,2189,5,7,2025-10-21 14:31:04.017582,353007.69,6281163.98
PD1172,D14,PGLD-76,1289,6,8,2025-10-21 14:31:05.918647,352642.658,6293583.993
PD1172,D16,SPBL-78,1,0,3,2025-10-21 14:31:05.918652,352642.658,6293583.993
PD1172,D16,SPBR-46,4939,15,21,2025-10-21 14:31:05.918653,352642.658,6293583.993
PC1,405,PFYG-85,2964,11,15,2025-10-21 14:31:08.159477,349454.72,6299926.03
PC1,405,PDZH-75,3126,12,16,2025-10-21 14:31:08.159483,349454.72,6299926.03
PC1,517,VJJR-86,123,0,3,2025-10-21 14:31:08.159484,349454.72,6299926.03
PC1,517,VHZV-61,531,0,4,2025-10-21 14:31:08.159485,349454.72,6299926.03
PC1,406,GCBD-96,1,0,3,2025-10-21 14:31:08.159487,349454.72,6299926.03
PC1,406,GCBD-91,4083,13,19,2025-10-21 14:31:08.159488,349454.72,6299926.03
PC1,426,FLXD-50,558,4,6,2025-10-21 14:31:08.159489,349454.72,6299926.03
PC1,426,FLXS-81,4124,16,22,2025-10-21 14:31:08.159489,349454.72,6299926.03
PI1643,101,PGPT-12,1295,0,5,2025-10-21 14:31:10.809481,340184.758,6291464.469
PI1643,101,PFVJ-23,2983,8,10,2025-10-21 14:31:10.809486,340184.758,6291464.469
PI1643,481,PFYR-92,2330,7,9,2025-10-21 14:31:10.809487,340184.758,6291464.469
PI1643,481,PGPT-52,6280,17,25,2025-10-21 14:31:10.809488,340184.758,6291464.469
PI1643,I26,PFYS-24,5947,14,20,2025-10-21 14:31:10.809489,340184.758,6291464.469
PI1643,I26,PGPT-34,11230,25,60,2025-10-21 14:31:10.809490,340184.758,6291464.469
PI1643,I14,CJRW-66,987,0,5,2025-10-21 14:31:10.809491,340184.758,6291464.469
PH344,H06,FLXJ-29,173,0,3,2025-10-21 14:31:13.974716,344714.273,6292324.703
PH344,H06,FLXD-73,3013,9,13,2025-10-21 14:31:13.974720,344714.273,6292324.703
PH344,H13,CJRZ-72,2213,8,10,2025-10-21 14:31:13.974722,344714.273,6292324.703
PH344,H13,BJFS-77,5098,17,25,2025-10-21 14:31:13.974722,344714.273,6292324.703
PH344,H09,VGRG-24,749,0,3,2025-10-21 14:31:13.974723,344714.273,6292324.703
PH344,H09,VGRC-83,3583,12,16,2025-10-21 14:31:13.974724,344714.273,6292324.703
PH344,H24,VGRC-33,1986,6,8,2025-10-21 14:31:13.974725,344714.273,6292324.703
PH344,H24,VGRD-35,3856,12,16,2025-10-21 14:31:13.974726,344714.273,6292324.703
PH344,121,FLXF-52,486,0,3,2025-10-21 14:31:13.974727,344714.273,6292324.703
PH344,121,BJFX-37,3027,10,14,2025-10-21 14:31:13.974727,344714.273,6292324.703
PD247,517,VHZX-21,2496,9,11,2025-10-21 14:31:16.017132,355999.123,6297622.761
PD247,517,VHZW-11,8869,25,60,2025-10-21 14:31:16.017137,355999.123,6297622.761
PD247,227,VFPL-61,2380,7,9,2025-10-21 14:31:16.017138,355999.123,6297622.761
PD247,227,VFPS-47,4613,14,20,2025-10-21 14:31:16.017139,355999.123,6297622.761
PD247,225,SFWZ-80,1087,0,4,2025-10-21 14:31:16.017140,355999.123,6297622.761
PD247,225,LXWT-91,8851,25,60,2025-10-21 14:31:16.017141,355999.123,6297622.761
PD247,422,TBFW-45,124,0,3,2025-10-21 14:31:16.017142,355999.123,6297622.761
PD247,422,FLXW-44,1150,0,3,2025-10-21 14:31:16.017142,355999.123,6297622.761
PD247,D01,STKX-48,1969,6,8,2025-10-21 14:31:16.017143,355999.123,6297622.761
PD247,D01,SVDF-68,3467,11,15,2025-10-21 14:31:16.017144,355999.123,6297622.761
PD247,D02,STVX-63,783,0,4,2025-10-21 14:31:16.017145,355999.123,6297622.761
PD247,D02,STWW-40,4223,13,19,2025-10-21 14:31:16.017145,355999.123,6297622.761
PD247,D15,SVDD-75,317,0,3,2025-10-21 14:31:16.017146,355999.123,6297622.761
PD247,D15,SVDD-98,1952,4,6,2025-10-21 14:31:16.017147,355999.123,6297622.761
PD247,403,PFVG-85,2056,9,13,2025-10-21 14:31:16.017148,355999.123,6297622.761
PD247,403,PFVG-79,2855,13,17,2025-10-21 14:31:16.017148,355999.123,6297622.761
PG893,G23,SFWB-64,4170,16,22,2025-10-21 14:31:17.992847,347433.104,6282395.476
PG893,G05,SHXB-25,2306,15,21,2025-10-21 14:31:17.992853,347433.104,6282395.476
PG893,G05,SFPF-99,3364,25,60,2025-10-21 14:31:17.992853,347433.104,6282395.476
PG893,G35,SFPF-80,1604,0,5,2025-10-21 14:31:17.992854,347433.104,6282395.476
PG893,G35,SFPG-37,4662,16,22,2025-10-21 14:31:17.992855,347433.104,6282395.476
PG893,G13,SHXB-22,1348,5,7,2025-10-21 14:31:17.992856,347433.104,6282395.476
PG893,G13,SDSW-61,2915,10,14,2025-10-21 14:31:17.992857,347433.104,6282395.476
PH325,119,CJRX-60,415,0,3,2025-10-21 14:31:19.930326,343679.888,6291282.231
PH325,119,CJRX-50,2578,8,10,2025-10-21 14:31:19.930331,343679.888,6291282.231
PG1293,G09,SHCX-23,4113,13,19,2025-10-21 14:31:21.564829,345525.796,6282107.72
PG1293,G09,SHXB-13,6670,25,60,2025-10-21 14:31:21.564834,345525.796,6282107.72
PG1293,228,THTH-85,243,0,3,2025-10-21 14:31:21.564835,345525.796,6282107.72
PG1293,228,THTH-84,3714,11,15,2025-10-21 14:31:21.564836,345525.796,6282107.72
PG1293,G08,THTF-78,301,0,3,2025-10-21 14:31:21.564837,345525.796,6282107.72
PG1293,G08,THTD-36,3902,11,15,2025-10-21 14:31:21.564838,345525.796,6282107.72
PJ344,513,VJBB-80,587,0,3,2025-10-21 14:31:23.426490,343591.16,6299349.01
PJ344,513,VHZW-50,3408,12,16,2025-10-21 14:31:23.426495,343591.16,6299349.01
PJ344,517,VHZW-51,1539,5,7,2025-10-21 14:31:23.426496,343591.16,6299349.01
PJ344,517,VHZZ-30,4118,13,19,2025-10-21 14:31:23.426497,343591.16,6299349.01
PJ344,J02,VHXF-84,1653,7,9,2025-10-21 14:31:23.426498,343591.16,6299349.01
PJ344,J02,VHZX-50,3846,18,26,2025-10-21 14:31:23.426498,343591.16,6299349.01
PJ344,503,VGVG-53,1360,0,5,2025-10-21 14:31:23.426499,343591.16,6299349.01
PJ344,503,VGVF-73,1424,0,5,2025-10-21 14:31:23.426500,343591.16,6299349.01
PJ344,507,PFXC-12,1,0,3,2025-10-21 14:31:23.426501,343591.16,6299349.01
PJ344,507,PFXC-14,267,0,3,2025-10-21 14:31:23.426502,343591.16,6299349.01
PJ344,518,FLXG-46,2692,10,14,2025-10-21 14:31:23.426502,343591.16,6299349.01
PJ344,518,BJFD-44,4705,18,26,2025-10-21 14:31:23.426503,343591.16,6299349.01
PJ344,505,LXWR-85,382,0,3,2025-10-21 14:31:23.426504,343591.16,6299349.01
PJ344,505,VHZW-41,1830,7,9,2025-10-21 14:31:23.426505,343591.16,6299349.01
PE1507,D17,PGPV-76,5433,13,17,2025-10-21 14:31:25.348063,357726.973,6291019.485
PB1159,B11,SKDG-29,6661,25,60,2025-10-21 14:31:27.353863,344450.693,6305422.781
PB1159,230,GCBB-25,4716,17,25,2025-10-21 14:31:27.353869,344450.693,6305422.781
PB1159,230,GCBB-44,6544,25,60,2025-10-21 14:31:27.353870,344450.693,6305422.781
PB1727,B14,FLXT-46,4833,15,21,2025-10-21 14:31:30.965783,349148.153,6302856.285
PB1727,B14,HPFJ-99,5221,15,21,2025-10-21 14:31:30.965788,349148.153,6302856.285
PJ1020,J07E,VJBB-40,311,0,3,2025-10-21 14:31:32.574467,338631.41,6297913.666
PJ1020,J07E,VHZX-51,1247,0,3,2025-10-21 14:31:32.574472,338631.41,6297913.666
PJ1020,J20,BJFF-48,44,0,3,2025-10-21 14:31:32.574473,338631.41,6297913.666
PJ1020,J20,FLXV-56,1,0,3,2025-10-21 14:31:32.574474,338631.41,6297913.666
PJ1020,J07,VJJR-95,618,0,5,2025-10-21 14:31:32.574475,338631.41,6297913.666
PJ1020,J07,VHZY-71,1872,12,18,2025-10-21 14:31:32.574476,338631.41,6297913.666
PB1296,B15,SPCG-74,2984,11,15,2025-10-21 14:31:33.963665,348171.397,6301906.458
PB1296,B15,SKDH-79,5351,19,27,2025-10-21 14:31:33.963670,348171.397,6301906.458
PB1296,B17,SHXD-83,571,6,8,2025-10-21 14:31:33.963671,348171.397,6301906.458
PB1296,B17,STHF-49,3308,25,60,2025-10-21 14:31:33.963672,348171.397,6301906.458
PD948,D07,SVDC-87,2032,7,9,2025-10-21 14:31:37.785964,350134.873,6293775.941
PD948,D07,STRJ-57,4641,15,21,2025-10-21 14:31:37.785970,350134.873,6293775.941
PD948,D13,BJFV-33,1,0,3,2025-10-21 14:31:37.785971,350134.873,6293775.941
PD948,D13,FLXR-48,4258,14,20,2025-10-21 14:31:37.785972,350134.873,6293775.941
PB1035,B05,SKDJ-84,3376,8,10,2025-10-21 14:31:39.743631,344556.609,6306430.472
PB1035,B05,SPCG-97,6119,16,24,2025-10-21 14:31:39.743636,344556.609,6306430.472
PB1035,B41,GCBB-14,2831,6,8,2025-10-21 14:31:39.743637,344556.609,6306430.472
PB1035,B41,GCBC-16,3307,8,10,2025-10-21 14:31:39.743638,344556.609,6306430.472
PB1035,B08,SHCY-35,82,0,3,2025-10-21 14:31:39.743639,344556.609,6306430.472
PB1035,B08,SHCY-51,4658,11,15,2025-10-21 14:31:39.743640,344556.609,6306430.472
PB1035,B10,SHCY-37,3638,11,15,2025-10-21 14:31:39.743641,344556.609,6306430.472
PB1035,B10,SHCX-43,3941,12,16,2025-10-21 14:31:39.743642,344556.609,6306430.472
PB357,B12,SKDJ-18,3004,9,13,2025-10-21 14:31:42.786091,343856.552,6304856.65
PB357,272,VFHV-67,865,5,7,2025-10-21 14:31:42.786095,343856.552,6304856.65
PB357,272,VGCB-39,4761,25,60,2025-10-21 14:31:42.786096,343856.552,6304856.65
PB357,B01,SKHF-49,636,0,4,2025-10-21 14:31:42.786097,343856.552,6304856.65
PB357,B01,SKHF-91,2176,8,12,2025-10-21 14:31:42.786098,343856.552,6304856.65
PI137,108,PFYR-87,7706,17,25,2025-10-21 14:31:45.254011,340320.009,6291019.64
PI137,108,PFYS-94,12722,25,60,2025-10-21 14:31:45.254016,340320.009,6291019.64
PI137,113,FLXZ-58,994,0,3,2025-10-21 14:31:45.254017,340320.009,6291019.64
PI137,113,FLXW-74,5079,12,18,2025-10-21 14:31:45.254018,340320.009,6291019.64
PI137,I14,FLXF-27,820,6,8,2025-10-21 14:31:45.254019,340320.009,6291019.64
PI137,I14,FLXT-35,2531,20,28,2025-10-21 14:31:45.254019,340320.009,6291019.64
PI137,115,PFXB-74,3265,6,8,2025-10-21 14:31:45.254020,340320.009,6291019.64
PI137,115,TBFW-89,8976,25,60,2025-10-21 14:31:45.254021,340320.009,6291019.64
PI137,109,TBFT-79,931,0,4,2025-10-21 14:31:45.254022,340320.009,6291019.64
PI137,109,FLXC-45,8176,20,28,2025-10-21 14:31:45.254022,340320.009,6291019.64
PJ1651,J07E,VJBB-31,4315,5,7,2025-10-21 14:31:49.132387,333006.094,6306643.245
PJ1651,J07E,VJBB-11,18085,25,60,2025-10-21 14:31:49.132392,333006.094,6306643.245
PG1701,207,SRTH-10,1155,0,4,2025-10-21 14:31:53.276074,348983.523,6278254.749
PG1701,207,SRTK-28,7750,16,24,2025-10-21 14:31:53.276079,348983.523,6278254.749
PD1179,D14,PFYC-71,2543,8,10,2025-10-21 14:31:55.188473,350813.311,6294135.614
PD1004,D08,SVDF-59,3386,8,12,2025-10-21 14:31:57.110781,357179.192,6299100.829
PD1004,D08,STKS-99,5961,14,20,2025-10-21 14:31:57.110787,357179.192,6299100.829
PB161,116,FLXJ-64,179,0,3,2025-10-21 14:31:59.119095,346913.127,6299951.733
PB161,116,LCPW-37,2733,11,15,2025-10-21 14:31:59.119100,346913.127,6299951.733
PB161,203,SXKV-98,1,0,3,2025-10-21 14:31:59.119101,346913.127,6299951.733
PB161,203,SRTK-32,2062,12,16,2025-10-21 14:31:59.119102,346913.127,6299951.733
PB161,208,SRTH-20,587,0,3,2025-10-21 14:31:59.119103,346913.127,6299951.733
PB161,208,LZPT-50,1031,6,8,2025-10-21 14:31:59.119104,346913.127,6299951.733
PB161,B03,LXDH-85,1,0,3,2025-10-21 14:31:59.119105,346913.127,6299951.733
PB161,B03,SPZX-39,470,0,5,2025-10-21 14:31:59.119106,346913.127,6299951.733
PD166,126,FLXT-41,1007,0,4,2025-10-21 14:32:00.992663,350406.37,6297510.12
PD166,126,FLXT-39,2529,8,10,2025-10-21 14:32:00.992668,350406.37,6297510.12
PD166,106,PGPT-37,4554,16,22,2025-10-21 14:32:00.992669,350406.37,6297510.12
PD166,106,PFYR-89,5521,18,26,2025-10-21 14:32:00.992670,350406.37,6297510.12
PI1235,345,FLXF-98,934,0,4,2025-10-21 14:32:02.404622,344484.409,6293521.229
PI1235,345,FLXD-67,6436,21,29,2025-10-21 14:32:02.404627,344484.409,6293521.229
PG469,E05,FLXH-17,866,0,4,2025-10-21 14:32:04.337281,346341.472,6288140.862
PG469,G18,SHXB-21,29,0,3,2025-10-21 14:32:04.337286,346341.472,6288140.862
PG469,G18,SHXG-67,3096,16,22,2025-10-21 14:32:04.337287,346341.472,6288140.862
PF802,F29,SPVW-78,725,0,3,2025-10-21 14:32:06.236949,352737.837,6279765.965
PF802,F29,SPVW-92,4079,12,16,2025-10-21 14:32:06.236954,352737.837,6279765.965
PF802,F25,LBTS-91,2156,6,8,2025-10-21 14:32:06.236956,352737.837,6279765.965
PD287,D09,STWB-27,2044,6,8,2025-10-21 14:32:10.098694,354478.931,6296469.473
PD287,D09,SVDD-68,2579,8,10,2025-10-21 14:32:10.098699,354478.931,6296469.473
PD287,513,VHZY-41,1020,0,4,2025-10-21 14:32:10.098700,354478.931,6296469.473
PD287,513,VHZW-91,1378,4,6,2025-10-21 14:32:10.098701,354478.931,6296469.473
PD287,225,SFWB-76,3665,8,10,2025-10-21 14:32:10.098702,354478.931,6296469.473
PD287,225,SFWB-48,7945,17,23,2025-10-21 14:32:10.098703,354478.931,6296469.473
PJ2008,J07E,VJBB-31,7963,11,15,2025-10-21 14:32:11.504249,336168.015,6304524.974
PJ2008,J07E,VJBB-11,21707,25,60,2025-10-21 14:32:11.504254,336168.015,6304524.974
PJ2008,B09,SHCY-40,3062,11,15,2025-10-21 14:32:11.504255,336168.015,6304524.974
PB1641,B28,SKHF-87,2346,6,8,2025-10-21 14:32:12.878103,341759.893,6302737.941
PB490,B18,TXZH-26,2091,6,8,2025-10-21 14:32:14.612756,339696.866,6305978.927
PG1665,212,LZPS-19,2561,5,7,2025-10-21 14:32:16.577706,348767.121,6283695.713
PG1665,233,SDSW-48,3260,8,12,2025-10-21 14:32:16.577712,348767.121,6283695.713
PH139,203,SFWZ-65,817,0,3,2025-10-21 14:32:18.458177,347457.355,6294224.765
PH139,203,LZPT-62,1068,0,5,2025-10-21 14:32:18.458182,347457.355,6294224.765
PH139,206,LZPG-18,1574,6,8,2025-10-21 14:32:18.458183,347457.355,6294224.765
PH139,206,SGCR-39,3249,12,18,2025-10-21 14:32:18.458184,347457.355,6294224.765
PC462,518,GCBC-75,458,0,3,2025-10-21 14:32:19.985697,348732.575,6298702.668
PC462,518,GCBD-76,936,0,5,2025-10-21 14:32:19.985701,348732.575,6298702.668
PC462,504,PFXC-10,201,0,3,2025-10-21 14:32:19.985703,348732.575,6298702.668
PC462,504,TBFP-68,2924,12,16,2025-10-21 14:32:19.985704,348732.575,6298702.668
PD542,511,PFXC-69,13,0,3,2025-10-21 14:32:22.234999,357985.786,6294573.261
PD542,511,TBFT-99,9175,25,60,2025-10-21 14:32:22.235004,357985.786,6294573.261
PD542,519,GCBD-79,782,4,6,2025-10-21 14:32:22.235005,357985.786,6294573.261
PD542,519,RKXL-29,2038,9,13,2025-10-21 14:32:22.235006,357985.786,6294573.261
PD542,D08,SVDF-13,1819,8,10,2025-10-21 14:32:22.235007,357985.786,6294573.261
PD542,D08,SPBF-24,3471,13,17,2025-10-21 14:32:22.235007,357985.786,6294573.261
PD542,D09,SVDD-49,773,0,3,2025-10-21 14:32:22.235008,357985.786,6294573.261
PD542,D09,SVDC-72,1142,0,4,2025-10-21 14:32:22.235009,357985.786,6294573.261
PD542,D20,SVDF-47,1118,0,4,2025-10-21 14:32:22.235010,357985.786,6294573.261
PD542,D20,SVDD-43,2008,6,8,2025-10-21 14:32:22.235011,357985.786,6294573.261
PD542,506,TBFX-80,7061,25,60,2025-10-21 14:32:22.235012,357985.786,6294573.261
PD542,506,TBFV-89,8035,25,60,2025-10-21 14:32:22.235012,357985.786,6294573.261
PD542,506V,FLXW-49,246,0,3,2025-10-21 14:32:22.235013,357985.786,6294573.261
PD542,506V,TBFR-12,642,0,3,2025-10-21 14:32:22.235014,357985.786,6294573.261
PD542,507,PFXC-77,5489,15,21,2025-10-21 14:32:22.235015,357985.786,6294573.261
PD542,507,FLXV-57,6576,18,26,2025-10-21 14:32:22.235016,357985.786,6294573.261
PA654,214,GCBB-82,476,0,3,2025-10-21 14:32:23.895022,346904.85,6297987.85
PA654,214,FLXZ-97,731,0,4,2025-10-21 14:32:23.895027,346904.85,6297987.85
PA654,207,LZPT-65,584,0,3,2025-10-21 14:32:23.895028,346904.85,6297987.85
PB1195,B12,SKDJ-93,3008,5,7,2025-10-21 14:32:25.803776,342275.807,6309581.197
PB1195,B12,SKDJ-18,8485,25,60,2025-10-21 14:32:25.803790,342275.807,6309581.197
PB1195,B42,FLXT-26,793,0,3,2025-10-21 14:32:25.803791,342275.807,6309581.197
PB1195,B33,SHCX-27,2145,9,11,2025-10-21 14:32:25.803792,342275.807,6309581.197
PI260,404,PFYC-16,1,0,3,2025-10-21 14:32:27.816428,337358.39,6295250.966
PI260,404,PFYC-13,726,0,3,2025-10-21 14:32:27.816433,337358.39,6295250.966
PI260,111,FLXW-72,2929,25,60,2025-10-21 14:32:27.816434,337358.39,6295250.966
PI260,111,FLXW-92,3065,25,60,2025-10-21 14:32:27.816434,337358.39,6295250.966
PI260,I02,FLXY-94,2649,6,8,2025-10-21 14:32:27.816435,337358.39,6295250.966
PI260,I20,FLXL-83,2824,9,13,2025-10-21 14:32:27.816436,337358.39,6295250.966
PI260,I20,FLXF-99,5700,16,22,2025-10-21 14:32:27.816437,337358.39,6295250.966
PJ2007,J07,VHZY-81,6003,14,20,2025-10-21 14:32:29.723691,336084.968,6304621.067
PJ2007,J07,VJBB-30,8575,20,28,2025-10-21 14:32:29.723696,336084.968,6304621.067
PJ2007,B09,SHCY-49,7322,25,60,2025-10-21 14:32:29.723697,336084.968,6304621.067
PJ2007,B09,SHCY-34,11497,25,60,2025-10-21 14:32:29.723698,336084.968,6304621.067
PH197,205,LZRD-61,1248,0,3,2025-10-21 14:32:31.736597,347861.26,6291043.65
PH197,205,LZRD-98,6193,15,21,2025-10-21 14:32:31.736602,347861.26,6291043.65
PH197,227,VFPD-61,909,0,3,2025-10-21 14:32:31.736603,347861.26,6291043.65
PH197,227,VFPG-58,6074,13,19,2025-10-21 14:32:31.736604,347861.26,6291043.65
PH197,207,LZPR-80,1671,0,4,2025-10-21 14:32:31.736604,347861.26,6291043.65
PH197,207,SDGY-33,2393,4,6,2025-10-21 14:32:31.736605,347861.26,6291043.65
PH197,209,SDGY-27,416,0,3,2025-10-21 14:32:31.736606,347861.26,6291043.65
PH197,209,SDGY-35,3664,9,13,2025-10-21 14:32:31.736607,347861.26,6291043.65
PB1226,B12,SKDJ-11,65,0,3,2025-10-21 14:32:35.616564,343836.836,6304861.766
PB1226,B12,SKDF-99,8694,25,60,2025-10-21 14:32:35.616569,343836.836,6304861.766
PI403,421,PFTV-91,79,0,3,2025-10-21 14:32:37.669205,343782.197,6297417.89
PI403,421,PDYR-89,4379,17,25,2025-10-21 14:32:37.669209,343782.197,6297417.89
PI403,423,PFVG-48,1696,5,7,2025-10-21 14:32:37.669211,343782.197,6297417.89
PI403,423,PGPS-97,4442,15,21,2025-10-21 14:32:37.669211,343782.197,6297417.89
PI403,106,PGPT-44,1553,4,6,2025-10-21 14:32:37.669212,343782.197,6297417.89
PI403,106,PFVC-58,4408,15,21,2025-10-21 14:32:37.669213,343782.197,6297417.89
PI403,401,PDZH-97,1854,8,10,2025-10-21 14:32:37.669214,343782.197,6297417.89
PI403,401,PFYH-10,2335,10,14,2025-10-21 14:32:37.669215,343782.197,6297417.89
PI403,405,PFTV-86,700,0,4,2025-10-21 14:32:37.669216,343782.197,6297417.89
PI403,405,PFVK-62,1735,7,9,2025-10-21 14:32:37.669216,343782.197,6297417.89
PD1041,D09,SVDD-68,1,0,3,2025-10-21 14:32:39.622417,352897.796,6297369.644
PD1041,D09,SPBS-49,2810,12,16,2025-10-21 14:32:39.622422,352897.796,6297369.644
PG1662,205,LZRD-98,392,0,4,2025-10-21 14:32:41.723017,348645.931,6285432.434
PG1662,205,LZRD-80,4341,12,16,2025-10-21 14:32:41.723022,348645.931,6285432.434
PG1662,207,SFWZ-52,3078,8,10,2025-10-21 14:32:41.723024,348645.931,6285432.434
PG1662,207,LZPS-25,6399,16,22,2025-10-21 14:32:41.723025,348645.931,6285432.434
PG1662,209,LZPT-70,2338,6,8,2025-10-21 14:32:41.723026,348645.931,6285432.434
PG1662,209,SVPX-56,6875,19,27,2025-10-21 14:32:41.723026,348645.931,6285432.434
PC222,542,TBFV-97,3749,15,21,2025-10-21 14:32:43.713148,354202.707,6304538.645
PC222,542,TBFT-56,3784,15,21,2025-10-21 14:32:43.713153,354202.707,6304538.645
PC222,435,SLPC-32,1657,6,8,2025-10-21 14:32:43.713154,354202.707,6304538.645
PC222,435,SLLZ-39,15360,25,60,2025-10-21 14:32:43.713154,354202.707,6304538.645
PC222,405,PFYG-86,809,0,3,2025-10-21 14:32:43.713155,354202.707,6304538.645
PC222,405,PDZH-82,2269,7,9,2025-10-21 14:32:43.713156,354202.707,6304538.645
PC222,502,GCBC-49,3824,14,20,2025-10-21 14:32:43.713157,354202.707,6304538.645
PC222,502,BJFB-27,8069,25,60,2025-10-21 14:32:43.713158,354202.707,6304538.645
PH546,H05,VGBV-41,3782,15,21,2025-10-21 14:32:45.624820,348596.771,6292033.642
PH546,H05,VFPS-65,6975,25,60,2025-10-21 14:32:45.624825,348596.771,6292033.642
PH619,H05,VFPS-65,330,0,3,2025-10-21 14:32:47.555116,344860.178,6291584.882
PH619,H05,VFPF-51,4515,15,21,2025-10-21 14:32:47.555120,344860.178,6291584.882
PI1552,I02,FLXY-86,311,0,3,2025-10-21 14:32:49.396550,335881.026,6293600.738
PI1552,I02,FLXY-94,5719,21,29,2025-10-21 14:32:49.396554,335881.026,6293600.738
PI1552,I08,FLXX-62,470,0,3,2025-10-21 14:32:49.396555,335881.026,6293600.738
PI1552,I08,FLXW-90,1274,0,4,2025-10-21 14:32:49.396556,335881.026,6293600.738
PC1232,C09,SKPJ-52,5447,16,24,2025-10-21 14:32:50.978569,360372.87,6304782.82
PC1232,C09,SGPY-73,6644,19,27,2025-10-21 14:32:50.978575,360372.87,6304782.82
PF844,F29,SPVV-29,1057,0,5,2025-10-21 14:32:52.527511,352234.155,6280505.693
PF844,F29,FLXT-49,3951,12,18,2025-10-21 14:32:52.527515,352234.155,6280505.693
PF844,204,VFPZ-55,3636,9,13,2025-10-21 14:32:52.527516,352234.155,6280505.693
PF844,204,VFPS-78,8105,21,29,2025-10-21 14:32:52.527517,352234.155,6280505.693
PF844,F02,SHCY-42,4631,13,19,2025-10-21 14:32:52.527518,352234.155,6280505.693
PF844,F02,SHXF-36,7479,25,60,2025-10-21 14:32:52.527519,352234.155,6280505.693
PB1110,230,GCBB-67,1,0,3,2025-10-21 14:32:53.953248,344520.682,6305961.618
PB1110,230,GCBB-65,2996,10,14,2025-10-21 14:32:53.953252,344520.682,6305961.618
PB1110,B10,STHK-10,504,0,4,2025-10-21 14:32:53.953253,344520.682,6305961.618
PI191,405,PFTF-87,1139,0,4,2025-10-21 14:32:56.018410,333864.643,6289769.208
PI191,405,PGBB-64,4266,14,20,2025-10-21 14:32:56.018415,333864.643,6289769.208
PI191,481,PGPT-17,5883,13,19,2025-10-21 14:32:56.018417,333864.643,6289769.208
PI191,481,PGPT-35,7773,17,25,2025-10-21 14:32:56.018418,333864.643,6289769.208
PI191,I26,PFVG-38,1455,0,5,2025-10-21 14:32:56.018419,333864.643,6289769.208
PI191,I26,PFVG-51,3486,11,15,2025-10-21 14:32:56.018420,333864.643,6289769.208
PG1137,G12,SHXB-12,253,0,3,2025-10-21 14:32:57.893657,344228.356,6288606.697
PJ732,J04,GCBD-75,921,0,4,2025-10-21 14:32:59.794970,339100.467,6298392.444
PJ732,J04,TBFT-77,1325,6,8,2025-10-21 14:32:59.794975,339100.467,6298392.444
PE75,204,VFPW-33,2530,6,8,2025-10-21 14:33:01.760593,349366.999,6289074.438
PE75,204,VFPZ-27,6262,14,20,2025-10-21 14:33:01.760598,349366.999,6289074.438
PE75,E18,FLXF-55,1815,5,7,2025-10-21 14:33:01.760599,349366.999,6289074.438
PE75,E18,BJFZ-99,5528,17,25,2025-10-21 14:33:01.760600,349366.999,6289074.438
PE75,E03,BJFX-52,487,0,3,2025-10-21 14:33:01.760601,349366.999,6289074.438
PE75,E03,BJFT-66,3673,11,15,2025-10-21 14:33:01.760602,349366.999,6289074.438
PC679,C13,SHXF-95,1907,8,10,2025-10-21 14:33:03.733804,356618.217,6302227.832
PC679,C16,LFGP-23,1940,12,16,2025-10-21 14:33:03.733808,356618.217,6302227.832
PC679,C16,SGPY-65,2006,12,16,2025-10-21 14:33:03.733809,356618.217,6302227.832
PC679,225,SFWZ-38,2312,8,10,2025-10-21 14:33:03.733810,356618.217,6302227.832
PC679,225,SFWZ-61,2422,8,10,2025-10-21 14:33:03.733811,356618.217,6302227.832
PG1919,G09,SDSW-73,206,0,3,2025-10-21 14:33:05.615094,344593.01,6280883.51
PG1919,G09,SHCX-23,5928,16,24,2025-10-21 14:33:05.615099,344593.01,6280883.51
PF316,F05,SPZX-98,4945,15,21,2025-10-21 14:33:07.505735,351125.218,6283808.652
PF316,F05,SPZY-69,5085,15,21,2025-10-21 14:33:07.505740,351125.218,6283808.652
