bus_stop_code,route_id,bus_id,meters_distance,min_arrival_time,max_arrival_time,date,X,Y
PC234,405,PDZT-12,6564,20,28,2025-10-27 14:00:04.142361,357173.44,6305224.55
PC234,405,PFVL-14,8052,25,60,2025-10-27 14:00:04.142368,357173.44,6305224.55
PC234,502,BJFD-51,7294,25,60,2025-10-27 14:00:04.142371,357173.44,6305224.55
PC234,502,BJFB-33,13488,25,60,2025-10-27 14:00:04.142372,357173.44,6305224.55
PC234,542,TBFW-18,147,0,3,2025-10-27 14:00:04.142374,357173.44,6305224.55
PC234,542,TBFW-15,7219,18,26,2025-10-27 14:00:04.142375,357173.44,6305224.55
PG1100,G11,THTD-65,4136,12,18,2025-10-27 14:00:05.767654,347371.691,6288400.811
PG1100,G11,THTG-72,9960,25,60,2025-10-27 14:00:05.767660,347371.691,6288400.811
PI412,106,PFVG-41,548,0,3,2025-10-27 14:00:09.034129,338842.191,6295297.598
PI412,106,PFYR-70,5489,13,19,2025-10-27 14:00:09.034134,338842.191,6295297.598
PI412,401,PFVK-99,121,0,3,2025-10-27 14:00:09.034136,338842.191,6295297.598
PI412,401,PFBD-52,643,0,3,2025-10-27 14:00:09.034137,338842.191,6295297.598
PI412,405,PFYG-89,2967,6,8,2025-10-27 14:00:09.034138,338842.191,6295297.598
PI412,405,PFBG-33,4649,11,15,2025-10-27 14:00:09.034139,338842.191,6295297.598
PI412,419,PFTF-82,4683,11,15,2025-10-27 14:00:09.034140,338842.191,6295297.598
PI412,419,PFBG-34,7450,18,26,2025-10-27 14:00:09.034141,338842.191,6295297.598
PI412,421,PGBB-62,4542,9,13,2025-10-27 14:00:09.034142,338842.191,6295297.598
PI412,421,PFVL-10,5783,13,19,2025-10-27 14:00:09.034143,338842.191,6295297.598
PI412,I09,FLXZ-32,643,0,3,2025-10-27 14:00:09.034144,338842.191,6295297.598
PI412,I09,FLXY-95,2866,5,7,2025-10-27 14:00:09.034145,338842.191,6295297.598
PI412,404,PFYC-37,1388,0,3,2025-10-27 14:00:09.034146,338842.191,6295297.598
PI412,404,PFYC-85,11606,25,60,2025-10-27 14:00:09.034147,338842.191,6295297.598
PI412,I08,FLXY-48,789,0,3,2025-10-27 14:00:09.034148,338842.191,6295297.598
PI412,I08,FLXW-93,1648,0,4,2025-10-27 14:00:09.034149,338842.191,6295297.598
PI412,423,PFYS-25,602,0,3,2025-10-27 14:00:09.034150,338842.191,6295297.598
PI412,423,PFYR-60,2879,5,7,2025-10-27 14:00:09.034151,338842.191,6295297.598
PH124,223,SDSW-69,2356,8,10,2025-10-27 14:00:12.094847,346097.86,6290767.83
PH124,223,SFGY-22,4350,17,23,2025-10-27 14:00:12.094852,346097.86,6290767.83
PH124,201,GCBC-18,1769,7,9,2025-10-27 14:00:12.094853,346097.86,6290767.83
PH124,201,GCBB-85,3652,13,17,2025-10-27 14:00:12.094854,346097.86,6290767.83
PH124,226,VGBW-39,2280,6,8,2025-10-27 14:00:12.094854,346097.86,6290767.83
PH124,226,VFPG-91,3432,9,13,2025-10-27 14:00:12.094855,346097.86,6290767.83
PH124,271,TBYY-57,3560,10,14,2025-10-27 14:00:12.094856,346097.86,6290767.83
PH124,271,SVPW-61,9542,25,60,2025-10-27 14:00:12.094857,346097.86,6290767.83
PH124,229X,TBYY-75,4552,11,15,2025-10-27 14:00:12.094858,346097.86,6290767.83
PH124,229X,TBYY-66,4822,12,16,2025-10-27 14:00:12.094859,346097.86,6290767.83
PH124,301,BJFZ-67,1601,5,7,2025-10-27 14:00:12.094859,346097.86,6290767.83
PH124,301,FLXK-47,1727,5,7,2025-10-27 14:00:12.094860,346097.86,6290767.83
PG177,207,SDGY-29,576,0,3,2025-10-27 14:00:14.084386,348979.322,6281455.164
PG177,207,SDGY-22,3063,5,7,2025-10-27 14:00:14.084392,348979.322,6281455.164
PG177,209,VJKP-52,3871,8,10,2025-10-27 14:00:14.084394,348979.322,6281455.164
PG177,209,VJYW-75,7377,16,24,2025-10-27 14:00:14.084395,348979.322,6281455.164
PC897,C11,SGPY-84,806,0,4,2025-10-27 14:00:15.995954,355321.107,6304558.592
PC897,C11,LDTB-38,1199,0,5,2025-10-27 14:00:15.995959,355321.107,6304558.592
PA345,421,PGBB-65,5859,21,29,2025-10-27 14:00:18.325394,346664.27,6298338.37
PA345,421,PFVK-67,7156,25,60,2025-10-27 14:00:18.325399,346664.27,6298338.37
PA345,481,PGPT-58,664,0,3,2025-10-27 14:00:18.325400,346664.27,6298338.37
PA345,125,CJRW-49,274,0,3,2025-10-27 14:00:18.325401,346664.27,6298338.37
PA345,392,FLXZ-91,255,0,3,2025-10-27 14:00:18.325402,346664.27,6298338.37
PA345,404,PFYC-85,2973,16,22,2025-10-27 14:00:18.325403,346664.27,6298338.37
PA345,404,LXWP-58,3240,17,25,2025-10-27 14:00:18.325404,346664.27,6298338.37
PA345,401,PDZS-76,1324,0,5,2025-10-27 14:00:18.325405,346664.27,6298338.37
PA345,401,PDZH-84,10220,25,60,2025-10-27 14:00:18.325406,346664.27,6298338.37
PA345,405,PFVK-65,3540,13,19,2025-10-27 14:00:18.325407,346664.27,6298338.37
PA345,405,PDYS-14,4971,20,28,2025-10-27 14:00:18.325408,346664.27,6298338.37
PA345,419,PFTV-88,1854,6,8,2025-10-27 14:00:18.325409,346664.27,6298338.37
PA345,106,PGPT-25,1811,5,7,2025-10-27 14:00:18.325409,346664.27,6298338.37
PA345,106,PGPT-29,2927,9,11,2025-10-27 14:00:18.325411,346664.27,6298338.37
PB2090,B13,STHB-36,7424,25,60,2025-10-27 14:00:20.227263,337366.0,6311686.0
PB2090,B13,STHK-12,9600,25,60,2025-10-27 14:00:20.227268,337366.0,6311686.0
PB2090,B42,FLXT-19,3022,6,8,2025-10-27 14:00:20.227269,337366.0,6311686.0
PB2090,B42,FLXT-25,5606,13,17,2025-10-27 14:00:20.227270,337366.0,6311686.0
PI19,101,PFYR-67,5228,14,20,2025-10-27 14:00:22.228975,340545.195,6292127.879
PI19,101,PGPT-50,6406,17,25,2025-10-27 14:00:22.228980,340545.195,6292127.879
PI19,481,PFVD-63,6629,20,28,2025-10-27 14:00:22.228982,340545.195,6292127.879
PI19,481,PFYR-62,9289,25,60,2025-10-27 14:00:22.228983,340545.195,6292127.879
PI19,I04,FLXZ-67,4263,11,15,2025-10-27 14:00:22.228985,340545.195,6292127.879
PI19,I04,FLXY-36,6058,16,22,2025-10-27 14:00:22.228986,340545.195,6292127.879
PI19,392,FLXY-54,2793,25,60,2025-10-27 14:00:22.228987,340545.195,6292127.879
PI19,392,FLXY-37,4674,25,60,2025-10-27 14:00:22.228988,340545.195,6292127.879
PC177,407,TBFX-79,1418,0,4,2025-10-27 14:00:24.665572,354497.759,6302383.511
PC177,407,TBFW-43,3332,10,14,2025-10-27 14:00:24.665576,354497.759,6302383.511
PC177,C01,LDJJ-85,411,0,3,2025-10-27 14:00:24.665577,354497.759,6302383.511
PC177,C01,LDJJ-84,3977,11,15,2025-10-27 14:00:24.665578,354497.759,6302383.511
PC177,C19,SKPJ-80,481,0,3,2025-10-27 14:00:24.665579,354497.759,6302383.511
PC177,C19,SGPW-39,4447,12,16,2025-10-27 14:00:24.665579,354497.759,6302383.511
PC177,430,PGBY-91,2768,8,12,2025-10-27 14:00:24.665580,354497.759,6302383.511
PC177,430,SKPJ-54,4530,15,21,2025-10-27 14:00:24.665581,354497.759,6302383.511
PC177,406,GCBC-52,1079,0,3,2025-10-27 14:00:24.665582,354497.759,6302383.511
PC177,406,TBFW-16,2387,5,7,2025-10-27 14:00:24.665583,354497.759,6302383.511
PC177,421,PDZH-75,2495,11,15,2025-10-27 14:00:24.665583,354497.759,6302383.511
PC177,421,PFYG-83,4875,16,22,2025-10-27 14:00:24.665584,354497.759,6302383.511
PC177,426,FLXK-82,245,0,3,2025-10-27 14:00:24.665585,354497.759,6302383.511
PC177,426,FLXC-46,3112,8,10,2025-10-27 14:00:24.665586,354497.759,6302383.511
PC177,C02,LCPW-41,376,0,3,2025-10-27 14:00:24.665587,354497.759,6302383.511
PC177,C02,LCPW-47,1203,0,4,2025-10-27 14:00:24.665587,354497.759,6302383.511
PC177,C28,SKPJ-84,3108,10,14,2025-10-27 14:00:24.665588,354497.759,6302383.511
PC177,C28,SKPJ-85,4694,15,21,2025-10-27 14:00:24.665589,354497.759,6302383.511
PC177,C01C,PGTV-35,542,0,3,2025-10-27 14:00:24.665590,354497.759,6302383.511
PC177,C01C,PGRZ-77,2296,5,7,2025-10-27 14:00:24.665599,354497.759,6302383.511
PC177,401,PDZH-84,1058,0,3,2025-10-27 14:00:24.665600,354497.759,6302383.511
PC177,401,PDYH-31,3369,9,13,2025-10-27 14:00:24.665601,354497.759,6302383.511
PJ454,109,CJRY-77,952,0,4,2025-10-27 14:00:26.630559,342656.517,6299353.651
PJ454,109,FLXV-67,3887,13,17,2025-10-27 14:00:26.630565,342656.517,6299353.651
PJ454,105,SHXF-28,1237,4,6,2025-10-27 14:00:26.630566,342656.517,6299353.651
PJ454,105,SJPC-41,9467,25,60,2025-10-27 14:00:26.630567,342656.517,6299353.651
PJ454,120,SJTD-66,4757,16,22,2025-10-27 14:00:26.630568,342656.517,6299353.651
PJ454,505,VHXK-53,1489,6,8,2025-10-27 14:00:26.630569,342656.517,6299353.651
PJ454,505,VJJV-48,1552,6,8,2025-10-27 14:00:26.630569,342656.517,6299353.651
PJ454,513,VHZY-41,1198,5,7,2025-10-27 14:00:26.630570,342656.517,6299353.651
PJ454,513,VJBC-11,2424,11,15,2025-10-27 14:00:26.630571,342656.517,6299353.651
PJ454,508,CJRW-69,339,0,3,2025-10-27 14:00:26.630572,342656.517,6299353.651
PJ454,508,GCBC-46,2694,8,10,2025-10-27 14:00:26.630572,342656.517,6299353.651
PJ152,402,SHXF-29,5992,18,26,2025-10-27 14:00:28.237206,338618.185,6298082.811
PJ152,402,SJPB-21,6819,21,29,2025-10-27 14:00:28.237211,338618.185,6298082.811
PJ152,511,GCBC-91,660,0,3,2025-10-27 14:00:28.237213,338618.185,6298082.811
PJ152,511,GCBD-39,7523,25,60,2025-10-27 14:00:28.237214,338618.185,6298082.811
PJ152,406,TBFW-54,6373,18,26,2025-10-27 14:00:28.237215,338618.185,6298082.811
PJ152,406,GCBF-13,6536,19,27,2025-10-27 14:00:28.237216,338618.185,6298082.811
PJ152,407,TBFR-58,995,0,3,2025-10-27 14:00:28.237219,338618.185,6298082.811
PJ152,407,GCBD-61,4211,12,16,2025-10-27 14:00:28.237220,338618.185,6298082.811
PJ152,422,PFXC-53,6223,19,27,2025-10-27 14:00:28.237221,338618.185,6298082.811
PJ152,422,PFXC-64,9068,25,60,2025-10-27 14:00:28.237222,338618.185,6298082.811
PJ152,426,BJFJ-21,1223,0,5,2025-10-27 14:00:28.237223,338618.185,6298082.811
PJ152,426,BJFF-49,1786,5,7,2025-10-27 14:00:28.237224,338618.185,6298082.811
PG293,G18,SFPF-76,2555,11,15,2025-10-27 14:00:33.600699,346256.396,6287134.054
PG293,G18,SFGY-11,5189,20,28,2025-10-27 14:00:33.600705,346256.396,6287134.054
PG293,228,THTD-60,9,0,3,2025-10-27 14:00:33.600706,346256.396,6287134.054
PG293,E18,BJFV-82,89,0,3,2025-10-27 14:00:33.600708,346256.396,6287134.054
PC555,C06,LWTK-52,3644,12,18,2025-10-27 14:00:34.998667,352818.349,6300552.868
PC555,C06,LWTK-65,5190,16,24,2025-10-27 14:00:34.998673,352818.349,6300552.868
PC555,517,VHZX-60,1918,8,10,2025-10-27 14:00:34.998674,352818.349,6300552.868
PC555,517,VHZX-41,4501,16,22,2025-10-27 14:00:34.998675,352818.349,6300552.868
PC555,503,VGTY-32,2941,12,16,2025-10-27 14:00:34.998676,352818.349,6300552.868
PC555,503,VGTZ-99,4099,15,21,2025-10-27 14:00:34.998677,352818.349,6300552.868
PD373,D07,SVDC-42,1,0,3,2025-10-27 14:00:37.026750,355220.724,6294160.95
PD373,D07,SVDF-74,5875,25,60,2025-10-27 14:00:37.026755,355220.724,6294160.95
PD373,D10,SVDC-39,186,0,3,2025-10-27 14:00:37.026756,355220.724,6294160.95
PD373,D10,STVY-74,7046,25,60,2025-10-27 14:00:37.026757,355220.724,6294160.95
PD373,418,SKPK-32,3620,25,60,2025-10-27 14:00:37.026758,355220.724,6294160.95
PD373,418,SKPK-34,8265,25,60,2025-10-27 14:00:37.026759,355220.724,6294160.95
PD373,429,SLPB-71,2321,25,60,2025-10-27 14:00:37.026760,355220.724,6294160.95
PD373,429,SLPB-84,8254,25,60,2025-10-27 14:00:37.026761,355220.724,6294160.95
PD373,D05,SPBL-89,2167,5,7,2025-10-27 14:00:37.026762,355220.724,6294160.95
PD373,D05,PGTT-89,4071,10,14,2025-10-27 14:00:37.026763,355220.724,6294160.95
PG1780,G09,SHCV-45,2997,12,16,2025-10-27 14:00:39.293120,341244.43,6282881.96
PG1780,G09,SHCV-49,3417,13,19,2025-10-27 14:00:39.293125,341244.43,6282881.96
PB1368,C18,SJPC-33,472,0,3,2025-10-27 14:00:43.027019,347920.614,6306650.788
PB1368,C18,SHXF-21,1740,5,7,2025-10-27 14:00:43.027028,347920.614,6306650.788
PJ371,503,VGVB-79,66,0,3,2025-10-27 14:00:44.967337,336937.284,6297617.558
PJ371,503,LZPH-13,774,0,3,2025-10-27 14:00:44.967342,336937.284,6297617.558
PH1538,385,FLXL-74,2611,8,10,2025-10-27 14:00:46.899931,349054.127,6293391.219
PH1538,385,FLXL-84,2995,8,12,2025-10-27 14:00:46.899936,349054.127,6293391.219
PB137,B02,FLXR-88,58,0,3,2025-10-27 14:00:49.097070,348618.104,6305699.22
PB137,B02,FLXR-73,1285,6,8,2025-10-27 14:00:49.097076,348618.104,6305699.22
PB137,C18,SJPC-33,2205,7,9,2025-10-27 14:00:49.097077,348618.104,6305699.22
PB137,C18,SHXF-21,3457,11,15,2025-10-27 14:00:49.097078,348618.104,6305699.22
PB137,116,LCPW-37,138,0,3,2025-10-27 14:00:49.097079,348618.104,6305699.22
PB137,B05,SPCG-95,1517,5,7,2025-10-27 14:00:49.097080,348618.104,6305699.22
PB137,B05,SPCG-87,4115,12,16,2025-10-27 14:00:49.097081,348618.104,6305699.22
PB137,117,PLHK-83,435,0,3,2025-10-27 14:00:49.097082,348618.104,6305699.22
PB137,117,PGRZ-88,2744,8,12,2025-10-27 14:00:49.097083,348618.104,6305699.22
PI695,481,PFVG-61,2778,8,12,2025-10-27 14:00:51.058510,338814.831,6291517.66
PI695,481,PFVD-63,9968,25,60,2025-10-27 14:00:51.058515,338814.831,6291517.66
PI695,I18,VHTB-25,3011,12,16,2025-10-27 14:00:51.058516,338814.831,6291517.66
PI695,I18,VFZK-51,3528,12,18,2025-10-27 14:00:51.058517,338814.831,6291517.66
PI695,392,FLXX-67,1983,13,19,2025-10-27 14:00:51.058518,338814.831,6291517.66
PI695,392,FLXY-56,3015,25,60,2025-10-27 14:00:51.058518,338814.831,6291517.66
PI695,101,PFYS-39,2948,9,11,2025-10-27 14:00:51.058528,338814.831,6291517.66
PI695,101,PFYR-67,8521,25,60,2025-10-27 14:00:51.058528,338814.831,6291517.66
PA817,J10,VJBB-81,540,0,3,2025-10-27 14:00:53.298123,345000.31,6297962.05
PA817,J10,VJJX-68,4019,12,18,2025-10-27 14:00:53.298128,345000.31,6297962.05
PA817,119,CJRX-70,437,0,4,2025-10-27 14:00:53.298129,345000.31,6297962.05
PA817,119,FLXK-71,606,0,5,2025-10-27 14:00:53.298130,345000.31,6297962.05
PA817,121,BJFZ-65,1457,6,8,2025-10-27 14:00:53.298130,345000.31,6297962.05
PA817,121,CJRX-60,6483,25,60,2025-10-27 14:00:53.298131,345000.31,6297962.05
PA817,J03,CJRW-54,386,0,5,2025-10-27 14:00:53.298132,345000.31,6297962.05
PA817,J03,FLXH-81,4168,17,25,2025-10-27 14:00:53.298133,345000.31,6297962.05
PB1533,G08V,FLXV-24,78,0,3,2025-10-27 14:00:55.175723,343454.151,6282344.118
PB1533,G08V,FLXV-18,7189,18,26,2025-10-27 14:00:55.175729,343454.151,6282344.118
PI8,101,PFYR-67,1676,0,5,2025-10-27 14:00:57.265361,340137.646,6295059.917
PI8,101,PGPT-50,3000,9,11,2025-10-27 14:00:57.265366,340137.646,6295059.917
PI8,481,PFVD-63,3123,9,13,2025-10-27 14:00:57.265367,340137.646,6295059.917
PI8,481,PFYR-62,6003,17,25,2025-10-27 14:00:57.265368,340137.646,6295059.917
PI8,I03,FLXL-32,538,0,3,2025-10-27 14:00:57.265369,340137.646,6295059.917
PI8,I03,FLXL-33,7181,20,28,2025-10-27 14:00:57.265370,340137.646,6295059.917
PI8,I14,BJFZ-41,790,0,3,2025-10-27 14:00:57.265371,340137.646,6295059.917
PI8,I14,CJRW-25,1397,0,4,2025-10-27 14:00:57.265371,340137.646,6295059.917
PI8,385,FLXL-44,2722,8,12,2025-10-27 14:00:57.265372,340137.646,6295059.917
PI8,385,FLXL-68,11783,25,60,2025-10-27 14:00:57.265373,340137.646,6295059.917
PI8,392,FLXY-37,1072,0,5,2025-10-27 14:00:57.265374,340137.646,6295059.917
PI8,392,FLXW-89,6110,25,60,2025-10-27 14:00:57.265375,340137.646,6295059.917
PI8,509,CJRW-51,2227,5,7,2025-10-27 14:00:57.265376,340137.646,6295059.917
PI8,509,CJRX-34,4707,13,17,2025-10-27 14:00:57.265376,340137.646,6295059.917
PI8,I10,FLXJ-17,2574,9,11,2025-10-27 14:00:57.265377,340137.646,6295059.917
PI8,I10,FLXL-34,5625,19,27,2025-10-27 14:00:57.265378,340137.646,6295059.917
PI8,I13,FLXX-97,1187,0,4,2025-10-27 14:00:57.265379,340137.646,6295059.917
PI8,506,TBFR-16,1579,4,6,2025-10-27 14:00:57.265388,340137.646,6295059.917
PI8,506,FLXW-39,1888,5,7,2025-10-27 14:00:57.265389,340137.646,6295059.917
PI8,506V,GCBC-82,1647,4,6,2025-10-27 14:00:57.265389,340137.646,6295059.917
PI8,506V,FLXV-54,1681,4,6,2025-10-27 14:00:57.265390,340137.646,6295059.917
PE347,E02,VKJZ-79,1,0,3,2025-10-27 14:00:59.199974,352703.7,6286579.503
PJ566,J01,FLXD-49,6006,16,22,2025-10-27 14:01:01.109112,340188.64,6300180.312
PJ566,J01,FLXK-44,6514,17,25,2025-10-27 14:01:01.109117,340188.64,6300180.312
PJ566,J08,FLXT-98,497,0,4,2025-10-27 14:01:01.109118,340188.64,6300180.312
PJ566,J08,FLXT-99,1472,6,8,2025-10-27 14:01:01.109119,340188.64,6300180.312
PJ612,J01,FLXD-27,1515,0,5,2025-10-27 14:01:03.011412,340055.499,6299553.753
PJ612,J01,FLXD-52,1554,0,5,2025-10-27 14:01:03.011417,340055.499,6299553.753
PJ612,J08,FLXZ-88,1728,6,8,2025-10-27 14:01:03.011418,340055.499,6299553.753
PJ503,508,BJFH-69,112,0,3,2025-10-27 14:01:05.039557,342591.5,6299331.518
PJ503,508,GCBD-33,4127,15,21,2025-10-27 14:01:05.039562,342591.5,6299331.518
PJ503,J03,FLXG-38,3335,11,15,2025-10-27 14:01:05.039564,342591.5,6299331.518
PJ503,J03,CJRW-54,4111,15,21,2025-10-27 14:01:05.039565,342591.5,6299331.518
PD1215,505,VHXK-11,1,0,3,2025-10-27 14:01:07.230951,357671.211,6295869.358
PD1215,D15,SVDC-85,2309,17,25,2025-10-27 14:01:07.230956,357671.211,6295869.358
PD1215,D15,SVDF-66,4867,25,60,2025-10-27 14:01:07.230958,357671.211,6295869.358
PA490,D03,SVDC-61,1272,9,13,2025-10-27 14:01:09.085741,347232.85,6297264.144
PA490,D03,SVDC-36,2149,12,16,2025-10-27 14:01:09.085746,347232.85,6297264.144
PD1108,D11,SVDD-43,2159,6,8,2025-10-27 14:01:10.986305,355655.965,6296789.259
PD1108,D11,SVDD-60,5559,16,22,2025-10-27 14:01:10.986310,355655.965,6296789.259
PF974,F07,SPRY-98,629,0,3,2025-10-27 14:01:12.852324,355232.346,6281950.572
PF974,F07,SPRY-81,1101,0,5,2025-10-27 14:01:12.852329,355232.346,6281950.572
PF974,F05,SPZX-84,1211,0,5,2025-10-27 14:01:12.852331,355232.346,6281950.572
PF974,F05,SPZX-96,3238,11,15,2025-10-27 14:01:12.852332,355232.346,6281950.572
PF974,F20,TXZH-48,439,0,3,2025-10-27 14:01:12.852333,355232.346,6281950.572
PF974,F20,SPZX-48,3358,8,10,2025-10-27 14:01:12.852334,355232.346,6281950.572
PH282,302,BJFS-49,2492,7,9,2025-10-27 14:01:14.754875,346137.843,6294322.268
PH282,302,BJFT-51,3948,12,16,2025-10-27 14:01:14.754880,346137.843,6294322.268
PH274,302,BJFT-51,964,0,3,2025-10-27 14:01:16.653368,345092.697,6291548.836
PH274,302,BJFS-80,7043,17,25,2025-10-27 14:01:16.653373,345092.697,6291548.836
PI1536,423,PGPT-43,89,0,3,2025-10-27 14:01:18.165958,338127.74,6293177.01
PI1536,423,PGPT-55,3354,12,16,2025-10-27 14:01:18.165964,338127.74,6293177.01
PD596,325,VJWY-31,2456,9,13,2025-10-27 14:01:19.860061,352440.691,6294982.826
PD596,508,TBFX-14,2058,7,9,2025-10-27 14:01:19.860067,352440.691,6294982.826
PD596,508,FLXV-98,6878,25,60,2025-10-27 14:01:19.860068,352440.691,6294982.826
PD596,D05,PGTT-89,36,0,3,2025-10-27 14:01:19.860069,352440.691,6294982.826
PD596,D05,PGKD-19,2681,6,8,2025-10-27 14:01:19.860070,352440.691,6294982.826
PD596,D16,PGTV-19,3816,12,16,2025-10-27 14:01:19.860072,352440.691,6294982.826
PC180,401,PDZH-84,1858,6,8,2025-10-27 14:01:22.192531,353493.357,6302026.13
PC180,401,PDYH-31,4092,12,18,2025-10-27 14:01:22.192537,353493.357,6302026.13
PC180,C19,SKPJ-80,1015,5,7,2025-10-27 14:01:22.192538,353493.357,6302026.13
PC180,C19,SGPW-39,5183,17,23,2025-10-27 14:01:22.192539,353493.357,6302026.13
PC180,C01C,PFVG-73,535,0,3,2025-10-27 14:01:22.192540,353493.357,6302026.13
PC180,C01C,PGTV-35,1509,8,12,2025-10-27 14:01:22.192542,353493.357,6302026.13
PC180,430,PFZK-87,636,0,4,2025-10-27 14:01:22.192543,353493.357,6302026.13
PC180,430,SHXG-39,787,0,5,2025-10-27 14:01:22.192544,353493.357,6302026.13
PC180,C28,SKPP-25,207,0,3,2025-10-27 14:01:22.192545,353493.357,6302026.13
PC180,C28,SGPY-67,765,0,5,2025-10-27 14:01:22.192546,353493.357,6302026.13
PC180,421,PDZH-75,3359,16,24,2025-10-27 14:01:22.192548,353493.357,6302026.13
PC180,421,PFYG-83,5518,25,60,2025-10-27 14:01:22.192549,353493.357,6302026.13
PC180,406,TBFX-35,616,0,5,2025-10-27 14:01:22.192550,353493.357,6302026.13
PC180,406,PFXB-25,721,4,6,2025-10-27 14:01:22.192551,353493.357,6302026.13
PC180,407,TBFT-19,547,0,3,2025-10-27 14:01:22.192552,353493.357,6302026.13
PC180,407,TBFX-79,2271,11,15,2025-10-27 14:01:22.192553,353493.357,6302026.13
PC180,426,BJFC-72,417,0,3,2025-10-27 14:01:22.192554,353493.357,6302026.13
PC180,426,BJFH-61,503,0,3,2025-10-27 14:01:22.192571,353493.357,6302026.13
PC180,C01,LDJJ-76,8,0,3,2025-10-27 14:01:22.192572,353493.357,6302026.13
PC180,C01,LDJJ-85,1065,6,8,2025-10-27 14:01:22.192573,353493.357,6302026.13
PC180,C02,LCPW-41,1033,6,8,2025-10-27 14:01:22.192574,353493.357,6302026.13
PC180,C02,LCPW-47,2020,8,12,2025-10-27 14:01:22.192574,353493.357,6302026.13
PC180,C14,SKPP-21,1020,0,5,2025-10-27 14:01:22.192575,353493.357,6302026.13
PC180,C14,SKPL-27,2509,9,13,2025-10-27 14:01:22.192576,353493.357,6302026.13
PD857,D05,SPBL-89,810,0,4,2025-10-27 14:01:24.155309,354739.416,6294770.596
PD857,D05,PGTT-89,2608,9,11,2025-10-27 14:01:24.155314,354739.416,6294770.596
PD857,D07,SVDF-74,5162,18,26,2025-10-27 14:01:24.155315,354739.416,6294770.596
PD857,D07,SVDD-97,6379,25,60,2025-10-27 14:01:24.155316,354739.416,6294770.596
PD857,D10,STVY-74,6025,25,60,2025-10-27 14:01:24.155317,354739.416,6294770.596
PD857,D10,SVDF-75,6577,25,60,2025-10-27 14:01:24.155318,354739.416,6294770.596
PD857,429,SLLZ-38,709,12,16,2025-10-27 14:01:24.155319,354739.416,6294770.596
PD169,D26,SPBL-74,4899,11,15,2025-10-27 14:01:26.162231,354786.279,6290923.264
PD169,107,PFYC-48,258,0,3,2025-10-27 14:01:26.162237,354786.279,6290923.264
PD169,107,PGBY-49,1135,9,11,2025-10-27 14:01:26.162239,354786.279,6290923.264
PD169,117,SPBF-96,1106,25,60,2025-10-27 14:01:26.162240,354786.279,6290923.264
PI306,I11,RWRP-55,3835,9,13,2025-10-27 14:01:28.265687,333643.456,6286158.574
PI306,I11,FLXZ-49,6016,16,22,2025-10-27 14:01:28.265692,333643.456,6286158.574
PI306,I35,SHXB-12,293,0,3,2025-10-27 14:01:28.265693,333643.456,6286158.574
PI306,I35,SHXG-63,4738,9,13,2025-10-27 14:01:28.265694,333643.456,6286158.574
PI306,111,BJFT-30,1,0,3,2025-10-27 14:01:28.265695,333643.456,6286158.574
PI306,111,FLXX-65,6617,18,26,2025-10-27 14:01:28.265696,333643.456,6286158.574
PI306,113,FLXX-66,4264,8,12,2025-10-27 14:01:28.265697,333643.456,6286158.574
PI306,113,FLXY-39,7280,13,19,2025-10-27 14:01:28.265698,333643.456,6286158.574
PG104,203,SXKV-97,50,0,3,2025-10-27 14:01:30.209504,347198.02,6285491.101
PG104,203,LZPW-11,5129,11,15,2025-10-27 14:01:30.209509,347198.02,6285491.101
PG104,203C,VJKV-78,2029,5,7,2025-10-27 14:01:30.209511,347198.02,6285491.101
PG104,203C,SFWB-58,5175,11,15,2025-10-27 14:01:30.209512,347198.02,6285491.101
PA65,226,VFRG-25,77,0,3,2025-10-27 14:01:32.181782,346821.62,6295399.22
PA65,226,VFPL-73,457,0,3,2025-10-27 14:01:32.181786,346821.62,6295399.22
PA65,271,TBYY-71,1577,5,7,2025-10-27 14:01:32.181788,346821.62,6295399.22
PA65,271,TBYY-65,3916,13,19,2025-10-27 14:01:32.181788,346821.62,6295399.22
PA65,229X,TBYY-58,3951,13,17,2025-10-27 14:01:32.181789,346821.62,6295399.22
PA65,229X,TBYY-75,8522,25,60,2025-10-27 14:01:32.181790,346821.62,6295399.22
PA65,301,FLXC-48,11,0,3,2025-10-27 14:01:32.181791,346821.62,6295399.22
PA65,301,FLXT-34,750,0,5,2025-10-27 14:01:32.181792,346821.62,6295399.22
PA65,H06,CJRZ-73,1603,9,13,2025-10-27 14:01:32.181793,346821.62,6295399.22
PA65,H06,CJRX-68,7870,25,60,2025-10-27 14:01:32.181802,346821.62,6295399.22
PA65,223,SCRZ-24,3771,15,21,2025-10-27 14:01:32.181803,346821.62,6295399.22
PA65,223,SDSW-59,3905,16,22,2025-10-27 14:01:32.181803,346821.62,6295399.22
PA65,201,GCBB-80,1590,6,8,2025-10-27 14:01:32.181804,346821.62,6295399.22
PA65,201,GCBB-36,3988,14,20,2025-10-27 14:01:32.181805,346821.62,6295399.22
PA65,214,GCBB-95,1018,0,5,2025-10-27 14:01:32.181806,346821.62,6295399.22
PA65,214,GCBB-93,2613,10,14,2025-10-27 14:01:32.181806,346821.62,6295399.22
PE1474,233,SFPG-39,695,0,3,2025-10-27 14:01:33.884784,349770.8,6289489.4
PE1474,233,SDSW-48,2941,9,13,2025-10-27 14:01:33.884789,349770.8,6289489.4
PG1412,G22,THTD-87,696,0,3,2025-10-27 14:01:37.438359,343983.686,6286508.833
PG1412,G22,THTG-60,3039,9,11,2025-10-27 14:01:37.438364,343983.686,6286508.833
PD275,D14,PGBY-87,981,0,4,2025-10-27 14:01:39.390050,352734.45,6292393.97
PD275,D14,PGKP-65,1070,0,4,2025-10-27 14:01:39.390055,352734.45,6292393.97
PD275,225,VJWY-41,5240,11,15,2025-10-27 14:01:39.390056,352734.45,6292393.97
PD275,225,VJXW-84,5578,12,16,2025-10-27 14:01:39.390057,352734.45,6292393.97
PD275,712,FLXS-38,1862,5,7,2025-10-27 14:01:39.390058,352734.45,6292393.97
PD275,712,LCPG-47,5700,14,20,2025-10-27 14:01:39.390059,352734.45,6292393.97
PG1968,G16,SDSW-53,258,0,3,2025-10-27 14:01:41.309145,346328.0,6282025.0
PB129,429,SJPF-95,717,0,3,2025-10-27 14:01:43.260294,347680.91,6304757.65
PB129,429,SJPD-56,1973,4,6,2025-10-27 14:01:43.260299,347680.91,6304757.65
PB129,425,SJPC-81,1822,0,5,2025-10-27 14:01:43.260300,347680.91,6304757.65
PB129,425,SJPC-82,5224,11,15,2025-10-27 14:01:43.260301,347680.91,6304757.65
PB835,214,GCBB-66,893,0,4,2025-10-27 14:01:45.159413,342659.67,6306259.319
PB835,272,VFHV-82,763,0,4,2025-10-27 14:01:45.159419,342659.67,6306259.319
PB835,B04,SHCX-26,1155,0,5,2025-10-27 14:01:45.159420,342659.67,6306259.319
PI650,I01,FLXL-53,1,0,3,2025-10-27 14:01:47.041736,335921.157,6288570.991
PE883,418,SKPK-32,6772,25,60,2025-10-27 14:01:49.122517,355110.891,6290690.806
PE883,418,SKPK-34,11885,25,60,2025-10-27 14:01:49.122522,355110.891,6290690.806
PE883,106,PFYR-69,885,0,4,2025-10-27 14:01:49.122524,355110.891,6290690.806
PE883,106,PFVG-59,2055,6,8,2025-10-27 14:01:49.122525,355110.891,6290690.806
PG978,G08V,FLXV-31,2334,6,8,2025-10-27 14:01:51.178303,341710.611,6280042.569
PG978,G08V,FLXV-24,4494,13,19,2025-10-27 14:01:51.178308,341710.611,6280042.569
PG978,G08,THTH-13,836,8,12,2025-10-27 14:01:51.178309,341710.611,6280042.569
PG978,G08,THTD-45,932,8,12,2025-10-27 14:01:51.178310,341710.611,6280042.569
PC309,401,PDZH-82,1705,5,7,2025-10-27 14:01:53.192575,357563.773,6301115.265
PC309,401,PFTV-94,5595,17,25,2025-10-27 14:01:53.192580,357563.773,6301115.265
PD1350,505,VJJV-28,1101,0,4,2025-10-27 14:01:55.106177,353673.123,6295599.734
PD1350,505,VJJV-38,3239,8,12,2025-10-27 14:01:55.106181,353673.123,6295599.734
PH80,H03,FLXT-21,283,0,3,2025-10-27 14:01:57.105408,342767.534,6290427.763
PH80,H03,FLXR-59,2407,8,10,2025-10-27 14:01:57.105413,342767.534,6290427.763
PH80,105,SJPC-56,917,0,4,2025-10-27 14:01:57.105414,342767.534,6290427.763
PH80,105,LXDJ-11,1205,0,5,2025-10-27 14:01:57.105415,342767.534,6290427.763
PH80,120,SJTD-65,3820,9,13,2025-10-27 14:01:57.105416,342767.534,6290427.763
PH80,121,CJRX-43,2154,9,13,2025-10-27 14:01:57.105417,342767.534,6290427.763
PH80,125,BJFV-29,1046,0,4,2025-10-27 14:01:57.105418,342767.534,6290427.763
PA303,303,FLXF-28,1760,7,9,2025-10-27 14:01:59.003968,345790.3,6299034.66
PA303,303,FLXF-25,2559,8,12,2025-10-27 14:01:59.003973,345790.3,6299034.66
PA303,307,TWPD-85,1720,6,8,2025-10-27 14:01:59.003974,345790.3,6299034.66
PA303,307,FLXJ-15,3827,13,19,2025-10-27 14:01:59.003975,345790.3,6299034.66
PA303,314,TWPC-60,1,0,3,2025-10-27 14:01:59.003976,345790.3,6299034.66
PA303,314,VHSZ-47,4574,8,10,2025-10-27 14:01:59.003976,345790.3,6299034.66
PA303,315E,TWPD-80,1478,8,10,2025-10-27 14:01:59.003977,345790.3,6299034.66
PA303,315E,VHSX-83,3171,16,22,2025-10-27 14:01:59.003978,345790.3,6299034.66
PA205,227,VFPL-57,1602,0,5,2025-10-27 14:02:00.903232,347412.188,6295782.285
PA205,227,VFPL-74,4276,13,19,2025-10-27 14:02:00.903238,347412.188,6295782.285
PB1361,C18,SHXF-44,1755,5,7,2025-10-27 14:02:02.852137,347435.796,6306689.416
PB1361,C18,SHXD-93,2096,6,8,2025-10-27 14:02:02.852141,347435.796,6306689.416
PJ388,J18,VHZZ-90,1273,5,7,2025-10-27 14:02:04.332538,337194.38,6299422.896
PJ388,504,TBFT-67,255,0,3,2025-10-27 14:02:04.332543,337194.38,6299422.896
PJ388,504,PFXC-51,6188,15,21,2025-10-27 14:02:04.332544,337194.38,6299422.896
PE558,323,FLXR-56,4851,13,19,2025-10-27 14:02:05.810303,353111.772,6288173.577
PE558,E07,FLXK-58,1021,0,5,2025-10-27 14:02:05.810309,353111.772,6288173.577
PJ68,110,SRTK-45,2437,9,13,2025-10-27 14:02:07.453919,338204.1,6298399.17
PJ68,110,SRTH-21,6587,25,60,2025-10-27 14:02:07.453924,338204.1,6298399.17
PB781,B02,FLXR-92,2064,6,8,2025-10-27 14:02:09.325469,346941.49,6306150.126
PB781,B02,FLXR-81,5658,25,60,2025-10-27 14:02:09.325476,346941.49,6306150.126
PB781,C18,SHXF-44,2653,9,11,2025-10-27 14:02:09.325477,346941.49,6306150.126
PB781,C18,SHXD-93,2986,9,13,2025-10-27 14:02:09.325478,346941.49,6306150.126
PD567,514,FLXW-64,1711,5,7,2025-10-27 14:02:11.272780,352974.951,6295520.137
PD567,514,FLXV-89,2478,8,10,2025-10-27 14:02:11.272786,352974.951,6295520.137
PA469,510,HYKK-32,32,0,3,2025-10-27 14:02:13.170115,345776.496,6296874.423
PA469,510,TBFP-94,3068,10,14,2025-10-27 14:02:13.170121,345776.496,6296874.423
PG153,G07,THTF-34,2761,8,12,2025-10-27 14:02:15.209903,345721.318,6282960.998
PG153,G07,THTF-18,6855,21,29,2025-10-27 14:02:15.209908,345721.318,6282960.998
PG153,203,GCBF-50,1285,0,5,2025-10-27 14:02:15.209909,345721.318,6282960.998
PG153,203,LXWT-98,6654,19,27,2025-10-27 14:02:15.209910,345721.318,6282960.998
PG153,203C,VJKD-70,2672,5,7,2025-10-27 14:02:15.209910,345721.318,6282960.998
PG153,203C,VJKW-68,6968,16,22,2025-10-27 14:02:15.209911,345721.318,6282960.998
PG153,229X,FLXX-30,7009,19,27,2025-10-27 14:02:15.209912,345721.318,6282960.998
PG153,229X,FLXP-10,8107,25,60,2025-10-27 14:02:15.209913,345721.318,6282960.998
PG153,G35,SFPF-77,4988,14,20,2025-10-27 14:02:15.209914,345721.318,6282960.998
PG153,G35,SFPF-83,7204,25,60,2025-10-27 14:02:15.209915,345721.318,6282960.998
PG153,228,THTF-84,1658,4,6,2025-10-27 14:02:15.209915,345721.318,6282960.998
PG153,228,THTF-66,3223,9,11,2025-10-27 14:02:15.209916,345721.318,6282960.998
PG153,G08,THTD-62,2475,5,7,2025-10-27 14:02:15.209917,345721.318,6282960.998
PG153,G08,THTF-82,3366,8,10,2025-10-27 14:02:15.209918,345721.318,6282960.998
PG153,G08V,FLXV-18,3543,9,11,2025-10-27 14:02:15.209919,345721.318,6282960.998
PG153,G24,FLXP-26,2035,7,9,2025-10-27 14:02:15.209919,345721.318,6282960.998
PG153,G24,FLXX-22,5014,17,25,2025-10-27 14:02:15.209920,345721.318,6282960.998
PG153,G05,SFGY-25,1036,0,5,2025-10-27 14:02:15.209921,345721.318,6282960.998
PG153,G05,SHXB-22,2253,12,16,2025-10-27 14:02:15.209922,345721.318,6282960.998
PC45,D09,STSR-49,2231,8,10,2025-10-27 14:02:17.248386,350179.25,6298275.44
PC45,D09,SVDC-43,3056,10,14,2025-10-27 14:02:17.248391,350179.25,6298275.44
PC45,106,PGPT-40,978,6,8,2025-10-27 14:02:17.248393,350179.25,6298275.44
PC45,106,PGPT-39,4910,19,27,2025-10-27 14:02:17.248393,350179.25,6298275.44
PC45,126,FLXT-32,796,0,4,2025-10-27 14:02:17.248394,350179.25,6298275.44
PC45,126,BJFW-68,4699,14,20,2025-10-27 14:02:17.248395,350179.25,6298275.44
PF502,F29,SPVT-78,2252,0,5,2025-10-27 14:02:19.112937,356217.803,6279856.317
PF502,712,SHCW-74,1,0,3,2025-10-27 14:02:19.112942,356217.803,6279856.317
PF502,712,SJPD-98,4082,9,13,2025-10-27 14:02:19.112943,356217.803,6279856.317
PI448,424,FLXS-79,4327,14,20,2025-10-27 14:02:21.261397,342460.01,6296976.89
PI448,424,PFXC-23,7333,25,60,2025-10-27 14:02:21.261401,342460.01,6296976.89
PI448,106,PFVD-57,2800,6,8,2025-10-27 14:02:21.261402,342460.01,6296976.89
PI448,106,PGPT-30,3643,8,10,2025-10-27 14:02:21.261403,342460.01,6296976.89
PI448,419,PFYG-98,2845,8,10,2025-10-27 14:02:21.261404,342460.01,6296976.89
PI448,419,PFTF-85,3432,8,12,2025-10-27 14:02:21.261405,342460.01,6296976.89
PI448,481,PGPT-53,3275,7,9,2025-10-27 14:02:21.261405,342460.01,6296976.89
PI448,481,PFYR-73,6826,16,22,2025-10-27 14:02:21.261406,342460.01,6296976.89
PI448,I08,FLXY-52,2602,5,7,2025-10-27 14:02:21.261407,342460.01,6296976.89
PI448,I08,FLXZ-59,4124,7,9,2025-10-27 14:02:21.261408,342460.01,6296976.89
PI448,I14,CJRZ-75,295,0,3,2025-10-27 14:02:21.261408,342460.01,6296976.89
PI448,I14,FLXF-27,2395,9,13,2025-10-27 14:02:21.261409,342460.01,6296976.89
PI448,392,FLXY-44,731,12,16,2025-10-27 14:02:21.261410,342460.01,6296976.89
PI448,392,FLXX-75,1373,17,23,2025-10-27 14:02:21.261411,342460.01,6296976.89
PI448,404,PFYC-68,41,0,3,2025-10-27 14:02:21.261412,342460.01,6296976.89
PI448,404,PFYC-14,860,0,3,2025-10-27 14:02:21.261413,342460.01,6296976.89
PI448,423,PFYR-80,2659,6,8,2025-10-27 14:02:21.261414,342460.01,6296976.89
PI448,423,PFVH-97,3859,8,10,2025-10-27 14:02:21.261437,342460.01,6296976.89
PI448,I09,FLXY-93,2267,7,9,2025-10-27 14:02:21.261438,342460.01,6296976.89
PI448,I09,VHTB-39,4117,11,15,2025-10-27 14:02:21.261439,342460.01,6296976.89
PI448,I13,FLXY-72,279,0,3,2025-10-27 14:02:21.261440,342460.01,6296976.89
PI448,I13,FLXY-12,2772,7,9,2025-10-27 14:02:21.261441,342460.01,6296976.89
PI448,I16,FLXL-58,3642,11,15,2025-10-27 14:02:21.261442,342460.01,6296976.89
PJ1641,J07,VHZW-71,5627,8,12,2025-10-27 14:02:23.106966,326724.172,6304383.478
PJ1641,J07,VHZZ-61,12749,18,26,2025-10-27 14:02:23.106971,326724.172,6304383.478
PB785,C18,SHXF-44,4226,12,16,2025-10-27 14:02:25.331282,346275.614,6306035.102
PB785,C18,SHXD-93,4523,13,17,2025-10-27 14:02:25.331287,346275.614,6306035.102
PH88,H12,FLXF-35,2269,8,10,2025-10-27 14:02:27.423067,343207.739,6292243.757
PH88,105,SJPC-56,2920,9,13,2025-10-27 14:02:27.423073,343207.739,6292243.757
PH88,105,LXDJ-11,3237,11,15,2025-10-27 14:02:27.423074,343207.739,6292243.757
PH88,120,SJPD-73,1828,6,8,2025-10-27 14:02:27.423074,343207.739,6292243.757
PH88,120,SJTD-65,5699,16,22,2025-10-27 14:02:27.423075,343207.739,6292243.757
PH88,H24,VGRB-24,2459,6,8,2025-10-27 14:02:27.423076,343207.739,6292243.757
PH88,125,BJFV-29,3101,8,12,2025-10-27 14:02:27.423078,343207.739,6292243.757
PC712,517,VJBC-50,1907,8,12,2025-10-27 14:02:29.046317,350248.318,6300000.435
PC712,517,LZPH-34,3988,18,26,2025-10-27 14:02:29.046322,350248.318,6300000.435
PC346,409,SKWD-42,3826,14,20,2025-10-27 14:02:30.932637,348220.885,6299403.588
PC346,409,PGTV-15,6715,15,21,2025-10-27 14:02:30.932642,348220.885,6299403.588
PC346,502,GCBC-71,1608,7,9,2025-10-27 14:02:30.932644,348220.885,6299403.588
PC346,502,BJFH-36,5956,21,29,2025-10-27 14:02:30.932645,348220.885,6299403.588
PC346,542,TBFW-74,1686,6,8,2025-10-27 14:02:30.932646,348220.885,6299403.588
PC346,542,TBFT-34,6430,25,60,2025-10-27 14:02:30.932646,348220.885,6299403.588
PH543,H05,VFPL-63,1723,6,8,2025-10-27 14:02:32.869377,347276.769,6291900.686
PH543,H05,VFRF-15,6292,25,60,2025-10-27 14:02:32.869383,347276.769,6291900.686
PC727,C05,LDTC-12,2291,6,8,2025-10-27 14:02:34.767764,355706.918,6302400.557
PC727,C05,LDTB-91,5680,16,22,2025-10-27 14:02:34.767769,355706.918,6302400.557
PI1598,109,CJRW-48,775,0,3,2025-10-27 14:02:36.679315,333661.086,6290206.211
PI1598,348,VHSY-46,1,0,3,2025-10-27 14:02:36.679322,333661.086,6290206.211
PI1089,I10,FLXL-46,2681,8,10,2025-10-27 14:02:38.325601,337196.808,6291324.706
PI1089,I10,FLXL-47,4256,12,16,2025-10-27 14:02:38.325606,337196.808,6291324.706
PI539,506V,TBFT-69,1,0,3,2025-10-27 14:02:39.876675,339758.66,6294952.39
PI539,506V,SZZY-76,463,0,3,2025-10-27 14:02:39.876680,339758.66,6294952.39
PI539,506,TBFR-97,3280,10,14,2025-10-27 14:02:39.876681,339758.66,6294952.39
PI539,506,PFXC-32,6945,21,29,2025-10-27 14:02:39.876682,339758.66,6294952.39
PI139,I05,VHSY-20,478,0,3,2025-10-27 14:02:41.620209,339697.971,6290697.16
PI139,I05,VHSY-13,5701,17,23,2025-10-27 14:02:41.620213,339697.971,6290697.16
PI139,109,FLXV-59,439,0,3,2025-10-27 14:02:41.620214,339697.971,6290697.16
PI139,109,TBFS-46,454,0,3,2025-10-27 14:02:41.620215,339697.971,6290697.16
PI139,118,FLXT-11,348,0,3,2025-10-27 14:02:41.620216,339697.971,6290697.16
PI139,118,FLXW-58,7464,15,21,2025-10-27 14:02:41.620217,339697.971,6290697.16
PI139,108,PFVJ-28,8185,17,25,2025-10-27 14:02:41.620218,339697.971,6290697.16
PI139,108,PFYR-61,8872,19,27,2025-10-27 14:02:41.620219,339697.971,6290697.16
PI139,348,VHSY-38,4125,8,12,2025-10-27 14:02:41.620220,339697.971,6290697.16
PJ965,J13,TBFT-64,422,0,3,2025-10-27 14:02:43.492717,336761.376,6301140.403
PJ965,J13,BJFB-70,1341,0,5,2025-10-27 14:02:43.492722,336761.376,6301140.403
PJ965,J13C,FLXK-30,132,0,3,2025-10-27 14:02:43.492723,336761.376,6301140.403
PJ965,J13C,TBFT-37,768,0,3,2025-10-27 14:02:43.492724,336761.376,6301140.403
PD990,D07,SVDC-74,2645,11,15,2025-10-27 14:02:46.436751,357427.0,6294669.163
PD990,D07,SVDC-42,3463,14,20,2025-10-27 14:02:46.436757,357427.0,6294669.163
PD1102,D11,SVDF-40,1370,4,6,2025-10-27 14:02:48.367428,355760.967,6297221.821
PD1102,D11,SVDF-64,3994,12,16,2025-10-27 14:02:48.367433,355760.967,6297221.821
PI1500,I22,FLXZ-90,1382,0,5,2025-10-27 14:02:50.306526,336239.287,6293351.447
PH366,H07,CJRW-30,3304,9,13,2025-10-27 14:02:52.291236,343939.725,6291183.081
PH366,H07,CJRX-42,5124,13,19,2025-10-27 14:02:52.291242,343939.725,6291183.081
PH366,H08,FLXJ-29,1111,0,4,2025-10-27 14:02:52.291243,343939.725,6291183.081
PH366,H08,FLXF-22,5124,16,22,2025-10-27 14:02:52.291244,343939.725,6291183.081
PH366,348,VHTB-38,3460,9,13,2025-10-27 14:02:52.291245,343939.725,6291183.081
PH366,348,VHSY-17,3493,9,13,2025-10-27 14:02:52.291245,343939.725,6291183.081
PH366,227,VGCB-59,1229,0,5,2025-10-27 14:02:52.291246,343939.725,6291183.081
PH366,H09,VGRF-94,2537,8,10,2025-10-27 14:02:52.291247,343939.725,6291183.081
PH366,121,FLXT-27,262,0,3,2025-10-27 14:02:52.291248,343939.725,6291183.081
PH366,121,CJRX-43,3844,13,19,2025-10-27 14:02:52.291249,343939.725,6291183.081
PH366,H03,FLXT-21,2332,7,9,2025-10-27 14:02:52.291249,343939.725,6291183.081
PH366,H03,FLXR-59,4415,13,19,2025-10-27 14:02:52.291250,343939.725,6291183.081
PH366,H06,CJRX-68,1098,0,4,2025-10-27 14:02:52.291251,343939.725,6291183.081
PE765,E13,VFKT-73,2061,8,10,2025-10-27 14:02:53.638520,350469.429,6287282.627
PE765,286,SFGY-83,3426,6,8,2025-10-27 14:02:53.638526,350469.429,6287282.627
PE765,286,SFPG-49,12457,25,60,2025-10-27 14:02:53.638527,350469.429,6287282.627
PD450,D02,SVDF-57,6852,18,26,2025-10-27 14:02:57.552314,354374.207,6297385.118
PD450,D02,SPBS-67,7682,20,28,2025-10-27 14:02:57.552319,354374.207,6297385.118
PD450,D15,SVDC-92,1274,0,4,2025-10-27 14:02:57.552320,354374.207,6297385.118
PD450,D15,STRJ-56,5367,12,18,2025-10-27 14:02:57.552321,354374.207,6297385.118
PD450,403,SKPJ-90,762,0,3,2025-10-27 14:02:57.552321,354374.207,6297385.118
PD450,422,TBFX-73,38,0,3,2025-10-27 14:02:57.552322,354374.207,6297385.118
PD450,422,PFXC-79,3255,9,11,2025-10-27 14:02:57.552323,354374.207,6297385.118
PD450,D01,SPBS-49,6630,16,22,2025-10-27 14:02:57.552324,354374.207,6297385.118
PI1223,I17,FLXK-89,1726,6,8,2025-10-27 14:02:59.459265,342649.24,6295656.9
PC218,542,TBFW-15,1460,5,7,2025-10-27 14:03:01.428698,353187.925,6303857.162
PC218,542,TBFP-84,5828,21,29,2025-10-27 14:03:01.428702,353187.925,6303857.162
PC218,435,SLPB-47,778,0,3,2025-10-27 14:03:01.428703,353187.925,6303857.162
PC218,435,SLPC-48,1558,0,5,2025-10-27 14:03:01.428704,353187.925,6303857.162
PC218,405,PDZT-12,1251,5,7,2025-10-27 14:03:01.428705,353187.925,6303857.162
PC218,405,PFVL-14,2643,10,14,2025-10-27 14:03:01.428706,353187.925,6303857.162
PC218,502,BJFD-51,1650,6,8,2025-10-27 14:03:01.428707,353187.925,6303857.162
PC218,502,BJFB-33,8344,25,60,2025-10-27 14:03:01.428707,353187.925,6303857.162
PI1680,421,PFTV-91,1423,4,6,2025-10-27 14:03:05.213623,333524.01,6288578.77
PJ366,J18,VHZZ-90,1255,5,7,2025-10-27 14:03:07.190731,337191.619,6299177.834
PJ366,J18,VJJV-58,4966,14,20,2025-10-27 14:03:07.190736,337191.619,6299177.834
PJ366,503,VGVC-58,2781,10,14,2025-10-27 14:03:07.190737,337191.619,6299177.834
PJ366,503,VGVG-55,6510,20,28,2025-10-27 14:03:07.190737,337191.619,6299177.834
PJ366,J15C,GCBC-75,4047,14,20,2025-10-27 14:03:07.190738,337191.619,6299177.834
PJ366,J20,FLXD-38,170,0,3,2025-10-27 14:03:07.190739,337191.619,6299177.834
PB1487,C18,SHXD-91,2750,0,3,2025-10-27 14:03:09.080790,349442.853,6304088.556
PB1487,C18,SHXG-91,4633,0,3,2025-10-27 14:03:09.080796,349442.853,6304088.556
PE560,323,FLXR-56,5051,14,20,2025-10-27 14:03:11.135455,352621.394,6288188.47
PE560,E07,FLXK-58,1189,0,5,2025-10-27 14:03:11.135460,352621.394,6288188.47
PI258,111,FLXY-30,2021,10,14,2025-10-27 14:03:13.015482,337503.375,6294689.933
PI258,111,BJFW-79,4174,14,20,2025-10-27 14:03:13.015487,337503.375,6294689.933
PI258,I07,VHSY-41,1290,0,5,2025-10-27 14:03:13.015488,337503.375,6294689.933
PI258,I07,VHTB-61,1388,0,5,2025-10-27 14:03:13.015489,337503.375,6294689.933
PC565,514,TBFT-16,1630,6,8,2025-10-27 14:03:14.902108,348969.303,6298792.883
PC565,514,FLXD-58,3345,12,16,2025-10-27 14:03:14.902113,348969.303,6298792.883
PC565,505,LZPH-38,466,0,3,2025-10-27 14:03:14.902114,348969.303,6298792.883
PC565,505,VJJV-88,1554,5,7,2025-10-27 14:03:14.902115,348969.303,6298792.883
PC565,508,TBFT-39,478,0,3,2025-10-27 14:03:14.902116,348969.303,6298792.883
PC565,508,TBFX-10,1653,6,8,2025-10-27 14:03:14.902117,348969.303,6298792.883
PE761,E10,BJFZ-30,880,0,5,2025-10-27 14:03:16.804865,351543.776,6288982.797
PE761,E10,FLXR-51,4973,15,21,2025-10-27 14:03:16.804870,351543.776,6288982.797
PH15,107,SKWD-57,7324,20,28,2025-10-27 14:03:19.211283,347570.36,6291328.87
PH15,107,PGPV-83,7449,20,28,2025-10-27 14:03:19.211288,347570.36,6291328.87
PH15,108,PFVC-58,328,0,3,2025-10-27 14:03:19.211290,347570.36,6291328.87
PH15,108,PFVJ-17,6279,15,21,2025-10-27 14:03:19.211291,347570.36,6291328.87
PH15,102,LBTS-98,1134,0,5,2025-10-27 14:03:19.211292,347570.36,6291328.87
PH15,102,FLXS-40,4834,15,21,2025-10-27 14:03:19.211292,347570.36,6291328.87
PB849,214,GCBB-78,292,0,3,2025-10-27 14:03:21.104665,343744.745,6303430.588
PB849,214,GCBB-66,4073,15,21,2025-10-27 14:03:21.104670,343744.745,6303430.588
PB849,B26,FLXS-47,1923,9,13,2025-10-27 14:03:21.104671,343744.745,6303430.588
PB849,B04,SHXD-87,800,0,3,2025-10-27 14:03:21.104673,343744.745,6303430.588
PB849,B04,SHCX-26,4053,13,17,2025-10-27 14:03:21.104674,343744.745,6303430.588
PH331,119,BJFT-65,547,0,3,2025-10-27 14:03:23.034609,344491.39,6293253.12
PH331,119,CJRW-26,4568,11,15,2025-10-27 14:03:23.034614,344491.39,6293253.12
PH331,345,FLXD-72,1393,0,5,2025-10-27 14:03:23.034615,344491.39,6293253.12
PB232,201,GCBB-52,4870,14,20,2025-10-27 14:03:25.209532,343405.214,6305417.911
PB232,201,GCBB-79,5258,16,22,2025-10-27 14:03:25.209537,343405.214,6305417.911
PB232,272,VFHW-46,3119,18,26,2025-10-27 14:03:25.209539,343405.214,6305417.911
PB232,272,VGCB-39,5465,25,60,2025-10-27 14:03:25.209539,343405.214,6305417.911
PB232,308,FLXH-95,3371,11,15,2025-10-27 14:03:25.209540,343405.214,6305417.911
PB232,308,FLXH-37,7407,25,60,2025-10-27 14:03:25.209541,343405.214,6305417.911
PB232,B01,SKHF-84,5992,19,27,2025-10-27 14:03:25.209542,343405.214,6305417.911
PB232,B01,SPZX-56,6965,25,60,2025-10-27 14:03:25.209543,343405.214,6305417.911
PA629,H13,CJRX-64,663,0,4,2025-10-27 14:03:27.093878,348186.876,6296996.359
PE388,108,PFVD-61,2508,11,15,2025-10-27 14:03:29.058967,354953.201,6289705.543
PE388,108,PFVJ-24,5471,25,60,2025-10-27 14:03:29.058972,354953.201,6289705.543
PE388,322,FLXP-47,1104,0,5,2025-10-27 14:03:29.058973,354953.201,6289705.543
PE388,322,BJFW-13,3636,14,20,2025-10-27 14:03:29.058974,354953.201,6289705.543
PE388,E03,BJFX-65,3144,9,13,2025-10-27 14:03:29.058975,354953.201,6289705.543
PE388,E03,BJFZ-22,4434,15,21,2025-10-27 14:03:29.058976,354953.201,6289705.543
PH315,223,SHCV-39,741,0,4,2025-10-27 14:03:31.082384,342660.801,6288215.406
PH315,223,SFGY-77,893,0,5,2025-10-27 14:03:31.082389,342660.801,6288215.406
PI1141,I25,FLXK-92,1,0,3,2025-10-27 14:03:33.014785,340192.553,6294083.864
PI1141,I25,FLXG-60,1,0,3,2025-10-27 14:03:33.014812,340192.553,6294083.864
PI1141,I13,FLXY-13,224,0,3,2025-10-27 14:03:33.014824,340192.553,6294083.864
PI1141,I13,FLXX-73,2434,8,10,2025-10-27 14:03:33.014825,340192.553,6294083.864
PI1788,I13,FLXZ-74,4811,10,14,2025-10-27 14:03:35.117204,337167.05,6293065.36
PI1788,I13,FLXX-97,8025,25,60,2025-10-27 14:03:35.117209,337167.05,6293065.36
PI1788,I35,SHXG-66,1219,0,3,2025-10-27 14:03:35.117210,337167.05,6293065.36
PI1788,I35,SFGY-19,3302,12,16,2025-10-27 14:03:35.117211,337167.05,6293065.36
PI1788,I07,VHSY-16,2768,9,11,2025-10-27 14:03:35.117212,337167.05,6293065.36
PI1788,I08,FLXX-71,470,0,3,2025-10-27 14:03:35.117213,337167.05,6293065.36
PI1788,I08,FLXW-93,1888,0,5,2025-10-27 14:03:35.117214,337167.05,6293065.36
PA311,121,BJFV-75,2749,8,10,2025-10-27 14:03:37.002201,344892.95,6298697.16
PD115,516,TBFW-35,4353,13,19,2025-10-27 14:03:38.897075,350489.506,6296320.895
PD115,516,PFXB-21,4449,13,19,2025-10-27 14:03:38.897080,350489.506,6296320.895
PD115,519,RKXL-33,692,0,3,2025-10-27 14:03:38.897082,350489.506,6296320.895
PD115,519,RKXL-32,6068,25,60,2025-10-27 14:03:38.897083,350489.506,6296320.895
PD115,506,TBFW-62,580,0,3,2025-10-27 14:03:38.897084,350489.506,6296320.895
PD115,506,PFXB-93,625,0,3,2025-10-27 14:03:38.897084,350489.506,6296320.895
PD115,506V,PFXC-18,661,0,3,2025-10-27 14:03:38.897085,350489.506,6296320.895
PD115,506V,TBFR-54,781,0,3,2025-10-27 14:03:38.897086,350489.506,6296320.895
PD115,507,GCBD-69,2167,7,9,2025-10-27 14:03:38.897087,350489.506,6296320.895
PD115,507,PFWZ-92,2661,9,11,2025-10-27 14:03:38.897088,350489.506,6296320.895
PD115,510,TBFR-15,728,0,3,2025-10-27 14:03:38.897089,350489.506,6296320.895
PD115,510,TBFW-67,1569,0,5,2025-10-27 14:03:38.897090,350489.506,6296320.895
PD115,511,TBFR-20,5452,16,24,2025-10-27 14:03:38.897091,350489.506,6296320.895
PD115,511,TBFT-35,10881,25,60,2025-10-27 14:03:38.897092,350489.506,6296320.895
PG793,G23,SFWB-29,2689,10,14,2025-10-27 14:03:40.883110,343447.155,6283314.987
PG793,G23,SFWB-72,4008,14,20,2025-10-27 14:03:40.883115,343447.155,6283314.987
PG793,G14,FLXX-14,3389,9,13,2025-10-27 14:03:40.883116,343447.155,6283314.987
PG793,G14,FLXP-22,6390,25,60,2025-10-27 14:03:40.883117,343447.155,6283314.987
PG793,G39,SHXB-13,28,0,3,2025-10-27 14:03:40.883118,343447.155,6283314.987
PG793,G39,SFPG-66,5218,21,29,2025-10-27 14:03:40.883119,343447.155,6283314.987
PG793,G07,THTD-89,3517,15,21,2025-10-27 14:03:40.883129,343447.155,6283314.987
PG1328,G18,SHXG-67,526,0,3,2025-10-27 14:03:42.755034,347387.958,6288583.535
PG1328,G18,SFPF-73,3337,13,17,2025-10-27 14:03:42.755039,347387.958,6288583.535
PJ688,J10,VJBB-60,1542,5,7,2025-10-27 14:03:44.824756,339409.513,6297422.39
PJ688,J10,VHZY-81,4075,13,17,2025-10-27 14:03:44.824761,339409.513,6297422.39
PJ688,J19,VGVF-88,1168,4,6,2025-10-27 14:03:44.824762,339409.513,6297422.39
PJ688,J19,VGTY-68,3905,13,17,2025-10-27 14:03:44.824763,339409.513,6297422.39
PJ688,J08,FLXT-65,1264,0,5,2025-10-27 14:03:44.824764,339409.513,6297422.39
PJ688,J08,FLXZ-88,3671,13,17,2025-10-27 14:03:44.824765,339409.513,6297422.39
PB1031,B13,STHB-36,3784,25,60,2025-10-27 14:03:46.754311,338102.863,6308695.29
PB1031,B13,STHK-12,5083,25,60,2025-10-27 14:03:46.754316,338102.863,6308695.29
PG1569,G07,THTF-96,9104,20,28,2025-10-27 14:03:48.681818,339428.812,6273353.586
PG1569,G07,THTG-93,11926,25,60,2025-10-27 14:03:48.681823,339428.812,6273353.586
PF232,F03,SPVV-83,1413,0,5,2025-10-27 14:03:50.820972,349358.513,6278991.801
PF232,F03,SPVW-87,4653,14,20,2025-10-27 14:03:50.820977,349358.513,6278991.801
PF232,209,VJKD-36,1712,4,6,2025-10-27 14:03:50.820979,349358.513,6278991.801
PF232,209,VJYZ-75,5241,13,19,2025-10-27 14:03:50.820980,349358.513,6278991.801
PF232,F18,SRVL-72,1229,4,6,2025-10-27 14:03:50.820981,349358.513,6278991.801
PF232,F18,LBTS-79,3314,10,14,2025-10-27 14:03:50.820983,349358.513,6278991.801
PI954,I24,VHSY-15,449,0,3,2025-10-27 14:03:52.902003,333481.48,6291178.22
PI954,I09,FLXZ-24,284,0,3,2025-10-27 14:03:52.902008,333481.48,6291178.22
PI954,I11,VHTB-78,271,0,3,2025-10-27 14:03:52.902009,333481.48,6291178.22
PD619,D16,SPBP-86,1768,5,7,2025-10-27 14:03:54.978685,355015.931,6291426.378
PD619,D16,PGTV-19,11672,25,60,2025-10-27 14:03:54.978689,355015.931,6291426.378
PD619,D20,SVDF-41,4192,10,14,2025-10-27 14:03:54.978690,355015.931,6291426.378
PD619,D20,SVDC-26,4315,10,14,2025-10-27 14:03:54.978691,355015.931,6291426.378
PD619,103,SPBS-63,3168,9,13,2025-10-27 14:03:54.978692,355015.931,6291426.378
PD619,103,SPBP-90,3178,9,13,2025-10-27 14:03:54.978693,355015.931,6291426.378
PD619,D26,SPBS-64,183,0,3,2025-10-27 14:03:54.978694,355015.931,6291426.378
PD619,D26,FLXS-19,951,0,4,2025-10-27 14:03:54.978694,355015.931,6291426.378
PD619,508,PFXC-16,445,0,3,2025-10-27 14:03:54.978695,355015.931,6291426.378
PF973,F07,SPRY-81,208,0,3,2025-10-27 14:03:56.878886,355517.575,6281975.195
PF973,F07,SPRY-50,1829,6,8,2025-10-27 14:03:56.878890,355517.575,6281975.195
PF973,F05,SPZX-84,432,0,3,2025-10-27 14:03:56.878892,355517.575,6281975.195
PF973,F05,SPZX-96,1810,7,9,2025-10-27 14:03:56.878892,355517.575,6281975.195
PF973,F20,SPZX-48,2114,0,5,2025-10-27 14:03:56.878893,355517.575,6281975.195
PF322,F06,SPZX-69,1947,7,9,2025-10-27 14:03:58.881249,351653.551,6282385.341
PF322,F06,SPZY-13,4685,18,26,2025-10-27 14:03:58.881254,351653.551,6282385.341
PI930,I04,FLXY-66,1303,0,5,2025-10-27 14:04:00.273477,340094.887,6291980.662
PI930,I04,FLXZ-67,5996,16,24,2025-10-27 14:04:00.273483,340094.887,6291980.662
PJ476,408,SRTH-18,488,0,3,2025-10-27 14:04:02.295334,336718.844,6300838.76
PJ476,408,SRTK-22,3863,9,13,2025-10-27 14:04:02.295338,336718.844,6300838.76
PJ476,J13C,FLXK-30,1,0,3,2025-10-27 14:04:02.295339,336718.844,6300838.76
PJ476,J13C,TBFT-37,685,0,3,2025-10-27 14:04:02.295340,336718.844,6300838.76
PG112,207,SVPW-60,2152,0,5,2025-10-27 14:04:04.646392,348076.267,6289284.532
PG112,207,VJKL-65,5509,12,16,2025-10-27 14:04:04.646395,348076.267,6289284.532
PG112,209,SDGY-19,382,0,3,2025-10-27 14:04:04.646397,348076.267,6289284.532
PG112,209,SDGY-21,2667,6,8,2025-10-27 14:04:04.646397,348076.267,6289284.532
PG112,205,RWTP-83,4463,12,16,2025-10-27 14:04:04.646398,348076.267,6289284.532
PG112,205,LZRD-75,6231,17,25,2025-10-27 14:04:04.646399,348076.267,6289284.532
PG112,E05,BJFV-18,2527,10,14,2025-10-27 14:04:04.646400,348076.267,6289284.532
PG112,E05,BJFT-67,6313,25,60,2025-10-27 14:04:04.646401,348076.267,6289284.532
PC338,411,SPBL-76,5090,8,10,2025-10-27 14:04:06.098657,350351.0,6301690.26
PC338,411,SPBS-48,7897,16,22,2025-10-27 14:04:06.098662,350351.0,6301690.26
PC338,502,BJFH-36,2634,6,8,2025-10-27 14:04:06.098664,350351.0,6301690.26
PC338,502,BJFD-61,8524,25,60,2025-10-27 14:04:06.098665,350351.0,6301690.26
PC338,542,TBFT-34,2674,7,9,2025-10-27 14:04:06.098666,350351.0,6301690.26
PC338,542,TBFX-21,5446,14,20,2025-10-27 14:04:06.098667,350351.0,6301690.26
PC338,409,PGTV-15,2562,0,3,2025-10-27 14:04:06.098668,350351.0,6301690.26
PC338,409,SKWD-24,3854,0,3,2025-10-27 14:04:06.098669,350351.0,6301690.26
PG1145,G12,SDSW-49,692,0,3,2025-10-27 14:04:07.763690,345364.18,6287766.664
PG1145,G12,SCRZ-10,102,0,3,2025-10-27 14:04:07.763695,345364.18,6287766.664
PD360,425,SHXG-96,1095,4,6,2025-10-27 14:04:09.671096,354576.764,6298066.5
PD360,425,SGPW-45,1156,5,7,2025-10-27 14:04:09.671101,354576.764,6298066.5
PD360,429,SLPB-84,3055,19,27,2025-10-27 14:04:09.671102,354576.764,6298066.5
PD360,429,SHCV-70,4140,25,60,2025-10-27 14:04:09.671103,354576.764,6298066.5
PD360,418,SKPK-34,3106,13,17,2025-10-27 14:04:09.671104,354576.764,6298066.5
PD360,418,SHCX-39,4526,25,60,2025-10-27 14:04:09.671105,354576.764,6298066.5
PE129,210,LZRB-89,914,0,3,2025-10-27 14:04:11.630984,352117.627,6288150.133
PE129,210,LZRD-63,929,0,3,2025-10-27 14:04:11.630989,352117.627,6288150.133
PE129,210V,VFPL-92,1,0,3,2025-10-27 14:04:11.630990,352117.627,6288150.133
PE129,210V,LZRF-10,10063,25,60,2025-10-27 14:04:11.630991,352117.627,6288150.133
PE129,213E,SRVG-70,2493,0,5,2025-10-27 14:04:11.630991,352117.627,6288150.133
PE129,213E,LCPG-38,2639,0,5,2025-10-27 14:04:11.630992,352117.627,6288150.133
PA13,345,CJRB-13,1212,0,4,2025-10-27 14:04:13.540023,344416.2,6296892.96
PA13,345,FLXD-72,5859,17,25,2025-10-27 14:04:13.540027,344416.2,6296892.96
PA13,I18,VHTB-41,9428,25,60,2025-10-27 14:04:13.540028,344416.2,6296892.96
PA13,I18,FLXZ-57,11965,25,60,2025-10-27 14:04:13.540029,344416.2,6296892.96
PA13,507,TBFT-75,343,0,3,2025-10-27 14:04:13.540030,344416.2,6296892.96
PA13,507,TBFR-95,5027,15,21,2025-10-27 14:04:13.540030,344416.2,6296892.96
PA13,511,TBFW-19,3625,12,16,2025-10-27 14:04:13.540031,344416.2,6296892.96
PA13,511,TBFT-49,5141,18,26,2025-10-27 14:04:13.540032,344416.2,6296892.96
PA13,109,FLXW-21,4965,12,16,2025-10-27 14:04:13.540033,344416.2,6296892.96
PA13,109,GCBF-20,5007,12,16,2025-10-27 14:04:13.540034,344416.2,6296892.96
PG768,G07,THTF-18,994,5,7,2025-10-27 14:04:15.541445,343263.2,6282964.147
PG768,G07,THTD-46,4814,19,27,2025-10-27 14:04:15.541450,343263.2,6282964.147
PD366,418,SKPK-34,4436,17,23,2025-10-27 14:04:17.209636,355772.901,6296385.633
PD366,418,SHCX-39,5857,25,60,2025-10-27 14:04:17.209641,355772.901,6296385.633
PD366,425,SHXG-96,3165,9,13,2025-10-27 14:04:17.209642,355772.901,6296385.633
PD366,425,SGPW-45,3227,10,14,2025-10-27 14:04:17.209643,355772.901,6296385.633
PD366,429,SLPB-84,3472,25,60,2025-10-27 14:04:17.209644,355772.901,6296385.633
PD366,429,SHCV-70,4559,25,60,2025-10-27 14:04:17.209644,355772.901,6296385.633
PD1105,D11,SVDD-43,901,0,3,2025-10-27 14:04:19.055753,355810.418,6297515.262
PD1105,D11,SVDD-60,3691,11,15,2025-10-27 14:04:19.055758,355810.418,6297515.262
PC900,C11,SGPY-84,453,0,3,2025-10-27 14:04:20.981426,354425.725,6304135.717
PC900,C11,LDTB-38,1554,5,7,2025-10-27 14:04:20.981431,354425.725,6304135.717
PG1607,G02,FLXX-15,1192,0,3,2025-10-27 14:04:22.525703,341304.05,6276124.62
PG1607,G02,FLXX-31,9875,25,60,2025-10-27 14:04:22.525708,341304.05,6276124.62
PD1268,D09,STSR-49,615,0,3,2025-10-27 14:04:24.448159,350805.853,6297827.808
PD1268,D09,SVDC-43,1620,5,7,2025-10-27 14:04:24.448164,350805.853,6297827.808
PI234,421,PFBD-61,2149,8,12,2025-10-27 14:04:26.940596,336761.97,6292399.95
PI234,421,PFVK-60,2280,9,13,2025-10-27 14:04:26.940601,336761.97,6292399.95
PI234,110,SRTH-10,101,0,3,2025-10-27 14:04:26.940602,336761.97,6292399.95
PI234,110,SRTK-48,2028,8,10,2025-10-27 14:04:26.940603,336761.97,6292399.95
PI234,111,BJFW-79,415,0,3,2025-10-27 14:04:26.940604,336761.97,6292399.95
PI234,111,FLXX-61,3194,12,16,2025-10-27 14:04:26.940605,336761.97,6292399.95
PI234,I07,FLXZ-17,5335,15,21,2025-10-27 14:04:26.940606,336761.97,6292399.95
PI234,I07,FLXY-80,8076,25,60,2025-10-27 14:04:26.940606,336761.97,6292399.95
PI234,I12,VHSY-32,1528,7,9,2025-10-27 14:04:26.940607,336761.97,6292399.95
PI234,I12,FLXY-46,3777,17,25,2025-10-27 14:04:26.940608,336761.97,6292399.95
PI234,I35,SHXG-66,255,0,3,2025-10-27 14:04:26.940609,336761.97,6292399.95
PI234,I35,SFGY-19,2084,10,14,2025-10-27 14:04:26.940610,336761.97,6292399.95
PI234,106,PFYT-25,45,0,3,2025-10-27 14:04:26.940611,336761.97,6292399.95
PI234,106,PFYS-19,1771,5,7,2025-10-27 14:04:26.940611,336761.97,6292399.95
PI234,419,PFVL-13,1855,9,13,2025-10-27 14:04:26.940612,336761.97,6292399.95
PI234,419,PFVL-15,2418,10,14,2025-10-27 14:04:26.940613,336761.97,6292399.95
PI234,506,PFXC-32,2195,7,9,2025-10-27 14:04:26.940614,336761.97,6292399.95
PI234,506,TBFV-29,4973,15,21,2025-10-27 14:04:26.940615,336761.97,6292399.95
PI234,506V,GCBD-41,4175,12,18,2025-10-27 14:04:26.940615,336761.97,6292399.95
PI234,506V,GCBC-45,6144,20,28,2025-10-27 14:04:26.940624,336761.97,6292399.95
PI234,401,PFYG-86,173,0,3,2025-10-27 14:04:26.940625,336761.97,6292399.95
PI234,401,PFVK-81,1923,6,8,2025-10-27 14:04:26.940626,336761.97,6292399.95
PI234,405,PFVK-89,348,0,3,2025-10-27 14:04:26.940627,336761.97,6292399.95
PI234,405,PDZS-83,737,0,3,2025-10-27 14:04:26.940627,336761.97,6292399.95
PB1278,B14,FLXJ-41,1,0,3,2025-10-27 14:04:28.481280,345829.345,6302813.289
PB1278,B14,FLXT-47,3956,15,21,2025-10-27 14:04:28.481285,345829.345,6302813.289
PB1278,B21,SKDH-90,1,0,3,2025-10-27 14:04:28.481286,345829.345,6302813.289
PB1278,B25,FLXP-84,2412,8,10,2025-10-27 14:04:28.481287,345829.345,6302813.289
PB1278,B25,FLXP-86,5262,15,21,2025-10-27 14:04:28.481288,345829.345,6302813.289
PC473,501,TBFX-15,323,0,3,2025-10-27 14:04:30.392345,352032.62,6299280.74
PC473,501,FLXV-86,1488,5,7,2025-10-27 14:04:30.392350,352032.62,6299280.74
PC473,504,PFXB-78,1457,5,7,2025-10-27 14:04:30.392351,352032.62,6299280.74
PC473,504,GCBC-53,5151,19,27,2025-10-27 14:04:30.392351,352032.62,6299280.74
PC473,518,TBFT-98,2383,8,12,2025-10-27 14:04:30.392352,352032.62,6299280.74
PC473,518,CJRW-76,4344,16,22,2025-10-27 14:04:30.392353,352032.62,6299280.74
PI344,481,PGPT-58,2116,6,8,2025-10-27 14:04:32.443877,343687.24,6297385.97
PI344,J10,VHXK-31,3338,10,14,2025-10-27 14:04:32.443882,343687.24,6297385.97
PI344,210,LZRD-88,1129,0,4,2025-10-27 14:04:32.443883,343687.24,6297385.97
PI344,210,SXKV-93,1473,0,5,2025-10-27 14:04:32.443884,343687.24,6297385.97
PI344,210V,VFPW-13,1424,4,6,2025-10-27 14:04:32.443885,343687.24,6297385.97
PI344,210V,VFPX-13,3530,11,15,2025-10-27 14:04:32.443885,343687.24,6297385.97
PI344,I09,FLXZ-21,1395,0,4,2025-10-27 14:04:32.443886,343687.24,6297385.97
PI344,I09,RWRP-66,1459,0,5,2025-10-27 14:04:32.443887,343687.24,6297385.97
PI344,392,FLXZ-91,2194,25,60,2025-10-27 14:04:32.443888,343687.24,6297385.97
PI344,404,PFYC-85,5096,25,60,2025-10-27 14:04:32.443889,343687.24,6297385.97
PI344,404,LXWP-58,5585,25,60,2025-10-27 14:04:32.443890,343687.24,6297385.97
PB1879,B05,SPCG-83,290,0,3,2025-10-27 14:04:33.999378,343586.4,6307192.5
PB1879,B05,SKPJ-47,4129,13,19,2025-10-27 14:04:33.999384,343586.4,6307192.5
PH556,H06,FLXF-19,4114,10,14,2025-10-27 14:04:35.636740,342989.331,6289291.678
PH556,H06,FLXF-36,7995,25,60,2025-10-27 14:04:35.636746,342989.331,6289291.678
PB157,B15,SPCG-85,2593,7,9,2025-10-27 14:04:37.011534,347683.407,6299634.606
PB157,B15,SPCG-54,4610,14,20,2025-10-27 14:04:37.011539,347683.407,6299634.606
PI3,392,FLXW-89,3406,20,28,2025-10-27 14:04:38.543475,341229.104,6295773.682
PI3,392,FLXZ-91,5960,25,60,2025-10-27 14:04:38.543479,341229.104,6295773.682
PI3,506,GCBD-72,3378,10,14,2025-10-27 14:04:38.543480,341229.104,6295773.682
PI3,506,TBFW-38,3622,11,15,2025-10-27 14:04:38.543481,341229.104,6295773.682
PI3,506V,FLXW-18,3739,12,16,2025-10-27 14:04:38.543482,341229.104,6295773.682
PI3,506V,GCBC-42,6116,19,27,2025-10-27 14:04:38.543483,341229.104,6295773.682
PI3,509,CJRX-34,1882,6,8,2025-10-27 14:04:38.543483,341229.104,6295773.682
PI3,509,FLXD-41,4746,16,22,2025-10-27 14:04:38.543484,341229.104,6295773.682
PI3,101,PGPT-50,851,0,3,2025-10-27 14:04:38.543485,341229.104,6295773.682
PI3,101,PFVC-40,6459,20,28,2025-10-27 14:04:38.543486,341229.104,6295773.682
PI3,481,PFVD-63,1176,4,6,2025-10-27 14:04:38.543487,341229.104,6295773.682
PI3,481,PFYR-62,3376,12,16,2025-10-27 14:04:38.543488,341229.104,6295773.682
PI3,I13,FLXY-15,1898,6,8,2025-10-27 14:04:38.543488,341229.104,6295773.682
PI3,I14,BJFS-92,38,0,3,2025-10-27 14:04:38.543489,341229.104,6295773.682
PI3,I14,CJRX-39,202,0,3,2025-10-27 14:04:38.543490,341229.104,6295773.682
PB1024,B43,SGPW-35,2685,10,14,2025-10-27 14:04:40.294123,340443.993,6307983.988
PB1024,B43,SJPB-32,7213,25,60,2025-10-27 14:04:40.294128,340443.993,6307983.988
PE1330,G01,THTF-73,1,0,3,2025-10-27 14:04:42.069140,350529.461,6285071.29
PE1330,G01,THTD-64,2550,8,10,2025-10-27 14:04:42.069145,350529.461,6285071.29
PE1330,G18,SCRZ-16,4159,13,19,2025-10-27 14:04:42.069146,350529.461,6285071.29
PE1330,G18,SDSW-96,4364,13,19,2025-10-27 14:04:42.069147,350529.461,6285071.29
PE1330,F05,SPZY-65,2603,8,12,2025-10-27 14:04:42.069148,350529.461,6285071.29
PE1330,F05,TXZH-46,6829,25,60,2025-10-27 14:04:42.069149,350529.461,6285071.29
PE1330,E13,VFJV-28,198,0,3,2025-10-27 14:04:42.069150,350529.461,6285071.29
PE1330,E13,VFKT-73,3646,13,19,2025-10-27 14:04:42.069150,350529.461,6285071.29
PE1330,E15C,VJKR-96,3812,12,16,2025-10-27 14:04:42.069159,350529.461,6285071.29
PE1330,E15C,VFJV-14,4872,14,20,2025-10-27 14:04:42.069160,350529.461,6285071.29
PE1330,E16,VFJP-23,2,0,3,2025-10-27 14:04:42.069161,350529.461,6285071.29
PE1330,E16,VFKT-28,319,0,3,2025-10-27 14:04:42.069161,350529.461,6285071.29
PE1330,325,VFJD-60,3946,14,20,2025-10-27 14:04:42.069162,350529.461,6285071.29
PE1330,325,VFJS-16,8064,25,60,2025-10-27 14:04:42.069163,350529.461,6285071.29
PE1330,225,VFJP-21,294,0,3,2025-10-27 14:04:42.069164,350529.461,6285071.29
PE1330,225,VJXX-41,521,0,3,2025-10-27 14:04:42.069165,350529.461,6285071.29
PE293,E01,VKJY-65,790,0,3,2025-10-27 14:04:43.690783,348764.543,6287941.542
PE293,E01,VKJY-74,5406,15,21,2025-10-27 14:04:43.690817,348764.543,6287941.542
PC1100,C28,FLXT-76,5138,9,13,2025-10-27 14:04:45.316112,355327.821,6311911.089
PC1100,C28,SGPY-63,9422,21,29,2025-10-27 14:04:45.316118,355327.821,6311911.089
PA547,507,GCBD-94,1560,7,9,2025-10-27 14:04:46.978680,343858.505,6298610.711
PA547,507,PFXB-54,1989,11,15,2025-10-27 14:04:46.978684,343858.505,6298610.711
PA547,J01,FLXK-20,47,0,3,2025-10-27 14:04:46.978686,343858.505,6298610.711
PA547,J05,FLXS-89,2053,10,14,2025-10-27 14:04:46.978686,343858.505,6298610.711
PA547,J05,TBFX-33,3457,15,21,2025-10-27 14:04:46.978687,343858.505,6298610.711
PA547,109,FLXS-86,1678,8,12,2025-10-27 14:04:46.978688,343858.505,6298610.711
PA547,109,FLXW-21,6830,25,60,2025-10-27 14:04:46.978689,343858.505,6298610.711
PA547,422,PFXC-64,1471,7,9,2025-10-27 14:04:46.978690,343858.505,6298610.711
PA547,422,GCBD-37,2617,10,14,2025-10-27 14:04:46.978696,343858.505,6298610.711
PA547,J02,VHXF-94,1784,9,11,2025-10-27 14:04:46.978697,343858.505,6298610.711
PA547,J02,VHXJ-82,3509,15,21,2025-10-27 14:04:46.978697,343858.505,6298610.711
PA547,J16,FLXG-18,7019,25,60,2025-10-27 14:04:46.978698,343858.505,6298610.711
PA547,J16,FLXG-25,7740,25,60,2025-10-27 14:04:46.978699,343858.505,6298610.711
PA547,426,BJFH-23,1066,6,8,2025-10-27 14:04:46.978700,343858.505,6298610.711
PA547,426,BJFC-52,3856,16,22,2025-10-27 14:04:46.978700,343858.505,6298610.711
PA547,513,VHZX-30,4128,16,22,2025-10-27 14:04:46.978701,343858.505,6298610.711
PA547,513,VJJV-98,4149,16,22,2025-10-27 14:04:46.978702,343858.505,6298610.711
PJ213,514,FLXW-26,4198,10,14,2025-10-27 14:04:48.934900,338057.843,6297239.763
PJ213,418,PFTW-49,518,0,3,2025-10-27 14:04:48.934905,338057.843,6297239.763
PJ213,418,PFVH-15,3579,8,12,2025-10-27 14:04:48.934906,338057.843,6297239.763
PC398,C27,SHCV-64,1,0,3,2025-10-27 14:04:50.882290,357454.499,6303216.789
PC398,C27,SHXD-64,3821,15,21,2025-10-27 14:04:50.882296,357454.499,6303216.789
PC398,421,PDZS-89,2862,11,15,2025-10-27 14:04:50.882298,357454.499,6303216.789
PC398,421,SRTK-15,6331,25,60,2025-10-27 14:04:50.882299,357454.499,6303216.789
PH1472,113,BJFX-41,2892,6,8,2025-10-27 14:04:52.764286,344910.749,6294384.697
PH1472,113,FLXZ-66,3124,8,10,2025-10-27 14:04:52.764291,344910.749,6294384.697
PH1472,115,TBFR-51,1005,0,4,2025-10-27 14:04:52.764292,344910.749,6294384.697
PH1472,115,TBFW-47,1449,0,5,2025-10-27 14:04:52.764292,344910.749,6294384.697
PH1472,125,FLXJ-11,1732,0,5,2025-10-27 14:04:52.764293,344910.749,6294384.697
PH1472,125,BJFV-29,5789,15,21,2025-10-27 14:04:52.764294,344910.749,6294384.697
PB1918,B06,SKDJ-86,3318,9,13,2025-10-27 14:04:54.803012,341113.13,6306854.79
PB1918,B06,SKDJ-76,6053,16,22,2025-10-27 14:04:54.803017,341113.13,6306854.79
PB1918,B21,SKDH-69,1876,5,7,2025-10-27 14:04:54.803019,341113.13,6306854.79
PB1918,B21,SGPY-95,2005,5,7,2025-10-27 14:04:54.803020,341113.13,6306854.79
PB1918,425,SJPB-28,1001,0,4,2025-10-27 14:04:54.803021,341113.13,6306854.79
PB1918,425,SJPC-27,1078,0,4,2025-10-27 14:04:54.803022,341113.13,6306854.79
PB1918,428,SHXD-59,1,0,3,2025-10-27 14:04:54.803023,341113.13,6306854.79
PB1918,428,SLPB-83,409,0,4,2025-10-27 14:04:54.803024,341113.13,6306854.79
PB1918,429,SLLZ-26,2831,9,13,2025-10-27 14:04:54.803025,341113.13,6306854.79
PB1918,429,SLLZ-31,8642,25,60,2025-10-27 14:04:54.803026,341113.13,6306854.79
PB1918,303,FLXF-30,616,0,3,2025-10-27 14:04:54.803027,341113.13,6306854.79
PB1918,303,FLXF-40,1458,0,3,2025-10-27 14:04:54.803028,341113.13,6306854.79
PB1918,307,TWPD-76,434,0,4,2025-10-27 14:04:54.803029,341113.13,6306854.79
PB1918,307,VHTB-68,6014,15,21,2025-10-27 14:04:54.803030,341113.13,6306854.79
PB1918,B32,STHK-53,68,0,3,2025-10-27 14:04:54.803031,341113.13,6306854.79
PB1226,B12,SPCG-82,3004,9,13,2025-10-27 14:04:56.965570,343836.836,6304861.766
PB1226,B12,SGPY-90,7452,20,28,2025-10-27 14:04:56.965574,343836.836,6304861.766
PB1908,315E,TWPC-93,220,0,3,2025-10-27 14:04:59.174690,340297.19,6306673.32
PB1908,315E,TWPD-80,12773,25,60,2025-10-27 14:04:59.174695,340297.19,6306673.32
PB1908,425,SJPB-28,1783,7,9,2025-10-27 14:04:59.174696,340297.19,6306673.32
PB1908,425,SJPC-27,1860,7,9,2025-10-27 14:04:59.174697,340297.19,6306673.32
PB1908,428,SHXD-59,737,0,4,2025-10-27 14:04:59.174698,340297.19,6306673.32
PB1908,428,SLPB-83,1200,6,8,2025-10-27 14:04:59.174699,340297.19,6306673.32
PB1908,429,SLGS-89,417,0,3,2025-10-27 14:04:59.174700,340297.19,6306673.32
PB1908,429,SLLZ-26,3626,11,15,2025-10-27 14:04:59.174701,340297.19,6306673.32
PB1908,303,FLXF-11,1,0,3,2025-10-27 14:04:59.174702,340297.19,6306673.32
PB1908,303,FLXF-30,1394,0,5,2025-10-27 14:04:59.174702,340297.19,6306673.32
PB1908,307,VHSX-77,167,0,3,2025-10-27 14:04:59.174703,340297.19,6306673.32
PB1908,307,VHTB-26,172,0,3,2025-10-27 14:04:59.174704,340297.19,6306673.32
PB1908,308,FLXH-31,218,0,3,2025-10-27 14:04:59.174705,340297.19,6306673.32
PB1908,308,FLXH-35,2475,7,9,2025-10-27 14:04:59.174706,340297.19,6306673.32
PB1908,430,SKPK-60,8512,25,60,2025-10-27 14:04:59.174707,340297.19,6306673.32
PB1908,430,PGLD-60,14278,25,60,2025-10-27 14:04:59.174708,340297.19,6306673.32
PB1908,435,SHCY-29,648,0,4,2025-10-27 14:04:59.174709,340297.19,6306673.32
PB1908,435,SLGT-37,11587,25,60,2025-10-27 14:04:59.174710,340297.19,6306673.32
PB1908,B11,SKDJ-14,4619,12,16,2025-10-27 14:04:59.174711,340297.19,6306673.32
PB1908,B11,SKDG-39,10407,25,60,2025-10-27 14:04:59.174719,340297.19,6306673.32
PB1908,B21,SKDH-69,2665,8,10,2025-10-27 14:04:59.174720,340297.19,6306673.32
PB1908,B21,SGPY-95,2793,8,10,2025-10-27 14:04:59.174721,340297.19,6306673.32
PB1908,B43,SJPB-32,4060,13,17,2025-10-27 14:04:59.174722,340297.19,6306673.32
PB1908,B06,SKDJ-86,4106,11,15,2025-10-27 14:04:59.174723,340297.19,6306673.32
PB1908,B06,SKDJ-76,6842,18,26,2025-10-27 14:04:59.174724,340297.19,6306673.32
PB1908,B32,STHK-53,671,7,9,2025-10-27 14:04:59.174725,340297.19,6306673.32
PG2028,G37,THTD-19,12299,25,60,2025-10-27 14:05:01.071112,338200.0,6272484.0
PA659,H24,VGRF-55,3031,10,14,2025-10-27 14:05:03.320860,344656.514,6294422.755
PA659,H24,VGRG-54,7120,25,60,2025-10-27 14:05:03.320865,344656.514,6294422.755
PA659,125,CJRW-49,5563,14,20,2025-10-27 14:05:03.320866,344656.514,6294422.755
PA659,125,BJFV-78,6562,16,24,2025-10-27 14:05:03.320867,344656.514,6294422.755
PA659,113,FLXY-27,188,0,3,2025-10-27 14:05:03.320868,344656.514,6294422.755
PA659,113,FLXX-57,633,0,3,2025-10-27 14:05:03.320869,344656.514,6294422.755
PA659,H07,CJRY-86,1553,0,5,2025-10-27 14:05:03.320870,344656.514,6294422.755
PA659,345,FLXD-76,4965,19,27,2025-10-27 14:05:03.320871,344656.514,6294422.755
PA659,I01,FLXL-38,682,0,3,2025-10-27 14:05:03.320871,344656.514,6294422.755
PA659,I01,FLXJ-28,2822,7,9,2025-10-27 14:05:03.320872,344656.514,6294422.755
PA659,115,TBFW-78,1239,0,4,2025-10-27 14:05:03.320873,344656.514,6294422.755
PA659,115,FLXV-72,1691,0,5,2025-10-27 14:05:03.320874,344656.514,6294422.755
PI175,109,TBFV-95,2067,6,8,2025-10-27 14:05:05.531499,343968.29,6295442.9
PI175,109,GCBC-92,3746,13,19,2025-10-27 14:05:05.531505,343968.29,6295442.9
PI1932,I35,SHXB-12,2837,9,13,2025-10-27 14:05:07.498602,331792.0,6283762.0
PI1932,I35,SHXG-63,7699,19,27,2025-10-27 14:05:07.498606,331792.0,6283762.0
PD252,412,PFVG-94,2528,6,8,2025-10-27 14:05:09.503574,356815.427,6297089.555
PD252,412,PFTW-59,8842,25,60,2025-10-27 14:05:09.503578,356815.427,6297089.555
PD252,517,VHZY-60,949,0,5,2025-10-27 14:05:09.503580,356815.427,6297089.555
PD252,517,VHZW-11,6822,25,60,2025-10-27 14:05:09.503580,356815.427,6297089.555
PD252,225,VFKV-90,610,0,4,2025-10-27 14:05:09.503581,356815.427,6297089.555
PD252,225,VFJK-84,6308,18,26,2025-10-27 14:05:09.503582,356815.427,6297089.555
PD252,227,VFRF-55,504,0,3,2025-10-27 14:05:09.503583,356815.427,6297089.555
PD252,227,VGKY-12,805,0,3,2025-10-27 14:05:09.503584,356815.427,6297089.555
PE1278,E14,VKJZ-59,2377,10,14,2025-10-27 14:05:11.501424,352827.497,6288206.929
PG2087,G39,SHXB-28,1915,5,7,2025-10-27 14:05:13.201384,340656.0,6285885.0
PG2087,G39,SHCX-22,4244,12,16,2025-10-27 14:05:13.201389,340656.0,6285885.0
PB1314,B17,SHCY-62,2010,6,8,2025-10-27 14:05:15.572774,343877.605,6302513.468
PB1314,B26,FLXS-52,346,0,3,2025-10-27 14:05:15.572779,343877.605,6302513.468
PB1314,B26,FLXS-47,2715,8,12,2025-10-27 14:05:15.572780,343877.605,6302513.468
PB1296,B15,SPCG-54,1655,6,8,2025-10-27 14:05:17.550923,348171.397,6301906.458
PB1296,B15,SPCG-78,5455,19,27,2025-10-27 14:05:17.550928,348171.397,6301906.458
PB1296,B17,SHCY-44,1097,12,16,2025-10-27 14:05:17.550929,348171.397,6301906.458
PB1296,B17,SHXF-83,5627,25,60,2025-10-27 14:05:17.550930,348171.397,6301906.458
PG469,E05,BJFS-99,898,0,5,2025-10-27 14:05:19.447456,346341.472,6288140.862
PG469,G18,SCRZ-25,2374,9,11,2025-10-27 14:05:19.447462,346341.472,6288140.862
PG469,G18,SHCV-43,3467,11,15,2025-10-27 14:05:19.447463,346341.472,6288140.862
PD1174,D14,PGBY-38,963,0,3,2025-10-27 14:05:21.360693,352175.195,6294075.166
PJ155,J07E,VJBB-41,473,0,4,2025-10-27 14:05:23.804740,337321.882,6298080.368
PJ155,J07E,VHZX-10,4862,16,24,2025-10-27 14:05:23.804745,337321.882,6298080.368
PJ155,J15C,TBFR-48,2840,9,13,2025-10-27 14:05:23.804746,337321.882,6298080.368
PJ155,J20,FLXD-59,1530,4,6,2025-10-27 14:05:23.804747,337321.882,6298080.368
PJ155,J20,FLXD-38,4462,12,18,2025-10-27 14:05:23.804748,337321.882,6298080.368
PJ155,406,TBFW-54,6375,20,28,2025-10-27 14:05:23.804748,337321.882,6298080.368
PJ155,406,GCBF-13,6779,25,60,2025-10-27 14:05:23.804749,337321.882,6298080.368
PJ155,407,TBFR-58,914,0,3,2025-10-27 14:05:23.804750,337321.882,6298080.368
PJ155,407,GCBD-61,4061,9,13,2025-10-27 14:05:23.804751,337321.882,6298080.368
PJ155,402,SHXF-29,5876,17,25,2025-10-27 14:05:23.804752,337321.882,6298080.368
PJ155,402,SJPB-21,6903,25,60,2025-10-27 14:05:23.804753,337321.882,6298080.368
PJ155,J07,VHZZ-41,1,0,3,2025-10-27 14:05:23.804753,337321.882,6298080.368
PJ155,J07,VHZY-90,4780,16,22,2025-10-27 14:05:23.804754,337321.882,6298080.368
PJ155,426,BJFJ-21,808,0,3,2025-10-27 14:05:23.804764,337321.882,6298080.368
PJ155,426,BJFF-49,1316,0,4,2025-10-27 14:05:23.804765,337321.882,6298080.368
PJ155,511,GCBC-91,1,0,3,2025-10-27 14:05:23.804766,337321.882,6298080.368
PJ155,511,GCBD-39,7973,25,60,2025-10-27 14:05:23.804766,337321.882,6298080.368
PJ155,422,PFXC-53,6243,18,26,2025-10-27 14:05:23.804767,337321.882,6298080.368
PJ155,422,PFXC-64,8975,25,60,2025-10-27 14:05:23.804768,337321.882,6298080.368
PB673,B01,SKHF-91,2195,8,10,2025-10-27 14:05:25.638315,348914.678,6303158.759
PB673,B01,SKHF-87,7748,25,60,2025-10-27 14:05:25.638320,348914.678,6303158.759
PI173,109,TBFV-95,1463,5,7,2025-10-27 14:05:27.763359,343989.661,6296046.901
PI173,109,GCBC-92,3026,12,16,2025-10-27 14:05:27.763364,343989.661,6296046.901
PJ498,508,TBFR-93,1118,0,5,2025-10-27 14:05:31.645353,341343.887,6299952.55
PJ498,508,FLXV-84,4866,12,18,2025-10-27 14:05:31.645358,341343.887,6299952.55
PJ498,J03,FLXS-87,791,0,3,2025-10-27 14:05:31.645360,341343.887,6299952.55
PI1188,385,FLXL-68,6456,20,28,2025-10-27 14:05:33.453804,342668.773,6295644.796
PI1188,385,FLXK-51,7339,25,60,2025-10-27 14:05:33.453808,342668.773,6295644.796
PI1188,I16,FLXL-58,420,0,3,2025-10-27 14:05:33.453810,342668.773,6295644.796
PB1119,B10,STHP-12,1,0,3,2025-10-27 14:05:34.847668,344875.171,6303793.512
PI1090,I10,FLXL-46,2121,7,9,2025-10-27 14:05:36.843682,337180.724,6291007.687
PI1090,I10,FLXL-47,3343,10,14,2025-10-27 14:05:36.843687,337180.724,6291007.687
PG578,G28,FLXK-72,517,0,3,2025-10-27 14:05:38.730503,345895.975,6283868.218
PG578,G28,BJFX-32,5830,17,25,2025-10-27 14:05:38.730507,345895.975,6283868.218
PG578,G13,SHXB-27,1667,6,8,2025-10-27 14:05:38.730509,345895.975,6283868.218
PG578,G13,SHXB-29,2204,6,8,2025-10-27 14:05:38.730509,345895.975,6283868.218
PG578,F06,SPZX-74,505,0,3,2025-10-27 14:05:38.730510,345895.975,6283868.218
PG578,F06,SPZY-79,5280,18,26,2025-10-27 14:05:38.730511,345895.975,6283868.218
PG578,203,LXWT-98,4757,13,17,2025-10-27 14:05:38.730512,345895.975,6283868.218
PG578,203,VJZB-67,4872,12,18,2025-10-27 14:05:38.730512,345895.975,6283868.218
PG578,203C,VJKD-70,629,0,3,2025-10-27 14:05:38.730513,345895.975,6283868.218
PG578,203C,VJKW-68,4870,12,16,2025-10-27 14:05:38.730514,345895.975,6283868.218
PD390,418,SHXD-79,54,0,3,2025-10-27 14:05:40.336112,355228.737,6294091.53
PD390,418,PFYC-43,3943,13,19,2025-10-27 14:05:40.336117,355228.737,6294091.53
PD390,429,SLLZ-38,174,0,3,2025-10-27 14:05:40.336119,355228.737,6294091.53
PD390,D05,PGBY-68,886,12,18,2025-10-27 14:05:40.336120,355228.737,6294091.53
PD390,D07,SVDC-44,434,0,3,2025-10-27 14:05:40.336121,355228.737,6294091.53
PD390,D07,SVDC-87,3437,9,13,2025-10-27 14:05:40.336121,355228.737,6294091.53
PD390,D10,SVDC-40,995,0,3,2025-10-27 14:05:40.336122,355228.737,6294091.53
PD390,D10,SVDD-36,5798,13,19,2025-10-27 14:05:40.336123,355228.737,6294091.53
PC418,C27,SGPW-48,3188,9,13,2025-10-27 14:05:42.361042,357577.203,6303791.652
PC418,C27,SKPH-76,4312,12,18,2025-10-27 14:05:42.361047,357577.203,6303791.652
PC419,C27,SHXD-64,200,0,3,2025-10-27 14:05:44.300786,357441.596,6303221.257
PC419,C27,SGPW-48,3844,10,14,2025-10-27 14:05:44.300791,357441.596,6303221.257
PB53,B03,SKHG-57,163,0,3,2025-10-27 14:05:46.247689,337882.44,6302322.55
PB53,105,SHXF-27,368,0,3,2025-10-27 14:05:46.247694,337882.44,6302322.55
PB53,110C,PFXC-54,573,0,4,2025-10-27 14:05:46.247695,337882.44,6302322.55
PB53,110C,GCBC-81,5824,13,19,2025-10-27 14:05:46.247696,337882.44,6302322.55
PI428,421,PFBG-12,2248,8,10,2025-10-27 14:05:48.037942,335537.978,6289129.827
PI428,421,PGBB-62,11157,25,60,2025-10-27 14:05:48.037947,335537.978,6289129.827
PI428,423,PFVG-42,1,0,3,2025-10-27 14:05:48.037948,335537.978,6289129.827
PI428,423,PGPS-98,825,0,3,2025-10-27 14:05:48.037949,335537.978,6289129.827
PI428,I10,FLXG-93,2908,8,12,2025-10-27 14:05:48.037950,335537.978,6289129.827
PI428,I10,FLXL-46,5566,21,29,2025-10-27 14:05:48.037951,335537.978,6289129.827
PI428,106,PFVJ-21,678,0,3,2025-10-27 14:05:48.037951,335537.978,6289129.827
PI428,106,PFVG-41,6408,25,60,2025-10-27 14:05:48.037952,335537.978,6289129.827
PI428,401,PFVK-86,1539,6,8,2025-10-27 14:05:48.037953,335537.978,6289129.827
PI428,401,PFYG-46,1952,7,9,2025-10-27 14:05:48.037954,335537.978,6289129.827
PC240,C16,LFGP-21,3298,10,14,2025-10-27 14:05:50.390200,358019.53,6305948.0
PC240,C16,SKPP-16,7582,25,60,2025-10-27 14:05:50.390205,358019.53,6305948.0
PC240,426,FLXK-26,292,0,3,2025-10-27 14:05:50.390206,358019.53,6305948.0
PC240,426,BJFH-39,1606,4,6,2025-10-27 14:05:50.390207,358019.53,6305948.0
PC240,C05,LDTB-91,1,0,3,2025-10-27 14:05:50.390207,358019.53,6305948.0
PC240,C05,SKPJ-50,2739,11,15,2025-10-27 14:05:50.390208,358019.53,6305948.0
PC240,C13,SHXG-37,664,0,3,2025-10-27 14:05:50.390209,358019.53,6305948.0
PC240,C13,SJPC-19,9812,25,60,2025-10-27 14:05:50.390210,358019.53,6305948.0
PC240,430,PGBY-56,1,0,3,2025-10-27 14:05:50.390211,358019.53,6305948.0
PC240,502,PFXB-63,1841,5,7,2025-10-27 14:05:50.390212,358019.53,6305948.0
PC240,C28,SKPJ-89,1,0,3,2025-10-27 14:05:50.390213,358019.53,6305948.0
PC240,C28,SGPY-64,3788,13,19,2025-10-27 14:05:50.390213,358019.53,6305948.0
PC240,409,SKWD-37,2572,8,10,2025-10-27 14:05:50.390214,358019.53,6305948.0
PC240,411,PGRZ-81,2882,9,11,2025-10-27 14:05:50.390215,358019.53,6305948.0
PC240,406,TBFW-94,1,0,3,2025-10-27 14:05:50.390216,358019.53,6305948.0
PC240,C01,LCPW-36,872,0,3,2025-10-27 14:05:50.390217,358019.53,6305948.0
PC240,C01,LCPW-35,2589,8,10,2025-10-27 14:05:50.390217,358019.53,6305948.0
PC240,C19,SKPJ-86,3332,14,20,2025-10-27 14:05:50.390218,358019.53,6305948.0
PC240,C01C,PFYC-30,2677,6,8,2025-10-27 14:05:50.390219,358019.53,6305948.0
PG902,286,SDSW-65,1650,0,4,2025-10-27 14:05:52.657944,350545.626,6281700.38
PG902,286,SFPF-95,4089,12,16,2025-10-27 14:05:52.657949,350545.626,6281700.38
PG902,G13,SHXB-30,5447,25,60,2025-10-27 14:05:52.657950,350545.626,6281700.38
PG902,G13,SHXB-17,5495,25,60,2025-10-27 14:05:52.657951,350545.626,6281700.38
PG902,G16,SFPG-61,617,0,3,2025-10-27 14:05:52.657952,350545.626,6281700.38
PG902,G16,SFPF-75,6279,17,23,2025-10-27 14:05:52.657953,350545.626,6281700.38
PI1354,I24,VHSY-42,1379,0,5,2025-10-27 14:05:56.115488,330592.806,6291233.782
PD906,117,SPBL-64,62,0,3,2025-10-27 14:05:57.989111,351654.243,6291153.396
PD906,117,SPBF-96,2195,7,9,2025-10-27 14:05:57.989117,351654.243,6291153.396
PD906,325,VFKR-64,1786,6,8,2025-10-27 14:05:57.989118,351654.243,6291153.396
PD906,325,VFHX-52,6106,17,25,2025-10-27 14:05:57.989121,351654.243,6291153.396
PJ998,J16,FLXH-91,1,0,3,2025-10-27 14:05:59.460983,340012.47,6301726.347
PD876,D05,SPBS-36,2511,6,8,2025-10-27 14:06:01.376720,351811.558,6295083.32
PD876,D05,PGBY-68,5433,25,60,2025-10-27 14:06:01.376725,351811.558,6295083.32
PG296,F05,TXZH-46,889,0,3,2025-10-27 14:06:03.389503,346520.593,6286518.688
PB98,110C,SZZY-77,1837,6,8,2025-10-27 14:06:05.894193,337760.42,6302375.39
PB98,110C,PFXC-70,2568,7,9,2025-10-27 14:06:05.894198,337760.42,6302375.39
PB98,B03,LXDH-85,7463,25,60,2025-10-27 14:06:05.894199,337760.42,6302375.39
PB98,B03,LXDH-93,8220,25,60,2025-10-27 14:06:05.894200,337760.42,6302375.39
PB98,105,SJPC-37,1,0,3,2025-10-27 14:06:05.894201,337760.42,6302375.39
PB98,105,SHCY-17,31,0,3,2025-10-27 14:06:05.894202,337760.42,6302375.39
PB98,B20,LXDJ-29,1,0,3,2025-10-27 14:06:05.894203,337760.42,6302375.39
PB98,B20,LXDJ-21,1281,0,4,2025-10-27 14:06:05.894203,337760.42,6302375.39
PI1413,I08,FLXX-62,994,0,3,2025-10-27 14:06:07.784143,336090.814,6293688.823
PI1413,I08,FLXY-51,1837,5,7,2025-10-27 14:06:07.784148,336090.814,6293688.823
PI1413,I02,FLXZ-46,3339,9,13,2025-10-27 14:06:07.784149,336090.814,6293688.823
PI1413,I02,FLXZ-34,5973,18,26,2025-10-27 14:06:07.784150,336090.814,6293688.823
PJ548,J19,VGTW-85,3613,25,60,2025-10-27 14:06:09.700151,337245.515,6296796.18
PJ548,J01,FLXK-36,275,0,3,2025-10-27 14:06:09.700156,337245.515,6296796.18
PJ548,J01,CJRW-72,5072,17,25,2025-10-27 14:06:09.700157,337245.515,6296796.18
PJ548,424,FLXS-68,2665,12,16,2025-10-27 14:06:09.700158,337245.515,6296796.18
PB1629,428,SHCV-76,245,0,3,2025-10-27 14:06:13.757082,338030.268,6306250.899
PB1629,428,SHXD-69,1177,4,6,2025-10-27 14:06:13.757088,338030.268,6306250.899
PB1629,429,SLLZ-39,179,0,3,2025-10-27 14:06:13.757089,338030.268,6306250.899
PB1629,429,SLGT-36,1908,7,9,2025-10-27 14:06:13.757090,338030.268,6306250.899
PI1364,I22,FLXZ-90,66,0,3,2025-10-27 14:06:17.341402,336254.577,6293076.213
PI1364,I08,FLXX-71,733,0,3,2025-10-27 14:06:17.341408,336254.577,6293076.213
PI1364,I08,FLXX-74,1096,0,4,2025-10-27 14:06:17.341409,336254.577,6293076.213
PB1546,201E,VFHK-27,803,0,3,2025-10-27 14:06:18.725022,340958.227,6283472.573
PB1546,201E,VFHL-46,967,0,3,2025-10-27 14:06:18.725027,340958.227,6283472.573
PB1910,B21,SKDH-69,2282,7,9,2025-10-27 14:06:20.740471,340078.89,6306706.61
PB1910,B21,SGPY-95,2530,7,9,2025-10-27 14:06:20.740475,340078.89,6306706.61
PB1910,308,FLXH-35,1964,7,9,2025-10-27 14:06:20.740476,340078.89,6306706.61
PB1910,308,FLXH-95,8369,25,60,2025-10-27 14:06:20.740477,340078.89,6306706.61
PB1910,B11,SKDJ-14,4236,10,14,2025-10-27 14:06:20.740478,340078.89,6306706.61
PB1910,B11,SKDG-39,10436,25,60,2025-10-27 14:06:20.740479,340078.89,6306706.61
PB1910,B06,SKDJ-86,4163,11,15,2025-10-27 14:06:20.740480,340078.89,6306706.61
PB1910,B06,SKDJ-76,6586,17,23,2025-10-27 14:06:20.740480,340078.89,6306706.61
PG1445,G08V,FLXV-18,6067,17,23,2025-10-27 14:06:22.647255,343235.461,6281933.36
PG1445,G28,BJFW-88,1,0,3,2025-10-27 14:06:22.647261,343235.461,6281933.36
PG1445,G28,FLXT-31,7841,25,60,2025-10-27 14:06:22.647263,343235.461,6281933.36
PJ249,J08,FLXT-60,335,0,3,2025-10-27 14:06:24.532707,338332.581,6295491.836
PJ249,J08,FLXT-65,5331,15,21,2025-10-27 14:06:24.532712,338332.581,6295491.836
PJ249,424,TBFT-27,2141,6,8,2025-10-27 14:06:24.532714,338332.581,6295491.836
PJ249,424,FLXS-83,6695,16,24,2025-10-27 14:06:24.532715,338332.581,6295491.836
PB1968,B27,FLXT-89,4015,15,21,2025-10-27 14:06:28.101626,345023.721,6303061.836
PB1968,201,GCBB-52,1458,0,4,2025-10-27 14:06:28.101630,345023.721,6303061.836
PB1968,201,GCBB-79,1773,0,5,2025-10-27 14:06:28.101631,345023.721,6303061.836
PB1968,230,GCBB-35,543,0,3,2025-10-27 14:06:28.101632,345023.721,6303061.836
PB1968,230,GCBB-22,5940,25,60,2025-10-27 14:06:28.101632,345023.721,6303061.836
PB1968,B41,GCBB-40,588,0,3,2025-10-27 14:06:28.101633,345023.721,6303061.836
PB1968,B41,GCBB-77,3233,8,12,2025-10-27 14:06:28.101634,345023.721,6303061.836
PB1968,308,FLXH-95,107,0,3,2025-10-27 14:06:28.101635,345023.721,6303061.836
PB1968,308,FLXH-37,4047,14,20,2025-10-27 14:06:28.101636,345023.721,6303061.836
PB1304,B15,SPCG-88,1953,4,6,2025-10-27 14:06:29.966744,348367.875,6301899.348
PB1304,B15,SPCG-46,4441,13,17,2025-10-27 14:06:29.966749,348367.875,6301899.348
PB1304,B17,SHXF-83,4268,25,60,2025-10-27 14:06:29.966751,348367.875,6301899.348
PB1304,B17,LDJW-30,4913,25,60,2025-10-27 14:06:29.966752,348367.875,6301899.348
PB430,303,FLXF-28,2545,7,9,2025-10-27 14:06:31.939212,345279.553,6300045.517
PB430,303,FLXF-25,2755,8,10,2025-10-27 14:06:31.939217,345279.553,6300045.517
PB430,307,TWPD-85,2470,8,12,2025-10-27 14:06:31.939218,345279.553,6300045.517
PB430,307,FLXJ-15,3882,14,20,2025-10-27 14:06:31.939219,345279.553,6300045.517
PB430,314,TWPC-60,1,0,3,2025-10-27 14:06:31.939219,345279.553,6300045.517
PB430,314,VHSZ-47,6996,12,16,2025-10-27 14:06:31.939220,345279.553,6300045.517
PB430,B20,SKHG-90,72,0,3,2025-10-27 14:06:31.939221,345279.553,6300045.517
PB430,B20,LXDJ-10,1,0,3,2025-10-27 14:06:31.939222,345279.553,6300045.517
PB430,B29,SKHG-79,5090,11,15,2025-10-27 14:06:31.939223,345279.553,6300045.517
PB430,B29,SKHG-93,8177,20,28,2025-10-27 14:06:31.939224,345279.553,6300045.517
PB639,B32,STHK-53,1639,8,10,2025-10-27 14:06:35.353540,339533.465,6306472.354
PB639,314,VHTB-79,4002,7,9,2025-10-27 14:06:35.353545,339533.465,6306472.354
PB639,314,VHTB-53,7027,10,14,2025-10-27 14:06:35.353546,339533.465,6306472.354
PB639,B45,TWPD-94,282,0,3,2025-10-27 14:06:35.353547,339533.465,6306472.354
PB639,B45,TWPD-15,4317,18,26,2025-10-27 14:06:35.353548,339533.465,6306472.354
PB639,B08,SHCY-51,5706,14,20,2025-10-27 14:06:35.353549,339533.465,6306472.354
PB639,B18,STHK-70,362,0,3,2025-10-27 14:06:35.353549,339533.465,6306472.354
PB639,B18,TXZH-32,4881,11,15,2025-10-27 14:06:35.353550,339533.465,6306472.354
PG1240,G15,THTF-72,561,0,3,2025-10-27 14:06:38.558160,346179.798,6285126.556
PG1240,G15,THTD-29,3044,11,15,2025-10-27 14:06:38.558165,346179.798,6285126.556
PG1240,F20,SPZY-58,1190,6,8,2025-10-27 14:06:38.558167,346179.798,6285126.556
PG1240,203C,VJKD-85,3671,7,9,2025-10-27 14:06:38.558168,346179.798,6285126.556
PD1412,425,SGPW-45,3213,10,14,2025-10-27 14:06:40.501789,355511.231,6295202.937
PD1412,425,SHXG-96,3307,10,14,2025-10-27 14:06:40.501793,355511.231,6295202.937
PD1412,429,SLPB-84,5468,25,60,2025-10-27 14:06:40.501795,355511.231,6295202.937
PD1412,429,SHCV-70,7104,25,60,2025-10-27 14:06:40.501795,355511.231,6295202.937
PD1412,510,TBFR-34,1425,4,6,2025-10-27 14:06:40.501796,355511.231,6295202.937
PD1412,510,GCBC-37,4987,20,28,2025-10-27 14:06:40.501797,355511.231,6295202.937
PD1412,418,SKPK-32,148,0,3,2025-10-27 14:06:40.501798,355511.231,6295202.937
PD1412,418,SKPK-34,5501,25,60,2025-10-27 14:06:40.501799,355511.231,6295202.937
PF9,124,SRVK-42,4694,12,16,2025-10-27 14:06:42.628018,355564.204,6285334.302
PF9,124,SRVJ-43,8933,25,60,2025-10-27 14:06:42.628023,355564.204,6285334.302
PF9,712,SRVG-10,4428,12,16,2025-10-27 14:06:42.628025,355564.204,6285334.302
PF9,712,STHD-50,6784,18,26,2025-10-27 14:06:42.628026,355564.204,6285334.302
PF9,104,SKWD-81,772,0,3,2025-10-27 14:06:42.628027,355564.204,6285334.302
PF9,F08,SPVV-97,2991,8,10,2025-10-27 14:06:42.628028,355564.204,6285334.302
PF9,F08,SRPJ-92,5760,16,22,2025-10-27 14:06:42.628029,355564.204,6285334.302
PF9,F10,SRPK-36,4318,12,16,2025-10-27 14:06:42.628030,355564.204,6285334.302
PF9,F10,SRRW-90,6668,21,29,2025-10-27 14:06:42.628031,355564.204,6285334.302
PF9,F13,SRPJ-82,2532,8,10,2025-10-27 14:06:42.628032,355564.204,6285334.302
PF9,F13,SRRZ-16,3636,12,16,2025-10-27 14:06:42.628033,355564.204,6285334.302
PF9,102,LBTT-10,790,0,3,2025-10-27 14:06:42.628034,355564.204,6285334.302
PF9,102,SPZY-48,4131,8,10,2025-10-27 14:06:42.628035,355564.204,6285334.302
PG461,E03,CJRB-18,4994,12,18,2025-10-27 14:06:44.489009,346120.62,6289380.14
PG461,E03,BJFZ-27,5346,13,19,2025-10-27 14:06:44.489015,346120.62,6289380.14
PG971,228,THTF-84,3694,8,12,2025-10-27 14:06:46.325506,343586.487,6281603.707
PG971,228,THTF-66,4466,11,15,2025-10-27 14:06:46.325512,343586.487,6281603.707
PB1924,425,SJPB-33,921,7,9,2025-10-27 14:06:48.177919,338706.93,6306975.615
PB1924,425,SHXG-81,1669,13,19,2025-10-27 14:06:48.177926,338706.93,6306975.615
PB1924,429,SLPB-36,1,0,3,2025-10-27 14:06:48.177929,338706.93,6306975.615
PB1924,429,SLLZ-93,2347,8,10,2025-10-27 14:06:48.177931,338706.93,6306975.615
PB1924,430,PGBY-84,1331,5,7,2025-10-27 14:06:48.177933,338706.93,6306975.615
PB1924,435,SLGS-92,2742,8,10,2025-10-27 14:06:48.177934,338706.93,6306975.615
PB1924,308,FLXH-32,1,0,3,2025-10-27 14:06:48.177936,338706.93,6306975.615
PB1924,308,FLXK-16,2340,17,23,2025-10-27 14:06:48.177938,338706.93,6306975.615
PB1924,B21,SKDJ-88,1550,0,5,2025-10-27 14:06:48.177940,338706.93,6306975.615
PG580,G28,FLXK-72,890,0,3,2025-10-27 14:06:50.624579,346131.962,6283464.219
PG580,G28,BJFX-32,5825,17,25,2025-10-27 14:06:50.624586,346131.962,6283464.219
PG580,G11,THTD-11,1077,0,4,2025-10-27 14:06:50.624588,346131.962,6283464.219
PG580,G11,THTG-95,3776,11,15,2025-10-27 14:06:50.624589,346131.962,6283464.219
PG580,G13,SHXB-27,2119,7,9,2025-10-27 14:06:50.624591,346131.962,6283464.219
PG580,G13,SHXB-29,1434,8,10,2025-10-27 14:06:50.624592,346131.962,6283464.219
PG580,F06,SPZX-74,910,0,4,2025-10-27 14:06:50.624594,346131.962,6283464.219
PG580,F06,SPZY-79,5514,19,27,2025-10-27 14:06:50.624596,346131.962,6283464.219
PG580,302,BJFV-73,4554,12,18,2025-10-27 14:06:50.624597,346131.962,6283464.219
PG580,302,BJFT-80,4489,13,19,2025-10-27 14:06:50.624598,346131.962,6283464.219
PI1848,108,PFVC-57,1055,0,4,2025-10-27 14:06:52.610904,333973.36,6287746.59
PI1848,108,PGPT-44,1681,7,9,2025-10-27 14:06:52.610909,333973.36,6287746.59
PI1848,419,PFYH-14,3497,12,16,2025-10-27 14:06:52.610911,333973.36,6287746.59
PI1848,419,PFYG-91,5124,18,26,2025-10-27 14:06:52.610912,333973.36,6287746.59
PI1848,I03,FLXG-51,8430,25,60,2025-10-27 14:06:52.610914,333973.36,6287746.59
PI1848,I03,FLXK-93,8456,25,60,2025-10-27 14:06:52.610915,333973.36,6287746.59
PI1848,I10,FLXG-93,5546,16,22,2025-10-27 14:06:52.610916,333973.36,6287746.59
PI1848,I10,FLXL-46,8560,25,60,2025-10-27 14:06:52.610917,333973.36,6287746.59
PI1848,118,CJRZ-78,979,0,3,2025-10-27 14:06:52.610918,333973.36,6287746.59
PI1848,118,FLXX-76,1771,8,10,2025-10-27 14:06:52.610919,333973.36,6287746.59
PE481,325,VFJT-74,1012,0,5,2025-10-27 14:06:54.513890,351536.2,6290408.575
PE481,325,VJWY-31,6517,25,60,2025-10-27 14:06:54.513895,351536.2,6290408.575
PE481,E05,CJRB-44,4446,14,20,2025-10-27 14:06:54.513896,351536.2,6290408.575
PE481,E05,BJFS-99,8775,25,60,2025-10-27 14:06:54.513897,351536.2,6290408.575
PE1518,233,SFPG-34,4133,13,19,2025-10-27 14:06:56.146046,348165.5,6289261.2
PE1518,233,SFPG-39,6643,25,60,2025-10-27 14:06:56.146051,348165.5,6289261.2
PE1518,E02,VKJX-23,1,0,3,2025-10-27 14:06:56.146053,348165.5,6289261.2
PE1518,E02,VKJX-38,1436,4,6,2025-10-27 14:06:56.146054,348165.5,6289261.2
PA316,121,BJFW-48,690,0,3,2025-10-27 14:06:58.966459,345290.55,6295362.13
PA316,121,FLXF-74,2532,8,10,2025-10-27 14:06:58.966464,345290.55,6295362.13
PG197,211,TBYY-77,1240,0,3,2025-10-27 14:07:00.930422,347911.999,6287457.497
PG197,211,TBZB-16,2770,5,7,2025-10-27 14:07:00.930427,347911.999,6287457.497
PG197,G11,THTD-65,1014,0,5,2025-10-27 14:07:00.930428,347911.999,6287457.497
PG197,G11,THTG-72,6263,18,26,2025-10-27 14:07:00.930429,347911.999,6287457.497
PG197,118,LXWR-93,3255,9,11,2025-10-27 14:07:00.930429,347911.999,6287457.497
PG197,118,FLXS-74,5438,15,21,2025-10-27 14:07:00.930430,347911.999,6287457.497
PH504,H24,VGRD-35,2102,8,10,2025-10-27 14:07:03.288763,348956.355,6293690.456
PB953,B06,SPCG-79,1987,10,14,2025-10-27 14:07:05.233359,337366.426,6308422.314
PB953,B43,SJPC-71,1213,0,5,2025-10-27 14:07:05.233364,337366.426,6308422.314
PJ343,J02,VHXJ-20,5514,14,20,2025-10-27 14:07:07.132811,343754.362,6299444.334
PJ343,J02,VHZX-50,10108,25,60,2025-10-27 14:07:07.132816,343754.362,6299444.334
PJ343,507,FLXK-29,201,0,3,2025-10-27 14:07:07.132818,343754.362,6299444.334
PJ343,507,TBFX-69,1346,5,7,2025-10-27 14:07:07.132819,343754.362,6299444.334
PB445,303,FLXD-93,4428,9,13,2025-10-27 14:07:09.070945,342295.843,6305913.226
PB445,303,FLXF-28,9278,25,60,2025-10-27 14:07:09.070949,342295.843,6305913.226
PB445,307,VHTB-68,2670,5,7,2025-10-27 14:07:09.070951,342295.843,6305913.226
PB445,307,TWPD-85,9157,25,60,2025-10-27 14:07:09.070951,342295.843,6305913.226
PB445,314,VHTB-79,27,0,3,2025-10-27 14:07:09.070952,342295.843,6305913.226
PB445,314,VHTB-53,2687,0,5,2025-10-27 14:07:09.070953,342295.843,6305913.226
PB445,B26,FLXP-78,3358,14,20,2025-10-27 14:07:09.070954,342295.843,6305913.226
PB445,B26,HVFH-33,4186,17,25,2025-10-27 14:07:09.070955,342295.843,6305913.226
PB445,B04,SHXG-90,695,0,5,2025-10-27 14:07:09.070955,342295.843,6305913.226
PB445,B04,SHCX-31,1443,9,13,2025-10-27 14:07:09.070956,342295.843,6305913.226
PG1148,G12,SCRZ-10,295,0,3,2025-10-27 14:07:10.992767,344516.675,6288042.988
PG1148,G12,SDSW-49,882,4,6,2025-10-27 14:07:10.992773,344516.675,6288042.988
PD803,D03,SVDD-41,270,0,3,2025-10-27 14:07:12.878152,354345.256,6296487.753
PD803,D03,SVDF-17,2337,6,8,2025-10-27 14:07:12.878158,354345.256,6296487.753
PA129,234,SDGY-26,994,0,4,2025-10-27 14:07:14.784041,348104.08,6295859.5
PA129,234,VJJX-77,6506,15,21,2025-10-27 14:07:14.784047,348104.08,6295859.5
PA129,204,VFPH-91,745,0,3,2025-10-27 14:07:14.784048,348104.08,6295859.5
PA129,204,VFRB-67,1514,0,4,2025-10-27 14:07:14.784049,348104.08,6295859.5
PH757,E04,VKJX-45,929,0,5,2025-10-27 14:07:16.702366,348246.404,6292603.445
PH757,E04,VKJX-30,4571,17,25,2025-10-27 14:07:16.702372,348246.404,6292603.445
PD1626,114,SKVD-54,4334,17,23,2025-10-27 14:07:18.184720,350816.4,6296988.59
PD1626,114,LDSV-92,6742,25,60,2025-10-27 14:07:18.184726,350816.4,6296988.59
PE81,E10,BJFZ-30,1176,0,5,2025-10-27 14:07:19.867098,351115.144,6288438.14
PE81,E10,FLXR-51,4670,14,20,2025-10-27 14:07:19.867103,351115.144,6288438.14
PE81,E13,VFJS-65,2346,10,14,2025-10-27 14:07:19.867104,351115.144,6288438.14
PE81,234,VJLR-21,2641,8,10,2025-10-27 14:07:19.867105,351115.144,6288438.14
PE81,234,SDGY-38,7499,19,27,2025-10-27 14:07:19.867106,351115.144,6288438.14
PE81,204,VGBW-58,2693,9,11,2025-10-27 14:07:19.867107,351115.144,6288438.14
PE81,204,VFRD-75,2739,9,11,2025-10-27 14:07:19.867108,351115.144,6288438.14
PI331,I04,FLXZ-72,4219,11,15,2025-10-27 14:07:21.912760,335179.94,6287023.822
PI331,I04,FLXZ-68,4918,13,19,2025-10-27 14:07:21.912764,335179.94,6287023.822
PI331,506V,TBFR-37,132,0,3,2025-10-27 14:07:21.912766,335179.94,6287023.822
PI331,506V,GCBD-80,4099,12,16,2025-10-27 14:07:21.912766,335179.94,6287023.822
PI331,115,SZZY-69,360,0,4,2025-10-27 14:07:21.912767,335179.94,6287023.822
PI331,115,PFXC-21,3135,8,12,2025-10-27 14:07:21.912768,335179.94,6287023.822
PC33,104,SKWD-75,1406,4,6,2025-10-27 14:07:25.778467,351011.578,6299878.266
PC33,104,LCST-80,3866,15,21,2025-10-27 14:07:25.778472,351011.578,6299878.266
PC33,212,LZPR-78,605,0,3,2025-10-27 14:07:25.778473,351011.578,6299878.266
PC33,212,LXWT-94,3307,15,21,2025-10-27 14:07:25.778474,351011.578,6299878.266
PJ555,J01,FLXD-49,724,0,3,2025-10-27 14:07:27.574190,339113.47,6297773.623
PJ555,J01,FLXK-44,1203,0,5,2025-10-27 14:07:27.574195,339113.47,6297773.623
PJ555,J04,FLXW-50,75,0,3,2025-10-27 14:07:27.574196,339113.47,6297773.623
PJ555,J15C,TBFR-48,258,0,3,2025-10-27 14:07:27.574197,339113.47,6297773.623
PB1281,B14,FLXJ-41,259,0,3,2025-10-27 14:07:29.508039,346611.439,6302643.926
PB1281,B14,FLXT-47,3767,13,19,2025-10-27 14:07:29.508044,346611.439,6302643.926
PB1281,B21,SKDH-90,136,0,3,2025-10-27 14:07:29.508045,346611.439,6302643.926
PB1125,B24,STHF-42,4318,14,20,2025-10-27 14:07:31.538168,346167.526,6300578.205
PB1125,B10,STHR-80,1320,5,7,2025-10-27 14:07:31.538173,346167.526,6300578.205
PB1125,B10,STHF-54,3664,12,16,2025-10-27 14:07:31.538174,346167.526,6300578.205
PI283,113,BJFT-12,4519,8,12,2025-10-27 14:07:33.519208,337171.577,6289047.551
PI283,113,FLXZ-58,5208,10,14,2025-10-27 14:07:33.519213,337171.577,6289047.551
PI283,I12,VHSY-18,2054,6,8,2025-10-27 14:07:33.519215,337171.577,6289047.551
PI283,I12,FLXY-25,2670,9,13,2025-10-27 14:07:33.519215,337171.577,6289047.551
PI283,115,FLXV-94,1775,0,5,2025-10-27 14:07:33.519216,337171.577,6289047.551
PI283,115,TBFS-54,3926,9,11,2025-10-27 14:07:33.519217,337171.577,6289047.551
PD409,D03,SVDF-42,458,0,3,2025-10-27 14:07:35.504266,353469.5,6297224.71
PD409,D03,SVDF-60,3364,12,16,2025-10-27 14:07:35.504271,353469.5,6297224.71
PD409,D09,SVDF-12,1838,8,10,2025-10-27 14:07:35.504272,353469.5,6297224.71
PD409,D09,SVDD-45,5331,18,26,2025-10-27 14:07:35.504273,353469.5,6297224.71
PD409,403,PFVG-86,435,0,3,2025-10-27 14:07:35.504273,353469.5,6297224.71
PD409,403,PFVG-98,2560,11,15,2025-10-27 14:07:35.504274,353469.5,6297224.71
PD409,505,VJBB-20,3405,11,15,2025-10-27 14:07:35.504275,353469.5,6297224.71
PD409,505,LZPH-31,4613,15,21,2025-10-27 14:07:35.504276,353469.5,6297224.71
PD409,513,VHZX-21,1078,0,4,2025-10-27 14:07:35.504277,353469.5,6297224.71
PD409,513,VJBC-40,2640,9,13,2025-10-27 14:07:35.504277,353469.5,6297224.71
PD409,227,VFPK-64,1233,0,5,2025-10-27 14:07:35.504278,353469.5,6297224.71
PD409,227,VFPL-61,5504,16,24,2025-10-27 14:07:35.504279,353469.5,6297224.71
PD409,422,TBFX-68,91,0,3,2025-10-27 14:07:35.504280,353469.5,6297224.71
PD409,422,GCBD-66,6522,19,27,2025-10-27 14:07:35.504281,353469.5,6297224.71
PJ1000,J16,FLXH-91,56,0,3,2025-10-27 14:07:37.389000,340593.428,6301753.039
PD938,D07,SVDC-62,4105,18,26,2025-10-27 14:07:38.754726,351790.759,6294406.318
PD938,D07,SVDD-49,5071,19,27,2025-10-27 14:07:38.754732,351790.759,6294406.318
PC602,C01,LDJJ-71,3374,12,16,2025-10-27 14:07:40.698420,360244.349,6308303.993
PC602,C01,LDJJ-78,6669,25,60,2025-10-27 14:07:40.698426,360244.349,6308303.993
PG565,G16,SDSW-78,2364,5,7,2025-10-27 14:07:42.601888,345517.748,6285815.942
PG565,G16,SDSW-76,2440,5,7,2025-10-27 14:07:42.601894,345517.748,6285815.942
PG565,F06,SPZY-79,1498,6,8,2025-10-27 14:07:42.601895,345517.748,6285815.942
PJ1615,J07,VHZZ-61,266,0,3,2025-10-27 14:07:44.514237,333919.11,6306051.514
PJ1615,J07,VHZZ-40,8897,19,27,2025-10-27 14:07:44.514242,333919.11,6306051.514
PH164,204,VGBW-48,451,0,3,2025-10-27 14:07:46.354476,348615.769,6293762.794
PH164,204,VFPF-54,2589,7,9,2025-10-27 14:07:46.354481,348615.769,6293762.794
PH164,E04,VKJX-30,3042,12,16,2025-10-27 14:07:46.354483,348615.769,6293762.794
PH164,234,SDGY-38,1,0,3,2025-10-27 14:07:46.354484,348615.769,6293762.794
PH164,234,VJJZ-87,4642,14,20,2025-10-27 14:07:46.354485,348615.769,6293762.794
PJ1713,111,FLXZ-62,1,0,3,2025-10-27 14:07:47.708415,336570.924,6296463.657
PJ1713,111,FLXF-57,3306,12,16,2025-10-27 14:07:47.708419,336570.924,6296463.657
PJ1713,J08,FLXT-60,2423,7,9,2025-10-27 14:07:47.708420,336570.924,6296463.657
PJ1713,J08,FLXT-65,7389,25,60,2025-10-27 14:07:47.708421,336570.924,6296463.657
PC1106,430,PFZK-87,914,0,5,2025-10-27 14:07:49.666964,351819.419,6301446.144
PC1106,430,SHXG-39,1380,5,7,2025-10-27 14:07:49.666970,351819.419,6301446.144
PC1106,401,PDZH-84,2395,7,9,2025-10-27 14:07:49.666971,351819.419,6301446.144
PC1106,401,PDYH-31,3443,10,14,2025-10-27 14:07:49.666972,351819.419,6301446.144
PC1106,421,PDZH-75,3395,14,20,2025-10-27 14:07:49.666974,351819.419,6301446.144
PC1106,421,PFYG-83,4912,20,28,2025-10-27 14:07:49.666975,351819.419,6301446.144
PC1106,406,TBFX-35,607,0,3,2025-10-27 14:07:49.666976,351819.419,6301446.144
PC1106,406,PFXB-25,2118,6,8,2025-10-27 14:07:49.666977,351819.419,6301446.144
PC1106,407,TBFT-19,698,0,4,2025-10-27 14:07:49.666978,351819.419,6301446.144
PC1106,407,TBFX-79,2427,8,10,2025-10-27 14:07:49.666979,351819.419,6301446.144
PC1106,426,BJFH-61,233,0,3,2025-10-27 14:07:49.666980,351819.419,6301446.144
PC1106,426,BJFC-72,295,0,3,2025-10-27 14:07:49.666981,351819.419,6301446.144
PH653,H09,VGRD-55,477,0,3,2025-10-27 14:07:51.559279,346048.309,6292897.352
PH653,H09,VGRC-83,4346,17,25,2025-10-27 14:07:51.559284,346048.309,6292897.352
PH653,H12,CJRW-55,1057,0,4,2025-10-27 14:07:51.559285,346048.309,6292897.352
PH653,H13,FLXF-32,2905,9,13,2025-10-27 14:07:51.559286,346048.309,6292897.352
PH653,H13,CJRX-64,6477,18,26,2025-10-27 14:07:51.559287,346048.309,6292897.352
PD645,516,FLXV-88,532,0,3,2025-10-27 14:07:53.585447,352959.171,6295805.492
PD645,516,PFXC-77,584,0,3,2025-10-27 14:07:53.585453,352959.171,6295805.492
PD645,519,RKXL-33,2080,6,8,2025-10-27 14:07:53.585455,352959.171,6295805.492
PD645,519,RKXL-32,7904,25,60,2025-10-27 14:07:53.585456,352959.171,6295805.492
PD645,506,PFXB-93,1123,0,4,2025-10-27 14:07:53.585457,352959.171,6295805.492
PD645,506,TBFW-62,1431,0,5,2025-10-27 14:07:53.585458,352959.171,6295805.492
PD645,506V,TBFR-54,1959,5,7,2025-10-27 14:07:53.585459,352959.171,6295805.492
PD645,506V,PFXC-18,2000,5,7,2025-10-27 14:07:53.585460,352959.171,6295805.492
PD645,507,GCBD-69,2547,7,9,2025-10-27 14:07:53.585461,352959.171,6295805.492
PD645,507,PFWZ-92,4006,10,14,2025-10-27 14:07:53.585462,352959.171,6295805.492
PD645,510,TBFW-67,1921,5,7,2025-10-27 14:07:53.585465,352959.171,6295805.492
PD645,510,TBFR-15,1963,5,7,2025-10-27 14:07:53.585466,352959.171,6295805.492
PD645,511,TBFV-17,493,0,3,2025-10-27 14:07:53.585467,352959.171,6295805.492
PD645,511,TBFR-20,7174,19,27,2025-10-27 14:07:53.585468,352959.171,6295805.492
PC80,C01,LDJJ-76,1586,6,8,2025-10-27 14:07:55.575551,353580.99,6299857.7
PC80,C01,LDJJ-85,3906,13,17,2025-10-27 14:07:55.575557,353580.99,6299857.7
PC80,425,SGPY-78,1,0,3,2025-10-27 14:07:55.575558,353580.99,6299857.7
PC80,425,SHCY-20,1944,5,7,2025-10-27 14:07:55.575559,353580.99,6299857.7
PC80,286,SCRZ-39,2020,7,9,2025-10-27 14:07:55.575560,353580.99,6299857.7
PC80,286,SHXG-74,4843,17,25,2025-10-27 14:07:55.575561,353580.99,6299857.7
PC80,712,SJPC-39,1486,0,5,2025-10-27 14:07:55.575562,353580.99,6299857.7
PC80,712,SHCW-72,3009,8,12,2025-10-27 14:07:55.575563,353580.99,6299857.7
PA352,314,VHTB-42,2726,0,3,2025-10-27 14:07:57.619655,345755.84,6299303.51
PA352,314,VHSX-73,3853,0,5,2025-10-27 14:07:57.619661,345755.84,6299303.51
PA352,315E,VHSY-11,9776,0,3,2025-10-27 14:07:57.619662,345755.84,6299303.51
PA352,315E,VHSX-80,6256,0,3,2025-10-27 14:07:57.619663,345755.84,6299303.51
PA352,119,FLXK-71,1117,5,7,2025-10-27 14:07:57.619664,345755.84,6299303.51
PA352,119,CJRX-70,1377,6,8,2025-10-27 14:07:57.619664,345755.84,6299303.51
PA352,502,BJFF-48,1824,8,10,2025-10-27 14:07:57.619665,345755.84,6299303.51
PA352,502,BJFF-54,6328,25,60,2025-10-27 14:07:57.619666,345755.84,6299303.51
PA352,518,BJFD-73,149,0,3,2025-10-27 14:07:57.619667,345755.84,6299303.51
PA352,518,BJFB-66,2378,7,9,2025-10-27 14:07:57.619668,345755.84,6299303.51
PA352,517,VHZW-91,2146,7,9,2025-10-27 14:07:57.619668,345755.84,6299303.51
PA352,517,VHXJ-14,6978,20,28,2025-10-27 14:07:57.619669,345755.84,6299303.51
PA352,503,VGVB-44,1351,0,3,2025-10-27 14:07:57.619670,345755.84,6299303.51
PA352,503,VHLY-27,4410,10,14,2025-10-27 14:07:57.619671,345755.84,6299303.51
PA352,303,FLXF-85,53,0,3,2025-10-27 14:07:57.619671,345755.84,6299303.51
PA352,303,FLXF-45,2665,0,3,2025-10-27 14:07:57.619672,345755.84,6299303.51
PG1749,233,SFPG-33,1,0,3,2025-10-27 14:07:59.282642,348990.128,6281941.474
PG1749,233,SFPF-85,3573,7,9,2025-10-27 14:07:59.282647,348990.128,6281941.474
PG1749,F06,SPZY-13,1024,0,5,2025-10-27 14:07:59.282648,348990.128,6281941.474
PG1749,F06,SPZY-37,3345,11,15,2025-10-27 14:07:59.282649,348990.128,6281941.474
PJ1937,J05,FLXW-25,1126,0,4,2025-10-27 14:08:01.300370,336314.58,6300795.51
PJ1937,J13C,FLXW-35,92,0,3,2025-10-27 14:08:01.300375,336314.58,6300795.51
PJ1937,J04,TBFT-31,1007,0,4,2025-10-27 14:08:01.300377,336314.58,6300795.51
PA185,412,PFTW-19,521,0,3,2025-10-27 14:08:04.252283,345603.741,6298038.598
PA185,412,LXWP-59,2942,8,10,2025-10-27 14:08:04.252289,345603.741,6298038.598
PA185,418,PFVH-14,792,0,3,2025-10-27 14:08:04.252291,345603.741,6298038.598
PA185,418,SJPF-43,4492,13,17,2025-10-27 14:08:04.252291,345603.741,6298038.598
PA185,210,SXKV-96,392,0,3,2025-10-27 14:08:04.252292,345603.741,6298038.598
PA185,210,LZRB-90,6466,18,26,2025-10-27 14:08:04.252293,345603.741,6298038.598
PA185,210V,VFPX-13,492,0,3,2025-10-27 14:08:04.252294,345603.741,6298038.598
PA185,210V,VFPW-23,6502,16,22,2025-10-27 14:08:04.252295,345603.741,6298038.598
PA185,385,FLXY-82,10322,25,60,2025-10-27 14:08:04.252296,345603.741,6298038.598
PA185,516,TBFP-63,556,0,3,2025-10-27 14:08:04.252297,345603.741,6298038.598
PA185,516,PFXC-62,1274,5,7,2025-10-27 14:08:04.252298,345603.741,6298038.598
PA185,518,BJFD-45,1,0,3,2025-10-27 14:08:04.252299,345603.741,6298038.598
PA185,518,GCBF-12,2996,12,16,2025-10-27 14:08:04.252300,345603.741,6298038.598
PA185,519,RKXL-26,510,0,3,2025-10-27 14:08:04.252301,345603.741,6298038.598
PA185,519,PFXC-34,535,0,3,2025-10-27 14:08:04.252302,345603.741,6298038.598
PC86,210,LZRB-90,3748,10,14,2025-10-27 14:08:06.917284,348003.424,6299006.773
PC86,210,RWTP-80,3961,11,15,2025-10-27 14:08:06.917288,348003.424,6299006.773
PC86,210V,VFPW-23,3991,8,10,2025-10-27 14:08:06.917290,348003.424,6299006.773
PC86,210V,VFPZ-56,6854,13,19,2025-10-27 14:08:06.917290,348003.424,6299006.773
PC86,516,GCBF-28,2255,6,8,2025-10-27 14:08:06.917291,348003.424,6299006.773
PC86,516,PFXB-59,7430,21,29,2025-10-27 14:08:06.917292,348003.424,6299006.773
PC86,519,FLXV-62,2565,7,9,2025-10-27 14:08:06.917293,348003.424,6299006.773
PC86,519,TBFX-67,6022,16,24,2025-10-27 14:08:06.917294,348003.424,6299006.773
PC86,403,PFVG-83,1110,0,3,2025-10-27 14:08:06.917295,348003.424,6299006.773
PC86,403,SKPK-22,3885,9,13,2025-10-27 14:08:06.917295,348003.424,6299006.773
PC86,513,LZPH-29,687,0,4,2025-10-27 14:08:06.917296,348003.424,6299006.773
PC86,513,LZPH-23,4164,14,20,2025-10-27 14:08:06.917297,348003.424,6299006.773
PA338,412,PFYC-80,1630,0,5,2025-10-27 14:08:09.305931,346106.659,6298104.188
PA338,412,PFTW-28,6541,17,25,2025-10-27 14:08:09.305937,346106.659,6298104.188
PA338,418,PFVH-11,967,0,3,2025-10-27 14:08:09.305938,346106.659,6298104.188
PA338,418,LXWP-62,3770,8,10,2025-10-27 14:08:09.305939,346106.659,6298104.188
PA338,401,PFTV-84,4038,12,18,2025-10-27 14:08:09.305940,346106.659,6298104.188
PA338,401,PDZH-78,5374,17,23,2025-10-27 14:08:09.305941,346106.659,6298104.188
PA338,405,PDYR-98,2503,7,9,2025-10-27 14:08:09.305942,346106.659,6298104.188
PA338,405,PFYH-22,6050,17,23,2025-10-27 14:08:09.305943,346106.659,6298104.188
PA338,421,PFYG-68,1803,6,8,2025-10-27 14:08:09.305944,346106.659,6298104.188
PA338,421,PDYH-84,4828,16,24,2025-10-27 14:08:09.305945,346106.659,6298104.188
PA338,406,TBFW-39,480,0,3,2025-10-27 14:08:09.305946,346106.659,6298104.188
PA338,406,TBFW-93,1294,0,4,2025-10-27 14:08:09.305957,346106.659,6298104.188
PA338,407,TBFS-35,1,0,3,2025-10-27 14:08:09.305958,346106.659,6298104.188
PA338,407,PFXB-27,1708,6,8,2025-10-27 14:08:09.305959,346106.659,6298104.188
PA338,426,BJFC-78,1530,4,6,2025-10-27 14:08:09.305960,346106.659,6298104.188
PA338,426,BJFC-75,2162,8,10,2025-10-27 14:08:09.305961,346106.659,6298104.188
PD265,712,SHCW-62,2495,8,10,2025-10-27 14:08:11.256401,353430.153,6295231.817
PD265,712,SJPC-39,6226,17,25,2025-10-27 14:08:11.256407,353430.153,6295231.817
PD265,225,VFJJ-50,2931,8,10,2025-10-27 14:08:11.256408,353430.153,6295231.817
PD265,225,VFKV-90,4678,13,17,2025-10-27 14:08:11.256409,353430.153,6295231.817
PJ69,110,SRTK-45,2092,7,9,2025-10-27 14:08:13.203780,338204.265,6297971.286
PJ69,110,SRTH-21,5625,21,29,2025-10-27 14:08:13.203785,338204.265,6297971.286
PJ69,110C,BJFC-37,488,0,3,2025-10-27 14:08:13.203787,338204.265,6297971.286
PJ69,110C,GCBD-60,918,0,3,2025-10-27 14:08:13.203788,338204.265,6297971.286
PG1679,F03,SPVW-73,104,0,3,2025-10-27 14:08:15.062424,348300.665,6279375.138
PG1679,F03,SRPJ-78,4423,7,9,2025-10-27 14:08:15.062429,348300.665,6279375.138
PJ2014,J07,VHZZ-40,7479,17,23,2025-10-27 14:08:16.962734,334916.981,6305434.011
PJ2014,J07,VHZZ-41,10824,25,60,2025-10-27 14:08:16.962739,334916.981,6305434.011
PC776,C17,SHXD-81,1595,0,5,2025-10-27 14:08:20.849939,357419.714,6308310.774
PC776,C28,SGPW-42,553,0,3,2025-10-27 14:08:20.849944,357419.714,6308310.774
PC776,C28,SKPJ-82,3956,9,13,2025-10-27 14:08:20.849945,357419.714,6308310.774
PG534,F03,SPVX-11,2743,11,15,2025-10-27 14:08:22.777477,343280.315,6281618.98
PG534,G14,FLXP-22,1408,5,7,2025-10-27 14:08:22.777484,343280.315,6281618.98
PG534,G14,GCWF-75,3181,15,21,2025-10-27 14:08:22.777485,343280.315,6281618.98
PD1217,D16,PGLD-47,1118,0,4,2025-10-27 14:08:24.623574,352324.137,6295523.178
PD1217,D16,PFYC-51,5537,15,21,2025-10-27 14:08:24.623579,352324.137,6295523.178
PB243,201,GCBB-52,6264,19,27,2025-10-27 14:08:26.976103,343040.605,6307527.267
PB243,201,GCBB-79,6454,20,28,2025-10-27 14:08:26.976108,343040.605,6307527.267
PB243,214,GCBB-64,1503,5,7,2025-10-27 14:08:26.976109,343040.605,6307527.267
PB243,214,GCBB-12,4183,13,17,2025-10-27 14:08:26.976110,343040.605,6307527.267
PB243,230,GCBB-35,6197,20,28,2025-10-27 14:08:26.976111,343040.605,6307527.267
PB243,230,GCBB-22,11926,25,60,2025-10-27 14:08:26.976111,343040.605,6307527.267
PB243,272,VFHW-46,4521,13,19,2025-10-27 14:08:26.976112,343040.605,6307527.267
PB243,272,VGCB-39,6593,25,60,2025-10-27 14:08:26.976113,343040.605,6307527.267
PB243,B05,SKDJ-69,1278,0,5,2025-10-27 14:08:26.976114,343040.605,6307527.267
PC740,C22,LDJW-52,1,0,3,2025-10-27 14:08:28.533486,351777.565,6304872.779
PC302,C09,SHCY-31,633,0,3,2025-10-27 14:08:30.485635,357141.792,6302199.705
PC302,C09,SGPY-62,2233,9,11,2025-10-27 14:08:30.485640,357141.792,6302199.705
PC302,C37,SJPB-65,2313,8,10,2025-10-27 14:08:30.485641,357141.792,6302199.705
PC302,C37,SGPW-53,3841,12,16,2025-10-27 14:08:30.485642,357141.792,6302199.705
PC302,407,TBFW-14,500,0,3,2025-10-27 14:08:30.485643,357141.792,6302199.705
PC302,407,PFXC-66,720,0,3,2025-10-27 14:08:30.485644,357141.792,6302199.705
PG1752,G02,FLXX-15,1345,4,6,2025-10-27 14:08:32.421117,342375.489,6276451.891
PG1752,G02,FLXX-31,10271,25,60,2025-10-27 14:08:32.421122,342375.489,6276451.891
PH662,H12,FLXH-16,1350,0,5,2025-10-27 14:08:34.014486,342553.909,6288768.911
PH662,G09,SCRZ-20,4349,12,16,2025-10-27 14:08:34.014491,342553.909,6288768.911
PH662,G09,SHCX-11,6556,18,26,2025-10-27 14:08:34.014492,342553.909,6288768.911
PG458,E03,BJFZ-93,556,0,3,2025-10-27 14:08:35.627047,346934.59,6289177.833
PG1944,G23,SFWB-29,305,0,3,2025-10-27 14:08:37.590294,344153.93,6282990.17
PG1944,G23,SFWB-72,1926,7,9,2025-10-27 14:08:37.590309,344153.93,6282990.17
PG1944,G14,FLXX-14,895,0,3,2025-10-27 14:08:37.590310,344153.93,6282990.17
PG1944,G14,FLXP-22,4577,11,15,2025-10-27 14:08:37.590311,344153.93,6282990.17
PG1944,G07,THTD-89,1518,7,9,2025-10-27 14:08:37.590311,344153.93,6282990.17
PG920,G07,THTD-46,577,0,3,2025-10-27 14:08:39.522233,342180.525,6280827.308
PG920,G07,THTF-71,4203,11,15,2025-10-27 14:08:39.522238,342180.525,6280827.308
PH1476,119,FLXG-66,898,0,4,2025-10-27 14:08:41.400031,342951.764,6288895.886
PH1476,119,CJRX-71,1254,4,6,2025-10-27 14:08:41.400036,342951.764,6288895.886
PJ420,J10,VJBB-11,2157,5,7,2025-10-27 14:08:43.381645,335415.689,6299778.823
PJ420,J10,VJBB-60,6701,18,26,2025-10-27 14:08:43.381650,335415.689,6299778.823
PJ556,J01,FLXD-49,781,0,3,2025-10-27 14:08:45.306109,339461.674,6297718.966
PJ556,J01,FLXK-44,1080,0,3,2025-10-27 14:08:45.306114,339461.674,6297718.966
PJ556,J04,TBFR-31,2883,9,13,2025-10-27 14:08:45.306115,339461.674,6297718.966
PJ556,J04,TBFT-31,7431,25,60,2025-10-27 14:08:45.306116,339461.674,6297718.966
PJ556,J15C,GCBD-79,1353,5,7,2025-10-27 14:08:45.306117,339461.674,6297718.966
PJ556,J15C,GCBC-75,6061,17,25,2025-10-27 14:08:45.306118,339461.674,6297718.966
PC1228,C14,SKPL-26,2346,0,4,2025-10-27 14:08:47.314984,356793.46,6308169.51
PC1228,C14,SKPL-31,6065,9,13,2025-10-27 14:08:47.314989,356793.46,6308169.51
PB664,408,SRTK-23,473,0,3,2025-10-27 14:08:49.006482,339538.73,6301975.33
PB664,408,SRTH-17,3175,9,13,2025-10-27 14:08:49.006487,339538.73,6301975.33
PB664,410,LFGW-21,1027,0,4,2025-10-27 14:08:49.006488,339538.73,6301975.33
PB664,410,LFGW-34,4897,14,20,2025-10-27 14:08:49.006489,339538.73,6301975.33
PB692,B01,SKHF-84,4520,16,24,2025-10-27 14:08:50.891408,343307.628,6304450.151
PB692,B01,SPZX-56,4565,16,24,2025-10-27 14:08:50.891412,343307.628,6304450.151
PI299,115,PFXC-21,462,0,3,2025-10-27 14:08:54.996268,335947.509,6288120.205
PI299,115,FLXV-63,3848,7,9,2025-10-27 14:08:54.996273,335947.509,6288120.205
PI299,111,FLXX-65,1228,0,5,2025-10-27 14:08:54.996274,335947.509,6288120.205
PI299,111,BJFT-29,3035,9,13,2025-10-27 14:08:54.996275,335947.509,6288120.205
PI299,113,FLXY-27,10336,17,25,2025-10-27 14:08:54.996276,335947.509,6288120.205
PI299,113,FLXX-57,10823,19,27,2025-10-27 14:08:54.996277,335947.509,6288120.205
PI299,I04,FLXZ-72,2114,6,8,2025-10-27 14:08:54.996278,335947.509,6288120.205
PI299,I04,FLXZ-68,2892,9,11,2025-10-27 14:08:54.996279,335947.509,6288120.205
PI299,I11,FLXZ-49,780,0,3,2025-10-27 14:08:54.996279,335947.509,6288120.205
PI299,I11,FLXY-84,2939,8,10,2025-10-27 14:08:54.996280,335947.509,6288120.205
PI299,I35,SFGY-17,1140,0,3,2025-10-27 14:08:54.996281,335947.509,6288120.205
PI299,I35,SFGY-18,3420,8,12,2025-10-27 14:08:54.996282,335947.509,6288120.205
PF1158,F24,SPVT-83,1179,0,4,2025-10-27 14:08:56.888354,351844.001,6281387.001
PF1158,F24,SPVW-72,5766,15,21,2025-10-27 14:08:56.888359,351844.001,6281387.001
PJ1692,J07,VHZY-90,1204,0,5,2025-10-27 14:08:58.776424,338429.914,6299292.922
PJ1692,J07E,VHZX-10,1032,0,5,2025-10-27 14:08:58.776430,338429.914,6299292.922
PJ1692,110C,PFXC-54,5268,25,60,2025-10-27 14:08:58.776431,338429.914,6299292.922
PJ1692,110C,GCBC-81,10133,25,60,2025-10-27 14:08:58.776432,338429.914,6299292.922
PB513,B05,SPGD-41,2909,8,10,2025-10-27 14:09:00.465938,345584.102,6305917.847
PB513,425,SJPB-23,1091,0,4,2025-10-27 14:09:00.465943,345584.102,6305917.847
PB513,425,SGPY-91,1838,4,6,2025-10-27 14:09:00.465944,345584.102,6305917.847
PB513,429,SLLZ-31,1802,0,5,2025-10-27 14:09:00.465944,345584.102,6305917.847
PB513,429,SLPC-54,7068,17,25,2025-10-27 14:09:00.465945,345584.102,6305917.847
PA460,J03,FLXH-81,444,0,5,2025-10-27 14:09:02.330286,345484.42,6298866.3
PA460,J03,FLXG-45,2234,9,13,2025-10-27 14:09:02.330291,345484.42,6298866.3
PI1888,I35,SDSW-67,472,0,3,2025-10-27 14:09:03.967756,332374.0,6281998.0
PI1888,I35,SHXB-39,927,0,4,2025-10-27 14:09:03.967762,332374.0,6281998.0
PF167,F27,SPRV-93,217,0,3,2025-10-27 14:09:05.633621,353536.825,6283725.125
PF167,F27,SPRY-86,2947,8,10,2025-10-27 14:09:05.633625,353536.825,6283725.125
PF167,F05,SPZX-77,1522,5,7,2025-10-27 14:09:05.633627,353536.825,6283725.125
PF167,F05,SPZY-69,2897,9,11,2025-10-27 14:09:05.633627,353536.825,6283725.125
PF167,F06,SPZY-81,892,0,4,2025-10-27 14:09:05.633628,353536.825,6283725.125
PF167,F06,SPZY-31,2544,8,10,2025-10-27 14:09:05.633629,353536.825,6283725.125
PF167,F20,TXZH-48,1585,0,5,2025-10-27 14:09:05.633630,353536.825,6283725.125
PF167,F20,SPZX-48,4325,12,18,2025-10-27 14:09:05.633631,353536.825,6283725.125
PF167,F08,SPVW-83,1,0,3,2025-10-27 14:09:05.633631,353536.825,6283725.125
PF167,F08,SPVV-16,5128,13,17,2025-10-27 14:09:05.633632,353536.825,6283725.125
PF167,F14,SPRW-95,1,0,3,2025-10-27 14:09:05.633633,353536.825,6283725.125
PF167,F14,SPRW-89,5328,14,20,2025-10-27 14:09:05.633634,353536.825,6283725.125
PF167,F24,SPVW-72,331,0,3,2025-10-27 14:09:05.633635,353536.825,6283725.125
PF167,F24,SPRV-71,345,0,3,2025-10-27 14:09:05.633635,353536.825,6283725.125
PH125,201,GCBB-85,1688,7,9,2025-10-27 14:09:07.339520,346154.1,6291037.36
PH125,201,GCBB-73,1756,7,9,2025-10-27 14:09:07.339526,346154.1,6291037.36
PH125,226,VFPG-91,955,0,3,2025-10-27 14:09:07.339527,346154.1,6291037.36
PH125,226,VFHK-96,2786,8,10,2025-10-27 14:09:07.339528,346154.1,6291037.36
PH125,271,TBYY-57,1154,0,5,2025-10-27 14:09:07.339529,346154.1,6291037.36
PH125,271,SVPW-61,7045,19,27,2025-10-27 14:09:07.339530,346154.1,6291037.36
PH125,229X,TBYY-75,1252,0,4,2025-10-27 14:09:07.339531,346154.1,6291037.36
PH125,229X,TBYY-66,1804,4,6,2025-10-27 14:09:07.339532,346154.1,6291037.36
PH125,301,BJFZ-67,103,0,3,2025-10-27 14:09:07.339533,346154.1,6291037.36
PH125,301,BJFX-23,281,0,3,2025-10-27 14:09:07.339534,346154.1,6291037.36
PH125,223,SDSW-69,121,0,3,2025-10-27 14:09:07.339535,346154.1,6291037.36
PH125,223,SFGY-22,1980,8,10,2025-10-27 14:09:07.339536,346154.1,6291037.36
PE389,322,BJFW-13,3333,12,16,2025-10-27 14:09:09.231924,355025.833,6289490.793
PE389,E03,BJFX-65,1291,0,5,2025-10-27 14:09:09.231931,355025.833,6289490.793
PE389,E03,BJFZ-22,3392,9,13,2025-10-27 14:09:09.231932,355025.833,6289490.793
PB840,214,GCBB-66,146,0,3,2025-10-27 14:09:11.182783,342827.099,6305433.262
PB840,214,GCBB-58,3164,12,18,2025-10-27 14:09:11.182788,342827.099,6305433.262
PB840,272,VFPD-94,1827,5,7,2025-10-27 14:09:11.182815,342827.099,6305433.262
PB840,B01,SPZX-56,5376,20,28,2025-10-27 14:09:11.182817,342827.099,6305433.262
PB840,B01,SKHF-84,5403,20,28,2025-10-27 14:09:11.182817,342827.099,6305433.262
PB840,B26,FLXP-70,2604,8,10,2025-10-27 14:09:11.182818,342827.099,6305433.262
PB840,B04,SHCX-26,59,0,3,2025-10-27 14:09:11.182819,342827.099,6305433.262
PG1121,F05,TXZH-46,597,0,4,2025-10-27 14:09:13.092434,347133.812,6286302.736
PG1121,F05,SRVJ-25,2470,9,13,2025-10-27 14:09:13.092439,347133.812,6286302.736
PC463,504,GCBC-53,258,0,3,2025-10-27 14:09:15.038236,348961.852,6298763.93
PC463,504,TBFW-31,3524,13,19,2025-10-27 14:09:15.038241,348961.852,6298763.93
PC463,518,CJRW-76,1,0,3,2025-10-27 14:09:15.038242,348961.852,6298763.93
PC463,518,FLXG-43,564,0,4,2025-10-27 14:09:15.038243,348961.852,6298763.93
PI407,I09,FLXZ-21,3286,8,12,2025-10-27 14:09:17.158600,340587.645,6296381.641
PI407,I09,RWRP-66,3487,9,13,2025-10-27 14:09:17.158606,340587.645,6296381.641
PI407,424,FLXS-83,2073,0,5,2025-10-27 14:09:17.158607,340587.645,6296381.641
PI407,424,RPYP-60,5568,14,20,2025-10-27 14:09:17.158607,340587.645,6296381.641
PI407,401,PFYH-17,1757,4,6,2025-10-27 14:09:17.158608,340587.645,6296381.641
PI407,401,PDZS-76,5878,16,22,2025-10-27 14:09:17.158609,340587.645,6296381.641
PI407,106,PFYR-70,701,0,3,2025-10-27 14:09:17.158610,340587.645,6296381.641
PI407,106,PGPT-25,5873,15,21,2025-10-27 14:09:17.158611,340587.645,6296381.641
PI407,405,PDZS-80,1421,0,5,2025-10-27 14:09:17.158612,340587.645,6296381.641
PI407,405,PFVK-96,2522,6,8,2025-10-27 14:09:17.158612,340587.645,6296381.641
PI407,419,PFBG-34,1389,0,3,2025-10-27 14:09:17.158613,340587.645,6296381.641
PI407,419,PFTV-88,6050,13,19,2025-10-27 14:09:17.158614,340587.645,6296381.641
PI407,421,PGBB-62,1,0,3,2025-10-27 14:09:17.158615,340587.645,6296381.641
PI407,421,PFVL-10,849,0,3,2025-10-27 14:09:17.158615,340587.645,6296381.641
PI407,423,PFYR-76,1735,0,3,2025-10-27 14:09:17.158616,340587.645,6296381.641
PI407,423,PFVC-59,7814,25,60,2025-10-27 14:09:17.158625,340587.645,6296381.641
PI407,I08,FLXZ-89,819,0,3,2025-10-27 14:09:17.158626,340587.645,6296381.641
PI407,404,PFYC-85,7681,25,60,2025-10-27 14:09:17.158627,340587.645,6296381.641
PI407,404,LXWP-58,7769,25,60,2025-10-27 14:09:17.158628,340587.645,6296381.641
PC1263,C27,SGPW-48,133,0,3,2025-10-27 14:09:18.508134,358862.0,6304607.0
PC1263,C27,SKPH-76,1722,5,7,2025-10-27 14:09:18.508139,358862.0,6304607.0
PG525,F03,LDJJ-72,1848,6,8,2025-10-27 14:09:20.485985,342254.708,6281945.156
PG525,F03,FLXJ-38,3826,12,16,2025-10-27 14:09:20.485990,342254.708,6281945.156
PG525,G08V,FLXV-18,5908,17,23,2025-10-27 14:09:20.485991,342254.708,6281945.156
PG525,G14,FZZF-93,3419,11,15,2025-10-27 14:09:20.485992,342254.708,6281945.156
PG525,G28,FLXT-31,8225,25,60,2025-10-27 14:09:20.485993,342254.708,6281945.156
PG525,G28,CJRY-66,8938,25,60,2025-10-27 14:09:20.485993,342254.708,6281945.156
PG525,G09,SFPF-90,478,0,3,2025-10-27 14:09:20.485994,342254.708,6281945.156
PG525,G09,SFPG-67,4528,9,13,2025-10-27 14:09:20.485995,342254.708,6281945.156
PA828,H12,FLXD-64,924,0,3,2025-10-27 14:09:22.412690,346717.0,6294703.0
PA828,H12,FLXF-35,8254,25,60,2025-10-27 14:09:22.412696,346717.0,6294703.0
PE458,E04,VKJX-56,777,0,4,2025-10-27 14:09:24.339281,353418.34,6288596.371
PE458,E04,VKJX-31,3224,13,19,2025-10-27 14:09:24.339286,353418.34,6288596.371
PJ1996,J16,FLXG-37,1831,7,9,2025-10-27 14:09:26.252074,338842.9,6301474.1
PE596,E14,VKJZ-59,1105,4,6,2025-10-27 14:09:28.469128,352687.178,6288557.262
PE596,F25,LBTS-96,1087,0,4,2025-10-27 14:09:28.469134,352687.178,6288557.262
PJ822,J07E,VJBB-41,6676,13,19,2025-10-27 14:09:30.389979,329948.824,6299353.579
PJ822,J07E,VHZX-10,11009,25,60,2025-10-27 14:09:30.389985,329948.824,6299353.579
PE834,G04,SHXG-79,761,0,3,2025-10-27 14:09:32.290511,348962.878,6285566.976
PE834,G01,THTF-62,643,0,3,2025-10-27 14:09:32.290516,348962.878,6285566.976
PA43,B27,FLXS-22,1283,5,7,2025-10-27 14:09:34.275971,347072.144,6298655.5
PA43,514,FLXX-40,929,0,3,2025-10-27 14:09:34.275977,347072.144,6298655.5
PA43,514,FLXX-46,3637,11,15,2025-10-27 14:09:34.275978,347072.144,6298655.5
PG1457,G12,SFGY-20,204,0,3,2025-10-27 14:09:35.929844,345336.467,6289312.242
PC103,C07,SHCV-71,433,0,3,2025-10-27 14:09:37.878279,353987.366,6303110.527
PC103,C07,SKPK-29,2792,6,8,2025-10-27 14:09:37.878284,353987.366,6303110.527
PC103,C14,SKPL-35,2204,8,10,2025-10-27 14:09:37.878285,353987.366,6303110.527
PC103,C14,SKPJ-40,3170,13,17,2025-10-27 14:09:37.878286,353987.366,6303110.527
PC103,216,LZPG-19,668,0,5,2025-10-27 14:09:37.878287,353987.366,6303110.527
PJ614,J13C,PFXB-97,307,0,3,2025-10-27 14:09:39.653168,339967.465,6299012.347
PJ614,J13C,BJFF-50,4730,13,19,2025-10-27 14:09:39.653172,339967.465,6299012.347
PJ614,J02,VHXF-94,6414,25,60,2025-10-27 14:09:39.653174,339967.465,6299012.347
PJ614,J02,VHXJ-82,6607,25,60,2025-10-27 14:09:39.653175,339967.465,6299012.347
PJ614,J01,BJFD-66,2389,8,10,2025-10-27 14:09:39.653176,339967.465,6299012.347
PJ614,J01,FLXD-25,4558,13,19,2025-10-27 14:09:39.653177,339967.465,6299012.347
PJ614,J13,TBFT-55,208,0,4,2025-10-27 14:09:39.653178,339967.465,6299012.347
PJ614,J13,TBFX-74,6110,25,60,2025-10-27 14:09:39.653179,339967.465,6299012.347
PJ1684,510,TBFS-31,144,0,3,2025-10-27 14:09:41.540133,337058.619,6295793.398
PJ1684,516,TBFS-44,393,0,3,2025-10-27 14:09:41.540138,337058.619,6295793.398
PG1171,G13,SHXG-78,1702,6,8,2025-10-27 14:09:43.403321,345802.736,6285975.444
PG1921,G09,SHCX-15,1064,0,5,2025-10-27 14:09:45.281064,344640.29,6281071.27
PG1921,G09,SHCV-35,6251,17,25,2025-10-27 14:09:45.281069,344640.29,6281071.27
PH496,H07,BJFZ-55,177,0,3,2025-10-27 14:09:47.005828,344216.405,6294330.586
PH496,H07,CJRY-86,1476,0,4,2025-10-27 14:09:47.005833,344216.405,6294330.586
PH496,345,FLXD-72,796,0,3,2025-10-27 14:09:47.005834,344216.405,6294330.586
PH496,345,CJRW-14,6054,17,23,2025-10-27 14:09:47.005835,344216.405,6294330.586
PI393,106,PFYT-25,1683,0,5,2025-10-27 14:09:48.976646,338857.383,6295278.552
PI393,106,PFYS-19,4086,11,15,2025-10-27 14:09:48.976651,338857.383,6295278.552
PI393,401,PFYG-86,2247,6,8,2025-10-27 14:09:48.976652,338857.383,6295278.552
PI393,401,PFVK-81,4742,14,20,2025-10-27 14:09:48.976653,338857.383,6295278.552
PI393,405,PFVK-89,1615,5,7,2025-10-27 14:09:48.976654,338857.383,6295278.552
PI393,405,PDZS-83,2388,8,10,2025-10-27 14:09:48.976654,338857.383,6295278.552
PI393,419,PFVL-13,4534,12,18,2025-10-27 14:09:48.976655,338857.383,6295278.552
PI393,419,PFVL-15,4557,12,18,2025-10-27 14:09:48.976656,338857.383,6295278.552
PI393,423,PGPT-43,61,0,3,2025-10-27 14:09:48.976657,338857.383,6295278.552
PI393,423,PGPT-55,3682,9,13,2025-10-27 14:09:48.976658,338857.383,6295278.552
PI393,I08,FLXZ-81,2933,9,11,2025-10-27 14:09:48.976658,338857.383,6295278.552
PI393,I08,FLXZ-73,2960,9,11,2025-10-27 14:09:48.976659,338857.383,6295278.552
PI393,404,PFYC-26,247,0,3,2025-10-27 14:09:48.976660,338857.383,6295278.552
PI393,404,PFYC-50,1725,0,5,2025-10-27 14:09:48.976661,338857.383,6295278.552
PI393,421,PFVK-60,5098,14,20,2025-10-27 14:09:48.976662,338857.383,6295278.552
PI393,421,PFBD-61,5181,14,20,2025-10-27 14:09:48.976662,338857.383,6295278.552
PI393,I09,RWRP-49,2348,5,7,2025-10-27 14:09:48.976663,338857.383,6295278.552
PI393,I09,VHSZ-36,4175,9,13,2025-10-27 14:09:48.976664,338857.383,6295278.552
PJ312,502,TBFR-25,2354,7,9,2025-10-27 14:09:51.196208,337299.159,6301126.617
PJ312,502,BJFB-23,3354,10,14,2025-10-27 14:09:51.196213,337299.159,6301126.617
PJ312,J05,BJFD-39,6506,21,29,2025-10-27 14:09:51.196214,337299.159,6301126.617
PJ312,J05,FLXS-89,9714,25,60,2025-10-27 14:09:51.196215,337299.159,6301126.617
PJ312,J13,FLXS-84,3913,12,16,2025-10-27 14:09:51.196216,337299.159,6301126.617
PJ312,J13,FLXD-35,5929,16,24,2025-10-27 14:09:51.196216,337299.159,6301126.617
PJ312,J13C,BJFC-87,4333,11,15,2025-10-27 14:09:51.196217,337299.159,6301126.617
PJ312,J13C,FLXK-41,6039,16,22,2025-10-27 14:09:51.196218,337299.159,6301126.617
PI230,I35,SCRZ-29,871,5,7,2025-10-27 14:09:53.126312,336792.36,6290797.3
PI230,I35,SDSW-94,1472,7,9,2025-10-27 14:09:53.126316,336792.36,6290797.3
PI230,506,TBFV-29,1742,4,6,2025-10-27 14:09:53.126317,336792.36,6290797.3
PI230,506,GCBC-67,4060,11,15,2025-10-27 14:09:53.126318,336792.36,6290797.3
PI230,506V,GCBD-41,1002,0,3,2025-10-27 14:09:53.126319,336792.36,6290797.3
PI230,506V,GCBC-45,2517,5,7,2025-10-27 14:09:53.126320,336792.36,6290797.3
PI488,506,GCBC-36,2748,11,15,2025-10-27 14:09:55.055750,335063.117,6288084.909
PI488,506,PFXB-58,4214,15,21,2025-10-27 14:09:55.055755,335063.117,6288084.909
PI488,419,PGBB-64,704,0,3,2025-10-27 14:09:55.055757,335063.117,6288084.909
PI488,419,PFBG-40,2690,8,10,2025-10-27 14:09:55.055758,335063.117,6288084.909
PB66,408,SRTH-20,880,0,4,2025-10-27 14:09:57.118398,340812.998,6302768.217
PB66,408,SRTK-29,2572,9,13,2025-10-27 14:09:57.118402,340812.998,6302768.217
PB66,110,LXWR-72,3907,10,14,2025-10-27 14:09:57.118403,340812.998,6302768.217
PB66,110,LZPH-37,7599,25,60,2025-10-27 14:09:57.118404,340812.998,6302768.217
PB66,B03,LXDJ-31,1,0,3,2025-10-27 14:09:57.118405,340812.998,6302768.217
PB66,B03,SKHG-57,4391,15,21,2025-10-27 14:09:57.118406,340812.998,6302768.217
PB66,105,SJPC-41,2168,7,9,2025-10-27 14:09:57.118407,340812.998,6302768.217
PB66,105,SHXF-27,3433,10,14,2025-10-27 14:09:57.118407,340812.998,6302768.217
PB66,120,STHF-45,879,0,3,2025-10-27 14:09:57.118408,340812.998,6302768.217
PB66,109,CJRY-63,1204,0,4,2025-10-27 14:09:57.118409,340812.998,6302768.217
PB66,109,FLXS-97,3604,8,12,2025-10-27 14:09:57.118418,340812.998,6302768.217
PB66,B09,SHCY-33,3799,17,25,2025-10-27 14:09:57.118419,340812.998,6302768.217
PB66,B29,LXDJ-16,3402,13,19,2025-10-27 14:09:57.118420,340812.998,6302768.217
PB66,410,SJPF-88,3049,13,19,2025-10-27 14:09:57.118421,340812.998,6302768.217
PA164,519,GCBC-84,2127,8,10,2025-10-27 14:09:59.192069,345078.935,6297818.729
PA164,422,FLXV-85,25,0,3,2025-10-27 14:09:59.192074,345078.935,6297818.729
PA164,422,GCBD-46,2340,9,11,2025-10-27 14:09:59.192075,345078.935,6297818.729
PA164,106,PFVD-57,2871,9,13,2025-10-27 14:09:59.192076,345078.935,6297818.729
PA164,106,PGPT-30,3796,12,16,2025-10-27 14:09:59.192076,345078.935,6297818.729
PA164,510,GCBC-90,866,0,4,2025-10-27 14:09:59.192077,345078.935,6297818.729
PA164,510,TBFS-61,6071,16,24,2025-10-27 14:09:59.192078,345078.935,6297818.729
PA164,516,PFXC-61,1417,4,6,2025-10-27 14:09:59.192079,345078.935,6297818.729
PA164,516,TBFR-13,5518,15,21,2025-10-27 14:09:59.192080,345078.935,6297818.729
PA164,I09,FLXY-87,498,0,3,2025-10-27 14:09:59.192081,345078.935,6297818.729
PA164,I09,FLXY-93,2293,7,9,2025-10-27 14:09:59.192083,345078.935,6297818.729
PA164,385,FLXK-68,4530,15,21,2025-10-27 14:09:59.192084,345078.935,6297818.729
PA164,385,FLXL-82,5929,18,26,2025-10-27 14:09:59.192085,345078.935,6297818.729
PA164,404,PFYC-68,362,0,3,2025-10-27 14:09:59.192086,345078.935,6297818.729
PA164,404,PFYC-14,669,0,3,2025-10-27 14:09:59.192086,345078.935,6297818.729
PA164,513,VHZW-51,1,0,3,2025-10-27 14:09:59.192087,345078.935,6297818.729
PA164,513,VHZY-41,2880,13,19,2025-10-27 14:09:59.192095,345078.935,6297818.729
PA164,345,FLXF-17,349,0,3,2025-10-27 14:09:59.192096,345078.935,6297818.729
PA164,345,CJRB-13,1504,12,16,2025-10-27 14:09:59.192097,345078.935,6297818.729
PI10,392,FLXW-89,2818,11,15,2025-10-27 14:10:01.355544,339915.356,6294589.606
PI10,392,FLXZ-91,6206,25,60,2025-10-27 14:10:01.355548,339915.356,6294589.606
PI10,101,PGPT-50,528,0,3,2025-10-27 14:10:01.355550,339915.356,6294589.606
PI10,101,PFVC-40,6924,20,28,2025-10-27 14:10:01.355550,339915.356,6294589.606
PI10,481,PFVD-63,2078,5,7,2025-10-27 14:10:01.355551,339915.356,6294589.606
PI10,481,PFYR-62,3830,12,18,2025-10-27 14:10:01.355552,339915.356,6294589.606
PI10,I04,FLXY-36,205,0,3,2025-10-27 14:10:01.355553,339915.356,6294589.606
PI10,I04,FLXF-66,3583,10,14,2025-10-27 14:10:01.355554,339915.356,6294589.606
PI10,I14,CJRX-39,44,0,3,2025-10-27 14:10:01.355555,339915.356,6294589.606
PI10,I14,BJFS-92,257,0,3,2025-10-27 14:10:01.355555,339915.356,6294589.606
PB787,110C,GCBC-81,3615,8,10,2025-10-27 14:10:03.327406,337724.447,6302584.14
PB787,110C,TBFS-42,5356,10,14,2025-10-27 14:10:03.327412,337724.447,6302584.14
PB787,105,SJPD-99,3531,12,16,2025-10-27 14:10:03.327413,337724.447,6302584.14
PI237,444,SKPK-63,4328,8,10,2025-10-27 14:10:05.333042,337146.456,6293740.979
PI237,110,SRTH-10,431,0,3,2025-10-27 14:10:05.333047,337146.456,6293740.979
PI237,110,SRTK-48,3229,8,10,2025-10-27 14:10:05.333048,337146.456,6293740.979
PI237,111,BJFW-79,531,0,3,2025-10-27 14:10:05.333049,337146.456,6293740.979
PI237,111,FLXX-61,3666,11,15,2025-10-27 14:10:05.333049,337146.456,6293740.979
PI237,I07,FLXZ-17,6004,20,28,2025-10-27 14:10:05.333050,337146.456,6293740.979
PI237,I07,FLXY-80,7724,25,60,2025-10-27 14:10:05.333051,337146.456,6293740.979
PI237,428,SKPH-68,1047,0,3,2025-10-27 14:10:05.333052,337146.456,6293740.979
PI237,428,SJPD-55,7076,16,22,2025-10-27 14:10:05.333053,337146.456,6293740.979
PB1367,C18,SHCW-71,345,0,3,2025-10-27 14:10:07.212265,347766.312,6306704.264
PB1367,C18,SHXD-90,6274,16,22,2025-10-27 14:10:07.212270,347766.312,6306704.264
PE60,126,FLXK-63,1771,5,7,2025-10-27 14:10:09.111923,353729.586,6290628.344
PE60,E17,FLXT-39,1735,5,7,2025-10-27 14:10:09.111928,353729.586,6290628.344
PE60,118,FLXX-51,802,0,3,2025-10-27 14:10:09.111929,353729.586,6290628.344
PG194,209,VJKD-36,3010,8,10,2025-10-27 14:10:11.157233,348949.194,6281909.483
PG194,209,VJYZ-75,6345,16,24,2025-10-27 14:10:11.157237,348949.194,6281909.483
PG194,286,SFGY-76,212,0,3,2025-10-27 14:10:11.157239,348949.194,6281909.483
PG194,G13,SHCV-37,196,0,3,2025-10-27 14:10:11.157240,348949.194,6281909.483
PG194,207,VJYX-85,597,0,3,2025-10-27 14:10:11.157240,348949.194,6281909.483
PG194,207,SDGY-35,638,0,3,2025-10-27 14:10:11.157241,348949.194,6281909.483
PC498,501,FLXW-12,1,0,3,2025-10-27 14:10:13.092428,349597.74,6298805.65
PC498,501,GCBD-12,65,0,3,2025-10-27 14:10:13.092433,349597.74,6298805.65
PC498,504,GCBD-15,2146,8,10,2025-10-27 14:10:13.092434,349597.74,6298805.65
PC498,504,SZZH-67,5014,15,21,2025-10-27 14:10:13.092435,349597.74,6298805.65
PC498,518,BJFH-31,96,0,3,2025-10-27 14:10:13.092436,349597.74,6298805.65
PC498,518,FLXS-73,2417,9,13,2025-10-27 14:10:13.092437,349597.74,6298805.65
PF1,712,SHCY-19,535,0,3,2025-10-27 14:10:15.796221,355506.474,6285369.703
PF1,712,SHXD-92,2728,8,10,2025-10-27 14:10:15.796227,355506.474,6285369.703
PF1,104,SKWD-61,1,0,3,2025-10-27 14:10:15.796228,355506.474,6285369.703
PF1,104,LDSV-95,140,0,3,2025-10-27 14:10:15.796229,355506.474,6285369.703
PF1,114,SKVD-57,7516,25,60,2025-10-27 14:10:15.796230,355506.474,6285369.703
PF1,114,SKWD-93,8879,25,60,2025-10-27 14:10:15.796231,355506.474,6285369.703
PF1,F08,SPVV-16,1159,0,4,2025-10-27 14:10:15.796232,355506.474,6285369.703
PF1,F08,SPVV-97,5697,13,19,2025-10-27 14:10:15.796233,355506.474,6285369.703
PF1,E08,VKJX-73,1047,0,3,2025-10-27 14:10:15.796234,355506.474,6285369.703
PF1,E08,VKJZ-53,5219,13,19,2025-10-27 14:10:15.796235,355506.474,6285369.703
PF1,102,SPZX-71,3933,11,15,2025-10-27 14:10:15.796236,355506.474,6285369.703
PF1,102,LBTT-12,7221,25,60,2025-10-27 14:10:15.796237,355506.474,6285369.703
PF1,124,SRVG-32,169,0,3,2025-10-27 14:10:15.796238,355506.474,6285369.703
PF1,124,SRVL-11,3235,10,14,2025-10-27 14:10:15.796239,355506.474,6285369.703
PA278,506,GCBC-61,709,0,3,2025-10-27 14:10:17.818374,344481.62,6296648.04
PA278,506,FLXW-34,3561,10,14,2025-10-27 14:10:17.818379,344481.62,6296648.04
PA278,506V,GCBC-42,1108,0,5,2025-10-27 14:10:17.818381,344481.62,6296648.04
PA278,506V,TBFW-12,4588,13,19,2025-10-27 14:10:17.818382,344481.62,6296648.04
PA278,507,TBFR-95,3177,11,15,2025-10-27 14:10:17.818383,344481.62,6296648.04
PA278,507,FLXV-64,7532,21,29,2025-10-27 14:10:17.818384,344481.62,6296648.04
PA278,509,CJRW-75,4712,18,26,2025-10-27 14:10:17.818385,344481.62,6296648.04
PA278,509,CJRZ-80,6129,25,60,2025-10-27 14:10:17.818386,344481.62,6296648.04
PC212,405,SRTK-14,2819,9,13,2025-10-27 14:10:19.835433,351553.768,6302760.731
PC212,405,PFTV-90,3198,13,17,2025-10-27 14:10:19.835438,351553.768,6302760.731
PC212,502,BJFB-33,4142,9,13,2025-10-27 14:10:19.835439,351553.768,6302760.731
PC212,502,FLXW-38,5608,13,19,2025-10-27 14:10:19.835440,351553.768,6302760.731
PC212,542,TBFP-84,551,0,3,2025-10-27 14:10:19.835441,351553.768,6302760.731
PC212,542,FLXW-23,5482,12,16,2025-10-27 14:10:19.835442,351553.768,6302760.731
PG1459,G22,THTF-51,517,0,3,2025-10-27 14:10:21.730441,343285.27,6286457.84
PG1459,G22,THTH-29,2036,7,9,2025-10-27 14:10:21.730447,343285.27,6286457.84
PB1637,272,VFPC-10,2057,6,8,2025-10-27 14:10:23.652122,346157.742,6304595.239
PB1637,272,VFHV-82,3629,15,21,2025-10-27 14:10:23.652126,346157.742,6304595.239
PH522,H05,VFPJ-31,324,0,3,2025-10-27 14:10:25.584767,344077.521,6291613.215
PH522,H05,VFPJ-66,3946,12,16,2025-10-27 14:10:25.584772,344077.521,6291613.215
PH522,H24,VGRG-45,741,0,3,2025-10-27 14:10:25.584773,344077.521,6291613.215
PH522,H24,VGRG-44,6740,25,60,2025-10-27 14:10:25.584774,344077.521,6291613.215
PI214,428,SKPK-41,1390,0,5,2025-10-27 14:10:27.740597,336825.791,6294272.72
PI214,428,SKPJ-43,3881,10,14,2025-10-27 14:10:27.740602,336825.791,6294272.72
PI214,444,SKPL-30,2986,9,11,2025-10-27 14:10:27.740603,336825.791,6294272.72
PI214,110,SRTH-19,1668,6,8,2025-10-27 14:10:27.740604,336825.791,6294272.72
PI214,110,SRTG-96,4147,14,20,2025-10-27 14:10:27.740605,336825.791,6294272.72
PI214,111,FLXY-21,3981,9,13,2025-10-27 14:10:27.740606,336825.791,6294272.72
PI214,111,FLXZ-62,4117,9,13,2025-10-27 14:10:27.740607,336825.791,6294272.72
PI214,I02,FLXY-83,3119,11,15,2025-10-27 14:10:27.740608,336825.791,6294272.72
PI214,I08,FLXW-77,967,4,6,2025-10-27 14:10:27.740609,336825.791,6294272.72
PD396,418,SHXD-79,932,0,4,2025-10-27 14:10:29.998030,355922.702,6296077.547
PD396,418,SHXF-88,5294,25,60,2025-10-27 14:10:29.998034,355922.702,6296077.547
PD396,425,SJPC-69,2270,7,9,2025-10-27 14:10:29.998035,355922.702,6296077.547
PD396,429,SLLZ-38,1043,0,4,2025-10-27 14:10:29.998036,355922.702,6296077.547
PD134,D26,FLXS-16,1324,0,4,2025-10-27 14:10:31.805842,354308.675,6291340.626
PD134,D26,SPBL-74,7053,13,19,2025-10-27 14:10:31.805847,354308.675,6291340.626
PD134,106,PFVC-43,3459,9,13,2025-10-27 14:10:31.805848,354308.675,6291340.626
PD134,106,PFTW-68,3578,9,13,2025-10-27 14:10:31.805849,354308.675,6291340.626
PD134,514,FLXW-64,7590,25,60,2025-10-27 14:10:31.805851,354308.675,6291340.626
PD134,514,FLXV-89,8026,25,60,2025-10-27 14:10:31.805852,354308.675,6291340.626
PD134,D16,SPBF-25,9102,25,60,2025-10-27 14:10:31.805853,354308.675,6291340.626
PD134,D16,PGTV-19,9530,25,60,2025-10-27 14:10:31.805854,354308.675,6291340.626
PD134,D20,SVDC-26,1380,0,4,2025-10-27 14:10:31.805855,354308.675,6291340.626
PD134,D20,SVDF-41,1608,0,5,2025-10-27 14:10:31.805864,354308.675,6291340.626
PD134,103,SPBP-90,42,0,3,2025-10-27 14:10:31.805865,354308.675,6291340.626
PD134,103,SPBS-63,154,0,3,2025-10-27 14:10:31.805866,354308.675,6291340.626
PH1552,511,TBFR-20,709,0,3,2025-10-27 14:10:33.474069,349139.53,6294869.63
PH1552,511,TBFT-35,6591,25,60,2025-10-27 14:10:33.474074,349139.53,6294869.63
PB941,308,FLXH-31,27,0,3,2025-10-27 14:10:35.346769,339074.104,6307109.94
PB941,308,FLXH-35,1760,5,7,2025-10-27 14:10:35.346774,339074.104,6307109.94
PB941,308C,TWPD-89,250,0,4,2025-10-27 14:10:35.346775,339074.104,6307109.94
PB941,B11,SKDJ-14,3155,9,13,2025-10-27 14:10:35.346776,339074.104,6307109.94
PB941,B11,SKDG-39,10650,25,60,2025-10-27 14:10:35.346777,339074.104,6307109.94
PB941,B06,SKDJ-86,3495,10,14,2025-10-27 14:10:35.346778,339074.104,6307109.94
PB941,B06,SKDJ-76,6260,17,23,2025-10-27 14:10:35.346778,339074.104,6307109.94
PB941,B21,SKDH-69,1489,0,5,2025-10-27 14:10:35.346779,339074.104,6307109.94
PB941,B21,SGPY-95,1636,0,5,2025-10-27 14:10:35.346780,339074.104,6307109.94
PB941,425,SJPB-28,1450,8,10,2025-10-27 14:10:35.346781,339074.104,6307109.94
PB941,425,SJPC-27,1516,8,10,2025-10-27 14:10:35.346782,339074.104,6307109.94
PG121,207,SVPX-50,618,0,3,2025-10-27 14:10:36.900461,348729.252,6283955.104
PG121,207,SDGY-27,782,0,3,2025-10-27 14:10:36.900466,348729.252,6283955.104
PG121,209,VJYW-75,758,0,3,2025-10-27 14:10:36.900467,348729.252,6283955.104
PG121,209,SDGY-19,3503,9,11,2025-10-27 14:10:36.900468,348729.252,6283955.104
PF18,F14,SPRY-45,3303,9,13,2025-10-27 14:10:38.917051,354713.772,6281439.463
PF18,F14,SPRW-93,3461,10,14,2025-10-27 14:10:38.917055,354713.772,6281439.463
PF18,F26,SRPJ-88,4520,13,17,2025-10-27 14:10:38.917056,354713.772,6281439.463
PF18,F26,SPVV-85,9324,25,60,2025-10-27 14:10:38.917057,354713.772,6281439.463
PF18,F09,LBTS-97,5010,14,20,2025-10-27 14:10:38.917058,354713.772,6281439.463
PF18,124,LBTT-16,1233,0,5,2025-10-27 14:10:38.917059,354713.772,6281439.463
PF18,124,SRVG-32,5732,16,24,2025-10-27 14:10:38.917060,354713.772,6281439.463
PI1538,423,PFYR-60,721,0,3,2025-10-27 14:10:40.862543,338383.223,6294026.688
PI1538,423,PFYR-76,5620,13,17,2025-10-27 14:10:40.862547,338383.223,6294026.688
PI1538,I20,FLXK-80,1571,5,7,2025-10-27 14:10:40.862549,338383.223,6294026.688
PI918,I04,FLXF-66,767,0,3,2025-10-27 14:10:42.731739,341902.411,6294804.274
PI918,I04,FLXF-91,1389,0,5,2025-10-27 14:10:42.731744,341902.411,6294804.274
PI918,I17,FLXL-70,2478,8,10,2025-10-27 14:10:42.731745,341902.411,6294804.274
PI918,I17,FLXF-46,2953,8,12,2025-10-27 14:10:42.731746,341902.411,6294804.274
PE172,211,TBZB-15,4270,8,10,2025-10-27 14:10:44.674848,348368.504,6287404.291
PE172,118,LXWR-93,1382,0,4,2025-10-27 14:10:44.674853,348368.504,6287404.291
PE172,118,FLXS-74,4539,10,14,2025-10-27 14:10:44.674854,348368.504,6287404.291
PE172,E02,VKJZ-25,191,0,3,2025-10-27 14:10:44.674855,348368.504,6287404.291
PE172,E02,VKJZ-79,2255,4,6,2025-10-27 14:10:44.674856,348368.504,6287404.291
PE172,E16,VFHW-92,1664,6,8,2025-10-27 14:10:44.674856,348368.504,6287404.291
PE172,E16,VFKV-88,6200,25,60,2025-10-27 14:10:44.674857,348368.504,6287404.291
PG819,G04,SHXB-33,18,0,3,2025-10-27 14:10:46.297775,346355.461,6286027.57
PG819,G04,SDSW-70,2151,7,9,2025-10-27 14:10:46.297780,346355.461,6286027.57
PI472,I26,PFVJ-18,745,0,4,2025-10-27 14:10:47.736718,336563.185,6290048.409
PI472,I26,PFYS-94,1251,5,7,2025-10-27 14:10:47.736723,336563.185,6290048.409
PI472,I02,FLXZ-54,825,0,4,2025-10-27 14:10:47.736725,336563.185,6290048.409
PI472,I02,FLXZ-33,3744,11,15,2025-10-27 14:10:47.736726,336563.185,6290048.409
PI472,392,FLXW-71,3169,5,7,2025-10-27 14:10:47.736727,336563.185,6290048.409
PI472,392,FLXZ-92,3305,6,8,2025-10-27 14:10:47.736728,336563.185,6290048.409
PI472,509,CJRX-40,286,0,3,2025-10-27 14:10:47.736729,336563.185,6290048.409
PI472,509,FLXW-54,3885,12,16,2025-10-27 14:10:47.736730,336563.185,6290048.409
PI472,405,PFYG-89,5134,17,25,2025-10-27 14:10:47.736731,336563.185,6290048.409
PI472,405,PFBG-33,5613,18,26,2025-10-27 14:10:47.736731,336563.185,6290048.409
PI472,481,PFYT-10,439,0,3,2025-10-27 14:10:47.736732,336563.185,6290048.409
PI472,481,PGPT-41,1624,6,8,2025-10-27 14:10:47.736733,336563.185,6290048.409
PA281,119,BJFV-26,3630,15,21,2025-10-27 14:10:52.650526,344489.246,6295925.967
PA281,119,BJFX-13,4621,20,28,2025-10-27 14:10:52.650532,344489.246,6295925.967
PA281,345,FLXD-76,2530,12,16,2025-10-27 14:10:52.650533,344489.246,6295925.967
PA281,I18,VHSY-37,129,0,3,2025-10-27 14:10:52.650534,344489.246,6295925.967
PA281,511,TBFX-29,572,0,3,2025-10-27 14:10:52.650535,344489.246,6295925.967
PA281,511,TBFT-70,1554,7,9,2025-10-27 14:10:52.650536,344489.246,6295925.967
PI1494,I02,FLXY-83,6255,25,60,2025-10-27 14:10:54.538904,335889.863,6292782.854
PJ164,J07,VJJR-56,4769,9,11,2025-10-27 14:10:56.232459,335372.344,6298152.163
PJ164,J07,VHZW-71,19290,25,60,2025-10-27 14:10:56.232464,335372.344,6298152.163
PJ164,503,VHLL-58,0,0,3,2025-10-27 14:10:56.232465,335372.344,6298152.163
PJ164,406,TBFW-81,242,0,3,2025-10-27 14:10:56.232466,335372.344,6298152.163
PC1008,D18,SVDC-69,537,0,3,2025-10-27 14:10:57.593678,349931.868,6297999.11
PI1898,I35,SCRZ-36,68,0,3,2025-10-27 14:10:58.953490,332390.0,6283971.0
PI1898,I35,SCRZ-27,1577,7,9,2025-10-27 14:10:58.953495,332390.0,6283971.0
PH334,119,CJRW-26,3729,8,12,2025-10-27 14:11:00.867434,344917.926,6294344.994
PH334,119,FLXG-66,9548,25,60,2025-10-27 14:11:00.867440,344917.926,6294344.994
PC1090,C22,SKPP-15,432,0,3,2025-10-27 14:11:02.838139,352666.99,6301685.627
PC1090,286,SDSW-58,2105,5,7,2025-10-27 14:11:02.838145,352666.99,6301685.627
PC1090,286,SFPG-48,2737,7,9,2025-10-27 14:11:02.838146,352666.99,6301685.627
PC1090,712,FLXS-38,8283,19,27,2025-10-27 14:11:02.838146,352666.99,6301685.627
PC1090,712,LCPG-47,13021,25,60,2025-10-27 14:11:02.838147,352666.99,6301685.627
PE762,E13,VFJS-65,628,0,4,2025-10-27 14:11:04.412664,351471.762,6288707.288
PE762,E10,FLXR-51,2584,9,13,2025-10-27 14:11:04.412669,351471.762,6288707.288
PG771,G39,SFGY-75,4492,14,20,2025-10-27 14:11:05.905069,343791.574,6283139.35
PG771,G39,SFGY-90,6053,17,25,2025-10-27 14:11:05.905073,343791.574,6283139.35
PG771,G07,THTD-46,4290,14,20,2025-10-27 14:11:05.905074,343791.574,6283139.35
PG771,G07,THTF-71,7670,25,60,2025-10-27 14:11:05.905075,343791.574,6283139.35
PG776,G24,FLXX-22,490,0,3,2025-10-27 14:11:07.512209,345029.735,6283095.838
PG776,G24,FLXX-18,5457,17,25,2025-10-27 14:11:07.512214,345029.735,6283095.838
PG776,G07,THTF-18,2106,5,7,2025-10-27 14:11:07.512215,345029.735,6283095.838
PG776,G07,THTD-46,6658,20,28,2025-10-27 14:11:07.512216,345029.735,6283095.838
PI1316,I18,VHTB-25,5448,19,27,2025-10-27 14:11:09.446493,334777.127,6290575.661
PI1316,I18,VFZK-51,5926,20,28,2025-10-27 14:11:09.446498,334777.127,6290575.661
PC219,542,TBFW-15,6,0,3,2025-10-27 14:11:11.394544,353421.845,6304051.471
PC219,542,TBFP-84,2414,7,9,2025-10-27 14:11:11.394549,353421.845,6304051.471
PC219,435,SLGS-86,6466,14,20,2025-10-27 14:11:11.394550,353421.845,6304051.471
PC219,435,SLPC-26,11497,25,60,2025-10-27 14:11:11.394551,353421.845,6304051.471
PC219,405,PDZT-12,49,0,3,2025-10-27 14:11:11.394551,353421.845,6304051.471
PC219,405,PFVL-14,1249,0,5,2025-10-27 14:11:11.394552,353421.845,6304051.471
PC219,502,BJFD-51,194,0,3,2025-10-27 14:11:11.394553,353421.845,6304051.471
PC219,502,BJFB-33,6198,16,24,2025-10-27 14:11:11.394554,353421.845,6304051.471
PB1352,B19,SHCY-56,6265,16,22,2025-10-27 14:11:13.367743,344248.794,6306231.207
PB1825,408,SRTK-23,1092,4,6,2025-10-27 14:11:15.385807,338155.74,6301748.34
PB1825,408,SRTH-17,4377,14,20,2025-10-27 14:11:15.385821,338155.74,6301748.34
PB1825,110,SRTH-21,289,0,3,2025-10-27 14:11:15.385823,338155.74,6301748.34
PB1825,110,SRTK-21,4258,13,19,2025-10-27 14:11:15.385824,338155.74,6301748.34
PB1825,110C,PFXC-54,861,0,4,2025-10-27 14:11:15.385824,338155.74,6301748.34
PB1825,110C,GCBC-81,5189,17,25,2025-10-27 14:11:15.385825,338155.74,6301748.34
PA230,302,CJRC-37,8,0,3,2025-10-27 14:11:17.405185,345666.633,6298589.296
PH687,H13,CJRX-69,162,0,3,2025-10-27 14:11:19.095518,343782.818,6290760.776
PH687,H13,CJRW-17,2684,8,10,2025-10-27 14:11:19.095523,343782.818,6290760.776
PH687,I05,VHTB-36,56,0,3,2025-10-27 14:11:19.095524,343782.818,6290760.776
PD1453,518,TBFT-98,5023,13,19,2025-10-27 14:11:22.943440,355691.05,6299906.35
PD1453,518,CJRW-76,6570,20,28,2025-10-27 14:11:22.943445,355691.05,6299906.35
PA495,H07,CJRW-53,161,0,3,2025-10-27 14:11:24.934296,347097.308,6295173.706
PA495,H07,BJFZ-55,3578,14,20,2025-10-27 14:11:24.934301,347097.308,6295173.706
PA495,H13,BJFX-37,83,0,3,2025-10-27 14:11:24.934302,347097.308,6295173.706
PA495,H13,CJRX-51,3535,13,17,2025-10-27 14:11:24.934303,347097.308,6295173.706
PA495,511,TBFT-35,3927,12,18,2025-10-27 14:11:24.934304,347097.308,6295173.706
PA495,511,TBFX-29,4903,16,22,2025-10-27 14:11:24.934305,347097.308,6295173.706
PJ452,505,VHXJ-91,739,0,4,2025-10-27 14:11:27.034245,342770.953,6300494.683
PJ452,505,LXWR-78,813,0,4,2025-10-27 14:11:27.034250,342770.953,6300494.683
PJ452,513,LZPH-33,1884,7,9,2025-10-27 14:11:27.034251,342770.953,6300494.683
PJ452,513,LZPH-32,3827,13,19,2025-10-27 14:11:27.034252,342770.953,6300494.683
PJ452,J01,FDJX-81,683,0,4,2025-10-27 14:11:27.034252,342770.953,6300494.683
PJ452,J01,CJRZ-83,1418,6,8,2025-10-27 14:11:27.034253,342770.953,6300494.683
PD981,D07,SVDF-74,4943,25,60,2025-10-27 14:11:29.106703,355993.169,6293436.738
PD981,D07,SVDD-97,5722,25,60,2025-10-27 14:11:29.106707,355993.169,6293436.738
PD981,D17V,PGTT-86,54,0,3,2025-10-27 14:11:29.106708,355993.169,6293436.738
PD981,D20,SVDC-26,5066,11,15,2025-10-27 14:11:29.106709,355993.169,6293436.738
PD981,D20,SVDF-41,5395,12,16,2025-10-27 14:11:29.106710,355993.169,6293436.738
PD843,D05,SPBP-96,2838,9,11,2025-10-27 14:11:31.018121,351048.626,6295017.542
PD843,D05,SPBL-78,4072,12,18,2025-10-27 14:11:31.018126,351048.626,6295017.542
PC249,C11,SGPY-93,2992,9,11,2025-10-27 14:11:33.022396,356028.37,6305247.357
PC249,C11,SHCV-72,6967,25,60,2025-10-27 14:11:33.022401,356028.37,6305247.357
PC249,405,PFYG-81,1510,7,9,2025-10-27 14:11:33.022403,356028.37,6305247.357
PC249,502,PFXB-63,4251,14,20,2025-10-27 14:11:33.022404,356028.37,6305247.357
PC249,542,TBFP-56,4251,13,19,2025-10-27 14:11:33.022405,356028.37,6305247.357
PG1756,203,LXWT-98,4756,13,19,2025-10-27 14:11:35.144424,345863.755,6282565.867
PG1756,203,VJZB-67,4943,14,20,2025-10-27 14:11:35.144429,345863.755,6282565.867
PG1756,216,GCBF-44,486,0,4,2025-10-27 14:11:35.144430,345863.755,6282565.867
PG1756,216,GCBF-43,4407,14,20,2025-10-27 14:11:35.144431,345863.755,6282565.867
PG1756,392,FLXZ-92,82,0,3,2025-10-27 14:11:35.144432,345863.755,6282565.867
PG1756,392,FLXY-59,166,0,3,2025-10-27 14:11:35.144432,345863.755,6282565.867
PG1756,G35,SFPF-77,3101,9,13,2025-10-27 14:11:35.144433,345863.755,6282565.867
PG1756,G35,SFPF-83,5417,15,21,2025-10-27 14:11:35.144434,345863.755,6282565.867
PG1756,G11,THTD-11,1020,0,4,2025-10-27 14:11:35.144435,345863.755,6282565.867
PG1756,G11,THTG-95,4389,12,16,2025-10-27 14:11:35.144436,345863.755,6282565.867
PG1756,203C,VJKD-70,275,0,3,2025-10-27 14:11:35.144436,345863.755,6282565.867
PG1756,203C,SFWB-90,5079,12,16,2025-10-27 14:11:35.144437,345863.755,6282565.867
PG1756,212,GCBF-46,5257,16,22,2025-10-27 14:11:35.144438,345863.755,6282565.867
PG1756,212,LZPT-57,6086,17,25,2025-10-27 14:11:35.144439,345863.755,6282565.867
PG1756,229X,FLXX-30,4326,12,18,2025-10-27 14:11:35.144439,345863.755,6282565.867
PG1756,229X,TBZB-23,4950,15,21,2025-10-27 14:11:35.144440,345863.755,6282565.867
PG1756,G05,SHXB-22,768,0,3,2025-10-27 14:11:35.144441,345863.755,6282565.867
PG1756,G05,SFPG-40,4062,17,25,2025-10-27 14:11:35.144442,345863.755,6282565.867
PG1756,G09,SHCV-35,2136,7,9,2025-10-27 14:11:35.144443,345863.755,6282565.867
PG1756,G09,SCRZ-37,5311,18,26,2025-10-27 14:11:35.144443,345863.755,6282565.867
PF600,207,SDGY-29,549,0,3,2025-10-27 14:11:37.084865,349222.496,6277738.532
PF600,207,VJKP-16,1748,5,7,2025-10-27 14:11:37.084870,349222.496,6277738.532
PF600,F33,STHC-95,3544,10,14,2025-10-27 14:11:37.084871,349222.496,6277738.532
PF600,F33,SRVJ-55,5988,25,60,2025-10-27 14:11:37.084872,349222.496,6277738.532
PF600,F13,SRSC-51,3204,10,14,2025-10-27 14:11:37.084873,349222.496,6277738.532
PF600,F13,SRPJ-99,4275,13,19,2025-10-27 14:11:37.084873,349222.496,6277738.532
PF108,F05,SPZX-77,2934,9,13,2025-10-27 14:11:38.670832,352231.33,6283204.715
PF108,F05,SPZY-69,3435,11,15,2025-10-27 14:11:38.670837,352231.33,6283204.715
PF108,F20,TXZH-48,3139,9,11,2025-10-27 14:11:38.670839,352231.33,6283204.715
PF108,F20,SPZX-48,5577,16,24,2025-10-27 14:11:38.670840,352231.33,6283204.715
PF108,F08,SPVW-83,1399,0,4,2025-10-27 14:11:38.670841,352231.33,6283204.715
PF108,F08,SPVV-16,6522,17,23,2025-10-27 14:11:38.670841,352231.33,6283204.715
PF108,F14,SPRW-95,1104,0,5,2025-10-27 14:11:38.670843,352231.33,6283204.715
PF108,F14,SPRW-89,6637,19,27,2025-10-27 14:11:38.670843,352231.33,6283204.715
PF108,F27,SPRY-60,208,0,3,2025-10-27 14:11:38.670844,352231.33,6283204.715
PF108,F27,SPRV-93,1496,5,7,2025-10-27 14:11:38.670845,352231.33,6283204.715
PF108,E16,VFJP-23,3475,10,14,2025-10-27 14:11:38.670846,352231.33,6283204.715
PF108,E16,VFKT-28,3565,11,15,2025-10-27 14:11:38.670847,352231.33,6283204.715
PF108,205,LZRD-94,3027,12,16,2025-10-27 14:11:38.670848,352231.33,6283204.715
PF108,205,RWTP-87,4586,25,60,2025-10-27 14:11:38.670849,352231.33,6283204.715
PI922,I04,FLXF-66,1171,0,5,2025-10-27 14:11:42.619948,341122.873,6294591.374
PI922,I04,FLXF-91,2162,7,9,2025-10-27 14:11:42.619953,341122.873,6294591.374
PI922,I17,FLXL-70,3228,10,14,2025-10-27 14:11:42.619955,341122.873,6294591.374
PI922,I17,FLXF-46,3727,11,15,2025-10-27 14:11:42.619956,341122.873,6294591.374
PI979,348,VHSY-46,3781,13,19,2025-10-27 14:11:44.502656,338221.197,6290407.16
PB1095,B09,SHCY-32,5983,19,27,2025-10-27 14:11:46.345164,339400.899,6303360.919
PB1095,B09,SHCY-33,10517,25,60,2025-10-27 14:11:46.345169,339400.899,6303360.919
PB1095,120,SKHG-47,1434,5,7,2025-10-27 14:11:46.345171,339400.899,6303360.919
PB1095,120,LDJV-50,4011,13,19,2025-10-27 14:11:46.345172,339400.899,6303360.919
PB1095,B29,LXDJ-19,355,0,3,2025-10-27 14:11:46.345173,339400.899,6303360.919
PB1095,B29,SKHG-79,9965,25,60,2025-10-27 14:11:46.345174,339400.899,6303360.919
PB1951,308,FLXH-94,1240,0,5,2025-10-27 14:11:47.911676,346068.208,6300822.264
PB1951,308,FLXJ-96,1528,4,6,2025-10-27 14:11:47.911681,346068.208,6300822.264
PB1951,B26,FLXS-52,2018,6,8,2025-10-27 14:11:47.911682,346068.208,6300822.264
PB1951,B26,FLXS-47,3282,9,13,2025-10-27 14:11:47.911683,346068.208,6300822.264
PB1951,B02,FLXR-80,2591,25,60,2025-10-27 14:11:47.911684,346068.208,6300822.264
PB1951,B02,FLXR-88,5479,25,60,2025-10-27 14:11:47.911685,346068.208,6300822.264
PB1951,B14,HPFJ-98,2739,10,14,2025-10-27 14:11:47.911686,346068.208,6300822.264
PB1951,B14,FLXT-51,6043,25,60,2025-10-27 14:11:47.911687,346068.208,6300822.264
PB1951,B27,FLXT-73,727,0,5,2025-10-27 14:11:47.911688,346068.208,6300822.264
PB1951,B27,FLXT-74,3430,11,15,2025-10-27 14:11:47.911688,346068.208,6300822.264
PB1951,201,GCBC-14,2437,6,8,2025-10-27 14:11:47.911689,346068.208,6300822.264
PB1951,201,GCBB-23,4938,13,17,2025-10-27 14:11:47.911690,346068.208,6300822.264
PB1951,214,GCBB-78,2746,9,13,2025-10-27 14:11:47.911691,346068.208,6300822.264
PB1951,214,GCBB-66,5549,19,27,2025-10-27 14:11:47.911692,346068.208,6300822.264
PB1951,230,GCBB-33,2656,9,11,2025-10-27 14:11:47.911693,346068.208,6300822.264
PB1951,230,GCBB-13,9574,25,60,2025-10-27 14:11:47.911693,346068.208,6300822.264
PG413,G34,THTD-16,2122,7,9,2025-10-27 14:11:49.824006,344309.44,6287333.16
PG413,223,SHCX-14,1907,8,10,2025-10-27 14:11:49.824012,344309.44,6287333.16
PG413,223,SHXB-19,4018,16,22,2025-10-27 14:11:49.824013,344309.44,6287333.16
PG413,428,SLGT-32,484,0,3,2025-10-27 14:11:49.824014,344309.44,6287333.16
PG413,428,SHCX-63,1590,0,5,2025-10-27 14:11:49.824015,344309.44,6287333.16
PG413,444,SKPK-35,8858,18,26,2025-10-27 14:11:49.824015,344309.44,6287333.16
PG413,444,SKPL-30,14021,25,60,2025-10-27 14:11:49.824016,344309.44,6287333.16
PG787,G24,FLXP-26,2712,8,10,2025-10-27 14:11:51.756230,345074.777,6283094.901
PG787,G24,FLXX-22,5418,16,22,2025-10-27 14:11:51.756235,345074.777,6283094.901
PH355,H12,CJRZ-85,975,0,5,2025-10-27 14:11:53.812215,342534.374,6289321.63
PH355,H12,FLXD-99,4404,12,18,2025-10-27 14:11:53.812221,342534.374,6289321.63
PH355,121,FLXC-53,4455,14,20,2025-10-27 14:11:53.812222,342534.374,6289321.63
PH355,121,BJFX-60,5048,17,23,2025-10-27 14:11:53.812223,342534.374,6289321.63
PH355,329,FLXR-23,1524,0,5,2025-10-27 14:11:53.812224,342534.374,6289321.63
PH355,329,CJRW-47,5351,15,21,2025-10-27 14:11:53.812224,342534.374,6289321.63
PB978,B06,SPCG-81,2218,6,8,2025-10-27 14:11:55.600966,345813.888,6305051.17
PB978,B06,SPCG-80,3575,10,14,2025-10-27 14:11:55.600971,345813.888,6305051.17
PB978,722,LDJV-45,88,0,3,2025-10-27 14:11:55.600972,345813.888,6305051.17
PB978,722,STHC-54,4291,8,12,2025-10-27 14:11:55.600973,345813.888,6305051.17
PC653,C03,LWTK-42,1583,4,6,2025-10-27 14:11:57.016562,353272.773,6305312.245
PC653,C03,SKPJ-79,5961,16,24,2025-10-27 14:11:57.016567,353272.773,6305312.245
PG864,G05,SFGY-78,2885,8,10,2025-10-27 14:11:58.734569,346292.987,6282515.398
PG864,G05,SHCV-30,4297,12,16,2025-10-27 14:11:58.734574,346292.987,6282515.398
PG864,G35,SFPG-57,3402,10,14,2025-10-27 14:11:58.734575,346292.987,6282515.398
PF405,F08,SPVV-97,2250,5,7,2025-10-27 14:12:00.398698,356066.68,6285585.617
PF405,F08,SRPJ-92,5630,14,20,2025-10-27 14:12:00.398702,356066.68,6285585.617
PF405,E11,VKJZ-41,1761,7,9,2025-10-27 14:12:00.398703,356066.68,6285585.617
PF405,E11,VKJZ-21,5408,19,27,2025-10-27 14:12:00.398704,356066.68,6285585.617
PH732,214,GCBB-72,548,0,3,2025-10-27 14:12:02.315330,343839.841,6289972.674
PI41,I14,CJRZ-70,1132,0,5,2025-10-27 14:12:04.516893,340789.135,6295455.805
PI41,I14,BJFS-53,3727,11,15,2025-10-27 14:12:04.516898,340789.135,6295455.805
PI41,392,FLXZ-77,337,21,29,2025-10-27 14:12:04.516899,340789.135,6295455.805
PI41,392,FLXX-55,6833,25,60,2025-10-27 14:12:04.516900,340789.135,6295455.805
PI41,506,TBFR-97,1533,6,8,2025-10-27 14:12:04.516901,340789.135,6295455.805
PI41,506,PFXC-32,6496,19,27,2025-10-27 14:12:04.516902,340789.135,6295455.805
PI41,506V,TBFT-88,1492,0,5,2025-10-27 14:12:04.516903,340789.135,6295455.805
PI41,506V,GCBD-41,7924,25,60,2025-10-27 14:12:04.516904,340789.135,6295455.805
PI41,509,CJRW-58,1526,0,5,2025-10-27 14:12:04.516905,340789.135,6295455.805
PI41,509,CJRW-65,4959,12,16,2025-10-27 14:12:04.516906,340789.135,6295455.805
PI41,101,PGPT-56,5734,17,23,2025-10-27 14:12:04.516907,340789.135,6295455.805
PI41,481,PFYR-73,1245,0,4,2025-10-27 14:12:04.516908,340789.135,6295455.805
PI41,481,PGPT-36,5101,14,20,2025-10-27 14:12:04.516909,340789.135,6295455.805
PI41,I13,FLXY-13,499,0,3,2025-10-27 14:12:04.516910,340789.135,6295455.805
PI41,I13,FLXX-73,2178,7,9,2025-10-27 14:12:04.516911,340789.135,6295455.805
PI1185,I16,FLXG-69,958,0,3,2025-10-27 14:12:06.067628,342715.889,6294881.456
PI1185,385,FLXK-51,3942,13,17,2025-10-27 14:12:06.067633,342715.889,6294881.456
PI1185,385,FLXL-68,4038,13,17,2025-10-27 14:12:06.067634,342715.889,6294881.456
PJ534,513,VHXK-21,428,0,3,2025-10-27 14:12:07.779379,342339.573,6300608.719
PJ534,513,VJJV-98,5892,19,27,2025-10-27 14:12:07.779384,342339.573,6300608.719
PJ534,J01,FLXK-20,1670,7,9,2025-10-27 14:12:07.779386,342339.573,6300608.719
PJ534,J01,FLXH-79,2286,9,13,2025-10-27 14:12:07.779387,342339.573,6300608.719
PJ534,B28,SKHF-92,3760,15,21,2025-10-27 14:12:07.779388,342339.573,6300608.719
PJ534,B28,SJTD-62,5978,25,60,2025-10-27 14:12:07.779389,342339.573,6300608.719
PJ322,J18,VHZW-81,1419,0,5,2025-10-27 14:12:12.138002,337210.488,6299205.993
PJ322,J18,VHZY-80,3953,12,16,2025-10-27 14:12:12.138006,337210.488,6299205.993
PJ322,503,VGVB-93,577,0,3,2025-10-27 14:12:12.138007,337210.488,6299205.993
PJ322,503,VHLL-58,3420,11,15,2025-10-27 14:12:12.138008,337210.488,6299205.993
PJ322,511,GCBD-39,7573,25,60,2025-10-27 14:12:12.138009,337210.488,6299205.993
PJ322,511,TBFX-32,8296,25,60,2025-10-27 14:12:12.138009,337210.488,6299205.993
PJ322,J15C,TBFR-48,2316,8,10,2025-10-27 14:12:12.138010,337210.488,6299205.993
PJ322,J20,FLXD-59,1087,0,5,2025-10-27 14:12:12.138011,337210.488,6299205.993
PJ322,J20,FLXD-38,3864,14,20,2025-10-27 14:12:12.138012,337210.488,6299205.993
PE378,E04,VKJX-31,1209,6,8,2025-10-27 14:12:14.090729,352557.53,6289641.885
PE378,E04,VKJZ-38,2107,10,14,2025-10-27 14:12:14.090735,352557.53,6289641.885
PE378,322,BJFW-57,1192,7,9,2025-10-27 14:12:14.090736,352557.53,6289641.885
PE378,E03,BJFW-92,3270,11,15,2025-10-27 14:12:14.090738,352557.53,6289641.885
PE378,E03,BJFZ-93,5987,19,27,2025-10-27 14:12:14.090739,352557.53,6289641.885
PI1607,I04,FLXF-66,28,0,3,2025-10-27 14:12:16.035788,342091.489,6294928.603
PI1607,I04,FLXF-91,1020,0,4,2025-10-27 14:12:16.035793,342091.489,6294928.603
PI1607,I17,FLXL-70,1982,7,9,2025-10-27 14:12:16.035795,342091.489,6294928.603
PI1607,I17,FLXF-46,2634,8,12,2025-10-27 14:12:16.035796,342091.489,6294928.603
PB303,B15,SPCG-90,807,0,5,2025-10-27 14:12:19.809027,347234.148,6304104.304
PB303,208CX,SKPJ-87,974,0,5,2025-10-27 14:12:19.809032,347234.148,6304104.304
PB303,B35,SHCY-24,5772,15,21,2025-10-27 14:12:19.809034,347234.148,6304104.304
PB303,203,LZRB-85,1,0,4,2025-10-27 14:12:19.809035,347234.148,6304104.304
PB303,C18,SHXF-44,4467,9,13,2025-10-27 14:12:19.809036,347234.148,6304104.304
PB303,C18,SHXD-93,4476,9,13,2025-10-27 14:12:19.809037,347234.148,6304104.304
PB1984,B35,SHXD-60,6806,14,20,2025-10-27 14:12:21.877807,342670.2,6306938.0
PB1984,B35,SHCY-24,17168,25,60,2025-10-27 14:12:21.877813,342670.2,6306938.0
PI191,405,PFYG-89,7606,25,60,2025-10-27 14:12:23.947906,333864.643,6289769.208
PI191,405,PFBG-33,8139,25,60,2025-10-27 14:12:23.947910,333864.643,6289769.208
PI191,481,PFYT-10,2786,7,9,2025-10-27 14:12:23.947912,333864.643,6289769.208
PI191,481,PGPT-41,3964,12,16,2025-10-27 14:12:23.947912,333864.643,6289769.208
PI191,I26,PFVJ-18,3236,9,13,2025-10-27 14:12:23.947913,333864.643,6289769.208
PI191,I26,PFYS-94,3686,11,15,2025-10-27 14:12:23.947914,333864.643,6289769.208
PI191,392,FLXZ-92,6007,13,19,2025-10-27 14:12:23.947915,333864.643,6289769.208
PI191,392,FLXY-59,6016,14,20,2025-10-27 14:12:23.947916,333864.643,6289769.208
PI191,109,PFXC-50,1,0,3,2025-10-27 14:12:23.947917,333864.643,6289769.208
PI191,109,TBFS-46,4379,15,21,2025-10-27 14:12:23.947917,333864.643,6289769.208
PI20,I04,FLXZ-67,162,0,3,2025-10-27 14:12:25.926042,340785.907,6291980.928
PI20,I04,FLXY-36,2284,6,8,2025-10-27 14:12:25.926047,340785.907,6291980.928
PI20,I14,CJRB-47,31,0,3,2025-10-27 14:12:25.926048,340785.907,6291980.928
PI20,I14,BJFZ-41,1261,9,11,2025-10-27 14:12:25.926049,340785.907,6291980.928
PI20,392,FLXY-37,918,13,19,2025-10-27 14:12:25.926050,340785.907,6291980.928
PI20,392,FLXW-89,4522,25,60,2025-10-27 14:12:25.926051,340785.907,6291980.928
PI20,101,PFYR-67,1198,0,4,2025-10-27 14:12:25.926051,340785.907,6291980.928
PI20,101,PGPT-50,2790,8,10,2025-10-27 14:12:25.926052,340785.907,6291980.928
PI20,481,PFVD-63,4240,12,16,2025-10-27 14:12:25.926053,340785.907,6291980.928
PI20,481,PFYR-62,6378,19,27,2025-10-27 14:12:25.926054,340785.907,6291980.928
PD676,103,SPBP-94,1343,0,5,2025-10-27 14:12:29.890395,352416.236,6291424.962
PD676,103,SPBL-88,7410,25,60,2025-10-27 14:12:29.890400,352416.236,6291424.962
PD676,D26,SPBL-74,4912,9,13,2025-10-27 14:12:29.890402,352416.236,6291424.962
PD676,D26,FLXS-15,13149,25,60,2025-10-27 14:12:29.890403,352416.236,6291424.962
PD676,514,FLXW-64,4919,15,21,2025-10-27 14:12:29.890404,352416.236,6291424.962
PD676,514,FLXV-89,5174,15,21,2025-10-27 14:12:29.890405,352416.236,6291424.962
PD676,D16,SPBF-25,6497,16,24,2025-10-27 14:12:29.890406,352416.236,6291424.962
PD676,D16,PGTV-19,6723,17,25,2025-10-27 14:12:29.890407,352416.236,6291424.962
PI838,I03,FLXL-56,645,0,3,2025-10-27 14:12:33.754399,342339.602,6297630.599
PI838,I03,FLXL-32,1142,0,5,2025-10-27 14:12:33.754403,342339.602,6297630.599
PI838,I10,FLXF-42,101,0,3,2025-10-27 14:12:33.754404,342339.602,6297630.599
PI838,I10,FLXW-76,3951,16,22,2025-10-27 14:12:33.754405,342339.602,6297630.599
PC590,C01,LDJJ-78,1128,0,5,2025-10-27 14:12:35.671700,359440.491,6308536.699
PC590,C01,LCSX-49,6986,19,27,2025-10-27 14:12:35.671704,359440.491,6308536.699
PC590,C13,SGPX-10,5926,19,27,2025-10-27 14:12:35.671706,359440.491,6308536.699
PC590,C13,SJPB-27,6436,21,29,2025-10-27 14:12:35.671706,359440.491,6308536.699
PC590,C16,LDTB-90,1608,6,8,2025-10-27 14:12:35.671707,359440.491,6308536.699
PC590,C16,LDTF-50,1929,7,9,2025-10-27 14:12:35.671708,359440.491,6308536.699
PD817,D16,PFYC-51,709,0,3,2025-10-27 14:12:37.454255,353011.855,6293403.185
PF575,F12,SRVL-75,846,0,4,2025-10-27 14:12:39.076600,352162.448,6279242.924
PD182,425,SGPW-41,2238,4,6,2025-10-27 14:12:41.085841,353652.58,6299763.92
PD182,425,SJPC-69,6672,14,20,2025-10-27 14:12:41.085846,353652.58,6299763.92
PD182,216,GCBF-51,8810,25,60,2025-10-27 14:12:41.085847,353652.58,6299763.92
PD182,216,LZPT-59,13812,25,60,2025-10-27 14:12:41.085848,353652.58,6299763.92
PD182,286,SFPG-48,1,0,3,2025-10-27 14:12:41.085849,353652.58,6299763.92
PD182,286,SHCX-16,2726,8,12,2025-10-27 14:12:41.085850,353652.58,6299763.92
PD182,712,FLXS-38,5213,13,19,2025-10-27 14:12:41.085850,353652.58,6299763.92
PD182,712,LCPG-47,9983,25,60,2025-10-27 14:12:41.085853,353652.58,6299763.92
PJ1002,J16,FLXG-37,3507,11,15,2025-10-27 14:12:43.007598,340726.027,6301844.574
PJ396,503,VHLV-17,1048,0,5,2025-10-27 14:12:44.962010,340050.335,6299652.274
PJ396,503,VGVB-93,3486,10,14,2025-10-27 14:12:44.962016,340050.335,6299652.274
PJ396,504,TBFT-67,316,0,4,2025-10-27 14:12:44.962017,340050.335,6299652.274
PJ396,504,PFXC-51,5071,25,60,2025-10-27 14:12:44.962018,340050.335,6299652.274
PJ396,507,PFXC-42,1909,9,13,2025-10-27 14:12:44.962019,340050.335,6299652.274
PJ396,507,TBFV-11,3138,13,17,2025-10-27 14:12:44.962020,340050.335,6299652.274
PJ396,518,PFXC-38,1870,17,23,2025-10-27 14:12:44.962021,340050.335,6299652.274
PJ396,518,TBFP-79,4144,25,60,2025-10-27 14:12:44.962022,340050.335,6299652.274
PJ396,B38,TBFX-78,2682,8,12,2025-10-27 14:12:44.962023,340050.335,6299652.274
PG1175,286,SFPF-95,1360,4,6,2025-10-27 14:12:46.966205,349803.75,6281589.338
PG1175,286,SHCV-32,5299,16,24,2025-10-27 14:12:46.966211,349803.75,6281589.338
PG1175,G13,SHXB-18,2713,16,22,2025-10-27 14:12:46.966212,349803.75,6281589.338
PG1175,G13,SHXB-30,2723,16,22,2025-10-27 14:12:46.966213,349803.75,6281589.338
PG1175,G16,SFPF-75,3345,9,11,2025-10-27 14:12:46.966214,349803.75,6281589.338
PG1175,G16,SFGY-70,5043,13,19,2025-10-27 14:12:46.966215,349803.75,6281589.338
PF331,F14,SPRY-45,938,0,3,2025-10-27 14:12:49.014339,354939.181,6282438.844
PF331,F14,SPRW-93,1258,0,5,2025-10-27 14:12:49.014344,354939.181,6282438.844
PF331,210V,VFPL-46,1361,0,5,2025-10-27 14:12:49.014346,354939.181,6282438.844
PF331,210V,VFPL-35,1686,5,7,2025-10-27 14:12:49.014346,354939.181,6282438.844
PF331,F06,SPZY-55,2521,8,10,2025-10-27 14:12:49.014347,354939.181,6282438.844
PF331,F06,SRVH-33,3140,10,14,2025-10-27 14:12:49.014348,354939.181,6282438.844
PF331,F09,LBTS-97,2280,6,8,2025-10-27 14:12:49.014349,354939.181,6282438.844
PF331,124,SRVG-32,3225,10,14,2025-10-27 14:12:49.014350,354939.181,6282438.844
PF331,124,SRVL-11,6307,18,26,2025-10-27 14:12:49.014351,354939.181,6282438.844
PC1300,C02,LDJJ-69,6454,17,25,2025-10-27 14:12:50.943490,359911.0,6303780.0
PC1300,C02,LCPW-50,6801,18,26,2025-10-27 14:12:50.943494,359911.0,6303780.0
PC1300,421,PDZS-89,3937,10,14,2025-10-27 14:12:50.943496,359911.0,6303780.0
PC1300,421,SRTK-15,7354,25,60,2025-10-27 14:12:50.943496,359911.0,6303780.0
PB2010,B42,FLXT-23,3171,5,7,2025-10-27 14:12:52.833729,342488.0,6308116.0
PB2010,B42,FLXJ-97,7007,15,21,2025-10-27 14:12:52.833733,342488.0,6308116.0
PB2010,B33,SHXF-41,1903,0,5,2025-10-27 14:12:52.833734,342488.0,6308116.0
PB2010,B33,SHCX-34,5156,10,14,2025-10-27 14:12:52.833735,342488.0,6308116.0
PH1495,302,BJFT-68,2942,8,10,2025-10-27 14:12:54.812798,344215.318,6289401.208
PH1495,302,CJRC-37,9201,25,60,2025-10-27 14:12:54.812803,344215.318,6289401.208
PD710,D02,SVDD-99,1692,6,8,2025-10-27 14:12:56.784485,354414.117,6298006.371
PD710,D02,SVDC-54,4518,12,18,2025-10-27 14:12:56.784490,354414.117,6298006.371
PD710,D15,STRJ-56,4282,11,15,2025-10-27 14:12:56.784491,354414.117,6298006.371
PG394,302,BJFX-53,4053,9,11,2025-10-27 14:12:59.328426,346725.575,6287059.899
PG394,302,BJFT-68,7680,16,24,2025-10-27 14:12:59.328432,346725.575,6287059.899
PG394,G18,SFPF-76,414,0,3,2025-10-27 14:12:59.328433,346725.575,6287059.899
PG394,G18,SFGY-11,2547,10,14,2025-10-27 14:12:59.328434,346725.575,6287059.899
PD400,418,SHXD-79,1527,0,5,2025-10-27 14:13:00.934510,355264.609,6297252.991
PD400,418,SHXF-88,5371,25,60,2025-10-27 14:13:00.934515,355264.609,6297252.991
PD400,425,SJPC-69,3356,9,11,2025-10-27 14:13:00.934516,355264.609,6297252.991
PD400,425,SKPK-30,4048,17,23,2025-10-27 14:13:00.934517,355264.609,6297252.991
PD400,429,SLLZ-38,1685,0,5,2025-10-27 14:13:00.934518,355264.609,6297252.991
PG1224,G39,SFGY-23,798,0,3,2025-10-27 14:13:02.898239,341220.103,6283215.895
PG1224,G39,SHXB-13,1605,5,7,2025-10-27 14:13:02.898243,341220.103,6283215.895
PG1224,G09,SHCV-45,977,0,3,2025-10-27 14:13:02.898244,341220.103,6283215.895
PG1224,G09,SHCV-49,1684,0,5,2025-10-27 14:13:02.898245,341220.103,6283215.895
PD367,418,SKPK-34,2930,9,11,2025-10-27 14:13:04.881387,355938.742,6295968.208
PD367,418,SHCX-39,3469,10,14,2025-10-27 14:13:04.881392,355938.742,6295968.208
PD367,425,SGPW-45,214,0,3,2025-10-27 14:13:04.881393,355938.742,6295968.208
PD367,425,SJPC-80,2119,6,8,2025-10-27 14:13:04.881394,355938.742,6295968.208
PD367,429,SLPB-84,2804,8,10,2025-10-27 14:13:04.881396,355938.742,6295968.208
PD367,429,SHCV-70,4071,12,16,2025-10-27 14:13:04.881396,355938.742,6295968.208
PI544,506,TBFR-97,3341,9,13,2025-10-27 14:13:06.823841,342601.504,6296463.709
PI544,506,PFXC-32,8012,25,60,2025-10-27 14:13:06.823846,342601.504,6296463.709
PI544,506V,SZZY-76,226,0,3,2025-10-27 14:13:06.823848,342601.504,6296463.709
PI544,506V,TBFT-69,284,0,3,2025-10-27 14:13:06.823849,342601.504,6296463.709
PI544,509,FLXX-44,993,0,3,2025-10-27 14:13:06.823850,342601.504,6296463.709
PI544,509,CJRW-58,3083,7,9,2025-10-27 14:13:06.823851,342601.504,6296463.709
PD305,D11,SVDF-64,1844,5,7,2025-10-27 14:13:08.698247,355744.761,6298325.677
PD305,D11,SVDD-40,2123,6,8,2025-10-27 14:13:08.698253,355744.761,6298325.677
PD305,517,VJBC-30,1,0,3,2025-10-27 14:13:08.698254,355744.761,6298325.677
PD305,225,VFJP-12,4378,12,16,2025-10-27 14:13:08.698256,355744.761,6298325.677
PD305,225,VJWY-41,11592,25,60,2025-10-27 14:13:08.698257,355744.761,6298325.677
PJ485,412,PFTW-20,1983,7,9,2025-10-27 14:13:10.669542,337506.625,6300526.593
PJ485,412,PFYC-79,4965,25,60,2025-10-27 14:13:10.669547,337506.625,6300526.593
PJ485,508,FDJX-77,1522,5,7,2025-10-27 14:13:10.669548,337506.625,6300526.593
PJ485,508,FLXX-79,3376,11,15,2025-10-27 14:13:10.669549,337506.625,6300526.593
PJ485,J04,TBFT-31,1068,0,3,2025-10-27 14:13:10.669550,337506.625,6300526.593
PJ485,J04,TBFW-75,2954,8,10,2025-10-27 14:13:10.669550,337506.625,6300526.593
PD690,D10,SVDC-56,1566,5,7,2025-10-27 14:13:12.607808,352417.506,6292537.649
PD690,D10,SVDC-39,2228,8,10,2025-10-27 14:13:12.607813,352417.506,6292537.649
PD690,514,FLXW-63,30,0,3,2025-10-27 14:13:12.607814,352417.506,6292537.649
PD690,514,PFXB-24,849,0,4,2025-10-27 14:13:12.607815,352417.506,6292537.649
PG846,G04,SHXB-35,465,0,3,2025-10-27 14:13:16.111186,346194.414,6286066.597
PG846,G04,SHXG-79,2768,8,10,2025-10-27 14:13:16.111192,346194.414,6286066.597
PC549,517,VJBC-30,4103,10,14,2025-10-27 14:13:17.803263,354947.767,6301381.921
PC549,503,VHLT-57,3638,9,13,2025-10-27 14:13:17.803268,354947.767,6301381.921
PC549,722,STGZ-85,3750,9,11,2025-10-27 14:13:17.803270,354947.767,6301381.921
PC549,C06,SKPJ-41,57,0,3,2025-10-27 14:13:17.803270,354947.767,6301381.921
PI405,405,PFVK-65,5072,25,60,2025-10-27 14:13:19.314677,342918.394,6297157.773
PI405,405,PDYS-14,5859,25,60,2025-10-27 14:13:19.314683,342918.394,6297157.773
PI405,419,PFTV-88,2806,8,10,2025-10-27 14:13:19.314684,342918.394,6297157.773
PI405,419,PFTV-85,5287,16,24,2025-10-27 14:13:19.314685,342918.394,6297157.773
PI405,421,PGBB-65,7356,25,60,2025-10-27 14:13:19.314686,342918.394,6297157.773
PI405,421,PFVK-67,8392,25,60,2025-10-27 14:13:19.314687,342918.394,6297157.773
PI405,423,PFVC-59,4195,14,20,2025-10-27 14:13:19.314688,342918.394,6297157.773
PI405,106,PGPT-25,2507,8,10,2025-10-27 14:13:19.314689,342918.394,6297157.773
PI405,106,PGPT-29,3082,9,13,2025-10-27 14:13:19.314690,342918.394,6297157.773
PI405,401,PDZS-76,2481,7,9,2025-10-27 14:13:19.314691,342918.394,6297157.773
PI405,401,PDZH-84,11368,25,60,2025-10-27 14:13:19.314692,342918.394,6297157.773
PI801,348,VHTB-54,2203,6,8,2025-10-27 14:13:21.211793,333051.568,6291009.795
PI801,348,VHTB-31,6803,25,60,2025-10-27 14:13:21.211797,333051.568,6291009.795
PI801,I02,FLXY-81,480,0,3,2025-10-27 14:13:21.211798,333051.568,6291009.795
PI801,I02,FLXZ-54,4898,16,22,2025-10-27 14:13:21.211799,333051.568,6291009.795
PI801,I07,VHSX-86,328,0,3,2025-10-27 14:13:21.211800,333051.568,6291009.795
PI801,I07,VHSY-30,3259,14,20,2025-10-27 14:13:21.211801,333051.568,6291009.795
PI801,I18,FLXZ-56,621,0,3,2025-10-27 14:13:21.211802,333051.568,6291009.795
PI801,I18,VHTB-25,7087,25,60,2025-10-27 14:13:21.211802,333051.568,6291009.795
PE717,E11,VKJZ-85,3129,9,13,2025-10-27 14:13:23.117699,348826.563,6286199.466
PE717,E11,VKJY-54,6458,20,28,2025-10-27 14:13:23.117705,348826.563,6286199.466
PE717,E18,FLXJ-47,2493,9,13,2025-10-27 14:13:23.117706,348826.563,6286199.466
PE717,E18,FLXD-80,5125,17,25,2025-10-27 14:13:23.117707,348826.563,6286199.466
PE717,F05,SRVL-81,316,0,3,2025-10-27 14:13:23.117708,348826.563,6286199.466
PE717,F05,SRVL-13,1742,5,7,2025-10-27 14:13:23.117709,348826.563,6286199.466
PG375,G24,FLXX-18,3743,11,15,2025-10-27 14:13:25.295824,344426.0,6282950.0
PG375,301,BJFW-78,285,0,3,2025-10-27 14:13:25.295829,344426.0,6282950.0
PG375,301,BJFW-84,959,0,4,2025-10-27 14:13:25.295830,344426.0,6282950.0
PG375,G28,BJFX-32,842,0,3,2025-10-27 14:13:25.295831,344426.0,6282950.0
PG375,G28,BJFW-37,2940,8,10,2025-10-27 14:13:25.295831,344426.0,6282950.0
PG375,G16,SDSW-53,1305,0,5,2025-10-27 14:13:25.295832,344426.0,6282950.0
PG375,G16,SFGY-13,6987,25,60,2025-10-27 14:13:25.295833,344426.0,6282950.0
PG375,G07,THTF-18,697,0,3,2025-10-27 14:13:25.295834,344426.0,6282950.0
PG375,G07,THTD-46,5386,17,23,2025-10-27 14:13:25.295835,344426.0,6282950.0
PE1391,E05,CJRB-44,4343,16,22,2025-10-27 14:13:26.976448,351568.567,6289821.347
PE1391,E05,BJFS-99,7902,25,60,2025-10-27 14:13:26.976454,351568.567,6289821.347
PE1391,E06,BJFV-76,3871,13,19,2025-10-27 14:13:26.976455,351568.567,6289821.347
PE1391,E17,FLXT-39,4487,16,22,2025-10-27 14:13:26.976456,351568.567,6289821.347
PE1391,D13,BJFV-33,2427,12,16,2025-10-27 14:13:26.976457,351568.567,6289821.347
PE1391,D13,FLXR-28,5033,20,28,2025-10-27 14:13:26.976457,351568.567,6289821.347
PG404,302,BJFX-40,5133,25,60,2025-10-27 14:13:28.637274,346693.475,6287434.388
PG404,302,FLXF-43,7589,25,60,2025-10-27 14:13:28.637279,346693.475,6287434.388
PA21,113,FLXY-58,1550,4,6,2025-10-27 14:13:30.560784,346423.523,6295895.71
PA21,113,FLXZ-66,2901,8,12,2025-10-27 14:13:30.560790,346423.523,6295895.71
PA21,115,TBFR-51,2013,5,7,2025-10-27 14:13:30.560791,346423.523,6295895.71
PA21,115,TBFW-47,2056,6,8,2025-10-27 14:13:30.560792,346423.523,6295895.71
PI1883,I35,SHXB-12,48,0,3,2025-10-27 14:13:32.480498,332247.0,6283842.0
PI1883,I35,SHXG-63,3484,9,13,2025-10-27 14:13:32.480503,332247.0,6283842.0
PJ25,107,PGBY-46,2131,6,8,2025-10-27 14:13:34.309050,341341.327,6299802.549
PJ25,107,PGBY-53,2174,6,8,2025-10-27 14:13:34.309055,341341.327,6299802.549
PJ25,101,PFVG-58,1367,5,7,2025-10-27 14:13:34.309056,341341.327,6299802.549
PJ25,101,PGPT-56,9973,25,60,2025-10-27 14:13:34.309056,341341.327,6299802.549
PC815,C09,SGPY-23,1843,5,7,2025-10-27 14:13:35.970297,360476.732,6304475.804
PC815,C09,SGPY-58,7375,19,27,2025-10-27 14:13:35.970302,360476.732,6304475.804
PC815,C27,SHCV-64,912,0,4,2025-10-27 14:13:35.970303,360476.732,6304475.804
PC815,C27,SHXD-64,6084,25,60,2025-10-27 14:13:35.970304,360476.732,6304475.804
PI1603,I04,FLXF-91,127,0,3,2025-10-27 14:13:37.741960,342162.969,6295707.414
PF111,F20,TXZH-48,3244,9,13,2025-10-27 14:13:39.734696,351375.696,6283052.657
PF111,F20,SPZX-48,5894,17,25,2025-10-27 14:13:39.734700,351375.696,6283052.657
PF111,F08,SPVW-83,1888,5,7,2025-10-27 14:13:39.734701,351375.696,6283052.657
PF111,F08,SPVV-16,6944,18,26,2025-10-27 14:13:39.734702,351375.696,6283052.657
PF111,F27,SPRY-60,681,0,4,2025-10-27 14:13:39.734703,351375.696,6283052.657
PF111,F27,SPRV-93,1981,7,9,2025-10-27 14:13:39.734703,351375.696,6283052.657
PF111,E16,VFKT-28,3902,12,16,2025-10-27 14:13:39.734704,351375.696,6283052.657
PF111,E16,VFJP-23,3900,12,16,2025-10-27 14:13:39.734705,351375.696,6283052.657
PF111,205,LZRD-94,2884,12,16,2025-10-27 14:13:39.734706,351375.696,6283052.657
PF111,205,RWTP-87,4903,17,25,2025-10-27 14:13:39.734706,351375.696,6283052.657
PF876,F01,SPVV-66,1197,0,4,2025-10-27 14:13:41.615447,355008.725,6279651.927
PF876,F01,SPVV-62,3154,13,17,2025-10-27 14:13:41.615453,355008.725,6279651.927
PF876,F29,SRPJ-73,1,0,3,2025-10-27 14:13:41.615454,355008.725,6279651.927
PF876,F29,SPVT-79,3442,13,17,2025-10-27 14:13:41.615455,355008.725,6279651.927
PJ370,J10,VHZX-11,2183,5,7,2025-10-27 14:13:45.374454,336964.942,6297907.832
PJ370,503,VGVC-58,811,0,3,2025-10-27 14:13:45.374459,336964.942,6297907.832
PJ370,503,VGVG-55,4294,12,18,2025-10-27 14:13:45.374460,336964.942,6297907.832
PF982,712,SJPC-40,2590,10,14,2025-10-27 14:13:47.070399,354978.155,6279273.902
PF982,712,SJPD-86,2612,10,14,2025-10-27 14:13:47.070405,354978.155,6279273.902
PD482,505,VHZY-31,769,0,4,2025-10-27 14:13:49.028590,349277.619,6297636.212
PD482,505,VJJV-88,1066,0,5,2025-10-27 14:13:49.028595,349277.619,6297636.212
PD482,508,TBFX-10,1024,5,7,2025-10-27 14:13:49.028596,349277.619,6297636.212
PD482,508,GCBD-43,1744,9,13,2025-10-27 14:13:49.028597,349277.619,6297636.212
PD482,514,TBFT-16,794,0,4,2025-10-27 14:13:49.028598,349277.619,6297636.212
PD482,514,FLXD-58,2127,8,12,2025-10-27 14:13:49.028599,349277.619,6297636.212
PI288,115,PFWZ-71,673,0,3,2025-10-27 14:13:50.978979,342852.272,6294081.304
PI288,115,FLXV-94,6570,14,20,2025-10-27 14:13:50.978985,342852.272,6294081.304
PI288,113,FLXY-89,1645,4,6,2025-10-27 14:13:50.978986,342852.272,6294081.304
PI288,113,BJFT-12,8910,19,27,2025-10-27 14:13:50.978987,342852.272,6294081.304
PH209,210V,VGKZ-92,3523,11,15,2025-10-27 14:13:52.931710,349287.84,6294451.68
PH209,210V,VFPF-21,5048,16,22,2025-10-27 14:13:52.931716,349287.84,6294451.68
PH209,213E,SRVJ-64,4948,13,19,2025-10-27 14:13:52.931717,349287.84,6294451.68
PH209,210,LZRD-78,1,0,3,2025-10-27 14:13:52.931718,349287.84,6294451.68
PH209,210,SXKV-92,4453,15,21,2025-10-27 14:13:52.931719,349287.84,6294451.68
PA639,H07,CJRF-17,753,0,3,2025-10-27 14:13:54.893888,348781.617,6295393.346
PA639,H07,CJRW-53,1158,0,4,2025-10-27 14:13:54.893894,348781.617,6295393.346
PA639,H13,BJFX-37,1057,0,4,2025-10-27 14:13:54.893895,348781.617,6295393.346
PA639,H13,CJRX-51,4521,15,21,2025-10-27 14:13:54.893896,348781.617,6295393.346
PA639,511,TBFT-35,5083,17,25,2025-10-27 14:13:54.893897,348781.617,6295393.346
PA639,511,TBFX-29,5812,20,28,2025-10-27 14:13:54.893898,348781.617,6295393.346
PG1648,G07,THTH-12,3197,5,7,2025-10-27 14:13:56.851229,339313.515,6276708.926
PI1116,I12,VHSY-18,2826,8,10,2025-10-27 14:13:58.298786,339644.658,6289302.447
PI1116,I12,FLXY-25,3845,10,14,2025-10-27 14:13:58.298820,339644.658,6289302.447
PB161,116,HPFJ-99,2527,12,16,2025-10-27 14:14:00.198717,346913.127,6299951.733
PB161,116,FLXT-53,2896,13,19,2025-10-27 14:14:00.198723,346913.127,6299951.733
PB161,203,LZPT-48,4312,18,26,2025-10-27 14:14:00.198724,346913.127,6299951.733
PB161,203,SXKV-97,12684,25,60,2025-10-27 14:14:00.198725,346913.127,6299951.733
PB161,208,SFWB-16,2304,13,19,2025-10-27 14:14:00.198726,346913.127,6299951.733
PB161,B03,LXDJ-31,6279,4,6,2025-10-27 14:14:00.198727,346913.127,6299951.733
PB161,B03,LZPT-48,4312,18,26,2025-10-27 14:14:00.198728,346913.127,6299951.733
PE176,211,TBZB-20,6581,17,23,2025-10-27 14:14:02.075265,349749.901,6287460.175
PE176,211,TBYY-73,9094,25,60,2025-10-27 14:14:02.075271,349749.901,6287460.175
PE176,118,FLXV-37,111,0,3,2025-10-27 14:14:02.075272,349749.901,6287460.175
PE176,118,LXWR-67,4314,12,16,2025-10-27 14:14:02.075273,349749.901,6287460.175
