bus_stop_code,route_id,bus_id,meters_distance,min_arrival_time,max_arrival_time,date,X,Y
PH639,H09,VGRG-24,1667,5,7,2025-10-21 22:00:03.606490,348920.801,6292768.317
PH639,H09,VGLZ-33,8554,25,60,2025-10-21 22:00:03.606497,348920.801,6292768.317
PB1215,B12,SKDJ-19,4905,11,15,2025-10-21 22:00:05.583913,340062.982,6310220.769
PB1215,B12,SKDJ-94,5434,12,16,2025-10-21 22:00:05.583919,340062.982,6310220.769
PB1215,B33,SHCW-61,2343,5,7,2025-10-21 22:00:05.583921,340062.982,6310220.769
PD953,D07,SVDF-60,923,0,3,2025-10-21 22:00:07.456069,350263.53,6293444.757
PD953,D07,SVDD-22,2910,8,10,2025-10-21 22:00:07.456075,350263.53,6293444.757
PD953,D13,FLXR-42,3097,7,9,2025-10-21 22:00:07.456076,350263.53,6293444.757
PI1358,I02,FLXZ-53,5768,17,25,2025-10-21 22:00:09.331407,335710.899,6293478.375
PI1358,I02,FLXY-91,7129,20,28,2025-10-21 22:00:09.331413,335710.899,6293478.375
PJ51,402,PFYC-53,3686,8,12,2025-10-21 22:00:11.221016,342888.545,6298890.246
PJ51,406,PFXC-80,1589,0,4,2025-10-21 22:00:11.221024,342888.545,6298890.246
PJ51,406,TBFX-44,8901,16,24,2025-10-21 22:00:11.221026,342888.545,6298890.246
PJ51,422,GCBC-43,4567,10,14,2025-10-21 22:00:11.221028,342888.545,6298890.246
PJ51,422,FLXV-73,9390,25,60,2025-10-21 22:00:11.221030,342888.545,6298890.246
PB1126,B10,LDJW-43,2628,9,11,2025-10-21 22:00:13.128255,346466.498,6300555.894
PB1126,B10,FLXP-69,5026,15,21,2025-10-21 22:00:13.128259,346466.498,6300555.894
PB1126,B24,STHD-21,1,0,3,2025-10-21 22:00:13.128261,346466.498,6300555.894
PB1126,B24,STHD-47,3544,11,15,2025-10-21 22:00:13.128262,346466.498,6300555.894
PG970,G31,BJFW-75,846,0,5,2025-10-21 22:00:14.957014,343682.304,6281843.818
PG970,228,THTD-68,762,0,3,2025-10-21 22:00:14.957021,343682.304,6281843.818
PG970,228,THTD-29,3919,10,14,2025-10-21 22:00:14.957022,343682.304,6281843.818
PI1063,I10,FLXF-96,3207,8,10,2025-10-21 22:00:16.955027,337199.887,6291270.45
PI1063,I10,FLXL-51,7332,17,25,2025-10-21 22:00:16.955042,337199.887,6291270.45
PG498,G11,THTD-49,2230,6,8,2025-10-21 22:00:18.839848,348271.469,6287093.595
PG498,G11,THTF-29,5711,14,20,2025-10-21 22:00:18.839853,348271.469,6287093.595
PB388,B10,STHR-72,223,0,3,2025-10-21 22:00:20.738426,345827.53,6300826.49
PB388,B10,LDJW-43,4815,15,21,2025-10-21 22:00:20.738431,345827.53,6300826.49
PB388,B24,TXZK-38,3568,15,21,2025-10-21 22:00:20.738432,345827.53,6300826.49
PB388,B24,STHD-21,6477,25,60,2025-10-21 22:00:20.738433,345827.53,6300826.49
PB388,214,GCBB-26,1932,5,7,2025-10-21 22:00:20.738434,345827.53,6300826.49
PB388,214,GCBB-33,2580,8,10,2025-10-21 22:00:20.738434,345827.53,6300826.49
PB388,301,BJFX-46,5115,14,20,2025-10-21 22:00:20.738435,345827.53,6300826.49
PB388,301,BJFV-28,5125,14,20,2025-10-21 22:00:20.738436,345827.53,6300826.49
PB388,B03,SKHG-79,1737,7,9,2025-10-21 22:00:20.738437,345827.53,6300826.49
PB388,B03,SKHG-92,4657,17,25,2025-10-21 22:00:20.738438,345827.53,6300826.49
PG264,302,BJFS-93,2665,0,5,2025-10-21 22:00:22.642858,345341.865,6287906.239
PG264,302,BJFS-42,2763,4,6,2025-10-21 22:00:22.642864,345341.865,6287906.239
PG264,G12,SDSW-75,4924,10,14,2025-10-21 22:00:22.642865,345341.865,6287906.239
PG264,G12,SHXB-10,9206,25,60,2025-10-21 22:00:22.642866,345341.865,6287906.239
PG264,118,FLXX-77,10162,25,60,2025-10-21 22:00:22.642868,345341.865,6287906.239
PG264,120,SJTD-66,755,0,3,2025-10-21 22:00:22.642869,345341.865,6287906.239
PG264,120,STHD-65,5035,9,13,2025-10-21 22:00:22.642870,345341.865,6287906.239
PI1524,I22,FLXY-22,3682,11,15,2025-10-21 22:00:24.555427,336694.544,6293029.459
PI678,I01,FLXL-22,352,0,3,2025-10-21 22:00:26.527173,341474.351,6292652.312
PI678,I01,FLXF-14,5600,11,15,2025-10-21 22:00:26.527178,341474.351,6292652.312
PC398,C27,SKPJ-41,3650,12,18,2025-10-21 22:00:28.468248,357454.499,6303216.789
PC398,421,PFVK-62,4286,11,15,2025-10-21 22:00:28.468253,357454.499,6303216.789
PC398,421,PDYR-93,9525,25,60,2025-10-21 22:00:28.468255,357454.499,6303216.789
PB1916,B13,STHP-12,36,0,3,2025-10-21 22:00:32.140433,339499.0,6306793.0
PB1916,B13,STHJ-72,5827,25,60,2025-10-21 22:00:32.140438,339499.0,6306793.0
PB1916,B11,SKDJ-90,449,0,3,2025-10-21 22:00:32.140440,339499.0,6306793.0
PB1916,B21,SKDH-63,21,0,3,2025-10-21 22:00:32.140441,339499.0,6306793.0
PB1916,B21,SKDG-24,4871,17,25,2025-10-21 22:00:32.140442,339499.0,6306793.0
PB1916,435,SJPF-94,398,0,3,2025-10-21 22:00:32.140443,339499.0,6306793.0
PB1916,308,FLXT-16,1382,11,15,2025-10-21 22:00:32.140444,339499.0,6306793.0
PB1916,314,TWPD-28,373,0,3,2025-10-21 22:00:32.140445,339499.0,6306793.0
PB1916,B08,SHCY-58,421,0,3,2025-10-21 22:00:32.140446,339499.0,6306793.0
PB1916,B06,SKDH-73,1,0,3,2025-10-21 22:00:32.140447,339499.0,6306793.0
PB1916,B06,SKDG-93,4721,13,19,2025-10-21 22:00:32.140448,339499.0,6306793.0
PB1916,425,SHCX-55,443,0,3,2025-10-21 22:00:32.140448,339499.0,6306793.0
PB1916,425,SGPY-83,4520,25,60,2025-10-21 22:00:32.140449,339499.0,6306793.0
PB1916,429,SLPC-14,823,0,3,2025-10-21 22:00:32.140450,339499.0,6306793.0
PB1916,430,SJPC-22,1168,0,4,2025-10-21 22:00:32.140451,339499.0,6306793.0
PB1070,B09,SHCY-49,6272,25,60,2025-10-21 22:00:33.771082,339789.863,6303323.11
PB1070,B29,SKHG-89,2712,8,10,2025-10-21 22:00:33.771089,339789.863,6303323.11
PB1413,B21,SPCG-79,485,0,3,2025-10-21 22:00:35.652021,345815.492,6303646.558
PB1413,B21,SKDF-92,4456,13,17,2025-10-21 22:00:35.652026,345815.492,6303646.558
PI509,419,PFVK-94,5309,11,15,2025-10-21 22:00:37.528018,335062.847,6291589.843
PI509,419,PFVK-67,7355,14,20,2025-10-21 22:00:37.528023,335062.847,6291589.843
PI509,I07,VHSY-18,3556,10,14,2025-10-21 22:00:37.528024,335062.847,6291589.843
PE45,126,FLXF-49,1,0,3,2025-10-21 22:00:39.481005,354032.947,6290589.911
PE45,E17,FLXT-30,1904,5,7,2025-10-21 22:00:39.481010,354032.947,6290589.911
PE45,118,FLXX-82,1695,0,4,2025-10-21 22:00:39.481011,354032.947,6290589.911
PE45,118,BJFD-65,5856,13,19,2025-10-21 22:00:39.481012,354032.947,6290589.911
PG1744,E18,BJFS-95,1286,5,7,2025-10-21 22:00:42.682872,346086.204,6287181.248
PG1744,E18,BJFX-61,4807,25,60,2025-10-21 22:00:42.682878,346086.204,6287181.248
PG1744,G18,SFPF-91,259,0,3,2025-10-21 22:00:42.682879,346086.204,6287181.248
PG1744,G18,SHXB-41,3803,9,13,2025-10-21 22:00:42.682880,346086.204,6287181.248
PG1744,228,THTH-84,905,0,3,2025-10-21 22:00:42.682881,346086.204,6287181.248
PG1744,228,THTD-56,3839,8,12,2025-10-21 22:00:42.682882,346086.204,6287181.248
PG1404,G22,THTG-98,8067,25,60,2025-10-21 22:00:44.638169,342463.151,6284763.596
PE1261,F05,SPZY-37,3226,19,27,2025-10-21 22:00:46.618089,348936.453,6286211.303
PE1261,F05,SPZY-56,4266,25,60,2025-10-21 22:00:46.618094,348936.453,6286211.303
PE1261,E18,BJFV-85,139,12,16,2025-10-21 22:00:46.618096,348936.453,6286211.303
PE1261,E18,BJFV-11,1861,13,17,2025-10-21 22:00:46.618097,348936.453,6286211.303
PG86,201E,VFHJ-92,153,0,3,2025-10-21 22:00:48.539841,341112.644,6284190.105
PG86,201E,VFHH-49,3025,7,9,2025-10-21 22:00:48.539847,341112.644,6284190.105
PC1238,409,PGBY-80,1,0,3,2025-10-21 22:00:50.409757,359315.49,6307382.07
PC1238,409,PGLD-51,389,0,3,2025-10-21 22:00:50.409762,359315.49,6307382.07
PC1282,C37,SGPW-53,6377,15,21,2025-10-21 22:00:51.812469,359626.2,6302162.84
PC1282,C37,SHXG-37,11345,25,60,2025-10-21 22:00:51.812474,359626.2,6302162.84
PI355,428,SJPD-81,5117,10,14,2025-10-21 22:00:53.492575,340178.32,6290580.802
PI355,428,SLLZ-40,6477,13,17,2025-10-21 22:00:53.492584,340178.32,6290580.802
PI355,444,SHXF-85,1586,0,3,2025-10-21 22:00:53.492587,340178.32,6290580.802
PI355,444,SJPD-71,11716,21,29,2025-10-21 22:00:53.492588,340178.32,6290580.802
PI355,I05,VHSY-22,53,0,3,2025-10-21 22:00:53.492590,340178.32,6290580.802
PI355,I14,CJRX-43,5045,25,60,2025-10-21 22:00:53.492592,340178.32,6290580.802
PI355,I14,FLXT-35,5514,25,60,2025-10-21 22:00:53.492594,340178.32,6290580.802
PI355,118,FLXX-77,4130,11,15,2025-10-21 22:00:53.492596,340178.32,6290580.802
PB1638,B15,SGPY-66,1492,4,6,2025-10-21 22:00:55.044292,348129.858,6302197.084
PE481,325,VFHW-92,679,0,4,2025-10-21 22:00:56.714830,351536.2,6290408.575
PE481,325,VFJS-65,6016,16,24,2025-10-21 22:00:56.714835,351536.2,6290408.575
PE481,E05,CJRB-44,5469,13,17,2025-10-21 22:00:56.714836,351536.2,6290408.575
PE481,E05,FLXH-17,9659,25,60,2025-10-21 22:00:56.714837,351536.2,6290408.575
PG1305,G18,SHXB-41,2891,8,10,2025-10-21 22:00:58.604511,346678.737,6287265.867
PG1305,G18,SFPF-81,6509,19,27,2025-10-21 22:00:58.604516,346678.737,6287265.867
PI1523,I22,FLXY-22,3193,10,14,2025-10-21 22:01:02.600595,336515.736,6293064.458
PI1523,I08,FLXY-33,114,0,3,2025-10-21 22:01:02.600601,336515.736,6293064.458
PI1523,I08,FLXZ-60,4364,11,15,2025-10-21 22:01:02.600606,336515.736,6293064.458
PB1193,B12,SKDJ-11,3193,8,10,2025-10-21 22:01:04.482064,342621.772,6307902.496
PE1348,204,RWTP-84,1539,4,6,2025-10-21 22:01:06.400190,349200.921,6289054.926
PE1348,204,LZRD-70,1647,4,6,2025-10-21 22:01:06.400196,349200.921,6289054.926
PD58,104,SKWD-62,1366,0,5,2025-10-21 22:01:08.318326,351482.103,6296687.297
PD58,212,LZRB-86,4065,12,16,2025-10-21 22:01:08.318331,351482.103,6296687.297
PH782,H14,FLXR-25,4835,11,15,2025-10-21 22:01:10.133364,347245.43,6290366.68
PB307,B11,SPCG-32,3113,8,12,2025-10-21 22:01:12.178332,347201.61,6302812.96
PB307,B11,SKDJ-90,11330,25,60,2025-10-21 22:01:12.178338,347201.61,6302812.96
PB307,208,SRTK-20,133,0,3,2025-10-21 22:01:12.178339,347201.61,6302812.96
PB307,208,SRTH-19,1196,4,6,2025-10-21 22:01:12.178340,347201.61,6302812.96
PH74,121,CJRX-69,2604,9,13,2025-10-21 22:01:16.124225,342100.05,6288897.66
PH74,H12,CJRX-57,1,0,3,2025-10-21 22:01:16.124230,342100.05,6288897.66
PH74,H12,FLXD-71,4154,12,16,2025-10-21 22:01:16.124231,342100.05,6288897.66
PD487,516,GCBD-57,1217,5,7,2025-10-21 22:01:18.067226,354947.401,6295829.808
PD487,516,TBFX-43,7111,25,60,2025-10-21 22:01:18.067232,354947.401,6295829.808
PD487,505,VJJV-48,2318,6,8,2025-10-21 22:01:18.067234,354947.401,6295829.808
PD487,505,LXWR-85,4662,11,15,2025-10-21 22:01:18.067235,354947.401,6295829.808
PD487,510,GCBF-26,3633,11,15,2025-10-21 22:01:18.067236,354947.401,6295829.808
PD487,510,GCBF-15,8949,25,60,2025-10-21 22:01:18.067237,354947.401,6295829.808
PH462,H24,VGRF-45,2284,6,8,2025-10-21 22:01:19.933596,349365.315,6292492.553
PH462,H24,VGRG-34,7314,19,27,2025-10-21 22:01:19.933600,349365.315,6292492.553
PI561,506V,SZZY-86,2383,8,10,2025-10-21 22:01:21.550188,335935.166,6288766.229
PI561,506V,SZZY-69,2460,9,11,2025-10-21 22:01:21.550193,335935.166,6288766.229
PI561,I01,FLXL-47,4011,8,10,2025-10-21 22:01:21.550194,335935.166,6288766.229
PI561,I01,FLXL-22,9658,20,28,2025-10-21 22:01:21.550195,335935.166,6288766.229
PI561,506,FLXV-71,1717,6,8,2025-10-21 22:01:21.550196,335935.166,6288766.229
PI561,506,TBFV-89,6749,19,27,2025-10-21 22:01:21.550196,335935.166,6288766.229
PI561,506E,TBFX-14,5237,11,15,2025-10-21 22:01:21.550197,335935.166,6288766.229
PI561,506E,TBFW-28,5336,11,15,2025-10-21 22:01:21.550198,335935.166,6288766.229
PG1078,G09,SHXB-23,1170,4,6,2025-10-21 22:01:22.896886,344540.843,6280876.886
PG1078,G09,SFGY-87,5720,18,26,2025-10-21 22:01:22.896892,344540.843,6280876.886
PA343,106,PFVD-56,3146,8,10,2025-10-21 22:01:25.141787,347898.083,6299035.283
PA343,106,PFVJ-17,7036,20,28,2025-10-21 22:01:25.141793,347898.083,6299035.283
PA343,401,PFYG-48,4518,11,15,2025-10-21 22:01:25.141794,347898.083,6299035.283
PA343,401,PFTV-92,10720,25,60,2025-10-21 22:01:25.141795,347898.083,6299035.283
PA343,405,PFBG-26,3706,10,14,2025-10-21 22:01:25.141796,347898.083,6299035.283
PA343,405,PDZS-83,6415,25,60,2025-10-21 22:01:25.141797,347898.083,6299035.283
PA343,421,PFBD-65,3217,8,10,2025-10-21 22:01:25.141797,347898.083,6299035.283
PA343,421,PGBB-65,7624,19,27,2025-10-21 22:01:25.141798,347898.083,6299035.283
PI357,428,SJPD-81,6361,14,20,2025-10-21 22:01:28.975588,341263.399,6289946.686
PI357,428,SLLZ-40,7449,16,22,2025-10-21 22:01:28.975594,341263.399,6289946.686
PI357,444,SHXF-85,2375,0,5,2025-10-21 22:01:28.975595,341263.399,6289946.686
PI357,444,SJPD-71,12544,25,60,2025-10-21 22:01:28.975596,341263.399,6289946.686
PI357,I05,VHSY-22,1090,0,3,2025-10-21 22:01:28.975597,341263.399,6289946.686
PI357,118,FLXX-77,5184,12,18,2025-10-21 22:01:28.975598,341263.399,6289946.686
PE132,210,LZRD-66,935,0,3,2025-10-21 22:01:30.872542,352581.605,6286977.917
PE132,210,RWTP-95,5623,12,16,2025-10-21 22:01:30.872548,352581.605,6286977.917
PE132,210V,VFRD-95,3551,8,12,2025-10-21 22:01:30.872549,352581.605,6286977.917
PE132,210V,VFPF-21,7396,17,23,2025-10-21 22:01:30.872550,352581.605,6286977.917
PE132,213E,SRVG-32,11722,25,60,2025-10-21 22:01:30.872551,352581.605,6286977.917
PE132,213E,SRVK-42,13310,25,60,2025-10-21 22:01:30.872552,352581.605,6286977.917
PB341,208,SRTK-30,704,0,3,2025-10-21 22:01:32.842033,348135.82,6307220.98
PB341,208,SRTH-11,2562,16,22,2025-10-21 22:01:32.842038,348135.82,6307220.98
PB341,208C,SFWZ-65,632,0,3,2025-10-21 22:01:32.842040,348135.82,6307220.98
PB341,208C,FLXD-14,770,0,3,2025-10-21 22:01:32.842041,348135.82,6307220.98
PB1344,B41,GCBB-85,5401,12,18,2025-10-21 22:01:34.746057,344568.625,6306197.746
PB1344,B41,FLXZ-98,6042,14,20,2025-10-21 22:01:34.746063,344568.625,6306197.746
PB1344,B18,LDJV-45,542,0,3,2025-10-21 22:01:34.746064,344568.625,6306197.746
PD987,D07,SVDD-53,1146,0,4,2025-10-21 22:01:36.088183,357301.23,6294130.623
PD987,D07,SVDF-46,1577,6,8,2025-10-21 22:01:36.088188,357301.23,6294130.623
PB290,201,GCBB-58,430,0,3,2025-10-21 22:01:38.053937,342919.587,6306518.875
PB290,201,GCBC-19,1080,0,4,2025-10-21 22:01:38.053942,342919.587,6306518.875
PB290,230,GCBB-50,3450,12,16,2025-10-21 22:01:38.053943,342919.587,6306518.875
PB290,230,GCBB-30,7925,25,60,2025-10-21 22:01:38.053945,342919.587,6306518.875
PB290,308,FLXH-38,352,0,3,2025-10-21 22:01:38.053946,342919.587,6306518.875
PB290,308,FLXH-30,3811,9,13,2025-10-21 22:01:38.053946,342919.587,6306518.875
PB290,B11,SKDG-96,3091,8,10,2025-10-21 22:01:38.053947,342919.587,6306518.875
PB290,B12,SKDJ-11,1657,4,6,2025-10-21 22:01:38.053948,342919.587,6306518.875
PB290,B12,SKDH-90,6245,16,22,2025-10-21 22:01:38.053949,342919.587,6306518.875
PJ622,J01,FLXS-64,2298,8,12,2025-10-21 22:01:39.915144,339130.88,6297803.37
PJ622,J01,FLXH-87,5609,17,23,2025-10-21 22:01:39.915149,339130.88,6297803.37
PE509,418,SHXF-90,2099,5,7,2025-10-21 22:01:41.802802,355852.569,6290149.597
PE509,418,SHXF-88,3890,11,15,2025-10-21 22:01:41.802807,355852.569,6290149.597
PA609,H13,CJRX-61,2746,7,9,2025-10-21 22:01:43.688054,348589.17,6296266.21
PG1993,F03,FLXG-80,705,0,3,2025-10-21 22:01:45.632774,343548.0,6280588.0
PG1993,F03,FLXJ-36,3600,9,13,2025-10-21 22:01:45.632779,343548.0,6280588.0
PG1993,G14,CJRL-20,4769,12,16,2025-10-21 22:01:45.632781,343548.0,6280588.0
PG1993,G14,GCWF-74,7276,20,28,2025-10-21 22:01:45.632781,343548.0,6280588.0
PG1993,G28,CJRB-50,81,0,3,2025-10-21 22:01:45.632782,343548.0,6280588.0
PG1993,G28,BJFT-71,7413,18,26,2025-10-21 22:01:45.632783,343548.0,6280588.0
PG1993,G31,BJFW-75,1954,6,8,2025-10-21 22:01:45.632784,343548.0,6280588.0
PG1993,G32,THTF-37,2513,8,10,2025-10-21 22:01:45.632785,343548.0,6280588.0
PG1993,G32,THTF-55,6694,17,25,2025-10-21 22:01:45.632786,343548.0,6280588.0
PB961,B12,SPCG-81,4582,7,9,2025-10-21 22:01:47.657246,339038.0,6306911.0
PB961,B12,SHCV-81,4699,8,10,2025-10-21 22:01:47.657251,339038.0,6306911.0
PG68,229,LZPT-44,5057,10,14,2025-10-21 22:01:49.616249,345918.17,6289959.44
PG68,271,FLXX-29,299,0,3,2025-10-21 22:01:49.616254,345918.17,6289959.44
PG68,271,TBYY-71,9086,20,28,2025-10-21 22:01:49.616255,345918.17,6289959.44
PG68,301,BJFW-88,1164,0,4,2025-10-21 22:01:49.616256,345918.17,6289959.44
PG68,301,BJFZ-41,2821,11,15,2025-10-21 22:01:49.616257,345918.17,6289959.44
PG68,329,CJRW-28,6282,16,22,2025-10-21 22:01:49.616258,345918.17,6289959.44
PG68,329,FLXR-23,6705,19,27,2025-10-21 22:01:49.616259,345918.17,6289959.44
PG68,223,SFPG-66,135,0,3,2025-10-21 22:01:49.616260,345918.17,6289959.44
PG68,223,SHCV-42,245,0,3,2025-10-21 22:01:49.616261,345918.17,6289959.44
PG68,201,GCBB-18,983,0,4,2025-10-21 22:01:49.616262,345918.17,6289959.44
PG68,201,GCBB-49,2812,8,10,2025-10-21 22:01:49.616262,345918.17,6289959.44
PC768,C17,SJPC-19,978,0,3,2025-10-21 22:01:51.280407,355596.975,6309546.803
PJ419,J10,VHZW-71,2551,6,8,2025-10-21 22:01:52.729310,335675.725,6299790.636
PJ419,J10,VJJW-88,5369,12,18,2025-10-21 22:01:52.729316,335675.725,6299790.636
PJ161,402,SJPB-21,1981,7,9,2025-10-21 22:01:54.710556,335206.127,6298128.309
PJ161,402,SKPK-31,3653,12,16,2025-10-21 22:01:54.710562,335206.127,6298128.309
PJ161,503,VGTY-32,2306,6,8,2025-10-21 22:01:54.710563,335206.127,6298128.309
PJ161,503,VGVG-86,4212,11,15,2025-10-21 22:01:54.710563,335206.127,6298128.309
PJ161,J17,FLXZ-86,1938,5,7,2025-10-21 22:01:54.710564,335206.127,6298128.309
PJ161,406,GCBF-14,2115,7,9,2025-10-21 22:01:54.710565,335206.127,6298128.309
PJ161,406,GCBD-94,2842,11,15,2025-10-21 22:01:54.710566,335206.127,6298128.309
PJ161,426,FLXH-76,2362,8,10,2025-10-21 22:01:54.710567,335206.127,6298128.309
PJ161,426,FLXS-78,2452,8,10,2025-10-21 22:01:54.710568,335206.127,6298128.309
PJ2012,J07E,VHZX-90,8935,12,16,2025-10-21 22:01:56.068766,335375.028,6305077.991
PJ2012,J07E,VJBB-60,20428,25,60,2025-10-21 22:01:56.068770,335375.028,6305077.991
PC509,430,PGBY-55,6761,17,23,2025-10-21 22:01:59.994186,351080.145,6301180.293
PC509,430,SJPC-22,16307,25,60,2025-10-21 22:01:59.994191,351080.145,6301180.293
PC509,407,GCBF-25,181,0,3,2025-10-21 22:01:59.994192,351080.145,6301180.293
PC509,407,TBFS-67,1365,0,4,2025-10-21 22:01:59.994193,351080.145,6301180.293
PC509,426,FLXK-27,3568,12,18,2025-10-21 22:01:59.994194,351080.145,6301180.293
PC509,426,BJFC-78,6379,20,28,2025-10-21 22:01:59.994195,351080.145,6301180.293
PC3,117,PFZK-89,617,5,7,2025-10-21 22:02:01.901970,350150.285,6300397.2
PC3,117,SPBL-85,4800,13,19,2025-10-21 22:02:01.901976,350150.285,6300397.2
PI425,106,PFVG-60,618,0,4,2025-10-21 22:02:03.849132,336361.06,6289237.25
PI425,106,PFYR-98,1301,5,7,2025-10-21 22:02:03.849137,336361.06,6289237.25
PI425,401,PFYG-69,64,0,3,2025-10-21 22:02:03.849138,336361.06,6289237.25
PI425,401,PFTF-84,34,0,3,2025-10-21 22:02:03.849139,336361.06,6289237.25
PI425,506,FLXV-71,614,0,4,2025-10-21 22:02:03.849139,336361.06,6289237.25
PI425,506,TBFV-89,6977,17,25,2025-10-21 22:02:03.849141,336361.06,6289237.25
PI425,506E,TBFW-28,4034,8,12,2025-10-21 22:02:03.849142,336361.06,6289237.25
PI425,506E,TBFX-14,4198,8,12,2025-10-21 22:02:03.849143,336361.06,6289237.25
PI425,506V,SZZY-86,1243,5,7,2025-10-21 22:02:03.849144,336361.06,6289237.25
PI425,506V,SZZY-69,1351,5,7,2025-10-21 22:02:03.849144,336361.06,6289237.25
PH1479,329,FLXR-18,4288,11,15,2025-10-21 22:02:07.722806,341948.044,6288560.414
PH1479,329,BJFS-89,6571,17,25,2025-10-21 22:02:07.722811,341948.044,6288560.414
PH1479,G09,SHXB-15,6592,11,15,2025-10-21 22:02:07.722813,341948.044,6288560.414
PH1479,G09,FLXK-21,6810,12,16,2025-10-21 22:02:07.722814,341948.044,6288560.414
PH1479,223,SFGY-66,4162,11,15,2025-10-21 22:02:07.722815,341948.044,6288560.414
PH1479,223,SFGY-73,6478,17,25,2025-10-21 22:02:07.722816,341948.044,6288560.414
PH1479,105,SJPD-90,3359,9,13,2025-10-21 22:02:07.722817,341948.044,6288560.414
PH1479,105,SHXD-76,8386,20,28,2025-10-21 22:02:07.722818,341948.044,6288560.414
PH1479,121,BJFZ-55,2034,4,6,2025-10-21 22:02:07.722819,341948.044,6288560.414
PH1479,121,CJRB-13,8073,19,27,2025-10-21 22:02:07.722820,341948.044,6288560.414
PH1479,125,BJFW-48,1154,0,5,2025-10-21 22:02:07.722821,341948.044,6288560.414
PH1479,125,FLXG-66,13119,25,60,2025-10-21 22:02:07.722822,341948.044,6288560.414
PB1227,B12,SKDF-99,1,0,3,2025-10-21 22:02:09.692126,346493.87,6304577.173
PB1227,B12,SKDJ-95,10143,25,60,2025-10-21 22:02:09.692131,346493.87,6304577.173
PB1227,B22,SKPS-22,1,0,3,2025-10-21 22:02:09.692132,346493.87,6304577.173
PB1227,B22,SPCG-88,5945,16,22,2025-10-21 22:02:09.692133,346493.87,6304577.173
PD915,325,VFKV-81,5959,14,20,2025-10-21 22:02:11.614980,352040.404,6295574.177
PD915,325,VFJS-19,9270,25,60,2025-10-21 22:02:11.614985,352040.404,6295574.177
PD139,514,TBFW-43,56,0,3,2025-10-21 22:02:13.661433,354939.827,6291260.308
PB157,B15,SGPY-66,4903,11,15,2025-10-21 22:02:15.070061,347683.407,6299634.606
PB157,B15,SPCG-86,10540,25,60,2025-10-21 22:02:15.070067,347683.407,6299634.606
PC431,C17,SJPC-19,6474,16,22,2025-10-21 22:02:16.736756,359454.269,6308716.232
PC431,430,SKPK-60,3784,12,16,2025-10-21 22:02:16.736761,359454.269,6308716.232
PC431,430,PGBY-84,10232,25,60,2025-10-21 22:02:16.736762,359454.269,6308716.232
PC431,426,BJFC-53,10654,25,60,2025-10-21 22:02:16.736763,359454.269,6308716.232
PC431,426,BJFD-66,10721,25,60,2025-10-21 22:02:16.736764,359454.269,6308716.232
PD933,D10,SVDC-13,8782,25,60,2025-10-21 22:02:18.655986,353600.256,6294876.157
PD933,D07,STRX-26,28,0,3,2025-10-21 22:02:18.655991,353600.256,6294876.157
PD933,D07,SVDF-73,3780,8,12,2025-10-21 22:02:18.655992,353600.256,6294876.157
PE795,E15C,VFKV-50,210,0,3,2025-10-21 22:02:20.538718,350870.3,6286513.662
PE795,325,VFJD-60,3818,12,16,2025-10-21 22:02:20.538723,350870.3,6286513.662
PF1176,F24,SPRW-65,3728,9,13,2025-10-21 22:02:22.460380,351424.001,6281346.0
PF1176,F24,SPVW-73,8224,20,28,2025-10-21 22:02:22.460385,351424.001,6281346.0
PF123,210,LZRD-74,1646,5,7,2025-10-21 22:02:24.426595,353094.667,6283971.825
PF123,210,LZRD-66,3365,10,14,2025-10-21 22:02:24.426601,353094.667,6283971.825
PF123,F13,SRPK-24,2477,8,10,2025-10-21 22:02:24.426603,353094.667,6283971.825
PD1638,D17V,PGBY-41,5668,13,19,2025-10-21 22:02:26.342723,356899.0,6293116.0
PG81,201E,VFHH-49,914,0,3,2025-10-21 22:02:28.245685,340967.276,6282524.356
PI911,385,FLXL-72,538,0,3,2025-10-21 22:02:30.166958,342843.579,6297041.646
PI911,385,FLXK-77,2255,5,7,2025-10-21 22:02:30.166973,342843.579,6297041.646
PC226,405C,PGTV-32,719,0,3,2025-10-21 22:02:32.090319,355228.168,6304887.398
PC226,405C,PGTT-99,837,0,3,2025-10-21 22:02:32.090323,355228.168,6304887.398
PC226,435,SKPH-75,5564,11,15,2025-10-21 22:02:32.090324,355228.168,6304887.398
PC226,435,SJPF-94,19047,25,60,2025-10-21 22:02:32.090325,355228.168,6304887.398
PC226,405,PFTF-82,2955,8,10,2025-10-21 22:02:32.090326,355228.168,6304887.398
PC226,405,PFTV-97,3352,9,13,2025-10-21 22:02:32.090327,355228.168,6304887.398
PC226,502,TBFX-22,1459,0,5,2025-10-21 22:02:32.090328,355228.168,6304887.398
PC226,502,BJFD-45,7138,19,27,2025-10-21 22:02:32.090329,355228.168,6304887.398
PC4,103,SPBL-63,975,0,3,2025-10-21 22:02:35.303211,350267.765,6300041.773
PC4,117,PFZK-89,673,5,7,2025-10-21 22:02:35.303217,350267.765,6300041.773
PC4,117,SPBL-85,5040,14,20,2025-10-21 22:02:35.303218,350267.765,6300041.773
PB651,B43,SHXG-96,4286,11,15,2025-10-21 22:02:37.240053,340585.0,6306696.0
PB651,308,FLXH-38,3732,8,10,2025-10-21 22:02:37.240058,340585.0,6306696.0
PB651,308,FLXH-30,7313,16,22,2025-10-21 22:02:37.240059,340585.0,6306696.0
PB651,315E,TWPD-56,630,0,3,2025-10-21 22:02:37.240060,340585.0,6306696.0
PB651,315E,TWPD-92,6137,17,25,2025-10-21 22:02:37.240061,340585.0,6306696.0
PB651,B11,SKDG-96,6583,16,22,2025-10-21 22:02:37.240062,340585.0,6306696.0
PB651,430,PFYC-62,2085,6,8,2025-10-21 22:02:37.240063,340585.0,6306696.0
PB651,430,PGBY-52,14792,25,60,2025-10-21 22:02:37.240063,340585.0,6306696.0
PB651,435,SLLZ-29,1382,0,4,2025-10-21 22:02:37.240064,340585.0,6306696.0
PB651,435,SLGT-13,6939,13,19,2025-10-21 22:02:37.240065,340585.0,6306696.0
PJ181,422,GCBC-43,2437,4,6,2025-10-21 22:02:39.163598,342092.4,6298721.763
PJ181,422,FLXV-73,7741,16,22,2025-10-21 22:02:39.163603,342092.4,6298721.763
PJ181,402,PFYC-53,2168,5,7,2025-10-21 22:02:39.163604,342092.4,6298721.763
PJ181,J16,TBFT-84,8399,16,24,2025-10-21 22:02:39.163605,342092.4,6298721.763
PJ181,406,PFXC-80,214,0,3,2025-10-21 22:02:39.163606,342092.4,6298721.763
PJ181,406,TBFX-44,7047,13,19,2025-10-21 22:02:39.163607,342092.4,6298721.763
PJ181,407,GCBF-16,312,0,3,2025-10-21 22:02:39.163607,342092.4,6298721.763
PJ181,407,FLXW-16,3932,11,15,2025-10-21 22:02:39.163608,342092.4,6298721.763
PH1506,I05,VHSY-22,5674,13,19,2025-10-21 22:02:43.016046,343619.443,6290409.219
PJ1994,418,SKPK-62,4168,17,23,2025-10-21 22:02:44.892182,335050.0,6298985.0
PJ1994,J18,VHZY-80,3156,9,13,2025-10-21 22:02:44.892189,335050.0,6298985.0
PJ1994,514,PFWZ-55,3660,9,13,2025-10-21 22:02:44.892190,335050.0,6298985.0
PJ1994,514,TBFP-63,3778,10,14,2025-10-21 22:02:44.892191,335050.0,6298985.0
PD715,D15,SVDC-82,2140,7,9,2025-10-21 22:02:46.744044,355698.425,6298327.869
PD715,D15,SVDC-88,4183,11,15,2025-10-21 22:02:46.744049,355698.425,6298327.869
PJ864,J08,FLXZ-84,3323,11,15,2025-10-21 22:02:48.639670,339107.524,6297248.656
PJ864,J08,GCBC-83,8356,25,60,2025-10-21 22:02:48.639675,339107.524,6297248.656
PG389,302,BJFS-42,175,0,3,2025-10-21 22:02:50.558640,343994.674,6288386.625
PG389,302,BJFW-79,7639,13,19,2025-10-21 22:02:50.558645,343994.674,6288386.625
PG389,118,FLXX-77,7923,17,25,2025-10-21 22:02:50.558647,343994.674,6288386.625
PG389,120,STHD-65,2534,5,7,2025-10-21 22:02:50.558647,343994.674,6288386.625
PG389,120,SKHG-14,9262,20,28,2025-10-21 22:02:50.558648,343994.674,6288386.625
PG1694,F03,SPVW-74,86,0,3,2025-10-21 22:02:52.408114,347499.976,6279245.959
PG1694,F03,SPVW-76,4414,9,11,2025-10-21 22:02:52.408120,347499.976,6279245.959
PD37,114,SKWD-23,113,0,3,2025-10-21 22:02:56.217381,350981.161,6293198.888
PD37,114,SKWD-84,5140,12,18,2025-10-21 22:02:56.217387,350981.161,6293198.888
PD37,D10,SVDF-19,6152,15,21,2025-10-21 22:02:56.217388,350981.161,6293198.888
PD37,D10,SVDC-72,11704,25,60,2025-10-21 22:02:56.217389,350981.161,6293198.888
PD37,103,SPBS-63,3395,9,13,2025-10-21 22:02:56.217390,350981.161,6293198.888
PD37,103,SPBS-54,9033,25,60,2025-10-21 22:02:56.217391,350981.161,6293198.888
PD37,117,PGRZ-80,5335,25,60,2025-10-21 22:02:56.217392,350981.161,6293198.888
PJ1633,J07,VHZY-81,6899,12,16,2025-10-21 22:02:58.072428,326857.393,6302683.56
PJ1633,J07,VHZZ-10,22529,25,60,2025-10-21 22:02:58.072433,326857.393,6302683.56
PC1062,C05,LDTB-91,2165,0,5,2025-10-21 22:03:00.035019,355658.783,6302147.966
PC1062,C05,LDTB-90,7420,15,21,2025-10-21 22:03:00.035025,355658.783,6302147.966
PC1062,401,PFVK-63,6797,15,21,2025-10-21 22:03:00.035026,355658.783,6302147.966
PC1062,401,PFBG-12,9339,21,29,2025-10-21 22:03:00.035027,355658.783,6302147.966
PD170,D26,SPBS-50,4662,9,11,2025-10-21 22:03:02.005600,353685.47,6290970.573
PD170,D26,PGBY-68,10103,25,60,2025-10-21 22:03:02.005605,353685.47,6290970.573
PD170,107,PGPV-87,2149,10,14,2025-10-21 22:03:02.005607,353685.47,6290970.573
PD170,117,PGRZ-80,93,0,3,2025-10-21 22:03:02.005608,353685.47,6290970.573
PH483,H24,VGRF-75,1231,0,4,2025-10-21 22:03:03.939034,347478.563,6294558.841
PH483,H24,VGRF-45,6223,15,21,2025-10-21 22:03:03.939039,347478.563,6294558.841
PC389,412,PFTW-26,3841,9,13,2025-10-21 22:03:05.871524,352298.967,6300124.597
PC389,412,LXWP-59,5954,15,21,2025-10-21 22:03:05.871530,352298.967,6300124.597
PC389,418,SHCX-39,1271,0,5,2025-10-21 22:03:05.871531,352298.967,6300124.597
PC389,418,PGTV-12,3129,8,10,2025-10-21 22:03:05.871532,352298.967,6300124.597
PC389,429,SLGS-89,3406,7,9,2025-10-21 22:03:05.871533,352298.967,6300124.597
PH291,444,SJPD-72,192,0,3,2025-10-21 22:03:07.877472,342360.17,6289449.196
PH291,329,FLXR-18,2942,8,10,2025-10-21 22:03:07.877478,342360.17,6289449.196
PH291,329,BJFS-89,5519,15,21,2025-10-21 22:03:07.877479,342360.17,6289449.196
PH291,118,FLXT-11,226,0,3,2025-10-21 22:03:07.877480,342360.17,6289449.196
PH291,118,FLXW-61,66,0,3,2025-10-21 22:03:07.877481,342360.17,6289449.196
PH291,428,SHXD-59,552,0,3,2025-10-21 22:03:07.877482,342360.17,6289449.196
PH291,428,SHCY-29,1175,0,3,2025-10-21 22:03:07.877483,342360.17,6289449.196
PF148,F14,SPRV-88,2032,5,7,2025-10-21 22:03:09.834516,354815.299,6280630.751
PF148,F14,SPRY-72,4723,13,17,2025-10-21 22:03:09.834521,354815.299,6280630.751
PF148,226,VFPX-83,1605,0,5,2025-10-21 22:03:09.834522,354815.299,6280630.751
PF148,226,VFPT-64,1743,0,5,2025-10-21 22:03:09.834523,354815.299,6280630.751
PD332,D03,SVDC-51,3778,11,15,2025-10-21 22:03:11.819081,349722.19,6297312.2
PD332,403,LXWP-61,2022,5,7,2025-10-21 22:03:11.819087,349722.19,6297312.2
PD332,403,PFTW-32,6163,18,26,2025-10-21 22:03:11.819088,349722.19,6297312.2
PD332,505,VHZZ-71,911,0,5,2025-10-21 22:03:11.819089,349722.19,6297312.2
PD332,505,LZPH-21,8271,25,60,2025-10-21 22:03:11.819090,349722.19,6297312.2
PD332,513,VJJR-46,514,0,3,2025-10-21 22:03:11.819091,349722.19,6297312.2
PD332,513,VJBC-40,4967,12,16,2025-10-21 22:03:11.819091,349722.19,6297312.2
PD332,325,VFJD-70,522,0,3,2025-10-21 22:03:11.819092,349722.19,6297312.2
PD332,514,PFXC-83,1376,4,6,2025-10-21 22:03:11.819093,349722.19,6297312.2
PD332,514,FLXW-56,4415,13,17,2025-10-21 22:03:11.819094,349722.19,6297312.2
PD332,514C,FLXH-83,2659,8,10,2025-10-21 22:03:11.819095,349722.19,6297312.2
PD332,227,VFPS-39,5977,14,20,2025-10-21 22:03:11.819096,349722.19,6297312.2
PD332,227,VFHK-89,8430,18,26,2025-10-21 22:03:11.819096,349722.19,6297312.2
PD332,422,TBFS-66,4661,11,15,2025-10-21 22:03:11.819097,349722.19,6297312.2
PD332,422,FLXV-73,17828,25,60,2025-10-21 22:03:11.819098,349722.19,6297312.2
PB1169,B11,SKDJ-90,7595,16,22,2025-10-21 22:03:13.667338,345157.284,6304670.183
PJ1658,J07E,VJBB-60,5888,8,12,2025-10-21 22:03:15.134016,325958.178,6303929.958
PJ1658,J07E,VJBB-30,20944,25,60,2025-10-21 22:03:15.134021,325958.178,6303929.958
PG1341,229,LZPS-10,1,0,3,2025-10-21 22:03:16.838441,346802.352,6286880.504
PG1341,229,SDGY-20,2310,7,9,2025-10-21 22:03:16.838445,346802.352,6286880.504
PG1341,302,BJFT-90,232,0,3,2025-10-21 22:03:16.838447,346802.352,6286880.504
PG1341,302,BJFS-93,3263,8,10,2025-10-21 22:03:16.838447,346802.352,6286880.504
PG1341,E18,BJFX-61,3012,20,28,2025-10-21 22:03:16.838448,346802.352,6286880.504
PG1341,E18,BJFV-38,6863,25,60,2025-10-21 22:03:16.838449,346802.352,6286880.504
PG1341,G18,SHXB-35,39,0,3,2025-10-21 22:03:16.838450,346802.352,6286880.504
PG1341,G18,SDSW-63,377,0,3,2025-10-21 22:03:16.838451,346802.352,6286880.504
PC240,C01,LDJJ-82,868,0,3,2025-10-21 22:03:19.035025,358019.53,6305948.0
PC240,C01,LDJJ-83,2592,5,7,2025-10-21 22:03:19.035029,358019.53,6305948.0
PC240,405,PFYG-46,1,0,3,2025-10-21 22:03:19.035030,358019.53,6305948.0
PC240,542,TBFW-75,265,0,3,2025-10-21 22:03:19.035031,358019.53,6305948.0
PC240,426,FDJX-81,1,0,3,2025-10-21 22:03:19.035032,358019.53,6305948.0
PC240,C05,LDTB-90,2705,7,9,2025-10-21 22:03:19.035042,358019.53,6305948.0
PC240,C28,SGPY-67,2436,8,10,2025-10-21 22:03:19.035043,358019.53,6305948.0
PC240,C28,SGPY-75,5179,13,19,2025-10-21 22:03:19.035044,358019.53,6305948.0
PC240,409,SKVD-95,2485,0,5,2025-10-21 22:03:19.035045,358019.53,6305948.0
PC240,430,PGBY-74,1587,0,5,2025-10-21 22:03:19.035046,358019.53,6305948.0
PC240,430,SHXG-39,3799,13,17,2025-10-21 22:03:19.035046,358019.53,6305948.0
PC240,C16,LFGJ-99,1751,0,5,2025-10-21 22:03:19.035047,358019.53,6305948.0
PC240,C19,SHCV-73,1,0,3,2025-10-21 22:03:19.035048,358019.53,6305948.0
PC240,C19,SGPY-93,4731,11,15,2025-10-21 22:03:19.035049,358019.53,6305948.0
PC240,502,TBFX-32,419,0,3,2025-10-21 22:03:19.035050,358019.53,6305948.0
PC240,C13,SGPX-11,8012,17,25,2025-10-21 22:03:19.035050,358019.53,6305948.0
PC240,C13,SHXF-95,12306,25,60,2025-10-21 22:03:19.035051,358019.53,6305948.0
PC240,C01C,PGPV-74,269,0,3,2025-10-21 22:03:19.035056,358019.53,6305948.0
PC240,C01C,PGTV-36,3313,9,13,2025-10-21 22:03:19.035057,358019.53,6305948.0
PC240,411,PFYC-24,3890,9,13,2025-10-21 22:03:19.035058,358019.53,6305948.0
PF236,F03,SPVW-74,3849,7,9,2025-10-21 22:03:20.960985,349756.691,6279051.726
PF236,F03,SPVW-76,8252,15,21,2025-10-21 22:03:20.960990,349756.691,6279051.726
PF236,209,LZPR-81,133,0,3,2025-10-21 22:03:20.960991,349756.691,6279051.726
PF236,209,CJRP-63,8577,16,24,2025-10-21 22:03:20.960992,349756.691,6279051.726
PF236,209C,LZPG-17,3269,6,8,2025-10-21 22:03:20.960993,349756.691,6279051.726
PF236,209C,SDGY-30,9020,16,22,2025-10-21 22:03:20.960994,349756.691,6279051.726
PF236,F18,SRVG-68,84,0,3,2025-10-21 22:03:20.960994,349756.691,6279051.726
PF236,F18,SRVG-86,3358,7,9,2025-10-21 22:03:20.960995,349756.691,6279051.726
PE792,325,VFJD-79,2746,8,12,2025-10-21 22:03:22.310323,350837.165,6285967.342
PE792,325,VFJD-60,3091,10,14,2025-10-21 22:03:22.310328,350837.165,6285967.342
PG1978,G16,SFPF-80,6580,13,19,2025-10-21 22:03:24.205345,346849.83,6281965.13
PG1301,G18,SHXB-41,1148,0,4,2025-10-21 22:03:26.186151,346772.992,6286642.611
PG1301,G18,SFGY-86,5342,16,22,2025-10-21 22:03:26.186159,346772.992,6286642.611
PG1301,229,LZPT-44,1,0,3,2025-10-21 22:03:26.186161,346772.992,6286642.611
PG1301,302,BJFT-30,1576,9,13,2025-10-21 22:03:26.186164,346772.992,6286642.611
PG1301,302,BJFZ-31,4874,17,25,2025-10-21 22:03:26.186165,346772.992,6286642.611
PG1301,E18,BJFX-61,2038,16,22,2025-10-21 22:03:26.186167,346772.992,6286642.611
PG1301,E18,BJFV-38,6322,25,60,2025-10-21 22:03:26.186169,346772.992,6286642.611
PG379,301,BJFW-89,123,0,3,2025-10-21 22:03:28.109225,344691.0,6284160.0
PG379,301,BJFW-36,1697,5,7,2025-10-21 22:03:28.109229,344691.0,6284160.0
PG379,301C,BJFS-71,2104,6,8,2025-10-21 22:03:28.109231,344691.0,6284160.0
PJ97,J05,TBFP-85,206,0,3,2025-10-21 22:03:30.114387,342809.56,6298869.551
PJ97,J05,TBFP-56,5275,12,16,2025-10-21 22:03:30.114391,342809.56,6298869.551
PJ97,J16,TBFT-84,8325,17,25,2025-10-21 22:03:30.114393,342809.56,6298869.551
PJ97,109,SZZY-79,1605,0,5,2025-10-21 22:03:30.114394,342809.56,6298869.551
PJ97,109,TBFS-30,1612,0,5,2025-10-21 22:03:30.114394,342809.56,6298869.551
PJ97,B28,TXZH-35,1,0,3,2025-10-21 22:03:30.114395,342809.56,6298869.551
PJ97,B28,TXZH-37,9758,25,60,2025-10-21 22:03:30.114396,342809.56,6298869.551
PJ97,505,LXWS-31,1731,5,7,2025-10-21 22:03:30.114397,342809.56,6298869.551
PJ97,505,VHXK-11,6586,16,22,2025-10-21 22:03:30.114398,342809.56,6298869.551
PJ97,513,VHZV-91,1205,0,4,2025-10-21 22:03:30.114398,342809.56,6298869.551
PJ97,513,VJBC-21,5511,13,17,2025-10-21 22:03:30.114399,342809.56,6298869.551
PJ97,508,FLXW-63,3717,9,11,2025-10-21 22:03:30.114400,342809.56,6298869.551
PJ97,508,TBFR-19,7627,18,26,2025-10-21 22:03:30.114401,342809.56,6298869.551
PJ62,110,CJRW-73,2621,15,21,2025-10-21 22:03:32.055870,338194.593,6300506.63
PJ62,110,FLXD-59,7067,25,60,2025-10-21 22:03:32.055875,338194.593,6300506.63
PJ62,110C,FLXV-74,2470,7,9,2025-10-21 22:03:32.055877,338194.593,6300506.63
PD1616,D17V,PGBY-41,8231,18,26,2025-10-21 22:03:33.940644,356669.04,6292081.62
PC916,C13,SHXF-95,3537,10,14,2025-10-21 22:03:35.573930,360106.788,6309347.539
PC916,C13,SHXD-65,12385,25,60,2025-10-21 22:03:35.573936,360106.788,6309347.539
PD526,508,TBFW-14,1865,5,7,2025-10-21 22:03:37.175054,349561.64,6296380.793
PD526,508,FLXK-20,5256,16,22,2025-10-21 22:03:37.175059,349561.64,6296380.793
PI1220,I16,FLXL-80,4227,12,16,2025-10-21 22:03:39.052520,342383.83,6295156.326
PI1220,I16,FLXK-68,5972,17,23,2025-10-21 22:03:39.052526,342383.83,6295156.326
PC686,C03,SKDF-79,4454,12,18,2025-10-21 22:03:40.889277,353152.527,6304902.832
PC686,C03,LDTG-62,8160,25,60,2025-10-21 22:03:40.889282,353152.527,6304902.832
PB2010,B42,FLXT-92,4384,7,9,2025-10-21 22:03:42.799650,342488.0,6308116.0
PB2010,B42,FLXT-26,11717,25,60,2025-10-21 22:03:42.799655,342488.0,6308116.0
PB2010,B33,SHCW-61,4981,8,10,2025-10-21 22:03:42.799656,342488.0,6308116.0
PB2010,B33,SHXF-41,14986,25,60,2025-10-21 22:03:42.799657,342488.0,6308116.0
PI208,I01,FLXJ-22,6281,12,18,2025-10-21 22:03:44.723257,344017.532,6295265.725
PI208,I01,FLXG-48,10570,25,60,2025-10-21 22:03:44.723263,344017.532,6295265.725
PI208,I18,FLXZ-38,3728,8,10,2025-10-21 22:03:44.723264,344017.532,6295265.725
PI208,I18,FLXZ-41,14417,25,60,2025-10-21 22:03:44.723267,344017.532,6295265.725
PI208,109,TBFV-20,1336,0,4,2025-10-21 22:03:44.723268,344017.532,6295265.725
PI208,109,FLXV-97,5302,11,15,2025-10-21 22:03:44.723269,344017.532,6295265.725
PH387,385,FLXL-68,2764,8,10,2025-10-21 22:03:48.646990,348951.459,6294347.431
PH387,385,FLXK-45,6936,18,26,2025-10-21 22:03:48.646995,348951.459,6294347.431
PC68,C22,SKPJ-87,639,0,4,2025-10-21 22:03:50.624008,352226.84,6303582.86
PC68,425,SJPB-38,2314,6,8,2025-10-21 22:03:50.624013,352226.84,6303582.86
PC68,425,SJPC-27,2658,7,9,2025-10-21 22:03:50.624014,352226.84,6303582.86
PC68,435,SKPH-75,981,0,3,2025-10-21 22:03:50.624015,352226.84,6303582.86
PC68,435,SJPF-94,14792,25,60,2025-10-21 22:03:50.624015,352226.84,6303582.86
PC68,722,HYFL-60,6185,10,14,2025-10-21 22:03:50.624016,352226.84,6303582.86
PC68,C18,SHXG-94,5040,9,13,2025-10-21 22:03:50.624017,352226.84,6303582.86
PC68,C18,SHXD-91,9254,16,24,2025-10-21 22:03:50.624018,352226.84,6303582.86
PH435,H24,VGRD-35,2741,7,9,2025-10-21 22:03:53.914744,349011.474,6292520.736
PH435,H24,VGRB-24,7298,19,27,2025-10-21 22:03:53.914750,349011.474,6292520.736
PG1204,201,GCBB-71,1900,0,5,2025-10-21 22:03:55.553120,342686.15,6281068.42
PG1204,201,GCBC-12,6891,12,18,2025-10-21 22:03:55.553125,342686.15,6281068.42
PG1204,201E,VFHG-99,1790,4,6,2025-10-21 22:03:55.553126,342686.15,6281068.42
PG1204,201E,VFHT-55,5017,10,14,2025-10-21 22:03:55.553127,342686.15,6281068.42
PG1204,G14,CJRL-20,2926,8,10,2025-10-21 22:03:55.553128,342686.15,6281068.42
PG1204,G14,GCWF-74,5686,16,22,2025-10-21 22:03:55.553129,342686.15,6281068.42
PG1204,271,FLXX-18,426,0,3,2025-10-21 22:03:55.553130,342686.15,6281068.42
PG1204,271,FLXX-11,9517,16,24,2025-10-21 22:03:55.553130,342686.15,6281068.42
PG1204,G28,BJFT-71,5635,14,20,2025-10-21 22:03:55.553131,342686.15,6281068.42
PG1204,G28,FLXJ-33,6809,17,25,2025-10-21 22:03:55.553132,342686.15,6281068.42
PG1204,G32,THTF-37,1116,0,4,2025-10-21 22:03:55.553133,342686.15,6281068.42
PG1204,G32,THTF-55,4893,12,16,2025-10-21 22:03:55.553133,342686.15,6281068.42
PI1049,I08,FLXZ-70,1831,5,7,2025-10-21 22:03:57.180053,335883.888,6293034.86
PI1049,I08,FLXX-71,7512,16,22,2025-10-21 22:03:57.180059,335883.888,6293034.86
PI1805,I04,FLXF-90,1426,0,5,2025-10-21 22:03:59.049448,335975.26,6287162.09
PI1805,I04,FLXF-78,3058,9,13,2025-10-21 22:03:59.049453,335975.26,6287162.09
PE791,325,VFJD-79,2338,8,10,2025-10-21 22:04:00.927882,350892.47,6285736.39
PH61,105,SJPD-90,317,0,3,2025-10-21 22:04:02.961545,342942.08,6290900.94
PH61,105,SHXD-76,5166,12,16,2025-10-21 22:04:02.961550,342942.08,6290900.94
PH61,120,SKHG-14,5165,11,15,2025-10-21 22:04:02.961551,342942.08,6290900.94
PH61,120,LFGW-21,7183,17,25,2025-10-21 22:04:02.961552,342942.08,6290900.94
PH61,H09,VGRB-23,586,0,3,2025-10-21 22:04:02.961553,342942.08,6290900.94
PH61,H09,VGRB-93,9138,25,60,2025-10-21 22:04:02.961554,342942.08,6290900.94
PH61,121,CJRB-13,3968,11,15,2025-10-21 22:04:02.961554,342942.08,6290900.94
PH61,121,BJFW-51,9127,25,60,2025-10-21 22:04:02.961555,342942.08,6290900.94
PH61,125,FLXG-66,9996,25,60,2025-10-21 22:04:02.961556,342942.08,6290900.94
PH61,H03,BJFS-53,1256,0,5,2025-10-21 22:04:02.961557,342942.08,6290900.94
PH61,345,FLXF-98,3611,9,11,2025-10-21 22:04:02.961566,342942.08,6290900.94
PH61,345,FLXF-31,4465,11,15,2025-10-21 22:04:02.961567,342942.08,6290900.94
PJ1603,J07E,VHZX-90,15422,25,60,2025-10-21 22:04:05.034774,335209.656,6299797.105
PJ1603,J07E,VJBB-60,26188,25,60,2025-10-21 22:04:05.034780,335209.656,6299797.105
PJ1603,J18,VHZY-80,6143,12,18,2025-10-21 22:04:05.034781,335209.656,6299797.105
PJ1603,J18,VJJX-28,10465,25,60,2025-10-21 22:04:05.034782,335209.656,6299797.105
PE662,E10,FLXK-59,418,0,3,2025-10-21 22:04:07.002339,350532.37,6289194.79
PI1501,423,PFYR-77,2091,4,6,2025-10-21 22:04:08.863690,338523.06,6293566.05
PI1501,423,PGPT-46,5751,14,20,2025-10-21 22:04:08.863695,338523.06,6293566.05
PE610,E09,VKJZ-36,4523,17,23,2025-10-21 22:04:10.736090,350044.195,6286349.536
PI1207,I16,FLXF-21,5786,15,21,2025-10-21 22:04:12.564017,343451.251,6295247.793
PB560,307C,TWPD-17,1357,0,5,2025-10-21 22:04:14.474244,338846.19,6307727.35
PB560,307C,VHSY-29,4716,14,20,2025-10-21 22:04:14.474249,338846.19,6307727.35
PB560,307E,VHTB-24,1675,5,7,2025-10-21 22:04:14.474250,338846.19,6307727.35
PB560,307E,VHSX-67,1743,5,7,2025-10-21 22:04:14.474251,338846.19,6307727.35
PB560,307,VHSY-19,686,0,3,2025-10-21 22:04:14.474252,338846.19,6307727.35
PB560,307,VHSY-11,1814,5,7,2025-10-21 22:04:14.474253,338846.19,6307727.35
PG128,205,LZRB-94,5806,12,16,2025-10-21 22:04:16.413179,350414.262,6282864.381
PG128,205,RWTP-91,7766,17,25,2025-10-21 22:04:16.413184,350414.262,6282864.381
PG128,205C,VFPW-63,6311,12,18,2025-10-21 22:04:16.413186,350414.262,6282864.381
PG128,205C,VFRG-25,6406,13,19,2025-10-21 22:04:16.413186,350414.262,6282864.381
PG128,G23,SFWZ-40,734,0,4,2025-10-21 22:04:16.413187,350414.262,6282864.381
PG128,G23,SFWB-77,4212,13,19,2025-10-21 22:04:16.413189,350414.262,6282864.381
PG128,286,SCRZ-30,3664,12,16,2025-10-21 22:04:16.413190,350414.262,6282864.381
PG128,G05,SFGY-16,2876,7,9,2025-10-21 22:04:16.413191,350414.262,6282864.381
PG128,G05,SHCX-17,5911,14,20,2025-10-21 22:04:16.413192,350414.262,6282864.381
PG128,G35,SCRZ-14,1187,9,11,2025-10-21 22:04:16.413192,350414.262,6282864.381
PG128,G35,SFPG-38,7293,25,60,2025-10-21 22:04:16.413193,350414.262,6282864.381
PG128,F20,SPZY-28,3933,10,14,2025-10-21 22:04:16.413194,350414.262,6282864.381
PG128,F20,SPZY-45,4136,11,15,2025-10-21 22:04:16.413195,350414.262,6282864.381
PG1675,E18,BJFS-95,209,0,3,2025-10-21 22:04:18.319699,346280.262,6287146.505
PG1675,E18,BJFX-61,3961,21,29,2025-10-21 22:04:18.319704,346280.262,6287146.505
PG1675,G18,SHXB-41,2173,4,6,2025-10-21 22:04:18.319705,346280.262,6287146.505
PG1675,G18,SFGY-86,6401,17,23,2025-10-21 22:04:18.319706,346280.262,6287146.505
PG1675,228,THTD-56,2133,5,7,2025-10-21 22:04:18.319707,346280.262,6287146.505
PG1675,228,THTG-99,5965,14,20,2025-10-21 22:04:18.319708,346280.262,6287146.505
PI361,444,SJPD-72,2656,6,8,2025-10-21 22:04:20.200584,340012.54,6290845.06
PI361,348,VHSX-97,3286,8,10,2025-10-21 22:04:20.200590,340012.54,6290845.06
PI361,348,VHSX-75,7638,18,26,2025-10-21 22:04:20.200591,340012.54,6290845.06
PI361,I05,VHTB-61,68,0,3,2025-10-21 22:04:20.200592,340012.54,6290845.06
PI361,I05,RWRP-42,2784,5,7,2025-10-21 22:04:20.200593,340012.54,6290845.06
PI361,118,FLXW-61,2470,6,8,2025-10-21 22:04:20.200593,340012.54,6290845.06
PI361,118,FLXT-11,2756,7,9,2025-10-21 22:04:20.200594,340012.54,6290845.06
PI361,428,SHXD-59,2965,8,10,2025-10-21 22:04:20.200595,340012.54,6290845.06
PI361,428,SHCY-29,3367,8,12,2025-10-21 22:04:20.200596,340012.54,6290845.06
PH166,204,VFPF-54,2931,7,9,2025-10-21 22:04:21.843763,348629.527,6293190.767
PH166,204,VFPT-27,5284,13,19,2025-10-21 22:04:21.843768,348629.527,6293190.767
PH166,204E,SRTK-37,1305,0,3,2025-10-21 22:04:21.843770,348629.527,6293190.767
PB766,B14,FLXT-51,8798,20,28,2025-10-21 22:04:23.505014,349013.57,6304310.9
PB766,B14,HRKS-55,12547,25,60,2025-10-21 22:04:23.505019,349013.57,6304310.9
PB766,C06,FLXT-86,5302,8,10,2025-10-21 22:04:23.505020,349013.57,6304310.9
PB766,C06,LDJW-50,5350,8,10,2025-10-21 22:04:23.505021,349013.57,6304310.9
PB766,B05,SPCG-59,344,0,3,2025-10-21 22:04:23.505022,349013.57,6304310.9
PB766,B05,SPCG-87,5804,13,19,2025-10-21 22:04:23.505023,349013.57,6304310.9
PB766,B15,SPCG-74,1946,4,6,2025-10-21 22:04:23.505023,349013.57,6304310.9
PB766,B15,SKDF-78,11709,25,60,2025-10-21 22:04:23.505024,349013.57,6304310.9
PB766,B22,SKPS-22,3333,10,14,2025-10-21 22:04:23.505025,349013.57,6304310.9
PB766,B22,SPCG-88,9186,25,60,2025-10-21 22:04:23.505026,349013.57,6304310.9
PB766,B02,FLXR-73,1009,0,5,2025-10-21 22:04:23.505035,349013.57,6304310.9
PB766,B02,FLXR-81,3034,18,26,2025-10-21 22:04:23.505036,349013.57,6304310.9
PA297,119,CJRX-42,3359,11,15,2025-10-21 22:04:25.438597,345213.81,6298695.39
PA297,119,BJFS-92,5292,15,21,2025-10-21 22:04:25.438602,345213.81,6298695.39
PA297,508,FLXW-63,6373,14,20,2025-10-21 22:04:25.438604,345213.81,6298695.39
PA297,508,TBFR-19,10369,25,60,2025-10-21 22:04:25.438605,345213.81,6298695.39
PA297,514,GCBC-98,922,0,4,2025-10-21 22:04:25.438606,345213.81,6298695.39
PA297,514,GCBC-66,5963,15,21,2025-10-21 22:04:25.438607,345213.81,6298695.39
PA297,505,LZPH-21,1616,0,5,2025-10-21 22:04:25.438608,345213.81,6298695.39
PA297,505,LXWS-31,4662,12,16,2025-10-21 22:04:25.438609,345213.81,6298695.39
PJ1678,J04,TBFW-51,1772,8,10,2025-10-21 22:04:27.367956,339093.872,6299184.974
PJ1678,J13,TBFP-72,1704,7,9,2025-10-21 22:04:27.367962,339093.872,6299184.974
PJ1678,J13C,TBFW-72,1,0,3,2025-10-21 22:04:27.367963,339093.872,6299184.974
PJ1678,J13C,BFKC-97,2512,5,7,2025-10-21 22:04:27.367963,339093.872,6299184.974
PB1339,B18,LDJP-70,564,0,3,2025-10-21 22:04:29.277036,339437.618,6305724.847
PG614,G28,FLXH-10,4488,12,18,2025-10-21 22:04:31.228135,348365.471,6282937.863
PG614,G28,BJFS-84,7751,25,60,2025-10-21 22:04:31.228140,348365.471,6282937.863
PG614,G05,SHXB-30,401,0,3,2025-10-21 22:04:31.228141,348365.471,6282937.863
PG614,F06,FLXS-41,1889,7,9,2025-10-21 22:04:31.228142,348365.471,6282937.863
PG614,F06,SPZX-77,6838,25,60,2025-10-21 22:04:31.228143,348365.471,6282937.863
PG614,F20,SPZX-65,496,0,3,2025-10-21 22:04:31.228144,348365.471,6282937.863
PG614,F20,SHCY-61,11091,25,60,2025-10-21 22:04:31.228144,348365.471,6282937.863
PG229,212,LZPT-42,529,0,3,2025-10-21 22:04:33.159781,346685.032,6282773.075
PG229,212,SFST-38,2056,6,8,2025-10-21 22:04:33.159786,346685.032,6282773.075
PG229,216,SRTH-17,217,0,3,2025-10-21 22:04:33.159788,346685.032,6282773.075
PG229,216,SXKV-99,2124,6,8,2025-10-21 22:04:33.159789,346685.032,6282773.075
PG229,G13,SDSW-72,514,0,3,2025-10-21 22:04:33.159790,346685.032,6282773.075
PG229,G13,SHXG-74,568,0,3,2025-10-21 22:04:33.159791,346685.032,6282773.075
PA223,402,PFYC-53,3547,9,13,2025-10-21 22:04:35.242790,344379.0,6299219.55
PA223,402,PFVH-11,10137,25,60,2025-10-21 22:04:35.242795,344379.0,6299219.55
PB2058,B29,SKHG-82,1582,0,5,2025-10-21 22:04:37.106249,337065.0,6303768.0
PB2058,B29,SKHG-80,10296,25,60,2025-10-21 22:04:37.106256,337065.0,6303768.0
PA172,403,PFTW-32,3400,12,16,2025-10-21 22:04:39.130753,348153.928,6298410.853
PA172,513,VJBC-40,2136,5,7,2025-10-21 22:04:39.130759,348153.928,6298410.853
PA172,513,VHXK-21,3533,9,11,2025-10-21 22:04:39.130760,348153.928,6298410.853
PA172,210,SXKV-90,1,0,3,2025-10-21 22:04:39.130762,348153.928,6298410.853
PA172,210,RYJG-94,2504,9,11,2025-10-21 22:04:39.130763,348153.928,6298410.853
PA172,210V,VFPX-33,3915,9,13,2025-10-21 22:04:39.130764,348153.928,6298410.853
PA172,516,TBFX-24,114,0,3,2025-10-21 22:04:39.130765,348153.928,6298410.853
PA172,516,PFXC-70,4876,12,16,2025-10-21 22:04:39.130766,348153.928,6298410.853
PA172,519,PFXC-55,1790,6,8,2025-10-21 22:04:39.130767,348153.928,6298410.853
PA172,519,GCBC-42,7012,16,22,2025-10-21 22:04:39.130768,348153.928,6298410.853
PA172,213E,SRVK-42,213,0,3,2025-10-21 22:04:39.130769,348153.928,6298410.853
PG52,G05,SFPG-68,4638,14,20,2025-10-21 22:04:41.082080,344157.207,6285451.826
PG52,G05,SHXB-30,8814,25,60,2025-10-21 22:04:41.082085,344157.207,6285451.826
PG52,201,GCBC-15,2978,6,8,2025-10-21 22:04:41.082086,344157.207,6285451.826
PG52,201,GCBB-39,5340,13,19,2025-10-21 22:04:41.082087,344157.207,6285451.826
PG52,211,FLXC-94,4129,7,9,2025-10-21 22:04:41.082088,344157.207,6285451.826
PG52,211,TBYY-63,5468,11,15,2025-10-21 22:04:41.082089,344157.207,6285451.826
PG52,271,TBYY-71,2756,5,7,2025-10-21 22:04:41.082089,344157.207,6285451.826
PG52,211C,THTF-19,3345,7,9,2025-10-21 22:04:41.082090,344157.207,6285451.826
PC832,C09,SGPY-62,5501,12,18,2025-10-21 22:04:42.951710,358825.137,6302603.275
PC832,C09,SHCY-31,14320,25,60,2025-10-21 22:04:42.951716,358825.137,6302603.275
PA359,H13,BJFX-20,378,0,3,2025-10-21 22:04:44.845199,347954.6,6298046.94
PA359,H13,CJRX-61,3526,9,13,2025-10-21 22:04:44.845203,347954.6,6298046.94
PA359,422,PFXC-66,3303,10,14,2025-10-21 22:04:44.845205,347954.6,6298046.94
PA359,422,GCBC-96,6388,17,25,2025-10-21 22:04:44.845205,347954.6,6298046.94
PJ88,412,PFYC-81,2713,10,14,2025-10-21 22:04:46.697183,338174.29,6299380.462
PJ88,412,PFTW-19,3031,11,15,2025-10-21 22:04:46.697188,338174.29,6299380.462
PJ88,110,FLXS-88,1,0,3,2025-10-21 22:04:46.697190,338174.29,6299380.462
PJ88,110,CJRY-78,1671,5,7,2025-10-21 22:04:46.697191,338174.29,6299380.462
PD447,422,FLXV-89,2070,5,7,2025-10-21 22:04:48.640001,355453.454,6297558.405
PD447,D01,SVDF-57,676,0,3,2025-10-21 22:04:48.640005,355453.454,6297558.405
PD447,D02,SVDD-48,2450,6,8,2025-10-21 22:04:48.640007,355453.454,6297558.405
PD447,D02,SVDC-93,7953,19,27,2025-10-21 22:04:48.640007,355453.454,6297558.405
PD447,403,PFTW-31,2599,8,10,2025-10-21 22:04:48.640008,355453.454,6297558.405
PD360,425,SJPF-42,1285,0,5,2025-10-21 22:04:50.569768,354576.764,6298066.5
PD360,425,SHXG-40,2270,6,8,2025-10-21 22:04:50.569773,354576.764,6298066.5
PD360,429,SLGS-94,3132,16,24,2025-10-21 22:04:50.569774,354576.764,6298066.5
PD360,429,SJPD-58,3301,25,60,2025-10-21 22:04:50.569775,354576.764,6298066.5
PD360,418,PFYC-44,1754,0,5,2025-10-21 22:04:50.569776,354576.764,6298066.5
PD360,418,PFYC-29,2170,8,10,2025-10-21 22:04:50.569777,354576.764,6298066.5
PJ552,J19,VGTZ-70,5526,16,22,2025-10-21 22:04:52.541327,338386.634,6296561.119
PJ552,516,TBFW-90,2354,7,9,2025-10-21 22:04:52.541333,338386.634,6296561.119
PJ552,J01,FLXD-52,3396,17,23,2025-10-21 22:04:52.541334,338386.634,6296561.119
PH1449,H14,FLXR-24,3660,8,12,2025-10-21 22:04:56.258386,347601.874,6290269.172
PI1456,421,PDZH-82,820,0,5,2025-10-21 22:04:58.133757,333102.863,6288572.359
PI1456,421,PFVK-65,5002,15,21,2025-10-21 22:04:58.133762,333102.863,6288572.359
PI19,101,PGPT-56,2125,5,7,2025-10-21 22:04:59.971785,340545.195,6292127.879
PI19,101,PGPT-53,2955,7,9,2025-10-21 22:04:59.971791,340545.195,6292127.879
PI19,481,PGPT-31,196,0,3,2025-10-21 22:04:59.971793,340545.195,6292127.879
PI19,481,PFVC-50,453,0,3,2025-10-21 22:04:59.971794,340545.195,6292127.879
PI19,I04,FLXL-11,197,0,3,2025-10-21 22:04:59.971795,340545.195,6292127.879
PI19,I04,FLXD-90,2003,5,7,2025-10-21 22:04:59.971796,340545.195,6292127.879
PB1359,C18,SHXF-42,11042,25,60,2025-10-21 22:05:01.900646,347794.919,6306701.912
PB1695,B05,SPCG-87,1844,4,6,2025-10-21 22:05:03.834873,348948.673,6305579.694
PB1695,117,PGLD-54,48,0,3,2025-10-21 22:05:03.834878,348948.673,6305579.694
PB1695,C18,SHXD-91,1772,0,4,2025-10-21 22:05:03.834879,348948.673,6305579.694
PF281,F07,SPRW-83,495,0,3,2025-10-21 22:05:05.694299,355511.284,6282541.867
PF281,F07,SPRW-68,1591,0,5,2025-10-21 22:05:05.694304,355511.284,6282541.867
PF281,F05,SPZX-73,1,0,3,2025-10-21 22:05:05.694306,355511.284,6282541.867
PF281,F05,SPZY-65,3131,10,14,2025-10-21 22:05:05.694307,355511.284,6282541.867
PB2091,B42,FLXT-26,1873,5,7,2025-10-21 22:05:07.616208,337338.0,6311703.0
PB2091,B13,STHJ-68,2830,15,21,2025-10-21 22:05:07.616212,337338.0,6311703.0
PB624,B12,SKDH-29,363,0,3,2025-10-21 22:05:09.514780,337235.727,6306886.456
PB624,314,FLXD-93,163,0,3,2025-10-21 22:05:09.514785,337235.727,6306886.456
PI25,I26,PFYS-38,5908,16,22,2025-10-21 22:05:11.426785,340437.806,6291418.327
PI25,I26,PFVG-38,14269,25,60,2025-10-21 22:05:11.426790,340437.806,6291418.327
PI25,I04,FLXL-11,1593,0,5,2025-10-21 22:05:11.426792,340437.806,6291418.327
PI25,I04,FLXD-90,3730,9,13,2025-10-21 22:05:11.426792,340437.806,6291418.327
PI25,101,PGPT-56,3745,9,13,2025-10-21 22:05:11.426793,340437.806,6291418.327
PI25,101,PGPT-53,4547,11,15,2025-10-21 22:05:11.426794,340437.806,6291418.327
PI25,481,PGPT-31,1591,4,6,2025-10-21 22:05:11.426795,340437.806,6291418.327
PI25,481,PFVC-50,2067,6,8,2025-10-21 22:05:11.426796,340437.806,6291418.327
PI17,101,PGPT-56,1681,0,5,2025-10-21 22:05:12.834035,340131.261,6292381.794
PI17,101,PGPT-53,2479,6,8,2025-10-21 22:05:12.834039,340131.261,6292381.794
PI17,481,PFVC-50,145,0,3,2025-10-21 22:05:12.834040,340131.261,6292381.794
PI17,481,PGPT-36,5548,17,23,2025-10-21 22:05:12.834041,340131.261,6292381.794
PI17,I04,FLXD-90,1669,5,7,2025-10-21 22:05:12.834042,340131.261,6292381.794
PI17,I04,FLXL-13,4832,13,19,2025-10-21 22:05:12.834042,340131.261,6292381.794
PH1650,H07,FLXF-95,494,0,3,2025-10-21 22:05:14.721501,343983.49,6294375.87
PH1650,H07,BJFW-86,4815,11,15,2025-10-21 22:05:14.721507,343983.49,6294375.87
PH1650,345,FLXF-73,1324,13,19,2025-10-21 22:05:14.721508,343983.49,6294375.87
PD353,D02,SVDD-39,2725,8,10,2025-10-21 22:05:16.659385,352023.42,6296917.87
PD198,210V,VFPY-13,3442,5,7,2025-10-21 22:05:18.600154,349746.0,6292991.0
PD198,210V,VFPZ-38,11282,25,60,2025-10-21 22:05:18.600159,349746.0,6292991.0
PD198,H05,VFPJ-31,5305,15,21,2025-10-21 22:05:18.600161,349746.0,6292991.0
PD198,H05,VFPD-61,7890,25,60,2025-10-21 22:05:18.600162,349746.0,6292991.0
PD198,H09,VGRG-24,1769,0,5,2025-10-21 22:05:18.600163,349746.0,6292991.0
PD198,H09,VGLZ-33,8960,25,60,2025-10-21 22:05:18.600164,349746.0,6292991.0
PD198,H24,VGRF-45,2259,6,8,2025-10-21 22:05:18.600164,349746.0,6292991.0
PD198,H24,VGRG-34,7834,21,29,2025-10-21 22:05:18.600165,349746.0,6292991.0
PD198,210X,LZRF-13,1913,0,5,2025-10-21 22:05:18.600166,349746.0,6292991.0
PD198,213E,SRVJ-10,927,0,3,2025-10-21 22:05:18.600167,349746.0,6292991.0
PD198,213E,LBTT-15,12397,25,60,2025-10-21 22:05:18.600168,349746.0,6292991.0
PD198,210,LZRB-95,3235,8,10,2025-10-21 22:05:18.600168,349746.0,6292991.0
PD198,210,LZRD-84,4288,9,13,2025-10-21 22:05:18.600169,349746.0,6292991.0
PC162,430,PGBY-55,7968,19,27,2025-10-21 22:05:20.698368,353455.107,6301984.514
PC162,430,SJPC-22,17849,25,60,2025-10-21 22:05:20.698373,353455.107,6301984.514
PC162,407,GCBF-25,691,0,3,2025-10-21 22:05:20.698374,353455.107,6301984.514
PC162,407,TBFS-67,3106,6,8,2025-10-21 22:05:20.698375,353455.107,6301984.514
PC162,C01,LDJJ-71,2763,9,11,2025-10-21 22:05:20.698376,353455.107,6301984.514
PC162,C01C,PGTV-10,815,6,8,2025-10-21 22:05:20.698377,353455.107,6301984.514
PC162,401,PFVK-63,3811,9,13,2025-10-21 22:05:20.698377,353455.107,6301984.514
PC162,401,PFBG-12,5626,13,19,2025-10-21 22:05:20.698378,353455.107,6301984.514
PC162,421,PDYR-93,3460,8,10,2025-10-21 22:05:20.698379,353455.107,6301984.514
PC162,421,PFVK-80,3750,9,11,2025-10-21 22:05:20.698380,353455.107,6301984.514
PC162,406,SZZH-67,5762,16,22,2025-10-21 22:05:20.698390,353455.107,6301984.514
PC162,406,TBFR-26,8216,25,60,2025-10-21 22:05:20.698391,353455.107,6301984.514
PC162,426,FLXK-27,5119,15,21,2025-10-21 22:05:20.698392,353455.107,6301984.514
PC162,426,BJFC-78,7652,25,60,2025-10-21 22:05:20.698393,353455.107,6301984.514
PC162,C02,LCPW-33,1342,4,6,2025-10-21 22:05:20.698393,353455.107,6301984.514
PC162,C02,LCPW-48,5140,12,18,2025-10-21 22:05:20.698394,353455.107,6301984.514
PF914,F08,SPVT-94,3,0,3,2025-10-21 22:05:23.900316,351351.116,6282781.622
PF914,F27,SPRY-75,114,0,3,2025-10-21 22:05:23.900321,351351.116,6282781.622
PD1452,107,PFZK-82,3689,8,12,2025-10-21 22:05:26.167132,354922.48,6291625.83
PD1452,107,PGRZ-91,5137,12,18,2025-10-21 22:05:26.167137,354922.48,6291625.83
PD1452,117,SPBP-19,1,0,3,2025-10-21 22:05:26.167138,354922.48,6291625.83
PD1452,117,SPBP-86,2790,6,8,2025-10-21 22:05:26.167139,354922.48,6291625.83
PD1452,D10,SVDC-72,3145,19,27,2025-10-21 22:05:26.167140,354922.48,6291625.83
PD1452,D10,SVDF-11,7773,25,60,2025-10-21 22:05:26.167140,354922.48,6291625.83
PD1452,D16,SPBL-65,5188,14,20,2025-10-21 22:05:26.167141,354922.48,6291625.83
PD1452,D16,SPBR-29,9147,25,60,2025-10-21 22:05:26.167142,354922.48,6291625.83
PD1452,103,SPBL-64,155,0,3,2025-10-21 22:05:26.167143,354922.48,6291625.83
PD1452,103,PLHK-83,1365,0,4,2025-10-21 22:05:26.167144,354922.48,6291625.83
PD1452,D26,SPBP-12,2938,7,9,2025-10-21 22:05:26.167145,354922.48,6291625.83
PD1452,D26,SPBS-50,9011,16,22,2025-10-21 22:05:26.167154,354922.48,6291625.83
PI1461,506,TBFR-42,363,0,3,2025-10-21 22:05:27.622426,339897.275,6294951.123
PI1461,506,TBFT-12,773,0,3,2025-10-21 22:05:27.622431,339897.275,6294951.123
PI1461,506V,FLXV-45,1443,4,6,2025-10-21 22:05:27.622432,339897.275,6294951.123
PI1461,506V,FLXV-63,8304,18,26,2025-10-21 22:05:27.622433,339897.275,6294951.123
PF331,F14,SPRY-72,1582,4,6,2025-10-21 22:05:29.381688,354939.181,6282438.844
PF331,F14,SPRW-13,2224,6,8,2025-10-21 22:05:29.381693,354939.181,6282438.844
PF331,210V,VFPZ-74,3663,8,12,2025-10-21 22:05:29.381694,354939.181,6282438.844
PF331,210V,VFPH-91,3736,9,13,2025-10-21 22:05:29.381695,354939.181,6282438.844
PF331,F06,SRVH-40,3414,10,14,2025-10-21 22:05:29.381696,354939.181,6282438.844
PF331,F06,SPZY-78,8932,25,60,2025-10-21 22:05:29.381697,354939.181,6282438.844
PF331,F09,SPZY-81,2273,7,9,2025-10-21 22:05:29.381698,354939.181,6282438.844
PF331,124,LCTG-39,965,0,4,2025-10-21 22:05:29.381699,354939.181,6282438.844
PF331,124,LCTG-33,6318,16,22,2025-10-21 22:05:29.381699,354939.181,6282438.844
PJ674,J02,VHXD-95,6883,15,21,2025-10-21 22:05:31.329903,337957.623,6298985.286
PJ674,J02,VHXJ-81,11780,25,60,2025-10-21 22:05:31.329909,337957.623,6298985.286
PJ674,J18,VJJX-28,2248,7,9,2025-10-21 22:05:31.329910,337957.623,6298985.286
PE390,322,BJFZ-12,3517,10,14,2025-10-21 22:05:33.190320,355068.772,6289291.367
PE390,E03,BJFS-70,3868,9,13,2025-10-21 22:05:33.190325,355068.772,6289291.367
PE390,E03,FLXK-75,6447,16,24,2025-10-21 22:05:33.190326,355068.772,6289291.367
PD169,D26,SPBS-50,2999,5,7,2025-10-21 22:05:35.233792,354786.279,6290923.264
PD169,D26,PGBY-68,8256,19,27,2025-10-21 22:05:35.233797,354786.279,6290923.264
PD169,107,PGPV-87,526,0,5,2025-10-21 22:05:35.233798,354786.279,6290923.264
PG1991,G38,THTD-83,3199,8,10,2025-10-21 22:05:37.091330,343591.0,6280165.0
PG1991,G32,THTF-55,1,0,3,2025-10-21 22:05:37.091335,343591.0,6280165.0
PI718,I21,FLXF-81,5002,13,19,2025-10-21 22:05:38.984145,335092.595,6289477.275
PC564,505,LZPH-21,5469,13,19,2025-10-21 22:05:40.906476,348874.79,6299157.42
PC564,505,LXWS-31,8290,20,28,2025-10-21 22:05:40.906481,348874.79,6299157.42
PC564,508,FLXK-20,1669,5,7,2025-10-21 22:05:40.906483,348874.79,6299157.42
PC564,508,FLXW-63,10019,25,60,2025-10-21 22:05:40.906484,348874.79,6299157.42
PC564,514,FLXW-56,1644,4,6,2025-10-21 22:05:40.906485,348874.79,6299157.42
PC564,514,GCBC-98,4697,13,19,2025-10-21 22:05:40.906486,348874.79,6299157.42
PG148,F20,SPZX-65,3104,8,10,2025-10-21 22:05:42.814238,346352.682,6283804.32
PG148,F20,SHCY-61,13262,25,60,2025-10-21 22:05:42.814244,346352.682,6283804.32
PI192,109,CJRZ-91,9217,16,22,2025-10-21 22:05:44.756614,333673.341,6289735.395
PI192,109,FDJX-67,12621,25,60,2025-10-21 22:05:44.756619,333673.341,6289735.395
PI192,405,PFVK-95,1,0,3,2025-10-21 22:05:44.756620,333673.341,6289735.395
PI192,405,PDZH-79,3732,12,16,2025-10-21 22:05:44.756621,333673.341,6289735.395
PI192,481,PFYT-11,3956,11,15,2025-10-21 22:05:44.756622,333673.341,6289735.395
PI192,481,PFVC-62,10158,25,60,2025-10-21 22:05:44.756623,333673.341,6289735.395
PI192,I26,PFYS-57,1,0,3,2025-10-21 22:05:44.756624,333673.341,6289735.395
PI192,I26,PFVD-36,5590,16,22,2025-10-21 22:05:44.756625,333673.341,6289735.395
PD1285,D18,SVDD-36,235,0,3,2025-10-21 22:05:48.591978,355941.34,6298885.372
PD1285,D18,STKX-48,1974,5,7,2025-10-21 22:05:48.591983,355941.34,6298885.372
PD1285,412,PFVG-89,1107,0,4,2025-10-21 22:05:48.591984,355941.34,6298885.372
PD1285,412,PFTW-48,1255,0,5,2025-10-21 22:05:48.591985,355941.34,6298885.372
PB313,B41,GCBB-53,1145,0,5,2025-10-21 22:05:50.585911,347140.51,6301065.41
PB313,B41,GCBB-19,6998,18,26,2025-10-21 22:05:50.585916,347140.51,6301065.41
PB313,208,SRTK-20,864,0,3,2025-10-21 22:05:50.585919,347140.51,6301065.41
PB313,208,SRTH-19,1472,0,5,2025-10-21 22:05:50.585920,347140.51,6301065.41
PB313,B25,FLXS-44,176,0,3,2025-10-21 22:05:50.585921,347140.51,6301065.41
PB313,B25,FLXS-47,4866,11,15,2025-10-21 22:05:50.585921,347140.51,6301065.41
PE703,E12,VFHX-21,7748,25,60,2025-10-21 22:05:52.440893,352515.67,6285378.432
PE703,E12,VFJP-53,8619,25,60,2025-10-21 22:05:52.440898,352515.67,6285378.432
PG1407,G22,THTG-98,8074,17,25,2025-10-21 22:05:55.934442,343200.625,6286284.286
PF72,F14,SPRW-90,717,0,3,2025-10-21 22:05:57.809859,351507.87,6283060.135
PF72,205,LZRB-94,6290,13,19,2025-10-21 22:05:57.809864,351507.87,6283060.135
PF72,205,RWTP-91,7970,17,25,2025-10-21 22:05:57.809865,351507.87,6283060.135
PF72,205C,VFPW-63,7109,15,21,2025-10-21 22:05:57.809866,351507.87,6283060.135
PF72,205C,VFRG-25,7155,15,21,2025-10-21 22:05:57.809867,351507.87,6283060.135
PF72,F20,SPZY-45,4275,10,14,2025-10-21 22:05:57.809868,351507.87,6283060.135
PF72,F20,SPZY-28,4555,11,15,2025-10-21 22:05:57.809869,351507.87,6283060.135
PD988,D07,SVDF-46,375,0,3,2025-10-21 22:06:03.437811,357400.519,6294473.684
PD988,D07,SVDC-49,6982,25,60,2025-10-21 22:06:03.437817,357400.519,6294473.684
PI1509,I22,FLXY-22,1497,0,5,2025-10-21 22:06:05.276260,336922.208,6293152.53
PJ33,J10,VHZY-10,2423,7,9,2025-10-21 22:06:07.184881,341735.522,6297755.493
PJ33,J10,VHZZ-40,7349,17,25,2025-10-21 22:06:07.184886,341735.522,6297755.493
PJ33,511,TBFS-38,3129,9,13,2025-10-21 22:06:07.184887,341735.522,6297755.493
PJ33,511,TBFT-35,6931,17,25,2025-10-21 22:06:07.184888,341735.522,6297755.493
PJ33,J13,TBFT-86,2995,8,12,2025-10-21 22:06:07.184889,341735.522,6297755.493
PJ33,J13,TBFP-72,6403,17,25,2025-10-21 22:06:07.184890,341735.522,6297755.493
PG1038,G22,THTG-98,5018,12,16,2025-10-21 22:06:09.073019,342159.393,6283927.94
PG1320,G18,SHXG-67,339,0,3,2025-10-21 22:06:10.902614,346912.948,6288534.844
PG1320,G18,SFPF-91,4977,13,17,2025-10-21 22:06:10.902619,346912.948,6288534.844
PI1895,I35,SCRZ-36,1039,0,3,2025-10-21 22:06:12.706528,331779.0,6283174.0
PH718,321,FLXR-10,1094,0,4,2025-10-21 22:06:14.555777,344030.721,6290629.512
PH718,321,CJRX-58,5273,13,17,2025-10-21 22:06:14.555781,344030.721,6290629.512
PH718,H13,FLXG-63,1210,0,5,2025-10-21 22:06:14.555782,344030.721,6290629.512
PH718,I05,VHSY-22,4724,13,17,2025-10-21 22:06:14.555783,344030.721,6290629.512
PH718,I05,VHSZ-36,14709,25,60,2025-10-21 22:06:14.555784,344030.721,6290629.512
PB1724,230,GCBC-18,2373,8,10,2025-10-21 22:06:15.913864,344701.601,6303801.129
PB1724,230,GCBB-30,2800,9,13,2025-10-21 22:06:15.913870,344701.601,6303801.129
PD386,429,SKPK-41,912,0,3,2025-10-21 22:06:17.757909,354321.891,6294039.17
PA679,403,PFTW-47,2020,6,8,2025-10-21 22:06:19.638569,345691.792,6298137.721
PA679,403,PFTW-36,5358,16,22,2025-10-21 22:06:19.638574,345691.792,6298137.721
PD735,505,VJJV-48,4052,10,14,2025-10-21 22:06:21.543322,358011.244,6295388.589
PD735,505,LXWR-85,6509,14,20,2025-10-21 22:06:21.543327,358011.244,6295388.589
PD735,513,VJBC-70,250,0,3,2025-10-21 22:06:21.543328,358011.244,6295388.589
PD735,D10,SVDC-46,928,0,4,2025-10-21 22:06:21.543329,358011.244,6295388.589
PI452,404,PFYC-14,2677,6,8,2025-10-21 22:06:23.164753,337524.583,6294722.235
PI452,404,PFYC-13,7635,16,22,2025-10-21 22:06:23.164759,337524.583,6294722.235
PE1328,E10,BJFZ-27,909,0,3,2025-10-21 22:06:25.053245,348267.218,6288268.887
PE1328,E10,BJFW-92,3405,10,14,2025-10-21 22:06:25.053250,348267.218,6288268.887
PI1353,106,PFVH-97,3716,10,14,2025-10-21 22:06:26.947334,336819.133,6289212.292
PI1353,401,PFYG-65,3661,10,14,2025-10-21 22:06:26.947339,336819.133,6289212.292
PA715,345,CJRW-11,13758,25,60,2025-10-21 22:06:28.790237,347746.441,6298432.437
PG771,G14,FZZF-82,858,0,3,2025-10-21 22:06:30.791580,343791.574,6283139.35
PG771,G39,SHCV-41,477,0,3,2025-10-21 22:06:30.791585,343791.574,6283139.35
PG771,G39,SFPF-94,4265,11,15,2025-10-21 22:06:30.791586,343791.574,6283139.35
PG771,G07,THTH-11,2289,6,8,2025-10-21 22:06:30.791587,343791.574,6283139.35
PG771,G07,THTF-61,4010,10,14,2025-10-21 22:06:30.791587,343791.574,6283139.35
PD1187,D01,SVDC-43,3042,8,10,2025-10-21 22:06:32.720225,357212.124,6296798.755
PD1187,D01,SVDD-55,4827,12,16,2025-10-21 22:06:32.720230,357212.124,6296798.755
PE1516,G04,SFPG-56,659,0,3,2025-10-21 22:06:34.497765,350577.0,6285064.0
PE1516,G04,SFGY-84,969,0,4,2025-10-21 22:06:34.497771,350577.0,6285064.0
PE1516,G15,THTD-45,5321,13,17,2025-10-21 22:06:34.497772,350577.0,6285064.0
PE1516,G15,THTD-61,9153,25,60,2025-10-21 22:06:34.497773,350577.0,6285064.0
PF1166,F26,SPCG-76,796,0,3,2025-10-21 22:06:35.859672,357451.0,6282218.0
PF1166,F26,SPVV-97,2027,0,5,2025-10-21 22:06:35.859678,357451.0,6282218.0
PI33,101,PGPT-21,3295,8,10,2025-10-21 22:06:37.777862,339891.828,6293145.493
PI33,481,PFVJ-24,522,0,3,2025-10-21 22:06:37.777868,339891.828,6293145.493
PI33,481,PGPT-40,5401,13,19,2025-10-21 22:06:37.777869,339891.828,6293145.493
PI33,I25,FLXL-74,11583,25,60,2025-10-21 22:06:37.777870,339891.828,6293145.493
PI33,I25,FLXL-12,12296,25,60,2025-10-21 22:06:37.777871,339891.828,6293145.493
PI33,I04,FLXY-36,1579,0,5,2025-10-21 22:06:37.777872,339891.828,6293145.493
PI33,I04,FLXF-89,6679,16,22,2025-10-21 22:06:37.777873,339891.828,6293145.493
PI33,I14,CJRZ-73,1,0,3,2025-10-21 22:06:37.777874,339891.828,6293145.493
PG1660,G28,BJFS-84,2669,6,8,2025-10-21 22:06:39.716341,348871.353,6282745.387
PG1660,G28,BJFW-20,9661,25,60,2025-10-21 22:06:39.716346,348871.353,6282745.387
PG1660,G13,SCRZ-23,2108,7,9,2025-10-21 22:06:39.716347,348871.353,6282745.387
PG1660,F06,FLXS-41,857,0,5,2025-10-21 22:06:39.716349,348871.353,6282745.387
PG1660,F06,SPZX-77,6060,25,60,2025-10-21 22:06:39.716349,348871.353,6282745.387
PH585,H07,BJFW-86,9733,18,26,2025-10-21 22:06:41.587244,343583.654,6291795.769
PB2052,B29,SKHG-82,1,0,3,2025-10-21 22:06:43.439176,337716.0,6303042.0
PB2052,B29,SKHG-80,7838,20,28,2025-10-21 22:06:43.439181,337716.0,6303042.0
PD672,D14,PGWV-11,1537,0,4,2025-10-21 22:06:45.381490,352432.829,6292587.567
PD672,D14,PGTT-86,4721,10,14,2025-10-21 22:06:45.381496,352432.829,6292587.567
PD672,D16,SPBR-29,3032,7,9,2025-10-21 22:06:45.381497,352432.829,6292587.567
PD672,D16,SPBF-69,8118,25,60,2025-10-21 22:06:45.381498,352432.829,6292587.567
PD672,514,GCBD-28,2985,8,10,2025-10-21 22:06:45.381498,352432.829,6292587.567
PD672,514,PFXC-83,8892,25,60,2025-10-21 22:06:45.381499,352432.829,6292587.567
PD672,514C,FLXH-83,9802,25,60,2025-10-21 22:06:45.381500,352432.829,6292587.567
PD672,D10,STWH-39,5418,15,21,2025-10-21 22:06:45.381501,352432.829,6292587.567
PF1174,124,SRVJ-90,2432,12,18,2025-10-21 22:06:47.298225,351457.9,6278005.51
PF1174,124,SRVG-94,5279,20,28,2025-10-21 22:06:47.298231,351457.9,6278005.51
PD14,103,SPBL-63,4911,13,17,2025-10-21 22:06:51.006306,350730.22,6295114.95
PD14,117,PFYC-21,368,0,3,2025-10-21 22:06:51.006311,350730.22,6295114.95
PD14,117,PFZK-89,5029,14,20,2025-10-21 22:06:51.006312,350730.22,6295114.95
PB926,B06,SPCG-34,1707,4,6,2025-10-21 22:06:52.962627,345544.753,6305327.603
PB1047,B36,STHF-70,600,0,3,2025-10-21 22:06:56.699540,343894.276,6308360.156
PB1047,B36,STHL-29,2936,8,12,2025-10-21 22:06:56.699544,343894.276,6308360.156
PB1047,B08,SHCY-36,2443,7,9,2025-10-21 22:06:56.699545,343894.276,6308360.156
PB1047,B08,TXZH-25,4246,11,15,2025-10-21 22:06:56.699546,343894.276,6308360.156
PB1047,B16,LDJW-46,1,0,3,2025-10-21 22:06:56.699547,343894.276,6308360.156
PB1047,B16,STHK-39,2431,6,8,2025-10-21 22:06:56.699548,343894.276,6308360.156
PD566,508,PFXB-38,2652,6,8,2025-10-21 22:06:58.582721,352654.566,6295896.884
PG1302,G18,SHXB-41,272,0,3,2025-10-21 22:07:00.567191,346805.307,6286841.222
PG1302,G18,SFGY-86,4342,12,18,2025-10-21 22:07:00.567196,346805.307,6286841.222
PG1302,302,BJFT-30,192,0,3,2025-10-21 22:07:00.567199,346805.307,6286841.222
PG1302,302,BJFZ-31,3134,10,14,2025-10-21 22:07:00.567199,346805.307,6286841.222
PG1302,E18,BJFX-61,1660,13,17,2025-10-21 22:07:00.567200,346805.307,6286841.222
PG1302,E18,BJFV-38,5337,21,29,2025-10-21 22:07:00.567201,346805.307,6286841.222
PI363,428,SHXD-59,3076,7,9,2025-10-21 22:07:04.466867,339369.777,6291362.861
PI363,428,SHCY-29,3388,8,10,2025-10-21 22:07:04.466872,339369.777,6291362.861
PI363,444,SJPD-72,2750,5,7,2025-10-21 22:07:04.466873,339369.777,6291362.861
PE1365,E16,VFKT-58,1969,8,10,2025-10-21 22:07:06.350596,349759.715,6285962.315
PE1365,E18,BJFV-11,1086,0,4,2025-10-21 22:07:06.350601,349759.715,6285962.315
PE1365,E18,BJFV-85,1135,0,4,2025-10-21 22:07:06.350602,349759.715,6285962.315
PE1365,F05,SPZY-37,2930,16,22,2025-10-21 22:07:06.350603,349759.715,6285962.315
PE1365,F05,SPZY-56,3351,18,26,2025-10-21 22:07:06.350603,349759.715,6285962.315
PG351,301,BJFZ-83,1300,4,6,2025-10-21 22:07:08.217016,344725.25,6284429.27
PG351,301,BJFX-55,1450,4,6,2025-10-21 22:07:08.217021,344725.25,6284429.27
PG351,301C,BJFX-22,1662,0,5,2025-10-21 22:07:08.217022,344725.25,6284429.27
PJ508,508,FLXJ-43,2854,7,9,2025-10-21 22:07:11.876920,341325.124,6299968.104
PJ508,508,FLXX-84,8463,25,60,2025-10-21 22:07:11.876925,341325.124,6299968.104
PJ508,J03,FLXK-84,2331,6,8,2025-10-21 22:07:11.876926,341325.124,6299968.104
PJ508,J03,FLXV-56,7016,25,60,2025-10-21 22:07:11.876927,341325.124,6299968.104
PG1686,G01,THTD-99,2011,7,9,2025-10-21 22:07:13.482651,349410.125,6285157.186
PG1686,G01,THTH-36,3447,11,15,2025-10-21 22:07:13.482656,349410.125,6285157.186
PG1686,G15,THTD-45,3706,8,10,2025-10-21 22:07:13.482657,349410.125,6285157.186
PG1686,G15,THTD-61,7419,17,23,2025-10-21 22:07:13.482658,349410.125,6285157.186
PG1686,G18,SHXB-35,2851,8,12,2025-10-21 22:07:13.482659,349410.125,6285157.186
PG1686,G18,SDSW-63,3257,9,13,2025-10-21 22:07:13.482660,349410.125,6285157.186
PE838,329,CJRW-28,7823,19,27,2025-10-21 22:07:15.431249,349142.157,6290263.245
PE838,329,FLXR-23,9045,25,60,2025-10-21 22:07:15.431254,349142.157,6290263.245
PD1317,511,GCBF-35,9182,25,60,2025-10-21 22:07:17.318745,350011.862,6294915.322
PD1317,511,TBFW-87,9669,25,60,2025-10-21 22:07:17.318751,350011.862,6294915.322
PD1116,216,LZPG-14,152,0,3,2025-10-21 22:07:19.217848,353799.605,6298819.376
PD1116,216,LZPR-90,2743,7,9,2025-10-21 22:07:19.217854,353799.605,6298819.376
PD1116,286,SHXB-29,1210,0,3,2025-10-21 22:07:19.217855,353799.605,6298819.376
PD1116,286,SHXB-17,8071,16,24,2025-10-21 22:07:19.217856,353799.605,6298819.376
PD1116,712,SJPC-75,3153,8,10,2025-10-21 22:07:19.217857,353799.605,6298819.376
PD1116,712,SHCW-68,9096,17,25,2025-10-21 22:07:19.217857,353799.605,6298819.376
PD1444,107,PGBY-46,1982,7,9,2025-10-21 22:07:21.279689,352228.756,6291047.066
PD1444,107,PGPV-87,2790,8,10,2025-10-21 22:07:21.279694,352228.756,6291047.066
PD1444,108,PFVC-43,1886,0,5,2025-10-21 22:07:21.279695,352228.756,6291047.066
PD1444,108,PFYR-80,4363,10,14,2025-10-21 22:07:21.279696,352228.756,6291047.066
PD1444,E17,BJFT-73,810,0,4,2025-10-21 22:07:21.279697,352228.756,6291047.066
PD1444,102,SPZX-98,1769,0,4,2025-10-21 22:07:21.279698,352228.756,6291047.066
PD1444,102,SPZX-84,6348,10,14,2025-10-21 22:07:21.279699,352228.756,6291047.066
PI789,I21,FLXL-46,1057,0,4,2025-10-21 22:07:23.109127,335569.847,6289517.251
PH1539,385,FLXL-68,2879,8,10,2025-10-21 22:07:27.019670,349151.331,6292780.943
PH1539,385,FLXK-45,6838,18,26,2025-10-21 22:07:27.019675,349151.331,6292780.943
PB1077,B17,SHCX-53,4765,11,15,2025-10-21 22:07:28.887860,342498.184,6303554.904
PB1077,B17,SHCY-43,6982,15,21,2025-10-21 22:07:28.887865,342498.184,6303554.904
PH209,210,RWTP-80,842,0,4,2025-10-21 22:07:30.816834,349287.84,6294451.68
PH209,210,SXKV-90,2948,8,12,2025-10-21 22:07:30.816838,349287.84,6294451.68
PH209,210V,VFPD-41,379,0,3,2025-10-21 22:07:30.816840,349287.84,6294451.68
PH209,210V,VFPX-33,7248,16,22,2025-10-21 22:07:30.816840,349287.84,6294451.68
PH209,213E,SRVG-32,107,0,3,2025-10-21 22:07:30.816841,349287.84,6294451.68
PH209,213E,SRVK-42,3402,5,7,2025-10-21 22:07:30.816842,349287.84,6294451.68
PG943,G08,THTF-24,8827,25,60,2025-10-21 22:07:32.727008,344635.941,6282169.637
PG943,G39,SHCV-41,1888,0,4,2025-10-21 22:07:32.727014,344635.941,6282169.637
PG943,G39,SFPF-94,5527,12,16,2025-10-21 22:07:32.727015,344635.941,6282169.637
PG943,228,THTD-25,740,0,3,2025-10-21 22:07:32.727016,344635.941,6282169.637
PG943,228,THTF-25,795,0,3,2025-10-21 22:07:32.727017,344635.941,6282169.637
PJ527,507,FLXV-80,4514,13,19,2025-10-21 22:07:34.666422,337560.447,6299687.172
PJ527,518,GCBD-87,2090,9,13,2025-10-21 22:07:34.666428,337560.447,6299687.172
PJ527,J07,VHZV-71,347,0,3,2025-10-21 22:07:34.666430,337560.447,6299687.172
PJ527,J07E,VJBB-30,102,0,3,2025-10-21 22:07:34.666431,337560.447,6299687.172
PE260,226,VFPJ-61,2162,8,10,2025-10-21 22:07:38.651038,350046.582,6287064.295
PE260,226,VFPB-85,3458,12,16,2025-10-21 22:07:38.651044,350046.582,6287064.295
PE260,E18,BJFV-11,2370,7,9,2025-10-21 22:07:38.651045,350046.582,6287064.295
PE260,E18,BJFV-85,2408,7,9,2025-10-21 22:07:38.651046,350046.582,6287064.295
PE260,E01,VKJX-64,2058,8,10,2025-10-21 22:07:38.651047,350046.582,6287064.295
PE260,E12,VFJD-72,42,0,3,2025-10-21 22:07:38.651048,350046.582,6287064.295
PG1270,G15,THTF-26,4453,11,15,2025-10-21 22:07:40.564226,345246.149,6285304.696
PG1270,G15,THTF-62,5114,13,19,2025-10-21 22:07:40.564231,345246.149,6285304.696
PG1270,G16,SFPG-57,1815,5,7,2025-10-21 22:07:40.564233,345246.149,6285304.696
PG1270,G16,SFGY-13,6121,15,21,2025-10-21 22:07:40.564234,345246.149,6285304.696
PG1270,F20,SPZX-65,5338,12,18,2025-10-21 22:07:40.564235,345246.149,6285304.696
PG1270,F20,SHCY-61,15353,25,60,2025-10-21 22:07:40.564236,345246.149,6285304.696
PH745,H14,FLXR-25,3266,8,10,2025-10-21 22:07:42.453503,346752.8,6291102.8
PH745,H14,FLXR-26,6244,14,20,2025-10-21 22:07:42.453508,346752.8,6291102.8
PJ835,J07E,VJBB-60,5013,9,11,2025-10-21 22:07:44.306944,327724.115,6303986.709
PJ835,J07E,VJBB-30,21131,25,60,2025-10-21 22:07:44.306959,327724.115,6303986.709
PA633,113,FLXY-61,1981,6,8,2025-10-21 22:07:46.155441,346243.481,6295363.225
PA633,113,FLXW-92,2503,8,10,2025-10-21 22:07:46.155446,346243.481,6295363.225
PA633,115,TBFT-69,102,0,3,2025-10-21 22:07:46.155447,346243.481,6295363.225
PD1040,D09,STWW-40,4693,16,22,2025-10-21 22:07:48.054162,352638.374,6297541.79
PD1040,D09,SVDC-74,5931,20,28,2025-10-21 22:07:48.054167,352638.374,6297541.79
PB599,308,FLXH-38,4969,14,20,2025-10-21 22:07:50.016649,336835.689,6307196.736
PB599,308,FLXH-30,9874,25,60,2025-10-21 22:07:50.016654,336835.689,6307196.736
PB599,308C,VHTB-28,1072,6,8,2025-10-21 22:07:50.016655,336835.689,6307196.736
PB599,308C,TWPD-90,6291,25,60,2025-10-21 22:07:50.016656,336835.689,6307196.736
PB599,314,VHSX-79,842,10,14,2025-10-21 22:07:50.016656,336835.689,6307196.736
PB599,314,TWPC-87,3858,18,26,2025-10-21 22:07:50.016657,336835.689,6307196.736
PB599,B08,SHXF-19,3992,16,22,2025-10-21 22:07:50.016658,336835.689,6307196.736
PB599,B08,STHB-36,10973,25,60,2025-10-21 22:07:50.016659,336835.689,6307196.736
PB599,B11,SKDJ-14,1542,7,9,2025-10-21 22:07:50.016660,336835.689,6307196.736
PB599,B11,SKDG-96,8595,25,60,2025-10-21 22:07:50.016660,336835.689,6307196.736
PB599,B12,SPCG-81,3784,7,9,2025-10-21 22:07:50.016661,336835.689,6307196.736
PB599,B12,SHCV-81,4757,8,12,2025-10-21 22:07:50.016662,336835.689,6307196.736
PB233,308,FLXH-30,1384,0,5,2025-10-21 22:07:51.714502,343176.267,6305925.635
PB233,308,FLXH-96,1621,4,6,2025-10-21 22:07:51.714507,343176.267,6305925.635
PB233,201,GCBB-43,5801,14,20,2025-10-21 22:07:51.714509,343176.267,6305925.635
PB233,201,GCBB-52,5882,14,20,2025-10-21 22:07:51.714510,343176.267,6305925.635
PD316,513,VHXJ-70,113,0,3,2025-10-21 22:07:53.230102,352275.782,6297097.931
PD316,513,LZPH-33,2758,8,10,2025-10-21 22:07:53.230107,352275.782,6297097.931
PD316,227,VFPS-87,1062,0,3,2025-10-21 22:07:53.230108,352275.782,6297097.931
PD316,227,VFRF-15,4242,10,14,2025-10-21 22:07:53.230109,352275.782,6297097.931
PD316,514,CJRW-69,709,0,3,2025-10-21 22:07:53.230110,352275.782,6297097.931
PD316,514,PFXC-72,2755,9,11,2025-10-21 22:07:53.230110,352275.782,6297097.931
PD316,422,GCBC-96,503,0,3,2025-10-21 22:07:53.230111,352275.782,6297097.931
PD316,422,FLXV-89,4316,11,15,2025-10-21 22:07:53.230112,352275.782,6297097.931
PD316,D03,SVDF-80,2373,8,10,2025-10-21 22:07:53.230113,352275.782,6297097.931
PD316,D03,SVDC-30,7426,25,60,2025-10-21 22:07:53.230114,352275.782,6297097.931
PD316,403,PFTW-31,4407,9,13,2025-10-21 22:07:53.230114,352275.782,6297097.931
PD316,505,VJBB-50,3981,10,14,2025-10-21 22:07:53.230115,352275.782,6297097.931
PD316,505,VHZX-60,8113,25,60,2025-10-21 22:07:53.230116,352275.782,6297097.931
PJ710,502,BFKC-92,2732,6,8,2025-10-21 22:07:55.629721,335869.263,6301204.611
PJ710,502,BJFH-63,3376,8,10,2025-10-21 22:07:55.629727,335869.263,6301204.611
PJ710,511,FLXW-50,5742,13,19,2025-10-21 22:07:55.629728,335869.263,6301204.611
PJ710,511,TBFT-61,9968,25,60,2025-10-21 22:07:55.629729,335869.263,6301204.611
PJ710,J04,PFXB-65,4452,9,13,2025-10-21 22:07:55.629730,335869.263,6301204.611
PJ710,J04,TBFR-51,7777,19,27,2025-10-21 22:07:55.629731,335869.263,6301204.611
PJ710,J05,GCBC-67,453,0,3,2025-10-21 22:07:55.629732,335869.263,6301204.611
PJ710,J05,FLXG-23,1759,0,4,2025-10-21 22:07:55.629733,335869.263,6301204.611
PB346,B22,SKPS-48,744,0,3,2025-10-21 22:07:57.606703,346523.269,6304555.062
PB346,272,VFPC-10,1291,0,4,2025-10-21 22:07:57.606709,346523.269,6304555.062
PB346,272,VFPC-51,2238,5,7,2025-10-21 22:07:57.606710,346523.269,6304555.062
PB346,B01,LDJV-46,1728,5,7,2025-10-21 22:07:57.606711,346523.269,6304555.062
PB346,B01,TXZH-36,4220,13,17,2025-10-21 22:07:57.606712,346523.269,6304555.062
PE633,325,VFJD-79,555,0,3,2025-10-21 22:07:59.521317,350675.487,6285518.96
PD887,429,SLPB-71,982,16,22,2025-10-21 22:08:01.409276,354417.261,6294196.218
PD887,429,SHCX-56,5736,25,60,2025-10-21 22:08:01.409281,354417.261,6294196.218
PD887,D07,SVDF-73,90,0,3,2025-10-21 22:08:01.409283,354417.261,6294196.218
PD887,D07,SVDD-74,5123,14,20,2025-10-21 22:08:01.409284,354417.261,6294196.218
PD887,D10,SPBF-27,2563,7,9,2025-10-21 22:08:01.409285,354417.261,6294196.218
PD887,D10,SVDC-13,5853,15,21,2025-10-21 22:08:01.409286,354417.261,6294196.218
PE794,325,VFJD-79,1724,5,7,2025-10-21 22:08:02.792728,350919.47,6286319.105
PB1399,B21,SPCG-80,3133,12,16,2025-10-21 22:08:04.678502,346238.229,6303365.682
PC311,C09,SHCY-31,7682,25,60,2025-10-21 22:08:06.629931,357299.525,6301772.378
PC311,C09,SHXF-99,7706,25,60,2025-10-21 22:08:06.629936,357299.525,6301772.378
PC874,C16,LDTB-89,3111,5,7,2025-10-21 22:08:08.524615,359472.18,6308757.857
PC874,C13,SGPX-11,1930,5,7,2025-10-21 22:08:08.524621,359472.18,6308757.857
PC874,C13,SHXF-95,5797,14,20,2025-10-21 22:08:08.524622,359472.18,6308757.857
PA655,I18,VHTB-31,612,0,3,2025-10-21 22:08:12.775402,344347.83,6297276.31
PI874,I03,FLXF-15,824,0,3,2025-10-21 22:08:14.468822,335583.938,6289134.628
PI874,I03,FLXK-62,7689,17,23,2025-10-21 22:08:14.468828,335583.938,6289134.628
PB391,B03,SKHG-79,1,6,8,2025-10-21 22:08:15.885255,345211.538,6300703.816
PB391,B03,SKHG-92,3598,17,25,2025-10-21 22:08:15.885260,345211.538,6300703.816
PB391,B24,TXZK-38,3011,12,16,2025-10-21 22:08:15.885262,345211.538,6300703.816
PB391,B24,STHD-21,5296,25,60,2025-10-21 22:08:15.885263,345211.538,6300703.816
PB391,301,BJFV-28,3758,11,15,2025-10-21 22:08:15.885264,345211.538,6300703.816
PB391,301,BJFX-46,4314,12,18,2025-10-21 22:08:15.885265,345211.538,6300703.816
PH349,227,VGBV-41,1,0,3,2025-10-21 22:08:20.894826,343711.909,6291313.141
PH349,227,VFPH-66,2807,6,8,2025-10-21 22:08:20.894832,343711.909,6291313.141
PH349,H09,VGRB-93,6623,16,22,2025-10-21 22:08:20.894834,343711.909,6291313.141
PH349,121,CJRB-13,1658,0,5,2025-10-21 22:08:20.894835,343711.909,6291313.141
PH349,121,BJFW-51,6897,18,26,2025-10-21 22:08:20.894836,343711.909,6291313.141
PH349,H03,CJRW-46,2132,5,7,2025-10-21 22:08:20.894837,343711.909,6291313.141
PH349,H06,FLXD-73,3595,11,15,2025-10-21 22:08:20.894839,343711.909,6291313.141
PH349,H06,FLXD-64,6371,21,29,2025-10-21 22:08:20.894839,343711.909,6291313.141
PH349,H07,BJFS-87,2463,7,9,2025-10-21 22:08:20.894841,343711.909,6291313.141
PH349,H08,BJFS-91,1935,5,7,2025-10-21 22:08:20.894842,343711.909,6291313.141
PH349,348,VHSX-75,1048,0,4,2025-10-21 22:08:20.894843,343711.909,6291313.141
PD997,D08,SVDD-40,21,0,3,2025-10-21 22:08:22.870134,357455.429,6295878.152
PD997,D09,SVDD-49,1,0,3,2025-10-21 22:08:22.870139,357455.429,6295878.152
PD997,510,GCBF-26,3999,13,17,2025-10-21 22:08:22.870140,357455.429,6295878.152
PD997,510,GCBF-15,9272,25,60,2025-10-21 22:08:22.870141,357455.429,6295878.152
PG615,G28,FLXH-10,3387,11,15,2025-10-21 22:08:28.889739,347921.406,6283115.627
PG615,G28,BJFS-84,7049,25,60,2025-10-21 22:08:28.889744,347921.406,6283115.627
PG615,F06,FLXS-41,1908,6,8,2025-10-21 22:08:28.889746,347921.406,6283115.627
PG615,F06,SPZX-77,6293,25,60,2025-10-21 22:08:28.889746,347921.406,6283115.627
PG615,F20,SPZX-65,275,0,3,2025-10-21 22:08:28.889747,347921.406,6283115.627
PG615,F20,SHCY-61,10059,25,60,2025-10-21 22:08:28.889748,347921.406,6283115.627
PG102,203,LZPR-85,389,0,3,2025-10-21 22:08:30.855235,347376.889,6285357.821
PG102,203,SRTK-23,3764,9,13,2025-10-21 22:08:30.855241,347376.889,6285357.821
PG102,203C,LZPR-94,7790,15,21,2025-10-21 22:08:30.855242,347376.889,6285357.821
PG102,G11,THTD-49,3399,9,13,2025-10-21 22:08:30.855243,347376.889,6285357.821
PG102,G11,THTF-29,6955,18,26,2025-10-21 22:08:30.855243,347376.889,6285357.821
PG639,G13,SFPG-45,674,0,3,2025-10-21 22:08:32.724281,345563.495,6285810.92
PG639,G13,SDSW-72,5039,12,18,2025-10-21 22:08:32.724286,345563.495,6285810.92
PG639,G16,SFPG-31,888,0,3,2025-10-21 22:08:32.724288,345563.495,6285810.92
PG639,F06,FLXS-41,7661,21,29,2025-10-21 22:08:32.724288,345563.495,6285810.92
PG639,F06,SPZX-77,12037,25,60,2025-10-21 22:08:32.724289,345563.495,6285810.92
PD1634,D01,SVDD-55,723,0,4,2025-10-21 22:08:34.662668,355192.44,6297495.32
PD1634,D01,SVDF-57,2853,6,8,2025-10-21 22:08:34.662674,355192.44,6297495.32
PD1634,D02,SVDF-81,1279,0,3,2025-10-21 22:08:34.662675,355192.44,6297495.32
PD1634,D02,SVDD-39,6314,16,24,2025-10-21 22:08:34.662675,355192.44,6297495.32
PD1634,D15,SVDC-16,2390,6,8,2025-10-21 22:08:34.662676,355192.44,6297495.32
PD1634,D15,SVDD-43,8678,25,60,2025-10-21 22:08:34.662677,355192.44,6297495.32
PD1634,403,SKPK-25,1299,4,6,2025-10-21 22:08:34.662678,355192.44,6297495.32
PD1634,403,LXWP-61,5735,20,28,2025-10-21 22:08:34.662679,355192.44,6297495.32
PD1634,227,VGKY-12,733,0,3,2025-10-21 22:08:34.662680,355192.44,6297495.32
PD1634,227,VFPS-39,9162,25,60,2025-10-21 22:08:34.662680,355192.44,6297495.32
PD1634,422,TBFP-71,3413,8,10,2025-10-21 22:08:34.662681,355192.44,6297495.32
PD1634,422,TBFS-66,8577,25,60,2025-10-21 22:08:34.662682,355192.44,6297495.32
PB378,301,BJFS-61,341,0,3,2025-10-21 22:08:36.593714,344483.611,6301029.862
PB378,B03,LXDH-86,3682,9,13,2025-10-21 22:08:36.593719,344483.611,6301029.862
PB378,B03,LXDJ-20,4858,12,16,2025-10-21 22:08:36.593720,344483.611,6301029.862
PB378,B24,LDJW-29,6568,15,21,2025-10-21 22:08:36.593721,344483.611,6301029.862
PB378,B24,LDJW-30,6984,16,22,2025-10-21 22:08:36.593722,344483.611,6301029.862
PC568,505,LZPH-21,5919,15,21,2025-10-21 22:08:38.576116,349210.78,6297887.64
PC568,505,LXWS-31,8547,25,60,2025-10-21 22:08:38.576121,349210.78,6297887.64
PC568,508,FLXK-20,1830,5,7,2025-10-21 22:08:38.576122,349210.78,6297887.64
PC568,508,FLXW-63,10103,25,60,2025-10-21 22:08:38.576123,349210.78,6297887.64
PC568,514,FLXW-56,2140,7,9,2025-10-21 22:08:38.576123,349210.78,6297887.64
PC568,514,GCBC-98,5193,15,21,2025-10-21 22:08:38.576124,349210.78,6297887.64
PC568,514C,FLXH-83,1,0,3,2025-10-21 22:08:38.576125,349210.78,6297887.64
PD1419,D01,SVDD-59,3806,9,11,2025-10-21 22:08:40.111655,356988.958,6296800.446
PD1419,D01,SVDC-41,5071,12,16,2025-10-21 22:08:40.111660,356988.958,6296800.446
PD1419,D15,SVDF-67,1109,0,3,2025-10-21 22:08:40.111661,356988.958,6296800.446
PD1419,D15,SVDC-16,4965,10,14,2025-10-21 22:08:40.111662,356988.958,6296800.446
PD1419,412,PFTW-48,3913,9,13,2025-10-21 22:08:40.111663,356988.958,6296800.446
PD1419,412,PFVG-89,3926,9,13,2025-10-21 22:08:40.111664,356988.958,6296800.446
PC1046,401,PDZT-27,2821,8,10,2025-10-21 22:08:41.752874,357340.686,6300678.328
PC1046,504,GCBC-53,2109,17,25,2025-10-21 22:08:41.752879,357340.686,6300678.328
PE18,114,SKWD-47,2873,6,8,2025-10-21 22:08:43.457154,354569.657,6286638.455
PE18,114,SKWD-75,7565,18,26,2025-10-21 22:08:43.457159,354569.657,6286638.455
PE18,E04,VKJX-14,4870,15,21,2025-10-21 22:08:43.457160,354569.657,6286638.455
PE18,E04,VKJZ-42,5599,17,25,2025-10-21 22:08:43.457161,354569.657,6286638.455
PE18,E12,VFHX-21,3083,8,10,2025-10-21 22:08:43.457162,354569.657,6286638.455
PE18,E12,VFJP-53,4113,10,14,2025-10-21 22:08:43.457163,354569.657,6286638.455
PE18,102,LBTT-13,4941,12,16,2025-10-21 22:08:43.457164,354569.657,6286638.455
PE18,102,LBTS-88,8352,25,60,2025-10-21 22:08:43.457165,354569.657,6286638.455
PE18,124,LCTG-33,1,0,3,2025-10-21 22:08:43.457165,354569.657,6286638.455
PE18,124,SPZX-43,2917,8,10,2025-10-21 22:08:43.457166,354569.657,6286638.455
PE18,712,SHXG-95,2883,8,10,2025-10-21 22:08:43.457167,354569.657,6286638.455
PE18,712,SJPD-87,2905,8,10,2025-10-21 22:08:43.457168,354569.657,6286638.455
PE18,104,SKWD-28,4717,14,20,2025-10-21 22:08:43.457169,354569.657,6286638.455
PE18,104,SKVD-53,7530,25,60,2025-10-21 22:08:43.457170,354569.657,6286638.455
PA372,B27,FLXT-71,4404,12,18,2025-10-21 22:08:45.498709,347783.835,6298925.956
PA372,B27,FLXT-85,10091,25,60,2025-10-21 22:08:45.498714,347783.835,6298925.956
PA372,412,LXWP-87,745,4,6,2025-10-21 22:08:45.498715,347783.835,6298925.956
PA372,412,PFVG-96,1768,6,8,2025-10-21 22:08:45.498716,347783.835,6298925.956
PA372,418,SHXF-29,5577,10,14,2025-10-21 22:08:45.498717,347783.835,6298925.956
PA372,418,SKPK-62,15344,25,60,2025-10-21 22:08:45.498718,347783.835,6298925.956
PA372,405,PFBG-33,1635,4,6,2025-10-21 22:08:45.498719,347783.835,6298925.956
PA372,405,PFVK-64,2940,8,10,2025-10-21 22:08:45.498720,347783.835,6298925.956
PA372,406,TBFR-26,736,0,3,2025-10-21 22:08:45.498721,347783.835,6298925.956
PA372,406,PFXC-80,5318,11,15,2025-10-21 22:08:45.498721,347783.835,6298925.956
PA372,426,FLXD-27,2788,7,9,2025-10-21 22:08:45.498722,347783.835,6298925.956
PA372,426,BJFD-64,13626,25,60,2025-10-21 22:08:45.498723,347783.835,6298925.956
PG523,F03,FLXT-48,5531,9,13,2025-10-21 22:08:47.930967,343153.43,6281704.75
PG523,F03,SPVV-95,7277,11,15,2025-10-21 22:08:47.930972,343153.43,6281704.75
PG523,G14,GCWF-74,281,0,3,2025-10-21 22:08:47.930973,343153.43,6281704.75
PG523,G14,FZZF-82,2983,8,12,2025-10-21 22:08:47.930981,343153.43,6281704.75
PD138,117,PGBY-70,483,5,7,2025-10-21 22:08:49.966320,355047.742,6290936.772
PD138,106,PFYS-49,3241,9,11,2025-10-21 22:08:49.966326,355047.742,6290936.772
PD138,106,PGPS-89,5239,13,17,2025-10-21 22:08:49.966327,355047.742,6290936.772
PG618,206,SVPX-47,470,0,3,2025-10-21 22:08:51.892314,347566.238,6283266.508
PG618,206,LXWT-97,2991,8,10,2025-10-21 22:08:51.892320,347566.238,6283266.508
PG618,206C,LZPR-98,7,0,3,2025-10-21 22:08:51.892321,347566.238,6283266.508
PG618,G28,FLXH-10,3880,12,16,2025-10-21 22:08:51.892322,347566.238,6283266.508
PG618,G28,BJFS-84,7556,25,60,2025-10-21 22:08:51.892323,347566.238,6283266.508
PG618,F06,FLXS-41,2308,7,9,2025-10-21 22:08:51.892324,347566.238,6283266.508
PG618,F06,SPZX-77,6805,25,60,2025-10-21 22:08:51.892325,347566.238,6283266.508
PE639,E16,VFJP-79,769,0,3,2025-10-21 22:08:53.765960,351843.938,6284680.13
PE639,E16,VFKT-58,5145,16,22,2025-10-21 22:08:53.765965,351843.938,6284680.13
PG321,E18,BJFX-61,2449,12,16,2025-10-21 22:08:55.713755,345997.72,6286922.637
PG321,E18,BJFV-38,6307,25,60,2025-10-21 22:08:55.713760,345997.72,6286922.637
PG321,G13,SFPF-73,1,0,3,2025-10-21 22:08:55.713761,345997.72,6286922.637
PG321,228,THTG-99,4933,12,16,2025-10-21 22:08:55.713763,345997.72,6286922.637
PG321,228,THTF-25,7601,17,25,2025-10-21 22:08:55.713763,345997.72,6286922.637
PC422,C02,LCPW-40,1794,5,7,2025-10-21 22:08:57.729528,357025.503,6302805.316
PC422,C27,SGPW-54,5063,12,16,2025-10-21 22:08:57.729533,357025.503,6302805.316
PC422,421,PFVK-87,3623,7,9,2025-10-21 22:08:57.729534,357025.503,6302805.316
PG162,G08V,FLXV-16,1171,0,5,2025-10-21 22:08:59.681339,345919.63,6283840.535
PG162,G08V,FLXV-23,1618,5,7,2025-10-21 22:08:59.681344,345919.63,6283840.535
PG162,228,THTG-99,679,0,3,2025-10-21 22:08:59.681345,345919.63,6283840.535
PG162,228,THTF-25,3400,9,11,2025-10-21 22:08:59.681346,345919.63,6283840.535
PG162,G08,THTH-61,491,0,3,2025-10-21 22:08:59.681347,345919.63,6283840.535
PG162,G08,THTF-24,10881,25,60,2025-10-21 22:08:59.681348,345919.63,6283840.535
PD149,106,PFVH-98,2227,5,7,2025-10-21 22:09:01.637411,351700.481,6292272.881
PD149,224,VFPX-13,3867,10,14,2025-10-21 22:09:01.637417,351700.481,6292272.881
PD149,224,VFPJ-28,7721,18,26,2025-10-21 22:09:01.637418,351700.481,6292272.881
PD149,212,LZPT-62,1589,0,5,2025-10-21 22:09:01.637419,351700.481,6292272.881
PD149,212,LZPT-43,2253,6,8,2025-10-21 22:09:01.637420,351700.481,6292272.881
PD149,104,SKWD-66,3322,9,11,2025-10-21 22:09:01.637421,351700.481,6292272.881
PD149,104,SKWD-79,8353,18,26,2025-10-21 22:09:01.637421,351700.481,6292272.881
PD149,114,SKWD-84,1700,0,5,2025-10-21 22:09:01.637422,351700.481,6292272.881
PD149,114,SKWD-56,6906,15,21,2025-10-21 22:09:01.637423,351700.481,6292272.881
PC112,C07,SKPJ-75,3006,7,9,2025-10-21 22:09:06.552821,354086.76,6299834.325
PC112,C07,SPCG-62,8971,20,28,2025-10-21 22:09:06.552826,354086.76,6299834.325
PC112,D08,SVDD-50,1512,0,4,2025-10-21 22:09:06.552827,354086.76,6299834.325
PC112,D08,SVDC-65,4476,9,13,2025-10-21 22:09:06.552828,354086.76,6299834.325
PC112,216,LZPT-76,731,0,3,2025-10-21 22:09:06.552829,354086.76,6299834.325
PC112,216,LXWT-99,4606,13,19,2025-10-21 22:09:06.552830,354086.76,6299834.325
PC112,504,GCBD-64,1319,0,3,2025-10-21 22:09:06.552831,354086.76,6299834.325
PC112,504,GCBC-53,6292,25,60,2025-10-21 22:09:06.552831,354086.76,6299834.325
PC112,518,FLXS-67,1837,5,7,2025-10-21 22:09:06.552833,354086.76,6299834.325
PC112,C05,LDTB-91,3039,5,7,2025-10-21 22:09:06.552834,354086.76,6299834.325
PC112,C05,LDTB-90,9143,16,22,2025-10-21 22:09:06.552834,354086.76,6299834.325
PB304,208,SRTG-97,2774,9,13,2025-10-21 22:09:08.463009,347224.59,6303903.77
PB304,C18,SHCX-30,3552,8,10,2025-10-21 22:09:08.463018,347224.59,6303903.77
PB304,C18,SHXD-87,9914,25,60,2025-10-21 22:09:08.463021,347224.59,6303903.77
PB304,B35,SLLZ-43,7210,17,25,2025-10-21 22:09:08.463023,347224.59,6303903.77
PJ1559,J17,FLXZ-86,722,0,3,2025-10-21 22:09:10.336686,334489.63,6297509.48
PJ1559,J17,FLXG-34,7252,17,25,2025-10-21 22:09:10.336691,334489.63,6297509.48
PJ245,J08,FLXT-98,4673,9,13,2025-10-21 22:09:13.488076,338852.808,6296176.257
PJ245,424,PFXB-62,2541,5,7,2025-10-21 22:09:13.488082,338852.808,6296176.257
PJ245,424,GCBC-81,6480,13,19,2025-10-21 22:09:13.488083,338852.808,6296176.257
PD568,514,PFXC-83,4597,13,19,2025-10-21 22:09:15.224879,352980.448,6295263.184
PD568,514,FLXW-56,8318,25,60,2025-10-21 22:09:15.224884,352980.448,6295263.184
PD568,514C,FLXH-83,5877,17,23,2025-10-21 22:09:15.224886,352980.448,6295263.184
PB2109,B13,LDJW-36,1,0,3,2025-10-21 22:09:16.833730,335478.0,6311084.0
PB2109,B13,STHP-52,1,0,3,2025-10-21 22:09:16.833736,335478.0,6311084.0
PC59,C22,SHCV-72,778,0,3,2025-10-21 22:09:18.849523,352422.231,6302315.848
PC59,425,SHCY-20,1703,5,7,2025-10-21 22:09:18.849529,352422.231,6302315.848
PC59,425,SJPB-24,5583,13,19,2025-10-21 22:09:18.849530,352422.231,6302315.848
PC59,286,SCRZ-34,1423,0,4,2025-10-21 22:09:18.849531,352422.231,6302315.848
PC59,286,SHXB-29,4571,8,12,2025-10-21 22:09:18.849532,352422.231,6302315.848
PC59,722,STHR-18,2789,6,8,2025-10-21 22:09:18.849533,352422.231,6302315.848
PC59,712,SJPF-90,571,0,3,2025-10-21 22:09:18.849534,352422.231,6302315.848
PC59,712,SHCW-65,2208,6,8,2025-10-21 22:09:18.849535,352422.231,6302315.848
PC59,C11,SHCV-69,130,0,3,2025-10-21 22:09:18.849537,352422.231,6302315.848
PH62,H09,VGRB-93,7832,18,26,2025-10-21 22:09:20.820632,342867.451,6290715.318
PH62,121,CJRB-13,2765,8,10,2025-10-21 22:09:20.820637,342867.451,6290715.318
PH62,121,BJFW-51,8027,25,60,2025-10-21 22:09:20.820638,342867.451,6290715.318
PH62,125,FLXG-66,7375,20,28,2025-10-21 22:09:20.820639,342867.451,6290715.318
PH62,125,BJFW-38,12464,25,60,2025-10-21 22:09:20.820640,342867.451,6290715.318
PH62,H03,BJFS-53,1,0,3,2025-10-21 22:09:20.820641,342867.451,6290715.318
PH62,H03,CJRW-46,3946,10,14,2025-10-21 22:09:20.820642,342867.451,6290715.318
PH62,345,FLXF-98,2345,5,7,2025-10-21 22:09:20.820642,342867.451,6290715.318
PH62,345,FLXF-31,3449,8,10,2025-10-21 22:09:20.820643,342867.451,6290715.318
PH62,105,SHXD-76,2968,8,10,2025-10-21 22:09:20.820644,342867.451,6290715.318
PH62,105,SJPC-56,9767,25,60,2025-10-21 22:09:20.820645,342867.451,6290715.318
PH62,120,SKHG-14,2905,8,10,2025-10-21 22:09:20.820646,342867.451,6290715.318
PH62,120,LFGW-21,6209,15,21,2025-10-21 22:09:20.820646,342867.451,6290715.318
PB1955,B25,FLXS-47,1619,0,5,2025-10-21 22:09:22.330674,345930.828,6301380.714
PB1955,B26,FLXP-71,99,0,3,2025-10-21 22:09:22.330679,345930.828,6301380.714
PB1955,B26,FLXP-75,4517,11,15,2025-10-21 22:09:22.330680,345930.828,6301380.714
PB1955,B02,FLXR-74,3185,25,60,2025-10-21 22:09:22.330681,345930.828,6301380.714
PB1955,B02,FLXR-75,7764,25,60,2025-10-21 22:09:22.330682,345930.828,6301380.714
PB1955,B27,FLXT-71,1,0,3,2025-10-21 22:09:22.330683,345930.828,6301380.714
PB1955,B27,FLXT-85,5577,14,20,2025-10-21 22:09:22.330684,345930.828,6301380.714
PB1955,201,GCBB-56,2282,0,5,2025-10-21 22:09:22.330684,345930.828,6301380.714
PB1955,201,GCBB-37,6096,12,16,2025-10-21 22:09:22.330685,345930.828,6301380.714
PB1955,230,GCBB-72,1773,0,5,2025-10-21 22:09:22.330686,345930.828,6301380.714
PB1955,230,GCBB-28,6180,15,21,2025-10-21 22:09:22.330687,345930.828,6301380.714
PB1955,B41,GCBB-19,3641,9,13,2025-10-21 22:09:22.330688,345930.828,6301380.714
PB1955,B41,GCBB-83,6512,17,23,2025-10-21 22:09:22.330688,345930.828,6301380.714
PB1955,308,FLXT-22,3456,7,9,2025-10-21 22:09:22.330689,345930.828,6301380.714
PB1955,308,FLXT-16,10383,15,21,2025-10-21 22:09:22.330690,345930.828,6301380.714
PF758,213E,SRVG-32,11098,25,60,2025-10-21 22:09:24.239872,353139.931,6283725.514
PF758,213E,SRVK-42,14342,25,60,2025-10-21 22:09:24.239878,353139.931,6283725.514
PF758,F13,SRPK-24,1072,5,7,2025-10-21 22:09:24.239879,353139.931,6283725.514
PF758,F13,SRSC-18,3405,13,17,2025-10-21 22:09:24.239880,353139.931,6283725.514
PF758,210,LZRD-74,1,0,3,2025-10-21 22:09:24.239881,353139.931,6283725.514
PF758,210,LZRD-66,770,0,3,2025-10-21 22:09:24.239881,353139.931,6283725.514
PF758,F15,SRVL-11,111,0,3,2025-10-21 22:09:24.239882,353139.931,6283725.514
PJ885,412,PFZK-91,6271,16,22,2025-10-21 22:09:26.134352,339876.647,6297045.838
PJ885,412,PFTW-35,7354,20,28,2025-10-21 22:09:26.134358,339876.647,6297045.838
PJ885,514,FLXC-47,720,0,3,2025-10-21 22:09:26.134359,339876.647,6297045.838
PJ885,514,FLXX-95,8984,25,60,2025-10-21 22:09:26.134360,339876.647,6297045.838
PC306,503,VGVB-14,680,0,3,2025-10-21 22:09:28.269297,357545.903,6301457.314
PC306,503,VHLY-37,4167,10,14,2025-10-21 22:09:28.269302,357545.903,6301457.314
PC306,407,GCBD-74,216,0,3,2025-10-21 22:09:28.269303,357545.903,6301457.314
PC306,407,GCBF-25,4593,10,14,2025-10-21 22:09:28.269304,357545.903,6301457.314
PC306,722,STHJ-98,920,0,3,2025-10-21 22:09:28.269305,357545.903,6301457.314
PC306,722,HYFL-60,11503,25,60,2025-10-21 22:09:28.269306,357545.903,6301457.314
PC306,C06,LWTK-58,1815,4,6,2025-10-21 22:09:28.269306,357545.903,6301457.314
PC306,C06,LDTB-40,3668,9,13,2025-10-21 22:09:28.269307,357545.903,6301457.314
PC306,C09,SGPY-62,1893,4,6,2025-10-21 22:09:28.269308,357545.903,6301457.314
PC306,C09,SHXF-99,11126,25,60,2025-10-21 22:09:28.269309,357545.903,6301457.314
PC306,C37,SHXG-37,2983,7,9,2025-10-21 22:09:28.269310,357545.903,6301457.314
PC306,401,PFTV-91,915,0,3,2025-10-21 22:09:28.269310,357545.903,6301457.314
PC306,401,PFVK-63,9825,25,60,2025-10-21 22:09:28.269311,357545.903,6301457.314
PC341,502,TBFR-59,4532,9,13,2025-10-21 22:09:30.159098,349807.29,6301094.79
PC341,502,TBFX-32,8390,17,25,2025-10-21 22:09:30.159103,349807.29,6301094.79
PC341,542,TBFW-75,8397,16,22,2025-10-21 22:09:30.159104,349807.29,6301094.79
PC341,409,SKVD-95,9372,13,17,2025-10-21 22:09:30.159105,349807.29,6301094.79
PC341,411,SPBS-59,4484,0,5,2025-10-21 22:09:30.159106,349807.29,6301094.79
PC341,411,PFYC-24,11943,19,27,2025-10-21 22:09:30.159107,349807.29,6301094.79
PC341,117,PGLD-54,3900,8,10,2025-10-21 22:09:30.159107,349807.29,6301094.79
PC341,117,PGRZ-88,9175,25,60,2025-10-21 22:09:30.159108,349807.29,6301094.79
PJ123,406,TBFX-44,45,0,3,2025-10-21 22:09:32.231336,337809.777,6298042.43
PJ123,407,VJBC-90,525,0,3,2025-10-21 22:09:32.231342,337809.777,6298042.43
PJ123,407,VHZY-81,20284,25,60,2025-10-21 22:09:32.231344,337809.777,6298042.43
PJ123,422,FLXV-73,546,0,3,2025-10-21 22:09:32.231345,337809.777,6298042.43
PJ123,426,BJFD-64,899,0,3,2025-10-21 22:09:32.231346,337809.777,6298042.43
PJ123,402,PFVH-11,1443,0,3,2025-10-21 22:09:32.231347,337809.777,6298042.43
PJ123,J07,VJBC-90,525,0,3,2025-10-21 22:09:32.231348,337809.777,6298042.43
PJ123,J07,VHZY-81,20284,25,60,2025-10-21 22:09:32.231349,337809.777,6298042.43
PJ123,J15C,TBFW-82,361,0,3,2025-10-21 22:09:32.231350,337809.777,6298042.43
PJ123,J07E,VHZX-11,4084,8,10,2025-10-21 22:09:32.231352,337809.777,6298042.43
PJ123,J07E,VHZX-90,15861,25,60,2025-10-21 22:09:32.231353,337809.777,6298042.43
PJ123,511,TBFT-35,1,0,3,2025-10-21 22:09:32.231354,337809.777,6298042.43
PJ123,J20,GCBC-65,2290,4,6,2025-10-21 22:09:32.231355,337809.777,6298042.43
PJ123,J20,FLXD-51,4074,10,14,2025-10-21 22:09:32.231356,337809.777,6298042.43
PD337,513,VJJR-46,180,0,3,2025-10-21 22:09:34.211494,351419.895,6297135.426
PD337,513,VJBC-40,5299,12,18,2025-10-21 22:09:34.211499,351419.895,6297135.426
PD337,227,VFPS-39,4883,12,18,2025-10-21 22:09:34.211501,351419.895,6297135.426
PD337,227,VFHK-89,7740,18,26,2025-10-21 22:09:34.211502,351419.895,6297135.426
PD337,514,PFXC-83,811,0,4,2025-10-21 22:09:34.211503,351419.895,6297135.426
PD337,514,FLXW-56,4515,12,18,2025-10-21 22:09:34.211504,351419.895,6297135.426
PD337,514C,FLXH-83,2179,7,9,2025-10-21 22:09:34.211505,351419.895,6297135.426
PD337,422,TBFS-66,4083,11,15,2025-10-21 22:09:34.211506,351419.895,6297135.426
PD337,422,GCBC-43,12303,25,60,2025-10-21 22:09:34.211507,351419.895,6297135.426
PD337,D03,SVDC-51,3790,12,16,2025-10-21 22:09:34.211508,351419.895,6297135.426
PD337,D03,SVDD-70,5446,16,24,2025-10-21 22:09:34.211509,351419.895,6297135.426
PD337,403,LXWP-61,1402,6,8,2025-10-21 22:09:34.211510,351419.895,6297135.426
PD337,403,PFTW-32,6460,19,27,2025-10-21 22:09:34.211511,351419.895,6297135.426
PD337,505,VHZZ-71,913,0,4,2025-10-21 22:09:34.211512,351419.895,6297135.426
PD337,505,LZPH-21,8339,25,60,2025-10-21 22:09:34.211513,351419.895,6297135.426
PI1471,I21,FLXF-81,1815,4,6,2025-10-21 22:09:36.077580,333348.334,6289365.17
PI1836,113,FLXX-67,2032,0,5,2025-10-21 22:09:37.994134,337424.3,6289218.3
PI1836,113,FLXY-64,6032,11,15,2025-10-21 22:09:37.994140,337424.3,6289218.3
PI1836,I12,FLXY-35,5583,12,18,2025-10-21 22:09:37.994141,337424.3,6289218.3
PI1836,I12,FLXY-28,11844,25,60,2025-10-21 22:09:37.994142,337424.3,6289218.3
PI1836,115,TBFW-88,5354,8,12,2025-10-21 22:09:37.994143,337424.3,6289218.3
PI1924,I35,SDSW-82,2310,7,9,2025-10-21 22:09:39.885727,330978.0,6284139.0
PI1924,I35,SFPF-88,4584,12,18,2025-10-21 22:09:39.885733,330978.0,6284139.0
PB1161,B11,SKDJ-90,1493,0,4,2025-10-21 22:09:41.781005,343279.474,6306597.894
PB1419,B14,FLXT-51,6324,14,20,2025-10-21 22:09:43.693889,348788.17,6303515.251
PB1419,B14,FLXT-53,9783,25,60,2025-10-21 22:09:43.693895,348788.17,6303515.251
PB869,B04,SKPH-71,1218,0,5,2025-10-21 22:09:45.559522,345596.428,6300175.688
PB869,B04,SHXF-21,3894,15,21,2025-10-21 22:09:45.559527,345596.428,6300175.688
PI1474,I21,FLXL-46,2298,6,8,2025-10-21 22:09:47.417273,333643.626,6289395.566
PC181,C01,LDJJ-82,4109,8,10,2025-10-21 22:09:51.550672,353264.16,6301938.55
PC181,C01,LDJJ-83,5399,10,14,2025-10-21 22:09:51.550677,353264.16,6301938.55
PC181,C01C,SPBG-27,802,0,4,2025-10-21 22:09:51.550678,353264.16,6301938.55
PC181,C01C,PGPV-74,3083,7,9,2025-10-21 22:09:51.550679,353264.16,6301938.55
PC181,430,PGBY-74,6181,13,19,2025-10-21 22:09:51.550680,353264.16,6301938.55
PC181,430,SHXG-39,8260,17,25,2025-10-21 22:09:51.550680,353264.16,6301938.55
PC181,421,PDYH-96,1554,0,5,2025-10-21 22:09:51.550681,353264.16,6301938.55
PC181,421,PFVK-87,7316,17,23,2025-10-21 22:09:51.550682,353264.16,6301938.55
PC181,407,FLXV-91,3165,9,11,2025-10-21 22:09:51.550683,353264.16,6301938.55
PC181,426,BJFJ-25,541,0,3,2025-10-21 22:09:51.550684,353264.16,6301938.55
PC181,426,FDJX-81,4080,9,13,2025-10-21 22:09:51.550685,353264.16,6301938.55
PC181,C02,LCPW-48,1436,0,5,2025-10-21 22:09:51.550685,353264.16,6301938.55
PC181,C02,LCPW-40,5702,13,19,2025-10-21 22:09:51.550686,353264.16,6301938.55
PC181,C14,SKPL-25,703,0,3,2025-10-21 22:09:51.550687,353264.16,6301938.55
PC181,C14,SLYB-60,10287,19,27,2025-10-21 22:09:51.550688,353264.16,6301938.55
PC181,C19,SHCV-73,4040,9,13,2025-10-21 22:09:51.550689,353264.16,6301938.55
PC181,C19,SGPY-93,9127,20,28,2025-10-21 22:09:51.550690,353264.16,6301938.55
PC181,C28,SGPY-70,1826,4,6,2025-10-21 22:09:51.550691,353264.16,6301938.55
PC181,C28,SGPY-67,7521,14,20,2025-10-21 22:09:51.550691,353264.16,6301938.55
PC181,401,PFTV-92,1673,4,6,2025-10-21 22:09:51.550692,353264.16,6301938.55
PC181,401,PFYH-21,4044,11,15,2025-10-21 22:09:51.550693,353264.16,6301938.55
PC181,406,TBFW-93,1269,0,5,2025-10-21 22:09:51.550694,353264.16,6301938.55
PC181,406,TBFR-79,6264,14,20,2025-10-21 22:09:51.550695,353264.16,6301938.55
PF512,F03,SPVW-74,5710,14,20,2025-10-21 22:09:53.511377,353937.333,6280067.85
PF512,F03,SPVW-76,10095,25,60,2025-10-21 22:09:53.511382,353937.333,6280067.85
PF512,F10,SRSC-81,3952,10,14,2025-10-21 22:09:53.511383,353937.333,6280067.85
PF512,F13,SRSC-51,471,0,3,2025-10-21 22:09:53.511384,353937.333,6280067.85
PF512,F13,SRRZ-45,1659,6,8,2025-10-21 22:09:53.511385,353937.333,6280067.85
PF512,F03C,SHXD-84,4019,12,16,2025-10-21 22:09:53.511386,353937.333,6280067.85
PF512,F03C,SHXG-86,9029,25,60,2025-10-21 22:09:53.511387,353937.333,6280067.85
PF512,712,SHCW-72,3369,9,13,2025-10-21 22:09:53.511387,353937.333,6280067.85
PI695,481,PGPT-31,1615,4,6,2025-10-21 22:09:55.487878,338814.831,6291517.66
PI695,481,PFVC-50,2445,6,8,2025-10-21 22:09:55.487883,338814.831,6291517.66
PI695,I18,VHSY-41,350,0,3,2025-10-21 22:09:55.487884,338814.831,6291517.66
PI695,I18,FLXZ-46,4041,13,19,2025-10-21 22:09:55.487885,338814.831,6291517.66
PI695,101,PGPT-56,3545,8,10,2025-10-21 22:09:55.487886,338814.831,6291517.66
PI695,101,PGPT-53,4961,11,15,2025-10-21 22:09:55.487887,338814.831,6291517.66
PB678,B01,TXZH-36,1836,5,7,2025-10-21 22:09:57.406984,348014.23,6303966.738
PB678,272,VFPC-51,1,0,3,2025-10-21 22:09:57.406989,348014.23,6303966.738
PB678,272,VFHT-80,2418,8,10,2025-10-21 22:09:57.406990,348014.23,6303966.738
PI1308,I25,FLXK-52,819,0,3,2025-10-21 22:09:59.250096,340995.91,6293034.54
PI1308,I18,FLXZ-41,7725,17,25,2025-10-21 22:09:59.250102,340995.91,6293034.54
PI1419,101,PGPT-21,2762,5,7,2025-10-21 22:10:01.203399,339816.756,6294045.132
PI1419,481,PFVJ-24,190,0,3,2025-10-21 22:10:01.203404,339816.756,6294045.132
PI1419,481,PGPT-40,5605,13,19,2025-10-21 22:10:01.203405,339816.756,6294045.132
PI1419,I04,FLXY-36,1468,0,4,2025-10-21 22:10:01.203406,339816.756,6294045.132
PI1419,I04,FLXF-89,6330,15,21,2025-10-21 22:10:01.203407,339816.756,6294045.132
PI1419,I14,CJRX-54,6113,12,16,2025-10-21 22:10:01.203408,339816.756,6294045.132
PB128,425,SHCX-55,5551,9,13,2025-10-21 22:10:03.162027,347356.17,6305027.802
PB128,425,SGPY-83,11722,25,60,2025-10-21 22:10:03.162032,347356.17,6305027.802
PB128,429,SLPC-14,7347,12,16,2025-10-21 22:10:03.162033,347356.17,6305027.802
PB128,429,SJPC-72,12060,25,60,2025-10-21 22:10:03.162034,347356.17,6305027.802
PB128,430,SJPC-22,7275,13,19,2025-10-21 22:10:03.162035,347356.17,6305027.802
PB128,435,SJPF-94,5441,8,10,2025-10-21 22:10:03.162035,347356.17,6305027.802
PB128,435,SLLZ-26,11154,18,26,2025-10-21 22:10:03.162036,347356.17,6305027.802
PF285,F05,SPZY-18,165,0,3,2025-10-21 22:10:05.045294,355599.955,6283349.749
PF285,124,LBTS-89,4987,16,22,2025-10-21 22:10:05.045300,355599.955,6283349.749
PF285,124,TXZH-44,8946,25,60,2025-10-21 22:10:05.045302,355599.955,6283349.749
PF285,F14,SPRW-12,3401,9,11,2025-10-21 22:10:05.045303,355599.955,6283349.749
PJ441,505,VJBB-51,2999,8,10,2025-10-21 22:10:07.038586,338820.773,6301486.85
PJ441,513,LZPH-26,1932,0,5,2025-10-21 22:10:07.038591,338820.773,6301486.85
PH155,203,LXWT-91,3081,4,6,2025-10-21 22:10:08.978656,347700.52,6292398.963
PH155,203,LZPT-52,9823,19,27,2025-10-21 22:10:08.978660,347700.52,6292398.963
PH155,206,GCBC-31,2869,0,5,2025-10-21 22:10:08.978662,347700.52,6292398.963
PH155,206,SRTK-46,9451,15,21,2025-10-21 22:10:08.978662,347700.52,6292398.963
PH155,206C,SDGY-12,1949,0,3,2025-10-21 22:10:08.978663,347700.52,6292398.963
PB1257,B43,SJPB-34,1449,0,5,2025-10-21 22:10:10.873257,340052.19,6306975.953
PB1257,B43,SJPC-15,5980,17,25,2025-10-21 22:10:10.873262,340052.19,6306975.953
PJ263,J05,TBFX-42,2814,6,8,2025-10-21 22:10:14.841740,337715.425,6301059.296
PJ263,J05,FLXG-23,4077,8,12,2025-10-21 22:10:14.841745,337715.425,6301059.296
PJ263,J13,TBFP-88,1404,4,6,2025-10-21 22:10:14.841746,337715.425,6301059.296
PI1613,I04,FLXK-98,2567,4,6,2025-10-21 22:10:16.219713,342129.309,6295111.122
PI1613,I04,FLXY-36,4901,10,14,2025-10-21 22:10:16.219718,342129.309,6295111.122
PB1269,B14,HPFJ-99,5725,17,25,2025-10-21 22:10:18.114713,347139.832,6302541.937
PB1269,B21,SKDF-92,4163,20,28,2025-10-21 22:10:18.114718,347139.832,6302541.937
PB1269,B21,SKDH-63,6481,25,60,2025-10-21 22:10:18.114719,347139.832,6302541.937
PB314,208,SRTH-19,1,0,3,2025-10-21 22:10:20.213910,347076.91,6300759.67
PB314,208,SRTK-20,1,0,3,2025-10-21 22:10:20.213914,347076.91,6300759.67
PH265,302,BJFW-25,2126,0,5,2025-10-21 22:10:23.524719,345549.14,6292921.14
PF643,F29,SPVW-61,3429,8,10,2025-10-21 22:10:25.463213,353421.437,6280366.154
PF643,F29,SPVT-79,2645,8,10,2025-10-21 22:10:25.463218,353421.437,6280366.154
PF643,F15,LBTT-21,3522,9,13,2025-10-21 22:10:25.463219,353421.437,6280366.154
PF643,F15,SRVJ-55,3787,9,13,2025-10-21 22:10:25.463220,353421.437,6280366.154
PF643,F25,SRVG-25,1968,5,7,2025-10-21 22:10:25.463221,353421.437,6280366.154
PF643,F25,LBTS-95,5075,11,15,2025-10-21 22:10:25.463222,353421.437,6280366.154
PG1266,302,BJFT-90,710,0,3,2025-10-21 22:10:29.338272,346234.804,6285137.54
PG1266,302,BJFW-58,1087,0,4,2025-10-21 22:10:29.338277,346234.804,6285137.54
PG1266,G15,THTF-26,2452,6,8,2025-10-21 22:10:29.338278,346234.804,6285137.54
PG1266,G15,THTF-62,3268,8,10,2025-10-21 22:10:29.338279,346234.804,6285137.54
PB1281,B14,FLXT-51,2071,5,7,2025-10-21 22:10:31.209373,346611.439,6302643.926
PB1281,B14,FLXT-53,5773,14,20,2025-10-21 22:10:31.209379,346611.439,6302643.926
PB1281,B21,SPCG-80,343,0,3,2025-10-21 22:10:31.209380,346611.439,6302643.926
PF488,F10,SRPK-75,1336,0,4,2025-10-21 22:10:33.162197,354264.191,6283696.374
PF488,F25,LBTS-92,362,0,3,2025-10-21 22:10:33.162203,354264.191,6283696.374
PF488,F25,TXZH-41,1014,0,3,2025-10-21 22:10:33.162204,354264.191,6283696.374
PD943,D07,SVDD-73,945,0,3,2025-10-21 22:10:35.089308,350720.544,6294678.533
PD943,D07,STRX-26,1288,0,4,2025-10-21 22:10:35.089313,350720.544,6294678.533
PI342,J13,TBFT-86,4163,10,14,2025-10-21 22:10:37.118064,343763.69,6297361.06
PI342,J13,TBFP-72,7558,19,27,2025-10-21 22:10:37.118069,343763.69,6297361.06
PI342,424,FLXV-50,1462,0,5,2025-10-21 22:10:37.118070,343763.69,6297361.06
PI342,424,TBFS-34,8731,20,28,2025-10-21 22:10:37.118071,343763.69,6297361.06
PI342,106,PFYS-98,1388,0,5,2025-10-21 22:10:37.118072,343763.69,6297361.06
PI342,106,PFVD-58,8258,16,22,2025-10-21 22:10:37.118073,343763.69,6297361.06
PI342,419,PFBF-98,3588,7,9,2025-10-21 22:10:37.118074,343763.69,6297361.06
PI342,419,PFYG-91,12145,25,60,2025-10-21 22:10:37.118074,343763.69,6297361.06
PI342,423,PFYR-77,7359,13,17,2025-10-21 22:10:37.118075,343763.69,6297361.06
PI342,423,PGPT-46,11586,25,60,2025-10-21 22:10:37.118076,343763.69,6297361.06
PI342,510,GCBC-89,2142,5,7,2025-10-21 22:10:37.118077,343763.69,6297361.06
PI342,510,GCBF-37,7629,16,24,2025-10-21 22:10:37.118078,343763.69,6297361.06
PI342,404,PFYC-20,1374,0,3,2025-10-21 22:10:37.118079,343763.69,6297361.06
PI342,404,PFTW-25,8733,13,19,2025-10-21 22:10:37.118079,343763.69,6297361.06
PI342,481,PFVD-63,2211,5,7,2025-10-21 22:10:37.118080,343763.69,6297361.06
PI342,481,PFVJ-24,5888,13,19,2025-10-21 22:10:37.118081,343763.69,6297361.06
PI342,I16,FLXF-21,1299,0,3,2025-10-21 22:10:37.118082,343763.69,6297361.06
PI342,I16,FLXL-69,4538,11,15,2025-10-21 22:10:37.118082,343763.69,6297361.06
PE433,E03,BJFW-44,324,0,3,2025-10-21 22:10:38.963721,347850.61,6289003.167
PE433,E03,BJFX-65,2991,8,10,2025-10-21 22:10:38.963725,347850.61,6289003.167
PG584,G28,BJFW-20,4657,12,16,2025-10-21 22:10:40.888165,346912.159,6283332.423
PG584,G28,BJFW-87,5926,14,20,2025-10-21 22:10:40.888170,346912.159,6283332.423
PG584,F06,SPZY-66,3987,11,15,2025-10-21 22:10:40.888171,346912.159,6283332.423
PG584,F06,SPZX-62,4529,12,18,2025-10-21 22:10:40.888171,346912.159,6283332.423
PJ301,502,TBFT-46,2464,5,7,2025-10-21 22:10:42.802502,340066.475,6300680.455
PJ301,502,TBFV-10,10103,25,60,2025-10-21 22:10:42.802506,340066.475,6300680.455
PJ301,J05,BJFD-46,702,0,4,2025-10-21 22:10:42.802508,340066.475,6300680.455
PJ301,J05,GCBF-12,1325,0,5,2025-10-21 22:10:42.802508,340066.475,6300680.455
PJ301,542,TBFT-44,8432,25,60,2025-10-21 22:10:42.802509,340066.475,6300680.455
PJ301,542,TBFT-57,10256,25,60,2025-10-21 22:10:42.802510,340066.475,6300680.455
PE1505,D26,PGBY-68,863,4,6,2025-10-21 22:10:44.687024,356622.529,6290679.482
PE1505,D26,SPBL-67,5127,17,23,2025-10-21 22:10:44.687028,356622.529,6290679.482
PI194,348,VHSY-31,42,0,3,2025-10-21 22:10:46.651159,333681.991,6290359.157
PE1286,107,PFZK-82,815,0,4,2025-10-21 22:10:48.718761,354074.203,6290920.604
PE1286,107,PGRZ-91,1433,0,5,2025-10-21 22:10:48.718770,354074.203,6290920.604
PE1286,117,SPBL-88,5203,15,21,2025-10-21 22:10:48.718771,354074.203,6290920.604
PE1286,117,PFYC-21,5967,17,23,2025-10-21 22:10:48.718772,354074.203,6290920.604
PE1286,D26,SPBL-67,2027,9,11,2025-10-21 22:10:48.718773,354074.203,6290920.604
PJ1787,J07,VHZY-81,4693,9,11,2025-10-21 22:10:50.612187,328042.362,6301755.23
PJ1787,J07,VHXJ-44,13574,25,60,2025-10-21 22:10:50.612192,328042.362,6301755.23
PJ292,502,TBFT-46,53,0,3,2025-10-21 22:10:52.516774,342664.77,6300120.661
PJ292,502,TBFV-10,7352,17,25,2025-10-21 22:10:52.516778,342664.77,6300120.661
PJ292,J05,TBFP-85,4306,13,17,2025-10-21 22:10:52.516780,342664.77,6300120.661
PJ292,J05,TBFP-56,9636,25,60,2025-10-21 22:10:52.516781,342664.77,6300120.661
PJ292,542,TBFT-44,5996,25,60,2025-10-21 22:10:52.516782,342664.77,6300120.661
PJ292,542,TBFT-57,7595,25,60,2025-10-21 22:10:52.516782,342664.77,6300120.661
PJ292,B28,STHF-62,1,0,3,2025-10-21 22:10:52.516783,342664.77,6300120.661
PJ292,B28,TXZH-35,4929,15,21,2025-10-21 22:10:52.516784,342664.77,6300120.661
PI1028,I07,VHSY-18,4610,21,29,2025-10-21 22:10:54.361261,333265.61,6290862.82
PI767,111,FLXZ-62,3224,12,16,2025-10-21 22:10:56.243067,338486.505,6296092.595
PI767,110,CJRZ-79,1952,6,8,2025-10-21 22:10:56.243072,338486.505,6296092.595
PI767,110,CJRW-73,5223,16,24,2025-10-21 22:10:56.243073,338486.505,6296092.595
PI767,110C,PFXB-59,83,0,3,2025-10-21 22:10:56.243074,338486.505,6296092.595
PI767,110C,TBFW-62,2207,7,9,2025-10-21 22:10:56.243074,338486.505,6296092.595
PI1065,I10,FLXL-51,3956,9,13,2025-10-21 22:10:58.216819,337257.767,6291854.54
PI1065,I10,FLXG-52,7669,18,26,2025-10-21 22:10:58.216825,337257.767,6291854.54
PD273,712,SHCW-68,49,0,3,2025-10-21 22:11:00.203763,352378.474,6291360.72
PD273,712,SHXD-89,6383,12,16,2025-10-21 22:11:00.203768,352378.474,6291360.72
PD273,D16,SPBL-65,411,0,3,2025-10-21 22:11:00.203769,352378.474,6291360.72
PD273,D16,SPBR-29,4049,10,14,2025-10-21 22:11:00.203770,352378.474,6291360.72
PD273,103,SPBL-89,2573,8,10,2025-10-21 22:11:00.203771,352378.474,6291360.72
PD273,103,SPBF-44,5846,25,60,2025-10-21 22:11:00.203772,352378.474,6291360.72
PD273,D26,SPBS-50,3955,6,8,2025-10-21 22:11:00.203773,352378.474,6291360.72
PD273,D26,PGBY-68,9084,19,27,2025-10-21 22:11:00.203773,352378.474,6291360.72
PD273,225,SFWZ-75,1562,0,5,2025-10-21 22:11:00.203774,352378.474,6291360.72
PD273,225,LZPR-96,8853,19,27,2025-10-21 22:11:00.203775,352378.474,6291360.72
PD273,514,GCBC-95,147,0,3,2025-10-21 22:11:00.203776,352378.474,6291360.72
PD273,514,GCBD-28,3907,9,13,2025-10-21 22:11:00.203777,352378.474,6291360.72
PD273,514C,FLXH-83,10553,25,60,2025-10-21 22:11:00.203778,352378.474,6291360.72
PG94,E01,VKJX-74,1151,4,6,2025-10-21 22:11:02.156215,348239.101,6287812.424
PG94,E01,VKJX-64,4215,13,19,2025-10-21 22:11:02.156221,348239.101,6287812.424
PG94,203,LZPW-21,4694,8,12,2025-10-21 22:11:02.156222,348239.101,6287812.424
PG94,203,SRTG-99,7592,14,20,2025-10-21 22:11:02.156223,348239.101,6287812.424
PG94,203C,LZPR-94,3482,7,9,2025-10-21 22:11:02.156224,348239.101,6287812.424
PG94,206,LZPT-69,1616,0,4,2025-10-21 22:11:02.156225,348239.101,6287812.424
PG94,206,LZPG-24,2776,5,7,2025-10-21 22:11:02.156226,348239.101,6287812.424
PG94,212,SDGY-10,1085,0,3,2025-10-21 22:11:02.156227,348239.101,6287812.424
PG94,212,SDGY-18,4893,10,14,2025-10-21 22:11:02.156228,348239.101,6287812.424
PG94,233,SHXG-79,258,0,3,2025-10-21 22:11:02.156229,348239.101,6287812.424
PG94,233,SFPF-85,5461,25,60,2025-10-21 22:11:02.156230,348239.101,6287812.424
PG94,G01,THTD-96,3169,8,10,2025-10-21 22:11:02.156232,348239.101,6287812.424
PG94,G01,THTH-35,5971,14,20,2025-10-21 22:11:02.156232,348239.101,6287812.424
PC794,C17,SHXD-66,3854,8,10,2025-10-21 22:11:04.007561,355888.416,6309566.443
PB1060,109,PFXC-34,352,0,3,2025-10-21 22:11:05.953377,337050.442,6303257.628
PB1060,B03,SKHG-95,510,0,3,2025-10-21 22:11:05.953383,337050.442,6303257.628
PB1060,105,SJPD-92,980,0,4,2025-10-21 22:11:05.953384,337050.442,6303257.628
PB1060,B09,SHCY-40,6330,16,22,2025-10-21 22:11:05.953386,337050.442,6303257.628
PB1060,B20,SKHG-65,176,0,3,2025-10-21 22:11:05.953387,337050.442,6303257.628
PB615,429,SKPH-83,4389,10,14,2025-10-21 22:11:07.855204,336084.136,6305439.847
PB615,429,SLPC-50,6957,17,25,2025-10-21 22:11:07.855209,336084.136,6305439.847
PE257,E01,VKJX-64,454,0,3,2025-10-21 22:11:09.754929,350186.288,6286539.971
PE257,226,VFPJ-61,758,0,4,2025-10-21 22:11:09.754934,350186.288,6286539.971
PE257,226,VFPB-85,1735,8,10,2025-10-21 22:11:09.754935,350186.288,6286539.971
PE257,E18,BJFV-11,501,0,3,2025-10-21 22:11:09.754936,350186.288,6286539.971
PE257,E18,BJFV-85,581,0,3,2025-10-21 22:11:09.754937,350186.288,6286539.971
PE257,286,SCRZ-30,4822,13,17,2025-10-21 22:11:09.754938,350186.288,6286539.971
PH125,201,GCBB-49,434,0,3,2025-10-21 22:11:11.683412,346154.1,6291037.36
PH125,201,GCBC-15,6652,14,20,2025-10-21 22:11:11.683417,346154.1,6291037.36
PH125,226,VGBW-98,1414,0,3,2025-10-21 22:11:11.683418,346154.1,6291037.36
PH125,226,VFRD-75,4317,9,13,2025-10-21 22:11:11.683419,346154.1,6291037.36
PH125,229,LZPT-44,2780,5,7,2025-10-21 22:11:11.683420,346154.1,6291037.36
PH125,271,TBYY-71,5567,13,19,2025-10-21 22:11:11.683421,346154.1,6291037.36
PH125,301,BJFZ-41,919,0,4,2025-10-21 22:11:11.683422,346154.1,6291037.36
PH125,301,BJFW-89,4431,13,19,2025-10-21 22:11:11.683422,346154.1,6291037.36
PH125,223,SHCV-45,4113,12,18,2025-10-21 22:11:11.683423,346154.1,6291037.36
PH125,223,SCRZ-37,8020,25,60,2025-10-21 22:11:11.683424,346154.1,6291037.36
PI259,404,PFYC-14,964,0,4,2025-10-21 22:11:13.622074,337538.402,6294995.26
PI259,404,PFYC-13,6129,12,18,2025-10-21 22:11:13.622079,337538.402,6294995.26
PI259,111,FLXY-67,290,4,6,2025-10-21 22:11:13.622080,337538.402,6294995.26
PI259,111,FLXY-21,15124,25,60,2025-10-21 22:11:13.622081,337538.402,6294995.26
PI259,I02,FLXY-73,4787,21,29,2025-10-21 22:11:13.622082,337538.402,6294995.26
PI259,I02,FLXZ-30,8684,25,60,2025-10-21 22:11:13.622082,337538.402,6294995.26
PD1184,D10,SVDF-19,4453,12,18,2025-10-21 22:11:15.309672,350165.81,6293116.43
PD1184,D10,SVDC-72,9555,25,60,2025-10-21 22:11:15.309677,350165.81,6293116.43
PD1184,D14,PGLD-76,5871,12,16,2025-10-21 22:11:15.309678,350165.81,6293116.43
PF1139,F05,SPZY-63,1470,0,5,2025-10-21 22:11:16.892065,350758.16,6283720.55
PF1139,F05,SRVL-70,6526,15,21,2025-10-21 22:11:16.892071,350758.16,6283720.55
PB1656,B35,SLLZ-43,3239,5,7,2025-10-21 22:11:18.724737,346357.27,6306237.704
PF194,F29,SPVV-29,451,0,3,2025-10-21 22:11:20.906013,359187.994,6280238.62
PF194,F29,SPVW-86,6243,16,22,2025-10-21 22:11:20.906018,359187.994,6280238.62
PF194,712,SHCW-62,6443,13,17,2025-10-21 22:11:20.906019,359187.994,6280238.62
PF194,712,SHCW-81,11007,21,29,2025-10-21 22:11:20.906020,359187.994,6280238.62
PF194,F01,SPVW-85,2964,9,11,2025-10-21 22:11:20.906021,359187.994,6280238.62
PF194,F01,SPVT-74,7958,19,27,2025-10-21 22:11:20.906021,359187.994,6280238.62
PF194,F01C,SPVV-66,4242,11,15,2025-10-21 22:11:20.906022,359187.994,6280238.62
PF194,F01C,SPVW-78,6935,17,25,2025-10-21 22:11:20.906023,359187.994,6280238.62
PF194,F24,SPRV-92,1,0,3,2025-10-21 22:11:20.906024,359187.994,6280238.62
PF194,F24,SPRV-91,6573,13,17,2025-10-21 22:11:20.906025,359187.994,6280238.62
PA130,204,VFPW-23,1686,0,5,2025-10-21 22:11:22.784230,348038.358,6296130.894
PA130,204,VFPH-98,3914,8,10,2025-10-21 22:11:22.784235,348038.358,6296130.894
PA130,204E,LZPG-23,4600,9,11,2025-10-21 22:11:22.784236,348038.358,6296130.894
PA130,204E,LZPR-84,9422,17,25,2025-10-21 22:11:22.784237,348038.358,6296130.894
PA88,402,SJPC-73,1457,10,14,2025-10-21 22:11:24.904092,346708.207,6299420.975
PA88,402,PFYC-53,5340,19,27,2025-10-21 22:11:24.904097,346708.207,6299420.975
PA88,214,GCBB-13,3995,14,20,2025-10-21 22:11:24.904098,346708.207,6299420.975
PA88,214,GCBC-17,8568,25,60,2025-10-21 22:11:24.904099,346708.207,6299420.975
PA88,230,GCBB-65,880,0,3,2025-10-21 22:11:24.904099,346708.207,6299420.975
PA88,230,GCBB-72,3158,8,12,2025-10-21 22:11:24.904100,346708.207,6299420.975
PA88,208,SRTH-19,1,0,5,2025-10-21 22:11:24.904101,346708.207,6299420.975
PA88,208,SRTK-20,684,0,5,2025-10-21 22:11:24.904102,346708.207,6299420.975
PA88,B24,SKHF-92,1807,5,7,2025-10-21 22:11:24.904103,346708.207,6299420.975
PA88,B24,STHD-47,2409,8,10,2025-10-21 22:11:24.904104,346708.207,6299420.975
PA88,B02,FLXR-74,4553,25,60,2025-10-21 22:11:24.904105,346708.207,6299420.975
PA88,B02,FLXR-75,9684,25,60,2025-10-21 22:11:24.904105,346708.207,6299420.975
PA88,116,LCPW-34,3870,8,10,2025-10-21 22:11:24.904106,346708.207,6299420.975
PA88,116,LDJJ-85,7801,17,23,2025-10-21 22:11:24.904107,346708.207,6299420.975
PI1269,511,TBFX-40,2204,7,9,2025-10-21 22:11:26.818491,341742.862,6297699.452
PI1269,511,TBFR-95,5502,16,24,2025-10-21 22:11:26.818497,341742.862,6297699.452
PI1269,J13,TBFV-97,445,0,3,2025-10-21 22:11:26.818498,341742.862,6297699.452
PH1646,205,RWTP-81,3385,10,14,2025-10-21 22:11:28.803404,347364.95,6294633.05
PH1646,227,VGBW-68,3391,6,8,2025-10-21 22:11:28.803409,347364.95,6294633.05
PH1646,227,VFPD-51,4320,8,10,2025-10-21 22:11:28.803410,347364.95,6294633.05
PH1646,207,LZPR-92,719,0,3,2025-10-21 22:11:28.803411,347364.95,6294633.05
PH1646,207E,SRTG-94,326,0,3,2025-10-21 22:11:28.803412,347364.95,6294633.05
PI239,444,SJPD-72,4458,9,13,2025-10-21 22:11:30.760098,336652.984,6294713.731
PI239,111,FLXY-21,14202,25,60,2025-10-21 22:11:30.760104,336652.984,6294713.731
PI239,I02,FLXY-73,3524,6,8,2025-10-21 22:11:30.760105,336652.984,6294713.731
PI239,I02,FLXZ-30,7426,15,21,2025-10-21 22:11:30.760106,336652.984,6294713.731
PI239,I08,FLXZ-64,587,0,3,2025-10-21 22:11:30.760108,336652.984,6294713.731
PI239,I08,FLXW-77,657,0,3,2025-10-21 22:11:30.760109,336652.984,6294713.731
PI239,110,TBFX-77,1004,4,6,2025-10-21 22:11:30.760110,336652.984,6294713.731
PI239,110,CJRW-65,6692,18,26,2025-10-21 22:11:30.760111,336652.984,6294713.731
PI239,428,SLPC-40,1082,0,5,2025-10-21 22:11:30.760112,336652.984,6294713.731
PI239,428,SHXD-59,4595,10,14,2025-10-21 22:11:30.760113,336652.984,6294713.731
PI397,401,PFTV-84,4509,10,14,2025-10-21 22:11:32.413001,340169.382,6296128.487
PI397,401,PFYG-65,10378,25,60,2025-10-21 22:11:32.413015,340169.382,6296128.487
PI397,421,PFTV-88,7290,13,17,2025-10-21 22:11:32.413016,340169.382,6296128.487
PI397,I09,RWRP-80,3387,6,8,2025-10-21 22:11:32.413017,340169.382,6296128.487
PI397,I09,RWRP-81,5671,9,13,2025-10-21 22:11:32.413018,340169.382,6296128.487
PI397,424,TBFS-34,4490,9,13,2025-10-21 22:11:32.413018,340169.382,6296128.487
PI397,I08,FLXX-97,2199,4,6,2025-10-21 22:11:32.413019,340169.382,6296128.487
PI397,I08,FLXY-33,3535,8,10,2025-10-21 22:11:32.413020,340169.382,6296128.487
PI397,404,PFTW-25,4497,9,11,2025-10-21 22:11:32.413021,340169.382,6296128.487
PI397,106,PFVD-58,3817,8,10,2025-10-21 22:11:32.413022,340169.382,6296128.487
PI397,106,PFVH-97,10314,25,60,2025-10-21 22:11:32.413023,340169.382,6296128.487
PI397,405,PFBG-13,2527,5,7,2025-10-21 22:11:32.413024,340169.382,6296128.487
PI397,405,PFVK-60,11523,25,60,2025-10-21 22:11:32.413024,340169.382,6296128.487
PI397,419,PFYG-91,7864,18,26,2025-10-21 22:11:32.413025,340169.382,6296128.487
PI397,419,PFBG-34,16455,25,60,2025-10-21 22:11:32.413026,340169.382,6296128.487
PI397,423,PFYR-77,3176,7,9,2025-10-21 22:11:32.413027,340169.382,6296128.487
PI397,423,PGPT-46,7598,16,22,2025-10-21 22:11:32.413028,340169.382,6296128.487
PI16,101,PGPT-53,183,0,3,2025-10-21 22:11:35.989244,339992.678,6292573.493
PI16,101,PFYR-63,5153,12,16,2025-10-21 22:11:35.989250,339992.678,6292573.493
PI16,481,PGPT-36,2734,8,12,2025-10-21 22:11:35.989252,339992.678,6292573.493
PI16,481,PGPT-58,2761,8,12,2025-10-21 22:11:35.989253,339992.678,6292573.493
PI16,I04,FLXL-13,1473,0,5,2025-10-21 22:11:35.989254,339992.678,6292573.493
PI16,I04,FLXF-57,3143,9,11,2025-10-21 22:11:35.989255,339992.678,6292573.493
PI16,I14,FLXF-27,1969,6,8,2025-10-21 22:11:35.989256,339992.678,6292573.493
PI16,I14,CJRB-47,6364,25,60,2025-10-21 22:11:35.989257,339992.678,6292573.493
PF303,F14,SPRY-46,85,0,3,2025-10-21 22:11:37.910778,354917.851,6283334.485
PF303,F14,SPRW-12,4204,9,13,2025-10-21 22:11:37.910783,354917.851,6283334.485
PF303,F05,SRVL-70,150,0,3,2025-10-21 22:11:37.910785,354917.851,6283334.485
PF303,F05,SPZY-18,1203,0,4,2025-10-21 22:11:37.910786,354917.851,6283334.485
PG1113,G11,THTG-86,2968,8,10,2025-10-21 22:11:41.661660,347456.659,6288832.186
PI1134,I25,FLXL-74,11169,25,60,2025-10-21 22:11:43.561613,339544.247,6293362.664
PI1134,I25,FLXL-12,11691,25,60,2025-10-21 22:11:43.561619,339544.247,6293362.664
PI1134,I13,FLXY-72,339,0,3,2025-10-21 22:11:43.561620,339544.247,6293362.664
PI1134,I13,FLXY-12,4070,13,19,2025-10-21 22:11:43.561621,339544.247,6293362.664
PI1844,108,PFVC-46,1309,0,5,2025-10-21 22:11:45.479982,334475.87,6288148.76
PB506,429,SLPC-14,2612,5,7,2025-10-21 22:11:48.557634,343766.14,6306634.66
PB506,429,SJPC-72,7728,16,22,2025-10-21 22:11:48.557639,343766.14,6306634.66
PB506,B43,SJPB-34,6254,12,16,2025-10-21 22:11:48.557640,343766.14,6306634.66
PB506,B43,SJPC-15,10476,25,60,2025-10-21 22:11:48.557641,343766.14,6306634.66
PB506,B08,SHCY-58,5099,8,10,2025-10-21 22:11:48.557642,343766.14,6306634.66
PB506,B08,STHP-97,8173,17,25,2025-10-21 22:11:48.557642,343766.14,6306634.66
PB506,B18,LDJP-70,2389,0,5,2025-10-21 22:11:48.557643,343766.14,6306634.66
PB506,425,SHCX-55,703,0,3,2025-10-21 22:11:48.557644,343766.14,6306634.66
PB506,425,SGPY-83,7048,15,21,2025-10-21 22:11:48.557645,343766.14,6306634.66
PI422,506V,TBFX-45,7378,16,22,2025-10-21 22:11:50.609763,336793.783,6289846.415
PI422,506V,TBFR-22,13460,25,60,2025-10-21 22:11:50.609767,336793.783,6289846.415
PI422,106,PFVG-54,2461,8,10,2025-10-21 22:11:50.609769,336793.783,6289846.415
PI422,106,PFVG-59,7832,18,26,2025-10-21 22:11:50.609769,336793.783,6289846.415
PI422,111,FLXY-27,1503,0,4,2025-10-21 22:11:50.609770,336793.783,6289846.415
PI422,111,FLXX-61,3799,9,11,2025-10-21 22:11:50.609771,336793.783,6289846.415
PI422,I04,FLXY-37,1045,0,4,2025-10-21 22:11:50.609772,336793.783,6289846.415
PI422,I04,FLXL-11,7082,17,23,2025-10-21 22:11:50.609773,336793.783,6289846.415
PI422,I35,SFGY-20,1936,7,9,2025-10-21 22:11:50.609774,336793.783,6289846.415
PI422,506,TBFV-89,1861,5,7,2025-10-21 22:11:50.609775,336793.783,6289846.415
PI422,506,GCBD-79,13122,25,60,2025-10-21 22:11:50.609775,336793.783,6289846.415
PI422,506E,TBFR-98,9120,16,22,2025-10-21 22:11:50.609776,336793.783,6289846.415
PI422,506E,PFXB-24,16959,25,60,2025-10-21 22:11:50.609777,336793.783,6289846.415
PI422,401,PDZH-84,4078,9,11,2025-10-21 22:11:50.609778,336793.783,6289846.415
PI422,401,PFVL-21,9906,19,27,2025-10-21 22:11:50.609779,336793.783,6289846.415
PI422,I11,FLXZ-15,903,0,3,2025-10-21 22:11:50.609779,336793.783,6289846.415
PI1364,I08,FLXX-71,3255,7,9,2025-10-21 22:11:51.984161,336254.577,6293076.213
PI1364,I08,FLXY-23,6272,12,16,2025-10-21 22:11:51.984165,336254.577,6293076.213
PI333,I04,FLXT-44,750,0,3,2025-10-21 22:11:53.870736,335524.262,6286844.25
PI333,I04,FLXY-37,5308,13,17,2025-10-21 22:11:53.870742,335524.262,6286844.25
PI333,115,FLXV-72,690,0,5,2025-10-21 22:11:53.870743,335524.262,6286844.25
PI333,115,TBFS-39,5887,13,17,2025-10-21 22:11:53.870744,335524.262,6286844.25
PF834,F13,SRPJ-99,5958,16,22,2025-10-21 22:11:55.529482,349163.344,6278196.188
PF834,F13,SRPK-70,6391,17,25,2025-10-21 22:11:55.529487,349163.344,6278196.188
PF834,F33,SRVF-90,155,0,3,2025-10-21 22:11:55.529488,349163.344,6278196.188
PF834,F33,SRVH-71,4126,11,15,2025-10-21 22:11:55.529489,349163.344,6278196.188
PD623,D10,SVDC-72,1512,9,11,2025-10-21 22:11:57.538409,353941.557,6291844.816
PD623,D10,SVDF-11,6373,25,60,2025-10-21 22:11:57.538414,353941.557,6291844.816
PI67,105,SJPC-56,2013,5,7,2025-10-21 22:11:59.460380,342804.631,6297184.529
PI67,105,SJPC-36,3135,8,12,2025-10-21 22:11:59.460385,342804.631,6297184.529
PI67,120,SJTD-65,94,0,3,2025-10-21 22:11:59.460387,342804.631,6297184.529
PI67,120,STHD-72,5799,13,19,2025-10-21 22:11:59.460388,342804.631,6297184.529
PF1042,F20,LBTT-25,772,0,3,2025-10-21 22:12:01.310251,355581.87,6282283.68
PF1042,F20,SPZY-70,1252,0,4,2025-10-21 22:12:01.310256,355581.87,6282283.68
PH752,H14,FLXR-24,3185,8,12,2025-10-21 22:12:02.658199,348766.183,6290712.21
PG1197,G39,SHCX-13,5185,17,23,2025-10-21 22:12:04.497453,341677.513,6283533.332
PG1197,G39,SHCV-49,5439,16,24,2025-10-21 22:12:04.497458,341677.513,6283533.332
PG1197,G09,SHCX-15,481,0,3,2025-10-21 22:12:04.497459,341677.513,6283533.332
PG1197,G09,SCRZ-13,4117,11,15,2025-10-21 22:12:04.497460,341677.513,6283533.332
PB1504,B02,FLXR-75,347,0,3,2025-10-21 22:12:06.370860,349506.903,6305636.432
PJ966,J13,TBFX-33,3122,9,11,2025-10-21 22:12:08.348825,336586.103,6301103.501
PJ966,J13,TBFV-31,3198,8,12,2025-10-21 22:12:08.348841,336586.103,6301103.501
PJ966,J13C,GCBC-82,630,0,3,2025-10-21 22:12:08.348842,336586.103,6301103.501
PJ966,J13C,TBFS-62,2811,8,10,2025-10-21 22:12:08.348843,336586.103,6301103.501
PI450,404,PFYC-13,1,0,3,2025-10-21 22:12:10.351667,342308.02,6296981.67
PI450,404,PFYC-26,574,0,3,2025-10-21 22:12:10.351672,342308.02,6296981.67
PI450,412,PFTW-59,3026,7,9,2025-10-21 22:12:10.351674,342308.02,6296981.67
PI450,412,PFTW-51,8344,18,26,2025-10-21 22:12:10.351675,342308.02,6296981.67
PI450,418,PFVH-12,329,0,3,2025-10-21 22:12:10.351676,342308.02,6296981.67
PI450,418,SKPK-45,3527,8,10,2025-10-21 22:12:10.351677,342308.02,6296981.67
PI450,I09,RWRP-70,59,0,3,2025-10-21 22:12:10.351678,342308.02,6296981.67
PI450,I09,RWRP-59,2088,5,7,2025-10-21 22:12:10.351679,342308.02,6296981.67
PI450,510,TBFS-51,419,0,3,2025-10-21 22:12:10.351680,342308.02,6296981.67
PI450,510,TBFT-88,5597,12,18,2025-10-21 22:12:10.351681,342308.02,6296981.67
PI450,516,TBFX-72,3571,9,13,2025-10-21 22:12:10.351682,342308.02,6296981.67
PI450,516,GCBD-22,4128,10,14,2025-10-21 22:12:10.351683,342308.02,6296981.67
PI450,519,FLXV-70,546,0,3,2025-10-21 22:12:10.351684,342308.02,6296981.67
PI450,519,RYPP-22,3713,9,11,2025-10-21 22:12:10.351685,342308.02,6296981.67
PI450,424,GCBC-81,595,0,3,2025-10-21 22:12:10.351686,342308.02,6296981.67
PG778,G24,FLXD-13,4968,13,19,2025-10-21 22:12:11.846238,345505.496,6282988.366
PG778,G07,THTH-11,3489,9,13,2025-10-21 22:12:11.846243,345505.496,6282988.366
PG778,G07,THTF-61,5557,14,20,2025-10-21 22:12:11.846244,345505.496,6282988.366
PC292,430,SHXG-39,768,0,3,2025-10-21 22:12:13.702767,358491.761,6306192.877
PC292,430,PFZK-88,2126,6,8,2025-10-21 22:12:13.702772,358491.761,6306192.877
PC292,426,BJFH-61,1323,0,4,2025-10-21 22:12:13.702773,358491.761,6306192.877
PC292,C13,SGPX-11,4037,10,14,2025-10-21 22:12:13.702773,358491.761,6306192.877
PC292,C13,SHXF-95,7565,17,25,2025-10-21 22:12:13.702774,358491.761,6306192.877
PC292,C16,LDTB-89,4985,11,15,2025-10-21 22:12:13.702775,358491.761,6306192.877
PC292,C19,SGPY-93,1663,5,7,2025-10-21 22:12:13.702776,358491.761,6306192.877
PC292,C01C,PGTV-36,103,0,3,2025-10-21 22:12:13.702777,358491.761,6306192.877
PC292,C01,LCSX-54,1197,0,3,2025-10-21 22:12:13.702778,358491.761,6306192.877
PC292,C01,LCPW-43,4766,10,14,2025-10-21 22:12:13.702778,358491.761,6306192.877
PC292,C28,SGPY-75,1778,7,9,2025-10-21 22:12:13.702779,358491.761,6306192.877
PC292,C28,SGPY-61,6158,17,23,2025-10-21 22:12:13.702780,358491.761,6306192.877
PC292,411,PFYC-24,1133,0,4,2025-10-21 22:12:13.702781,358491.761,6306192.877
PC292,502,BJFD-51,1293,5,7,2025-10-21 22:12:13.702782,358491.761,6306192.877
PG1141,G12,SHXB-10,3999,9,13,2025-10-21 22:12:15.101202,344459.135,6287899.114
PG1141,G12,SHXB-12,7817,18,26,2025-10-21 22:12:15.101207,344459.135,6287899.114
PB1199,B12,SKDJ-11,4546,7,9,2025-10-21 22:12:17.059303,339859.526,6310189.983
PB1199,B12,SKDH-90,9937,18,26,2025-10-21 22:12:17.059308,339859.526,6310189.983
PG1005,G08V,FLXV-31,4782,12,16,2025-10-21 22:12:18.958925,343974.486,6282686.557
PG303,228,THTD-41,1,0,3,2025-10-21 22:12:23.593263,346086.732,6284616.865
PG303,228,THTH-16,2386,7,9,2025-10-21 22:12:23.593267,346086.732,6284616.865
PG303,G08,THTG-69,425,0,3,2025-10-21 22:12:23.593269,346086.732,6284616.865
PG303,G08,THTH-20,2258,6,8,2025-10-21 22:12:23.593270,346086.732,6284616.865
PG303,F20,LBTS-98,1329,0,5,2025-10-21 22:12:23.593271,346086.732,6284616.865
PG303,229,SDGY-20,1326,0,5,2025-10-21 22:12:23.593272,346086.732,6284616.865
PG303,229,CJRP-26,4676,12,16,2025-10-21 22:12:23.593273,346086.732,6284616.865
PG303,G08V,FLXV-31,749,0,3,2025-10-21 22:12:23.593274,346086.732,6284616.865
PG303,302,BJFT-90,518,0,3,2025-10-21 22:12:23.593274,346086.732,6284616.865
PG303,302,BJFW-58,1161,0,3,2025-10-21 22:12:23.593275,346086.732,6284616.865
PG303,G11,THTD-49,4076,10,14,2025-10-21 22:12:23.593276,346086.732,6284616.865
PG303,G11,THTF-29,7246,18,26,2025-10-21 22:12:23.593277,346086.732,6284616.865
PH321,119,FLXJ-11,1,0,3,2025-10-21 22:12:25.511983,343360.644,6289886.253
PH321,329,CJRW-50,4633,9,13,2025-10-21 22:12:25.511989,343360.644,6289886.253
PH321,I05,VHSY-22,1156,0,3,2025-10-21 22:12:25.511991,343360.644,6289886.253
PH321,I05,VHSZ-36,10916,25,60,2025-10-21 22:12:25.511991,343360.644,6289886.253
PD1114,D02,SVDD-72,6030,16,22,2025-10-21 22:12:27.433926,358283.811,6294854.137
PD1114,D02,SVDF-81,8111,20,28,2025-10-21 22:12:27.433931,358283.811,6294854.137
PD1114,D11,SPBF-24,336,0,3,2025-10-21 22:12:27.433932,358283.811,6294854.137
PD1114,D11,SVDD-82,1709,0,4,2025-10-21 22:12:27.433933,358283.811,6294854.137
PD1114,D18,SVDD-36,4073,10,14,2025-10-21 22:12:27.433934,358283.811,6294854.137
PD1114,D18,STKX-48,5640,13,19,2025-10-21 22:12:27.433935,358283.811,6294854.137
PD368,425,SJPF-42,1218,0,5,2025-10-21 22:12:29.329379,355890.53,6295804.999
PD368,425,SHXG-40,1815,5,7,2025-10-21 22:12:29.329384,355890.53,6295804.999
PD368,429,SHCX-56,1756,0,5,2025-10-21 22:12:29.329385,355890.53,6295804.999
PD368,429,SLGS-94,3596,9,13,2025-10-21 22:12:29.329386,355890.53,6295804.999
PD368,418,PFYC-44,1230,0,5,2025-10-21 22:12:29.329386,355890.53,6295804.999
PD368,418,PFYC-29,2425,6,8,2025-10-21 22:12:29.329387,355890.53,6295804.999
PB482,428,SHCV-85,4336,9,11,2025-10-21 22:12:31.182198,335418.11,6303544.96
PB482,428,SLPC-36,6278,12,16,2025-10-21 22:12:31.182202,335418.11,6303544.96
PB482,J07,VHZV-71,11200,25,60,2025-10-21 22:12:31.182204,335418.11,6303544.96
PJ515,508,FLXJ-43,2524,5,7,2025-10-21 22:12:33.110216,339835.025,6300390.758
PJ515,508,FLXX-84,8513,25,60,2025-10-21 22:12:33.110221,339835.025,6300390.758
PJ515,518,TBFW-73,207,0,4,2025-10-21 22:12:33.110222,339835.025,6300390.758
PJ515,518,FLXG-22,1942,9,13,2025-10-21 22:12:33.110223,339835.025,6300390.758
PJ515,J03,FLXK-84,2424,5,7,2025-10-21 22:12:33.110224,339835.025,6300390.758
PJ515,J03,FLXV-56,7291,19,27,2025-10-21 22:12:33.110225,339835.025,6300390.758
PJ515,504,PFXB-52,4135,14,20,2025-10-21 22:12:33.110226,339835.025,6300390.758
PJ515,504,TBFW-39,9098,25,60,2025-10-21 22:12:33.110226,339835.025,6300390.758
PJ515,507,GCBC-48,5024,19,27,2025-10-21 22:12:33.110227,339835.025,6300390.758
PJ515,507,TBFP-86,6607,25,60,2025-10-21 22:12:33.110228,339835.025,6300390.758
PG1024,G09,SHCX-11,1024,0,3,2025-10-21 22:12:35.291830,343489.971,6281211.11
PG1024,G09,SHXB-23,6091,15,21,2025-10-21 22:12:35.291835,343489.971,6281211.11
PG1024,228,THTG-92,2560,5,7,2025-10-21 22:12:35.291837,343489.971,6281211.11
PI412,404,PFYC-13,3509,6,8,2025-10-21 22:12:37.391080,338842.191,6295297.598
PI412,404,PFYC-26,4254,8,10,2025-10-21 22:12:37.391084,338842.191,6295297.598
PI412,106,PFVG-59,1351,0,4,2025-10-21 22:12:37.391085,338842.191,6295297.598
PI412,106,PFVC-42,4466,10,14,2025-10-21 22:12:37.391086,338842.191,6295297.598
PI412,421,PFYG-85,3659,7,9,2025-10-21 22:12:37.391087,338842.191,6295297.598
PI412,421,PFYH-11,6012,12,18,2025-10-21 22:12:37.391088,338842.191,6295297.598
PI412,I08,FLXZ-69,1701,0,4,2025-10-21 22:12:37.391089,338842.191,6295297.598
PI412,I08,FLXY-23,1728,0,5,2025-10-21 22:12:37.391089,338842.191,6295297.598
PI412,401,PFVL-21,3470,7,9,2025-10-21 22:12:37.391090,338842.191,6295297.598
PI412,401,PFYG-48,11554,25,60,2025-10-21 22:12:37.391091,338842.191,6295297.598
PI412,405,PFYG-60,3547,6,8,2025-10-21 22:12:37.391092,338842.191,6295297.598
PI412,405,PFVK-89,5366,12,16,2025-10-21 22:12:37.391092,338842.191,6295297.598
PI412,419,PFVK-98,6059,12,16,2025-10-21 22:12:37.391093,338842.191,6295297.598
PI412,423,PFYS-22,1581,0,3,2025-10-21 22:12:37.391094,338842.191,6295297.598
PI412,423,PFYR-62,2680,0,5,2025-10-21 22:12:37.391095,338842.191,6295297.598
PI412,I09,FLXZ-23,1317,0,4,2025-10-21 22:12:37.391096,338842.191,6295297.598
PI412,I09,VHSX-82,1390,0,4,2025-10-21 22:12:37.391096,338842.191,6295297.598
PB1163,B11,SKDJ-90,131,0,3,2025-10-21 22:12:39.239928,343701.306,6306479.488
PD1061,D01,SVDD-59,1462,0,5,2025-10-21 22:12:41.157425,356795.831,6296799.229
PD1061,D01,SVDC-41,4843,11,15,2025-10-21 22:12:41.157431,356795.831,6296799.229
PH83,H09,VGRD-55,391,0,3,2025-10-21 22:12:43.168220,342934.516,6290853.284
PH83,121,CJRX-69,500,0,3,2025-10-21 22:12:43.168225,342934.516,6290853.284
PH83,125,FLXT-27,181,0,3,2025-10-21 22:12:43.168226,342934.516,6290853.284
PH83,125,BJFV-80,2733,7,9,2025-10-21 22:12:43.168227,342934.516,6290853.284
PH83,H03,CJRX-39,4271,10,14,2025-10-21 22:12:43.168228,342934.516,6290853.284
PH83,105,SJPC-52,1462,4,6,2025-10-21 22:12:43.168229,342934.516,6290853.284
PF276,F14,SPRW-90,2294,6,8,2025-10-21 22:12:45.092691,354620.377,6283293.611
PF276,F05,SPZY-43,6360,17,25,2025-10-21 22:12:45.092697,354620.377,6283293.611
PF276,F05,SPZY-37,10747,25,60,2025-10-21 22:12:45.092698,354620.377,6283293.611
PG144,F20,SHCY-61,9390,25,60,2025-10-21 22:12:46.921819,347646.908,6283647.675
PG144,F20,SPZX-63,9501,25,60,2025-10-21 22:12:46.921824,347646.908,6283647.675
PI149,118,FLXW-61,1834,0,5,2025-10-21 22:12:49.420628,336322.25,6290712.85
PI149,118,FLXT-11,3107,7,9,2025-10-21 22:12:49.420634,336322.25,6290712.85
PI149,I26,PFYT-25,629,0,3,2025-10-21 22:12:49.420635,336322.25,6290712.85
PI149,I26,PFYS-38,6801,16,22,2025-10-21 22:12:49.420636,336322.25,6290712.85
PI149,I11,RWRP-44,3380,8,10,2025-10-21 22:12:49.420637,336322.25,6290712.85
PI149,I11,FLXY-99,4763,10,14,2025-10-21 22:12:49.420638,336322.25,6290712.85
PI149,348,VHSX-92,1078,0,3,2025-10-21 22:12:49.420639,336322.25,6290712.85
PI149,348,VHSX-97,6329,13,17,2025-10-21 22:12:49.420640,336322.25,6290712.85
PI149,I10,FLXJ-20,2092,0,5,2025-10-21 22:12:49.420641,336322.25,6290712.85
PI149,I10,FLXD-81,3195,6,8,2025-10-21 22:12:49.420642,336322.25,6290712.85
PI149,I18,VHTB-32,988,0,3,2025-10-21 22:12:49.420643,336322.25,6290712.85
PI149,I18,VHSY-41,3530,7,9,2025-10-21 22:12:49.420644,336322.25,6290712.85
PI149,109,CJRZ-91,2469,0,4,2025-10-21 22:12:49.420645,336322.25,6290712.85
PI149,109,FDJX-67,5305,8,10,2025-10-21 22:12:49.420646,336322.25,6290712.85
PI149,108,PFYS-41,2195,5,7,2025-10-21 22:12:49.420647,336322.25,6290712.85
PI149,108,PFVC-39,7287,18,26,2025-10-21 22:12:49.420648,336322.25,6290712.85
PI149,481,PFVC-62,2313,5,7,2025-10-21 22:12:49.420649,336322.25,6290712.85
PI149,481,PGPT-31,5158,12,16,2025-10-21 22:12:49.420650,336322.25,6290712.85
PI149,I01,FLXL-22,2971,5,7,2025-10-21 22:12:49.420651,336322.25,6290712.85
PI149,I01,FLXF-14,7375,16,22,2025-10-21 22:12:49.420652,336322.25,6290712.85
PI149,I05,VHTB-61,568,0,3,2025-10-21 22:12:49.420653,336322.25,6290712.85
PI149,I05,RWRP-42,2388,0,4,2025-10-21 22:12:49.420654,336322.25,6290712.85
PI149,I03,FLXK-62,2690,5,7,2025-10-21 22:12:49.420655,336322.25,6290712.85
PI149,I03,FLXJ-17,5020,13,19,2025-10-21 22:12:49.420656,336322.25,6290712.85
PI149,I12,FLXY-10,2691,7,9,2025-10-21 22:12:49.420657,336322.25,6290712.85
PI149,I12,FLXZ-79,6135,12,18,2025-10-21 22:12:49.420658,336322.25,6290712.85
PI149,423,PGPT-17,428,0,3,2025-10-21 22:12:49.420659,336322.25,6290712.85
PI149,423,PFYS-22,10042,25,60,2025-10-21 22:12:49.420659,336322.25,6290712.85
PI149,I24,VHSY-45,3642,6,8,2025-10-21 22:12:49.420660,336322.25,6290712.85
PC662,C03,SKDJ-75,5509,11,15,2025-10-21 22:12:51.185297,356624.811,6302171.149
PC662,C03,SKPK-36,5984,11,15,2025-10-21 22:12:51.185302,356624.811,6302171.149
PC662,C13,SHXD-64,583,0,3,2025-10-21 22:12:51.185303,356624.811,6302171.149
PC662,C13,SGPX-11,9611,21,29,2025-10-21 22:12:51.185304,356624.811,6302171.149
PC662,C16,LDTF-48,184,0,3,2025-10-21 22:12:51.185305,356624.811,6302171.149
PC662,C16,LFGJ-99,2715,5,7,2025-10-21 22:12:51.185306,356624.811,6302171.149
PC662,D11,SVDF-24,1597,5,7,2025-10-21 22:12:51.185307,356624.811,6302171.149
PB140,B05,SPCG-87,477,0,3,2025-10-21 22:12:52.580540,349560.195,6305032.569
PB140,B05,SPCG-69,7686,16,24,2025-10-21 22:12:52.580545,349560.195,6305032.569
PB140,C18,SJPC-33,9702,17,25,2025-10-21 22:12:52.580546,349560.195,6305032.569
PD29,103,PFZK-97,1440,0,5,2025-10-21 22:12:54.565713,351205.455,6291178.863
PD29,103,SPBL-63,7724,19,27,2025-10-21 22:12:54.565718,351205.455,6291178.863
PD29,117,PFYC-21,2365,5,7,2025-10-21 22:12:54.565719,351205.455,6291178.863
PD29,117,PFZK-89,7201,17,25,2025-10-21 22:12:54.565720,351205.455,6291178.863
PD29,D13,BJFW-54,0,0,3,2025-10-21 22:12:54.565721,351205.455,6291178.863
PD29,D13,BJFW-42,4009,12,16,2025-10-21 22:12:54.565722,351205.455,6291178.863
PC221,405,PFVL-10,5575,13,19,2025-10-21 22:12:56.463574,353898.98,6304339.25
PC221,405,PFBG-33,9794,25,60,2025-10-21 22:12:56.463579,353898.98,6304339.25
PC221,502,BJFD-45,1318,0,4,2025-10-21 22:12:56.463580,353898.98,6304339.25
PC221,502,GCBF-33,8097,18,26,2025-10-21 22:12:56.463581,353898.98,6304339.25
PC221,435,SJPF-94,11433,17,25,2025-10-21 22:12:56.463582,353898.98,6304339.25
PC221,435,SLLZ-26,18810,25,60,2025-10-21 22:12:56.463582,353898.98,6304339.25
PI1336,I24,FLXZ-43,1788,5,7,2025-10-21 22:12:58.582811,336802.739,6289136.479
PI1336,I24,VHSY-20,5689,17,23,2025-10-21 22:12:58.582816,336802.739,6289136.479
PI1336,111,FLXY-27,1855,5,7,2025-10-21 22:12:58.582817,336802.739,6289136.479
PI1336,111,FLXX-61,3933,10,14,2025-10-21 22:12:58.582820,336802.739,6289136.479
PI1336,I04,FLXY-37,1663,0,5,2025-10-21 22:12:58.582820,336802.739,6289136.479
PI1336,I04,FLXL-11,7460,16,24,2025-10-21 22:12:58.582821,336802.739,6289136.479
PI1336,I11,FLXZ-15,1131,0,4,2025-10-21 22:12:58.582822,336802.739,6289136.479
PI1336,I12,FLXY-35,3047,8,10,2025-10-21 22:12:58.582823,336802.739,6289136.479
PI1336,I12,FLXY-28,9238,20,28,2025-10-21 22:12:58.582824,336802.739,6289136.479
PI1336,I35,SFGY-21,192,0,3,2025-10-21 22:12:58.582824,336802.739,6289136.479
PI1336,I35,SFGY-20,2070,7,9,2025-10-21 22:12:58.582825,336802.739,6289136.479
PI1344,506,TBFW-53,6616,13,19,2025-10-21 22:13:00.474361,336812.882,6289766.131
PI1344,506V,TBFV-13,3687,10,14,2025-10-21 22:13:00.474367,336812.882,6289766.131
PI816,I03,FLXJ-24,3795,9,13,2025-10-21 22:13:01.937866,335325.774,6290837.293
PE43,E17,BJFV-82,2058,7,9,2025-10-21 22:13:03.660972,353385.607,6290820.317
PE43,118,FLXX-77,18025,25,60,2025-10-21 22:13:03.660977,353385.607,6290820.317
PE43,118,FLXX-88,23815,25,60,2025-10-21 22:13:03.660978,353385.607,6290820.317
PC664,C16,LWTK-45,1,0,3,2025-10-21 22:13:05.575449,356888.585,6301515.876
PC664,C16,LDTF-48,754,0,3,2025-10-21 22:13:05.575454,356888.585,6301515.876
PC664,D11,SVDF-24,2036,5,7,2025-10-21 22:13:05.575455,356888.585,6301515.876
PC664,C03,SKDJ-75,6266,12,18,2025-10-21 22:13:05.575456,356888.585,6301515.876
PC664,C03,SKPK-36,6569,13,19,2025-10-21 22:13:05.575457,356888.585,6301515.876
PC664,C13,SHXD-64,1331,0,5,2025-10-21 22:13:05.575458,356888.585,6301515.876
PC664,C13,SGPX-11,10341,25,60,2025-10-21 22:13:05.575458,356888.585,6301515.876
PJ220,J17,FLXG-34,3319,8,12,2025-10-21 22:13:07.431977,336961.964,6297494.769
PJ220,418,PFYC-60,3757,9,13,2025-10-21 22:13:07.431983,336961.964,6297494.769
PJ220,418,SHCY-22,3921,9,13,2025-10-21 22:13:07.431984,336961.964,6297494.769
PJ220,514,TBFW-19,23,0,3,2025-10-21 22:13:07.431985,336961.964,6297494.769
PJ220,514,GCBD-95,228,0,3,2025-10-21 22:13:07.431985,336961.964,6297494.769
PJ1640,J07E,VJBB-60,2065,0,4,2025-10-21 22:13:09.334287,327036.767,6304255.057
PJ1640,J07E,VJBB-30,18505,25,60,2025-10-21 22:13:09.334293,327036.767,6304255.057
PF317,F05,SPZY-63,1022,0,5,2025-10-21 22:13:11.278133,350722.16,6283866.29
PF317,F05,SRVL-70,5930,15,21,2025-10-21 22:13:11.278138,350722.16,6283866.29
PF317,E15C,VFJL-87,1,0,3,2025-10-21 22:13:11.278139,350722.16,6283866.29
PB1692,109,FLXC-45,1610,4,6,2025-10-21 22:13:13.218831,337189.901,6302881.962
PB1692,109,TBFT-90,4904,12,16,2025-10-21 22:13:13.218836,337189.901,6302881.962
PB1692,105,SHXG-30,4805,16,22,2025-10-21 22:13:13.218837,337189.901,6302881.962
PB1692,105,SJPD-91,4922,17,23,2025-10-21 22:13:13.218838,337189.901,6302881.962
PI588,I03,FLXG-56,3506,7,9,2025-10-21 22:13:15.244246,339451.957,6294446.302
PI588,I03,FLXF-93,5456,13,17,2025-10-21 22:13:15.244251,339451.957,6294446.302
PI588,I10,FLXF-96,4452,12,16,2025-10-21 22:13:15.244252,339451.957,6294446.302
PI588,I10,FLXL-51,7524,19,27,2025-10-21 22:13:15.244253,339451.957,6294446.302
PI588,509,FLXD-60,4222,8,12,2025-10-21 22:13:15.244254,339451.957,6294446.302
PI588,509,FLXK-26,9468,25,60,2025-10-21 22:13:15.244255,339451.957,6294446.302
PG1309,G18,SHXB-41,2616,8,10,2025-10-21 22:13:17.093281,346766.144,6288043.479
PG1309,G18,SFGY-86,7032,18,26,2025-10-21 22:13:17.093286,346766.144,6288043.479
PI1098,111,FLXX-66,1315,0,5,2025-10-21 22:13:19.058831,335104.455,6284650.174
PI1098,111,FLXY-27,9150,21,29,2025-10-21 22:13:19.058837,335104.455,6284650.174
PI1098,113,FLXW-66,727,0,3,2025-10-21 22:13:19.058838,335104.455,6284650.174
PI1098,113,FLXZ-68,2804,9,11,2025-10-21 22:13:19.058839,335104.455,6284650.174
PI1098,113E,FLXX-63,56,0,3,2025-10-21 22:13:19.058840,335104.455,6284650.174
PI1098,I11,FLXZ-11,620,0,3,2025-10-21 22:13:19.058841,335104.455,6284650.174
PI1098,I11,FLXZ-15,8462,19,27,2025-10-21 22:13:19.058842,335104.455,6284650.174
PI841,I16,FLXK-88,2053,0,5,2025-10-21 22:13:20.909043,342703.583,6297137.195
PA446,506E,PFXB-24,1097,0,3,2025-10-21 22:13:24.278235,347311.25,6296720.25
PA446,506E,TBFS-44,1254,0,3,2025-10-21 22:13:24.278240,347311.25,6296720.25
PA446,506V,PFXC-69,1329,0,3,2025-10-21 22:13:24.278241,347311.25,6296720.25
PA446,506V,FLXV-94,6616,16,22,2025-10-21 22:13:24.278242,347311.25,6296720.25
PA446,507,TBFV-95,2161,5,7,2025-10-21 22:13:24.278243,347311.25,6296720.25
PA446,507,PFWZ-59,5401,12,16,2025-10-21 22:13:24.278243,347311.25,6296720.25
PA446,510,TBFW-61,1321,0,5,2025-10-21 22:13:24.278244,347311.25,6296720.25
PA446,510,TBFP-94,5523,13,19,2025-10-21 22:13:24.278245,347311.25,6296720.25
PA446,506,GCBC-68,1979,0,5,2025-10-21 22:13:24.278246,347311.25,6296720.25
PA446,506,TBFT-96,2240,4,6,2025-10-21 22:13:24.278247,347311.25,6296720.25
PA215,301,BJFV-87,2307,8,10,2025-10-21 22:13:26.522563,346225.948,6298139.694
PA215,301,BJFT-28,2695,9,13,2025-10-21 22:13:26.522567,346225.948,6298139.694
PA215,345,FLXD-72,4693,11,15,2025-10-21 22:13:26.522569,346225.948,6298139.694
PA215,345,CJRW-11,10178,25,60,2025-10-21 22:13:26.522569,346225.948,6298139.694
PA215,I09,RWRP-75,2555,5,7,2025-10-21 22:13:26.522570,346225.948,6298139.694
PA215,I09,RWRP-50,3858,8,10,2025-10-21 22:13:26.522571,346225.948,6298139.694
PA215,519,GCBC-42,438,0,3,2025-10-21 22:13:26.522572,346225.948,6298139.694
PA215,519,TBFX-81,5973,13,17,2025-10-21 22:13:26.522573,346225.948,6298139.694
PA215,513,VHZV-91,3509,9,13,2025-10-21 22:13:26.522574,346225.948,6298139.694
PA215,513,VJBC-21,7205,19,27,2025-10-21 22:13:26.522574,346225.948,6298139.694
PA215,210,LZRD-73,576,0,3,2025-10-21 22:13:26.522575,346225.948,6298139.694
PA215,210,LZRF-12,1906,0,4,2025-10-21 22:13:26.522576,346225.948,6298139.694
PA215,210V,VFPV-83,1915,0,4,2025-10-21 22:13:26.522577,346225.948,6298139.694
PA215,210V,VFRF-95,4405,8,12,2025-10-21 22:13:26.522577,346225.948,6298139.694
PA215,385,FLXK-99,7471,17,23,2025-10-21 22:13:26.522579,346225.948,6298139.694
PA215,516,PFXC-70,23,0,3,2025-10-21 22:13:26.522579,346225.948,6298139.694
PA215,516,TBFS-61,1145,0,3,2025-10-21 22:13:26.522580,346225.948,6298139.694
PA215,422,GCBC-43,4880,10,14,2025-10-21 22:13:26.522581,346225.948,6298139.694
PA215,422,FLXV-73,9556,20,28,2025-10-21 22:13:26.522582,346225.948,6298139.694
PA10,I18,FLXZ-41,13048,25,60,2025-10-21 22:13:28.469439,344662.197,6295715.461
PA10,511,FLXV-59,2465,6,8,2025-10-21 22:13:28.469444,344662.197,6295715.461
PA10,511,TBFP-74,7364,18,26,2025-10-21 22:13:28.469445,344662.197,6295715.461
PA10,109,FLXV-97,2211,5,7,2025-10-21 22:13:28.469446,344662.197,6295715.461
PA10,109,PFWZ-88,8752,19,27,2025-10-21 22:13:28.469447,344662.197,6295715.461
PA10,119,BJFT-65,789,0,3,2025-10-21 22:13:28.469448,344662.197,6295715.461
PA10,119,FLXJ-11,5832,12,18,2025-10-21 22:13:28.469449,344662.197,6295715.461
PA10,345,FLXD-72,588,0,3,2025-10-21 22:13:28.469449,344662.197,6295715.461
PA10,345,CJRW-11,6265,14,20,2025-10-21 22:13:28.469450,344662.197,6295715.461
PF360,F07,SPRX-22,1743,0,5,2025-10-21 22:13:31.848998,355263.812,6283638.83
PF360,F07,SPRW-93,7785,17,25,2025-10-21 22:13:31.849003,355263.812,6283638.83
PE325,E02,VKJZ-10,628,0,3,2025-10-21 22:13:33.458059,351594.437,6286926.314
PE325,E12,VFKV-61,517,0,3,2025-10-21 22:13:33.458065,351594.437,6286926.314
PE325,E12,VFKS-68,2747,7,9,2025-10-21 22:13:33.458066,351594.437,6286926.314
PC317,502,GCBF-33,1728,0,5,2025-10-21 22:13:37.246177,349673.18,6300823.42
PC317,502,TBFX-48,8923,25,60,2025-10-21 22:13:37.246182,349673.18,6300823.42
PC317,410,SJPC-50,5429,15,21,2025-10-21 22:13:37.246183,349673.18,6300823.42
PC317,410,LFGJ-93,15723,25,60,2025-10-21 22:13:37.246184,349673.18,6300823.42
PE232,226,VGBS-15,695,0,3,2025-10-21 22:13:39.156750,349702.188,6287924.616
PE232,226,VFPS-99,2413,7,9,2025-10-21 22:13:39.156756,349702.188,6287924.616
PE232,E18,CJRB-14,4557,12,16,2025-10-21 22:13:39.156757,349702.188,6287924.616
PE232,E12,VFKS-68,1,0,3,2025-10-21 22:13:39.156758,349702.188,6287924.616
PE232,E12,VFKV-80,3696,9,13,2025-10-21 22:13:39.156759,349702.188,6287924.616
PH1516,H09,VGRB-93,5477,12,18,2025-10-21 22:13:42.963844,343328.749,6291106.309
PH1516,H09,VGRB-63,11412,25,60,2025-10-21 22:13:42.963850,343328.749,6291106.309
PH1516,121,CJRB-13,567,0,3,2025-10-21 22:13:42.963851,343328.749,6291106.309
PH1516,121,BJFW-51,5378,15,21,2025-10-21 22:13:42.963852,343328.749,6291106.309
PH1516,345,FLXF-98,69,0,3,2025-10-21 22:13:42.963853,343328.749,6291106.309
PH1516,345,FLXF-31,1303,0,5,2025-10-21 22:13:42.963854,343328.749,6291106.309
PJ260,513,VHZV-61,1,0,3,2025-10-21 22:13:44.914778,336972.868,6301175.361
PJ260,513,LXWR-77,1895,4,6,2025-10-21 22:13:44.914783,336972.868,6301175.361
PJ260,J15C,TBFW-74,487,0,3,2025-10-21 22:13:44.914784,336972.868,6301175.361
PC290,405C,PGTV-32,1,0,3,2025-10-21 22:13:46.848932,358827.313,6306288.272
PC290,405C,SPBF-54,1,0,3,2025-10-21 22:13:46.848937,358827.313,6306288.272
PC290,430,PGBY-84,3263,6,8,2025-10-21 22:13:46.848938,358827.313,6306288.272
PC290,430,PGBY-55,10005,25,60,2025-10-21 22:13:46.848939,358827.313,6306288.272
PC290,405,PFTF-82,4631,11,15,2025-10-21 22:13:46.848940,358827.313,6306288.272
PC290,405,PFTV-97,4830,12,16,2025-10-21 22:13:46.848941,358827.313,6306288.272
PC290,406,PFXC-78,2207,5,7,2025-10-21 22:13:46.848942,358827.313,6306288.272
PC290,406,SZZH-67,9406,20,28,2025-10-21 22:13:46.848942,358827.313,6306288.272
PC290,426,BJFC-53,3259,7,9,2025-10-21 22:13:46.848943,358827.313,6306288.272
PC290,426,BJFD-66,3263,7,9,2025-10-21 22:13:46.848944,358827.313,6306288.272
PC290,409,SPBF-33,1,0,3,2025-10-21 22:13:46.848945,358827.313,6306288.272
PC290,409,SKWD-97,10879,18,26,2025-10-21 22:13:46.848946,358827.313,6306288.272
PB126,430,SJPC-22,4064,9,11,2025-10-21 22:13:48.867397,346791.515,6305341.863
PB126,430,SJPD-77,11960,25,60,2025-10-21 22:13:48.867403,346791.515,6305341.863
PB126,435,SJPF-94,1794,0,4,2025-10-21 22:13:48.867404,346791.515,6305341.863
PB126,435,SLLZ-26,9612,17,23,2025-10-21 22:13:48.867405,346791.515,6305341.863
PB126,722,STHJ-74,395,0,3,2025-10-21 22:13:48.867405,346791.515,6305341.863
PB126,425,SHCX-55,3065,5,7,2025-10-21 22:13:48.867406,346791.515,6305341.863
PB126,425,SGPY-83,9669,17,25,2025-10-21 22:13:48.867407,346791.515,6305341.863
PB126,429,SLPC-14,4930,8,10,2025-10-21 22:13:48.867408,346791.515,6305341.863
PB126,429,SJPC-72,10573,20,28,2025-10-21 22:13:48.867408,346791.515,6305341.863
PG327,302,BJFW-79,8263,14,20,2025-10-21 22:13:50.713399,347272.387,6287202.911
PG327,302,BJFW-25,9921,18,26,2025-10-21 22:13:50.713405,347272.387,6287202.911
PG327,E18,CJRB-16,2366,7,9,2025-10-21 22:13:50.713406,347272.387,6287202.911
PG327,229,CJRP-26,313,0,3,2025-10-21 22:13:50.713408,347272.387,6287202.911
PG327,229,LXWT-86,4439,8,12,2025-10-21 22:13:50.713409,347272.387,6287202.911
PJ52,109,CJRW-71,4835,11,15,2025-10-21 22:13:52.103478,343187.369,6298973.74
PJ52,109,PFXC-34,9192,20,28,2025-10-21 22:13:52.103484,343187.369,6298973.74
PJ52,402,PFVH-11,4905,10,14,2025-10-21 22:13:52.103486,343187.369,6298973.74
PJ52,J01,FLXK-44,5322,12,16,2025-10-21 22:13:52.103487,343187.369,6298973.74
PJ52,J01,CJRZ-88,8078,25,60,2025-10-21 22:13:52.103488,343187.369,6298973.74
PJ52,J05,TBFP-56,1272,0,4,2025-10-21 22:13:52.103489,343187.369,6298973.74
PJ52,J05,TBFX-42,8605,17,25,2025-10-21 22:13:52.103490,343187.369,6298973.74
PJ52,J16,TBFT-84,3953,9,11,2025-10-21 22:13:52.103491,343187.369,6298973.74
PJ52,J16,PFXC-64,8956,17,25,2025-10-21 22:13:52.103492,343187.369,6298973.74
PA448,506,GCBC-68,2349,5,7,2025-10-21 22:13:53.994183,346770.52,6296575.19
PA448,506,TBFT-96,2759,6,8,2025-10-21 22:13:53.994188,346770.52,6296575.19
PA448,506E,PFXB-24,1735,0,4,2025-10-21 22:13:53.994189,346770.52,6296575.19
PA448,506E,TBFS-44,1771,0,4,2025-10-21 22:13:53.994189,346770.52,6296575.19
PA448,506V,PFXC-69,1848,0,5,2025-10-21 22:13:53.994190,346770.52,6296575.19
PA448,506V,FLXV-94,7303,17,25,2025-10-21 22:13:53.994191,346770.52,6296575.19
PA448,507,TBFV-95,2720,7,9,2025-10-21 22:13:53.994192,346770.52,6296575.19
PA448,507,PFWZ-59,5941,13,19,2025-10-21 22:13:53.994193,346770.52,6296575.19
PA448,510,TBFW-61,1726,4,6,2025-10-21 22:13:53.994194,346770.52,6296575.19
PA448,510,TBFP-94,5955,14,20,2025-10-21 22:13:53.994194,346770.52,6296575.19
PJ341,J02,VHXJ-82,6834,12,18,2025-10-21 22:13:57.379729,343139.26,6299463.28
PJ341,507,TBFR-40,1046,0,3,2025-10-21 22:13:57.379734,343139.26,6299463.28
PJ341,507,FLXV-80,8311,25,60,2025-10-21 22:13:57.379735,343139.26,6299463.28
PG1423,G34,THTD-76,3327,9,11,2025-10-21 22:13:59.306300,342959.974,6286151.364
PG1423,G22,THTD-22,92,0,3,2025-10-21 22:13:59.306305,342959.974,6286151.364
PG1423,G22,THTF-10,1566,0,5,2025-10-21 22:13:59.306306,342959.974,6286151.364
PG1423,G01,THTG-62,2021,6,8,2025-10-21 22:13:59.306307,342959.974,6286151.364
PG1423,G01,THTF-47,5880,15,21,2025-10-21 22:13:59.306308,342959.974,6286151.364
PB974,B06,SKDH-73,1000,0,4,2025-10-21 22:14:01.216359,345119.271,6305353.749
PB974,B06,SKDG-93,7426,17,25,2025-10-21 22:14:01.216364,345119.271,6305353.749
PB974,B27,FLXT-89,1250,4,6,2025-10-21 22:14:01.216366,345119.271,6305353.749
PB974,B27,FLXT-76,5953,15,21,2025-10-21 22:14:01.216367,345119.271,6305353.749
PD1262,D18,STPS-21,3224,8,10,2025-10-21 22:14:03.201791,353451.632,6298122.464
PD1262,D18,STSK-91,6979,16,22,2025-10-21 22:14:03.201797,353451.632,6298122.464
PB1880,109,PFXC-34,3989,8,12,2025-10-21 22:14:05.107951,341328.38,6302573.14
PB1880,105,SJPF-87,1051,0,4,2025-10-21 22:14:05.107956,341328.38,6302573.14
PB1880,105,SHXG-17,4674,13,19,2025-10-21 22:14:05.107958,341328.38,6302573.14
PB1880,B09,SHCY-49,3169,13,19,2025-10-21 22:14:05.107959,341328.38,6302573.14
PB1880,B09,SHCY-40,10599,25,60,2025-10-21 22:14:05.107960,341328.38,6302573.14
PG730,G08V,FLXV-25,926,0,3,2025-10-21 22:14:07.030668,342168.768,6278177.001
PG730,G37,THTG-55,2542,8,10,2025-10-21 22:14:07.030674,342168.768,6278177.001
PG730,G07,THTD-87,4031,6,8,2025-10-21 22:14:07.030675,342168.768,6278177.001
PG730,G07,THTG-53,9557,15,21,2025-10-21 22:14:07.030676,342168.768,6278177.001
PD1113,D02,SVDD-72,4994,13,19,2025-10-21 22:14:08.952323,358367.237,6295356.999
PD1113,D02,SVDF-81,6989,17,25,2025-10-21 22:14:08.952329,358367.237,6295356.999
PD1113,D11,SVDD-82,632,0,3,2025-10-21 22:14:08.952330,358367.237,6295356.999
PD1113,D11,SVDD-57,7521,16,24,2025-10-21 22:14:08.952331,358367.237,6295356.999
PD1113,D18,SVDD-36,2799,9,11,2025-10-21 22:14:08.952332,358367.237,6295356.999
PD1113,D18,STKX-48,4707,13,17,2025-10-21 22:14:08.952333,358367.237,6295356.999
PC252,542,TBFW-75,59,0,3,2025-10-21 22:14:10.830503,354941.274,6304865.58
PC252,435,SHCX-63,626,0,3,2025-10-21 22:14:10.830508,354941.274,6304865.58
PC252,405,PFYG-46,584,0,3,2025-10-21 22:14:10.830509,354941.274,6304865.58
PC252,502,TBFX-32,1,0,3,2025-10-21 22:14:10.830510,354941.274,6304865.58
PC252,502,BJFH-33,2208,6,8,2025-10-21 22:14:10.830511,354941.274,6304865.58
PI1581,I24,VHSY-45,6082,14,20,2025-10-21 22:14:12.846261,333202.708,6291101.494
PI1581,I24,VHTB-29,11206,25,60,2025-10-21 22:14:12.846266,333202.708,6291101.494
PI1581,I05,VHTB-61,3562,9,11,2025-10-21 22:14:12.846267,333202.708,6291101.494
PI1581,I05,RWRP-42,5170,11,15,2025-10-21 22:14:12.846268,333202.708,6291101.494
PI1581,I09,RWRP-62,350,0,3,2025-10-21 22:14:12.846269,333202.708,6291101.494
PI1581,I09,FLXZ-47,2382,6,8,2025-10-21 22:14:12.846270,333202.708,6291101.494
PI1581,I11,VHSZ-49,600,0,3,2025-10-21 22:14:12.846271,333202.708,6291101.494
PI1581,I11,RWRP-44,5734,14,20,2025-10-21 22:14:12.846272,333202.708,6291101.494
PG1980,G32,THTF-37,300,0,3,2025-10-21 22:14:14.596228,343539.35,6280049.17
PG1980,G32,THTF-55,3317,9,13,2025-10-21 22:14:14.596234,343539.35,6280049.17
PG1980,G08V,FLXV-26,438,0,3,2025-10-21 22:14:14.596235,343539.35,6280049.17
PG1980,G08V,FLXV-25,4984,9,13,2025-10-21 22:14:14.596236,343539.35,6280049.17
PG1980,G38,THTG-78,495,0,3,2025-10-21 22:14:14.596237,343539.35,6280049.17
PG1980,G38,THTD-83,8243,18,26,2025-10-21 22:14:14.596238,343539.35,6280049.17
PJ1793,J20,GCBC-79,2537,7,9,2025-10-21 22:14:18.243637,336069.717,6300760.337
PJ1793,J20,GCBC-65,7419,21,29,2025-10-21 22:14:18.243643,336069.717,6300760.337
PE178,211,FLXX-10,2663,6,8,2025-10-21 22:14:20.091499,350402.931,6287658.469
PE178,211,FLXC-94,7052,14,20,2025-10-21 22:14:20.091505,350402.931,6287658.469
PE178,118,FLXX-77,10841,21,29,2025-10-21 22:14:20.091506,350402.931,6287658.469
PE178,118,FLXX-88,16626,25,60,2025-10-21 22:14:20.091507,350402.931,6287658.469
PI613,423,PFYS-22,7592,19,27,2025-10-21 22:14:21.770122,337444.0,6290129.0
PI613,423,PFYR-62,8960,21,29,2025-10-21 22:14:21.770127,337444.0,6290129.0
PI613,509,FLXK-34,1451,0,4,2025-10-21 22:14:21.770128,337444.0,6290129.0
PI613,509,FDJX-74,7496,16,22,2025-10-21 22:14:21.770129,337444.0,6290129.0
PD728,D10,SVDC-91,2741,8,10,2025-10-21 22:14:23.765632,357850.712,6295716.723
PD728,D10,SVDD-98,2956,8,10,2025-10-21 22:14:23.765639,357850.712,6295716.723
PD728,513,VHZW-21,1,0,3,2025-10-21 22:14:23.765640,357850.712,6295716.723
PD728,513,VHZY-31,6,0,3,2025-10-21 22:14:23.765641,357850.712,6295716.723
PD728,422,TBFW-25,2277,0,5,2025-10-21 22:14:23.765642,357850.712,6295716.723
PD728,422,TBFR-29,2611,5,7,2025-10-21 22:14:23.765643,357850.712,6295716.723
PE163,211,TBYY-72,2454,5,7,2025-10-21 22:14:25.637823,350907.871,6288716.875
PH100,125,FLXT-27,1897,4,6,2025-10-21 22:14:27.606710,345705.661,6294379.253
PH100,125,BJFV-80,8068,17,25,2025-10-21 22:14:27.606715,345705.661,6294379.253
PH100,113,FLXX-67,10394,21,29,2025-10-21 22:14:27.606716,345705.661,6294379.253
PH100,113,FLXY-64,13949,25,60,2025-10-21 22:14:27.606717,345705.661,6294379.253
PH100,H06,CJRX-68,635,0,3,2025-10-21 22:14:27.606718,345705.661,6294379.253
PH100,H06,FLXF-37,5182,13,17,2025-10-21 22:14:27.606719,345705.661,6294379.253
PH100,115,TBFR-16,7509,12,18,2025-10-21 22:14:27.606722,345705.661,6294379.253
PH100,115,TBFW-88,13708,25,60,2025-10-21 22:14:27.606723,345705.661,6294379.253
PE9,104,SKVD-53,1658,8,10,2025-10-21 22:14:29.543529,353026.442,6290155.364
PE9,104,SKWD-62,6314,25,60,2025-10-21 22:14:29.543534,353026.442,6290155.364
PE9,114,SKWD-75,1322,5,7,2025-10-21 22:14:29.543536,353026.442,6290155.364
PE9,114,LDSV-89,7265,19,27,2025-10-21 22:14:29.543537,353026.442,6290155.364
PE9,108,PGPT-37,2658,9,13,2025-10-21 22:14:29.543537,353026.442,6290155.364
PE9,108,PGPT-25,3296,10,14,2025-10-21 22:14:29.543538,353026.442,6290155.364
PE9,102,LBTS-88,2759,9,13,2025-10-21 22:14:29.543539,353026.442,6290155.364
PE9,102,LBTT-20,4468,13,19,2025-10-21 22:14:29.543540,353026.442,6290155.364
PE9,124,SRVG-77,1311,5,7,2025-10-21 22:14:29.543541,353026.442,6290155.364
PE9,712,SHCX-33,3318,6,8,2025-10-21 22:14:29.543542,353026.442,6290155.364
PE9,712,TFYL-48,7764,17,25,2025-10-21 22:14:29.543543,353026.442,6290155.364
PI735,I02,FLXY-73,3254,11,15,2025-10-21 22:14:31.291348,337237.329,6294728.93
PI735,I02,FLXZ-30,6950,19,27,2025-10-21 22:14:31.291354,337237.329,6294728.93
PI1191,385,FLXL-72,1128,0,5,2025-10-21 22:14:32.626875,341883.576,6295480.554
PI1191,385,FLXK-77,2406,6,8,2025-10-21 22:14:32.626880,341883.576,6295480.554
PG1042,G39,SHCX-13,7773,25,60,2025-10-21 22:14:36.375133,342038.982,6284899.28
PG1042,G39,SHCV-49,8384,25,60,2025-10-21 22:14:36.375138,342038.982,6284899.28
PG1042,G09,FLXH-28,629,0,3,2025-10-21 22:14:36.375140,342038.982,6284899.28
PG1042,G09,SFPG-67,7184,19,27,2025-10-21 22:14:36.375141,342038.982,6284899.28
PJ63,412,PFTW-35,312,0,3,2025-10-21 22:14:38.243981,338245.357,6300135.346
PJ63,110,CJRW-73,0,0,3,2025-10-21 22:14:38.243986,338245.357,6300135.346
PJ63,110,FLXD-59,3686,19,27,2025-10-21 22:14:38.243987,338245.357,6300135.346
PB857,214,GCBC-17,2463,8,10,2025-10-21 22:14:40.167202,345099.16,6301855.837
PB857,B10,STHL-95,2973,7,9,2025-10-21 22:14:40.167207,345099.16,6301855.837
PB857,B10,STHK-10,6020,18,26,2025-10-21 22:14:40.167208,345099.16,6301855.837
PB857,B04,SHXG-90,2150,6,8,2025-10-21 22:14:40.167209,345099.16,6301855.837
PI1096,113,FLXW-76,538,0,3,2025-10-21 22:14:42.094862,335105.134,6284723.975
PI1096,I11,FLXZ-17,584,0,3,2025-10-21 22:14:42.094867,335105.134,6284723.975
PE562,323,FLXR-55,4040,9,13,2025-10-21 22:14:44.006739,352130.303,6288207.781
PF445,F15,SPZY-68,1495,0,5,2025-10-21 22:14:45.882521,353592.628,6284023.525
PE50,E17,BJFV-82,3184,10,14,2025-10-21 22:14:47.795697,354901.826,6290513.752
PE50,118,BJFD-65,356,0,3,2025-10-21 22:14:47.795703,354901.826,6290513.752
PE50,118,FLXX-77,18877,25,60,2025-10-21 22:14:47.795704,354901.826,6290513.752
PD651,D05,PGTV-11,1002,0,3,2025-10-21 22:14:49.709176,350001.344,6295717.612
PD651,D05,FLXJ-60,3264,9,13,2025-10-21 22:14:49.709182,350001.344,6295717.612
PD651,511,GCBC-71,7129,17,25,2025-10-21 22:14:49.709183,350001.344,6295717.612
PG1702,211,TBYY-73,3704,8,12,2025-10-21 22:14:51.608488,341497.892,6276246.319
PG1702,211,TBYY-77,6749,16,22,2025-10-21 22:14:51.608493,341497.892,6276246.319
PG1702,G02,FLXP-14,9753,25,60,2025-10-21 22:14:51.608494,341497.892,6276246.319
PD492,510,GCBF-26,52,0,3,2025-10-21 22:14:53.610763,356196.962,6295476.728
PD492,510,GCBF-15,5236,15,21,2025-10-21 22:14:53.610769,356196.962,6295476.728
PD492,516,TBFX-43,4240,14,20,2025-10-21 22:14:53.610770,356196.962,6295476.728
PD492,516,TBFX-24,7149,25,60,2025-10-21 22:14:53.610771,356196.962,6295476.728
PD492,D03,SVDD-66,3436,10,14,2025-10-21 22:14:53.610772,356196.962,6295476.728
PD492,D03,SVDC-51,8715,25,60,2025-10-21 22:14:53.610773,356196.962,6295476.728
PD492,D10,SVDC-91,41,0,3,2025-10-21 22:14:53.610774,356196.962,6295476.728
PD492,D10,SVDD-98,133,0,3,2025-10-21 22:14:53.610775,356196.962,6295476.728
PD492,505,LXWR-85,1092,0,3,2025-10-21 22:14:53.610776,356196.962,6295476.728
PD492,505,VHZW-60,1502,0,4,2025-10-21 22:14:53.610777,356196.962,6295476.728
PA710,422,GCBC-43,5907,13,17,2025-10-21 22:14:55.124932,347630.883,6298554.147
PA710,422,FLXV-73,10752,25,60,2025-10-21 22:14:55.124937,347630.883,6298554.147
PG188,207E,SFWZ-49,210,0,3,2025-10-21 22:14:56.733834,348896.501,6277758.13
PG188,207E,LZPS-25,7860,13,19,2025-10-21 22:14:56.733839,348896.501,6277758.13
PG188,F33,SRVH-71,3248,9,11,2025-10-21 22:14:56.733840,348896.501,6277758.13
PG188,F33,LCTG-29,7956,25,60,2025-10-21 22:14:56.733841,348896.501,6277758.13
PG188,F13,SRPJ-99,5827,15,21,2025-10-21 22:14:56.733842,348896.501,6277758.13
PG188,F13,SRPK-70,6380,17,23,2025-10-21 22:14:56.733843,348896.501,6277758.13
PG188,207,SVPX-48,360,0,3,2025-10-21 22:14:56.733843,348896.501,6277758.13
PG188,207,SDGY-33,1092,0,5,2025-10-21 22:14:56.733844,348896.501,6277758.13
PG188,207C,SFST-34,2462,6,8,2025-10-21 22:14:56.733845,348896.501,6277758.13
PH188,205,RWTP-81,4198,10,14,2025-10-21 22:14:58.628330,347671.304,6292518.955
PH188,227,VGBW-68,4502,8,10,2025-10-21 22:14:58.628336,347671.304,6292518.955
PH188,227,VFPD-51,4823,9,11,2025-10-21 22:14:58.628337,347671.304,6292518.955
PH188,207,LZPR-92,870,0,3,2025-10-21 22:14:58.628338,347671.304,6292518.955
PH188,207,SVPX-54,7653,17,23,2025-10-21 22:14:58.628338,347671.304,6292518.955
PF1163,F24,SPRV-81,789,0,3,2025-10-21 22:15:00.527840,353252.0,6282620.0
PA210,227,VFHK-89,1077,0,3,2025-10-21 22:15:02.464620,348658.65,6296311.37
PA210,227,VFPF-51,7194,15,21,2025-10-21 22:15:02.464627,348658.65,6296311.37
PC592,C01,LDJJ-81,3865,10,14,2025-10-21 22:15:04.345403,360095.718,6308253.943
PC592,C01,LCPW-44,3933,10,14,2025-10-21 22:15:04.345408,360095.718,6308253.943
PC592,C17,SJPC-19,2108,9,11,2025-10-21 22:15:04.345409,360095.718,6308253.943
PI850,I03,FLXF-51,2756,8,10,2025-10-21 22:15:06.229368,339989.201,6295524.696
PH36,102,LCPG-41,1993,0,5,2025-10-21 22:15:08.137337,345817.714,6291824.219
PH36,102,SPZX-98,5681,13,17,2025-10-21 22:15:08.137341,345817.714,6291824.219
PH36,107,PFZK-70,1329,0,5,2025-10-21 22:15:08.137343,345817.714,6291824.219
PH36,107,PGBZ-16,2385,6,8,2025-10-21 22:15:08.137344,345817.714,6291824.219
PH36,108,PFVC-43,6136,14,20,2025-10-21 22:15:08.137345,345817.714,6291824.219
PH36,108,PFYR-80,7624,18,26,2025-10-21 22:15:08.137346,345817.714,6291824.219
PD269,225,SFWZ-91,1,0,3,2025-10-21 22:15:10.119743,352822.194,6292695.894
PD269,225,SFWZ-25,4221,8,12,2025-10-21 22:15:10.119750,352822.194,6292695.894
PD269,712,SHCX-33,77,0,3,2025-10-21 22:15:10.119751,352822.194,6292695.894
PD269,712,TFYL-48,4781,13,17,2025-10-21 22:15:10.119752,352822.194,6292695.894
PA719,201,GCBC-20,387,0,3,2025-10-21 22:15:12.064310,345943.431,6299273.287
PA719,201,GCBB-69,3530,9,13,2025-10-21 22:15:12.064315,345943.431,6299273.287
PA719,271,FLXX-29,4521,10,14,2025-10-21 22:15:12.064316,345943.431,6299273.287
PA719,271,TBYY-71,12921,25,60,2025-10-21 22:15:12.064317,345943.431,6299273.287
PJ107,428,SKPH-72,1370,0,3,2025-10-21 22:15:13.993022,335945.599,6296468.595
PJ107,428,SHCY-26,5008,8,10,2025-10-21 22:15:13.993028,335945.599,6296468.595
PJ107,444,SKPL-28,6925,12,18,2025-10-21 22:15:13.993030,335945.599,6296468.595
PH96,125,BJFV-80,6332,12,18,2025-10-21 22:15:15.912330,344207.79,6294398.42
PH96,113,FLXX-67,8642,16,22,2025-10-21 22:15:15.912336,344207.79,6294398.42
PH96,113,FLXY-64,12309,25,60,2025-10-21 22:15:15.912338,344207.79,6294398.42
PH96,115,TBFR-16,5643,9,13,2025-10-21 22:15:15.912339,344207.79,6294398.42
PH96,115,TBFW-88,12005,18,26,2025-10-21 22:15:15.912339,344207.79,6294398.42
PE261,E12,VFJT-51,12291,25,60,2025-10-21 22:15:19.737512,350009.568,6287385.488
PE261,226,VFPJ-61,239,0,3,2025-10-21 22:15:19.737518,350009.568,6287385.488
PE261,226,VFPB-85,1367,5,7,2025-10-21 22:15:19.737519,350009.568,6287385.488
PE261,E18,BJFV-85,1,0,3,2025-10-21 22:15:19.737520,350009.568,6287385.488
PE261,E18,BJFV-11,1,0,3,2025-10-21 22:15:19.737521,350009.568,6287385.488
PJ447,505,VJBB-51,3311,8,10,2025-10-21 22:15:22.838286,340815.553,6301233.722
PJ447,513,LZPH-26,1341,0,5,2025-10-21 22:15:22.838291,340815.553,6301233.722
PB981,722,STHJ-89,108,0,3,2025-10-21 22:15:26.021487,345799.711,6305310.371
PB981,722,STHR-18,10330,18,26,2025-10-21 22:15:26.021492,345799.711,6305310.371
PE95,204,LZRD-88,4739,8,12,2025-10-21 22:15:27.956882,351221.511,6286526.641
PE95,204,RWTP-82,9430,18,26,2025-10-21 22:15:27.956886,351221.511,6286526.641
PE95,224,VFPJ-25,4265,9,11,2025-10-21 22:15:27.956887,351221.511,6286526.641
PI607,423,PFYS-22,5677,14,20,2025-10-21 22:15:29.846257,337837.293,6291604.419
PI607,423,PFYR-62,6466,15,21,2025-10-21 22:15:29.846263,337837.293,6291604.419
PI607,I02,FLXZ-53,5710,13,19,2025-10-21 22:15:29.846264,337837.293,6291604.419
PI607,I02,FLXY-91,9170,25,60,2025-10-21 22:15:29.846265,337837.293,6291604.419
PI607,509,FDJX-74,5199,12,16,2025-10-21 22:15:29.846265,337837.293,6291604.419
PI607,509,FDJX-72,11743,25,60,2025-10-21 22:15:29.846266,337837.293,6291604.419
PF867,F16,SPRV-93,4450,14,20,2025-10-21 22:15:31.682992,353529.416,6281730.991
PG1445,G08V,FLXV-31,5185,13,19,2025-10-21 22:15:33.601631,343235.461,6281933.36
PG1445,G28,BJFV-32,1611,0,5,2025-10-21 22:15:33.601636,343235.461,6281933.36
PG1445,G28,FLXH-10,7645,17,25,2025-10-21 22:15:33.601637,343235.461,6281933.36
PC956,C17,SHXD-66,1,0,3,2025-10-21 22:15:35.507925,358710.607,6308587.309
PH47,329,FLXR-58,764,0,3,2025-10-21 22:15:37.531978,349521.562,6290710.615
PH47,385,FLXL-68,2491,7,9,2025-10-21 22:15:37.531983,349521.562,6290710.615
PH47,385,FLXK-45,5416,15,21,2025-10-21 22:15:37.531984,349521.562,6290710.615
PE725,E16,VFKT-58,116,0,3,2025-10-21 22:15:39.445367,349896.591,6286000.849
PE725,E18,BJFX-11,2587,13,19,2025-10-21 22:15:39.445373,349896.591,6286000.849
PE725,E18,CJRB-16,5629,20,28,2025-10-21 22:15:39.445374,349896.591,6286000.849
PE725,F05,SPZY-56,941,0,4,2025-10-21 22:15:39.445375,349896.591,6286000.849
PE725,F05,SPZY-37,1449,4,6,2025-10-21 22:15:39.445376,349896.591,6286000.849
PE809,E15C,VFKR-96,290,0,3,2025-10-21 22:15:41.309507,350933.293,6286170.14
PE809,325,VFHW-92,2807,10,14,2025-10-21 22:15:41.309512,350933.293,6286170.14
PE809,325,VFJS-65,7109,25,60,2025-10-21 22:15:41.309513,350933.293,6286170.14
PE14,104,SKWD-28,449,0,3,2025-10-21 22:15:44.589273,353868.646,6288247.966
PE14,104,SKVD-53,3351,10,14,2025-10-21 22:15:44.589278,353868.646,6288247.966
PE14,114,SKWD-75,3255,8,12,2025-10-21 22:15:44.589279,353868.646,6288247.966
PE14,114,LDSV-89,9250,25,60,2025-10-21 22:15:44.589280,353868.646,6288247.966
PE14,102,LBTT-13,738,0,3,2025-10-21 22:15:44.589281,353868.646,6288247.966
PE14,102,LBTS-88,4342,13,17,2025-10-21 22:15:44.589282,353868.646,6288247.966
PE14,124,SRVG-77,3303,10,14,2025-10-21 22:15:44.589282,353868.646,6288247.966
PE14,712,SHCX-33,4606,8,10,2025-10-21 22:15:44.589283,353868.646,6288247.966
PE14,712,TFYL-48,9719,20,28,2025-10-21 22:15:44.589284,353868.646,6288247.966
PD71,104,SKWD-62,3280,11,15,2025-10-21 22:15:46.558972,351501.805,6292544.662
PD71,104,SKWD-38,6287,25,60,2025-10-21 22:15:46.558987,351501.805,6292544.662
PD71,114,LDSV-89,4278,10,14,2025-10-21 22:15:46.558988,351501.805,6292544.662
PD71,106,PFVH-99,4543,12,16,2025-10-21 22:15:46.558989,351501.805,6292544.662
PD71,106,PFYR-70,4687,12,16,2025-10-21 22:15:46.558989,351501.805,6292544.662
PD71,224,VFRD-65,2767,7,9,2025-10-21 22:15:46.558990,351501.805,6292544.662
PD71,212,LZRB-86,4744,12,18,2025-10-21 22:15:46.558991,351501.805,6292544.662
PD71,212,LZPT-38,6595,18,26,2025-10-21 22:15:46.558992,351501.805,6292544.662
PH1430,212,SVPX-44,2665,5,7,2025-10-21 22:15:48.468014,347871.483,6291269.891
PH1430,212,LZPT-39,5001,9,13,2025-10-21 22:15:48.468019,347871.483,6291269.891
PJ370,503,VGVB-47,1194,0,3,2025-10-21 22:15:50.440436,336964.942,6297907.832
PJ370,503,VGVB-93,3927,9,13,2025-10-21 22:15:50.440441,336964.942,6297907.832
PI1437,I25,FLXL-74,5560,12,16,2025-10-21 22:15:53.480736,340837.714,6293424.138
PI1437,I25,FLXL-12,5647,12,16,2025-10-21 22:15:53.480742,340837.714,6293424.138
PI1437,I18,VHTB-31,4211,8,10,2025-10-21 22:15:53.480743,340837.714,6293424.138
PE205,226,VGBS-15,2243,7,9,2025-10-21 22:15:55.636937,350277.424,6286138.106
PE205,226,VFPS-99,3716,11,15,2025-10-21 22:15:55.636942,350277.424,6286138.106
PE205,225,CJRP-83,2241,7,9,2025-10-21 22:15:55.636943,350277.424,6286138.106
PE205,225,SFWZ-81,3707,9,13,2025-10-21 22:15:55.636944,350277.424,6286138.106
PE205,E18,CJRB-14,6179,14,20,2025-10-21 22:15:55.636945,350277.424,6286138.106
PE205,286,SHXB-31,5481,11,15,2025-10-21 22:15:55.636946,350277.424,6286138.106
PE205,286,SHCV-43,11401,25,60,2025-10-21 22:15:55.636947,350277.424,6286138.106
PE205,E09,VKJX-45,2146,9,11,2025-10-21 22:15:55.636948,350277.424,6286138.106
PJ212,418,SKPK-62,2526,4,6,2025-10-21 22:15:57.545320,337783.87,6297298.389
PJ212,514,FDJX-65,3386,7,9,2025-10-21 22:15:57.545326,337783.87,6297298.389
PI606,423,PFYS-22,4547,13,17,2025-10-21 22:16:01.303242,337963.126,6292261.632
PI606,423,PFYR-62,5150,13,19,2025-10-21 22:16:01.303248,337963.126,6292261.632
PI606,I10,FLXL-43,1544,5,7,2025-10-21 22:16:01.303249,337963.126,6292261.632
PI606,I10,FLXL-53,4902,13,17,2025-10-21 22:16:01.303250,337963.126,6292261.632
PI606,I13,FLXH-13,267,0,3,2025-10-21 22:16:01.303251,337963.126,6292261.632
PI606,I13,FLXX-96,6065,25,60,2025-10-21 22:16:01.303252,337963.126,6292261.632
PI606,509,FDJX-74,4131,10,14,2025-10-21 22:16:01.303253,337963.126,6292261.632
PI606,509,FDJX-72,10757,25,60,2025-10-21 22:16:01.303254,337963.126,6292261.632
PG1649,G07,THTG-53,4553,8,10,2025-10-21 22:16:03.197760,339462.846,6276999.936
PF485,F25,LCTG-23,438,0,3,2025-10-21 22:16:05.105151,354092.814,6284424.131
PF485,F25,TXZH-42,4115,9,13,2025-10-21 22:16:05.105156,354092.814,6284424.131
PD1294,D09,SVDC-74,2202,6,8,2025-10-21 22:16:06.966884,351048.76,6297671.462
PD1294,D09,STYX-82,8073,21,29,2025-10-21 22:16:06.966889,351048.76,6297671.462
PE852,226,VFPZ-88,2147,0,5,2025-10-21 22:16:08.857294,352861.182,6285451.602
PB799,B03,LXDH-93,767,0,3,2025-10-21 22:16:10.804861,339529.482,6302306.673
PB799,B03,SKHG-95,3917,12,16,2025-10-21 22:16:10.804867,339529.482,6302306.673
PB799,B20,SKHG-65,2044,6,8,2025-10-21 22:16:10.804868,339529.482,6302306.673
PB799,B20,LXDJ-10,6939,17,23,2025-10-21 22:16:10.804869,339529.482,6302306.673
PE23,712,SHXD-89,1,0,3,2025-10-21 22:16:12.700077,354277.126,6287312.628
PE23,712,SHCY-19,7532,14,20,2025-10-21 22:16:12.700082,354277.126,6287312.628
PE23,104,SKWD-79,255,0,3,2025-10-21 22:16:12.700083,354277.126,6287312.628
PE23,104,SKWD-77,2795,5,7,2025-10-21 22:16:12.700084,354277.126,6287312.628
PE23,102,LBTS-97,3796,6,8,2025-10-21 22:16:12.700085,354277.126,6287312.628
PE23,124,LBTS-89,8818,19,27,2025-10-21 22:16:12.700086,354277.126,6287312.628
PE23,124,TXZH-44,11783,25,60,2025-10-21 22:16:12.700087,354277.126,6287312.628
PC1061,C16,LWTK-45,1,0,3,2025-10-21 22:16:15.883870,357013.71,6300752.58
PC1061,C16,LDTF-48,84,0,3,2025-10-21 22:16:15.883876,357013.71,6300752.58
PC1061,C03,SKDJ-75,5556,12,16,2025-10-21 22:16:15.883877,357013.71,6300752.58
PC1061,C03,SKPK-36,5775,12,16,2025-10-21 22:16:15.883878,357013.71,6300752.58
PC1061,C13,SHXD-64,1619,5,7,2025-10-21 22:16:15.883879,357013.71,6300752.58
PC1061,C13,SGPX-11,10426,25,60,2025-10-21 22:16:15.883880,357013.71,6300752.58
PI1937,I35,SHXG-71,826,0,3,2025-10-21 22:16:17.769802,331684.0,6283294.0
PG1199,G39,SHCX-24,2981,6,8,2025-10-21 22:16:19.668629,341146.778,6283413.751
PG1199,G39,SDSW-73,7475,16,22,2025-10-21 22:16:19.668635,341146.778,6283413.751
PG1199,G09,SCRZ-13,2990,8,10,2025-10-21 22:16:19.668637,341146.778,6283413.751
PG1199,G09,SFPG-70,5558,13,19,2025-10-21 22:16:19.668638,341146.778,6283413.751
PI1489,101,PFVJ-18,3637,8,12,2025-10-21 22:16:21.627494,341536.615,6295932.297
PI1489,101,PFVC-56,10531,25,60,2025-10-21 22:16:21.627499,341536.615,6295932.297
PI1489,481,PFYS-21,1095,0,4,2025-10-21 22:16:21.627501,341536.615,6295932.297
PI1489,I14,CJRB-47,928,7,9,2025-10-21 22:16:21.627502,341536.615,6295932.297
PI1489,I14,CJRW-17,1142,9,11,2025-10-21 22:16:21.627502,341536.615,6295932.297
PB714,B27,FLXT-76,4176,10,14,2025-10-21 22:16:23.066787,344947.787,6304638.272
PB714,B27,FLXT-74,8797,25,60,2025-10-21 22:16:23.066792,344947.787,6304638.272
PB714,B01,SKHF-84,4007,10,14,2025-10-21 22:16:23.066793,344947.787,6304638.272
PC1018,C15,SKPJ-82,7140,14,20,2025-10-21 22:16:24.916900,352542.38,6302850.4
PC1018,C15,SGPY-64,13370,25,60,2025-10-21 22:16:24.916906,352542.38,6302850.4
PC1018,286,SCRZ-38,4068,9,13,2025-10-21 22:16:24.916907,352542.38,6302850.4
PA182,403,PFTW-36,903,0,3,2025-10-21 22:16:26.973037,347003.909,6298434.286
PA182,403,PFVG-82,3571,9,13,2025-10-21 22:16:26.973042,347003.909,6298434.286
PA182,513,LZPH-38,1254,0,5,2025-10-21 22:16:26.973044,347003.909,6298434.286
PA182,513,VHXJ-70,4345,12,16,2025-10-21 22:16:26.973045,347003.909,6298434.286
PA182,210,LZRD-90,744,0,3,2025-10-21 22:16:26.973046,347003.909,6298434.286
PA182,210,RWTP-98,2700,7,9,2025-10-21 22:16:26.973047,347003.909,6298434.286
PA182,210V,VFPZ-38,14100,25,60,2025-10-21 22:16:26.973048,347003.909,6298434.286
PA182,210V,VGKX-82,15367,25,60,2025-10-21 22:16:26.973049,347003.909,6298434.286
PA182,210X,LZRD-96,5925,18,26,2025-10-21 22:16:26.973050,347003.909,6298434.286
PA182,518,GCBC-75,1602,5,7,2025-10-21 22:16:26.973051,347003.909,6298434.286
PA182,518,FLXV-77,4432,13,19,2025-10-21 22:16:26.973052,347003.909,6298434.286
PA57,223,SFGY-15,673,0,3,2025-10-21 22:16:28.995253,346492.34,6296543.06
PA57,201,GCBB-97,2965,9,11,2025-10-21 22:16:28.995258,346492.34,6296543.06
PA57,201,GCBB-56,5712,16,22,2025-10-21 22:16:28.995260,346492.34,6296543.06
PA57,214,GCBB-96,1196,0,4,2025-10-21 22:16:28.995261,346492.34,6296543.06
PA57,214,GCBB-81,1695,5,7,2025-10-21 22:16:28.995262,346492.34,6296543.06
PA57,271,FLXX-17,182,0,3,2025-10-21 22:16:28.995263,346492.34,6296543.06
PA57,271,FLXX-26,3841,13,17,2025-10-21 22:16:28.995264,346492.34,6296543.06
PA57,301,FLXC-48,127,0,3,2025-10-21 22:16:28.995265,346492.34,6296543.06
PA57,301,BJFV-87,2974,9,13,2025-10-21 22:16:28.995266,346492.34,6296543.06
PG21,201,GCBB-73,5880,12,18,2025-10-21 22:16:30.930002,343296.805,6284143.206
PG21,201,GCBB-95,9388,25,60,2025-10-21 22:16:30.930007,343296.805,6284143.206
PG21,211,TBYY-65,4445,8,12,2025-10-21 22:16:30.930008,343296.805,6284143.206
PG21,211,TBZB-17,4872,10,14,2025-10-21 22:16:30.930009,343296.805,6284143.206
PG21,271,FLXX-11,1,0,3,2025-10-21 22:16:30.930010,343296.805,6284143.206
PG21,271,FLXX-20,7009,14,20,2025-10-21 22:16:30.930011,343296.805,6284143.206
PG21,211C,THTF-78,303,0,3,2025-10-21 22:16:30.930012,343296.805,6284143.206
PG21,211C,THTF-67,2589,5,7,2025-10-21 22:16:30.930012,343296.805,6284143.206
PC1,426,FLXD-27,2707,8,12,2025-10-21 22:16:32.933833,349454.72,6299926.03
PC1,426,BJFD-64,12335,25,60,2025-10-21 22:16:32.933846,349454.72,6299926.03
PC1,405,PFBG-33,2246,5,7,2025-10-21 22:16:32.933847,349454.72,6299926.03
PC1,405,PFVK-64,2399,5,7,2025-10-21 22:16:32.933848,349454.72,6299926.03
PC1,517,VHZX-41,2067,6,8,2025-10-21 22:16:32.933849,349454.72,6299926.03
PC1,517,VHZY-60,7765,25,60,2025-10-21 22:16:32.933849,349454.72,6299926.03
PC1,406,TBFR-26,1,0,3,2025-10-21 22:16:32.933850,349454.72,6299926.03
PC1,406,PFXC-80,3962,10,14,2025-10-21 22:16:32.933851,349454.72,6299926.03
PA68,223,SHCV-42,1689,6,8,2025-10-21 22:16:34.743599,346748.73,6296522.7
PA68,223,SFPG-66,3218,8,12,2025-10-21 22:16:34.743604,346748.73,6296522.7
PA68,201,GCBB-69,64,0,3,2025-10-21 22:16:34.743606,346748.73,6296522.7
PA68,201,GCBB-18,1593,0,5,2025-10-21 22:16:34.743607,346748.73,6296522.7
PA68,214,GCBB-59,38,0,3,2025-10-21 22:16:34.743608,346748.73,6296522.7
PA68,214,GCBB-12,4690,11,15,2025-10-21 22:16:34.743609,346748.73,6296522.7
PA68,226,SXKV-96,1,0,3,2025-10-21 22:16:34.743610,346748.73,6296522.7
PA68,226,VFPT-63,1579,4,6,2025-10-21 22:16:34.743611,346748.73,6296522.7
PA68,229,LZPT-44,6003,11,15,2025-10-21 22:16:34.743612,346748.73,6296522.7
PA68,271,FLXX-29,967,0,3,2025-10-21 22:16:34.743615,346748.73,6296522.7
PA68,271,TBYY-71,9311,19,27,2025-10-21 22:16:34.743616,346748.73,6296522.7
PA68,301,BJFW-88,1171,0,3,2025-10-21 22:16:34.743617,346748.73,6296522.7
PA68,301,BJFT-87,1766,0,4,2025-10-21 22:16:34.743618,346748.73,6296522.7
PA68,H06,CJRX-68,3575,10,14,2025-10-21 22:16:34.743619,346748.73,6296522.7
PA68,H06,FLXF-37,7576,19,27,2025-10-21 22:16:34.743620,346748.73,6296522.7
PJ158,426,FLXD-54,2357,7,9,2025-10-21 22:16:36.188662,336369.94,6298276.67
PJ158,426,FLXK-82,6055,16,22,2025-10-21 22:16:36.188668,336369.94,6298276.67
PJ158,402,SHXF-87,1,0,3,2025-10-21 22:16:36.188669,336369.94,6298276.67
PJ158,402,PFYC-49,24,0,3,2025-10-21 22:16:36.188670,336369.94,6298276.67
PJ158,J07,VHZV-71,2175,8,12,2025-10-21 22:16:36.188670,336369.94,6298276.67
PJ158,J07E,VJBB-30,1796,6,8,2025-10-21 22:16:36.188671,336369.94,6298276.67
PJ158,406,FLXV-53,2497,7,9,2025-10-21 22:16:36.188672,336369.94,6298276.67
PJ158,406,GCBD-97,3182,8,10,2025-10-21 22:16:36.188673,336369.94,6298276.67
PJ158,407,PFXC-53,772,0,4,2025-10-21 22:16:36.188674,336369.94,6298276.67
PJ158,407,TBFT-13,3330,11,15,2025-10-21 22:16:36.188674,336369.94,6298276.67
PJ158,422,PFXC-75,3243,8,10,2025-10-21 22:16:36.188676,336369.94,6298276.67
PJ158,422,TBFX-10,8040,17,25,2025-10-21 22:16:36.188676,336369.94,6298276.67
PC637,C09,SGPY-62,2691,6,8,2025-10-21 22:16:38.490144,359937.2,6303726.63
PC637,C09,SHXF-99,11850,25,60,2025-10-21 22:16:38.490149,359937.2,6303726.63
PI236,401,PFYG-65,4024,8,10,2025-10-21 22:16:40.611764,337261.922,6293144.51
PI236,405,PFVK-60,5268,12,16,2025-10-21 22:16:40.611769,337261.922,6293144.51
PI236,405,PFYH-12,5408,13,17,2025-10-21 22:16:40.611770,337261.922,6293144.51
PI236,419,PFYG-91,1242,0,4,2025-10-21 22:16:40.611771,337261.922,6293144.51
PI236,419,PFBG-34,11099,25,60,2025-10-21 22:16:40.611771,337261.922,6293144.51
PI236,421,PFTV-88,908,0,3,2025-10-21 22:16:40.611772,337261.922,6293144.51
PI236,421,PFVL-16,8483,20,28,2025-10-21 22:16:40.611773,337261.922,6293144.51
PI236,I09,FLXZ-16,1889,0,5,2025-10-21 22:16:40.611774,337261.922,6293144.51
PI236,I09,RWRP-77,6068,12,18,2025-10-21 22:16:40.611774,337261.922,6293144.51
PI236,506,TBFW-27,1892,0,4,2025-10-21 22:16:40.611775,337261.922,6293144.51
PI236,506,TBFW-53,9001,16,22,2025-10-21 22:16:40.611776,337261.922,6293144.51
PI236,506V,TBFV-13,6324,12,18,2025-10-21 22:16:40.611777,337261.922,6293144.51
PI236,106,PFVH-97,4143,8,12,2025-10-21 22:16:40.611778,337261.922,6293144.51
PI1600,I35,SFGY-21,1818,4,6,2025-10-21 22:16:42.537965,334510.406,6286901.41
PI1600,I35,SFGY-20,4825,12,16,2025-10-21 22:16:42.537970,334510.406,6286901.41
PI1600,111,FLXY-27,4266,8,12,2025-10-21 22:16:42.537971,334510.406,6286901.41
PI1600,111,FLXX-61,5482,12,16,2025-10-21 22:16:42.537972,334510.406,6286901.41
PI1600,113,FLXW-70,3000,5,7,2025-10-21 22:16:42.537973,334510.406,6286901.41
PI1600,113,FLXZ-78,7090,12,16,2025-10-21 22:16:42.537973,334510.406,6286901.41
PI1600,I11,FLXZ-15,3505,9,11,2025-10-21 22:16:42.537974,334510.406,6286901.41
PJ963,J13,FLXW-38,829,0,3,2025-10-21 22:16:46.588137,338891.152,6300640.495
PJ963,J13,TBFV-97,5349,13,19,2025-10-21 22:16:46.588143,338891.152,6300640.495
PJ963,J13C,TBFW-72,2683,4,6,2025-10-21 22:16:46.588144,338891.152,6300640.495
PD17,117,PFZK-89,2510,7,9,2025-10-21 22:16:48.540340,350778.89,6294159.11
PD17,117,SPBL-85,5692,14,20,2025-10-21 22:16:48.540345,350778.89,6294159.11
PD17,114,LDSV-89,1319,0,5,2025-10-21 22:16:48.540346,350778.89,6294159.11
PD17,103,SPBL-63,3002,9,11,2025-10-21 22:16:48.540347,350778.89,6294159.11
PB713,B01,SKHF-84,3599,9,13,2025-10-21 22:16:50.399601,344691.467,6304654.239
PI853,I03,FLXF-51,3157,8,10,2025-10-21 22:16:52.029622,340058.757,6295011.701
PI853,I03,FLXK-93,7398,18,26,2025-10-21 22:16:52.029627,340058.757,6295011.701
PA618,H13,BJFX-20,1,0,3,2025-10-21 22:16:53.644492,348354.997,6296272.296
PD901,325,VFJD-70,5485,13,19,2025-10-21 22:16:56.956700,351524.649,6291321.959
PD901,325,VFHX-52,10080,25,60,2025-10-21 22:16:56.956706,351524.649,6291321.959
PE869,E10,BJFX-57,2162,6,8,2025-10-21 22:16:58.831925,351138.685,6288934.175
PG1285,G16,SFPG-57,233,0,3,2025-10-21 22:17:00.649653,345806.223,6285939.595
PG1285,G16,SFGY-13,2958,5,7,2025-10-21 22:17:00.649658,345806.223,6285939.595
PF433,210V,VFPK-91,2068,5,7,2025-10-21 22:17:02.559965,354898.885,6283293.273
PF433,F06,TXZH-47,2588,7,9,2025-10-21 22:17:02.559970,354898.885,6283293.273
PF433,F09,SPZX-76,6091,16,24,2025-10-21 22:17:02.559971,354898.885,6283293.273
PE508,418,PGLD-42,1956,5,7,2025-10-21 22:17:04.538869,356025.322,6290009.328
PE508,418,PFYC-44,7348,25,60,2025-10-21 22:17:04.538874,356025.322,6290009.328
PE311,E01,VKJZ-69,759,0,4,2025-10-21 22:17:06.444521,354465.193,6286339.562
PE311,E14,VKJY-65,6182,18,26,2025-10-21 22:17:06.444527,354465.193,6286339.562
PH1498,428,SLLZ-40,3658,8,10,2025-10-21 22:17:08.324142,343647.308,6288052.119
PH1498,428,SJPD-81,3665,8,10,2025-10-21 22:17:08.324148,343647.308,6288052.119
PH1498,444,SJPD-71,7803,15,21,2025-10-21 22:17:08.324149,343647.308,6288052.119
PH1498,444,SKPL-28,17833,25,60,2025-10-21 22:17:08.324150,343647.308,6288052.119
PD63,104,SKWD-62,89,0,3,2025-10-21 22:17:12.119263,351442.705,6295375.357
PD63,104,SKWD-38,3004,13,19,2025-10-21 22:17:12.119268,351442.705,6295375.357
PD63,106,PFVH-99,1337,0,5,2025-10-21 22:17:12.119269,351442.705,6295375.357
PD63,106,PFYR-70,1389,0,5,2025-10-21 22:17:12.119270,351442.705,6295375.357
PD63,212,LZRB-86,1573,5,7,2025-10-21 22:17:12.119271,351442.705,6295375.357
PD63,212,LZPT-38,3262,11,15,2025-10-21 22:17:12.119271,351442.705,6295375.357
PC816,C09,SHCY-31,364,0,3,2025-10-21 22:17:14.104627,360155.1,6304209.99
PC816,C09,LFGK-10,2793,6,8,2025-10-21 22:17:14.104632,360155.1,6304209.99
PC816,C27,SKPJ-41,2108,6,8,2025-10-21 22:17:14.104633,360155.1,6304209.99
PC816,C27,SGPW-54,9670,25,60,2025-10-21 22:17:14.104634,360155.1,6304209.99
PB458,B18,LDJV-45,1270,0,4,2025-10-21 22:17:15.881265,338696.43,6306654.84
PB458,B32,STGZ-28,1514,6,8,2025-10-21 22:17:15.881271,338696.43,6306654.84
PB458,314,FLXL-60,801,0,4,2025-10-21 22:17:15.881272,338696.43,6306654.84
PB458,314,FLXK-15,1291,4,6,2025-10-21 22:17:15.881273,338696.43,6306654.84
PB458,B45,TWPD-94,3596,10,14,2025-10-21 22:17:15.881274,338696.43,6306654.84
PB458,B45,TWPC-57,5317,15,21,2025-10-21 22:17:15.881275,338696.43,6306654.84
PB458,B08,STHB-36,5407,14,20,2025-10-21 22:17:15.881276,338696.43,6306654.84
PB458,430,PGBY-52,8653,21,29,2025-10-21 22:17:15.881277,338696.43,6306654.84
PB458,430,PGBY-56,14786,25,60,2025-10-21 22:17:15.881278,338696.43,6306654.84
PB458,435,SLGT-13,63,0,3,2025-10-21 22:17:15.881279,338696.43,6306654.84
PB458,435,SLPC-32,2572,7,9,2025-10-21 22:17:15.881280,338696.43,6306654.84
PB458,303,FLXF-26,1782,6,8,2025-10-21 22:17:15.881281,338696.43,6306654.84
PB458,303,FLXK-86,4122,11,15,2025-10-21 22:17:15.881282,338696.43,6306654.84
PB458,B12,SKDJ-11,7259,13,17,2025-10-21 22:17:15.881283,338696.43,6306654.84
PB458,428,SHCV-84,381,0,3,2025-10-21 22:17:15.881284,338696.43,6306654.84
PB458,429,SLPC-50,921,0,3,2025-10-21 22:17:15.881285,338696.43,6306654.84
PB458,429,SHCY-99,2355,7,9,2025-10-21 22:17:15.881286,338696.43,6306654.84
PB561,B06,SKDJ-74,3548,11,15,2025-10-21 22:17:17.581915,338575.681,6307714.137
PB561,B06,SPCG-34,8410,25,60,2025-10-21 22:17:17.581921,338575.681,6307714.137
PB561,B21,SKDJ-18,2053,7,9,2025-10-21 22:17:17.581922,338575.681,6307714.137
PB561,B21,SPCG-35,6755,18,26,2025-10-21 22:17:17.581923,338575.681,6307714.137
PB561,425,SHCX-42,4166,12,16,2025-10-21 22:17:17.581924,338575.681,6307714.137
PB561,425,SGPY-91,5904,16,22,2025-10-21 22:17:17.581924,338575.681,6307714.137
PB561,307,VHSY-44,4185,11,15,2025-10-21 22:17:17.581925,338575.681,6307714.137
PB561,307,VHSZ-48,5668,15,21,2025-10-21 22:17:17.581926,338575.681,6307714.137
PB561,307C,VHSY-29,374,0,3,2025-10-21 22:17:17.581927,338575.681,6307714.137
PB561,308,FLXH-38,1144,0,4,2025-10-21 22:17:17.581928,338575.681,6307714.137
PB561,308,FLXH-30,5718,12,16,2025-10-21 22:17:17.581928,338575.681,6307714.137
PB561,308C,TWPD-90,2312,17,25,2025-10-21 22:17:17.581929,338575.681,6307714.137
PB561,B11,SKDG-96,3496,9,13,2025-10-21 22:17:17.581930,338575.681,6307714.137
PB561,B11,SKDJ-25,10660,25,60,2025-10-21 22:17:17.581931,338575.681,6307714.137
PG249,444,SHXF-97,141,0,3,2025-10-21 22:17:19.540188,345100.76,6287272.51
PG249,G34,THTG-97,7134,17,25,2025-10-21 22:17:19.540193,345100.76,6287272.51
PG249,G12,SHXB-10,3784,8,10,2025-10-21 22:17:19.540194,345100.76,6287272.51
PG249,G12,SHXB-12,7981,18,26,2025-10-21 22:17:19.540195,345100.76,6287272.51
PG249,223,SHCX-22,531,0,3,2025-10-21 22:17:19.540196,345100.76,6287272.51
PG249,223,SFGY-90,3832,12,16,2025-10-21 22:17:19.540197,345100.76,6287272.51
PG572,203,SRTK-23,2759,6,8,2025-10-21 22:17:21.435307,345336.739,6284784.81
PG572,203,SRTK-15,3609,9,11,2025-10-21 22:17:21.435315,345336.739,6284784.81
PG572,203C,LZPR-94,8034,16,22,2025-10-21 22:17:21.435318,345336.739,6284784.81
PG572,G13,SFPF-73,1,0,3,2025-10-21 22:17:21.435320,345336.739,6284784.81
PG572,G13,SHXB-38,1061,0,5,2025-10-21 22:17:21.435322,345336.739,6284784.81
PG572,G16,SFPG-36,2557,7,9,2025-10-21 22:17:21.435333,345336.739,6284784.81
PG572,F06,SRVK-73,2405,8,10,2025-10-21 22:17:21.435335,345336.739,6284784.81
PJ960,J13,TBFV-97,3537,9,11,2025-10-21 22:17:22.791929,339156.795,6299472.177
PJ960,J13C,TBFW-72,1,0,3,2025-10-21 22:17:22.791935,339156.795,6299472.177
PJ960,J13C,BFKC-97,2392,5,7,2025-10-21 22:17:22.791936,339156.795,6299472.177
PI266,113,FLXW-76,857,0,3,2025-10-21 22:17:24.727275,334270.141,6285052.717
PI266,I11,FLXZ-17,910,0,3,2025-10-21 22:17:24.727280,334270.141,6285052.717
PB1296,B15,SPCG-86,1740,0,4,2025-10-21 22:17:30.664808,348171.397,6301906.458
PB1296,B17,SHCY-62,3893,25,60,2025-10-21 22:17:30.664813,348171.397,6301906.458
PH140,203,LZPW-13,9853,25,60,2025-10-21 22:17:32.592790,347498.517,6293861.618
PH140,206,SDGY-24,2107,5,7,2025-10-21 22:17:32.592795,347498.517,6293861.618
PH140,206,SVPX-55,4810,14,20,2025-10-21 22:17:32.592796,347498.517,6293861.618
PC780,C28,SGPY-61,1037,0,3,2025-10-21 22:17:34.467749,358825.521,6307899.483
PC780,C28,SHCV-82,8658,17,23,2025-10-21 22:17:34.467754,358825.521,6307899.483
PJ211,418,SKPK-62,1438,0,4,2025-10-21 22:17:36.396408,337515.777,6297355.443
PJ211,514,FDJX-65,2359,5,7,2025-10-21 22:17:36.396414,337515.777,6297355.443
PE388,108,PGPT-37,3380,12,16,2025-10-21 22:17:38.342859,354953.201,6289705.543
PE388,108,PGPT-25,4627,16,22,2025-10-21 22:17:38.342864,354953.201,6289705.543
PE388,322,BJFT-12,3011,8,12,2025-10-21 22:17:38.342865,354953.201,6289705.543
PE388,E03,FLXK-75,3017,7,9,2025-10-21 22:17:38.342866,354953.201,6289705.543
PE388,E03,FLXF-54,3997,9,13,2025-10-21 22:17:38.342867,354953.201,6289705.543
PA707,J02,VHXJ-81,375,0,3,2025-10-21 22:17:40.200811,344102.355,6298303.198
PA707,J02,VHXJ-82,9381,20,28,2025-10-21 22:17:40.200816,344102.355,6298303.198
PA707,I17,FLXL-50,1975,5,7,2025-10-21 22:17:40.200817,344102.355,6298303.198
PA707,J05,TBFP-85,105,0,3,2025-10-21 22:17:40.200818,344102.355,6298303.198
PA707,J05,TBFP-56,3437,9,13,2025-10-21 22:17:40.200819,344102.355,6298303.198
PG1730,F05,SRVL-59,2762,15,21,2025-10-21 22:17:42.162708,346164.285,6286574.044
PG1730,F05,LBTT-14,3262,16,24,2025-10-21 22:17:42.162713,346164.285,6286574.044
PB1410,B21,SKDH-63,957,0,3,2025-10-21 22:17:44.088866,345536.835,6304476.547
PB1410,B21,SKDG-24,6937,16,24,2025-10-21 22:17:44.088871,345536.835,6304476.547
PA817,121,FLXF-52,4322,12,16,2025-10-21 22:17:48.114690,345000.31,6297962.05
PA817,121,CJRX-69,9034,25,60,2025-10-21 22:17:48.114695,345000.31,6297962.05
PA817,J03,FLXH-84,3140,13,17,2025-10-21 22:17:48.114696,345000.31,6297962.05
PA817,J03,CJRZ-82,8502,25,60,2025-10-21 22:17:48.114697,345000.31,6297962.05
PA817,J10,VHZY-10,2807,5,7,2025-10-21 22:17:48.114697,345000.31,6297962.05
PA817,J10,VHZZ-40,7051,15,21,2025-10-21 22:17:48.114698,345000.31,6297962.05
PA817,119,BJFT-65,1749,5,7,2025-10-21 22:17:48.114699,345000.31,6297962.05
PA817,119,FLXJ-11,6620,16,22,2025-10-21 22:17:48.114700,345000.31,6297962.05
PG1763,211,TBYY-73,1301,0,3,2025-10-21 22:17:50.104840,342005.33,6277701.24
PG1763,211,TBYY-77,4334,9,13,2025-10-21 22:17:50.104845,342005.33,6277701.24
PG1763,G02,FLXP-14,7043,16,22,2025-10-21 22:17:50.104846,342005.33,6277701.24
PG1763,G08V,FLXV-32,368,0,3,2025-10-21 22:17:50.104847,342005.33,6277701.24
PG1763,G08V,FLXV-31,13872,25,60,2025-10-21 22:17:50.104848,342005.33,6277701.24
PG1763,G38,THTF-12,3945,9,13,2025-10-21 22:17:50.104849,342005.33,6277701.24
PG1763,G38,THTG-12,4000,9,13,2025-10-21 22:17:50.104850,342005.33,6277701.24
PG1763,G07,THTD-24,4282,9,13,2025-10-21 22:17:50.104851,342005.33,6277701.24
PG1763,G07,THTD-69,8710,20,28,2025-10-21 22:17:50.104851,342005.33,6277701.24
PI1567,506V,SZZY-69,1188,5,7,2025-10-21 22:17:51.596551,335736.998,6286570.216
PI1567,506V,SZZY-86,1487,6,8,2025-10-21 22:17:51.596555,335736.998,6286570.216
PB1673,B16,STHK-28,45,0,3,2025-10-21 22:17:52.950626,343830.331,6308365.781
PB1872,B21,SKDJ-18,4152,13,17,2025-10-21 22:17:54.835610,336620.481,6307705.773
PB1872,B21,SPCG-35,8715,25,60,2025-10-21 22:17:54.835616,336620.481,6307705.773
PG557,F03,FLXG-80,1421,0,5,2025-10-21 22:17:56.133660,347935.188,6278365.746
PG557,F03,FLXJ-36,6419,12,16,2025-10-21 22:17:56.133665,347935.188,6278365.746
PF791,F16,SPVV-92,1746,0,5,2025-10-21 22:17:58.023176,353615.726,6278872.343
PD1301,D10,SVDC-72,4670,11,15,2025-10-21 22:17:59.843662,351958.607,6293114.898
PD1301,D10,SVDF-11,10159,25,60,2025-10-21 22:17:59.843667,351958.607,6293114.898
PE721,E18,BJFX-11,617,0,5,2025-10-21 22:18:01.823515,349192.909,6286093.105
PE721,E18,CJRB-16,3635,13,19,2025-10-21 22:18:01.823520,349192.909,6286093.105
PE721,F05,SPZY-37,62,0,3,2025-10-21 22:18:01.823521,349192.909,6286093.105
PE721,F05,SPZY-16,583,0,3,2025-10-21 22:18:01.823522,349192.909,6286093.105
PD1401,D10,SVDC-13,1730,0,4,2025-10-21 22:18:05.612264,355321.264,6294441.572
PD1401,D10,STWH-39,7619,16,24,2025-10-21 22:18:05.612269,355321.264,6294441.572
PD1401,418,PFYC-72,665,6,8,2025-10-21 22:18:05.612271,355321.264,6294441.572
PD1401,418,SHXF-88,4343,13,19,2025-10-21 22:18:05.612272,355321.264,6294441.572
PD1401,D05,SPBF-59,2785,25,60,2025-10-21 22:18:05.612273,355321.264,6294441.572
PD1401,D07,SVDD-74,1895,0,5,2025-10-21 22:18:05.612274,355321.264,6294441.572
PI286,113,FLXY-64,3435,8,10,2025-10-21 22:18:07.538159,338459.624,6289907.689
PI286,113,FLXW-76,8518,17,25,2025-10-21 22:18:07.538165,338459.624,6289907.689
PI286,115,TBFW-88,2805,4,6,2025-10-21 22:18:07.538166,338459.624,6289907.689
PI595,I03,FLXF-51,4433,10,14,2025-10-21 22:18:09.519277,338962.573,6294155.917
PI595,I03,FLXK-93,7999,21,29,2025-10-21 22:18:09.519282,338962.573,6294155.917
PI595,I10,FLXL-53,1812,0,5,2025-10-21 22:18:09.519283,338962.573,6294155.917
PI595,I10,FLXJ-23,1882,0,5,2025-10-21 22:18:09.519284,338962.573,6294155.917
PI595,509,FDJX-74,851,0,3,2025-10-21 22:18:09.519285,338962.573,6294155.917
PI595,509,FDJX-72,7438,18,26,2025-10-21 22:18:09.519286,338962.573,6294155.917
PJ486,508,FLXX-37,2953,7,9,2025-10-21 22:18:11.438589,337883.257,6300530.475
PJ486,508,CJRZ-81,5259,15,21,2025-10-21 22:18:11.438594,337883.257,6300530.475
PG457,E03,FLXK-70,300,0,3,2025-10-21 22:18:12.742498,346610.724,6289249.656
PI1569,506V,SZZY-86,1858,6,8,2025-10-21 22:18:14.465169,336291.795,6286273.219
PI1569,506V,GCBD-34,4271,12,16,2025-10-21 22:18:14.465174,336291.795,6286273.219
PI1569,115,FLXV-72,382,0,4,2025-10-21 22:18:14.465175,336291.795,6286273.219
PI1569,115,TBFS-39,3761,13,17,2025-10-21 22:18:14.465176,336291.795,6286273.219
PH378,121,CJRX-69,2891,7,9,2025-10-21 22:18:15.855817,345340.919,6293678.859
PH378,121,FLXF-32,9170,25,60,2025-10-21 22:18:15.855822,345340.919,6293678.859
PH378,H06,FLXF-37,2507,6,8,2025-10-21 22:18:15.855823,345340.919,6293678.859
PH378,H06,FLXD-77,8793,20,28,2025-10-21 22:18:15.855824,345340.919,6293678.859
PB1892,B29,LXDJ-13,191,0,3,2025-10-21 22:18:17.852726,335023.211,6301859.471
PD359,418,PFYC-55,5252,25,60,2025-10-21 22:18:19.775542,354338.932,6298318.668
PD359,418,SHXF-29,11757,25,60,2025-10-21 22:18:19.775546,354338.932,6298318.668
PD359,425,SJPB-38,1952,6,8,2025-10-21 22:18:19.775548,354338.932,6298318.668
PD359,425,SJPC-27,2194,7,9,2025-10-21 22:18:19.775548,354338.932,6298318.668
PD359,429,SLPC-48,5344,25,60,2025-10-21 22:18:19.775560,354338.932,6298318.668
PD359,429,SLPB-84,6332,25,60,2025-10-21 22:18:19.775560,354338.932,6298318.668
PC261,542,TBFW-75,1185,0,3,2025-10-21 22:18:23.569721,352569.527,6303484.976
PC261,712,SJPD-98,2355,0,5,2025-10-21 22:18:23.569727,352569.527,6303484.976
PC261,435,SHCX-63,1500,0,5,2025-10-21 22:18:23.569728,352569.527,6303484.976
PC261,405,PFYG-46,1738,0,5,2025-10-21 22:18:23.569729,352569.527,6303484.976
PC261,405,PGBB-56,5146,13,19,2025-10-21 22:18:23.569730,352569.527,6303484.976
PC261,502,TBFX-32,1231,0,5,2025-10-21 22:18:23.569732,352569.527,6303484.976
PC261,502,BJFH-33,2605,7,9,2025-10-21 22:18:23.569741,352569.527,6303484.976
PH719,I05,VHSY-22,842,0,3,2025-10-21 22:18:25.505520,344239.493,6290531.843
PH719,I05,VHSZ-36,10803,25,60,2025-10-21 22:18:25.505525,344239.493,6290531.843
PH719,321,CJRX-58,1016,0,3,2025-10-21 22:18:25.505526,344239.493,6290531.843
PB356,B01,LDJV-46,1,0,3,2025-10-21 22:18:35.185000,343985.801,6304866.485
PB356,B01,TXZH-36,2326,8,10,2025-10-21 22:18:35.185014,343985.801,6304866.485
PB356,272,VFPC-10,1,0,3,2025-10-21 22:18:35.185015,343985.801,6304866.485
PB356,272,VFHT-80,2869,8,10,2025-10-21 22:18:35.185016,343985.801,6304866.485
PG505,F03,SPVW-79,424,0,3,2025-10-21 22:18:37.111385,348015.812,6279128.133
PG505,F03,SPVW-71,2685,6,8,2025-10-21 22:18:37.111391,348015.812,6279128.133
PJ490,508,FLXX-37,3992,11,15,2025-10-21 22:18:38.997990,339112.469,6300408.811
PJ490,508,CJRZ-81,6356,19,27,2025-10-21 22:18:38.997995,339112.469,6300408.811
PH129,226,VFRD-75,2619,6,8,2025-10-21 22:18:40.987743,346418.135,6292223.45
PH129,226,VFPJ-61,6845,15,21,2025-10-21 22:18:40.987749,346418.135,6292223.45
PH129,H24,VGRF-85,3647,9,13,2025-10-21 22:18:40.987751,346418.135,6292223.45
PH129,301,BJFW-89,3004,8,10,2025-10-21 22:18:40.987752,346418.135,6292223.45
PH129,301,BJFX-15,8652,21,29,2025-10-21 22:18:40.987753,346418.135,6292223.45
PH129,H14,FLXR-25,554,0,3,2025-10-21 22:18:40.987754,346418.135,6292223.45
PH129,H14,FLXR-26,3765,9,11,2025-10-21 22:18:40.987755,346418.135,6292223.45
PH129,223,SHCV-45,2674,8,12,2025-10-21 22:18:40.987756,346418.135,6292223.45
PH129,223,SCRZ-37,6019,18,26,2025-10-21 22:18:40.987757,346418.135,6292223.45
PH129,201,GCBC-15,5158,11,15,2025-10-21 22:18:40.987758,346418.135,6292223.45
PH129,201,GCBB-39,7814,16,22,2025-10-21 22:18:40.987759,346418.135,6292223.45
PH129,214,GCBB-31,3451,8,12,2025-10-21 22:18:40.987760,346418.135,6292223.45
PH129,229,LZPT-44,645,0,3,2025-10-21 22:18:40.987761,346418.135,6292223.45
PH129,271,TBYY-71,4294,9,11,2025-10-21 22:18:40.987762,346418.135,6292223.45
PH129,271,FLXX-28,11440,25,60,2025-10-21 22:18:40.987763,346418.135,6292223.45
PC206,406,TBFR-26,813,0,4,2025-10-21 22:18:43.037963,350653.68,6300973.27
PC206,406,PFXC-80,4675,12,16,2025-10-21 22:18:43.037967,350653.68,6300973.27
PC206,407,TBFR-41,1202,0,5,2025-10-21 22:18:43.037968,350653.68,6300973.27
PC206,407,GCBD-25,2258,6,8,2025-10-21 22:18:43.037969,350653.68,6300973.27
PC206,426,FLXD-27,3629,12,16,2025-10-21 22:18:43.037970,350653.68,6300973.27
PC206,426,BJFD-64,13044,25,60,2025-10-21 22:18:43.037970,350653.68,6300973.27
PC206,117,PGBY-89,2074,6,8,2025-10-21 22:18:43.037971,350653.68,6300973.27
PC206,117,SPBS-65,2852,9,11,2025-10-21 22:18:43.037972,350653.68,6300973.27
PC206,412,LXWP-87,469,0,3,2025-10-21 22:18:43.037973,350653.68,6300973.27
PC206,412,PFVG-96,3158,8,12,2025-10-21 22:18:43.037974,350653.68,6300973.27
PC206,418,SHXF-29,5008,12,16,2025-10-21 22:18:43.037974,350653.68,6300973.27
PC206,418,SKPK-62,15300,25,60,2025-10-21 22:18:43.037975,350653.68,6300973.27
PC206,401,PDZS-76,7417,16,24,2025-10-21 22:18:43.037976,350653.68,6300973.27
PC206,401,PFTV-84,13424,25,60,2025-10-21 22:18:43.037977,350653.68,6300973.27
PC206,421,PDYH-84,6580,14,20,2025-10-21 22:18:43.037978,350653.68,6300973.27
PC206,421,PFTV-88,15688,25,60,2025-10-21 22:18:43.037978,350653.68,6300973.27
PE1499,D13,BJFW-54,444,0,3,2025-10-21 22:18:45.104756,350376.0,6290902.0
PE1499,D13,BJFW-42,3410,8,12,2025-10-21 22:18:45.104761,350376.0,6290902.0
PE1499,213E,SRVG-32,1,0,3,2025-10-21 22:18:45.104762,350376.0,6290902.0
PE1499,213E,SRVK-42,2876,7,9,2025-10-21 22:18:45.104763,350376.0,6290902.0
PE1499,210,RWTP-80,45,0,3,2025-10-21 22:18:45.104764,350376.0,6290902.0
PE1499,210,SXKV-90,2497,4,6,2025-10-21 22:18:45.104765,350376.0,6290902.0
PE1499,210V,VFPD-41,792,0,3,2025-10-21 22:18:45.104766,350376.0,6290902.0
PE1499,210V,VFPX-33,8392,17,23,2025-10-21 22:18:45.104767,350376.0,6290902.0
PE1499,224,VFRD-65,6520,16,22,2025-10-21 22:18:45.104767,350376.0,6290902.0
PJ224,J17,FLXG-34,2120,0,5,2025-10-21 22:18:47.708278,335971.75,6297705.94
PJ224,418,PFYC-60,2786,6,8,2025-10-21 22:18:47.708283,335971.75,6297705.94
PJ224,418,SHCY-22,2944,7,9,2025-10-21 22:18:47.708284,335971.75,6297705.94
PJ224,503,VGVB-47,1837,0,4,2025-10-21 22:18:47.708285,335971.75,6297705.94
PJ224,503,VGVB-93,4053,9,11,2025-10-21 22:18:47.708286,335971.75,6297705.94
PI682,I25,FLXL-74,5816,12,16,2025-10-21 22:18:49.658161,340680.159,6292862.729
PI682,I25,FLXL-12,6373,12,18,2025-10-21 22:18:49.658166,340680.159,6292862.729
PI682,I01,FLXL-40,4996,10,14,2025-10-21 22:18:49.658167,340680.159,6292862.729
PI682,I01,FLXG-16,7252,14,20,2025-10-21 22:18:49.658168,340680.159,6292862.729
PI682,I18,VHTB-31,4327,9,13,2025-10-21 22:18:49.658169,340680.159,6292862.729
PC797,C17,SHXD-66,3351,7,9,2025-10-21 22:18:51.297604,355394.571,6310104.755
PB1493,116,LCPW-37,165,0,3,2025-10-21 22:18:52.692870,348843.868,6305674.353
PB1493,116,LDJJ-69,1132,0,3,2025-10-21 22:18:52.692875,348843.868,6305674.353
PB1493,117,PGTT-89,2323,6,8,2025-10-21 22:18:52.692876,348843.868,6305674.353
PB1493,117,PGBY-89,9222,25,60,2025-10-21 22:18:52.692877,348843.868,6305674.353
PB1493,C18,SHXF-42,15,0,3,2025-10-21 22:18:52.692878,348843.868,6305674.353
PG1338,G18,SHXB-33,86,0,3,2025-10-21 22:18:54.564408,346800.503,6288044.49
PG1338,G18,SDSW-48,4686,12,16,2025-10-21 22:18:54.564416,346800.503,6288044.49
PD874,D05,SPBP-94,1273,0,4,2025-10-21 22:18:56.398494,353019.48,6295261.311
PD874,D05,SPBF-59,5454,25,60,2025-10-21 22:18:56.398499,353019.48,6295261.311
PD657,513,VJJX-48,3908,8,12,2025-10-21 22:19:00.243146,354765.989,6296371.928
PD657,225,SFWB-96,3238,6,8,2025-10-21 22:19:00.243151,354765.989,6296371.928
PD657,225,SFWB-84,12945,25,60,2025-10-21 22:19:00.243152,354765.989,6296371.928
PI1238,I04,FLXD-90,861,0,3,2025-10-21 22:19:01.859942,339387.617,6291712.679
PI1238,I04,FLXL-13,3713,9,11,2025-10-21 22:19:01.859947,339387.617,6291712.679
PI1238,I14,FLXF-27,1142,6,8,2025-10-21 22:19:01.859948,339387.617,6291712.679
PI1238,I14,CJRW-17,6587,25,60,2025-10-21 22:19:01.859948,339387.617,6291712.679
PI1238,I18,FLXZ-46,166,0,3,2025-10-21 22:19:01.859949,339387.617,6291712.679
PI1238,I18,VHTB-31,6494,16,22,2025-10-21 22:19:01.859950,339387.617,6291712.679
PC825,C09,SHXF-99,2832,8,10,2025-10-21 22:19:03.551856,357756.938,6301770.621
PC825,C09,SHCY-31,3661,9,13,2025-10-21 22:19:03.551864,357756.938,6301770.621
PC825,C37,SGPX-13,2472,5,7,2025-10-21 22:19:03.551867,357756.938,6301770.621
PA293,119,BJFT-65,445,0,3,2025-10-21 22:19:05.400170,344999.206,6297439.513
PA293,119,FLXJ-11,5541,12,16,2025-10-21 22:19:05.400176,344999.206,6297439.513
PA293,121,FLXF-52,3224,8,12,2025-10-21 22:19:05.400177,344999.206,6297439.513
PA293,121,CJRX-69,8154,18,26,2025-10-21 22:19:05.400178,344999.206,6297439.513
PF997,F01,SPVW-85,111,0,3,2025-10-21 22:19:07.251837,358988.5,6280148.801
PF997,F01,SPVT-74,5001,13,17,2025-10-21 22:19:07.251842,358988.5,6280148.801
PF997,F01C,SPVV-66,1256,0,5,2025-10-21 22:19:07.251843,358988.5,6280148.801
PF997,F01C,SPVW-78,3812,10,14,2025-10-21 22:19:07.251844,358988.5,6280148.801
PF997,F24,SPRV-91,2800,7,9,2025-10-21 22:19:07.251845,358988.5,6280148.801
PF997,F24,SPRV-71,6306,12,16,2025-10-21 22:19:07.251846,358988.5,6280148.801
PF997,F29,SPVW-86,3393,9,11,2025-10-21 22:19:07.251847,358988.5,6280148.801
PF997,F29,SPVT-79,8159,25,60,2025-10-21 22:19:07.251848,358988.5,6280148.801
PF997,712,SHCW-62,3413,8,10,2025-10-21 22:19:07.251849,358988.5,6280148.801
PF997,712,SHCW-81,8403,17,23,2025-10-21 22:19:07.251850,358988.5,6280148.801
PJ159,406,FLXV-53,2080,6,8,2025-10-21 22:19:09.318279,336041.458,6298325.153
PJ159,406,GCBD-97,2956,8,10,2025-10-21 22:19:09.318285,336041.458,6298325.153
PJ159,407,PFXC-53,180,0,3,2025-10-21 22:19:09.318286,336041.458,6298325.153
PJ159,407,TBFT-13,2464,7,9,2025-10-21 22:19:09.318287,336041.458,6298325.153
PJ159,422,PFXC-75,3337,8,10,2025-10-21 22:19:09.318288,336041.458,6298325.153
PJ159,422,TBFX-10,7245,16,22,2025-10-21 22:19:09.318289,336041.458,6298325.153
PJ159,426,FLXD-54,2075,6,8,2025-10-21 22:19:09.318290,336041.458,6298325.153
PJ159,426,FLXK-82,5626,14,20,2025-10-21 22:19:09.318291,336041.458,6298325.153
PJ159,402,SJPC-73,11943,25,60,2025-10-21 22:19:09.318293,336041.458,6298325.153
PJ159,402,PFYC-53,13967,25,60,2025-10-21 22:19:09.318294,336041.458,6298325.153
PJ159,J07,VHZV-71,2124,7,9,2025-10-21 22:19:09.318295,336041.458,6298325.153
PJ159,J07E,VJBB-30,1890,4,6,2025-10-21 22:19:09.318296,336041.458,6298325.153
PG895,G23,SFWB-24,492,0,3,2025-10-21 22:19:11.222526,347888.356,6282637.722
PG895,G05,SCRZ-33,2424,5,7,2025-10-21 22:19:11.222531,347888.356,6282637.722
PG895,G05,SHXG-80,5501,17,25,2025-10-21 22:19:11.222532,347888.356,6282637.722
PG895,G35,SFPG-58,192,0,3,2025-10-21 22:19:11.222533,347888.356,6282637.722
PG895,G35,SDSW-53,4949,12,16,2025-10-21 22:19:11.222534,347888.356,6282637.722
PG895,G13,SCRZ-35,5251,15,21,2025-10-21 22:19:11.222535,347888.356,6282637.722
PG895,G13,SFPF-73,4856,15,21,2025-10-21 22:19:11.222536,347888.356,6282637.722
PB325,B11,SKDJ-90,4532,16,22,2025-10-21 22:19:13.163022,347207.879,6302486.22
PB325,B11,SKDJ-78,13619,25,60,2025-10-21 22:19:13.163028,347207.879,6302486.22
PB325,203,LZPT-40,1031,0,3,2025-10-21 22:19:13.163029,347207.879,6302486.22
PB325,203,LXWT-91,9179,25,60,2025-10-21 22:19:13.163030,347207.879,6302486.22
PB325,208,SRTK-47,2789,12,16,2025-10-21 22:19:13.163031,347207.879,6302486.22
PB325,208,SRTH-19,4972,25,60,2025-10-21 22:19:13.163032,347207.879,6302486.22
PJ295,502,TBFV-10,5351,13,17,2025-10-21 22:19:16.303503,341976.749,6300272.707
PJ295,502,TBFR-59,11047,25,60,2025-10-21 22:19:16.303508,341976.749,6300272.707
PJ295,J05,TBFP-85,3108,8,12,2025-10-21 22:19:16.303509,341976.749,6300272.707
PJ295,J05,TBFP-56,6855,18,26,2025-10-21 22:19:16.303510,341976.749,6300272.707
PJ295,542,TBFT-44,1456,0,3,2025-10-21 22:19:16.303511,341976.749,6300272.707
PJ295,542,TBFT-57,4170,25,60,2025-10-21 22:19:16.303512,341976.749,6300272.707
PI9,101,PFYR-63,38,0,3,2025-10-21 22:19:18.431216,339954.312,6294863.667
PI9,101,PFVJ-18,4813,11,15,2025-10-21 22:19:18.431221,339954.312,6294863.667
PI9,481,PFYS-21,2755,8,10,2025-10-21 22:19:18.431223,339954.312,6294863.667
PI9,I04,FLXK-97,790,0,3,2025-10-21 22:19:18.431224,339954.312,6294863.667
PI9,I14,CJRW-17,2570,9,13,2025-10-21 22:19:18.431225,339954.312,6294863.667
PI9,I14,CJRB-47,2670,9,13,2025-10-21 22:19:18.431226,339954.312,6294863.667
PD902,325,VFJD-70,4818,13,17,2025-10-21 22:19:21.835472,351500.597,6291157.462
PD902,325,VFHX-52,9245,25,60,2025-10-21 22:19:21.835478,351500.597,6291157.462
PA206,227,VFPF-51,3902,8,12,2025-10-21 22:19:23.442352,347478.167,6296054.291
PA206,227,VFHL-66,8978,19,27,2025-10-21 22:19:23.442357,347478.167,6296054.291
PD659,514,PFXC-83,1274,0,5,2025-10-21 22:19:25.279186,353047.897,6296071.144
PD659,514,FLXW-56,4121,12,16,2025-10-21 22:19:25.279191,353047.897,6296071.144
PD659,514C,FLXH-83,1400,0,4,2025-10-21 22:19:25.279193,353047.897,6296071.144
PE1330,E16,VFKT-58,331,0,3,2025-10-21 22:19:27.368939,350529.461,6285071.29
PE1330,325,VFHW-92,3492,13,17,2025-10-21 22:19:27.368944,350529.461,6285071.29
PE1330,325,VFJS-65,7615,25,60,2025-10-21 22:19:27.368945,350529.461,6285071.29
PE1330,225,CJRP-83,1631,6,8,2025-10-21 22:19:27.368946,350529.461,6285071.29
PE1330,225,SFWZ-81,3221,9,13,2025-10-21 22:19:27.368946,350529.461,6285071.29
PE1330,G01,THTD-99,1,0,3,2025-10-21 22:19:27.368947,350529.461,6285071.29
PE1330,G01,THTH-36,1372,4,6,2025-10-21 22:19:27.368948,350529.461,6285071.29
PE1330,G18,SHXB-35,890,0,4,2025-10-21 22:19:27.368949,350529.461,6285071.29
PE1330,G18,SDSW-63,1185,0,5,2025-10-21 22:19:27.368950,350529.461,6285071.29
PE1330,F05,SPZY-56,1140,0,4,2025-10-21 22:19:27.368950,350529.461,6285071.29
PE1330,F05,SPZY-37,1899,5,7,2025-10-21 22:19:27.368952,350529.461,6285071.29
PE1330,E13,VFHX-28,2821,9,13,2025-10-21 22:19:27.368952,350529.461,6285071.29
PE1330,E15C,VFKR-96,1022,0,4,2025-10-21 22:19:27.368953,350529.461,6285071.29
PB684,B01,TXZH-36,672,0,3,2025-10-21 22:19:29.227300,345703.299,6304627.826
PB684,B01,SKHF-84,12511,25,60,2025-10-21 22:19:29.227305,345703.299,6304627.826
PG95,206,LXWT-84,4085,8,10,2025-10-21 22:19:31.155438,348279.371,6287319.66
PG95,206,SDGY-24,7900,16,22,2025-10-21 22:19:31.155443,348279.371,6287319.66
PG95,212,SDGY-18,1947,0,5,2025-10-21 22:19:31.155445,348279.371,6287319.66
PG95,212,LZPG-16,2441,5,7,2025-10-21 22:19:31.155445,348279.371,6287319.66
PG95,216,SRTH-16,625,0,3,2025-10-21 22:19:31.155447,348279.371,6287319.66
PG95,216,LZPT-76,14316,25,60,2025-10-21 22:19:31.155447,348279.371,6287319.66
PG95,233,SFPF-85,1823,12,16,2025-10-21 22:19:31.155448,348279.371,6287319.66
PG95,233,SDSW-79,4089,13,19,2025-10-21 22:19:31.155449,348279.371,6287319.66
PG95,G01,THTD-96,761,0,3,2025-10-21 22:19:31.155450,348279.371,6287319.66
PG95,G01,THTH-35,3794,9,13,2025-10-21 22:19:31.155450,348279.371,6287319.66
PI1196,385,FLXY-83,1973,0,5,2025-10-21 22:19:33.095191,339158.306,6293977.3
PI1196,385,FLXL-72,3733,8,10,2025-10-21 22:19:33.095199,339158.306,6293977.3
PI1196,I17,FLXK-89,153,0,3,2025-10-21 22:19:33.095202,339158.306,6293977.3
PI1196,I17,FLXL-29,667,0,3,2025-10-21 22:19:33.095204,339158.306,6293977.3
PE188,E18,BJFV-11,3204,11,15,2025-10-21 22:19:34.745066,351763.741,6288976.869
PE188,E18,BJFV-85,3240,11,15,2025-10-21 22:19:34.745072,351763.741,6288976.869
PJ372,507,PFWZ-80,724,0,3,2025-10-21 22:19:36.114611,335846.59,6299302.494
PJ372,507,GCBC-48,7454,25,60,2025-10-21 22:19:36.114616,335846.59,6299302.494
PJ372,J02,VHXD-95,3027,7,9,2025-10-21 22:19:36.114617,335846.59,6299302.494
PJ372,J02,VHXJ-81,10185,25,60,2025-10-21 22:19:36.114618,335846.59,6299302.494
PB353,B22,SKPS-48,196,0,3,2025-10-21 22:19:38.015959,344748.568,6304934.658
PB353,272,VFPC-10,33,0,3,2025-10-21 22:19:38.015964,344748.568,6304934.658
PB353,272,VFHT-80,2910,8,12,2025-10-21 22:19:38.015965,344748.568,6304934.658
PD88,104,SKWD-79,4776,9,13,2025-10-21 22:19:39.988512,351549.89,6292504.83
PD88,104,SKWD-77,7572,15,21,2025-10-21 22:19:39.988516,351549.89,6292504.83
PD88,114,SKWD-56,2787,7,9,2025-10-21 22:19:39.988517,351549.89,6292504.83
PD88,114,SKVD-48,9066,19,27,2025-10-21 22:19:39.988518,351549.89,6292504.83
PD88,224,VFPX-13,923,0,3,2025-10-21 22:19:39.988519,351549.89,6292504.83
PD88,224,VFPJ-28,4549,12,16,2025-10-21 22:19:39.988520,351549.89,6292504.83
PD88,212,SVPX-44,7278,17,25,2025-10-21 22:19:39.988520,351549.89,6292504.83
PD88,212,LZPT-39,9453,25,60,2025-10-21 22:19:39.988521,351549.89,6292504.83
PG1564,G07,THTD-24,6800,14,20,2025-10-21 22:19:41.845105,339602.346,6276997.168
PG1564,G07,THTD-69,11256,25,60,2025-10-21 22:19:41.845111,339602.346,6276997.168
PB1006,B12,SKDH-29,5963,12,16,2025-10-21 22:19:43.713674,341671.354,6310886.468
PB1006,B33,SHXF-41,2653,0,5,2025-10-21 22:19:43.713680,341671.354,6310886.468
PB1006,B33,SHCW-61,11917,25,60,2025-10-21 22:19:43.713681,341671.354,6310886.468
PF231,F03,TFSZ-92,1080,0,4,2025-10-21 22:19:45.690423,349517.414,6279019.25
PF231,209,SRTG-95,714,0,3,2025-10-21 22:19:45.690428,349517.414,6279019.25
PF231,209,SRTK-36,1614,4,6,2025-10-21 22:19:45.690429,349517.414,6279019.25
PF231,209C,SDGY-22,2080,7,9,2025-10-21 22:19:45.690430,349517.414,6279019.25
PF231,209C,LXWT-89,4657,16,22,2025-10-21 22:19:45.690431,349517.414,6279019.25
PF231,F18,LCTG-25,115,0,3,2025-10-21 22:19:45.690432,349517.414,6279019.25
PF231,F18,STHF-67,3029,8,10,2025-10-21 22:19:45.690433,349517.414,6279019.25
PG1998,G38,THTG-78,407,0,3,2025-10-21 22:19:47.589993,342616.0,6279410.0
PG1998,G38,THTD-88,4741,9,13,2025-10-21 22:19:47.589998,342616.0,6279410.0
PG1998,G32,THTF-37,659,0,3,2025-10-21 22:19:47.589999,342616.0,6279410.0
PG1998,G32,THTF-55,4121,8,10,2025-10-21 22:19:47.590000,342616.0,6279410.0
PG1998,G08,THTF-66,1248,0,4,2025-10-21 22:19:47.590001,342616.0,6279410.0
PG1998,G08,THTG-69,9448,25,60,2025-10-21 22:19:47.590002,342616.0,6279410.0
PG515,F03,SPVW-79,5797,8,12,2025-10-21 22:19:49.468182,344935.532,6280132.696
PG515,F03,SPVW-71,8089,12,18,2025-10-21 22:19:49.468187,344935.532,6280132.696
PI150,108,PFYS-41,1101,4,6,2025-10-21 22:19:51.803958,336002.67,6290802.63
PI150,108,PFVC-39,5015,16,22,2025-10-21 22:19:51.803963,336002.67,6290802.63
PI150,348,VHSX-97,3974,11,15,2025-10-21 22:19:51.803964,336002.67,6290802.63
PI150,348,VHSX-75,8473,25,60,2025-10-21 22:19:51.803965,336002.67,6290802.63
PI150,I03,FLXK-62,719,0,3,2025-10-21 22:19:51.803966,336002.67,6290802.63
PI150,I03,FLXJ-17,3218,8,10,2025-10-21 22:19:51.803967,336002.67,6290802.63
PI150,I12,FLXY-10,878,0,3,2025-10-21 22:19:51.803968,336002.67,6290802.63
PI150,I12,FLXZ-79,4127,10,14,2025-10-21 22:19:51.803969,336002.67,6290802.63
PI150,I18,VHSY-41,1098,0,5,2025-10-21 22:19:51.803969,336002.67,6290802.63
PI150,I18,FLXZ-46,5310,12,18,2025-10-21 22:19:51.803970,336002.67,6290802.63
PI150,109,CJRZ-91,440,0,3,2025-10-21 22:19:51.803971,336002.67,6290802.63
PI150,109,FDJX-67,2655,4,6,2025-10-21 22:19:51.803972,336002.67,6290802.63
PI150,118,FLXT-11,1342,0,4,2025-10-21 22:19:51.803973,336002.67,6290802.63
PI150,118,FLXX-93,9223,19,27,2025-10-21 22:19:51.803973,336002.67,6290802.63
PI150,I24,VHSY-45,782,0,3,2025-10-21 22:19:51.803974,336002.67,6290802.63
PI150,I24,VHTB-29,5597,11,15,2025-10-21 22:19:51.803975,336002.67,6290802.63
PI150,I05,RWRP-42,528,0,3,2025-10-21 22:19:51.803976,336002.67,6290802.63
PI150,I05,VHSY-37,8737,19,27,2025-10-21 22:19:51.803976,336002.67,6290802.63
PI150,I11,RWRP-44,598,0,3,2025-10-21 22:19:51.803977,336002.67,6290802.63
PI150,I11,FLXY-99,899,0,3,2025-10-21 22:19:51.803978,336002.67,6290802.63
PI986,I24,FLXY-78,2813,0,5,2025-10-21 22:19:53.177280,338729.256,6287882.473
PH623,H09,VGRD-55,161,0,3,2025-10-21 22:19:55.006075,344249.85,6291673.234
PI617,I01,FLXL-22,4519,10,14,2025-10-21 22:19:58.868167,335157.613,6287958.744
PI617,I01,FLXF-14,8955,25,60,2025-10-21 22:19:58.868172,335157.613,6287958.744
PI617,509,FLXS-83,1105,0,5,2025-10-21 22:19:58.868173,335157.613,6287958.744
PI617,509,FLXK-34,3889,9,13,2025-10-21 22:19:58.868174,335157.613,6287958.744
PD146,D26,PGBY-68,6419,14,20,2025-10-21 22:20:00.848442,353053.73,6291015.88
PD146,D26,SPBL-67,8043,20,28,2025-10-21 22:20:00.848447,353053.73,6291015.88
PD146,107,PGRZ-92,1558,0,5,2025-10-21 22:20:00.848448,353053.73,6291015.88
PD146,E17,FLXT-15,688,0,3,2025-10-21 22:20:00.848449,353053.73,6291015.88
PD146,118,FLXX-47,2412,5,7,2025-10-21 22:20:00.848449,353053.73,6291015.88
PI1835,I35,SCRZ-36,1332,0,3,2025-10-21 22:20:02.768040,333299.171,6285825.833
PI1835,I35,SHXG-71,4401,10,14,2025-10-21 22:20:02.768046,333299.171,6285825.833
PD431,D02,SVDC-29,1759,0,5,2025-10-21 22:20:04.932117,351021.294,6297016.991
PD431,114,SKWD-84,3462,9,13,2025-10-21 22:20:04.932121,351021.294,6297016.991
PD431,114,SKWD-56,8170,25,60,2025-10-21 22:20:04.932122,351021.294,6297016.991
PA232,302,BJFT-68,207,0,3,2025-10-21 22:20:06.646070,345646.456,6297908.29
PF923,F13,SRRY-13,1841,5,7,2025-10-21 22:20:08.430187,353778.231,6284572.783
PF923,F13,SRSC-51,3425,8,10,2025-10-21 22:20:08.430192,353778.231,6284572.783
PB785,B35,SLLZ-43,6897,17,23,2025-10-21 22:20:10.300864,346275.614,6306035.102
PB785,C18,SHXD-87,2794,6,8,2025-10-21 22:20:10.300870,346275.614,6306035.102
PB785,C18,SHXF-42,4257,10,14,2025-10-21 22:20:10.300871,346275.614,6306035.102
PD1643,106,PFVJ-28,1948,6,8,2025-10-21 22:20:11.861738,350464.0,6297301.0
PD1643,106,PFVH-98,3360,10,14,2025-10-21 22:20:11.861743,350464.0,6297301.0
PC976,D08,SVDD-40,2537,4,6,2025-10-21 22:20:13.481799,356049.6,6300011.7
PC976,D08,SVDF-54,8142,25,60,2025-10-21 22:20:13.481805,356049.6,6300011.7
PB650,B45,VHSZ-50,2060,9,13,2025-10-21 22:20:15.488387,337500.138,6307425.523
PB650,B45,TWPD-26,4264,17,25,2025-10-21 22:20:15.488392,337500.138,6307425.523
PB650,B43,SHXG-96,6847,25,60,2025-10-21 22:20:15.488393,337500.138,6307425.523
PB650,B43,SJPC-83,16353,25,60,2025-10-21 22:20:15.488393,337500.138,6307425.523
PB650,307E,VHTB-24,507,0,3,2025-10-21 22:20:15.488394,337500.138,6307425.523
PB650,315E,TWPD-56,3850,14,20,2025-10-21 22:20:15.488395,337500.138,6307425.523
PB650,315E,TWPD-36,4168,15,21,2025-10-21 22:20:15.488396,337500.138,6307425.523
PG383,301,BJFX-15,1135,0,4,2025-10-21 22:20:17.384786,344933.0,6285311.0
PG383,301,BJFR-72,1223,0,4,2025-10-21 22:20:17.384791,344933.0,6285311.0
PG383,301C,BJFZ-62,1635,0,5,2025-10-21 22:20:17.384792,344933.0,6285311.0
PG2082,G39,SHCX-13,5130,14,20,2025-10-21 22:20:19.409230,341645.0,6284544.0
PG2082,G39,SHCV-49,6231,18,26,2025-10-21 22:20:19.409239,341645.0,6284544.0
PH640,H09,VGLZ-33,2410,7,9,2025-10-21 22:20:21.255715,349125.687,6292763.872
PH640,H09,VGRD-55,7495,18,26,2025-10-21 22:20:21.255721,349125.687,6292763.872
PJ443,505,VHZX-61,6485,13,19,2025-10-21 22:20:23.206889,339610.33,6301484.07
PF34,F24,SPRY-38,2470,0,5,2025-10-21 22:20:25.150690,355436.918,6283851.579
PF34,F27,SPRW-53,558,0,3,2025-10-21 22:20:25.150705,355436.918,6283851.579
PF34,F27,SPRY-36,1182,0,3,2025-10-21 22:20:25.150706,355436.918,6283851.579
PF34,712,SHXG-95,1375,4,6,2025-10-21 22:20:25.150707,355436.918,6283851.579
PF34,712,SJPD-87,1418,4,6,2025-10-21 22:20:25.150708,355436.918,6283851.579
PF34,F08,SPVT-72,2834,6,8,2025-10-21 22:20:25.150709,355436.918,6283851.579
PF34,F08,SPVT-94,7223,14,20,2025-10-21 22:20:25.150709,355436.918,6283851.579
PD1363,D14,PGBZ-19,2105,5,7,2025-10-21 22:20:27.055439,352515.977,6293627.198
PD1363,D16,SPBG-22,1197,0,5,2025-10-21 22:20:27.055445,352515.977,6293627.198
PI1246,329,FLXR-18,303,0,3,2025-10-21 22:20:32.738002,341375.532,6288576.982
PI1246,329,BJFS-89,2316,6,8,2025-10-21 22:20:32.738007,341375.532,6288576.982
PI1246,H03,BJFS-53,1671,0,5,2025-10-21 22:20:32.738009,341375.532,6288576.982
PI1246,H03,CJRW-46,4382,13,17,2025-10-21 22:20:32.738009,341375.532,6288576.982
PG1726,F05,SRVL-59,1255,9,11,2025-10-21 22:20:34.497146,347027.292,6286429.466
PG1726,F05,LBTT-14,1248,9,11,2025-10-21 22:20:34.497151,347027.292,6286429.466
PC72,C11,SGPY-74,3227,9,11,2025-10-21 22:20:35.930571,352440.37,6302103.05
PC72,C11,SHCV-69,8296,19,27,2025-10-21 22:20:35.930576,352440.37,6302103.05
PC72,C15,SKPJ-82,6735,13,19,2025-10-21 22:20:35.930578,352440.37,6302103.05
PC72,C20,SGPY-63,340,0,3,2025-10-21 22:20:35.930579,352440.37,6302103.05
PC72,C20,SPCG-75,2119,9,11,2025-10-21 22:20:35.930580,352440.37,6302103.05
PC72,425,SJPB-35,1006,0,4,2025-10-21 22:20:35.930581,352440.37,6302103.05
PC72,425,SHCX-55,8043,21,29,2025-10-21 22:20:35.930582,352440.37,6302103.05
PC72,712,SJPD-98,3100,7,9,2025-10-21 22:20:35.930583,352440.37,6302103.05
PC72,C22,SPCG-53,2723,8,10,2025-10-21 22:20:35.930584,352440.37,6302103.05
PC72,286,SCRZ-38,3245,8,12,2025-10-21 22:20:35.930585,352440.37,6302103.05
PC72,722,STHJ-74,3455,6,8,2025-10-21 22:20:35.930586,352440.37,6302103.05
PC72,C18,SHXD-91,2142,4,6,2025-10-21 22:20:35.930587,352440.37,6302103.05
PC72,C18,SJPC-33,13633,25,60,2025-10-21 22:20:35.930588,352440.37,6302103.05
PC274,503,VHLP-48,3499,10,14,2025-10-21 22:20:38.000369,349215.69,6299901.87
PC274,503,LZPG-54,6534,17,25,2025-10-21 22:20:38.000374,349215.69,6299901.87
PC274,406,TBFW-93,2516,8,10,2025-10-21 22:20:38.000375,349215.69,6299901.87
PC274,406,TBFR-79,5944,16,22,2025-10-21 22:20:38.000376,349215.69,6299901.87
PC274,407,GCBD-20,775,0,4,2025-10-21 22:20:38.000378,349215.69,6299901.87
PC274,407,FLXV-91,3681,11,15,2025-10-21 22:20:38.000379,349215.69,6299901.87
PC274,426,BJFD-41,396,0,3,2025-10-21 22:20:38.000380,349215.69,6299901.87
PC274,426,BJFJ-25,1883,5,7,2025-10-21 22:20:38.000381,349215.69,6299901.87
PD1200,D18,STSK-91,2367,5,7,2025-10-21 22:20:39.895324,354113.131,6299042.274
PD1200,D18,SPBL-70,8087,20,28,2025-10-21 22:20:39.895330,354113.131,6299042.274
PD1200,412,PFVG-94,2998,9,11,2025-10-21 22:20:39.895331,354113.131,6299042.274
PJ456,505,VJJV-28,7656,21,29,2025-10-21 22:20:41.820889,342752.644,6300190.193
PJ456,505,LZPH-34,7673,21,29,2025-10-21 22:20:41.820895,342752.644,6300190.193
PJ456,513,LXWR-89,248,0,3,2025-10-21 22:20:41.820897,342752.644,6300190.193
PJ456,513,LXWS-35,2547,6,8,2025-10-21 22:20:41.820898,342752.644,6300190.193
PJ456,J01,FLXD-42,866,0,4,2025-10-21 22:20:41.820899,342752.644,6300190.193
PJ456,J01,BJFF-49,1345,5,7,2025-10-21 22:20:41.820900,342752.644,6300190.193
PI688,I18,VHTB-31,4936,13,19,2025-10-21 22:20:43.707015,339483.48,6292489.76
PI688,I01,FLXF-14,1,0,3,2025-10-21 22:20:43.707020,339483.48,6292489.76
PI688,I01,FLXL-40,5493,12,18,2025-10-21 22:20:43.707021,339483.48,6292489.76
PJ81,111,FLXY-67,163,0,3,2025-10-21 22:20:45.633454,338507.654,6296094.906
PJ81,111,FLXY-21,14645,25,60,2025-10-21 22:20:45.633459,338507.654,6296094.906
PJ81,110,CJRZ-78,451,0,3,2025-10-21 22:20:45.633461,338507.654,6296094.906
PJ81,110,TBFX-77,3900,10,14,2025-10-21 22:20:45.633462,338507.654,6296094.906
PG257,212,SDGY-10,3272,8,10,2025-10-21 22:20:47.593115,347873.697,6282593.461
PG257,212,SDGY-18,6950,16,22,2025-10-21 22:20:47.593120,347873.697,6282593.461
PG257,216,SDGY-29,70,0,3,2025-10-21 22:20:47.593121,347873.697,6282593.461
PG257,216,LZPW-19,275,0,3,2025-10-21 22:20:47.593122,347873.697,6282593.461
PG257,G23,SFWB-61,3671,13,17,2025-10-21 22:20:47.593123,347873.697,6282593.461
PG257,G23,SFWB-46,3764,13,19,2025-10-21 22:20:47.593123,347873.697,6282593.461
PG257,G05,SFPF-99,1,0,3,2025-10-21 22:20:47.593124,347873.697,6282593.461
PG257,G05,SFPG-47,3945,10,14,2025-10-21 22:20:47.593125,347873.697,6282593.461
PG257,G13,SFGY-76,1759,7,9,2025-10-21 22:20:47.593126,347873.697,6282593.461
PB863,B04,SHXG-90,1519,0,5,2025-10-21 22:20:49.498027,345564.579,6300175.754
PB863,B04,SHXF-20,6966,17,25,2025-10-21 22:20:49.498032,345564.579,6300175.754
PC58,425,SJPB-24,632,0,3,2025-10-21 22:20:51.520126,352517.648,6302060.99
PC58,425,SHXG-85,7734,15,21,2025-10-21 22:20:51.520130,352517.648,6302060.99
PC58,286,SHXB-17,3858,7,9,2025-10-21 22:20:51.520132,352517.648,6302060.99
PC58,286,SHCV-37,8524,16,22,2025-10-21 22:20:51.520132,352517.648,6302060.99
PC58,722,STGZ-62,3776,10,14,2025-10-21 22:20:51.520133,352517.648,6302060.99
PC58,712,SJPC-75,1847,4,6,2025-10-21 22:20:51.520134,352517.648,6302060.99
PC58,712,SHCW-68,6050,15,21,2025-10-21 22:20:51.520135,352517.648,6302060.99
PC58,C15,SGPY-64,304,0,3,2025-10-21 22:20:51.520136,352517.648,6302060.99
PI1116,I12,FLXY-35,5462,10,14,2025-10-21 22:20:52.835703,339644.658,6289302.447
PI1116,I12,FLXY-28,10544,25,60,2025-10-21 22:20:52.835707,339644.658,6289302.447
PD734,D07,SVDD-41,1,0,3,2025-10-21 22:20:55.942613,358235.418,6294858.417
PD734,516,PFXB-80,1,0,3,2025-10-21 22:20:55.942619,358235.418,6294858.417
PD734,422,PFWZ-89,360,0,3,2025-10-21 22:20:55.942620,358235.418,6294858.417
PC879,C11,SKPJ-80,3153,8,10,2025-10-21 22:20:57.874151,354617.29,6304197.267
PF57,204,LZRD-70,855,0,4,2025-10-21 22:20:59.895353,351751.61,6282894.2
PF57,204,RWTP-84,2795,7,9,2025-10-21 22:20:59.895359,351751.61,6282894.2
PF57,224,VGKX-42,615,0,3,2025-10-21 22:20:59.895361,351751.61,6282894.2
PF57,224,VFPW-73,7098,17,25,2025-10-21 22:20:59.895362,351751.61,6282894.2
PB18,107,PGTV-29,318,0,3,2025-10-21 22:21:01.810015,344350.064,6303201.867
PB18,107,PGRZ-74,5800,16,22,2025-10-21 22:21:01.810020,344350.064,6303201.867
PB18,101,PFVG-61,3241,7,9,2025-10-21 22:21:01.810021,344350.064,6303201.867
PD906,117,PGBY-70,102,0,3,2025-10-21 22:21:03.682847,351654.243,6291153.396
PD906,325,VFJD-79,4957,11,15,2025-10-21 22:21:03.682852,351654.243,6291153.396
PD906,325,VFJD-31,9989,25,60,2025-10-21 22:21:03.682853,351654.243,6291153.396
PB955,B06,SKDH-30,1480,4,6,2025-10-21 22:21:05.575012,337537.978,6308027.777
PG261,G02,FLXP-14,4223,11,15,2025-10-21 22:21:07.419646,342528.513,6280147.537
PI187,109,CJRZ-91,2175,5,7,2025-10-21 22:21:09.331091,334228.544,6290628.136
PI187,109,FDJX-67,3804,9,11,2025-10-21 22:21:09.331097,334228.544,6290628.136
PI704,I01,FLXL-22,3507,9,11,2025-10-21 22:21:11.201309,335776.913,6288062.947
PI704,I01,FLXF-14,7798,17,25,2025-10-21 22:21:11.201314,335776.913,6288062.947
PH461,H24,VGRG-34,486,0,3,2025-10-21 22:21:13.095489,349175.201,6292497.678
PH461,H24,VGRF-85,6137,15,21,2025-10-21 22:21:13.095496,349175.201,6292497.678
PJ584,J01,FLXK-44,598,0,3,2025-10-21 22:21:14.976381,343108.791,6300174.783
PJ584,J01,CJRZ-88,4600,11,15,2025-10-21 22:21:14.976386,343108.791,6300174.783
PJ185,J07E,VJBB-30,40,0,3,2025-10-21 22:21:18.861870,336603.177,6298190.878
PJ185,J10,VHZY-40,1376,0,5,2025-10-21 22:21:18.861875,336603.177,6298190.878
PJ185,J10,VJBB-41,7353,18,26,2025-10-21 22:21:18.861876,336603.177,6298190.878
PJ185,406,FLXV-53,848,0,3,2025-10-21 22:21:18.861877,336603.177,6298190.878
PJ185,406,GCBD-97,1688,5,7,2025-10-21 22:21:18.861878,336603.177,6298190.878
PJ185,407,TBFT-13,838,0,4,2025-10-21 22:21:18.861879,336603.177,6298190.878
PJ185,407,PFXC-77,10394,25,60,2025-10-21 22:21:18.861880,336603.177,6298190.878
PJ185,422,PFXC-75,1831,0,4,2025-10-21 22:21:18.861880,336603.177,6298190.878
PJ185,422,TBFX-10,5839,13,19,2025-10-21 22:21:18.861881,336603.177,6298190.878
PJ185,426,FLXD-54,336,0,3,2025-10-21 22:21:18.861882,336603.177,6298190.878
PJ185,426,FLXK-82,4383,11,15,2025-10-21 22:21:18.861883,336603.177,6298190.878
PJ185,402,SJPC-73,10932,25,60,2025-10-21 22:21:18.861884,336603.177,6298190.878
PJ185,402,PFYC-53,12718,25,60,2025-10-21 22:21:18.861884,336603.177,6298190.878
PJ185,J07,VHZV-71,678,0,3,2025-10-21 22:21:18.861885,336603.177,6298190.878
PG238,212,TBZB-16,223,0,3,2025-10-21 22:21:20.782130,346631.754,6282769.93
PG238,G13,SCRZ-35,2612,8,10,2025-10-21 22:21:20.782135,346631.754,6282769.93
PG238,G13,SFPF-73,3240,8,12,2025-10-21 22:21:20.782137,346631.754,6282769.93
PA725,422,PFXC-66,4532,10,14,2025-10-21 22:21:22.263278,343827.88,6298925.66
PA725,422,GCBC-96,7725,20,28,2025-10-21 22:21:22.263283,343827.88,6298925.66
PA725,426,FDJX-76,2658,9,11,2025-10-21 22:21:22.263284,343827.88,6298925.66
PA725,426,BJFD-41,7371,18,26,2025-10-21 22:21:22.263285,343827.88,6298925.66
PA725,B26,FLXP-86,1587,0,5,2025-10-21 22:21:22.263286,343827.88,6298925.66
PA725,513,LXWS-35,1,0,3,2025-10-21 22:21:22.263287,343827.88,6298925.66
PA725,513,LZPH-31,38,0,3,2025-10-21 22:21:22.263287,343827.88,6298925.66
PA725,J02,VHXJ-82,8616,21,29,2025-10-21 22:21:22.263288,343827.88,6298925.66
PA725,507,TBFV-95,5359,16,22,2025-10-21 22:21:22.263289,343827.88,6298925.66
PA725,507,PFWZ-59,9058,25,60,2025-10-21 22:21:22.263290,343827.88,6298925.66
PA725,508,FLXX-84,1210,0,5,2025-10-21 22:21:22.263291,343827.88,6298925.66
PA725,508,FLXH-78,4418,15,21,2025-10-21 22:21:22.263292,343827.88,6298925.66
PA725,406,GCBD-71,4400,11,15,2025-10-21 22:21:22.263293,343827.88,6298925.66
PA725,406,PFXB-73,4649,12,16,2025-10-21 22:21:22.263293,343827.88,6298925.66
PC908,C28,SHCV-82,52,0,3,2025-10-21 22:21:24.213812,356433.238,6311039.433
PF295,F14,SPRW-90,664,0,3,2025-10-21 22:21:26.102995,355573.596,6283330.83
PF295,F14,SPRY-45,5653,15,21,2025-10-21 22:21:26.103000,355573.596,6283330.83
PF295,124,SPZX-43,3298,7,9,2025-10-21 22:21:26.103001,355573.596,6283330.83
PF295,124,SRVG-77,7055,17,23,2025-10-21 22:21:26.103002,355573.596,6283330.83
PI292,113,FLXX-68,1660,0,4,2025-10-21 22:21:28.021504,338129.333,6289725.45
PI292,113,FLXY-61,8060,16,22,2025-10-21 22:21:28.021509,338129.333,6289725.45
PI292,115,TBFS-33,2076,0,5,2025-10-21 22:21:28.021510,338129.333,6289725.45
PI292,115,TBFT-69,5844,11,15,2025-10-21 22:21:28.021511,338129.333,6289725.45
PJ839,J07E,VJBB-60,1071,0,3,2025-10-21 22:21:29.825307,331253.925,6304592.727
PJ839,J07E,VJBB-30,20753,25,60,2025-10-21 22:21:29.825312,331253.925,6304592.727
PB81,B03,SKHG-92,3386,11,15,2025-10-21 22:21:32.834494,341798.36,6302372.69
PB81,B03,LXDH-86,10470,25,60,2025-10-21 22:21:32.834498,341798.36,6302372.69
PB81,105,SHXF-27,2142,5,7,2025-10-21 22:21:32.834500,341798.36,6302372.69
PB81,105,SJPD-96,6367,16,22,2025-10-21 22:21:32.834500,341798.36,6302372.69
PB81,120,SKHF-91,2467,5,7,2025-10-21 22:21:32.834501,341798.36,6302372.69
PB81,120,LFGW-34,9345,19,27,2025-10-21 22:21:32.834502,341798.36,6302372.69
PB81,B20,FLXS-50,623,0,3,2025-10-21 22:21:32.834503,341798.36,6302372.69
PB81,B20,SKHG-57,5862,12,16,2025-10-21 22:21:32.834504,341798.36,6302372.69
PB81,B29,SKHG-74,3465,6,8,2025-10-21 22:21:32.834505,341798.36,6302372.69
PB81,B29,SKHG-89,9598,17,23,2025-10-21 22:21:32.834506,341798.36,6302372.69
PB81,410,LDJX-67,6418,13,19,2025-10-21 22:21:32.834506,341798.36,6302372.69
PB81,410,LDTG-67,9665,25,60,2025-10-21 22:21:32.834507,341798.36,6302372.69
PB81,109,TBFV-20,4149,10,14,2025-10-21 22:21:32.834508,341798.36,6302372.69
PB81,109,FLXV-97,6527,17,25,2025-10-21 22:21:32.834509,341798.36,6302372.69
PI857,I03,FLXF-51,5375,25,60,2025-10-21 22:21:34.716141,338720.729,6292732.435
PI857,I03,FLXK-93,8594,25,60,2025-10-21 22:21:34.716147,338720.729,6292732.435
PI857,I20,FLXL-84,2135,6,8,2025-10-21 22:21:34.716148,338720.729,6292732.435
PC858,C16,LDTC-16,702,0,3,2025-10-21 22:21:36.581278,359489.271,6309962.907
PC858,C16,SGPY-65,4353,9,13,2025-10-21 22:21:36.581283,359489.271,6309962.907
PF149,F03,SPVW-74,3693,10,14,2025-10-21 22:21:38.532461,355261.287,6280651.824
PF149,F03,SPVW-76,6766,18,26,2025-10-21 22:21:38.532466,355261.287,6280651.824
PF149,205C,VFRG-25,8340,19,27,2025-10-21 22:21:38.532467,355261.287,6280651.824
PF149,205C,VFPW-63,9605,25,60,2025-10-21 22:21:38.532468,355261.287,6280651.824
PF149,226,VGKZ-92,3618,10,14,2025-10-21 22:21:38.532468,355261.287,6280651.824
PF149,226,VFPS-89,6030,16,22,2025-10-21 22:21:38.532469,355261.287,6280651.824
PF149,F03C,SHXD-84,2102,9,13,2025-10-21 22:21:38.532470,355261.287,6280651.824
PF149,F03C,SPZX-59,6232,21,29,2025-10-21 22:21:38.532471,355261.287,6280651.824
PJ1762,J16,TBFT-84,8803,25,60,2025-10-21 22:21:40.423743,341581.621,6299730.179
PJ1762,J16,PFXC-64,13489,25,60,2025-10-21 22:21:40.423748,341581.621,6299730.179
PA692,518,GCBC-75,181,0,3,2025-10-21 22:21:43.651045,347427.166,6298665.619
PA692,518,FLXV-77,2576,9,11,2025-10-21 22:21:43.651051,347427.166,6298665.619
PA692,422,GCBC-96,2450,8,10,2025-10-21 22:21:43.651053,347427.166,6298665.619
PA692,422,FLXV-89,5209,17,23,2025-10-21 22:21:43.651054,347427.166,6298665.619
PA692,303,FLXL-66,117,0,3,2025-10-21 22:21:43.651055,347427.166,6298665.619
PA692,303,FLXF-39,207,0,3,2025-10-21 22:21:43.651056,347427.166,6298665.619
PA692,345,FLXF-35,223,0,3,2025-10-21 22:21:43.651057,347427.166,6298665.619
PA692,345,FLXD-78,268,0,3,2025-10-21 22:21:43.651058,347427.166,6298665.619
PD1032,D09,SVDD-49,541,0,3,2025-10-21 22:21:45.495251,352920.967,6297367.643
PD1032,D09,SVDC-50,7648,17,25,2025-10-21 22:21:45.495256,352920.967,6297367.643
PI81,407,PFXC-77,2271,6,8,2025-10-21 22:21:47.366663,342810.196,6297356.106
PI81,407,PFXC-56,3781,10,14,2025-10-21 22:21:47.366668,342810.196,6297356.106
PI81,105,SJPD-96,622,0,4,2025-10-21 22:21:47.366670,342810.196,6297356.106
PI81,105,SJPC-52,5029,13,17,2025-10-21 22:21:47.366670,342810.196,6297356.106
PI81,120,LFGW-34,3560,7,9,2025-10-21 22:21:47.366671,342810.196,6297356.106
PI81,120,SJTD-57,11778,25,60,2025-10-21 22:21:47.366672,342810.196,6297356.106
PB738,C18,SJPC-33,139,0,3,2025-10-21 22:21:49.264478,346476.469,6306168.082
PG306,229,CJRP-26,1785,0,5,2025-10-21 22:21:51.128013,345926.542,6283890.115
PG306,229,LXWT-86,6135,14,20,2025-10-21 22:21:51.128019,345926.542,6283890.115
PG306,G08V,FLXV-17,3376,8,12,2025-10-21 22:21:51.128020,345926.542,6283890.115
PG306,302,BJFS-42,134,0,3,2025-10-21 22:21:51.128021,345926.542,6283890.115
PG306,302,BJFS-93,528,0,3,2025-10-21 22:21:51.128023,345926.542,6283890.115
PG306,G11,THTD-49,1425,0,4,2025-10-21 22:21:51.128024,345926.542,6283890.115
PG306,G11,THTG-86,9508,25,60,2025-10-21 22:21:51.128024,345926.542,6283890.115
PG306,228,THTH-16,540,0,3,2025-10-21 22:21:51.128025,345926.542,6283890.115
PG306,228,THTD-85,2454,7,9,2025-10-21 22:21:51.128026,345926.542,6283890.115
PG306,G08,THTH-20,1,0,3,2025-10-21 22:21:51.128027,345926.542,6283890.115
PG306,G08,THTC-94,2319,5,7,2025-10-21 22:21:51.128029,345926.542,6283890.115
PG1238,G15,THTF-64,715,0,4,2025-10-21 22:21:53.103448,345198.867,6285299.942
PG1238,G16,SFPG-36,38,0,3,2025-10-21 22:21:53.103455,345198.867,6285299.942
PG1238,G16,SFPG-61,3759,9,13,2025-10-21 22:21:53.103457,345198.867,6285299.942
PH1448,214,GCBB-31,328,0,3,2025-10-21 22:21:54.701578,345518.862,6291193.918
PF794,E12,VFHX-21,7224,25,60,2025-10-21 22:21:56.158188,350880.424,6283525.466
PF794,E12,VFJP-53,7819,25,60,2025-10-21 22:21:56.158193,350880.424,6283525.466
PI608,423,PFYS-22,3704,11,15,2025-10-21 22:21:58.072646,337791.948,6291366.84
PI608,423,PFYR-62,3742,11,15,2025-10-21 22:21:58.072651,337791.948,6291366.84
PI608,I02,FLXZ-53,3853,9,13,2025-10-21 22:21:58.072653,337791.948,6291366.84
PI608,I02,FLXY-91,5896,13,19,2025-10-21 22:21:58.072654,337791.948,6291366.84
PI608,509,FDJX-74,3001,7,9,2025-10-21 22:21:58.072655,337791.948,6291366.84
PI608,509,FDJX-72,9929,25,60,2025-10-21 22:21:58.072655,337791.948,6291366.84
PE717,E11,VKJZ-21,9277,25,60,2025-10-21 22:21:59.985172,348826.563,6286199.466
PE717,E18,CJRB-14,6370,16,22,2025-10-21 22:21:59.985179,348826.563,6286199.466
PE717,F05,SPZY-63,2743,8,10,2025-10-21 22:21:59.985180,348826.563,6286199.466
PE717,F05,SRVL-70,7651,21,29,2025-10-21 22:21:59.985181,348826.563,6286199.466
PG1143,G12,SHXB-10,90,0,3,2025-10-21 22:22:01.858864,344925.271,6288039.182
PG1143,G12,SHXB-12,5149,13,17,2025-10-21 22:22:01.858870,344925.271,6288039.182
PD650,511,GCBC-71,3899,9,13,2025-10-21 22:22:03.758497,349906.419,6296113.203
PD650,511,FLXW-35,7396,16,22,2025-10-21 22:22:03.758503,349906.419,6296113.203
PB2031,428,SHCV-76,1917,7,9,2025-10-21 22:22:05.584974,339336.99,6306608.41
PB2031,303,FLXK-86,1720,0,5,2025-10-21 22:22:05.584980,339336.99,6306608.41
PB2031,303,FLXF-44,2632,6,8,2025-10-21 22:22:05.584981,339336.99,6306608.41
PE305,E01,VKJX-74,7394,25,60,2025-10-21 22:22:07.432976,353026.784,6286251.262
PC645,C03,SKPP-16,2356,5,7,2025-10-21 22:22:09.365273,352168.397,6304482.925
PC645,C03,SKDF-79,8373,25,60,2025-10-21 22:22:09.365279,352168.397,6304482.925
PA426,504,TBFW-39,1,0,3,2025-10-21 22:22:11.240487,345235.785,6299503.109
PA426,504,PFXC-36,3892,13,19,2025-10-21 22:22:11.240492,345235.785,6299503.109
PA426,518,GCBC-75,3674,13,19,2025-10-21 22:22:11.240494,345235.785,6299503.109
PA426,518,FLXV-77,6115,25,60,2025-10-21 22:22:11.240495,345235.785,6299503.109
PB1622,B27,FLXT-75,1955,6,8,2025-10-21 22:22:13.119961,344949.317,6304672.045
PH466,348,VHSY-28,3006,9,11,2025-10-21 22:22:15.028288,342973.817,6291600.51
PH466,227,VFPD-51,10164,16,24,2025-10-21 22:22:15.028293,342973.817,6291600.51
PH466,227,VGBW-68,11500,19,27,2025-10-21 22:22:15.028294,342973.817,6291600.51
PH466,H03,CJRW-19,3243,9,11,2025-10-21 22:22:15.028295,342973.817,6291600.51
PH466,H08,CJRW-57,2806,8,10,2025-10-21 22:22:15.028296,342973.817,6291600.51
PE734,E12,VFJT-51,1,0,3,2025-10-21 22:22:17.452713,352537.401,6285372.221
PD550,506,GCBC-80,919,0,3,2025-10-21 22:22:19.355843,355848.957,6295065.866
PD550,507,TBFX-51,2756,9,11,2025-10-21 22:22:19.355847,355848.957,6295065.866
PD550,511,FLXW-35,919,0,3,2025-10-21 22:22:19.355849,355848.957,6295065.866
PF680,F16,SPRW-92,1707,0,5,2025-10-21 22:22:20.982503,353011.261,6281518.469
PD595,508,FLXK-20,2897,8,10,2025-10-21 22:22:22.877596,352501.84,6295147.01
PD595,508,FLXW-63,12541,25,60,2025-10-21 22:22:22.877602,352501.84,6295147.01
PE1315,385,FLXG-65,962,0,4,2025-10-21 22:22:24.748357,350158.623,6290442.816
PJ1638,J07E,VJBB-30,5745,10,14,2025-10-21 22:22:28.519031,330365.659,6298823.893
PA819,203,LZPW-13,7293,19,27,2025-10-21 22:22:31.142588,347261.45,6294826.03
PA819,206,SVPX-55,2878,9,11,2025-10-21 22:22:31.142594,347261.45,6294826.03
PA819,206,SFWB-75,3882,12,16,2025-10-21 22:22:31.142595,347261.45,6294826.03
PA819,385,FLXK-99,8791,19,27,2025-10-21 22:22:31.142596,347261.45,6294826.03
PA819,385,FLXF-38,16057,25,60,2025-10-21 22:22:31.142596,347261.45,6294826.03
PH598,H08,FLXD-67,486,0,3,2025-10-21 22:22:33.461980,341999.136,6289709.651
PI535,506,TBFW-27,720,0,3,2025-10-21 22:22:35.393292,338568.867,6294454.255
PI535,506,TBFW-53,9164,17,25,2025-10-21 22:22:35.393300,338568.867,6294454.255
PI535,506V,TBFV-13,6023,13,19,2025-10-21 22:22:35.393303,338568.867,6294454.255
PI535,506V,GCBC-77,9904,25,60,2025-10-21 22:22:35.393304,338568.867,6294454.255
PB1511,B15,SKDF-78,2120,7,9,2025-10-21 22:22:37.331123,346938.34,6303782.975
PB1511,B15,SPCG-89,3739,12,16,2025-10-21 22:22:37.331128,346938.34,6303782.975
PE304,E01,VKJX-74,6849,20,28,2025-10-21 22:22:39.159562,352786.295,6286231.171
PJ2008,J07E,VJBB-60,7951,10,14,2025-10-21 22:22:41.080634,336168.015,6304524.974
PJ2008,J07E,VJBB-30,27654,25,60,2025-10-21 22:22:41.080639,336168.015,6304524.974
PB1682,B43,SJPC-15,244,0,3,2025-10-21 22:22:42.940552,340130.775,6308297.062
PB1682,B43,SJPB-29,4863,13,19,2025-10-21 22:22:42.940558,340130.775,6308297.062
PB902,214,GCBB-78,2800,8,12,2025-10-21 22:22:44.834122,345322.23,6301140.95
PB902,214,GCBB-59,5292,17,25,2025-10-21 22:22:44.834128,345322.23,6301140.95
PB902,B10,FLXP-69,1007,0,3,2025-10-21 22:22:44.834130,345322.23,6301140.95
PB902,B10,STHL-95,6027,15,21,2025-10-21 22:22:44.834131,345322.23,6301140.95
PB902,B04,SHXF-21,550,0,3,2025-10-21 22:22:44.834132,345322.23,6301140.95
PB902,B04,SKPP-55,2864,10,14,2025-10-21 22:22:44.834133,345322.23,6301140.95
PI101,108,PFVC-46,197,0,3,2025-10-21 22:22:46.755181,335093.945,6290722.85
PI101,108,PFYS-33,6801,18,26,2025-10-21 22:22:46.755187,335093.945,6290722.85
PI101,419,PFBG-34,4318,13,17,2025-10-21 22:22:46.755188,335093.945,6290722.85
PI101,I18,VHTB-36,1824,5,7,2025-10-21 22:22:46.755189,335093.945,6290722.85
PI101,118,BJFH-69,3680,10,14,2025-10-21 22:22:46.755191,335093.945,6290722.85
PJ2009,J07,VHZW-51,7201,13,19,2025-10-21 22:22:48.712055,335789.96,6304837.02
PJ2009,J07,VHZV-71,10373,25,60,2025-10-21 22:22:48.712060,335789.96,6304837.02
PJ2009,B09,SHCY-47,2544,9,13,2025-10-21 22:22:48.712061,335789.96,6304837.02
PJ2009,B09,SHCY-55,4025,16,22,2025-10-21 22:22:48.712062,335789.96,6304837.02
PD1023,D08,SVDD-99,3551,16,24,2025-10-21 22:22:50.680519,357258.553,6295268.462
PD1023,D08,SVDC-56,3902,18,26,2025-10-21 22:22:50.680524,357258.553,6295268.462
PD1023,D09,SVDD-95,1946,5,7,2025-10-21 22:22:50.680525,357258.553,6295268.462
PD1023,D09,STWW-40,6165,16,24,2025-10-21 22:22:50.680526,357258.553,6295268.462
PD1023,D15,SVDC-16,3577,25,60,2025-10-21 22:22:50.680527,357258.553,6295268.462
PD1023,D15,SVDD-43,8653,25,60,2025-10-21 22:22:50.680528,357258.553,6295268.462
PI1324,I14,CJRW-47,2039,5,7,2025-10-21 22:22:52.572935,340393.737,6291027.513
PJ551,510,PFXC-40,1929,0,5,2025-10-21 22:22:56.344702,338118.415,6296616.788
PJ551,J01,FLXD-48,3829,16,24,2025-10-21 22:22:56.344708,338118.415,6296616.788
PJ551,J19,VGVF-88,6241,16,22,2025-10-21 22:22:56.344710,338118.415,6296616.788
PB674,B01,SKHF-84,7924,19,27,2025-10-21 22:22:58.223854,348714.799,6303276.022
PI1473,I21,FLXL-23,2123,5,7,2025-10-21 22:23:00.131323,333593.911,6289379.954
PB159,116,LDJJ-76,185,0,3,2025-10-21 22:23:02.175725,346830.108,6299626.444
PB159,116,LCSX-50,1081,0,3,2025-10-21 22:23:02.175730,346830.108,6299626.444
PB159,203,LXWT-91,4998,15,21,2025-10-21 22:23:02.175731,346830.108,6299626.444
PB159,203,LZPT-52,12281,25,60,2025-10-21 22:23:02.175732,346830.108,6299626.444
PB159,208,SRTH-19,1223,5,7,2025-10-21 22:23:02.175733,346830.108,6299626.444
PB159,208,SRTK-20,1453,6,8,2025-10-21 22:23:02.175734,346830.108,6299626.444
PB159,B03,LXDH-86,2473,9,13,2025-10-21 22:23:02.175735,346830.108,6299626.444
PB159,B03,LXDJ-20,3336,13,17,2025-10-21 22:23:02.175735,346830.108,6299626.444
PI1079,I03,FLXK-93,1046,0,4,2025-10-21 22:23:04.200563,342103.41,6297166.555
PI1079,I10,FLXF-13,325,0,3,2025-10-21 22:23:04.200569,342103.41,6297166.555
PI1079,511,TBFR-95,1,0,3,2025-10-21 22:23:04.200570,342103.41,6297166.555
PI1079,511,FLXV-59,3288,9,13,2025-10-21 22:23:04.200570,342103.41,6297166.555
PI1079,J13,TBFX-74,279,0,3,2025-10-21 22:23:04.200571,342103.41,6297166.555
PI1079,102,LBTS-75,154,0,3,2025-10-21 22:23:04.200572,342103.41,6297166.555
PC319,502,TBFX-48,5483,13,19,2025-10-21 22:23:06.101249,350135.611,6301085.955
PC319,502,BJFB-27,17392,25,60,2025-10-21 22:23:06.101254,350135.611,6301085.955
PI1849,108,PFYS-33,1269,0,4,2025-10-21 22:23:07.956151,333708.28,6287525.21
PI766,111,FLXZ-66,1384,5,7,2025-10-21 22:23:09.895061,338462.162,6296309.429
PI766,111,FLXX-60,3153,11,15,2025-10-21 22:23:09.895066,338462.162,6296309.429
PI766,J08,GCBC-83,1198,0,4,2025-10-21 22:23:09.895067,338462.162,6296309.429
PI766,J08,FLXT-99,6116,16,22,2025-10-21 22:23:09.895068,338462.162,6296309.429
PI766,110,CJRW-73,1011,5,7,2025-10-21 22:23:09.895069,338462.162,6296309.429
PI766,110,FLXD-59,4870,16,24,2025-10-21 22:23:09.895069,338462.162,6296309.429
PI766,110C,FLXV-74,983,0,3,2025-10-21 22:23:09.895071,338462.162,6296309.429
PG1086,G11,THTD-15,870,0,3,2025-10-21 22:23:13.772797,347336.529,6285349.86
PG1086,G11,THTD-49,8023,16,22,2025-10-21 22:23:13.772802,347336.529,6285349.86
PD764,D02,SVDD-48,1043,0,4,2025-10-21 22:23:15.376589,352243.918,6296652.801
PD764,D02,SVDC-93,3855,11,15,2025-10-21 22:23:15.376594,352243.918,6296652.801
PB700,B38,TBFT-49,1,0,3,2025-10-21 22:23:17.025618,341958.603,6304173.782
PB700,B01,LDJV-46,5686,9,13,2025-10-21 22:23:17.025623,341958.603,6304173.782
PB700,B01,TXZH-36,7226,16,22,2025-10-21 22:23:17.025624,341958.603,6304173.782
PB700,B17,SHCX-53,1,0,3,2025-10-21 22:23:17.025625,341958.603,6304173.782
PB700,B17,SHCY-43,1553,5,7,2025-10-21 22:23:17.025626,341958.603,6304173.782
PI1195,385,FLXL-72,2,0,3,2025-10-21 22:23:18.942093,341008.674,6295566.81
PI1195,385,FLXK-77,998,0,3,2025-10-21 22:23:18.942099,341008.674,6295566.81
PD271,227,VFPS-39,8681,20,28,2025-10-21 22:23:20.838862,356272.148,6296581.846
PD271,227,VFHK-89,10259,25,60,2025-10-21 22:23:20.838867,356272.148,6296581.846
PD271,225,LZPR-88,635,0,3,2025-10-21 22:23:20.838868,356272.148,6296581.846
PD271,225,SFWZ-75,3950,9,13,2025-10-21 22:23:20.838869,356272.148,6296581.846
PG39,G09,SHCX-15,1406,0,5,2025-10-21 22:23:22.193436,341945.508,6281870.86
PG39,G09,SCRZ-13,3744,11,15,2025-10-21 22:23:22.193441,341945.508,6281870.86
PG39,G07,THTD-87,4510,12,16,2025-10-21 22:23:22.193443,341945.508,6281870.86
PG39,G07,THTG-53,8829,18,26,2025-10-21 22:23:22.193443,341945.508,6281870.86
PG39,G08,THTD-75,2120,6,8,2025-10-21 22:23:22.193444,341945.508,6281870.86
PG39,F03,SPVV-38,1682,5,7,2025-10-21 22:23:22.193445,341945.508,6281870.86
PG39,G08V,FLXV-26,314,0,3,2025-10-21 22:23:22.193446,341945.508,6281870.86
PG39,G08V,FLXV-25,5362,12,16,2025-10-21 22:23:22.193447,341945.508,6281870.86
PE804,E17,FLXT-15,1617,6,8,2025-10-21 22:23:24.114774,352091.82,6290532.469
PE804,E17,FLXF-49,5447,15,21,2025-10-21 22:23:24.114779,352091.82,6290532.469
PG196,233,SHXB-22,190,0,3,2025-10-21 22:23:26.121093,348898.971,6282408.855
PG196,G13,SDSW-65,2272,8,10,2025-10-21 22:23:26.121099,348898.971,6282408.855
PG196,212,TBZB-16,2127,9,11,2025-10-21 22:23:26.121100,348898.971,6282408.855
PG196,216,LZPT-58,2595,8,10,2025-10-21 22:23:26.121102,348898.971,6282408.855
PI1605,I17,FLXL-35,2752,9,11,2025-10-21 22:23:28.089395,342144.707,6295277.976
PF889,F15,SRVH-11,1,0,3,2025-10-21 22:23:29.993337,350173.731,6278614.243
PF889,F15,SRVH-10,3732,10,14,2025-10-21 22:23:29.993343,350173.731,6278614.243
PH65,121,BJFW-51,3795,12,16,2025-10-21 22:23:32.004835,342624.156,6290098.193
PH65,121,FLXK-72,4651,14,20,2025-10-21 22:23:32.004840,342624.156,6290098.193
PH65,321,FLXR-52,2956,7,9,2025-10-21 22:23:32.004841,342624.156,6290098.193
PH65,125,FLXG-66,2911,9,11,2025-10-21 22:23:32.004842,342624.156,6290098.193
PH65,125,BJFW-38,7618,21,29,2025-10-21 22:23:32.004843,342624.156,6290098.193
PH65,H03,CJRW-19,4693,11,15,2025-10-21 22:23:32.004844,342624.156,6290098.193
PH65,345,BJFS-75,13181,25,60,2025-10-21 22:23:32.004845,342624.156,6290098.193
PH65,345,FLXD-78,14208,25,60,2025-10-21 22:23:32.004845,342624.156,6290098.193
PH65,105,SJPC-56,5453,13,19,2025-10-21 22:23:32.004846,342624.156,6290098.193
PH65,105,SJPC-36,7291,16,24,2025-10-21 22:23:32.004847,342624.156,6290098.193
PH65,120,LFGW-21,1482,0,5,2025-10-21 22:23:32.004848,342624.156,6290098.193
PH65,120,SJTD-65,3791,9,13,2025-10-21 22:23:32.004849,342624.156,6290098.193
PG470,E05,CJRX-36,151,0,3,2025-10-21 22:23:33.872184,346415.251,6288382.95
PI600,I03,FLXF-51,3720,15,21,2025-10-21 22:23:35.779235,338490.333,6293226.721
PI600,I03,FLXK-93,7389,25,60,2025-10-21 22:23:35.779241,338490.333,6293226.721
PI600,I10,FLXJ-23,804,0,4,2025-10-21 22:23:35.779243,338490.333,6293226.721
PI600,I10,FLXL-53,1205,0,5,2025-10-21 22:23:35.779244,338490.333,6293226.721
PI600,I20,FLXL-84,778,0,4,2025-10-21 22:23:35.779245,338490.333,6293226.721
PI600,509,FDJX-74,1,0,3,2025-10-21 22:23:35.779246,338490.333,6293226.721
PI600,509,FDJX-72,6629,15,21,2025-10-21 22:23:35.779247,338490.333,6293226.721
PI600,423,PFYS-22,721,0,3,2025-10-21 22:23:35.779249,338490.333,6293226.721
PI600,423,PFYR-62,738,0,3,2025-10-21 22:23:35.779250,338490.333,6293226.721
PI63,I10,FLXF-96,4064,10,14,2025-10-21 22:23:37.696389,341589.494,6295525.543
PI63,I10,FLXL-51,7588,20,28,2025-10-21 22:23:37.696395,341589.494,6295525.543
PI63,102,SHCW-63,2944,6,8,2025-10-21 22:23:37.696397,341589.494,6295525.543
PI63,102,LCPG-41,4015,8,12,2025-10-21 22:23:37.696398,341589.494,6295525.543
PI63,107,PGBZ-14,1953,5,7,2025-10-21 22:23:37.696399,341589.494,6295525.543
PI63,107,PGPV-86,3179,9,11,2025-10-21 22:23:37.696400,341589.494,6295525.543
PC445,401,PFVK-63,2585,5,7,2025-10-21 22:23:39.674416,356216.68,6300557.32
PC445,401,PFBG-12,4540,9,13,2025-10-21 22:23:39.674421,356216.68,6300557.32
PC445,501,TBFW-55,4900,11,15,2025-10-21 22:23:39.674423,356216.68,6300557.32
PD615,D26,PGBY-68,2441,6,8,2025-10-21 22:23:41.453279,355850.309,6290859.499
PD615,D26,SPBL-67,4645,12,16,2025-10-21 22:23:41.453284,355850.309,6290859.499
PF1165,F26,SPVV-65,4705,10,14,2025-10-21 22:23:42.839265,357218.0,6282255.0
PF1165,F26,SPVW-83,8205,20,28,2025-10-21 22:23:42.839270,357218.0,6282255.0
PB185,425,SJPB-28,757,0,3,2025-10-21 22:23:44.906234,343164.423,6306858.459
PB185,425,SHCY-20,8249,15,21,2025-10-21 22:23:44.906239,343164.423,6306858.459
PB185,429,SHCX-62,762,0,3,2025-10-21 22:23:44.906240,343164.423,6306858.459
PB185,429,SLGS-89,9192,21,29,2025-10-21 22:23:44.906241,343164.423,6306858.459
PB185,B18,LDJW-42,2555,5,7,2025-10-21 22:23:44.906242,343164.423,6306858.459
PD312,D16,SPBG-22,3694,11,15,2025-10-21 22:23:46.861384,353172.86,6297132.88
PD312,D16,SPBF-45,11094,25,60,2025-10-21 22:23:46.861390,353172.86,6297132.88
PG504,F03,SPVW-71,364,0,3,2025-10-21 22:23:48.701229,348027.341,6278976.63
PG504,F03,TFSZ-92,2042,4,6,2025-10-21 22:23:48.701234,348027.341,6278976.63
PD7,103,SPBS-40,1246,0,4,2025-10-21 22:23:50.599378,350785.968,6297650.214
PD7,117,SPBL-85,73,0,3,2025-10-21 22:23:50.599383,350785.968,6297650.214
PD7,117,PGLD-54,1438,0,5,2025-10-21 22:23:50.599385,350785.968,6297650.214
PB1244,B06,SKDJ-74,4736,16,22,2025-10-21 22:23:52.494135,337079.946,6307610.468
PB1244,B06,SPCG-34,9409,25,60,2025-10-21 22:23:52.494141,337079.946,6307610.468
PB1009,B42,FLXJ-94,4963,11,15,2025-10-21 22:23:54.453292,340932.786,6311598.444
PI1510,115,TBFS-39,1108,0,3,2025-10-21 22:23:56.338300,336175.501,6286606.781
PI1510,115,TBFS-33,6697,12,16,2025-10-21 22:23:56.338305,336175.501,6286606.781
PB1155,B11,LDTF-42,5228,25,60,2025-10-21 22:23:58.192364,345124.13,6304904.515
PG1700,216,SRTH-16,3839,10,14,2025-10-21 22:24:00.048907,347929.677,6283332.088
PG1700,216,LZPT-76,17501,25,60,2025-10-21 22:24:00.048912,347929.677,6283332.088
PG1700,F20,LBTS-98,995,0,4,2025-10-21 22:24:00.048914,347929.677,6283332.088
PC29,104,SKWD-81,1,0,3,2025-10-21 22:24:01.947373,351322.571,6298595.801
PC29,104,SKWD-66,2665,9,13,2025-10-21 22:24:01.947379,351322.571,6298595.801
PC29,212,SVPX-56,761,0,5,2025-10-21 22:24:01.947380,351322.571,6298595.801
PC29,212,LZPT-62,2552,10,14,2025-10-21 22:24:01.947381,351322.571,6298595.801
PJ1663,J07,VHZY-81,4090,5,7,2025-10-21 22:24:03.845366,331161.56,6298525.042
PJ1663,J07,VHXJ-44,12613,18,26,2025-10-21 22:24:03.845372,331161.56,6298525.042
PG354,301,BJFT-27,559,0,3,2025-10-21 22:24:07.700889,344537.22,6283533.1
PG354,301,BJFW-49,2309,5,7,2025-10-21 22:24:07.700894,344537.22,6283533.1
PG354,G28,FLXH-10,1748,5,7,2025-10-21 22:24:07.700895,344537.22,6283533.1
PG354,G28,BJFS-84,4908,13,17,2025-10-21 22:24:07.700896,344537.22,6283533.1
PG354,G16,SFPG-31,253,0,3,2025-10-21 22:24:07.700896,344537.22,6283533.1
PG354,G16,SFPG-61,5610,14,20,2025-10-21 22:24:07.700897,344537.22,6283533.1
PI586,I03,FLXF-93,462,0,3,2025-10-21 22:24:09.586281,338863.33,6294051.653
PI586,I03,FLXJ-24,7264,17,25,2025-10-21 22:24:09.586295,338863.33,6294051.653
PI586,I10,FLXF-96,94,0,3,2025-10-21 22:24:09.586296,338863.33,6294051.653
PI586,I10,FLXL-51,3637,11,15,2025-10-21 22:24:09.586297,338863.33,6294051.653
PI586,509,FLXK-26,4813,11,15,2025-10-21 22:24:09.586298,338863.33,6294051.653
PB1647,B26,FLXS-48,3620,10,14,2025-10-21 22:24:11.319925,345604.592,6302071.675
PB1647,B26,FLXP-86,7849,18,26,2025-10-21 22:24:11.319930,345604.592,6302071.675
PE200,E02,VKJW-94,4749,12,16,2025-10-21 22:24:12.685331,350260.628,6286954.837
PE200,E12,VFJT-51,8356,25,60,2025-10-21 22:24:12.685336,350260.628,6286954.837
PE200,225,SFWB-33,76,0,3,2025-10-21 22:24:12.685337,350260.628,6286954.837
PE200,225,SFWZ-91,4589,10,14,2025-10-21 22:24:12.685338,350260.628,6286954.837
PE200,286,SHXB-31,1,0,3,2025-10-21 22:24:12.685339,350260.628,6286954.837
PE200,286,SHCV-43,3200,6,8,2025-10-21 22:24:12.685340,350260.628,6286954.837
PH174,204,VGBX-48,920,0,3,2025-10-21 22:24:14.575546,348895.997,6291665.112
PH174,204,LZRD-88,9020,19,27,2025-10-21 22:24:14.575551,348895.997,6291665.112
PF92,F12,SRVK-90,5990,17,25,2025-10-21 22:24:16.502437,353924.677,6279409.824
PH216,D14,PGLD-76,2841,6,8,2025-10-21 22:24:18.446388,350000.0,6291691.0
PH216,D14,PGBZ-19,6152,13,17,2025-10-21 22:24:18.446393,350000.0,6291691.0
PH216,210,SXKV-90,510,0,3,2025-10-21 22:24:18.446394,350000.0,6291691.0
PH216,210,RYJG-94,4201,10,14,2025-10-21 22:24:18.446395,350000.0,6291691.0
PH216,210V,VFPX-33,5824,12,16,2025-10-21 22:24:18.446396,350000.0,6291691.0
PH216,210V,VFPV-83,7538,15,21,2025-10-21 22:24:18.446397,350000.0,6291691.0
PE148,210,RWTP-96,8161,16,24,2025-10-21 22:24:20.351100,352097.142,6288226.154
PE148,210,LZRD-62,8778,20,28,2025-10-21 22:24:20.351105,352097.142,6288226.154
PE148,210V,VFPK-91,7527,17,25,2025-10-21 22:24:20.351106,352097.142,6288226.154
PE148,210V,VGKY-82,9991,25,60,2025-10-21 22:24:20.351107,352097.142,6288226.154
PE148,213E,SRVG-76,1977,0,5,2025-10-21 22:24:20.351108,352097.142,6288226.154
PE148,213E,SRVG-10,3016,6,8,2025-10-21 22:24:20.351109,352097.142,6288226.154
PD746,D02,SVDD-39,1461,0,5,2025-10-21 22:24:21.877795,356517.597,6297868.709
PD746,D02,SVDC-29,7645,18,26,2025-10-21 22:24:21.877801,356517.597,6297868.709
PJ242,424,TBFX-30,2172,4,6,2025-10-21 22:24:23.509592,338545.322,6295761.604
PI919,I17,FLXL-35,3464,10,14,2025-10-21 22:24:25.428318,341750.374,6294762.406
PB404,428,SHCV-85,2932,7,9,2025-10-21 22:24:27.477322,338656.425,6306661.204
PB404,428,SLPC-36,3729,9,11,2025-10-21 22:24:27.477327,338656.425,6306661.204
PB404,303,FLXD-63,966,0,5,2025-10-21 22:24:27.477329,338656.425,6306661.204
PB404,303,FLXF-84,1532,5,7,2025-10-21 22:24:27.477330,338656.425,6306661.204
PB404,314,VHSZ-43,2876,14,20,2025-10-21 22:24:27.477331,338656.425,6306661.204
PH1531,385,FLXF-23,730,0,3,2025-10-21 22:24:29.382028,349047.824,6294044.59
PH1531,385,FLXK-99,10657,25,60,2025-10-21 22:24:29.382034,349047.824,6294044.59
PD317,227,VFPJ-71,2249,4,6,2025-10-21 22:24:31.383274,351871.868,6297113.704
PD317,514,TBFW-43,2673,6,8,2025-10-21 22:24:31.383279,351871.868,6297113.704
PD317,514,TBFX-50,7986,17,25,2025-10-21 22:24:31.383280,351871.868,6297113.704
PD317,422,PFXC-38,2910,8,10,2025-10-21 22:24:31.383281,351871.868,6297113.704
PD317,422,PFWZ-89,7995,20,28,2025-10-21 22:24:31.383282,351871.868,6297113.704
PD317,D03,SVDC-30,1824,6,8,2025-10-21 22:24:31.383283,351871.868,6297113.704
PD317,D03,SVDF-69,6642,17,23,2025-10-21 22:24:31.383283,351871.868,6297113.704
PD317,403,SKPK-19,4937,11,15,2025-10-21 22:24:31.383284,351871.868,6297113.704
PD317,505,VHZX-60,2163,5,7,2025-10-21 22:24:31.383285,351871.868,6297113.704
PD317,505,VHXK-63,8036,18,26,2025-10-21 22:24:31.383286,351871.868,6297113.704
PD317,513,VJJV-88,337,0,3,2025-10-21 22:24:31.383287,351871.868,6297113.704
PD317,513,VJBC-70,1224,0,5,2025-10-21 22:24:31.383287,351871.868,6297113.704
PD1411,D15,SVDC-82,1651,0,5,2025-10-21 22:24:32.724201,357035.57,6298559.616
PD1411,D15,SVDC-88,2551,6,8,2025-10-21 22:24:32.724205,357035.57,6298559.616
PF1000,F26,SPCG-76,375,0,3,2025-10-21 22:24:34.492996,353082.507,6280941.439
PF1000,F26,SPVV-97,1580,5,7,2025-10-21 22:24:34.493001,353082.507,6280941.439
PB363,B12,SKDJ-95,35,0,3,2025-10-21 22:24:35.884755,344461.439,6304863.834
PB363,B12,SKDJ-94,2731,7,9,2025-10-21 22:24:35.884760,344461.439,6304863.834
PB363,B22,SKPS-15,5875,17,25,2025-10-21 22:24:35.884761,344461.439,6304863.834
PB363,B01,SKHF-84,96,0,3,2025-10-21 22:24:35.884762,344461.439,6304863.834
PB363,B01,TXZH-39,3269,9,13,2025-10-21 22:24:35.884763,344461.439,6304863.834
PB864,542,TBFW-75,7090,14,20,2025-10-21 22:24:41.501441,346492.449,6299690.802
PB864,B02,FLXR-74,3468,11,15,2025-10-21 22:24:41.501447,346492.449,6299690.802
PB864,B02,FLXR-75,7648,25,60,2025-10-21 22:24:41.501448,346492.449,6299690.802
PB864,B04,SKPP-55,23,0,3,2025-10-21 22:24:41.501449,346492.449,6299690.802
PB864,B04,SHXG-90,2412,10,14,2025-10-21 22:24:41.501450,346492.449,6299690.802
PB1377,B41,GCBB-53,2682,7,9,2025-10-21 22:24:43.431558,345479.302,6305568.906
PB1377,B41,GCBB-19,7178,16,24,2025-10-21 22:24:43.431564,345479.302,6305568.906
PG777,G07,THTH-11,294,0,3,2025-10-21 22:24:45.298297,345339.646,6283025.628
PG777,G07,THTF-61,721,0,3,2025-10-21 22:24:45.298302,345339.646,6283025.628
PG777,G24,FLXD-13,302,0,3,2025-10-21 22:24:45.298304,345339.646,6283025.628
PE658,225,SFWZ-91,2305,5,7,2025-10-21 22:24:47.214034,351936.66,6287345.443
PE658,225,SFWZ-25,5171,12,16,2025-10-21 22:24:47.214040,351936.66,6287345.443
PE658,E10,BJFT-70,4174,12,16,2025-10-21 22:24:47.214041,351936.66,6287345.443
PA204,227,VFPS-87,3539,10,14,2025-10-21 22:24:49.131362,347787.45,6295836.235
PA204,227,VFRF-15,5445,15,21,2025-10-21 22:24:49.131368,347787.45,6295836.235
PC90,C07,SGPY-76,2140,5,7,2025-10-21 22:24:53.781777,354590.533,6300228.325
PC90,216,GCBF-50,2796,8,10,2025-10-21 22:24:53.781783,354590.533,6300228.325
PC90,216,SRTK-21,3532,9,13,2025-10-21 22:24:53.781784,354590.533,6300228.325
PF24,F10,SRSC-81,3443,12,16,2025-10-21 22:24:55.346788,354435.15,6283019.295
PF24,F10,SRRX-58,8282,25,60,2025-10-21 22:24:55.346798,354435.15,6283019.295
PF24,F25,SRVG-25,947,0,4,2025-10-21 22:24:55.346799,354435.15,6283019.295
PF24,F25,LBTS-95,3272,11,15,2025-10-21 22:24:55.346800,354435.15,6283019.295
PF24,712,SHCW-72,2760,7,9,2025-10-21 22:24:55.346801,354435.15,6283019.295
PF24,712,SHCW-80,11539,25,60,2025-10-21 22:24:55.346802,354435.15,6283019.295
PE742,E12,VFJT-51,1586,4,6,2025-10-21 22:24:56.939729,354795.436,6285859.206
PH487,H24,VGRG-34,5216,13,17,2025-10-21 22:24:58.817018,346425.758,6294392.419
PH487,H24,VGRF-85,10947,25,60,2025-10-21 22:24:58.817024,346425.758,6294392.419
PH487,H06,FLXF-36,728,0,4,2025-10-21 22:24:58.817025,346425.758,6294392.419
PI858,I03,FLXF-51,4194,21,29,2025-10-21 22:25:00.688915,338687.668,6292486.527
PI858,I03,FLXK-93,8211,25,60,2025-10-21 22:25:00.688920,338687.668,6292486.527
PI858,I13,FLXX-96,2898,11,15,2025-10-21 22:25:00.688921,338687.668,6292486.527
PI858,I13,FLXY-48,2985,12,16,2025-10-21 22:25:00.688922,338687.668,6292486.527
PG285,226,VFPZ-98,8,0,3,2025-10-21 22:25:02.641256,347240.386,6290145.433
PG285,226,VFPZ-78,11539,25,60,2025-10-21 22:25:02.641261,347240.386,6290145.433
PG285,227,VFPS-69,2970,7,9,2025-10-21 22:25:02.641263,347240.386,6290145.433
PG285,329,CJRW-50,7839,17,25,2025-10-21 22:25:02.641264,347240.386,6290145.433
PG285,329,FLXR-16,12329,25,60,2025-10-21 22:25:02.641265,347240.386,6290145.433
PG285,G11,THTG-88,2405,7,9,2025-10-21 22:25:02.641266,347240.386,6290145.433
PA184,106,PFVJ-17,1882,0,5,2025-10-21 22:25:05.228820,346133.497,6298195.557
PA184,106,PFVJ-28,7042,19,27,2025-10-21 22:25:05.228825,346133.497,6298195.557
PA184,401,PFYG-48,1,0,3,2025-10-21 22:25:05.228826,346133.497,6298195.557
PA184,401,PFYH-21,6119,16,22,2025-10-21 22:25:05.228827,346133.497,6298195.557
PA184,405,PDZS-83,1837,7,9,2025-10-21 22:25:05.228828,346133.497,6298195.557
PA184,405,PFYG-96,4696,13,19,2025-10-21 22:25:05.228829,346133.497,6298195.557
PA184,210,RWTP-98,917,0,4,2025-10-21 22:25:05.228829,346133.497,6298195.557
PA184,210,LZRB-95,3237,8,12,2025-10-21 22:25:05.228830,346133.497,6298195.557
PA184,518,GCBC-75,740,0,3,2025-10-21 22:25:05.228831,346133.497,6298195.557
PA184,518,FLXV-77,2927,9,13,2025-10-21 22:25:05.228832,346133.497,6298195.557
PA184,419,PGBB-55,834,0,4,2025-10-21 22:25:05.228833,346133.497,6298195.557
PA184,419,PFTF-87,2382,8,12,2025-10-21 22:25:05.228834,346133.497,6298195.557
PA184,421,PGBB-65,3365,8,10,2025-10-21 22:25:05.228834,346133.497,6298195.557
PA184,421,PDYH-96,5438,13,19,2025-10-21 22:25:05.228835,346133.497,6298195.557
PA184,423,PGPT-42,63,0,3,2025-10-21 22:25:05.228836,346133.497,6298195.557
PA184,210V,VFPY-13,5606,13,19,2025-10-21 22:25:05.228837,346133.497,6298195.557
PA184,210V,VFPZ-38,10949,25,60,2025-10-21 22:25:05.228838,346133.497,6298195.557
PA184,I09,VHSX-74,149,0,3,2025-10-21 22:25:05.228838,346133.497,6298195.557
PJ1610,514,FLXX-95,1826,5,7,2025-10-21 22:25:07.079677,341982.781,6297981.597
PJ1610,514,FLXX-38,6311,17,25,2025-10-21 22:25:07.079682,341982.781,6297981.597
PF975,F07,SPRY-39,3547,9,11,2025-10-21 22:25:08.995815,355602.435,6282185.538
PF975,F20,SPZY-45,3834,11,15,2025-10-21 22:25:08.995820,355602.435,6282185.538
PF975,F20,SPZY-28,5824,15,21,2025-10-21 22:25:08.995821,355602.435,6282185.538
PJ37,542,TBFW-75,12502,25,60,2025-10-21 22:25:10.933445,342752.785,6300553.224
PJ37,109,PFXC-34,2639,6,8,2025-10-21 22:25:10.933451,342752.785,6300553.224
PJ37,109,PFXB-48,7874,17,25,2025-10-21 22:25:10.933452,342752.785,6300553.224
PJ37,105,SJPF-87,1,0,3,2025-10-21 22:25:10.933453,342752.785,6300553.224
PJ37,105,SHXG-17,4367,11,15,2025-10-21 22:25:10.933454,342752.785,6300553.224
PJ37,120,SKHF-87,2259,5,7,2025-10-21 22:25:10.933454,342752.785,6300553.224
PG677,G01,THTD-91,1939,4,6,2025-10-21 22:25:12.805520,344398.52,6287963.91
PG677,G01,THTD-70,3782,9,13,2025-10-21 22:25:12.805525,344398.52,6287963.91
PG923,G22,THTD-93,1,0,3,2025-10-21 22:25:16.732100,341823.009,6279074.693
PG923,G22,THTD-22,3966,13,17,2025-10-21 22:25:16.732105,341823.009,6279074.693
PD599,D16,SPBL-75,4009,10,14,2025-10-21 22:25:18.642174,352385.84,6294078.392
PD599,D16,FLXX-35,6137,17,25,2025-10-21 22:25:18.642179,352385.84,6294078.392
PD599,325,VFHX-52,4040,11,15,2025-10-21 22:25:18.642180,352385.84,6294078.392
PD599,508,FLXK-20,3023,8,10,2025-10-21 22:25:18.642181,352385.84,6294078.392
PD599,508,FLXW-63,12928,25,60,2025-10-21 22:25:18.642182,352385.84,6294078.392
PD713,D15,SVDD-21,3858,10,14,2025-10-21 22:25:20.543050,355236.523,6298221.688
PD713,D15,SVDC-32,6276,15,21,2025-10-21 22:25:20.543055,355236.523,6298221.688
PF84,210,RWTP-95,2897,7,9,2025-10-21 22:25:22.515812,353544.816,6281337.306
PF84,210,RWTP-80,6405,17,23,2025-10-21 22:25:22.515817,353544.816,6281337.306
PF84,F15,SPZY-68,2189,4,6,2025-10-21 22:25:22.515818,353544.816,6281337.306
PF84,F01,SPVW-72,1116,0,3,2025-10-21 22:25:22.515819,353544.816,6281337.306
PF84,F13,SRSC-18,1467,0,4,2025-10-21 22:25:22.515820,353544.816,6281337.306
PF84,F13,SRRY-93,3450,11,15,2025-10-21 22:25:22.515820,353544.816,6281337.306
PF84,F16,SPRW-92,1361,0,4,2025-10-21 22:25:22.515821,353544.816,6281337.306
PF84,205,RWTP-91,3644,8,12,2025-10-21 22:25:22.515822,353544.816,6281337.306
PF84,205,LZRB-94,4056,9,13,2025-10-21 22:25:22.515823,353544.816,6281337.306
PF84,205C,VFRG-25,2872,6,8,2025-10-21 22:25:22.515824,353544.816,6281337.306
PF84,205C,VFPW-63,4106,9,13,2025-10-21 22:25:22.515825,353544.816,6281337.306
PB1640,B29,SKHG-80,6166,15,21,2025-10-21 22:25:24.469039,335887.339,6303975.272
PB1640,B29,SKHG-74,10892,25,60,2025-10-21 22:25:24.469043,335887.339,6303975.272
PE141,213E,SRVG-10,78,0,3,2025-10-21 22:25:26.353547,352835.642,6285518.646
PE141,210,RWTP-96,4893,12,16,2025-10-21 22:25:26.353552,352835.642,6285518.646
PE141,210,LZRD-62,5854,16,22,2025-10-21 22:25:26.353553,352835.642,6285518.646
PE141,210V,VFPK-91,4285,10,14,2025-10-21 22:25:26.353554,352835.642,6285518.646
PE141,210V,VGKY-82,6754,16,22,2025-10-21 22:25:26.353555,352835.642,6285518.646
PD43,114,SKWD-56,3462,10,14,2025-10-21 22:25:28.264155,350751.654,6294968.717
PD43,114,SKVD-48,9693,25,60,2025-10-21 22:25:28.264160,350751.654,6294968.717
PD43,103,SPBL-98,12212,25,60,2025-10-21 22:25:28.264162,350751.654,6294968.717
PD43,117,PGBY-70,3380,20,28,2025-10-21 22:25:28.264163,350751.654,6294968.717
PH201,205,RWTP-78,12906,25,60,2025-10-21 22:25:32.084101,347682.1,6292562.83
PH201,205,RWTP-99,15884,25,60,2025-10-21 22:25:32.084106,347682.1,6292562.83
PH201,227,VFHL-66,2941,6,8,2025-10-21 22:25:32.084107,347682.1,6292562.83
PH201,227,VFPS-69,6030,12,18,2025-10-21 22:25:32.084108,347682.1,6292562.83
PH201,207,SVPX-52,3024,6,8,2025-10-21 22:25:32.084109,347682.1,6292562.83
PH201,207,LZPT-77,10266,25,60,2025-10-21 22:25:32.084110,347682.1,6292562.83
PH201,209,TBYY-76,4165,9,11,2025-10-21 22:25:32.084111,347682.1,6292562.83
PH201,209,SDGY-21,10272,20,28,2025-10-21 22:25:32.084111,347682.1,6292562.83
PH767,E04,VKJZ-24,2586,7,9,2025-10-21 22:25:35.502038,348269.697,6293148.844
PH767,E04,VKJX-56,7384,20,28,2025-10-21 22:25:35.502043,348269.697,6293148.844
PE561,323,FLXR-30,3641,9,13,2025-10-21 22:25:37.121939,352377.645,6288196.487
PE561,E07,FLXJ-48,2185,6,8,2025-10-21 22:25:37.121945,352377.645,6288196.487
PE561,E07,BJFZ-99,2267,6,8,2025-10-21 22:25:37.121946,352377.645,6288196.487
PG1573,211,TBYY-63,357,0,3,2025-10-21 22:25:39.337069,345444.501,6287691.482
PG1573,211,TBYY-75,4163,7,9,2025-10-21 22:25:39.337074,345444.501,6287691.482
PG1573,G34,THTG-97,2701,7,9,2025-10-21 22:25:39.337075,345444.501,6287691.482
PG1573,G12,SHXG-65,1257,0,4,2025-10-21 22:25:39.337076,345444.501,6287691.482
PC975,D08,SVDD-40,260,0,3,2025-10-21 22:25:41.213137,356767.827,6300118.916
PC975,D08,SVDF-54,5578,12,16,2025-10-21 22:25:41.213142,356767.827,6300118.916
PC594,C01,LCPW-44,1233,0,5,2025-10-21 22:25:43.144694,360341.946,6307914.802
PC594,C01,LDJJ-81,1597,5,7,2025-10-21 22:25:43.144700,360341.946,6307914.802
PC594,C17,SJPC-19,1,0,3,2025-10-21 22:25:43.144702,360341.946,6307914.802
PE1368,F25,SRVF-83,3977,8,10,2025-10-21 22:25:45.035255,352327.295,6287754.82
PE1368,F25,SRVG-25,6369,12,18,2025-10-21 22:25:45.035260,352327.295,6287754.82
PH203,205,RWTP-78,13623,25,60,2025-10-21 22:25:47.002518,347577.47,6293368.54
PH203,205,RWTP-99,16619,25,60,2025-10-21 22:25:47.002524,347577.47,6293368.54
PH203,227,VFHL-66,3612,7,9,2025-10-21 22:25:47.002525,347577.47,6293368.54
PH203,227,VFPS-69,6741,13,19,2025-10-21 22:25:47.002526,347577.47,6293368.54
PH203,207,SVPX-52,3727,7,9,2025-10-21 22:25:47.002527,347577.47,6293368.54
PH203,207,LZPT-77,10984,25,60,2025-10-21 22:25:47.002528,347577.47,6293368.54
PH203,209,TBYY-76,4870,9,13,2025-10-21 22:25:47.002529,347577.47,6293368.54
PH203,209,SDGY-21,10965,25,60,2025-10-21 22:25:47.002530,347577.47,6293368.54
PI1621,108,PFVD-62,1940,5,7,2025-10-21 22:25:48.994041,341261.136,6292033.436
PI1621,108,PFVC-43,8353,20,28,2025-10-21 22:25:48.994046,341261.136,6292033.436
PI1621,113,FLXW-92,2448,0,5,2025-10-21 22:25:48.994047,341261.136,6292033.436
PI1621,113,FLXY-61,2337,0,5,2025-10-21 22:25:48.994048,341261.136,6292033.436
PI1621,115,TBFT-69,545,0,3,2025-10-21 22:25:48.994048,341261.136,6292033.436
PI1621,115,PFWZ-90,7728,16,24,2025-10-21 22:25:48.994049,341261.136,6292033.436
PI1621,109,TBFS-30,1924,5,7,2025-10-21 22:25:48.994050,341261.136,6292033.436
PI1621,109,SZZY-79,2099,6,8,2025-10-21 22:25:48.994051,341261.136,6292033.436
PC826,C37,SGPX-13,28,0,3,2025-10-21 22:26:48.113036,357777.637,6301516.792
PC826,C09,SHXF-99,1,0,3,2025-10-21 22:26:48.113041,357777.637,6301516.792
PC826,C09,SHCY-31,1,0,3,2025-10-21 22:26:48.113042,357777.637,6301516.792
PE609,E09,VKJZ-40,4055,13,19,2025-10-21 22:26:49.985195,350475.384,6285503.234
PE609,E15C,VFJV-28,4861,14,20,2025-10-21 22:26:49.985200,350475.384,6285503.234
PE609,325,VFHW-92,767,0,3,2025-10-21 22:26:49.985202,350475.384,6285503.234
PE609,325,VFJS-65,4680,15,21,2025-10-21 22:26:49.985202,350475.384,6285503.234
PE1391,D13,BJFW-54,611,0,3,2025-10-21 22:26:53.860670,351568.567,6289821.347
PE1391,D13,BJFW-42,4409,14,20,2025-10-21 22:26:53.860675,351568.567,6289821.347
PE1391,E05,BJFR-75,39,0,3,2025-10-21 22:26:53.860676,351568.567,6289821.347
PE1391,E05,FLXH-17,731,0,4,2025-10-21 22:26:53.860677,351568.567,6289821.347
PE1391,E06,BJFZ-19,4512,13,17,2025-10-21 22:26:53.860678,351568.567,6289821.347
PE1391,E17,FLXT-15,1900,8,10,2025-10-21 22:26:53.860679,351568.567,6289821.347
PE1391,E17,FLXF-49,5238,17,23,2025-10-21 22:26:53.860680,351568.567,6289821.347
PC91,C07,SGPY-76,1693,0,5,2025-10-21 22:26:55.719574,354625.569,6300406.187
PC91,216,GCBF-50,2176,6,8,2025-10-21 22:26:55.719580,354625.569,6300406.187
PC91,216,SRTK-21,2702,7,9,2025-10-21 22:26:55.719581,354625.569,6300406.187
PD460,D05,SPBF-51,3292,8,12,2025-10-21 22:26:57.680644,355046.946,6292360.598
PD460,D05,PGTV-11,6147,16,22,2025-10-21 22:26:57.680650,355046.946,6292360.598
PD460,D10,SVDF-11,1,0,3,2025-10-21 22:26:57.680651,355046.946,6292360.598
PD460,D10,SVDC-46,3524,25,60,2025-10-21 22:26:57.680652,355046.946,6292360.598
PD460,D17,PFYC-18,1338,10,14,2025-10-21 22:26:57.680653,355046.946,6292360.598
PD460,D17,PGBY-86,2165,12,18,2025-10-21 22:26:57.680654,355046.946,6292360.598
PD460,D17V,PGBY-41,1183,5,7,2025-10-21 22:26:57.680654,355046.946,6292360.598
PD460,D17V,PGRZ-78,9361,21,29,2025-10-21 22:26:57.680655,355046.946,6292360.598
PD460,418,PFYC-29,686,0,3,2025-10-21 22:26:57.680656,355046.946,6292360.598
PD460,418,PFYC-28,2072,0,5,2025-10-21 22:26:57.680657,355046.946,6292360.598
PA387,503,VGVF-73,693,0,3,2025-10-21 22:27:01.547202,343957.205,6299460.588
PA387,503,VGVB-75,8505,17,23,2025-10-21 22:27:01.547208,343957.205,6299460.588
PA387,502,BJFB-27,7972,18,26,2025-10-21 22:27:01.547209,343957.205,6299460.588
PA387,504,TBFX-18,3563,11,15,2025-10-21 22:27:01.547210,343957.205,6299460.588
PA387,504,PFXB-84,9430,25,60,2025-10-21 22:27:01.547210,343957.205,6299460.588
PA387,518,GCBD-87,864,0,4,2025-10-21 22:27:01.547211,343957.205,6299460.588
PA387,518,GCBD-50,7002,21,29,2025-10-21 22:27:01.547212,343957.205,6299460.588
PA387,J03,CJRZ-82,707,0,3,2025-10-21 22:27:01.547213,343957.205,6299460.588
PA387,J03,FDJX-73,5941,12,16,2025-10-21 22:27:01.547214,343957.205,6299460.588
PA387,B26,FLXP-86,500,0,3,2025-10-21 22:27:01.547215,343957.205,6299460.588
PE360,E02,VKJW-94,4021,12,16,2025-10-21 22:27:02.956841,349213.614,6287177.842
PJ514,J03,FLXV-56,2635,6,8,2025-10-21 22:27:04.919159,339965.127,6300271.338
PJ514,J03,FLXH-84,7508,25,60,2025-10-21 22:27:04.919165,339965.127,6300271.338
PJ514,504,TBFW-39,4722,14,20,2025-10-21 22:27:04.919167,339965.127,6300271.338
PJ514,504,PFXC-36,8745,25,60,2025-10-21 22:27:04.919168,339965.127,6300271.338
PJ514,507,GCBC-48,353,0,5,2025-10-21 22:27:04.919169,339965.127,6300271.338
PJ514,507,TBFP-86,1114,7,9,2025-10-21 22:27:04.919170,339965.127,6300271.338
PJ514,508,FLXX-84,4274,8,12,2025-10-21 22:27:04.919172,339965.127,6300271.338
PJ514,508,FLXH-78,7652,25,60,2025-10-21 22:27:04.919173,339965.127,6300271.338
PJ514,518,TBFW-57,431,5,7,2025-10-21 22:27:04.919174,339965.127,6300271.338
PJ514,518,GCBC-75,8649,25,60,2025-10-21 22:27:04.919175,339965.127,6300271.338
PB173,B02,FLXR-85,3640,20,28,2025-10-21 22:27:07.018713,348081.749,6302461.943
PB173,B02,FLXR-74,7755,25,60,2025-10-21 22:27:07.018718,348081.749,6302461.943
PB173,116,LDJJ-76,2961,9,11,2025-10-21 22:27:07.018719,348081.749,6302461.943
PB173,116,LCSX-50,4710,10,14,2025-10-21 22:27:07.018720,348081.749,6302461.943
PB173,B15,SGPY-66,3993,13,17,2025-10-21 22:27:07.018720,348081.749,6302461.943
PB173,B15,SPCG-86,6557,25,60,2025-10-21 22:27:07.018721,348081.749,6302461.943
PE290,E01,VKJY-93,7031,19,27,2025-10-21 22:27:08.935065,349461.79,6288162.924
PI693,I01,FLXL-40,4671,13,17,2025-10-21 22:27:12.688664,338828.844,6291935.619
PI693,I01,FLXG-16,5882,15,21,2025-10-21 22:27:12.688669,338828.844,6291935.619
PI693,I18,VHTB-31,2276,8,12,2025-10-21 22:27:12.688670,338828.844,6291935.619
PI693,I18,VHSX-69,9843,25,60,2025-10-21 22:27:12.688671,338828.844,6291935.619
PB1112,230,GCBB-91,1574,0,5,2025-10-21 22:27:14.561102,344464.935,6305486.231
PH82,125,FLXK-71,2897,7,9,2025-10-21 22:27:18.424291,342862.191,6290667.537
PH82,H03,CJRW-18,3645,8,12,2025-10-21 22:27:18.424296,342862.191,6290667.537
PH82,105,SHXG-32,1029,0,4,2025-10-21 22:27:18.424297,342862.191,6290667.537
PH82,120,SJTD-57,1442,0,5,2025-10-21 22:27:18.424298,342862.191,6290667.537
PB1497,116,LDJJ-76,0,0,3,2025-10-21 22:27:20.950320,347226.626,6300269.31
PB1497,116,LCSX-50,1658,0,3,2025-10-21 22:27:20.950326,347226.626,6300269.31
PG110,203,SDGY-13,2304,5,7,2025-10-21 22:27:22.595632,348408.132,6285643.543
PG110,203,SRTK-24,5261,11,15,2025-10-21 22:27:22.595636,348408.132,6285643.543
PG110,G04,SFGY-72,2608,9,13,2025-10-21 22:27:22.595638,348408.132,6285643.543
PG110,G04,SFPF-92,3149,10,14,2025-10-21 22:27:22.595638,348408.132,6285643.543
PG110,G11,THTD-15,329,0,3,2025-10-21 22:27:22.595639,348408.132,6285643.543
PG110,G11,THTD-49,7789,16,22,2025-10-21 22:27:22.595640,348408.132,6285643.543
PG110,G18,SDSW-77,180,0,3,2025-10-21 22:27:22.595641,348408.132,6285643.543
PG110,G18,SHXB-33,3489,9,13,2025-10-21 22:27:22.595642,348408.132,6285643.543
PE542,323,CJRW-16,149,0,3,2025-10-21 22:27:26.557477,354613.257,6289164.825
PE542,323,FLXR-54,2182,7,9,2025-10-21 22:27:26.557482,354613.257,6289164.825
PF107,F27,SPRW-53,1490,5,7,2025-10-21 22:27:28.572619,352467.406,6283247.272
PF107,F27,SPRY-36,2974,8,10,2025-10-21 22:27:28.572624,352467.406,6283247.272
PF107,E16,VFKT-58,3448,10,14,2025-10-21 22:27:28.572626,352467.406,6283247.272
PF107,E16,VFJP-23,7235,20,28,2025-10-21 22:27:28.572626,352467.406,6283247.272
PF107,F20,LBTT-25,1153,0,5,2025-10-21 22:27:28.572627,352467.406,6283247.272
PF107,F20,SPZY-70,1636,5,7,2025-10-21 22:27:28.572628,352467.406,6283247.272
PF107,F08,SPVT-99,196,0,3,2025-10-21 22:27:28.572629,352467.406,6283247.272
PF107,F08,SPVT-72,3439,9,13,2025-10-21 22:27:28.572630,352467.406,6283247.272
PF107,F14,SPRW-12,2118,6,8,2025-10-21 22:27:28.572631,352467.406,6283247.272
PF107,F14,SPRY-65,7412,17,25,2025-10-21 22:27:28.572631,352467.406,6283247.272
PF107,F05,SPZX-80,3588,9,13,2025-10-21 22:27:28.572632,352467.406,6283247.272
PF107,F05,SRVJ-72,4370,10,14,2025-10-21 22:27:28.572633,352467.406,6283247.272
PF107,F06,TXZH-47,2791,8,10,2025-10-21 22:27:28.572634,352467.406,6283247.272
PF107,F06,SRVJ-25,5558,15,21,2025-10-21 22:27:28.572634,352467.406,6283247.272
PF107,F01,SRPJ-78,2963,8,10,2025-10-21 22:27:28.572635,352467.406,6283247.272
PF107,F01,SPVV-83,8248,19,27,2025-10-21 22:27:28.572636,352467.406,6283247.272
PF107,205,RWTP-99,1574,6,8,2025-10-21 22:27:28.572637,352467.406,6283247.272
PF107,205,SXKV-87,4612,17,23,2025-10-21 22:27:28.572638,352467.406,6283247.272
PC224,435,SJPF-94,2896,5,7,2025-10-21 22:27:30.521847,354689.916,6304811.667
PC224,435,SLLZ-26,12463,20,28,2025-10-21 22:27:30.521852,354689.916,6304811.667
PC224,405,PFVL-10,2772,9,11,2025-10-21 22:27:30.521853,354689.916,6304811.667
PC224,405,PFBG-33,6584,16,24,2025-10-21 22:27:30.521854,354689.916,6304811.667
PC224,502,GCBF-33,2715,7,9,2025-10-21 22:27:30.521855,354689.916,6304811.667
PC224,502,TBFX-48,10220,25,60,2025-10-21 22:27:30.521856,354689.916,6304811.667
PG1221,F03,SPVV-95,1,0,3,2025-10-21 22:27:32.451127,341333.89,6282265.845
PG1221,F03,SPVW-79,6916,13,19,2025-10-21 22:27:32.451133,341333.89,6282265.845
PG1221,G09,SHXB-23,5352,15,21,2025-10-21 22:27:32.451134,341333.89,6282265.845
PG1221,G09,SFGY-87,8021,25,60,2025-10-21 22:27:32.451135,341333.89,6282265.845
PE146,210,RWTP-96,6187,14,20,2025-10-21 22:27:34.317361,352461.747,6287302.496
PE146,210,LZRD-62,7007,16,22,2025-10-21 22:27:34.317367,352461.747,6287302.496
PE146,210V,VFPK-91,5627,13,19,2025-10-21 22:27:34.317368,352461.747,6287302.496
PE146,210V,VGKY-82,7745,17,25,2025-10-21 22:27:34.317370,352461.747,6287302.496
PH263,302,BJFT-68,1290,0,4,2025-10-21 22:27:36.210512,345828.84,6293666.33
PH263,302,BJFY-97,3478,8,10,2025-10-21 22:27:36.210517,345828.84,6293666.33
PC175,C02,LDJJ-75,3882,9,13,2025-10-21 22:27:38.243392,355115.789,6302450.281
PC175,401,PDZT-27,1,0,3,2025-10-21 22:27:38.243397,355115.789,6302450.281
PC175,401,PFVK-90,4643,10,14,2025-10-21 22:27:38.243398,355115.789,6302450.281
PC175,421,PFVK-59,3295,9,11,2025-10-21 22:27:38.243399,355115.789,6302450.281
PC175,407,FLXV-86,3643,7,9,2025-10-21 22:27:38.243400,355115.789,6302450.281
PD1642,224,VFPJ-28,231,0,3,2025-10-21 22:27:40.278444,352351.951,6291084.586
PD1642,224,VFPY-43,1468,0,5,2025-10-21 22:27:40.278450,352351.951,6291084.586
PD1642,212,LZRB-82,1,0,3,2025-10-21 22:27:40.278451,352351.951,6291084.586
PD1642,212,SVPX-44,2168,6,8,2025-10-21 22:27:40.278452,352351.951,6291084.586
PD1642,225,LZPR-96,2364,5,7,2025-10-21 22:27:40.278453,352351.951,6291084.586
PD1642,225,SFWZ-85,6786,14,20,2025-10-21 22:27:40.278453,352351.951,6291084.586
PD1642,514,PFXC-83,4712,9,13,2025-10-21 22:27:40.278454,352351.951,6291084.586
PD1642,514,FLXW-56,8017,18,26,2025-10-21 22:27:40.278455,352351.951,6291084.586
PD1642,514C,FLXH-83,3358,10,14,2025-10-21 22:27:40.278456,352351.951,6291084.586
PD1642,514C,FLXD-41,11570,25,60,2025-10-21 22:27:40.278456,352351.951,6291084.586
PD1642,D16,SPBF-69,2891,8,12,2025-10-21 22:27:40.278457,352351.951,6291084.586
PD1642,D16,SPBL-75,7524,20,28,2025-10-21 22:27:40.278458,352351.951,6291084.586
PD1642,103,SPBF-44,94,0,3,2025-10-21 22:27:40.278459,352351.951,6291084.586
PD1642,103,PFZK-97,4323,11,15,2025-10-21 22:27:40.278460,352351.951,6291084.586
PD1642,D26,PGBY-68,4569,7,9,2025-10-21 22:27:40.278460,352351.951,6291084.586
PD1642,D26,SPBL-67,7156,14,20,2025-10-21 22:27:40.278461,352351.951,6291084.586
PC706,517,VHXJ-60,4186,9,11,2025-10-21 22:27:41.883366,350404.088,6299739.551
PI734,I02,FLXZ-30,2482,6,8,2025-10-21 22:27:43.497475,336816.98,6294756.437
PI734,I02,FLXZ-28,6363,16,22,2025-10-21 22:27:43.497479,336816.98,6294756.437
PH15,108,PGPT-34,1685,0,5,2025-10-21 22:27:45.405882,347570.36,6291328.87
PH15,108,PFYS-34,6556,13,19,2025-10-21 22:27:45.405888,347570.36,6291328.87
PH15,102,LBTS-75,9086,21,29,2025-10-21 22:27:45.405889,347570.36,6291328.87
PH15,102,LBTS-77,10640,25,60,2025-10-21 22:27:45.405890,347570.36,6291328.87
PH15,107,PGRZ-73,7181,17,25,2025-10-21 22:27:45.405891,347570.36,6291328.87
PH15,107,PGPV-83,9510,25,60,2025-10-21 22:27:45.405891,347570.36,6291328.87
PC335,286,SFPG-40,80,0,3,2025-10-21 22:27:47.334321,354541.36,6303817.5
PC335,286,SCRZ-34,2611,6,8,2025-10-21 22:27:47.334326,354541.36,6303817.5
PC335,C15,SKPJ-82,61,0,3,2025-10-21 22:27:47.334327,354541.36,6303817.5
PC335,C15,SGPY-64,7167,15,21,2025-10-21 22:27:47.334328,354541.36,6303817.5
PC335,409,SKWF-10,1694,0,4,2025-10-21 22:27:47.334329,354541.36,6303817.5
PC335,409,PGLD-51,2349,0,5,2025-10-21 22:27:47.334330,354541.36,6303817.5
PC335,411,PGLD-75,4778,8,12,2025-10-21 22:27:47.334330,354541.36,6303817.5
PG15,211C,THTF-18,2114,6,8,2025-10-21 22:27:49.306678,344200.69,6285560.74
PG15,G05,SHXB-14,56,0,3,2025-10-21 22:27:49.306683,344200.69,6285560.74
PG15,F20,LBTS-99,1948,5,7,2025-10-21 22:27:49.306684,344200.69,6285560.74
PG15,201,GCBB-73,615,0,3,2025-10-21 22:27:49.306685,344200.69,6285560.74
PG15,201,GCBB-95,3255,9,11,2025-10-21 22:27:49.306686,344200.69,6285560.74
PG15,211,TBYY-72,6314,13,17,2025-10-21 22:27:49.306687,344200.69,6285560.74
PG15,211,FLXD-17,10915,21,29,2025-10-21 22:27:49.306687,344200.69,6285560.74
PG15,271,FLXX-20,2291,5,7,2025-10-21 22:27:49.306688,344200.69,6285560.74
PG15,271,FLXX-17,7875,19,27,2025-10-21 22:27:49.306689,344200.69,6285560.74
PA152,205,LZRD-93,559,0,3,2025-10-21 22:27:51.239814,347218.513,6297212.453
PA152,205,RWTP-78,16798,25,60,2025-10-21 22:27:51.239819,347218.513,6297212.453
PA152,207,LZPW-11,914,0,3,2025-10-21 22:27:51.239820,347218.513,6297212.453
PA152,207,SVPX-52,6561,14,20,2025-10-21 22:27:51.239821,347218.513,6297212.453
PA152,209,SRTK-33,1,0,3,2025-10-21 22:27:51.239821,347218.513,6297212.453
PA152,209,TBYY-76,8022,15,21,2025-10-21 22:27:51.239822,347218.513,6297212.453
PG475,G01,THTG-87,2069,6,8,2025-10-21 22:27:53.137422,347195.632,6288849.676
PG475,G01,THTF-77,6013,15,21,2025-10-21 22:27:53.137427,347195.632,6288849.676
PG475,E05,CJRX-36,288,0,3,2025-10-21 22:27:53.137428,347195.632,6288849.676
PA51,201,GCBB-37,2514,8,10,2025-10-21 22:27:54.961785,345856.09,6298860.14
PA51,201,GCBC-13,5418,14,20,2025-10-21 22:27:54.961791,345856.09,6298860.14
PA51,301,BJFT-84,436,0,3,2025-10-21 22:27:54.961793,345856.09,6298860.14
PA51,301,BJFW-93,1755,0,5,2025-10-21 22:27:54.961794,345856.09,6298860.14
PA51,303,FLXJ-32,1,0,3,2025-10-21 22:27:54.961795,345856.09,6298860.14
PA51,303,FLXF-12,1,0,3,2025-10-21 22:27:54.961796,345856.09,6298860.14
PA51,314,FLXD-93,3494,6,8,2025-10-21 22:27:54.961798,345856.09,6298860.14
PA51,314,FLXJ-50,11601,17,25,2025-10-21 22:27:54.961799,345856.09,6298860.14
PA51,315E,VHSZ-46,10177,25,60,2025-10-21 22:27:54.961808,345856.09,6298860.14
PA51,315E,TWPD-76,13221,25,60,2025-10-21 22:27:54.961809,345856.09,6298860.14
PA51,518,GCBD-87,3354,9,13,2025-10-21 22:27:54.961810,345856.09,6298860.14
PA51,518,GCBD-50,9399,25,60,2025-10-21 22:27:54.961811,345856.09,6298860.14
PD200,D10,SVDC-72,3913,11,15,2025-10-21 22:27:56.400316,349603.8,6293616.3
PD200,D10,SVDF-11,10108,25,60,2025-10-21 22:27:56.400321,349603.8,6293616.3
PD200,210,LZRD-92,438,0,3,2025-10-21 22:27:56.400323,349603.8,6293616.3
PD200,210,LZRD-65,1022,0,3,2025-10-21 22:27:56.400324,349603.8,6293616.3
PD200,210V,VFPZ-38,1717,4,6,2025-10-21 22:27:56.400325,349603.8,6293616.3
PD200,210V,VGKX-82,3829,9,11,2025-10-21 22:27:56.400326,349603.8,6293616.3
PD200,H05,VFPG-58,5934,14,20,2025-10-21 22:27:56.400327,349603.8,6293616.3
PD200,H05,VFPJ-11,12379,25,60,2025-10-21 22:27:56.400328,349603.8,6293616.3
PD200,H09,VGLZ-33,2077,7,9,2025-10-21 22:27:56.400329,349603.8,6293616.3
PD200,H09,VGRD-55,6829,19,27,2025-10-21 22:27:56.400330,349603.8,6293616.3
PD200,H24,VGRF-85,5402,12,18,2025-10-21 22:27:56.400331,349603.8,6293616.3
PD200,H24,VGRC-53,10149,25,60,2025-10-21 22:27:56.400332,349603.8,6293616.3
PD434,D02,SVDC-29,2131,5,7,2025-10-21 22:27:58.356995,353773.84,6296597.45
PD1182,D14,PGBZ-19,1631,4,6,2025-10-21 22:28:00.162731,350351.908,6293774.43
PB2037,B36,FLXS-52,3217,8,10,2025-10-21 22:28:01.987487,344576.21,6308492.01
PC386,412,PFVG-96,3311,9,13,2025-10-21 22:28:03.917094,352880.192,6299484.777
PC386,412,PFVG-90,4957,14,20,2025-10-21 22:28:03.917098,352880.192,6299484.777
PC386,418,SHXF-29,5499,15,21,2025-10-21 22:28:03.917099,352880.192,6299484.777
PC386,418,SKPK-62,14050,25,60,2025-10-21 22:28:03.917100,352880.192,6299484.777
PC386,429,SLPC-14,8112,20,28,2025-10-21 22:28:03.917101,352880.192,6299484.777
PC386,429,SJPC-72,14366,25,60,2025-10-21 22:28:03.917102,352880.192,6299484.777
PB587,B26,FLXS-48,590,0,3,2025-10-21 22:28:07.804337,346423.48,6300379.34
PB587,B26,FLXP-86,4059,12,16,2025-10-21 22:28:07.804342,346423.48,6300379.34
PB587,B02,FLXR-74,3390,12,18,2025-10-21 22:28:07.804343,346423.48,6300379.34
PB587,B02,FLXR-75,6393,25,60,2025-10-21 22:28:07.804343,346423.48,6300379.34
PB587,B14,HPFJ-99,6214,16,22,2025-10-21 22:28:07.804344,346423.48,6300379.34
PB587,B14,HRKS-56,9494,25,60,2025-10-21 22:28:07.804345,346423.48,6300379.34
PB587,B27,FLXT-74,553,0,3,2025-10-21 22:28:07.804346,346423.48,6300379.34
PB587,201,GCBB-69,1616,6,8,2025-10-21 22:28:07.804347,346423.48,6300379.34
PB587,201,GCBB-18,3304,11,15,2025-10-21 22:28:07.804347,346423.48,6300379.34
PB587,230,GCBB-65,820,0,3,2025-10-21 22:28:07.804348,346423.48,6300379.34
PB587,230,GCBB-72,3748,13,19,2025-10-21 22:28:07.804349,346423.48,6300379.34
PD541,D08,SVDD-99,2480,15,21,2025-10-21 22:28:10.312925,357650.324,6294651.388
PD541,D08,SVDC-56,2803,16,22,2025-10-21 22:28:10.312930,357650.324,6294651.388
PD541,D09,SVDD-95,1490,5,7,2025-10-21 22:28:10.312931,357650.324,6294651.388
PD541,D09,STWW-40,5272,15,21,2025-10-21 22:28:10.312932,357650.324,6294651.388
PD541,506,TBFT-89,311,0,3,2025-10-21 22:28:10.312933,357650.324,6294651.388
PD541,506,PFXB-13,1188,0,4,2025-10-21 22:28:10.312934,357650.324,6294651.388
PD541,506V,PFXB-74,193,0,3,2025-10-21 22:28:10.312934,357650.324,6294651.388
PD541,506V,PFXC-61,5412,13,19,2025-10-21 22:28:10.312935,357650.324,6294651.388
PD541,507,GCBD-73,4275,9,13,2025-10-21 22:28:10.312936,357650.324,6294651.388
PD541,507,GCBD-27,5492,13,19,2025-10-21 22:28:10.312937,357650.324,6294651.388
PD541,511,GCBF-35,11422,25,60,2025-10-21 22:28:10.312938,357650.324,6294651.388
PD541,511,TBFW-87,12718,25,60,2025-10-21 22:28:10.312939,357650.324,6294651.388
PD541,519,RKXL-30,162,0,3,2025-10-21 22:28:10.312939,357650.324,6294651.388
PD541,519,PFXC-30,3139,10,14,2025-10-21 22:28:10.312940,357650.324,6294651.388
PJ108,428,SHXD-59,494,0,3,2025-10-21 22:28:11.956343,335973.596,6296528.802
PJ108,428,SHCY-29,1561,0,5,2025-10-21 22:28:11.956348,335973.596,6296528.802
PJ108,444,SJPD-72,1295,0,4,2025-10-21 22:28:11.956349,335973.596,6296528.802
PJ108,444,SHXF-97,10724,25,60,2025-10-21 22:28:11.956350,335973.596,6296528.802
PF860,F15,SRVL-11,491,0,3,2025-10-21 22:28:13.576993,351603.301,6280195.893
PF860,F15,SPZY-68,5205,14,20,2025-10-21 22:28:13.576998,351603.301,6280195.893
PB1676,B36,FLXS-52,1548,0,3,2025-10-21 22:28:15.191696,343371.277,6308194.994
PC597,C01,LCPW-30,434,0,3,2025-10-21 22:28:16.809093,360372.882,6308247.625
PJ1747,505,LXWR-69,677,0,3,2025-10-21 22:28:18.696632,340521.976,6301353.223
PJ1747,505,LZPH-34,8894,25,60,2025-10-21 22:28:18.696637,340521.976,6301353.223
PJ1747,513,LXWR-89,713,0,3,2025-10-21 22:28:18.696639,340521.976,6301353.223
PJ1747,513,LXWS-35,2533,7,9,2025-10-21 22:28:18.696640,340521.976,6301353.223
PB94,110,CJRW-75,3587,10,14,2025-10-21 22:28:20.595860,338927.92,6302224.93
PB94,105,SJPC-48,344,0,3,2025-10-21 22:28:20.595865,338927.92,6302224.93
PB94,105,SHXF-27,3451,9,13,2025-10-21 22:28:20.595866,338927.92,6302224.93
PB94,B20,FLXS-50,1163,0,5,2025-10-21 22:28:20.595867,338927.92,6302224.93
PB94,B20,SKHG-57,5389,14,20,2025-10-21 22:28:20.595868,338927.92,6302224.93
PF516,712,SHCW-67,1564,4,6,2025-10-21 22:28:22.499631,354409.196,6279378.643
PF516,712,SHXG-93,1826,5,7,2025-10-21 22:28:22.499637,354409.196,6279378.643
PD1347,106,PFVH-99,3818,9,11,2025-10-21 22:28:26.270676,353648.48,6291160.485
PD1347,106,PFYR-70,3965,8,12,2025-10-21 22:28:26.270681,353648.48,6291160.485
PE164,211,FLXD-17,1921,5,7,2025-10-21 22:28:28.218527,350737.307,6288394.58
PE164,118,FLXX-47,3263,9,11,2025-10-21 22:28:28.218533,350737.307,6288394.58
PE164,118,LXWR-81,6513,16,22,2025-10-21 22:28:28.218534,350737.307,6288394.58
PJ568,J01,FLXD-52,335,0,3,2025-10-21 22:28:30.122471,340274.483,6300616.419
PJ568,J01,FLXD-48,7607,18,26,2025-10-21 22:28:30.122476,340274.483,6300616.419
PJ568,J08,FLXT-98,4280,11,15,2025-10-21 22:28:30.122477,340274.483,6300616.419
PJ568,J08,TBFR-55,7957,18,26,2025-10-21 22:28:30.122478,340274.483,6300616.419
PJ617,J13,TBFT-62,5490,14,20,2025-10-21 22:28:32.038885,339827.251,6298398.928
PJ617,J13C,TBFR-10,3576,9,13,2025-10-21 22:28:32.038891,339827.251,6298398.928
PJ617,J13C,TBFX-78,6731,16,24,2025-10-21 22:28:32.038892,339827.251,6298398.928
PJ617,412,PFVG-77,7636,25,60,2025-10-21 22:28:32.038893,339827.251,6298398.928
PJ617,J18,VHZZ-90,4986,12,18,2025-10-21 22:28:32.038894,339827.251,6298398.928
PJ617,J01,FDJX-85,600,0,3,2025-10-21 22:28:32.038895,339827.251,6298398.928
PJ617,J01,FLXD-42,4966,13,17,2025-10-21 22:28:32.038896,339827.251,6298398.928
PJ617,J08,FLXT-99,1,0,3,2025-10-21 22:28:32.038897,339827.251,6298398.928
PJ617,J08,FLXV-47,5353,13,19,2025-10-21 22:28:32.038897,339827.251,6298398.928
PJ450,505,VHZX-61,4827,10,14,2025-10-21 22:28:36.120815,342153.65,6300661.7
PJ450,513,VJJV-13,2390,5,7,2025-10-21 22:28:36.120820,342153.65,6300661.7
PB1416,B21,SKDG-24,4747,12,16,2025-10-21 22:28:39.921062,346574.247,6303316.324
PB1416,B21,SKDG-90,5686,16,22,2025-10-21 22:28:39.921068,346574.247,6303316.324
PD604,325,VFHX-52,4604,12,18,2025-10-21 22:28:41.840429,352110.71,6292668.149
PD604,508,FLXK-20,3136,8,10,2025-10-21 22:28:41.840434,352110.71,6292668.149
PD604,508,FLXW-63,13067,25,60,2025-10-21 22:28:41.840435,352110.71,6292668.149
PJ502,508,FLXX-37,4307,10,14,2025-10-21 22:28:43.697487,342564.936,6299632.113
PJ502,508,CJRZ-81,6291,15,21,2025-10-21 22:28:43.697492,342564.936,6299632.113
PJ502,J03,FDJX-73,3519,7,9,2025-10-21 22:28:43.697493,342564.936,6299632.113
PF1141,207,GCBF-53,1339,0,4,2025-10-21 22:28:45.697975,349248.75,6277717.71
PF1100,210V,VFPK-91,775,0,3,2025-10-21 22:28:47.591998,354821.22,6285265.95
PF1100,210V,VGKY-82,2762,6,8,2025-10-21 22:28:47.592003,354821.22,6285265.95
PE1335,325,VFJD-70,2280,8,10,2025-10-21 22:28:49.509149,351313.849,6290645.272
PE1335,325,VFHX-52,7768,25,60,2025-10-21 22:28:49.509155,351313.849,6290645.272
PE1335,E05,CJRX-36,6089,13,19,2025-10-21 22:28:49.509156,351313.849,6290645.272
PH467,321,FLXR-52,1356,0,5,2025-10-21 22:28:51.161265,341994.341,6289259.434
PH467,321,FLXR-10,8456,25,60,2025-10-21 22:28:51.161270,341994.341,6289259.434
PH467,H06,CJRX-67,254,0,4,2025-10-21 22:28:51.161272,341994.341,6289259.434
PH467,H06,FLXD-73,447,0,4,2025-10-21 22:28:51.161272,341994.341,6289259.434
PH467,345,BJFS-75,12996,25,60,2025-10-21 22:28:51.161273,341994.341,6289259.434
PH467,345,FLXD-78,14676,25,60,2025-10-21 22:28:51.161274,341994.341,6289259.434
PF853,F01,SRPJ-78,2561,6,8,2025-10-21 22:28:52.623677,352700.962,6283288.479
PF853,F01,SPVV-83,7185,17,23,2025-10-21 22:28:52.623682,352700.962,6283288.479
PF853,F27,SPRW-53,669,0,3,2025-10-21 22:28:52.623683,352700.962,6283288.479
PF853,F27,SPRY-36,2199,6,8,2025-10-21 22:28:52.623684,352700.962,6283288.479
PF853,E16,VFKT-58,2679,9,11,2025-10-21 22:28:52.623684,352700.962,6283288.479
PF853,E16,VFJP-23,6553,19,27,2025-10-21 22:28:52.623685,352700.962,6283288.479
PF853,F06,TXZH-47,2146,6,8,2025-10-21 22:28:52.623686,352700.962,6283288.479
PF853,F06,SRVJ-25,5169,13,19,2025-10-21 22:28:52.623687,352700.962,6283288.479
PF853,F08,SPVT-72,2470,7,9,2025-10-21 22:28:52.623688,352700.962,6283288.479
PF853,F08,SPVT-94,7895,17,25,2025-10-21 22:28:52.623692,352700.962,6283288.479
PF853,F14,SPRW-12,1435,5,7,2025-10-21 22:28:52.623693,352700.962,6283288.479
PF853,F14,SPRY-65,6530,16,22,2025-10-21 22:28:52.623694,352700.962,6283288.479
PF853,205,RWTP-99,1214,5,7,2025-10-21 22:28:52.623695,352700.962,6283288.479
PF853,205,SXKV-87,4404,16,24,2025-10-21 22:28:52.623696,352700.962,6283288.479
PF853,F05,SPZX-80,2680,8,10,2025-10-21 22:28:52.623697,352700.962,6283288.479
PF853,F05,SRVJ-72,3430,9,13,2025-10-21 22:28:52.623697,352700.962,6283288.479
PF853,F20,LBTT-25,592,0,3,2025-10-21 22:28:52.623698,352700.962,6283288.479
PF853,F20,SPZY-70,1022,0,5,2025-10-21 22:28:52.623699,352700.962,6283288.479
PC442,401,PFVK-63,69,0,3,2025-10-21 22:28:54.588950,355896.499,6300512.474
PC442,401,PFBG-12,2576,6,8,2025-10-21 22:28:54.588955,355896.499,6300512.474
PC442,501,TBFW-55,2892,6,8,2025-10-21 22:28:54.588956,355896.499,6300512.474
PC442,501,TBFP-68,7240,18,26,2025-10-21 22:28:54.588957,355896.499,6300512.474
PI263,I20,FLXL-77,947,0,3,2025-10-21 22:28:58.362334,336577.399,6295276.749
PI263,I20,FLXK-74,7752,16,24,2025-10-21 22:28:58.362340,336577.399,6295276.749
PI263,404,PFYC-13,287,0,3,2025-10-21 22:28:58.362341,336577.399,6295276.749
PI263,404,PFYC-26,899,0,3,2025-10-21 22:28:58.362342,336577.399,6295276.749
PI263,111,FLXZ-62,3265,11,15,2025-10-21 22:28:58.362343,336577.399,6295276.749
PI263,111,FLXY-21,7875,25,60,2025-10-21 22:28:58.362344,336577.399,6295276.749
PI263,I02,FLXZ-57,3089,8,10,2025-10-21 22:28:58.362345,336577.399,6295276.749
PB1374,B16,STHR-80,119,0,3,2025-10-21 22:29:02.209671,346337.459,6305269.23
PI920,I17,FLXL-35,3072,7,9,2025-10-21 22:29:04.132397,341473.885,6294685.993
PB1595,B12,SKDJ-11,4316,9,13,2025-10-21 22:29:06.464194,336321.483,6307139.26
PB1595,B12,SKDH-90,13788,25,60,2025-10-21 22:29:06.464199,336321.483,6307139.26
PB1595,307C,VHSY-29,0,0,3,2025-10-21 22:29:06.464200,336321.483,6307139.26
PB1595,307C,FLXK-85,3357,10,14,2025-10-21 22:29:06.464201,336321.483,6307139.26
PB1595,308,FLXH-30,2839,11,15,2025-10-21 22:29:06.464202,336321.483,6307139.26
PB1595,308,FLXH-96,3020,12,16,2025-10-21 22:29:06.464202,336321.483,6307139.26
PB1595,315E,TWPD-92,3037,12,16,2025-10-21 22:29:06.464203,336321.483,6307139.26
PB1595,315E,TWPD-56,3165,13,17,2025-10-21 22:29:06.464204,336321.483,6307139.26
PB1595,B08,SHXF-19,58,0,3,2025-10-21 22:29:06.464205,336321.483,6307139.26
PB1595,B08,STHB-36,3677,15,21,2025-10-21 22:29:06.464206,336321.483,6307139.26
PB1595,B11,SKDG-96,1606,7,9,2025-10-21 22:29:06.464207,336321.483,6307139.26
PB1595,B11,SKDJ-25,8002,25,60,2025-10-21 22:29:06.464208,336321.483,6307139.26
PB1595,B21,SKDJ-18,2833,8,12,2025-10-21 22:29:06.464209,336321.483,6307139.26
PB1595,B21,SPCG-35,5335,17,23,2025-10-21 22:29:06.464210,336321.483,6307139.26
PB1595,B43,SHXG-96,5150,25,60,2025-10-21 22:29:06.464211,336321.483,6307139.26
PB1595,B43,SJPC-83,13446,25,60,2025-10-21 22:29:06.464212,336321.483,6307139.26
PB1595,308C,TWPD-90,767,0,3,2025-10-21 22:29:06.464213,336321.483,6307139.26
PB1595,308C,VHTB-27,4954,20,28,2025-10-21 22:29:06.464213,336321.483,6307139.26
PB1595,B06,SKDJ-74,4853,16,22,2025-10-21 22:29:06.464214,336321.483,6307139.26
PB1595,B06,SPCG-34,8566,25,60,2025-10-21 22:29:06.464215,336321.483,6307139.26
PB1595,425,SGPY-91,4177,16,22,2025-10-21 22:29:06.464216,336321.483,6307139.26
PB1595,425,SHCX-42,4658,17,25,2025-10-21 22:29:06.464217,336321.483,6307139.26
PB1595,307,VHSY-44,1554,0,5,2025-10-21 22:29:06.464217,336321.483,6307139.26
PB1595,307,VHSZ-48,4300,11,15,2025-10-21 22:29:06.464218,336321.483,6307139.26
PB1595,314,FLXK-15,64,0,3,2025-10-21 22:29:06.464219,336321.483,6307139.26
PB1595,314,VHSX-98,16071,25,60,2025-10-21 22:29:06.464220,336321.483,6307139.26
PB1595,B45,VHSZ-50,1,0,3,2025-10-21 22:29:06.464221,336321.483,6307139.26
PB1595,B45,TWPD-26,2709,7,9,2025-10-21 22:29:06.464221,336321.483,6307139.26
PF15,E04,VKJZ-32,965,0,3,2025-10-21 22:29:08.426999,354459.76,6286876.97
PF15,124,LBTS-89,4396,8,10,2025-10-21 22:29:08.427005,354459.76,6286876.97
PF15,124,TXZH-44,8454,19,27,2025-10-21 22:29:08.427006,354459.76,6286876.97
PF15,712,SHCY-19,2047,4,6,2025-10-21 22:29:08.427007,354459.76,6286876.97
PF15,712,SHCW-72,7106,15,21,2025-10-21 22:29:08.427008,354459.76,6286876.97
PF15,104,SKVD-69,2665,6,8,2025-10-21 22:29:08.427009,354459.76,6286876.97
PI1073,I03,FLXG-56,4103,10,14,2025-10-21 22:29:10.290404,342345.515,6297747.832
PI1073,I03,FLXF-93,5184,13,17,2025-10-21 22:29:10.290409,342345.515,6297747.832
PI1073,I10,FLXF-96,4933,14,20,2025-10-21 22:29:10.290410,342345.515,6297747.832
PI1073,I10,FLXL-51,9245,25,60,2025-10-21 22:29:10.290411,342345.515,6297747.832
PI1073,J10,VHZX-31,3177,7,9,2025-10-21 22:29:10.290412,342345.515,6297747.832
PG1100,G11,THTF-97,1494,0,5,2025-10-21 22:29:11.871962,347371.691,6288400.811
PG1100,G11,THTH-30,1749,4,6,2025-10-21 22:29:11.871967,347371.691,6288400.811
PA321,121,CJRX-69,2820,7,9,2025-10-21 22:29:13.485081,345371.403,6296602.746
PA321,121,FLXF-32,8988,20,28,2025-10-21 22:29:13.485086,345371.403,6296602.746
PI280,113,FLXW-76,1082,0,4,2025-10-21 22:29:15.543662,336585.285,6288614.785
PI280,113,FLXW-69,2541,5,7,2025-10-21 22:29:15.543667,336585.285,6288614.785
PI280,115,FLXW-39,1528,0,3,2025-10-21 22:29:15.543668,336585.285,6288614.785
PF837,F29,SPVW-16,538,0,3,2025-10-21 22:29:17.485903,353138.608,6280678.6
PF837,204,VFPS-74,884,0,3,2025-10-21 22:29:17.485909,353138.608,6280678.6
PC163,406,TBFR-26,265,0,3,2025-10-21 22:29:19.535525,353770.496,6302109.18
PC163,406,PFXC-80,4435,13,17,2025-10-21 22:29:19.535530,353770.496,6302109.18
PC163,407,TBFR-41,15,0,3,2025-10-21 22:29:19.535531,353770.496,6302109.18
PC163,407,GCBD-25,1839,0,5,2025-10-21 22:29:19.535533,353770.496,6302109.18
PC163,426,FLXD-27,2983,7,9,2025-10-21 22:29:19.535534,353770.496,6302109.18
PC163,426,BJFD-64,12679,25,60,2025-10-21 22:29:19.535535,353770.496,6302109.18
PC163,C02,LCPW-40,1909,5,7,2025-10-21 22:29:19.535536,353770.496,6302109.18
PC163,C02,LCPW-45,2168,6,8,2025-10-21 22:29:19.535537,353770.496,6302109.18
PC163,430,SJPC-22,3343,9,13,2025-10-21 22:29:19.535538,353770.496,6302109.18
PC163,430,SJPD-77,16015,25,60,2025-10-21 22:29:19.535538,353770.496,6302109.18
PC163,401,PDZS-76,7660,19,27,2025-10-21 22:29:19.535539,353770.496,6302109.18
PC163,401,PFTV-84,11463,25,60,2025-10-21 22:29:19.535540,353770.496,6302109.18
PC163,421,PFVL-17,2615,5,7,2025-10-21 22:29:19.535541,353770.496,6302109.18
PC163,421,PDYH-84,5909,13,19,2025-10-21 22:29:19.535542,353770.496,6302109.18
PE850,226,VGBS-15,2901,8,12,2025-10-21 22:29:21.317219,352913.879,6284866.877
PE850,226,VFPS-99,2938,8,12,2025-10-21 22:29:21.317224,352913.879,6284866.877
PB1918,B06,SPCG-34,1031,4,6,2025-10-21 22:29:22.789024,341113.13,6306854.79
PB1918,B06,SPCG-41,4741,13,19,2025-10-21 22:29:22.789030,341113.13,6306854.79
PB1918,B21,SPCG-80,4101,10,14,2025-10-21 22:29:22.789031,341113.13,6306854.79
PB1918,B21,SKDH-59,9471,25,60,2025-10-21 22:29:22.789032,341113.13,6306854.79
PB1918,425,SJPB-28,890,0,3,2025-10-21 22:29:22.789033,341113.13,6306854.79
PB1918,425,SHCY-20,6998,17,23,2025-10-21 22:29:22.789034,341113.13,6306854.79
PB1918,429,SHCX-62,371,0,3,2025-10-21 22:29:22.789035,341113.13,6306854.79
PB1918,429,SLGS-89,7035,17,23,2025-10-21 22:29:22.789036,341113.13,6306854.79
PB1918,303,FLXL-59,3516,7,9,2025-10-21 22:29:22.789037,341113.13,6306854.79
PB1918,303,FLXF-16,7756,15,21,2025-10-21 22:29:22.789038,341113.13,6306854.79
PB1918,307,VHTB-23,1102,0,4,2025-10-21 22:29:22.789039,341113.13,6306854.79
PB1918,307,VHSY-35,4451,9,13,2025-10-21 22:29:22.789040,341113.13,6306854.79
PH314,H03,CJRW-46,203,0,3,2025-10-21 22:29:24.656355,342272.394,6288198.731
PH314,H03,CJRW-19,5191,15,21,2025-10-21 22:29:24.656360,342272.394,6288198.731
PH314,H12,BJFZ-69,4433,12,16,2025-10-21 22:29:24.656361,342272.394,6288198.731
PH314,H12,CJRW-82,8578,25,60,2025-10-21 22:29:24.656362,342272.394,6288198.731
PH314,G12,SHXB-10,1743,0,5,2025-10-21 22:29:24.656363,342272.394,6288198.731
PH314,G12,SHXB-12,5846,12,18,2025-10-21 22:29:24.656364,342272.394,6288198.731
PG578,203C,LZPR-94,6140,12,18,2025-10-21 22:29:26.626897,345895.975,6283868.218
PG578,G28,BJFS-98,1421,5,7,2025-10-21 22:29:26.626903,345895.975,6283868.218
PG578,G28,BJFT-63,8965,25,60,2025-10-21 22:29:26.626904,345895.975,6283868.218
PG578,G13,SHXB-38,91,0,3,2025-10-21 22:29:26.626905,345895.975,6283868.218
PG578,G13,SFPG-46,3257,9,13,2025-10-21 22:29:26.626930,345895.975,6283868.218
PG578,F06,SRVK-73,274,0,3,2025-10-21 22:29:26.626931,345895.975,6283868.218
PG578,203,LZPW-21,4073,7,9,2025-10-21 22:29:26.626932,345895.975,6283868.218
PG578,203,SRTG-99,7999,15,21,2025-10-21 22:29:26.626933,345895.975,6283868.218
PH390,H24,VGRB-24,81,0,3,2025-10-21 22:29:30.339591,349221.571,6292515.484
PH390,H24,VGRC-73,3180,8,10,2025-10-21 22:29:30.339596,349221.571,6292515.484
PH7,107,PGRZ-73,3656,9,13,2025-10-21 22:29:31.879170,345155.17,6292006.22
PH7,107,PGPV-83,6593,17,23,2025-10-21 22:29:31.879175,345155.17,6292006.22
PH7,108,PFYS-34,3229,7,9,2025-10-21 22:29:31.879177,345155.17,6292006.22
PH7,108,PFVC-46,11058,25,60,2025-10-21 22:29:31.879177,345155.17,6292006.22
PH7,102,LBTS-75,6188,12,16,2025-10-21 22:29:31.879178,345155.17,6292006.22
PH7,102,LBTS-77,7655,18,26,2025-10-21 22:29:31.879179,345155.17,6292006.22
PB1321,B17,SHCY-38,4274,10,14,2025-10-21 22:29:33.442375,345226.594,6301396.524
PF353,F07,SPRW-68,629,0,3,2025-10-21 22:29:35.264734,352309.213,6282513.326
PF353,F07,SPRX-22,1718,0,5,2025-10-21 22:29:35.264739,352309.213,6282513.326
PC142,C03,LFSL-97,1884,0,5,2025-10-21 22:29:37.250554,356292.126,6303924.681
PC142,C05,LFGP-26,3225,5,7,2025-10-21 22:29:37.250560,356292.126,6303924.681
PC142,C13,SHXF-86,1537,0,5,2025-10-21 22:29:37.250561,356292.126,6303924.681
PC142,D11,STRJ-57,6495,17,25,2025-10-21 22:29:37.250562,356292.126,6303924.681
PC142,D11,SVDC-57,7450,20,28,2025-10-21 22:29:37.250563,356292.126,6303924.681
PC142,225,SFWB-21,2635,5,7,2025-10-21 22:29:37.250564,356292.126,6303924.681
PC142,225,LZPR-88,8733,19,27,2025-10-21 22:29:37.250565,356292.126,6303924.681
PD622,D10,SVDF-11,435,4,6,2025-10-21 22:29:39.546161,354170.948,6291790.948
PD622,D10,SVDC-46,4458,25,60,2025-10-21 22:29:39.546167,354170.948,6291790.948
PD622,508,GCBC-50,1449,0,5,2025-10-21 22:29:39.546168,354170.948,6291790.948
PF502,712,SHCW-80,984,0,3,2025-10-21 22:29:41.641676,356217.803,6279856.317
PG1725,F05,SPZY-63,2167,12,16,2025-10-21 22:29:43.549124,346761.685,6286470.654
PG1725,F05,SRVL-70,7527,25,60,2025-10-21 22:29:43.549131,346761.685,6286470.654
PG1795,229,GCBC-24,4247,9,13,2025-10-21 22:29:45.437737,347294.79,6287395.37
PG1795,229,SFWZ-34,8569,19,27,2025-10-21 22:29:45.437742,347294.79,6287395.37
PJ439,505,VHZX-61,288,0,3,2025-10-21 22:29:47.414739,338357.95,6301540.36
PJ1722,508,FLXK-42,735,0,3,2025-10-21 22:29:49.459834,335381.331,6299767.569
PJ1722,514,FLXS-79,2000,6,8,2025-10-21 22:29:49.459839,335381.331,6299767.569
PJ1722,407,GCBD-33,881,0,5,2025-10-21 22:29:49.459840,335381.331,6299767.569
PJ1722,422,TBFX-68,451,0,3,2025-10-21 22:29:49.459841,335381.331,6299767.569
PH723,H24,VGRC-53,234,0,3,2025-10-21 22:29:51.027172,343886.961,6292288.942
PH723,H12,CJRB-12,1899,0,4,2025-10-21 22:29:51.027178,343886.961,6292288.942
PH723,H12,CJRW-13,7511,15,21,2025-10-21 22:29:51.027179,343886.961,6292288.942
PI760,412,PFTW-51,5557,12,18,2025-10-21 22:29:52.982103,340295.42,6296781.996
PI760,412,LXWP-59,9959,25,60,2025-10-21 22:29:52.982107,340295.42,6296781.996
PI760,418,SHCX-39,3611,8,10,2025-10-21 22:29:52.982108,340295.42,6296781.996
PI760,418,PFYC-90,7510,16,22,2025-10-21 22:29:52.982109,340295.42,6296781.996
PI760,510,TBFT-88,1509,0,4,2025-10-21 22:29:52.982110,340295.42,6296781.996
PI760,510,TBFW-61,3835,8,10,2025-10-21 22:29:52.982111,340295.42,6296781.996
PI760,516,GCBD-22,1129,0,4,2025-10-21 22:29:52.982112,340295.42,6296781.996
PI760,516,GCBD-70,5992,16,22,2025-10-21 22:29:52.982113,340295.42,6296781.996
PA202,D05,SPBP-94,2457,8,10,2025-10-21 22:29:54.840406,348469.827,6295939.363
PA202,D05,SPBF-59,5338,14,20,2025-10-21 22:29:54.840412,348469.827,6295939.363
PA202,227,VFPS-87,1598,5,7,2025-10-21 22:29:54.840414,348469.827,6295939.363
PA202,227,VFRF-15,2891,9,13,2025-10-21 22:29:54.840415,348469.827,6295939.363
PA197,226,VFPZ-78,1406,5,7,2025-10-21 22:29:56.743314,346373.56,6297380.76
PA197,301,BJFT-84,1633,0,5,2025-10-21 22:29:56.743320,346373.56,6297380.76
PA197,301,BJFW-93,2477,6,8,2025-10-21 22:29:56.743321,346373.56,6297380.76
PA197,214,GCBB-13,1479,4,6,2025-10-21 22:29:56.743322,346373.56,6297380.76
PA197,214,GCBC-17,3689,12,18,2025-10-21 22:29:56.743323,346373.56,6297380.76
PB1154,B11,LDTF-42,3044,16,24,2025-10-21 22:29:58.606745,345239.157,6304606.443
PG1025,G09,SHXB-23,1336,0,4,2025-10-21 22:30:00.490739,343238.759,6281292.976
PG1025,G09,SFGY-87,3732,8,12,2025-10-21 22:30:00.490745,343238.759,6281292.976
PD613,D10,STWH-39,224,0,3,2025-10-21 22:30:02.453369,354684.156,6291659.506
PD613,D10,SVDF-68,3427,11,15,2025-10-21 22:30:02.453374,354684.156,6291659.506
PD613,508,TBFW-14,577,4,6,2025-10-21 22:30:02.453376,354684.156,6291659.506
PD613,508,FLXK-20,5776,16,22,2025-10-21 22:30:02.453377,354684.156,6291659.506
PD287,D09,SVDC-74,2807,8,12,2025-10-21 22:30:04.452050,354478.931,6296469.473
PD287,D09,STYX-82,9245,25,60,2025-10-21 22:30:04.452055,354478.931,6296469.473
PD287,513,VJBC-40,2203,6,8,2025-10-21 22:30:04.452056,354478.931,6296469.473
PD287,513,VHXK-21,3890,11,15,2025-10-21 22:30:04.452057,354478.931,6296469.473
PD287,225,LZPR-96,8598,15,21,2025-10-21 22:30:04.452058,354478.931,6296469.473
PD287,225,SFWZ-85,12083,25,60,2025-10-21 22:30:04.452058,354478.931,6296469.473
PB1412,B21,SKDG-24,2946,7,9,2025-10-21 22:30:06.283905,345824.898,6303851.593
PB1412,B21,SKDG-90,3964,11,15,2025-10-21 22:30:06.283919,345824.898,6303851.593
PB1412,B22,SKPS-48,1096,0,3,2025-10-21 22:30:06.283921,345824.898,6303851.593
PB1412,B22,SKPR-99,10267,25,60,2025-10-21 22:30:06.283922,345824.898,6303851.593
PI1902,I35,SCRZ-31,3059,8,12,2025-10-21 22:30:10.093821,333057.0,6284657.0
PE44,E17,BJFW-45,31,0,3,2025-10-21 22:30:11.944154,353684.969,6290623.674
PE44,E17,BJFW-13,2868,9,11,2025-10-21 22:30:11.944159,353684.969,6290623.674
PE44,118,FLXX-77,12034,25,60,2025-10-21 22:30:11.944160,353684.969,6290623.674
PE44,118,FLXX-88,19164,25,60,2025-10-21 22:30:11.944161,353684.969,6290623.674
PD964,D07,SVDD-60,2749,8,10,2025-10-21 22:30:13.855623,351749.362,6294397.591
PD964,D07,SVDF-41,3170,9,11,2025-10-21 22:30:13.855628,351749.362,6294397.591
PE446,E04,VKJZ-32,1964,6,8,2025-10-21 22:30:15.383178,353591.309,6288143.373
PH739,H14,BJFZ-49,1582,0,5,2025-10-21 22:30:19.024913,348548.602,6290445.183
PE92,204,RWTP-82,2292,4,6,2025-10-21 22:30:20.966487,351503.187,6285208.683
PE92,204,VFPS-74,6007,13,19,2025-10-21 22:30:20.966493,351503.187,6285208.683
PE92,224,SXKV-94,2344,5,7,2025-10-21 22:30:20.966495,351503.187,6285208.683
PB375,301,BJFV-28,1,0,3,2025-10-21 22:30:22.875141,344228.463,6301816.81
PB375,301,BJFX-46,1755,9,13,2025-10-21 22:30:22.875147,344228.463,6301816.81
PC35,104,SKWD-81,233,0,3,2025-10-21 22:30:24.772536,350846.744,6300568.148
PC35,104,SKWD-66,2736,7,9,2025-10-21 22:30:24.772541,350846.744,6300568.148
PC35,212,SVPX-56,974,0,4,2025-10-21 22:30:24.772543,350846.744,6300568.148
PC35,212,LZPT-62,2783,11,15,2025-10-21 22:30:24.772544,350846.744,6300568.148
PF715,F18,LCTG-28,451,0,3,2025-10-21 22:30:26.675968,349328.713,6278076.61
PC180,421,PFVK-87,485,0,3,2025-10-21 22:30:29.122538,353493.357,6302026.13
PC180,421,PFVK-59,3436,10,14,2025-10-21 22:30:29.122543,353493.357,6302026.13
PC180,406,GCBD-11,1908,6,8,2025-10-21 22:30:29.122544,353493.357,6302026.13
PC180,406,TBFV-98,1932,6,8,2025-10-21 22:30:29.122545,353493.357,6302026.13
PC180,426,BJFH-61,873,0,3,2025-10-21 22:30:29.122546,353493.357,6302026.13
PC180,426,CJRZ-83,5493,11,15,2025-10-21 22:30:29.122547,353493.357,6302026.13
PC180,C14,SKPL-31,9442,19,27,2025-10-21 22:30:29.122548,353493.357,6302026.13
PC180,C19,SGPY-93,1827,5,7,2025-10-21 22:30:29.122548,353493.357,6302026.13
PC180,C19,SHCY-30,9081,25,60,2025-10-21 22:30:29.122549,353493.357,6302026.13
PC180,C28,SGPY-61,5086,9,13,2025-10-21 22:30:29.122550,353493.357,6302026.13
PC180,C28,SHCV-82,11063,25,60,2025-10-21 22:30:29.122551,353493.357,6302026.13
PC180,C01C,PGLD-79,3662,7,9,2025-10-21 22:30:29.122552,353493.357,6302026.13
PC180,C01C,PGLD-69,7657,13,19,2025-10-21 22:30:29.122553,353493.357,6302026.13
PC180,430,SHXG-39,56,0,3,2025-10-21 22:30:29.122554,353493.357,6302026.13
PC180,430,PFZK-88,695,0,3,2025-10-21 22:30:29.122555,353493.357,6302026.13
PC180,401,PDZT-27,783,0,3,2025-10-21 22:30:29.122556,353493.357,6302026.13
PC180,401,PFVK-90,5240,12,16,2025-10-21 22:30:29.122556,353493.357,6302026.13
PC180,407,TBFV-94,154,0,3,2025-10-21 22:30:29.122557,353493.357,6302026.13
PC180,407,FLXV-86,4154,9,13,2025-10-21 22:30:29.122558,353493.357,6302026.13
PC180,C01,LCPW-43,1831,4,6,2025-10-21 22:30:29.122559,353493.357,6302026.13
PC180,C01,LCSX-45,3283,7,9,2025-10-21 22:30:29.122560,353493.357,6302026.13
PC180,C02,LDJJ-75,3782,9,11,2025-10-21 22:30:29.122561,353493.357,6302026.13
PB1251,315E,TWPD-82,3243,8,12,2025-10-21 22:30:31.037027,338220.423,6308203.239
PB1251,315E,TWPD-10,3439,9,13,2025-10-21 22:30:31.037032,338220.423,6308203.239
PB638,B18,LDJW-42,3816,8,10,2025-10-21 22:30:33.032662,339758.226,6306393.33
PB638,B18,STHK-62,6413,13,19,2025-10-21 22:30:33.032667,339758.226,6306393.33
PB638,314,VHSZ-42,11529,25,60,2025-10-21 22:30:33.032668,339758.226,6306393.33
PB638,314,VHSX-98,11868,25,60,2025-10-21 22:30:33.032669,339758.226,6306393.33
PB638,B45,TWPC-57,443,0,3,2025-10-21 22:30:33.032670,339758.226,6306393.33
PB638,B45,VHSY-34,323,0,3,2025-10-21 22:30:33.032670,339758.226,6306393.33
PJ43,407,TBFS-68,3579,9,13,2025-10-21 22:30:35.102403,342700.763,6298178.213
PJ43,407,TBFV-22,8133,20,28,2025-10-21 22:30:35.102407,342700.763,6298178.213
PJ43,105,SJPF-87,814,0,3,2025-10-21 22:30:35.102408,342700.763,6298178.213
PJ43,105,SHXG-17,5137,12,16,2025-10-21 22:30:35.102409,342700.763,6298178.213
PJ43,120,SKHF-87,1281,0,4,2025-10-21 22:30:35.102410,342700.763,6298178.213
PF1190,124,LCTG-39,6069,25,60,2025-10-21 22:30:37.018235,351564.06,6278273.94
PF1190,124,LCTG-33,8947,25,60,2025-10-21 22:30:37.018240,351564.06,6278273.94
PF494,209C,LZRB-88,2328,6,8,2025-10-21 22:30:40.974584,350479.964,6277724.815
PF494,209C,TBZB-24,3687,8,10,2025-10-21 22:30:40.974589,350479.964,6277724.815
PF494,F12,STHD-26,3716,9,11,2025-10-21 22:30:40.974590,350479.964,6277724.815
PF494,F12,SRVF-81,10178,25,60,2025-10-21 22:30:40.974591,350479.964,6277724.815
PF494,F15,SRVH-10,2013,5,7,2025-10-21 22:30:40.974592,350479.964,6277724.815
PF494,F15,SRVL-11,6069,15,21,2025-10-21 22:30:40.974593,350479.964,6277724.815
PF494,F18,LCTG-25,1108,0,4,2025-10-21 22:30:40.974594,350479.964,6277724.815
PF494,F18,STHF-67,2666,7,9,2025-10-21 22:30:40.974595,350479.964,6277724.815
PF494,F25,LBTS-92,4656,12,18,2025-10-21 22:30:40.974596,350479.964,6277724.815
PF494,F25,TXZH-41,4839,13,19,2025-10-21 22:30:40.974597,350479.964,6277724.815
PF494,F33,SRVH-71,351,0,3,2025-10-21 22:30:40.974598,350479.964,6277724.815
PF494,F33,LCTG-29,4763,13,17,2025-10-21 22:30:40.974599,350479.964,6277724.815
PF494,F10,SRRY-79,1842,8,10,2025-10-21 22:30:40.974600,350479.964,6277724.815
PF494,F10,SRPK-75,5200,16,24,2025-10-21 22:30:40.974601,350479.964,6277724.815
PF494,F13,SRPK-70,3228,14,20,2025-10-21 22:30:40.974602,350479.964,6277724.815
PF494,F13,SRPJ-99,3369,15,21,2025-10-21 22:30:40.974603,350479.964,6277724.815
PF494,124,LCTG-39,7385,25,60,2025-10-21 22:30:40.974604,350479.964,6277724.815
PF494,124,LCTG-33,10258,25,60,2025-10-21 22:30:40.974604,350479.964,6277724.815
PF494,209,CJRP-63,568,0,3,2025-10-21 22:30:40.974605,350479.964,6277724.815
PF494,209,CJRP-25,2473,8,10,2025-10-21 22:30:40.974606,350479.964,6277724.815
PC1286,C37,SGPX-13,5735,12,16,2025-10-21 22:30:46.591177,359509.0,6301410.0
PB1706,B22,SKPR-99,6746,15,21,2025-10-21 22:30:48.500065,344684.975,6303974.452
PB1706,230,GCBB-91,1773,4,6,2025-10-21 22:30:48.500070,344684.975,6303974.452
PA282,119,CJRX-42,5238,16,22,2025-10-21 22:30:50.419982,344634.664,6295742.712
PH455,H24,VGRF-85,1475,4,6,2025-10-21 22:30:51.846272,347371.046,6292674.689
PH455,H24,VGRC-53,5535,14,20,2025-10-21 22:30:51.846277,347371.046,6292674.689
PG453,G12,SFGY-68,1177,0,3,2025-10-21 22:30:53.525279,345408.774,6289553.315
PG453,G12,SFGY-17,2628,12,16,2025-10-21 22:30:53.525284,345408.774,6289553.315
PE689,225,SFWZ-85,991,0,3,2025-10-21 22:30:55.175731,352404.25,6287327.235
PE689,225,CJRP-83,5566,13,19,2025-10-21 22:30:55.175736,352404.25,6287327.235
PE689,E10,BJFZ-27,3796,13,17,2025-10-21 22:30:55.175738,352404.25,6287327.235
PE689,E10,BJFW-92,4907,17,23,2025-10-21 22:30:55.175738,352404.25,6287327.235
PA164,345,CJRW-11,3110,7,9,2025-10-21 22:30:56.997248,345078.935,6297818.729
PA164,345,FLXL-42,7712,16,24,2025-10-21 22:30:56.997253,345078.935,6297818.729
PA164,I09,RWRP-80,1,0,3,2025-10-21 22:30:56.997254,345078.935,6297818.729
PA164,I09,JZPY-41,64,0,3,2025-10-21 22:30:56.997255,345078.935,6297818.729
PA164,516,TBFW-90,1475,0,4,2025-10-21 22:30:56.997256,345078.935,6297818.729
PA164,516,PFXC-43,1924,0,5,2025-10-21 22:30:56.997257,345078.935,6297818.729
PA164,519,TBFV-16,807,0,3,2025-10-21 22:30:56.997258,345078.935,6297818.729
PA164,519,GCBC-51,2767,5,7,2025-10-21 22:30:56.997258,345078.935,6297818.729
PA164,106,PFVD-58,1,0,3,2025-10-21 22:30:56.997259,345078.935,6297818.729
PA164,106,PFVH-97,6352,13,17,2025-10-21 22:30:56.997260,345078.935,6297818.729
PA164,513,LZPH-26,3039,6,8,2025-10-21 22:30:56.997261,345078.935,6297818.729
PA164,513,VJJV-13,7460,17,25,2025-10-21 22:30:56.997262,345078.935,6297818.729
PA164,385,FLXK-99,192,0,3,2025-10-21 22:30:56.997262,345078.935,6297818.729
PA164,385,FLXF-38,6802,15,21,2025-10-21 22:30:56.997263,345078.935,6297818.729
PA164,510,PFXC-40,7770,14,20,2025-10-21 22:30:56.997264,345078.935,6297818.729
PA164,422,FLXV-73,2673,5,7,2025-10-21 22:30:56.997265,345078.935,6297818.729
PA164,422,PFXB-23,8742,20,28,2025-10-21 22:30:56.997265,345078.935,6297818.729
PA164,404,PFTW-25,1978,0,4,2025-10-21 22:30:56.997266,345078.935,6297818.729
PA164,404,PFYC-70,7844,13,17,2025-10-21 22:30:56.997267,345078.935,6297818.729
PJ155,511,TBFX-40,1838,5,7,2025-10-21 22:30:59.019172,337321.882,6298080.368
PJ155,511,TBFR-95,4167,12,16,2025-10-21 22:30:59.019177,337321.882,6298080.368
PJ155,J15C,TBFW-82,2494,8,10,2025-10-21 22:30:59.019178,337321.882,6298080.368
PJ155,J20,FLXD-51,588,0,3,2025-10-21 22:30:59.019179,337321.882,6298080.368
PJ155,J20,FLXG-37,4968,9,13,2025-10-21 22:30:59.019180,337321.882,6298080.368
PJ155,406,GCBD-32,1138,5,7,2025-10-21 22:30:59.019181,337321.882,6298080.368
PJ155,406,GCBD-71,8965,25,60,2025-10-21 22:30:59.019181,337321.882,6298080.368
PJ155,407,PFXC-77,5425,12,16,2025-10-21 22:30:59.019182,337321.882,6298080.368
PJ155,407,PFXC-56,6958,15,21,2025-10-21 22:30:59.019183,337321.882,6298080.368
PJ155,422,TBFX-10,1969,5,7,2025-10-21 22:30:59.019184,337321.882,6298080.368
PJ155,422,PFXC-66,8510,19,27,2025-10-21 22:30:59.019185,337321.882,6298080.368
PJ155,426,FLXK-82,732,0,3,2025-10-21 22:30:59.019186,337321.882,6298080.368
PJ155,426,FDJX-76,6864,17,25,2025-10-21 22:30:59.019186,337321.882,6298080.368
PJ155,402,SJPC-73,7804,18,26,2025-10-21 22:30:59.019187,337321.882,6298080.368
PJ155,402,PFYC-53,8853,20,28,2025-10-21 22:30:59.019188,337321.882,6298080.368
PG1468,G18,SDSW-48,5050,12,18,2025-10-21 22:31:00.840232,346811.434,6287044.538
PG1468,G18,SHXG-67,8643,25,60,2025-10-21 22:31:00.840237,346811.434,6287044.538
PC476,401,PFVK-63,996,0,4,2025-10-21 22:31:02.869736,357795.835,6300712.553
PC476,401,PFBG-12,3567,9,13,2025-10-21 22:31:02.869741,357795.835,6300712.553
PC476,722,STHJ-98,43,0,3,2025-10-21 22:31:02.869742,357795.835,6300712.553
PC476,C06,LWTK-61,1,0,3,2025-10-21 22:31:02.869743,357795.835,6300712.553
PA275,119,CJRX-42,2865,8,10,2025-10-21 22:31:06.719785,345248.3,6297174.97
PA275,121,BJFZ-36,2758,8,10,2025-10-21 22:31:06.719790,345248.3,6297174.97
PC31,104,SKWD-66,932,0,4,2025-10-21 22:31:08.679104,351200.115,6299102.778
PC31,104,SKWD-79,6801,19,27,2025-10-21 22:31:08.679109,351200.115,6299102.778
PC31,212,LZPT-62,951,5,7,2025-10-21 22:31:08.679111,351200.115,6299102.778
PC31,212,LZPT-43,2141,10,14,2025-10-21 22:31:08.679111,351200.115,6299102.778
PG1608,G08V,FLXV-31,1781,4,6,2025-10-21 22:31:10.591275,341520.481,6281368.684
PG1608,G08V,FLXV-17,6780,17,23,2025-10-21 22:31:10.591280,341520.481,6281368.684
PG1608,G28,FLXH-10,4480,12,16,2025-10-21 22:31:10.591281,341520.481,6281368.684
PG1608,G28,BJFS-84,8618,21,29,2025-10-21 22:31:10.591282,341520.481,6281368.684
PG1608,G08,THTG-69,1870,5,7,2025-10-21 22:31:10.591283,341520.481,6281368.684
PG1608,G08,THTH-20,4804,13,19,2025-10-21 22:31:10.591284,341520.481,6281368.684
PH149,206,SDGY-24,1436,0,3,2025-10-21 22:31:12.533860,347988.669,6290114.345
PH149,206,SVPX-55,4767,11,15,2025-10-21 22:31:12.533865,347988.669,6290114.345
PH149,206C,SDGY-12,1,0,3,2025-10-21 22:31:12.533866,347988.669,6290114.345
PH149,212,LZRB-86,9170,20,28,2025-10-21 22:31:12.533867,347988.669,6290114.345
PH149,212,LZPT-38,9656,25,60,2025-10-21 22:31:12.533868,347988.669,6290114.345
PH149,203,LZPW-13,9478,25,60,2025-10-21 22:31:12.533869,347988.669,6290114.345
PH149,203,LZPT-66,13098,25,60,2025-10-21 22:31:12.533869,347988.669,6290114.345
PD949,D07,SVDD-74,5825,12,16,2025-10-21 22:31:14.437329,349884.701,6293727.2
PD949,D07,SVDD-41,11179,25,60,2025-10-21 22:31:14.437334,349884.701,6293727.2
PF203,F11,SKTZ-76,327,0,3,2025-10-21 22:31:16.318653,356388.532,6279975.774
PF203,F11,SKVB-11,3720,6,8,2025-10-21 22:31:16.318658,356388.532,6279975.774
PE362,E03,BJFW-44,350,0,3,2025-10-21 22:31:18.176510,347288.409,6289067.877
PG224,212,LZPG-16,1925,4,6,2025-10-21 22:31:20.122095,347887.511,6282799.873
PG224,212,SDGY-18,2755,6,8,2025-10-21 22:31:20.122101,347887.511,6282799.873
PG224,216,SRTH-16,1318,0,5,2025-10-21 22:31:20.122102,347887.511,6282799.873
PG224,216,LZPT-76,13405,25,60,2025-10-21 22:31:20.122103,347887.511,6282799.873
PG224,G28,BJFW-20,263,0,3,2025-10-21 22:31:20.122104,347887.511,6282799.873
PG224,G28,BJFW-87,446,0,3,2025-10-21 22:31:20.122105,347887.511,6282799.873
PG224,F06,SPZX-62,117,0,3,2025-10-21 22:31:20.122106,347887.511,6282799.873
PG224,F06,SPZY-66,208,0,3,2025-10-21 22:31:20.122107,347887.511,6282799.873
PG224,F20,LBTS-99,6725,18,26,2025-10-21 22:31:20.122108,347887.511,6282799.873
PG224,F20,SPZX-53,8294,25,60,2025-10-21 22:31:20.122109,347887.511,6282799.873
PB1580,B05,SPCG-69,2910,6,8,2025-10-21 22:31:22.132132,349033.619,6303938.691
PB1580,B05,FLXT-87,10732,25,60,2025-10-21 22:31:22.132137,349033.619,6303938.691
PB1580,107,PGLD-73,3095,8,12,2025-10-21 22:31:22.132139,349033.619,6303938.691
PB1580,C06,LWTK-43,4552,9,13,2025-10-21 22:31:22.132140,349033.619,6303938.691
PB1580,C06,LWTK-60,14412,25,60,2025-10-21 22:31:22.132140,349033.619,6303938.691
PB1984,B35,SKPJ-43,58,0,3,2025-10-21 22:31:24.172395,342670.2,6306938.0
PB1984,B35,SLLZ-43,10356,25,60,2025-10-21 22:31:24.172400,342670.2,6306938.0
PJ1655,J07,VHZZ-10,1506,0,3,2025-10-21 22:31:26.094886,325942.104,6303570.281
PJ1655,J07,VHZV-71,21120,25,60,2025-10-21 22:31:26.094891,325942.104,6303570.281
PE760,E18,BJFX-11,3249,6,8,2025-10-21 22:31:28.006665,351460.731,6288970.758
PE760,E18,CJRB-16,5868,13,17,2025-10-21 22:31:28.006670,351460.731,6288970.758
PE760,E10,BJFT-70,5580,13,19,2025-10-21 22:31:28.006671,351460.731,6288970.758
PF536,F12,LCTG-44,3621,8,10,2025-10-21 22:31:29.857700,352154.204,6279229.931
PB1735,B21,SKDG-24,1918,5,7,2025-10-21 22:31:31.681988,345553.4,6304219.43
PB1735,B21,SKDG-90,2642,7,9,2025-10-21 22:31:31.681993,345553.4,6304219.43
PJ1782,J07E,VJBB-30,8899,12,16,2025-10-21 22:31:33.566633,326275.947,6304509.47
PJ1782,J07E,VJJR-95,22048,25,60,2025-10-21 22:31:33.566638,326275.947,6304509.47
PB2088,B42,FLXJ-92,61,0,3,2025-10-21 22:31:37.564677,337409.0,6311468.0
PB2088,B42,FLXT-92,6041,12,16,2025-10-21 22:31:37.564683,337409.0,6311468.0
PB2088,B13,STHJ-68,2939,8,10,2025-10-21 22:31:37.564685,337409.0,6311468.0
PB2088,B13,STHC-54,6633,25,60,2025-10-21 22:31:37.564686,337409.0,6311468.0
PD187,D15,SVDC-82,3499,17,23,2025-10-21 22:31:39.603435,353993.383,6297395.231
PD187,D15,SVDC-88,3686,16,24,2025-10-21 22:31:39.603440,353993.383,6297395.231
PD187,216,GCBF-45,4674,12,16,2025-10-21 22:31:39.603441,353993.383,6297395.231
PD187,216,LZPG-14,7271,19,27,2025-10-21 22:31:39.603442,353993.383,6297395.231
PD187,286,SCRZ-38,4318,9,13,2025-10-21 22:31:39.603443,353993.383,6297395.231
PD187,286,SFPG-40,6751,15,21,2025-10-21 22:31:39.603444,353993.383,6297395.231
PD187,712,SJPD-98,4051,9,11,2025-10-21 22:31:39.603445,353993.383,6297395.231
PD187,712,SHCW-74,8248,17,25,2025-10-21 22:31:39.603445,353993.383,6297395.231
PD187,D02,SVDC-58,4518,11,15,2025-10-21 22:31:39.603446,353993.383,6297395.231
PG1211,G14,FZZF-82,2596,5,7,2025-10-21 22:31:41.373520,344197.1,6277996.644
PC456,401,PDZH-71,3377,9,13,2025-10-21 22:31:44.691569,356543.198,6300616.287
PI1424,348,VHSY-31,4931,9,13,2025-10-21 22:31:46.549211,341151.496,6290287.483
PI1424,348,VHTB-59,11856,25,60,2025-10-21 22:31:46.549216,341151.496,6290287.483
PA228,402,PFVH-11,1275,0,4,2025-10-21 22:31:48.496576,345625.453,6299199.556
PA228,402,SHXD-77,6277,15,21,2025-10-21 22:31:48.496582,345625.453,6299199.556
PA228,504,TBFX-18,3524,8,10,2025-10-21 22:31:48.496584,345625.453,6299199.556
PA228,504,PFXB-84,9670,25,60,2025-10-21 22:31:48.496584,345625.453,6299199.556
PA228,J03,CJRZ-82,1033,0,3,2025-10-21 22:31:48.496586,345625.453,6299199.556
PA228,J03,FDJX-73,5673,11,15,2025-10-21 22:31:48.496586,345625.453,6299199.556
PD655,D05,SPBP-94,518,0,3,2025-10-21 22:31:50.401297,349139.13,6295256.94
PD655,D05,SPBF-59,3137,9,11,2025-10-21 22:31:50.401302,349139.13,6295256.94
PD655,511,GCBC-71,2506,7,9,2025-10-21 22:31:50.401304,349139.13,6295256.94
PD655,511,FLXW-35,5501,15,21,2025-10-21 22:31:50.401305,349139.13,6295256.94
PI1085,I10,FLXF-13,1430,0,5,2025-10-21 22:31:51.917265,340666.737,6295144.212
PB318,116,LDJJ-74,4775,10,14,2025-10-21 22:31:53.554151,346800.41,6299653.18
PB318,203,LZPT-66,2980,5,7,2025-10-21 22:31:53.554157,346800.41,6299653.18
PB318,208,SRTH-11,2324,5,7,2025-10-21 22:31:53.554158,346800.41,6299653.18
PB318,208,SRTG-96,5622,13,17,2025-10-21 22:31:53.554158,346800.41,6299653.18
PB318,B24,LDJW-29,2473,8,10,2025-10-21 22:31:53.554159,346800.41,6299653.18
PB318,B24,SJTD-62,4455,12,18,2025-10-21 22:31:53.554160,346800.41,6299653.18
PC823,C09,LFGK-10,684,0,3,2025-10-21 22:31:55.110629,358161.115,6301998.325
PC823,C09,SHXF-98,8915,11,15,2025-10-21 22:31:55.110634,358161.115,6301998.325
PF611,F14,SPRY-45,3592,11,15,2025-10-21 22:31:56.733131,354954.81,6282731.17
PF611,124,SPZX-43,982,0,5,2025-10-21 22:31:56.733137,354954.81,6282731.17
PF611,124,SRVG-77,4326,11,15,2025-10-21 22:31:56.733138,354954.81,6282731.17
PB113,116,LDJJ-76,3189,6,8,2025-10-21 22:31:58.713720,349407.356,6303936.276
PB113,116,LCSX-50,5440,12,16,2025-10-21 22:31:58.713725,349407.356,6303936.276
PB113,107,PGRZ-70,2855,7,9,2025-10-21 22:31:58.713727,349407.356,6303936.276
PB113,107,PGBY-60,4690,11,15,2025-10-21 22:31:58.713728,349407.356,6303936.276
PE722,E18,BJFS-95,4245,17,23,2025-10-21 22:32:00.642240,349230.847,6285889.716
PB1330,B17,SHCY-62,3523,9,13,2025-10-21 22:32:04.574758,344655.897,6301433.93
PB1330,B17,SHCY-38,12360,25,60,2025-10-21 22:32:04.574763,344655.897,6301433.93
PI1310,I26,PFVG-38,6414,15,21,2025-10-21 22:32:06.468470,338578.421,6291246.605
PI1310,I26,PFYS-50,13856,25,60,2025-10-21 22:32:06.468475,338578.421,6291246.605
PI1310,I01,FLXL-40,3549,11,15,2025-10-21 22:32:06.468477,338578.421,6291246.605
PI1310,I01,FLXG-16,4066,12,16,2025-10-21 22:32:06.468477,338578.421,6291246.605
PF774,F02,SHXF-39,649,0,3,2025-10-21 22:32:08.317231,352343.658,6279920.7
PF774,F02,SHCY-63,4338,10,14,2025-10-21 22:32:08.317236,352343.658,6279920.7
PF774,F15,STHF-36,2061,4,6,2025-10-21 22:32:08.317237,352343.658,6279920.7
PF774,F15,SRVF-90,5432,14,20,2025-10-21 22:32:08.317238,352343.658,6279920.7
PI11,I14,CJRW-77,5007,16,24,2025-10-21 22:32:10.445156,339873.111,6294284.21
PI11,101,PFVJ-18,2269,5,7,2025-10-21 22:32:10.445162,339873.111,6294284.21
PI11,101,PFVC-56,7667,19,27,2025-10-21 22:32:10.445163,339873.111,6294284.21
PF79,205C,VFPW-63,868,0,3,2025-10-21 22:32:11.951003,353270.134,6282993.375
PF79,210,RWTP-95,1,0,3,2025-10-21 22:32:11.951008,353270.134,6282993.375
PF79,210,RWTP-80,3162,9,13,2025-10-21 22:32:11.951009,353270.134,6282993.375
PF79,F13,SRRY-93,219,0,3,2025-10-21 22:32:11.951010,353270.134,6282993.375
PF79,F13,SRSC-54,2416,8,10,2025-10-21 22:32:11.951011,353270.134,6282993.375
PF79,205,LZRB-94,607,0,3,2025-10-21 22:32:11.951012,353270.134,6282993.375
PF79,205,RWTP-86,6215,16,22,2025-10-21 22:32:11.951013,353270.134,6282993.375
PC1074,C14,SKPL-31,3417,6,8,2025-10-21 22:32:13.593700,354050.56,6305823.98
PE1506,D17,PGLD-66,2592,6,8,2025-10-21 22:32:15.114722,358036.79,6291126.21
PE1506,D17,PGBY-66,3198,8,10,2025-10-21 22:32:15.114727,358036.79,6291126.21
PJ645,J18,VHZZ-90,600,0,3,2025-10-21 22:32:16.770797,337666.804,6298964.211
PC1101,C28,SHCX-40,1499,0,4,2025-10-21 22:32:18.692821,356157.755,6312224.8
PA666,506,TBFR-42,1,0,3,2025-10-21 22:32:20.664844,347852.102,6296824.387
PA666,506,TBFT-43,3742,8,10,2025-10-21 22:32:20.664849,347852.102,6296824.387
PA666,506V,FLXV-45,302,0,3,2025-10-21 22:32:20.664851,347852.102,6296824.387
PA666,506V,FLXV-63,5535,11,15,2025-10-21 22:32:20.664851,347852.102,6296824.387
PA666,507,TBFW-60,1,0,3,2025-10-21 22:32:20.664852,347852.102,6296824.387
PA666,507,TBFR-40,1539,5,7,2025-10-21 22:32:20.664853,347852.102,6296824.387
PA666,510,GCBF-37,2886,7,9,2025-10-21 22:32:20.664854,347852.102,6296824.387
PA666,510,PFXC-40,11840,25,60,2025-10-21 22:32:20.664855,347852.102,6296824.387
PE128,210,SXKV-90,1148,0,3,2025-10-21 22:32:22.084887,352031.41,6288366.58
PE128,210,RYJG-94,5086,8,12,2025-10-21 22:32:22.084893,352031.41,6288366.58
PE128,210V,VFPX-33,6264,13,19,2025-10-21 22:32:22.084894,352031.41,6288366.58
PE128,210V,VFPV-83,8144,16,24,2025-10-21 22:32:22.084895,352031.41,6288366.58
