bus_stop_code,route_id,bus_id,meters_distance,min_arrival_time,max_arrival_time,date,X,Y
PD80,114,SKVD-75,3973,8,14,2025-10-20 06:00:05.053433,351305.96,6296735.34
PD80,114,SKWD-38,9462,20,28,2025-10-20 06:00:05.053440,351305.96,6296735.34
PG110,203E,SFWB-44,436,0,3,2025-10-20 06:00:07.372565,348408.132,6285643.543
PG110,203E,SFWB-98,2366,0,8,2025-10-20 06:00:07.372571,348408.132,6285643.543
PG110,G04,SHXB-33,2887,0,10,2025-10-20 06:00:07.372573,348408.132,6285643.543
PG110,G11,THTD-81,4667,10,16,2025-10-20 06:00:07.372574,348408.132,6285643.543
PG110,G11,THTD-93,12439,29,39,2025-10-20 06:00:07.372576,348408.132,6285643.543
PG110,G18,SHXB-38,2892,0,8,2025-10-20 06:00:07.372577,348408.132,6285643.543
PG110,G18,SFPF-73,7651,18,26,2025-10-20 06:00:07.372578,348408.132,6285643.543
PG110,203,LXWT-94,671,0,3,2025-10-20 06:00:07.372579,348408.132,6285643.543
PG110,203,LZPT-67,1721,0,3,2025-10-20 06:00:07.372580,348408.132,6285643.543
PG110,203C,LXWT-84,2547,0,8,2025-10-20 06:00:07.372581,348408.132,6285643.543
PG110,203C,SVPX-54,5947,13,19,2025-10-20 06:00:07.372582,348408.132,6285643.543
PI1626,115C,FLXW-39,1161,0,3,2025-10-20 06:00:08.925084,341963.405,6293153.994
PI1626,115C,PFXB-92,8738,16,24,2025-10-20 06:00:08.925089,341963.405,6293153.994
PI1626,109,GCBC-99,1991,0,6,2025-10-20 06:00:08.925090,341963.405,6293153.994
PI1626,109,PFXC-22,6241,12,18,2025-10-20 06:00:08.925091,341963.405,6293153.994
PI1626,108,PFVD-37,2571,0,8,2025-10-20 06:00:08.925092,341963.405,6293153.994
PI1626,108,PFVH-97,7074,15,21,2025-10-20 06:00:08.925093,341963.405,6293153.994
PI1626,I26,PFVD-58,3122,0,8,2025-10-20 06:00:08.925093,341963.405,6293153.994
PI1626,I26,PFVD-52,8479,18,26,2025-10-20 06:00:08.925094,341963.405,6293153.994
PI1626,I25,FLXK-99,2278,0,8,2025-10-20 06:00:08.925095,341963.405,6293153.994
PI1626,I25,FLXL-25,12813,45,60,2025-10-20 06:00:08.925096,341963.405,6293153.994
PI1626,113,FLXZ-58,6962,11,17,2025-10-20 06:00:08.925097,341963.405,6293153.994
PI1626,113,FLXW-82,8605,14,20,2025-10-20 06:00:08.925097,341963.405,6293153.994
PI1626,113C,FLXW-66,8669,15,21,2025-10-20 06:00:08.925098,341963.405,6293153.994
PI1626,113C,FLXY-60,13324,25,35,2025-10-20 06:00:08.925099,341963.405,6293153.994
PI1626,115,TBFR-19,570,0,3,2025-10-20 06:00:08.925100,341963.405,6293153.994
PI1626,115,TBFT-58,8221,13,19,2025-10-20 06:00:08.925101,341963.405,6293153.994
PD51,103,SPBF-46,164,0,3,2025-10-20 06:00:11.011257,350779.906,6297789.869
PD51,103,SPBS-65,1822,0,6,2025-10-20 06:00:11.011264,350779.906,6297789.869
PD51,117,PFYC-45,1383,0,8,2025-10-20 06:00:11.011265,350779.906,6297789.869
PD51,117,SPBL-88,6363,45,60,2025-10-20 06:00:11.011267,350779.906,6297789.869
PG288,227,VFPJ-53,7332,16,22,2025-10-20 06:00:12.945120,347727.551,6289871.89
PG288,227,VFPS-87,14199,35,47,2025-10-20 06:00:12.945126,347727.551,6289871.89
PG288,G11,THTG-75,3128,7,13,2025-10-20 06:00:12.945127,347727.551,6289871.89
PG288,G11,THTD-81,10108,25,35,2025-10-20 06:00:12.945128,347727.551,6289871.89
PF965,F16,SPRW-53,1172,0,6,2025-10-20 06:00:14.630873,351337.967,6281742.598
PF965,F16,SPRZ-12,6456,16,22,2025-10-20 06:00:14.630878,351337.967,6281742.598
PF965,F27,SPRY-50,1,0,3,2025-10-20 06:00:14.630880,351337.967,6281742.598
PF965,F27,SPRY-43,7647,18,26,2025-10-20 06:00:14.630881,351337.967,6281742.598
PI418,401,PFTF-82,1019,0,3,2025-10-20 06:00:16.819910,337508.689,6293452.926
PI418,401,PGBB-56,15808,32,42,2025-10-20 06:00:16.819915,337508.689,6293452.926
PI418,405,PFYG-63,963,0,3,2025-10-20 06:00:16.819916,337508.689,6293452.926
PI418,405,PDZS-75,16030,34,44,2025-10-20 06:00:16.819917,337508.689,6293452.926
PI418,432N,PFVC-45,16189,30,40,2025-10-20 06:00:16.819918,337508.689,6293452.926
PI418,I08,FLXW-88,3244,0,8,2025-10-20 06:00:16.819919,337508.689,6293452.926
PI418,I09,GCBF-40,6647,13,19,2025-10-20 06:00:16.819920,337508.689,6293452.926
PI418,I09,RWRP-57,7011,14,20,2025-10-20 06:00:16.819920,337508.689,6293452.926
PI418,506,TBFR-30,93,0,3,2025-10-20 06:00:16.819921,337508.689,6293452.926
PI418,506,PFXC-34,23,0,3,2025-10-20 06:00:16.819930,337508.689,6293452.926
PI418,506V,GCBD-89,11629,26,34,2025-10-20 06:00:16.819931,337508.689,6293452.926
PI418,506V,PFXC-17,16410,36,48,2025-10-20 06:00:16.819932,337508.689,6293452.926
PI418,106,PFYS-50,19854,45,60,2025-10-20 06:00:16.819933,337508.689,6293452.926
PI418,106,PFVD-36,20307,45,60,2025-10-20 06:00:16.819934,337508.689,6293452.926
PC194,401,PGBB-56,2454,0,6,2025-10-20 06:00:18.959006,348814.98,6299496.98
PC194,401,PFVK-99,9347,18,26,2025-10-20 06:00:18.959011,348814.98,6299496.98
PC194,405,PDZS-75,2691,0,8,2025-10-20 06:00:18.959013,348814.98,6299496.98
PC194,405,PDYH-84,4185,11,17,2025-10-20 06:00:18.959013,348814.98,6299496.98
PC194,432N,PFVC-45,2841,0,8,2025-10-20 06:00:18.959014,348814.98,6299496.98
PC194,412,PFVG-95,2822,0,10,2025-10-20 06:00:18.959015,348814.98,6299496.98
PC194,412,PFVG-92,11306,25,35,2025-10-20 06:00:18.959016,348814.98,6299496.98
PC194,418,SKPK-40,501,0,3,2025-10-20 06:00:18.959017,348814.98,6299496.98
PC194,418,PFYC-31,8687,18,26,2025-10-20 06:00:18.959018,348814.98,6299496.98
PC194,106,PFYS-50,6511,16,24,2025-10-20 06:00:18.959019,348814.98,6299496.98
PC194,106,PFVD-36,6963,18,26,2025-10-20 06:00:18.959020,348814.98,6299496.98
PC404,421,PDYH-93,9007,20,28,2025-10-20 06:00:20.870428,359218.182,6303904.496
PC404,421,PFBD-52,9737,22,30,2025-10-20 06:00:20.870433,359218.182,6303904.496
PF47,F10,SRRY-93,1464,0,6,2025-10-20 06:00:22.928068,354671.387,6281442.675
PF47,226,VFPW-33,16837,45,60,2025-10-20 06:00:22.928074,354671.387,6281442.675
PF47,226,VFPV-83,21466,45,60,2025-10-20 06:00:22.928075,354671.387,6281442.675
PF47,F25,SRVJ-34,4940,8,14,2025-10-20 06:00:22.928075,354671.387,6281442.675
PF47,712,SHCW-78,374,0,3,2025-10-20 06:00:22.928076,354671.387,6281442.675
PF47,712,SHCW-62,4375,9,15,2025-10-20 06:00:22.928077,354671.387,6281442.675
PB1962,B21,SPCG-32,6924,24,32,2025-10-20 06:00:24.931558,345505.898,6302394.856
PB1962,B21,SKDH-30,14107,45,60,2025-10-20 06:00:24.931563,345505.898,6302394.856
PD1304,D10,SVDF-57,5823,11,17,2025-10-20 06:00:26.906439,351414.41,6292897.348
PD1304,D10,SVDD-29,11601,38,50,2025-10-20 06:00:26.906445,351414.41,6292897.348
PD478,D08,SVDD-39,5169,10,16,2025-10-20 06:00:28.912066,353572.83,6299784.23
PD478,D08,SVDD-53,6866,14,20,2025-10-20 06:00:28.912072,353572.83,6299784.23
PD478,504,TBFT-52,12874,36,48,2025-10-20 06:00:28.912073,353572.83,6299784.23
PD478,504,GCBD-36,16077,45,60,2025-10-20 06:00:28.912074,353572.83,6299784.23
PD478,518,FLXG-22,3565,8,14,2025-10-20 06:00:28.912075,353572.83,6299784.23
PD478,518,TBFT-67,12008,32,42,2025-10-20 06:00:28.912076,353572.83,6299784.23
PB1311,B38,TBFW-66,3924,13,19,2025-10-20 06:00:32.720021,342536.528,6303371.733
PE1364,E11,VKJX-77,2617,8,14,2025-10-20 06:00:34.721391,349784.946,6285988.167
PE1364,E11,VKJX-72,6074,21,29,2025-10-20 06:00:34.721397,349784.946,6285988.167
PE1364,E16,VFJL-87,674,0,3,2025-10-20 06:00:34.721398,349784.946,6285988.167
PE1364,E16,VFKS-68,4979,14,20,2025-10-20 06:00:34.721399,349784.946,6285988.167
PE1364,E18,BJFX-61,481,0,3,2025-10-20 06:00:34.721400,349784.946,6285988.167
PE1364,F05,SPZY-66,1550,0,6,2025-10-20 06:00:34.721401,349784.946,6285988.167
PE1364,F05,SRVK-73,4315,10,16,2025-10-20 06:00:34.721402,349784.946,6285988.167
PI1538,I20,FLXG-65,965,0,6,2025-10-20 06:00:36.671770,338383.223,6294026.688
PJ27,101,PGPT-53,1992,0,6,2025-10-20 06:00:38.697685,341675.229,6300306.399
PJ27,101,PGPT-30,4691,12,18,2025-10-20 06:00:38.697690,341675.229,6300306.399
PJ27,J16,FLXD-33,10258,25,33,2025-10-20 06:00:38.697691,341675.229,6300306.399
PJ27,J16,CJRZ-90,16489,38,50,2025-10-20 06:00:38.697692,341675.229,6300306.399
PJ27,107,PFYC-48,1132,0,3,2025-10-20 06:00:38.697693,341675.229,6300306.399
PJ27,107,PGRZ-74,5822,15,21,2025-10-20 06:00:38.697694,341675.229,6300306.399
PD1356,D16,PFYC-51,763,0,3,2025-10-20 06:00:42.712451,353293.789,6293411.021
PD1356,D17,PGBY-66,112,0,3,2025-10-20 06:00:42.712457,353293.789,6293411.021
PD1356,D17,PGLD-70,6836,25,33,2025-10-20 06:00:42.712459,353293.789,6293411.021
PD1356,225,SFWZ-58,4143,0,8,2025-10-20 06:00:42.712460,353293.789,6293411.021
PD1356,225,SFWZ-25,6578,9,15,2025-10-20 06:00:42.712461,353293.789,6293411.021
PD1356,712,SHCW-69,295,0,3,2025-10-20 06:00:42.712462,353293.789,6293411.021
PD1356,712,SHXG-93,7077,15,21,2025-10-20 06:00:42.712463,353293.789,6293411.021
PD1356,D10,SVDF-57,3153,0,8,2025-10-20 06:00:42.712464,353293.789,6293411.021
PD1356,D10,SVDD-29,8837,32,42,2025-10-20 06:00:42.712465,353293.789,6293411.021
PD1356,D14,PGBY-38,1064,0,3,2025-10-20 06:00:42.712467,353293.789,6293411.021
PD1356,D14,PGWV-11,3442,7,13,2025-10-20 06:00:42.712480,353293.789,6293411.021
PB1083,B28,SKHF-92,1260,0,3,2025-10-20 06:00:44.684410,342091.386,6304629.483
PB1083,B24,SKHG-55,1190,0,3,2025-10-20 06:00:44.684415,342091.386,6304629.483
PC590,C01,LDJJ-82,2240,0,8,2025-10-20 06:00:46.600990,359440.491,6308536.699
PC590,C01,LDJJ-76,5000,9,15,2025-10-20 06:00:46.600995,359440.491,6308536.699
PC590,C16,SGPW-43,6079,12,18,2025-10-20 06:00:46.600996,359440.491,6308536.699
PD351,114,SKVD-75,3510,0,10,2025-10-20 06:00:48.987596,351306.75,6296975.12
PD351,114,SKWD-38,8468,18,26,2025-10-20 06:00:48.987601,351306.75,6296975.12
PG84,201E,VFHL-33,2205,0,8,2025-10-20 06:00:50.916530,341084.479,6283723.768
PG84,201E,VFHJ-59,3262,9,15,2025-10-20 06:00:50.916534,341084.479,6283723.768
PI1436,I25,FLXK-99,5577,13,19,2025-10-20 06:00:52.853626,340553.376,6293319.171
PI1436,I25,FLXL-25,15926,45,60,2025-10-20 06:00:52.853632,340553.376,6293319.171
PI1436,I18,VHSY-25,1995,0,6,2025-10-20 06:00:52.853633,340553.376,6293319.171
PG1049,G09,SHCV-45,4597,0,10,2025-10-20 06:00:54.743759,340792.683,6286192.352
PG1049,G09,SHXB-23,12427,30,40,2025-10-20 06:00:54.743764,340792.683,6286192.352
PG1049,G39,SHXB-28,19929,45,60,2025-10-20 06:00:54.743765,340792.683,6286192.352
PG1049,G39,HVFH-31,22183,45,60,2025-10-20 06:00:54.743766,340792.683,6286192.352
PF890,F33,SPZY-41,4807,11,17,2025-10-20 06:00:56.651482,351118.887,6278813.814
PJ1797,504,GCBF-32,50,0,3,2025-10-20 06:00:58.740424,334337.0,6299109.0
PJ1797,504,TBFX-44,1491,8,14,2025-10-20 06:00:58.740429,334337.0,6299109.0
PB637,314,VHSX-72,14715,33,43,2025-10-20 06:01:02.835168,339912.536,6306336.652
PB637,314,TWPD-94,16395,37,49,2025-10-20 06:01:02.835171,339912.536,6306336.652
PB637,B08,STHJ-99,6,0,3,2025-10-20 06:01:02.835173,339912.536,6306336.652
PB637,B08,SJPB-20,7384,16,22,2025-10-20 06:01:02.835173,339912.536,6306336.652
PB637,B18,STHJ-81,5140,7,13,2025-10-20 06:01:02.835174,339912.536,6306336.652
PJ613,J01,BJFC-78,1637,0,6,2025-10-20 06:01:04.733796,340013.171,6299290.51
PJ613,J01,FLXH-77,7309,19,27,2025-10-20 06:01:04.733801,340013.171,6299290.51
PJ613,J08,FLXK-35,172,0,3,2025-10-20 06:01:04.733802,340013.171,6299290.51
PB797,B03,LXDH-96,4797,16,22,2025-10-20 06:01:06.668058,339587.105,6302093.186
PB797,B03,SPZX-34,7648,25,33,2025-10-20 06:01:06.668063,339587.105,6302093.186
PB828,B03,LXDJ-22,1938,0,8,2025-10-20 06:01:08.643912,338422.639,6301775.992
PB828,B03,SKHG-65,13806,35,45,2025-10-20 06:01:08.643917,338422.639,6301775.992
PJ208,514,PFXB-23,581,0,3,2025-10-20 06:01:10.598985,336596.927,6297553.684
PJ208,514,GCBF-11,4989,11,17,2025-10-20 06:01:10.598990,336596.927,6297553.684
PJ208,418,SHCY-22,2824,0,10,2025-10-20 06:01:10.598992,336596.927,6297553.684
PI489,506,FLXW-35,144,0,3,2025-10-20 06:01:12.613463,335109.526,6288282.371
PI489,506,GCBC-80,1218,0,3,2025-10-20 06:01:12.613468,335109.526,6288282.371
PI489,506E,TBFR-35,1388,0,3,2025-10-20 06:01:12.613469,335109.526,6288282.371
PI489,509,FLXX-92,266,0,3,2025-10-20 06:01:12.613470,335109.526,6288282.371
PI489,419,PFYG-99,3209,8,14,2025-10-20 06:01:12.613471,335109.526,6288282.371
PC798,C17,SKPJ-50,6799,16,22,2025-10-20 06:01:14.010474,355411.278,6310545.305
PA621,J03,FLXD-57,5314,15,21,2025-10-20 06:01:15.603543,344497.844,6299347.739
PA621,J03,FLXD-51,7564,19,27,2025-10-20 06:01:15.603548,344497.844,6299347.739
PI1869,I25,FLXL-25,6425,14,20,2025-10-20 06:01:17.235138,341879.0,6290244.0
PI1869,I25,FLXL-84,10639,25,33,2025-10-20 06:01:17.235143,341879.0,6290244.0
PJ1704,422C,SHXG-36,1189,0,6,2025-10-20 06:01:19.193797,336018.262,6298341.963
PJ1704,422,TBFP-63,15,0,3,2025-10-20 06:01:19.193803,336018.262,6298341.963
PJ1704,422,FLXV-57,1886,0,10,2025-10-20 06:01:19.193804,336018.262,6298341.963
PE309,E01,VKJZ-36,1854,0,8,2025-10-20 06:01:21.122095,353939.358,6286300.972
PE309,E01,VKJX-32,2968,8,14,2025-10-20 06:01:21.122101,353939.358,6286300.972
PE309,E14,VKJZ-79,1627,0,6,2025-10-20 06:01:21.122103,353939.358,6286300.972
PE309,E14,VKJZ-62,5483,17,25,2025-10-20 06:01:21.122104,353939.358,6286300.972
PB306,203,LZPS-12,492,0,3,2025-10-20 06:01:23.011573,347208.971,6303088.388
PB306,208,LZPR-86,2992,7,13,2025-10-20 06:01:23.011578,347208.971,6303088.388
PB591,B11,SKDJ-11,1293,0,3,2025-10-20 06:01:25.518928,340526.946,6306308.963
PB591,B11,SKDJ-94,9416,27,37,2025-10-20 06:01:25.518933,340526.946,6306308.963
PB591,B43,SHCX-64,3493,9,15,2025-10-20 06:01:25.518934,340526.946,6306308.963
PB591,315E,TWPD-36,3742,10,16,2025-10-20 06:01:25.518935,340526.946,6306308.963
PB591,315E,TWPC-74,10533,34,44,2025-10-20 06:01:25.518936,340526.946,6306308.963
PB591,B08,STHL-35,618,0,3,2025-10-20 06:01:25.518937,340526.946,6306308.963
PB591,B08,SHCY-51,3579,17,25,2025-10-20 06:01:25.518938,340526.946,6306308.963
PI1550,I21,FLXL-46,945,0,3,2025-10-20 06:01:27.461590,333436.815,6286261.331
PE507,418,PFVH-15,722,0,3,2025-10-20 06:01:29.392543,356203.646,6290024.525
PE507,418,PFYC-33,1663,0,6,2025-10-20 06:01:29.392547,356203.646,6290024.525
PE507,126,FLXT-30,1,0,3,2025-10-20 06:01:29.392549,356203.646,6290024.525
PG353,G16,SFPG-41,465,0,3,2025-10-20 06:01:30.793083,344592.98,6283797.11
PG353,301,FLXT-34,3369,0,8,2025-10-20 06:01:30.793088,344592.98,6283797.11
PG353,301,BJFZ-67,7504,15,21,2025-10-20 06:01:30.793089,344592.98,6283797.11
PG353,301C,BJFT-94,3449,21,29,2025-10-20 06:01:30.793090,344592.98,6283797.11
PG353,G28,BJFW-31,11048,29,39,2025-10-20 06:01:30.793091,344592.98,6283797.11
PG353,G28,BJFW-20,15859,45,60,2025-10-20 06:01:30.793092,344592.98,6283797.11
PG1661,F06,SPZY-28,2427,0,8,2025-10-20 06:01:32.770759,348888.623,6282365.474
PG1661,F06,SPZY-42,9092,25,35,2025-10-20 06:01:32.770764,348888.623,6282365.474
PG1661,233,SCRZ-15,18029,45,60,2025-10-20 06:01:32.770766,348888.623,6282365.474
PG1661,233,SHXB-40,22050,45,60,2025-10-20 06:01:32.770766,348888.623,6282365.474
PG1661,286,SFPG-48,29574,45,60,2025-10-20 06:01:32.770767,348888.623,6282365.474
PG1661,G13,SHXG-76,1168,0,3,2025-10-20 06:01:32.770768,348888.623,6282365.474
PG1661,G13,SHCV-37,5911,17,25,2025-10-20 06:01:32.770769,348888.623,6282365.474
PG1661,G13C,SCRZ-17,9301,31,41,2025-10-20 06:01:32.770770,348888.623,6282365.474
PG1661,G13C,SFGY-84,11552,45,60,2025-10-20 06:01:32.770770,348888.623,6282365.474
PE271,E12,VFKT-58,7342,17,23,2025-10-20 06:01:34.672768,348922.597,6289826.463
PE271,E12,VFJT-26,9249,19,27,2025-10-20 06:01:34.672773,348922.597,6289826.463
PE271,226,VFPJ-68,5419,11,17,2025-10-20 06:01:34.672774,348922.597,6289826.463
PE271,226,VGBW-19,7548,17,23,2025-10-20 06:01:34.672775,348922.597,6289826.463
PG971,228,THTD-58,1111,0,3,2025-10-20 06:01:36.612009,343586.487,6281603.707
PG971,228,THTD-67,4750,8,14,2025-10-20 06:01:36.612014,343586.487,6281603.707
PC337,409,SKWF-11,4842,0,10,2025-10-20 06:01:38.566194,353402.76,6303296.63
PC337,409,SKWD-73,7975,14,20,2025-10-20 06:01:38.566199,353402.76,6303296.63
PC337,411,SKWD-37,9207,16,24,2025-10-20 06:01:38.566200,353402.76,6303296.63
PC337,286,SFPG-48,3778,0,8,2025-10-20 06:01:38.566201,353402.76,6303296.63
PC337,C15,SKPJ-44,7187,13,19,2025-10-20 06:01:38.566201,353402.76,6303296.63
PI429,106,PFYS-50,25581,45,60,2025-10-20 06:01:40.692394,335150.158,6289153.922
PI429,106,PFVD-36,26194,45,60,2025-10-20 06:01:40.692399,335150.158,6289153.922
PI429,401,PFTF-82,6348,14,20,2025-10-20 06:01:40.692401,335150.158,6289153.922
PI429,401,PGBB-56,21810,45,60,2025-10-20 06:01:40.692402,335150.158,6289153.922
PI429,I03,FLXL-48,7139,14,20,2025-10-20 06:01:40.692403,335150.158,6289153.922
PI429,I03,FLXL-20,13831,45,60,2025-10-20 06:01:40.692404,335150.158,6289153.922
PI429,I10,FLXG-16,5086,14,20,2025-10-20 06:01:40.692405,335150.158,6289153.922
PI429,I10,FLXG-48,10922,28,38,2025-10-20 06:01:40.692406,335150.158,6289153.922
PJ2016,J07E,VHZY-50,6314,0,10,2025-10-20 06:01:42.746074,334784.017,6305481.991
PJ2016,J07E,VHZX-31,11783,15,21,2025-10-20 06:01:42.746079,334784.017,6305481.991
PJ2016,B09,SHCY-39,1445,0,3,2025-10-20 06:01:42.746081,334784.017,6305481.991
PB1065,109,FLXG-40,1682,0,6,2025-10-20 06:01:46.541026,338863.959,6302853.639
PB1065,B09,SHCY-39,8031,17,25,2025-10-20 06:01:46.541032,338863.959,6302853.639
PB1065,B29,LXDH-98,4612,10,16,2025-10-20 06:01:46.541033,338863.959,6302853.639
PB1065,B29,SKHG-82,5426,12,18,2025-10-20 06:01:46.541034,338863.959,6302853.639
PF593,F09,SPZX-67,3685,9,15,2025-10-20 06:01:48.502574,353449.321,6284532.355
PB667,408,LXWS-38,3854,0,10,2025-10-20 06:01:50.476770,338477.55,6301960.76
PB667,410,LFGJ-94,14548,26,34,2025-10-20 06:01:50.476776,338477.55,6301960.76
PJ933,J10,VHZY-90,7693,14,20,2025-10-20 06:01:52.419428,336551.591,6298787.905
PA720,201,GCBC-12,616,0,3,2025-10-20 06:01:55.387675,346141.702,6298089.983
PA720,201,GCBC-16,5680,15,21,2025-10-20 06:01:55.387681,346141.702,6298089.983
PA720,264N,GCBB-28,323,0,3,2025-10-20 06:01:55.387682,346141.702,6298089.983
PA720,271,TBLT-54,8650,21,29,2025-10-20 06:01:55.387683,346141.702,6298089.983
PA720,271,TBYY-59,11337,28,38,2025-10-20 06:01:55.387684,346141.702,6298089.983
PA19,113,FLXZ-58,11976,23,31,2025-10-20 06:01:57.384726,346444.495,6295354.669
PA19,113,FLXW-82,14311,26,36,2025-10-20 06:01:57.384730,346444.495,6295354.669
PA19,H07,BJFT-72,3034,7,13,2025-10-20 06:01:57.384732,346444.495,6295354.669
PA19,H07,FLXK-55,7325,17,25,2025-10-20 06:01:57.384732,346444.495,6295354.669
PA19,I01,FLXD-81,2191,0,8,2025-10-20 06:01:57.384733,346444.495,6295354.669
PA19,I01,FLXG-91,7361,16,22,2025-10-20 06:01:57.384734,346444.495,6295354.669
PA19,511,PFXC-49,10489,21,29,2025-10-20 06:01:57.384735,346444.495,6295354.669
PA19,511,TBFT-99,15554,32,42,2025-10-20 06:01:57.384736,346444.495,6295354.669
PA19,115,TBFR-19,5738,13,19,2025-10-20 06:01:57.384736,346444.495,6295354.669
PA19,115,TBFT-58,13671,25,35,2025-10-20 06:01:57.384738,346444.495,6295354.669
PI425,106,PFYS-50,24318,45,60,2025-10-20 06:01:59.353710,336361.06,6289237.25
PI425,106,PFVD-36,24753,45,60,2025-10-20 06:01:59.353714,336361.06,6289237.25
PI425,401,PFTF-82,4741,9,15,2025-10-20 06:01:59.353715,336361.06,6289237.25
PI425,401,PGBB-56,20428,45,60,2025-10-20 06:01:59.353716,336361.06,6289237.25
PI425,506,PFXC-34,3944,7,13,2025-10-20 06:01:59.353717,336361.06,6289237.25
PI425,506,TBFR-30,3983,7,13,2025-10-20 06:01:59.353718,336361.06,6289237.25
PI425,506V,GCBD-89,16321,35,47,2025-10-20 06:01:59.353719,336361.06,6289237.25
PI425,506V,PFXC-17,20760,45,60,2025-10-20 06:01:59.353719,336361.06,6289237.25
PJ1936,J05,PFXC-32,18211,45,60,2025-10-20 06:02:01.331255,336096.88,6300831.64
PJ1936,J05,TBFR-20,18246,45,60,2025-10-20 06:02:01.331261,336096.88,6300831.64
PJ1936,J13C,FLXG-29,7766,21,29,2025-10-20 06:02:01.331262,336096.88,6300831.64
PJ1936,J15C,TBFW-71,6897,25,33,2025-10-20 06:02:01.331263,336096.88,6300831.64
PI387,431C,PFYS-94,8847,32,42,2025-10-20 06:02:03.944425,337439.46,6293346.13
PI387,I09E,RWRP-78,1579,0,10,2025-10-20 06:02:03.944430,337439.46,6293346.13
PI387,I09E,VHTB-23,4974,20,28,2025-10-20 06:02:03.944431,337439.46,6293346.13
PI387,106,PFVD-55,2607,0,10,2025-10-20 06:02:03.944432,337439.46,6293346.13
PI387,106,PFYS-20,5775,17,25,2025-10-20 06:02:03.944433,337439.46,6293346.13
PI387,401,PFYG-68,1600,0,6,2025-10-20 06:02:03.944434,337439.46,6293346.13
PI387,401,PDZT-27,4275,12,18,2025-10-20 06:02:03.944435,337439.46,6293346.13
PI387,419,PFYG-83,1,0,3,2025-10-20 06:02:03.944436,337439.46,6293346.13
PI387,419,PFYG-60,3661,12,18,2025-10-20 06:02:03.944436,337439.46,6293346.13
PI387,111,FLXW-78,6540,13,19,2025-10-20 06:02:03.944437,337439.46,6293346.13
PI387,506,GCBC-77,2570,0,6,2025-10-20 06:02:03.944438,337439.46,6293346.13
PI387,506,TBFR-42,2604,0,6,2025-10-20 06:02:03.944439,337439.46,6293346.13
PI387,405,PFVK-67,1,0,3,2025-10-20 06:02:03.944440,337439.46,6293346.13
PI387,405,PFBG-41,1167,0,6,2025-10-20 06:02:03.944441,337439.46,6293346.13
PI387,421,PFTW-66,2291,0,8,2025-10-20 06:02:03.944442,337439.46,6293346.13
PI387,421,PFVK-89,2347,0,10,2025-10-20 06:02:03.944443,337439.46,6293346.13
PI387,I08,FLXY-68,1891,0,6,2025-10-20 06:02:03.944444,337439.46,6293346.13
PI387,I08,FLXZ-59,2096,0,8,2025-10-20 06:02:03.944445,337439.46,6293346.13
PI387,506V,TBFW-21,1,0,3,2025-10-20 06:02:03.944446,337439.46,6293346.13
PI387,506V,TBFT-69,2712,0,8,2025-10-20 06:02:03.944454,337439.46,6293346.13
PI387,I07,VHSY-41,3552,15,21,2025-10-20 06:02:03.944455,337439.46,6293346.13
PI387,I09,RWRP-62,128,0,3,2025-10-20 06:02:03.944456,337439.46,6293346.13
PI387,I09,RWRP-71,2545,0,8,2025-10-20 06:02:03.944457,337439.46,6293346.13
PI387,110,CJRY-77,1035,0,3,2025-10-20 06:02:03.944459,337439.46,6293346.13
PI387,110,GCBC-92,3153,0,10,2025-10-20 06:02:03.944460,337439.46,6293346.13
PG803,G02,FLXL-97,59,0,3,2025-10-20 06:02:05.916866,340883.561,6280440.866
PG803,G02,CJRL-60,925,0,3,2025-10-20 06:02:05.916871,340883.561,6280440.866
PG803,G22,THTD-91,1,0,3,2025-10-20 06:02:05.916872,340883.561,6280440.866
PG803,G22,THTD-82,2187,0,8,2025-10-20 06:02:05.916873,340883.561,6280440.866
PG803,G27,THTG-67,2356,0,8,2025-10-20 06:02:05.916874,340883.561,6280440.866
PG803,G27,THTH-32,7353,26,36,2025-10-20 06:02:05.916874,340883.561,6280440.866
PG803,G08,THTD-98,923,0,3,2025-10-20 06:02:05.916875,340883.561,6280440.866
PG803,G08,THTF-58,4516,8,14,2025-10-20 06:02:05.916876,340883.561,6280440.866
PG1901,G01,THTD-60,7180,13,19,2025-10-20 06:02:07.930504,341916.78,6284572.96
PG1901,G01,THTF-93,11349,23,31,2025-10-20 06:02:07.930509,341916.78,6284572.96
PG1901,G01C,THTF-98,5022,13,19,2025-10-20 06:02:07.930510,341916.78,6284572.96
PG1901,217E,TBYY-64,5309,11,17,2025-10-20 06:02:07.930511,341916.78,6284572.96
PG1901,G34,THTG-82,4522,10,16,2025-10-20 06:02:07.930512,341916.78,6284572.96
PG1901,G34,THTH-21,10608,28,38,2025-10-20 06:02:07.930513,341916.78,6284572.96
PG1901,G39,FLXK-21,3085,0,10,2025-10-20 06:02:07.930514,341916.78,6284572.96
PI256,111,FLXW-78,8345,18,26,2025-10-20 06:02:09.963466,337218.81,6294206.736
PI256,I07,VHSY-41,5128,18,26,2025-10-20 06:02:09.963473,337218.81,6294206.736
PB2144,B21,SKDH-34,5891,12,18,2025-10-20 06:02:11.882442,336577.001,6307939.001
PB2144,B21,SKDH-73,14417,33,43,2025-10-20 06:02:11.882448,336577.001,6307939.001
PB2144,425,SJPC-32,692,0,6,2025-10-20 06:02:11.882449,336577.001,6307939.001
PB2144,425,SHXF-32,19555,45,60,2025-10-20 06:02:11.882450,336577.001,6307939.001
PJ858,J19,VGVG-59,4741,16,22,2025-10-20 06:02:13.785402,339354.525,6297161.925
PJ858,J08,FLXS-68,2000,0,6,2025-10-20 06:02:13.785408,339354.525,6297161.925
PJ858,J08,FLXT-65,4041,8,14,2025-10-20 06:02:13.785409,339354.525,6297161.925
PC1021,C14,SKPP-26,3299,0,8,2025-10-20 06:02:15.687384,353844.229,6304609.279
PC1021,C14,SKPL-27,9658,15,21,2025-10-20 06:02:15.687390,353844.229,6304609.279
PJ1665,505,VJBB-51,1004,0,3,2025-10-20 06:02:17.859579,337532.191,6301523.854
PJ1665,505,LXWR-83,3421,0,10,2025-10-20 06:02:17.859584,337532.191,6301523.854
PJ1665,408,LZPH-37,1991,0,8,2025-10-20 06:02:17.859585,337532.191,6301523.854
PC598,C01,LDJJ-82,4827,10,16,2025-10-20 06:02:19.788544,360285.1,6308287.948
PC598,C01,LDJJ-76,6830,15,21,2025-10-20 06:02:19.788550,360285.1,6308287.948
PD979,425,SJPC-20,5438,14,20,2025-10-20 06:02:21.741645,355023.678,6293772.467
PD979,425,SHXG-96,17928,45,60,2025-10-20 06:02:21.741650,355023.678,6293772.467
PD979,429,SLLZ-38,8033,35,45,2025-10-20 06:02:21.741651,355023.678,6293772.467
PD979,429,SLPB-66,10005,45,60,2025-10-20 06:02:21.741652,355023.678,6293772.467
PD979,D07,SVDC-36,2519,16,22,2025-10-20 06:02:21.741653,355023.678,6293772.467
PD979,D07,SVDF-68,8843,34,44,2025-10-20 06:02:21.741654,355023.678,6293772.467
PD979,D07C,SVDD-50,10641,45,60,2025-10-20 06:02:21.741655,355023.678,6293772.467
PD979,D10,SVDD-29,1164,8,14,2025-10-20 06:02:21.741656,355023.678,6293772.467
PD979,D10,STVY-74,7930,23,31,2025-10-20 06:02:21.741657,355023.678,6293772.467
PB1191,B12,SKDG-29,1,0,3,2025-10-20 06:02:23.643393,343505.479,6305708.797
PB1191,B12,SPCG-35,4653,13,19,2025-10-20 06:02:23.643398,343505.479,6305708.797
PJ542,J01,FLXH-76,242,16,22,2025-10-20 06:02:25.647589,335778.996,6297351.332
PJ542,J19,VGVG-59,675,8,14,2025-10-20 06:02:25.647594,335778.996,6297351.332
PC283,C28,SKPJ-82,3604,0,10,2025-10-20 06:02:27.697394,355959.39,6303777.37
PC283,C01C,PFYC-67,3775,8,14,2025-10-20 06:02:27.697399,355959.39,6303777.37
PC283,430,SHXG-44,1,0,3,2025-10-20 06:02:27.697400,355959.39,6303777.37
PC283,430,PGBY-52,5730,13,19,2025-10-20 06:02:27.697400,355959.39,6303777.37
PC283,406,TBFW-70,4581,10,16,2025-10-20 06:02:27.697401,355959.39,6303777.37
PC283,406,GCBD-31,4586,10,16,2025-10-20 06:02:27.697402,355959.39,6303777.37
PC283,426,FLXD-52,4713,9,15,2025-10-20 06:02:27.697403,355959.39,6303777.37
PC283,426,BJFH-44,6454,16,22,2025-10-20 06:02:27.697404,355959.39,6303777.37
PC283,C01,LCSX-53,1377,0,3,2025-10-20 06:02:27.697413,355959.39,6303777.37
PC283,C01,LCPW-38,5653,12,18,2025-10-20 06:02:27.697414,355959.39,6303777.37
PB1117,B22,SKPS-10,3824,0,10,2025-10-20 06:02:29.645017,344601.318,6304340.457
PB1117,B22,SKPS-47,8586,21,29,2025-10-20 06:02:29.645022,344601.318,6304340.457
PB1117,272,VFHV-67,10607,28,38,2025-10-20 06:02:29.645023,344601.318,6304340.457
PB1117,272,VFPC-31,14333,38,50,2025-10-20 06:02:29.645024,344601.318,6304340.457
PB1117,B01,SKHG-37,5823,15,21,2025-10-20 06:02:29.645024,344601.318,6304340.457
PB1117,B01,TXZH-33,11376,28,38,2025-10-20 06:02:29.645025,344601.318,6304340.457
PB1117,B10,STHK-27,2728,0,10,2025-10-20 06:02:29.645026,344601.318,6304340.457
PI1652,428,SJPF-91,5458,7,13,2025-10-20 06:02:31.644946,336214.795,6295556.762
PI1652,428,SHXD-59,9978,16,24,2025-10-20 06:02:31.644951,336214.795,6295556.762
PI1652,444,SHXF-29,4990,0,10,2025-10-20 06:02:31.644952,336214.795,6295556.762
PI1652,510,GCBF-26,16534,37,49,2025-10-20 06:02:31.644953,336214.795,6295556.762
PI1652,510,PFWZ-57,22339,45,60,2025-10-20 06:02:31.644954,336214.795,6295556.762
PI1652,516,GCBD-70,5074,8,14,2025-10-20 06:02:31.644954,336214.795,6295556.762
PI1652,516,PFXC-73,18873,45,60,2025-10-20 06:02:31.644955,336214.795,6295556.762
PI1652,J08,FLXL-92,7613,17,25,2025-10-20 06:02:31.644956,336214.795,6295556.762
PI1652,J08,FLXK-35,12398,29,39,2025-10-20 06:02:31.644957,336214.795,6295556.762
PI1652,110,CJRW-51,6872,12,18,2025-10-20 06:02:31.644958,336214.795,6295556.762
PI1652,110,FLXL-91,7260,13,19,2025-10-20 06:02:31.644958,336214.795,6295556.762
PI1128,I12,FLXY-31,416,0,3,2025-10-20 06:02:33.537358,334447.325,6292968.155
PI1128,I22,FLXY-14,554,0,3,2025-10-20 06:02:33.537363,334447.325,6292968.155
PE185,103,SPBP-31,2996,0,8,2025-10-20 06:02:35.441492,351989.158,6290248.288
PE185,103,SPBF-44,9612,28,38,2025-10-20 06:02:35.441497,351989.158,6290248.288
PE185,211,GCWF-73,5568,9,15,2025-10-20 06:02:35.441498,351989.158,6290248.288
PE185,211,TBYY-77,6190,11,17,2025-10-20 06:02:35.441499,351989.158,6290248.288
PE185,225,SFWZ-58,411,0,3,2025-10-20 06:02:35.441500,351989.158,6290248.288
PE185,225,SFWZ-25,2176,0,3,2025-10-20 06:02:35.441501,351989.158,6290248.288
PJ65,412,PFTW-48,279,0,3,2025-10-20 06:02:37.351214,338157.52,6299294.27
PJ65,412,PFTW-59,4853,16,22,2025-10-20 06:02:37.351219,338157.52,6299294.27
PJ65,110,CJRW-51,173,0,3,2025-10-20 06:02:37.351222,338157.52,6299294.27
PJ65,110,FLXL-91,564,0,3,2025-10-20 06:02:37.351222,338157.52,6299294.27
PD636,D16,PFYC-51,1216,0,3,2025-10-20 06:02:39.287794,352374.715,6294015.889
PD636,325,VFJD-49,1,0,3,2025-10-20 06:02:39.287800,352374.715,6294015.889
PD636,325,VFKV-40,3749,9,15,2025-10-20 06:02:39.287801,352374.715,6294015.889
PD636,508,FDJX-84,3078,0,8,2025-10-20 06:02:39.287802,352374.715,6294015.889
PD636,508,PFXB-58,5178,11,17,2025-10-20 06:02:39.287802,352374.715,6294015.889
PB661,408,LXWS-38,1031,0,3,2025-10-20 06:02:40.907008,339609.398,6302530.165
PB661,408,LXWR-71,9428,26,36,2025-10-20 06:02:40.907012,339609.398,6302530.165
PB661,410,LFGJ-94,11883,21,29,2025-10-20 06:02:40.907014,339609.398,6302530.165
PJ789,J07,VJBC-80,12498,21,29,2025-10-20 06:02:42.553994,338500.465,6298544.375
PJ789,J07,VHZZ-61,25685,45,60,2025-10-20 06:02:42.553999,338500.465,6298544.375
PJ789,J07E,VHZY-50,20991,23,31,2025-10-20 06:02:42.554001,338500.465,6298544.375
PJ789,J07E,VHZX-31,25944,30,40,2025-10-20 06:02:42.554002,338500.465,6298544.375
PH436,H24,VGRC-23,1705,0,6,2025-10-20 06:02:46.444402,348759.645,6292532.428
PH436,H24,VGRC-53,5679,12,18,2025-10-20 06:02:46.444408,348759.645,6292532.428
PJ444,513,LZPH-17,1353,0,3,2025-10-20 06:02:48.458099,339917.304,6301642.928
PJ444,513,VHZZ-30,1409,0,3,2025-10-20 06:02:48.458104,339917.304,6301642.928
PJ444,J16,FLXD-38,4712,9,15,2025-10-20 06:02:48.458105,339917.304,6301642.928
PJ444,505,VJBB-51,3239,0,10,2025-10-20 06:02:48.458106,339917.304,6301642.928
PJ444,505,LXWR-83,5563,12,18,2025-10-20 06:02:48.458107,339917.304,6301642.928
PF33,F08,SPVV-65,1893,0,8,2025-10-20 06:02:49.982474,355664.101,6283949.634
PF33,F08,SPVT-70,4105,10,16,2025-10-20 06:02:49.982480,355664.101,6283949.634
PF33,F24,SPRY-38,74,0,3,2025-10-20 06:02:49.982481,355664.101,6283949.634
PF33,F27,SPRY-43,325,0,3,2025-10-20 06:02:49.982482,355664.101,6283949.634
PF33,F27,SPRW-89,1311,0,3,2025-10-20 06:02:49.982484,355664.101,6283949.634
PF33,712,SHXD-92,6899,12,18,2025-10-20 06:02:49.982485,355664.101,6283949.634
PF33,712,SHCW-68,16312,33,43,2025-10-20 06:02:49.982486,355664.101,6283949.634
PH222,214,FLXZ-96,10798,28,38,2025-10-20 06:02:51.873795,345702.998,6290898.676
PH222,214,GCBB-42,13968,39,51,2025-10-20 06:02:51.873801,345702.998,6290898.676
PH1482,H24,VGRF-75,1236,0,3,2025-10-20 06:02:53.819511,345561.827,6292113.653
PH1482,H24,VGRC-23,6220,15,21,2025-10-20 06:02:53.819516,345561.827,6292113.653
PB1077,B17,SHCY-62,4364,12,18,2025-10-20 06:02:55.684234,342498.184,6303554.904
PB1077,B17,SJTD-62,11031,45,60,2025-10-20 06:02:55.684239,342498.184,6303554.904
PA413,517,VHZX-30,16971,37,49,2025-10-20 06:02:57.825165,344672.41,6299454.04
PA413,503,LZPH-13,3730,0,8,2025-10-20 06:02:57.825170,344672.41,6299454.04
PA413,503,LZPG-48,6540,12,18,2025-10-20 06:02:57.825170,344672.41,6299454.04
PA413,502,TBFW-18,18069,37,49,2025-10-20 06:02:57.825171,344672.41,6299454.04
PA413,518,TBFX-15,2462,0,10,2025-10-20 06:02:57.825172,344672.41,6299454.04
PA413,518,TBFP-79,10872,27,37,2025-10-20 06:02:57.825173,344672.41,6299454.04
PJ467,J16,FLXD-33,14210,34,46,2025-10-20 06:02:59.716453,339651.86,6301520.23
PJ467,J16,CJRZ-90,20582,45,60,2025-10-20 06:02:59.716458,339651.86,6301520.23
PJ467,505,VHXJ-50,9411,21,29,2025-10-20 06:02:59.716459,339651.86,6301520.23
PJ467,505,LXWS-34,12996,32,42,2025-10-20 06:02:59.716460,339651.86,6301520.23
PJ467,513,LZPH-30,405,0,3,2025-10-20 06:02:59.716461,339651.86,6301520.23
PJ467,513,VJBC-10,14404,30,40,2025-10-20 06:02:59.716462,339651.86,6301520.23
PC629,C02,LDJJ-61,260,0,3,2025-10-20 06:03:01.687298,358352.863,6303176.635
PC629,C02,LDJJ-66,7265,14,20,2025-10-20 06:03:01.687303,358352.863,6303176.635
PF400,F27,SPRY-39,513,0,3,2025-10-20 06:03:05.058111,351430.679,6282804.838
PJ25,107,PGRZ-74,4184,10,16,2025-10-20 06:03:06.931803,341341.327,6299802.549
PJ25,107,PGBY-87,5219,12,18,2025-10-20 06:03:06.931808,341341.327,6299802.549
PJ25,101,PGPT-53,1,0,3,2025-10-20 06:03:06.931809,341341.327,6299802.549
PJ25,101,PGPT-30,3293,9,15,2025-10-20 06:03:06.931810,341341.327,6299802.549
PA247,402,PFTW-50,4243,25,33,2025-10-20 06:03:08.839771,345292.12,6299119.98
PA247,402,PFYC-57,9422,45,60,2025-10-20 06:03:08.839776,345292.12,6299119.98
PB751,B02,FLXR-86,1169,0,8,2025-10-20 06:03:10.752487,349101.41,6304700.32
PB751,B02,FLXR-73,4010,14,20,2025-10-20 06:03:10.752492,349101.41,6304700.32
PI20,101,PGPT-57,9314,20,28,2025-10-20 06:03:12.800663,340785.907,6291980.928
PI20,101,PGPT-42,13973,32,42,2025-10-20 06:03:12.800669,340785.907,6291980.928
PI20,I04,FLXF-59,2929,0,8,2025-10-20 06:03:12.800670,340785.907,6291980.928
PI20,I04,FLXD-89,8048,16,24,2025-10-20 06:03:12.800671,340785.907,6291980.928
PI20,I14,CJRZ-70,7056,20,28,2025-10-20 06:03:12.800672,340785.907,6291980.928
PE1396,286,SFPF-99,343,0,3,2025-10-20 06:03:14.692903,350488.409,6287339.472
PE1396,286,SDSW-63,1841,0,10,2025-10-20 06:03:14.692907,350488.409,6287339.472
PE1396,E13,VFHW-97,1390,0,6,2025-10-20 06:03:14.692909,350488.409,6287339.472
PE1396,E13,VFKV-91,3995,12,18,2025-10-20 06:03:14.692910,350488.409,6287339.472
PI16,101,PGPT-57,8263,18,26,2025-10-20 06:03:16.696773,339992.678,6292573.493
PI16,101,PGPT-42,12923,30,40,2025-10-20 06:03:16.696778,339992.678,6292573.493
PI16,I04,FLXF-59,1878,0,6,2025-10-20 06:03:16.696779,339992.678,6292573.493
PI16,I04,FLXD-89,7006,14,20,2025-10-20 06:03:16.696780,339992.678,6292573.493
PI16,I14,CJRZ-70,4811,10,16,2025-10-20 06:03:16.696781,339992.678,6292573.493
PG906,217E,FLXC-91,23180,45,60,2025-10-20 06:03:18.825806,341996.127,6279032.285
PG1952,G15,THTF-76,1797,0,10,2025-10-20 06:03:20.690874,349405.454,6284961.775
PG816,G16,SFPF-77,1180,0,6,2025-10-20 06:03:22.682096,345869.919,6286322.835
PH1552,511,PFXC-49,13751,28,38,2025-10-20 06:03:24.450404,349139.53,6294869.63
PH1552,511,TBFT-99,18868,45,60,2025-10-20 06:03:24.450410,349139.53,6294869.63
PB333,203,LXWT-94,19647,45,60,2025-10-20 06:03:26.347367,347404.236,6304941.826
PB333,203,LZPT-67,19928,45,60,2025-10-20 06:03:26.347371,347404.236,6304941.826
PB333,203N,SFWZ-50,7252,28,38,2025-10-20 06:03:26.347372,347404.236,6304941.826
PB333,203N,SFWZ-48,7268,28,38,2025-10-20 06:03:26.347373,347404.236,6304941.826
PB333,208,SRTK-28,4487,28,38,2025-10-20 06:03:26.347374,347404.236,6304941.826
PB333,208,GCBF-49,5952,35,45,2025-10-20 06:03:26.347375,347404.236,6304941.826
PB333,208C,CJRL-64,931,0,3,2025-10-20 06:03:26.347376,347404.236,6304941.826
PB333,208C,SFWZ-53,2708,0,8,2025-10-20 06:03:26.347377,347404.236,6304941.826
PB333,C18,SHXG-90,1067,0,3,2025-10-20 06:03:26.347377,347404.236,6304941.826
PD1036,D18,SVDF-45,2192,0,8,2025-10-20 06:03:28.226364,351609.41,6298138.86
PG987,G08V,CJRL-15,2961,0,10,2025-10-20 06:03:29.852343,343199.664,6278706.605
PG987,G08V,FLXV-20,8087,18,26,2025-10-20 06:03:29.852348,343199.664,6278706.605
PG987,G38,THTF-24,241,0,3,2025-10-20 06:03:29.852350,343199.664,6278706.605
PG987,G38,THTF-80,5551,12,18,2025-10-20 06:03:29.852351,343199.664,6278706.605
PG987,G08,THTD-98,3858,10,16,2025-10-20 06:03:29.852352,343199.664,6278706.605
PG987,G08,THTF-58,7609,18,26,2025-10-20 06:03:29.852352,343199.664,6278706.605
PJ381,504,GCBF-32,2021,0,8,2025-10-20 06:03:31.674669,335651.876,6299782.227
PJ381,504,TBFX-44,4713,22,30,2025-10-20 06:03:31.674674,335651.876,6299782.227
PJ381,508,GCBD-52,654,0,3,2025-10-20 06:03:31.674675,335651.876,6299782.227
PH137,H09,VGRD-55,1054,0,3,2025-10-20 06:03:33.600804,345671.361,6293095.633
PH137,H09,VGRD-25,5217,17,25,2025-10-20 06:03:33.600808,345671.361,6293095.633
PH137,302,BJFV-98,5373,10,16,2025-10-20 06:03:33.600810,345671.361,6293095.633
PH137,302,BJFV-87,5456,10,16,2025-10-20 06:03:33.600810,345671.361,6293095.633
PH137,H12,CJRW-55,2295,0,6,2025-10-20 06:03:33.600811,345671.361,6293095.633
PH137,H13,BJFX-21,7049,16,24,2025-10-20 06:03:33.600812,345671.361,6293095.633
PH137,201E,VFHT-55,139,0,3,2025-10-20 06:03:33.600813,345671.361,6293095.633
PH137,201E,VFHL-62,691,0,3,2025-10-20 06:03:33.600814,345671.361,6293095.633
PD1028,D09,SVDC-93,2449,0,8,2025-10-20 06:03:35.602660,357007.863,6296291.765
PD1028,D11,SVDF-53,1866,0,8,2025-10-20 06:03:35.602667,357007.863,6296291.765
PD1659,D18,SVDF-21,1540,0,6,2025-10-20 06:03:37.542479,358467.31,6295955.51
PE1382,F25,LCTG-42,856,0,3,2025-10-20 06:03:39.299118,352512.72,6289049.525
PB503,B07,STHK-12,1294,0,3,2025-10-20 06:03:40.677624,342159.78,6306804.877
PB503,B07,STHL-27,12145,19,27,2025-10-20 06:03:40.677629,342159.78,6306804.877
PB503,B08,STHL-35,3511,0,8,2025-10-20 06:03:40.677630,342159.78,6306804.877
PB503,B08,SHCY-51,6725,16,24,2025-10-20 06:03:40.677631,342159.78,6306804.877
PB503,429,SLLZ-26,464,0,3,2025-10-20 06:03:40.677632,342159.78,6306804.877
PB503,429,SLPC-50,5219,10,16,2025-10-20 06:03:40.677632,342159.78,6306804.877
PH13,107,PFYC-47,74,0,3,2025-10-20 06:03:42.622227,346877.81,6291499.831
PH13,107,PFYC-84,3947,0,10,2025-10-20 06:03:42.622233,346877.81,6291499.831
PH13,108,PGPT-51,1638,0,6,2025-10-20 06:03:42.622234,346877.81,6291499.831
PH13,108,PFVD-37,6924,14,20,2025-10-20 06:03:42.622236,346877.81,6291499.831
PH13,102,SPZX-80,4847,8,14,2025-10-20 06:03:42.622237,346877.81,6291499.831
PH13,102,SPZY-18,9769,22,30,2025-10-20 06:03:42.622238,346877.81,6291499.831
PH427,H24,VGRC-53,2151,0,6,2025-10-20 06:03:44.104392,349252.813,6293602.259
PB1403,B22,SKPS-48,765,0,3,2025-10-20 06:03:45.510782,345582.585,6303990.946
PB1403,B21,SKDH-73,775,0,3,2025-10-20 06:03:45.510787,345582.585,6303990.946
PJ689,J08,FLXK-35,1958,0,8,2025-10-20 06:03:47.610393,339135.788,6297444.892
PJ689,J10,VHZY-90,2936,0,8,2025-10-20 06:03:47.610398,339135.788,6297444.892
PJ689,J10,VJBB-30,9270,18,26,2025-10-20 06:03:47.610399,339135.788,6297444.892
PI1433,I25,FLXK-99,4822,10,16,2025-10-20 06:03:49.309882,340965.675,6293038.258
PI1433,I25,FLXL-25,15612,45,60,2025-10-20 06:03:49.309888,340965.675,6293038.258
PI1433,I18,VHSY-25,960,0,3,2025-10-20 06:03:49.309889,340965.675,6293038.258
PF681,F16,SPRY-65,52,0,3,2025-10-20 06:03:50.686687,353225.221,6281550.538
PF681,F16,SPRW-22,2734,0,10,2025-10-20 06:03:50.686695,353225.221,6281550.538
PH1500,214,FLXZ-96,12327,32,42,2025-10-20 06:03:54.548844,344522.724,6290210.891
PH1500,214,GCBB-42,15587,45,60,2025-10-20 06:03:54.548849,344522.724,6290210.891
PH1500,302,BJFT-89,2354,0,6,2025-10-20 06:03:54.548850,344522.724,6290210.891
PH1500,302,BJFX-46,8802,17,25,2025-10-20 06:03:54.548851,344522.724,6290210.891
PC930,C14,SKPP-14,31,0,3,2025-10-20 06:03:56.481612,353620.372,6302458.666
PH49,103,SPBG-34,3292,0,8,2025-10-20 06:03:58.482121,349180.16,6290312.33
PC479,401,PFTV-92,1487,0,8,2025-10-20 06:04:00.508549,357368.217,6301478.821
PI852,I03,FLXL-20,644,0,3,2025-10-20 06:04:02.476345,339910.795,6295200.693
PE275,D26,SPBS-54,409,0,3,2025-10-20 06:04:04.148477,356106.619,6290842.146
PE275,D26,SPBG-12,6221,32,42,2025-10-20 06:04:04.148481,356106.619,6290842.146
PC529,C06,LWTK-54,3527,0,10,2025-10-20 06:04:05.821425,357290.462,6301513.178
PC529,C06,LWTK-49,9164,24,32,2025-10-20 06:04:05.821430,357290.462,6301513.178
PC529,503,VGVB-47,2192,0,6,2025-10-20 06:04:05.821432,357290.462,6301513.178
PC529,503,VHLT-18,6559,12,18,2025-10-20 06:04:05.821433,357290.462,6301513.178
PC529,541N,TBFS-45,1263,0,3,2025-10-20 06:04:05.821434,357290.462,6301513.178
PC529,541N,GCBD-15,12037,32,42,2025-10-20 06:04:05.821435,357290.462,6301513.178
PC529,722,STHK-36,4124,0,10,2025-10-20 06:04:05.821436,357290.462,6301513.178
PC529,722,STHJ-68,13531,29,39,2025-10-20 06:04:05.821437,357290.462,6301513.178
PF616,F08,SPVV-65,6978,16,24,2025-10-20 06:04:07.725644,351302.317,6282994.631
PF616,F08,SPVT-70,9170,23,31,2025-10-20 06:04:07.725649,351302.317,6282994.631
PF616,F14,SPRX-16,3467,0,10,2025-10-20 06:04:07.725650,351302.317,6282994.631
PF616,F14,SPRX-11,6850,17,23,2025-10-20 06:04:07.725651,351302.317,6282994.631
PF616,F27,SPRY-43,4940,10,16,2025-10-20 06:04:07.725652,351302.317,6282994.631
PF616,F27,SPRW-89,5970,13,19,2025-10-20 06:04:07.725652,351302.317,6282994.631
PC786,C17,SKPJ-50,1089,0,3,2025-10-20 06:04:09.608783,358451.488,6308533.351
PC786,C28,SGPY-71,2006,0,6,2025-10-20 06:04:09.608789,358451.488,6308533.351
PC786,C28,SKPJ-82,9509,16,24,2025-10-20 06:04:09.608790,358451.488,6308533.351
PC954,C17,SKPJ-50,341,0,3,2025-10-20 06:04:13.386018,359142.422,6308667.899
PH368,121,BJFS-51,3611,8,14,2025-10-20 06:04:14.789587,344224.101,6291363.36
PH368,121,FLXG-98,5823,16,22,2025-10-20 06:04:14.789591,344224.101,6291363.36
PH368,H06,BJFS-36,2737,0,8,2025-10-20 06:04:14.789592,344224.101,6291363.36
PB1532,G08V,FLXV-20,1,0,3,2025-10-20 06:04:16.672262,343571.603,6282605.248
PB1532,G08V,FLXV-25,2843,8,14,2025-10-20 06:04:16.672266,343571.603,6282605.248
PA116,204,VFPG-91,55,0,3,2025-10-20 06:04:20.565326,347274.809,6298262.343
PI1199,I16,FLXF-46,760,0,3,2025-10-20 06:04:22.523729,342809.664,6295949.673
PI1199,I17,FLXF-23,1753,0,8,2025-10-20 06:04:22.523735,342809.664,6295949.673
PI1199,I17,FLXK-67,3344,9,15,2025-10-20 06:04:22.523736,342809.664,6295949.673
PG2071,G39,SHXB-28,4470,9,15,2025-10-20 06:04:25.952376,344890.0,6280792.0
PG2071,G39,HVFH-31,6712,15,21,2025-10-20 06:04:25.952381,344890.0,6280792.0
PG1675,E18,BJFW-66,1764,11,17,2025-10-20 06:04:28.070278,346280.262,6287146.505
PG1675,E18,BJFX-61,5384,27,37,2025-10-20 06:04:28.070283,346280.262,6287146.505
PG1675,G18,SFPF-82,265,0,3,2025-10-20 06:04:28.070285,346280.262,6287146.505
PG1675,G18,SFGY-11,4114,9,15,2025-10-20 06:04:28.070286,346280.262,6287146.505
PG1675,228,THTH-80,769,0,3,2025-10-20 06:04:28.070286,346280.262,6287146.505
PG1675,228,THTF-31,2031,0,6,2025-10-20 06:04:28.070287,346280.262,6287146.505
PC210,445C,SPBP-23,6736,35,47,2025-10-20 06:04:29.965044,351015.78,6302084.16
PC210,405,PFVL-11,343,0,3,2025-10-20 06:04:29.965049,351015.78,6302084.16
PC210,405,PGBB-55,3770,13,19,2025-10-20 06:04:29.965050,351015.78,6302084.16
PC210,C03,SKPJ-41,3288,0,8,2025-10-20 06:04:29.965051,351015.78,6302084.16
PC210,C03,SKDH-85,6999,12,18,2025-10-20 06:04:29.965052,351015.78,6302084.16
PC210,405C,PGTV-35,391,0,3,2025-10-20 06:04:29.965053,351015.78,6302084.16
PC210,405C,SPBF-54,7438,28,38,2025-10-20 06:04:29.965053,351015.78,6302084.16
PE282,E14,VKJY-52,867,0,3,2025-10-20 06:04:31.906590,354291.338,6286341.259
PB1061,B09,SHCY-39,4611,11,17,2025-10-20 06:04:33.889857,337524.921,6303064.62
PB1061,109,FLXS-86,608,0,6,2025-10-20 06:04:33.889862,337524.921,6303064.62
PB1061,B03,LXDH-96,1,0,3,2025-10-20 06:04:33.889863,337524.921,6303064.62
PB1061,B03,SPZX-34,2437,0,10,2025-10-20 06:04:33.889864,337524.921,6303064.62
PI169,345,CJRY-80,3227,0,10,2025-10-20 06:04:35.940695,344042.871,6297334.535
PI169,345,CJRW-82,3240,0,10,2025-10-20 06:04:35.940700,344042.871,6297334.535
PI169,109,FLXS-80,3923,0,10,2025-10-20 06:04:35.940702,344042.871,6297334.535
PI169,109,FLXS-77,4024,0,10,2025-10-20 06:04:35.940702,344042.871,6297334.535
PI169,B26,FLXP-66,5889,12,18,2025-10-20 06:04:35.940703,344042.871,6297334.535
PI169,B26,FLXP-81,10357,26,36,2025-10-20 06:04:35.940704,344042.871,6297334.535
PG672,G01,THTF-93,3432,0,10,2025-10-20 06:04:37.831791,344848.466,6289223.195
PG672,G01,THTF-15,6615,15,21,2025-10-20 06:04:37.831795,344848.466,6289223.195
PG672,G12,SFGY-67,258,0,3,2025-10-20 06:04:37.831796,344848.466,6289223.195
PH453,H24,VGRG-24,3752,8,14,2025-10-20 06:04:41.574377,346864.549,6292820.286
PH453,H24,VGRF-65,4394,10,16,2025-10-20 06:04:41.574382,346864.549,6292820.286
PI41,I14,CJRW-22,3203,0,10,2025-10-20 06:04:44.052641,340789.135,6295455.805
PI41,I14,BJFS-53,8451,22,30,2025-10-20 06:04:44.052647,340789.135,6295455.805
PI41,506,TBFR-42,6068,13,19,2025-10-20 06:04:44.052648,340789.135,6295455.805
PI41,506,GCBC-77,6245,14,20,2025-10-20 06:04:44.052649,340789.135,6295455.805
PI41,506V,TBFW-21,3466,7,13,2025-10-20 06:04:44.052649,340789.135,6295455.805
PI41,506V,TBFT-69,6645,15,21,2025-10-20 06:04:44.052650,340789.135,6295455.805
PI41,509,FLXK-34,126,0,3,2025-10-20 06:04:44.052651,340789.135,6295455.805
PI41,509,FLXW-54,3193,0,10,2025-10-20 06:04:44.052652,340789.135,6295455.805
PI41,101,PGPT-39,2337,0,8,2025-10-20 06:04:44.052653,340789.135,6295455.805
PI41,101,PFVJ-23,3662,8,14,2025-10-20 06:04:44.052654,340789.135,6295455.805
PI41,481,PFTW-71,5628,15,21,2025-10-20 06:04:44.052655,340789.135,6295455.805
PI41,481,PFVJ-14,6738,18,26,2025-10-20 06:04:44.052655,340789.135,6295455.805
PI41,I13,FLXY-15,1,0,3,2025-10-20 06:04:44.052656,340789.135,6295455.805
PI41,I13,FLXY-13,3662,11,17,2025-10-20 06:04:44.052657,340789.135,6295455.805
PG576,G13C,SCRZ-17,2695,0,8,2025-10-20 06:04:49.775894,345275.314,6283988.794
PG576,G13C,SFGY-84,5021,14,20,2025-10-20 06:04:49.775899,345275.314,6283988.794
PG576,F06,SPZY-42,2066,0,8,2025-10-20 06:04:49.775900,345275.314,6283988.794
PG576,203,SRTH-21,14572,37,49,2025-10-20 06:04:49.775901,345275.314,6283988.794
PG576,203,GCBF-53,15565,45,60,2025-10-20 06:04:49.775902,345275.314,6283988.794
PG576,203C,LZPR-99,6742,16,22,2025-10-20 06:04:49.775903,345275.314,6283988.794
PG576,203C,SVPW-56,7925,18,26,2025-10-20 06:04:49.775903,345275.314,6283988.794
PG576,203N,SDGY-18,2700,0,8,2025-10-20 06:04:49.775904,345275.314,6283988.794
PG576,203N,LXWT-83,2724,0,8,2025-10-20 06:04:49.775905,345275.314,6283988.794
PG576,G28,BJFT-27,2643,0,8,2025-10-20 06:04:49.775906,345275.314,6283988.794
PG576,G28,BJFZ-63,8327,17,25,2025-10-20 06:04:49.775907,345275.314,6283988.794
PG576,G13,SCRW-49,191,0,3,2025-10-20 06:04:49.775908,345275.314,6283988.794
PG576,G13,SHXG-78,5283,13,19,2025-10-20 06:04:49.775917,345275.314,6283988.794
PB485,428,SHCY-26,1533,0,3,2025-10-20 06:04:53.176710,337112.312,6305303.794
PB485,428,SJPD-56,13649,28,38,2025-10-20 06:04:53.176714,337112.312,6305303.794
PB485,110C,HYKK-32,9540,28,38,2025-10-20 06:04:53.176715,337112.312,6305303.794
PB485,110C,TBFS-61,13747,45,60,2025-10-20 06:04:53.176716,337112.312,6305303.794
PA24,113,FLXZ-58,11795,23,31,2025-10-20 06:04:55.092954,346304.05,6296906.8
PA24,113,FLXW-82,14760,29,39,2025-10-20 06:04:55.092959,346304.05,6296906.8
PA24,509,FLXX-45,1,0,3,2025-10-20 06:04:55.092961,346304.05,6296906.8
PA24,509,FLXX-90,1829,0,8,2025-10-20 06:04:55.092962,346304.05,6296906.8
PA24,115,TBFR-19,6340,14,20,2025-10-20 06:04:55.092962,346304.05,6296906.8
PA24,115,TBFT-58,13699,28,38,2025-10-20 06:04:55.092963,346304.05,6296906.8
PH214,D14,PGBY-64,295,0,3,2025-10-20 06:04:57.026070,349878.0,6292298.0
PH214,210,LZRD-76,3130,0,10,2025-10-20 06:04:57.026075,349878.0,6292298.0
PH214,210,SXKV-93,3180,0,10,2025-10-20 06:04:57.026076,349878.0,6292298.0
PH214,210V,VFRD-55,2152,0,6,2025-10-20 06:04:57.026077,349878.0,6292298.0
PH214,210V,VFPF-61,6501,13,19,2025-10-20 06:04:57.026078,349878.0,6292298.0
PH214,213E,LCTG-37,2224,0,8,2025-10-20 06:04:57.026080,349878.0,6292298.0
PE348,E02,VKJY-12,961,0,3,2025-10-20 06:04:58.973741,353020.668,6286609.833
PE348,E02,VKJZ-47,2089,0,8,2025-10-20 06:04:58.973746,353020.668,6286609.833
PH739,H14,FLXR-52,2915,0,8,2025-10-20 06:05:00.929596,348548.602,6290445.183
PJ1933,J10,VHXJ-44,753,0,3,2025-10-20 06:05:02.883452,337021.69,6297725.33
PF262,F16,SPRY-80,699,0,3,2025-10-20 06:05:05.450208,354002.138,6278852.387
PF262,F12,TXZH-45,3159,0,10,2025-10-20 06:05:05.450213,354002.138,6278852.387
PF262,F12,SRVL-78,3860,7,13,2025-10-20 06:05:05.450214,354002.138,6278852.387
PF262,124,SRVG-94,3319,7,13,2025-10-20 06:05:05.450215,354002.138,6278852.387
PF262,124,LCPG-38,7083,21,29,2025-10-20 06:05:05.450216,354002.138,6278852.387
PE727,E11,VKJX-64,546,0,3,2025-10-20 06:05:07.316005,350728.258,6285266.686
PE727,E11,VKJX-78,3182,7,13,2025-10-20 06:05:07.316011,350728.258,6285266.686
PE727,264N,GCBB-98,11419,22,30,2025-10-20 06:05:07.316012,350728.258,6285266.686
PD1016,D08,SVDC-13,796,0,3,2025-10-20 06:05:09.251174,356861.216,6297782.194
PD1016,D08,SVDD-39,8426,15,21,2025-10-20 06:05:09.251178,356861.216,6297782.194
PD1016,412,LXWP-60,11596,30,40,2025-10-20 06:05:09.251179,356861.216,6297782.194
PD1016,412,PGBY-83,17796,45,60,2025-10-20 06:05:09.251180,356861.216,6297782.194
PD1016,432N,PFYS-99,7647,20,28,2025-10-20 06:05:09.251181,356861.216,6297782.194
PD1016,432N,PFVJ-22,18047,45,60,2025-10-20 06:05:09.251182,356861.216,6297782.194
PE589,E08,VKJX-90,1130,0,3,2025-10-20 06:05:12.325752,353037.207,6286645.497
PE589,F25,LCTG-42,2731,0,10,2025-10-20 06:05:12.325757,353037.207,6286645.497
PJ1966,J12,FLXD-61,8264,24,32,2025-10-20 06:05:14.238595,327279.03,6295860.45
PJ1966,J12,FLXG-36,12297,45,60,2025-10-20 06:05:14.238601,327279.03,6295860.45
PI1143,I13,FLXY-13,1941,0,8,2025-10-20 06:05:16.128534,340491.52,6294395.834
PI1143,I13,FLXX-73,3324,10,16,2025-10-20 06:05:16.128540,340491.52,6294395.834
PC50,D09,SVDC-23,1907,0,6,2025-10-20 06:05:18.087885,349706.29,6299868.24
PC50,D09,SVDF-11,7890,20,28,2025-10-20 06:05:18.087890,349706.29,6299868.24
PC50,106,PFYS-50,3730,9,15,2025-10-20 06:05:18.087891,349706.29,6299868.24
PC50,106,PFVD-36,3929,10,16,2025-10-20 06:05:18.087892,349706.29,6299868.24
PC50,126,BJFW-26,10084,27,37,2025-10-20 06:05:18.087893,349706.29,6299868.24
PC50,126,FLXT-30,13098,37,49,2025-10-20 06:05:18.087893,349706.29,6299868.24
PE777,E14,VKJY-54,1620,0,8,2025-10-20 06:05:21.989259,353295.7,6287306.26
PE777,E14,VKJY-52,3118,8,14,2025-10-20 06:05:21.989265,353295.7,6287306.26
PF1037,F26,SPVW-83,1173,0,6,2025-10-20 06:05:23.982491,352375.46,6281853.0
PF203,F01C,SPVV-41,2827,0,8,2025-10-20 06:05:26.021943,356388.532,6279975.774
PF203,F11,SKVB-16,2875,0,6,2025-10-20 06:05:26.021947,356388.532,6279975.774
PF203,F11,SKVB-10,8112,16,22,2025-10-20 06:05:26.021948,356388.532,6279975.774
PF203,F29,SPVT-83,2386,0,6,2025-10-20 06:05:26.021949,356388.532,6279975.774
PF203,712,SJPC-75,809,0,3,2025-10-20 06:05:26.021950,356388.532,6279975.774
PF203,F01,SPVV-57,1674,0,6,2025-10-20 06:05:26.021951,356388.532,6279975.774
PF715,F18,SRVG-76,351,0,3,2025-10-20 06:05:27.960659,349328.713,6278076.61
PF715,F18,SRVL-21,2777,7,13,2025-10-20 06:05:27.960664,349328.713,6278076.61
PH533,H24,VGRF-65,1,0,3,2025-10-20 06:05:29.856962,344344.169,6291644.256
PH533,H24,VGRG-34,3390,9,15,2025-10-20 06:05:29.856967,344344.169,6291644.256
PF288,F07,SPRY-86,1421,0,3,2025-10-20 06:05:31.734988,355138.816,6284214.242
PF288,F07,SPRZ-29,6121,12,18,2025-10-20 06:05:31.734994,355138.816,6284214.242
PF528,F11,SKVB-10,2061,0,6,2025-10-20 06:05:33.653844,358455.19,6281322.07
PF528,F11,SKTZ-90,8137,20,28,2025-10-20 06:05:33.653849,358455.19,6281322.07
PC604,C01,LDJJ-84,38,0,3,2025-10-20 06:05:35.612300,360111.502,6308236.309
PF436,210V,VFPJ-77,350,0,3,2025-10-20 06:05:37.582969,354689.322,6284130.93
PF436,F09,SPZX-67,235,0,3,2025-10-20 06:05:37.582975,354689.322,6284130.93
PF436,F09,SPZX-59,6372,15,21,2025-10-20 06:05:37.582976,354689.322,6284130.93
PB1992,214,GCBB-67,5646,16,22,2025-10-20 06:05:39.365622,346464.71,6300805.38
PB1992,214,GCBB-96,6947,18,26,2025-10-20 06:05:39.365628,346464.71,6300805.38
PB1992,301,CJRB-49,466,0,3,2025-10-20 06:05:39.365629,346464.71,6300805.38
PB1992,301,BJFW-37,2054,0,8,2025-10-20 06:05:39.365630,346464.71,6300805.38
PB1992,B24,SPZX-55,5077,17,23,2025-10-20 06:05:39.365631,346464.71,6300805.38
PB1992,B24,SPZX-39,7435,25,35,2025-10-20 06:05:39.365632,346464.71,6300805.38
PH628,H09,VGRG-44,1018,0,3,2025-10-20 06:05:40.762844,346236.794,6293904.697
PH628,H09,VGRG-45,6657,17,23,2025-10-20 06:05:40.762850,346236.794,6293904.697
PH628,H12,FLXD-67,7430,18,26,2025-10-20 06:05:40.762852,346236.794,6293904.697
PH628,H13,BJFV-75,1759,0,6,2025-10-20 06:05:40.762853,346236.794,6293904.697
PB2053,B29,LXDH-98,1349,0,3,2025-10-20 06:05:42.620910,337159.0,6303622.0
PB2053,B29,SKHG-82,1576,0,6,2025-10-20 06:05:42.620915,337159.0,6303622.0
PJ70,110,CJRW-51,157,0,3,2025-10-20 06:05:44.690320,338314.669,6297727.564
PJ70,110,FLXL-91,947,0,3,2025-10-20 06:05:44.690326,338314.669,6297727.564
PB544,B12C,SKDJ-10,4363,29,39,2025-10-20 06:05:46.634315,339119.619,6307922.832
PB544,307,FLXH-36,780,0,6,2025-10-20 06:05:46.634320,339119.619,6307922.832
PB544,307E,TWPD-82,1475,0,6,2025-10-20 06:05:46.634321,339119.619,6307922.832
PB544,315E,TWPD-64,1524,0,6,2025-10-20 06:05:46.634322,339119.619,6307922.832
PB544,315E,FLXH-32,3448,8,14,2025-10-20 06:05:46.634323,339119.619,6307922.832
PA508,H13,BJFX-21,1801,0,6,2025-10-20 06:05:48.612232,347441.873,6295086.435
PA508,I01,FLXL-32,399,0,3,2025-10-20 06:05:48.612238,347441.873,6295086.435
PA508,511,TBFX-40,542,0,3,2025-10-20 06:05:48.612238,347441.873,6295086.435
PA508,511,TBFP-56,5316,12,18,2025-10-20 06:05:48.612239,347441.873,6295086.435
PA508,D05,SPBR-46,152,0,3,2025-10-20 06:05:48.612240,347441.873,6295086.435
PA508,D05,SPBL-65,5126,12,18,2025-10-20 06:05:48.612241,347441.873,6295086.435
PG476,G01,THTD-22,6324,13,19,2025-10-20 06:05:50.484900,347436.679,6288809.243
PG476,G01,THTF-26,8038,17,25,2025-10-20 06:05:50.484905,347436.679,6288809.243
PG476,G01C,THTF-79,4271,11,17,2025-10-20 06:05:50.484907,347436.679,6288809.243
PG476,G01C,THTD-79,4963,14,20,2025-10-20 06:05:50.484909,347436.679,6288809.243
PH271,302,BJFT-89,212,0,3,2025-10-20 06:05:52.684085,344904.3,6291208.07
PH271,302,BJFX-46,7065,13,19,2025-10-20 06:05:52.684090,344904.3,6291208.07
PG757,G02,FLXX-29,122,0,3,2025-10-20 06:05:54.619039,340977.755,6280645.289
PJ282,B28,SKHF-84,489,0,3,2025-10-20 06:05:56.661359,342599.121,6299851.507
PJ282,B28,SKHF-92,4822,11,17,2025-10-20 06:05:56.661364,342599.121,6299851.507
PJ282,502,GCBF-12,2234,0,6,2025-10-20 06:05:56.661365,342599.121,6299851.507
PJ282,502,TBFT-34,3651,0,10,2025-10-20 06:05:56.661365,342599.121,6299851.507
PJ282,502C,GCBF-20,3448,0,10,2025-10-20 06:05:56.661366,342599.121,6299851.507
PJ282,J05,PFXC-32,1,0,3,2025-10-20 06:05:56.661367,342599.121,6299851.507
PJ282,J05,GCBC-67,6235,14,20,2025-10-20 06:05:56.661368,342599.121,6299851.507
PE475,E05,FLXF-55,2961,0,10,2025-10-20 06:06:00.633454,350552.0,6290618.0
PE475,385,FLXG-62,3242,8,14,2025-10-20 06:06:00.633460,350552.0,6290618.0
PE475,385,FLXL-75,12218,29,39,2025-10-20 06:06:00.633461,350552.0,6290618.0
PE837,103,SPBF-44,5058,17,25,2025-10-20 06:06:02.661173,349884.678,6290613.462
PE837,103,SPBL-63,12397,32,42,2025-10-20 06:06:02.661177,349884.678,6290613.462
PE837,385,FLXG-62,2297,0,6,2025-10-20 06:06:02.661179,349884.678,6290613.462
PE837,385,FLXL-75,11271,25,33,2025-10-20 06:06:02.661179,349884.678,6290613.462
PB978,B06,SKDH-78,3014,0,10,2025-10-20 06:06:05.453429,345813.888,6305051.17
PB978,B06,SPCG-81,7282,16,22,2025-10-20 06:06:05.453434,345813.888,6305051.17
PB978,722,STGZ-62,6134,9,15,2025-10-20 06:06:05.453435,345813.888,6305051.17
PB978,722,STHF-70,15691,26,36,2025-10-20 06:06:05.453436,345813.888,6305051.17
PD543,506E,TBFW-27,16684,45,60,2025-10-20 06:06:08.020405,358340.97,6294513.39
PD543,506E,PFXB-48,21453,45,60,2025-10-20 06:06:08.020410,358340.97,6294513.39
PD543,506V,TBFW-21,21822,45,60,2025-10-20 06:06:08.020411,358340.97,6294513.39
PD543,506V,TBFT-69,24840,45,60,2025-10-20 06:06:08.020412,358340.97,6294513.39
PD543,507,GCBD-23,17346,45,60,2025-10-20 06:06:08.020413,358340.97,6294513.39
PD543,507,TBFR-31,19431,45,60,2025-10-20 06:06:08.020414,358340.97,6294513.39
PD543,511,PFXC-49,23775,45,60,2025-10-20 06:06:08.020415,358340.97,6294513.39
PD543,511,TBFT-99,28946,45,60,2025-10-20 06:06:08.020415,358340.97,6294513.39
PD543,D08,SPBF-27,870,0,3,2025-10-20 06:06:08.020416,358340.97,6294513.39
PD543,D08,SVDC-13,6099,17,25,2025-10-20 06:06:08.020417,358340.97,6294513.39
PD543,D09,SVDC-89,10511,20,28,2025-10-20 06:06:08.020418,358340.97,6294513.39
PD543,D09,SVDC-23,16491,34,46,2025-10-20 06:06:08.020418,358340.97,6294513.39
PD543,506,FLXV-87,11994,29,39,2025-10-20 06:06:08.020419,358340.97,6294513.39
PD543,506,PFXB-34,12775,32,42,2025-10-20 06:06:08.020420,358340.97,6294513.39
PE458,E04,VKJY-74,8499,22,30,2025-10-20 06:06:10.640627,353418.34,6288596.371
PE458,E04,VKJX-83,8633,22,30,2025-10-20 06:06:10.640632,353418.34,6288596.371
PG1677,233,SCRZ-15,17487,45,60,2025-10-20 06:06:12.061972,350328.257,6282083.407
PG1677,233,SHXB-40,21337,45,60,2025-10-20 06:06:12.061978,350328.257,6282083.407
PG1677,G05,SHXB-18,4181,12,18,2025-10-20 06:06:12.061980,350328.257,6282083.407
PG1677,G05,SHCX-16,6894,18,26,2025-10-20 06:06:12.061981,350328.257,6282083.407
PG1677,F06,SPZY-28,2391,8,14,2025-10-20 06:06:12.061982,350328.257,6282083.407
PG1677,F06,SPZY-42,9123,29,39,2025-10-20 06:06:12.061983,350328.257,6282083.407
PC498,501,TBFS-68,1,0,3,2025-10-20 06:06:14.061010,349597.74,6298805.65
PC498,501,GCBD-27,3302,7,13,2025-10-20 06:06:14.061014,349597.74,6298805.65
PC498,504,TBFV-99,2541,0,8,2025-10-20 06:06:14.061016,349597.74,6298805.65
PC498,504,GCBC-93,8153,15,21,2025-10-20 06:06:14.061016,349597.74,6298805.65
PC498,518,TBFP-79,3212,0,10,2025-10-20 06:06:14.061017,349597.74,6298805.65
PB337,208,SRTK-28,4266,30,40,2025-10-20 06:06:16.029605,347770.35,6306106.34
PB337,208,GCBF-49,6706,36,48,2025-10-20 06:06:16.029610,347770.35,6306106.34
PB337,208C,CJRL-64,1112,0,3,2025-10-20 06:06:16.029611,347770.35,6306106.34
PB337,208C,SFWZ-53,2978,0,8,2025-10-20 06:06:16.029612,347770.35,6306106.34
PB337,203N,SFWZ-50,7367,30,40,2025-10-20 06:06:16.029613,347770.35,6306106.34
PB337,203N,SFWZ-48,7414,30,40,2025-10-20 06:06:16.029614,347770.35,6306106.34
PD28,103,SPBF-44,1953,0,6,2025-10-20 06:06:17.966230,351239.144,6291410.817
PD28,103,SPBL-63,9130,17,23,2025-10-20 06:06:17.966236,351239.144,6291410.817
PD28,117,PGRZ-80,4514,10,16,2025-10-20 06:06:17.966237,351239.144,6291410.817
PD28,117,PFYC-21,10327,27,37,2025-10-20 06:06:17.966238,351239.144,6291410.817
PD28,D13,BJFT-93,2598,0,8,2025-10-20 06:06:17.966238,351239.144,6291410.817
PE518,E06,BJFW-42,922,0,3,2025-10-20 06:06:21.777869,352786.878,6289977.131
PE518,E06,FLXT-33,3753,0,10,2025-10-20 06:06:21.777874,352786.878,6289977.131
PJ1628,J12,FLXD-61,5476,17,25,2025-10-20 06:06:23.677012,328532.694,6296555.529
PJ1628,J12,FLXG-36,9248,36,48,2025-10-20 06:06:23.677017,328532.694,6296555.529
PI414,I09,GCBF-40,2706,0,8,2025-10-20 06:06:26.247815,338313.808,6294687.202
PI414,I09,RWRP-57,3068,0,8,2025-10-20 06:06:26.247820,338313.808,6294687.202
PI414,106,PFYS-50,16488,37,49,2025-10-20 06:06:26.247822,338313.808,6294687.202
PI414,106,PFVD-36,16664,38,50,2025-10-20 06:06:26.247823,338313.808,6294687.202
PI414,401,PGBB-56,12121,25,33,2025-10-20 06:06:26.247824,338313.808,6294687.202
PI414,401,PFVK-99,17958,38,50,2025-10-20 06:06:26.247825,338313.808,6294687.202
PI414,405,PDZS-75,12370,26,36,2025-10-20 06:06:26.247826,338313.808,6294687.202
PI414,405,PDYH-84,14142,31,41,2025-10-20 06:06:26.247827,338313.808,6294687.202
PI414,419,PFYG-88,10026,17,25,2025-10-20 06:06:26.247828,338313.808,6294687.202
PI414,419,PFTF-81,10095,17,25,2025-10-20 06:06:26.247829,338313.808,6294687.202
PI414,421,PFVK-49,25623,45,60,2025-10-20 06:06:26.247830,338313.808,6294687.202
PI414,421,PFYG-55,26045,45,60,2025-10-20 06:06:26.247831,338313.808,6294687.202
PI414,423,PFTW-78,10136,19,27,2025-10-20 06:06:26.247832,338313.808,6294687.202
PI414,432N,PFVC-45,12135,22,30,2025-10-20 06:06:26.247833,338313.808,6294687.202
PI535,506,TBFR-42,2435,0,8,2025-10-20 06:06:28.216854,338568.867,6294454.255
PI535,506,GCBC-77,2604,0,8,2025-10-20 06:06:28.216859,338568.867,6294454.255
PI535,506E,TBFR-35,8444,18,26,2025-10-20 06:06:28.216861,338568.867,6294454.255
PI535,506V,TBFW-21,126,0,3,2025-10-20 06:06:28.216862,338568.867,6294454.255
PI535,506V,TBFT-69,3036,0,8,2025-10-20 06:06:28.216863,338568.867,6294454.255
PJ290,513,VJBC-10,8060,17,23,2025-10-20 06:06:30.034073,342820.07,6299326.56
PJ290,513,VHZY-31,11961,25,33,2025-10-20 06:06:30.034077,342820.07,6299326.56
PJ290,502,TBFW-18,18131,37,49,2025-10-20 06:06:30.034078,342820.07,6299326.56
PJ290,508,PFXB-39,7918,18,26,2025-10-20 06:06:30.034079,342820.07,6299326.56
PJ290,508,BJFF-47,11436,26,36,2025-10-20 06:06:30.034080,342820.07,6299326.56
PJ290,J03,FLXD-57,5916,16,22,2025-10-20 06:06:30.034082,342820.07,6299326.56
PJ290,J03,FLXD-51,7738,20,28,2025-10-20 06:06:30.034083,342820.07,6299326.56
PJ290,505,VHXJ-50,3275,0,10,2025-10-20 06:06:30.034084,342820.07,6299326.56
PJ290,505,LXWS-34,7073,18,26,2025-10-20 06:06:30.034085,342820.07,6299326.56
PC1235,430,PGTV-13,423,0,3,2025-10-20 06:06:31.719903,358826.53,6307040.74
PC214,405C,PGTV-35,1178,0,3,2025-10-20 06:06:33.713133,351951.465,6303197.157
PC214,405C,SPBL-69,8362,30,40,2025-10-20 06:06:33.713137,351951.465,6303197.157
PC214,445C,SPBP-23,7627,45,60,2025-10-20 06:06:33.713139,351951.465,6303197.157
PC214,405,PFVL-11,1141,0,6,2025-10-20 06:06:33.713139,351951.465,6303197.157
PC214,405,PGBB-55,4658,14,20,2025-10-20 06:06:33.713140,351951.465,6303197.157
PC214,502,TBFX-42,45,0,3,2025-10-20 06:06:33.713141,351951.465,6303197.157
PC214,502,TBFR-25,7054,16,22,2025-10-20 06:06:33.713142,351951.465,6303197.157
PC214,542,TBFW-85,16640,45,60,2025-10-20 06:06:33.713143,351951.465,6303197.157
PC214,542,TBFV-34,20021,45,60,2025-10-20 06:06:33.713144,351951.465,6303197.157
PD943,D07,SVDC-55,7,0,3,2025-10-20 06:06:35.631594,350720.544,6294678.533
PD943,D07,SVDC-72,4178,9,15,2025-10-20 06:06:35.631599,350720.544,6294678.533
PB418,314,VHSX-91,3822,0,10,2025-10-20 06:06:37.558454,342253.711,6305654.661
PB418,314,TWPD-56,6484,21,29,2025-10-20 06:06:37.558458,342253.711,6305654.661
PB418,303,FLXF-11,6472,16,22,2025-10-20 06:06:37.558460,342253.711,6305654.661
PB418,307,TWPD-27,28,0,3,2025-10-20 06:06:37.558460,342253.711,6305654.661
PB418,307,FLXK-86,588,0,3,2025-10-20 06:06:37.558462,342253.711,6305654.661
PG1197,G39,SHXB-28,10540,28,38,2025-10-20 06:06:39.309336,341677.513,6283533.332
PG1197,G39,HVFH-31,12648,33,43,2025-10-20 06:06:39.309342,341677.513,6283533.332
PG1197,G09,FLXH-44,5716,12,18,2025-10-20 06:06:39.309343,341677.513,6283533.332
PG1197,G09,FLXH-61,8957,21,29,2025-10-20 06:06:39.309344,341677.513,6283533.332
PI898,I04,FLXY-37,3621,0,10,2025-10-20 06:06:41.189778,341308.101,6294632.493
PI898,I04,FLXL-13,11437,24,32,2025-10-20 06:06:41.189783,341308.101,6294632.493
PI898,I17,FLXK-67,1,0,3,2025-10-20 06:06:41.189784,341308.101,6294632.493
PG1927,G39,SHXB-28,2201,0,6,2025-10-20 06:06:43.080941,344903.45,6281832.29
PG1927,G39,HVFH-31,4327,7,13,2025-10-20 06:06:43.080945,344903.45,6281832.29
PG1927,G09,SCRZ-24,2732,0,10,2025-10-20 06:06:43.080946,344903.45,6281832.29
PG1927,G09,SFGY-22,10773,29,39,2025-10-20 06:06:43.080947,344903.45,6281832.29
PD761,D02,SPBS-67,4410,8,14,2025-10-20 06:06:45.005624,353457.439,6296427.117
PD761,D02,SVDC-37,10439,23,31,2025-10-20 06:06:45.005629,353457.439,6296427.117
PJ1652,J07,VHZZ-61,2980,0,8,2025-10-20 06:06:46.960590,325721.607,6302778.588
PJ1652,J07,VHZZ-90,22330,37,49,2025-10-20 06:06:46.960597,325721.607,6302778.588
PF441,F13,SRRW-69,743,0,3,2025-10-20 06:06:48.900155,353754.129,6284580.555
PF441,F13,SRPK-75,1657,0,6,2025-10-20 06:06:48.900160,353754.129,6284580.555
PF441,F13C,SRRX-41,693,0,3,2025-10-20 06:06:48.900161,353754.129,6284580.555
PF441,F13C,SRRZ-16,1608,0,6,2025-10-20 06:06:48.900162,353754.129,6284580.555
PF441,F09,SPZX-67,1426,0,6,2025-10-20 06:06:48.900163,353754.129,6284580.555
PF441,F09,SPZX-59,7338,17,25,2025-10-20 06:06:48.900163,353754.129,6284580.555
PJ89,412,PFVG-95,14863,36,48,2025-10-20 06:06:51.657313,338173.215,6299677.929
PJ89,412,PFVG-92,22554,45,60,2025-10-20 06:06:51.657317,338173.215,6299677.929
PJ89,110,CJRZ-80,1577,0,3,2025-10-20 06:06:51.657319,338173.215,6299677.929
PJ89,110,TBFV-20,3548,0,10,2025-10-20 06:06:51.657319,338173.215,6299677.929
PF590,F13,SRRW-73,1870,0,10,2025-10-20 06:06:53.653846,350075.409,6278157.18
PF590,F13,SRRX-58,3617,11,17,2025-10-20 06:06:53.653851,350075.409,6278157.18
PF590,F33,LBTS-90,3046,10,16,2025-10-20 06:06:53.653852,350075.409,6278157.18
PC418,C27,SKPP-19,2725,0,8,2025-10-20 06:06:55.565189,357577.203,6303791.652
PC418,421,PFVK-49,3008,0,8,2025-10-20 06:06:55.565194,357577.203,6303791.652
PC418,421,PFYG-55,3448,0,8,2025-10-20 06:06:55.565195,357577.203,6303791.652
PG1245,G15,THTF-83,239,0,3,2025-10-20 06:06:57.485886,347645.915,6284917.314
PG1245,G15,THTD-76,4348,9,15,2025-10-20 06:06:57.485892,347645.915,6284917.314
PA596,I01,FLXL-32,876,0,3,2025-10-20 06:07:00.851839,346319.868,6294991.102
PA596,511,TBFX-40,994,0,3,2025-10-20 06:07:00.851844,346319.868,6294991.102
PA596,511,TBFP-56,5848,13,19,2025-10-20 06:07:00.851845,346319.868,6294991.102
PJ702,J16,FLXD-33,16980,45,60,2025-10-20 06:07:05.028175,336523.237,6300443.323
PJ702,J16,CJRZ-90,23226,45,60,2025-10-20 06:07:05.028180,336523.237,6300443.323
PJ702,J20,FLXW-50,4041,10,16,2025-10-20 06:07:05.028181,336523.237,6300443.323
PJ702,J20,GCBD-59,9607,25,33,2025-10-20 06:07:05.028182,336523.237,6300443.323
PJ702,505,LZPH-23,1,0,3,2025-10-20 06:07:05.028183,336523.237,6300443.323
PJ702,J04,TBFS-41,6081,14,20,2025-10-20 06:07:05.028184,336523.237,6300443.323
PJ702,J05,TBFR-20,14925,35,47,2025-10-20 06:07:05.028185,336523.237,6300443.323
PJ702,J05,PFXC-32,15178,35,47,2025-10-20 06:07:05.028186,336523.237,6300443.323
PI101,419,PGPT-34,68,0,3,2025-10-20 06:07:07.014248,335093.945,6290722.85
PI101,419,PFYG-99,4225,12,18,2025-10-20 06:07:07.014253,335093.945,6290722.85
PI101,348,VHSY-45,585,0,3,2025-10-20 06:07:07.014254,335093.945,6290722.85
PI101,118,FLXS-66,1214,0,3,2025-10-20 06:07:07.014255,335093.945,6290722.85
PI101,118,LXWR-80,3807,10,16,2025-10-20 06:07:07.014255,335093.945,6290722.85
PI101,108,PGPS-89,3992,14,20,2025-10-20 06:07:07.014256,335093.945,6290722.85
PI101,108,PFYS-47,7408,22,30,2025-10-20 06:07:07.014257,335093.945,6290722.85
PG633,203,LZPT-71,2562,0,8,2025-10-20 06:07:09.133052,345388.731,6285024.816
PG633,203C,LZPR-87,1060,0,3,2025-10-20 06:07:09.133057,345388.731,6285024.816
PG633,G13,SHXB-22,133,0,3,2025-10-20 06:07:09.133058,345388.731,6285024.816
PG633,G13,SCRZ-11,1334,0,3,2025-10-20 06:07:09.133059,345388.731,6285024.816
PG633,G16,SFPF-89,2683,0,8,2025-10-20 06:07:09.133060,345388.731,6285024.816
PG633,G16,SFPG-61,5360,10,16,2025-10-20 06:07:09.133061,345388.731,6285024.816
PG633,F06,SPZY-69,1327,0,6,2025-10-20 06:07:09.133062,345388.731,6285024.816
PG633,F06,SPZX-83,7164,20,28,2025-10-20 06:07:09.133062,345388.731,6285024.816
PE1390,D17,PGBY-66,6336,10,16,2025-10-20 06:07:10.610495,357707.154,6290747.683
PG1078,G09,SFGY-22,5046,12,18,2025-10-20 06:07:12.222175,344540.843,6280876.886
PG1078,G09,SFGY-77,5549,15,21,2025-10-20 06:07:12.222181,344540.843,6280876.886
PC794,C17,SKPJ-50,3593,0,10,2025-10-20 06:07:14.107084,355888.416,6309566.443
PG1119,G11,THTH-70,5741,12,18,2025-10-20 06:07:16.021522,347473.565,6287729.955
PF103,205C,VGBW-48,995,0,3,2025-10-20 06:07:18.032259,353284.671,6282965.875
PF103,205C,VFPL-46,2702,0,8,2025-10-20 06:07:18.032264,353284.671,6282965.875
PF103,210,LZRD-95,2008,0,8,2025-10-20 06:07:18.032265,353284.671,6282965.875
PF103,F15,SRVF-74,3951,10,16,2025-10-20 06:07:18.032266,353284.671,6282965.875
PF103,F15,SPZY-68,8466,26,34,2025-10-20 06:07:18.032267,353284.671,6282965.875
PF103,F01,SPVW-85,5514,11,17,2025-10-20 06:07:18.032268,353284.671,6282965.875
PF103,F01,SPVV-57,7903,16,24,2025-10-20 06:07:18.032268,353284.671,6282965.875
PF103,F13,SRRZ-87,1899,0,3,2025-10-20 06:07:18.032269,353284.671,6282965.875
PF103,F13,SRPJ-99,4152,9,15,2025-10-20 06:07:18.032270,353284.671,6282965.875
PF103,205,LZRD-61,2149,0,6,2025-10-20 06:07:18.032271,353284.671,6282965.875
PE207,E11,VKJX-78,1877,0,6,2025-10-20 06:07:20.033252,350363.207,6285805.957
PE207,225,SFWZ-29,12663,27,37,2025-10-20 06:07:20.033258,350363.207,6285805.957
PE207,225,SFWZ-37,15323,32,42,2025-10-20 06:07:20.033260,350363.207,6285805.957
PE207,F05,SPZY-79,1,0,3,2025-10-20 06:07:20.033261,350363.207,6285805.957
PE207,F05,TXZH-48,4323,16,22,2025-10-20 06:07:20.033262,350363.207,6285805.957
PI1137,I25,FLXL-50,1596,0,8,2025-10-20 06:07:21.573592,339719.364,6293070.868
PI1137,I13,FLXX-73,704,0,3,2025-10-20 06:07:21.573599,339719.364,6293070.868
PI1137,I13,FLXX-97,4096,14,20,2025-10-20 06:07:21.573600,339719.364,6293070.868
PI1137,I20,FLXG-65,3256,13,19,2025-10-20 06:07:21.573602,339719.364,6293070.868
PE163,211,TBYY-75,1650,0,3,2025-10-20 06:07:23.358428,350907.871,6288716.875
PE163,118,BFKC-96,1087,0,3,2025-10-20 06:07:23.358434,350907.871,6288716.875
PE163,118,BJFH-51,1900,0,3,2025-10-20 06:07:23.358435,350907.871,6288716.875
PI1597,110,CJRW-51,5636,9,15,2025-10-20 06:07:24.804127,336470.372,6294946.789
PI1597,110,FLXL-91,5825,9,15,2025-10-20 06:07:24.804132,336470.372,6294946.789
PI1597,428,SJPF-91,3596,0,8,2025-10-20 06:07:24.804133,336470.372,6294946.789
PI1597,428,SHXD-59,6868,11,17,2025-10-20 06:07:24.804133,336470.372,6294946.789
PI1597,444,SHXF-29,3609,0,8,2025-10-20 06:07:24.804134,336470.372,6294946.789
PI1597,111,FLXX-63,2763,10,16,2025-10-20 06:07:24.804135,336470.372,6294946.789
PJ1683,I02,FLXY-78,6498,19,27,2025-10-20 06:07:26.860378,337169.156,6296301.519
PJ1683,I02,FLXZ-40,10833,30,40,2025-10-20 06:07:26.860383,337169.156,6296301.519
PJ1683,516,GCBC-56,1019,0,6,2025-10-20 06:07:26.860384,337169.156,6296301.519
PB957,B06,SKDG-26,154,0,3,2025-10-20 06:07:28.700562,338730.869,6307486.332
PB957,B06,SKDG-80,3062,10,16,2025-10-20 06:07:28.700567,338730.869,6307486.332
PI594,I03,FLXL-20,43,0,3,2025-10-20 06:07:30.648210,339175.877,6294273.944
PI594,I17,FLXK-74,1503,0,8,2025-10-20 06:07:30.648215,339175.877,6294273.944
PI594,509,FDJX-77,8028,17,25,2025-10-20 06:07:30.648216,339175.877,6294273.944
PB1425,B22,SKPS-47,543,0,3,2025-10-20 06:07:32.563237,347344.408,6304705.638
PH185,209,SRTH-14,419,0,3,2025-10-20 06:07:34.615262,347509.402,6293772.17
PH185,209,SRTK-14,4410,7,13,2025-10-20 06:07:34.615266,347509.402,6293772.17
PH185,205,RWTP-83,4319,9,15,2025-10-20 06:07:34.615268,347509.402,6293772.17
PH185,227,VFPS-87,6403,16,22,2025-10-20 06:07:34.615268,347509.402,6293772.17
PH185,227,VFPL-63,13010,32,42,2025-10-20 06:07:34.615269,347509.402,6293772.17
PH185,207,LZPT-44,5398,9,15,2025-10-20 06:07:34.615270,347509.402,6293772.17
PI1356,I24,VHSY-12,7154,16,22,2025-10-20 06:07:36.474165,330582.969,6291227.73
PB124,425,SHXG-40,1525,0,3,2025-10-20 06:07:38.511631,346175.249,6305604.496
PB124,425,SJPF-42,3283,0,10,2025-10-20 06:07:38.511637,346175.249,6305604.496
PB124,429,SLLZ-26,3285,0,8,2025-10-20 06:07:38.511638,346175.249,6305604.496
PB124,429,SLPC-50,8395,16,22,2025-10-20 06:07:38.511639,346175.249,6305604.496
PB124,435,SLPC-26,2537,0,6,2025-10-20 06:07:38.511640,346175.249,6305604.496
PB124,435,SLLZ-51,7266,11,17,2025-10-20 06:07:38.511641,346175.249,6305604.496
PB124,B43,SKPL-37,3941,0,10,2025-10-20 06:07:38.511642,346175.249,6305604.496
PB124,B43,SJPB-36,15635,45,60,2025-10-20 06:07:38.511643,346175.249,6305604.496
PB124,B16,TXZH-26,1,0,3,2025-10-20 06:07:38.511644,346175.249,6305604.496
PB124,B16,STHL-29,6033,12,18,2025-10-20 06:07:38.511645,346175.249,6305604.496
PB124,B18,STHR-80,3432,0,10,2025-10-20 06:07:38.511646,346175.249,6305604.496
PB124,B25,FLXP-73,7689,17,25,2025-10-20 06:07:38.511647,346175.249,6305604.496
PB124,B05,SPCG-50,5707,12,18,2025-10-20 06:07:38.511649,346175.249,6305604.496
PC623,C09,SGPY-62,3209,0,10,2025-10-20 06:07:40.590670,359594.468,6303194.176
PC623,C09,SKPJ-76,6632,17,25,2025-10-20 06:07:40.590675,359594.468,6303194.176
PC119,C13,SHXF-86,11016,23,31,2025-10-20 06:07:42.635209,356379.781,6303047.734
PC119,C13,SGPX-11,23663,45,60,2025-10-20 06:07:42.635214,356379.781,6303047.734
PC119,C16,SKPK-36,1918,0,6,2025-10-20 06:07:42.635215,356379.781,6303047.734
PC119,C16,SKPK-24,7346,17,23,2025-10-20 06:07:42.635216,356379.781,6303047.734
PC119,D11,SVDF-41,1,0,3,2025-10-20 06:07:42.635216,356379.781,6303047.734
PC119,C03,SKPJ-41,13478,26,36,2025-10-20 06:07:42.635218,356379.781,6303047.734
PC119,C03,SKDH-85,16988,35,47,2025-10-20 06:07:42.635218,356379.781,6303047.734
PD594,508,FLXV-50,2881,0,8,2025-10-20 06:07:44.554670,352558.466,6295456.775
PD594,508,PFXB-49,11243,24,32,2025-10-20 06:07:44.554675,352558.466,6295456.775
PG1276,G13C,SFGY-84,228,0,3,2025-10-20 06:07:46.553715,344971.738,6284061.218
PG1276,G13C,SFPF-85,4381,12,18,2025-10-20 06:07:46.553720,344971.738,6284061.218
PG1276,G16,SFPF-77,2019,0,8,2025-10-20 06:07:46.553721,344971.738,6284061.218
PG1276,G28,BJFW-31,7470,18,26,2025-10-20 06:07:46.553722,344971.738,6284061.218
PG1276,G28,BJFW-20,12151,31,41,2025-10-20 06:07:46.553723,344971.738,6284061.218
PG1276,G13,SHXB-25,258,0,3,2025-10-20 06:07:46.553723,344971.738,6284061.218
PG1276,G13,SCRZ-35,1759,0,6,2025-10-20 06:07:46.553724,344971.738,6284061.218
PD320,422,TBFT-75,7415,15,21,2025-10-20 06:07:48.669601,350642.773,6297242.285
PD320,403,PFYC-77,4212,9,15,2025-10-20 06:07:48.669606,350642.773,6297242.285
PD320,403,PFVG-85,6692,16,22,2025-10-20 06:07:48.669607,350642.773,6297242.285
PD320,513,VHZY-31,191,0,3,2025-10-20 06:07:48.669608,350642.773,6297242.285
PD320,513,VJBC-40,3523,0,10,2025-10-20 06:07:48.669609,350642.773,6297242.285
PD320,514C,FLXX-36,12769,45,60,2025-10-20 06:07:48.669610,350642.773,6297242.285
PD320,227,VFPL-63,4551,10,16,2025-10-20 06:07:48.669611,350642.773,6297242.285
PD320,514,FLXH-85,1225,0,3,2025-10-20 06:07:48.669612,350642.773,6297242.285
PD320,514,FLXJ-43,3836,8,14,2025-10-20 06:07:48.669612,350642.773,6297242.285
PD320,D03,SVDD-11,1304,0,3,2025-10-20 06:07:48.669613,350642.773,6297242.285
PD320,D03,SVDF-77,3326,0,10,2025-10-20 06:07:48.669614,350642.773,6297242.285
PD320,505,VHXK-83,4007,8,14,2025-10-20 06:07:48.669615,350642.773,6297242.285
PD320,505,VHZW-21,5282,12,18,2025-10-20 06:07:48.669615,350642.773,6297242.285
PD320,325,VFJD-49,2615,0,8,2025-10-20 06:07:48.669616,350642.773,6297242.285
PD320,325,VFKV-40,6857,16,22,2025-10-20 06:07:48.669617,350642.773,6297242.285
PA108,385,FLXH-13,5531,11,17,2025-10-20 06:07:50.746449,347088.101,6297980.771
PA108,214,GCBB-67,812,0,3,2025-10-20 06:07:50.746454,347088.101,6297980.771
PA108,214,GCBB-96,2074,0,8,2025-10-20 06:07:50.746455,347088.101,6297980.771
PA108,226,VFPJ-68,14936,29,39,2025-10-20 06:07:50.746456,347088.101,6297980.771
PA108,226,VGBW-19,16377,34,44,2025-10-20 06:07:50.746457,347088.101,6297980.771
PA108,203,LZPT-67,11315,21,29,2025-10-20 06:07:50.746458,347088.101,6297980.771
PA108,203,LXWT-94,11355,21,29,2025-10-20 06:07:50.746458,347088.101,6297980.771
PA108,206,SDGY-26,167,0,3,2025-10-20 06:07:50.746459,347088.101,6297980.771
PA108,206,LZPG-11,173,0,3,2025-10-20 06:07:50.746460,347088.101,6297980.771
PF231,209,LZPT-53,2351,0,10,2025-10-20 06:07:54.718593,349517.414,6279019.25
PF231,209,SDGY-38,2371,0,10,2025-10-20 06:07:54.718598,349517.414,6279019.25
PF231,209C,SFST-31,2067,0,10,2025-10-20 06:07:54.718599,349517.414,6279019.25
PF231,209C,LZPS-18,4817,18,26,2025-10-20 06:07:54.718600,349517.414,6279019.25
PF231,F18,LBTS-82,3707,0,10,2025-10-20 06:07:54.718601,349517.414,6279019.25
PF231,F03,SPVW-62,5954,15,21,2025-10-20 06:07:54.718602,349517.414,6279019.25
PB2100,B13,STHK-20,783,0,3,2025-10-20 06:07:56.605839,336707.0,6311132.0
PB2100,B13,STHC-45,7103,29,39,2025-10-20 06:07:56.605844,336707.0,6311132.0
PG2127,G34,THTD-56,1878,0,6,2025-10-20 06:07:58.457704,343224.001,6286849.001
PI1922,I35,SFGY-18,280,0,3,2025-10-20 06:07:59.836646,331607.0,6283894.0
PI1922,I35,SFGY-21,1945,0,8,2025-10-20 06:07:59.836650,331607.0,6283894.0
PI1010,I07,VHSX-70,13,0,3,2025-10-20 06:08:01.498256,336098.97,6291762.238
PI1010,I07,VHSX-74,6855,22,30,2025-10-20 06:08:01.498261,336098.97,6291762.238
PF1039,F12C,SRVL-35,2746,17,25,2025-10-20 06:08:03.607270,352083.1,6277543.0
PD270,225,SFWZ-29,2825,0,6,2025-10-20 06:08:05.027672,352380.316,6291671.191
PD270,225,SFWZ-37,5699,8,14,2025-10-20 06:08:05.027677,352380.316,6291671.191
PD270,514,GCBD-20,18295,45,60,2025-10-20 06:08:05.027679,352380.316,6291671.191
PD270,514,PFXB-23,24247,45,60,2025-10-20 06:08:05.027679,352380.316,6291671.191
PD270,712,SHCW-68,4869,9,15,2025-10-20 06:08:05.027681,352380.316,6291671.191
PD270,712,SHXG-95,8835,17,25,2025-10-20 06:08:05.027682,352380.316,6291671.191
PJ498,508,TBFX-10,1887,0,8,2025-10-20 06:08:06.925179,341343.887,6299952.55
PJ498,508,GCBD-52,6127,15,21,2025-10-20 06:08:06.925184,341343.887,6299952.55
PJ498,J03,FLXD-47,122,0,3,2025-10-20 06:08:06.925185,341343.887,6299952.55
PJ498,J03,FLXG-38,3516,0,10,2025-10-20 06:08:06.925186,341343.887,6299952.55
PG129,205,LZRD-61,5496,14,20,2025-10-20 06:08:09.252785,350082.791,6282826.385
PG129,205C,VFPZ-56,463,0,3,2025-10-20 06:08:09.252791,350082.791,6282826.385
PG129,205C,VFRF-95,479,0,3,2025-10-20 06:08:09.252791,350082.791,6282826.385
PG129,286,SFPG-48,25140,45,60,2025-10-20 06:08:09.252792,350082.791,6282826.385
PG129,F20,SRVJ-72,1,0,3,2025-10-20 06:08:09.252794,350082.791,6282826.385
PG129,F20,SRVJ-25,1569,0,6,2025-10-20 06:08:09.252794,350082.791,6282826.385
PA335,513,LZPH-40,1535,0,6,2025-10-20 06:08:10.786173,344578.428,6297651.323
PA335,513,LZPH-28,1699,0,6,2025-10-20 06:08:10.786178,344578.428,6297651.323
PA335,507,GCBD-23,1115,0,3,2025-10-20 06:08:10.786179,344578.428,6297651.323
PA335,507,TBFR-31,3202,0,10,2025-10-20 06:08:10.786180,344578.428,6297651.323
PA335,510,GCBF-15,1211,0,3,2025-10-20 06:08:10.786180,344578.428,6297651.323
PA335,510,PFXB-21,6922,14,20,2025-10-20 06:08:10.786181,344578.428,6297651.323
PA335,516,TBFT-31,912,0,3,2025-10-20 06:08:10.786182,344578.428,6297651.323
PA335,516,GCBD-37,1412,0,6,2025-10-20 06:08:10.786183,344578.428,6297651.323
PG1115,G11,THTG-88,1357,0,6,2025-10-20 06:08:12.401120,347371.466,6288446.708
PG1115,G11,THTH-70,4497,8,14,2025-10-20 06:08:12.401125,347371.466,6288446.708
PG309,G08V,FLXV-26,1241,0,3,2025-10-20 06:08:14.273118,346096.759,6284578.419
PG309,G08V,FLXP-17,4579,8,14,2025-10-20 06:08:14.273132,346096.759,6284578.419
PG309,302,BJFT-29,933,0,3,2025-10-20 06:08:14.273133,346096.759,6284578.419
PG309,G11,THTD-93,4263,11,17,2025-10-20 06:08:14.273134,346096.759,6284578.419
PG309,G11,THTF-22,8012,17,25,2025-10-20 06:08:14.273135,346096.759,6284578.419
PG309,228,THTD-29,4509,12,18,2025-10-20 06:08:14.273136,346096.759,6284578.419
PG309,228,THTD-63,4567,12,18,2025-10-20 06:08:14.273137,346096.759,6284578.419
PG309,G08,THTF-68,550,0,3,2025-10-20 06:08:14.273138,346096.759,6284578.419
PG309,G08,THTH-61,2882,0,10,2025-10-20 06:08:14.273138,346096.759,6284578.419
PG309,F20,SRVJ-72,5665,14,20,2025-10-20 06:08:14.273139,346096.759,6284578.419
PG309,F20,SRVJ-25,7527,17,25,2025-10-20 06:08:14.273140,346096.759,6284578.419
PG278,H08,CJRX-53,3762,8,14,2025-10-20 06:08:16.168370,345584.169,6290561.917
PG278,348,VHTB-74,9006,19,27,2025-10-20 06:08:16.168375,345584.169,6290561.917
PG278,348,VHSY-31,12856,29,39,2025-10-20 06:08:16.168376,345584.169,6290561.917
PG278,G11,THTH-70,573,0,3,2025-10-20 06:08:16.168377,345584.169,6290561.917
PG278,H07,CJRY-86,6328,16,22,2025-10-20 06:08:16.168378,345584.169,6290561.917
PG278,H07,CJRX-35,5075,17,23,2025-10-20 06:08:16.168379,345584.169,6290561.917
PG278,I05,VHTB-38,5793,15,21,2025-10-20 06:08:16.168380,345584.169,6290561.917
PG278,I05,VHTB-76,7517,18,26,2025-10-20 06:08:16.168380,345584.169,6290561.917
PG278,226,VFPV-83,1817,0,6,2025-10-20 06:08:16.168381,345584.169,6290561.917
PG278,226,VFPX-53,8994,24,32,2025-10-20 06:08:16.168382,345584.169,6290561.917
PG278,227,VFPS-69,477,0,3,2025-10-20 06:08:16.168383,345584.169,6290561.917
PG278,321,BJFX-14,1020,0,3,2025-10-20 06:08:16.168384,345584.169,6290561.917
PG278,H03,FLXR-58,842,0,3,2025-10-20 06:08:16.168385,345584.169,6290561.917
PG278,H03,FLXF-56,6860,16,22,2025-10-20 06:08:16.168386,345584.169,6290561.917
PE774,E15C,VFKV-80,3621,9,15,2025-10-20 06:08:18.131271,351174.887,6287789.363
PE774,325,VFJK-37,963,0,3,2025-10-20 06:08:18.131277,351174.887,6287789.363
PE774,325,VFHX-52,4367,9,15,2025-10-20 06:08:18.131278,351174.887,6287789.363
PC241,411,SKWD-37,28,0,3,2025-10-20 06:08:20.260194,357802.1,6305712.26
PC241,C05,LDTB-91,1729,0,3,2025-10-20 06:08:20.260199,357802.1,6305712.26
PC241,C13,SHXF-86,7142,15,21,2025-10-20 06:08:20.260200,357802.1,6305712.26
PC241,C13,SGPX-11,19690,45,60,2025-10-20 06:08:20.260200,357802.1,6305712.26
PC241,C16,SKPK-24,3366,0,10,2025-10-20 06:08:20.260201,357802.1,6305712.26
PC241,C16,LDJW-50,8407,20,28,2025-10-20 06:08:20.260202,357802.1,6305712.26
PC241,C28,SGPW-42,141,0,3,2025-10-20 06:08:20.260203,357802.1,6305712.26
PC241,C28,SGPY-87,665,0,3,2025-10-20 06:08:20.260204,357802.1,6305712.26
PC241,426,BJFB-46,1,0,3,2025-10-20 06:08:20.260205,357802.1,6305712.26
PC241,426,FDJX-81,3656,7,13,2025-10-20 06:08:20.260205,357802.1,6305712.26
PC241,C01,LCSX-45,1004,0,3,2025-10-20 06:08:20.260206,357802.1,6305712.26
PC241,C01,LDJJ-84,6782,12,18,2025-10-20 06:08:20.260207,357802.1,6305712.26
PC241,C19,SGPY-63,3101,0,10,2025-10-20 06:08:20.260208,357802.1,6305712.26
PC241,409,SKWD-73,877,0,3,2025-10-20 06:08:20.260208,357802.1,6305712.26
PC241,430,PGTV-13,1220,0,3,2025-10-20 06:08:20.260209,357802.1,6305712.26
PJ1624,J22,TBFW-13,3664,0,8,2025-10-20 06:08:22.187285,328448.83,6297314.755
PC299,C01,LCSX-45,5023,0,10,2025-10-20 06:08:24.364141,355205.77,6302799.66
PC299,C01,LDJJ-84,10809,17,25,2025-10-20 06:08:24.364146,355205.77,6302799.66
PC299,C19,SGPY-63,7064,15,21,2025-10-20 06:08:24.364147,355205.77,6302799.66
PC299,C28,SGPW-42,4116,0,10,2025-10-20 06:08:24.364148,355205.77,6302799.66
PC299,C28,SGPY-87,4677,7,13,2025-10-20 06:08:24.364149,355205.77,6302799.66
PC299,430,PGTV-13,5171,8,14,2025-10-20 06:08:24.364150,355205.77,6302799.66
PC299,426,BJFB-46,3909,0,8,2025-10-20 06:08:24.364150,355205.77,6302799.66
PC299,426,FDJX-81,7627,14,20,2025-10-20 06:08:24.364151,355205.77,6302799.66
PF1123,F13,SRRW-73,106,0,3,2025-10-20 06:08:26.066180,348964.329,6277956.193
PF1123,F13,SRRX-58,1438,0,6,2025-10-20 06:08:26.066185,348964.329,6277956.193
PF1123,207,SRTK-48,1144,0,8,2025-10-20 06:08:26.066187,348964.329,6277956.193
PF1123,207C,LZPT-69,997,0,6,2025-10-20 06:08:26.066187,348964.329,6277956.193
PF1123,F33,LBTS-90,1214,0,6,2025-10-20 06:08:26.066189,348964.329,6277956.193
PF1123,F33,SRVG-70,1652,0,8,2025-10-20 06:08:26.066189,348964.329,6277956.193
PF987,F15,SPZY-68,2203,0,8,2025-10-20 06:08:27.941816,351498.685,6279955.839
PF987,F15,SRVF-76,6280,19,27,2025-10-20 06:08:27.941821,351498.685,6279955.839
PI1443,I26,PFVD-52,363,0,3,2025-10-20 06:08:29.899789,338639.115,6291389.824
PI1443,I26,PFYR-97,6115,14,20,2025-10-20 06:08:29.899794,338639.115,6291389.824
PI1443,I01,FLXG-72,2077,0,6,2025-10-20 06:08:29.899796,338639.115,6291389.824
PI1443,I01,FLXF-15,6097,14,20,2025-10-20 06:08:29.899796,338639.115,6291389.824
PB969,B11,SKDG-18,7849,17,23,2025-10-20 06:08:31.814249,344159.121,6305697.625
PB969,B11,SKDJ-33,7907,17,23,2025-10-20 06:08:31.814254,344159.121,6305697.625
PB969,B06,SKDH-78,187,0,3,2025-10-20 06:08:31.814255,344159.121,6305697.625
PB969,B06,SPCG-81,4313,8,14,2025-10-20 06:08:31.814256,344159.121,6305697.625
PB969,B21,SKDH-30,3318,0,10,2025-10-20 06:08:31.814257,344159.121,6305697.625
PB969,B21,SKDG-28,9302,24,32,2025-10-20 06:08:31.814258,344159.121,6305697.625
PJ1801,J18,VJBB-81,1211,0,3,2025-10-20 06:08:33.716977,334217.99,6299049.82
PJ1801,J18,VJBB-71,6801,14,20,2025-10-20 06:08:33.716982,334217.99,6299049.82
PJ111,444,SKPK-44,763,0,3,2025-10-20 06:08:35.621524,334925.378,6297622.649
PJ111,444,SJPF-44,4701,12,18,2025-10-20 06:08:35.621529,334925.378,6297622.649
PJ111,J19,VHLP-58,8215,17,23,2025-10-20 06:08:35.621530,334925.378,6297622.649
PJ111,428,SJPD-56,2236,0,8,2025-10-20 06:08:35.621531,334925.378,6297622.649
PJ111,428,SKPJ-43,3948,8,14,2025-10-20 06:08:35.621532,334925.378,6297622.649
PJ111,428E,SHXG-35,2250,0,6,2025-10-20 06:08:35.621533,334925.378,6297622.649
PJ111,428E,SJPF-85,10522,20,28,2025-10-20 06:08:35.621534,334925.378,6297622.649
PI218,506V,GCBD-89,10436,20,28,2025-10-20 06:08:38.108172,336722.32,6292382.24
PI218,506V,PFXC-17,14418,31,41,2025-10-20 06:08:38.108177,336722.32,6292382.24
PI218,I09,RWRP-57,4629,8,14,2025-10-20 06:08:38.108178,336722.32,6292382.24
PI218,I09,GCBF-40,4651,8,14,2025-10-20 06:08:38.108179,336722.32,6292382.24
PI218,I35,SHXG-72,425,0,3,2025-10-20 06:08:38.108180,336722.32,6292382.24
PI218,506,TBFX-52,4993,12,18,2025-10-20 06:08:38.108180,336722.32,6292382.24
PI218,506,GCBD-49,10417,25,33,2025-10-20 06:08:38.108181,336722.32,6292382.24
PI218,419,PFYG-88,12065,22,30,2025-10-20 06:08:38.108182,336722.32,6292382.24
PI218,419,PFTF-81,12357,22,30,2025-10-20 06:08:38.108183,336722.32,6292382.24
PI218,421,PFVK-49,27534,45,60,2025-10-20 06:08:38.108184,336722.32,6292382.24
PI218,421,PFYG-55,27905,45,60,2025-10-20 06:08:38.108184,336722.32,6292382.24
PI218,106,PFYS-50,18418,45,60,2025-10-20 06:08:38.108185,336722.32,6292382.24
PI218,106,PFVD-36,18890,45,60,2025-10-20 06:08:38.108186,336722.32,6292382.24
PI218,401,PGBB-56,14415,29,39,2025-10-20 06:08:38.108187,336722.32,6292382.24
PI218,401,PFVK-99,20115,45,60,2025-10-20 06:08:38.108187,336722.32,6292382.24
PI218,I12,FLXY-31,1276,0,6,2025-10-20 06:08:38.108188,336722.32,6292382.24
PI218,I12,FLXZ-79,4635,14,20,2025-10-20 06:08:38.108189,336722.32,6292382.24
PI218,110,CJRW-51,8282,13,19,2025-10-20 06:08:38.108190,336722.32,6292382.24
PI218,110,FLXL-91,8450,14,20,2025-10-20 06:08:38.108191,336722.32,6292382.24
PI218,405,PDZS-75,14390,29,39,2025-10-20 06:08:38.108192,336722.32,6292382.24
PI218,405,PDYH-84,16170,34,44,2025-10-20 06:08:38.108193,336722.32,6292382.24
PI218,432N,PFVC-45,14254,26,34,2025-10-20 06:08:38.108194,336722.32,6292382.24
PI218,111,FLXX-63,5036,13,19,2025-10-20 06:08:38.108194,336722.32,6292382.24
PA171,403,PFTW-32,126,0,3,2025-10-20 06:08:40.912007,348051.974,6298713.485
PA171,403,PFTW-40,2877,0,10,2025-10-20 06:08:40.912011,348051.974,6298713.485
PA171,513,LZPH-40,5282,12,18,2025-10-20 06:08:40.912013,348051.974,6298713.485
PA171,513,LZPH-28,5716,13,19,2025-10-20 06:08:40.912014,348051.974,6298713.485
PA171,210,LZRD-99,1392,0,6,2025-10-20 06:08:40.912014,348051.974,6298713.485
PA171,210,SXKV-89,3280,8,14,2025-10-20 06:08:40.912015,348051.974,6298713.485
PA171,210V,VFPS-85,1726,0,6,2025-10-20 06:08:40.912016,348051.974,6298713.485
PA171,210V,VFPX-83,3715,8,14,2025-10-20 06:08:40.912017,348051.974,6298713.485
PB1882,307C,TWPC-87,204,0,3,2025-10-20 06:08:42.921445,340248.79,6307804.09
PB1882,307C,TWPC-94,4153,14,20,2025-10-20 06:08:42.921450,340248.79,6307804.09
PB1882,307E,TWPD-82,2656,7,13,2025-10-20 06:08:42.921451,340248.79,6307804.09
PI231,106,PFYS-20,1469,0,3,2025-10-20 06:08:44.959254,336780.113,6291333.231
PI231,106,PFVH-98,3629,9,15,2025-10-20 06:08:44.959259,336780.113,6291333.231
PI231,431C,PFYS-94,4722,16,22,2025-10-20 06:08:44.959260,336780.113,6291333.231
PI231,I35,SCRZ-36,575,0,3,2025-10-20 06:08:44.959263,336780.113,6291333.231
PI231,I35,SDSW-75,3136,0,10,2025-10-20 06:08:44.959263,336780.113,6291333.231
PI231,506E,TBFR-35,3827,8,14,2025-10-20 06:08:44.959264,336780.113,6291333.231
PI231,506V,TBFS-33,1896,0,6,2025-10-20 06:08:44.959265,336780.113,6291333.231
PI231,506V,PFWZ-90,5935,16,22,2025-10-20 06:08:44.959266,336780.113,6291333.231
PI231,110,FLXL-90,926,0,3,2025-10-20 06:08:44.959267,336780.113,6291333.231
PI231,401,PDZT-27,470,0,3,2025-10-20 06:08:44.959268,336780.113,6291333.231
PI231,401,PDYH-31,2355,0,8,2025-10-20 06:08:44.959268,336780.113,6291333.231
PI231,405,PFYG-41,374,0,3,2025-10-20 06:08:44.959269,336780.113,6291333.231
PI231,405,PFVK-59,653,0,3,2025-10-20 06:08:44.959270,336780.113,6291333.231
PI231,421,PFVC-49,2322,0,8,2025-10-20 06:08:44.959271,336780.113,6291333.231
PI231,421,PDZS-83,2933,0,10,2025-10-20 06:08:44.959271,336780.113,6291333.231
PI231,111,FLXW-78,1096,0,6,2025-10-20 06:08:44.959272,336780.113,6291333.231
PI231,111,FLXW-70,10510,24,32,2025-10-20 06:08:44.959273,336780.113,6291333.231
PI231,I09,FLXY-97,892,0,3,2025-10-20 06:08:44.959274,336780.113,6291333.231
PI231,I09,FLXZ-13,1634,0,8,2025-10-20 06:08:44.959275,336780.113,6291333.231
PI231,506,TBFX-13,862,0,3,2025-10-20 06:08:44.959275,336780.113,6291333.231
PI231,506,FLXW-35,2570,0,10,2025-10-20 06:08:44.959276,336780.113,6291333.231
PC250,502,TBFW-18,1485,0,3,2025-10-20 06:08:46.905293,355734.476,6305112.059
PD1260,D18,SVDC-65,32,0,3,2025-10-20 06:08:48.882710,354888.074,6298994.506
PD1260,D18,SVDF-21,5745,12,18,2025-10-20 06:08:48.882715,354888.074,6298994.506
PD1260,412,PFVG-92,303,0,3,2025-10-20 06:08:48.882716,354888.074,6298994.506
PD1260,412,PFTW-39,4330,8,14,2025-10-20 06:08:48.882717,354888.074,6298994.506
PB1857,B02,FLXR-92,12373,45,60,2025-10-20 06:08:52.695988,349371.79,6305681.13
PB1857,B02,FLXR-83,15323,45,60,2025-10-20 06:08:52.695994,349371.79,6305681.13
PB1857,B02N,FLXR-89,2966,8,14,2025-10-20 06:08:52.695996,349371.79,6305681.13
PC773,C10E,SJPC-74,446,0,3,2025-10-20 06:08:54.259650,356569.34,6308782.39
PC773,C28,SKPJ-89,1571,0,3,2025-10-20 06:08:54.259655,356569.34,6308782.39
PH587,H07,BJFV-29,2706,0,8,2025-10-20 06:08:56.198886,343583.672,6291748.851
PI698,421,PFVK-49,30266,45,60,2025-10-20 06:08:58.227637,336215.862,6290235.404
PI698,421,PFYG-55,30733,45,60,2025-10-20 06:08:58.227642,336215.862,6290235.404
PI698,423,PFTW-78,17410,45,60,2025-10-20 06:08:58.227644,336215.862,6290235.404
PI698,I01,FLXF-51,12086,27,37,2025-10-20 06:08:58.227645,336215.862,6290235.404
PI698,I01,FLXL-32,15964,36,48,2025-10-20 06:08:58.227646,336215.862,6290235.404
PI698,I10,FLXG-16,533,0,3,2025-10-20 06:08:58.227647,336215.862,6290235.404
PI698,I10,FLXG-48,4741,12,18,2025-10-20 06:08:58.227648,336215.862,6290235.404
PF501,F24,SPRW-65,915,0,6,2025-10-20 06:08:59.855916,357783.348,6280883.474
PF501,F24,SKJP-44,9672,16,22,2025-10-20 06:08:59.855921,357783.348,6280883.474
PF501,F11,SKVB-10,4005,9,15,2025-10-20 06:08:59.855923,357783.348,6280883.474
PF501,F11,SKTZ-90,11285,26,36,2025-10-20 06:08:59.855924,357783.348,6280883.474
PG2049,G23,SFWZ-38,3279,7,13,2025-10-20 06:09:01.540669,344291.0,6282933.0
PG2049,G31,BJFS-90,101,0,3,2025-10-20 06:09:01.540675,344291.0,6282933.0
PG2049,G08V,FLXV-25,188,0,3,2025-10-20 06:09:01.540676,344291.0,6282933.0
PG2049,G08V,FLXV-18,4212,10,16,2025-10-20 06:09:01.540677,344291.0,6282933.0
PD707,514,FLXJ-43,271,0,3,2025-10-20 06:09:03.541353,353107.222,6296473.211
PD707,514,FLXD-28,4132,10,16,2025-10-20 06:09:03.541358,353107.222,6296473.211
PD707,514C,FLXX-36,9171,35,47,2025-10-20 06:09:03.541359,353107.222,6296473.211
PB1681,B43,SJPB-36,6530,25,33,2025-10-20 06:09:05.305570,339917.939,6308312.177
PB1031,B13,STHC-45,2385,14,20,2025-10-20 06:09:07.265104,338102.863,6308695.29
PB1031,B13,STHF-31,5123,35,45,2025-10-20 06:09:07.265109,338102.863,6308695.29
PJ1071,J18,VJBB-71,3131,0,8,2025-10-20 06:09:09.301834,336551.472,6299537.28
PJ1071,541N,TBFT-33,4714,7,13,2025-10-20 06:09:09.301840,336551.472,6299537.28
PD1386,D10,SVDF-57,4284,9,15,2025-10-20 06:09:11.245135,350306.418,6293130.541
PD1386,D10,SVDD-29,7889,18,26,2025-10-20 06:09:11.245140,350306.418,6293130.541
PH1533,385,FLXL-75,6189,14,20,2025-10-20 06:09:13.118886,349082.777,6293837.719
PH1533,385,FLXK-68,6694,15,21,2025-10-20 06:09:13.118891,349082.777,6293837.719
PH455,H24,VGRG-24,2950,0,10,2025-10-20 06:09:15.002695,347371.046,6292674.689
PH455,H24,VGRF-65,3047,0,10,2025-10-20 06:09:15.002700,347371.046,6292674.689
PI817,I03,FLXD-88,2216,0,10,2025-10-20 06:09:16.940724,338410.108,6290968.261
PI817,I03,FLXJ-27,4459,13,19,2025-10-20 06:09:16.940729,338410.108,6290968.261
PD628,508,PFXB-58,551,0,3,2025-10-20 06:09:18.878409,352789.521,6292097.278
PD628,D10,SVDD-29,1323,0,6,2025-10-20 06:09:18.878414,352789.521,6292097.278
PD628,D10,STVY-74,10695,35,47,2025-10-20 06:09:18.878415,352789.521,6292097.278
PB1006,B12,SKDF-67,3269,0,8,2025-10-20 06:09:20.815008,341671.354,6310886.468
PB1006,B12,SKDJ-25,9979,30,40,2025-10-20 06:09:20.815013,341671.354,6310886.468
PB1006,B12C,SKDF-95,1589,0,6,2025-10-20 06:09:20.815015,341671.354,6310886.468
PB1006,B12C,SKDH-29,3499,0,10,2025-10-20 06:09:20.815015,341671.354,6310886.468
PB1006,B07,STHL-27,1725,0,3,2025-10-20 06:09:20.815016,341671.354,6310886.468
PB1006,B33,SHCX-31,7420,19,27,2025-10-20 06:09:20.815017,341671.354,6310886.468
PB1006,B33,SHXF-44,11320,30,40,2025-10-20 06:09:20.815018,341671.354,6310886.468
PG307,228,THTD-63,3649,10,16,2025-10-20 06:09:22.818398,345996.732,6284122.581
PG307,228,THTD-29,3697,10,16,2025-10-20 06:09:22.818404,345996.732,6284122.581
PG307,G08,THTH-61,2008,0,8,2025-10-20 06:09:22.818405,345996.732,6284122.581
PG307,G08,THTG-60,6549,15,21,2025-10-20 06:09:22.818406,345996.732,6284122.581
PG307,F20,SRVJ-72,4400,9,15,2025-10-20 06:09:22.818407,345996.732,6284122.581
PG307,F20,SRVJ-25,6769,15,21,2025-10-20 06:09:22.818408,345996.732,6284122.581
PG307,G08V,FLXV-26,330,0,3,2025-10-20 06:09:22.818409,345996.732,6284122.581
PG307,G08V,FLXP-17,3567,0,10,2025-10-20 06:09:22.818410,345996.732,6284122.581
PG307,302,BJFT-29,61,0,3,2025-10-20 06:09:22.818411,345996.732,6284122.581
PG307,G11,THTD-93,3576,8,14,2025-10-20 06:09:22.818413,345996.732,6284122.581
PG307,G11,THTF-22,6812,15,21,2025-10-20 06:09:22.818414,345996.732,6284122.581
PB1525,B20,SKHG-93,3988,10,16,2025-10-20 06:09:24.766903,344989.24,6300164.869
PB1525,B20,LXDH-85,10459,25,33,2025-10-20 06:09:24.766925,344989.24,6300164.869
PB1525,B29,SKHG-59,3544,0,10,2025-10-20 06:09:24.766927,344989.24,6300164.869
PB1525,B29,LXDJ-11,7082,14,20,2025-10-20 06:09:24.766928,344989.24,6300164.869
PB1525,303,FLXD-84,570,0,3,2025-10-20 06:09:24.766929,344989.24,6300164.869
PB1525,303,FLXF-33,2928,0,10,2025-10-20 06:09:24.766930,344989.24,6300164.869
PB1525,307,FLXJ-50,3953,9,15,2025-10-20 06:09:24.766931,344989.24,6300164.869
PB1525,307,FLXL-60,4600,12,18,2025-10-20 06:09:24.766932,344989.24,6300164.869
PB1525,314,VHSX-72,1437,0,8,2025-10-20 06:09:24.766933,344989.24,6300164.869
PB1525,314,TWPD-94,4520,15,21,2025-10-20 06:09:24.766934,344989.24,6300164.869
PJ361,518,TBFW-51,1034,9,15,2025-10-20 06:09:26.850005,338478.44,6299738.14
PJ361,518,TBFX-15,6140,21,29,2025-10-20 06:09:26.850010,338478.44,6299738.14
PJ361,J04,TBFS-41,2089,0,8,2025-10-20 06:09:26.850011,338478.44,6299738.14
PJ361,J04,TBFX-70,2782,0,10,2025-10-20 06:09:26.850012,338478.44,6299738.14
PJ361,B38,TBFW-66,8325,21,29,2025-10-20 06:09:26.850012,338478.44,6299738.14
PJ361,B38,TBFX-22,20050,45,60,2025-10-20 06:09:26.850013,338478.44,6299738.14
PJ361,517,VHZX-30,20963,45,60,2025-10-20 06:09:26.850014,338478.44,6299738.14
PJ361,503,LZPH-13,8208,14,20,2025-10-20 06:09:26.850015,338478.44,6299738.14
PJ361,503,LZPG-48,9802,16,24,2025-10-20 06:09:26.850016,338478.44,6299738.14
PJ361,507,TBFX-53,11018,32,42,2025-10-20 06:09:26.850017,338478.44,6299738.14
PJ361,507,TBFW-14,14820,45,60,2025-10-20 06:09:26.850017,338478.44,6299738.14
PB2013,B38,TBFX-22,7895,21,29,2025-10-20 06:09:28.749137,341576.764,6302530.525
PB2013,B28,SKHF-91,8213,22,30,2025-10-20 06:09:28.749141,341576.764,6302530.525
PB2013,B28,SKHF-84,11867,35,47,2025-10-20 06:09:28.749142,341576.764,6302530.525
PB2013,107,PFYC-48,879,0,3,2025-10-20 06:09:28.749143,341576.764,6302530.525
PB2013,107,PGRZ-74,5420,12,18,2025-10-20 06:09:28.749144,341576.764,6302530.525
PB2013,101,PGPT-53,871,0,3,2025-10-20 06:09:28.749145,341576.764,6302530.525
PB2013,101,PGPT-30,5163,10,16,2025-10-20 06:09:28.749145,341576.764,6302530.525
PH198,205,LZRB-94,2110,0,6,2025-10-20 06:09:30.722225,347828.827,6291205.663
PH198,205,LZRD-85,8507,16,24,2025-10-20 06:09:30.722230,347828.827,6291205.663
PH198,227,VFPS-69,3948,7,13,2025-10-20 06:09:30.722232,347828.827,6291205.663
PH198,227,VFPJ-31,7734,17,25,2025-10-20 06:09:30.722233,347828.827,6291205.663
PH198,207,LZPT-49,1702,0,6,2025-10-20 06:09:30.722234,347828.827,6291205.663
PH198,207,LZPG-17,2084,0,8,2025-10-20 06:09:30.722235,347828.827,6291205.663
PH198,209,SFWB-24,5182,11,17,2025-10-20 06:09:30.722236,347828.827,6291205.663
PH198,209,LXWT-99,5445,12,18,2025-10-20 06:09:30.722236,347828.827,6291205.663
PJ415,518,TBFW-51,706,0,10,2025-10-20 06:09:34.126821,338689.801,6299758.661
PJ415,518,TBFX-15,5924,19,27,2025-10-20 06:09:34.126827,338689.801,6299758.661
PJ415,J04,TBFS-41,1803,0,6,2025-10-20 06:09:34.126828,338689.801,6299758.661
PJ415,J04,TBFX-70,2541,0,8,2025-10-20 06:09:34.126829,338689.801,6299758.661
PJ415,B38,TBFW-66,8196,21,29,2025-10-20 06:09:34.126830,338689.801,6299758.661
PJ415,B38,TBFX-22,19855,45,60,2025-10-20 06:09:34.126831,338689.801,6299758.661
PJ415,517,VHZX-30,20714,45,60,2025-10-20 06:09:34.126832,338689.801,6299758.661
PJ415,503,LZPH-13,7985,13,19,2025-10-20 06:09:34.126833,338689.801,6299758.661
PJ415,503,LZPG-48,9725,17,23,2025-10-20 06:09:34.126834,338689.801,6299758.661
PJ415,507,TBFX-53,10688,32,42,2025-10-20 06:09:34.126835,338689.801,6299758.661
PJ415,507,TBFW-14,14604,45,60,2025-10-20 06:09:34.126836,338689.801,6299758.661
PJ315,505,VHXJ-50,10376,22,30,2025-10-20 06:09:36.131231,336650.0,6301486.0
PJ315,505,LXWS-34,13737,31,41,2025-10-20 06:09:36.131235,336650.0,6301486.0
PJ315,408,LXWS-38,2586,0,8,2025-10-20 06:09:36.131237,336650.0,6301486.0
PJ315,408,LXWR-71,10733,26,34,2025-10-20 06:09:36.131237,336650.0,6301486.0
PJ315,502,TBFW-18,24283,45,60,2025-10-20 06:09:36.131238,336650.0,6301486.0
PJ315,511,TBFX-40,18021,45,60,2025-10-20 06:09:36.131239,336650.0,6301486.0
PJ315,511,TBFP-56,22354,45,60,2025-10-20 06:09:36.131240,336650.0,6301486.0
PJ315,J15C,TBFW-71,2739,8,14,2025-10-20 06:09:36.131241,336650.0,6301486.0
PJ315,J15C,TBFS-54,5647,21,29,2025-10-20 06:09:36.131241,336650.0,6301486.0
PI359,428,SHXD-72,319,0,3,2025-10-20 06:09:38.088395,340863.853,6290186.185
PI359,428,SJPF-94,1577,0,3,2025-10-20 06:09:38.088399,340863.853,6290186.185
PI359,444,SKPK-42,5416,10,16,2025-10-20 06:09:38.088401,340863.853,6290186.185
PI359,I05,VHSY-20,102,0,3,2025-10-20 06:09:38.088402,340863.853,6290186.185
PI359,I05,VHSY-28,2320,0,10,2025-10-20 06:09:38.088402,340863.853,6290186.185
PI359,118,BJFH-26,1457,0,3,2025-10-20 06:09:38.088403,340863.853,6290186.185
PI359,118,BJFD-43,5181,8,14,2025-10-20 06:09:38.088404,340863.853,6290186.185
PJ909,J10,VHXJ-44,2741,0,8,2025-10-20 06:09:40.128683,340447.104,6297381.465
PJ909,J10,VJBB-70,6732,15,21,2025-10-20 06:09:40.128688,340447.104,6297381.465
PJ909,J19,VGVG-59,3596,8,14,2025-10-20 06:09:40.128689,340447.104,6297381.465
PJ909,J19,VHLR-28,9188,27,37,2025-10-20 06:09:40.128690,340447.104,6297381.465
PJ909,511,TBFT-99,2007,0,8,2025-10-20 06:09:40.128691,340447.104,6297381.465
PJ909,511,TBFT-98,8931,22,30,2025-10-20 06:09:40.128692,340447.104,6297381.465
PJ909,514,PFXB-23,2413,0,8,2025-10-20 06:09:40.128693,340447.104,6297381.465
PJ909,514,GCBF-11,7441,18,26,2025-10-20 06:09:40.128694,340447.104,6297381.465
PG784,G24,GCWF-75,471,0,3,2025-10-20 06:09:42.046021,345570.849,6283240.008
PG784,G07,THTF-54,467,0,3,2025-10-20 06:09:42.046026,345570.849,6283240.008
PH715,329,FLXR-59,5162,11,17,2025-10-20 06:09:43.788358,343737.619,6290375.199
PH715,329,FLXR-16,8372,19,27,2025-10-20 06:09:43.788364,343737.619,6290375.199
PD274,225,SFWZ-25,671,0,3,2025-10-20 06:09:47.129698,352462.998,6291725.593
PD274,225,SFVZ-56,6190,12,18,2025-10-20 06:09:47.129704,352462.998,6291725.593
PD274,514,FLXX-91,998,0,3,2025-10-20 06:09:47.129705,352462.998,6291725.593
PD274,514C,FLXX-36,3122,0,8,2025-10-20 06:09:47.129706,352462.998,6291725.593
PD274,712,SHXG-93,921,0,3,2025-10-20 06:09:47.129708,352462.998,6291725.593
PD274,712,SJPC-42,3672,0,10,2025-10-20 06:09:47.129709,352462.998,6291725.593
PH292,428,SJPF-94,194,0,3,2025-10-20 06:09:49.102423,342111.814,6289630.608
PH292,428,SJPF-84,4794,8,14,2025-10-20 06:09:49.102427,342111.814,6289630.608
PH292,444,SKPK-42,3979,0,10,2025-10-20 06:09:49.102429,342111.814,6289630.608
PH292,I05,VHSY-28,890,0,6,2025-10-20 06:09:49.102430,342111.814,6289630.608
PH292,I05,VHSY-37,5494,17,25,2025-10-20 06:09:49.102430,342111.814,6289630.608
PH292,118,BJFH-26,1,0,3,2025-10-20 06:09:49.102431,342111.814,6289630.608
PH292,118,BJFD-43,3751,0,8,2025-10-20 06:09:49.102432,342111.814,6289630.608
PH1532,385,FLXL-75,8043,17,25,2025-10-20 06:09:51.043307,349309.479,6291786.702
PH1532,385,FLXK-68,8791,19,27,2025-10-20 06:09:51.043313,349309.479,6291786.702
PG2056,G35,SDSW-86,6324,20,28,2025-10-20 06:09:52.908708,349839.0,6282518.0
PG2056,G35,SFPF-80,9906,31,41,2025-10-20 06:09:52.908713,349839.0,6282518.0
PG1610,G18,SHCV-27,2052,0,10,2025-10-20 06:09:57.026645,349349.622,6285352.579
PG1610,G01,THTF-47,1,0,3,2025-10-20 06:09:57.026650,349349.622,6285352.579
PC728,C05,LDTB-94,2879,0,10,2025-10-20 06:09:59.012984,355516.621,6300015.291
PC728,D11,SVDC-56,1738,0,6,2025-10-20 06:09:59.012989,355516.621,6300015.291
PC728,D11,SVDF-53,4897,13,19,2025-10-20 06:09:59.012990,355516.621,6300015.291
PC728,517,VHZX-30,247,0,3,2025-10-20 06:09:59.012991,355516.621,6300015.291
PD224,C05,LDTB-94,1206,0,3,2025-10-20 06:10:01.001601,354007.332,6299804.289
PD224,C07,SHCY-30,626,0,3,2025-10-20 06:10:01.001606,354007.332,6299804.289
PD224,D08,SVDD-39,1119,0,3,2025-10-20 06:10:01.001607,354007.332,6299804.289
PD224,D08,SVDD-53,2071,0,8,2025-10-20 06:10:01.001608,354007.332,6299804.289
PD224,216,SXKV-99,1,0,3,2025-10-20 06:10:01.001609,354007.332,6299804.289
PD224,216,LZRB-83,3538,7,13,2025-10-20 06:10:01.001610,354007.332,6299804.289
PD224,501,TBFW-16,3818,10,16,2025-10-20 06:10:01.001611,354007.332,6299804.289
PD224,501,TBFX-29,6003,17,25,2025-10-20 06:10:01.001612,354007.332,6299804.289
PD224,504,TBFT-52,10514,31,41,2025-10-20 06:10:01.001612,354007.332,6299804.289
PD224,504,GCBD-36,12141,35,47,2025-10-20 06:10:01.001613,354007.332,6299804.289
PD224,518,FLXG-22,1837,0,8,2025-10-20 06:10:01.001614,354007.332,6299804.289
PD224,518,TBFT-67,9514,28,38,2025-10-20 06:10:01.001615,354007.332,6299804.289
PG472,G18,SFPG-34,2175,0,8,2025-10-20 06:10:02.985400,346716.652,6288571.965
PA233,510,GCBF-15,1785,0,6,2025-10-20 06:10:05.669903,345693.76,6297725.82
PA233,510,PFXB-21,7900,18,26,2025-10-20 06:10:05.669908,345693.76,6297725.82
PA481,D03,STWB-31,1347,0,8,2025-10-20 06:10:07.571181,347507.686,6297187.188
PJ372,507,TBFX-53,14072,45,60,2025-10-20 06:10:09.322521,335846.59,6299302.494
PJ372,507,TBFW-14,17986,45,60,2025-10-20 06:10:09.322526,335846.59,6299302.494
PJ372,J02,VHXJ-82,9690,19,27,2025-10-20 06:10:09.322527,335846.59,6299302.494
PJ372,J02,VHXJ-20,15121,34,44,2025-10-20 06:10:09.322528,335846.59,6299302.494
PF1184,F01,TFSZ-92,1,0,3,2025-10-20 06:10:10.779349,358580.0,6280031.0
PF1184,F01,SPVW-15,6836,13,19,2025-10-20 06:10:10.779354,358580.0,6280031.0
PC722,C01C,PFYC-67,6158,11,17,2025-10-20 06:10:12.698722,360490.57,6307355.51
PC722,C01C,PGBY-57,10706,24,32,2025-10-20 06:10:12.698727,360490.57,6307355.51
PD163,106,PGPT-24,8188,22,30,2025-10-20 06:10:14.628678,350387.665,6296419.915
PD163,106,PFVJ-20,9136,24,32,2025-10-20 06:10:14.628682,350387.665,6296419.915
PD163,126,BJFW-26,4592,12,18,2025-10-20 06:10:14.628684,350387.665,6296419.915
PD163,126,FLXT-30,7375,20,28,2025-10-20 06:10:14.628693,350387.665,6296419.915
PD163,114,SKVD-75,2204,0,6,2025-10-20 06:10:14.628694,350387.665,6296419.915
PD163,114,SKWD-38,7237,16,24,2025-10-20 06:10:14.628694,350387.665,6296419.915
PH263,302,BJFX-46,1826,0,6,2025-10-20 06:10:16.539424,345828.84,6293666.33
PD204,D05,SPBL-65,920,0,3,2025-10-20 06:10:18.688554,348886.607,6295681.479
PD204,D05,SPBL-75,4080,8,14,2025-10-20 06:10:18.688559,348886.607,6295681.479
PD204,210,RWTP-92,1420,0,6,2025-10-20 06:10:18.688560,348886.607,6295681.479
PD204,210,RWTP-84,3511,8,14,2025-10-20 06:10:18.688561,348886.607,6295681.479
PD204,210E,VFPZ-92,2466,0,3,2025-10-20 06:10:18.688562,348886.607,6295681.479
PD204,210E,VFRD-35,10424,45,60,2025-10-20 06:10:18.688563,348886.607,6295681.479
PD204,210V,VFHK-96,6139,16,22,2025-10-20 06:10:18.688563,348886.607,6295681.479
PD204,210V,VGBV-36,9349,23,31,2025-10-20 06:10:18.688564,348886.607,6295681.479
PD204,F30N,LCTG-45,2906,0,6,2025-10-20 06:10:18.688565,348886.607,6295681.479
PD204,213E,SRVK-42,876,0,3,2025-10-20 06:10:18.688566,348886.607,6295681.479
PD204,213E,LCTG-34,3371,0,10,2025-10-20 06:10:18.688567,348886.607,6295681.479
PJ1998,J16,FLXD-33,12689,32,42,2025-10-20 06:10:20.545854,338874.95,6300986.89
PJ1998,J16,CJRZ-90,19231,45,60,2025-10-20 06:10:20.545859,338874.95,6300986.89
PG1182,G23,SFVZ-70,249,0,3,2025-10-20 06:10:22.650547,348342.884,6282621.951
PG1182,G13,SDSW-62,465,0,3,2025-10-20 06:10:22.650552,348342.884,6282621.951
PG1182,G13,SFPG-47,2457,8,14,2025-10-20 06:10:22.650553,348342.884,6282621.951
PA165,345,FLXD-75,89,0,3,2025-10-20 06:10:24.716511,345605.132,6297951.552
PA165,345,BJFS-75,6340,14,20,2025-10-20 06:10:24.716516,345605.132,6297951.552
PA165,I09,FLXY-93,3655,0,8,2025-10-20 06:10:24.716517,345605.132,6297951.552
PA165,I09,FLXY-96,3866,0,8,2025-10-20 06:10:24.716518,345605.132,6297951.552
PA165,I09E,VHSZ-38,4430,9,15,2025-10-20 06:10:24.716518,345605.132,6297951.552
PA165,I09E,RWRP-78,7503,17,23,2025-10-20 06:10:24.716519,345605.132,6297951.552
PA165,385,FLXL-55,5661,13,19,2025-10-20 06:10:24.716520,345605.132,6297951.552
PA165,385,FLXF-76,8788,21,29,2025-10-20 06:10:24.716521,345605.132,6297951.552
PA165,516,TBFT-31,1400,0,6,2025-10-20 06:10:24.716522,345605.132,6297951.552
PA165,516,GCBD-37,1799,0,6,2025-10-20 06:10:24.716522,345605.132,6297951.552
PA165,106,PGPT-49,5419,14,20,2025-10-20 06:10:24.716523,345605.132,6297951.552
PA165,106,PFVD-55,8645,22,30,2025-10-20 06:10:24.716524,345605.132,6297951.552
PD1100,D11,SVDF-53,919,0,3,2025-10-20 06:10:27.068368,355702.019,6296888.596
PI769,111,FLXZ-66,4004,0,10,2025-10-20 06:10:29.092149,338049.371,6296153.938
PI769,110,FLXL-91,1347,0,3,2025-10-20 06:10:29.092155,338049.371,6296153.938
PI769,110,CJRW-51,1370,0,3,2025-10-20 06:10:29.092156,338049.371,6296153.938
PH749,H14,FLXP-46,1309,0,3,2025-10-20 06:10:30.962665,346994.185,6290853.491
PB1108,214,GCBB-67,15323,36,48,2025-10-20 06:10:32.965981,344197.978,6307115.646
PB1108,214,GCBB-96,16549,45,60,2025-10-20 06:10:32.965987,344197.978,6307115.646
PA141,207,LZPT-44,800,0,3,2025-10-20 06:10:34.977938,347076.87,6296681.401
PA141,209,SRTK-14,465,0,3,2025-10-20 06:10:34.977944,347076.87,6296681.401
PG160,203C,LZPT-41,289,0,3,2025-10-20 06:10:37.027612,345844.185,6283467.643
PG160,G08V,FLXP-17,2396,0,6,2025-10-20 06:10:37.027617,345844.185,6283467.643
PG160,G08V,FLXV-27,6118,13,19,2025-10-20 06:10:37.027618,345844.185,6283467.643
PG160,228,THTD-63,2471,0,8,2025-10-20 06:10:37.027619,345844.185,6283467.643
PG160,228,THTD-29,2446,0,8,2025-10-20 06:10:37.027620,345844.185,6283467.643
PG160,G08,THTH-61,846,0,3,2025-10-20 06:10:37.027621,345844.185,6283467.643
PG160,G08,THTG-60,5405,11,17,2025-10-20 06:10:37.027622,345844.185,6283467.643
PJ300,J05,TBFR-20,8590,19,27,2025-10-20 06:10:38.952697,340299.47,6300636.55
PJ300,J05,PFXC-32,9550,22,30,2025-10-20 06:10:38.952703,340299.47,6300636.55
PJ300,502,TBFW-18,19684,45,60,2025-10-20 06:10:38.952704,340299.47,6300636.55
PG656,G01,THTD-22,970,0,6,2025-10-20 06:10:42.741484,344911.332,6289389.148
PG656,G01,THTF-26,3426,0,10,2025-10-20 06:10:42.741489,344911.332,6289389.148
PG656,G01C,THTF-79,1,0,3,2025-10-20 06:10:42.741490,344911.332,6289389.148
PG656,G01C,THTD-79,230,0,3,2025-10-20 06:10:42.741491,344911.332,6289389.148
PI1050,I08,FLXW-88,159,0,3,2025-10-20 06:10:46.611942,335630.836,6292924.287
PJ270,502,BJFD-74,2438,0,10,2025-10-20 06:10:48.793386,339541.542,6300766.221
PJ270,502C,GCBD-66,3216,0,10,2025-10-20 06:10:48.793392,339541.542,6300766.221
PJ270,J05,GCBC-67,1328,0,3,2025-10-20 06:10:48.793393,339541.542,6300766.221
PJ270,J05,FLXG-25,6367,15,21,2025-10-20 06:10:48.793394,339541.542,6300766.221
PJ270,542,TBFV-34,2415,0,8,2025-10-20 06:10:48.793395,339541.542,6300766.221
PF596,F13,SRRW-68,362,0,3,2025-10-20 06:10:50.981190,350103.245,6278169.267
PF596,F13,SRRW-90,6359,14,20,2025-10-20 06:10:50.981195,350103.245,6278169.267
PF596,F25,SRVG-83,61,0,3,2025-10-20 06:10:50.981196,350103.245,6278169.267
PF596,F25,SRVJ-34,8103,25,33,2025-10-20 06:10:50.981197,350103.245,6278169.267
PF596,F30N,STHF-67,14267,37,49,2025-10-20 06:10:50.981198,350103.245,6278169.267
PF596,F33,SPZY-41,3466,0,10,2025-10-20 06:10:50.981199,350103.245,6278169.267
PI1001,432N,PFVC-45,19203,36,48,2025-10-20 06:10:52.935546,333650.32,6290250.792
PI1001,348,VHTB-30,226,0,3,2025-10-20 06:10:52.935551,333650.32,6290250.792
PI1001,348,VHSY-40,8329,20,28,2025-10-20 06:10:52.935552,333650.32,6290250.792
PI1001,I07,VHSY-33,640,0,10,2025-10-20 06:10:52.935553,333650.32,6290250.792
PG1593,201E,VFHL-33,1939,0,8,2025-10-20 06:10:54.845683,342045.117,6286363.624
PG1593,201E,VFHJ-59,2818,0,10,2025-10-20 06:10:54.845688,342045.117,6286363.624
PE1504,D26,SPBS-54,1609,0,3,2025-10-20 06:10:56.783474,356627.641,6290673.46
PE1504,D26,SPBG-12,7920,18,26,2025-10-20 06:10:56.783478,356627.641,6290673.46
PF402,F08,SPVV-69,3457,0,10,2025-10-20 06:10:58.847727,354062.53,6283641.112
PF402,F24,SKJP-44,3245,0,8,2025-10-20 06:10:58.847732,354062.53,6283641.112
PF402,F27,SPRY-39,2364,0,8,2025-10-20 06:10:58.847733,354062.53,6283641.112
PF402,F27,SPRY-98,3580,9,15,2025-10-20 06:10:58.847734,354062.53,6283641.112
PF402,F06,SPZY-56,2854,8,14,2025-10-20 06:10:58.847735,354062.53,6283641.112
PF402,F06,SPZY-28,6027,16,22,2025-10-20 06:10:58.847736,354062.53,6283641.112
PF402,F20,SPZX-66,11488,28,38,2025-10-20 06:10:58.847737,354062.53,6283641.112
PD1645,D07C,SVDD-50,11933,45,60,2025-10-20 06:11:00.749344,358138.0,6293917.0
PD948,D07,SVDC-72,3796,8,14,2025-10-20 06:11:02.660346,350134.873,6293775.941
PD948,D07,SVDC-49,7100,25,33,2025-10-20 06:11:02.660351,350134.873,6293775.941
PD948,D13,FLXH-17,4445,13,19,2025-10-20 06:11:02.660353,350134.873,6293775.941
PI830,I03,FLXJ-20,3825,0,10,2025-10-20 06:11:04.506384,340705.147,6295897.87
PI830,I03,FLXF-42,5949,13,19,2025-10-20 06:11:04.506389,340705.147,6295897.87
PE393,E03,FLXK-58,5619,11,17,2025-10-20 06:11:06.142959,355401.72,6288230.658
PB2089,B42,FLXT-14,1,0,3,2025-10-20 06:11:08.056353,337384.0,6311476.0
PB2089,B13,STHR-23,105,0,3,2025-10-20 06:11:08.056358,337384.0,6311476.0
PB2089,B13,STHJ-98,3703,27,37,2025-10-20 06:11:08.056359,337384.0,6311476.0
PE493,E12,VFKT-58,5120,10,16,2025-10-20 06:11:10.018577,348059.652,6289739.516
PE493,E12,VFJT-26,7269,16,22,2025-10-20 06:11:10.018582,348059.652,6289739.516
PE493,E05,BJFW-98,4207,10,16,2025-10-20 06:11:10.018583,348059.652,6289739.516
PG2021,G43,FLXC-92,3250,0,8,2025-10-20 06:11:11.924900,344262.01,6279934.01
PG1628,G02,FLXP-32,3784,9,15,2025-10-20 06:11:13.803182,342000.772,6276524.064
PB304,C18,SHXF-20,4849,9,15,2025-10-20 06:11:15.699755,347224.59,6303903.77
PB304,C18,SHCX-35,12065,27,37,2025-10-20 06:11:15.699771,347224.59,6303903.77
PB304,208,SRTG-95,963,0,3,2025-10-20 06:11:15.699773,347224.59,6303903.77
PB304,208,SRTK-22,3515,10,16,2025-10-20 06:11:15.699774,347224.59,6303903.77
PB1619,B22,SKPR-99,1387,0,3,2025-10-20 06:11:17.634949,346556.821,6305385.389
PB1619,B22,SKPS-48,6110,12,18,2025-10-20 06:11:17.634955,346556.821,6305385.389
PB1619,117,PGLD-73,3325,8,14,2025-10-20 06:11:17.634956,346556.821,6305385.389
PB1619,117,PFYC-45,12524,32,42,2025-10-20 06:11:17.634957,346556.821,6305385.389
PA345,432N,PFVC-45,878,0,3,2025-10-20 06:11:21.084496,346664.27,6298338.37
PA345,I09,RWRP-40,335,0,3,2025-10-20 06:11:21.084502,346664.27,6298338.37
PA345,404,PFYC-69,2558,11,17,2025-10-20 06:11:21.084503,346664.27,6298338.37
PA345,404,PFYC-14,12012,33,43,2025-10-20 06:11:21.084504,346664.27,6298338.37
PA345,106,PFYS-50,5380,11,17,2025-10-20 06:11:21.084505,346664.27,6298338.37
PA345,106,PFVD-36,5647,12,18,2025-10-20 06:11:21.084506,346664.27,6298338.37
PA345,401,PFVK-99,6130,13,19,2025-10-20 06:11:21.084507,346664.27,6298338.37
PA345,401,PFTV-92,14272,31,41,2025-10-20 06:11:21.084508,346664.27,6298338.37
PA345,405,PDZS-75,866,0,3,2025-10-20 06:11:21.084509,346664.27,6298338.37
PA345,405,PDYH-84,2429,0,8,2025-10-20 06:11:21.084510,346664.27,6298338.37
PA345,421,PFVK-49,14117,31,41,2025-10-20 06:11:21.084511,346664.27,6298338.37
PA345,421,PFYG-55,14778,32,42,2025-10-20 06:11:21.084512,346664.27,6298338.37
PD985,D07,SVDC-36,1630,0,10,2025-10-20 06:11:23.030196,356655.791,6294391.998
PD985,D07,SVDF-68,7500,34,46,2025-10-20 06:11:23.030202,356655.791,6294391.998
PD985,D07C,SVDD-50,10139,45,60,2025-10-20 06:11:23.030203,356655.791,6294391.998
PD993,D09,SVDF-40,673,0,3,2025-10-20 06:11:25.316268,357187.637,6294784.628
PB464,303,FLXG-99,6811,17,25,2025-10-20 06:11:27.223023,337706.81,6306301.85
PB464,303,FLXD-84,13372,31,41,2025-10-20 06:11:27.223029,337706.81,6306301.85
PB464,B45,TWPD-79,2731,8,14,2025-10-20 06:11:27.223030,337706.81,6306301.85
PB464,B45,VHSX-67,5954,19,27,2025-10-20 06:11:27.223031,337706.81,6306301.85
PE234,E12,VFKV-37,662,0,3,2025-10-20 06:11:29.211931,349932.245,6287692.513
PE234,E12,VFKT-58,9150,20,28,2025-10-20 06:11:29.211937,349932.245,6287692.513
PE234,226,VFPW-33,2092,0,6,2025-10-20 06:11:29.211938,349932.245,6287692.513
PE234,226,VFPV-83,6724,14,20,2025-10-20 06:11:29.211939,349932.245,6287692.513
PE234,E18,BJFV-33,2029,0,6,2025-10-20 06:11:29.211940,349932.245,6287692.513
PE234,E18,BJFV-84,4852,10,16,2025-10-20 06:11:29.211941,349932.245,6287692.513
PG1358,G11,THTG-88,3970,10,16,2025-10-20 06:11:31.127732,348062.65,6286480.938
PG1358,G11,THTH-70,7219,16,24,2025-10-20 06:11:31.127737,348062.65,6286480.938
PI597,I03,FLXK-62,9756,21,29,2025-10-20 06:11:34.721837,338589.9,6293922.2
PI597,509,FDJX-77,6367,11,17,2025-10-20 06:11:34.721843,338589.9,6293922.2
PI597,509,FLXX-93,11901,27,37,2025-10-20 06:11:34.721853,338589.9,6293922.2
PB309,208,LZPR-86,462,0,3,2025-10-20 06:11:38.660427,347184.76,6302273.89
PB309,208,SRTG-95,2159,0,8,2025-10-20 06:11:38.660433,347184.76,6302273.89
PJ461,505,VHXJ-50,4870,10,16,2025-10-20 06:11:40.573098,341369.23,6300934.67
PJ461,505,LXWS-34,8051,20,28,2025-10-20 06:11:40.573103,341369.23,6300934.67
PJ461,513,VJBC-10,9510,20,28,2025-10-20 06:11:40.573105,341369.23,6300934.67
PJ461,513,VHZY-31,13147,28,38,2025-10-20 06:11:40.573105,341369.23,6300934.67
PI1320,113,FLXZ-58,2184,0,6,2025-10-20 06:11:42.431384,342663.812,6293959.329
PI1320,113,FLXW-82,4475,0,10,2025-10-20 06:11:42.431389,342663.812,6293959.329
PI1320,115,TBFT-58,3891,0,10,2025-10-20 06:11:42.431391,342663.812,6293959.329
PI1320,115,GCBC-61,11045,21,29,2025-10-20 06:11:42.431392,342663.812,6293959.329
PI1417,I22,FLXY-14,57,0,3,2025-10-20 06:11:47.844655,336239.92,6293127.181
PH89,H12,FLXD-67,688,0,3,2025-10-20 06:11:49.884764,343313.254,6292647.214
PH89,105,SHXC-20,2900,0,10,2025-10-20 06:11:49.884769,343313.254,6292647.214
PH89,105,SJPC-68,4155,12,18,2025-10-20 06:11:49.884770,343313.254,6292647.214
PH89,105C,LXDJ-29,1958,0,8,2025-10-20 06:11:49.884771,343313.254,6292647.214
PH89,105C,LXDH-93,5156,14,20,2025-10-20 06:11:49.884772,343313.254,6292647.214
PH89,120,SKHF-87,2655,0,10,2025-10-20 06:11:49.884772,343313.254,6292647.214
PH89,120,STHD-65,6224,16,22,2025-10-20 06:11:49.884773,343313.254,6292647.214
PH89,125,FLXG-63,2882,8,14,2025-10-20 06:11:49.884774,343313.254,6292647.214
PH89,125,FLXF-97,4795,15,21,2025-10-20 06:11:49.884775,343313.254,6292647.214
PI1172,385,FLXL-55,1079,0,3,2025-10-20 06:11:53.715867,343468.127,6295516.394
PI1172,385,FLXF-76,4248,10,16,2025-10-20 06:11:53.715872,343468.127,6295516.394
PI1172,I16,FLXF-80,969,0,3,2025-10-20 06:11:53.715874,343468.127,6295516.394
PG785,G07,THTF-54,107,0,3,2025-10-20 06:11:55.590794,345520.484,6283008.904
PF274,F14,SPRY-59,3343,7,13,2025-10-20 06:11:57.507950,353995.239,6283421.223
PF274,F14,SPRW-68,4916,15,21,2025-10-20 06:11:57.507955,353995.239,6283421.223
PF274,F05,SPZX-95,1,0,3,2025-10-20 06:11:57.507956,353995.239,6283421.223
PF274,F05,SPZY-60,3369,8,14,2025-10-20 06:11:57.507957,353995.239,6283421.223
PD255,D03C,SVDD-43,11856,45,60,2025-10-20 06:11:59.165375,356250.361,6296577.862
PD255,225,SFWB-35,2126,0,3,2025-10-20 06:11:59.165381,356250.361,6296577.862
PD255,225,SFWZ-56,6187,10,16,2025-10-20 06:11:59.165382,356250.361,6296577.862
PC681,414E,PGRZ-67,9436,25,33,2025-10-20 06:12:01.113361,355744.966,6305071.787
PC681,414E,LXWP-80,20598,45,60,2025-10-20 06:12:01.113365,355744.966,6305071.787
PC681,C03,LWTK-60,2309,0,8,2025-10-20 06:12:01.113367,355744.966,6305071.787
PH1475,214,GCBB-75,657,0,3,2025-10-20 06:12:03.098088,344127.252,6289874.719
PH1475,329,FLXR-33,583,0,3,2025-10-20 06:12:03.098094,344127.252,6289874.719
PH1475,329,FLXR-39,843,0,3,2025-10-20 06:12:03.098095,344127.252,6289874.719
PG978,G08V,FLXV-20,2080,0,6,2025-10-20 06:12:05.019386,341710.611,6280042.569
PG978,G08V,FLXV-25,4740,10,16,2025-10-20 06:12:05.019391,341710.611,6280042.569
PG978,G08,THTF-58,1,0,6,2025-10-20 06:12:05.019392,341710.611,6280042.569
PG978,G08,THTF-66,6322,17,25,2025-10-20 06:12:05.019393,341710.611,6280042.569
PI1571,I12,FLXY-35,9353,31,41,2025-10-20 06:12:06.920927,333598.863,6293611.908
PI1571,I12,FLXY-33,14123,45,60,2025-10-20 06:12:06.920932,333598.863,6293611.908
PJ1968,J22,TBFW-23,13702,37,49,2025-10-20 06:12:08.892955,327115.39,6295730.91
PG1603,G14,FLXX-22,6767,12,18,2025-10-20 06:12:14.627248,344612.401,6277041.147
PG1603,G14,CJRP-12,12038,26,36,2025-10-20 06:12:14.627253,344612.401,6277041.147
PG1603,G24,FLXX-21,297,0,3,2025-10-20 06:12:14.627254,344612.401,6277041.147
PG1603,G24,GCWF-72,6363,12,18,2025-10-20 06:12:14.627255,344612.401,6277041.147
PA661,I01,FLXL-32,481,0,3,2025-10-20 06:12:16.490238,345021.882,6294753.282
PA661,I01,FLXJ-28,4658,10,16,2025-10-20 06:12:16.490244,345021.882,6294753.282
PB1523,B03,LXDH-96,1236,0,6,2025-10-20 06:12:18.403034,339503.797,6301723.483
PB1523,B03,SPZX-34,3337,13,19,2025-10-20 06:12:18.403040,339503.797,6301723.483
PC941,C28,SKPJ-89,1127,0,3,2025-10-20 06:12:19.947640,356716.0,6308020.0
PH603,348,VHTB-74,3235,0,10,2025-10-20 06:12:21.607672,342374.142,6291177.937
PH603,348,VHSY-45,10994,27,37,2025-10-20 06:12:21.607678,342374.142,6291177.937
PD206,210,LZRD-94,1,0,3,2025-10-20 06:12:23.754123,348638.62,6296601.46
PD206,210,RWTP-92,1331,0,3,2025-10-20 06:12:23.754128,348638.62,6296601.46
PD206,210V,VFHK-96,6164,15,21,2025-10-20 06:12:23.754130,348638.62,6296601.46
PD206,210V,VGBV-36,9171,22,30,2025-10-20 06:12:23.754131,348638.62,6296601.46
PD206,227,VFPL-57,4199,9,15,2025-10-20 06:12:23.754132,348638.62,6296601.46
PD206,227,VFPS-69,9441,21,29,2025-10-20 06:12:23.754132,348638.62,6296601.46
PD206,F30N,LCTG-45,2732,0,6,2025-10-20 06:12:23.754133,348638.62,6296601.46
PD206,213E,SRVK-42,734,0,3,2025-10-20 06:12:23.754134,348638.62,6296601.46
PD206,213E,LCTG-34,3514,0,8,2025-10-20 06:12:23.754135,348638.62,6296601.46
PG1609,227,VFPJ-53,1612,0,6,2025-10-20 06:12:25.640143,347715.444,6289643.744
PG1609,227,VFPS-87,9160,21,29,2025-10-20 06:12:25.640148,347715.444,6289643.744
PE422,E03,BJFT-81,1298,0,6,2025-10-20 06:12:29.359472,352371.171,6289646.115
PE422,E03,FLXK-75,4816,13,19,2025-10-20 06:12:29.359478,352371.171,6289646.115
PE422,E04,VKJZ-40,3915,11,17,2025-10-20 06:12:29.359479,352371.171,6289646.115
PE422,E04,VKJZ-26,5628,15,21,2025-10-20 06:12:29.359480,352371.171,6289646.115
PB665,408,LXWR-71,5418,12,18,2025-10-20 06:12:30.732360,339181.26,6301929.65
PB665,410,LFGJ-94,8854,17,23,2025-10-20 06:12:30.732365,339181.26,6301929.65
PE252,E01,VKJZ-84,417,0,3,2025-10-20 06:12:32.597205,351329.546,6286159.849
PE252,226,VFPJ-28,3000,0,10,2025-10-20 06:12:32.597210,351329.546,6286159.849
PE252,226,VFPX-93,6348,16,22,2025-10-20 06:12:32.597211,351329.546,6286159.849
PJ1641,J07,VHZZ-90,16534,27,37,2025-10-20 06:12:34.519375,326724.172,6304383.478
PJ1641,J07,VHZZ-20,21439,38,50,2025-10-20 06:12:34.519381,326724.172,6304383.478
PJ716,505,VHXJ-50,13323,27,37,2025-10-20 06:12:36.431007,336480.773,6300593.929
PJ716,505,LXWS-34,16394,36,48,2025-10-20 06:12:36.431012,336480.773,6300593.929
PB1150,B11,SKDJ-14,4148,19,27,2025-10-20 06:12:38.312244,345901.109,6304010.381
PB483,110C,HYKK-32,6448,17,25,2025-10-20 06:12:39.995272,336273.778,6304433.577
PB483,110C,TBFS-61,10381,34,44,2025-10-20 06:12:39.995278,336273.778,6304433.577
PB483,428,SJPD-56,9584,18,26,2025-10-20 06:12:39.995279,336273.778,6304433.577
PB483,428,SKPJ-43,11643,24,32,2025-10-20 06:12:39.995280,336273.778,6304433.577
PB483,428E,SLPB-44,3120,0,3,2025-10-20 06:12:39.995280,336273.778,6304433.577
PB483,428E,SHXG-35,8763,0,3,2025-10-20 06:12:39.995281,336273.778,6304433.577
PI152,I24,VHSX-76,8820,20,28,2025-10-20 06:12:42.087370,335266.67,6290872.65
PI152,348,VHSY-40,4814,9,15,2025-10-20 06:12:42.087375,335266.67,6290872.65
PI152,348,VHTB-33,14350,34,44,2025-10-20 06:12:42.087376,335266.67,6290872.65
PI152,I18,VFZK-51,186,0,3,2025-10-20 06:12:42.087377,335266.67,6290872.65
PI152,I18,VHSY-25,6979,19,27,2025-10-20 06:12:42.087378,335266.67,6290872.65
PI152,109,FLXG-28,14352,27,37,2025-10-20 06:12:42.087379,335266.67,6290872.65
PI152,109,FLXS-80,14532,28,38,2025-10-20 06:12:42.087379,335266.67,6290872.65
PI152,108,PFVC-60,7264,15,21,2025-10-20 06:12:42.087380,335266.67,6290872.65
PI152,108,PFVG-59,12323,25,33,2025-10-20 06:12:42.087381,335266.67,6290872.65
PI152,I03,FLXL-48,1258,0,6,2025-10-20 06:12:42.087382,335266.67,6290872.65
PI152,I03,FLXL-20,5541,12,18,2025-10-20 06:12:42.087383,335266.67,6290872.65
PI152,I05,VHSY-20,4760,8,14,2025-10-20 06:12:42.087383,335266.67,6290872.65
PI152,I05,VHSY-28,7731,15,21,2025-10-20 06:12:42.087384,335266.67,6290872.65
PI152,I09,GCBF-40,5490,9,15,2025-10-20 06:12:42.087385,335266.67,6290872.65
PI152,I09,RWRP-57,5560,9,15,2025-10-20 06:12:42.087386,335266.67,6290872.65
PI152,I11,FLXZ-37,390,0,3,2025-10-20 06:12:42.087386,335266.67,6290872.65
PI152,I11,FLXZ-23,11049,29,39,2025-10-20 06:12:42.087387,335266.67,6290872.65
PI152,118,BJFH-26,5939,13,19,2025-10-20 06:12:42.087388,335266.67,6290872.65
PI152,118,BJFD-43,10160,21,29,2025-10-20 06:12:42.087389,335266.67,6290872.65
PF1175,F24,SPRY-38,4214,8,14,2025-10-20 06:12:44.221799,352038.0,6281310.0
PF1175,F24,SPRW-86,9871,22,30,2025-10-20 06:12:44.221804,352038.0,6281310.0
PF1175,204,VFPH-98,2102,0,8,2025-10-20 06:12:44.221805,352038.0,6281310.0
PF1175,204,VFPZ-27,4056,9,15,2025-10-20 06:12:44.221806,352038.0,6281310.0
PD1173,D14,PGBY-38,459,0,3,2025-10-20 06:12:46.150972,352330.579,6293667.54
PD1173,D16,SPBS-66,2852,0,8,2025-10-20 06:12:46.150978,352330.579,6293667.54
PG2051,G16,SFPF-77,2335,0,8,2025-10-20 06:12:48.099391,344250.0,6282975.0
PG2051,G07,THTF-54,1360,0,8,2025-10-20 06:12:48.099397,344250.0,6282975.0
PJ1000,J16,FLXD-38,704,0,3,2025-10-20 06:12:50.017930,340593.428,6301753.039
PG381,301,BJFT-55,573,0,3,2025-10-20 06:12:51.945740,344791.857,6284650.608
PG381,301,BJFW-84,1068,0,3,2025-10-20 06:12:51.945754,344791.857,6284650.608
PG381,301C,CJRB-46,898,0,3,2025-10-20 06:12:51.945755,344791.857,6284650.608
PJ434,J03,FLXD-57,11144,23,31,2025-10-20 06:12:54.131711,336581.272,6301081.125
PJ434,J03,FLXD-51,12532,28,38,2025-10-20 06:12:54.131717,336581.272,6301081.125
PJ479,511,TBFT-98,1596,0,6,2025-10-20 06:12:56.176880,337149.822,6300333.912
PJ479,J15C,TBFT-59,814,0,3,2025-10-20 06:12:56.176884,337149.822,6300333.912
PJ479,412,PFTW-20,1,0,3,2025-10-20 06:12:56.176886,337149.822,6300333.912
PJ479,412,PFVG-95,14712,35,47,2025-10-20 06:12:56.176886,337149.822,6300333.912
PJ479,505,VHXJ-50,14126,29,39,2025-10-20 06:12:56.176887,337149.822,6300333.912
PJ479,505,LXWS-34,17479,39,51,2025-10-20 06:12:56.176888,337149.822,6300333.912
PJ479,408,LXWS-38,3661,0,10,2025-10-20 06:12:56.176889,337149.822,6300333.912
PJ479,408,LXWR-71,10008,22,30,2025-10-20 06:12:56.176890,337149.822,6300333.912
PJ479,513,VJBC-10,14946,30,40,2025-10-20 06:12:56.176890,337149.822,6300333.912
PJ479,513,VHZY-31,18819,45,60,2025-10-20 06:12:56.176891,337149.822,6300333.912
PJ479,508,PFXB-39,12024,25,33,2025-10-20 06:12:56.176892,337149.822,6300333.912
PJ479,508,BJFF-47,15551,33,43,2025-10-20 06:12:56.176893,337149.822,6300333.912
PD713,D15,SVDC-28,1105,0,3,2025-10-20 06:12:58.097066,355236.523,6298221.688
PD713,D15,SVDC-39,6350,15,21,2025-10-20 06:12:58.097071,355236.523,6298221.688
PC789,C17,SHCV-71,5495,14,20,2025-10-20 06:13:00.075173,357048.828,6308266.292
PC789,C28,SKPJ-82,6197,14,20,2025-10-20 06:13:00.075188,357048.828,6308266.292
PC789,C28,SKPJ-86,10724,22,30,2025-10-20 06:13:00.075189,357048.828,6308266.292
PH123,223,SFGY-24,734,0,3,2025-10-20 06:13:02.069512,346003.71,6290460.51
PH123,223,SHCX-22,3835,9,15,2025-10-20 06:13:02.069517,346003.71,6290460.51
PH123,201,GCBB-31,6691,14,20,2025-10-20 06:13:02.069518,346003.71,6290460.51
PH123,201,GCBB-54,8940,20,28,2025-10-20 06:13:02.069519,346003.71,6290460.51
PH123,229,SFWZ-59,4318,9,15,2025-10-20 06:13:02.069520,346003.71,6290460.51
PH123,229,SFWZ-65,6804,17,23,2025-10-20 06:13:02.069521,346003.71,6290460.51
PH123,271,TBYY-62,5839,11,17,2025-10-20 06:13:02.069522,346003.71,6290460.51
PH123,271,TBYY-65,9413,24,32,2025-10-20 06:13:02.069523,346003.71,6290460.51
PH123,301,FLXT-31,789,0,3,2025-10-20 06:13:02.069524,346003.71,6290460.51
PH123,301,BJFW-88,2593,0,8,2025-10-20 06:13:02.069525,346003.71,6290460.51
PD43,114,SKWD-38,1799,0,6,2025-10-20 06:13:04.838518,350751.654,6294968.717
PD43,114,SKWD-77,5365,12,18,2025-10-20 06:13:04.838524,350751.654,6294968.717
PD43,103,SPBF-31,7,0,3,2025-10-20 06:13:04.838525,350751.654,6294968.717
PD43,103,SPBG-34,7119,16,22,2025-10-20 06:13:04.838526,350751.654,6294968.717
PD43,117,SPBL-64,2492,28,38,2025-10-20 06:13:04.838527,350751.654,6294968.717
PD43,117,SPBS-58,5426,45,60,2025-10-20 06:13:04.838528,350751.654,6294968.717
PI576,423,PGPT-45,704,0,3,2025-10-20 06:13:06.754798,338020.223,6292458.588
PI576,423,PFYT-22,3176,10,16,2025-10-20 06:13:06.754803,338020.223,6292458.588
PI576,I10,FLXJ-23,182,0,3,2025-10-20 06:13:06.754804,338020.223,6292458.588
PI576,I10,FLXL-39,3519,9,15,2025-10-20 06:13:06.754805,338020.223,6292458.588
PI576,509,FLXX-92,2233,0,8,2025-10-20 06:13:06.754806,338020.223,6292458.588
PI576,509,FLXD-60,4862,12,18,2025-10-20 06:13:06.754807,338020.223,6292458.588
PC548,C06,SGPW-38,2714,0,8,2025-10-20 06:13:08.666988,355158.969,6301343.747
PC548,517,VHZX-30,731,0,3,2025-10-20 06:13:08.666993,355158.969,6301343.747
PC548,517,VJBC-70,8101,16,22,2025-10-20 06:13:08.666994,355158.969,6301343.747
PB1266,B14,HPFL-22,542,0,3,2025-10-20 06:13:10.259232,347606.129,6302470.562
PB1266,B14,FLXT-51,4957,14,20,2025-10-20 06:13:10.259237,347606.129,6302470.562
PB310,208,LZPR-86,229,0,3,2025-10-20 06:13:11.841116,347180.74,6301991.24
PB310,208,SRTG-95,1954,0,8,2025-10-20 06:13:11.841121,347180.74,6301991.24
PF375,F07,SPRY-91,1457,0,3,2025-10-20 06:13:13.788772,352836.588,6282331.68
PF375,F07,SPRY-86,4735,8,14,2025-10-20 06:13:13.788777,352836.588,6282331.68
PG1244,G15,THTD-76,1042,0,3,2025-10-20 06:13:15.671915,347295.257,6284966.545
PG1244,G15,THTG-52,4322,9,15,2025-10-20 06:13:15.671920,347295.257,6284966.545
PG2064,G39,FLXK-21,2595,0,8,2025-10-20 06:13:17.530210,341510.0,6283542.0
PG2064,G39,SDSW-59,8223,19,27,2025-10-20 06:13:17.530215,341510.0,6283542.0
PD716,D15,SVDC-28,1680,0,6,2025-10-20 06:13:19.317347,355975.721,6298412.859
PD716,D15,SVDC-39,7055,16,22,2025-10-20 06:13:19.317354,355975.721,6298412.859
PB1613,B15,SPCG-62,7686,16,22,2025-10-20 06:13:20.783002,347021.989,6303582.393
PB1613,B15,SPCG-43,13920,31,41,2025-10-20 06:13:20.783007,347021.989,6303582.393
PB1613,B22,SKPS-34,1,0,3,2025-10-20 06:13:20.783008,347021.989,6303582.393
PB1613,B22,SKPS-10,5337,17,25,2025-10-20 06:13:20.783009,347021.989,6303582.393
PH1540,385,FLXL-75,5819,13,19,2025-10-20 06:13:22.679722,349175.211,6292536.743
PH1540,385,FLXK-68,6335,15,21,2025-10-20 06:13:22.679727,349175.211,6292536.743
PD576,505,VHZZ-11,1112,0,3,2025-10-20 06:13:24.412185,354328.999,6295410.076
PD576,505,LXWS-39,3626,10,16,2025-10-20 06:13:24.412191,354328.999,6295410.076
PD576,506,TBFS-46,775,0,3,2025-10-20 06:13:24.412192,354328.999,6295410.076
PD576,506,GCBD-41,3009,0,10,2025-10-20 06:13:24.412193,354328.999,6295410.076
PD576,506V,FLXV-67,1104,0,3,2025-10-20 06:13:24.412195,354328.999,6295410.076
PD576,506V,GCBC-55,3174,0,10,2025-10-20 06:13:24.412195,354328.999,6295410.076
PD576,507,TBFW-44,2259,0,8,2025-10-20 06:13:24.412196,354328.999,6295410.076
PD576,507,GCBC-50,4086,14,20,2025-10-20 06:13:24.412197,354328.999,6295410.076
PD576,507C,TBFW-62,272,0,3,2025-10-20 06:13:24.412199,354328.999,6295410.076
PD576,507C,TBFT-42,1087,0,3,2025-10-20 06:13:24.412200,354328.999,6295410.076
PD576,510,GCBD-62,4589,15,21,2025-10-20 06:13:24.412201,354328.999,6295410.076
PD576,510,TBFS-23,4927,18,26,2025-10-20 06:13:24.412202,354328.999,6295410.076
PD576,516,PFXB-99,1839,0,6,2025-10-20 06:13:24.412203,354328.999,6295410.076
PD576,516,TBFR-23,3755,9,15,2025-10-20 06:13:24.412204,354328.999,6295410.076
PD576,519,RKXL-25,1045,0,3,2025-10-20 06:13:24.412205,354328.999,6295410.076
PD576,519,TBFT-81,3628,9,15,2025-10-20 06:13:24.412206,354328.999,6295410.076
PG477,E05,BJFV-85,3289,0,10,2025-10-20 06:13:26.297182,347669.239,6288770.777
PG477,G01,THTD-22,4683,10,16,2025-10-20 06:13:26.297187,347669.239,6288770.777
PG477,G01,THTF-26,5073,11,17,2025-10-20 06:13:26.297188,347669.239,6288770.777
PG477,G01C,THTF-79,2007,0,8,2025-10-20 06:13:26.297189,347669.239,6288770.777
PG477,G01C,THTD-79,2020,0,8,2025-10-20 06:13:26.297190,347669.239,6288770.777
PE1352,204,VFPV-73,23,0,3,2025-10-20 06:13:28.258777,350500.57,6289059.33
PE1352,204,VFPH-21,5417,12,18,2025-10-20 06:13:28.258783,350500.57,6289059.33
PE1352,E10,BJFV-11,2178,0,8,2025-10-20 06:13:28.258784,350500.57,6289059.33
PE1352,E10,BJFZ-33,9429,25,35,2025-10-20 06:13:28.258785,350500.57,6289059.33
PD369,420,SVDD-75,4535,11,17,2025-10-20 06:13:29.911692,355634.798,6295413.667
PD369,420,SPZK-84,14369,45,60,2025-10-20 06:13:29.911698,355634.798,6295413.667
PD369,418,PFVG-99,10332,31,41,2025-10-20 06:13:29.911700,355634.798,6295413.667
PD369,418,SJPD-71,16089,45,60,2025-10-20 06:13:29.911701,355634.798,6295413.667
PD369,425,SHXG-96,7514,15,21,2025-10-20 06:13:29.911702,355634.798,6295413.667
PD369,425,SHXG-40,15928,37,49,2025-10-20 06:13:29.911702,355634.798,6295413.667
PD369,429,SLGT-36,8908,32,42,2025-10-20 06:13:29.911704,355634.798,6295413.667
PD369,429,SLLZ-36,10284,38,50,2025-10-20 06:13:29.911704,355634.798,6295413.667
PD369,510,GCBD-62,3079,12,18,2025-10-20 06:13:29.911705,355634.798,6295413.667
PD369,510,TBFS-23,3419,14,20,2025-10-20 06:13:29.911706,355634.798,6295413.667
PB778,B02,FLXR-92,14379,45,60,2025-10-20 06:13:31.566175,347515.799,6306194.902
PB778,B02,FLXR-83,16494,45,60,2025-10-20 06:13:31.566180,347515.799,6306194.902
PB778,B02N,FLXR-89,4788,13,19,2025-10-20 06:13:31.566182,347515.799,6306194.902
PB1440,B22,SKPS-10,5086,14,20,2025-10-20 06:13:33.258996,347214.237,6303833.252
PB1440,B22,SKPS-47,9478,24,32,2025-10-20 06:13:33.259000,347214.237,6303833.252
PJ211,418,SHCY-22,371,0,3,2025-10-20 06:13:36.691664,337515.777,6297355.443
PJ211,418,SKPK-34,4634,17,23,2025-10-20 06:13:36.691669,337515.777,6297355.443
PJ211,514,GCBF-11,2879,7,13,2025-10-20 06:13:36.691670,337515.777,6297355.443
PJ211,514,FLXW-16,5016,15,21,2025-10-20 06:13:36.691671,337515.777,6297355.443
PB116,425,SJPC-46,4299,0,10,2025-10-20 06:13:38.643037,348914.472,6303857.279
PB116,425,SJPB-34,6044,11,17,2025-10-20 06:13:38.643042,348914.472,6303857.279
PB116,429,SJPF-92,3649,7,13,2025-10-20 06:13:38.643043,348914.472,6303857.279
PB116,429,SJPF-97,11092,24,32,2025-10-20 06:13:38.643044,348914.472,6303857.279
PB116,722,STHF-70,7253,12,18,2025-10-20 06:13:38.643045,348914.472,6303857.279
PB116,722,STHR-18,12893,23,31,2025-10-20 06:13:38.643045,348914.472,6303857.279
PA696,B26,FLXS-51,1819,0,8,2025-10-20 06:13:40.536184,343792.41,6299331.69
PH266,302,BJFX-46,1225,0,3,2025-10-20 06:13:42.433412,345445.27,6292646.02
PH266,302,BJFT-11,5993,11,17,2025-10-20 06:13:42.433417,345445.27,6292646.02
PI309,111,FLXX-67,3790,0,10,2025-10-20 06:13:44.386053,334004.863,6285199.223
PI309,111,FLXX-63,12394,30,40,2025-10-20 06:13:44.386059,334004.863,6285199.223
PI309,I11,FLXZ-19,3196,0,10,2025-10-20 06:13:44.386060,334004.863,6285199.223
PI309,I11,RWRP-49,9206,22,30,2025-10-20 06:13:44.386061,334004.863,6285199.223
PF509,712,SJPC-75,1976,0,6,2025-10-20 06:13:46.020228,354450.307,6279374.463
PF509,712,LBTS-88,3072,0,10,2025-10-20 06:13:46.020233,354450.307,6279374.463
PH442,H05,VFHK-89,59,0,3,2025-10-20 06:13:47.990610,347008.892,6292184.36
PH442,H24,VGRC-23,56,0,3,2025-10-20 06:13:47.990615,347008.892,6292184.36
PH442,H24,VGRC-53,4263,9,15,2025-10-20 06:13:47.990617,347008.892,6292184.36
PC8,117,PFYC-21,265,0,3,2025-10-20 06:13:51.815019,350564.544,6298987.936
PC8,117,PGLD-54,9075,21,29,2025-10-20 06:13:51.815023,350564.544,6298987.936
PI151,108,PFVC-60,6540,14,20,2025-10-20 06:13:54.094624,335594.41,6290885.39
PI151,108,PFVG-59,11656,24,32,2025-10-20 06:13:54.094629,335594.41,6290885.39
PI151,I24,VHSX-76,7933,16,22,2025-10-20 06:13:54.094630,335594.41,6290885.39
PI151,348,VHSY-40,3333,0,10,2025-10-20 06:13:54.094631,335594.41,6290885.39
PI151,348,VHTB-33,13431,31,41,2025-10-20 06:13:54.094631,335594.41,6290885.39
PI151,I09,GCBF-40,4499,8,14,2025-10-20 06:13:54.094632,335594.41,6290885.39
PI151,I09,RWRP-57,4520,8,14,2025-10-20 06:13:54.094633,335594.41,6290885.39
PI151,118,BJFH-26,5154,10,16,2025-10-20 06:13:54.094634,335594.41,6290885.39
PI151,118,BJFD-43,9330,18,26,2025-10-20 06:13:54.094635,335594.41,6290885.39
PI151,I03,FLXL-48,656,0,3,2025-10-20 06:13:54.094635,335594.41,6290885.39
PI151,I03,FLXL-20,4670,9,15,2025-10-20 06:13:54.094636,335594.41,6290885.39
PI151,I05,VHSY-20,4035,0,10,2025-10-20 06:13:54.094637,335594.41,6290885.39
PI151,I05,VHSY-28,7119,13,19,2025-10-20 06:13:54.094638,335594.41,6290885.39
PI151,I11,FLXZ-23,10346,26,36,2025-10-20 06:13:54.094638,335594.41,6290885.39
PI151,I11,VHTB-35,11954,32,42,2025-10-20 06:13:54.094639,335594.41,6290885.39
PI151,I18,VHSY-25,6198,13,19,2025-10-20 06:13:54.094640,335594.41,6290885.39
PI151,109,FLXS-80,13836,25,33,2025-10-20 06:13:54.094641,335594.41,6290885.39
PI151,109,FLXG-28,13906,26,34,2025-10-20 06:13:54.094641,335594.41,6290885.39
PB2128,105,SJPD-91,1518,0,6,2025-10-20 06:13:56.016883,335955.0,6303010.0
PB1124,B10,STHK-27,1585,0,6,2025-10-20 06:13:57.916314,344717.239,6302689.512
PJ13,107,PGBY-46,492,0,3,2025-10-20 06:14:00.065020,341290.383,6298481.908
PJ13,107,PGRZ-91,613,0,3,2025-10-20 06:14:00.065025,341290.383,6298481.908
PJ13,101,PGPT-42,2672,0,8,2025-10-20 06:14:00.065026,341290.383,6298481.908
PJ13,101,PFVG-45,9453,23,31,2025-10-20 06:14:00.065027,341290.383,6298481.908
PJ13,J06,FLXT-95,428,0,3,2025-10-20 06:14:00.065028,341290.383,6298481.908
PE1368,F25,SRVJ-43,3590,7,13,2025-10-20 06:14:02.127916,352327.295,6287754.82
PE1368,F25,SRVJ-64,9428,23,31,2025-10-20 06:14:02.127924,352327.295,6287754.82
PJ607,J01,FLXH-77,824,0,3,2025-10-20 06:14:04.992610,340334.719,6301005.317
PJ607,J01,FLXD-32,5492,14,20,2025-10-20 06:14:04.992615,340334.719,6301005.317
PG2105,G02,FZZF-83,533,0,3,2025-10-20 06:14:08.028437,345858.0,6275303.0
PG2105,G02,FLXP-33,5661,11,17,2025-10-20 06:14:08.028442,345858.0,6275303.0
PG2105,G14,FLXP-22,291,0,3,2025-10-20 06:14:08.028443,345858.0,6275303.0
PG2105,G14,FLXX-22,8434,17,23,2025-10-20 06:14:08.028444,345858.0,6275303.0
PG2105,G24,FLXX-21,1672,0,6,2025-10-20 06:14:08.028445,345858.0,6275303.0
PG2105,G24,GCWF-72,8087,17,23,2025-10-20 06:14:08.028445,345858.0,6275303.0
PD227,D18,SVDF-21,5252,10,16,2025-10-20 06:14:12.522690,353837.685,6298398.162
PD227,D18,SVDF-47,9540,22,30,2025-10-20 06:14:12.522695,353837.685,6298398.162
PD227,216,LZPR-82,1536,0,3,2025-10-20 06:14:12.522696,353837.685,6298398.162
PD227,216,SRTK-35,5964,11,17,2025-10-20 06:14:12.522697,353837.685,6298398.162
PD227,286,SFPG-48,4856,8,14,2025-10-20 06:14:12.522697,353837.685,6298398.162
PD227,712,SJPF-90,7450,12,18,2025-10-20 06:14:12.522698,353837.685,6298398.162
PH320,119,CJRX-41,269,0,3,2025-10-20 06:14:14.208291,343496.91,6289704.72
PH320,329,FLXR-41,991,0,3,2025-10-20 06:14:14.208296,343496.91,6289704.72
PH320,329,CJRW-83,5397,11,17,2025-10-20 06:14:14.208297,343496.91,6289704.72
PH320,I05,VHTB-76,1276,0,3,2025-10-20 06:14:14.208298,343496.91,6289704.72
PH320,I05,VHTB-21,2410,0,8,2025-10-20 06:14:14.208298,343496.91,6289704.72
PJ1568,J07,VHZZ-90,10166,16,22,2025-10-20 06:14:16.009752,331767.896,6304607.454
PJ1568,J07,VHZZ-20,15445,28,38,2025-10-20 06:14:16.009757,331767.896,6304607.454
PG1972,G16,SFPG-41,63,0,3,2025-10-20 06:14:17.890501,348243.0,6281843.0
PG1972,G16,SFPF-77,6672,16,22,2025-10-20 06:14:17.890507,348243.0,6281843.0
PJ1582,107,PGBY-46,1076,0,3,2025-10-20 06:14:19.901917,341312.727,6297772.736
PJ1582,107,PGRZ-91,1175,0,3,2025-10-20 06:14:19.901922,341312.727,6297772.736
PJ1582,101,PGPT-42,3429,0,10,2025-10-20 06:14:19.901923,341312.727,6297772.736
PJ1582,101,PFVG-45,10218,24,32,2025-10-20 06:14:19.901924,341312.727,6297772.736
PJ1582,514,FLXH-85,12032,29,39,2025-10-20 06:14:19.901925,341312.727,6297772.736
PJ1582,514,FLXJ-43,14237,35,47,2025-10-20 06:14:19.901926,341312.727,6297772.736
PI1619,108,PFVG-59,4475,7,13,2025-10-20 06:14:24.403264,341613.188,6292633.414
PI1619,108,PFYR-83,10283,22,30,2025-10-20 06:14:24.403269,341613.188,6292633.414
PI1619,115C,PFXB-92,4833,14,20,2025-10-20 06:14:24.403270,341613.188,6292633.414
PI1619,115C,FLXV-76,11765,28,38,2025-10-20 06:14:24.403271,341613.188,6292633.414
PI1619,109,FLXG-28,6618,12,18,2025-10-20 06:14:24.403272,341613.188,6292633.414
PI1619,109,FLXS-80,6645,12,18,2025-10-20 06:14:24.403273,341613.188,6292633.414
PF571,F12,SRVJ-39,5030,12,18,2025-10-20 06:14:26.308348,351989.757,6278352.282
PF571,124,TXZH-40,8463,22,30,2025-10-20 06:14:26.308353,351989.757,6278352.282
PH609,H08,CJRX-63,629,0,3,2025-10-20 06:14:28.203629,342383.412,6291224.683
PH609,H08,CJRX-48,1546,0,6,2025-10-20 06:14:28.203634,342383.412,6291224.683
PH609,H12,CJRW-55,3947,8,14,2025-10-20 06:14:28.203636,342383.412,6291224.683
PH609,348,VHTB-33,3237,7,13,2025-10-20 06:14:28.203637,342383.412,6291224.683
PC110,C07,LDTC-10,1662,0,3,2025-10-20 06:14:30.105877,354574.748,6300276.111
PC110,C07,SGPY-86,5078,9,15,2025-10-20 06:14:30.105882,354574.748,6300276.111
PC110,216,SRTK-35,2931,0,8,2025-10-20 06:14:30.105883,354574.748,6300276.111
PB331,B22,SKPR-99,1971,0,6,2025-10-20 06:14:32.096076,347255.586,6304396.676
PB331,B22,SKPS-48,6598,14,20,2025-10-20 06:14:32.096080,347255.586,6304396.676
PB331,203,LXWT-94,15419,38,50,2025-10-20 06:14:32.096081,347255.586,6304396.676
PB331,203,LZPT-67,15556,39,51,2025-10-20 06:14:32.096082,347255.586,6304396.676
PB331,203N,SFWZ-50,3324,16,22,2025-10-20 06:14:32.096083,347255.586,6304396.676
PB331,203N,SFWZ-48,3719,18,26,2025-10-20 06:14:32.096084,347255.586,6304396.676
PB331,208,GCBF-49,1471,8,14,2025-10-20 06:14:32.096085,347255.586,6304396.676
PB331,208,LZPS-25,5319,26,36,2025-10-20 06:14:32.096085,347255.586,6304396.676
PB331,208C,SFWZ-33,1805,0,6,2025-10-20 06:14:32.096086,347255.586,6304396.676
PB331,208C,SFWZ-83,3136,7,13,2025-10-20 06:14:32.096087,347255.586,6304396.676
PG1192,G13,SHXB-22,1,0,3,2025-10-20 06:14:34.018043,345742.464,6286768.334
PG1192,G13,SCRZ-11,789,0,3,2025-10-20 06:14:34.018048,345742.464,6286768.334
PC648,C03,SKPJ-41,5822,12,18,2025-10-20 06:14:35.874611,352930.221,6304053.22
PC648,C03,SKDH-85,7636,16,22,2025-10-20 06:14:35.874616,352930.221,6304053.22
PD765,D02,SPBS-67,2909,0,10,2025-10-20 06:14:37.802302,351901.61,6296665.746
PD765,D02,SVDC-37,8591,21,29,2025-10-20 06:14:37.802307,351901.61,6296665.746
PG626,302,CJRC-56,156,0,3,2025-10-20 06:14:39.826900,346162.631,6283612.722
PG626,302,BJFY-84,263,0,3,2025-10-20 06:14:39.826930,346162.631,6283612.722
PG626,G28,BJFW-31,2553,0,8,2025-10-20 06:14:39.826932,346162.631,6283612.722
PG626,G28,BJFW-20,7673,19,27,2025-10-20 06:14:39.826933,346162.631,6283612.722
PG626,G11,THTD-93,729,0,3,2025-10-20 06:14:39.826934,346162.631,6283612.722
PG626,G11,THTF-22,3416,0,10,2025-10-20 06:14:39.826935,346162.631,6283612.722
PG626,G13,SDSW-70,852,0,3,2025-10-20 06:14:39.826935,346162.631,6283612.722
PG626,G13,SFPG-60,867,0,3,2025-10-20 06:14:39.826936,346162.631,6283612.722
PG626,G13C,SFPF-85,776,0,3,2025-10-20 06:14:39.826937,346162.631,6283612.722
PG626,F06,SPZX-83,3093,0,10,2025-10-20 06:14:39.826938,346162.631,6283612.722
PG626,F06,TXZH-46,4040,10,16,2025-10-20 06:14:39.826939,346162.631,6283612.722
PH559,H06,CJRW-14,1496,0,6,2025-10-20 06:14:41.712684,343059.73,6289686.251
PE1277,G01,THTF-47,2896,0,10,2025-10-20 06:14:43.653415,348248.668,6288686.97
PE1277,G01,THTF-62,5380,17,23,2025-10-20 06:14:43.653420,348248.668,6288686.97
PD293,D09,SVDC-89,3023,0,8,2025-10-20 06:14:45.628295,355779.753,6296337.601
PD293,D09,SVDC-23,9048,19,27,2025-10-20 06:14:45.628299,355779.753,6296337.601
PD293,513,LXWR-73,1238,0,3,2025-10-20 06:14:45.628301,355779.753,6296337.601
PD293,513,LZPH-40,13234,28,38,2025-10-20 06:14:45.628302,355779.753,6296337.601
PD293,225,SFWZ-58,2959,0,8,2025-10-20 06:14:45.628303,355779.753,6296337.601
PD293,225,SFWZ-25,6177,9,15,2025-10-20 06:14:45.628303,355779.753,6296337.601
PG382,301,BJFT-55,439,0,3,2025-10-20 06:14:47.555763,344870.325,6285023.788
PG382,301,BJFW-84,729,0,3,2025-10-20 06:14:47.555769,344870.325,6285023.788
PG382,301C,CJRB-46,555,0,3,2025-10-20 06:14:47.555771,344870.325,6285023.788
PG382,301C,BJFX-22,4206,10,16,2025-10-20 06:14:47.555772,344870.325,6285023.788
PJ1605,J07E,VJBB-41,7303,16,22,2025-10-20 06:14:49.306260,328704.544,6304557.179
PJ1605,J07E,VHZZ-10,14943,31,41,2025-10-20 06:14:49.306265,328704.544,6304557.179
PD1113,D11,SVDF-74,3261,0,8,2025-10-20 06:14:50.741342,358367.237,6295356.999
PD1113,D11,SVDF-41,9871,21,29,2025-10-20 06:14:50.741347,358367.237,6295356.999
PD1113,D18,SVDC-60,1191,0,6,2025-10-20 06:14:50.741348,358367.237,6295356.999
PD1113,D18,SVDF-72,6485,16,22,2025-10-20 06:14:50.741349,358367.237,6295356.999
PD1113,D02,SVDC-58,3297,0,8,2025-10-20 06:14:50.741350,358367.237,6295356.999
PD1113,D02,SVDC-91,9332,16,22,2025-10-20 06:14:50.741351,358367.237,6295356.999
PC355,C01,LCSX-53,1062,0,3,2025-10-20 06:14:52.661309,360028.593,6306715.499
PC355,C01,LCPW-38,5827,9,15,2025-10-20 06:14:52.661314,360028.593,6306715.499
PC355,C05,LFGP-26,460,0,3,2025-10-20 06:14:52.661315,360028.593,6306715.499
PC355,C05,LDTF-50,6834,11,17,2025-10-20 06:14:52.661316,360028.593,6306715.499
PC355,411,PGTV-36,4635,7,13,2025-10-20 06:14:52.661317,360028.593,6306715.499
PC355,411,PGLD-79,9879,22,30,2025-10-20 06:14:52.661318,360028.593,6306715.499
PB46,107,PGRZ-76,74,0,3,2025-10-20 06:14:54.681801,347678.27,6303372.64
PB46,107,PFYC-41,2213,0,6,2025-10-20 06:14:54.681805,347678.27,6303372.64
PB46,101,PGPT-53,5325,12,18,2025-10-20 06:14:54.681807,347678.27,6303372.64
PB46,101,PGPT-30,9946,25,33,2025-10-20 06:14:54.681807,347678.27,6303372.64
PD634,325,VFJV-39,4117,11,17,2025-10-20 06:14:56.610246,352235.804,6293231.17
PD634,325,VFJD-87,5853,17,23,2025-10-20 06:14:56.610251,352235.804,6293231.17
PD634,508,FLXX-84,4070,10,16,2025-10-20 06:14:56.610253,352235.804,6293231.17
PG967,G39,SHXB-28,2919,0,10,2025-10-20 06:14:58.549371,344686.831,6282168.463
PG967,G39,HVFH-31,4634,11,17,2025-10-20 06:14:58.549376,344686.831,6282168.463
PG967,228,THTD-96,457,0,3,2025-10-20 06:14:58.549377,344686.831,6282168.463
PG967,228,THTD-21,4178,8,14,2025-10-20 06:14:58.549378,344686.831,6282168.463
PG967,G08,THTF-11,562,0,3,2025-10-20 06:14:58.549380,344686.831,6282168.463
PG967,G08,THTD-30,2911,0,8,2025-10-20 06:14:58.549380,344686.831,6282168.463
PB2077,B05,SPCG-88,2330,0,8,2025-10-20 06:15:00.472887,349844.8,6304006.2
PB2077,B05,SPCG-50,8629,21,29,2025-10-20 06:15:00.472892,349844.8,6304006.2
PB2077,C06,LDTF-44,8022,18,26,2025-10-20 06:15:00.472893,349844.8,6304006.2
PB2077,C06,SGPW-38,13235,30,40,2025-10-20 06:15:00.472894,349844.8,6304006.2
PF872,F01,SPVW-85,5317,14,20,2025-10-20 06:15:03.357342,352082.414,6282473.181
PF872,F01,SPVV-57,7242,19,27,2025-10-20 06:15:03.357346,352082.414,6282473.181
PF872,F07,SPRY-91,2061,0,6,2025-10-20 06:15:03.357347,352082.414,6282473.181
PF872,F07,SPRY-86,5169,10,16,2025-10-20 06:15:03.357348,352082.414,6282473.181
PF872,F16,SPRY-62,3843,8,14,2025-10-20 06:15:03.357349,352082.414,6282473.181
PF872,F16,SPRY-80,5062,13,19,2025-10-20 06:15:03.357350,352082.414,6282473.181
PF872,F06,SPZY-50,3354,12,18,2025-10-20 06:15:03.357351,352082.414,6282473.181
PF872,F06,SPZX-68,4741,15,21,2025-10-20 06:15:03.357351,352082.414,6282473.181
PF374,F07,SPRY-91,811,0,3,2025-10-20 06:15:05.722864,352878.304,6282082.55
PF374,F07,SPRY-86,3925,0,10,2025-10-20 06:15:05.722870,352878.304,6282082.55
PF374,F24,SPRV-91,2053,0,6,2025-10-20 06:15:05.722871,352878.304,6282082.55
PC712,517,VHZX-21,6679,18,26,2025-10-20 06:15:07.644707,350248.318,6300000.435
PH687,H13,BJFX-21,6790,16,22,2025-10-20 06:15:09.367402,343782.818,6290760.776
PH687,H13,CJRW-49,11394,28,38,2025-10-20 06:15:09.367407,343782.818,6290760.776
PC157,401,PFBG-40,2064,0,10,2025-10-20 06:15:11.430980,351764.17,6301411.789
PC157,401,PFVL-17,2600,7,13,2025-10-20 06:15:11.430986,351764.17,6301411.789
PC157,421,PFBG-13,2765,0,10,2025-10-20 06:15:11.430987,351764.17,6301411.789
PC157,421,PDZH-76,4962,13,19,2025-10-20 06:15:11.430988,351764.17,6301411.789
PC157,406,GCBF-22,590,0,3,2025-10-20 06:15:11.430989,351764.17,6301411.789
PC157,406,SZZH-70,1600,7,13,2025-10-20 06:15:11.430990,351764.17,6301411.789
PC157,407,GCBD-90,4368,14,20,2025-10-20 06:15:11.430990,351764.17,6301411.789
PC157,407,GCBC-46,7240,23,31,2025-10-20 06:15:11.430991,351764.17,6301411.789
PC157,426,BJFD-64,2085,0,10,2025-10-20 06:15:11.430992,351764.17,6301411.789
PC157,426,FLXK-82,5977,20,28,2025-10-20 06:15:11.430993,351764.17,6301411.789
PC157,430,PGBY-74,52,0,3,2025-10-20 06:15:11.430993,351764.17,6301411.789
PC157,430,PFZK-88,4603,11,17,2025-10-20 06:15:11.430994,351764.17,6301411.789
PG768,G07,THTD-75,7895,17,25,2025-10-20 06:15:13.338997,343263.2,6282964.147
PG768,G07,THTF-74,16730,34,46,2025-10-20 06:15:13.339005,343263.2,6282964.147
PA618,H13,CJRW-49,450,0,3,2025-10-20 06:15:15.238520,348354.997,6296272.296
PB1650,B12,SKDJ-95,3558,9,15,2025-10-20 06:15:17.225968,342657.949,6307781.427
PB1650,B12,SKDJ-88,5562,16,22,2025-10-20 06:15:17.225973,342657.949,6307781.427
PD654,D05,SPBL-75,943,0,3,2025-10-20 06:15:19.155003,349381.275,6295327.302
PD654,D05,SPBS-62,3286,0,10,2025-10-20 06:15:19.155008,349381.275,6295327.302
PD654,511,TBFW-92,6726,14,20,2025-10-20 06:15:19.155009,349381.275,6295327.302
PF334,F14,SPRV-99,2230,0,10,2025-10-20 06:15:21.345705,355341.494,6281679.524
PF334,F14,SPRY-59,5993,16,22,2025-10-20 06:15:21.345709,355341.494,6281679.524
PF334,210V,VFRD-55,12031,27,37,2025-10-20 06:15:21.345711,355341.494,6281679.524
PF334,210V,VFPF-61,16072,36,48,2025-10-20 06:15:21.345711,355341.494,6281679.524
PF334,F05,SPZX-95,2872,0,10,2025-10-20 06:15:21.345712,355341.494,6281679.524
PF334,F05,SPZY-60,5253,13,19,2025-10-20 06:15:21.345713,355341.494,6281679.524
PF334,F06,SPZY-56,4538,10,16,2025-10-20 06:15:21.345714,355341.494,6281679.524
PF334,F06,SPZY-28,7693,18,26,2025-10-20 06:15:21.345714,355341.494,6281679.524
PF334,F09,SPZY-86,3974,7,13,2025-10-20 06:15:21.345715,355341.494,6281679.524
PH74,H12,CJRX-67,3269,0,6,2025-10-20 06:15:24.809064,342100.05,6288897.66
PH74,H12,CJRW-55,9762,19,27,2025-10-20 06:15:24.809069,342100.05,6288897.66
PH74,105,SJPD-99,458,0,3,2025-10-20 06:15:24.809070,342100.05,6288897.66
PH74,121,BJFZ-53,2374,7,13,2025-10-20 06:15:24.809071,342100.05,6288897.66
PH74,329,CJRW-83,1269,0,6,2025-10-20 06:15:24.809072,342100.05,6288897.66
PE388,108,PFYS-32,2266,0,10,2025-10-20 06:15:26.730965,354953.201,6289705.543
PE388,108,PGPT-51,5289,16,22,2025-10-20 06:15:26.730970,354953.201,6289705.543
PE388,E03,FLXK-58,3041,0,8,2025-10-20 06:15:26.730971,354953.201,6289705.543
PB1121,B27,FLXT-88,1769,0,8,2025-10-20 06:15:28.740750,344968.413,6303470.521
PB1121,B10,STHK-27,1,0,3,2025-10-20 06:15:28.740756,344968.413,6303470.521
PG482,E05,BJFW-98,3986,9,15,2025-10-20 06:15:30.820200,347480.296,6288811.93
PG482,G01,THTF-15,1,0,3,2025-10-20 06:15:30.820206,347480.296,6288811.93
PG482,G01,THTF-47,3375,9,15,2025-10-20 06:15:30.820207,347480.296,6288811.93
PA418,504,TBFT-52,2141,0,8,2025-10-20 06:15:32.713409,347417.325,6298399.157
PA418,504,GCBD-36,3891,11,17,2025-10-20 06:15:32.713414,347417.325,6298399.157
PB1577,B14,FLXT-51,3931,11,17,2025-10-20 06:15:34.641932,347968.65,6302485.334
PE494,F25,SPZX-43,293,0,3,2025-10-20 06:15:36.589588,352107.492,6290032.517
PB668,409,SKWF-11,4931,8,14,2025-10-20 06:15:40.688015,347591.162,6299356.977
PB668,409,SKWD-73,9941,12,18,2025-10-20 06:15:40.688020,347591.162,6299356.977
PB668,503,VGVG-55,3665,0,10,2025-10-20 06:15:40.688021,347591.162,6299356.977
PB668,503,LZPH-12,7245,15,21,2025-10-20 06:15:40.688021,347591.162,6299356.977
PB668,502,TBFW-18,8141,16,24,2025-10-20 06:15:40.688022,347591.162,6299356.977
PB668,B15,SPCG-43,5011,11,17,2025-10-20 06:15:40.688023,347591.162,6299356.977
PB668,B15,SPCG-71,11102,30,40,2025-10-20 06:15:40.688024,347591.162,6299356.977
PI1669,I12,FLXY-35,7869,29,39,2025-10-20 06:15:42.642378,334198.337,6293400.58
PI1669,I12,FLXY-33,11634,45,60,2025-10-20 06:15:42.642382,334198.337,6293400.58
PH81,121,BJFZ-53,4239,14,20,2025-10-20 06:15:44.187912,342808.406,6290530.12
PH81,121,FLXK-54,4327,14,20,2025-10-20 06:15:44.187918,342808.406,6290530.12
PH81,125,FLXF-97,1135,0,6,2025-10-20 06:15:44.187919,342808.406,6290530.12
PH81,H03,FLXF-56,1,0,3,2025-10-20 06:15:44.187921,342808.406,6290530.12
PH81,345,FLXF-17,311,0,3,2025-10-20 06:15:44.187922,342808.406,6290530.12
PH81,105,SJPC-68,870,0,3,2025-10-20 06:15:44.187923,342808.406,6290530.12
PH81,105,SJPD-99,2191,0,10,2025-10-20 06:15:44.187924,342808.406,6290530.12
PH81,105C,LXDH-93,1378,0,6,2025-10-20 06:15:44.187925,342808.406,6290530.12
PH81,120,STHD-65,1728,0,8,2025-10-20 06:15:44.187926,342808.406,6290530.12
PH81,H09,VGRB-33,398,0,3,2025-10-20 06:15:44.187927,342808.406,6290530.12
PI280,113,FLXX-66,1810,0,8,2025-10-20 06:15:47.975713,336585.285,6288614.785
PI280,113,FLXY-30,6150,17,23,2025-10-20 06:15:47.975718,336585.285,6288614.785
PI280,113C,FLXY-60,1282,0,6,2025-10-20 06:15:47.975720,336585.285,6288614.785
PI280,113C,FLXY-65,2163,0,8,2025-10-20 06:15:47.975721,336585.285,6288614.785
PI280,I04C,FLXD-79,954,0,3,2025-10-20 06:15:47.975722,336585.285,6288614.785
PI280,I04C,FLXF-64,5028,11,17,2025-10-20 06:15:47.975723,336585.285,6288614.785
PI280,115,GCBC-61,1843,0,6,2025-10-20 06:15:47.975724,336585.285,6288614.785
PI280,115,FLXV-48,3170,0,10,2025-10-20 06:15:47.975725,336585.285,6288614.785
PI280,115C,FLXV-76,1434,0,6,2025-10-20 06:15:47.975726,336585.285,6288614.785
PI280,115C,TBFW-88,4818,14,20,2025-10-20 06:15:47.975727,336585.285,6288614.785
PE1475,233,SHXB-40,3215,0,10,2025-10-20 06:15:49.995970,350418.2,6289573.7
PE1475,233,SFGY-79,4745,10,16,2025-10-20 06:15:49.995975,350418.2,6289573.7
PI845,I03,FLXK-62,2912,7,13,2025-10-20 06:15:51.864715,340931.726,6296449.708
PB1019,B43,SJPC-76,8405,25,33,2025-10-20 06:15:53.838929,339903.531,6308284.644
PE728,E11,VKJX-78,528,0,3,2025-10-20 06:15:55.697602,350971.402,6285304.827
PE728,264N,GCBB-98,5678,12,18,2025-10-20 06:15:55.697607,350971.402,6285304.827
PB1578,307,TWPD-88,922,0,3,2025-10-20 06:15:57.680298,338581.71,6307679.32
PB1578,307C,TWPD-90,1715,0,8,2025-10-20 06:15:57.680304,338581.71,6307679.32
PB1578,307C,VHSX-85,2101,0,8,2025-10-20 06:15:57.680305,338581.71,6307679.32
PB1578,313E,FLXD-82,561,0,3,2025-10-20 06:15:57.680306,338581.71,6307679.32
PG2074,G39,SDSW-59,1408,0,6,2025-10-20 06:15:59.634858,340516.0,6285533.0
PG23,201,GCBB-50,4530,0,10,2025-10-20 06:16:01.730876,342966.59,6283581.57
PG23,201,GCBB-31,13377,25,35,2025-10-20 06:16:01.730881,342966.59,6283581.57
PG23,211,FLXL-98,2959,0,8,2025-10-20 06:16:01.730882,342966.59,6283581.57
PG23,211,TBYY-74,6291,14,20,2025-10-20 06:16:01.730883,342966.59,6283581.57
PG23,271,TBYY-62,12061,24,32,2025-10-20 06:16:01.730884,342966.59,6283581.57
PG23,271,TBYY-65,16361,36,48,2025-10-20 06:16:01.730884,342966.59,6283581.57
PD1600,D13,FLXH-17,1,0,3,2025-10-20 06:16:03.406454,349160.42,6295606.68
PC428,C09,SHCY-31,4804,8,14,2025-10-20 06:16:05.182678,358809.374,6308260.467
PC428,C09,SGPY-23,12374,31,41,2025-10-20 06:16:05.182683,358809.374,6308260.467
PC428,C28,SKPJ-82,2329,0,8,2025-10-20 06:16:05.182684,358809.374,6308260.467
PC428,C28,SKPJ-86,6685,14,20,2025-10-20 06:16:05.182685,358809.374,6308260.467
PC428,430,SHXG-44,615,0,3,2025-10-20 06:16:05.182686,358809.374,6308260.467
PC428,430,PGBY-52,7019,16,22,2025-10-20 06:16:05.182686,358809.374,6308260.467
PC428,426,FLXD-52,5824,10,16,2025-10-20 06:16:05.182687,358809.374,6308260.467
PC428,426,BJFH-44,8085,15,21,2025-10-20 06:16:05.182688,358809.374,6308260.467
PE1376,322,BJFW-92,1090,0,6,2025-10-20 06:16:07.158311,355901.123,6288258.305
PE1376,323,FLXR-27,1750,0,3,2025-10-20 06:16:07.158316,355901.123,6288258.305
PE1376,323,FLXR-54,8524,15,21,2025-10-20 06:16:07.158317,355901.123,6288258.305
PE1376,E03,FLXK-58,4745,9,15,2025-10-20 06:16:07.158318,355901.123,6288258.305
PE1376,E07,BJFT-52,268,0,3,2025-10-20 06:16:07.158319,355901.123,6288258.305
PE1376,E10,BJFX-33,5718,15,21,2025-10-20 06:16:07.158320,355901.123,6288258.305
PH145,203,SRTK-33,4130,0,10,2025-10-20 06:16:09.065013,347742.456,6291832.519
PH145,203,LZPS-12,7677,19,27,2025-10-20 06:16:09.065018,347742.456,6291832.519
PH145,206,LZPT-43,1301,0,3,2025-10-20 06:16:09.065019,347742.456,6291832.519
PH145,206,SDGY-30,4038,0,10,2025-10-20 06:16:09.065020,347742.456,6291832.519
PJ1660,J07,VHZZ-90,15440,26,34,2025-10-20 06:16:10.815713,325963.208,6304565.921
PJ1660,J07,VHZZ-20,21229,38,50,2025-10-20 06:16:10.815718,325963.208,6304565.921
PA71,229,TBZB-19,2263,0,10,2025-10-20 06:16:12.498330,346610.14,6297463.17
PA71,229,CJRL-16,6541,17,25,2025-10-20 06:16:12.498335,346610.14,6297463.17
PA71,301,BJFX-18,1008,0,3,2025-10-20 06:16:12.498336,346610.14,6297463.17
PA71,301,BJFV-28,1028,0,3,2025-10-20 06:16:12.498337,346610.14,6297463.17
PI1612,I04,FLXY-37,1194,0,6,2025-10-20 06:16:14.007663,342154.388,6295294.218
PI1612,I04,FLXL-13,8271,20,28,2025-10-20 06:16:14.007668,342154.388,6295294.218
PF829,F24,SPRW-86,1265,0,3,2025-10-20 06:16:17.666736,355841.47,6283759.62
PF829,F24,SPRW-66,5880,11,17,2025-10-20 06:16:17.666741,355841.47,6283759.62
PF829,102,LBTT-25,140,0,3,2025-10-20 06:16:17.666742,355841.47,6283759.62
PF829,124,SRVG-25,1,0,3,2025-10-20 06:16:17.666743,355841.47,6283759.62
PF829,124,SPZX-70,2915,9,15,2025-10-20 06:16:17.666744,355841.47,6283759.62
PF829,104,SKWD-34,1,0,3,2025-10-20 06:16:17.666745,355841.47,6283759.62
PD190,225,SFWB-35,5386,10,16,2025-10-20 06:16:20.740353,353308.207,6294467.23
PD190,225,SFWZ-56,9263,18,26,2025-10-20 06:16:20.740359,353308.207,6294467.23
PD190,712,SHXG-95,1038,0,6,2025-10-20 06:16:20.740360,353308.207,6294467.23
PD190,712,SJPF-90,10379,19,27,2025-10-20 06:16:20.740361,353308.207,6294467.23
PF278,F05,SPZX-95,416,0,3,2025-10-20 06:16:22.667712,355326.194,6283343.807
PF278,F05,SPZY-60,2710,0,10,2025-10-20 06:16:22.667717,355326.194,6283343.807
PF278,F14,SPRY-59,3011,0,10,2025-10-20 06:16:22.667718,355326.194,6283343.807
PF278,F14,SPRW-68,5180,13,19,2025-10-20 06:16:22.667719,355326.194,6283343.807
PI365,428,SHXD-72,223,0,3,2025-10-20 06:16:24.719801,338189.61,6291851.37
PI365,428,SJPF-94,1766,0,6,2025-10-20 06:16:24.719805,338189.61,6291851.37
PI365,444,SKPK-42,7044,12,18,2025-10-20 06:16:24.719807,338189.61,6291851.37
PI365,444,SKPL-34,8063,15,21,2025-10-20 06:16:24.719808,338189.61,6291851.37
PF910,F03C,SHCY-60,4047,9,15,2025-10-20 06:16:26.706500,349187.686,6279695.16
PF910,F03C,SHXF-40,7172,17,25,2025-10-20 06:16:26.706505,349187.686,6279695.16
PB1012,B33,SHXF-44,1,0,3,2025-10-20 06:16:28.736512,341635.544,6310884.22
PB1012,B33,SHXF-41,2690,0,8,2025-10-20 06:16:28.736516,341635.544,6310884.22
PB1012,B12,SKDG-29,324,0,3,2025-10-20 06:16:28.736517,341635.544,6310884.22
PB1012,B12,SKDJ-95,6858,16,22,2025-10-20 06:16:28.736518,341635.544,6310884.22
PC593,C17,SHXD-66,0,0,3,2025-10-20 06:16:30.653214,360378.111,6308233.505
PC593,C17,SGPX-10,6526,20,28,2025-10-20 06:16:30.653230,360378.111,6308233.505
PC593,C01,LCSX-53,5808,14,20,2025-10-20 06:16:30.653231,360378.111,6308233.505
PC593,C01,LCPW-38,10130,21,29,2025-10-20 06:16:30.653232,360378.111,6308233.505
PD1188,D15,SVDC-39,517,0,3,2025-10-20 06:16:32.572382,356439.652,6297132.893
PD1188,D15,SVDC-71,4132,17,23,2025-10-20 06:16:32.572387,356439.652,6297132.893
PG324,228,THTH-31,1024,0,3,2025-10-20 06:16:34.304989,345539.878,6286850.464
PG324,228,THTD-63,5606,13,19,2025-10-20 06:16:34.304994,345539.878,6286850.464
PG324,G08,THTG-70,1,0,3,2025-10-20 06:16:34.304995,345539.878,6286850.464
PG324,G08,THTF-68,70,0,3,2025-10-20 06:16:34.304996,345539.878,6286850.464
PG324,F05,SPZY-66,1245,0,3,2025-10-20 06:16:34.304997,345539.878,6286850.464
PG324,F05,SRVK-73,4758,17,23,2025-10-20 06:16:34.304997,345539.878,6286850.464
PG324,G08V,FLXV-26,715,0,3,2025-10-20 06:16:34.304998,345539.878,6286850.464
PG324,G08V,FLXP-17,4639,9,15,2025-10-20 06:16:34.304999,345539.878,6286850.464
PG324,E18,BJFX-61,2825,10,16,2025-10-20 06:16:34.305000,345539.878,6286850.464
PG324,E18,BJFV-33,9150,38,50,2025-10-20 06:16:34.305001,345539.878,6286850.464
PG324,G04,SHCV-29,643,0,3,2025-10-20 06:16:34.305002,345539.878,6286850.464
PG324,G04,SHXB-27,3075,0,10,2025-10-20 06:16:34.305003,345539.878,6286850.464
PG324,G13,SCRZ-11,65,0,3,2025-10-20 06:16:34.305003,345539.878,6286850.464
PG324,G13,SHXB-25,1889,0,6,2025-10-20 06:16:34.305004,345539.878,6286850.464
PG324,G16,SFPG-61,5909,9,15,2025-10-20 06:16:34.305005,345539.878,6286850.464
PG324,G16,SFPG-38,7399,15,21,2025-10-20 06:16:34.305006,345539.878,6286850.464
PE686,225,SFWZ-67,1764,0,8,2025-10-20 06:16:36.178700,351443.967,6287372.465
PE686,225,SFVZ-81,3800,12,18,2025-10-20 06:16:36.178706,351443.967,6287372.465
PG1425,G34,THTH-21,4361,9,15,2025-10-20 06:16:38.792915,342465.756,6284803.146
PG1425,G34,THTD-56,7990,20,28,2025-10-20 06:16:38.792920,342465.756,6284803.146
PG1425,G22,THTD-40,1801,0,6,2025-10-20 06:16:38.792921,342465.756,6284803.146
PG1425,G22,THTD-37,4910,13,19,2025-10-20 06:16:38.792922,342465.756,6284803.146
PG1425,G01,THTD-60,436,0,3,2025-10-20 06:16:38.792923,342465.756,6284803.146
PG1425,G01,THTF-93,6267,11,17,2025-10-20 06:16:38.792923,342465.756,6284803.146
PH122,201,GCBB-31,5097,10,16,2025-10-20 06:16:40.798412,346047.79,6290674.75
PH122,201,GCBB-54,6803,15,21,2025-10-20 06:16:40.798417,346047.79,6290674.75
PH122,226,VFPX-53,5663,13,19,2025-10-20 06:16:40.798421,346047.79,6290674.75
PH122,229,SFWZ-59,2301,0,6,2025-10-20 06:16:40.798422,346047.79,6290674.75
PH122,229,SFWZ-65,5014,10,16,2025-10-20 06:16:40.798423,346047.79,6290674.75
PH122,271,TBYY-62,3979,0,10,2025-10-20 06:16:40.798423,346047.79,6290674.75
PH122,271,TBYY-65,8184,19,27,2025-10-20 06:16:40.798424,346047.79,6290674.75
PH122,301,BJFW-88,871,0,3,2025-10-20 06:16:40.798425,346047.79,6290674.75
PH122,301,BJFZ-41,7148,17,25,2025-10-20 06:16:40.798426,346047.79,6290674.75
PH122,223,SHCX-22,2380,0,8,2025-10-20 06:16:40.798427,346047.79,6290674.75
PH122,223,SCRZ-10,5195,13,19,2025-10-20 06:16:40.798427,346047.79,6290674.75
PG679,G01,THTF-93,1856,0,6,2025-10-20 06:16:42.764398,344296.823,6287566.845
PG679,G01,THTF-15,4400,9,15,2025-10-20 06:16:42.764404,344296.823,6287566.845
PD1644,D01,SVDC-87,19931,45,60,2025-10-20 06:16:44.826224,358318.0,6293835.0
PD1644,D01,SVDD-72,20625,45,60,2025-10-20 06:16:44.826229,358318.0,6293835.0
PD1644,D07C,SVDD-50,9550,45,60,2025-10-20 06:16:44.826230,358318.0,6293835.0
PI1211,I16,FLXF-80,2700,0,8,2025-10-20 06:16:46.739540,342851.34,6296632.77
PI1211,I17,FLXK-89,1584,0,8,2025-10-20 06:16:46.739545,342851.34,6296632.77
PB1342,B22,SKPS-48,1736,0,6,2025-10-20 06:16:48.672200,345013.844,6306068.272
PB1342,B22,SKPS-20,7899,20,28,2025-10-20 06:16:48.672205,345013.844,6306068.272
PB1342,B41,FLXZ-99,575,0,3,2025-10-20 06:16:48.672206,345013.844,6306068.272
PB1342,B18,STHL-42,6169,12,18,2025-10-20 06:16:48.672207,345013.844,6306068.272
PB1342,B19,TPWW-72,1918,0,6,2025-10-20 06:16:48.672208,345013.844,6306068.272
PB1342,B19,SHCY-56,6810,15,21,2025-10-20 06:16:48.672209,345013.844,6306068.272
PG1344,229,SFWZ-59,8995,21,29,2025-10-20 06:16:50.708310,346690.343,6286170.123
PG1344,229,SFWZ-65,11654,27,37,2025-10-20 06:16:50.708315,346690.343,6286170.123
PG1344,302,BJFT-89,1913,0,6,2025-10-20 06:16:50.708316,346690.343,6286170.123
PG1344,302,BJFX-46,9046,16,24,2025-10-20 06:16:50.708317,346690.343,6286170.123
PG1344,G18,SHXG-73,5390,13,19,2025-10-20 06:16:50.708318,346690.343,6286170.123
PG1344,G18,SFPG-34,7457,19,27,2025-10-20 06:16:50.708319,346690.343,6286170.123
PG1344,F05,SRVJ-17,1011,0,3,2025-10-20 06:16:50.708320,346690.343,6286170.123
PJ45,J05,TBFR-20,3025,0,10,2025-10-20 06:16:54.617890,342708.4,6298910.19
PJ45,J05,PFXC-32,3734,7,13,2025-10-20 06:16:54.617894,342708.4,6298910.19
PJ45,109,GCBC-99,4935,12,18,2025-10-20 06:16:54.617896,342708.4,6298910.19
PJ45,109,PFXC-22,8449,20,28,2025-10-20 06:16:54.617896,342708.4,6298910.19
PJ45,105,SJPC-67,2420,7,13,2025-10-20 06:16:54.617897,342708.4,6298910.19
PJ45,105,SJPC-66,4159,15,21,2025-10-20 06:16:54.617898,342708.4,6298910.19
PJ45,120,SKHG-39,680,0,3,2025-10-20 06:16:54.617899,342708.4,6298910.19
PJ45,120,TXZH-36,2272,0,6,2025-10-20 06:16:54.617900,342708.4,6298910.19
PJ45,B28,SKHF-91,756,0,3,2025-10-20 06:16:54.617900,342708.4,6298910.19
PJ45,B28,SKHF-84,4269,9,15,2025-10-20 06:16:54.617901,342708.4,6298910.19
PB1865,B04,SHXF-43,105,0,3,2025-10-20 06:16:57.712331,345383.735,6300753.71
PF92,124,LCPG-38,3960,11,17,2025-10-20 06:16:59.747768,353924.677,6279409.824
PF92,124,LCTG-32,5162,18,26,2025-10-20 06:16:59.747773,353924.677,6279409.824
PF92,712,SJPC-75,1345,0,6,2025-10-20 06:16:59.747774,353924.677,6279409.824
PF92,712,LBTS-88,2425,0,8,2025-10-20 06:16:59.747775,353924.677,6279409.824
PF92,F12,SRVK-61,7361,20,28,2025-10-20 06:16:59.747776,353924.677,6279409.824
PF92,F12C,SRVL-35,3889,9,15,2025-10-20 06:16:59.747777,353924.677,6279409.824
PF92,F12C,LCTG-33,6009,26,36,2025-10-20 06:16:59.747777,353924.677,6279409.824
PE145,210,RWTP-99,155,0,3,2025-10-20 06:17:01.714492,352616.207,6286895.595
PE145,210,LZRD-95,3057,7,13,2025-10-20 06:17:01.714497,352616.207,6286895.595
PE145,210E,VFPJ-61,6596,13,19,2025-10-20 06:17:01.714499,352616.207,6286895.595
PE145,210E,VFPY-13,9949,31,41,2025-10-20 06:17:01.714500,352616.207,6286895.595
PE145,210V,VFPJ-77,1635,0,6,2025-10-20 06:17:01.714501,352616.207,6286895.595
PE145,210V,VGBV-79,6952,18,26,2025-10-20 06:17:01.714502,352616.207,6286895.595
PE145,213E,SRVG-10,1939,0,6,2025-10-20 06:17:01.714503,352616.207,6286895.595
PE145,213E,LBTS-96,7098,18,26,2025-10-20 06:17:01.714504,352616.207,6286895.595
PG121,207,SRTK-18,401,0,3,2025-10-20 06:17:03.714820,348729.252,6283955.104
PG121,207,SRTG-96,3212,0,8,2025-10-20 06:17:03.714825,348729.252,6283955.104
PG121,207C,SDGY-39,1,0,3,2025-10-20 06:17:03.714826,348729.252,6283955.104
PG121,207C,LZPS-14,2255,0,8,2025-10-20 06:17:03.714827,348729.252,6283955.104
PG121,209,SRTK-37,1,0,3,2025-10-20 06:17:03.714828,348729.252,6283955.104
PG121,209,LZPR-96,2976,0,8,2025-10-20 06:17:03.714829,348729.252,6283955.104
PG121,209C,LZPR-79,2760,0,8,2025-10-20 06:17:03.714830,348729.252,6283955.104
PG121,209C,LZPT-61,3832,8,14,2025-10-20 06:17:03.714831,348729.252,6283955.104
PE320,E12,VFKT-58,7923,18,26,2025-10-20 06:17:05.698960,350420.375,6286942.459
PE320,E12,VFJT-26,10084,24,32,2025-10-20 06:17:05.698965,350420.375,6286942.459
PE320,286,SHXG-79,3998,13,19,2025-10-20 06:17:05.698966,350420.375,6286942.459
PE320,286,SFGY-72,5678,19,27,2025-10-20 06:17:05.698967,350420.375,6286942.459
PB1640,B29,LXDH-99,7717,20,28,2025-10-20 06:17:07.671667,335887.339,6303975.272
PB1640,B29,SKHG-59,14812,35,47,2025-10-20 06:17:07.671672,335887.339,6303975.272
PG1570,G07,THTF-27,6022,7,13,2025-10-20 06:17:09.315922,338798.604,6273232.524
PG1570,G07,THTG-93,12176,23,31,2025-10-20 06:17:09.315927,338798.604,6273232.524
PB672,B01,TXZH-33,286,0,3,2025-10-20 06:17:10.706245,349032.51,6303101.482
PB672,B01,STHD-21,6509,17,25,2025-10-20 06:17:10.706250,349032.51,6303101.482
PG168,F20,SPZX-66,1,0,3,2025-10-20 06:17:12.614010,347619.22,6283637.254
PG168,F20,SPZX-75,5272,12,18,2025-10-20 06:17:12.614015,347619.22,6283637.254
PB934,B11,SKDJ-94,1,0,3,2025-10-20 06:17:14.555350,344035.949,6305848.552
PB934,B11,SKDJ-14,5679,25,33,2025-10-20 06:17:14.555356,344035.949,6305848.552
PB934,B06,SKDJ-90,2244,0,10,2025-10-20 06:17:14.555358,344035.949,6305848.552
PB934,B21,SKDJ-74,6805,18,26,2025-10-20 06:17:14.555359,344035.949,6305848.552
PB934,230,GCBC-11,8831,28,38,2025-10-20 06:17:14.555360,344035.949,6305848.552
PB934,230,GCBC-18,12817,45,60,2025-10-20 06:17:14.555361,344035.949,6305848.552
PB86,B29,SKHG-59,6577,13,19,2025-10-20 06:17:16.604078,340538.12,6302826.31
PB86,B29,LXDJ-11,9548,20,28,2025-10-20 06:17:16.604082,340538.12,6302826.31
PB86,410,LFGJ-94,2376,0,8,2025-10-20 06:17:16.604083,340538.12,6302826.31
PB86,410,SJPD-73,9770,17,25,2025-10-20 06:17:16.604084,340538.12,6302826.31
PB86,408,LXWR-71,546,0,3,2025-10-20 06:17:16.604085,340538.12,6302826.31
PB86,408,LXWS-36,8212,25,33,2025-10-20 06:17:16.604086,340538.12,6302826.31
PB86,109,GCBC-99,10156,25,33,2025-10-20 06:17:16.604087,340538.12,6302826.31
PB86,109,PFXC-22,13696,34,44,2025-10-20 06:17:16.604087,340538.12,6302826.31
PB86,105,SJPC-45,835,0,3,2025-10-20 06:17:16.604088,340538.12,6302826.31
PB86,105,SJPC-41,3742,7,13,2025-10-20 06:17:16.604089,340538.12,6302826.31
PB86,B09,SHCY-47,2745,0,10,2025-10-20 06:17:16.604090,340538.12,6302826.31
PB86,B09,SHCY-39,9555,32,42,2025-10-20 06:17:16.604090,340538.12,6302826.31
PB86,120,TXZH-38,2173,0,6,2025-10-20 06:17:16.604091,340538.12,6302826.31
PB86,120,SKHG-39,5868,10,16,2025-10-20 06:17:16.604092,340538.12,6302826.31
PA177,210,LZRD-99,857,0,3,2025-10-20 06:17:18.613152,348505.331,6297066.622
PA177,210,SXKV-89,3033,7,13,2025-10-20 06:17:18.613157,348505.331,6297066.622
PA177,210V,VFPS-85,754,0,3,2025-10-20 06:17:18.613158,348505.331,6297066.622
PA177,210V,VFPX-83,3045,0,10,2025-10-20 06:17:18.613159,348505.331,6297066.622
PA177,213E,SRVH-22,449,0,3,2025-10-20 06:17:18.613160,348505.331,6297066.622
PI642,I12,FLXY-25,720,0,3,2025-10-20 06:17:20.528861,340816.128,6289897.561
PI642,I12,FLXW-94,7550,17,25,2025-10-20 06:17:20.528866,340816.128,6289897.561
PI642,I24,VHSY-14,939,0,3,2025-10-20 06:17:20.528867,340816.128,6289897.561
PI642,I24,VHSX-86,6310,13,19,2025-10-20 06:17:20.528868,340816.128,6289897.561
PI642,H03,FLXR-23,3008,0,8,2025-10-20 06:17:20.528869,340816.128,6289897.561
PI642,H03,CJRX-43,10558,25,33,2025-10-20 06:17:20.528870,340816.128,6289897.561
PC1052,C15,SGPY-24,3141,0,10,2025-10-20 06:17:22.447279,356663.555,6304306.749
PG1343,229,SFWZ-59,8721,20,28,2025-10-20 06:17:24.217215,346720.474,6286359.826
PG1343,229,SFWZ-65,11223,26,36,2025-10-20 06:17:24.217220,346720.474,6286359.826
PG1343,302,BJFT-89,1431,0,3,2025-10-20 06:17:24.217221,346720.474,6286359.826
PG1343,302,BJFX-46,8775,17,23,2025-10-20 06:17:24.217222,346720.474,6286359.826
PG1343,G18,SHXG-73,5016,12,18,2025-10-20 06:17:24.217223,346720.474,6286359.826
PG1343,G18,SFPG-34,6987,18,26,2025-10-20 06:17:24.217224,346720.474,6286359.826
PG1343,F05,SRVJ-17,723,0,3,2025-10-20 06:17:24.217224,346720.474,6286359.826
PC336,286,SFPF-91,3379,0,10,2025-10-20 06:17:25.924396,353666.38,6303421.7
PC336,C15,SKPJ-44,14,0,3,2025-10-20 06:17:25.924401,353666.38,6303421.7
PC336,C15,SGPY-24,8999,18,26,2025-10-20 06:17:25.924402,353666.38,6303421.7
PC336,409,SKWD-73,1406,0,3,2025-10-20 06:17:25.924403,353666.38,6303421.7
PC336,411,SKWD-37,1,0,3,2025-10-20 06:17:25.924404,353666.38,6303421.7
PF628,F02,SHCY-65,1198,0,3,2025-10-20 06:17:28.002397,352472.531,6278962.912
PF628,F02,SHXD-84,5826,14,20,2025-10-20 06:17:28.002403,352472.531,6278962.912
PF628,F12C,SRVL-35,2098,0,8,2025-10-20 06:17:28.002405,352472.531,6278962.912
PF628,F12C,LCTG-33,4144,22,30,2025-10-20 06:17:28.002406,352472.531,6278962.912
PF628,F30N,STHF-67,8283,19,27,2025-10-20 06:17:28.002407,352472.531,6278962.912
PG1793,302,FLXK-94,815,0,3,2025-10-20 06:17:29.929414,346829.35,6287062.28
PG1793,302,BJFT-29,2479,12,18,2025-10-20 06:17:29.929419,346829.35,6287062.28
PG1793,E18,BJFX-61,368,0,3,2025-10-20 06:17:29.929420,346829.35,6287062.28
PG1793,E18,BJFV-33,6615,27,37,2025-10-20 06:17:29.929421,346829.35,6287062.28
PG1793,229,SFWZ-59,7935,18,26,2025-10-20 06:17:29.929421,346829.35,6287062.28
PG1793,229,SFWZ-65,10471,24,32,2025-10-20 06:17:29.929422,346829.35,6287062.28
PJ571,J01,FLXD-49,1,0,3,2025-10-20 06:17:31.822071,340447.619,6301350.408
PJ571,J01,FLXH-76,3948,10,16,2025-10-20 06:17:31.822077,340447.619,6301350.408
PI540,506,TBFR-42,1034,0,3,2025-10-20 06:17:33.750429,341695.738,6295945.667
PI540,506,GCBC-77,1116,0,3,2025-10-20 06:17:33.750435,341695.738,6295945.667
PI540,506V,TBFT-69,1681,0,3,2025-10-20 06:17:33.750436,341695.738,6295945.667
PI540,506V,TBFS-33,7229,16,22,2025-10-20 06:17:33.750437,341695.738,6295945.667
PI540,509,FLXX-44,2447,0,8,2025-10-20 06:17:33.750438,341695.738,6295945.667
PI540,509,FLXX-92,6721,15,21,2025-10-20 06:17:33.750439,341695.738,6295945.667
PC707,517,VHZX-30,3873,0,10,2025-10-20 06:17:35.649236,350153.21,6299667.69
PC707,517,VJBC-70,11867,25,33,2025-10-20 06:17:35.649241,350153.21,6299667.69
PB1250,315E,TWPD-72,1,0,3,2025-10-20 06:17:37.572302,337533.336,6308004.851
PB1250,315E,TWPD-26,957,0,3,2025-10-20 06:17:37.572306,337533.336,6308004.851
PB1250,B45,VHSX-88,2097,0,8,2025-10-20 06:17:37.572308,337533.336,6308004.851
PB1250,425,SHXG-45,319,0,6,2025-10-20 06:17:37.572308,337533.336,6308004.851
PB1250,425,SKPK-30,708,12,18,2025-10-20 06:17:37.572309,337533.336,6308004.851
PE637,E16,VFJP-54,2432,0,10,2025-10-20 06:17:39.343708,351733.912,6285264.15
PE637,E09,VKJZ-41,2088,0,8,2025-10-20 06:17:39.343713,351733.912,6285264.15
PE637,E11,VKJX-78,1089,0,3,2025-10-20 06:17:39.343714,351733.912,6285264.15
PE637,E12,VFJD-82,85,0,3,2025-10-20 06:17:39.343715,351733.912,6285264.15
PE637,E12,VFJV-14,1804,0,8,2025-10-20 06:17:39.343716,351733.912,6285264.15
PB1113,B10,STHF-82,2658,10,16,2025-10-20 06:17:40.710851,344380.752,6305333.702
PB1113,230,GCBB-26,1438,0,6,2025-10-20 06:17:40.710856,344380.752,6305333.702
PH317,119,FLXF-52,326,0,3,2025-10-20 06:17:42.619508,342878.804,6288726.523
PH317,119,FLXK-53,892,0,3,2025-10-20 06:17:42.619513,342878.804,6288726.523
PH317,H03,CJRX-57,2938,0,10,2025-10-20 06:17:42.619514,342878.804,6288726.523
PH317,223,SHCV-40,155,0,3,2025-10-20 06:17:42.619515,342878.804,6288726.523
PH317,223,SFGY-24,6051,14,20,2025-10-20 06:17:42.619516,342878.804,6288726.523
PI918,I17,FLXK-89,3953,10,16,2025-10-20 06:17:44.656372,341902.411,6294804.274
PI918,I04,FLXZ-61,502,0,3,2025-10-20 06:17:44.656377,341902.411,6294804.274
PB1540,B20,SKHG-93,12323,35,47,2025-10-20 06:17:46.765055,336492.637,6303155.379
PB1540,B20,LXDH-85,18820,45,60,2025-10-20 06:17:46.765060,336492.637,6303155.379
PB1540,B29,LXDH-99,5779,15,21,2025-10-20 06:17:46.765061,336492.637,6303155.379
PB1540,B29,SKHG-59,12853,30,40,2025-10-20 06:17:46.765062,336492.637,6303155.379
PB1540,B30N,LXDJ-17,4835,13,19,2025-10-20 06:17:46.765063,336492.637,6303155.379
PB1540,109,GCBC-99,15086,35,45,2025-10-20 06:17:46.765064,336492.637,6303155.379
PB1540,109,PFXC-22,18709,45,60,2025-10-20 06:17:46.765065,336492.637,6303155.379
PB1540,110C,HYKK-32,2967,9,15,2025-10-20 06:17:46.765066,336492.637,6303155.379
PB1540,110C,TBFS-61,6909,24,32,2025-10-20 06:17:46.765067,336492.637,6303155.379
PB1540,B03,LXDJ-22,1,0,3,2025-10-20 06:17:46.765068,336492.637,6303155.379
PB1540,B03,SKHG-90,11707,29,39,2025-10-20 06:17:46.765069,336492.637,6303155.379
PB1540,105,SJPC-45,6468,17,23,2025-10-20 06:17:46.765070,336492.637,6303155.379
PB1540,105,SJPC-41,9216,23,31,2025-10-20 06:17:46.765071,336492.637,6303155.379
PB1540,B09,SHCY-47,8332,24,32,2025-10-20 06:17:46.765072,336492.637,6303155.379
PB1540,B09,SHCY-39,15196,45,60,2025-10-20 06:17:46.765072,336492.637,6303155.379
PE10,108,PGPT-51,2830,8,14,2025-10-20 06:17:48.758089,353337.494,6289733.205
PE10,108,PFVD-37,8613,23,31,2025-10-20 06:17:48.758095,353337.494,6289733.205
PE10,102,SPZX-79,397,0,3,2025-10-20 06:17:48.758096,353337.494,6289733.205
PE10,102,SPZX-80,9368,19,27,2025-10-20 06:17:48.758097,353337.494,6289733.205
PE10,124,SRVG-88,1729,0,8,2025-10-20 06:17:48.758098,353337.494,6289733.205
PE10,712,SHCW-68,1517,0,3,2025-10-20 06:17:48.758099,353337.494,6289733.205
PE10,712,SHXG-95,5635,9,15,2025-10-20 06:17:48.758100,353337.494,6289733.205
PE10,104,SKVD-69,5271,14,20,2025-10-20 06:17:48.758101,353337.494,6289733.205
PE10,104,SKWD-61,8630,22,30,2025-10-20 06:17:48.758102,353337.494,6289733.205
PE10,114,SKVD-68,3193,0,10,2025-10-20 06:17:48.758103,353337.494,6289733.205
PE10,114,SKWD-81,8626,22,30,2025-10-20 06:17:48.758104,353337.494,6289733.205
PB1009,B42,FLXT-14,2369,0,8,2025-10-20 06:17:51.369356,340932.786,6311598.444
PB1009,B42,FLXJ-92,5567,13,19,2025-10-20 06:17:51.369362,340932.786,6311598.444
PA1,J02,VHXJ-20,172,0,3,2025-10-20 06:17:53.661069,343834.406,6298657.233
PA1,J02,VHXJ-10,1854,0,8,2025-10-20 06:17:53.661074,343834.406,6298657.233
PA1,406,GCBD-63,1880,0,6,2025-10-20 06:17:53.661075,343834.406,6298657.233
PA1,406,TBFW-80,1907,0,6,2025-10-20 06:17:53.661076,343834.406,6298657.233
PA1,422,TBFP-63,2153,0,8,2025-10-20 06:17:53.661077,343834.406,6298657.233
PA1,422,GCBC-66,7341,20,28,2025-10-20 06:17:53.661077,343834.406,6298657.233
PA1,426,BJFC-70,2185,0,8,2025-10-20 06:17:53.661078,343834.406,6298657.233
PA1,426,BJFD-41,4541,11,17,2025-10-20 06:17:53.661079,343834.406,6298657.233
PA1,513,VHZZ-30,2260,8,14,2025-10-20 06:17:53.661080,343834.406,6298657.233
PA1,513,LZPH-17,3271,11,17,2025-10-20 06:17:53.661081,343834.406,6298657.233
PA1,508,TBFX-10,2308,0,10,2025-10-20 06:17:53.661082,343834.406,6298657.233
PA1,508,GCBD-52,6621,17,25,2025-10-20 06:17:53.661082,343834.406,6298657.233
PA1,J16,CJRZ-90,3052,0,10,2025-10-20 06:17:53.661083,343834.406,6298657.233
PA1,J16,FLXD-38,7747,17,25,2025-10-20 06:17:53.661084,343834.406,6298657.233
PA1,109,FLXK-33,237,0,3,2025-10-20 06:17:53.661085,343834.406,6298657.233
PA1,109,FLXC-44,3167,8,14,2025-10-20 06:17:53.661086,343834.406,6298657.233
PA1,505,VHZV-81,1050,0,3,2025-10-20 06:17:53.661087,343834.406,6298657.233
PA1,505,VJBB-51,5171,16,22,2025-10-20 06:17:53.661088,343834.406,6298657.233
PA1,507,TBFW-19,2824,0,10,2025-10-20 06:17:53.661088,343834.406,6298657.233
PA1,507,TBFP-59,4186,12,18,2025-10-20 06:17:53.661089,343834.406,6298657.233
PA1,J05,GCBC-67,5754,14,20,2025-10-20 06:17:53.661090,343834.406,6298657.233
PA1,J05,FLXG-25,9811,25,35,2025-10-20 06:17:53.661091,343834.406,6298657.233
PA1,B26,FLXP-81,5427,17,23,2025-10-20 06:17:53.661092,343834.406,6298657.233
PA1,B26,FLXP-80,8725,27,37,2025-10-20 06:17:53.661092,343834.406,6298657.233
PA1,J01,FLXD-40,4135,9,15,2025-10-20 06:17:53.661093,343834.406,6298657.233
PA1,J01,FLXD-54,4804,11,17,2025-10-20 06:17:53.661094,343834.406,6298657.233
PA1,B28,SKHF-92,4320,14,20,2025-10-20 06:17:53.661095,343834.406,6298657.233
PA1,B28,TXZK-38,7106,23,31,2025-10-20 06:17:53.661095,343834.406,6298657.233
PI195,348,VHTB-70,530,0,3,2025-10-20 06:17:55.947135,333699.498,6290667.207
PI195,I07,VHSZ-47,2660,8,14,2025-10-20 06:17:55.947140,333699.498,6290667.207
PI195,109,TBFV-89,1443,0,8,2025-10-20 06:17:55.947141,333699.498,6290667.207
PF671,F33,SPZY-41,575,0,3,2025-10-20 06:17:57.574332,350430.612,6278692.35
PF671,F33,LBTS-87,4143,10,16,2025-10-20 06:17:57.574338,350430.612,6278692.35
PI1904,I35,SFGY-21,2293,8,14,2025-10-20 06:18:00.179307,333271.0,6285077.0
PI1904,I35,SHXG-69,3191,11,17,2025-10-20 06:18:00.179312,333271.0,6285077.0
PE13,104,SKWD-67,194,0,3,2025-10-20 06:18:02.265438,353753.183,6288621.648
PE13,104,SKVD-69,6401,16,22,2025-10-20 06:18:02.265444,353753.183,6288621.648
PE13,114,LDJJ-87,733,0,3,2025-10-20 06:18:02.265445,353753.183,6288621.648
PE13,114,SKVD-68,4359,8,14,2025-10-20 06:18:02.265446,353753.183,6288621.648
PE13,102,SPZX-79,1389,0,3,2025-10-20 06:18:02.265447,353753.183,6288621.648
PE13,102,SPZX-80,10357,20,28,2025-10-20 06:18:02.265448,353753.183,6288621.648
PE13,124,SRVG-88,2837,0,10,2025-10-20 06:18:02.265449,353753.183,6288621.648
PE13,712,SHCW-68,2826,0,6,2025-10-20 06:18:02.265450,353753.183,6288621.648
PE13,712,SHXG-95,6563,9,15,2025-10-20 06:18:02.265451,353753.183,6288621.648
PH67,H03,CJRX-43,3228,0,10,2025-10-20 06:18:06.704587,342365.707,6289551.91
PH67,H08,CJRX-63,1341,0,6,2025-10-20 06:18:06.704592,342365.707,6289551.91
PH67,H08,CJRX-48,2095,0,8,2025-10-20 06:18:06.704592,342365.707,6289551.91
PH67,105C,LXDH-90,4081,10,16,2025-10-20 06:18:06.704593,342365.707,6289551.91
PH67,105C,LXDJ-29,9915,24,32,2025-10-20 06:18:06.704594,342365.707,6289551.91
PH67,120,STHF-35,289,0,3,2025-10-20 06:18:06.704595,342365.707,6289551.91
PH67,120,TXZH-37,3388,9,15,2025-10-20 06:18:06.704596,342365.707,6289551.91
PH67,321,CJRZ-65,619,0,3,2025-10-20 06:18:06.704597,342365.707,6289551.91
PH67,321,BJFX-14,8249,18,26,2025-10-20 06:18:06.704597,342365.707,6289551.91
PH67,125,FLXF-50,5868,14,20,2025-10-20 06:18:06.704598,342365.707,6289551.91
PH67,125,CJRW-56,14012,35,47,2025-10-20 06:18:06.704599,342365.707,6289551.91
PH67,329,FLXR-59,6567,16,22,2025-10-20 06:18:06.704600,342365.707,6289551.91
PH67,329,FLXR-16,10263,25,33,2025-10-20 06:18:06.704600,342365.707,6289551.91
PH67,345,FLXF-22,109,0,3,2025-10-20 06:18:06.704601,342365.707,6289551.91
PH67,345,CJRW-82,7143,15,21,2025-10-20 06:18:06.704602,342365.707,6289551.91
PH67,I05,VHSY-37,1595,0,8,2025-10-20 06:18:06.704603,342365.707,6289551.91
PH67,105,SJPC-56,1,0,3,2025-10-20 06:18:06.704604,342365.707,6289551.91
PH67,105,SHXF-26,350,0,3,2025-10-20 06:18:06.704604,342365.707,6289551.91
PB983,B06,SPCG-81,2549,0,10,2025-10-20 06:18:08.100152,346037.395,6304120.725
PB983,B06,SKDG-26,4974,11,17,2025-10-20 06:18:08.100156,346037.395,6304120.725
PB1081,B24,SPZX-55,9272,24,32,2025-10-20 06:18:10.094201,342254.0,6304468.0
PB1081,B24,SPZX-39,12101,34,46,2025-10-20 06:18:10.094206,342254.0,6304468.0
PB1081,B28,SKHF-91,8180,22,30,2025-10-20 06:18:10.094207,342254.0,6304468.0
PB1081,B28,SKHF-84,11715,30,40,2025-10-20 06:18:10.094208,342254.0,6304468.0
PH1489,H05,VGKX-62,5874,17,25,2025-10-20 06:18:12.231840,347959.808,6291973.262
PH1489,H05,VFPL-87,8723,26,36,2025-10-20 06:18:12.231846,347959.808,6291973.262
PE792,E15C,VFKT-28,790,0,3,2025-10-20 06:18:14.852986,350837.165,6285967.342
PE792,325,VFKV-88,1494,0,6,2025-10-20 06:18:14.852991,350837.165,6285967.342
PE792,325,VFJT-51,3169,12,18,2025-10-20 06:18:14.852992,350837.165,6285967.342
PC824,C09,SGPY-62,1525,0,6,2025-10-20 06:18:17.727914,357800.381,6301823.191
PC824,C09,SKPJ-76,5542,14,20,2025-10-20 06:18:17.727919,357800.381,6301823.191
PC824,C09C,SGPW-50,2700,28,38,2025-10-20 06:18:17.727920,357800.381,6301823.191
PC281,426,BJFH-44,511,0,3,2025-10-20 06:18:20.354191,355709.62,6303457.19
PC281,426,BJFD-64,5843,16,22,2025-10-20 06:18:20.354195,355709.62,6303457.19
PC281,C01,LDSV-94,1604,0,3,2025-10-20 06:18:20.354196,355709.62,6303457.19
PC281,C01,LDJJ-60,3470,0,8,2025-10-20 06:18:20.354197,355709.62,6303457.19
PC281,C19,SKPP-23,2686,0,6,2025-10-20 06:18:20.354198,355709.62,6303457.19
PC281,C28,SHCY-27,3205,0,10,2025-10-20 06:18:20.354199,355709.62,6303457.19
PC281,C01C,PGBY-57,441,0,3,2025-10-20 06:18:20.354200,355709.62,6303457.19
PC281,C01C,LXWP-63,3672,9,15,2025-10-20 06:18:20.354201,355709.62,6303457.19
PC281,430,PGBY-74,3534,0,10,2025-10-20 06:18:20.354201,355709.62,6303457.19
PC281,430,PFZK-88,6958,17,25,2025-10-20 06:18:20.354202,355709.62,6303457.19
PC281,406,TBFW-15,420,0,3,2025-10-20 06:18:20.354203,355709.62,6303457.19
PC281,406,GCBF-22,4117,9,15,2025-10-20 06:18:20.354204,355709.62,6303457.19
PA244,302,BJFV-98,4944,11,17,2025-10-20 06:18:22.519107,345742.928,6298877.548
PA244,302,BJFV-87,5103,12,18,2025-10-20 06:18:22.519112,345742.928,6298877.548
PE259,E18,BJFZ-93,1450,0,6,2025-10-20 06:18:24.250527,350092.412,6286908.629
PE259,286,SHXG-79,2718,9,15,2025-10-20 06:18:24.250532,350092.412,6286908.629
PE259,286,SFGY-72,4471,15,21,2025-10-20 06:18:24.250533,350092.412,6286908.629
PD1406,D17,PGBY-66,11448,36,48,2025-10-20 06:18:26.221262,354193.314,6292880.476
PD1406,D17,PFZK-89,18713,45,60,2025-10-20 06:18:26.221267,354193.314,6292880.476
PI430,I10,FLXG-48,3675,8,14,2025-10-20 06:18:28.237731,334807.931,6289157.487
PI430,I10,FLXD-74,14779,37,49,2025-10-20 06:18:28.237735,334807.931,6289157.487
PI430,106,PFYS-50,19961,45,60,2025-10-20 06:18:28.237737,334807.931,6289157.487
PI430,106,PFVD-36,20518,45,60,2025-10-20 06:18:28.237737,334807.931,6289157.487
PI430,401,PFTF-82,13,0,3,2025-10-20 06:18:28.237738,334807.931,6289157.487
PI430,401,PGBB-56,15013,31,41,2025-10-20 06:18:28.237739,334807.931,6289157.487
PI430,421,PFVK-49,28064,45,60,2025-10-20 06:18:28.237740,334807.931,6289157.487
PI430,421,PFYG-55,28579,45,60,2025-10-20 06:18:28.237741,334807.931,6289157.487
PI430,423,PFTW-78,16650,45,60,2025-10-20 06:18:28.237742,334807.931,6289157.487
PI430,423,PFVD-64,21982,45,60,2025-10-20 06:18:28.237742,334807.931,6289157.487
PJ866,J08,FLXK-35,408,0,3,2025-10-20 06:18:29.845370,338904.505,6295368.185
PJ866,J08,FLXS-72,9846,30,40,2025-10-20 06:18:29.845376,338904.505,6295368.185
PC169,407,FLXV-51,357,0,3,2025-10-20 06:18:31.463439,356203.27,6302405.541
PC169,407,GCBD-90,8015,24,32,2025-10-20 06:18:31.463445,356203.27,6302405.541
PB2136,B36,STHP-52,5292,11,17,2025-10-20 06:18:33.252435,344719.001,6309586.001
PD1218,D16,SPBS-66,2202,0,8,2025-10-20 06:18:34.970360,352362.373,6295721.628
PD1218,D16,SPBS-40,8687,35,47,2025-10-20 06:18:34.970365,352362.373,6295721.628
PG2131,G28,BJFS-58,2942,0,10,2025-10-20 06:18:38.285934,343745.001,6281841.001
PB81,B20,SKHG-93,5201,10,16,2025-10-20 06:18:41.588437,341798.36,6302372.69
PB81,B20,LXDH-85,11813,25,35,2025-10-20 06:18:41.588442,341798.36,6302372.69
PB81,B29,SKHG-59,4300,0,10,2025-10-20 06:18:41.588443,341798.36,6302372.69
PB81,B29,LXDJ-11,6996,14,20,2025-10-20 06:18:41.588444,341798.36,6302372.69
PB81,410,LFGJ-94,495,0,3,2025-10-20 06:18:41.588445,341798.36,6302372.69
PB81,410,SJPD-73,7800,14,20,2025-10-20 06:18:41.588445,341798.36,6302372.69
PB81,109,GCBC-99,8445,21,29,2025-10-20 06:18:41.588446,341798.36,6302372.69
PB81,109,PFXC-22,12072,30,40,2025-10-20 06:18:41.588447,341798.36,6302372.69
PB81,B03,SKHG-90,3080,0,10,2025-10-20 06:18:41.588448,341798.36,6302372.69
PB81,B03,SKHG-65,3530,7,13,2025-10-20 06:18:41.588449,341798.36,6302372.69
PB81,105,SJPC-41,1876,0,6,2025-10-20 06:18:41.588449,341798.36,6302372.69
PB81,105,SJPC-67,6142,16,24,2025-10-20 06:18:41.588450,341798.36,6302372.69
PB81,120,TXZH-38,439,0,3,2025-10-20 06:18:41.588451,341798.36,6302372.69
PB81,120,SKHG-39,3793,0,10,2025-10-20 06:18:41.588452,341798.36,6302372.69
PD1242,D17,PFYC-71,1,0,3,2025-10-20 06:18:46.151524,355997.782,6293190.332
PD1242,D17,PGBY-66,7695,17,23,2025-10-20 06:18:46.151529,355997.782,6293190.332
PB1093,B09,SHCY-47,3472,10,16,2025-10-20 06:18:48.135141,339762.713,6303423.263
PB1093,B09,SHCY-39,10154,35,45,2025-10-20 06:18:48.135146,339762.713,6303423.263
PB1093,120,TXZH-38,2897,0,10,2025-10-20 06:18:48.135147,339762.713,6303423.263
PB1093,120,SKHG-39,6239,13,19,2025-10-20 06:18:48.135148,339762.713,6303423.263
PB1093,B29,LXDH-99,279,0,3,2025-10-20 06:18:48.135150,339762.713,6303423.263
PB1093,B29,SKHG-59,6746,15,21,2025-10-20 06:18:48.135152,339762.713,6303423.263
PB979,B06,SPCG-81,1511,0,6,2025-10-20 06:18:50.792755,345833.079,6304894.202
PB979,B06,SKDG-26,3873,8,14,2025-10-20 06:18:50.792760,345833.079,6304894.202
PB979,722,STHF-70,8671,15,21,2025-10-20 06:18:50.792762,345833.079,6304894.202
PB979,722,STHR-18,15775,28,38,2025-10-20 06:18:50.792762,345833.079,6304894.202
PI763,111,SKPK-40,4166,9,15,2025-10-20 06:18:52.792699,338700.774,6297124.185
PI763,111,PFYC-31,11921,30,40,2025-10-20 06:18:52.792704,338700.774,6297124.185
PI763,510,GCBF-26,6589,13,19,2025-10-20 06:18:52.792705,338700.774,6297124.185
PI763,510,PFWZ-57,10522,25,33,2025-10-20 06:18:52.792706,338700.774,6297124.185
PI763,514,FLXH-85,13733,32,42,2025-10-20 06:18:52.792707,338700.774,6297124.185
PI763,514,FLXJ-43,16218,38,50,2025-10-20 06:18:52.792708,338700.774,6297124.185
PI763,516,PFXC-73,8207,19,27,2025-10-20 06:18:52.792708,338700.774,6297124.185
PI763,516,TBFR-13,8700,20,28,2025-10-20 06:18:52.792709,338700.774,6297124.185
PI763,J08,FLXS-72,6680,22,30,2025-10-20 06:18:52.792710,338700.774,6297124.185
PI763,418,SKPK-40,4166,9,15,2025-10-20 06:18:52.792711,338700.774,6297124.185
PI763,418,PFYC-31,11921,30,40,2025-10-20 06:18:52.792712,338700.774,6297124.185
PI763,J19,VGTX-33,4528,10,16,2025-10-20 06:18:52.792712,338700.774,6297124.185
PF27,712,SJPD-87,354,0,3,2025-10-20 06:18:54.814630,354502.76,6283698.102
PF27,712,SJPC-75,6187,16,22,2025-10-20 06:18:54.814635,354502.76,6283698.102
PF27,F08,SPVV-69,1045,0,3,2025-10-20 06:18:54.814636,354502.76,6283698.102
PF27,F08,SPVV-51,3527,0,10,2025-10-20 06:18:54.814637,354502.76,6283698.102
PF27,F24,SKJP-44,1133,0,3,2025-10-20 06:18:54.814637,354502.76,6283698.102
PF27,F24,SPRV-91,4799,10,16,2025-10-20 06:18:54.814638,354502.76,6283698.102
PF27,F27,SPRY-39,183,0,3,2025-10-20 06:18:54.814639,354502.76,6283698.102
PF27,F27,SPRY-98,1422,0,3,2025-10-20 06:18:54.814640,354502.76,6283698.102
PF27,F06,SPZY-56,603,0,3,2025-10-20 06:18:54.814641,354502.76,6283698.102
PF27,F06,SPZY-28,4164,12,18,2025-10-20 06:18:54.814642,354502.76,6283698.102
PF405,F08,SPVV-69,4786,8,14,2025-10-20 06:18:56.746586,356066.68,6285585.617
PF405,F08,SPVV-51,7276,16,22,2025-10-20 06:18:56.746591,356066.68,6285585.617
PF405,E11,VKJX-30,0,0,3,2025-10-20 06:18:56.746592,356066.68,6285585.617
PF405,E11,VKJX-64,2581,0,10,2025-10-20 06:18:56.746593,356066.68,6285585.617
PH314,H03,CJRX-43,4897,13,19,2025-10-20 06:19:00.970470,342272.394,6288198.731
PH314,H12,CJRX-67,613,0,3,2025-10-20 06:19:00.970475,342272.394,6288198.731
PH314,H12,CJRW-55,7245,15,21,2025-10-20 06:19:00.970476,342272.394,6288198.731
PH314,G12,SFGY-67,5086,12,18,2025-10-20 06:19:00.970477,342272.394,6288198.731
PH314,G12,SFPG-35,10355,25,33,2025-10-20 06:19:00.970478,342272.394,6288198.731
PH245,226,VFPJ-68,1608,0,3,2025-10-20 06:19:05.424764,347410.784,6290115.525
PH245,226,VGBW-19,3116,0,8,2025-10-20 06:19:05.424769,347410.784,6290115.525
PH245,227,VFPS-87,6967,17,23,2025-10-20 06:19:05.424770,347410.784,6290115.525
PH245,227,VFPL-63,14189,35,47,2025-10-20 06:19:05.424771,347410.784,6290115.525
PH245,329,FLXR-16,31,0,3,2025-10-20 06:19:05.424772,347410.784,6290115.525
PH245,G11,THTD-81,3840,9,15,2025-10-20 06:19:05.424773,347410.784,6290115.525
PH245,G11,THTD-93,9804,24,32,2025-10-20 06:19:05.424774,347410.784,6290115.525
PE797,E15C,VFJT-76,1262,0,3,2025-10-20 06:19:07.289953,351714.384,6287766.716
PE797,E15C,VFKT-28,3447,8,14,2025-10-20 06:19:07.289958,351714.384,6287766.716
PE797,325,VFJK-84,1074,0,6,2025-10-20 06:19:07.289959,351714.384,6287766.716
PE797,325,VFKV-88,4235,13,19,2025-10-20 06:19:07.289960,351714.384,6287766.716
PI1208,I16,FLXF-46,1458,0,3,2025-10-20 06:19:09.178729,343475.482,6295019.949
PI1208,I16,FLXL-58,6564,17,25,2025-10-20 06:19:09.178734,343475.482,6295019.949
PA288,511,TBFP-56,3561,0,10,2025-10-20 06:19:10.692106,344673.712,6295259.893
PA288,511,TBFW-92,11142,26,34,2025-10-20 06:19:10.692111,344673.712,6295259.893
PA288,H07,BJFV-29,5103,13,19,2025-10-20 06:19:10.692113,344673.712,6295259.893
PA288,345,BJFS-75,17,0,3,2025-10-20 06:19:10.692114,344673.712,6295259.893
PA288,345,BJFT-91,538,0,3,2025-10-20 06:19:10.692114,344673.712,6295259.893
PB1357,B27,FLXT-71,0,0,3,2025-10-20 06:19:12.384671,346579.886,6305249.782
PB1357,B27,FLXT-86,4669,13,19,2025-10-20 06:19:12.384676,346579.886,6305249.782
PB1357,B19,TPWW-72,2934,0,10,2025-10-20 06:19:12.384677,346579.886,6305249.782
PB1357,B19,SHCY-56,7533,17,25,2025-10-20 06:19:12.384678,346579.886,6305249.782
PF1028,F12C,SRVL-35,1,0,3,2025-10-20 06:19:13.917549,352265.03,6277645.05
PF1028,F12C,LCTG-33,1897,16,22,2025-10-20 06:19:13.917563,352265.03,6277645.05
PG836,G11,THTG-88,2469,0,8,2025-10-20 06:19:15.623953,348324.183,6285667.0
PG836,G11,THTH-70,6389,16,24,2025-10-20 06:19:15.623958,348324.183,6285667.0
PG836,G18,SHCV-27,763,0,3,2025-10-20 06:19:15.623959,348324.183,6285667.0
PD1082,D01,SVDC-87,15434,33,43,2025-10-20 06:19:17.544374,356905.995,6296096.387
PD1082,D01,SVDD-72,15784,34,44,2025-10-20 06:19:17.544379,356905.995,6296096.387
PD1082,D10,SVDF-24,621,0,3,2025-10-20 06:19:17.544380,356905.995,6296096.387
PD856,D05,SPBS-57,4890,11,17,2025-10-20 06:19:19.347399,354520.656,6294885.53
PD856,D05,PGTT-89,7981,20,28,2025-10-20 06:19:19.347404,354520.656,6294885.53
PE1517,D26,SPBG-12,1107,0,6,2025-10-20 06:19:22.918399,355838.0,6290140.0
PE1517,E06,FLXT-38,610,0,3,2025-10-20 06:19:22.918405,355838.0,6290140.0
PE1517,E17,CJRC-37,1,0,3,2025-10-20 06:19:22.918406,355838.0,6290140.0
PE1517,E17,FLXT-15,2046,0,8,2025-10-20 06:19:22.918407,355838.0,6290140.0
PJ1055,504,GCBF-25,563,0,6,2025-10-20 06:19:24.939984,334644.32,6299245.56
PB400,B45,VHSX-79,1,0,3,2025-10-20 06:19:27.177414,337754.634,6306434.851
PB447,B06,SKDJ-18,576,0,3,2025-10-20 06:19:29.159492,342086.97,6306448.86
PB447,B06,SKDJ-90,3895,10,16,2025-10-20 06:19:29.159497,342086.97,6306448.86
PB447,429,SLLY-91,3784,9,15,2025-10-20 06:19:29.159498,342086.97,6306448.86
PB447,429,SJPF-95,4335,11,17,2025-10-20 06:19:29.159499,342086.97,6306448.86
PB447,B07,STHL-27,4858,0,10,2025-10-20 06:19:29.159500,342086.97,6306448.86
PB447,B07,LDJV-45,9787,17,25,2025-10-20 06:19:29.159500,342086.97,6306448.86
PB447,B08,SHCY-51,564,0,3,2025-10-20 06:19:29.159501,342086.97,6306448.86
PB447,B08,STHL-11,5972,18,26,2025-10-20 06:19:29.159502,342086.97,6306448.86
PF69,204,VFPH-98,2492,0,8,2025-10-20 06:19:31.095876,351701.757,6284567.451
PF69,204,VFPZ-27,4458,10,16,2025-10-20 06:19:31.095881,351701.757,6284567.451
PB782,B02,FLXR-92,13491,45,60,2025-10-20 06:19:33.063539,346863.141,6305923.672
PB782,B02,FLXR-83,16292,45,60,2025-10-20 06:19:33.063544,346863.141,6305923.672
PB782,B02N,FLXR-89,3494,0,10,2025-10-20 06:19:33.063545,346863.141,6305923.672
PB782,C18,SHCX-35,3252,7,13,2025-10-20 06:19:33.063546,346863.141,6305923.672
PB782,C18,SHCX-27,10110,23,31,2025-10-20 06:19:33.063547,346863.141,6305923.672
PC1258,C11,LDTG-56,1106,0,3,2025-10-20 06:19:34.962067,357060.0,6305449.0
PC1258,C11,SKPJ-87,6966,16,22,2025-10-20 06:19:34.962073,357060.0,6305449.0
PB696,B01,SKHG-37,3764,25,33,2025-10-20 06:19:38.988915,342308.536,6303769.536
PB696,B01,TXZH-33,8707,38,50,2025-10-20 06:19:38.988920,342308.536,6303769.536
PB696,B17,SJTD-62,7146,21,29,2025-10-20 06:19:38.988921,342308.536,6303769.536
PB696,B17,SPZX-56,13138,45,60,2025-10-20 06:19:38.988922,342308.536,6303769.536
PB696,B24,STHD-47,173,0,3,2025-10-20 06:19:38.988923,342308.536,6303769.536
PB696,B28,SJTD-56,366,0,3,2025-10-20 06:19:38.988924,342308.536,6303769.536
PG634,G13,SCRZ-35,974,0,3,2025-10-20 06:19:40.883700,345425.226,6285238.474
PG634,G13,SFPG-60,3195,0,10,2025-10-20 06:19:40.883705,345425.226,6285238.474
PG634,G16,SFPG-61,1138,0,3,2025-10-20 06:19:40.883707,345425.226,6285238.474
PG634,G16,SFPG-38,3099,7,13,2025-10-20 06:19:40.883707,345425.226,6285238.474
PG634,F06,SPZX-83,3794,9,15,2025-10-20 06:19:40.883708,345425.226,6285238.474
PG634,F06,TXZH-46,4711,12,18,2025-10-20 06:19:40.883709,345425.226,6285238.474
PG634,203,LXWT-95,1149,0,3,2025-10-20 06:19:40.883710,345425.226,6285238.474
PG634,203C,LZPT-38,1509,0,6,2025-10-20 06:19:40.883711,345425.226,6285238.474
PG634,203E,SFWB-42,3209,8,14,2025-10-20 06:19:40.883712,345425.226,6285238.474
PB2061,B15,SPCG-71,425,0,3,2025-10-20 06:19:42.565897,347728.0,6303378.0
PG1040,G22,THTF-61,1337,0,6,2025-10-20 06:19:44.193047,342401.916,6284596.214
PG1040,G22,THTG-96,2647,0,10,2025-10-20 06:19:44.193052,342401.916,6284596.214
PG1040,G09,SHXB-23,2783,0,10,2025-10-20 06:19:44.193053,342401.916,6284596.214
PG1040,G09,SCRZ-24,8901,26,36,2025-10-20 06:19:44.193054,342401.916,6284596.214
PC382,412,PGBY-83,5003,15,21,2025-10-20 06:19:45.925727,352050.251,6300327.642
PC382,412,PFTW-42,9258,37,49,2025-10-20 06:19:45.925732,352050.251,6300327.642
PC382,418,PFVG-99,1,0,3,2025-10-20 06:19:45.925733,352050.251,6300327.642
PC382,418,SJPD-71,5070,14,20,2025-10-20 06:19:45.925734,352050.251,6300327.642
PC382,429,SLLZ-36,1,0,3,2025-10-20 06:19:45.925735,352050.251,6300327.642
PC382,429,SLLZ-26,5973,16,22,2025-10-20 06:19:45.925735,352050.251,6300327.642
PC382,432N,PFVJ-22,4999,11,17,2025-10-20 06:19:45.925736,352050.251,6300327.642
PC162,C01C,LXWP-63,853,0,8,2025-10-20 06:19:50.252606,353455.107,6301984.514
PC162,430,PGBY-74,117,0,3,2025-10-20 06:19:50.252611,353455.107,6301984.514
PC162,430,PFZK-88,3219,0,10,2025-10-20 06:19:50.252612,353455.107,6301984.514
PC162,407,GCBD-90,4684,14,20,2025-10-20 06:19:50.252613,353455.107,6301984.514
PC162,407,GCBC-46,7388,23,31,2025-10-20 06:19:50.252614,353455.107,6301984.514
PC162,C01,LDJJ-60,26,0,3,2025-10-20 06:19:50.252615,353455.107,6301984.514
PC162,C01,LCPW-47,2372,0,8,2025-10-20 06:19:50.252616,353455.107,6301984.514
PC162,C28,SHCY-27,1,0,3,2025-10-20 06:19:50.252616,353455.107,6301984.514
PC162,421,PFBG-13,3337,9,15,2025-10-20 06:19:50.252617,353455.107,6301984.514
PC162,421,PDZH-76,4741,13,19,2025-10-20 06:19:50.252618,353455.107,6301984.514
PC162,406,GCBF-22,668,0,3,2025-10-20 06:19:50.252619,353455.107,6301984.514
PC162,406,SZZH-70,1789,0,8,2025-10-20 06:19:50.252620,353455.107,6301984.514
PC162,426,BJFD-64,2664,0,10,2025-10-20 06:19:50.252620,353455.107,6301984.514
PC162,426,FLXD-25,6360,21,29,2025-10-20 06:19:50.252621,353455.107,6301984.514
PC162,C02,LDJJ-71,1019,0,6,2025-10-20 06:19:50.252622,353455.107,6301984.514
PC162,C02,LDJJ-85,4297,8,14,2025-10-20 06:19:50.252623,353455.107,6301984.514
PC162,401,PFBG-40,2721,0,10,2025-10-20 06:19:50.252624,353455.107,6301984.514
PC162,401,PFVL-17,3349,9,15,2025-10-20 06:19:50.252624,353455.107,6301984.514
PB194,308,FLXJ-99,5612,7,13,2025-10-20 06:19:52.478585,343896.908,6304460.115
PB194,308,FLXK-11,9896,35,45,2025-10-20 06:19:52.478590,343896.908,6304460.115
PG819,G04,SHXB-24,2533,0,8,2025-10-20 06:19:54.319976,346355.461,6286027.57
PA320,121,BJFS-51,5564,13,19,2025-10-20 06:19:56.178648,345399.77,6296070.97
PA320,121,FLXG-98,6444,15,21,2025-10-20 06:19:56.178654,345399.77,6296070.97
PC557,517,VHZX-30,1003,0,3,2025-10-20 06:19:58.191112,352139.55,6300358.918
PC557,517,VJBC-70,9114,18,26,2025-10-20 06:19:58.191117,352139.55,6300358.918
PC557,503,VHLS-28,5382,11,17,2025-10-20 06:19:58.191118,352139.55,6300358.918
PC557,C06,SGPW-38,3745,0,10,2025-10-20 06:19:58.191119,352139.55,6300358.918
PC557,C06,LWTK-52,8395,19,27,2025-10-20 06:19:58.191120,352139.55,6300358.918
PI676,I01,FLXL-32,1996,0,6,2025-10-20 06:20:00.086605,341305.98,6292939.363
PI676,I01,FLXJ-28,7750,14,20,2025-10-20 06:20:00.086609,341305.98,6292939.363
PG592,G23,SFWZ-45,905,0,3,2025-10-20 06:20:03.430585,348577.351,6282570.635
PG592,G23,SFWZ-77,2377,0,8,2025-10-20 06:20:03.430591,348577.351,6282570.635
PG592,G13C,SCRZ-17,2426,8,14,2025-10-20 06:20:03.430592,348577.351,6282570.635
PG592,G13C,SFGY-84,4142,15,21,2025-10-20 06:20:03.430593,348577.351,6282570.635
PG592,203N,LXWT-83,2660,0,8,2025-10-20 06:20:03.430594,348577.351,6282570.635
PG592,203N,SDGY-18,2517,0,8,2025-10-20 06:20:03.430595,348577.351,6282570.635
PG592,G28,BJFT-27,130,0,3,2025-10-20 06:20:03.430596,348577.351,6282570.635
PG592,G28,BJFZ-63,7399,15,21,2025-10-20 06:20:03.430597,348577.351,6282570.635
PG592,G05,SHCX-17,3992,8,14,2025-10-20 06:20:03.430597,348577.351,6282570.635
PG592,G05,SHXG-74,7621,22,30,2025-10-20 06:20:03.430598,348577.351,6282570.635
PG592,G35,SDSW-86,168,0,3,2025-10-20 06:20:03.430599,348577.351,6282570.635
PG592,G35,SFPF-80,5286,14,20,2025-10-20 06:20:03.430600,348577.351,6282570.635
PG592,G13,SCRW-49,795,0,3,2025-10-20 06:20:03.430601,348577.351,6282570.635
PG592,G13,SHXG-78,4480,13,19,2025-10-20 06:20:03.430602,348577.351,6282570.635
PG592,F06,SPZY-42,1259,0,6,2025-10-20 06:20:03.430603,348577.351,6282570.635
PG592,F06,SPZY-51,6999,20,28,2025-10-20 06:20:03.430604,348577.351,6282570.635
PG592,F20,SPZX-66,746,0,3,2025-10-20 06:20:03.430605,348577.351,6282570.635
PG592,F20,SPZX-75,5768,13,19,2025-10-20 06:20:03.430605,348577.351,6282570.635
PI1188,385,FLXL-87,3497,0,10,2025-10-20 06:20:10.199370,342668.773,6295644.796
PI1188,385,FLXH-13,10172,23,31,2025-10-20 06:20:10.199375,342668.773,6295644.796
PI1188,I16,FLXL-58,413,0,3,2025-10-20 06:20:10.199376,342668.773,6295644.796
PI1188,I16,FLXL-29,2961,9,15,2025-10-20 06:20:10.199377,342668.773,6295644.796
PI1826,J12,FLXG-36,1437,0,3,2025-10-20 06:20:12.133116,327591.33,6296656.23
PI1826,J12,TBFR-85,7449,26,34,2025-10-20 06:20:12.133130,327591.33,6296656.23
PI1826,J22,TBFW-23,6775,18,26,2025-10-20 06:20:12.133131,327591.33,6296656.23
PJ710,502,TBFW-18,20149,45,60,2025-10-20 06:20:14.292954,335869.263,6301204.611
PJ710,502,TBFW-26,26604,45,60,2025-10-20 06:20:14.292960,335869.263,6301204.611
PJ710,511,TBFX-40,15411,35,47,2025-10-20 06:20:14.292961,335869.263,6301204.611
PJ710,511,TBFP-56,19294,45,60,2025-10-20 06:20:14.292962,335869.263,6301204.611
PJ710,J04,TBFS-41,3149,0,6,2025-10-20 06:20:14.292963,335869.263,6301204.611
PJ710,J04,TBFX-70,3350,0,8,2025-10-20 06:20:14.292964,335869.263,6301204.611
PJ710,J05,TBFR-20,12557,26,36,2025-10-20 06:20:14.292965,335869.263,6301204.611
PJ710,J05,PFXC-32,13681,29,39,2025-10-20 06:20:14.292965,335869.263,6301204.611
PC898,C11,LDTG-56,3607,0,10,2025-10-20 06:20:16.212522,355049.291,6304423.087
PC898,C11,SKPJ-87,9706,22,30,2025-10-20 06:20:16.212527,355049.291,6304423.087
PB1331,B17,SJTD-62,3096,8,14,2025-10-20 06:20:18.304567,344471.672,6301466.24
PB1331,B17,SPZX-56,9045,45,60,2025-10-20 06:20:18.304572,344471.672,6301466.24
PB648,B12,SKDJ-25,1163,0,3,2025-10-20 06:20:19.978182,339119.732,6307686.136
PB648,B12,SKDJ-31,2931,17,25,2025-10-20 06:20:19.978187,339119.732,6307686.136
PB648,B12C,SKDJ-10,858,0,3,2025-10-20 06:20:19.978188,339119.732,6307686.136
PB648,B12C,SKDG-24,2969,24,32,2025-10-20 06:20:19.978189,339119.732,6307686.136
PB2132,B20,SKHG-93,13247,45,60,2025-10-20 06:20:21.603950,335962.0,6301915.0
PB2132,B20,LXDH-85,20613,45,60,2025-10-20 06:20:21.603955,335962.0,6301915.0
PD343,514,GCBD-20,7799,20,28,2025-10-20 06:20:23.514345,353118.344,6296749.417
PD343,514,PFXB-23,14255,36,48,2025-10-20 06:20:23.514350,353118.344,6296749.417
PG1147,G12,SFPF-87,1940,0,8,2025-10-20 06:20:25.045435,344779.908,6287952.469
PG1147,G12,SCRZ-26,5533,19,27,2025-10-20 06:20:25.045441,344779.908,6287952.469
PH796,125,FLXF-87,1290,0,6,2025-10-20 06:20:28.226444,342024.804,6288726.52
PH796,H12,CJRX-67,1,0,3,2025-10-20 06:20:28.226449,342024.804,6288726.52
PH796,H12,CJRW-55,7466,15,21,2025-10-20 06:20:28.226450,342024.804,6288726.52
PG297,228,THTH-84,217,0,3,2025-10-20 06:20:29.893759,346451.334,6286198.583
PJ35,505,LZPH-23,295,0,3,2025-10-20 06:20:31.682948,337720.62,6301533.38
PJ35,505,VJJV-78,2204,0,8,2025-10-20 06:20:31.682953,337720.62,6301533.38
PJ35,110,FLXG-45,893,8,14,2025-10-20 06:20:31.682954,337720.62,6301533.38
PJ35,110,FLXH-89,1051,10,16,2025-10-20 06:20:31.682955,337720.62,6301533.38
PI1891,I35,SHXG-66,174,0,3,2025-10-20 06:20:33.609402,332193.0,6282380.0
PE1495,E12,VFJD-82,2576,0,10,2025-10-20 06:20:35.545591,355000.67,6285882.49
PE1495,E12,VFJV-14,4593,13,19,2025-10-20 06:20:35.545596,355000.67,6285882.49
PH437,E04,VKJY-86,378,0,3,2025-10-20 06:20:37.460535,348488.88,6292554.464
PH437,E04,VKJZ-46,2608,0,10,2025-10-20 06:20:37.460541,348488.88,6292554.464
PH437,H24,VGLZ-43,3985,7,13,2025-10-20 06:20:37.460543,348488.88,6292554.464
PH437,H24,VGRF-84,8213,19,27,2025-10-20 06:20:37.460544,348488.88,6292554.464
PB1880,105,SHXF-28,1090,0,6,2025-10-20 06:20:39.383124,341328.38,6302573.14
PB1880,105,SJPC-36,4593,18,26,2025-10-20 06:20:39.383130,341328.38,6302573.14
PB1880,B09,SHCY-39,3562,16,22,2025-10-20 06:20:39.383131,341328.38,6302573.14
PB1880,B09,SHCY-33,10537,36,48,2025-10-20 06:20:39.383132,341328.38,6302573.14
PB1880,120,TXZH-35,998,0,3,2025-10-20 06:20:39.383142,341328.38,6302573.14
PB1880,109,FLXS-71,2605,8,14,2025-10-20 06:20:39.383143,341328.38,6302573.14
PB1880,109,FDJX-66,4658,13,19,2025-10-20 06:20:39.383144,341328.38,6302573.14
PJ393,J04,PFXB-71,1557,0,8,2025-10-20 06:20:41.080710,339085.521,6299803.857
PJ393,J04,FLXV-77,2751,8,14,2025-10-20 06:20:41.080715,339085.521,6299803.857
PJ393,517,VJJR-66,906,0,3,2025-10-20 06:20:41.080716,339085.521,6299803.857
PJ393,503,VGVB-45,1182,0,6,2025-10-20 06:20:41.080717,339085.521,6299803.857
PJ393,503,VGVG-45,4188,11,17,2025-10-20 06:20:41.080717,339085.521,6299803.857
PJ393,504,GCBF-32,400,0,3,2025-10-20 06:20:41.080718,339085.521,6299803.857
PJ393,504,TBFX-44,2716,8,14,2025-10-20 06:20:41.080722,339085.521,6299803.857
PJ393,507,TBFR-29,1411,0,6,2025-10-20 06:20:41.080722,339085.521,6299803.857
PJ393,507,TBFS-59,5112,14,20,2025-10-20 06:20:41.080723,339085.521,6299803.857
PJ393,518,GCBC-72,169,0,3,2025-10-20 06:20:41.080724,339085.521,6299803.857
PJ393,518,FLXD-35,3332,36,48,2025-10-20 06:20:41.080725,339085.521,6299803.857
PG1962,G07,THTD-80,2272,0,10,2025-10-20 06:20:42.742499,337737.91,6273157.02
PG1129,203,GCBF-53,4280,12,18,2025-10-20 06:20:46.769730,347014.601,6285378.845
PG1129,203,SRTH-21,4353,12,18,2025-10-20 06:20:46.769735,347014.601,6285378.845
PG1129,203C,LXWT-84,2340,0,8,2025-10-20 06:20:46.769736,347014.601,6285378.845
PG1129,203C,LZPR-87,7333,18,26,2025-10-20 06:20:46.769737,347014.601,6285378.845
PG1129,G11,THTG-88,3512,0,10,2025-10-20 06:20:46.769738,347014.601,6285378.845
PG1129,G11,THTH-70,7537,19,27,2025-10-20 06:20:46.769739,347014.601,6285378.845
PG1290,G09,SFGY-22,1859,0,8,2025-10-20 06:20:49.185553,345526.408,6282068.752
PG1290,G09,SFGY-77,2544,0,10,2025-10-20 06:20:49.185559,345526.408,6282068.752
PG1290,228,THTF-30,16,0,3,2025-10-20 06:20:49.185561,345526.408,6282068.752
PG1290,228,THTH-14,1116,0,3,2025-10-20 06:20:49.185562,345526.408,6282068.752
PG1290,G08,THTG-60,1,0,3,2025-10-20 06:20:49.185563,345526.408,6282068.752
PG1290,G08,THTD-27,2631,0,10,2025-10-20 06:20:49.185564,345526.408,6282068.752
PE470,E05,BJFV-85,3682,11,17,2025-10-20 06:20:51.174504,349654.16,6289773.243
PJ432,J04,TBFX-70,471,0,3,2025-10-20 06:20:53.170628,336927.919,6300536.815
PJ432,J04,TBFX-30,4820,10,16,2025-10-20 06:20:53.170635,336927.919,6300536.815
PJ432,J16,FLXD-33,11004,26,34,2025-10-20 06:20:53.170637,336927.919,6300536.815
PJ432,J16,CJRZ-90,18144,45,60,2025-10-20 06:20:53.170639,336927.919,6300536.815
PJ256,505,VHXJ-50,8947,17,25,2025-10-20 06:20:55.662238,335809.0,6301327.0
PJ256,505,LXWS-34,12936,29,39,2025-10-20 06:20:55.662242,335809.0,6301327.0
PC550,C06,SGPW-38,764,0,3,2025-10-20 06:20:57.798478,354537.683,6301450.424
PC550,C06,LWTK-52,5294,12,18,2025-10-20 06:20:57.798483,354537.683,6301450.424
PC550,517,VJBC-70,6172,12,18,2025-10-20 06:20:57.798484,354537.683,6301450.424
PC550,503,VHLS-28,2305,0,8,2025-10-20 06:20:57.798485,354537.683,6301450.424
PC550,722,STHR-18,1150,0,3,2025-10-20 06:20:57.798486,354537.683,6301450.424
PB1364,C18,SHXF-21,934,0,6,2025-10-20 06:20:59.720185,347313.876,6306379.59
PB1364,C18,SHCW-76,5613,9,15,2025-10-20 06:20:59.720190,347313.876,6306379.59
PD1109,D11,SVDF-41,3767,8,14,2025-10-20 06:21:01.678983,355767.936,6296512.981
PD1109,D11,SVDF-82,7197,16,24,2025-10-20 06:21:01.678989,355767.936,6296512.981
PI1138,I25,FLXL-31,1346,0,10,2025-10-20 06:21:03.796814,339844.105,6293142.593
PI1138,I13,FLXX-97,69,0,3,2025-10-20 06:21:03.796820,339844.105,6293142.593
PI1138,I13,FLXY-11,4942,16,24,2025-10-20 06:21:03.796821,339844.105,6293142.593
PI1138,I20,FLXG-11,6549,24,32,2025-10-20 06:21:03.796822,339844.105,6293142.593
PB1928,B12,SKDG-29,6493,15,21,2025-10-20 06:21:05.446829,338325.811,6307135.913
PB1928,B12,SKDJ-95,13766,31,41,2025-10-20 06:21:05.446834,338325.811,6307135.913
PB1928,308,FLXT-92,9118,20,28,2025-10-20 06:21:05.446836,338325.811,6307135.913
PB1928,308,FLXJ-93,12336,30,40,2025-10-20 06:21:05.446837,338325.811,6307135.913
PB1928,308C,FLXL-37,3567,11,17,2025-10-20 06:21:05.446838,338325.811,6307135.913
PB1639,208C,SFWZ-83,1,0,3,2025-10-20 06:21:07.346736,347393.775,6303787.504
PB1639,208C,FLXC-93,611,0,3,2025-10-20 06:21:07.346741,347393.775,6303787.504
PG748,211,TBYY-73,135,0,3,2025-10-20 06:21:09.417341,341905.586,6279394.458
PG748,211,FLXL-98,6865,17,25,2025-10-20 06:21:09.417346,341905.586,6279394.458
PG748,G07,THTD-46,3325,0,10,2025-10-20 06:21:09.417347,341905.586,6279394.458
PG748,G07,THTF-54,5607,15,21,2025-10-20 06:21:09.417348,341905.586,6279394.458
PJ512,508,PFXB-39,6169,14,20,2025-10-20 06:21:11.106018,340407.211,6300168.727
PJ512,508,BJFF-47,9749,24,32,2025-10-20 06:21:11.106023,340407.211,6300168.727
PJ512,518,TBFP-79,10490,28,38,2025-10-20 06:21:11.106024,340407.211,6300168.727
PJ512,518,GCBC-38,18830,45,60,2025-10-20 06:21:11.106025,340407.211,6300168.727
PJ512,J03,FLXD-57,4551,8,14,2025-10-20 06:21:11.106026,340407.211,6300168.727
PJ512,J03,FLXD-51,5412,10,16,2025-10-20 06:21:11.106026,340407.211,6300168.727
PJ512,504,GCBD-81,2683,0,10,2025-10-20 06:21:11.106027,340407.211,6300168.727
PJ512,504,TBFV-99,9253,26,34,2025-10-20 06:21:11.106028,340407.211,6300168.727
PJ512,507,TBFX-53,5495,15,21,2025-10-20 06:21:11.106029,340407.211,6300168.727
PJ512,507,TBFW-14,8813,25,33,2025-10-20 06:21:11.106030,340407.211,6300168.727
PF1099,F27,SPRY-39,4040,8,14,2025-10-20 06:21:13.009871,357025.32,6283881.48
PF1099,F27,SPRY-98,4513,9,15,2025-10-20 06:21:13.009876,357025.32,6283881.48
PB1318,301,FLXK-47,136,0,3,2025-10-20 06:21:16.902471,344136.152,6301536.15
PB1318,B17,STHF-76,2094,0,8,2025-10-20 06:21:16.902476,344136.152,6301536.15
PG1158,G12,SFGY-19,1,0,3,2025-10-20 06:21:20.905873,344898.111,6288837.235
PG1158,G12,SFPF-87,5235,15,21,2025-10-20 06:21:20.905877,344898.111,6288837.235
PA639,H13,BJFV-75,4,0,3,2025-10-20 06:21:28.988842,348781.617,6295393.346
PA639,H13,CJRZ-72,7721,20,28,2025-10-20 06:21:28.988847,348781.617,6295393.346
PA639,511,PFXC-49,6504,12,18,2025-10-20 06:21:28.988849,348781.617,6295393.346
PA639,511,TBFT-99,12020,26,36,2025-10-20 06:21:28.988849,348781.617,6295393.346
PA639,H07,FLXK-55,2060,0,8,2025-10-20 06:21:28.988850,348781.617,6295393.346
PA639,H07,BJFV-29,8803,22,30,2025-10-20 06:21:28.988851,348781.617,6295393.346
PC471,501,TBFS-68,2957,8,14,2025-10-20 06:21:31.128548,351457.476,6299183.488
PC471,504,TBFT-52,4783,14,20,2025-10-20 06:21:31.128554,351457.476,6299183.488
PC471,504,GCBD-36,6343,19,27,2025-10-20 06:21:31.128555,351457.476,6299183.488
PC471,518,TBFT-67,4139,11,17,2025-10-20 06:21:31.128556,351457.476,6299183.488
PC471,518,FLXS-67,5210,15,21,2025-10-20 06:21:31.128557,351457.476,6299183.488
PA213,229,TBZB-19,1701,0,8,2025-10-20 06:21:32.858233,346165.152,6297928.543
PA213,229,CJRL-16,5810,17,23,2025-10-20 06:21:32.858238,346165.152,6297928.543
PA213,509,FLXK-34,1246,0,8,2025-10-20 06:21:32.858239,346165.152,6297928.543
PA213,509,FLXW-54,4131,14,20,2025-10-20 06:21:32.858240,346165.152,6297928.543
PB1136,230,GCBC-11,6523,19,27,2025-10-20 06:21:34.778621,344446.56,6305066.139
PB1136,230,GCBC-18,10862,35,47,2025-10-20 06:21:34.778626,344446.56,6305066.139
PB1136,B10,STHF-84,2070,0,6,2025-10-20 06:21:34.778628,344446.56,6305066.139
PB1136,B10,STHK-27,9561,23,31,2025-10-20 06:21:34.778628,344446.56,6305066.139
PB1205,B12C,SKDF-98,4743,7,13,2025-10-20 06:21:39.112594,339114.073,6308554.907
PB1205,313E,FLXF-29,17831,45,60,2025-10-20 06:21:39.112600,339114.073,6308554.907
PB1205,B12,SKDG-29,3677,0,6,2025-10-20 06:21:39.112601,339114.073,6308554.907
PB1205,B12,SKDJ-95,10922,20,28,2025-10-20 06:21:39.112602,339114.073,6308554.907
PI637,D18,SVDF-23,92,0,3,2025-10-20 06:21:43.657091,350691.824,6298170.81
PB1727,B14,FLXJ-41,178,0,3,2025-10-20 06:21:45.978143,349148.153,6302856.285
PB1727,B14,HRKT-53,239,0,3,2025-10-20 06:21:45.978148,349148.153,6302856.285
PG590,203N,LXWT-83,1312,0,3,2025-10-20 06:21:49.573474,348054.423,6282641.574
PG590,203N,SDGY-18,1597,0,3,2025-10-20 06:21:49.573479,348054.423,6282641.574
PG590,G23,SFWZ-45,1,0,3,2025-10-20 06:21:49.573480,348054.423,6282641.574
PG590,G23,SFWZ-77,979,0,3,2025-10-20 06:21:49.573481,348054.423,6282641.574
PG590,G28,BJFZ-63,6313,13,19,2025-10-20 06:21:49.573482,348054.423,6282641.574
PG590,G28,BJFS-58,9160,20,28,2025-10-20 06:21:49.573483,348054.423,6282641.574
PG590,G35,SFPF-80,4122,10,16,2025-10-20 06:21:49.573484,348054.423,6282641.574
PG590,G35,SFGY-12,10503,34,44,2025-10-20 06:21:49.573484,348054.423,6282641.574
PG590,G13C,SCRZ-17,1151,0,8,2025-10-20 06:21:49.573485,348054.423,6282641.574
PG590,G13C,SFGY-84,2779,10,16,2025-10-20 06:21:49.573486,348054.423,6282641.574
PG590,F06,SPZY-42,25,0,3,2025-10-20 06:21:49.573487,348054.423,6282641.574
PG590,F06,SPZY-51,5944,16,24,2025-10-20 06:21:49.573488,348054.423,6282641.574
PG590,F20,SPZX-75,4141,7,13,2025-10-20 06:21:49.573489,348054.423,6282641.574
PG590,G05,SHCX-17,2881,0,10,2025-10-20 06:21:49.573489,348054.423,6282641.574
PG590,G05,SHXG-74,6188,19,27,2025-10-20 06:21:49.573490,348054.423,6282641.574
PG590,G13,SHXG-78,3608,10,16,2025-10-20 06:21:49.573491,348054.423,6282641.574
PG590,G13,SHXB-16,4859,16,22,2025-10-20 06:21:49.573492,348054.423,6282641.574
PE1283,E08,VKJX-53,532,0,3,2025-10-20 06:21:51.574490,352904.399,6287538.638
PE1283,F25,SPZX-43,573,0,3,2025-10-20 06:21:51.574495,352904.399,6287538.638
PG2019,G38,THTF-92,4336,15,21,2025-10-20 06:21:53.953424,344053.01,6281141.01
PG2019,G38,THTG-13,8320,27,37,2025-10-20 06:21:53.953430,344053.01,6281141.01
PG2019,G43,FLXP-31,53,0,3,2025-10-20 06:21:53.953431,344053.01,6281141.01
PG2019,G24,FLXP-23,24,0,3,2025-10-20 06:21:53.953432,344053.01,6281141.01
PG2019,G24,FLXP-29,5700,17,23,2025-10-20 06:21:53.953433,344053.01,6281141.01
PB1424,B22,SKPS-25,1,0,3,2025-10-20 06:21:55.874813,347606.876,6304576.345
PH153,203,LXWT-94,1,0,3,2025-10-20 06:21:57.812515,347805.562,6291355.305
PH153,203,SFST-18,5577,14,20,2025-10-20 06:21:57.812520,347805.562,6291355.305
PH153,203E,SFWB-77,4001,9,15,2025-10-20 06:21:57.812521,347805.562,6291355.305
PH153,203E,SFWB-95,4490,10,16,2025-10-20 06:21:57.812522,347805.562,6291355.305
PH153,206,LZPW-16,1,0,3,2025-10-20 06:21:57.812523,347805.562,6291355.305
PH153,206,LZPS-24,2441,0,8,2025-10-20 06:21:57.812524,347805.562,6291355.305
PD166,106,PGPT-24,4489,15,21,2025-10-20 06:21:59.700797,350406.37,6297510.12
PD166,106,PFVJ-20,6538,21,29,2025-10-20 06:21:59.700803,350406.37,6297510.12
PD166,126,BJFW-26,1964,0,8,2025-10-20 06:21:59.700804,350406.37,6297510.12
PD166,126,FLXT-30,4629,13,19,2025-10-20 06:21:59.700805,350406.37,6297510.12
PA135,204,VGBV-29,3170,0,8,2025-10-20 06:22:01.672874,347673.4,6297691.6
PA135,204,VFPT-63,3255,0,8,2025-10-20 06:22:01.672881,347673.4,6297691.6
PA135,204N,VGKY-22,3336,8,14,2025-10-20 06:22:01.672883,347673.4,6297691.6
PA135,204E,LZPT-73,46,0,3,2025-10-20 06:22:01.672884,347673.4,6297691.6
PA135,204E,GCBF-50,2871,0,10,2025-10-20 06:22:01.672885,347673.4,6297691.6
PE14,104,SKVD-69,5162,11,17,2025-10-20 06:22:03.809777,353868.646,6288247.966
PE14,104,SKWD-61,8468,20,28,2025-10-20 06:22:03.809783,353868.646,6288247.966
PE14,114,SKVD-68,3031,0,8,2025-10-20 06:22:03.809784,353868.646,6288247.966
PE14,114,SKWD-81,8674,20,28,2025-10-20 06:22:03.809785,353868.646,6288247.966
PE14,102,SPZX-79,1,0,3,2025-10-20 06:22:03.809786,353868.646,6288247.966
PE14,102,SPZX-80,9018,18,26,2025-10-20 06:22:03.809787,353868.646,6288247.966
PE14,124,SRVG-88,737,0,3,2025-10-20 06:22:03.809788,353868.646,6288247.966
PE14,712,SHCW-68,793,0,3,2025-10-20 06:22:03.809789,353868.646,6288247.966
PE14,712,SHXG-95,4159,0,8,2025-10-20 06:22:03.809790,353868.646,6288247.966
PI1080,511,TBFX-40,3769,7,13,2025-10-20 06:22:05.763570,341885.668,6297072.141
PI1080,511,TBFP-56,7886,19,27,2025-10-20 06:22:05.763575,341885.668,6297072.141
PI1080,J13,FLXV-58,1235,0,6,2025-10-20 06:22:05.763576,341885.668,6297072.141
PI1525,I20,FLXK-79,1152,0,6,2025-10-20 06:22:07.670696,338942.086,6293014.489
PI565,506,TBFW-53,1,0,3,2025-10-20 06:22:09.340134,336825.564,6288995.662
PI565,506,TBFX-71,842,0,3,2025-10-20 06:22:09.340140,336825.564,6288995.662
PI565,506V,PFWZ-90,15,0,3,2025-10-20 06:22:09.340143,336825.564,6288995.662
PI565,506V,SZZY-76,839,0,3,2025-10-20 06:22:09.340144,336825.564,6288995.662
PJ142,402,PFTW-50,3106,7,13,2025-10-20 06:22:10.745321,342125.973,6299023.229
PJ142,402,PFYC-57,6519,35,47,2025-10-20 06:22:10.745327,342125.973,6299023.229
PJ142,406,PFXC-10,9172,20,28,2025-10-20 06:22:10.745329,342125.973,6299023.229
PJ142,406,SZZH-69,14350,34,44,2025-10-20 06:22:10.745330,342125.973,6299023.229
PJ142,422,TBFT-75,12889,31,41,2025-10-20 06:22:10.745331,342125.973,6299023.229
PJ142,422,PFXC-50,19453,45,60,2025-10-20 06:22:10.745332,342125.973,6299023.229
PJ142,426,BJFC-24,2058,0,8,2025-10-20 06:22:10.745333,342125.973,6299023.229
PJ142,426,BJFD-59,10681,25,33,2025-10-20 06:22:10.745334,342125.973,6299023.229
PE45,118,FLXX-77,9427,20,28,2025-10-20 06:22:12.710894,354032.947,6290589.911
PE45,118,FLXX-42,11375,25,33,2025-10-20 06:22:12.710900,354032.947,6290589.911
PE45,E17,FLXK-46,3949,9,15,2025-10-20 06:22:12.710901,354032.947,6290589.911
PJ524,412,PFVG-95,10646,26,34,2025-10-20 06:22:14.671431,337172.26,6300580.8
PJ524,412,PFVG-92,18791,45,60,2025-10-20 06:22:14.671435,337172.26,6300580.8
PJ524,508,PFXB-39,9335,19,27,2025-10-20 06:22:14.671436,337172.26,6300580.8
PJ524,508,BJFF-47,12822,29,39,2025-10-20 06:22:14.671437,337172.26,6300580.8
PJ524,J03,FLXD-57,7717,14,20,2025-10-20 06:22:14.671438,337172.26,6300580.8
PJ524,J03,FLXD-51,8458,16,22,2025-10-20 06:22:14.671439,337172.26,6300580.8
PJ524,J04,TBFX-30,4042,7,13,2025-10-20 06:22:14.671440,337172.26,6300580.8
PJ524,J16,FLXD-33,10251,25,33,2025-10-20 06:22:14.671441,337172.26,6300580.8
PJ524,J16,CJRZ-90,17427,45,60,2025-10-20 06:22:14.671441,337172.26,6300580.8
PJ524,B38,TBFW-66,5198,11,17,2025-10-20 06:22:14.671442,337172.26,6300580.8
PJ524,B38,TBFX-22,16634,45,60,2025-10-20 06:22:14.671443,337172.26,6300580.8
PF878,F01,SPVT-78,2844,0,10,2025-10-20 06:22:16.581068,354982.085,6279307.588
PF878,F01,SPVW-92,6454,16,22,2025-10-20 06:22:16.581073,354982.085,6279307.588
PF878,F29,SPVV-29,471,0,3,2025-10-20 06:22:16.581074,354982.085,6279307.588
PF878,F29,SPVW-11,3397,7,13,2025-10-20 06:22:16.581075,354982.085,6279307.588
PE468,E05,BJFV-85,2559,0,10,2025-10-20 06:22:18.433426,349205.163,6289894.222
PE221,225,SFVZ-81,903,0,6,2025-10-20 06:22:21.496302,350846.277,6286529.705
PI332,I04,FLXF-62,1079,0,3,2025-10-20 06:22:24.654290,335322.284,6286950.499
PI332,I04,FLXF-59,10198,22,30,2025-10-20 06:22:24.654295,335322.284,6286950.499
PI332,506V,GCBD-89,13347,32,42,2025-10-20 06:22:24.654296,335322.284,6286950.499
PI332,506V,PFXC-17,19578,45,60,2025-10-20 06:22:24.654297,335322.284,6286950.499
PI332,115C,FLXW-39,5272,14,20,2025-10-20 06:22:24.654298,335322.284,6286950.499
PI332,115C,PFXB-92,10895,27,37,2025-10-20 06:22:24.654299,335322.284,6286950.499
PJ738,J05,FLXG-20,462,0,3,2025-10-20 06:22:27.334323,337016.133,6300894.796
PI645,I01,FLXJ-31,1420,0,6,2025-10-20 06:22:31.781725,335353.198,6288178.724
PI645,506V,GCBD-89,11197,26,34,2025-10-20 06:22:31.781730,335353.198,6288178.724
PI645,506V,PFXC-17,17515,45,60,2025-10-20 06:22:31.781731,335353.198,6288178.724
PH296,H24,VGRF-45,4093,9,15,2025-10-20 06:22:34.694081,344637.398,6293653.244
PH296,H24,VGRF-65,10010,27,37,2025-10-20 06:22:34.694086,344637.398,6293653.244
PH296,119,FLXK-71,4880,12,18,2025-10-20 06:22:34.694087,344637.398,6293653.244
PB1845,B18E,STHK-28,291,0,3,2025-10-20 06:22:39.560175,340085.79,6305981.09
PD1350,505,LXWS-39,1563,0,8,2025-10-20 06:22:44.248434,353673.123,6295599.734
PD1350,505,VHZY-61,6751,24,32,2025-10-20 06:22:44.248448,353673.123,6295599.734
PB1114,230,GCBB-26,178,0,3,2025-10-20 06:22:45.679536,344433.112,6305092.196
PB1114,230,GCBB-24,3785,9,15,2025-10-20 06:22:45.679541,344433.112,6305092.196
PB1114,B10,STHF-82,973,0,3,2025-10-20 06:22:45.679542,344433.112,6305092.196
PD796,516,GCBF-29,669,0,3,2025-10-20 06:22:50.689739,357930.121,6295103.265
PD796,516,GCBC-60,1105,0,3,2025-10-20 06:22:50.689744,357930.121,6295103.265
PD796,D03,SVDC-25,48,0,3,2025-10-20 06:22:50.689745,357930.121,6295103.265
PD796,D03C,SVDD-57,457,8,14,2025-10-20 06:22:50.689746,357930.121,6295103.265
PD796,D15,SVDC-51,636,0,3,2025-10-20 06:22:50.689747,357930.121,6295103.265
PD796,505,VHZY-61,1922,0,10,2025-10-20 06:22:50.689748,357930.121,6295103.265
PD796,513,LXWR-73,435,0,3,2025-10-20 06:22:50.689748,357930.121,6295103.265
PD796,513,LZPH-28,14379,29,39,2025-10-20 06:22:50.689749,357930.121,6295103.265
PD796,510,PFXB-80,63,0,3,2025-10-20 06:22:50.689750,357930.121,6295103.265
PB1046,264N,GCBB-64,5319,7,13,2025-10-20 06:23:00.097676,344197.359,6308330.759
PB1046,264N,GCBB-28,6958,11,17,2025-10-20 06:23:00.097681,344197.359,6308330.759
PB1046,B08,STHL-35,576,0,3,2025-10-20 06:23:00.097682,344197.359,6308330.759
PB1046,B08,SHCY-51,4838,9,15,2025-10-20 06:23:00.097683,344197.359,6308330.759
PB1046,B16,STHB-62,1604,0,3,2025-10-20 06:23:00.097684,344197.359,6308330.759
PB1046,B36,STHP-52,6195,13,19,2025-10-20 06:23:00.097685,344197.359,6308330.759
PA123,204,VFPF-21,884,0,3,2025-10-20 06:23:01.749601,347776.492,6296147.952
PJ820,402,PFTW-50,10310,25,35,2025-10-20 06:23:04.016091,335338.121,6298160.911
PJ820,402,PFYC-57,13748,45,60,2025-10-20 06:23:04.016096,335338.121,6298160.911
PJ820,J07E,VJBB-60,3193,10,16,2025-10-20 06:23:04.016097,335338.121,6298160.911
PJ820,J07E,VJJX-18,5274,17,25,2025-10-20 06:23:04.016098,335338.121,6298160.911
PJ820,503,LZPH-13,9206,17,25,2025-10-20 06:23:04.016099,335338.121,6298160.911
PJ820,503,LZPG-48,10684,21,29,2025-10-20 06:23:04.016099,335338.121,6298160.911
PJ820,J17,FLXT-60,1384,0,3,2025-10-20 06:23:04.016100,335338.121,6298160.911
PJ820,406,PFXC-10,16090,38,50,2025-10-20 06:23:04.016101,335338.121,6298160.911
PJ820,406,SZZH-69,21522,45,60,2025-10-20 06:23:04.016102,335338.121,6298160.911
PJ820,426,BJFC-24,9145,22,30,2025-10-20 06:23:04.016103,335338.121,6298160.911
PJ820,426,BJFD-59,17732,45,60,2025-10-20 06:23:04.016104,335338.121,6298160.911
PF553,F12,SRVK-61,3362,8,14,2025-10-20 06:23:05.478607,353358.888,6278549.768
PF553,124,LCPG-38,823,0,3,2025-10-20 06:23:05.478613,353358.888,6278549.768
PF553,124,LCTG-32,1967,0,8,2025-10-20 06:23:05.478614,353358.888,6278549.768
PG323,F05,SRVK-73,2334,13,19,2025-10-20 06:23:07.697317,345770.536,6286807.856
PG323,F05,SRVL-70,3787,17,25,2025-10-20 06:23:07.697323,345770.536,6286807.856
PG323,G08V,FLXP-17,2231,0,8,2025-10-20 06:23:07.697324,345770.536,6286807.856
PG323,G08V,FLXV-27,5714,15,21,2025-10-20 06:23:07.697326,345770.536,6286807.856
PG323,E18,BJFX-61,559,0,6,2025-10-20 06:23:07.697327,345770.536,6286807.856
PG323,E18,BJFV-33,6735,35,47,2025-10-20 06:23:07.697329,345770.536,6286807.856
PG323,G04,SHXB-27,1330,0,6,2025-10-20 06:23:07.697331,345770.536,6286807.856
PG323,G04,SHXB-20,2310,0,10,2025-10-20 06:23:07.697333,345770.536,6286807.856
PG323,G16,SFPF-89,76,0,3,2025-10-20 06:23:07.697335,345770.536,6286807.856
PG323,G16,SFPG-61,3060,0,8,2025-10-20 06:23:07.697337,345770.536,6286807.856
PG323,228,THTD-63,3006,0,10,2025-10-20 06:23:07.697339,345770.536,6286807.856
PG323,228,THTD-29,3035,0,10,2025-10-20 06:23:07.697340,345770.536,6286807.856
PG323,G08,THTH-61,540,0,3,2025-10-20 06:23:07.697342,345770.536,6286807.856
PG323,G08,THTG-60,4496,13,19,2025-10-20 06:23:07.697344,345770.536,6286807.856
PI71,385,FLXL-87,389,0,3,2025-10-20 06:23:09.389745,343101.66,6295762.92
PI71,385,FLXH-13,7039,16,22,2025-10-20 06:23:09.389750,343101.66,6295762.92
PI71,105,SJPD-93,1150,0,3,2025-10-20 06:23:09.389752,343101.66,6295762.92
PI71,105,SJPC-49,5722,16,22,2025-10-20 06:23:09.389752,343101.66,6295762.92
PI71,120,SJTD-61,690,0,3,2025-10-20 06:23:09.389754,343101.66,6295762.92
PI71,120,TXZH-39,5049,15,21,2025-10-20 06:23:09.389754,343101.66,6295762.92
PG870,G05,SDSW-72,1103,0,8,2025-10-20 06:23:11.830274,344223.556,6284142.729
PG870,G05,SCRZ-38,1917,8,14,2025-10-20 06:23:11.830279,344223.556,6284142.729
PG870,G35,SFGY-12,3012,12,18,2025-10-20 06:23:11.830281,344223.556,6284142.729
PG870,G35,SFPG-31,5205,16,24,2025-10-20 06:23:11.830282,344223.556,6284142.729
PG870,G13C,SFPF-85,1045,0,3,2025-10-20 06:23:11.830283,344223.556,6284142.729
PG870,G13C,SDSW-80,7083,24,32,2025-10-20 06:23:11.830283,344223.556,6284142.729
PB1561,219E,TBZB-23,270,0,3,2025-10-20 06:23:15.812009,349337.651,6303943.621
PB1561,219E,SFWZ-36,5882,0,10,2025-10-20 06:23:15.812013,349337.651,6303943.621
PB1561,C06,LDTF-44,3498,0,3,2025-10-20 06:23:15.812015,349337.651,6303943.621
PB1561,C06,SGPW-38,8930,14,20,2025-10-20 06:23:15.812015,349337.651,6303943.621
PB1561,117,PFYC-45,1,0,3,2025-10-20 06:23:15.812016,349337.651,6303943.621
PB1561,117,SPBL-88,6630,19,27,2025-10-20 06:23:15.812017,349337.651,6303943.621
PB1561,117C,PGTV-27,5170,0,8,2025-10-20 06:23:15.812018,349337.651,6303943.621
PB1561,117C,SPBS-53,8311,13,19,2025-10-20 06:23:15.812019,349337.651,6303943.621
PB1561,272,VFHT-81,5195,13,19,2025-10-20 06:23:15.812020,349337.651,6303943.621
PB1561,272,VGCB-39,7617,19,27,2025-10-20 06:23:15.812020,349337.651,6303943.621
PC115,C19,SGPY-67,5163,11,17,2025-10-20 06:23:17.826070,356854.91,6304685.4
PC115,C28,SKPJ-89,3892,0,10,2025-10-20 06:23:17.826075,356854.91,6304685.4
PC115,C28,SHCX-40,10683,21,29,2025-10-20 06:23:17.826076,356854.91,6304685.4
PC115,430,PGBY-61,3274,0,8,2025-10-20 06:23:17.826077,356854.91,6304685.4
PC115,426,BJFC-62,4226,0,10,2025-10-20 06:23:17.826078,356854.91,6304685.4
PC115,C01,LDJJ-84,2966,0,6,2025-10-20 06:23:17.826079,356854.91,6304685.4
PC115,C01,LCPW-50,7471,15,21,2025-10-20 06:23:17.826080,356854.91,6304685.4
PC115,C05,LDTF-48,4595,11,17,2025-10-20 06:23:17.826081,356854.91,6304685.4
PG2052,G35,SFPG-29,1075,0,3,2025-10-20 06:23:20.620145,350315.0,6282614.0
PI1628,I25,FLXL-25,1958,0,8,2025-10-20 06:23:23.124190,341592.708,6292573.292
PI1628,I25,FLXL-84,4696,23,31,2025-10-20 06:23:23.124195,341592.708,6292573.292
PI1628,113,FLXX-66,7455,15,21,2025-10-20 06:23:23.124197,341592.708,6292573.292
PI1628,113,FLXY-30,10851,24,32,2025-10-20 06:23:23.124198,341592.708,6292573.292
PI1628,113C,FLXY-60,4341,0,10,2025-10-20 06:23:23.124199,341592.708,6292573.292
PI1628,113C,FLXY-65,7719,14,20,2025-10-20 06:23:23.124200,341592.708,6292573.292
PI1628,115,GCBC-61,6808,10,16,2025-10-20 06:23:23.124201,341592.708,6292573.292
PI1628,115,FLXV-48,7943,14,20,2025-10-20 06:23:23.124202,341592.708,6292573.292
PI1628,115C,FLXV-76,5417,9,15,2025-10-20 06:23:23.124203,341592.708,6292573.292
PI1628,115C,TBFW-88,9079,20,28,2025-10-20 06:23:23.124204,341592.708,6292573.292
PI1628,109,FLXW-32,414,0,3,2025-10-20 06:23:23.124205,341592.708,6292573.292
PI1628,109,GCBD-51,1667,0,6,2025-10-20 06:23:23.124206,341592.708,6292573.292
PI1628,108,PFYR-84,1162,0,3,2025-10-20 06:23:23.124207,341592.708,6292573.292
PI1628,108,PFYS-24,1873,0,6,2025-10-20 06:23:23.124208,341592.708,6292573.292
PI1628,I26,PFYR-97,5971,15,21,2025-10-20 06:23:23.124209,341592.708,6292573.292
PI1628,I26,PFYR-94,8294,21,29,2025-10-20 06:23:23.124210,341592.708,6292573.292
PG1217,G14,FLXX-25,387,0,3,2025-10-20 06:23:25.309651,343889.78,6280341.58
PG1217,G14,FLXP-22,5544,13,19,2025-10-20 06:23:25.309657,343889.78,6280341.58
PG1217,G24,FLXP-29,4106,10,16,2025-10-20 06:23:25.309658,343889.78,6280341.58
PG1217,G38,THTF-92,3177,9,15,2025-10-20 06:23:25.309659,343889.78,6280341.58
PG1217,G38,THTG-13,6636,20,28,2025-10-20 06:23:25.309660,343889.78,6280341.58
PG1217,G32,THTF-56,326,0,3,2025-10-20 06:23:25.309661,343889.78,6280341.58
PI259,404,PFYC-69,8163,15,21,2025-10-20 06:23:27.410853,337538.402,6294995.26
PI259,404,PFYC-14,18512,45,60,2025-10-20 06:23:27.410858,337538.402,6294995.26
PI259,111,FLXW-78,689,0,10,2025-10-20 06:23:27.410859,337538.402,6294995.26
PI259,111,FLXX-69,10874,34,46,2025-10-20 06:23:27.410859,337538.402,6294995.26
PI259,I02,FLXZ-40,1482,0,10,2025-10-20 06:23:27.410860,337538.402,6294995.26
PI259,I02,FLXZ-39,10157,32,42,2025-10-20 06:23:27.410861,337538.402,6294995.26
PJ34,J10,VHXJ-44,27,0,3,2025-10-20 06:23:29.324373,341715.869,6297973.123
PJ34,J10,VJBB-70,4009,8,14,2025-10-20 06:23:29.324378,341715.869,6297973.123
PJ34,J19,VGVG-59,597,0,3,2025-10-20 06:23:29.324379,341715.869,6297973.123
PJ34,J19,VHLR-28,4593,11,17,2025-10-20 06:23:29.324380,341715.869,6297973.123
PJ34,511,TBFT-98,6386,16,24,2025-10-20 06:23:29.324381,341715.869,6297973.123
PJ34,511,TBFT-37,9778,27,37,2025-10-20 06:23:29.324382,341715.869,6297973.123
PJ34,514,GCBF-11,5515,12,18,2025-10-20 06:23:29.324383,341715.869,6297973.123
PJ34,514,FLXW-16,6273,15,21,2025-10-20 06:23:29.324383,341715.869,6297973.123
PE377,E04,VKJY-74,1060,0,6,2025-10-20 06:23:31.313991,352314.989,6289634.953
PE377,E04,VKJX-83,1214,0,6,2025-10-20 06:23:31.313996,352314.989,6289634.953
PE377,E03,BJFT-12,8090,23,31,2025-10-20 06:23:31.313998,352314.989,6289634.953
PG200,211,FLXP-10,4298,7,13,2025-10-20 06:23:33.239280,346723.936,6287641.721
PG200,211,GCWF-73,6637,14,20,2025-10-20 06:23:33.239286,346723.936,6287641.721
PG200,229,TBZB-18,4912,14,20,2025-10-20 06:23:33.239287,346723.936,6287641.721
PG200,229,GCBC-34,7273,19,27,2025-10-20 06:23:33.239288,346723.936,6287641.721
PG200,302,FLXK-94,620,0,3,2025-10-20 06:23:33.239289,346723.936,6287641.721
PG200,302,BJFT-29,2610,0,8,2025-10-20 06:23:33.239290,346723.936,6287641.721
PG200,118,BJFH-22,5626,11,17,2025-10-20 06:23:33.239291,346723.936,6287641.721
PG200,118,BJFD-65,9567,21,29,2025-10-20 06:23:33.239292,346723.936,6287641.721
PD1387,D10,SVDD-62,1,0,3,2025-10-20 06:23:35.188491,349795.0,6293051.0
PD1387,D07,STWB-27,747,0,3,2025-10-20 06:23:35.188496,349795.0,6293051.0
PD1387,D07,STYX-82,5097,14,20,2025-10-20 06:23:35.188497,349795.0,6293051.0
PJ436,505,VJJV-78,548,0,3,2025-10-20 06:23:37.212615,337069.937,6301492.563
PJ436,408,LZPH-19,651,0,3,2025-10-20 06:23:37.212621,337069.937,6301492.563
PJ436,513,VJBC-20,1444,0,6,2025-10-20 06:23:37.212623,337069.937,6301492.563
PB662,408,LXWR-71,243,0,3,2025-10-20 06:23:41.412583,339243.776,6302489.146
PB662,408,LXWS-36,8637,27,37,2025-10-20 06:23:41.412592,339243.776,6302489.146
PB662,410,LFGJ-94,2075,0,8,2025-10-20 06:23:41.412593,339243.776,6302489.146
PB662,410,SJPD-73,9613,21,29,2025-10-20 06:23:41.412594,339243.776,6302489.146
PB1340,B18,STHJ-86,1258,0,8,2025-10-20 06:23:43.388765,339121.102,6306017.298
PB1340,B18E,STHL-46,1387,0,8,2025-10-20 06:23:43.388771,339121.102,6306017.298
PD613,D10,SSXF-31,1,0,3,2025-10-20 06:23:47.248182,354684.156,6291659.506
PD613,D10,STKP-84,4106,10,16,2025-10-20 06:23:47.248187,354684.156,6291659.506
PD613,508,FLXV-50,2365,0,10,2025-10-20 06:23:47.248188,354684.156,6291659.506
PD613,508,PFXB-49,12349,29,39,2025-10-20 06:23:47.248189,354684.156,6291659.506
PF893,F15,SRVH-73,560,0,3,2025-10-20 06:23:49.238377,350386.662,6278662.141
PF893,F15,SRVL-75,6038,13,19,2025-10-20 06:23:49.238382,350386.662,6278662.141
PI1126,I12,FLXY-41,547,0,3,2025-10-20 06:23:51.334501,334324.57,6292255.245
PJ47,120,TXZH-36,1162,0,3,2025-10-20 06:23:53.231746,342690.146,6299538.652
PJ47,120,SKHF-87,6104,18,26,2025-10-20 06:23:53.231751,342690.146,6299538.652
PJ47,B28,SKHF-84,1839,0,8,2025-10-20 06:23:53.231752,342690.146,6299538.652
PJ47,B28,SKHF-92,7435,25,33,2025-10-20 06:23:53.231753,342690.146,6299538.652
PJ47,J01,FLXD-30,569,0,3,2025-10-20 06:23:53.231754,342690.146,6299538.652
PJ47,109,GCBC-99,3171,8,14,2025-10-20 06:23:53.231755,342690.146,6299538.652
PJ47,109,PFXC-22,6378,17,25,2025-10-20 06:23:53.231756,342690.146,6299538.652
PJ47,105,SJPC-67,1253,0,6,2025-10-20 06:23:53.231757,342690.146,6299538.652
PJ47,105,SJPC-66,2865,9,15,2025-10-20 06:23:53.231757,342690.146,6299538.652
PJ1606,J07,VHZZ-90,9930,15,21,2025-10-20 06:23:55.169131,328687.734,6304555.329
PJ1606,J07,VHZZ-20,13768,24,32,2025-10-20 06:23:55.169136,328687.734,6304555.329
PG469,G18,SFGY-11,295,0,3,2025-10-20 06:23:57.116097,346341.472,6288140.862
PG469,G18,SHCV-27,5693,17,23,2025-10-20 06:23:57.116102,346341.472,6288140.862
PE64,207,LZPT-56,760,0,3,2025-10-20 06:23:59.108347,348360.149,6286897.451
PE64,207,SRTK-48,4248,11,17,2025-10-20 06:23:59.108352,348360.149,6286897.451
PE64,207C,LZPT-69,4789,12,18,2025-10-20 06:23:59.108353,348360.149,6286897.451
PE64,207C,SVPX-49,9438,26,36,2025-10-20 06:23:59.108354,348360.149,6286897.451
PE64,209,LZPT-53,5762,14,20,2025-10-20 06:23:59.108355,348360.149,6286897.451
PE64,209,SDGY-38,6458,17,23,2025-10-20 06:23:59.108356,348360.149,6286897.451
PE64,209C,SFST-31,6067,15,21,2025-10-20 06:23:59.108357,348360.149,6286897.451
PE64,209C,LZPS-18,7549,18,26,2025-10-20 06:23:59.108357,348360.149,6286897.451
PE64,205,LZRD-61,5896,13,19,2025-10-20 06:23:59.108358,348360.149,6286897.451
PE64,205,LZRF-11,7775,20,28,2025-10-20 06:23:59.108359,348360.149,6286897.451
PE64,205C,VGBW-48,3221,8,14,2025-10-20 06:23:59.108360,348360.149,6286897.451
PE64,205C,VFPL-46,5682,14,20,2025-10-20 06:23:59.108360,348360.149,6286897.451
PG1776,G38,THTH-73,3859,8,14,2025-10-20 06:24:01.034379,342663.765,6279004.09
PG1776,G38,THTC-94,7945,16,22,2025-10-20 06:24:01.034384,342663.765,6279004.09
PG1776,G08,THTF-66,4562,12,18,2025-10-20 06:24:01.034386,342663.765,6279004.09
PG1776,G08,THTF-11,4993,13,19,2025-10-20 06:24:01.034386,342663.765,6279004.09
PB1125,B10,STHK-27,837,0,3,2025-10-20 06:24:02.965696,346167.526,6300578.205
PB1125,B10,STHF-82,6791,16,22,2025-10-20 06:24:02.965700,346167.526,6300578.205
PB1125,B24,SKHG-55,1945,0,8,2025-10-20 06:24:02.965702,346167.526,6300578.205
PB1125,B24,STHF-42,4132,11,17,2025-10-20 06:24:02.965702,346167.526,6300578.205
PC1304,C13,SGPX-11,11577,30,40,2025-10-20 06:24:05.280856,359941.0,6306702.0
PC1304,C13,SGPW-51,16781,45,60,2025-10-20 06:24:05.280861,359941.0,6306702.0
PC1304,C01,LCPW-50,3210,0,10,2025-10-20 06:24:05.280862,359941.0,6306702.0
PC1304,C05,LDTF-48,788,0,3,2025-10-20 06:24:05.280863,359941.0,6306702.0
PH472,329,FLXR-45,1468,0,8,2025-10-20 06:24:07.253005,341654.6,6288431.79
PH472,105,SJPD-94,1106,0,3,2025-10-20 06:24:07.253010,341654.6,6288431.79
PG704,G02,FLXX-29,6233,14,20,2025-10-20 06:24:09.132755,342637.906,6276420.865
PG704,G02,FLXL-97,9647,25,33,2025-10-20 06:24:09.132760,342637.906,6276420.865
PG571,F06,SPZY-51,70,0,3,2025-10-20 06:24:11.121864,345402.768,6284948.731
PG571,F06,SPZY-65,2862,8,14,2025-10-20 06:24:11.121869,345402.768,6284948.731
PC373,C19,SGPY-63,1679,0,6,2025-10-20 06:24:13.141044,354058.389,6302238.96
PC373,C19,SGPY-67,8525,18,26,2025-10-20 06:24:13.141049,354058.389,6302238.96
PC373,415E,LXWP-69,15467,45,60,2025-10-20 06:24:13.141050,354058.389,6302238.96
PC373,415E,PGWT-98,19737,45,60,2025-10-20 06:24:13.141050,354058.389,6302238.96
PC373,417E,PFVH-95,11457,45,60,2025-10-20 06:24:13.141051,354058.389,6302238.96
PC373,417E,PGPT-18,22993,45,60,2025-10-20 06:24:13.141052,354058.389,6302238.96
PI1514,I04,FLXF-62,1961,0,8,2025-10-20 06:24:16.604127,336599.9,6286724.919
PI1514,I04,FLXF-59,10915,24,32,2025-10-20 06:24:16.604132,336599.9,6286724.919
PI1514,506V,GCBD-89,14547,36,48,2025-10-20 06:24:16.604133,336599.9,6286724.919
PI1514,506V,PFXC-17,21549,45,60,2025-10-20 06:24:16.604133,336599.9,6286724.919
PI1514,115C,FLXW-39,6865,21,29,2025-10-20 06:24:16.604134,336599.9,6286724.919
PI1514,115C,PFXB-92,12696,35,47,2025-10-20 06:24:16.604135,336599.9,6286724.919
PI1393,J10,VHXJ-44,96,0,3,2025-10-20 06:24:18.277560,341732.855,6297509.656
PI1393,J10,VJBB-70,4311,10,16,2025-10-20 06:24:18.277565,341732.855,6297509.656
PI1393,511,TBFT-99,1,0,3,2025-10-20 06:24:18.277567,341732.855,6297509.656
PI1393,511,TBFT-98,6723,17,25,2025-10-20 06:24:18.277568,341732.855,6297509.656
PI1393,J13,TBFT-86,5914,15,21,2025-10-20 06:24:18.277569,341732.855,6297509.656
PI1393,J13,TBFW-52,9602,26,36,2025-10-20 06:24:18.277570,341732.855,6297509.656
PC232,405C,SPBL-69,6185,14,20,2025-10-20 06:24:20.082446,356625.92,6305511.25
PC232,405C,SPBF-54,8098,24,32,2025-10-20 06:24:20.082451,356625.92,6305511.25
PC232,405,PFVL-11,301,0,3,2025-10-20 06:24:20.082452,356625.92,6305511.25
PC232,405,PGBB-55,5529,14,20,2025-10-20 06:24:20.082453,356625.92,6305511.25
PC232,502,TBFR-25,5685,14,20,2025-10-20 06:24:20.082454,356625.92,6305511.25
PC232,502,BJFC-39,9637,25,33,2025-10-20 06:24:20.082454,356625.92,6305511.25
PC232,542,TBFW-85,12747,31,41,2025-10-20 06:24:20.082455,356625.92,6305511.25
PC232,542,TBFV-34,18800,45,60,2025-10-20 06:24:20.082456,356625.92,6305511.25
PB213,214,GCBB-96,68,0,3,2025-10-20 06:24:21.809216,346492.187,6300303.87
PB213,214,GCBB-40,5195,16,24,2025-10-20 06:24:21.809221,346492.187,6300303.87
PB213,301,BJFS-41,1313,0,6,2025-10-20 06:24:21.809223,346492.187,6300303.87
PB213,301,BJFV-28,2095,0,8,2025-10-20 06:24:21.809223,346492.187,6300303.87
PB213,B24,SPZX-39,2017,0,8,2025-10-20 06:24:21.809224,346492.187,6300303.87
PB213,B24,SKHG-55,7583,26,36,2025-10-20 06:24:21.809225,346492.187,6300303.87
PG184,F18,SRVG-92,2965,0,8,2025-10-20 06:24:23.789355,349067.56,6278687.313
PG184,F18,SRVL-72,5761,11,17,2025-10-20 06:24:23.789360,349067.56,6278687.313
PG184,F03,SPVW-62,1413,0,3,2025-10-20 06:24:23.789361,349067.56,6278687.313
PG184,F03,SPVV-95,5003,11,17,2025-10-20 06:24:23.789362,349067.56,6278687.313
PG184,207,SRTG-94,1357,0,6,2025-10-20 06:24:23.789362,349067.56,6278687.313
PG184,207,SRTK-18,2049,0,6,2025-10-20 06:24:23.789363,349067.56,6278687.313
PG184,207C,SDGY-39,1377,0,3,2025-10-20 06:24:23.789364,349067.56,6278687.313
PG184,207C,LZPS-14,3935,10,16,2025-10-20 06:24:23.789365,349067.56,6278687.313
PC915,C13,SGPX-11,4264,10,16,2025-10-20 06:24:25.697534,359694.157,6309357.299
PC915,C13,SGPW-51,9632,24,32,2025-10-20 06:24:25.697540,359694.157,6309357.299
PJ681,444,SJPF-44,1930,0,3,2025-10-20 06:24:27.902990,335211.995,6299163.469
PJ681,444,SHXF-92,4421,9,15,2025-10-20 06:24:27.902993,335211.995,6299163.469
PJ681,J02,VHXJ-82,4487,7,13,2025-10-20 06:24:27.902994,335211.995,6299163.469
PJ681,J02,VHXJ-20,12118,26,36,2025-10-20 06:24:27.902995,335211.995,6299163.469
PJ681,J07,VJBB-31,3814,12,18,2025-10-20 06:24:27.902996,335211.995,6299163.469
PJ681,J07,VHZY-81,6704,24,32,2025-10-20 06:24:27.902997,335211.995,6299163.469
PJ681,507,TBFX-53,12138,36,48,2025-10-20 06:24:27.902998,335211.995,6299163.469
PJ681,507,TBFW-14,15374,45,60,2025-10-20 06:24:27.902998,335211.995,6299163.469
PJ681,514,PFXB-18,794,0,3,2025-10-20 06:24:27.902999,335211.995,6299163.469
PJ681,541N,TBFT-33,215,0,3,2025-10-20 06:24:27.903000,335211.995,6299163.469
PJ681,412,LXWP-58,1,0,3,2025-10-20 06:24:27.903001,335211.995,6299163.469
PJ681,486,LXWP-61,1580,0,6,2025-10-20 06:24:27.903002,335211.995,6299163.469
PJ681,486,LXWP-68,6244,19,27,2025-10-20 06:24:27.903003,335211.995,6299163.469
PD95,212,SDGY-34,3242,0,10,2025-10-20 06:24:29.934219,351457.93,6295025.89
PD95,212,SVPX-51,4237,8,14,2025-10-20 06:24:29.934224,351457.93,6295025.89
PD95,126,FLXT-30,152,0,3,2025-10-20 06:24:29.934225,351457.93,6295025.89
PD95,126,FLXT-41,5139,15,21,2025-10-20 06:24:29.934226,351457.93,6295025.89
PD95,104,SKWD-47,2875,9,15,2025-10-20 06:24:29.934227,351457.93,6295025.89
PD95,104,LFGR-91,4326,13,19,2025-10-20 06:24:29.934228,351457.93,6295025.89
PD95,106,PGPT-24,410,0,3,2025-10-20 06:24:29.934228,351457.93,6295025.89
PD95,106,PFVJ-20,1714,0,8,2025-10-20 06:24:29.934229,351457.93,6295025.89
PD95,224,VFRD-85,1334,0,6,2025-10-20 06:24:29.934230,351457.93,6295025.89
PD95,224,VGBS-15,4982,14,20,2025-10-20 06:24:29.934231,351457.93,6295025.89
PD68,104,SKWD-61,1637,0,6,2025-10-20 06:24:35.188479,351399.629,6293796.942
PD68,104,SKWD-75,3146,0,10,2025-10-20 06:24:35.188484,351399.629,6293796.942
PD68,106,PGPT-49,13006,45,60,2025-10-20 06:24:35.188485,351399.629,6293796.942
PD68,106,PFVD-55,14671,45,60,2025-10-20 06:24:35.188486,351399.629,6293796.942
PD68,212,LZPS-15,6759,17,23,2025-10-20 06:24:35.188487,351399.629,6293796.942
PH572,H05,VFHK-89,3781,8,14,2025-10-20 06:24:37.268287,343284.861,6290272.9
PH572,H05,VFPB-75,9681,25,33,2025-10-20 06:24:37.268292,343284.861,6290272.9
PH572,H06,BJFZ-69,606,0,3,2025-10-20 06:24:37.268294,343284.861,6290272.9
PH572,H06,CJRX-58,5019,10,16,2025-10-20 06:24:37.268294,343284.861,6290272.9
PB509,B05,SPCG-46,2805,0,6,2025-10-20 06:24:42.387603,345175.746,6306030.809
PB509,425,SHXG-82,721,0,3,2025-10-20 06:24:42.387608,345175.746,6306030.809
PB509,425,SJPC-47,720,0,3,2025-10-20 06:24:42.387609,345175.746,6306030.809
PB509,429,SLPC-50,1,0,3,2025-10-20 06:24:42.387610,345175.746,6306030.809
PB509,429,SLPB-84,1,0,3,2025-10-20 06:24:42.387611,345175.746,6306030.809
PB509,B43,SHXG-97,12061,35,45,2025-10-20 06:24:42.387612,345175.746,6306030.809
PB509,B43,SJPC-83,15103,45,60,2025-10-20 06:24:42.387613,345175.746,6306030.809
PB509,B16,STHR-36,4163,8,14,2025-10-20 06:24:42.387613,345175.746,6306030.809
PI1625,I26,PFYR-97,6607,16,24,2025-10-20 06:24:44.554992,342173.873,6293453.116
PI1625,I26,PFYR-94,8960,23,31,2025-10-20 06:24:44.554997,342173.873,6293453.116
PI1625,I25,FLXL-25,2737,0,10,2025-10-20 06:24:44.554998,342173.873,6293453.116
PI1625,I25,FLXL-84,5137,17,25,2025-10-20 06:24:44.554999,342173.873,6293453.116
PI1625,113,FLXX-66,7765,16,22,2025-10-20 06:24:44.554999,342173.873,6293453.116
PI1625,113,FLXY-30,11143,26,36,2025-10-20 06:24:44.555000,342173.873,6293453.116
PI1625,113C,FLXY-60,4923,0,10,2025-10-20 06:24:44.555001,342173.873,6293453.116
PI1625,113C,FLXY-65,8249,15,21,2025-10-20 06:24:44.555002,342173.873,6293453.116
PI1625,115,GCBC-61,7279,13,19,2025-10-20 06:24:44.555003,342173.873,6293453.116
PI1625,115,FLXV-48,8687,16,24,2025-10-20 06:24:44.555003,342173.873,6293453.116
PI1625,115C,FLXV-76,5728,11,17,2025-10-20 06:24:44.555004,342173.873,6293453.116
PI1625,115C,TBFW-88,9752,24,32,2025-10-20 06:24:44.555005,342173.873,6293453.116
PI1625,109,FLXW-32,934,0,3,2025-10-20 06:24:44.555006,342173.873,6293453.116
PI1625,109,GCBD-51,1846,0,6,2025-10-20 06:24:44.555007,342173.873,6293453.116
PI1625,108,PFYR-84,1495,0,3,2025-10-20 06:24:44.555008,342173.873,6293453.116
PI1625,108,PFYS-24,2035,0,6,2025-10-20 06:24:44.555009,342173.873,6293453.116
PG15,201,GCBB-31,7937,16,24,2025-10-20 06:24:46.332216,344200.69,6285560.74
PG15,201,GCBB-54,9984,21,29,2025-10-20 06:24:46.332222,344200.69,6285560.74
PG15,211,TBYY-74,1235,0,3,2025-10-20 06:24:46.332223,344200.69,6285560.74
PG15,211,TBYY-75,2378,0,8,2025-10-20 06:24:46.332224,344200.69,6285560.74
PG15,271,TBYY-62,6193,14,20,2025-10-20 06:24:46.332224,344200.69,6285560.74
PG15,271,TBYY-65,10855,25,33,2025-10-20 06:24:46.332225,344200.69,6285560.74
PG15,G15,THTG-80,1086,0,3,2025-10-20 06:24:46.332226,344200.69,6285560.74
PG15,F20,SPZY-53,1772,0,6,2025-10-20 06:24:46.332227,344200.69,6285560.74
PJ1651,J07E,VJBB-41,10230,17,23,2025-10-20 06:24:48.209619,333006.094,6306643.245
PJ1651,J07E,VHZZ-10,14056,26,36,2025-10-20 06:24:48.209624,333006.094,6306643.245
PB871,B04,SHXF-43,2791,8,14,2025-10-20 06:24:51.961861,345407.234,6300715.433
PB871,B04,SHXG-91,12165,34,44,2025-10-20 06:24:51.961866,345407.234,6300715.433
PE702,E10,BJFX-33,1635,0,6,2025-10-20 06:24:53.928339,355445.19,6288027.874
PE702,E10,FLXF-53,10380,31,41,2025-10-20 06:24:53.928344,355445.19,6288027.874
PJ1749,J11,FLXZ-88,3766,10,16,2025-10-20 06:24:57.829049,334190.214,6297992.717
PJ1749,J12,FLXK-39,3998,26,34,2025-10-20 06:24:57.829054,334190.214,6297992.717
PA695,119,CJRX-41,3062,7,13,2025-10-20 06:24:59.872432,344620.898,6295926.012
PA695,119,FLXF-52,7461,20,28,2025-10-20 06:24:59.872436,344620.898,6295926.012
PA695,345,FLXD-77,3074,9,15,2025-10-20 06:24:59.872438,344620.898,6295926.012
PA695,345,FLXF-17,4340,14,20,2025-10-20 06:24:59.872438,344620.898,6295926.012
PA695,I18,VHSX-99,294,0,3,2025-10-20 06:24:59.872439,344620.898,6295926.012
PA695,I18,FLXZ-42,8584,21,29,2025-10-20 06:24:59.872440,344620.898,6295926.012
PA695,511,TBFP-56,2300,0,8,2025-10-20 06:24:59.872441,344620.898,6295926.012
PA695,511,TBFW-92,9522,24,32,2025-10-20 06:24:59.872442,344620.898,6295926.012
PA695,109,PFXC-22,687,0,3,2025-10-20 06:24:59.872443,344620.898,6295926.012
PA695,109,FLXW-32,4930,11,17,2025-10-20 06:24:59.872443,344620.898,6295926.012
PI449,404,PFYC-69,931,0,3,2025-10-20 06:25:05.640372,342745.649,6297106.158
PI449,404,PFYC-14,11722,33,43,2025-10-20 06:25:05.640377,342745.649,6297106.158
PI449,412,PFVG-95,338,0,3,2025-10-20 06:25:05.640378,342745.649,6297106.158
PI449,412,PFVG-92,8609,21,29,2025-10-20 06:25:05.640379,342745.649,6297106.158
PI449,418,PFYC-31,4862,13,19,2025-10-20 06:25:05.640380,342745.649,6297106.158
PI449,418,SHXD-75,8899,24,32,2025-10-20 06:25:05.640380,342745.649,6297106.158
PI449,210,LZRD-94,4354,11,17,2025-10-20 06:25:05.640381,342745.649,6297106.158
PI449,210,RWTP-92,5477,15,21,2025-10-20 06:25:05.640382,342745.649,6297106.158
PI449,210V,VFPZ-39,3817,8,14,2025-10-20 06:25:05.640383,342745.649,6297106.158
PI449,210V,VFHK-96,9752,25,35,2025-10-20 06:25:05.640384,342745.649,6297106.158
PI449,I09,VHSZ-40,509,0,3,2025-10-20 06:25:05.640385,342745.649,6297106.158
PI449,I09,RWRP-58,878,0,3,2025-10-20 06:25:05.640385,342745.649,6297106.158
PI449,J10,VHZX-51,2524,0,8,2025-10-20 06:25:05.640386,342745.649,6297106.158
PI449,210E,VFPZ-92,4416,12,18,2025-10-20 06:25:05.640387,342745.649,6297106.158
PI449,210E,VFRD-35,14053,45,60,2025-10-20 06:25:05.640388,342745.649,6297106.158
PI449,510,GCBF-26,288,0,3,2025-10-20 06:25:05.640389,342745.649,6297106.158
PI449,510,PFWZ-57,4228,10,16,2025-10-20 06:25:05.640389,342745.649,6297106.158
PI449,511,TBFX-40,1416,0,3,2025-10-20 06:25:05.640390,342745.649,6297106.158
PI449,511,TBFP-56,5593,13,19,2025-10-20 06:25:05.640391,342745.649,6297106.158
PI449,516,PFXC-73,1338,0,3,2025-10-20 06:25:05.640392,342745.649,6297106.158
PI449,516,TBFR-13,2647,0,8,2025-10-20 06:25:05.640392,342745.649,6297106.158
PI449,519,RKXL-22,3742,9,15,2025-10-20 06:25:05.640393,342745.649,6297106.158
PI449,519,TBFX-79,5968,17,23,2025-10-20 06:25:05.640394,342745.649,6297106.158
PI1636,481,PFVC-40,1628,0,6,2025-10-20 06:25:07.836699,339368.845,6291684.859
PI1636,481,PFYT-11,5964,15,21,2025-10-20 06:25:07.836705,339368.845,6291684.859
PI1636,I26,PFYR-97,2412,0,8,2025-10-20 06:25:07.836706,339368.845,6291684.859
PI1636,I26,PFYR-94,4750,11,17,2025-10-20 06:25:07.836707,339368.845,6291684.859
PB2015,107,PGRZ-64,1317,0,3,2025-10-20 06:25:09.767972,341780.746,6302850.164
PB2015,107,PFZK-98,3430,0,10,2025-10-20 06:25:09.767978,341780.746,6302850.164
PB2015,101,PGPT-36,5368,10,16,2025-10-20 06:25:09.767979,341780.746,6302850.164
PB2015,B38,TBFX-22,6477,25,33,2025-10-20 06:25:09.767980,341780.746,6302850.164
PJ317,505,VHXJ-50,5846,11,17,2025-10-20 06:25:11.722450,335833.0,6301354.0
PJ317,505,LXWS-34,10289,22,30,2025-10-20 06:25:11.722455,335833.0,6301354.0
PG379,301,BJFV-93,657,0,3,2025-10-20 06:25:13.407932,344691.0,6284160.0
PG379,301,BJFZ-62,720,0,3,2025-10-20 06:25:13.407937,344691.0,6284160.0
PG379,301C,BJFS-84,513,0,3,2025-10-20 06:25:13.407939,344691.0,6284160.0
PB1064,109,FDJX-66,94,0,3,2025-10-20 06:25:14.843555,338541.538,6302946.538
PB1064,109,FDJX-67,1652,0,8,2025-10-20 06:25:14.843561,338541.538,6302946.538
PB1064,B09,SHCY-33,3685,0,10,2025-10-20 06:25:14.843562,338541.538,6302946.538
PB1064,B29,SPZX-36,1559,0,6,2025-10-20 06:25:14.843563,338541.538,6302946.538
PB1064,B29,SKHG-47,3533,9,15,2025-10-20 06:25:14.843564,338541.538,6302946.538
PB622,307,FLXJ-50,9459,22,30,2025-10-20 06:25:16.842737,339898.263,6307932.951
PB622,307,FLXL-60,13178,29,39,2025-10-20 06:25:16.842742,339898.263,6307932.951
PB622,307E,FLXD-86,5434,17,25,2025-10-20 06:25:16.842743,339898.263,6307932.951
PB622,307E,TWPD-67,7857,27,37,2025-10-20 06:25:16.842744,339898.263,6307932.951
PB622,313E,FLXF-16,2617,0,10,2025-10-20 06:25:16.842744,339898.263,6307932.951
PB622,315E,TWPD-31,2495,0,8,2025-10-20 06:25:16.842745,339898.263,6307932.951
PB622,315E,TWPC-64,8690,25,33,2025-10-20 06:25:16.842746,339898.263,6307932.951
PI854,I03,FLXK-62,2154,0,6,2025-10-20 06:25:18.894201,339916.274,6294875.124
PI854,I10,FLXD-74,1825,0,6,2025-10-20 06:25:18.894206,339916.274,6294875.124
PI854,I13,FLXY-15,3115,0,10,2025-10-20 06:25:18.894207,339916.274,6294875.124
PI217,401,PGBB-56,6976,11,17,2025-10-20 06:25:21.494494,336855.52,6292711.98
PI217,401,PFVK-99,12303,24,32,2025-10-20 06:25:21.494499,336855.52,6292711.98
PI217,405,PDZS-75,7799,13,19,2025-10-20 06:25:21.494500,336855.52,6292711.98
PI217,405,PDYH-84,8058,15,21,2025-10-20 06:25:21.494501,336855.52,6292711.98
PI217,421,PFVK-49,19242,45,60,2025-10-20 06:25:21.494501,336855.52,6292711.98
PI217,421,PFYG-55,19793,45,60,2025-10-20 06:25:21.494502,336855.52,6292711.98
PI217,432N,PFVC-45,6956,11,17,2025-10-20 06:25:21.494503,336855.52,6292711.98
PI217,111,FLXZ-66,5656,17,25,2025-10-20 06:25:21.494504,336855.52,6292711.98
PI217,111,FLXY-39,10655,31,41,2025-10-20 06:25:21.494505,336855.52,6292711.98
PI217,506V,GCBD-89,3652,0,10,2025-10-20 06:25:21.494506,336855.52,6292711.98
PI217,506V,PFXC-17,11103,26,34,2025-10-20 06:25:21.494506,336855.52,6292711.98
PI217,106,PFYS-50,11424,23,31,2025-10-20 06:25:21.494507,336855.52,6292711.98
PI217,106,PFVD-36,11820,24,32,2025-10-20 06:25:21.494508,336855.52,6292711.98
PI217,419,PFYG-88,4724,0,10,2025-10-20 06:25:21.494509,336855.52,6292711.98
PI217,419,PFTF-81,5101,0,10,2025-10-20 06:25:21.494510,336855.52,6292711.98
PI217,I09,GCBF-41,873,0,3,2025-10-20 06:25:21.494511,336855.52,6292711.98
PI217,I09,RWRP-50,3948,0,10,2025-10-20 06:25:21.494511,336855.52,6292711.98
PI217,506,GCBD-49,3705,10,16,2025-10-20 06:25:21.494512,336855.52,6292711.98
PI217,506,GCBD-72,4471,12,18,2025-10-20 06:25:21.494522,336855.52,6292711.98
PI217,110,FLXL-91,2105,0,3,2025-10-20 06:25:21.494523,336855.52,6292711.98
PI217,110,CJRW-51,2168,0,3,2025-10-20 06:25:21.494524,336855.52,6292711.98
PD109,106,PGPT-49,7481,29,39,2025-10-20 06:25:23.364375,350077.16,6297564.389
PD109,106,PFVD-55,9273,35,47,2025-10-20 06:25:23.364380,350077.16,6297564.389
PB943,425,SHXF-32,4679,10,16,2025-10-20 06:25:24.812810,338738.099,6307496.972
PB943,425,SJPC-46,9749,21,29,2025-10-20 06:25:24.812815,338738.099,6307496.972
PB943,308,FLXT-92,7166,15,21,2025-10-20 06:25:24.812817,338738.099,6307496.972
PB943,308,FLXJ-93,11142,25,35,2025-10-20 06:25:24.812818,338738.099,6307496.972
PB943,308C,FLXL-37,2562,0,10,2025-10-20 06:25:24.812819,338738.099,6307496.972
PB943,308C,TWPD-98,5875,21,29,2025-10-20 06:25:24.812820,338738.099,6307496.972
PB943,B11,SKDJ-94,5418,10,16,2025-10-20 06:25:24.812821,338738.099,6307496.972
PB943,B11,SKDJ-14,10667,28,38,2025-10-20 06:25:24.812822,338738.099,6307496.972
PB943,B06,SKDJ-18,2810,0,8,2025-10-20 06:25:24.812823,338738.099,6307496.972
PB943,B06,SKDJ-90,7478,18,26,2025-10-20 06:25:24.812824,338738.099,6307496.972
PB943,B21,SKDH-73,2958,0,10,2025-10-20 06:25:24.812825,338738.099,6307496.972
PB943,B21,SKDJ-74,11317,28,38,2025-10-20 06:25:24.812826,338738.099,6307496.972
PB834,214,GCBB-83,1409,0,6,2025-10-20 06:25:27.137783,342648.269,6306439.815
PB834,272,VFPC-51,50,0,3,2025-10-20 06:25:27.137788,342648.269,6306439.815
PB834,B26,FLXP-68,249,0,3,2025-10-20 06:25:27.137790,342648.269,6306439.815
PB834,B04,SHXF-42,1,0,3,2025-10-20 06:25:27.137791,342648.269,6306439.815
PF127,210,LZRF-14,249,0,3,2025-10-20 06:25:29.085292,353113.3,6283918.982
PF127,210,LZRD-75,1122,0,6,2025-10-20 06:25:29.085297,353113.3,6283918.982
PD858,D07,SVDF-68,1,0,3,2025-10-20 06:25:31.280034,355080.198,6294699.415
PD858,D07,STSR-49,5753,14,20,2025-10-20 06:25:31.280039,355080.198,6294699.415
PD858,D07C,SVDD-50,4111,36,48,2025-10-20 06:25:31.280040,355080.198,6294699.415
PD858,D07C,SVDD-40,10371,45,60,2025-10-20 06:25:31.280041,355080.198,6294699.415
PD858,D10,STVY-74,477,0,6,2025-10-20 06:25:31.280042,355080.198,6294699.415
PD858,D10,SVDD-89,2818,11,17,2025-10-20 06:25:31.280042,355080.198,6294699.415
PD858,425,SKPH-78,1209,10,16,2025-10-20 06:25:31.280043,355080.198,6294699.415
PD858,429,SLGS-86,862,0,10,2025-10-20 06:25:31.280044,355080.198,6294699.415
PD858,D05,SPBS-57,3550,8,14,2025-10-20 06:25:31.280045,355080.198,6294699.415
PD858,D05,PGTT-89,6508,16,24,2025-10-20 06:25:31.280046,355080.198,6294699.415
PI330,I04,FLXF-59,8439,18,26,2025-10-20 06:25:33.475198,334936.252,6287151.534
PI330,I04,FLXD-89,12731,28,38,2025-10-20 06:25:33.475203,334936.252,6287151.534
PI330,506V,GCBD-89,11611,26,36,2025-10-20 06:25:33.475204,334936.252,6287151.534
PI330,506V,PFXC-17,19079,45,60,2025-10-20 06:25:33.475205,334936.252,6287151.534
PI330,115C,FLXW-39,3496,0,10,2025-10-20 06:25:33.475206,334936.252,6287151.534
PI330,115C,PFXB-92,9313,20,28,2025-10-20 06:25:33.475207,334936.252,6287151.534
PB1315,B26,HVFH-32,951,0,6,2025-10-20 06:25:35.389967,343971.129,6302369.702
PB1315,B26,FLXP-68,5563,16,22,2025-10-20 06:25:35.389973,343971.129,6302369.702
PE457,E04,VKJY-74,2200,0,8,2025-10-20 06:25:37.267473,353325.313,6288934.899
PE457,E04,VKJX-83,2275,0,8,2025-10-20 06:25:37.267478,353325.313,6288934.899
PI49,107,PGRZ-91,3,0,3,2025-10-20 06:25:39.300226,341576.8,6295613.625
PI49,107,PGBY-46,156,0,3,2025-10-20 06:25:39.300231,341576.8,6295613.625
PI49,102,SRVL-13,143,0,3,2025-10-20 06:25:39.300232,341576.8,6295613.625
PG1270,F20,SRVJ-72,150,0,3,2025-10-20 06:25:41.277530,345246.149,6285304.696
PG1270,F20,SPZY-78,1595,0,6,2025-10-20 06:25:41.277535,345246.149,6285304.696
PG1270,G15,THTG-10,4624,14,20,2025-10-20 06:25:41.277536,345246.149,6285304.696
PG1270,G15,THTF-83,5934,20,28,2025-10-20 06:25:41.277537,345246.149,6285304.696
PG1270,G16,SFPG-38,1570,0,6,2025-10-20 06:25:41.277538,345246.149,6285304.696
PG1270,G16,SFPG-30,3142,8,14,2025-10-20 06:25:41.277539,345246.149,6285304.696
PG764,G07,THTD-75,2512,0,8,2025-10-20 06:25:43.136538,342578.626,6282792.901
PG764,G07,THTF-74,10969,23,31,2025-10-20 06:25:43.136543,342578.626,6282792.901
PG764,G08,THTG-79,410,0,3,2025-10-20 06:25:43.136544,342578.626,6282792.901
PG764,G08,THTF-57,2993,8,14,2025-10-20 06:25:43.136545,342578.626,6282792.901
PJ95,415E,PGKP-67,2175,10,16,2025-10-20 06:25:45.193585,337759.64,6301550.855
PJ95,415E,PFTW-58,4118,45,60,2025-10-20 06:25:45.193591,337759.64,6301550.855
PJ95,505,VHXJ-50,3726,0,10,2025-10-20 06:25:45.193593,337759.64,6301550.855
PJ95,505,LXWS-34,8053,17,25,2025-10-20 06:25:45.193594,337759.64,6301550.855
PJ95,513,VJBC-10,8581,18,26,2025-10-20 06:25:45.193595,337759.64,6301550.855
PJ95,513,VHZY-31,12969,28,38,2025-10-20 06:25:45.193596,337759.64,6301550.855
PJ95,110,PFXC-28,3216,7,13,2025-10-20 06:25:45.193597,337759.64,6301550.855
PJ95,110,CJRY-77,6714,16,24,2025-10-20 06:25:45.193606,337759.64,6301550.855
PJ95,110C,TBFS-61,767,0,3,2025-10-20 06:25:45.193607,337759.64,6301550.855
PJ95,110C,BJFD-49,6774,27,37,2025-10-20 06:25:45.193608,337759.64,6301550.855
PJ95,414E,LXWP-86,1233,0,3,2025-10-20 06:25:45.193609,337759.64,6301550.855
PJ888,514,FLXH-85,15103,35,45,2025-10-20 06:25:47.121284,336032.371,6298290.724
PJ888,514,FLXJ-43,16455,38,50,2025-10-20 06:25:47.121289,336032.371,6298290.724
PJ953,402,PFTW-50,3348,8,14,2025-10-20 06:25:49.251842,341034.145,6298379.974
PJ953,402,PFYC-57,7185,29,39,2025-10-20 06:25:49.251847,341034.145,6298379.974
PJ953,J13,FLXV-58,2583,0,8,2025-10-20 06:25:49.251848,341034.145,6298379.974
PJ953,406,PFXC-10,8960,19,27,2025-10-20 06:25:49.251849,341034.145,6298379.974
PJ953,406,SZZH-69,14090,34,44,2025-10-20 06:25:49.251850,341034.145,6298379.974
PJ953,407,TBFW-77,4010,11,17,2025-10-20 06:25:49.251850,341034.145,6298379.974
PJ953,407,TBFP-65,7390,19,27,2025-10-20 06:25:49.251851,341034.145,6298379.974
PJ953,422,TBFT-75,12928,30,40,2025-10-20 06:25:49.251852,341034.145,6298379.974
PJ953,422,PFXC-50,20105,45,60,2025-10-20 06:25:49.251853,341034.145,6298379.974
PJ953,426,BJFC-24,1678,0,6,2025-10-20 06:25:49.251853,341034.145,6298379.974
PJ953,426,BJFD-59,10750,25,35,2025-10-20 06:25:49.251854,341034.145,6298379.974
PI40,I14,BJFS-53,1424,0,6,2025-10-20 06:25:51.907741,340495.113,6295286.236
PI40,I14,CJRZ-75,6222,17,23,2025-10-20 06:25:51.907746,340495.113,6295286.236
PI40,506E,TBFR-35,3268,0,8,2025-10-20 06:25:51.907747,340495.113,6295286.236
PI40,506E,TBFX-28,6574,14,20,2025-10-20 06:25:51.907748,340495.113,6295286.236
PI40,506V,TBFS-33,2304,0,8,2025-10-20 06:25:51.907749,340495.113,6295286.236
PI40,506V,PFWZ-90,7213,20,28,2025-10-20 06:25:51.907750,340495.113,6295286.236
PI40,509,FLXX-92,2406,0,8,2025-10-20 06:25:51.907751,340495.113,6295286.236
PI40,509,FLXD-60,4095,9,15,2025-10-20 06:25:51.907751,340495.113,6295286.236
PI40,101,PGPT-56,2802,0,10,2025-10-20 06:25:51.907752,340495.113,6295286.236
PI40,481,PGPT-46,814,0,3,2025-10-20 06:25:51.907753,340495.113,6295286.236
PI40,481,PFYS-22,4388,14,20,2025-10-20 06:25:51.907754,340495.113,6295286.236
PI40,506,TBFX-13,1251,0,6,2025-10-20 06:25:51.907755,340495.113,6295286.236
PI40,506,FLXW-35,2822,0,10,2025-10-20 06:25:51.907756,340495.113,6295286.236
PI40,I10,FLXL-39,2798,0,10,2025-10-20 06:25:51.907756,340495.113,6295286.236
PI40,I10,FLXG-53,7740,21,29,2025-10-20 06:25:51.907757,340495.113,6295286.236
PI40,I13,FLXX-97,2050,0,10,2025-10-20 06:25:51.907758,340495.113,6295286.236
PI40,I13,FLXY-23,5860,23,31,2025-10-20 06:25:51.907759,340495.113,6295286.236
PG863,G05,SFPG-46,973,0,3,2025-10-20 06:25:54.789057,346634.821,6282484.701
PG863,G05,SFPG-56,3233,7,13,2025-10-20 06:25:54.789061,346634.821,6282484.701
PC542,C06,LWTK-52,1135,0,6,2025-10-20 06:25:56.860502,356933.163,6301505.11
PC542,503,VGVF-43,476,0,3,2025-10-20 06:25:56.860508,356933.163,6301505.11
PF673,F25,SRVJ-34,3484,0,10,2025-10-20 06:25:58.997942,350189.556,6277758.12
PF673,F25,LCTG-42,8477,26,34,2025-10-20 06:25:58.997948,350189.556,6277758.12
PF673,F18,SRVG-92,5192,10,16,2025-10-20 06:25:58.997950,350189.556,6277758.12
PF673,F18,SRVL-72,8330,18,26,2025-10-20 06:25:58.997951,350189.556,6277758.12
PD530,325,VFJS-45,1496,0,3,2025-10-20 06:26:02.381405,351552.105,6296052.36
PD530,508,PFXB-49,3685,0,8,2025-10-20 06:26:02.381410,351552.105,6296052.36
PD530,508,FLXV-38,5624,10,16,2025-10-20 06:26:02.381411,351552.105,6296052.36
PC26,104,SKWD-26,1753,0,6,2025-10-20 06:26:06.263229,351171.857,6299150.367
PC26,212,LZPS-15,880,0,3,2025-10-20 06:26:06.263234,351171.857,6299150.367
PI979,348,VHTB-70,4073,14,20,2025-10-20 06:26:08.397386,338221.197,6290407.16
PI979,348,VHSY-35,7419,25,33,2025-10-20 06:26:08.397392,338221.197,6290407.16
PI739,I02,FLXZ-40,3353,8,14,2025-10-20 06:26:09.930723,337097.956,6295975.543
PI739,I02,FLXZ-39,11678,34,44,2025-10-20 06:26:09.930730,337097.956,6295975.543
PI739,516,GCBD-98,108,0,3,2025-10-20 06:26:09.930740,337097.956,6295975.543
PI739,516,FLXW-12,1280,0,8,2025-10-20 06:26:09.930741,337097.956,6295975.543
PJ376,486,LXWP-61,518,0,3,2025-10-20 06:26:11.980704,335351.728,6298904.188
PJ376,486,LXWP-68,5562,17,25,2025-10-20 06:26:11.980708,335351.728,6298904.188
PJ376,J07,VJBB-31,2707,0,10,2025-10-20 06:26:11.980710,335351.728,6298904.188
PJ376,J07,VHZY-81,5872,20,28,2025-10-20 06:26:11.980710,335351.728,6298904.188
PJ376,J18,VHZY-40,1153,0,3,2025-10-20 06:26:11.980711,335351.728,6298904.188
PJ376,504,FLXV-44,1376,0,3,2025-10-20 06:26:11.980712,335351.728,6298904.188
PJ376,507,TBFX-53,11401,35,47,2025-10-20 06:26:11.980713,335351.728,6298904.188
PJ376,507,TBFW-14,14423,45,60,2025-10-20 06:26:11.980714,335351.728,6298904.188
PJ376,514,FLXH-85,16193,37,49,2025-10-20 06:26:11.980715,335351.728,6298904.188
PJ376,514,FLXJ-43,17802,45,60,2025-10-20 06:26:11.980715,335351.728,6298904.188
PJ376,407,GCBD-33,1205,0,3,2025-10-20 06:26:11.980716,335351.728,6298904.188
PJ376,407,GCBF-17,3827,9,15,2025-10-20 06:26:11.980717,335351.728,6298904.188
PC763,C07,SHCV-79,1,0,3,2025-10-20 06:26:14.027127,352081.831,6305210.169
PC763,C07,SHCY-30,3293,0,10,2025-10-20 06:26:14.027132,352081.831,6305210.169
PC763,712,SHXG-89,4594,8,14,2025-10-20 06:26:14.027133,352081.831,6305210.169
PC763,712,SHCW-69,6519,14,20,2025-10-20 06:26:14.027134,352081.831,6305210.169
PB1401,B21,SKDJ-74,323,0,3,2025-10-20 06:26:15.967557,345850.703,6303574.942
PB1401,B25,FLXP-71,7213,17,25,2025-10-20 06:26:15.967563,345850.703,6303574.942
PF209,F11,SKVB-10,456,0,3,2025-10-20 06:26:17.900887,354818.653,6279843.578
PF209,F11,SKTZ-90,7798,21,29,2025-10-20 06:26:17.900890,354818.653,6279843.578
PF209,F29,SPVV-83,2197,0,6,2025-10-20 06:26:17.900892,354818.653,6279843.578
PF209,F01,SPVT-92,3058,7,13,2025-10-20 06:26:17.900892,354818.653,6279843.578
PF209,F01,TFSZ-92,6819,17,25,2025-10-20 06:26:17.900893,354818.653,6279843.578
PF209,F01C,SPVW-76,2984,0,8,2025-10-20 06:26:17.900894,354818.653,6279843.578
PD359,420,SPZK-84,4971,18,26,2025-10-20 06:26:19.843494,354338.932,6298318.668
PD359,420,SVDD-66,11486,45,60,2025-10-20 06:26:19.843498,354338.932,6298318.668
PD359,418,PFVG-99,1387,0,8,2025-10-20 06:26:19.843500,354338.932,6298318.668
PD359,418,SJPD-71,7369,25,35,2025-10-20 06:26:19.843500,354338.932,6298318.668
PD359,425,SHXG-40,5805,14,20,2025-10-20 06:26:19.843501,354338.932,6298318.668
PD359,425,SJPF-42,8151,21,29,2025-10-20 06:26:19.843502,354338.932,6298318.668
PD359,429,SLGT-36,630,0,3,2025-10-20 06:26:19.843503,354338.932,6298318.668
PD359,429,SLLZ-36,2517,10,16,2025-10-20 06:26:19.843504,354338.932,6298318.668
PJ131,406,GCBD-94,425,0,3,2025-10-20 06:26:21.806701,341007.892,6298356.917
PJ131,406,PFXB-25,490,0,3,2025-10-20 06:26:21.806706,341007.892,6298356.917
PJ131,407,FLXV-96,312,0,3,2025-10-20 06:26:21.806707,341007.892,6298356.917
PJ131,407,GCBD-79,1724,0,8,2025-10-20 06:26:21.806708,341007.892,6298356.917
PJ131,422,GCBC-66,1066,0,3,2025-10-20 06:26:21.806709,341007.892,6298356.917
PJ131,422,FLXV-57,1313,0,3,2025-10-20 06:26:21.806710,341007.892,6298356.917
PJ131,426,FLXD-48,589,0,3,2025-10-20 06:26:21.806710,341007.892,6298356.917
PJ131,426,FDJX-70,2583,0,10,2025-10-20 06:26:21.806711,341007.892,6298356.917
PJ131,402,PFYC-49,4040,9,15,2025-10-20 06:26:21.806712,341007.892,6298356.917
PJ131,J13,TBFT-86,1940,7,13,2025-10-20 06:26:21.806713,341007.892,6298356.917
PJ131,J13,TBFW-52,7113,20,28,2025-10-20 06:26:21.806714,341007.892,6298356.917
PB2054,B29,SPZX-36,1,0,3,2025-10-20 06:26:23.699988,337362.0,6303378.0
PB2054,B29,SKHG-47,1592,0,8,2025-10-20 06:26:23.699993,337362.0,6303378.0
PG49,201,GCBB-97,1,0,3,2025-10-20 06:26:25.835066,343638.958,6284645.58
PG49,201,GCBB-84,1361,0,3,2025-10-20 06:26:25.835071,343638.958,6284645.58
PG49,211,FLXC-94,3102,0,10,2025-10-20 06:26:25.835072,343638.958,6284645.58
PG49,211,FYTS-89,4774,11,17,2025-10-20 06:26:25.835073,343638.958,6284645.58
PG49,271,TBYY-66,928,0,3,2025-10-20 06:26:25.835074,343638.958,6284645.58
PG49,271,TBYY-67,4563,9,15,2025-10-20 06:26:25.835075,343638.958,6284645.58
PG49,211C,THTH-19,1,0,3,2025-10-20 06:26:25.835076,343638.958,6284645.58
PG49,211C,THTF-86,2473,0,8,2025-10-20 06:26:25.835076,343638.958,6284645.58
PG49,G05,SDSW-72,1443,0,6,2025-10-20 06:26:25.835077,343638.958,6284645.58
PG49,G05,SCRZ-38,1947,0,8,2025-10-20 06:26:25.835078,343638.958,6284645.58
PD588,508,PFXB-49,982,0,3,2025-10-20 06:26:27.682790,349336.38,6296467.78
PD588,508,FLXV-38,3051,0,10,2025-10-20 06:26:27.682795,349336.38,6296467.78
PE1268,E12,VFKV-37,7382,17,23,2025-10-20 06:26:29.826201,350998.361,6285134.992
PE1268,E12,VFJT-26,16161,45,60,2025-10-20 06:26:29.826206,350998.361,6285134.992
PE1268,E16,VFJK-31,836,0,3,2025-10-20 06:26:29.826207,350998.361,6285134.992
PE1268,E16,VFJP-25,3188,8,14,2025-10-20 06:26:29.826208,350998.361,6285134.992
PC561,504,GCBC-93,1294,0,6,2025-10-20 06:26:32.520329,348409.831,6299075.269
PC561,504,PFXC-60,7058,16,24,2025-10-20 06:26:32.520334,348409.831,6299075.269
PG1922,G39,HVFH-31,845,0,3,2025-10-20 06:26:34.944421,344693.72,6281268.22
PG1922,G39,FLXK-21,5911,16,22,2025-10-20 06:26:34.944425,344693.72,6281268.22
PG1922,G09,FLXH-44,7149,20,28,2025-10-20 06:26:34.944427,344693.72,6281268.22
PG1922,G09,FLXH-61,10445,29,39,2025-10-20 06:26:34.944428,344693.72,6281268.22
PI465,509,CJRY-74,213,0,3,2025-10-20 06:26:39.354047,335510.698,6289884.785
PI465,405,PFYG-66,559,0,3,2025-10-20 06:26:39.354052,335510.698,6289884.785
PI465,405,PDYR-98,595,0,3,2025-10-20 06:26:39.354054,335510.698,6289884.785
PI465,417E,PFVJ-17,1794,0,10,2025-10-20 06:26:39.354055,335510.698,6289884.785
PI465,481,PGPT-33,1118,0,6,2025-10-20 06:26:39.354056,335510.698,6289884.785
PI465,I26,PFVD-65,2109,0,10,2025-10-20 06:26:39.354057,335510.698,6289884.785
PI465,I02,FLXY-75,3223,0,8,2025-10-20 06:26:39.354058,335510.698,6289884.785
PB966,B06,SKDG-80,4918,10,16,2025-10-20 06:26:42.985850,343532.648,6306014.362
PB966,B06,SKDH-97,7108,18,26,2025-10-20 06:26:42.985854,343532.648,6306014.362
PB966,B21,SKDG-28,2621,0,10,2025-10-20 06:26:42.985855,343532.648,6306014.362
PB966,B21,SKDG-52,8663,25,35,2025-10-20 06:26:42.985856,343532.648,6306014.362
PG1764,211,FLXX-13,984,0,3,2025-10-20 06:26:44.945211,342096.76,6277947.109
PG1764,G02,FLXP-32,211,0,3,2025-10-20 06:26:44.945217,342096.76,6277947.109
PG1764,G02,FLXX-18,4758,12,18,2025-10-20 06:26:44.945219,342096.76,6277947.109
PG1764,G07,THTF-74,3998,0,8,2025-10-20 06:26:44.945220,342096.76,6277947.109
PG1764,G07,THTD-80,8395,15,21,2025-10-20 06:26:44.945221,342096.76,6277947.109
PC396,C02,LDJJ-71,2871,0,8,2025-10-20 06:26:46.986476,357166.608,6302868.842
PC396,C02,LDJJ-85,5517,13,19,2025-10-20 06:26:46.986481,357166.608,6302868.842
PC396,C27,SGPX-12,4900,13,19,2025-10-20 06:26:46.986482,357166.608,6302868.842
PC396,421,PFBG-13,5943,17,25,2025-10-20 06:26:46.986483,357166.608,6302868.842
PC396,421,PDZH-76,6552,19,27,2025-10-20 06:26:46.986484,357166.608,6302868.842
PB1377,B19,SHCY-41,667,0,3,2025-10-20 06:26:48.898085,345479.302,6305568.906
PB1377,B41,GCBB-19,2166,0,8,2025-10-20 06:26:48.898090,345479.302,6305568.906
PB1377,B41,GCBB-78,5968,14,20,2025-10-20 06:26:48.898091,345479.302,6305568.906
PC1112,C01C,PGBY-57,2778,0,8,2025-10-20 06:26:50.859236,359897.466,6307303.683
PC1112,C01C,PGLD-43,8525,16,24,2025-10-20 06:26:50.859242,359897.466,6307303.683
PG179,209,LZPR-96,1304,0,6,2025-10-20 06:26:52.790572,349018.28,6281012.666
PG179,209,SRTH-14,5593,11,17,2025-10-20 06:26:52.790576,349018.28,6281012.666
PG179,209C,LZPR-79,1366,0,3,2025-10-20 06:26:52.790577,349018.28,6281012.666
PG179,209C,LZPT-61,1493,0,3,2025-10-20 06:26:52.790578,349018.28,6281012.666
PG179,203N,LXWT-83,1432,0,3,2025-10-20 06:26:52.790579,349018.28,6281012.666
PG179,203N,SDGY-18,1744,0,3,2025-10-20 06:26:52.790580,349018.28,6281012.666
PG179,207,SRTG-96,1481,0,6,2025-10-20 06:26:52.790581,349018.28,6281012.666
PG179,207,LZPT-44,10876,22,30,2025-10-20 06:26:52.790581,349018.28,6281012.666
PG179,207C,LZPS-14,816,0,3,2025-10-20 06:26:52.790582,349018.28,6281012.666
PG179,207C,LZPG-10,5884,15,21,2025-10-20 06:26:52.790583,349018.28,6281012.666
PC79,C01,LCSX-45,2701,0,6,2025-10-20 06:26:54.863798,353529.72,6300166.49
PC79,C01,LDJJ-84,8730,17,23,2025-10-20 06:26:54.863803,353529.72,6300166.49
PC79,420,SPZK-84,2743,14,20,2025-10-20 06:26:54.863804,353529.72,6300166.49
PC79,420,SVDD-66,9234,45,60,2025-10-20 06:26:54.863805,353529.72,6300166.49
PC79,425,SHXG-40,3490,7,13,2025-10-20 06:26:54.863806,353529.72,6300166.49
PC79,425,SJPF-42,5563,14,20,2025-10-20 06:26:54.863806,353529.72,6300166.49
PC79,286,SFPF-91,3143,0,10,2025-10-20 06:26:54.863807,353529.72,6300166.49
PC79,712,SHCW-74,3374,0,8,2025-10-20 06:26:54.863808,353529.72,6300166.49
PG1795,229,SFWZ-59,2265,0,6,2025-10-20 06:26:56.743611,347294.79,6287395.37
PG1795,229,SFWZ-65,4820,9,15,2025-10-20 06:26:56.743616,347294.79,6287395.37
PD960,D07,STWB-27,2995,0,10,2025-10-20 06:26:58.671609,350905.543,6294423.634
PD960,D07,STYX-82,6987,21,29,2025-10-20 06:26:58.671614,350905.543,6294423.634
PE812,E15C,VFJD-31,589,0,3,2025-10-20 06:27:00.620258,350915.216,6285586.898
PE812,E15C,VFKS-86,4177,10,16,2025-10-20 06:27:00.620263,350915.216,6285586.898
PE812,325,VFHX-28,5046,12,18,2025-10-20 06:27:00.620265,350915.216,6285586.898
PE812,325,VFJP-79,7764,20,28,2025-10-20 06:27:00.620265,350915.216,6285586.898
PG1600,G14,FLXP-22,1274,0,3,2025-10-20 06:27:05.423193,344317.86,6277731.179
PG1600,G24,FLXP-29,242,0,3,2025-10-20 06:27:05.423199,344317.86,6277731.179
PD890,D07,SVDD-58,1568,0,6,2025-10-20 06:27:07.443869,354522.956,6294591.21
PD890,D07,SVDC-99,5881,15,21,2025-10-20 06:27:07.443874,354522.956,6294591.21
PD890,D07C,SVDD-40,2703,8,14,2025-10-20 06:27:07.443875,354522.956,6294591.21
PD890,D07C,SVDD-41,5839,19,27,2025-10-20 06:27:07.443876,354522.956,6294591.21
PD890,D10,SSXF-31,2376,9,15,2025-10-20 06:27:07.443877,354522.956,6294591.21
PD890,D10,STKP-84,6785,20,28,2025-10-20 06:27:07.443877,354522.956,6294591.21
PD890,425,SKPH-78,33,0,6,2025-10-20 06:27:07.443878,354522.956,6294591.21
PD890,429,SLGT-36,5213,23,31,2025-10-20 06:27:07.443879,354522.956,6294591.21
PD890,429,SLLZ-36,7068,29,39,2025-10-20 06:27:07.443880,354522.956,6294591.21
PB329,203,LZPT-67,9876,29,39,2025-10-20 06:27:09.583635,347240.802,6303800.619
PB329,203,LXWT-94,10283,30,40,2025-10-20 06:27:09.583640,347240.802,6303800.619
PB329,203N,SFST-39,5266,24,32,2025-10-20 06:27:09.583642,347240.802,6303800.619
PB329,208,LXWT-87,515,0,6,2025-10-20 06:27:09.583643,347240.802,6303800.619
PB329,208,LZPS-25,528,0,6,2025-10-20 06:27:09.583643,347240.802,6303800.619
PJ63,412,PFTW-26,1499,0,6,2025-10-20 06:27:11.894342,338245.357,6300135.346
PJ63,412,LXWP-58,4623,20,28,2025-10-20 06:27:11.894347,338245.357,6300135.346
PJ63,110,FLXG-45,742,0,3,2025-10-20 06:27:11.894348,338245.357,6300135.346
PJ63,110,FLXH-89,913,0,3,2025-10-20 06:27:11.894349,338245.357,6300135.346
PG1267,203,GCBF-53,2774,0,10,2025-10-20 06:27:13.465794,346072.412,6285159.788
PG1267,203,SRTH-21,3369,8,14,2025-10-20 06:27:13.465799,346072.412,6285159.788
PG1267,203C,LXWT-84,626,0,3,2025-10-20 06:27:13.465800,346072.412,6285159.788
PG1267,203C,LZPR-87,6089,14,20,2025-10-20 06:27:13.465801,346072.412,6285159.788
PG1267,G15,THTG-10,3283,8,14,2025-10-20 06:27:13.465802,346072.412,6285159.788
PG1267,G15,THTF-83,4909,16,22,2025-10-20 06:27:13.465803,346072.412,6285159.788
PG1267,F20,SPZY-78,1,0,3,2025-10-20 06:27:13.465804,346072.412,6285159.788
PG1267,F20,SRVJ-25,1070,0,3,2025-10-20 06:27:13.465804,346072.412,6285159.788
PF68,204,VFPZ-27,1094,0,3,2025-10-20 06:27:15.486726,351657.281,6284260.643
PF68,204,VFPC-69,3720,9,15,2025-10-20 06:27:15.486731,351657.281,6284260.643
PF68,224,VFPX-33,432,0,3,2025-10-20 06:27:15.486733,351657.281,6284260.643
PI141,109,FLXS-80,4542,0,10,2025-10-20 06:27:17.973375,339117.506,6290684.458
PI141,109,FLXG-28,4985,7,13,2025-10-20 06:27:17.973380,339117.506,6290684.458
PI141,118,BJFD-43,287,0,3,2025-10-20 06:27:17.973382,339117.506,6290684.458
PI141,118,BFKC-96,5127,12,18,2025-10-20 06:27:17.973383,339117.506,6290684.458
PI141,108,PFVG-59,3141,0,10,2025-10-20 06:27:17.973384,339117.506,6290684.458
PI141,108,PFYR-74,8986,20,28,2025-10-20 06:27:17.973385,339117.506,6290684.458
PI141,348,VHTB-33,2308,0,8,2025-10-20 06:27:17.973386,339117.506,6290684.458
PI141,I04,FLXF-59,938,0,3,2025-10-20 06:27:17.973387,339117.506,6290684.458
PI141,I04,FLXD-89,5289,13,19,2025-10-20 06:27:17.973387,339117.506,6290684.458
PI141,I05,VHSY-37,965,0,3,2025-10-20 06:27:17.973388,339117.506,6290684.458
PI141,I18,VHSX-64,8336,22,30,2025-10-20 06:27:17.973389,339117.506,6290684.458
PD113,106,PGPT-49,8094,36,48,2025-10-20 06:27:19.938452,350392.171,6296747.649
PD113,106,PFVD-55,10053,45,60,2025-10-20 06:27:19.938458,350392.171,6296747.649
PE560,323,FLXR-55,5272,14,20,2025-10-20 06:27:21.919677,352621.394,6288188.47
PE560,323,FLXR-28,5963,15,21,2025-10-20 06:27:21.919682,352621.394,6288188.47
PE560,E07,BJFW-83,908,0,3,2025-10-20 06:27:21.919684,352621.394,6288188.47
PB937,B11,SKDJ-14,3507,10,16,2025-10-20 06:27:23.918934,343141.351,6306035.984
PB937,B12,SKDG-11,4231,12,18,2025-10-20 06:27:23.918939,343141.351,6306035.984
PB937,B06,SKDJ-90,402,0,3,2025-10-20 06:27:23.918941,343141.351,6306035.984
PB937,B06,SPCG-34,4124,12,18,2025-10-20 06:27:23.918941,343141.351,6306035.984
PB937,B21,SKDJ-74,4262,11,17,2025-10-20 06:27:23.918942,343141.351,6306035.984
PB937,230,GCBC-11,6669,20,28,2025-10-20 06:27:23.918943,343141.351,6306035.984
PB937,230,GCBC-18,11487,37,49,2025-10-20 06:27:23.918944,343141.351,6306035.984
PC935,C14,SJPD-83,1747,0,8,2025-10-20 06:27:25.856625,353926.847,6304827.815
PC133,401,PGBB-64,2468,0,10,2025-10-20 06:27:29.082159,355622.538,6301597.542
PC133,C05,LWTK-66,1519,0,6,2025-10-20 06:27:29.082164,355622.538,6301597.542
PJ1733,111,FLXY-39,3402,0,10,2025-10-20 06:27:31.694321,336339.359,6296187.881
PJ1733,111,FLXX-98,6236,13,19,2025-10-20 06:27:31.694326,336339.359,6296187.881
PJ1733,J08,FLXK-35,1829,0,6,2025-10-20 06:27:31.694327,336339.359,6296187.881
PJ1733,J08,FLXS-72,12396,37,49,2025-10-20 06:27:31.694328,336339.359,6296187.881
PD623,D10,STVY-74,3858,16,24,2025-10-20 06:27:33.907505,353941.557,6291844.816
PD623,D10,SVDD-89,6209,27,37,2025-10-20 06:27:33.907510,353941.557,6291844.816
PI670,I18,FLXZ-42,512,0,3,2025-10-20 06:27:35.950133,340575.799,6293053.448
PI670,I18,VHTB-49,8458,23,31,2025-10-20 06:27:35.950139,340575.799,6293053.448
PI670,I25,FLXL-31,635,0,3,2025-10-20 06:27:35.950141,340575.799,6293053.448
PI670,I01,FLXF-15,2610,7,13,2025-10-20 06:27:35.950142,340575.799,6293053.448
PI670,I01,FLXJ-21,4239,12,18,2025-10-20 06:27:35.950143,340575.799,6293053.448
PE588,E08,VKJX-59,3196,8,14,2025-10-20 06:27:37.851166,353037.927,6286944.961
PE588,F25,LCTG-47,4047,10,16,2025-10-20 06:27:37.851171,353037.927,6286944.961
PE588,F25,SRVF-83,4093,10,16,2025-10-20 06:27:37.851172,353037.927,6286944.961
PB160,116,LDJJ-74,1223,0,6,2025-10-20 06:27:40.374372,346863.515,6299771.827
PB160,116,HPFJ-99,3851,11,17,2025-10-20 06:27:40.374377,346863.515,6299771.827
PF564,124,TXZH-40,3249,0,10,2025-10-20 06:27:42.110004,352527.672,6277928.332
PF564,124,SRVG-88,14161,39,51,2025-10-20 06:27:42.110009,352527.672,6277928.332
PF564,F02,SHXD-84,506,0,3,2025-10-20 06:27:42.110011,352527.672,6277928.332
PF564,F02,SHXG-86,4136,9,15,2025-10-20 06:27:42.110011,352527.672,6277928.332
PF564,F12C,STHD-50,908,0,3,2025-10-20 06:27:42.110012,352527.672,6277928.332
PI304,111,FLXX-63,3881,9,15,2025-10-20 06:27:43.974887,334882.424,6287219.275
PI304,111,FLXZ-66,10979,31,41,2025-10-20 06:27:43.974892,334882.424,6287219.275
PI304,113C,FLXW-66,9073,20,28,2025-10-20 06:27:43.974893,334882.424,6287219.275
PI304,I11,RWRP-49,2557,0,10,2025-10-20 06:27:43.974894,334882.424,6287219.275
PI304,I11,FLXZ-27,3079,8,14,2025-10-20 06:27:43.974895,334882.424,6287219.275
PI304,I35,SCRZ-22,3153,0,10,2025-10-20 06:27:43.974896,334882.424,6287219.275
PI304,I35,SFGY-69,4775,11,17,2025-10-20 06:27:43.974896,334882.424,6287219.275
PG1204,201,GCBB-50,2970,0,8,2025-10-20 06:27:45.397550,342686.15,6281068.42
PG1204,201,GCBB-31,13199,26,36,2025-10-20 06:27:45.397555,342686.15,6281068.42
PG1204,201E,VFHS-85,935,0,3,2025-10-20 06:27:45.397556,342686.15,6281068.42
PG1204,201E,VFHL-46,3816,0,10,2025-10-20 06:27:45.397557,342686.15,6281068.42
PG1204,G14,CJRP-12,1324,0,6,2025-10-20 06:27:45.397558,342686.15,6281068.42
PG1204,G14,FLXP-18,6043,17,25,2025-10-20 06:27:45.397568,342686.15,6281068.42
PG1204,271,TBYY-62,11364,22,30,2025-10-20 06:27:45.397569,342686.15,6281068.42
PG1204,271,TBYY-65,16217,33,43,2025-10-20 06:27:45.397569,342686.15,6281068.42
PG1204,G28,BJFW-31,7764,17,25,2025-10-20 06:27:45.397570,342686.15,6281068.42
PG1204,G28,BJFW-20,10625,25,35,2025-10-20 06:27:45.397571,342686.15,6281068.42
PG1204,228,THTD-67,174,0,3,2025-10-20 06:27:45.397572,342686.15,6281068.42
PG1204,G32,THTF-56,2068,0,8,2025-10-20 06:27:45.397573,342686.15,6281068.42
PG1204,G32,THTF-42,7005,16,24,2025-10-20 06:27:45.397574,342686.15,6281068.42
PI1177,385,FLXF-76,628,0,3,2025-10-20 06:27:47.496701,343492.882,6296991.853
PI1177,385,FLXK-51,3397,8,14,2025-10-20 06:27:47.496706,343492.882,6296991.853
PI1177,I16,FLXL-80,1181,0,3,2025-10-20 06:27:47.496707,343492.882,6296991.853
PB63,109,FDJX-66,855,0,6,2025-10-20 06:27:52.297432,339927.7,6302868.37
PB63,109,FDJX-67,2632,0,10,2025-10-20 06:27:52.297437,339927.7,6302868.37
PB63,110,CJRZ-80,470,0,3,2025-10-20 06:27:52.297438,339927.7,6302868.37
PB63,110,TBFV-20,2500,0,6,2025-10-20 06:27:52.297439,339927.7,6302868.37
PB63,105,SJPC-36,1149,0,3,2025-10-20 06:27:52.297440,339927.7,6302868.37
PB63,105,SJPD-91,3571,14,20,2025-10-20 06:27:52.297440,339927.7,6302868.37
PG1293,228,THTH-84,1353,0,6,2025-10-20 06:27:57.332012,345525.796,6282107.72
PG1293,228,THTH-35,4489,11,17,2025-10-20 06:27:57.332017,345525.796,6282107.72
PG1293,G08,THTF-78,874,0,3,2025-10-20 06:27:57.332018,345525.796,6282107.72
PG1293,G08,THTF-12,5359,12,18,2025-10-20 06:27:57.332019,345525.796,6282107.72
PG1293,G09,SFGY-22,1989,0,8,2025-10-20 06:27:57.332020,345525.796,6282107.72
PG1293,G09,SFGY-77,2357,0,10,2025-10-20 06:27:57.332020,345525.796,6282107.72
PB281,308,FLXJ-93,762,0,3,2025-10-20 06:28:03.102724,344372.827,6303835.453
PB281,308,FLXH-30,3081,8,14,2025-10-20 06:28:03.102729,344372.827,6303835.453
PB281,B22,SKPS-20,670,0,3,2025-10-20 06:28:03.102730,344372.827,6303835.453
PB281,201,GCBB-52,6452,22,30,2025-10-20 06:28:03.102731,344372.827,6303835.453
PB281,201,GCBC-16,6810,23,31,2025-10-20 06:28:03.102732,344372.827,6303835.453
PE449,E04,VKJZ-79,1610,0,6,2025-10-20 06:28:09.869897,353372.963,6288800.867
PE449,E04,VKJZ-36,2432,0,10,2025-10-20 06:28:09.869901,353372.963,6288800.867
PE602,E09,VKJX-94,2048,0,8,2025-10-20 06:28:12.465263,351874.69,6284666.519
PE602,E16,VFJP-25,1440,0,6,2025-10-20 06:28:12.465268,351874.69,6284666.519
PE602,E16,VFJP-53,5271,15,21,2025-10-20 06:28:12.465269,351874.69,6284666.519
PF1182,F26,SPVW-83,110,0,3,2025-10-20 06:28:18.251941,356983.0,6281838.0
PF1182,F26,SPVT-65,2646,0,10,2025-10-20 06:28:18.251946,356983.0,6281838.0
PG1993,G28,BJFW-31,8582,19,27,2025-10-20 06:28:21.839293,343548.0,6280588.0
PG1993,G28,BJFW-20,11466,27,37,2025-10-20 06:28:21.839299,343548.0,6280588.0
PG1993,G31,BJFT-56,1559,0,6,2025-10-20 06:28:21.839300,343548.0,6280588.0
PG1993,G32,THTF-56,2947,0,10,2025-10-20 06:28:21.839301,343548.0,6280588.0
PG1993,G32,THTF-42,7878,19,27,2025-10-20 06:28:21.839302,343548.0,6280588.0
PG1993,F03,SPVW-86,320,0,3,2025-10-20 06:28:21.839303,343548.0,6280588.0
PG1993,F03,SPVT-98,3301,0,10,2025-10-20 06:28:21.839304,343548.0,6280588.0
PG1993,G14,CJRP-12,2144,0,8,2025-10-20 06:28:21.839305,343548.0,6280588.0
PG1993,G14,FLXP-18,6999,19,27,2025-10-20 06:28:21.839306,343548.0,6280588.0
PJ50,542,TBFV-34,180,0,3,2025-10-20 06:28:24.326386,342833.769,6300812.31
PJ50,542,TBFT-43,4627,10,16,2025-10-20 06:28:24.326391,342833.769,6300812.31
PJ50,109,GCBC-99,2439,0,10,2025-10-20 06:28:24.326392,342833.769,6300812.31
PJ50,109,PFXC-22,5992,17,23,2025-10-20 06:28:24.326393,342833.769,6300812.31
PJ50,105,SJPC-67,1285,0,3,2025-10-20 06:28:24.326394,342833.769,6300812.31
PJ50,105,SJPC-66,3657,11,17,2025-10-20 06:28:24.326395,342833.769,6300812.31
PJ50,120,TXZH-36,1389,0,3,2025-10-20 06:28:24.326396,342833.769,6300812.31
PJ50,120,SKHF-87,6407,19,27,2025-10-20 06:28:24.326396,342833.769,6300812.31
PE847,226,VFPW-33,1594,0,6,2025-10-20 06:28:26.653943,352757.403,6285829.418
PE847,226,VFPV-83,5165,16,22,2025-10-20 06:28:26.653948,352757.403,6285829.418
PB1035,B16,TXZH-26,955,0,3,2025-10-20 06:28:29.968016,344556.609,6306430.472
PB1035,B05,SPCG-44,1770,0,3,2025-10-20 06:28:29.968022,344556.609,6306430.472
PB1035,B05,SPCG-47,5354,12,18,2025-10-20 06:28:29.968023,344556.609,6306430.472
PB1035,B41,GCBB-38,18,0,3,2025-10-20 06:28:29.968024,344556.609,6306430.472
PB1035,B41,GCBB-19,3128,0,8,2025-10-20 06:28:29.968025,344556.609,6306430.472
PB1035,264N,GCBB-64,649,0,3,2025-10-20 06:28:29.968026,344556.609,6306430.472
PB1035,264N,GCBB-28,1718,0,3,2025-10-20 06:28:29.968027,344556.609,6306430.472
PB1035,B08,SHCY-51,169,0,3,2025-10-20 06:28:29.968028,344556.609,6306430.472
PB1035,B08,STHL-11,6808,17,23,2025-10-20 06:28:29.968029,344556.609,6306430.472
PB1035,B10,STHF-84,345,0,3,2025-10-20 06:28:29.968030,344556.609,6306430.472
PB1035,B10,STHK-27,9466,22,30,2025-10-20 06:28:29.968031,344556.609,6306430.472
PE24,104,SKWD-34,194,0,3,2025-10-20 06:28:34.471964,354112.698,6287736.391
PE24,104,SKWD-91,348,0,3,2025-10-20 06:28:34.471969,354112.698,6287736.391
PE24,114,SKWD-56,188,0,3,2025-10-20 06:28:34.471970,354112.698,6287736.391
PE24,114,LFGR-88,2581,0,8,2025-10-20 06:28:34.471971,354112.698,6287736.391
PE24,102,LBTT-25,427,0,3,2025-10-20 06:28:34.471972,354112.698,6287736.391
PE24,102,SPZY-59,4869,10,16,2025-10-20 06:28:34.471973,354112.698,6287736.391
PE24,124,SPZX-70,3365,0,10,2025-10-20 06:28:34.471973,354112.698,6287736.391
PE24,124,SRVG-94,8000,21,29,2025-10-20 06:28:34.471974,354112.698,6287736.391
PE24,712,SJPD-87,2047,0,6,2025-10-20 06:28:34.471975,354112.698,6287736.391
PE24,712,SJPC-75,9543,21,29,2025-10-20 06:28:34.471976,354112.698,6287736.391
PJ398,517,VJJR-66,44,0,3,2025-10-20 06:28:41.298531,340825.808,6299435.92
PJ398,503,VGVB-45,89,0,3,2025-10-20 06:28:41.298536,340825.808,6299435.92
PJ398,503,VGVG-45,3303,8,14,2025-10-20 06:28:41.298537,340825.808,6299435.92
PJ398,504,TBFX-44,2174,11,17,2025-10-20 06:28:41.298538,340825.808,6299435.92
PJ398,504,GCBF-25,5570,25,33,2025-10-20 06:28:41.298539,340825.808,6299435.92
PJ398,507,TBFR-29,1023,0,8,2025-10-20 06:28:41.298540,340825.808,6299435.92
PJ398,507,TBFS-59,3908,15,21,2025-10-20 06:28:41.298541,340825.808,6299435.92
PJ398,518,FLXD-35,1789,0,6,2025-10-20 06:28:41.298542,340825.808,6299435.92
PD488,D03,SVDD-76,1715,0,6,2025-10-20 06:28:45.253937,355197.316,6295770.564
PD488,D03,STWB-31,5266,12,18,2025-10-20 06:28:45.253942,355197.316,6295770.564
PD488,D10,SSXF-31,5053,30,40,2025-10-20 06:28:45.253943,355197.316,6295770.564
PD488,D10,STKP-84,11224,45,60,2025-10-20 06:28:45.253944,355197.316,6295770.564
PD488,505,LXWS-33,9163,22,30,2025-10-20 06:28:45.253945,355197.316,6295770.564
PD488,505,LZPH-20,9501,22,30,2025-10-20 06:28:45.253946,355197.316,6295770.564
PD488,510,GCBC-43,3612,8,14,2025-10-20 06:28:45.253947,355197.316,6295770.564
PD488,510,GCBF-15,8662,21,29,2025-10-20 06:28:45.253947,355197.316,6295770.564
PD488,516,FLXV-74,1354,0,8,2025-10-20 06:28:45.253948,355197.316,6295770.564
PD488,516,TBFW-84,2468,8,14,2025-10-20 06:28:45.253949,355197.316,6295770.564
PH624,H09,VGRB-23,3510,8,14,2025-10-20 06:28:48.976065,344421.791,6291786.151
PD1007,D08,SVDC-62,3306,0,10,2025-10-20 06:28:52.347544,356138.67,6299971.111
PD1007,D08,SPBS-60,7540,16,24,2025-10-20 06:28:52.347549,356138.67,6299971.111
PD1007,518,TBFT-67,6770,18,26,2025-10-20 06:28:52.347550,356138.67,6299971.111
PD1007,518,FLXS-67,7730,22,30,2025-10-20 06:28:52.347551,356138.67,6299971.111
PC186,430,PGBY-61,7125,16,22,2025-10-20 06:28:58.047148,351289.65,6301292.39
PC186,401,PFTV-92,2162,0,6,2025-10-20 06:28:58.047152,351289.65,6301292.39
PC186,401,PGBB-64,7301,16,24,2025-10-20 06:28:58.047153,351289.65,6301292.39
PC186,421,PFVK-49,1,0,3,2025-10-20 06:28:58.047154,351289.65,6301292.39
PC186,421,PFYG-55,416,0,3,2025-10-20 06:28:58.047155,351289.65,6301292.39
PC186,406,SZZH-69,100,0,3,2025-10-20 06:28:58.047156,351289.65,6301292.39
PC186,406,TBFX-16,1975,0,6,2025-10-20 06:28:58.047156,351289.65,6301292.39
PC186,407,TBFV-23,961,0,3,2025-10-20 06:28:58.047157,351289.65,6301292.39
PC186,407,TBFW-61,6332,15,21,2025-10-20 06:28:58.047158,351289.65,6301292.39
PC186,426,FDJX-81,2139,0,8,2025-10-20 06:28:58.047159,351289.65,6301292.39
PC186,426,BJFC-62,7573,16,22,2025-10-20 06:28:58.047160,351289.65,6301292.39
PB1950,B26,FLXP-80,1012,0,3,2025-10-20 06:29:04.726588,346178.318,6300283.488
PB1950,B26,HVFH-32,3591,11,17,2025-10-20 06:29:04.726593,346178.318,6300283.488
PB1950,B02,FLXR-76,7718,45,60,2025-10-20 06:29:04.726594,346178.318,6300283.488
PB1950,B14,HPFL-22,112,0,3,2025-10-20 06:29:04.726595,346178.318,6300283.488
PB1950,B14,FLXT-51,5704,15,21,2025-10-20 06:29:04.726597,346178.318,6300283.488
PB1950,B27,FLXT-88,1401,0,6,2025-10-20 06:29:04.726598,346178.318,6300283.488
PB1950,B27,FLXT-89,5784,16,22,2025-10-20 06:29:04.726598,346178.318,6300283.488
PB1950,201,FLXZ-94,1,0,3,2025-10-20 06:29:04.726600,346178.318,6300283.488
PB1950,201,GCBB-39,2968,8,14,2025-10-20 06:29:04.726601,346178.318,6300283.488
PB1950,214,GCBB-85,886,0,6,2025-10-20 06:29:04.726602,346178.318,6300283.488
PB1950,214,GCBB-66,5242,18,26,2025-10-20 06:29:04.726602,346178.318,6300283.488
PB1950,230,GCBB-77,730,0,3,2025-10-20 06:29:04.726603,346178.318,6300283.488
PB1950,230,GCBB-26,4594,11,17,2025-10-20 06:29:04.726604,346178.318,6300283.488
PB1950,308,FLXJ-99,6408,14,20,2025-10-20 06:29:04.726606,346178.318,6300283.488
PB1950,308,FLXK-11,12408,26,34,2025-10-20 06:29:04.726607,346178.318,6300283.488
PE15,104,SKVD-69,1818,0,3,2025-10-20 06:29:07.916573,354036.302,6287806.752
PE15,104,SKWD-61,7026,15,21,2025-10-20 06:29:07.916577,354036.302,6287806.752
PE15,114,SKWD-81,6515,14,20,2025-10-20 06:29:07.916578,354036.302,6287806.752
PE15,114,SKWD-62,9806,22,30,2025-10-20 06:29:07.916579,354036.302,6287806.752
PE15,102,SPZX-80,6763,12,18,2025-10-20 06:29:07.916580,354036.302,6287806.752
PE15,102,SPZY-18,8275,17,23,2025-10-20 06:29:07.916581,354036.302,6287806.752
PE15,712,SHXG-95,1686,0,6,2025-10-20 06:29:07.916582,354036.302,6287806.752
PE15,712,SJPF-90,11441,23,31,2025-10-20 06:29:07.916583,354036.302,6287806.752
PG2076,211C,THTD-62,3956,9,15,2025-10-20 06:29:12.441024,341591.0,6279880.0
PB1101,B09,SHCY-47,3030,7,13,2025-10-20 06:29:18.085274,337902.655,6302947.503
PB1101,B09,SHCY-39,9489,28,38,2025-10-20 06:29:18.085283,337902.655,6302947.503
PB1101,109,GCBC-99,8323,17,25,2025-10-20 06:29:18.085286,337902.655,6302947.503
PB1101,109,PFXC-22,11909,28,38,2025-10-20 06:29:18.085288,337902.655,6302947.503
PE369,E02,VKJX-73,6686,15,21,2025-10-20 06:29:21.213740,349135.456,6289048.756
PE369,E02,VKJX-44,7695,17,25,2025-10-20 06:29:21.213746,349135.456,6289048.756
PE369,E03,BJFT-12,1452,0,6,2025-10-20 06:29:21.213747,349135.456,6289048.756
PJ1790,511,TBFX-40,12360,29,39,2025-10-20 06:29:24.597533,335873.568,6300874.252
PJ1790,511,TBFP-56,16553,45,60,2025-10-20 06:29:24.597538,335873.568,6300874.252
PJ1790,J04,TBFX-30,4668,9,15,2025-10-20 06:29:24.597540,335873.568,6300874.252
PJ1790,J04,GCBC-54,7201,15,21,2025-10-20 06:29:24.597540,335873.568,6300874.252
PJ1790,J05,TBFR-20,9561,18,26,2025-10-20 06:29:24.597541,335873.568,6300874.252
PJ1790,J05,PFXC-32,10650,21,29,2025-10-20 06:29:24.597542,335873.568,6300874.252
PJ1790,502,TBFW-18,16816,45,60,2025-10-20 06:29:24.597543,335873.568,6300874.252
PJ1790,502,TBFW-26,22361,45,60,2025-10-20 06:29:24.597544,335873.568,6300874.252
PB852,214,GCBB-66,1030,0,3,2025-10-20 06:29:27.551744,344169.858,6302798.684
PB852,214,GCBB-83,5363,13,19,2025-10-20 06:29:27.551750,344169.858,6302798.684
PB852,B04,SHXG-91,1540,0,3,2025-10-20 06:29:27.551751,344169.858,6302798.684
PB182,B05,SPCG-47,475,0,3,2025-10-20 06:29:35.222279,348077.232,6305951.614
PB182,117,PFYC-45,856,0,3,2025-10-20 06:29:35.222284,348077.232,6305951.614
PB182,117,SPBL-88,8021,21,29,2025-10-20 06:29:35.222286,348077.232,6305951.614
PB182,117C,PGTV-27,7456,17,25,2025-10-20 06:29:35.222287,348077.232,6305951.614
PB182,117C,SPBS-53,8035,19,27,2025-10-20 06:29:35.222288,348077.232,6305951.614
PB182,B02,FLXR-92,8423,45,60,2025-10-20 06:29:35.222289,348077.232,6305951.614
PB182,B02,FLXR-83,11197,45,60,2025-10-20 06:29:35.222290,348077.232,6305951.614
PB182,C18,SHCX-27,1241,0,6,2025-10-20 06:29:35.222291,348077.232,6305951.614
PB182,C18,SHXD-91,9202,18,26,2025-10-20 06:29:35.222292,348077.232,6305951.614
PB182,116,LCPW-36,1,0,3,2025-10-20 06:29:35.222293,348077.232,6305951.614
PB182,116,LCPW-44,3340,0,8,2025-10-20 06:29:35.222294,348077.232,6305951.614
PJ31,107,PGRZ-84,1,0,3,2025-10-20 06:29:39.098276,341328.163,6301783.753
PJ31,107,PGBY-68,1,0,3,2025-10-20 06:29:39.098280,341328.163,6301783.753
PJ31,101,PGPT-39,1009,0,3,2025-10-20 06:29:39.098282,341328.163,6301783.753
PJ31,101,PFVJ-23,1785,0,6,2025-10-20 06:29:39.098283,341328.163,6301783.753
PC339,409,PGTV-17,6932,7,13,2025-10-20 06:29:40.841174,350173.59,6301496.25
PC339,411,PGBY-81,8701,11,17,2025-10-20 06:29:40.841179,350173.59,6301496.25
PC339,502,TBFW-26,4479,9,15,2025-10-20 06:29:40.841180,350173.59,6301496.25
PD261,D09,SPBS-69,2849,0,10,2025-10-20 06:29:42.777505,354480.417,6296481.917
PD261,D09,SVDD-82,5435,14,20,2025-10-20 06:29:42.777510,354480.417,6296481.917
PD261,513,VHZW-80,463,0,3,2025-10-20 06:29:42.777512,354480.417,6296481.917
PD261,513,VHZX-40,1795,0,6,2025-10-20 06:29:42.777512,354480.417,6296481.917
PD261,225,SFWZ-56,639,0,3,2025-10-20 06:29:42.777513,354480.417,6296481.917
PD261,225,SFWZ-39,5026,9,15,2025-10-20 06:29:42.777514,354480.417,6296481.917
PI602,423,PFTW-78,4157,10,16,2025-10-20 06:29:44.623546,338297.436,6292957.835
PI602,423,PFVD-64,9319,21,29,2025-10-20 06:29:44.623551,338297.436,6292957.835
PI602,I10,FLXD-74,2992,0,10,2025-10-20 06:29:44.623552,338297.436,6292957.835
PI602,509,FDJX-77,639,0,3,2025-10-20 06:29:44.623553,338297.436,6292957.835
PI602,509,FLXX-93,6403,14,20,2025-10-20 06:29:44.623554,338297.436,6292957.835
PE60,126,FLXT-36,462,0,3,2025-10-20 06:29:46.066361,353729.586,6290628.344
PE60,126,FLXK-63,3126,10,16,2025-10-20 06:29:46.066367,353729.586,6290628.344
PE60,E17,CJRB-44,252,0,3,2025-10-20 06:29:46.066368,353729.586,6290628.344
PE60,118,FLXX-76,722,0,3,2025-10-20 06:29:46.066369,353729.586,6290628.344
PB1682,B43,SHXG-97,1621,0,6,2025-10-20 06:29:48.203356,340130.775,6308297.062
PB1682,B43,SJPC-83,4860,14,20,2025-10-20 06:29:48.203362,340130.775,6308297.062
PE332,E12,VFJP-24,1604,0,8,2025-10-20 06:29:50.520416,352795.165,6285408.889
PE332,E12,VFJK-90,4034,15,21,2025-10-20 06:29:50.520421,352795.165,6285408.889
PJ124,406,GCBD-10,2437,0,10,2025-10-20 06:29:52.601004,338158.27,6298049.268
PJ124,406,GCBC-59,2805,8,14,2025-10-20 06:29:52.601009,338158.27,6298049.268
PJ124,407,PFXB-38,645,0,3,2025-10-20 06:29:52.601010,338158.27,6298049.268
PJ124,407,FLXV-61,2591,0,8,2025-10-20 06:29:52.601011,338158.27,6298049.268
PJ124,422,FLXV-98,2077,0,8,2025-10-20 06:29:52.601012,338158.27,6298049.268
PJ124,422,GCBD-87,3189,9,15,2025-10-20 06:29:52.601013,338158.27,6298049.268
PJ124,426,FLXS-91,90,0,3,2025-10-20 06:29:52.601014,338158.27,6298049.268
PJ124,426,FLXD-53,3973,15,21,2025-10-20 06:29:52.601014,338158.27,6298049.268
PJ124,402,PFYC-49,1,0,3,2025-10-20 06:29:52.601015,338158.27,6298049.268
PJ124,422C,LXWP-72,2137,0,8,2025-10-20 06:29:52.601016,338158.27,6298049.268
PJ124,422C,LXWP-76,3276,7,13,2025-10-20 06:29:52.601017,338158.27,6298049.268
PJ124,486,LXWP-77,3013,0,10,2025-10-20 06:29:52.601018,338158.27,6298049.268
PE848,226,VFPW-33,1503,0,6,2025-10-20 06:29:54.539127,352823.278,6285446.697
PE848,226,VFPV-83,5158,16,22,2025-10-20 06:29:54.539133,352823.278,6285446.697
PB1190,B12,SKDG-11,2500,0,10,2025-10-20 06:29:56.454689,343830.509,6305584.696
PE1366,E18,BJFX-11,1585,0,6,2025-10-20 06:29:58.393062,350136.741,6286067.152
PE1366,286,SCRZ-34,4187,12,18,2025-10-20 06:29:58.393067,350136.741,6286067.152
PE1366,286,SFPG-69,6458,23,31,2025-10-20 06:29:58.393068,350136.741,6286067.152
PE1366,F05,SRVJ-17,341,0,3,2025-10-20 06:29:58.393069,350136.741,6286067.152
PE1366,F05,SPZY-57,1892,0,10,2025-10-20 06:29:58.393069,350136.741,6286067.152
PJ559,412,PFVG-95,3485,0,10,2025-10-20 06:30:00.103458,339834.934,6298390.451
PJ559,412,PFVG-92,11927,28,38,2025-10-20 06:30:00.103463,339834.934,6298390.451
PJ559,J01,CJRZ-88,357,0,3,2025-10-20 06:30:00.103464,339834.934,6298390.451
PJ559,J01,FLXD-27,2264,0,10,2025-10-20 06:30:00.103465,339834.934,6298390.451
PJ559,J08,TBFS-49,2055,0,8,2025-10-20 06:30:00.103466,339834.934,6298390.451
PJ559,J08,FLXT-68,7071,16,24,2025-10-20 06:30:00.103467,339834.934,6298390.451
PJ559,J13,FLXV-58,2480,0,8,2025-10-20 06:30:00.103468,339834.934,6298390.451
PC451,401,PFBG-40,6095,13,19,2025-10-20 06:30:03.638386,357765.462,6300656.305
PC451,401,PFVL-17,6555,15,21,2025-10-20 06:30:03.638391,357765.462,6300656.305
PC451,501,TBFW-16,1428,0,5,2025-10-20 06:30:03.638392,357765.462,6300656.305
PC451,501,TBFX-29,4202,9,13,2025-10-20 06:30:03.638393,357765.462,6300656.305
PC451,518,TBFT-67,8682,25,60,2025-10-20 06:30:03.638393,357765.462,6300656.305
PC451,518,FLXS-67,9469,25,60,2025-10-20 06:30:03.638394,357765.462,6300656.305
PC451,C03,SKPJ-41,11542,25,60,2025-10-20 06:30:03.638395,357765.462,6300656.305
PC451,C03,SKDH-85,15402,25,60,2025-10-20 06:30:03.638396,357765.462,6300656.305
PC451,C13,SHXF-86,5085,12,16,2025-10-20 06:30:03.638396,357765.462,6300656.305
PC451,C13,SGPX-11,18853,25,60,2025-10-20 06:30:03.638397,357765.462,6300656.305
PC451,C16,SKPK-24,2164,4,6,2025-10-20 06:30:03.638398,357765.462,6300656.305
PC451,C16,LDJW-50,7010,16,22,2025-10-20 06:30:03.638399,357765.462,6300656.305
PI911,385,FLXH-13,3708,9,11,2025-10-20 06:30:06.527027,342843.579,6297041.646
PI911,385,FLXL-67,7745,18,26,2025-10-20 06:30:06.527032,342843.579,6297041.646
PJ863,J08,PFXC-61,3149,7,9,2025-10-20 06:30:08.545913,342317.214,6300571.86
PJ863,J08,TBFS-49,6719,15,21,2025-10-20 06:30:08.545919,342317.214,6300571.86
PJ863,J16,CJRZ-90,6791,16,24,2025-10-20 06:30:08.545921,342317.214,6300571.86
PJ863,J16,FLXD-38,11563,25,60,2025-10-20 06:30:08.545922,342317.214,6300571.86
PD96,104,SKWD-47,1090,4,6,2025-10-20 06:30:11.062113,351462.36,6295338.97
PD96,104,LFGR-91,1694,7,9,2025-10-20 06:30:11.062118,351462.36,6295338.97
PD96,106,PFVJ-20,362,0,3,2025-10-20 06:30:11.062120,351462.36,6295338.97
PD96,106,PGPT-48,5430,13,19,2025-10-20 06:30:11.062121,351462.36,6295338.97
PD96,224,VFRD-85,390,0,3,2025-10-20 06:30:11.062122,351462.36,6295338.97
PD96,224,VGBS-15,3965,12,16,2025-10-20 06:30:11.062123,351462.36,6295338.97
PD96,212,SDGY-34,1028,0,4,2025-10-20 06:30:11.062123,351462.36,6295338.97
PD96,212,SVPX-51,2854,8,10,2025-10-20 06:30:11.062124,351462.36,6295338.97
PD96,126,FLXT-41,3944,10,14,2025-10-20 06:30:11.062125,351462.36,6295338.97
PD96,126,BJFV-96,4595,13,17,2025-10-20 06:30:11.062126,351462.36,6295338.97
PA489,D03,SVDC-83,4070,10,14,2025-10-20 06:30:17.054263,347531.23,6297332.97
PA489,D03,SVDD-44,8479,25,60,2025-10-20 06:30:17.054269,347531.23,6297332.97
PA28,106,PFVD-55,1149,0,4,2025-10-20 06:30:20.991171,346002.939,6298071.858
PA28,106,PFYS-20,4442,12,18,2025-10-20 06:30:20.991176,346002.939,6298071.858
PA28,419,PFYG-83,381,0,3,2025-10-20 06:30:20.991177,346002.939,6298071.858
PA28,419,PFYG-60,1725,0,5,2025-10-20 06:30:20.991178,346002.939,6298071.858
PA28,481,PFTW-71,3433,12,16,2025-10-20 06:30:20.991179,346002.939,6298071.858
PA28,481,PFVJ-14,4609,14,20,2025-10-20 06:30:20.991180,346002.939,6298071.858
PA28,314,VHSX-91,1185,5,7,2025-10-20 06:30:20.991181,346002.939,6298071.858
PA28,314,VHTB-56,5600,15,21,2025-10-20 06:30:20.991182,346002.939,6298071.858
PA28,315E,TWPD-15,486,0,3,2025-10-20 06:30:20.991183,346002.939,6298071.858
PA28,315E,FLXK-66,589,0,3,2025-10-20 06:30:20.991184,346002.939,6298071.858
PA28,404,PFYC-14,541,0,3,2025-10-20 06:30:20.991185,346002.939,6298071.858
PA28,404,PFYC-37,947,0,4,2025-10-20 06:30:20.991186,346002.939,6298071.858
PA28,423,PGPT-58,1604,0,5,2025-10-20 06:30:20.991187,346002.939,6298071.858
PA28,423,PGPT-45,6500,15,21,2025-10-20 06:30:20.991188,346002.939,6298071.858
PA28,303,FLXF-11,5195,13,19,2025-10-20 06:30:20.991189,346002.939,6298071.858
PA28,303,FLXD-85,7361,16,24,2025-10-20 06:30:20.991190,346002.939,6298071.858
PA28,518,GCBD-17,61,0,3,2025-10-20 06:30:20.991191,346002.939,6298071.858
PA28,518,GCBF-16,2207,8,10,2025-10-20 06:30:20.991192,346002.939,6298071.858
PA28,424,PFXC-15,1748,5,7,2025-10-20 06:30:20.991193,346002.939,6298071.858
PA28,424,RPYP-59,2591,8,10,2025-10-20 06:30:20.991194,346002.939,6298071.858
PA67,301,BJFX-31,603,0,3,2025-10-20 06:30:23.430684,346772.51,6296175.09
PA67,301,BJFS-55,3050,8,10,2025-10-20 06:30:23.430689,346772.51,6296175.09
PA67,H06,FLXF-36,1521,0,4,2025-10-20 06:30:23.430691,346772.51,6296175.09
PA67,H06,BJFS-36,1775,0,5,2025-10-20 06:30:23.430691,346772.51,6296175.09
PA67,223,SFGY-74,1905,5,7,2025-10-20 06:30:23.430692,346772.51,6296175.09
PA67,223,SFGY-75,4663,12,16,2025-10-20 06:30:23.430693,346772.51,6296175.09
PA67,201,GCBB-92,3561,9,13,2025-10-20 06:30:23.430694,346772.51,6296175.09
PA67,201,GCBC-20,5658,15,21,2025-10-20 06:30:23.430695,346772.51,6296175.09
PA67,214,GCBB-23,917,0,5,2025-10-20 06:30:23.430696,346772.51,6296175.09
PA67,214,GCBB-75,3165,10,14,2025-10-20 06:30:23.430697,346772.51,6296175.09
PA67,226,VFPJ-68,5492,12,16,2025-10-20 06:30:23.430697,346772.51,6296175.09
PA67,226,VGBW-19,5769,13,17,2025-10-20 06:30:23.430698,346772.51,6296175.09
PA67,229,CJRL-16,1772,6,8,2025-10-20 06:30:23.430699,346772.51,6296175.09
PA67,229,TBYY-76,3791,11,15,2025-10-20 06:30:23.430700,346772.51,6296175.09
PA67,271,TBYY-60,1838,4,6,2025-10-20 06:30:23.430701,346772.51,6296175.09
PA67,271,TBYY-63,5217,13,19,2025-10-20 06:30:23.430702,346772.51,6296175.09
PJ816,514,PFXB-18,1515,5,7,2025-10-20 06:30:26.771554,335630.794,6297948.808
PD299,D03C,SVDD-57,3479,25,60,2025-10-20 06:30:29.435050,356577.29,6297634.08
PD299,227,VFPS-47,708,0,3,2025-10-20 06:30:29.435056,356577.29,6297634.08
PD299,225,SFWZ-58,1215,0,3,2025-10-20 06:30:29.435058,356577.29,6297634.08
PD299,225,SFWZ-25,2365,5,7,2025-10-20 06:30:29.435059,356577.29,6297634.08
PD299,422,PFXC-50,1,0,3,2025-10-20 06:30:29.435060,356577.29,6297634.08
PD299,D01,SVDC-87,2277,5,7,2025-10-20 06:30:29.435061,356577.29,6297634.08
PD299,D01,SVDD-72,2864,6,8,2025-10-20 06:30:29.435062,356577.29,6297634.08
PC694,C03,LWTK-60,67,0,3,2025-10-20 06:30:31.872317,351886.294,6304094.879
PC694,C03,SKDF-78,5692,12,16,2025-10-20 06:30:31.872323,351886.294,6304094.879
PJ205,418,SKPL-33,2298,13,19,2025-10-20 06:30:35.664412,335679.873,6297774.942
PJ205,514,PFXB-18,1783,6,8,2025-10-20 06:30:35.664417,335679.873,6297774.942
PF1035,F26,SPVT-94,1931,0,5,2025-10-20 06:30:40.588916,353007.69,6281163.98
PJ223,418,SKPK-40,2799,6,8,2025-10-20 06:30:46.449470,336259.661,6297642.255
PJ223,418,PFYC-31,9361,25,60,2025-10-20 06:30:46.449475,336259.661,6297642.255
PJ223,503,LZPH-13,4600,9,13,2025-10-20 06:30:46.449476,336259.661,6297642.255
PJ223,503,LZPG-48,5399,11,15,2025-10-20 06:30:46.449477,336259.661,6297642.255
PC492,501,TBFT-36,2987,8,10,2025-10-20 06:30:54.191593,351475.281,6299209.156
PC492,501,TBFR-41,5405,13,19,2025-10-20 06:30:54.191599,351475.281,6299209.156
PC492,504,PFXC-60,1327,0,5,2025-10-20 06:30:54.191601,351475.281,6299209.156
PC492,504,PFXC-52,5444,12,16,2025-10-20 06:30:54.191602,351475.281,6299209.156
PC492,518,GCBC-38,1124,0,3,2025-10-20 06:30:54.191603,351475.281,6299209.156
PC492,518,FLXK-83,1938,4,6,2025-10-20 06:30:54.191604,351475.281,6299209.156
PG1618,207C,SDGY-43,1025,0,3,2025-10-20 06:31:01.457500,348511.46,6286034.372
PG1618,207C,LZPT-69,5412,13,19,2025-10-20 06:31:01.457504,348511.46,6286034.372
PG1618,209,SRTK-14,1,0,3,2025-10-20 06:31:01.457506,348511.46,6286034.372
PG1618,209,SDGY-37,4876,12,16,2025-10-20 06:31:01.457506,348511.46,6286034.372
PG1618,209C,LZPG-14,771,0,3,2025-10-20 06:31:01.457507,348511.46,6286034.372
PG1618,209C,SFST-31,8017,25,60,2025-10-20 06:31:01.457508,348511.46,6286034.372
PG1618,205,RWTP-83,2497,5,7,2025-10-20 06:31:01.457509,348511.46,6286034.372
PG1618,205,LZRB-92,6190,14,20,2025-10-20 06:31:01.457510,348511.46,6286034.372
PG1618,205C,VFPZ-56,1135,0,5,2025-10-20 06:31:01.457510,348511.46,6286034.372
PG1618,205C,VFRF-95,1890,7,9,2025-10-20 06:31:01.457511,348511.46,6286034.372
PG1618,207,LZPT-44,4350,9,13,2025-10-20 06:31:01.457512,348511.46,6286034.372
PG1618,207,LZPT-62,5784,12,16,2025-10-20 06:31:01.457513,348511.46,6286034.372
PJ67,110,FLXG-45,978,0,4,2025-10-20 06:31:09.053408,338179.73,6298696.05
PJ67,110,FLXH-89,1050,0,5,2025-10-20 06:31:09.053412,338179.73,6298696.05
PB1055,B16,STHR-36,571,0,3,2025-10-20 06:31:17.553217,344574.653,6306982.226
PB1055,B16,STHK-70,4161,10,14,2025-10-20 06:31:17.553222,344574.653,6306982.226
PD961,D07,STWB-27,1716,5,7,2025-10-20 06:31:21.137179,351048.281,6294419.184
PD961,D07,STYX-82,5813,17,25,2025-10-20 06:31:21.137184,351048.281,6294419.184
PF206,F01C,SPVW-76,222,0,3,2025-10-20 06:31:28.308753,355375.55,6279987.4
PF206,F01C,SPVW-73,2021,0,5,2025-10-20 06:31:28.308758,355375.55,6279987.4
PF206,F11,SKTZ-90,5049,13,19,2025-10-20 06:31:28.308760,355375.55,6279987.4
PF206,F11,SKVB-19,10527,25,60,2025-10-20 06:31:28.308761,355375.55,6279987.4
PF485,F10,SRRZ-45,72,0,3,2025-10-20 06:31:37.499164,354092.814,6284424.131
PF485,F25,SPZX-43,715,0,3,2025-10-20 06:31:37.499170,354092.814,6284424.131
PF485,F25,SRVF-83,5514,13,19,2025-10-20 06:31:37.499172,354092.814,6284424.131
PE376,E04,VKJX-68,1183,5,7,2025-10-20 06:31:41.577486,351962.236,6289624.325
PE376,E04,VKJX-29,4747,16,22,2025-10-20 06:31:41.577491,351962.236,6289624.325
PE376,E03,BJFT-12,4777,14,20,2025-10-20 06:31:41.577493,351962.236,6289624.325
PJ561,J01,CJRZ-88,451,0,3,2025-10-20 06:31:45.305975,339894.163,6298716.201
PJ561,J01,FLXD-27,1984,5,7,2025-10-20 06:31:45.305983,339894.163,6298716.201
PJ561,J08,TBFS-49,2111,5,7,2025-10-20 06:31:45.305986,339894.163,6298716.201
PJ561,J08,FLXT-68,6683,16,22,2025-10-20 06:31:45.305988,339894.163,6298716.201
PJ561,J13,FLXV-58,2016,5,7,2025-10-20 06:31:45.305990,339894.163,6298716.201
PJ561,J13,TBFT-55,6448,16,24,2025-10-20 06:31:45.305992,339894.163,6298716.201
PJ561,412,PFVG-95,3164,8,10,2025-10-20 06:31:45.305994,339894.163,6298716.201
PJ561,412,PFVG-92,11512,25,60,2025-10-20 06:31:45.305996,339894.163,6298716.201
PA138,205,LZRB-94,854,0,3,2025-10-20 06:31:59.825142,347017.33,6298329.18
PA138,205,LZRD-85,6893,14,20,2025-10-20 06:31:59.825149,347017.33,6298329.18
PA138,209,SFWB-24,3569,8,12,2025-10-20 06:31:59.825150,347017.33,6298329.18
PA138,209,LXWT-99,3821,10,14,2025-10-20 06:31:59.825151,347017.33,6298329.18
PA138,B24,SKHG-55,3759,14,20,2025-10-20 06:31:59.825152,347017.33,6298329.18
PA138,B24,STHF-42,5153,19,27,2025-10-20 06:31:59.825153,347017.33,6298329.18
PG1224,G39,SHXB-28,3565,11,15,2025-10-20 06:32:09.213502,341220.103,6283215.895
PG1224,G39,HVFH-31,6965,20,28,2025-10-20 06:32:09.213510,341220.103,6283215.895
PG1224,G09,SCRZ-24,2371,9,11,2025-10-20 06:32:09.213513,341220.103,6283215.895
PG1224,G09,SFGY-22,9329,25,60,2025-10-20 06:32:09.213515,341220.103,6283215.895
PB64,110,TBFV-20,1522,0,3,2025-10-20 06:32:17.410349,340204.862,6302869.11
PB64,110,PFXC-28,4766,10,14,2025-10-20 06:32:17.410354,340204.862,6302869.11
PB64,105,SJPC-36,1,0,3,2025-10-20 06:32:17.410356,340204.862,6302869.11
PB64,105,SJPD-91,3174,13,19,2025-10-20 06:32:17.410357,340204.862,6302869.11
PB64,B09,SHCY-33,4083,21,29,2025-10-20 06:32:17.410358,340204.862,6302869.11
PB64,B09,SHCY-32,10768,25,60,2025-10-20 06:32:17.410359,340204.862,6302869.11
PB64,120,SPZX-58,1002,0,4,2025-10-20 06:32:17.410360,340204.862,6302869.11
PB64,B29,SPZX-36,2018,7,9,2025-10-20 06:32:17.410361,340204.862,6302869.11
PB64,B29,SKHG-47,4043,12,16,2025-10-20 06:32:17.410362,340204.862,6302869.11
PB64,410,LDSX-94,623,6,8,2025-10-20 06:32:17.410362,340204.862,6302869.11
PB64,410,SJPF-86,943,8,10,2025-10-20 06:32:17.410363,340204.862,6302869.11
PB64,408,LZPH-27,100,0,3,2025-10-20 06:32:17.410364,340204.862,6302869.11
PB64,408,LZPH-19,2941,12,16,2025-10-20 06:32:17.410365,340204.862,6302869.11
PB64,109,FDJX-67,1218,5,7,2025-10-20 06:32:17.410366,340204.862,6302869.11
PI930,I04,FLXD-89,1,0,3,2025-10-20 06:32:22.577478,340094.887,6291980.662
PI930,I04,FLXZ-61,3399,8,12,2025-10-20 06:32:22.577484,340094.887,6291980.662
PJ823,J07E,VJBB-60,6225,17,23,2025-10-20 06:32:29.166794,329676.95,6299697.774
PJ823,J07E,VJJX-18,9496,25,60,2025-10-20 06:32:29.166799,329676.95,6299697.774
PG162,G08,THTG-79,2563,8,10,2025-10-20 06:32:34.924149,345919.63,6283840.535
PG162,G08,THTF-57,5651,14,20,2025-10-20 06:32:34.924155,345919.63,6283840.535
PG162,229,TBZB-15,1023,0,3,2025-10-20 06:32:34.924157,345919.63,6283840.535
PG162,G08V,FLXV-15,892,0,4,2025-10-20 06:32:34.924158,345919.63,6283840.535
PG162,G08V,FLXV-17,4297,10,14,2025-10-20 06:32:34.924159,345919.63,6283840.535
PG162,228,THTG-77,3369,9,13,2025-10-20 06:32:34.924160,345919.63,6283840.535
PG162,228,THTD-58,3722,11,15,2025-10-20 06:32:34.924161,345919.63,6283840.535
PG444,E02,VKJZ-25,92,0,3,2025-10-20 06:32:37.847200,345723.896,6289798.493
PG444,E02,VKJZ-21,173,0,3,2025-10-20 06:32:37.847205,345723.896,6289798.493
PG444,G18,SFPF-82,484,0,3,2025-10-20 06:32:37.847206,345723.896,6289798.493
PG444,G18,SFGY-11,3581,10,14,2025-10-20 06:32:37.847208,345723.896,6289798.493
PD94,126,FLXT-41,2031,6,8,2025-10-20 06:32:49.100900,351446.53,6294697.835
PD94,126,BJFV-96,3631,11,15,2025-10-20 06:32:49.100905,351446.53,6294697.835
PD94,104,SKWD-47,1,0,3,2025-10-20 06:32:49.100906,351446.53,6294697.835
PD94,104,LFGR-91,364,0,3,2025-10-20 06:32:49.100907,351446.53,6294697.835
PD94,106,PGPT-48,3855,9,13,2025-10-20 06:32:49.100908,351446.53,6294697.835
PD94,224,VGBS-15,1979,7,9,2025-10-20 06:32:49.100909,351446.53,6294697.835
PD94,224,VFRB-13,6227,19,27,2025-10-20 06:32:49.100910,351446.53,6294697.835
PD94,212,SVPX-51,1188,0,5,2025-10-20 06:32:49.100910,351446.53,6294697.835
PD94,212,LZRB-85,2712,7,9,2025-10-20 06:32:49.100911,351446.53,6294697.835
PI1611,I17,FLXK-87,22,0,3,2025-10-20 06:32:56.182130,342165.297,6295451.344
PI1611,I17,FLXL-17,3994,10,14,2025-10-20 06:32:56.182135,342165.297,6295451.344
PI1611,I04,FLXL-13,2039,7,9,2025-10-20 06:32:56.182136,342165.297,6295451.344
PI1611,I04,FLXK-97,4641,12,18,2025-10-20 06:32:56.182137,342165.297,6295451.344
PD894,325,VFJS-45,22,0,3,2025-10-20 06:33:04.996465,352187.32,6295346.509
PD894,325,VFJD-49,3745,10,14,2025-10-20 06:33:04.996470,352187.32,6295346.509
PI1805,I04,FLXF-59,8703,18,26,2025-10-20 06:33:09.351678,335975.26,6287162.09
PI1805,I04,FLXD-89,12839,25,60,2025-10-20 06:33:09.351684,335975.26,6287162.09
PB1472,B26,FLXP-68,2375,8,12,2025-10-20 06:33:19.476467,344237.227,6302140.154
PB1472,B26,FLXP-83,6121,17,25,2025-10-20 06:33:19.476472,344237.227,6302140.154
PH125,229,TBZB-18,6490,18,26,2025-10-20 06:33:30.280381,346154.1,6291037.36
PH125,229,GCBC-34,7421,19,27,2025-10-20 06:33:30.280386,346154.1,6291037.36
PH125,271,TBYY-66,4324,11,15,2025-10-20 06:33:30.280387,346154.1,6291037.36
PH125,271,TBYY-67,8711,19,27,2025-10-20 06:33:30.280388,346154.1,6291037.36
PH125,301,BJFX-55,345,0,3,2025-10-20 06:33:30.280389,346154.1,6291037.36
PH125,301,BJFW-71,355,0,3,2025-10-20 06:33:30.280390,346154.1,6291037.36
PH125,223,SFPF-90,2856,10,14,2025-10-20 06:33:30.280391,346154.1,6291037.36
PH125,223,SHCX-13,3922,13,19,2025-10-20 06:33:30.280392,346154.1,6291037.36
PH125,201,GCBB-97,4542,13,19,2025-10-20 06:33:30.280393,346154.1,6291037.36
PH125,201,GCBB-84,5248,15,21,2025-10-20 06:33:30.280394,346154.1,6291037.36
PH125,226,VGBW-19,265,0,3,2025-10-20 06:33:30.280395,346154.1,6291037.36
PH125,226,VFPJ-28,5795,13,19,2025-10-20 06:33:30.280396,346154.1,6291037.36
PE5,107,PGRZ-86,227,0,3,2025-10-20 06:33:39.980399,352058.37,6291069.99
PE5,107,PGBY-46,9819,25,60,2025-10-20 06:33:39.980404,352058.37,6291069.99
PE5,117,PFYC-21,2258,7,9,2025-10-20 06:33:39.980405,352058.37,6291069.99
PE5,117,PGLD-54,10309,25,60,2025-10-20 06:33:39.980406,352058.37,6291069.99
PE5,108,PFVD-37,278,0,3,2025-10-20 06:33:39.980407,352058.37,6291069.99
PE5,108,PFVH-97,5581,15,21,2025-10-20 06:33:39.980407,352058.37,6291069.99
PE5,224,VFRB-13,1621,4,6,2025-10-20 06:33:39.980408,352058.37,6291069.99
PE5,224,VFRD-65,4271,11,15,2025-10-20 06:33:39.980409,352058.37,6291069.99
PE5,212,LZRB-86,1266,0,4,2025-10-20 06:33:39.980410,352058.37,6291069.99
PE5,212,SDGY-17,4324,11,15,2025-10-20 06:33:39.980410,352058.37,6291069.99
PE5,118,FLXX-77,2851,8,10,2025-10-20 06:33:39.980411,352058.37,6291069.99
PE5,118,FLXX-42,4383,11,15,2025-10-20 06:33:39.980412,352058.37,6291069.99
PE5,102,SPZX-80,1254,0,3,2025-10-20 06:33:39.980413,352058.37,6291069.99
PE5,102,SPZY-18,2303,0,5,2025-10-20 06:33:39.980414,352058.37,6291069.99
PC30,104,LCST-80,174,0,3,2025-10-20 06:33:45.960581,351262.188,6298851.854
PC30,104,SKWD-88,416,0,3,2025-10-20 06:33:45.960586,351262.188,6298851.854
PC30,212,SDGY-34,3336,13,17,2025-10-20 06:33:45.960588,351262.188,6298851.854
PC30,212,SVPX-51,5165,17,25,2025-10-20 06:33:45.960589,351262.188,6298851.854
PC213,502,GCBF-12,6614,16,22,2025-10-20 06:33:52.712906,351754.726,6302989.737
PC213,502,TBFT-34,7567,19,27,2025-10-20 06:33:52.712911,351754.726,6302989.737
PC213,542,TBFW-85,4292,9,13,2025-10-20 06:33:52.712913,351754.726,6302989.737
PC213,542,TBFV-34,8650,25,60,2025-10-20 06:33:52.712914,351754.726,6302989.737
PC213,405C,SPBS-56,2910,14,20,2025-10-20 06:33:52.712915,351754.726,6302989.737
PC213,405C,SPBS-42,6432,25,60,2025-10-20 06:33:52.712916,351754.726,6302989.737
PC213,445C,SPBF-32,3247,12,16,2025-10-20 06:33:52.712917,351754.726,6302989.737
PC213,445C,SPBF-33,5791,19,27,2025-10-20 06:33:52.712918,351754.726,6302989.737
PC213,405,PFVK-67,7216,25,60,2025-10-20 06:33:52.712919,351754.726,6302989.737
PC213,405,PFBG-21,7700,25,60,2025-10-20 06:33:52.712920,351754.726,6302989.737
PE1404,216,LZPR-82,3154,7,9,2025-10-20 06:33:59.379458,348773.944,6287680.153
PE1404,216,SRTK-35,12522,25,60,2025-10-20 06:33:59.379463,348773.944,6287680.153
PD1031,D11,SVDD-45,1684,4,6,2025-10-20 06:34:02.687757,356283.159,6296285.55
PD1031,513,VHZV-91,2911,8,10,2025-10-20 06:34:02.687762,356283.159,6296285.55
PD1031,227,VFPL-57,7727,17,25,2025-10-20 06:34:02.687764,356283.159,6296285.55
PD1031,227,VFPS-69,14215,25,60,2025-10-20 06:34:02.687765,356283.159,6296285.55
PD1031,D09,SVDD-82,2214,5,7,2025-10-20 06:34:02.687766,356283.159,6296285.55
PE690,E10,FLXF-53,3943,12,16,2025-10-20 06:34:07.022036,352706.736,6287333.754
PE690,E10,BJFV-11,8372,25,60,2025-10-20 06:34:07.022041,352706.736,6287333.754
PB564,B21,SKDH-73,1128,0,5,2025-10-20 06:34:12.148569,337593.06,6307407.8
PB564,B21,SKDJ-74,9737,25,60,2025-10-20 06:34:12.148574,337593.06,6307407.8
PB564,307,FLXJ-50,9113,25,60,2025-10-20 06:34:12.148575,337593.06,6307407.8
PB564,307,FLXL-60,12958,25,60,2025-10-20 06:34:12.148576,337593.06,6307407.8
PB564,307C,TWPC-87,3255,10,14,2025-10-20 06:34:12.148577,337593.06,6307407.8
PB564,307C,TWPC-94,5973,25,60,2025-10-20 06:34:12.148577,337593.06,6307407.8
PC60,722,STHK-62,5530,11,15,2025-10-20 06:34:18.949709,352507.489,6302617.492
PC60,712,SHXG-93,3111,10,14,2025-10-20 06:34:18.949714,352507.489,6302617.492
PC60,712,SJPC-42,5631,20,28,2025-10-20 06:34:18.949715,352507.489,6302617.492
PC60,C11,SHCV-73,91,0,3,2025-10-20 06:34:18.949716,352507.489,6302617.492
PC60,C15,SKPJ-44,1,0,3,2025-10-20 06:34:18.949717,352507.489,6302617.492
PC60,C20,SGPY-93,47,0,3,2025-10-20 06:34:18.949718,352507.489,6302617.492
PC60,C22,SHCV-77,1,0,3,2025-10-20 06:34:18.949719,352507.489,6302617.492
PC60,425,SHXG-81,3405,8,12,2025-10-20 06:34:18.949719,352507.489,6302617.492
PC60,425,SGPY-68,4836,12,16,2025-10-20 06:34:18.949720,352507.489,6302617.492
PC60,286,SFPF-99,1821,4,6,2025-10-20 06:34:18.949721,352507.489,6302617.492
PC60,286,SDSW-63,3685,9,13,2025-10-20 06:34:18.949722,352507.489,6302617.492
PJ1730,J08,FLXS-68,246,0,3,2025-10-20 06:34:23.753573,342103.383,6301352.584
PF123,F13,SRRX-13,473,0,3,2025-10-20 06:34:32.930694,353094.667,6283971.825
PF123,F13,SRPK-19,2638,9,13,2025-10-20 06:34:32.930700,353094.667,6283971.825
PF123,210,LZRD-76,2583,11,15,2025-10-20 06:34:32.930702,353094.667,6283971.825
PF123,210,SXKV-93,2603,11,15,2025-10-20 06:34:32.930703,353094.667,6283971.825
PG466,G18,SHCV-27,1846,6,8,2025-10-20 06:34:39.473183,345617.358,6288332.281
PG466,G18,SHXB-11,5480,16,22,2025-10-20 06:34:39.473189,345617.358,6288332.281
PB1071,B09,SHCY-33,2623,17,23,2025-10-20 06:34:44.074986,339877.634,6303062.243
PB1071,B09,SHCY-32,8628,25,60,2025-10-20 06:34:44.074991,339877.634,6303062.243
PB1071,120,SPZX-58,159,0,3,2025-10-20 06:34:44.074992,339877.634,6303062.243
PB1071,120,STHF-13,1247,5,7,2025-10-20 06:34:44.074993,339877.634,6303062.243
PB1071,B29,SPZX-36,891,0,5,2025-10-20 06:34:44.074994,339877.634,6303062.243
PB1071,B29,SKHG-47,1762,9,13,2025-10-20 06:34:44.074995,339877.634,6303062.243
PD327,227,VFPS-47,7033,17,25,2025-10-20 06:34:48.605443,348450.697,6297424.747
PD327,422,PFXC-50,6379,14,20,2025-10-20 06:34:48.605448,348450.697,6297424.747
PD327,422,PFXB-91,12890,25,60,2025-10-20 06:34:48.605449,348450.697,6297424.747
PD327,D03,SVDC-83,1988,5,7,2025-10-20 06:34:48.605450,348450.697,6297424.747
PD327,D03,SVDD-44,5636,16,22,2025-10-20 06:34:48.605450,348450.697,6297424.747
PD327,403,PFTW-31,2541,7,9,2025-10-20 06:34:48.605451,348450.697,6297424.747
PD327,403,SKPK-21,5690,15,21,2025-10-20 06:34:48.605452,348450.697,6297424.747
PD327,513,VHZW-80,5680,14,20,2025-10-20 06:34:48.605453,348450.697,6297424.747
PD327,513,VHZX-40,6961,17,25,2025-10-20 06:34:48.605454,348450.697,6297424.747
PB785,B35,SJPF-40,13150,25,60,2025-10-20 06:34:52.171214,346275.614,6306035.102
PB785,C18,SHCX-27,3524,10,14,2025-10-20 06:34:52.171220,346275.614,6306035.102
PB785,C18,SHXD-91,11712,25,60,2025-10-20 06:34:52.171221,346275.614,6306035.102
PD1097,D11,SVDD-45,1967,6,8,2025-10-20 06:34:55.310215,355782.169,6296503.444
PG228,216,GCBF-46,1430,4,6,2025-10-20 06:35:02.200172,346874.98,6282746.635
PG228,216,LZPR-82,10428,25,60,2025-10-20 06:35:02.200177,346874.98,6282746.635
PG228,G23,SFWB-75,979,0,5,2025-10-20 06:35:02.200178,346874.98,6282746.635
PG228,G13,SFPF-92,336,0,3,2025-10-20 06:35:02.200179,346874.98,6282746.635
PG228,G13,SHXG-76,2713,9,13,2025-10-20 06:35:02.200180,346874.98,6282746.635
PG228,G13C,SFPF-81,5746,25,60,2025-10-20 06:35:02.200181,346874.98,6282746.635
PG228,212,SRTK-15,792,0,3,2025-10-20 06:35:02.200182,346874.98,6282746.635
PG228,212,SRTK-20,10976,25,60,2025-10-20 06:35:02.200182,346874.98,6282746.635
PC1289,C37,SHXF-91,2002,0,5,2025-10-20 06:35:09.435616,359875.001,6301795.001
PI204,I01,FLXG-72,644,0,3,2025-10-20 06:35:15.353016,342887.531,6294393.223
PI204,I01,FLXF-15,4239,12,16,2025-10-20 06:35:15.353021,342887.531,6294393.223
PI204,I18,FLXZ-42,1249,0,4,2025-10-20 06:35:15.353023,342887.531,6294393.223
PI204,I18,VHTB-49,11172,25,60,2025-10-20 06:35:15.353023,342887.531,6294393.223
PI204,109,FLXV-97,3987,10,14,2025-10-20 06:35:15.353024,342887.531,6294393.223
PI204,109,TBFV-89,9031,25,60,2025-10-20 06:35:15.353025,342887.531,6294393.223
PE827,D13,FLXH-17,2680,8,10,2025-10-20 06:35:20.912968,351917.361,6290599.925
PE827,D13,BJFS-95,10101,25,60,2025-10-20 06:35:20.912973,351917.361,6290599.925
PE827,E17,CJRB-44,1561,5,7,2025-10-20 06:35:20.912974,351917.361,6290599.925
PE827,E17,CJRB-10,5660,19,27,2025-10-20 06:35:20.912975,351917.361,6290599.925
PB130,429C,SLPC-51,14539,25,60,2025-10-20 06:35:25.468755,348151.49,6304357.87
PB130,722,STHK-53,1552,4,6,2025-10-20 06:35:25.468760,348151.49,6304357.87
PB130,425,SHXG-84,5276,14,20,2025-10-20 06:35:25.468761,348151.49,6304357.87
PB130,425,SJPB-28,5764,15,21,2025-10-20 06:35:25.468762,348151.49,6304357.87
PB130,429,SLLY-91,5250,13,17,2025-10-20 06:35:25.468763,348151.49,6304357.87
PB130,429,SJPF-95,5851,13,19,2025-10-20 06:35:25.468764,348151.49,6304357.87
PJ1671,I02,FLXY-81,1952,4,6,2025-10-20 06:35:31.668048,337035.111,6295764.951
PJ1671,510,GCBF-26,3530,8,10,2025-10-20 06:35:31.668054,337035.111,6295764.951
PJ1671,510,PFWZ-57,6918,15,21,2025-10-20 06:35:31.668055,337035.111,6295764.951
PJ1671,516,PFXC-73,4830,12,16,2025-10-20 06:35:31.668056,337035.111,6295764.951
PJ1671,516,TBFR-13,6785,17,23,2025-10-20 06:35:31.668057,337035.111,6295764.951
PJ1671,424,PFXB-31,1643,7,9,2025-10-20 06:35:31.668058,337035.111,6295764.951
PJ809,J07,VHZZ-90,9236,17,23,2025-10-20 06:35:34.669716,326683.371,6302695.346
PJ809,J07,VHZZ-20,14846,25,60,2025-10-20 06:35:34.669721,326683.371,6302695.346
PG1231,G23,SFWZ-38,142,0,3,2025-10-20 06:35:39.473357,342654.482,6283648.776
PG1231,G39,SDSW-59,2441,8,10,2025-10-20 06:35:39.473363,342654.482,6283648.776
PG1231,G39,FLXK-18,5730,16,24,2025-10-20 06:35:39.473364,342654.482,6283648.776
PE721,E11,VKJX-72,1400,6,8,2025-10-20 06:35:44.240344,349192.909,6286093.105
PE721,E18,BJFW-66,4644,16,22,2025-10-20 06:35:44.240350,349192.909,6286093.105
PJ1748,J10,VJBB-30,1093,0,4,2025-10-20 06:35:47.270379,336979.306,6297744.717
PJ1748,J10,VHZX-51,5998,13,19,2025-10-20 06:35:47.270385,336979.306,6297744.717
PA118,204E,LZPT-73,418,0,5,2025-10-20 06:35:51.747237,347414.769,6297654.442
PD714,D15,SVDC-71,3135,10,14,2025-10-20 06:35:56.513893,355495.226,6298282.175
PD714,D15,SVDC-51,6114,16,24,2025-10-20 06:35:56.513898,355495.226,6298282.175
PI1933,I35,SHXG-72,681,0,3,2025-10-20 06:35:58.775958,331428.0,6284070.0
PI1933,I35,SCRZ-22,6303,16,22,2025-10-20 06:35:58.775963,331428.0,6284070.0
PH40,108,PFYS-38,3361,9,13,2025-10-20 06:36:01.613431,344532.874,6292457.879
PH40,108,PFVG-28,5770,16,22,2025-10-20 06:36:01.613437,344532.874,6292457.879
PH40,102,SPZX-73,5349,13,19,2025-10-20 06:36:01.613438,344532.874,6292457.879
PH40,102,LBTT-25,10917,25,60,2025-10-20 06:36:01.613439,344532.874,6292457.879
PH40,107,PFYC-42,588,0,3,2025-10-20 06:36:01.613440,344532.874,6292457.879
PH40,107,PGBY-53,4412,10,14,2025-10-20 06:36:01.613441,344532.874,6292457.879
PC453,501,TBFR-17,60,0,3,2025-10-20 06:36:08.867938,357631.23,6300671.188
PI1608,I04,FLXY-40,186,0,3,2025-10-20 06:36:10.756678,342167.745,6295966.817
PI1608,I04,FLXY-37,603,0,3,2025-10-20 06:36:10.756684,342167.745,6295966.817
PC527,C06,LWTK-43,102,0,3,2025-10-20 06:36:13.320892,356662.14,6301445.56
PC527,C06,LWTK-53,6054,16,24,2025-10-20 06:36:13.320897,356662.14,6301445.56
PC527,D11,SVDD-95,3778,10,14,2025-10-20 06:36:13.320898,356662.14,6301445.56
PC527,D11,SVDC-74,5525,16,22,2025-10-20 06:36:13.320899,356662.14,6301445.56
PC527,503,VHLS-18,2126,5,7,2025-10-20 06:36:13.320900,356662.14,6301445.56
PC527,503,VGVG-53,6153,15,21,2025-10-20 06:36:13.320901,356662.14,6301445.56
PC527,225,SFWZ-58,5166,11,15,2025-10-20 06:36:13.320902,356662.14,6301445.56
PC527,225,SFWZ-25,6014,12,16,2025-10-20 06:36:13.320902,356662.14,6301445.56
PC527,541N,GCBD-15,185,0,3,2025-10-20 06:36:13.320903,356662.14,6301445.56
PC527,541N,TBFS-52,1287,0,4,2025-10-20 06:36:13.320904,356662.14,6301445.56
PC527,722,TXZH-25,2891,7,9,2025-10-20 06:36:13.320905,356662.14,6301445.56
PC527,722,STHF-54,7071,17,25,2025-10-20 06:36:13.320906,356662.14,6301445.56
PD589,507,TBFR-31,1521,0,5,2025-10-20 06:36:16.236501,350065.702,6296344.471
PD589,507,TBFW-19,6120,17,25,2025-10-20 06:36:16.236506,350065.702,6296344.471
PD589,507C,PFXB-93,3936,9,13,2025-10-20 06:36:16.236507,350065.702,6296344.471
PD589,510,GCBF-15,722,0,4,2025-10-20 06:36:16.236508,350065.702,6296344.471
PD589,510,PFXB-21,6262,25,60,2025-10-20 06:36:16.236508,350065.702,6296344.471
PD589,511,PFXC-49,5252,11,15,2025-10-20 06:36:16.236509,350065.702,6296344.471
PD589,511,TBFT-99,11438,25,60,2025-10-20 06:36:16.236510,350065.702,6296344.471
PD589,516,TBFT-31,590,0,3,2025-10-20 06:36:16.236511,350065.702,6296344.471
PD589,516,GCBD-37,1319,6,8,2025-10-20 06:36:16.236512,350065.702,6296344.471
PD589,519,TBFV-17,11538,25,60,2025-10-20 06:36:16.236512,350065.702,6296344.471
PD589,506,GCBC-77,1641,0,5,2025-10-20 06:36:16.236513,350065.702,6296344.471
PD589,506,TBFR-42,2189,5,7,2025-10-20 06:36:16.236514,350065.702,6296344.471
PD589,506V,TBFW-21,1517,0,3,2025-10-20 06:36:16.236515,350065.702,6296344.471
PD589,506V,TBFT-69,2175,0,5,2025-10-20 06:36:16.236515,350065.702,6296344.471
PG1205,228,THTD-96,1150,0,5,2025-10-20 06:36:18.458004,342893.897,6280952.351
PG1205,G32,THTF-56,104,0,3,2025-10-20 06:36:18.458009,342893.897,6280952.351
PG1205,G32,THTF-42,4504,12,18,2025-10-20 06:36:18.458010,342893.897,6280952.351
PG1205,G14,FLXP-18,3997,11,15,2025-10-20 06:36:18.458011,342893.897,6280952.351
PG1205,G14,FLXX-33,5969,17,25,2025-10-20 06:36:18.458011,342893.897,6280952.351
PG1205,G28,BJFW-31,5697,13,19,2025-10-20 06:36:18.458012,342893.897,6280952.351
PG1205,G28,BJFW-20,8372,20,28,2025-10-20 06:36:18.458013,342893.897,6280952.351
PD1374,107,SKWD-90,1071,0,5,2025-10-20 06:36:20.071976,352712.31,6291037.774
PD1374,107,PGTC-60,2642,8,10,2025-10-20 06:36:20.071983,352712.31,6291037.774
PD1374,117,PGLD-74,2011,9,13,2025-10-20 06:36:20.071985,352712.31,6291037.774
PD1374,117,PGBS-47,3133,13,19,2025-10-20 06:36:20.071986,352712.31,6291037.774
PD1374,106,PFYS-32,2506,8,10,2025-10-20 06:36:20.071987,352712.31,6291037.774
PD1374,126,FLXK-63,2662,9,13,2025-10-20 06:36:20.071988,352712.31,6291037.774
PD1374,126,BJFZ-22,4189,14,20,2025-10-20 06:36:20.071989,352712.31,6291037.774
PD1374,E17,CJRB-44,154,0,3,2025-10-20 06:36:20.071990,352712.31,6291037.774
PD1374,E17,CJRB-10,4041,12,18,2025-10-20 06:36:20.071991,352712.31,6291037.774
PC659,C03,SKPJ-41,3864,8,10,2025-10-20 06:36:23.019423,355890.853,6304672.301
PC659,C03,SKDH-85,8522,18,26,2025-10-20 06:36:23.019428,355890.853,6304672.301
PC659,435,SLPC-26,1,0,3,2025-10-20 06:36:23.019429,355890.853,6304672.301
PC659,435,SLLZ-51,3456,8,10,2025-10-20 06:36:23.019430,355890.853,6304672.301
PC659,546E,PFXB-65,11082,25,60,2025-10-20 06:36:23.019431,355890.853,6304672.301
PC659,546E,GCBD-82,15312,25,60,2025-10-20 06:36:23.019432,355890.853,6304672.301
PD532,508,PFXB-49,519,0,3,2025-10-20 06:36:28.220801,352276.455,6295984.615
PD532,508,FLXV-38,5417,19,27,2025-10-20 06:36:28.220806,352276.455,6295984.615
PD146,107,SKWD-90,905,0,4,2025-10-20 06:36:34.529500,353053.73,6291015.88
PD146,107,PGPV-86,2257,7,9,2025-10-20 06:36:34.529505,353053.73,6291015.88
PD146,117,PGLD-74,1746,9,11,2025-10-20 06:36:34.529506,353053.73,6291015.88
PD146,117,PGBS-47,2914,13,19,2025-10-20 06:36:34.529507,353053.73,6291015.88
PD146,106,PFYS-32,2003,6,8,2025-10-20 06:36:34.529508,353053.73,6291015.88
PD146,126,FLXK-63,2378,7,9,2025-10-20 06:36:34.529509,353053.73,6291015.88
PD146,126,BJFZ-22,3821,12,16,2025-10-20 06:36:34.529510,353053.73,6291015.88
PD146,E17,CJRB-10,3756,13,19,2025-10-20 06:36:34.529511,353053.73,6291015.88
PD146,E17,BJFS-83,4646,17,23,2025-10-20 06:36:34.529511,353053.73,6291015.88
PD146,D26,SPBG-12,610,0,3,2025-10-20 06:36:34.529512,353053.73,6291015.88
PD146,D26,PFZK-79,12406,25,60,2025-10-20 06:36:34.529513,353053.73,6291015.88
PH752,H14,FLXR-26,560,0,3,2025-10-20 06:36:46.444125,348766.183,6290712.21
PH752,H14,FLXR-47,5468,13,19,2025-10-20 06:36:46.444130,348766.183,6290712.21
PG1746,216,LXWT-96,1,0,3,2025-10-20 06:36:50.735173,346657.966,6282744.616
PB529,B12C,SKDF-98,2253,9,11,2025-10-20 06:36:59.470680,338333.76,6306905.04
PB529,B12C,SKDF-95,7250,25,60,2025-10-20 06:36:59.470685,338333.76,6306905.04
PB529,429,SHCY-54,1591,8,10,2025-10-20 06:36:59.470686,338333.76,6306905.04
PB529,429,SJPF-92,5099,17,25,2025-10-20 06:36:59.470687,338333.76,6306905.04
PB529,430,PGTV-13,10895,25,60,2025-10-20 06:36:59.470688,338333.76,6306905.04
PB529,430,PGBY-61,21396,25,60,2025-10-20 06:36:59.470688,338333.76,6306905.04
PB529,435,SLPB-73,19009,25,60,2025-10-20 06:36:59.470689,338333.76,6306905.04
PA459,507,GCBC-50,3712,9,13,2025-10-20 06:37:06.193796,345509.489,6296839.209
PA459,507,TBFW-44,4088,10,14,2025-10-20 06:37:06.193802,345509.489,6296839.209
PF287,F07,SPRZ-22,2823,7,9,2025-10-20 06:37:15.506652,355531.512,6284265.625
PF287,F07,SPRY-44,6723,17,25,2025-10-20 06:37:15.506658,355531.512,6284265.625
PI380,431C,PFYR-59,96,0,3,2025-10-20 06:37:21.036369,336763.236,6289077.353
PI380,431C,PGPT-37,2721,9,13,2025-10-20 06:37:21.036374,336763.236,6289077.353
PI380,506,PFXB-16,129,0,3,2025-10-20 06:37:21.036376,336763.236,6289077.353
PI380,506,FLXV-54,738,0,3,2025-10-20 06:37:21.036376,336763.236,6289077.353
PI380,506E,FLXV-94,798,0,4,2025-10-20 06:37:21.036377,336763.236,6289077.353
PI380,506E,TBFW-33,3858,13,17,2025-10-20 06:37:21.036378,336763.236,6289077.353
PI380,506V,FLXW-41,66,0,3,2025-10-20 06:37:21.036379,336763.236,6289077.353
PI380,506V,PFXC-18,3088,11,15,2025-10-20 06:37:21.036380,336763.236,6289077.353
PI380,106,PGPT-25,3947,14,20,2025-10-20 06:37:21.036381,336763.236,6289077.353
PI380,401,PFBD-65,453,0,3,2025-10-20 06:37:21.036381,336763.236,6289077.353
PI380,401,PFVL-10,2131,10,14,2025-10-20 06:37:21.036382,336763.236,6289077.353
PG2039,G37,THTH-30,120,0,3,2025-10-20 06:37:26.975728,338210.0,6272016.0
PI228,348,VHTB-33,1340,0,4,2025-10-20 06:37:32.777184,336987.82,6290733.94
PI228,348,VHTB-74,12562,25,60,2025-10-20 06:37:32.777189,336987.82,6290733.94
PI228,I01,FLXJ-28,8218,17,25,2025-10-20 06:37:32.777190,336987.82,6290733.94
PI228,I01,FLXD-81,13660,25,60,2025-10-20 06:37:32.777191,336987.82,6290733.94
PI228,I02,FLXY-73,5507,16,22,2025-10-20 06:37:32.777192,336987.82,6290733.94
PI228,I02,FLXY-81,12423,25,60,2025-10-20 06:37:32.777193,336987.82,6290733.94
PI228,I04,FLXD-89,3579,9,11,2025-10-20 06:37:32.777193,336987.82,6290733.94
PI228,I04,FLXZ-61,7143,17,25,2025-10-20 06:37:32.777194,336987.82,6290733.94
PI228,I05,VHSY-37,1,0,3,2025-10-20 06:37:32.777195,336987.82,6290733.94
PI228,I05,VHTB-38,9106,25,60,2025-10-20 06:37:32.777196,336987.82,6290733.94
PI228,I18,VHSX-64,6319,17,23,2025-10-20 06:37:32.777197,336987.82,6290733.94
PI228,I26,PFVD-52,2384,0,5,2025-10-20 06:37:32.777198,336987.82,6290733.94
PI228,I26,PFYR-97,13629,25,60,2025-10-20 06:37:32.777198,336987.82,6290733.94
PI1421,I25,FLXL-50,484,0,3,2025-10-20 06:37:37.674454,341162.671,6290337.962
PI1421,I25,FLXL-31,4926,13,19,2025-10-20 06:37:37.674459,341162.671,6290337.962
PI1421,348,VHTB-74,5963,15,21,2025-10-20 06:37:37.674460,341162.671,6290337.962
PF63,204,VFPP-11,1,0,3,2025-10-20 06:37:43.575018,351812.692,6282683.741
PF63,204,VFPZ-38,2148,6,8,2025-10-20 06:37:43.575023,351812.692,6282683.741
PC1285,C37,SHXF-91,11477,25,60,2025-10-20 06:37:50.251051,359341.0,6301565.0
PH541,214,FLXZ-98,1531,5,7,2025-10-20 06:37:56.668001,346148.442,6291215.628
PH541,H05,VFPF-51,4020,13,19,2025-10-20 06:37:56.668007,346148.442,6291215.628
PH541,H05,VFPG-48,6471,25,60,2025-10-20 06:37:56.668008,346148.442,6291215.628
PD431,114,SKWD-71,2743,10,14,2025-10-20 06:38:02.895130,351021.294,6297016.991
PD431,114,SKWD-66,4864,17,25,2025-10-20 06:38:02.895135,351021.294,6297016.991
PB1871,B21,SKDH-73,1829,4,6,2025-10-20 06:38:09.579328,336609.75,6307690.52
PB1871,B21,SKDJ-74,10321,25,60,2025-10-20 06:38:09.579333,336609.75,6307690.52
PD1369,412,LXWP-60,1336,0,4,2025-10-20 06:38:13.485568,357377.707,6296779.643
PD1369,412,PGBY-83,9281,25,60,2025-10-20 06:38:13.485574,357377.707,6296779.643
PD1369,D01,STVX-63,3994,12,18,2025-10-20 06:38:13.485575,357377.707,6296779.643
PD1369,D15,SVDD-94,1851,16,22,2025-10-20 06:38:13.485576,357377.707,6296779.643
PD1369,D15,SVDC-28,8542,25,60,2025-10-20 06:38:13.485577,357377.707,6296779.643
PA250,402,SHXD-77,5005,25,60,2025-10-20 06:38:20.231523,344533.21,6299033.33
PA250,402,PFYC-49,10289,25,60,2025-10-20 06:38:20.231528,344533.21,6299033.33
PA250,505,VHZW-21,3732,13,17,2025-10-20 06:38:20.231529,344533.21,6299033.33
PA250,505,VHXK-83,3779,12,18,2025-10-20 06:38:20.231530,344533.21,6299033.33
PE607,E09,VKJX-94,636,0,3,2025-10-20 06:38:27.538370,350980.724,6285577.305
PE607,E09,VKJX-25,3803,12,16,2025-10-20 06:38:27.538390,350980.724,6285577.305
PE607,E12,VFKV-37,2654,7,9,2025-10-20 06:38:27.538392,350980.724,6285577.305
PE607,E12,VFJT-26,11624,25,60,2025-10-20 06:38:27.538393,350980.724,6285577.305
PC808,C09,SHXF-98,2929,8,10,2025-10-20 06:38:32.513477,359806.47,6305737.985
PI153,I18,VHSX-64,8010,25,60,2025-10-20 06:38:38.978502,335082.54,6290754.458
PI153,118,BJFD-43,1391,5,7,2025-10-20 06:38:38.978507,335082.54,6290754.458
PI153,118,BFKC-96,4497,14,20,2025-10-20 06:38:38.978508,335082.54,6290754.458
PI153,108,PFVG-59,3050,9,11,2025-10-20 06:38:38.978509,335082.54,6290754.458
PI153,108,PFYR-74,8894,25,60,2025-10-20 06:38:38.978510,335082.54,6290754.458
PI153,419,PFYG-88,1119,0,5,2025-10-20 06:38:38.978510,335082.54,6290754.458
PI153,419,PFTF-81,2253,5,7,2025-10-20 06:38:38.978511,335082.54,6290754.458
PI153,348,VHTB-33,2970,9,13,2025-10-20 06:38:38.978512,335082.54,6290754.458
PI153,348,VHTB-74,14184,25,60,2025-10-20 06:38:38.978513,335082.54,6290754.458
PI153,I03,FLXK-62,5252,12,18,2025-10-20 06:38:38.978514,335082.54,6290754.458
PI153,I03,FLXL-61,13681,25,60,2025-10-20 06:38:38.978515,335082.54,6290754.458
PG1228,G09,SCRZ-24,2421,7,9,2025-10-20 06:38:45.783601,341913.491,6284212.623
PG1228,G09,SFGY-22,9186,25,60,2025-10-20 06:38:45.783606,341913.491,6284212.623
PI1395,J10,VJBB-70,843,0,4,2025-10-20 06:39:00.314940,341836.458,6297088.933
PI1395,J10,VJBC-90,4654,12,18,2025-10-20 06:39:00.314946,341836.458,6297088.933
PI1395,511,TBFT-98,2199,7,9,2025-10-20 06:39:00.314947,341836.458,6297088.933
PI1395,511,TBFT-37,6334,19,27,2025-10-20 06:39:00.314948,341836.458,6297088.933
PI1395,J13,TBFT-86,1216,0,4,2025-10-20 06:39:00.314949,341836.458,6297088.933
PI1395,J13,TBFW-52,3750,14,20,2025-10-20 06:39:00.314950,341836.458,6297088.933
PB1542,110C,TBFS-61,2564,7,9,2025-10-20 06:39:07.968006,335991.875,6303371.407
PB1542,110C,BJFD-49,8517,25,60,2025-10-20 06:39:07.968011,335991.875,6303371.407
PB1542,B09,SHCY-47,2185,13,19,2025-10-20 06:39:07.968013,335991.875,6303371.407
PB1542,B09,SHCY-39,9173,25,60,2025-10-20 06:39:07.968014,335991.875,6303371.407
PB1542,B29,LXDH-99,875,0,3,2025-10-20 06:39:07.968015,335991.875,6303371.407
PB1542,B29,SKHG-59,6352,16,22,2025-10-20 06:39:07.968016,335991.875,6303371.407
PB2081,110C,TBFT-27,2598,0,5,2025-10-20 06:39:16.468208,336002.001,6303343.001
PB2081,B09,SHCY-32,450,0,3,2025-10-20 06:39:16.468213,336002.001,6303343.001
PB2081,B29,SKHG-73,335,0,3,2025-10-20 06:39:16.468215,336002.001,6303343.001
PH709,I05,VHSX-69,2770,7,9,2025-10-20 06:39:24.593111,343622.96,6289387.57
PH709,I05,VHSY-46,7635,17,25,2025-10-20 06:39:24.593116,343622.96,6289387.57
PH709,321,CJRY-76,3085,7,9,2025-10-20 06:39:24.593118,343622.96,6289387.57
PH709,329,FLXR-21,1986,0,4,2025-10-20 06:39:24.593118,343622.96,6289387.57
PI92,118,FLXW-58,274,0,3,2025-10-20 06:39:34.557145,334793.786,6288200.421
PI92,118,FLXW-61,1480,5,7,2025-10-20 06:39:34.557150,334793.786,6288200.421
PI92,108,PFYT-25,1398,6,8,2025-10-20 06:39:34.557151,334793.786,6288200.421
PI92,108,PFYS-57,3245,12,18,2025-10-20 06:39:34.557152,334793.786,6288200.421
PJ373,J07,VHZY-81,2713,8,12,2025-10-20 06:39:41.852996,335405.213,6298275.729
PJ373,J07,VHZY-80,5729,20,28,2025-10-20 06:39:41.853002,335405.213,6298275.729
PJ373,J07C,VGTW-82,2285,9,13,2025-10-20 06:39:41.853003,335405.213,6298275.729
PJ373,J07C,VHLY-27,3032,14,20,2025-10-20 06:39:41.853004,335405.213,6298275.729
PJ373,507,TBFX-53,6003,18,26,2025-10-20 06:39:41.853005,335405.213,6298275.729
PJ373,507,TBFW-14,9789,25,60,2025-10-20 06:39:41.853006,335405.213,6298275.729
PJ373,514,FLXH-85,10918,25,60,2025-10-20 06:39:41.853007,335405.213,6298275.729
PJ373,514,FLXJ-43,12545,25,60,2025-10-20 06:39:41.853008,335405.213,6298275.729
PJ373,407,TBFW-77,5909,16,24,2025-10-20 06:39:41.853009,335405.213,6298275.729
PJ373,407,TBFP-65,8838,25,60,2025-10-20 06:39:41.853010,335405.213,6298275.729
PJ373,486,LXWP-68,1,0,3,2025-10-20 06:39:41.853011,335405.213,6298275.729
PJ373,486,LXWP-74,1,0,3,2025-10-20 06:39:41.853012,335405.213,6298275.729
PA319,121,BJFS-51,1,0,3,2025-10-20 06:39:49.079855,345423.28,6295644.74
PA319,121,BJFZ-53,4288,13,19,2025-10-20 06:39:49.079860,345423.28,6295644.74
PH114,H09,VGRF-55,1354,0,5,2025-10-20 06:40:01.243714,346552.403,6292971.493
PH114,H09,VGRG-44,3847,15,21,2025-10-20 06:40:01.243719,346552.403,6292971.493
PH114,229,TBZB-19,3169,8,10,2025-10-20 06:40:01.243720,346552.403,6292971.493
PH114,271,TBYY-71,5766,14,20,2025-10-20 06:40:01.243721,346552.403,6292971.493
PH114,301,BJFS-57,4844,11,15,2025-10-20 06:40:01.243722,346552.403,6292971.493
PH114,301,BJFW-81,5332,13,17,2025-10-20 06:40:01.243723,346552.403,6292971.493
PH114,H13,CJRW-53,1,0,3,2025-10-20 06:40:01.243723,346552.403,6292971.493
PH114,H13,CJRX-51,3942,12,16,2025-10-20 06:40:01.243724,346552.403,6292971.493
PH114,223,SFGY-15,2782,9,13,2025-10-20 06:40:01.243725,346552.403,6292971.493
PH114,223,SHCV-35,3192,10,14,2025-10-20 06:40:01.243726,346552.403,6292971.493
PH114,226,VFPD-41,3994,11,15,2025-10-20 06:40:01.243727,346552.403,6292971.493
PH114,214,GCBB-42,975,0,3,2025-10-20 06:40:01.243727,346552.403,6292971.493
PH114,214,GCBB-27,4079,10,14,2025-10-20 06:40:01.243728,346552.403,6292971.493
PH114,201,GCBB-43,4275,13,19,2025-10-20 06:40:01.243729,346552.403,6292971.493
PH114,201,FLXZ-94,5798,17,25,2025-10-20 06:40:01.243730,346552.403,6292971.493
PC20,103,SPBG-34,5579,14,20,2025-10-20 06:40:13.431873,350109.33,6300568.26
PC20,103,SPBP-90,9338,25,60,2025-10-20 06:40:13.431879,350109.33,6300568.26
PJ564,J01,FLXD-27,211,0,3,2025-10-20 06:40:23.046423,340077.945,6299619.233
PJ564,J01,FDJX-75,2650,6,8,2025-10-20 06:40:23.046427,340077.945,6299619.233
PJ564,J08,TBFS-49,228,0,3,2025-10-20 06:40:23.046428,340077.945,6299619.233
PJ564,J08,FLXT-68,5274,13,17,2025-10-20 06:40:23.046429,340077.945,6299619.233
PG146,F20,SPZY-75,570,0,3,2025-10-20 06:40:32.136915,346997.387,6283711.451
PG146,F20,SPZY-31,6211,15,21,2025-10-20 06:40:32.136921,346997.387,6283711.451
PE383,108,PFVD-37,120,0,3,2025-10-20 06:40:41.306959,353653.266,6289671.129
PE383,108,PFVH-97,5577,18,26,2025-10-20 06:40:41.306964,353653.266,6289671.129
PE383,322,BJFV-20,1722,5,7,2025-10-20 06:40:41.306965,353653.266,6289671.129
PE383,E03,BJFT-12,2999,9,11,2025-10-20 06:40:41.306966,353653.266,6289671.129
PE383,E03,CJRW-16,7563,20,28,2025-10-20 06:40:41.306967,353653.266,6289671.129
PB541,314,VHSY-16,19,0,3,2025-10-20 06:40:49.201194,336296.523,6307096.135
PI14,481,PGPT-31,9618,25,60,2025-10-20 06:40:58.610667,339814.618,6293328.781
PI14,I25,FLXK-80,754,0,4,2025-10-20 06:40:58.610672,339814.618,6293328.781
PI14,I04,FLXY-40,3692,10,14,2025-10-20 06:40:58.610673,339814.618,6293328.781
PI14,I04,FLXY-37,3765,10,14,2025-10-20 06:40:58.610674,339814.618,6293328.781
PI14,I13,FLXY-15,197,0,3,2025-10-20 06:40:58.610675,339814.618,6293328.781
PI14,I13,FLXY-13,3725,11,15,2025-10-20 06:40:58.610676,339814.618,6293328.781
PI14,I14,CJRW-25,5477,16,22,2025-10-20 06:40:58.610677,339814.618,6293328.781
PI14,101,PGPT-42,16,0,3,2025-10-20 06:40:58.610678,339814.618,6293328.781
PI14,101,PGPT-36,11909,25,60,2025-10-20 06:40:58.610678,339814.618,6293328.781
PJ44,105,SJPC-36,4201,11,15,2025-10-20 06:41:17.092753,342692.471,6297882.264
PJ44,105,SJPD-91,7474,25,60,2025-10-20 06:41:17.092758,342692.471,6297882.264
PJ44,120,SPZX-58,6273,19,27,2025-10-20 06:41:17.092759,342692.471,6297882.264
PJ44,120,STHF-13,7139,25,60,2025-10-20 06:41:17.092760,342692.471,6297882.264
PJ44,407,PFXB-38,2334,8,10,2025-10-20 06:41:17.092761,342692.471,6297882.264
PJ44,407,FLXV-61,4964,16,22,2025-10-20 06:41:17.092762,342692.471,6297882.264
PD1237,D17,PFZK-89,2989,6,8,2025-10-20 06:41:23.819943,356634.882,6292047.732
PD1237,D17,PFYC-18,9834,20,28,2025-10-20 06:41:23.819948,356634.882,6292047.732
PI33,481,PFYT-11,3773,10,14,2025-10-20 06:41:33.023355,339891.828,6293145.493
PI33,481,PGPT-33,5839,14,20,2025-10-20 06:41:33.023360,339891.828,6293145.493
PI33,I25,FLXL-25,1771,4,6,2025-10-20 06:41:33.023361,339891.828,6293145.493
PI33,I25,FLXL-84,4837,13,17,2025-10-20 06:41:33.023362,339891.828,6293145.493
PI33,I04,FLXF-20,598,0,3,2025-10-20 06:41:33.023363,339891.828,6293145.493
PI33,I04,FLXZ-72,9786,25,60,2025-10-20 06:41:33.023364,339891.828,6293145.493
PI33,I14,CJRW-61,4549,12,16,2025-10-20 06:41:33.023365,339891.828,6293145.493
PI33,I14,CJRW-18,4688,12,16,2025-10-20 06:41:33.023365,339891.828,6293145.493
PI33,101,PFVC-56,2252,8,10,2025-10-20 06:41:33.023366,339891.828,6293145.493
PJ1592,J07,VHZZ-90,7628,15,21,2025-10-20 06:41:39.569517,328121.848,6301653.594
PJ1592,J07,VHZZ-20,12347,25,60,2025-10-20 06:41:39.569521,328121.848,6301653.594
PE346,E02,VKJW-98,476,0,3,2025-10-20 06:41:47.541322,353004.312,6285574.449
PE346,E11,VKJY-13,528,0,3,2025-10-20 06:41:47.541327,353004.312,6285574.449
PE346,E11,VKJX-56,1716,7,9,2025-10-20 06:41:47.541329,353004.312,6285574.449
PE346,E12,VFJT-26,8072,20,28,2025-10-20 06:41:47.541330,353004.312,6285574.449
PE346,E12,VFKT-58,8954,25,60,2025-10-20 06:41:47.541331,353004.312,6285574.449
PF456,210V,VFRD-55,739,0,3,2025-10-20 06:41:59.603498,354904.405,6282952.302
PF456,210V,VFPF-61,4008,10,14,2025-10-20 06:41:59.603503,354904.405,6282952.302
PF456,F06,SPZY-42,3907,13,19,2025-10-20 06:41:59.603504,354904.405,6282952.302
PF456,F06,SPZY-51,9923,25,60,2025-10-20 06:41:59.603505,354904.405,6282952.302
PF456,F09,SPZX-59,2139,4,6,2025-10-20 06:41:59.603505,354904.405,6282952.302
PA42,403,PFTW-31,2121,6,8,2025-10-20 06:42:12.070767,347526.51,6298745.92
PA42,403,SKPK-21,5724,16,22,2025-10-20 06:42:12.070772,347526.51,6298745.92
PA42,412,PFTW-39,2122,4,6,2025-10-20 06:42:12.070773,347526.51,6298745.92
PA42,412,PFTW-60,9367,25,60,2025-10-20 06:42:12.070774,347526.51,6298745.92
PA42,513,VHZW-80,5835,14,20,2025-10-20 06:42:12.070775,347526.51,6298745.92
PA42,513,VHZX-40,6073,15,21,2025-10-20 06:42:12.070776,347526.51,6298745.92
PA42,210,LZRD-80,520,0,3,2025-10-20 06:42:12.070777,347526.51,6298745.92
PA42,210,LZRB-96,2888,8,10,2025-10-20 06:42:12.070778,347526.51,6298745.92
PA42,516,PFXB-99,705,0,3,2025-10-20 06:42:12.070779,347526.51,6298745.92
PA42,516,TBFR-23,2981,8,10,2025-10-20 06:42:12.070780,347526.51,6298745.92
PA42,406,TBFX-16,1822,0,5,2025-10-20 06:42:12.070781,347526.51,6298745.92
PA42,406,GCBF-10,6683,16,22,2025-10-20 06:42:12.070782,347526.51,6298745.92
PA42,418,PFYC-60,5907,14,20,2025-10-20 06:42:12.070783,347526.51,6298745.92
PA42,418,PFYC-33,11685,25,60,2025-10-20 06:42:12.070783,347526.51,6298745.92
PA42,210V,VGBV-36,437,0,3,2025-10-20 06:42:12.070784,347526.51,6298745.92
PA42,210V,VFPJ-77,6107,15,21,2025-10-20 06:42:12.070785,347526.51,6298745.92
PA42,519,RKXL-25,1254,0,5,2025-10-20 06:42:12.070796,347526.51,6298745.92
PA42,519,TBFT-81,2341,8,10,2025-10-20 06:42:12.070797,347526.51,6298745.92
PA42,407,TBFV-23,851,0,3,2025-10-20 06:42:12.070798,347526.51,6298745.92
PA42,407,TBFW-61,6038,14,20,2025-10-20 06:42:12.070799,347526.51,6298745.92
PA42,426,FDJX-81,1712,0,3,2025-10-20 06:42:12.070800,347526.51,6298745.92
PA42,426,BJFC-62,7107,16,22,2025-10-20 06:42:12.070801,347526.51,6298745.92
PB1160,B11,SKDG-43,3039,8,10,2025-10-20 06:42:23.323842,343017.725,6306681.725
PB1160,B11,SKDH-63,6565,19,27,2025-10-20 06:42:23.323847,343017.725,6306681.725
PB1160,B12,SKDJ-25,5635,12,18,2025-10-20 06:42:23.323848,343017.725,6306681.725
PB1160,B12,SKDJ-31,8545,20,28,2025-10-20 06:42:23.323848,343017.725,6306681.725
PB1160,230,GCBB-80,830,0,3,2025-10-20 06:42:23.323849,343017.725,6306681.725
PD756,D15,SVDC-39,5319,13,19,2025-10-20 06:42:33.483505,354885.557,6298371.561
PD756,D15,SVDC-71,10659,25,60,2025-10-20 06:42:33.483511,354885.557,6298371.561
PF1145,F03,SPVV-38,1930,5,7,2025-10-20 06:42:40.518319,352375.09,6279240.4
PF285,F14,SPRV-93,78,0,3,2025-10-20 06:42:45.173320,355599.955,6283349.749
PF285,F14,SPRX-21,2135,7,9,2025-10-20 06:42:45.173325,355599.955,6283349.749
PF285,F05,SPZX-65,346,0,3,2025-10-20 06:42:45.173326,355599.955,6283349.749
PF285,124,LCTG-32,3588,11,15,2025-10-20 06:42:45.173327,355599.955,6283349.749
PF285,124,LCPG-38,3735,12,16,2025-10-20 06:42:45.173328,355599.955,6283349.749
PE1356,F25,LCTG-26,7050,25,60,2025-10-20 06:42:49.540836,353777.404,6285269.751
PE1356,F25,STHC-57,9182,25,60,2025-10-20 06:42:49.540840,353777.404,6285269.751
PE59,126,BJFZ-22,194,0,3,2025-10-20 06:43:07.236568,353975.217,6290604.564
PE59,E17,CJRB-10,836,0,3,2025-10-20 06:43:07.236574,353975.217,6290604.564
PE59,E17,BJFS-83,1877,7,9,2025-10-20 06:43:07.236575,353975.217,6290604.564
PA303,307E,TWPD-92,591,0,4,2025-10-20 06:43:18.547096,345790.3,6299034.66
PA303,307E,FLXK-69,2066,8,10,2025-10-20 06:43:18.547100,345790.3,6299034.66
PA303,314,VHSX-91,3532,14,20,2025-10-20 06:43:18.547101,345790.3,6299034.66
PA303,314,VHTB-56,5912,25,60,2025-10-20 06:43:18.547102,345790.3,6299034.66
PA303,303,FLXF-84,18,0,3,2025-10-20 06:43:18.547103,345790.3,6299034.66
PA303,303,FLXF-24,535,0,3,2025-10-20 06:43:18.547104,345790.3,6299034.66
PA303,307,TWPD-10,1227,0,5,2025-10-20 06:43:18.547105,345790.3,6299034.66
PA303,307,TWPD-70,1571,5,7,2025-10-20 06:43:18.547105,345790.3,6299034.66
PG355,G28,BJFT-27,2201,7,9,2025-10-20 06:43:31.347614,344480.58,6283279.36
PG355,G28,BJFZ-63,9528,25,60,2025-10-20 06:43:31.347619,344480.58,6283279.36
PG355,G16,SFPF-89,2150,7,9,2025-10-20 06:43:31.347620,344480.58,6283279.36
PG355,G16,SFPG-61,5526,14,20,2025-10-20 06:43:31.347621,344480.58,6283279.36
PG355,301,BJFZ-41,2677,5,7,2025-10-20 06:43:31.347622,344480.58,6283279.36
PG355,301,FLXK-49,3012,7,9,2025-10-20 06:43:31.347623,344480.58,6283279.36
PG355,301C,CJRY-62,1,0,3,2025-10-20 06:43:31.347623,344480.58,6283279.36
PG355,301C,CJRB-46,1523,0,4,2025-10-20 06:43:31.347624,344480.58,6283279.36
PB1133,230,GCBC-18,4019,13,19,2025-10-20 06:43:36.906370,344609.55,6304343.473
PB1133,230,GCBB-77,8020,25,60,2025-10-20 06:43:36.906376,344609.55,6304343.473
PB1133,B10,STHK-27,2929,8,10,2025-10-20 06:43:36.906377,344609.55,6304343.473
PB1133,B10,STHF-82,7492,20,28,2025-10-20 06:43:36.906378,344609.55,6304343.473
PH459,E04,VKJZ-15,4495,14,20,2025-10-20 06:44:02.138201,348433.222,6292542.276
PH459,H24,VGRC-33,1,0,3,2025-10-20 06:44:02.138207,348433.222,6292542.276
PH459,H24,VGRG-14,2719,9,13,2025-10-20 06:44:02.138208,348433.222,6292542.276
PD1615,D17V,PGKP-65,3353,8,12,2025-10-20 06:44:15.524313,358220.62,6292425.65
PF742,F18,SRVL-72,529,0,3,2025-10-20 06:44:30.868319,349849.438,6277502.903
PF742,F18,SRVL-78,4911,10,14,2025-10-20 06:44:30.868324,349849.438,6277502.903
PG1044,G39,SHXB-28,4165,9,13,2025-10-20 06:44:36.116005,341660.726,6285319.534
PG1044,G39,HVFH-31,6930,18,26,2025-10-20 06:44:36.116009,341660.726,6285319.534
PG1044,G09,SCRZ-24,2781,10,14,2025-10-20 06:44:36.116011,341660.726,6285319.534
PG1044,G09,SFGY-22,9931,25,60,2025-10-20 06:44:36.116011,341660.726,6285319.534
PD947,D07,SVDD-60,115,0,3,2025-10-20 06:44:46.371441,350181.931,6293989.381
PD947,D07,SVDD-58,3382,10,14,2025-10-20 06:44:46.371447,350181.931,6293989.381
PF915,F29,SPVT-74,2537,8,10,2025-10-20 06:44:52.376954,352952.171,6280653.121
PF915,204,VFPZ-88,1138,4,6,2025-10-20 06:44:52.376961,352952.171,6280653.121
PF915,F02,SHXF-18,2162,7,9,2025-10-20 06:44:52.376962,352952.171,6280653.121
