bus_stop_code,route_id,bus_id,meters_distance,min_arrival_time,max_arrival_time,date,X,Y
PJ458,505,VHZY-31,2759,7,11,2025-11-01 20:00:25.529642,342536.522,6300548.92
PJ458,505,VHZW-11,6937,20,24,2025-11-01 20:00:25.529649,342536.522,6300548.92
PJ458,B28,SKHF-91,452,0,3,2025-11-01 20:00:25.529652,342536.522,6300548.92
PJ458,B28,SKHG-33,2274,5,9,2025-11-01 20:00:25.529654,342536.522,6300548.92
PJ458,513,VJBC-31,645,0,2,2025-11-01 20:00:25.529655,342536.522,6300548.92
PJ458,513,VHZZ-11,5143,14,18,2025-11-01 20:00:25.529657,342536.522,6300548.92
PJ458,J01,SZZY-80,2006,4,8,2025-11-01 20:00:25.529658,342536.522,6300548.92
PJ1592,J07,VJJV-13,129,0,3,2025-11-01 20:00:40.387870,328121.848,6301653.594
PJ1592,J07,VHZY-50,12794,40,60,2025-11-01 20:00:40.387875,328121.848,6301653.594
PF164,E13,VFJS-65,618,0,2,2025-11-01 20:01:05.472215,350684.75,6284086.4
PF164,F05,SPZX-84,279,0,3,2025-11-01 20:01:05.472221,350684.75,6284086.4
PF164,F05,SPZY-44,1956,4,8,2025-11-01 20:01:05.472223,350684.75,6284086.4
PF164,325,VFJD-70,664,0,2,2025-11-01 20:01:05.472224,350684.75,6284086.4
PE1400,E13,VFJP-12,1738,3,7,2025-11-01 20:01:25.380877,350349.556,6285978.403
PD507,510,TBFR-23,2541,6,10,2025-11-01 20:01:44.012656,356618.32,6295394.62
PD507,516,PFXB-58,2127,5,9,2025-11-01 20:01:44.012661,356618.32,6295394.62
PD507,D03,SVDF-78,2401,6,10,2025-11-01 20:01:44.012663,356618.32,6295394.62
PG897,G05,SHCV-36,2144,5,9,2025-11-01 20:02:03.760485,349749.94,6282241.545
PG897,G05,SFGY-83,6242,18,22,2025-11-01 20:02:03.760489,349749.94,6282241.545
PE231,226,VFRB-54,1469,3,7,2025-11-01 20:02:21.966923,349511.176,6287950.802
PE231,226,VFPW-13,4378,12,16,2025-11-01 20:02:21.966928,349511.176,6287950.802
PE231,E18,FLXT-41,3923,10,14,2025-11-01 20:02:21.966929,349511.176,6287950.802
PE231,E12,VFKV-81,234,0,3,2025-11-01 20:02:21.966930,349511.176,6287950.802
PE231,E12,VFKV-37,11714,37,60,2025-11-01 20:02:21.966931,349511.176,6287950.802
PG1114,G11,THTF-54,235,0,3,2025-11-01 20:03:00.307131,347405.647,6288603.698
PG1114,G11,THTF-63,5230,15,19,2025-11-01 20:03:00.307137,347405.647,6288603.698
PI1489,101,PGPT-32,0,0,3,2025-11-01 20:04:06.668736,341536.615,6295932.297
PI1489,101,PGPT-15,5063,14,18,2025-11-01 20:04:06.668741,341536.615,6295932.297
PA362,518,TBFW-72,2144,5,9,2025-11-01 20:04:18.617596,347686.97,6298512.12
PA362,518,GCBC-95,6034,17,21,2025-11-01 20:04:18.617601,347686.97,6298512.12
PA362,422,PFWZ-59,4869,13,17,2025-11-01 20:04:18.617602,347686.97,6298512.12
PA362,422,PFXC-74,9677,31,60,2025-11-01 20:04:18.617603,347686.97,6298512.12
PB1066,B29,SKHG-59,2174,5,9,2025-11-01 20:04:35.691775,339108.257,6302904.4
PB1066,B29,SKHG-69,3066,8,12,2025-11-01 20:04:35.691781,339108.257,6302904.4
PI700,I01,FLXL-38,1168,0,4,2025-11-01 20:04:40.543855,336256.444,6289575.22
PI700,I01,FLXL-51,3718,10,14,2025-11-01 20:04:40.543860,336256.444,6289575.22
PI700,I10,FLXL-80,1414,0,4,2025-11-01 20:04:40.543862,336256.444,6289575.22
PI700,I10,FLXL-20,4189,11,15,2025-11-01 20:04:40.543863,336256.444,6289575.22
PI700,421,PFVJ-27,3019,8,12,2025-11-01 20:04:40.543864,336256.444,6289575.22
PI700,421,PFTW-71,7201,21,25,2025-11-01 20:04:40.543865,336256.444,6289575.22
PI700,423,PFYT-24,1319,0,4,2025-11-01 20:04:40.543866,336256.444,6289575.22
PI700,423,PFYR-76,1390,0,4,2025-11-01 20:04:40.543867,336256.444,6289575.22
PB1728,203,LZPS-25,810,0,3,2025-11-01 20:04:44.491415,347214.2,6303269.814
PB1728,208,LZPT-75,2925,7,11,2025-11-01 20:04:44.491420,347214.2,6303269.814
PB1728,208,VJZB-57,2925,7,11,2025-11-01 20:04:44.491421,347214.2,6303269.814
PH567,H06,FLXD-99,1031,0,3,2025-11-01 20:04:48.571257,344237.548,6291413.636
PH567,H13,BJFZ-45,10105,32,60,2025-11-01 20:04:48.571262,344237.548,6291413.636
PC514,C06,LDTC-13,5527,15,19,2025-11-01 20:04:54.887807,352953.697,6300573.773
PC514,C06,LWTK-51,6344,18,22,2025-11-01 20:04:54.887812,352953.697,6300573.773
PC514,503,VHLS-68,5134,14,18,2025-11-01 20:04:54.887813,352953.697,6300573.773
PC514,503,VGVB-14,5477,15,19,2025-11-01 20:04:54.887814,352953.697,6300573.773
PC514,517,VHZZ-50,1790,4,8,2025-11-01 20:04:54.887815,352953.697,6300573.773
PC514,517,VHZW-41,8580,27,60,2025-11-01 20:04:54.887815,352953.697,6300573.773
PA391,J03,TBFR-12,1876,4,8,2025-11-01 20:05:04.047625,345072.349,6299563.712
PA391,J03,FLXW-47,4773,13,17,2025-11-01 20:05:04.047631,345072.349,6299563.712
PA391,502,BJFJ-15,4286,12,16,2025-11-01 20:05:04.047632,345072.349,6299563.712
PA391,502,BJFD-46,9776,31,60,2025-11-01 20:05:04.047633,345072.349,6299563.712
PA391,503,VGTZ-89,2051,4,8,2025-11-01 20:05:04.047635,345072.349,6299563.712
PA391,503,VGTX-46,5736,16,20,2025-11-01 20:05:04.047636,345072.349,6299563.712
PA391,504,GCBD-71,2527,9,13,2025-11-01 20:05:04.047637,345072.349,6299563.712
PA391,504,PFXB-90,6711,38,60,2025-11-01 20:05:04.047638,345072.349,6299563.712
PA391,B26,FLXP-71,1341,0,4,2025-11-01 20:05:04.047639,345072.349,6299563.712
PA391,B26,FLXP-78,3169,8,12,2025-11-01 20:05:04.047640,345072.349,6299563.712
PA391,517,VJBC-21,3600,9,13,2025-11-01 20:05:04.047642,345072.349,6299563.712
PA391,518,TBFT-92,4973,14,18,2025-11-01 20:05:04.047643,345072.349,6299563.712
PA391,518,GCBD-27,8642,27,60,2025-11-01 20:05:04.047644,345072.349,6299563.712
PG516,F03,SPVW-21,6086,17,21,2025-11-01 20:05:10.301672,344617.21,6280217.834
PG516,F03,SPVV-66,12296,39,60,2025-11-01 20:05:10.301677,344617.21,6280217.834
PF540,124,SPZX-70,1727,3,7,2025-11-01 20:05:12.077886,351940.436,6278379.582
PI314,111,FLXY-58,8744,28,60,2025-11-01 20:05:13.674050,334978.617,6284395.246
PI314,111,FLXY-67,13458,42,60,2025-11-01 20:05:13.674054,334978.617,6284395.246
PI314,113,FLXX-55,11215,35,60,2025-11-01 20:05:13.674056,334978.617,6284395.246
PI314,113,FLXZ-62,11553,36,60,2025-11-01 20:05:13.674056,334978.617,6284395.246
PI314,I11,VHTB-42,8240,26,60,2025-11-01 20:05:13.674057,334978.617,6284395.246
PI314,I11,FLXY-88,12278,39,60,2025-11-01 20:05:13.674058,334978.617,6284395.246
PB1510,B02,FLXR-77,6870,20,24,2025-11-01 20:05:15.433886,346233.47,6301491.13
PB1510,B02,FLXR-81,8056,23,27,2025-11-01 20:05:15.433890,346233.47,6301491.13
PB1510,B17,LDJV-49,2712,7,11,2025-11-01 20:05:15.433894,346233.47,6301491.13
PB1510,B17,SHCX-53,6573,19,23,2025-11-01 20:05:15.433895,346233.47,6301491.13
PB1510,B41,GCBB-41,542,0,2,2025-11-01 20:05:15.433896,346233.47,6301491.13
PB1510,B41,GCBB-23,4610,13,17,2025-11-01 20:05:15.433897,346233.47,6301491.13
PG29,211,TBZB-21,68,0,3,2025-11-01 20:05:18.333381,341730.94,6282100.02
PG29,211,TBYY-71,0,0,3,2025-11-01 20:05:18.333386,341730.94,6282100.02
PG29,G07,THTF-59,1911,4,8,2025-11-01 20:05:18.333387,341730.94,6282100.02
PG29,G07,THTD-93,6825,20,24,2025-11-01 20:05:18.333388,341730.94,6282100.02
PG29,G08,THTD-52,2312,5,9,2025-11-01 20:05:18.333389,341730.94,6282100.02
PG29,G08,THTD-67,6065,17,21,2025-11-01 20:05:18.333390,341730.94,6282100.02
PG29,201,GCBB-29,1456,3,7,2025-11-01 20:05:18.333390,341730.94,6282100.02
PG29,201,GCBB-84,4783,13,17,2025-11-01 20:05:18.333391,341730.94,6282100.02
PH425,385,FLXY-87,3834,10,14,2025-11-01 20:05:32.031893,349163.183,6292744.088
PE181,118,CJRW-51,903,0,3,2025-11-01 20:05:39.493050,350981.257,6288734.648
PE181,118,FLXT-11,2138,5,9,2025-11-01 20:05:39.493055,350981.257,6288734.648
PE181,211,TBYY-62,4546,12,16,2025-11-01 20:05:39.493056,350981.257,6288734.648
PE181,211,TBYY-66,4813,13,17,2025-11-01 20:05:39.493057,350981.257,6288734.648
PE181,224,VFPS-74,2681,6,10,2025-11-01 20:05:39.493058,350981.257,6288734.648
PE181,244,SFWZ-54,2681,6,10,2025-11-01 20:05:39.493059,350981.257,6288734.648
PG1616,209,VJXW-46,1241,0,4,2025-11-01 20:05:41.505280,348279.464,6287231.262
PG1616,209,VJKD-26,5340,15,19,2025-11-01 20:05:41.505285,348279.464,6287231.262
PG1616,205,VFPS-56,276,0,3,2025-11-01 20:05:41.505286,348279.464,6287231.262
PG1616,205,VFRG-35,8638,27,60,2025-11-01 20:05:41.505287,348279.464,6287231.262
PG1616,207,VJYW-75,2640,6,10,2025-11-01 20:05:41.505288,348279.464,6287231.262
PG1616,207,VJZB-15,7946,23,27,2025-11-01 20:05:41.505289,348279.464,6287231.262
PE432,E03,BJFT-81,4989,14,18,2025-11-01 20:05:43.592721,348172.226,6288889.968
PJ1706,422,TBFX-69,740,0,2,2025-11-01 20:05:45.340145,336132.766,6299147.894
PJ1706,422,GCBD-56,6894,20,24,2025-11-01 20:05:45.340150,336132.766,6299147.894
PJ1588,B09,SHCY-11,634,0,2,2025-11-01 20:05:47.332402,335522.492,6305249.636
PF649,F15,LBTS-80,4522,12,16,2025-11-01 20:05:49.193345,352913.233,6280595.848
PC1252,C14,SKPP-14,1993,4,8,2025-11-01 20:05:50.952071,353967.22,6302640.16
PC1252,C14,SKPL-29,5355,15,19,2025-11-01 20:05:50.952076,353967.22,6302640.16
PI233,401,PFVG-54,2673,6,10,2025-11-01 20:06:23.710943,336758.983,6292046.826
PI233,401,PFVD-65,6338,18,22,2025-11-01 20:06:23.710948,336758.983,6292046.826
PI233,506v,FLXV-94,716,0,2,2025-11-01 20:06:23.710950,336758.983,6292046.826
PI233,506v,TBFR-53,6113,17,21,2025-11-01 20:06:23.710951,336758.983,6292046.826
PI233,405,PFVK-60,0,0,3,2025-11-01 20:06:23.710952,336758.983,6292046.826
PI233,405,PFTF-81,2770,7,11,2025-11-01 20:06:23.710953,336758.983,6292046.826
PI233,421,PFVD-62,427,0,3,2025-11-01 20:06:23.710954,336758.983,6292046.826
PI233,421,PGPS-89,7949,23,27,2025-11-01 20:06:23.710955,336758.983,6292046.826
PI233,110,SRTG-99,1086,0,3,2025-11-01 20:06:23.710956,336758.983,6292046.826
PI233,110,LZPH-36,2673,6,10,2025-11-01 20:06:23.710957,336758.983,6292046.826
PI233,111,BJFX-41,2339,5,9,2025-11-01 20:06:23.710958,336758.983,6292046.826
PI233,111,FLXY-36,9932,31,60,2025-11-01 20:06:23.710959,336758.983,6292046.826
PI233,I35,SDSW-94,0,0,3,2025-11-01 20:06:23.710960,336758.983,6292046.826
PI233,I35,SHXG-65,3913,10,14,2025-11-01 20:06:23.710961,336758.983,6292046.826
PI233,I09,RWRP-74,1195,0,4,2025-11-01 20:06:23.710962,336758.983,6292046.826
PI233,I09,FLXZ-12,4141,11,15,2025-11-01 20:06:23.710963,336758.983,6292046.826
PI233,506,GCBC-36,2506,14,18,2025-11-01 20:06:23.710965,336758.983,6292046.826
PI233,506,TBFW-66,6211,33,60,2025-11-01 20:06:23.710966,336758.983,6292046.826
PI233,106,PFVD-57,4825,13,17,2025-11-01 20:06:23.710967,336758.983,6292046.826
PJ1679,J04,TBFT-12,319,0,3,2025-11-01 20:06:25.497517,339095.26,6299029.309
PJ1679,J04,TBFW-91,3708,10,14,2025-11-01 20:06:25.497532,339095.26,6299029.309
PA471,510,GCBC-43,3747,10,14,2025-11-01 20:06:27.301101,345575.85,6297316.0
PA471,510,TBFR-23,12773,40,60,2025-11-01 20:06:27.301106,345575.85,6297316.0
PF237,F03,FLXG-78,5438,15,19,2025-11-01 20:06:29.284288,349896.529,6279075.875
PF237,F03,FLXG-88,11625,37,60,2025-11-01 20:06:29.284293,349896.529,6279075.875
PF237,F18,TXZH-40,1445,3,7,2025-11-01 20:06:29.284294,349896.529,6279075.875
PF237,209,VJYY-85,2411,6,10,2025-11-01 20:06:29.284295,349896.529,6279075.875
PF237,209,VJKR-64,6897,20,24,2025-11-01 20:06:29.284295,349896.529,6279075.875
PE1269,G15,THTF-75,5187,14,18,2025-11-01 20:23:46.715915,350788.47,6285095.91
PE1269,G15,THTD-56,8898,28,60,2025-11-01 20:23:46.715920,350788.47,6285095.91
PE1269,E12,VFKV-40,642,0,2,2025-11-01 20:23:46.715921,350788.47,6285095.91
PE1269,E16,VFJS-45,2049,4,8,2025-11-01 20:23:46.715922,350788.47,6285095.91
PE1269,E16,VJZL-72,4672,13,17,2025-11-01 20:23:46.715923,350788.47,6285095.91
PE1269,G04,SJPB-64,4151,11,15,2025-11-01 20:23:46.715924,350788.47,6285095.91
PE1269,G04,SDSW-72,7629,22,26,2025-11-01 20:23:46.715924,350788.47,6285095.91
PE1269,G01,THTD-22,6911,20,24,2025-11-01 20:23:46.715925,350788.47,6285095.91
PE1269,G01,THTD-82,9411,30,60,2025-11-01 20:23:46.715926,350788.47,6285095.91
PB1348,B19,SHCX-44,2507,6,10,2025-11-01 20:23:48.699148,343423.139,6306319.222
PJ883,514,GCBD-31,3959,11,15,2025-11-01 20:23:50.751226,340211.926,6297338.298
PJ883,514,FLXS-82,5648,16,20,2025-11-01 20:23:50.751231,340211.926,6297338.298
PJ883,J10,VJBB-30,1175,0,4,2025-11-01 20:23:50.751233,340211.926,6297338.298
PJ883,J19,VGTZ-15,1029,0,3,2025-11-01 20:23:50.751235,340211.926,6297338.298
PJ883,J19,VGTX-67,4274,11,15,2025-11-01 20:23:50.751235,340211.926,6297338.298
PC136,C05,LDTB-93,0,0,3,2025-11-01 20:23:52.745814,355702.752,6302324.412
PC136,401,PFVD-36,4484,12,16,2025-11-01 20:23:52.745819,355702.752,6302324.412
PA608,H13,CJRB-48,138,0,3,2025-11-01 20:23:54.741986,348675.63,6295928.173
PF313,F05,SPZY-45,1326,0,4,2025-11-01 20:23:56.753881,351663.814,6283565.181
PF313,F05,SRVL-29,3816,10,14,2025-11-01 20:23:56.753886,351663.814,6283565.181
PG134,209,VJKC-90,749,0,2,2025-11-01 20:23:58.748700,348773.062,6283628.976
PG134,209,VJLL-81,3184,8,12,2025-11-01 20:23:58.748705,348773.062,6283628.976
PG134,205,SXKV-88,88,0,3,2025-11-01 20:23:58.748706,348773.062,6283628.976
PG134,205,VFPS-94,1355,0,4,2025-11-01 20:23:58.748707,348773.062,6283628.976
PG134,207,VJXW-44,5006,14,18,2025-11-01 20:23:58.748708,348773.062,6283628.976
PG134,207,VJXV-82,7635,22,26,2025-11-01 20:23:58.748709,348773.062,6283628.976
PG1701,207,VJYW-75,5501,15,19,2025-11-01 20:24:00.728556,348983.523,6278254.749
PG1701,207,VJZB-15,10847,34,60,2025-11-01 20:24:00.728563,348983.523,6278254.749
PB1197,B12,SPCG-40,3406,9,13,2025-11-01 20:24:02.787919,342082.642,6310278.37
PB1197,B12,SKDJ-18,5677,16,20,2025-11-01 20:24:02.787924,342082.642,6310278.37
PD1290,412,PFTW-35,6061,17,21,2025-11-01 20:24:04.800539,357338.184,6298666.644
PD1290,412,PFVH-12,14543,46,60,2025-11-01 20:24:04.800544,357338.184,6298666.644
PD1290,D08,STPS-21,4665,13,17,2025-11-01 20:24:04.800546,357338.184,6298666.644
PD1290,D08,SVDD-74,12614,40,60,2025-11-01 20:24:04.800547,357338.184,6298666.644
PD1290,D18,SVDC-30,4368,12,16,2025-11-01 20:24:04.800548,357338.184,6298666.644
PD1290,D18,SVDD-66,9502,30,60,2025-11-01 20:24:04.800548,357338.184,6298666.644
PB1464,B26,FLXP-71,2778,7,11,2025-11-01 20:24:06.866977,343858.292,6302632.279
PB1464,B26,FLXP-76,7688,22,26,2025-11-01 20:24:06.866982,343858.292,6302632.279
PH270,302,BJFY-95,6530,19,23,2025-11-01 20:24:08.903785,345029.71,6291535.04
PE1391,D13,BJFW-68,6437,18,22,2025-11-01 20:24:10.944761,351568.567,6289821.347
PE1391,E05,FLXF-54,3430,9,13,2025-11-01 20:24:10.944767,351568.567,6289821.347
PE1391,E06,FLXJ-47,5589,16,20,2025-11-01 20:24:10.944768,351568.567,6289821.347
PE1391,E17,FLXT-36,882,0,3,2025-11-01 20:24:10.944769,351568.567,6289821.347
PJ257,505,VHZY-41,617,0,2,2025-11-01 20:24:12.987642,336121.865,6301377.497
PJ257,505,VHZW-60,2961,7,11,2025-11-01 20:24:12.987647,336121.865,6301377.497
PJ257,511,TBFS-58,127,0,3,2025-11-01 20:24:12.987648,336121.865,6301377.497
PG187,F13,SRRX-13,3447,9,13,2025-11-01 20:24:15.000201,348958.224,6277994.512
PG187,F13,SRPK-66,7414,21,25,2025-11-01 20:24:15.000206,348958.224,6277994.512
PG187,F33,LCTG-42,0,0,3,2025-11-01 20:24:15.000207,348958.224,6277994.512
PG187,F33,LCPG-38,6139,17,21,2025-11-01 20:24:15.000208,348958.224,6277994.512
PG187,207,VJYW-75,5708,16,20,2025-11-01 20:24:15.000209,348958.224,6277994.512
PG187,207,VJZB-15,11047,35,60,2025-11-01 20:24:15.000210,348958.224,6277994.512
PI901,I04,FLXD-79,243,0,3,2025-11-01 20:24:17.048280,341942.459,6294805.152
PI901,I04,FLXF-64,7325,21,25,2025-11-01 20:24:17.048286,341942.459,6294805.152
PI901,I17,FLXK-91,3462,9,13,2025-11-01 20:24:17.048288,341942.459,6294805.152
PI901,I17,VHSZ-39,3553,9,13,2025-11-01 20:24:17.048289,341942.459,6294805.152
PB1096,B09,SHCY-32,6800,19,23,2025-11-01 20:24:19.028314,339220.8,6303102.412
PB1096,B09,SHCY-39,9702,31,60,2025-11-01 20:24:19.028319,339220.8,6303102.412
PB1096,120,SPZX-42,4483,12,16,2025-11-01 20:24:19.028320,339220.8,6303102.412
PB1096,120,TXZH-33,9414,30,60,2025-11-01 20:24:19.028321,339220.8,6303102.412
PB1096,B29,LXDJ-20,2998,7,11,2025-11-01 20:24:19.028322,339220.8,6303102.412
PB1096,B29,SKHG-89,10418,33,60,2025-11-01 20:24:19.028323,339220.8,6303102.412
PF786,F16,SPRW-13,829,0,3,2025-11-01 20:24:21.041636,352891.965,6279113.503
PF786,F16,SPRY-45,6665,19,23,2025-11-01 20:24:21.041642,352891.965,6279113.503
PB107,B02,FLXR-79,2576,6,10,2025-11-01 20:24:23.076533,348594.581,6303353.926
PB107,B02,FLXR-81,5582,16,20,2025-11-01 20:24:23.076538,348594.581,6303353.926
PB107,107,PFYC-48,0,0,3,2025-11-01 20:24:23.076539,348594.581,6303353.926
PB107,107,PGBY-45,2849,7,11,2025-11-01 20:24:23.076540,348594.581,6303353.926
PB107,116,LDJJ-68,423,0,3,2025-11-01 20:24:23.076541,348594.581,6303353.926
PB107,116,HRKT-53,4044,11,15,2025-11-01 20:24:23.076541,348594.581,6303353.926
PD1412,418,SHXF-84,2644,6,10,2025-11-01 20:24:25.129685,355511.231,6295202.937
PD1412,418,PGBY-67,2894,7,11,2025-11-01 20:24:25.129690,355511.231,6295202.937
PD1412,425,SHXG-40,885,0,3,2025-11-01 20:24:25.129691,355511.231,6295202.937
PD1412,425,SJPB-36,1143,0,4,2025-11-01 20:24:25.129693,355511.231,6295202.937
PD1412,429,SLLZ-63,3897,10,14,2025-11-01 20:24:25.129694,355511.231,6295202.937
PD1412,429,SLLZ-26,6496,19,23,2025-11-01 20:24:25.129695,355511.231,6295202.937
PD1412,510,PFXB-11,2612,6,10,2025-11-01 20:24:25.129696,355511.231,6295202.937
PJ1963,J11,FLXG-36,1146,0,4,2025-11-01 20:24:27.154200,330463.2,6297397.53
PB2026,B24,TXZH-37,6807,19,23,2025-11-01 20:24:29.182076,342140.333,6303124.775
PB2026,B24,STHF-62,9777,31,60,2025-11-01 20:24:29.182081,342140.333,6303124.775
PE117,205,SXKV-88,2115,5,9,2025-11-01 20:24:31.218376,348133.575,6288940.926
PE117,205,VFPS-94,3654,10,14,2025-11-01 20:24:31.218381,348133.575,6288940.926
PE117,207,VJKD-10,2642,6,10,2025-11-01 20:24:31.218382,348133.575,6288940.926
PE117,207,VJKL-98,4896,13,17,2025-11-01 20:24:31.218383,348133.575,6288940.926
PE117,209,VJJX-17,843,0,3,2025-11-01 20:24:31.218383,348133.575,6288940.926
PE117,209,VJKC-90,2996,7,11,2025-11-01 20:24:31.218384,348133.575,6288940.926
PD864,425,SJPC-15,0,0,3,2025-11-01 20:24:35.164285,354965.124,6294737.007
PD864,425,SHXG-40,1763,4,8,2025-11-01 20:24:35.164289,354965.124,6294737.007
PD864,D05,SPBP-86,1926,4,8,2025-11-01 20:24:35.164291,354965.124,6294737.007
PA421,508,TBFT-56,3626,9,13,2025-11-01 20:24:36.692917,346678.71,6299164.47
PA421,508,FLXW-60,9709,31,60,2025-11-01 20:24:36.692922,346678.71,6299164.47
PA421,402,SKPH-70,2079,5,9,2025-11-01 20:24:36.692923,346678.71,6299164.47
PA421,402,PFYC-36,9868,31,60,2025-11-01 20:24:36.692924,346678.71,6299164.47
PA421,514,GCBD-17,6371,18,22,2025-11-01 20:24:36.692925,346678.71,6299164.47
PA421,514,LXWR-95,7268,21,25,2025-11-01 20:24:36.692926,346678.71,6299164.47
PA421,504,TBFR-77,1778,4,8,2025-11-01 20:24:36.692927,346678.71,6299164.47
PA421,504,GCBF-22,2274,5,9,2025-11-01 20:24:36.692928,346678.71,6299164.47
PA421,505,VJBB-20,1211,0,4,2025-11-01 20:24:36.692929,346678.71,6299164.47
PA421,505,VHZV-81,8083,26,60,2025-11-01 20:24:36.692929,346678.71,6299164.47
PJ1835,555,TBFR-14,1349,0,4,2025-11-01 20:24:38.727219,334555.0,6299432.0
PJ1835,418,PFYC-88,2921,7,11,2025-11-01 20:24:38.727224,334555.0,6299432.0
PJ1835,418,SJPF-44,10396,33,60,2025-11-01 20:24:38.727225,334555.0,6299432.0
PJ1835,428,SJPF-92,3889,10,14,2025-11-01 20:24:38.727226,334555.0,6299432.0
PJ1835,428,SKPK-41,8209,26,60,2025-11-01 20:24:38.727226,334555.0,6299432.0
PD307,D11,SVDF-54,0,0,3,2025-11-01 20:24:40.731775,355725.764,6298894.245
PD307,D11,SVDC-89,4483,12,16,2025-11-01 20:24:40.731779,355725.764,6298894.245
PD307,225,VFJK-37,0,0,3,2025-11-01 20:24:40.731781,355725.764,6298894.245
PB81,109,SZZH-70,0,0,3,2025-11-01 20:24:42.710104,341798.36,6302372.69
PB81,109,TBFX-37,4202,11,15,2025-11-01 20:24:42.710108,341798.36,6302372.69
PB81,410,SHXF-25,8861,28,60,2025-11-01 20:24:42.710109,341798.36,6302372.69
PB81,410,LFGJ-94,9684,31,60,2025-11-01 20:24:42.710110,341798.36,6302372.69
PB81,B03,SKHG-55,638,0,2,2025-11-01 20:24:42.710111,341798.36,6302372.69
PB81,B03,LXDJ-12,7606,22,26,2025-11-01 20:24:42.710112,341798.36,6302372.69
PB81,105,SJPD-96,268,0,3,2025-11-01 20:24:42.710113,341798.36,6302372.69
PB81,105,SHXG-34,2800,7,11,2025-11-01 20:24:42.710114,341798.36,6302372.69
PB81,120,SPZX-42,1569,3,7,2025-11-01 20:24:42.710115,341798.36,6302372.69
PB81,120,TXZH-33,6500,19,23,2025-11-01 20:24:42.710115,341798.36,6302372.69
PB81,B20,SPZX-41,11200,35,60,2025-11-01 20:24:42.710116,341798.36,6302372.69
PB81,B20,LXDJ-21,12820,40,60,2025-11-01 20:24:42.710117,341798.36,6302372.69
PB81,B29,SKHG-89,5891,17,21,2025-11-01 20:24:42.710118,341798.36,6302372.69
PB81,B29,LXDJ-16,13517,43,60,2025-11-01 20:24:42.710119,341798.36,6302372.69
PI1550,I21,FLXL-40,0,0,3,2025-11-01 20:24:46.689309,333436.815,6286261.331
PI1550,I21,FLXF-42,314,0,3,2025-11-01 20:24:46.689314,333436.815,6286261.331
PF1164,F26,SPVV-16,1014,0,3,2025-11-01 20:24:48.717771,357247.0,6281990.0
PF1164,F26,SPVT-70,9103,29,60,2025-11-01 20:24:48.717776,357247.0,6281990.0
PF189,712,SJPF-90,418,0,3,2025-11-01 20:24:50.733364,357624.235,6280203.357
PF189,712,LBTS-78,2030,4,8,2025-11-01 20:24:50.733370,357624.235,6280203.357
PF189,F01,SPVV-83,2246,5,9,2025-11-01 20:24:50.733371,357624.235,6280203.357
PF189,F01,SPVW-97,8932,28,60,2025-11-01 20:24:50.733372,357624.235,6280203.357
PF189,F24,SPVW-87,2707,7,11,2025-11-01 20:24:50.733373,357624.235,6280203.357
PF189,F24,SPRW-66,10993,35,60,2025-11-01 20:24:50.733374,357624.235,6280203.357
PF189,F29,SPVT-92,5440,15,19,2025-11-01 20:24:50.733375,357624.235,6280203.357
PF189,F29,SPVV-26,8952,28,60,2025-11-01 20:24:50.733377,357624.235,6280203.357
PG569,F06,SPZY-64,3414,9,13,2025-11-01 20:24:52.777937,345672.241,6285017.945
PF481,E08,VKJX-50,56,0,3,2025-11-01 20:24:54.774355,355646.689,6284684.032
PE632,F05,SPZX-59,1661,3,7,2025-11-01 20:24:56.821833,350414.615,6285604.636
PE632,F05,SPZY-78,6647,19,23,2025-11-01 20:24:56.821838,350414.615,6285604.636
PE632,E09,VKJZ-42,1157,0,4,2025-11-01 20:24:56.821839,350414.615,6285604.636
PE632,E11,VKJW-98,2550,6,10,2025-11-01 20:24:56.821840,350414.615,6285604.636
PE632,E13,VFKV-47,1217,0,4,2025-11-01 20:24:56.821841,350414.615,6285604.636
PE632,E13,VFKT-91,3542,9,13,2025-11-01 20:24:56.821842,350414.615,6285604.636
PE632,E16,VFJS-45,1218,0,4,2025-11-01 20:24:56.821843,350414.615,6285604.636
PE632,E16,VJZL-72,3881,10,14,2025-11-01 20:24:56.821843,350414.615,6285604.636
PA198,301,FLXK-47,0,0,3,2025-11-01 20:24:58.819997,346579.533,6297664.689
PA198,301,BJFT-71,7229,21,25,2025-11-01 20:24:58.820002,346579.533,6297664.689
PA198,229,SFWB-48,280,0,3,2025-11-01 20:24:58.820004,346579.533,6297664.689
PA198,229,SFWB-21,3297,8,12,2025-11-01 20:24:58.820005,346579.533,6297664.689
PG339,229,SFWZ-25,3881,10,14,2025-11-01 20:25:00.900416,347249.733,6287776.529
PG1631,105,LXDH-92,1341,0,4,2025-11-01 20:25:02.921232,341593.462,6288397.868
PE427,E03,FLXF-53,2156,5,9,2025-11-01 20:25:04.993420,350734.552,6289539.266
PE427,E03,FLXK-75,7389,21,25,2025-11-01 20:25:04.993425,350734.552,6289539.266
PG61,223,SFGY-74,2444,6,10,2025-11-01 20:25:07.023880,345455.498,6287834.638
PG61,201,GCBC-20,1016,0,3,2025-11-01 20:25:07.023885,345455.498,6287834.638
PG61,301,BJFW-95,1849,4,8,2025-11-01 20:25:07.023886,345455.498,6287834.638
PG61,G18,SHCV-31,8428,27,60,2025-11-01 20:25:07.023887,345455.498,6287834.638
PG61,G18,SFPG-46,8428,27,60,2025-11-01 20:25:07.023888,345455.498,6287834.638
PF86,210,LZRD-90,1235,0,4,2025-11-01 20:25:09.063470,353668.155,6280698.663
PF86,210,VFRF-95,7163,21,25,2025-11-01 20:25:09.063475,353668.155,6280698.663
PF86,F13,SRPK-66,105,0,3,2025-11-01 20:25:09.063476,353668.155,6280698.663
PF86,F13,SRPK-24,3332,9,13,2025-11-01 20:25:09.063478,353668.155,6280698.663
PF86,F16,SPRY-45,4080,11,15,2025-11-01 20:25:09.063479,353668.155,6280698.663
PF86,F10,SRRY-79,615,0,2,2025-11-01 20:25:09.063480,353668.155,6280698.663
PF86,F10,SRPJ-80,6493,19,23,2025-11-01 20:25:09.063481,353668.155,6280698.663
PF86,F15,STHC-95,3331,9,13,2025-11-01 20:25:09.063482,353668.155,6280698.663
PF86,124,SRVL-24,615,0,2,2025-11-01 20:25:09.063483,353668.155,6280698.663
PF86,124,TXZH-44,5318,15,19,2025-11-01 20:25:09.063484,353668.155,6280698.663
PF86,F25,SRVL-25,4199,11,15,2025-11-01 20:25:09.063485,353668.155,6280698.663
PF86,F25,SRVG-53,11621,37,60,2025-11-01 20:25:09.063494,353668.155,6280698.663
PF86,205,VFPS-56,3670,10,14,2025-11-01 20:25:09.063495,353668.155,6280698.663
PF86,205,VFRG-35,12899,41,60,2025-11-01 20:25:09.063496,353668.155,6280698.663
PF86,F01,SPVW-97,3065,8,12,2025-11-01 20:25:09.063497,353668.155,6280698.663
PE571,E08,VKJZ-36,782,0,2,2025-11-01 20:25:11.078092,352482.56,6288502.494
PE571,E08,VKJX-50,6094,17,21,2025-11-01 20:25:11.078097,352482.56,6288502.494
PI16,101,PGPT-15,3709,10,14,2025-11-01 20:25:13.105665,339992.678,6292573.493
PI16,101,PGPT-56,10533,33,60,2025-11-01 20:25:13.105670,339992.678,6292573.493
PC95,216,SFWZ-16,1247,0,4,2025-11-01 20:25:15.167775,354410.602,6301845.444
PC95,216,SFVZ-56,2309,5,9,2025-11-01 20:25:15.167781,354410.602,6301845.444
PC95,C07,SPCG-42,2876,7,11,2025-11-01 20:25:15.167782,354410.602,6301845.444
PC95,C07,SPCG-55,3375,9,13,2025-11-01 20:25:15.167783,354410.602,6301845.444
PB669,503,VGVF-75,959,0,3,2025-11-01 20:25:17.180774,347224.71,6299483.27
PB669,503,VGTX-34,2176,5,9,2025-11-01 20:25:17.180778,347224.71,6299483.27
PB669,542,FLXW-25,1385,0,4,2025-11-01 20:25:17.180780,347224.71,6299483.27
PB669,542,TBFP-85,9393,30,60,2025-11-01 20:25:17.180780,347224.71,6299483.27
PB669,409,SKWD-19,2350,5,9,2025-11-01 20:25:17.180781,347224.71,6299483.27
PB669,409,SKHL-35,7615,22,26,2025-11-01 20:25:17.180782,347224.71,6299483.27
PB669,502,GCBD-36,1033,0,3,2025-11-01 20:25:17.180783,347224.71,6299483.27
PB669,502,TBFX-48,6857,20,24,2025-11-01 20:25:17.180783,347224.71,6299483.27
PE115,E02,VKJX-29,2099,5,9,2025-11-01 20:25:19.171032,348241.695,6288024.596
PE115,E02,VKJX-86,8477,27,60,2025-11-01 20:25:19.171036,348241.695,6288024.596
PE115,205,SXKV-88,1731,4,8,2025-11-01 20:25:19.171038,348241.695,6288024.596
PE115,205,VFPS-94,3220,8,12,2025-11-01 20:25:19.171039,348241.695,6288024.596
PE115,207,VJKD-10,779,0,2,2025-11-01 20:25:19.171040,348241.695,6288024.596
PE115,207,VJKL-98,3187,8,12,2025-11-01 20:25:19.171041,348241.695,6288024.596
PE115,209,VJJX-17,375,0,3,2025-11-01 20:25:19.171042,348241.695,6288024.596
PE115,209,VJKC-90,2435,6,10,2025-11-01 20:25:19.171043,348241.695,6288024.596
PE115,G18,SFPF-93,0,0,3,2025-11-01 20:25:19.171044,348241.695,6288024.596
PE115,G18,SCRZ-11,2837,7,11,2025-11-01 20:25:19.171045,348241.695,6288024.596
PH39,102,FLXS-39,1528,3,7,2025-11-01 20:25:21.197116,344737.0,6292262.0
PH39,102,SPZX-93,3847,10,14,2025-11-01 20:25:21.197121,344737.0,6292262.0
PH39,107,PFYC-21,851,0,3,2025-11-01 20:25:21.197123,344737.0,6292262.0
PH39,107,PGTV-28,1818,4,8,2025-11-01 20:25:21.197124,344737.0,6292262.0
PH39,108,PFVD-37,3174,8,12,2025-11-01 20:25:21.197125,344737.0,6292262.0
PH39,108,PGPT-48,7361,21,25,2025-11-01 20:25:21.197126,344737.0,6292262.0
PJ15,101,PGPT-56,4178,11,15,2025-11-01 20:25:23.210737,341302.36,6297988.72
PJ15,101,PGPT-38,9260,29,60,2025-11-01 20:25:23.210743,341302.36,6297988.72
PJ15,107,PGRZ-92,3342,9,13,2025-11-01 20:25:23.210745,341302.36,6297988.72
PJ15,107,PGRZ-93,4562,12,16,2025-11-01 20:25:23.210746,341302.36,6297988.72
PJ817,444,SKPK-44,2365,5,9,2025-11-01 20:25:27.203265,335236.353,6299742.227
PJ817,444,SKPK-35,8042,23,27,2025-11-01 20:25:27.203271,335236.353,6299742.227
PJ817,J02,VHZX-50,1718,3,7,2025-11-01 20:25:27.203272,335236.353,6299742.227
PJ817,J02,VHXD-47,11777,37,60,2025-11-01 20:25:27.203273,335236.353,6299742.227
PJ817,418,LXWP-77,1006,0,3,2025-11-01 20:25:27.203274,335236.353,6299742.227
PJ817,418,LXWP-61,1889,4,8,2025-11-01 20:25:27.203275,335236.353,6299742.227
PJ817,J07,VHZY-40,1767,4,8,2025-11-01 20:25:27.203276,335236.353,6299742.227
PJ817,J07,VJBB-31,8018,23,27,2025-11-01 20:25:27.203277,335236.353,6299742.227
PB1723,B27,FLXT-90,7195,21,25,2025-11-01 20:25:29.180824,344844.857,6304015.196
PB1723,B27,FLXT-73,8464,27,60,2025-11-01 20:25:29.180830,344844.857,6304015.196
PD512,505,VJBC-50,1862,4,8,2025-11-01 20:25:31.167730,355241.786,6295768.147
PD512,516,GCBC-62,0,0,3,2025-11-01 20:25:31.167734,355241.786,6295768.147
PD512,D03,SVDC-87,2658,6,10,2025-11-01 20:25:31.167735,355241.786,6295768.147
PH618,H08,FLXJ-29,896,0,3,2025-11-01 20:25:33.207123,341796.788,6289145.136
PH618,H12,BJFZ-36,4530,12,16,2025-11-01 20:25:33.207128,341796.788,6289145.136
PH618,H12,FLXD-78,11059,35,60,2025-11-01 20:25:33.207129,341796.788,6289145.136
PC142,C03,LWTK-53,1788,4,8,2025-11-01 20:25:35.192471,356292.126,6303924.681
PC142,C03,SGPY-60,2503,6,10,2025-11-01 20:25:35.192476,356292.126,6303924.681
PC142,C05,LDTB-93,1489,3,7,2025-11-01 20:25:35.192477,356292.126,6303924.681
PC142,C13,SJPB-27,1523,3,7,2025-11-01 20:25:35.192478,356292.126,6303924.681
PC142,D11,SVDC-82,543,0,2,2025-11-01 20:25:35.192479,356292.126,6303924.681
PC142,D11,SVDF-54,4301,12,16,2025-11-01 20:25:35.192480,356292.126,6303924.681
PC142,225,VFJK-22,1570,3,7,2025-11-01 20:25:35.192480,356292.126,6303924.681
PC142,225,VFJK-37,6293,18,22,2025-11-01 20:25:35.192481,356292.126,6303924.681
PC142,C16,LDTB-95,1895,4,8,2025-11-01 20:25:35.192482,356292.126,6303924.681
PC142,C16,LDTG-62,3206,8,12,2025-11-01 20:25:35.192483,356292.126,6303924.681
PJ600,J01,FLXH-87,2394,6,10,2025-11-01 20:25:37.168369,340996.416,6301633.375
PJ600,J01,TBFR-41,4348,12,16,2025-11-01 20:25:37.168374,340996.416,6301633.375
PJ600,J16,FLXG-29,747,0,2,2025-11-01 20:25:37.168375,340996.416,6301633.375
PJ600,J16,TBFW-82,9119,29,60,2025-11-01 20:25:37.168376,340996.416,6301633.375
PE69,233,SFPG-68,2890,7,11,2025-11-01 20:25:39.202339,348107.695,6289170.785
PE69,233,SHCV-27,3373,9,13,2025-11-01 20:25:39.202344,348107.695,6289170.785
PE69,203,VJXC-42,137,0,3,2025-11-01 20:25:39.202345,348107.695,6289170.785
PE69,203,SFWZ-82,478,0,2,2025-11-01 20:25:39.202346,348107.695,6289170.785
PE69,206,FLXX-75,1302,0,4,2025-11-01 20:25:39.202346,348107.695,6289170.785
PE69,206,FLXW-70,5733,16,20,2025-11-01 20:25:39.202347,348107.695,6289170.785
PE69,212,VJKG-25,3159,8,12,2025-11-01 20:25:39.202348,348107.695,6289170.785
PB694,B01,SPZX-56,8189,26,60,2025-11-01 20:25:42.003738,342685.692,6303791.199
PB694,B01,SJTD-57,13352,42,60,2025-11-01 20:25:42.003743,342685.692,6303791.199
PA291,119,FLXJ-11,682,0,2,2025-11-01 20:25:44.899397,345105.21,6296938.56
PA291,121,FLXK-53,2890,7,11,2025-11-01 20:25:44.899403,345105.21,6296938.56
PJ872,J08,TBFW-98,5417,15,19,2025-11-01 20:25:46.774616,336227.291,6296809.467
PJ872,J08,FLXV-62,10002,32,60,2025-11-01 20:25:46.774621,336227.291,6296809.467
PJ503,508,GCBC-80,3474,9,13,2025-11-01 20:25:48.491142,342591.5,6299331.518
PJ503,508,FLXS-65,4336,12,16,2025-11-01 20:25:48.491147,342591.5,6299331.518
PJ503,J03,TBFR-12,2594,6,10,2025-11-01 20:25:48.491148,342591.5,6299331.518
PJ503,J03,TBFX-22,5807,16,20,2025-11-01 20:25:48.491149,342591.5,6299331.518
PC1272,C27,SKJP-39,1321,0,4,2025-11-01 20:25:52.570868,359860.87,6303604.66
PC1272,C27,SJPD-57,6526,19,23,2025-11-01 20:25:52.570874,359860.87,6303604.66
PC1272,421,PFYR-95,4577,12,16,2025-11-01 20:25:52.570876,359860.87,6303604.66
PC1272,421,PFVG-60,6068,17,21,2025-11-01 20:25:52.570878,359860.87,6303604.66
PA300,503,VGTX-46,110,0,3,2025-11-01 20:25:54.576623,346251.461,6299460.066
PA300,503,VGVB-47,4831,13,17,2025-11-01 20:25:54.576628,346251.461,6299460.066
PA300,509,CJRX-40,3443,9,13,2025-11-01 20:25:54.576629,346251.461,6299460.066
PA300,509,FLXX-94,5153,14,18,2025-11-01 20:25:54.576630,346251.461,6299460.066
PA300,404,PFYC-13,3804,10,14,2025-11-01 20:25:54.576631,346251.461,6299460.066
PA300,404,PFYC-46,8514,27,60,2025-11-01 20:25:54.576632,346251.461,6299460.066
PA300,517,VJBC-70,4831,13,17,2025-11-01 20:25:54.576634,346251.461,6299460.066
PA300,517,VJJV-28,9340,29,60,2025-11-01 20:25:54.576635,346251.461,6299460.066
PA300,502,BJFD-46,3788,10,14,2025-11-01 20:25:54.576636,346251.461,6299460.066
PA300,502,TBFX-29,9822,31,60,2025-11-01 20:25:54.576636,346251.461,6299460.066
PE307,F25,SRVG-53,4778,13,17,2025-11-01 20:25:56.584611,353424.265,6286280.89
PE307,E01,VKJX-56,2668,6,10,2025-11-01 20:25:56.584617,353424.265,6286280.89
PE307,E01,VKJX-76,6771,19,23,2025-11-01 20:25:56.584618,353424.265,6286280.89
PE365,E03,BJFV-18,850,0,3,2025-11-01 20:25:58.612302,348102.924,6288943.224
PE365,E03,BJFT-89,1486,3,7,2025-11-01 20:25:58.612308,348102.924,6288943.224
PJ692,J04,TBFT-12,0,0,3,2025-11-01 20:26:00.632503,339104.113,6298648.173
PH626,H12,FLXF-22,5217,14,18,2025-11-01 20:26:02.625243,345585.702,6293180.998
PH626,H09,VGRD-55,5142,14,18,2025-11-01 20:26:02.625249,345585.702,6293180.998
PG1658,233,SFGY-84,4038,11,15,2025-11-01 20:26:04.613148,348755.905,6283652.548
PG1658,233,SHCX-20,7322,21,25,2025-11-01 20:26:04.613153,348755.905,6283652.548
PG1658,205,VFRG-35,4374,12,16,2025-11-01 20:26:04.613155,348755.905,6283652.548
PG1658,205,VFRB-67,9778,31,60,2025-11-01 20:26:04.613155,348755.905,6283652.548
PF283,F14,SPRY-60,3085,8,12,2025-11-01 20:26:06.660885,355654.125,6282926.326
PF283,124,LCTG-44,449,0,3,2025-11-01 20:26:06.660890,355654.125,6282926.326
PF283,124,SPZX-70,7075,20,24,2025-11-01 20:26:06.660891,355654.125,6282926.326
PG557,F03,SPVT-78,8733,28,60,2025-11-01 20:26:08.687525,347935.188,6278365.746
PG557,F03,SPVW-78,14242,45,60,2025-11-01 20:26:08.687530,347935.188,6278365.746
PI798,I07,VHSX-82,2741,7,11,2025-11-01 20:26:10.695416,333097.325,6290302.126
PI798,I07,VFZK-51,6860,20,24,2025-11-01 20:26:10.695421,333097.325,6290302.126
PI798,348,VHTB-70,5552,16,20,2025-11-01 20:26:10.695423,333097.325,6290302.126
PI798,348,VHSY-42,13635,43,60,2025-11-01 20:26:10.695424,333097.325,6290302.126
PI798,I02,FLXZ-36,1865,4,8,2025-11-01 20:26:10.695425,333097.325,6290302.126
PI798,I02,FLXZ-40,11598,37,60,2025-11-01 20:26:10.695426,333097.325,6290302.126
PB750,B02,FLXR-79,1503,3,7,2025-11-01 20:26:12.721441,349167.66,6304959.59
PB750,B02,FLXR-80,4269,11,15,2025-11-01 20:26:12.721446,349167.66,6304959.59
PI487,506,GCBF-27,1712,5,9,2025-11-01 20:26:14.711014,334836.335,6287856.669
PI487,419,PFYR-63,3895,10,14,2025-11-01 20:26:14.711020,334836.335,6287856.669
PI363,428,SHCY-52,3491,9,13,2025-11-01 20:26:16.672757,339369.777,6291362.861
PI363,428,SHCY-99,6771,19,23,2025-11-01 20:26:16.672763,339369.777,6291362.861
PI363,444,SKPK-32,7238,21,25,2025-11-01 20:26:16.672764,339369.777,6291362.861
PB323,208,VJYH-63,2375,6,10,2025-11-01 20:26:18.685314,347194.721,6301958.624
PB323,208,VJKX-78,6224,18,22,2025-11-01 20:26:18.685319,347194.721,6301958.624
PB323,203,SFVZ-29,797,0,3,2025-11-01 20:26:18.685320,347194.721,6301958.624
PB323,203,VJKT-83,793,0,3,2025-11-01 20:26:18.685321,347194.721,6301958.624
PD300,403,SKPK-26,615,0,2,2025-11-01 20:26:20.739534,356282.906,6297670.465
PD300,D01,SVDD-87,5058,14,18,2025-11-01 20:26:20.739539,356282.906,6297670.465
PD300,D01,SVDC-99,7621,22,26,2025-11-01 20:26:20.739540,356282.906,6297670.465
PD300,422,PFXB-74,3121,8,12,2025-11-01 20:26:20.739541,356282.906,6297670.465
PD300,422,TBFT-50,4588,12,16,2025-11-01 20:26:20.739542,356282.906,6297670.465
PH684,H13,BJFZ-45,3869,10,14,2025-11-01 20:26:22.742371,344373.156,6290768.284
PH684,I05,VHSZ-49,1889,4,8,2025-11-01 20:26:22.742377,344373.156,6290768.284
PE269,226,VFPG-91,3075,8,12,2025-11-01 20:26:24.784369,349169.971,6289032.977
PE269,226,VFPL-46,5535,16,20,2025-11-01 20:26:24.784374,349169.971,6289032.977
PE269,E18,BJFV-89,7584,22,26,2025-11-01 20:26:24.784375,349169.971,6289032.977
PE269,E12,VFJL-41,5063,14,18,2025-11-01 20:26:24.784376,349169.971,6289032.977
PE269,E12,VFJT-26,8585,27,60,2025-11-01 20:26:24.784376,349169.971,6289032.977
PH704,I05,VHSX-74,2717,7,11,2025-11-01 20:26:26.759673,342547.741,6289822.422
PH704,I05,VHSZ-49,6109,17,21,2025-11-01 20:26:26.759678,342547.741,6289822.422
PG143,216,SFVZ-49,3851,10,14,2025-11-01 20:26:28.747280,347970.666,6283617.197
PG143,216,VJWZ-74,5759,16,20,2025-11-01 20:26:28.747285,347970.666,6283617.197
PD1266,D18,SVDD-53,3618,9,13,2025-11-01 20:26:31.875855,352208.274,6298295.735
PD1266,D18,SPBS-69,11281,36,60,2025-11-01 20:26:31.875861,352208.274,6298295.735
PC740,712,SHXG-95,167,0,3,2025-11-01 20:26:33.682913,351777.565,6304872.779
PD1609,H24,VGRB-24,608,0,2,2025-11-01 20:26:35.388668,349510.89,6293675.57
PC741,712,SHXG-95,640,0,2,2025-11-01 20:26:36.893094,352119.289,6305200.649
PJ1998,J16,FLXV-52,1564,3,7,2025-11-01 20:26:38.907700,338874.95,6300986.89
PJ1998,J16,FLXG-29,2742,7,11,2025-11-01 20:26:38.907705,338874.95,6300986.89
PJ158,J07e,VHZY-10,4427,12,16,2025-11-01 20:26:40.918910,336369.94,6298276.67
PJ158,406,PFXB-41,5727,16,20,2025-11-01 20:26:40.918916,336369.94,6298276.67
PJ158,406,PFXC-78,8716,28,60,2025-11-01 20:26:40.918917,336369.94,6298276.67
PJ158,407,FLXV-86,3763,10,14,2025-11-01 20:26:40.918918,336369.94,6298276.67
PJ158,407,PFXC-71,8279,26,60,2025-11-01 20:26:40.918919,336369.94,6298276.67
PJ158,426,BJFD-41,6778,19,23,2025-11-01 20:26:40.918919,336369.94,6298276.67
PJ158,426,BJFF-52,12113,38,60,2025-11-01 20:26:40.918920,336369.94,6298276.67
PJ158,422,PFXB-15,4712,13,17,2025-11-01 20:26:40.918921,336369.94,6298276.67
PJ158,422,GCBD-95,5824,16,20,2025-11-01 20:26:40.918922,336369.94,6298276.67
PJ158,402,PFYC-36,1529,3,7,2025-11-01 20:26:40.918923,336369.94,6298276.67
PJ158,402,PFTW-36,7250,21,25,2025-11-01 20:26:40.918924,336369.94,6298276.67
PJ158,J07,VJJV-13,1766,4,8,2025-11-01 20:26:40.918924,336369.94,6298276.67
PC353,C13,SHXF-94,1460,3,7,2025-11-01 20:26:42.917358,359351.656,6306565.795
PC353,C01c,PGRZ-90,7317,21,25,2025-11-01 20:26:42.917364,359351.656,6306565.795
PC353,C01c,PGLD-75,8608,27,60,2025-11-01 20:26:42.917366,359351.656,6306565.795
PC353,411,SPBP-32,5041,14,18,2025-11-01 20:26:42.917367,359351.656,6306565.795
PC353,411,PFZK-92,11667,37,60,2025-11-01 20:26:42.917368,359351.656,6306565.795
PC353,C01,LDJJ-85,194,0,3,2025-11-01 20:26:42.917369,359351.656,6306565.795
PC353,C01,LCSX-54,5818,16,20,2025-11-01 20:26:42.917370,359351.656,6306565.795
PC353,C05,LDTC-16,596,0,2,2025-11-01 20:26:42.917371,359351.656,6306565.795
PC353,C05,LDTB-93,4630,13,17,2025-11-01 20:26:42.917372,359351.656,6306565.795
PB1923,425,SJPB-19,351,0,3,2025-11-01 20:26:44.420041,338910.337,6306889.446
PB1923,425,SGPY-77,3949,10,14,2025-11-01 20:26:44.420047,338910.337,6306889.446
PB1923,429,SLPC-48,2286,5,9,2025-11-01 20:26:44.420048,338910.337,6306889.446
PB1923,429,SLGT-38,14203,45,60,2025-11-01 20:26:44.420049,338910.337,6306889.446
PB1923,430,SKPK-60,6129,17,21,2025-11-01 20:26:44.420050,338910.337,6306889.446
PB1923,430,PFYC-82,12199,39,60,2025-11-01 20:26:44.420050,338910.337,6306889.446
PB1923,435,SLGT-13,5695,16,20,2025-11-01 20:26:44.420051,338910.337,6306889.446
PB1923,435,SLPC-51,14101,45,60,2025-11-01 20:26:44.420052,338910.337,6306889.446
PB1923,B11,SKDG-40,7718,22,26,2025-11-01 20:26:44.420053,338910.337,6306889.446
PB1923,B11,SKDJ-31,8843,28,60,2025-11-01 20:26:44.420054,338910.337,6306889.446
PB1923,B21,SKDG-24,2415,6,10,2025-11-01 20:26:44.420055,338910.337,6306889.446
PB1923,B21,SKDJ-94,8650,27,60,2025-11-01 20:26:44.420055,338910.337,6306889.446
PB1923,308c,TWPD-79,863,0,3,2025-11-01 20:26:44.420056,338910.337,6306889.446
PB1923,B12,SPCG-35,133,0,3,2025-11-01 20:26:44.420057,338910.337,6306889.446
PB1923,B12,SKDG-85,426,0,3,2025-11-01 20:26:44.420058,338910.337,6306889.446
PB1923,308,FLXH-40,4730,13,17,2025-11-01 20:26:44.420059,338910.337,6306889.446
PB1923,308,FLXJ-94,9508,30,60,2025-11-01 20:26:44.420068,338910.337,6306889.446
PH127,223,SFPG-67,1933,4,8,2025-11-01 20:26:46.517705,346282.372,6291623.119
PH127,223,SFGY-74,6015,17,21,2025-11-01 20:26:46.517710,346282.372,6291623.119
PH127,H05,VFPJ-53,2602,6,10,2025-11-01 20:26:46.517712,346282.372,6291623.119
PH127,H14,FLXP-46,2734,7,11,2025-11-01 20:26:46.517713,346282.372,6291623.119
PH127,H14,FLXR-47,7273,21,25,2025-11-01 20:26:46.517714,346282.372,6291623.119
PH127,201,GCBC-20,3162,8,12,2025-11-01 20:26:46.517715,346282.372,6291623.119
PH127,301,BJFT-71,0,0,3,2025-11-01 20:26:46.517716,346282.372,6291623.119
PH127,301,BJFW-95,5577,16,20,2025-11-01 20:26:46.517717,346282.372,6291623.119
PH127,226,VGKY-72,2665,6,10,2025-11-01 20:26:46.517718,346282.372,6291623.119
PH127,226,VFPG-91,6560,19,23,2025-11-01 20:26:46.517719,346282.372,6291623.119
PH127,229,SFWB-21,129,0,3,2025-11-01 20:26:46.517720,346282.372,6291623.119
PH127,229,SFWZ-83,1416,0,4,2025-11-01 20:26:46.517721,346282.372,6291623.119
PG657,G01,THTD-82,1647,3,7,2025-11-01 20:26:48.519237,345052.634,6289371.679
PG657,G01,THTD-41,5646,16,20,2025-11-01 20:26:48.519242,345052.634,6289371.679
PG657,329,FLXR-21,4627,13,17,2025-11-01 20:26:48.519244,345052.634,6289371.679
PI1068,I10,FLXL-46,5150,14,18,2025-11-01 20:26:50.479339,340936.286,6295083.883
PI1068,I10,FLXJ-16,12489,39,60,2025-11-01 20:26:50.479344,340936.286,6295083.883
PG1648,G07,THTD-88,3262,8,12,2025-11-01 20:26:52.555734,339313.515,6276708.926
PG1648,G07,THTG-76,3493,9,13,2025-11-01 20:26:52.555739,339313.515,6276708.926
PB1855,B02,FLXR-79,215,0,3,2025-11-01 20:26:54.594096,348697.33,6305836.19
PB1855,B02,FLXR-81,2576,6,10,2025-11-01 20:26:54.594101,348697.33,6305836.19
PD240,517,VHZZ-50,1163,0,4,2025-11-01 20:26:56.666689,355309.861,6299011.246
PD240,517,VHZW-41,9872,31,60,2025-11-01 20:26:56.666694,355309.861,6299011.246
PD240,D11,STVX-63,3550,9,13,2025-11-01 20:26:56.666695,355309.861,6299011.246
PD240,D11,SVDC-18,4567,12,16,2025-11-01 20:26:56.666696,355309.861,6299011.246
PD240,225,VFHX-52,1312,0,4,2025-11-01 20:26:56.666696,355309.861,6299011.246
PD240,225,VFKS-68,6358,18,22,2025-11-01 20:26:56.666697,355309.861,6299011.246
PD953,D07,SVDC-79,4971,14,18,2025-11-01 20:26:58.668321,350263.53,6293444.757
PD953,D14,PGBS-47,234,0,3,2025-11-01 20:26:58.668326,350263.53,6293444.757
PB161,116,LDJJ-80,805,0,3,2025-11-01 20:27:00.692888,346913.127,6299951.733
PB161,116,LDJJ-68,6660,19,23,2025-11-01 20:27:00.692894,346913.127,6299951.733
PB161,B03,LXDJ-12,883,0,3,2025-11-01 20:27:00.692895,346913.127,6299951.733
PB161,B03,LXDJ-24,2088,5,9,2025-11-01 20:27:00.692896,346913.127,6299951.733
PB161,203,SFWZ-82,4780,13,17,2025-11-01 20:27:00.692897,346913.127,6299951.733
PB161,203,VJXC-42,4620,13,17,2025-11-01 20:27:00.692898,346913.127,6299951.733
PB161,208,VJYH-63,261,0,3,2025-11-01 20:27:00.692899,346913.127,6299951.733
PB161,208,VJKX-78,4187,11,15,2025-11-01 20:27:00.692900,346913.127,6299951.733
PD850,D05,SPBG-34,1188,0,4,2025-11-01 20:27:02.947894,353160.404,6295311.675
PD850,D05,SPBS-64,5339,15,19,2025-11-01 20:27:02.947900,353160.404,6295311.675
PD850,D07,SVDC-74,3104,8,12,2025-11-01 20:27:02.947901,353160.404,6295311.675
PD850,D07,SVDC-79,9997,32,60,2025-11-01 20:27:02.947902,353160.404,6295311.675
PG453,G12,SHXB-37,2062,5,9,2025-11-01 20:27:05.007700,345408.774,6289553.315
PG453,G12,SCRZ-29,2128,5,9,2025-11-01 20:27:05.007705,345408.774,6289553.315
PH208,210,VGBV-35,1976,4,8,2025-11-01 20:27:07.027720,349195.43,6294826.17
PH208,210,VFPC-69,3788,10,14,2025-11-01 20:27:07.027725,349195.43,6294826.17
PH208,210v,VFPV-53,721,0,2,2025-11-01 20:27:07.027726,349195.43,6294826.17
PH208,210v,VGBX-48,3546,9,13,2025-11-01 20:27:07.027727,349195.43,6294826.17
PH119,226,VFPZ-78,138,0,3,2025-11-01 20:27:09.069344,346254.287,6291612.911
PH119,226,VFPJ-68,1800,4,8,2025-11-01 20:27:09.069349,346254.287,6291612.911
PH119,229,SFWZ-23,354,0,3,2025-11-01 20:27:09.069350,346254.287,6291612.911
PH119,229,VJKZ-78,1947,4,8,2025-11-01 20:27:09.069351,346254.287,6291612.911
PH119,223,SHCV-48,3102,8,12,2025-11-01 20:27:09.069352,346254.287,6291612.911
PH119,223,SFGY-75,6407,18,22,2025-11-01 20:27:09.069352,346254.287,6291612.911
PH119,201,GCBB-52,1726,3,7,2025-11-01 20:27:09.069353,346254.287,6291612.911
PH119,201,GCBB-34,5326,15,19,2025-11-01 20:27:09.069354,346254.287,6291612.911
PH119,214,FLXZ-99,1684,3,7,2025-11-01 20:27:09.069355,346254.287,6291612.911
PH119,214,GCBB-70,1740,3,7,2025-11-01 20:27:09.069356,346254.287,6291612.911
PE339,E02,VKJY-49,5120,14,18,2025-11-01 20:27:11.143082,354558.394,6285458.228
PE339,E02,VKJX-31,6277,18,22,2025-11-01 20:27:11.143087,354558.394,6285458.228
PE339,E08,VKJZ-57,254,0,3,2025-11-01 20:27:11.143089,354558.394,6285458.228
PE339,E08,VKJX-64,611,0,2,2025-11-01 20:27:11.143090,354558.394,6285458.228
PE339,E09,VKJX-59,830,0,3,2025-11-01 20:27:11.143091,354558.394,6285458.228
PE339,E09,VKJZ-42,6363,18,22,2025-11-01 20:27:11.143092,354558.394,6285458.228
PE339,E11,VKJX-38,543,0,2,2025-11-01 20:27:11.143093,354558.394,6285458.228
PE339,E11,VKJX-74,2751,7,11,2025-11-01 20:27:11.143094,354558.394,6285458.228
PE312,E01,VKJX-56,3469,9,13,2025-11-01 20:27:13.174159,354730.972,6286358.665
PE312,E01,VKJX-76,7492,22,26,2025-11-01 20:27:13.174165,354730.972,6286358.665
PE312,E14,VKJY-89,3740,10,14,2025-11-01 20:27:13.174166,354730.972,6286358.665
PD195,210v,VFPZ-55,1337,0,4,2025-11-01 20:27:15.252352,349953.0,6291969.0
PD195,210v,VFPF-61,5130,14,18,2025-11-01 20:27:15.252357,349953.0,6291969.0
PD195,210,VGBW-48,3091,8,12,2025-11-01 20:27:15.252358,349953.0,6291969.0
PD195,210,VFRD-85,6956,20,24,2025-11-01 20:27:15.252359,349953.0,6291969.0
PB1930,308,FLXH-36,0,0,3,2025-11-01 20:27:17.245293,338109.386,6307165.967
PB2008,B33,SHXF-20,5626,16,20,2025-11-01 20:27:19.595771,340218.0,6310990.0
PA28,303,FLXF-45,5586,16,20,2025-11-01 20:27:21.581179,346002.939,6298071.858
PA28,303,FLXF-33,12949,41,60,2025-11-01 20:27:21.581184,346002.939,6298071.858
PA28,314,TWPC-93,6400,18,22,2025-11-01 20:27:21.581186,346002.939,6298071.858
PA28,314,TWPC-56,10188,32,60,2025-11-01 20:27:21.581187,346002.939,6298071.858
PA28,106,PFVD-57,9904,31,60,2025-11-01 20:27:21.581188,346002.939,6298071.858
PA28,106,PFVC-58,14733,47,60,2025-11-01 20:27:21.581189,346002.939,6298071.858
PA28,419,PFVH-97,6899,20,24,2025-11-01 20:27:21.581190,346002.939,6298071.858
PA28,419,PFVD-64,15053,48,60,2025-11-01 20:27:21.581191,346002.939,6298071.858
PA28,404,PFYC-13,955,0,3,2025-11-01 20:27:21.581192,346002.939,6298071.858
PA28,404,PFYC-46,5956,17,21,2025-11-01 20:27:21.581193,346002.939,6298071.858
PA28,423,PFYS-49,501,0,2,2025-11-01 20:27:21.581194,346002.939,6298071.858
PA28,423,PFYS-50,11932,38,60,2025-11-01 20:27:21.581195,346002.939,6298071.858
PA28,424,FLXW-46,7368,21,25,2025-11-01 20:27:21.581196,346002.939,6298071.858
PA28,518,TBFT-92,121,0,3,2025-11-01 20:27:21.581197,346002.939,6298071.858
PA28,518,GCBD-27,2335,5,9,2025-11-01 20:27:21.581198,346002.939,6298071.858
PA28,315e,TWPD-60,415,0,3,2025-11-01 20:27:21.581199,346002.939,6298071.858
PA28,315e,VHSZ-46,12113,38,60,2025-11-01 20:27:21.581199,346002.939,6298071.858
PI389,421,PGPT-44,3434,9,13,2025-11-01 20:27:23.351354,337859.242,6293913.599
PI389,421,PFYT-20,9583,30,60,2025-11-01 20:27:23.351359,337859.242,6293913.599
PI389,I08,FLXY-69,1667,3,7,2025-11-01 20:27:23.351362,337859.242,6293913.599
PI389,I08,FLXZ-73,5527,15,19,2025-11-01 20:27:23.351363,337859.242,6293913.599
PI389,I09,FLXY-82,4320,12,16,2025-11-01 20:27:23.351364,337859.242,6293913.599
PI389,106,PFVD-57,482,0,2,2025-11-01 20:27:23.351365,337859.242,6293913.599
PI389,106,PFVC-58,5312,15,19,2025-11-01 20:27:23.351366,337859.242,6293913.599
PI389,419,PFVD-64,5632,16,20,2025-11-01 20:27:23.351367,337859.242,6293913.599
PI389,419,PFYR-63,12154,38,60,2025-11-01 20:27:23.351367,337859.242,6293913.599
PI389,401,PFVD-65,1931,4,8,2025-11-01 20:27:23.351368,337859.242,6293913.599
PI389,401,PGPT-45,6656,19,23,2025-11-01 20:27:23.351369,337859.242,6293913.599
PI389,506,TBFW-66,2913,12,16,2025-11-01 20:27:23.351370,337859.242,6293913.599
PI389,506,PFXB-98,7173,36,60,2025-11-01 20:27:23.351371,337859.242,6293913.599
PI389,506v,TBFR-53,3493,9,13,2025-11-01 20:27:23.351372,337859.242,6293913.599
PI389,506v,TBFV-23,7198,21,25,2025-11-01 20:27:23.351373,337859.242,6293913.599
PI389,405,PFTF-89,3434,9,13,2025-11-01 20:27:23.351374,337859.242,6293913.599
PI389,405,PFVK-99,8022,23,27,2025-11-01 20:27:23.351375,337859.242,6293913.599
PB1019,B43,SGPY-91,1921,4,8,2025-11-01 20:27:29.415086,339903.531,6308284.644
PB1019,B43,SJPC-16,9805,31,60,2025-11-01 20:27:29.415091,339903.531,6308284.644
PA89,B27,FLXS-31,3295,8,12,2025-11-01 20:27:31.421240,346725.55,6299205.86
PA89,B27,FLXT-89,3795,10,14,2025-11-01 20:27:31.421245,346725.55,6299205.86
PA89,402,SKPH-70,1588,3,7,2025-11-01 20:27:31.421246,346725.55,6299205.86
PA89,402,SHXD-85,6036,17,21,2025-11-01 20:27:31.421247,346725.55,6299205.86
PA89,404,PFYC-13,4033,11,15,2025-11-01 20:27:31.421248,346725.55,6299205.86
PA89,404,PFYC-46,9062,29,60,2025-11-01 20:27:31.421249,346725.55,6299205.86
PA89,517,VJBC-70,4369,12,16,2025-11-01 20:27:31.421249,346725.55,6299205.86
PA89,517,VJJV-28,9888,31,60,2025-11-01 20:27:31.421250,346725.55,6299205.86
PA89,307,TWPC-94,2797,7,11,2025-11-01 20:27:31.421251,346725.55,6299205.86
PA89,307,VHSY-11,8201,26,60,2025-11-01 20:27:31.421252,346725.55,6299205.86
PG1161,G12,SDSW-67,1432,3,7,2025-11-01 20:27:33.458191,344481.245,6289294.699
PG1161,G12,SFGY-67,5040,14,18,2025-11-01 20:27:33.458197,344481.245,6289294.699
PA665,509,CJRX-40,1662,3,7,2025-11-01 20:27:35.350072,346127.84,6298157.875
PA665,509,FLXX-94,3267,8,12,2025-11-01 20:27:35.350077,346127.84,6298157.875
PA665,301,FLXK-47,142,0,3,2025-11-01 20:27:35.350078,346127.84,6298157.875
PA665,301,BJFT-71,6519,19,23,2025-11-01 20:27:35.350079,346127.84,6298157.875
PH264,302,BJFY-95,2691,6,10,2025-11-01 20:27:36.841454,345767.13,6293501.77
PB815,B03,SKHG-55,1215,0,4,2025-11-01 20:27:38.885531,340727.727,6302726.329
PB815,B03,LXDJ-12,8433,27,60,2025-11-01 20:27:38.885537,340727.727,6302726.329
PA474,B28,SJTD-66,8764,28,60,2025-11-01 20:27:40.934011,344318.73,6297893.64
PA474,J02,VHXJ-10,1647,3,7,2025-11-01 20:27:40.934017,344318.73,6297893.64
PA474,J02,VHXJ-22,6493,19,23,2025-11-01 20:27:40.934018,344318.73,6297893.64
PA474,J05,TBFS-42,457,0,3,2025-11-01 20:27:40.934019,344318.73,6297893.64
PA474,J05,GCBC-91,3985,11,15,2025-11-01 20:27:40.934020,344318.73,6297893.64
PA474,J16,TBFS-46,1754,4,8,2025-11-01 20:27:40.934021,344318.73,6297893.64
PA474,J16,TBFT-15,13782,44,60,2025-11-01 20:27:40.934021,344318.73,6297893.64
PB101,C18,SHCW-61,1075,0,3,2025-11-01 20:27:42.982495,349699.526,6304485.281
PB101,C18,SHXG-90,8906,28,60,2025-11-01 20:27:42.982501,349699.526,6304485.281
PB101,117,SPBF-31,3413,9,13,2025-11-01 20:27:42.982503,349699.526,6304485.281
PB101,117,PGTT-86,3939,10,14,2025-11-01 20:27:42.982504,349699.526,6304485.281
PB101,272,VGBX-59,6052,17,21,2025-11-01 20:27:42.982506,349699.526,6304485.281
PB101,272,VFPC-80,11256,36,60,2025-11-01 20:27:42.982507,349699.526,6304485.281
PB101,116,HRKT-53,1385,0,4,2025-11-01 20:27:42.982508,349699.526,6304485.281
PB101,C06,SGPY-87,387,0,3,2025-11-01 20:27:42.982510,349699.526,6304485.281
PJ598,J01,FLXH-87,1011,0,3,2025-11-01 20:27:45.004343,341474.688,6301476.254
PJ598,J01,TBFR-41,3277,8,12,2025-11-01 20:27:45.004348,341474.688,6301476.254
PJ598,J16,TBFW-82,6178,18,22,2025-11-01 20:27:45.004349,341474.688,6301476.254
PJ598,J16,TBFS-46,9705,31,60,2025-11-01 20:27:45.004350,341474.688,6301476.254
PE536,323,BJFW-31,0,0,3,2025-11-01 20:27:47.059900,353872.23,6288207.648
PE536,323,FLXR-56,3817,10,14,2025-11-01 20:27:47.059905,353872.23,6288207.648
PE536,E07,FLXR-55,3699,10,14,2025-11-01 20:27:47.059907,353872.23,6288207.648
PB376,B03,LXDJ-17,2835,7,11,2025-11-01 20:27:49.132238,343967.444,6301511.579
PB376,B03,LXDJ-29,5953,17,21,2025-11-01 20:27:49.132244,343967.444,6301511.579
PB376,B24,SJTD-61,2728,7,11,2025-11-01 20:27:49.132245,343967.444,6301511.579
PG865,G05,SHCX-18,5266,15,19,2025-11-01 20:27:51.104194,345333.584,6283533.806
PG865,G05,SDSW-62,7490,22,26,2025-11-01 20:27:51.104199,345333.584,6283533.806
PG865,G35,SFGY-70,6080,17,21,2025-11-01 20:27:51.104200,345333.584,6283533.806
PA423,307,TWPD-67,1475,3,7,2025-11-01 20:27:53.132600,346107.48,6299078.11
PA423,307,TWPC-94,6753,19,23,2025-11-01 20:27:53.132605,346107.48,6299078.11
PA423,314,TWPD-77,3432,9,13,2025-11-01 20:27:53.132607,346107.48,6299078.11
PA423,314,TWPC-93,10547,33,60,2025-11-01 20:27:53.132608,346107.48,6299078.11
PE262,226,VFPG-91,1435,3,7,2025-11-01 20:27:55.162103,349938.126,6287756.158
PE262,226,VFPL-46,3895,10,14,2025-11-01 20:27:55.162107,349938.126,6287756.158
PE262,E18,BJFV-89,5516,15,19,2025-11-01 20:27:55.162109,349938.126,6287756.158
PE262,E01,VKJX-83,380,0,3,2025-11-01 20:27:55.162109,349938.126,6287756.158
PE262,E12,VFJL-41,2965,7,11,2025-11-01 20:27:55.162110,349938.126,6287756.158
PE262,E12,VFJT-26,6813,20,24,2025-11-01 20:27:55.162111,349938.126,6287756.158
PJ924,J10,VHZX-31,2622,6,10,2025-11-01 20:27:57.165731,338317.707,6297446.101
PJ96,J12,TBFP-98,158,0,3,2025-11-01 20:28:00.105923,340430.441,6296729.99
PJ96,J12,FLXG-33,158,0,3,2025-11-01 20:28:00.105928,340430.441,6296729.99
PJ96,J17,FLXZ-85,159,0,3,2025-11-01 20:28:00.105930,340430.441,6296729.99
PJ96,510,SZZY-86,3421,9,13,2025-11-01 20:28:00.105931,340430.441,6296729.99
PJ96,516,PFXB-62,157,0,3,2025-11-01 20:28:00.105932,340430.441,6296729.99
PJ96,516,TBFT-16,4226,11,15,2025-11-01 20:28:00.105934,340430.441,6296729.99
PJ96,J06,FLXT-58,33,0,3,2025-11-01 20:28:00.105935,340430.441,6296729.99
PJ96,J11,TBFS-57,106,0,3,2025-11-01 20:28:00.105936,340430.441,6296729.99
PJ217,J17,FLXZ-85,2827,7,11,2025-11-01 20:28:02.140523,337820.659,6297311.319
PJ217,514,GCBD-31,4601,13,17,2025-11-01 20:28:02.140528,337820.659,6297311.319
PJ217,514,FLXS-82,7239,21,25,2025-11-01 20:28:02.140529,337820.659,6297311.319
PJ217,418,SJPF-44,2785,7,11,2025-11-01 20:28:02.140530,337820.659,6297311.319
PJ217,418,LXWP-83,10115,32,60,2025-11-01 20:28:02.140530,337820.659,6297311.319
PH377,H06,CJRZ-85,8604,27,60,2025-11-01 20:28:04.489943,345345.644,6293488.492
PH57,125,BJFT-65,2357,5,9,2025-11-01 20:28:06.472013,342967.955,6291669.406
PH57,125,BJFX-13,6302,18,22,2025-11-01 20:28:06.472018,342967.955,6291669.406
PH57,H12,FLXD-78,3609,9,13,2025-11-01 20:28:06.472019,342967.955,6291669.406
PH57,H24,VGRB-33,7121,20,24,2025-11-01 20:28:06.472020,342967.955,6291669.406
PH57,H24,VGRB-24,11514,36,60,2025-11-01 20:28:06.472021,342967.955,6291669.406
PH57,105,SHXF-27,2687,6,10,2025-11-01 20:28:06.472022,342967.955,6291669.406
PH57,105,SHXG-32,10095,32,60,2025-11-01 20:28:06.472023,342967.955,6291669.406
PH57,120,SKHF-87,925,0,3,2025-11-01 20:28:06.472024,342967.955,6291669.406
PH57,120,TXZH-38,5878,17,21,2025-11-01 20:28:06.472025,342967.955,6291669.406
PJ696,J04,TBFT-12,653,0,2,2025-11-01 20:28:10.495374,339131.958,6299630.474
PJ696,J13,TBFP-72,165,0,3,2025-11-01 20:28:10.495380,339131.958,6299630.474
PJ696,J13,GCBD-47,4609,13,17,2025-11-01 20:28:10.495381,339131.958,6299630.474
PE135,210,VFRF-95,2717,7,11,2025-11-01 20:28:12.550307,352776.442,6285837.391
PE135,210,VGKY-82,4446,12,16,2025-11-01 20:28:12.550311,352776.442,6285837.391
PE135,210v,VFPZ-27,2760,7,11,2025-11-01 20:28:12.550312,352776.442,6285837.391
PE135,210v,VGBW-99,3011,8,12,2025-11-01 20:28:12.550313,352776.442,6285837.391
PC263,502,TBFW-85,3425,9,13,2025-11-01 20:28:15.831551,351975.902,6303229.473
PC263,542,TBFP-85,2000,4,8,2025-11-01 20:28:15.831558,351975.902,6303229.473
PD1033,D09,SVDD-70,7644,22,26,2025-11-01 20:28:18.492692,352678.582,6297532.865
PC1216,C06,SGPY-57,4209,11,15,2025-11-01 20:28:20.607522,350870.964,6301318.788
PC1216,C06,LWTK-45,7043,20,24,2025-11-01 20:28:20.607527,350870.964,6301318.788
PC1216,429,SLGT-38,0,0,3,2025-11-01 20:28:20.607528,350870.964,6301318.788
PC1216,429,SLGT-36,2821,7,11,2025-11-01 20:28:20.607529,350870.964,6301318.788
PC1216,430,SHXG-41,3863,10,14,2025-11-01 20:28:20.607530,350870.964,6301318.788
PC1216,430,SKPJ-54,8631,27,60,2025-11-01 20:28:20.607531,350870.964,6301318.788
PC1216,117,SPBS-58,2511,6,10,2025-11-01 20:28:20.607532,350870.964,6301318.788
PC1216,117,PGWV-11,6345,18,22,2025-11-01 20:28:20.607533,350870.964,6301318.788
PH274,302,CJRW-60,7694,22,26,2025-11-01 20:28:24.590064,345092.697,6291548.836
PH274,302,BJFX-40,13545,43,60,2025-11-01 20:28:24.590069,345092.697,6291548.836
PA70,223,SHCV-45,3934,10,14,2025-11-01 20:28:26.588588,346644.91,6297224.73
PA70,223,SFPG-67,7394,21,25,2025-11-01 20:28:26.588593,346644.91,6297224.73
PA70,201,GCBB-74,2236,5,9,2025-11-01 20:28:26.588595,346644.91,6297224.73
PA70,201,GCBC-20,6098,17,21,2025-11-01 20:28:26.588596,346644.91,6297224.73
PA70,301,BJFT-71,5217,14,18,2025-11-01 20:28:26.588597,346644.91,6297224.73
PA70,301,BJFW-95,10949,35,60,2025-11-01 20:28:26.588598,346644.91,6297224.73
PA70,214,GCBB-26,1709,3,7,2025-11-01 20:28:26.588599,346644.91,6297224.73
PA70,226,VFPH-21,2460,6,10,2025-11-01 20:28:26.588600,346644.91,6297224.73
PA70,226,VGKY-72,5535,15,19,2025-11-01 20:28:26.588601,346644.91,6297224.73
PA70,229,SFWB-21,2555,6,10,2025-11-01 20:28:26.588602,346644.91,6297224.73
PA70,229,SFWZ-83,4312,12,16,2025-11-01 20:28:26.588603,346644.91,6297224.73
PC223,405,PFTF-86,4739,13,17,2025-11-01 20:28:28.633505,354434.539,6304706.585
PC223,405,PFYH-22,6970,20,24,2025-11-01 20:28:28.633510,354434.539,6304706.585
PC223,542,TBFZ-34,4584,12,16,2025-11-01 20:28:28.633512,354434.539,6304706.585
PC223,542,GCBF-35,14242,45,60,2025-11-01 20:28:28.633513,354434.539,6304706.585
PC223,435,SLPB-64,7751,23,27,2025-11-01 20:28:28.633514,354434.539,6304706.585
PC223,435,SLGS-92,16279,51,60,2025-11-01 20:28:28.633515,354434.539,6304706.585
PC223,502,TBFR-22,4257,11,15,2025-11-01 20:28:28.633516,354434.539,6304706.585
PC223,502,BJFJ-15,6062,17,21,2025-11-01 20:28:28.633517,354434.539,6304706.585
PB835,272,VFPC-80,252,0,3,2025-11-01 20:28:30.722763,342659.67,6306259.319
PC1075,C14,SKPP-21,3778,10,14,2025-11-01 20:28:32.716094,354235.682,6305852.509
PC1075,C14,SKPP-26,7281,21,25,2025-11-01 20:28:32.716098,354235.682,6305852.509
PI1859,I25,FLXG-13,4082,11,15,2025-11-01 20:28:34.715184,341240.0,6291330.0
PG215,118,FLXX-37,904,0,3,2025-11-01 20:28:36.732472,346695.75,6287591.266
PG215,118,FLXX-82,2356,5,9,2025-11-01 20:28:36.732478,346695.75,6287591.266
PG215,211,TBYY-59,107,0,3,2025-11-01 20:28:36.732479,346695.75,6287591.266
PG215,211,TBYY-56,2407,6,10,2025-11-01 20:28:36.732480,346695.75,6287591.266
PG215,229,SFWZ-23,2655,6,10,2025-11-01 20:28:36.732481,346695.75,6287591.266
PG215,229,VJKZ-78,4353,12,16,2025-11-01 20:28:36.732482,346695.75,6287591.266
PC127,C05,LFGP-23,4923,14,18,2025-11-01 20:28:38.751133,355503.587,6300283.828
PC127,501,TBFR-40,905,0,3,2025-11-01 20:28:38.751138,355503.587,6300283.828
PC127,504,PFXC-36,2700,7,11,2025-11-01 20:28:38.751140,355503.587,6300283.828
PC127,517,VHZW-41,7456,22,26,2025-11-01 20:28:38.751141,355503.587,6300283.828
PC127,517,VJBC-21,9426,30,60,2025-11-01 20:28:38.751141,355503.587,6300283.828
PC127,D11,STVX-63,2450,6,10,2025-11-01 20:28:38.751142,355503.587,6300283.828
PC127,D11,SVDC-18,3506,9,13,2025-11-01 20:28:38.751143,355503.587,6300283.828
PC127,225,VFKS-68,4371,12,16,2025-11-01 20:28:38.751144,355503.587,6300283.828
PC127,225,VFJD-72,6516,19,23,2025-11-01 20:28:38.751145,355503.587,6300283.828
PA80,201e,VFHJ-43,1014,0,3,2025-11-01 20:28:40.761554,345857.82,6297403.27
PA80,201e,VFHH-49,5870,17,21,2025-11-01 20:28:40.761559,345857.82,6297403.27
PA80,115,SZZY-69,7635,22,26,2025-11-01 20:28:40.761561,345857.82,6297403.27
PA80,115,TBFV-20,7916,23,27,2025-11-01 20:28:40.761562,345857.82,6297403.27
PA80,302,BJFS-49,5428,15,19,2025-11-01 20:28:40.761563,345857.82,6297403.27
PA80,302,CJRW-60,13800,44,60,2025-11-01 20:28:40.761564,345857.82,6297403.27
PA80,125,BJFW-48,3568,9,13,2025-11-01 20:28:40.761565,345857.82,6297403.27
PA80,113,FLXF-86,3373,9,13,2025-11-01 20:28:40.761566,345857.82,6297403.27
PA80,113,FLXY-39,13084,41,60,2025-11-01 20:28:40.761567,345857.82,6297403.27
PG1664,206,TWPD-17,1683,3,7,2025-11-01 20:28:44.465710,348657.846,6284905.231
PG1664,206,FLXZ-58,4329,12,16,2025-11-01 20:28:44.465715,348657.846,6284905.231
PG1664,212,SFWB-96,845,0,3,2025-11-01 20:28:44.465717,348657.846,6284905.231
PG1664,212,SFWZ-58,3202,8,12,2025-11-01 20:28:44.465719,348657.846,6284905.231
PG1664,216,SFVZ-49,1856,4,8,2025-11-01 20:28:44.465720,348657.846,6284905.231
PG1664,216,VJWZ-74,3806,10,14,2025-11-01 20:28:44.465721,348657.846,6284905.231
PG1664,233,SFGY-84,2125,5,9,2025-11-01 20:28:44.465722,348657.846,6284905.231
PG1664,233,SFPG-68,2454,6,10,2025-11-01 20:28:44.465723,348657.846,6284905.231
PG1664,205,VFRG-35,2764,7,11,2025-11-01 20:28:44.465724,348657.846,6284905.231
PG1664,205,VFRB-67,7559,22,26,2025-11-01 20:28:44.465725,348657.846,6284905.231
PE8,712,SHXD-89,1952,4,8,2025-11-01 20:28:46.598956,352897.781,6290346.931
PE8,712,TFYL-48,6806,19,23,2025-11-01 20:28:46.598961,352897.781,6290346.931
PE8,124,LBTS-91,650,0,2,2025-11-01 20:28:46.598962,352897.781,6290346.931
PE8,102,SPZX-85,768,0,2,2025-11-01 20:28:46.598963,352897.781,6290346.931
PE8,102,SPZY-85,5478,15,19,2025-11-01 20:28:46.598964,352897.781,6290346.931
PE8,104,SKWD-20,1052,0,3,2025-11-01 20:28:46.598965,352897.781,6290346.931
PE8,104,SKWD-66,5163,14,18,2025-11-01 20:28:46.598966,352897.781,6290346.931
PE8,114,LDJJ-89,3303,8,12,2025-11-01 20:28:46.598967,352897.781,6290346.931
PE8,114,SRRW-68,8352,26,60,2025-11-01 20:28:46.598968,352897.781,6290346.931
PE8,108,PFVJ-24,3220,8,12,2025-11-01 20:28:46.598969,352897.781,6290346.931
PE8,108,PFVH-95,3253,8,12,2025-11-01 20:28:46.598970,352897.781,6290346.931
PJ498,508,FLXX-45,5461,15,19,2025-11-01 20:28:48.648643,341343.887,6299952.55
PJ498,J03,TBFX-32,780,0,2,2025-11-01 20:28:48.648648,341343.887,6299952.55
PJ498,J03,TBFX-21,1205,0,4,2025-11-01 20:28:48.648649,341343.887,6299952.55
PG880,G05,SHCV-32,1122,0,4,2025-11-01 20:28:51.731370,344679.603,6283816.254
PG880,G35,SFPF-75,2084,5,9,2025-11-01 20:28:51.731375,344679.603,6283816.254
PG880,G35,SFGY-70,9355,30,60,2025-11-01 20:28:51.731376,344679.603,6283816.254
PI380,401,PGPT-45,1658,3,7,2025-11-01 20:28:53.453521,336763.236,6289077.353
PI380,506,PFXB-98,1401,5,9,2025-11-01 20:28:53.453525,336763.236,6289077.353
PI380,506,GCBF-27,4000,16,20,2025-11-01 20:28:53.453526,336763.236,6289077.353
PI380,506v,TBFV-23,1883,4,8,2025-11-01 20:28:53.453527,336763.236,6289077.353
PI380,506v,TBFS-66,5759,16,20,2025-11-01 20:28:53.453528,336763.236,6289077.353
PA383,508,PFXC-12,829,0,3,2025-11-01 20:28:55.503354,347937.409,6299007.943
PA383,508,FLXX-44,3078,8,12,2025-11-01 20:28:55.503359,347937.409,6299007.943
PA383,514,FLXJ-43,3607,9,13,2025-11-01 20:28:55.503360,347937.409,6299007.943
PA383,514,FLXV-70,7508,22,26,2025-11-01 20:28:55.503361,347937.409,6299007.943
PA383,517,VJBC-70,5771,16,20,2025-11-01 20:28:55.503362,347937.409,6299007.943
PA383,517,VJJV-28,11291,36,60,2025-11-01 20:28:55.503363,347937.409,6299007.943
PA383,412,PFVH-12,1079,0,3,2025-11-01 20:28:55.503363,347937.409,6299007.943
PA383,412,PFVG-94,6653,19,23,2025-11-01 20:28:55.503364,347937.409,6299007.943
PA383,418,SKPK-42,1680,3,7,2025-11-01 20:28:55.503365,347937.409,6299007.943
PA383,418,SKPK-37,9822,31,60,2025-11-01 20:28:55.503366,347937.409,6299007.943
PA383,503,VGTZ-89,220,0,3,2025-11-01 20:28:55.503367,347937.409,6299007.943
PA383,503,VGTX-46,1224,0,4,2025-11-01 20:28:55.503368,347937.409,6299007.943
PA383,505,VJJR-36,1990,4,8,2025-11-01 20:28:55.503368,347937.409,6299007.943
PA383,505,VJBC-10,6408,18,22,2025-11-01 20:28:55.503369,347937.409,6299007.943
PB1578,307,TWPD-56,240,0,3,2025-11-01 20:28:57.525686,338581.71,6307679.32
PB1578,307,TWPD-85,685,0,2,2025-11-01 20:28:57.525691,338581.71,6307679.32
PF647,F25,SRVL-25,3642,10,14,2025-11-01 20:28:59.557264,353030.965,6280168.193
PF647,F25,SRVG-81,12686,40,60,2025-11-01 20:28:59.557269,353030.965,6280168.193
PF647,F29,SPVV-53,831,0,3,2025-11-01 20:28:59.557271,353030.965,6280168.193
PF647,F29,SPVW-86,6243,18,22,2025-11-01 20:28:59.557271,353030.965,6280168.193
PF647,F15,STHC-95,2982,7,11,2025-11-01 20:28:59.557272,353030.965,6280168.193
PF42,226,VFRB-54,2982,7,11,2025-11-01 20:29:01.611248,354469.277,6282721.236
PF42,226,VFPW-13,5225,15,19,2025-11-01 20:29:01.611253,354469.277,6282721.236
PF42,F10,SRPJ-80,2492,6,10,2025-11-01 20:29:01.611254,354469.277,6282721.236
PF42,712,SJPC-39,0,0,3,2025-11-01 20:29:01.611255,354469.277,6282721.236
PF42,712,LCPG-37,980,0,3,2025-11-01 20:29:01.611256,354469.277,6282721.236
PF42,F25,SRVG-81,8706,27,60,2025-11-01 20:29:01.611257,354469.277,6282721.236
PF42,F20,SPZX-74,0,0,3,2025-11-01 20:29:01.611258,354469.277,6282721.236
PF42,F20,SPZY-37,345,0,3,2025-11-01 20:29:01.611259,354469.277,6282721.236
PD861,D26,PGBY-42,8226,26,60,2025-11-01 20:29:06.960400,356418.249,6290834.373
PD1149,D13,BJFV-34,3002,7,11,2025-11-01 20:29:09.001713,350074.605,6294538.306
PJ105,428,SJPD-79,951,0,3,2025-11-01 20:29:12.596650,335344.717,6297111.471
PJ105,428,SJPF-92,3750,10,14,2025-11-01 20:29:12.596655,335344.717,6297111.471
PJ105,444,SKPK-45,0,0,3,2025-11-01 20:29:12.596657,335344.717,6297111.471
PJ105,444,SHXF-85,6966,20,24,2025-11-01 20:29:12.596658,335344.717,6297111.471
PD621,D10,SVDD-97,4439,12,16,2025-11-01 20:29:14.605921,354283.24,6291767.58
PD374,D05,SPBS-62,2501,6,10,2025-11-01 20:29:16.636425,355207.272,6293763.136
PD374,D05,SPBG-34,3559,9,13,2025-11-01 20:29:16.636429,355207.272,6293763.136
PD374,418,SHXF-84,2267,5,9,2025-11-01 20:29:16.636430,355207.272,6293763.136
PD374,418,PGBY-67,2455,6,10,2025-11-01 20:29:16.636431,355207.272,6293763.136
PD374,429,SLLZ-63,4330,12,16,2025-11-01 20:29:16.636432,355207.272,6293763.136
PD374,429,SLLZ-26,7966,23,27,2025-11-01 20:29:16.636433,355207.272,6293763.136
PG1570,G07,THTH-30,2222,5,9,2025-11-01 20:29:18.665712,338798.604,6273232.524
PG1570,G07,THTF-59,8348,26,60,2025-11-01 20:29:18.665717,338798.604,6273232.524
PE186,211,TBYY-66,219,0,3,2025-11-01 20:29:20.678781,352204.57,6290553.545
PE186,211,TBLT-54,802,0,3,2025-11-01 20:29:20.678786,352204.57,6290553.545
PE186,103,SPBS-61,7362,21,25,2025-11-01 20:29:20.678787,352204.57,6290553.545
PE186,103,PGBY-89,11718,37,60,2025-11-01 20:29:20.678788,352204.57,6290553.545
PI1041,I08,FLXZ-73,3068,8,12,2025-11-01 20:29:22.783566,337035.342,6293515.536
PG1413,G22,THTG-70,5953,17,21,2025-11-01 20:29:24.844188,344231.388,6286456.5
PG1413,G22,THTG-10,10488,33,60,2025-11-01 20:29:24.844194,344231.388,6286456.5
PI675,I01,FLXF-15,1633,3,7,2025-11-01 20:29:26.889339,341421.742,6293125.295
PH163,204,VGBS-15,389,0,3,2025-11-01 20:29:30.944893,348172.961,6294476.848
PH163,234,VJYX-75,2291,5,9,2025-11-01 20:29:30.944898,348172.961,6294476.848
PH163,234,VJLP-71,4256,11,15,2025-11-01 20:29:30.944899,348172.961,6294476.848
PG190,207,VJXW-44,362,0,3,2025-11-01 20:29:32.926530,349046.233,6280622.162
PG190,207,VJJX-97,3953,10,14,2025-11-01 20:29:32.926535,349046.233,6280622.162
PG190,209,VJLL-81,1124,0,4,2025-11-01 20:29:32.926536,349046.233,6280622.162
PG190,209,VJJX-77,2350,5,9,2025-11-01 20:29:32.926537,349046.233,6280622.162
PE643,210v,VFPZ-27,3513,9,13,2025-11-01 20:29:36.965872,353431.731,6285199.115
PE643,210v,VGBW-99,3763,10,14,2025-11-01 20:29:36.965877,353431.731,6285199.115
PE643,E09,VKJZ-42,4564,12,16,2025-11-01 20:29:36.965878,353431.731,6285199.115
PJ34,511,GCBD-99,1277,0,4,2025-11-01 20:29:38.993943,341715.869,6297973.123
PJ34,511,TBFX-75,4701,13,17,2025-11-01 20:29:38.993948,341715.869,6297973.123
PJ34,514,FLXV-70,978,0,3,2025-11-01 20:29:38.993949,341715.869,6297973.123
PJ34,514,FLXH-85,7102,20,24,2025-11-01 20:29:38.993950,341715.869,6297973.123
PJ34,J10,VJBB-60,721,0,2,2025-11-01 20:29:38.993951,341715.869,6297973.123
PJ34,J10,VHZX-31,5651,16,20,2025-11-01 20:29:38.993952,341715.869,6297973.123
PJ34,J19,VGVF-89,4370,12,16,2025-11-01 20:29:38.993953,341715.869,6297973.123
PJ34,J19,VGVC-58,9166,29,60,2025-11-01 20:29:38.993953,341715.869,6297973.123
PA422,504,TBFR-77,1618,3,7,2025-11-01 20:29:41.038953,346440.43,6299127.69
PA422,504,GCBF-22,1568,3,7,2025-11-01 20:29:41.038959,346440.43,6299127.69
PA422,505,VJBB-20,271,0,3,2025-11-01 20:29:41.038960,346440.43,6299127.69
PA422,505,VHZV-81,7225,21,25,2025-11-01 20:29:41.038961,346440.43,6299127.69
PA422,508,TBFT-56,2501,6,10,2025-11-01 20:29:41.038962,346440.43,6299127.69
PA422,508,FLXW-60,8551,27,60,2025-11-01 20:29:41.038963,346440.43,6299127.69
PA422,402,SKPH-70,1453,3,7,2025-11-01 20:29:41.038964,346440.43,6299127.69
PA422,402,SHXD-85,5967,17,21,2025-11-01 20:29:41.038964,346440.43,6299127.69
PA422,514,GCBD-17,4786,13,17,2025-11-01 20:29:41.038965,346440.43,6299127.69
PA422,514,LXWR-95,5735,16,20,2025-11-01 20:29:41.038974,346440.43,6299127.69
PH317,119,FLXG-63,1121,0,4,2025-11-01 20:29:43.029788,342878.804,6288726.523
PH317,223,SHCV-42,5364,15,19,2025-11-01 20:29:43.029794,342878.804,6288726.523
PH317,223,SFGY-90,6722,19,23,2025-11-01 20:29:43.029795,342878.804,6288726.523
PG307,F20,SPZY-57,3592,9,13,2025-11-01 20:29:45.055249,345996.732,6284122.581
PG307,F20,SPZY-60,6336,18,22,2025-11-01 20:29:45.055254,345996.732,6284122.581
PG307,G08v,FLXV-25,1577,3,7,2025-11-01 20:29:45.055255,345996.732,6284122.581
PG307,G08v,FLXV-31,10825,34,60,2025-11-01 20:29:45.055256,345996.732,6284122.581
PG307,228,THTG-64,2727,7,11,2025-11-01 20:29:45.055257,345996.732,6284122.581
PG307,228,THTG-83,7467,22,26,2025-11-01 20:29:45.055258,345996.732,6284122.581
PG307,G08,THTG-67,3584,9,13,2025-11-01 20:29:45.055259,345996.732,6284122.581
PG307,G08,THTD-20,7517,22,26,2025-11-01 20:29:45.055260,345996.732,6284122.581
PG307,G11,THTD-83,2362,5,9,2025-11-01 20:29:45.055261,345996.732,6284122.581
PG307,G11,THTG-88,2792,7,11,2025-11-01 20:29:45.055262,345996.732,6284122.581
PG307,302,BJFX-40,507,0,2,2025-11-01 20:29:45.055263,345996.732,6284122.581
PH551,H05,VFPJ-53,5625,16,20,2025-11-01 20:29:47.113690,349767.467,6292130.928
PE327,E02,VKJX-31,663,0,2,2025-11-01 20:29:49.196546,352043.632,6286921.524
PE327,E02,VKJX-44,8121,26,60,2025-11-01 20:29:49.196552,352043.632,6286921.524
PE327,E12,VFKV-81,1620,3,7,2025-11-01 20:29:49.196553,352043.632,6286921.524
PE327,E12,VJZC-15,3549,9,13,2025-11-01 20:29:49.196554,352043.632,6286921.524
PB1865,B04,SHXD-91,1687,3,7,2025-11-01 20:29:51.233543,345383.735,6300753.71
PG1208,G14,FLXX-17,1558,3,7,2025-11-01 20:29:53.244209,343822.294,6279663.322
PG1208,G14,FLXL-89,4761,13,17,2025-11-01 20:29:53.244215,343822.294,6279663.322
PI535,506,TBFW-66,3167,10,14,2025-11-01 20:29:55.251513,338568.867,6294454.255
PI535,506,PFXB-98,7299,36,60,2025-11-01 20:29:55.251518,338568.867,6294454.255
PI535,506v,TBFR-53,4009,11,15,2025-11-01 20:29:55.251520,338568.867,6294454.255
PI535,506v,TBFV-23,7945,23,27,2025-11-01 20:29:55.251520,338568.867,6294454.255
PF161,226,VFPZ-92,2050,4,8,2025-11-01 20:29:57.264016,353318.176,6282989.889
PC1038,C05,LFGP-23,3011,8,12,2025-11-01 20:29:59.254250,355577.816,6301359.863
PH676,214,FLXZ-96,928,0,3,2025-11-01 20:30:01.271150,343888.295,6290044.113
PH676,214,GCBB-70,4217,11,15,2025-11-01 20:30:01.271157,343888.295,6290044.113
PH676,329,FLXR-35,0,0,3,2025-11-01 20:30:01.271160,343888.295,6290044.113
PH676,329,FLXR-59,4674,13,17,2025-11-01 20:30:01.271162,343888.295,6290044.113
PG1348,G23,SFWZ-55,4176,11,15,2025-11-01 20:30:03.326282,346144.243,6282830.13
PG1348,G23,VJKG-75,4176,11,15,2025-11-01 20:30:03.326287,346144.243,6282830.13
PG1348,G16,SFPF-89,4213,11,15,2025-11-01 20:30:03.326288,346144.243,6282830.13
PG1348,G07,THTF-10,388,0,3,2025-11-01 20:30:03.326289,346144.243,6282830.13
PG1348,G09,SHCV-49,3659,10,14,2025-11-01 20:30:03.326290,346144.243,6282830.13
PG1348,G09,SFGY-77,7718,22,26,2025-11-01 20:30:03.326291,346144.243,6282830.13
PG1348,G11,THTD-83,704,0,2,2025-11-01 20:30:03.326292,346144.243,6282830.13
PG1348,G11,THTG-88,1302,0,4,2025-11-01 20:30:03.326293,346144.243,6282830.13
PH222,214,GCBB-70,1971,4,8,2025-11-01 20:30:05.130149,345702.998,6290898.676
PH222,214,FLXZ-99,2101,5,9,2025-11-01 20:30:05.130153,345702.998,6290898.676
PG283,226,VFPZ-78,1742,4,8,2025-11-01 20:30:06.670153,346827.161,6290237.809
PG283,226,VFPJ-68,3371,9,13,2025-11-01 20:30:06.670158,346827.161,6290237.809
PG283,227,VFPL-74,1694,3,7,2025-11-01 20:30:06.670159,346827.161,6290237.809
PG283,329,FLXR-21,6258,18,22,2025-11-01 20:30:06.670160,346827.161,6290237.809
PH1508,I05,VHSY-21,7940,23,27,2025-11-01 20:30:08.659643,343452.255,6290423.252
PH1508,I05,VHTB-69,13426,42,60,2025-11-01 20:30:08.659649,343452.255,6290423.252
PJ1672,424,PFXB-80,2575,6,10,2025-11-01 20:30:10.702695,337057.102,6295741.238
PJ1672,424,GCBC-47,10935,35,60,2025-11-01 20:30:10.702700,337057.102,6295741.238
PB703,B38,TBFX-70,3641,9,13,2025-11-01 20:30:12.726383,342269.222,6304382.6
PB703,B38,TBFS-65,8796,28,60,2025-11-01 20:30:12.726388,342269.222,6304382.6
PA507,511,TBFT-83,3209,8,12,2025-11-01 20:30:14.774450,347699.527,6295111.238
PA507,511,GCBD-97,9368,30,60,2025-11-01 20:30:14.774454,347699.527,6295111.238
PA507,D05,SPBP-28,2043,4,8,2025-11-01 20:30:14.774456,347699.527,6295111.238
PA507,D05,SPBL-73,7004,20,24,2025-11-01 20:30:14.774456,347699.527,6295111.238
PJ343,507,FLXV-98,1381,0,4,2025-11-01 20:30:16.755231,343754.362,6299444.334
PJ343,507,TBFR-49,2937,7,11,2025-11-01 20:30:16.755237,343754.362,6299444.334
PJ343,J02,VHXJ-81,2809,7,11,2025-11-01 20:30:16.755238,343754.362,6299444.334
PH322,119,FLXG-63,3665,10,14,2025-11-01 20:30:19.186066,343412.54,6290174.48
PH322,329,FLXR-21,418,0,3,2025-11-01 20:30:19.186071,343412.54,6290174.48
PH322,I05,VHSY-21,7519,22,26,2025-11-01 20:30:19.186072,343412.54,6290174.48
PH322,I05,VHTB-69,13113,41,60,2025-11-01 20:30:19.186073,343412.54,6290174.48
PB1690,410,LFGW-34,439,0,3,2025-11-01 20:30:22.618481,338964.894,6302204.932
PB1690,105,SJPC-67,1366,0,4,2025-11-01 20:30:22.618487,338964.894,6302204.932
PB1690,105,SJPC-49,2749,7,11,2025-11-01 20:30:22.618488,338964.894,6302204.932
PB1690,B20,SKHG-90,465,0,3,2025-11-01 20:30:22.618489,338964.894,6302204.932
PB1690,B20,LJDL-48,3314,8,12,2025-11-01 20:30:22.618491,338964.894,6302204.932
PB1690,408,SRTH-15,2999,21,25,2025-11-01 20:30:22.618492,338964.894,6302204.932
PB1690,110,SRTH-19,501,0,2,2025-11-01 20:30:22.618493,338964.894,6302204.932
PB1690,110,LXWS-35,3465,9,13,2025-11-01 20:30:22.618494,338964.894,6302204.932
PJ141,422,PFWZ-59,5295,15,19,2025-11-01 20:30:24.333300,342374.0,6299144.04
PJ141,422,PFXC-74,9515,30,60,2025-11-01 20:30:24.333305,342374.0,6299144.04
PJ141,402,SKPK-28,3777,10,14,2025-11-01 20:30:24.333306,342374.0,6299144.04
PJ141,402,SJPD-97,3777,10,14,2025-11-01 20:30:24.333307,342374.0,6299144.04
PJ141,406,PFXC-78,1048,0,3,2025-11-01 20:30:24.333307,342374.0,6299144.04
PJ141,406,PFXC-46,12450,39,60,2025-11-01 20:30:24.333308,342374.0,6299144.04
PJ141,426,BJFF-52,4735,13,17,2025-11-01 20:30:24.333309,342374.0,6299144.04
PJ141,426,BJFC-72,6578,19,23,2025-11-01 20:30:24.333310,342374.0,6299144.04
PG115,205,VFRB-67,3788,10,14,2025-11-01 20:30:28.231843,348223.08,6287975.58
PG115,205,VGBV-69,9873,31,60,2025-11-01 20:30:28.231848,348223.08,6287975.58
PG115,207,VJKD-36,1322,0,4,2025-11-01 20:30:28.231849,348223.08,6287975.58
PG115,207,VJJX-37,3421,9,13,2025-11-01 20:30:28.231850,348223.08,6287975.58
PG115,209,SDGY-13,4961,14,18,2025-11-01 20:30:28.231851,348223.08,6287975.58
PG115,209,SDGY-36,5403,15,19,2025-11-01 20:30:28.231852,348223.08,6287975.58
PG115,E02,VKJX-44,3636,9,13,2025-11-01 20:30:28.231853,348223.08,6287975.58
PG115,E02,VKJX-53,6468,18,22,2025-11-01 20:30:28.231854,348223.08,6287975.58
PH792,301,CJRX-49,5205,14,18,2025-11-01 20:30:30.210930,346407.234,6292289.382
PH792,301,BJFV-16,7302,21,25,2025-11-01 20:30:30.210935,346407.234,6292289.382
PH792,229,VJKZ-78,1012,0,3,2025-11-01 20:30:30.210936,346407.234,6292289.382
PH792,223,SHCV-48,1418,0,4,2025-11-01 20:30:30.210937,346407.234,6292289.382
PH792,223,SFGY-75,4963,14,18,2025-11-01 20:30:30.210938,346407.234,6292289.382
PH792,201,GCBB-52,909,0,3,2025-11-01 20:30:30.210939,346407.234,6292289.382
PH792,201,GCBB-34,4349,12,16,2025-11-01 20:30:30.210940,346407.234,6292289.382
PH792,226,VFPJ-68,968,0,3,2025-11-01 20:30:30.210941,346407.234,6292289.382
PH792,226,VFPH-79,3033,8,12,2025-11-01 20:30:30.210941,346407.234,6292289.382
PH792,H05,VFPD-51,2044,4,8,2025-11-01 20:30:30.210942,346407.234,6292289.382
PH792,H14,FLXR-25,835,0,3,2025-11-01 20:30:30.210951,346407.234,6292289.382
PH792,H24,VGRB-33,84,0,3,2025-11-01 20:30:30.210952,346407.234,6292289.382
PH792,H24,VGRB-24,5155,14,18,2025-11-01 20:30:30.210953,346407.234,6292289.382
PH792,214,FLXZ-99,936,0,3,2025-11-01 20:30:30.210954,346407.234,6292289.382
PH792,214,GCBB-70,848,0,3,2025-11-01 20:30:30.210954,346407.234,6292289.382
PH794,G09,SHCV-40,11391,0,3,2025-11-01 20:30:32.215580,342447.774,6288522.456
PH794,G09,SDSW-57,341,0,3,2025-11-01 20:30:32.215597,342447.774,6288522.456
PD1002,412,LXWP-64,1007,0,3,2025-11-01 20:30:34.576740,357355.461,6298631.411
PD1002,D08,SVDD-50,2730,7,11,2025-11-01 20:30:34.576745,357355.461,6298631.411
PD1002,D08,SVDF-21,4339,12,16,2025-11-01 20:30:34.576746,357355.461,6298631.411
PD1002,D15,SVDF-71,4727,13,17,2025-11-01 20:30:34.576747,357355.461,6298631.411
PD1002,D15,SVDD-80,9480,30,60,2025-11-01 20:30:34.576747,357355.461,6298631.411
PE129,210,VFRF-95,988,0,3,2025-11-01 20:30:36.631227,352117.627,6288150.133
PE129,210,VGKY-82,2717,7,11,2025-11-01 20:30:36.631232,352117.627,6288150.133
PE129,210v,VFPZ-27,984,0,3,2025-11-01 20:30:36.631233,352117.627,6288150.133
PE129,210v,VGBW-99,1004,0,3,2025-11-01 20:30:36.631234,352117.627,6288150.133
PD983,D07,SVDC-31,0,0,3,2025-11-01 20:30:38.664455,356290.18,6294010.355
PD983,D07,STWH-39,1554,3,7,2025-11-01 20:30:38.664460,356290.18,6294010.355
PC140,D11,SVDF-54,2582,6,10,2025-11-01 20:30:42.705040,356386.794,6303176.935
PC140,D11,SVDC-89,7168,21,25,2025-11-01 20:30:42.705044,356386.794,6303176.935
PC140,225,VFJK-37,3745,10,14,2025-11-01 20:30:42.705045,356386.794,6303176.935
PC140,C16,LDTG-62,809,0,3,2025-11-01 20:30:42.705046,356386.794,6303176.935
PC140,C03,SGPY-60,124,0,3,2025-11-01 20:30:42.705047,356386.794,6303176.935
PC140,C13,SHXG-37,0,0,3,2025-11-01 20:30:42.705048,356386.794,6303176.935
PC140,C13,SHXD-66,210,0,3,2025-11-01 20:30:42.705049,356386.794,6303176.935
PE366,E02,VKJX-29,472,0,3,2025-11-01 20:30:44.684724,348166.876,6288875.798
PE366,E02,VKJX-86,8144,26,60,2025-11-01 20:30:44.684729,348166.876,6288875.798
PE366,E03,BJFT-89,91,0,3,2025-11-01 20:30:44.684730,348166.876,6288875.798
PE366,E03,BJFV-18,3859,10,14,2025-11-01 20:30:44.684731,348166.876,6288875.798
PI1882,I35,SFGY-18,1611,3,7,2025-11-01 20:30:46.688993,332431.0,6284026.0
PI1882,I35,SDSW-94,7549,22,26,2025-11-01 20:30:46.688999,332431.0,6284026.0
PJ714,505,VHZY-31,1315,0,4,2025-11-01 20:30:48.703312,336453.45,6301037.14
PJ714,505,VHZW-11,8799,28,60,2025-11-01 20:30:48.703317,336453.45,6301037.14
PB1369,C18,SHXG-94,6571,19,23,2025-11-01 20:30:50.690907,347357.463,6304874.985
PB1369,C18,SHCX-26,11160,35,60,2025-11-01 20:30:50.690912,347357.463,6304874.985
PB1369,445,SHXD-72,7020,20,24,2025-11-01 20:30:50.690913,347357.463,6304874.985
PG299,G08v,FLXV-32,936,0,3,2025-11-01 20:30:52.926483,346289.339,6285618.126
PG299,228,THTF-30,1469,3,7,2025-11-01 20:30:52.926488,346289.339,6285618.126
PG1244,G15,THTD-56,2737,7,11,2025-11-01 20:30:54.931715,347295.257,6284966.545
PC682,C03,SGPY-60,2627,6,10,2025-11-01 20:30:59.415285,355604.781,6305300.497
PC682,C03,LWTK-53,5720,16,20,2025-11-01 20:30:59.415291,355604.781,6305300.497
PI850,I03,FLXG-93,2222,5,9,2025-11-01 20:31:01.458605,339989.201,6295524.696
PE28,712,SJPC-42,515,0,2,2025-11-01 20:31:03.273207,353531.613,6289338.541
PE28,712,SJPD-98,4220,11,15,2025-11-01 20:31:03.273212,353531.613,6289338.541
PE28,124,LCTG-44,6342,18,22,2025-11-01 20:31:03.273213,353531.613,6289338.541
PE28,124,SPZX-70,13263,42,60,2025-11-01 20:31:03.273214,353531.613,6289338.541
PE28,102,SHCW-68,1217,0,4,2025-11-01 20:31:03.273215,353531.613,6289338.541
PE28,102,SRVL-15,8917,28,60,2025-11-01 20:31:03.273216,353531.613,6289338.541
PE28,104,SKWD-93,2163,5,9,2025-11-01 20:31:03.273217,353531.613,6289338.541
PE28,104,LFGR-91,5284,15,19,2025-11-01 20:31:03.273218,353531.613,6289338.541
PE28,114,SKWD-25,614,0,2,2025-11-01 20:31:03.273219,353531.613,6289338.541
PI370,405,PDYH-96,1674,3,7,2025-11-01 20:31:04.816011,333364.507,6289429.231
PI370,405,PFTV-88,2410,6,10,2025-11-01 20:31:04.816016,333364.507,6289429.231
PC995,D18,SVDD-33,0,0,3,2025-11-01 20:31:06.816691,349712.193,6298146.313
PC995,D18,SVDD-53,4394,12,16,2025-11-01 20:31:06.816696,349712.193,6298146.313
PA452,506,TBFX-26,3902,10,14,2025-11-01 20:31:08.804910,345373.622,6296824.573
PA452,506,TBFX-72,9373,30,60,2025-11-01 20:31:08.804916,345373.622,6296824.573
PA452,506v,PFWZ-71,649,0,2,2025-11-01 20:31:08.804917,345373.622,6296824.573
PA452,506v,PFXC-59,11259,36,60,2025-11-01 20:31:08.804918,345373.622,6296824.573
PA452,509,FLXW-53,619,0,2,2025-11-01 20:31:08.804919,345373.622,6296824.573
PB321,203,SFWZ-82,4779,13,17,2025-11-01 20:31:10.800974,347177.34,6301287.31
PB321,203,VJXC-42,4939,14,18,2025-11-01 20:31:10.800979,347177.34,6301287.31
PB321,208,VJKX-78,4406,12,16,2025-11-01 20:31:10.800980,347177.34,6301287.31
PB321,208,VJYH-63,5772,16,20,2025-11-01 20:31:10.800981,347177.34,6301287.31
PC738,418,SKPK-42,4911,14,18,2025-11-01 20:31:12.819006,351150.009,6301132.91
PC738,418,SKPK-37,12467,39,60,2025-11-01 20:31:12.819011,351150.009,6301132.91
PC738,429,SLPB-45,9341,29,60,2025-11-01 20:31:12.819012,351150.009,6301132.91
PC738,429,SLLZ-56,14999,47,60,2025-11-01 20:31:12.819013,351150.009,6301132.91
PC738,C06,LWTK-62,0,0,3,2025-11-01 20:31:12.819014,351150.009,6301132.91
PC738,C06,LWTK-56,4584,12,16,2025-11-01 20:31:12.819014,351150.009,6301132.91
PC738,503,VGTZ-89,3573,9,13,2025-11-01 20:31:12.819015,351150.009,6301132.91
PC738,503,VGTX-46,4940,14,18,2025-11-01 20:31:12.819016,351150.009,6301132.91
PC738,412,PFVH-12,4313,12,16,2025-11-01 20:31:12.819017,351150.009,6301132.91
PC738,412,PFVG-94,9104,29,60,2025-11-01 20:31:12.819018,351150.009,6301132.91
PD498,510,TBFR-10,1553,3,7,2025-11-01 20:31:16.865409,357606.301,6295549.983
PD498,513,VJJW-98,4692,13,17,2025-11-01 20:31:16.865415,357606.301,6295549.983
PD498,513,VJJW-88,5259,15,19,2025-11-01 20:31:16.865416,357606.301,6295549.983
PD498,D15,STYX-82,30,0,3,2025-11-01 20:31:16.865418,357606.301,6295549.983
PE42,418,PFYC-43,0,0,3,2025-11-01 20:31:18.840745,355315.46,6290208.868
PE42,418,LXWP-61,2497,6,10,2025-11-01 20:31:18.840751,355315.46,6290208.868
PE42,E17,BJFZ-33,985,0,3,2025-11-01 20:31:18.840752,355315.46,6290208.868
PF991,F15,LBTS-80,303,0,3,2025-11-01 20:31:20.861403,351839.194,6279864.937
PF991,F15,STHC-95,4761,13,17,2025-11-01 20:31:20.861409,351839.194,6279864.937
PG7,201,GCBB-52,3599,9,13,2025-11-01 20:31:22.878481,345529.753,6288266.297
PG7,201,GCBB-34,7071,20,24,2025-11-01 20:31:22.878486,345529.753,6288266.297
PG7,301,CJRX-49,9091,29,60,2025-11-01 20:31:22.878488,345529.753,6288266.297
PG7,301,BJFV-16,11316,36,60,2025-11-01 20:31:22.878488,345529.753,6288266.297
PG7,229,SFWZ-23,1593,3,7,2025-11-01 20:31:22.878490,345529.753,6288266.297
PG7,229,VJKZ-78,2997,7,11,2025-11-01 20:31:22.878490,345529.753,6288266.297
PG7,223,SHCV-42,728,0,2,2025-11-01 20:31:22.878491,345529.753,6288266.297
PG7,223,SFGY-90,1782,4,8,2025-11-01 20:31:22.878492,345529.753,6288266.297
PG7,E05,BJFZ-12,1572,3,7,2025-11-01 20:31:22.878493,345529.753,6288266.297
PB1851,B12,SKDJ-14,2780,7,11,2025-11-01 20:31:24.850034,341960.0,6310647.0
PB1851,B12,SKDF-82,10812,34,60,2025-11-01 20:31:24.850040,341960.0,6310647.0
PB1851,B33,SHCW-77,919,0,3,2025-11-01 20:31:24.850041,341960.0,6310647.0
PB1851,B33,SHCW-64,3866,10,14,2025-11-01 20:31:24.850042,341960.0,6310647.0
PB1851,B42,VHTB-66,5627,16,20,2025-11-01 20:31:24.850043,341960.0,6310647.0
PJ154,422,PFXB-15,1758,4,8,2025-11-01 20:31:27.005878,337845.691,6298058.901
PJ154,422,GCBD-95,3002,7,11,2025-11-01 20:31:27.005883,337845.691,6298058.901
PJ154,402,PFTW-36,3493,9,13,2025-11-01 20:31:27.005884,337845.691,6298058.901
PJ154,402,SKPK-28,8595,27,60,2025-11-01 20:31:27.005885,337845.691,6298058.901
PJ154,J20,FLXS-89,4311,12,16,2025-11-01 20:31:27.005886,337845.691,6298058.901
PJ154,406,PFXB-41,2934,7,11,2025-11-01 20:31:27.005887,337845.691,6298058.901
PJ154,406,PFXC-78,5585,16,20,2025-11-01 20:31:27.005888,337845.691,6298058.901
PJ154,407,FLXV-86,921,0,3,2025-11-01 20:31:27.005889,337845.691,6298058.901
PJ154,407,PFXC-71,5444,15,19,2025-11-01 20:31:27.005890,337845.691,6298058.901
PJ154,426,BJFD-41,3953,10,14,2025-11-01 20:31:27.005891,337845.691,6298058.901
PJ154,426,BJFF-52,9528,30,60,2025-11-01 20:31:27.005892,337845.691,6298058.901
PJ154,511,FLXW-40,4372,12,16,2025-11-01 20:31:27.005893,337845.691,6298058.901
PJ154,511,TBFT-34,6831,20,24,2025-11-01 20:31:27.005894,337845.691,6298058.901
PJ154,J07,VJBB-31,2031,4,8,2025-11-01 20:31:27.005895,337845.691,6298058.901
PJ154,J07e,VHZW-71,2323,5,9,2025-11-01 20:31:27.005896,337845.691,6298058.901
PJ154,J07e,VHZY-10,4654,13,17,2025-11-01 20:31:27.005896,337845.691,6298058.901
PG1759,329,FLXR-21,2502,6,10,2025-11-01 20:31:28.972536,344588.887,6289561.307
PB1580,B05,SPCG-47,3159,8,12,2025-11-01 20:31:30.979128,349033.619,6303938.691
PB1580,B05,SPCG-62,6509,19,23,2025-11-01 20:31:30.979133,349033.619,6303938.691
PB1580,107,PGBY-69,3140,8,12,2025-11-01 20:31:30.979134,349033.619,6303938.691
PB1580,116,HRKT-53,1493,3,7,2025-11-01 20:31:30.979135,349033.619,6303938.691
PB1580,C06,LWTK-48,4669,13,17,2025-11-01 20:31:30.979137,349033.619,6303938.691
PB1580,C06,SGPY-57,9014,28,60,2025-11-01 20:31:30.979137,349033.619,6303938.691
PJ862,412,SKPK-21,0,0,3,2025-11-01 20:31:35.103349,339901.538,6297637.199
PJ862,412,PFTW-51,3077,8,12,2025-11-01 20:31:35.103354,339901.538,6297637.199
PJ862,J08,FLXW-10,2227,5,9,2025-11-01 20:31:35.103355,339901.538,6297637.199
PJ862,J08,GCBD-75,7933,23,27,2025-11-01 20:31:35.103356,339901.538,6297637.199
PG2122,G34,THTD-32,4625,13,17,2025-11-01 20:31:37.138315,343330.001,6287166.001
PG2122,G34,THTG-84,4665,13,17,2025-11-01 20:31:37.138320,343330.001,6287166.001
PG292,G04,SDSW-72,1113,0,4,2025-11-01 20:31:39.234162,346009.041,6287176.619
PG292,G04,SFPG-49,1158,0,4,2025-11-01 20:31:39.234166,346009.041,6287176.619
PF867,F16,SPRV-96,5151,14,18,2025-11-01 20:31:41.266104,353529.416,6281730.991
PG891,G05,SFGY-85,303,0,3,2025-11-01 20:31:43.369857,346905.186,6282441.43
PG891,G05,SHCV-32,3846,10,14,2025-11-01 20:31:43.369863,346905.186,6282441.43
PG891,G35,SFPF-75,4391,12,16,2025-11-01 20:31:43.369864,346905.186,6282441.43
PG891,G35,SFGY-70,11640,37,60,2025-11-01 20:31:43.369865,346905.186,6282441.43
PJ2011,J07,VHZY-40,6420,18,22,2025-11-01 20:31:45.427675,335589.039,6304975.033
PJ2011,J07,VJBB-31,12773,40,60,2025-11-01 20:31:45.427681,335589.039,6304975.033
PE444,E04,VKJX-70,1864,4,8,2025-11-01 20:31:47.458187,353825.292,6287342.27
PJ160,406,PFXB-41,5116,14,18,2025-11-01 20:31:49.559824,335619.155,6298222.917
PJ160,406,PFXC-78,7875,23,27,2025-11-01 20:31:49.559829,335619.155,6298222.917
PJ160,407,FLXV-86,3169,8,12,2025-11-01 20:31:49.559830,335619.155,6298222.917
PJ160,407,PFXC-71,7543,22,26,2025-11-01 20:31:49.559831,335619.155,6298222.917
PJ160,426,BJFD-41,6243,18,22,2025-11-01 20:31:49.559832,335619.155,6298222.917
PJ160,426,BJFF-52,11660,37,60,2025-11-01 20:31:49.559832,335619.155,6298222.917
PJ160,402,PFYC-36,697,0,2,2025-11-01 20:31:49.559833,335619.155,6298222.917
PJ160,402,PFTW-36,5783,16,20,2025-11-01 20:31:49.559834,335619.155,6298222.917
PJ160,514,FLXV-35,771,0,2,2025-11-01 20:31:49.559835,335619.155,6298222.917
PJ160,514,GCBD-31,6068,17,21,2025-11-01 20:31:49.559836,335619.155,6298222.917
PJ160,J07,VJBB-31,4321,12,16,2025-11-01 20:31:49.559837,335619.155,6298222.917
PJ160,J07e,VHZW-71,4613,13,17,2025-11-01 20:31:49.559838,335619.155,6298222.917
PI853,I03,FLXG-93,2811,7,11,2025-11-01 20:31:51.627095,340058.757,6295011.701
PB1903,B06,SKDH-95,3338,9,13,2025-11-01 20:31:53.660638,340800.0,6306795.0
PB1903,B21,SKDH-29,1517,3,7,2025-11-01 20:31:53.660644,340800.0,6306795.0
PB1903,B21,SHCV-81,1941,4,8,2025-11-01 20:31:53.660645,340800.0,6306795.0
PB1903,429,SLLZ-56,4156,11,15,2025-11-01 20:31:53.660646,340800.0,6306795.0
PB1903,429,SLLZ-43,8228,26,60,2025-11-01 20:31:53.660647,340800.0,6306795.0
PB1903,303,FLXF-33,1383,0,4,2025-11-01 20:31:53.660648,340800.0,6306795.0
PB1903,303,FLXF-23,4344,12,16,2025-11-01 20:31:53.660649,340800.0,6306795.0
PB1903,307,TWPD-56,3719,10,14,2025-11-01 20:31:53.660649,340800.0,6306795.0
PC437,C13,SHXF-95,2848,7,11,2025-11-01 20:31:59.128924,359438.166,6308170.678
PC437,C13,SHXG-37,12335,39,60,2025-11-01 20:31:59.128929,359438.166,6308170.678
PC437,430,SHXG-43,366,0,3,2025-11-01 20:31:59.128930,359438.166,6308170.678
PC437,430,PGTV-13,601,0,2,2025-11-01 20:31:59.128931,359438.166,6308170.678
PC437,426,BJFH-26,379,0,3,2025-11-01 20:31:59.128932,359438.166,6308170.678
PC437,426,FLXS-94,601,0,2,2025-11-01 20:31:59.128933,359438.166,6308170.678
PC437,C01,LCPW-51,1581,3,7,2025-11-01 20:31:59.128934,359438.166,6308170.678
PC437,C01,LCPW-35,2566,6,10,2025-11-01 20:31:59.128935,359438.166,6308170.678
PC437,C16,LFSX-97,2012,4,8,2025-11-01 20:31:59.128935,359438.166,6308170.678
PD351,114,SKWD-28,749,0,2,2025-11-01 20:32:01.719733,351306.75,6296975.12
PD351,114,SKVD-63,4323,12,16,2025-11-01 20:32:01.719739,351306.75,6296975.12
PB1429,B22,SKPS-19,1571,3,7,2025-11-01 20:32:03.726031,344725.452,6305418.76
PB1429,B22,SKPS-44,6142,17,21,2025-11-01 20:32:03.726036,344725.452,6305418.76
PJ1037,J06,FLXZ-84,4594,13,17,2025-11-01 20:32:05.761365,340584.669,6297755.978
PE1411,118,FLXX-87,3844,10,14,2025-11-01 20:32:07.802997,352565.371,6291034.755
PE1411,118,FLXX-37,8888,28,60,2025-11-01 20:32:07.803002,352565.371,6291034.755
PC65,C18,SHCW-75,2686,6,10,2025-11-01 20:32:09.798237,351905.528,6304071.424
PC65,C18,SHCW-76,2686,6,10,2025-11-01 20:32:09.798242,351905.528,6304071.424
PC65,722,STHK-70,6467,18,22,2025-11-01 20:32:09.798243,351905.528,6304071.424
PC65,722,STHK-20,9751,31,60,2025-11-01 20:32:09.798244,351905.528,6304071.424
PC65,C22,SHCV-71,2262,5,9,2025-11-01 20:32:09.798245,351905.528,6304071.424
PC65,425,SGPW-35,3370,9,13,2025-11-01 20:32:09.798246,351905.528,6304071.424
PC65,425,SHCX-64,11381,36,60,2025-11-01 20:32:09.798247,351905.528,6304071.424
PD1642,212,LZPR-80,1076,0,3,2025-11-01 20:32:11.796063,352351.951,6291084.586
PD1642,212,VJKG-25,5731,16,20,2025-11-01 20:32:11.796068,352351.951,6291084.586
PD1642,103,SPBS-61,7242,21,25,2025-11-01 20:32:11.796070,352351.951,6291084.586
PD1642,103,PGBY-89,11368,36,60,2025-11-01 20:32:11.796071,352351.951,6291084.586
PD1642,D26,SPBP-96,672,0,2,2025-11-01 20:32:11.796071,352351.951,6291084.586
PD1642,D26,PGBY-42,12025,38,60,2025-11-01 20:32:11.796072,352351.951,6291084.586
PD1642,224,VFPF-21,3516,9,13,2025-11-01 20:32:11.796073,352351.951,6291084.586
PD1642,224,VGBV-51,7585,22,26,2025-11-01 20:32:11.796074,352351.951,6291084.586
PD1642,D16,PGTV-19,1170,0,4,2025-11-01 20:32:11.796075,352351.951,6291084.586
PD1642,D16,SPBR-29,8974,28,60,2025-11-01 20:32:11.796076,352351.951,6291084.586
PD1642,514,CJRW-79,10517,33,60,2025-11-01 20:32:11.796077,352351.951,6291084.586
PD1642,514,TBFT-75,12270,39,60,2025-11-01 20:32:11.796077,352351.951,6291084.586
PJ1769,J04,TBFT-12,3987,11,15,2025-11-01 20:32:13.822755,336368.493,6300671.67
PJ1769,B38,TBFW-87,586,0,2,2025-11-01 20:32:13.822761,336368.493,6300671.67
PB1437,B22,SKPS-21,1351,0,4,2025-11-01 20:32:15.844671,346300.233,6303810.24
PB1437,B22,SKPS-19,6373,18,22,2025-11-01 20:32:15.844676,346300.233,6303810.24
PG314,228,THTG-64,3384,9,13,2025-11-01 20:32:17.829563,346316.714,6285665.814
PG314,228,THTG-83,8787,28,60,2025-11-01 20:32:17.829568,346316.714,6285665.814
PE345,E11,VKJZ-50,1322,0,4,2025-11-01 20:32:21.557356,353293.941,6285624.914
PE345,E12,VFKV-81,6281,18,22,2025-11-01 20:32:21.557362,353293.941,6285624.914
PE345,E12,VJZC-15,10713,34,60,2025-11-01 20:32:21.557363,353293.941,6285624.914
PB971,B06,SKDJ-76,0,0,3,2025-11-01 20:32:26.227084,344413.329,6305438.48
PB971,B06,SPCG-80,3601,9,13,2025-11-01 20:32:26.227089,344413.329,6305438.48
PB971,B21,SKDH-29,5779,16,20,2025-11-01 20:32:26.227090,344413.329,6305438.48
PB971,B21,SHCV-81,6204,18,22,2025-11-01 20:32:26.227091,344413.329,6305438.48
PB971,B11,SPCG-79,5740,16,20,2025-11-01 20:32:26.227092,344413.329,6305438.48
PB971,B11,SPCG-41,10063,32,60,2025-11-01 20:32:26.227092,344413.329,6305438.48
PB933,B11,SKDJ-31,537,0,2,2025-11-01 20:32:28.271645,344190.349,6305692.442
PB933,B11,SKDH-97,6180,18,22,2025-11-01 20:32:28.271651,344190.349,6305692.442
PB933,B06,SKDH-62,853,0,3,2025-11-01 20:32:28.271652,344190.349,6305692.442
PB933,B21,SKDJ-94,1559,3,7,2025-11-01 20:32:28.271653,344190.349,6305692.442
PB933,B21,SKDG-29,5020,14,18,2025-11-01 20:32:28.271654,344190.349,6305692.442
PB933,230,GCBB-54,3015,8,12,2025-11-01 20:32:28.271655,344190.349,6305692.442
PB933,230,GCBB-85,6869,20,24,2025-11-01 20:32:28.271656,344190.349,6305692.442
PB352,272,VFPB-70,4552,12,16,2025-11-01 20:32:30.275219,345020.558,6304935.97
PB352,272,VGBX-59,10267,32,60,2025-11-01 20:32:30.275224,345020.558,6304935.97
PB352,B11,SKDH-97,5044,14,18,2025-11-01 20:32:30.275225,345020.558,6304935.97
PB352,B12,SKDF-82,2926,7,11,2025-11-01 20:32:30.275226,345020.558,6304935.97
PB352,B12,SKDG-39,2911,7,11,2025-11-01 20:32:30.275227,345020.558,6304935.97
PB352,B21,SKDJ-94,423,0,3,2025-11-01 20:32:30.275228,345020.558,6304935.97
PB352,B21,SKDG-29,3884,10,14,2025-11-01 20:32:30.275228,345020.558,6304935.97
PB911,445,SKPH-72,5976,17,21,2025-11-01 20:32:32.271926,343419.359,6307617.467
PB911,445,SHXD-72,15139,48,60,2025-11-01 20:32:32.271931,343419.359,6307617.467
PB911,B05,SPCG-36,1610,3,7,2025-11-01 20:32:32.271932,343419.359,6307617.467
PB911,B05,SPCG-52,5538,15,19,2025-11-01 20:32:32.271933,343419.359,6307617.467
PB911,B36,STHB-62,4650,13,17,2025-11-01 20:32:32.271934,343419.359,6307617.467
PB911,B36,STHJ-68,8430,27,60,2025-11-01 20:32:32.271935,343419.359,6307617.467
PH302,119,CJRX-52,6974,20,24,2025-11-01 20:32:34.280790,343872.474,6291771.945
PH302,119,FLXK-72,10127,32,60,2025-11-01 20:32:34.280795,343872.474,6291771.945
PH302,345,CJRX-67,5466,15,19,2025-11-01 20:32:34.280796,343872.474,6291771.945
PG665,G01,THTH-85,1555,3,7,2025-11-01 20:32:37.084430,346753.341,6288933.155
PG665,G01,THTF-64,5775,16,20,2025-11-01 20:32:37.084435,346753.341,6288933.155
PJ332,504,TBFW-83,2022,11,15,2025-11-01 20:32:40.894005,340405.86,6299539.42
PJ332,504,TBFT-55,8328,65,60,2025-11-01 20:32:40.894010,340405.86,6299539.42
PJ332,507,GCBD-69,2780,7,11,2025-11-01 20:32:40.894012,340405.86,6299539.42
PJ332,517,VHXK-21,3283,8,12,2025-11-01 20:32:40.894013,340405.86,6299539.42
PJ332,517,VJJV-28,3358,9,13,2025-11-01 20:32:40.894014,340405.86,6299539.42
PJ332,518,PFWZ-92,704,0,2,2025-11-01 20:32:40.894015,340405.86,6299539.42
PJ332,518,GCBD-50,4050,11,15,2025-11-01 20:32:40.894016,340405.86,6299539.42
PJ332,503,VGTY-85,2731,7,11,2025-11-01 20:32:40.894017,340405.86,6299539.42
PJ332,503,VHLW-27,7007,20,24,2025-11-01 20:32:40.894018,340405.86,6299539.42
PB506,B08,SHCX-54,4739,13,17,2025-11-01 20:32:50.533717,343766.14,6306634.66
PB506,B08,SHCY-36,9367,30,60,2025-11-01 20:32:50.533722,343766.14,6306634.66
PB506,B18,STHL-11,6242,18,22,2025-11-01 20:32:50.533723,343766.14,6306634.66
PB506,425,SJPC-83,988,0,3,2025-11-01 20:32:50.533724,343766.14,6306634.66
PB506,425,SJPC-51,4850,13,17,2025-11-01 20:32:50.533724,343766.14,6306634.66
PB506,429,SLPB-45,2742,7,11,2025-11-01 20:32:50.533725,343766.14,6306634.66
PB506,429,SLLZ-56,8290,26,60,2025-11-01 20:32:50.533726,343766.14,6306634.66
PB506,B43,SJPF-41,7069,20,24,2025-11-01 20:32:50.533727,343766.14,6306634.66
PB506,B43,SJPC-82,9675,31,60,2025-11-01 20:32:50.533728,343766.14,6306634.66
PJ877,J10,VJBB-40,5173,14,18,2025-11-01 20:32:53.729736,341770.176,6297731.351
PJ877,J10,VJBB-61,6407,18,22,2025-11-01 20:32:53.729741,341770.176,6297731.351
PE24,102,SRVL-15,6644,19,23,2025-11-01 20:32:55.733013,354112.698,6287736.391
PE24,104,SKWD-93,121,0,3,2025-11-01 20:32:55.733018,354112.698,6287736.391
PE24,104,LFGR-91,2512,6,10,2025-11-01 20:32:55.733019,354112.698,6287736.391
PE24,712,SJPD-98,2009,4,8,2025-11-01 20:32:55.733020,354112.698,6287736.391
PE24,712,SRVJ-90,7924,23,27,2025-11-01 20:32:55.733021,354112.698,6287736.391
PE24,124,LCTG-44,3663,10,14,2025-11-01 20:32:55.733022,354112.698,6287736.391
PE24,124,SPZX-70,10800,34,60,2025-11-01 20:32:55.733022,354112.698,6287736.391
PA4,J16,TBFS-46,809,0,3,2025-11-01 20:32:57.778065,343921.64,6297897.322
PA4,J16,FLXD-33,8824,28,60,2025-11-01 20:32:57.778070,343921.64,6297897.322
PA4,109,TBFW-16,10240,32,60,2025-11-01 20:32:57.778072,343921.64,6297897.322
PA4,406,PFXC-46,9031,29,60,2025-11-01 20:32:57.778073,343921.64,6297897.322
PA4,406,TBFT-86,16210,51,60,2025-11-01 20:32:57.778074,343921.64,6297897.322
PA4,426,BJFF-52,1093,0,3,2025-11-01 20:32:57.778075,343921.64,6297897.322
PA4,426,BJFC-72,3436,9,13,2025-11-01 20:32:57.778076,343921.64,6297897.322
PA4,422,PFWZ-59,2218,5,9,2025-11-01 20:32:57.778077,343921.64,6297897.322
PA4,422,PFXC-74,6160,17,21,2025-11-01 20:32:57.778078,343921.64,6297897.322
PA4,507,PFXB-75,4024,11,15,2025-11-01 20:32:57.778079,343921.64,6297897.322
PA4,507,TBFR-30,6549,19,23,2025-11-01 20:32:57.778080,343921.64,6297897.322
PA4,B28,SJTD-66,8323,26,60,2025-11-01 20:32:57.778081,343921.64,6297897.322
PA4,513,VJBC-60,6708,19,23,2025-11-01 20:32:57.778082,343921.64,6297897.322
PA4,513,VJBB-51,8416,27,60,2025-11-01 20:32:57.778082,343921.64,6297897.322
PG1655,207,VJJX-97,37,0,3,2025-11-01 20:33:00.768201,348927.006,6277759.758
PG1655,207,SVPX-54,1720,3,7,2025-11-01 20:33:00.768206,348927.006,6277759.758
PC250,542,FLXW-24,4367,12,16,2025-11-01 20:33:04.165562,355734.476,6305112.059
PB167,B15,SPCG-88,1260,0,4,2025-11-01 20:33:16.869582,347484.397,6300813.471
PB167,B15,SPCG-86,10467,33,60,2025-11-01 20:33:16.869587,347484.397,6300813.471
PB167,116,LDJJ-80,789,0,2,2025-11-01 20:33:16.869589,347484.397,6300813.471
PB167,116,LDJJ-68,6865,20,24,2025-11-01 20:33:16.869590,347484.397,6300813.471
PB401,303,FLXF-23,640,0,2,2025-11-01 20:33:30.422298,337952.79,6306392.26
PG1774,228,THTF-20,3670,10,14,2025-11-01 20:33:32.730993,343693.102,6280929.357
PG1774,228,THTH-84,5777,16,20,2025-11-01 20:33:32.730998,343693.102,6280929.357
PH651,H09,VGRC-13,1044,0,3,2025-11-01 20:33:43.002643,346741.063,6293591.076
PG348,301,BJFY-97,459,0,3,2025-11-01 20:33:47.446192,344930.0,6285374.0
PG348,301,BJFT-85,1650,3,7,2025-11-01 20:33:47.446197,344930.0,6285374.0
PD782,D08,SVDC-60,2250,5,9,2025-11-01 20:33:49.479029,357122.494,6298213.617
PD782,D08,SVDD-50,5238,15,19,2025-11-01 20:33:49.479033,357122.494,6298213.617
PC220,502,TBFR-22,1305,0,4,2025-11-01 20:33:51.468135,353658.79,6304215.17
PC220,502,BJFJ-15,3716,10,14,2025-11-01 20:33:51.468140,353658.79,6304215.17
PC220,405,PFTF-86,3069,8,12,2025-11-01 20:33:51.468141,353658.79,6304215.17
PC220,405,PFYH-22,4507,12,16,2025-11-01 20:33:51.468142,353658.79,6304215.17
PC220,542,TBFZ-34,1298,0,4,2025-11-01 20:33:51.468142,353658.79,6304215.17
PC220,542,GCBF-35,9365,30,60,2025-11-01 20:33:51.468143,353658.79,6304215.17
PC220,435,SLLY-52,289,0,3,2025-11-01 20:33:51.468144,353658.79,6304215.17
PC220,435,SLPB-64,4807,13,17,2025-11-01 20:33:51.468145,353658.79,6304215.17
PG1209,G14,FLXX-17,1038,0,3,2025-11-01 20:33:53.458581,343926.204,6279140.254
PG1209,G14,FLXL-89,4413,12,16,2025-11-01 20:33:53.458586,343926.204,6279140.254
PC36,104,SKWD-74,1286,0,4,2025-11-01 20:33:55.439565,350770.24,6300806.625
PC36,104,SKVD-53,4265,11,15,2025-11-01 20:33:55.439570,350770.24,6300806.625
PC36,212,VJKF-61,2366,5,9,2025-11-01 20:33:55.439572,350770.24,6300806.625
PC36,212,SFVZ-94,2797,7,11,2025-11-01 20:33:55.439573,350770.24,6300806.625
PJ149,402,SKPK-34,6705,19,23,2025-11-01 20:33:57.431921,339764.437,6298136.23
PJ149,402,SJPD-97,6705,19,23,2025-11-01 20:33:57.431927,339764.437,6298136.23
PJ149,406,PFXB-41,0,0,3,2025-11-01 20:33:57.431929,339764.437,6298136.23
PJ149,406,PFXC-78,2499,6,10,2025-11-01 20:33:57.431930,339764.437,6298136.23
PJ149,407,PFXC-71,2663,6,10,2025-11-01 20:33:57.431931,339764.437,6298136.23
PJ149,407,GCBD-44,4576,12,16,2025-11-01 20:33:57.431932,339764.437,6298136.23
PJ149,426,BJFD-41,1532,3,7,2025-11-01 20:33:57.431933,339764.437,6298136.23
PJ149,426,BJFF-52,6583,19,23,2025-11-01 20:33:57.431934,339764.437,6298136.23
PJ149,422,GCBD-95,0,0,3,2025-11-01 20:33:57.431935,339764.437,6298136.23
PJ149,422,PFWZ-59,7263,21,25,2025-11-01 20:33:57.431936,339764.437,6298136.23
PD563,519,PFXC-82,3921,10,14,2025-11-01 20:34:00.155213,349240.695,6296543.708
PD563,519,GCBF-20,8135,26,60,2025-11-01 20:34:00.155219,349240.695,6296543.708
PD563,516,GCBC-62,4389,12,16,2025-11-01 20:34:00.155220,349240.695,6296543.708
PD563,516,GCBC-67,7732,22,26,2025-11-01 20:34:00.155221,349240.695,6296543.708
PI8,I03,FLXG-55,634,0,2,2025-11-01 20:34:02.213149,340137.646,6295059.917
PI8,I10,FLXL-63,1982,4,8,2025-11-01 20:34:02.213154,340137.646,6295059.917
PI8,385,FLXK-87,9692,31,60,2025-11-01 20:34:02.213155,340137.646,6295059.917
PI8,385,FLXY-87,12970,41,60,2025-11-01 20:34:02.213156,340137.646,6295059.917
PI8,101,PGPT-56,5442,15,19,2025-11-01 20:34:02.213157,340137.646,6295059.917
PI8,101,PGPT-38,10672,34,60,2025-11-01 20:34:02.213157,340137.646,6295059.917
PI8,506,SZZY-77,748,0,2,2025-11-01 20:34:02.213158,340137.646,6295059.917
PI8,506,GCBC-61,4563,12,16,2025-11-01 20:34:02.213159,340137.646,6295059.917
PI8,506v,PFWZ-71,5231,15,19,2025-11-01 20:34:02.213160,340137.646,6295059.917
PI8,506v,PFXC-59,15407,49,60,2025-11-01 20:34:02.213161,340137.646,6295059.917
PI8,509,FLXW-53,4733,13,17,2025-11-01 20:34:02.213162,340137.646,6295059.917
PA218,201,GCBB-86,215,0,3,2025-11-01 20:34:04.237120,346074.3,6298412.96
PA218,201,GCBB-74,2439,6,10,2025-11-01 20:34:04.237125,346074.3,6298412.96
PA218,509,FLXX-94,2250,5,9,2025-11-01 20:34:04.237127,346074.3,6298412.96
PA218,509,FLXX-46,11004,35,60,2025-11-01 20:34:04.237128,346074.3,6298412.96
PB1532,G08v,FLXV-32,5249,15,19,2025-11-01 20:34:06.304423,343571.603,6282605.248
PJ1775,J02,VHXJ-81,482,0,2,2025-11-01 20:34:08.040372,342307.371,6299562.675
PJ1775,J02,VHXF-94,8338,26,60,2025-11-01 20:34:08.040376,342307.371,6299562.675
PJ1775,503,VGTY-85,4230,11,15,2025-11-01 20:34:08.040377,342307.371,6299562.675
PJ1775,503,VHLW-27,8657,27,60,2025-11-01 20:34:08.040378,342307.371,6299562.675
PJ1775,504,TBFW-83,3511,18,22,2025-11-01 20:34:08.040379,342307.371,6299562.675
PJ1775,504,TBFT-55,9828,77,60,2025-11-01 20:34:08.040380,342307.371,6299562.675
PJ1775,507,GCBD-69,4058,11,15,2025-11-01 20:34:08.040381,342307.371,6299562.675
PJ1775,517,VHXK-21,4795,13,17,2025-11-01 20:34:08.040382,342307.371,6299562.675
PJ1775,518,PFWZ-92,1656,3,7,2025-11-01 20:34:08.040383,342307.371,6299562.675
PJ1775,518,GCBD-50,5965,17,21,2025-11-01 20:34:08.040383,342307.371,6299562.675
PD797,D15,STYX-82,553,0,2,2025-11-01 20:34:10.433401,357633.848,6295169.642
PD797,D03,SVDF-61,1089,0,3,2025-11-01 20:34:10.433406,357633.848,6295169.642
PJ1941,J05,TBFT-99,456,0,3,2025-11-01 20:34:14.512447,336061.41,6300985.59
PJ1941,J13,TBFP-72,3704,10,14,2025-11-01 20:34:14.512453,336061.41,6300985.59
PJ1941,J13,GCBD-47,6952,20,24,2025-11-01 20:34:14.512453,336061.41,6300985.59
PJ1941,J03,TBFT-43,988,0,3,2025-11-01 20:34:14.512454,336061.41,6300985.59
PJ1941,J03,TBFX-21,6767,19,23,2025-11-01 20:34:14.512455,336061.41,6300985.59
PJ119,J07e,VHZX-91,18226,58,60,2025-11-01 20:34:16.592314,336333.521,6298277.849
PJ119,J07e,VJBB-21,32740,10,3,2025-11-01 20:34:16.592319,336333.521,6298277.849
PJ119,406,GCBC-59,791,0,4,2025-11-01 20:34:16.592320,336333.521,6298277.849
PJ119,406,GCBD-12,1369,10,14,2025-11-01 20:34:16.592321,336333.521,6298277.849
PJ119,407,GCBD-30,2571,6,10,2025-11-01 20:34:16.592322,336333.521,6298277.849
PJ119,426,BJFH-51,2796,7,11,2025-11-01 20:34:16.592323,336333.521,6298277.849
PJ119,402,LXWP-68,2819,7,11,2025-11-01 20:34:16.592324,336333.521,6298277.849
PJ119,402,LXWP-72,2820,7,11,2025-11-01 20:34:16.592325,336333.521,6298277.849
PJ119,J07,VHZY-50,3007,7,11,2025-11-01 20:34:16.592326,336333.521,6298277.849
PJ119,J07,VHZY-71,10102,32,60,2025-11-01 20:34:16.592327,336333.521,6298277.849
PJ119,J07e2,VHZW-70,3145,8,12,2025-11-01 20:34:16.592328,336333.521,6298277.849
PC131,C05,LDJW-50,3140,8,12,2025-11-01 20:34:18.636402,355568.441,6300798.193
PC131,401,PGPT-52,5347,15,19,2025-11-01 20:34:18.636407,355568.441,6300798.193
PC131,517,VHZX-21,6530,19,23,2025-11-01 20:34:18.636408,355568.441,6300798.193
PC131,D11,SVDC-89,4123,11,15,2025-11-01 20:34:18.636409,355568.441,6300798.193
PC131,D11,STVY-74,6726,19,23,2025-11-01 20:34:18.636410,355568.441,6300798.193
PI65,105,SHXG-32,1971,4,8,2025-11-01 20:34:20.658436,342678.14,6297612.24
PI65,105,SJPD-95,5669,16,20,2025-11-01 20:34:20.658441,342678.14,6297612.24
PI65,120,SJTD-63,7063,20,24,2025-11-01 20:34:20.658442,342678.14,6297612.24
PI65,407,TBFX-18,4705,13,17,2025-11-01 20:34:20.658443,342678.14,6297612.24
PI65,407,GCBD-30,10209,32,60,2025-11-01 20:34:20.658444,342678.14,6297612.24
PD448,403,PFTW-31,3103,8,12,2025-11-01 20:34:22.653597,355176.178,6297514.52
PD448,403,PGBY-72,3742,10,14,2025-11-01 20:34:22.653602,355176.178,6297514.52
PD448,D01,SVDF-13,4013,11,15,2025-11-01 20:34:22.653603,355176.178,6297514.52
PD448,D01,STSK-91,8090,26,60,2025-11-01 20:34:22.653604,355176.178,6297514.52
PD448,D02,SVDB-99,1799,4,8,2025-11-01 20:34:22.653605,355176.178,6297514.52
PD448,D02,SVDF-73,5605,16,20,2025-11-01 20:34:22.653606,355176.178,6297514.52
PD448,422,PFXB-74,681,0,2,2025-11-01 20:34:22.653607,355176.178,6297514.52
PD448,422,TBFT-50,3908,10,14,2025-11-01 20:34:22.653608,355176.178,6297514.52
PD448,D15,SVDD-80,3222,8,12,2025-11-01 20:34:22.653609,355176.178,6297514.52
PD448,D15,STYX-82,5855,16,20,2025-11-01 20:34:22.653610,355176.178,6297514.52
PD14,117,SPBL-99,36,0,3,2025-11-01 20:34:24.285041,350730.22,6295114.95
PD14,117,PGBY-87,1575,3,7,2025-11-01 20:34:24.285046,350730.22,6295114.95
PD14,114,SRRW-96,2311,5,9,2025-11-01 20:34:24.285047,350730.22,6295114.95
PD14,114,SRRW-68,2735,7,11,2025-11-01 20:34:24.285048,350730.22,6295114.95
PD14,103,PGTV-11,3769,10,14,2025-11-01 20:34:24.285049,350730.22,6295114.95
PC1017,517,VJJV-28,2845,7,11,2025-11-01 20:34:25.999971,349664.673,6299527.319
PC1017,517,VJBB-50,5385,15,19,2025-11-01 20:34:25.999976,349664.673,6299527.319
PI978,348,VHTB-39,4177,11,15,2025-11-01 20:34:28.033164,337953.124,6290115.37
PD785,D09,SVDD-48,219,0,3,2025-11-01 20:34:30.147272,354249.111,6297148.213
PD785,D09,SVDF-65,7083,20,24,2025-11-01 20:34:30.147277,354249.111,6297148.213
PD785,513,VHZW-91,1540,3,7,2025-11-01 20:34:30.147279,354249.111,6297148.213
PD785,513,VHZX-80,12092,38,60,2025-11-01 20:34:30.147279,354249.111,6297148.213
PD785,D03,STKS-99,401,0,3,2025-11-01 20:34:30.147280,354249.111,6297148.213
PD785,D03,SVDD-56,5867,17,21,2025-11-01 20:34:30.147281,354249.111,6297148.213
PG1229,G09,SFGY-77,2681,6,10,2025-11-01 20:34:32.175298,342236.446,6284245.547
PG1229,G09,SHCV-40,4153,11,15,2025-11-01 20:34:32.175304,342236.446,6284245.547
PF297,F14,SPRW-91,2570,6,10,2025-11-01 20:34:33.707785,355629.774,6282866.511
PF297,F14,SPRV-99,6198,18,22,2025-11-01 20:34:33.707790,355629.774,6282866.511
PF297,124,LBTS-91,6265,18,22,2025-11-01 20:34:33.707791,355629.774,6282866.511
PG1051,G39,SDSW-66,2980,7,11,2025-11-01 20:34:35.451819,340627.969,6285870.397
PG1051,G09,SHCX-13,4897,13,17,2025-11-01 20:34:35.451825,340627.969,6285870.397
PG1051,G09,SHXB-15,5013,14,18,2025-11-01 20:34:35.451826,340627.969,6285870.397
PC270,406,PFXC-46,563,0,2,2025-11-01 20:34:37.494496,350724.234,6301184.122
PC270,406,TBFT-86,7330,21,25,2025-11-01 20:34:37.494501,350724.234,6301184.122
PC270,407,PFXB-76,1702,3,7,2025-11-01 20:34:37.494502,350724.234,6301184.122
PC270,407,PFXB-87,8103,26,60,2025-11-01 20:34:37.494503,350724.234,6301184.122
PC270,426,BJFD-69,2897,7,11,2025-11-01 20:34:37.494504,350724.234,6301184.122
PC270,426,BJFH-30,6101,17,21,2025-11-01 20:34:37.494505,350724.234,6301184.122
PF375,F07,SPRX-21,253,0,3,2025-11-01 20:34:39.544071,352836.588,6282331.68
PF375,F07,SPRW-81,3074,8,12,2025-11-01 20:34:39.544075,352836.588,6282331.68
PI1150,I25,FLXL-85,4771,13,17,2025-11-01 20:34:41.573982,339702.897,6293077.353
PI1150,I25,FLXG-13,10049,32,60,2025-11-01 20:34:41.573987,339702.897,6293077.353
PC285,C28,SKPJ-81,104,0,3,2025-11-01 20:34:44.939596,356523.434,6304188.109
PC285,C28,SGPW-39,3152,8,12,2025-11-01 20:34:44.939601,356523.434,6304188.109
PC285,430,SJPD-76,1502,3,7,2025-11-01 20:34:44.939602,356523.434,6304188.109
PC285,430,SKPH-79,11651,37,60,2025-11-01 20:34:44.939603,356523.434,6304188.109
PC285,406,TBFV-98,4072,29,60,2025-11-01 20:34:44.939604,356523.434,6304188.109
PC285,406,TBFX-16,9829,63,60,2025-11-01 20:34:44.939605,356523.434,6304188.109
PC285,426,FLXK-36,270,0,3,2025-11-01 20:34:44.939606,356523.434,6304188.109
PC285,426,BFKC-96,1502,3,7,2025-11-01 20:34:44.939607,356523.434,6304188.109
PC285,C15,SHCV-82,1249,0,4,2025-11-01 20:34:44.939608,356523.434,6304188.109
PC285,C05,LDJW-50,6653,19,23,2025-11-01 20:34:44.939609,356523.434,6304188.109
PC285,C13,SHXG-37,440,0,3,2025-11-01 20:34:44.939610,356523.434,6304188.109
PC285,C13,SJPB-27,3727,10,14,2025-11-01 20:34:44.939611,356523.434,6304188.109
PC285,C19,SKPJ-89,2610,6,10,2025-11-01 20:34:44.939612,356523.434,6304188.109
PC285,C01c,PGRZ-90,706,0,2,2025-11-01 20:34:44.939613,356523.434,6304188.109
PC285,C01c,PGLD-75,4827,13,17,2025-11-01 20:34:44.939614,356523.434,6304188.109
PC285,C01,LDJT-66,1113,0,4,2025-11-01 20:34:44.939615,356523.434,6304188.109
PC285,C01,LDJJ-83,3064,8,12,2025-11-01 20:34:44.939616,356523.434,6304188.109
PC285,C16,LDTG-62,1119,0,4,2025-11-01 20:34:44.939617,356523.434,6304188.109
PC285,C16,LDJX-68,3992,11,15,2025-11-01 20:34:44.939618,356523.434,6304188.109
PE816,E16,VJXX-41,993,0,3,2025-11-01 20:34:47.008028,349189.293,6287141.524
PE816,E16,VJWY-71,3476,9,13,2025-11-01 20:34:47.008033,349189.293,6287141.524
PD48,114,SKVD-63,2346,5,9,2025-11-01 20:34:49.072758,350792.442,6296739.499
PD48,114,SKWD-25,7551,22,26,2025-11-01 20:34:49.072762,350792.442,6296739.499
PD48,103,SPBP-26,418,0,3,2025-11-01 20:34:49.072763,350792.442,6296739.499
PD48,103,SPBP-90,2522,6,10,2025-11-01 20:34:49.072764,350792.442,6296739.499
PD48,117,SPBL-83,6223,18,22,2025-11-01 20:34:49.072765,350792.442,6296739.499
PD48,117,PGLD-54,10814,34,60,2025-11-01 20:34:49.072767,350792.442,6296739.499
PC952,286,SFPG-47,3661,10,14,2025-11-01 20:34:51.572818,353153.8,6303167.44
PC952,286,SHXG-80,4661,13,17,2025-11-01 20:34:51.572823,353153.8,6303167.44
PC952,C15,SGPY-85,280,0,3,2025-11-01 20:34:51.572824,353153.8,6303167.44
PC952,C15,SHCV-82,7389,21,25,2025-11-01 20:34:51.572825,353153.8,6303167.44
PJ1820,407,FLXV-86,4841,13,17,2025-11-01 20:34:56.757144,334891.21,6299825.88
PJ1820,407,PFXC-71,9062,29,60,2025-11-01 20:34:56.757150,334891.21,6299825.88
PJ1820,422,GCBD-56,434,0,3,2025-11-01 20:34:56.757151,334891.21,6299825.88
PJ1820,422,PFXB-15,5040,14,18,2025-11-01 20:34:56.757152,334891.21,6299825.88
PJ140,426,BJFF-52,3025,8,12,2025-11-01 20:35:07.761362,342713.79,6299186.31
PJ140,426,BJFC-72,5339,15,19,2025-11-01 20:35:07.761367,342713.79,6299186.31
PJ140,422,PFWZ-59,3418,9,13,2025-11-01 20:35:07.761368,342713.79,6299186.31
PJ140,422,PFXC-74,8252,26,60,2025-11-01 20:35:07.761369,342713.79,6299186.31
PJ140,402,SKPK-34,3436,9,13,2025-11-01 20:35:07.761370,342713.79,6299186.31
PJ140,402,SJPD-97,3436,9,13,2025-11-01 20:35:07.761371,342713.79,6299186.31
PJ140,406,GCBC-69,4747,13,17,2025-11-01 20:35:07.761372,342713.79,6299186.31
PJ140,406,PFXC-46,10875,34,60,2025-11-01 20:35:07.761372,342713.79,6299186.31
PD443,D01,SVDD-87,78,0,3,2025-11-01 20:35:12.036952,357467.32,6297539.4
PD443,D01,SVDF-13,1640,3,7,2025-11-01 20:35:12.036957,357467.32,6297539.4
PD228,286,SHCV-47,2519,6,10,2025-11-01 20:35:18.527192,353905.554,6297974.403
PD228,286,SFGY-86,4625,13,17,2025-11-01 20:35:18.527196,353905.554,6297974.403
PD228,712,LBTS-75,24,0,3,2025-11-01 20:35:18.527198,353905.554,6297974.403
PD228,712,SHCW-81,4312,12,16,2025-11-01 20:35:18.527198,353905.554,6297974.403
PD228,216,SFWB-50,1375,0,4,2025-11-01 20:35:18.527199,353905.554,6297974.403
PD228,216,VJKF-44,3576,9,13,2025-11-01 20:35:18.527200,353905.554,6297974.403
PD228,D15,SVDD-59,7157,21,25,2025-11-01 20:35:18.527201,353905.554,6297974.403
PD228,D15,SVDF-71,11471,36,60,2025-11-01 20:35:18.527202,353905.554,6297974.403
PF554,124,SRVF-90,3534,9,13,2025-11-01 20:35:31.713908,353577.153,6278596.801
PG461,E03,FLXF-53,5667,16,20,2025-11-01 20:35:36.927024,346120.62,6289380.14
PG461,E03,FLXK-75,9592,30,60,2025-11-01 20:35:36.927029,346120.62,6289380.14
PH100,115,SZZY-69,1376,0,4,2025-11-01 20:35:46.583738,345705.661,6294379.253
PH100,115,TBFV-20,4627,13,17,2025-11-01 20:35:46.583743,345705.661,6294379.253
PH100,113,FLXY-39,6304,18,22,2025-11-01 20:35:46.583744,345705.661,6294379.253
PH100,113,FLXJ-14,13161,42,60,2025-11-01 20:35:46.583745,345705.661,6294379.253
PH100,H06,CJRZ-85,9381,30,60,2025-11-01 20:35:46.583746,345705.661,6294379.253
PH100,H24,VGRF-45,828,0,3,2025-11-01 20:35:46.583747,345705.661,6294379.253
PI1216,I16,FLXL-55,3454,9,13,2025-11-01 20:36:01.780720,342504.291,6294513.42
PI1216,I16,FLXG-11,3838,10,14,2025-11-01 20:36:01.780725,342504.291,6294513.42
PC864,C16,LDTF-44,4023,11,15,2025-11-01 20:36:10.861665,358763.46,6311522.82
PC864,C16,LDSW-90,4804,13,17,2025-11-01 20:36:10.861670,358763.46,6311522.82
PG365,301,BJFY-97,4705,13,17,2025-11-01 20:36:15.702517,343898.852,6280440.113
PG365,301,BJFT-85,6396,18,22,2025-11-01 20:36:15.702522,343898.852,6280440.113
PG365,301c,BJFS-98,1133,0,4,2025-11-01 20:36:15.702523,343898.852,6280440.113
PJ245,J08,GCBD-75,2478,6,10,2025-11-01 20:36:24.762432,338852.808,6296176.257
PJ245,424,GCBC-47,5893,17,21,2025-11-01 20:36:24.762438,338852.808,6296176.257
PE867,E13,VFKT-91,1734,3,7,2025-11-01 20:36:37.407416,350432.864,6286784.268
PE867,E13,VFJS-65,2737,7,11,2025-11-01 20:36:37.407421,350432.864,6286784.268
PB568,B21,SKDG-24,3978,11,15,2025-11-01 20:36:46.349500,336520.482,6307183.216
PB568,B21,SKDJ-94,10048,32,60,2025-11-01 20:36:46.349504,336520.482,6307183.216
PB568,308c,TWPD-79,1052,0,3,2025-11-01 20:36:46.349505,336520.482,6307183.216
PB568,B08,SJPB-20,10362,33,60,2025-11-01 20:36:46.349506,336520.482,6307183.216
PB568,B12,SPCG-35,1109,0,4,2025-11-01 20:36:46.349507,336520.482,6307183.216
PB568,B12,SKDG-85,1525,3,7,2025-11-01 20:36:46.349508,336520.482,6307183.216
PB568,315e,TWPD-64,1685,3,7,2025-11-01 20:36:46.349509,336520.482,6307183.216
PB568,315e,VHSX-70,7162,21,25,2025-11-01 20:36:46.349510,336520.482,6307183.216
PB568,B11,SKDG-40,7436,21,25,2025-11-01 20:36:46.349511,336520.482,6307183.216
PB568,B11,SKDJ-31,8397,27,60,2025-11-01 20:36:46.349512,336520.482,6307183.216
PB568,314,TWPC-74,597,0,2,2025-11-01 20:36:46.349513,336520.482,6307183.216
PB568,314,TWPD-28,7862,23,27,2025-11-01 20:36:46.349514,336520.482,6307183.216
PB568,B43,SGPY-83,1472,3,7,2025-11-01 20:36:46.349514,336520.482,6307183.216
PB568,B43,SGPY-91,6382,18,22,2025-11-01 20:36:46.349515,336520.482,6307183.216
PB568,B06,SKDJ-25,1775,4,8,2025-11-01 20:36:46.349516,336520.482,6307183.216
PB568,B06,SKDH-63,5640,16,20,2025-11-01 20:36:46.349517,336520.482,6307183.216
PB568,425,SJPC-32,1631,3,7,2025-11-01 20:36:46.349518,336520.482,6307183.216
PB568,425,SJPB-19,1778,4,8,2025-11-01 20:36:46.349518,336520.482,6307183.216
PB568,308,FLXH-40,2783,7,11,2025-11-01 20:36:46.349519,336520.482,6307183.216
PB568,308,FLXJ-94,9505,30,60,2025-11-01 20:36:46.349520,336520.482,6307183.216
PB568,B45,TWPD-88,2898,7,11,2025-11-01 20:36:46.349521,336520.482,6307183.216
PB568,B45,FLXF-84,5191,14,18,2025-11-01 20:36:46.349522,336520.482,6307183.216
PB568,307,TWPD-92,1049,0,3,2025-11-01 20:36:46.349523,336520.482,6307183.216
PB568,307,TWPD-30,8207,26,60,2025-11-01 20:36:46.349524,336520.482,6307183.216
PB568,307c,VHSX-67,0,0,3,2025-11-01 20:36:46.349525,336520.482,6307183.216
PB568,307c,TWPC-60,2830,7,11,2025-11-01 20:36:46.349526,336520.482,6307183.216
PB1118,B10,LDJW-36,364,0,3,2025-11-01 20:37:03.814948,344649.199,6304128.16
PB1118,B22,SKPS-19,1235,0,4,2025-11-01 20:37:03.814953,344649.199,6304128.16
PB1118,B22,SKPS-44,7180,21,25,2025-11-01 20:37:03.814954,344649.199,6304128.16
PB1118,230,GCBB-57,990,0,3,2025-11-01 20:37:03.814955,344649.199,6304128.16
PH343,121,CJRY-66,8490,27,60,2025-11-01 20:37:13.341571,344839.771,6292558.987
PH343,121,BJFW-28,9536,30,60,2025-11-01 20:37:13.341576,344839.771,6292558.987
PH343,H06,BJFS-36,2652,6,10,2025-11-01 20:37:13.341577,344839.771,6292558.987
PH343,H09,VGRC-13,3132,8,12,2025-11-01 20:37:13.341579,344839.771,6292558.987
PA106,385,FLXW-83,5600,16,20,2025-11-01 20:37:20.795302,347194.929,6297380.891
PA106,385,FLXW-85,10191,32,60,2025-11-01 20:37:20.795308,347194.929,6297380.891
PA106,203,SFWZ-82,1163,0,4,2025-11-01 20:37:20.795309,347194.929,6297380.891
PA106,203,VJXC-42,1804,4,8,2025-11-01 20:37:20.795310,347194.929,6297380.891
PA106,206,FLXX-75,5814,16,20,2025-11-01 20:37:20.795311,347194.929,6297380.891
PA106,206,FLXW-70,10169,32,60,2025-11-01 20:37:20.795312,347194.929,6297380.891
PI1343,I02,FLXZ-40,10730,34,60,2025-11-01 20:37:30.288278,333856.867,6290091.507
PI1343,I02,FLXY-75,12095,38,60,2025-11-01 20:37:30.288283,333856.867,6290091.507
PG1227,G09,SFGY-77,947,0,3,2025-11-01 20:37:34.921161,341347.967,6284154.17
PG1227,G09,SHCV-40,2700,7,11,2025-11-01 20:37:34.921166,341347.967,6284154.17
PH742,H14,FLXR-47,775,0,2,2025-11-01 20:37:41.269963,347976.671,6290639.226
PC107,C07,SGPY-86,784,0,2,2025-11-01 20:37:47.319127,354478.179,6301458.834
PC107,C07,SKPJ-83,7014,20,24,2025-11-01 20:37:47.319131,354478.179,6301458.834
PH655,H09,VGRC-13,2088,5,9,2025-11-01 20:37:53.257801,345440.583,6293259.309
PG986,G38,THTG-89,1215,0,4,2025-11-01 20:37:59.334334,343218.639,6278888.572
PG986,G38,THTF-91,5573,16,20,2025-11-01 20:37:59.334339,343218.639,6278888.572
PG986,G08v,FLXV-21,4250,11,15,2025-11-01 20:37:59.334340,343218.639,6278888.572
PG986,G08v,FLXV-32,10678,34,60,2025-11-01 20:37:59.334341,343218.639,6278888.572
PG986,G08,THTD-67,967,0,3,2025-11-01 20:37:59.334342,343218.639,6278888.572
PG986,G08,THTG-12,6311,18,22,2025-11-01 20:37:59.334343,343218.639,6278888.572
PG221,212,SFWB-96,422,0,3,2025-11-01 20:38:03.777333,348381.697,6283433.469
PG221,212,SFWZ-58,2963,7,11,2025-11-01 20:38:03.777338,348381.697,6283433.469
PG221,206,TWPD-17,1515,3,7,2025-11-01 20:38:03.777340,348381.697,6283433.469
PG221,206,FLXZ-58,3702,10,14,2025-11-01 20:38:03.777341,348381.697,6283433.469
PC1013,C19,SKPJ-89,8501,27,60,2025-11-01 20:38:06.428167,357825.677,6310578.882
PC1013,C19,SGPY-81,12870,41,60,2025-11-01 20:38:06.428171,357825.677,6310578.882
PF389,F07,SPRY-46,733,0,2,2025-11-01 20:38:09.934598,353997.919,6281766.449
PA299,502,BJFD-46,489,0,2,2025-11-01 20:38:11.951385,345929.98,6299430.6
PA299,502,TBFX-29,5874,17,21,2025-11-01 20:38:11.951390,345929.98,6299430.6
PA299,503,VGVB-47,206,0,3,2025-11-01 20:38:11.951391,345929.98,6299430.6
PA299,503,VGTY-85,7008,20,24,2025-11-01 20:38:11.951392,345929.98,6299430.6
PA299,509,FLXX-94,1900,4,8,2025-11-01 20:38:11.951393,345929.98,6299430.6
PA299,509,FLXX-46,11112,35,60,2025-11-01 20:38:11.951394,345929.98,6299430.6
PA299,517,VJBC-70,206,0,3,2025-11-01 20:38:11.951395,345929.98,6299430.6
PA299,517,VHXK-21,7249,21,25,2025-11-01 20:38:11.951396,345929.98,6299430.6
PA299,301,BJFT-71,4784,13,17,2025-11-01 20:38:11.951397,345929.98,6299430.6
PA299,301,BJFW-95,9395,30,60,2025-11-01 20:38:11.951398,345929.98,6299430.6
PI1610,I04,FLXF-64,3021,8,12,2025-11-01 20:38:14.000225,342171.891,6295773.654
PI1610,I04,FLXL-81,8935,28,60,2025-11-01 20:38:14.000230,342171.891,6295773.654
PF569,124,SRVL-24,2329,5,9,2025-11-01 20:38:15.979256,352175.705,6278129.438
PF569,124,TXZH-44,7530,22,26,2025-11-01 20:38:15.979261,352175.705,6278129.438
PF844,F02,SHCY-42,6166,17,21,2025-11-01 20:38:18.053285,352234.155,6280505.693
PF844,F15,SRVG-88,3642,10,14,2025-11-01 20:38:18.053289,352234.155,6280505.693
PF844,204,VFPJ-51,3806,10,14,2025-11-01 20:38:18.053290,352234.155,6280505.693
PF844,204,VGBS-15,7104,20,24,2025-11-01 20:38:18.053291,352234.155,6280505.693
PF844,F29,SPVV-53,1681,3,7,2025-11-01 20:38:18.053292,352234.155,6280505.693
PF844,F29,SPVW-86,6219,18,22,2025-11-01 20:38:18.053293,352234.155,6280505.693
PD103,224,VFPY-23,1180,0,4,2025-11-01 20:38:20.201284,351461.787,6297185.819
PD103,224,VFPS-74,3469,9,13,2025-11-01 20:38:20.201289,351461.787,6297185.819
PD103,104,SKWD-62,543,0,2,2025-11-01 20:38:20.201290,351461.787,6297185.819
PD103,104,SKWD-47,6317,18,22,2025-11-01 20:38:20.201291,351461.787,6297185.819
PD103,212,LZPR-80,4855,13,17,2025-11-01 20:38:20.201292,351461.787,6297185.819
PD103,212,VJKG-25,9883,31,60,2025-11-01 20:38:20.201293,351461.787,6297185.819
PG1647,G07,THTF-23,3733,10,14,2025-11-01 20:38:22.219169,339163.318,6276116.19
PG980,G08v,FLXV-21,2596,6,10,2025-11-01 20:38:26.342036,342132.418,6279863.621
PG980,G08v,FLXV-32,8892,28,60,2025-11-01 20:38:26.342041,342132.418,6279863.621
PG980,G08,THTG-12,4484,12,16,2025-11-01 20:38:26.342042,342132.418,6279863.621
PG980,G08,THTF-76,7804,23,27,2025-11-01 20:38:26.342043,342132.418,6279863.621
PI1540,423,PFVH-98,6629,19,23,2025-11-01 20:38:30.354115,338405.947,6294005.209
PI1540,I20,FLXL-75,1147,0,4,2025-11-01 20:38:30.354120,338405.947,6294005.209
PI1540,I20,FLXL-83,4045,11,15,2025-11-01 20:38:30.354122,338405.947,6294005.209
PI807,I10,FLXG-60,2271,5,9,2025-11-01 20:38:32.434590,334202.899,6288220.878
PC318,502,BJFD-46,5089,14,18,2025-11-01 20:38:34.483983,349831.78,6300882.52
PC318,502,TBFX-29,10403,33,60,2025-11-01 20:38:34.483988,349831.78,6300882.52
PC318,542,GCBF-35,2615,6,10,2025-11-01 20:38:34.483989,349831.78,6300882.52
PC318,542,TBFR-20,8746,28,60,2025-11-01 20:38:34.483990,349831.78,6300882.52
PC318,410,LDSX-94,2836,7,11,2025-11-01 20:38:34.483991,349831.78,6300882.52
PC318,410,LFGW-34,9761,31,60,2025-11-01 20:38:34.483992,349831.78,6300882.52
PC318,409,SKWF-10,4625,13,17,2025-11-01 20:38:34.483993,349831.78,6300882.52
PC318,409,PGLD-41,5949,17,21,2025-11-01 20:38:34.483994,349831.78,6300882.52
PD142,106,PFYT-25,825,0,3,2025-11-01 20:38:36.536850,354153.565,6291370.658
PB370,B12,SKDJ-78,4133,11,15,2025-11-01 20:38:38.570463,346153.831,6304849.946
PB370,B12,SKDJ-14,8569,27,60,2025-11-01 20:38:38.570469,346153.831,6304849.946
PB370,272,VFPC-80,2637,6,10,2025-11-01 20:38:38.570470,346153.831,6304849.946
PB370,272,VFPD-84,7758,22,26,2025-11-01 20:38:38.570471,346153.831,6304849.946
PJ1796,507,GCBD-42,228,0,3,2025-11-01 20:38:40.605319,335009.34,6299273.9
PH720,321,FLXR-24,1585,3,7,2025-11-01 20:38:42.224154,344361.768,6290721.38
PH720,I05,VHSY-21,5798,16,20,2025-11-01 20:38:42.224160,344361.768,6290721.38
PH720,I05,VHTB-69,9303,29,60,2025-11-01 20:38:42.224161,344361.768,6290721.38
PJ300,502,TBFT-37,2416,6,10,2025-11-01 20:38:44.243433,340299.47,6300636.55
PJ300,502,GCBD-36,5093,14,18,2025-11-01 20:38:44.243438,340299.47,6300636.55
PJ300,J05,TBFS-42,3832,10,14,2025-11-01 20:38:44.243439,340299.47,6300636.55
PJ300,J05,GCBC-91,7645,22,26,2025-11-01 20:38:44.243440,340299.47,6300636.55
PJ300,542,FLXW-25,3999,11,15,2025-11-01 20:38:44.243440,340299.47,6300636.55
PJ300,542,TBFP-85,12514,40,60,2025-11-01 20:38:44.243441,340299.47,6300636.55
PH77,120,SJTD-56,2241,5,9,2025-11-01 20:38:46.302143,342520.726,6289809.78
PH77,121,BJFT-14,0,0,3,2025-11-01 20:38:46.302147,342520.726,6289809.78
PH77,H03,CJRW-83,4361,12,16,2025-11-01 20:38:46.302148,342520.726,6289809.78
PH77,H06,CJRZ-85,1652,3,7,2025-11-01 20:38:46.302149,342520.726,6289809.78
PH77,345,CJRX-58,900,0,3,2025-11-01 20:38:46.302150,342520.726,6289809.78
PH77,I05,VHSY-21,1441,3,7,2025-11-01 20:38:46.302151,342520.726,6289809.78
PH77,I05,VHTB-69,4946,14,18,2025-11-01 20:38:46.302152,342520.726,6289809.78
PJ847,555,TBFX-58,0,0,3,2025-11-01 20:38:48.308728,334833.414,6299724.837
PB2083,B13,TXZH-26,4512,12,16,2025-11-01 20:38:50.355441,337552.88,6310737.02
PB2083,B13,STHJ-81,5000,14,18,2025-11-01 20:38:50.355446,337552.88,6310737.02
PB1674,B16,STHP-97,243,0,3,2025-11-01 20:38:52.334766,343292.266,6308397.471
PB1674,B16,STHJ-72,3154,8,12,2025-11-01 20:38:52.334770,343292.266,6308397.471
PB1674,B36,STHJ-68,0,0,3,2025-11-01 20:38:52.334772,343292.266,6308397.471
PB1674,B36,STHB-62,577,0,2,2025-11-01 20:38:52.334772,343292.266,6308397.471
PE887,210v,VFPZ-89,3398,9,13,2025-11-01 20:38:54.337012,352931.277,6285094.935
PE887,E09,VKJX-99,890,0,3,2025-11-01 20:38:54.337019,352931.277,6285094.935
PH344,121,CJRY-66,8207,26,60,2025-11-01 20:38:56.408077,344714.273,6292324.703
PH344,121,BJFW-28,9803,31,60,2025-11-01 20:38:56.408082,344714.273,6292324.703
PH344,H06,BJFS-36,2498,6,10,2025-11-01 20:38:56.408084,344714.273,6292324.703
PH344,H09,VGRC-13,2871,7,11,2025-11-01 20:38:56.408085,344714.273,6292324.703
PH344,H24,VGRB-33,0,0,3,2025-11-01 20:38:56.408085,344714.273,6292324.703
PH344,H24,VGRB-24,5160,14,18,2025-11-01 20:38:56.408086,344714.273,6292324.703
PI1790,I03,FLXJ-25,2487,6,10,2025-11-01 20:38:58.442389,335339.32,6290446.83
PI1790,I03,FLXG-93,9892,31,60,2025-11-01 20:38:58.442395,335339.32,6290446.83
PG110,G11,THTD-83,2748,7,11,2025-11-01 20:39:00.481193,348408.132,6285643.543
PG110,G11,THTG-88,3280,8,12,2025-11-01 20:39:00.481198,348408.132,6285643.543
PG110,203,SFWB-44,1275,0,4,2025-11-01 20:39:00.481199,348408.132,6285643.543
PG110,203,LZPR-97,3505,9,13,2025-11-01 20:39:00.481200,348408.132,6285643.543
PG110,G04,SHCX-16,641,0,2,2025-11-01 20:39:00.481201,348408.132,6285643.543
PG110,G04,SDSW-72,4813,13,17,2025-11-01 20:39:00.481201,348408.132,6285643.543
PG1110,G11,THTF-11,0,0,3,2025-11-01 20:39:02.491497,347681.504,6289663.394
PG1110,G11,THTG-73,3563,9,13,2025-11-01 20:39:02.491503,347681.504,6289663.394
PI1081,102,SHXG-89,993,0,3,2025-11-01 20:39:04.546439,341667.888,6296963.655
PD945,D07,SVDD-51,2963,7,11,2025-11-01 20:39:06.075124,350419.996,6294352.121
PD945,D07,SVDF-66,9960,32,60,2025-11-01 20:39:06.075129,350419.996,6294352.121
PC172,C27,SKJP-39,109,0,3,2025-11-01 20:39:08.136924,356956.46,6302429.21
PC172,C27,SHXF-16,3234,8,12,2025-11-01 20:39:08.136929,356956.46,6302429.21
PC172,C37,SKPP-17,88,0,3,2025-11-01 20:39:08.136930,356956.46,6302429.21
PC172,C09,SGPY-58,1426,3,7,2025-11-01 20:39:08.136931,356956.46,6302429.21
PC172,C09,LDTG-55,3307,8,12,2025-11-01 20:39:08.136932,356956.46,6302429.21
PF482,E08,VKJX-50,352,0,3,2025-11-01 20:39:10.836408,355380.299,6284813.139
PF482,E08,VKJY-57,352,0,3,2025-11-01 20:39:10.836414,355380.299,6284813.139
PC705,517,VJBB-50,2387,6,10,2025-11-01 20:39:14.316076,350681.344,6299812.403
PH1512,345,CJRX-58,301,0,3,2025-11-01 20:39:17.174131,342191.546,6289306.147
PC1045,401,PGPT-52,2733,7,11,2025-11-01 20:39:19.221228,356847.524,6300665.246
PC1045,401,PFVD-58,3566,9,13,2025-11-01 20:39:19.221234,356847.524,6300665.246
PC1045,504,TBFW-81,2407,6,10,2025-11-01 20:39:19.221235,356847.524,6300665.246
PE580,E08,VKJZ-36,1156,0,4,2025-11-01 20:39:22.829493,351932.978,6288790.256
PG1681,F03,SPVT-78,0,0,3,2025-11-01 20:39:26.468172,348558.667,6279350.71
PG1681,F03,SPVW-78,7719,22,26,2025-11-01 20:39:26.468177,348558.667,6279350.71
PE1410,E17,FLXT-36,1764,4,8,2025-11-01 20:39:29.031080,352377.622,6290952.617
PE1410,106,PFVJ-20,3319,8,12,2025-11-01 20:39:29.031085,352377.622,6290952.617
PE1410,106,PFVG-52,6315,18,22,2025-11-01 20:39:29.031086,352377.622,6290952.617
PE1410,118,FLXX-87,1820,4,8,2025-11-01 20:39:29.031087,352377.622,6290952.617
PE1410,118,FLXX-37,5547,16,20,2025-11-01 20:39:29.031088,352377.622,6290952.617
PE1410,D26,SPBP-12,293,0,3,2025-11-01 20:39:29.031089,352377.622,6290952.617
PE1410,D26,SPBP-96,3252,8,12,2025-11-01 20:39:29.031090,352377.622,6290952.617
PE1410,107,PFYC-84,2011,4,8,2025-11-01 20:39:29.031091,352377.622,6290952.617
PE1410,107,PGRZ-91,2062,5,9,2025-11-01 20:39:29.031092,352377.622,6290952.617
PE1410,117,SPBL-99,3676,10,14,2025-11-01 20:39:29.031094,352377.622,6290952.617
PE1410,117,PGBY-87,5251,15,19,2025-11-01 20:39:29.031095,352377.622,6290952.617
PA501,D05,SPBP-92,911,0,3,2025-11-01 20:39:31.149338,348493.489,6295656.232
PA501,D05,SPBL-63,2365,5,9,2025-11-01 20:39:31.149343,348493.489,6295656.232
PD502,D15,SVDF-36,5342,15,19,2025-11-01 20:39:34.082602,357607.773,6295588.823
PD502,D15,SVDD-59,12674,40,60,2025-11-01 20:39:34.082610,357607.773,6295588.823
PD502,510,PFWZ-85,0,0,3,2025-11-01 20:39:34.082612,357607.773,6295588.823
PD502,510,PFWZ-57,1235,0,4,2025-11-01 20:39:34.082615,357607.773,6295588.823
PG989,G08v,FLXV-21,4634,13,17,2025-11-01 20:39:38.177806,342473.853,6278852.939
PG989,G08v,FLXV-32,11167,35,60,2025-11-01 20:39:38.177812,342473.853,6278852.939
PG989,G32,THTF-56,2296,5,9,2025-11-01 20:39:38.177813,342473.853,6278852.939
PH276,302,CJRW-60,4766,13,17,2025-11-01 20:39:40.150777,345382.132,6292320.243
PH276,302,BJFX-40,10877,34,60,2025-11-01 20:39:40.150782,345382.132,6292320.243
PH276,H24,VGRB-93,3044,8,12,2025-11-01 20:39:40.150783,345382.132,6292320.243
PG1585,348,VHSY-46,2,0,3,2025-11-01 20:39:42.170666,345927.985,6290128.97
PG1585,348,VHTB-36,431,0,3,2025-11-01 20:39:42.170671,345927.985,6290128.97
PG1585,E02,VKJX-29,2858,7,11,2025-11-01 20:39:42.170672,345927.985,6290128.97
PG1585,E02,VKJX-86,10509,33,60,2025-11-01 20:39:42.170673,345927.985,6290128.97
PG1585,E03,FLXF-53,5600,16,20,2025-11-01 20:39:42.170674,345927.985,6290128.97
PG1585,E03,FLXK-75,9526,30,60,2025-11-01 20:39:42.170675,345927.985,6290128.97
PG1585,I05,VHSY-21,7500,22,26,2025-11-01 20:39:42.170676,345927.985,6290128.97
PG1585,I05,VHTB-69,11173,35,60,2025-11-01 20:39:42.170676,345927.985,6290128.97
PG1585,G11,THTF-11,25398,50,60,2025-11-01 20:39:42.170677,345927.985,6290128.97
PG1585,G18,SFPF-93,0,0,3,2025-11-01 20:39:42.170678,345927.985,6290128.97
PG1585,G18,SHCV-30,4412,12,16,2025-11-01 20:39:42.170679,345927.985,6290128.97
PG1585,H07,CJRW-26,5513,15,19,2025-11-01 20:39:42.170680,345927.985,6290128.97
PG1585,H07,CJRW-17,10193,32,60,2025-11-01 20:39:42.170681,345927.985,6290128.97
PG1585,G12,SFPF-87,1,0,3,2025-11-01 20:39:42.170681,345927.985,6290128.97
PG1585,G12,SFGY-17,1,0,3,2025-11-01 20:39:42.170682,345927.985,6290128.97
PG1585,H03,CJRX-54,1110,0,4,2025-11-01 20:39:42.170683,345927.985,6290128.97
PG1585,H03,CJRW-83,9844,31,60,2025-11-01 20:39:42.170684,345927.985,6290128.97
PG1585,H08,FLXJ-29,7261,21,25,2025-11-01 20:39:42.170685,345927.985,6290128.97
PE103,204,VFPL-11,4311,12,16,2025-11-01 20:39:44.197920,350218.911,6289188.657
PE103,204,VFPJ-61,6979,20,24,2025-11-01 20:39:44.197924,350218.911,6289188.657
PE103,E18,BJFY-84,327,0,3,2025-11-01 20:39:44.197926,350218.911,6289188.657
PE103,E03,FLXF-53,327,0,3,2025-11-01 20:39:44.197927,350218.911,6289188.657
PE103,E03,FLXK-75,4253,11,15,2025-11-01 20:39:44.197928,350218.911,6289188.657
PE103,234,VJJV-57,5216,14,18,2025-11-01 20:39:44.197928,350218.911,6289188.657
PD137,107,PGPV-88,806,0,3,2025-11-01 20:39:45.967717,355037.169,6291039.841
PD137,117,SPBS-65,866,0,3,2025-11-01 20:39:45.967722,355037.169,6291039.841
PD137,117,PGLD-54,890,0,3,2025-11-01 20:39:45.967723,355037.169,6291039.841
PD137,508,CJRZ-83,1702,3,7,2025-11-01 20:39:45.967724,355037.169,6291039.841
PD137,508,GCBF-34,7268,21,25,2025-11-01 20:39:45.967725,355037.169,6291039.841
PD137,514,PHSG-80,0,0,3,2025-11-01 20:39:45.967726,355037.169,6291039.841
PD137,514,CJRW-79,12289,39,60,2025-11-01 20:39:45.967726,355037.169,6291039.841
PD137,418,SHXF-84,1370,0,4,2025-11-01 20:39:45.967727,355037.169,6291039.841
PD137,418,PGBY-67,1372,0,4,2025-11-01 20:39:45.967728,355037.169,6291039.841
PG1205,G28,BJFT-75,7198,21,25,2025-11-01 20:39:48.179804,342893.897,6280952.351
PG1205,G28,BJFW-87,12040,38,60,2025-11-01 20:39:48.179809,342893.897,6280952.351
PG1205,G14,FLXL-89,779,0,2,2025-11-01 20:39:48.179810,342893.897,6280952.351
PG1205,G32,THTF-44,3494,9,13,2025-11-01 20:39:48.179811,342893.897,6280952.351
PG1205,G32,THTC-30,3646,10,14,2025-11-01 20:39:48.179811,342893.897,6280952.351
PH1647,H14,FLXR-25,281,0,3,2025-11-01 20:39:52.265504,348242.8,6290221.85
PA139,207,VJLR-21,2527,6,10,2025-11-01 20:39:53.863027,346943.36,6297416.33
PA139,209,VJKR-68,1199,0,4,2025-11-01 20:39:53.863033,346943.36,6297416.33
PG1965,G16,SFPG-36,2663,6,10,2025-11-01 20:39:55.417455,345779.0,6282061.0
PG1965,G16,SFPF-72,3661,10,14,2025-11-01 20:39:55.417460,345779.0,6282061.0
PC923,C13,SHXF-94,3334,9,13,2025-11-01 20:39:57.447270,359954.5,6309860.577
PC923,C13,SGPW-50,11736,37,60,2025-11-01 20:39:57.447274,359954.5,6309860.577
PC1280,C37,SKPP-17,3645,10,14,2025-11-01 20:39:59.493254,358883.0,6301993.0
PA352,314,TWPC-56,4754,13,17,2025-11-01 20:40:01.538349,345755.84,6299303.51
PA352,314,VHSY-39,7087,20,24,2025-11-01 20:40:01.538354,345755.84,6299303.51
PA352,315e,VHSZ-46,6571,19,23,2025-11-01 20:40:01.538355,345755.84,6299303.51
PA352,315e,TWPD-15,14072,44,60,2025-11-01 20:40:01.538356,345755.84,6299303.51
PA352,119,FLXG-63,11841,37,60,2025-11-01 20:40:01.538357,345755.84,6299303.51
PA352,502,TBFX-29,5230,15,19,2025-11-01 20:40:01.538358,345755.84,6299303.51
PA352,502,TBFX-40,11202,35,60,2025-11-01 20:40:01.538358,345755.84,6299303.51
PA352,503,VGTY-85,5820,16,20,2025-11-01 20:40:01.538359,345755.84,6299303.51
PA352,503,VHLW-27,10348,33,60,2025-11-01 20:40:01.538360,345755.84,6299303.51
PA352,517,VHXK-21,6494,19,23,2025-11-01 20:40:01.538361,345755.84,6299303.51
PA352,517,VJJV-28,8805,28,60,2025-11-01 20:40:01.538362,345755.84,6299303.51
PA352,518,PFWZ-92,2525,6,10,2025-11-01 20:40:01.538363,345755.84,6299303.51
PA352,518,GCBD-50,8384,26,60,2025-11-01 20:40:01.538363,345755.84,6299303.51
PA352,303,FLXF-33,6601,19,23,2025-11-01 20:40:01.538364,345755.84,6299303.51
PA352,303,FLXF-23,11451,36,60,2025-11-01 20:40:01.538365,345755.84,6299303.51
PJ1701,422,PFXB-15,2648,6,10,2025-11-01 20:40:03.566996,335385.2,6299801.2
PJ1701,422,GCBD-95,4504,12,16,2025-11-01 20:40:03.567001,335385.2,6299801.2
PJ1701,508,FLXS-91,870,0,3,2025-11-01 20:40:03.567002,335385.2,6299801.2
PJ1701,508,GCBC-80,8968,28,60,2025-11-01 20:40:03.567003,335385.2,6299801.2
PJ1701,412,PGBF-59,2092,5,9,2025-11-01 20:40:03.567004,335385.2,6299801.2
PJ1701,412,PFYC-17,5307,15,19,2025-11-01 20:40:03.567005,335385.2,6299801.2
PJ1701,418,SJPF-44,5226,15,19,2025-11-01 20:40:03.567006,335385.2,6299801.2
PJ1701,418,LXWP-83,12442,39,60,2025-11-01 20:40:03.567007,335385.2,6299801.2
PJ1701,J07,VHZY-71,14295,45,60,2025-11-01 20:40:03.567008,335385.2,6299801.2
PJ1701,J07,VHZZ-20,28227,89,60,2025-11-01 20:40:03.567008,335385.2,6299801.2
PJ1701,J07e2,VHZW-70,11003,35,60,2025-11-01 20:40:03.567009,335385.2,6299801.2
PJ1701,J07e,VHXJ-24,5485,15,19,2025-11-01 20:40:03.567010,335385.2,6299801.2
PJ1701,J07e,VHZX-91,22992,73,60,2025-11-01 20:40:03.567011,335385.2,6299801.2
PA43,B27,FLXT-73,2114,5,9,2025-11-01 20:40:05.667130,347072.144,6298655.5
PA43,514,GCBD-17,695,0,2,2025-11-01 20:40:05.667136,347072.144,6298655.5
PA43,514,PFXC-16,1619,3,7,2025-11-01 20:40:05.667137,347072.144,6298655.5
PA43,303,FLXF-13,831,0,3,2025-11-01 20:40:05.667137,347072.144,6298655.5
PI1391,511,FLXW-50,3872,10,14,2025-11-01 20:40:07.686675,341745.71,6297462.838
PI1391,511,TBFS-34,6034,17,21,2025-11-01 20:40:07.686681,341745.71,6297462.838
PA279,511,FLXV-84,908,0,3,2025-11-01 20:40:09.693085,344360.511,6296524.502
PA279,511,GCBD-99,2752,7,11,2025-11-01 20:40:09.693090,344360.511,6296524.502
PA279,119,BJFT-15,2830,7,11,2025-11-01 20:40:09.693091,344360.511,6296524.502
PA279,I18,VHTB-32,238,0,3,2025-11-01 20:40:09.693092,344360.511,6296524.502
PH280,302,CJRW-60,5637,16,20,2025-11-01 20:40:11.759800,345887.185,6293669.523
PH280,302,BJFX-40,12175,38,60,2025-11-01 20:40:11.759805,345887.185,6293669.523
PH280,H09,VGRD-55,2518,6,10,2025-11-01 20:40:11.759806,345887.185,6293669.523
PH280,H12,FLXF-22,1517,3,7,2025-11-01 20:40:11.759807,345887.185,6293669.523
PH280,H13,BJFS-77,2810,7,11,2025-11-01 20:40:11.759808,345887.185,6293669.523
PI765,J01,FLXH-87,4556,12,16,2025-11-01 20:40:15.780907,338428.976,6296592.109
PI765,J01,TBFR-41,7491,22,26,2025-11-01 20:40:15.780913,338428.976,6296592.109
PI765,516,GCBF-29,754,0,2,2025-11-01 20:40:15.780914,338428.976,6296592.109
PI765,516,PFWZ-54,944,0,3,2025-11-01 20:40:15.780915,338428.976,6296592.109
PI765,J08,FLXV-62,839,0,3,2025-11-01 20:40:15.780916,338428.976,6296592.109
PI765,J08,TBFX-81,4715,13,17,2025-11-01 20:40:15.780917,338428.976,6296592.109
PI765,J19,VGTX-67,4024,11,15,2025-11-01 20:40:15.780918,338428.976,6296592.109
PI765,110,LXWS-41,3175,17,21,2025-11-01 20:40:15.780919,338428.976,6296592.109
PI765,110,SRTG-93,5109,28,60,2025-11-01 20:40:15.780920,338428.976,6296592.109
PI765,110c,TBFX-68,1665,3,7,2025-11-01 20:40:15.780921,338428.976,6296592.109
PI765,110c,PFXB-68,7633,22,26,2025-11-01 20:40:15.780922,338428.976,6296592.109
PI765,111,FLXY-38,764,0,2,2025-11-01 20:40:15.780922,338428.976,6296592.109
PI765,510,GCBC-43,1430,3,7,2025-11-01 20:40:15.780923,338428.976,6296592.109
PI765,510,TBFR-23,9788,31,60,2025-11-01 20:40:15.780924,338428.976,6296592.109
PD1154,D10,SVDF-72,493,0,2,2025-11-01 20:40:20.832235,350447.977,6293128.966
PD1154,D13,BJFV-34,207,0,3,2025-11-01 20:40:20.832240,350447.977,6293128.966
PI1924,I35,SFGY-18,1917,4,8,2025-11-01 20:40:24.685037,330978.0,6284139.0
PI1924,I35,SDSW-94,6378,18,22,2025-11-01 20:40:24.685041,330978.0,6284139.0
PG102,G11,THTF-11,6861,20,24,2025-11-01 20:40:26.710937,347376.889,6285357.821
PG102,G11,THTF-22,6861,20,24,2025-11-01 20:40:26.710942,347376.889,6285357.821
PG102,203,SFWZ-17,972,0,3,2025-11-01 20:40:26.710944,347376.889,6285357.821
PG102,203,VJWZ-95,1955,4,8,2025-11-01 20:40:26.710945,347376.889,6285357.821
PD441,D01,STSK-91,2980,7,11,2025-11-01 20:40:28.708091,357488.18,6297010.06
PD441,D01,SVDC-99,5861,17,21,2025-11-01 20:40:28.708095,357488.18,6297010.06
PD441,D08,SVDC-60,2322,5,9,2025-11-01 20:40:28.708097,357488.18,6297010.06
PD441,422,GCBD-62,1785,4,8,2025-11-01 20:40:28.708097,357488.18,6297010.06
PB2100,B13,TXZH-26,5962,17,21,2025-11-01 20:40:30.743854,336707.0,6311132.0
PB2100,B13,STHJ-81,7004,20,24,2025-11-01 20:40:30.743858,336707.0,6311132.0
PB481,428,SJPF-91,447,0,3,2025-11-01 20:40:32.772501,334280.736,6301738.227
PB481,428,SHXG-33,857,0,3,2025-11-01 20:40:32.772505,334280.736,6301738.227
PB481,J07,VHZY-50,5636,16,20,2025-11-01 20:40:32.772506,334280.736,6301738.227
PB481,J07,VJBB-31,6961,20,24,2025-11-01 20:40:32.772507,334280.736,6301738.227
PJ1922,412,PFYC-17,860,0,3,2025-11-01 20:40:37.902950,338290.06,6300151.11
PJ1922,412,SKPK-21,1912,4,8,2025-11-01 20:40:37.902955,338290.06,6300151.11
PJ1922,110,SRTH-11,501,0,2,2025-11-01 20:40:37.902957,338290.06,6300151.11
PJ1922,110,SRTG-99,2352,5,9,2025-11-01 20:40:37.902958,338290.06,6300151.11
PJ1922,110c,TBFR-16,542,0,2,2025-11-01 20:40:37.902959,338290.06,6300151.11
PJ1922,110c,TBFS-48,4778,13,17,2025-11-01 20:40:37.902960,338290.06,6300151.11
PJ1922,B38,TBFX-70,10422,33,60,2025-11-01 20:40:37.902961,338290.06,6300151.11
PG1240,203,LZPR-97,880,0,3,2025-11-01 20:40:47.991550,346179.798,6285126.556
PG1240,F20,SRVJ-25,2625,6,10,2025-11-01 20:40:47.991554,346179.798,6285126.556
PG1240,F20,SRVH-40,4679,13,17,2025-11-01 20:40:47.991555,346179.798,6285126.556
PG1240,G15,THTD-21,3608,9,13,2025-11-01 20:40:47.991556,346179.798,6285126.556
PC351,502,TBFT-98,3270,8,12,2025-11-01 20:40:50.920127,358784.0,6306327.86
PC351,502,TBFR-22,4688,13,17,2025-11-01 20:40:50.920131,358784.0,6306327.86
PC351,C28,SKPJ-81,1214,0,4,2025-11-01 20:40:50.920132,358784.0,6306327.86
PC351,C28,SGPW-39,4203,11,15,2025-11-01 20:40:50.920133,358784.0,6306327.86
PC351,542,TBFZ-34,4160,11,15,2025-11-01 20:40:50.920134,358784.0,6306327.86
PC351,542,GCBF-35,13493,43,60,2025-11-01 20:40:50.920135,358784.0,6306327.86
PC351,C01c,PGRZ-90,1906,4,8,2025-11-01 20:40:50.920136,358784.0,6306327.86
PC351,C01c,PGLD-75,8011,23,27,2025-11-01 20:40:50.920136,358784.0,6306327.86
PC351,411,PFZK-92,8976,28,60,2025-11-01 20:40:50.920137,358784.0,6306327.86
PC351,411,PGLD-77,11071,35,60,2025-11-01 20:40:50.920138,358784.0,6306327.86
PC351,C05,LDJW-50,8323,26,60,2025-11-01 20:40:50.920140,358784.0,6306327.86
PC351,C13,SHXG-37,0,0,3,2025-11-01 20:40:50.920140,358784.0,6306327.86
PC351,C13,SGPW-50,5300,15,19,2025-11-01 20:40:50.920141,358784.0,6306327.86
PC351,C19,SKPJ-89,2041,4,8,2025-11-01 20:40:50.920144,358784.0,6306327.86
PC351,C19,SKPP-25,8013,23,27,2025-11-01 20:40:50.920145,358784.0,6306327.86
PC351,C01,LDJT-66,2370,5,9,2025-11-01 20:40:50.920146,358784.0,6306327.86
PC351,C01,LDJJ-83,3794,10,14,2025-11-01 20:40:50.920146,358784.0,6306327.86
PI658,I01,FLXK-62,1968,4,8,2025-11-01 20:40:53.466320,338483.251,6290953.736
PJ455,505,VHZY-41,4547,12,16,2025-11-01 20:40:55.863547,342666.611,6299031.333
PJ455,505,VHZX-71,9018,28,60,2025-11-01 20:40:55.863552,342666.611,6299031.333
PJ455,120,SJTD-63,4231,11,15,2025-11-01 20:40:55.863553,342666.611,6299031.333
PJ455,120,SKHG-20,7403,21,25,2025-11-01 20:40:55.863554,342666.611,6299031.333
PJ455,508,FLXX-45,3677,10,14,2025-11-01 20:40:55.863555,342666.611,6299031.333
PJ455,508,FLXW-61,9246,29,60,2025-11-01 20:40:55.863555,342666.611,6299031.333
PJ455,B28,SJTD-66,2269,5,9,2025-11-01 20:40:55.863556,342666.611,6299031.333
PJ455,513,VJJV-48,2511,6,10,2025-11-01 20:40:55.863557,342666.611,6299031.333
PJ455,513,VJBC-40,6448,18,22,2025-11-01 20:40:55.863558,342666.611,6299031.333
PJ455,109,TBFX-35,5021,31,60,2025-11-01 20:40:55.863559,342666.611,6299031.333
PJ455,105,SJPD-95,2478,6,10,2025-11-01 20:40:55.863560,342666.611,6299031.333
PJ455,105,SJPC-67,6796,19,23,2025-11-01 20:40:55.863560,342666.611,6299031.333
PG1056,G39,SCRZ-24,3859,10,14,2025-11-01 20:40:58.496016,341600.912,6285027.629
PG1056,G39,SHCX-14,4838,13,17,2025-11-01 20:40:58.496021,341600.912,6285027.629
PG1056,G09,SHXB-13,740,0,2,2025-11-01 20:40:58.496022,341600.912,6285027.629
PG1056,G09,SHXB-15,4872,13,17,2025-11-01 20:40:58.496023,341600.912,6285027.629
PI234,401,PGPT-40,5224,14,18,2025-11-01 20:41:06.470724,336761.97,6292399.95
PI234,419,PFYR-63,5998,17,21,2025-11-01 20:41:06.470729,336761.97,6292399.95
PI234,110,SRTK-28,2926,7,11,2025-11-01 20:41:06.470730,336761.97,6292399.95
PI234,I35,SCRZ-27,3801,10,14,2025-11-01 20:41:06.470731,336761.97,6292399.95
PI234,I35,SDSW-49,8722,28,60,2025-11-01 20:41:06.470731,336761.97,6292399.95
PI234,106,PGPT-34,5571,16,20,2025-11-01 20:41:06.470732,336761.97,6292399.95
PI234,506,PFXB-98,1525,5,9,2025-11-01 20:41:06.470733,336761.97,6292399.95
PI234,506,GCBF-27,4263,21,25,2025-11-01 20:41:06.470734,336761.97,6292399.95
PI234,506v,TBFV-23,1609,3,7,2025-11-01 20:41:06.470735,336761.97,6292399.95
PI234,506v,TBFS-66,6357,18,22,2025-11-01 20:41:06.470736,336761.97,6292399.95
PI234,405,PFVK-99,2014,4,8,2025-11-01 20:41:06.470736,336761.97,6292399.95
PI234,405,PFTV-86,3837,10,14,2025-11-01 20:41:06.470737,336761.97,6292399.95
PI234,421,PFYT-20,2725,7,11,2025-11-01 20:41:06.470738,336761.97,6292399.95
PI234,111,FLXY-63,5125,14,18,2025-11-01 20:41:06.470739,336761.97,6292399.95
PI234,I07,VHTB-33,4581,12,16,2025-11-01 20:41:06.470740,336761.97,6292399.95
PI234,I12,FLXY-35,5557,16,20,2025-11-01 20:41:06.470741,336761.97,6292399.95
PI234,I12,FLXY-41,9385,30,60,2025-11-01 20:41:06.470741,336761.97,6292399.95
PH248,G11,THTG-91,2257,5,9,2025-11-01 20:41:08.788188,346254.989,6290369.225
PH248,G11,THTG-88,9302,29,60,2025-11-01 20:41:08.788192,346254.989,6290369.225
PH248,226,VFPG-91,2645,6,10,2025-11-01 20:41:08.788193,346254.989,6290369.225
PH248,226,VFPL-46,5452,15,19,2025-11-01 20:41:08.788194,346254.989,6290369.225
PH248,227,VFRF-15,2875,7,11,2025-11-01 20:41:08.788195,346254.989,6290369.225
PH248,227,VFPL-63,10291,32,60,2025-11-01 20:41:08.788196,346254.989,6290369.225
PA210,227,VFPL-74,4798,13,17,2025-11-01 20:41:11.079669,348658.65,6296311.37
PA210,227,VFPD-61,9032,29,60,2025-11-01 20:41:11.079674,348658.65,6296311.37
PJ1972,418,PFVH-15,336,0,3,2025-11-01 20:41:13.100408,334001.0,6299330.0
PJ1972,418,LXWP-80,378,0,3,2025-11-01 20:41:13.100414,334001.0,6299330.0
PI1595,I16,FLXG-11,4110,11,15,2025-11-01 20:41:17.578017,342245.903,6294664.581
PB768,B02,FLXR-74,11410,36,60,2025-11-01 20:41:21.605793,349193.0,6304966.9
PB768,B02,FLXR-93,14752,47,60,2025-11-01 20:41:21.605797,349193.0,6304966.9
PA129,234,VJKP-74,5372,15,19,2025-11-01 20:41:23.631738,348104.08,6295859.5
PA129,234,VJJV-57,12955,41,60,2025-11-01 20:41:23.631744,348104.08,6295859.5
PA129,204,VFPX-53,714,0,2,2025-11-01 20:41:23.631746,348104.08,6295859.5
PA129,204,VGBX-29,2258,5,9,2025-11-01 20:41:23.631747,348104.08,6295859.5
PB1957,B14,FLXT-52,5450,15,19,2025-11-01 20:41:25.373618,345787.304,6301713.409
PB1957,B41,GCBB-69,1162,0,4,2025-11-01 20:41:25.373623,345787.304,6301713.409
PB1957,B41,GCBB-23,3254,8,12,2025-11-01 20:41:25.373624,345787.304,6301713.409
PB1957,201,GCBB-98,1195,0,4,2025-11-01 20:41:25.373625,345787.304,6301713.409
PB1957,B25,FLXS-53,39,0,3,2025-11-01 20:41:25.373626,345787.304,6301713.409
PB1957,B25,FLXS-51,3422,9,13,2025-11-01 20:41:25.373627,345787.304,6301713.409
PB1957,B26,FLXS-43,1722,3,7,2025-11-01 20:41:25.373628,345787.304,6301713.409
PB1957,B27,FLXT-71,1501,3,7,2025-11-01 20:41:25.373628,345787.304,6301713.409
PB1957,B27,FLXT-88,6284,18,22,2025-11-01 20:41:25.373629,345787.304,6301713.409
PB1957,230,GCBB-39,1980,4,8,2025-11-01 20:41:25.373630,345787.304,6301713.409
PB1957,230,GCBB-48,8301,26,60,2025-11-01 20:41:25.373631,345787.304,6301713.409
PB1957,308,FLXJ-89,3376,9,13,2025-11-01 20:41:25.373632,345787.304,6301713.409
PB1957,308,FLXH-36,6476,18,22,2025-11-01 20:41:25.373632,345787.304,6301713.409
PI217,419,PFYR-92,1568,3,7,2025-11-01 20:41:27.641333,336855.52,6292711.98
PI217,419,PFYS-21,4997,14,18,2025-11-01 20:41:27.641338,336855.52,6292711.98
PI217,421,PFYS-94,6245,18,22,2025-11-01 20:41:27.641339,336855.52,6292711.98
PI217,421,PFYR-99,7621,22,26,2025-11-01 20:41:27.641340,336855.52,6292711.98
PI217,110,LXWR-89,1027,0,4,2025-11-01 20:41:27.641340,336855.52,6292711.98
PI217,110,LXWS-41,9883,50,60,2025-11-01 20:41:27.641341,336855.52,6292711.98
PI217,I09,VHSY-31,689,0,2,2025-11-01 20:41:27.641342,336855.52,6292711.98
PI217,I09,FLXZ-10,5342,15,19,2025-11-01 20:41:27.641343,336855.52,6292711.98
PI217,506,SZZY-77,2139,5,9,2025-11-01 20:41:27.641344,336855.52,6292711.98
PI217,506,GCBC-61,5367,15,19,2025-11-01 20:41:27.641345,336855.52,6292711.98
PI217,506v,TBFW-40,891,0,3,2025-11-01 20:41:27.641345,336855.52,6292711.98
PI217,506v,PFWZ-71,7459,22,26,2025-11-01 20:41:27.641346,336855.52,6292711.98
PI217,111,FLXL-13,575,0,2,2025-11-01 20:41:27.641347,336855.52,6292711.98
PI217,111,FLXX-61,5171,14,18,2025-11-01 20:41:27.641348,336855.52,6292711.98
PI217,106,PFVJ-11,688,0,2,2025-11-01 20:41:27.641349,336855.52,6292711.98
PI217,106,PFYR-77,9479,30,60,2025-11-01 20:41:27.641349,336855.52,6292711.98
PI217,401,PFYT-21,5123,14,18,2025-11-01 20:41:27.641350,336855.52,6292711.98
PI217,401,PFYS-19,5518,15,19,2025-11-01 20:41:27.641351,336855.52,6292711.98
PI217,405,PFVK-98,393,0,3,2025-11-01 20:41:27.641352,336855.52,6292711.98
PI217,405,PFYH-21,1664,3,7,2025-11-01 20:41:27.641353,336855.52,6292711.98
PA170,B15,SPCG-66,0,0,3,2025-11-01 20:41:29.624223,347894.501,6298943.835
PA170,B15,SPCG-86,6382,18,22,2025-11-01 20:41:29.624229,347894.501,6298943.835
PA170,210,VFPT-65,1906,4,8,2025-11-01 20:41:29.624230,347894.501,6298943.835
PA170,210,LZRD-90,3689,10,14,2025-11-01 20:41:29.624231,347894.501,6298943.835
PA170,210v,VFPY-13,753,0,2,2025-11-01 20:41:29.624232,347894.501,6298943.835
PA170,210v,VFPS-89,1756,4,8,2025-11-01 20:41:29.624233,347894.501,6298943.835
PA170,303,FLXF-45,2302,5,9,2025-11-01 20:41:29.624233,347894.501,6298943.835
PA170,303,FLXF-33,9311,29,60,2025-11-01 20:41:29.624234,347894.501,6298943.835
PA170,307,TWPC-94,389,0,3,2025-11-01 20:41:29.624235,347894.501,6298943.835
PA170,307,VHSY-11,4497,12,16,2025-11-01 20:41:29.624236,347894.501,6298943.835
PA170,314,TWPC-93,2626,6,10,2025-11-01 20:41:29.624237,347894.501,6298943.835
PA170,314,TWPC-56,7556,22,26,2025-11-01 20:41:29.624238,347894.501,6298943.835
PA170,315e,TWPD-60,209,0,3,2025-11-01 20:41:29.624238,347894.501,6298943.835
PH34,102,SHCW-65,3316,8,12,2025-11-01 20:41:31.638868,346361.759,6291655.996
PH34,102,SHCW-68,6335,18,22,2025-11-01 20:41:31.638873,346361.759,6291655.996
PH34,107,PGBY-37,2707,7,11,2025-11-01 20:41:31.638874,346361.759,6291655.996
PH34,107,PGBS-46,5906,17,21,2025-11-01 20:41:31.638875,346361.759,6291655.996
PH34,108,PGPT-48,918,0,3,2025-11-01 20:41:31.638876,346361.759,6291655.996
PH34,108,PFVD-61,6140,17,21,2025-11-01 20:41:31.638877,346361.759,6291655.996
PJ1751,B09,SHCY-39,1920,4,8,2025-11-01 20:41:35.664864,341652.101,6301491.583
PJ1751,B09,SHCY-32,7695,22,26,2025-11-01 20:41:35.664868,341652.101,6301491.583
PJ1751,B28,SKHF-91,320,0,3,2025-11-01 20:41:35.664869,341652.101,6301491.583
PJ1751,B28,STHF-42,1806,4,8,2025-11-01 20:41:35.664870,341652.101,6301491.583
PJ1751,J01,GCBD-55,1352,0,4,2025-11-01 20:41:35.664871,341652.101,6301491.583
PJ1751,J01,FDJX-83,5120,14,18,2025-11-01 20:41:35.664871,341652.101,6301491.583
PJ1751,J08,TBFX-53,682,0,2,2025-11-01 20:41:35.664872,341652.101,6301491.583
PJ1751,J08,FLXW-10,6663,19,23,2025-11-01 20:41:35.664873,341652.101,6301491.583
PJ1751,J16,TBFS-46,5536,15,19,2025-11-01 20:41:35.664874,341652.101,6301491.583
PJ1751,J16,TBFW-82,12787,40,60,2025-11-01 20:41:35.664875,341652.101,6301491.583
PE38,118,FLXX-87,4234,11,15,2025-11-01 20:41:37.654771,355199.426,6290400.553
PE38,118,FLXX-37,7884,23,27,2025-11-01 20:41:37.654776,355199.426,6290400.553
PE38,E17,FLXT-36,4559,12,16,2025-11-01 20:41:37.654777,355199.426,6290400.553
PI407,405,PFYG-88,1531,3,7,2025-11-01 20:41:39.665625,340587.645,6296381.641
PI407,405,PFTF-86,8309,26,60,2025-11-01 20:41:39.665630,340587.645,6296381.641
PI407,404,PFYC-81,2277,5,9,2025-11-01 20:41:39.665631,340587.645,6296381.641
PI407,404,PFYC-13,7729,22,26,2025-11-01 20:41:39.665632,340587.645,6296381.641
PI407,421,PFYS-94,1787,4,8,2025-11-01 20:41:39.665633,340587.645,6296381.641
PI407,421,PFYR-99,3044,8,12,2025-11-01 20:41:39.665634,340587.645,6296381.641
PI407,423,PFYS-24,648,0,2,2025-11-01 20:41:39.665635,340587.645,6296381.641
PI407,I09,FLXZ-10,0,0,3,2025-11-01 20:41:39.665636,340587.645,6296381.641
PI407,I09,FLXZ-24,4194,11,15,2025-11-01 20:41:39.665637,340587.645,6296381.641
PI407,401,PFYT-21,639,0,2,2025-11-01 20:41:39.665638,340587.645,6296381.641
PI407,401,PFYS-19,940,0,3,2025-11-01 20:41:39.665639,340587.645,6296381.641
PI407,419,PFYS-21,757,0,2,2025-11-01 20:41:39.665640,340587.645,6296381.641
PI407,419,PFYR-62,4918,14,18,2025-11-01 20:41:39.665641,340587.645,6296381.641
PI407,424,GCBC-47,1336,0,4,2025-11-01 20:41:39.665642,340587.645,6296381.641
PI407,424,TBFV-34,6869,20,24,2025-11-01 20:41:39.665643,340587.645,6296381.641
PI407,106,PFYR-77,4014,11,15,2025-11-01 20:41:39.665644,340587.645,6296381.641
PI407,106,PFYS-30,6378,18,22,2025-11-01 20:41:39.665645,340587.645,6296381.641
PF1148,F26,SPVV-65,5293,15,19,2025-11-01 20:41:41.701292,356225.53,6281304.94
PB1402,B21,SKDG-29,138,0,3,2025-11-01 20:41:44.989884,345835.456,6303866.291
PB1402,B21,SKDG-52,4942,14,18,2025-11-01 20:41:44.989889,345835.456,6303866.291
PG1259,G15,THTC-29,1683,3,7,2025-11-01 20:41:50.773053,348396.81,6284841.891
PB572,B06,SKDH-63,1801,4,8,2025-11-01 20:41:52.845201,337670.56,6307998.68
PB572,B06,SKDH-62,6603,19,23,2025-11-01 20:41:52.845206,337670.56,6307998.68
PB572,425,SGPY-77,1560,3,7,2025-11-01 20:41:52.845207,337670.56,6307998.68
PB572,425,SJPC-79,3668,10,14,2025-11-01 20:41:52.845208,337670.56,6307998.68
PB572,315e,VHSX-70,4299,12,16,2025-11-01 20:41:52.845209,337670.56,6307998.68
PB572,315e,TWPD-44,12040,38,60,2025-11-01 20:41:52.845210,337670.56,6307998.68
PB572,B45,FLXF-84,1028,0,3,2025-11-01 20:41:52.845211,337670.56,6307998.68
PB572,B45,FLXF-16,5527,15,19,2025-11-01 20:41:52.845212,337670.56,6307998.68
PB332,C18,SHCX-29,1364,0,4,2025-11-01 20:41:57.166382,347308.22,6304682.72
PB332,B22,SKPS-15,294,0,3,2025-11-01 20:41:57.166388,347308.22,6304682.72
PB332,B22,SKPS-32,5648,16,20,2025-11-01 20:41:57.166390,347308.22,6304682.72
PB332,203,VJKT-83,0,0,3,2025-11-01 20:41:57.166391,347308.22,6304682.72
PB332,203,SFWZ-82,5019,14,18,2025-11-01 20:41:57.166392,347308.22,6304682.72
PB332,208,VJYH-63,0,0,3,2025-11-01 20:41:57.166393,347308.22,6304682.72
PB332,208,SFWZ-13,2987,7,11,2025-11-01 20:41:57.166394,347308.22,6304682.72
PB2120,B20,SPZX-41,13976,44,60,2025-11-01 20:41:59.225645,336249.0,6302282.0
PB2120,B20,SKHG-90,21010,66,60,2025-11-01 20:41:59.225651,336249.0,6302282.0
PC544,503,VGTY-59,1784,4,8,2025-11-01 20:42:01.214826,356354.538,6301402.596
PC544,503,VGVC-16,2580,6,10,2025-11-01 20:42:01.214832,356354.538,6301402.596
PC544,722,STHK-20,2525,6,10,2025-11-01 20:42:01.214833,356354.538,6301402.596
PC544,D11,SVDC-18,2218,5,9,2025-11-01 20:42:01.214834,356354.538,6301402.596
PC544,D11,SVDC-82,2273,5,9,2025-11-01 20:42:01.214835,356354.538,6301402.596
PC544,225,VFJF-17,2407,6,10,2025-11-01 20:42:01.214836,356354.538,6301402.596
PC544,225,VFJD-72,4808,13,17,2025-11-01 20:42:01.214836,356354.538,6301402.596
PC544,C06,LWTK-65,1428,3,7,2025-11-01 20:42:01.214837,356354.538,6301402.596
PC544,C06,LDTG-56,4131,11,15,2025-11-01 20:42:01.214838,356354.538,6301402.596
PH433,D07,SVDF-59,619,0,2,2025-11-01 20:42:03.293074,347918.481,6294641.54
PH433,D07,SVDD-51,5991,17,21,2025-11-01 20:42:03.293079,347918.481,6294641.54
PH433,E04,VKJZ-51,634,0,2,2025-11-01 20:42:03.293080,347918.481,6294641.54
PH433,E04,VKJZ-59,1957,4,8,2025-11-01 20:42:03.293081,347918.481,6294641.54
PH433,385,FLXW-83,1539,3,7,2025-11-01 20:42:03.293082,347918.481,6294641.54
PH433,385,FLXW-85,6884,20,24,2025-11-01 20:42:03.293083,347918.481,6294641.54
PH433,H24,VGRF-94,4980,14,18,2025-11-01 20:42:03.293084,347918.481,6294641.54
PH433,H24,VGRB-93,10685,34,60,2025-11-01 20:42:03.293085,347918.481,6294641.54
PI1840,210,LZRD-90,231,0,3,2025-11-01 20:42:05.168884,342441.13,6296137.5
PB1390,B20,SKHG-90,3208,8,12,2025-11-01 20:42:06.701573,343480.549,6301106.301
PB1390,B20,LXDJ-21,8063,23,27,2025-11-01 20:42:06.701577,343480.549,6301106.301
PB1390,B29,SKHG-82,11025,35,60,2025-11-01 20:42:06.701579,343480.549,6301106.301
PG661,G01,THTF-84,1647,3,7,2025-11-01 20:42:08.699398,346187.657,6289019.958
PG661,G01,THTD-41,5337,15,19,2025-11-01 20:42:08.699403,346187.657,6289019.958
PC575,505,VHZV-81,0,0,3,2025-11-01 20:42:12.673033,349168.57,6298096.87
PC575,505,VJJR-66,1462,3,7,2025-11-01 20:42:12.673038,349168.57,6298096.87
PC575,508,FLXW-60,938,0,3,2025-11-01 20:42:12.673040,349168.57,6298096.87
PC575,508,FDJX-79,4587,12,16,2025-11-01 20:42:12.673040,349168.57,6298096.87
PC575,514,PFXB-82,6564,19,23,2025-11-01 20:42:12.673041,349168.57,6298096.87
PG170,206,FLXZ-66,2116,5,9,2025-11-01 20:42:16.668567,348381.846,6283565.239
PD1143,D13,BJFZ-31,9792,31,60,2025-11-01 20:42:18.705201,348872.874,6296612.159
PG1123,F05,SPZY-65,932,0,3,2025-11-01 20:42:20.694942,347596.347,6286207.805
PG1154,G12,SFGY-67,558,0,2,2025-11-01 20:42:22.647213,344515.839,6288487.831
PG1154,G12,SHXG-69,2725,7,11,2025-11-01 20:42:22.647218,344515.839,6288487.831
PJ275,J05,GCBD-33,2851,7,11,2025-11-01 20:42:24.654164,341011.413,6300477.605
PJ275,J08,FLXW-10,3548,9,13,2025-11-01 20:42:24.654169,341011.413,6300477.605
PJ275,J08,GCBD-75,7859,23,27,2025-11-01 20:42:24.654170,341011.413,6300477.605
PC145,B15,SPCG-66,2,0,3,2025-11-01 20:42:26.669639,348018.513,6299005.236
PC145,B15,SPCG-88,3858,10,14,2025-11-01 20:42:26.669644,348018.513,6299005.236
PC145,307,TWPC-94,128,0,3,2025-11-01 20:42:26.669645,348018.513,6299005.236
PC145,307,VHSY-11,4166,11,15,2025-11-01 20:42:26.669647,348018.513,6299005.236
PC145,314,TWPC-93,2699,7,11,2025-11-01 20:42:26.669648,348018.513,6299005.236
PC145,314,TWPC-56,7371,21,25,2025-11-01 20:42:26.669649,348018.513,6299005.236
PC145,315e,TWPD-60,128,0,3,2025-11-01 20:42:26.669650,348018.513,6299005.236
PF520,712,LCPG-37,2424,6,10,2025-11-01 20:42:28.650031,355718.109,6279477.265
PF520,712,SJPC-39,2424,6,10,2025-11-01 20:42:28.650036,355718.109,6279477.265
PF520,F01,SPVW-97,1095,0,3,2025-11-01 20:42:28.650037,355718.109,6279477.265
PF520,F01,SPVV-29,7393,21,25,2025-11-01 20:42:28.650038,355718.109,6279477.265
PF520,F29,SPVV-26,2301,5,9,2025-11-01 20:42:28.650038,355718.109,6279477.265
PF520,F29,SPVV-95,8259,26,60,2025-11-01 20:42:28.650039,355718.109,6279477.265
PJ1698,J06,FLXZ-84,1786,4,8,2025-11-01 20:42:30.286237,340612.862,6297434.871
PJ606,J01,TBFR-41,713,0,2,2025-11-01 20:42:34.203209,340355.856,6301133.529
PJ606,J01,GCBD-55,2967,7,11,2025-11-01 20:42:34.203214,340355.856,6301133.529
PE182,224,VFPZ-56,6252,18,22,2025-11-01 20:42:36.070821,351094.293,6288951.568
PE182,118,FLXX-37,509,0,2,2025-11-01 20:42:36.070826,351094.293,6288951.568
PE182,118,FLXX-82,1238,0,4,2025-11-01 20:42:36.070827,351094.293,6288951.568
PE182,211,TBYY-56,2674,7,11,2025-11-01 20:42:36.070828,351094.293,6288951.568
PE182,211,TBZB-17,8557,27,60,2025-11-01 20:42:36.070829,351094.293,6288951.568
PE762,E10,CJRB-19,1088,0,4,2025-11-01 20:42:37.861383,351471.762,6288707.288
PE762,E10,BJFT-21,5294,15,19,2025-11-01 20:42:37.861387,351471.762,6288707.288
PE762,E13,VFKW-18,695,0,2,2025-11-01 20:42:37.861389,351471.762,6288707.288
PG492,E05,BJFZ-27,6313,18,22,2025-11-01 20:42:39.912225,345910.771,6288266.856
PG1210,G14,FLXX-17,0,0,3,2025-11-01 20:42:41.738715,344042.541,6278558.276
PG1210,G14,FLXL-89,2336,5,9,2025-11-01 20:42:41.738720,344042.541,6278558.276
PD791,D03,STKS-99,111,0,3,2025-11-01 20:42:43.811670,354669.51,6295987.335
PD791,D03,SVDD-56,5559,16,20,2025-11-01 20:42:43.811675,354669.51,6295987.335
PD791,D10,SVDD-41,7214,21,25,2025-11-01 20:42:43.811676,354669.51,6295987.335
PD791,D10,SVDF-72,15047,48,60,2025-11-01 20:42:43.811677,354669.51,6295987.335
PI1657,423,PGPT-37,3978,11,15,2025-11-01 20:42:45.842196,336280.99,6289158.26
PI1657,I10,FLXG-60,5322,15,19,2025-11-01 20:42:45.842201,336280.99,6289158.26
PE276,D26,SPBP-12,4052,11,15,2025-11-01 20:42:49.913237,356428.842,6290821.776
PB981,722,STHK-70,10665,34,60,2025-11-01 20:42:51.905755,345799.711,6305310.371
PB981,722,STHF-78,16334,52,60,2025-11-01 20:42:51.905760,345799.711,6305310.371
PB981,B25,FLXS-51,0,0,3,2025-11-01 20:42:51.905761,345799.711,6305310.371
PB637,B08,SJPB-20,4172,11,15,2025-11-01 20:42:53.877187,339912.536,6306336.652
PB637,B18,TXZH-32,4041,11,15,2025-11-01 20:42:53.877193,339912.536,6306336.652
PB637,314,TWPD-31,5884,17,21,2025-11-01 20:42:53.877194,339912.536,6306336.652
PB637,314,TWPD-77,11446,36,60,2025-11-01 20:42:53.877195,339912.536,6306336.652
PE487,E05,BJFZ-27,985,0,3,2025-11-01 20:42:55.882009,349521.248,6289844.484
PG586,F06,SRVJ-17,1415,0,4,2025-11-01 20:42:57.717013,347345.751,6283277.872
PG586,206,FLXZ-66,736,0,2,2025-11-01 20:42:57.717018,347345.751,6283277.872
PG586,G28,BJFT-75,3033,8,12,2025-11-01 20:42:57.717019,347345.751,6283277.872
PG586,G28,CJRB-16,6477,18,22,2025-11-01 20:42:57.717020,347345.751,6283277.872
PF738,F18,STHF-36,332,0,3,2025-11-01 20:42:59.761411,349298.96,6277760.918
PF738,F18,SRVH-10,5007,14,18,2025-11-01 20:42:59.761417,349298.96,6277760.918
PJ442,505,VHZX-71,2966,7,11,2025-11-01 20:43:01.911140,339392.5,6301422.68
PJ442,505,VHZW-60,6704,19,23,2025-11-01 20:43:01.911145,339392.5,6301422.68
PJ442,513,VJBC-40,443,0,3,2025-11-01 20:43:01.911147,339392.5,6301422.68
PJ442,513,VHXK-63,3809,10,14,2025-11-01 20:43:01.911148,339392.5,6301422.68
PD452,422,PFXB-74,202,0,3,2025-11-01 20:43:04.467537,353568.75,6297295.82
PD452,422,TBFT-50,2948,7,11,2025-11-01 20:43:04.467542,353568.75,6297295.82
PD452,505,VJBC-50,453,0,3,2025-11-01 20:43:04.467544,353568.75,6297295.82
PD452,505,VJBC-11,5597,16,20,2025-11-01 20:43:04.467545,353568.75,6297295.82
PD452,403,PFTW-31,1615,3,7,2025-11-01 20:43:04.467546,353568.75,6297295.82
PD452,513,VHXK-83,2936,7,11,2025-11-01 20:43:04.467547,353568.75,6297295.82
PD452,D03,SVDF-61,4033,11,15,2025-11-01 20:43:04.467548,353568.75,6297295.82
PD452,D09,SVDD-70,2911,7,11,2025-11-01 20:43:04.467549,353568.75,6297295.82
PD452,227,VFPH-35,1938,4,8,2025-11-01 20:43:04.467550,353568.75,6297295.82
PJ1655,J07,VHZZ-20,4140,11,15,2025-11-01 20:43:05.998049,325942.104,6303570.281
PJ1655,J07,VHZY-40,12308,39,60,2025-11-01 20:43:05.998054,325942.104,6303570.281
PC971,C17,SHXF-96,2241,5,9,2025-11-01 20:43:08.015572,359801.648,6308766.4
PC971,C17,SKPH-76,2241,5,9,2025-11-01 20:43:08.015577,359801.648,6308766.4
PA159,B24,STHF-62,455,0,3,2025-11-01 20:43:10.011881,346886.001,6299018.001
PA159,B24,SJTD-61,5684,16,20,2025-11-01 20:43:10.011886,346886.001,6299018.001
PA159,402,SHXD-85,948,0,3,2025-11-01 20:43:10.011888,346886.001,6299018.001
PA159,402,LXWP-68,13640,43,60,2025-11-01 20:43:10.011889,346886.001,6299018.001
PA159,404,PFYC-85,3904,10,14,2025-11-01 20:43:10.011890,346886.001,6299018.001
PA159,404,PFYC-64,11658,37,60,2025-11-01 20:43:10.011891,346886.001,6299018.001
PA159,206,FLXX-75,4413,12,16,2025-11-01 20:43:10.011892,346886.001,6299018.001
PA159,206,FLXW-70,9674,31,60,2025-11-01 20:43:10.011892,346886.001,6299018.001
PA159,226,VFPH-21,1230,0,4,2025-11-01 20:43:10.011894,346886.001,6299018.001
PA159,226,VGKY-72,3581,9,13,2025-11-01 20:43:10.011894,346886.001,6299018.001
PA341,406,TBFX-31,1112,5,9,2025-11-01 20:43:12.023877,347446.86,6298640.47
PA341,406,PFXC-51,5190,34,60,2025-11-01 20:43:12.023882,347446.86,6298640.47
PA341,407,TBFV-99,553,0,2,2025-11-01 20:43:12.023884,347446.86,6298640.47
PA341,407,TBFX-18,6928,20,24,2025-11-01 20:43:12.023885,347446.86,6298640.47
PA341,426,BJFH-46,745,0,2,2025-11-01 20:43:12.023886,347446.86,6298640.47
PA341,426,FLXD-54,5190,14,18,2025-11-01 20:43:12.023887,347446.86,6298640.47
PA341,401,PFVG-54,1060,0,3,2025-11-01 20:43:12.023888,347446.86,6298640.47
PA341,401,PFVD-65,4639,13,17,2025-11-01 20:43:12.023889,347446.86,6298640.47
PA341,405,PFVK-60,0,0,3,2025-11-01 20:43:12.023890,347446.86,6298640.47
PA341,405,PFTF-81,1960,4,8,2025-11-01 20:43:12.023891,347446.86,6298640.47
PA341,412,PFVG-94,512,0,2,2025-11-01 20:43:12.023892,347446.86,6298640.47
PA341,412,PFTW-20,7975,23,27,2025-11-01 20:43:12.023893,347446.86,6298640.47
PA341,418,SKPK-37,3743,10,14,2025-11-01 20:43:12.023894,347446.86,6298640.47
PA341,418,LXWP-77,7933,23,27,2025-11-01 20:43:12.023895,347446.86,6298640.47
PA341,421,PFVD-62,1282,0,4,2025-11-01 20:43:12.023896,347446.86,6298640.47
PA341,421,PGPT-44,7212,21,25,2025-11-01 20:43:12.023896,347446.86,6298640.47
PA341,516,PFXB-62,2512,6,10,2025-11-01 20:43:12.023897,347446.86,6298640.47
PA341,516,TBFT-16,6217,18,22,2025-11-01 20:43:12.023898,347446.86,6298640.47
PI261,111,FLXX-61,1766,4,8,2025-11-01 20:43:14.090370,337077.726,6295258.016
PI261,111,FLXY-38,5691,16,20,2025-11-01 20:43:14.090375,337077.726,6295258.016
PI261,I02,FLXZ-55,2350,5,9,2025-11-01 20:43:14.090376,337077.726,6295258.016
PI261,I02,FLXZ-19,2993,7,11,2025-11-01 20:43:14.090377,337077.726,6295258.016
PI261,I20,FLXL-75,1994,4,8,2025-11-01 20:43:14.090378,337077.726,6295258.016
PI261,I20,FLXL-83,5558,16,20,2025-11-01 20:43:14.090379,337077.726,6295258.016
PI261,404,PFTW-60,512,0,2,2025-11-01 20:43:14.090380,337077.726,6295258.016
PI261,404,PFYC-81,6650,19,23,2025-11-01 20:43:14.090381,337077.726,6295258.016
PF419,F02,SHXF-36,998,0,3,2025-11-01 20:43:16.217678,354795.396,6280958.118
PF419,F09,SPZX-69,912,0,3,2025-11-01 20:43:16.217684,354795.396,6280958.118
PF419,F26,SPVV-97,18958,60,60,2025-11-01 20:43:16.217686,354795.396,6280958.118
PG1979,G08v,FLXV-14,1616,3,7,2025-11-01 20:43:20.228798,343380.0,6279379.0
PG1979,G32,THTF-56,3017,8,12,2025-11-01 20:43:20.228804,343380.0,6279379.0
PG1979,G32,THTF-42,3774,10,14,2025-11-01 20:43:20.228805,343380.0,6279379.0
PG1979,G38,THTG-68,4431,12,16,2025-11-01 20:43:20.228807,343380.0,6279379.0
PG1979,G38,THTF-33,4340,12,16,2025-11-01 20:43:20.228807,343380.0,6279379.0
PE183,244,SFVZ-80,4453,12,16,2025-11-01 20:43:22.179183,351407.444,6289444.311
PE183,244,SFWZ-52,4802,13,17,2025-11-01 20:43:22.179188,351407.444,6289444.311
PE183,118,FLXX-37,997,0,3,2025-11-01 20:43:22.179189,351407.444,6289444.311
PE183,118,FLXX-82,1785,4,8,2025-11-01 20:43:22.179190,351407.444,6289444.311
PE183,211,TBYY-56,2922,7,11,2025-11-01 20:43:22.179191,351407.444,6289444.311
PE183,211,TBZB-17,8824,28,60,2025-11-01 20:43:22.179192,351407.444,6289444.311
PE183,224,VGBV-51,199,0,3,2025-11-01 20:43:22.179192,351407.444,6289444.311
PE183,224,VFPZ-56,6658,19,23,2025-11-01 20:43:22.179193,351407.444,6289444.311
PD390,418,PFYC-43,409,0,3,2025-11-01 20:43:24.280398,355228.737,6294091.53
PD390,418,PFYC-88,4770,13,17,2025-11-01 20:43:24.280403,355228.737,6294091.53
PD390,429,SLPB-84,3386,9,13,2025-11-01 20:43:24.280404,355228.737,6294091.53
PD390,429,SLGS-98,3386,9,13,2025-11-01 20:43:24.280405,355228.737,6294091.53
PG680,G01,THTH-85,2887,7,11,2025-11-01 20:43:28.020108,343914.211,6287540.237
PG680,G01,THTF-51,5239,15,19,2025-11-01 20:43:28.020112,343914.211,6287540.237
PD1278,D18,SVDF-50,4000,11,15,2025-11-01 20:43:30.055228,352657.783,6297866.278
PD732,519,TBFR-90,563,0,2,2025-11-01 20:43:32.085611,358339.718,6294547.773
PD732,D10,SVDC-25,1515,3,7,2025-11-01 20:43:32.085616,358339.718,6294547.773
PD732,D10,STWB-31,4929,14,18,2025-11-01 20:43:32.085617,358339.718,6294547.773
PD732,D18,SVDC-30,3398,9,13,2025-11-01 20:43:32.085618,358339.718,6294547.773
PD732,D18,SVDD-66,9015,28,60,2025-11-01 20:43:32.085619,358339.718,6294547.773
PD732,510,PFWZ-85,814,0,3,2025-11-01 20:43:32.085620,358339.718,6294547.773
PD732,510,PFWZ-57,1599,3,7,2025-11-01 20:43:32.085621,358339.718,6294547.773
PD732,516,TBFP-90,4881,13,17,2025-11-01 20:43:32.085621,358339.718,6294547.773
PD732,516,FLXW-45,5875,17,21,2025-11-01 20:43:32.085622,358339.718,6294547.773
PD732,D03,STKS-99,3862,10,14,2025-11-01 20:43:32.085623,358339.718,6294547.773
PD732,D03,SVDD-56,8915,28,60,2025-11-01 20:43:32.085624,358339.718,6294547.773
PD732,D07,SVDC-31,603,0,2,2025-11-01 20:43:32.085625,358339.718,6294547.773
PD732,D07,STWH-39,3189,8,12,2025-11-01 20:43:32.085626,358339.718,6294547.773
PD732,D11,STVX-63,6366,18,22,2025-11-01 20:43:32.085627,358339.718,6294547.773
PD732,D11,SVDC-18,9857,31,60,2025-11-01 20:43:32.085628,358339.718,6294547.773
PD732,422,PFXB-54,2648,6,10,2025-11-01 20:43:32.085628,358339.718,6294547.773
PD732,422,GCBC-51,7385,21,25,2025-11-01 20:43:32.085629,358339.718,6294547.773
PD732,D15,SVDF-36,6254,18,22,2025-11-01 20:43:32.085630,358339.718,6294547.773
PD732,D15,SVDD-59,8273,26,60,2025-11-01 20:43:32.085631,358339.718,6294547.773
PF832,F18,SRVH-10,4347,12,16,2025-11-01 20:43:34.140443,349008.851,6278172.404
PH130,226,VFPG-91,3280,8,12,2025-11-01 20:43:36.175994,346496.476,6292579.183
PH130,226,VFPL-46,6593,19,23,2025-11-01 20:43:36.175999,346496.476,6292579.183
PH130,229,SFWZ-25,3194,8,12,2025-11-01 20:43:36.176000,346496.476,6292579.183
PH130,229,LXWT-95,7027,20,24,2025-11-01 20:43:36.176001,346496.476,6292579.183
PH130,223,SFGY-74,2089,5,9,2025-11-01 20:43:36.176002,346496.476,6292579.183
PH130,223,SDSW-68,5429,15,19,2025-11-01 20:43:36.176003,346496.476,6292579.183
PH130,H14,FLXR-47,3337,9,13,2025-11-01 20:43:36.176004,346496.476,6292579.183
PH130,H24,VGRB-93,3613,9,13,2025-11-01 20:43:36.176004,346496.476,6292579.183
PH130,201,GCBC-20,1261,0,4,2025-11-01 20:43:36.176005,346496.476,6292579.183
PH130,201,GCBB-29,6708,19,23,2025-11-01 20:43:36.176006,346496.476,6292579.183
PH130,301,BJFW-95,667,0,2,2025-11-01 20:43:36.176007,346496.476,6292579.183
PH130,301,CJRB-41,11839,37,60,2025-11-01 20:43:36.176008,346496.476,6292579.183
PC676,C16,LFGP-24,1169,0,4,2025-11-01 20:43:38.144878,356999.69,6301229.271
PC676,C16,SGPY-55,1445,3,7,2025-11-01 20:43:38.144883,356999.69,6301229.271
PD219,216,LZPR-92,2718,7,11,2025-11-01 20:43:40.202410,353892.98,6296685.438
PD219,216,VJKG-37,4418,12,16,2025-11-01 20:43:40.202415,353892.98,6296685.438
PD219,505,VJBC-11,4340,12,16,2025-11-01 20:43:40.202417,353892.98,6296685.438
PD219,286,SHXB-27,676,0,2,2025-11-01 20:43:40.202418,353892.98,6296685.438
PD219,286,SFPG-69,2706,7,11,2025-11-01 20:43:40.202419,353892.98,6296685.438
PD219,712,LBTS-89,0,0,3,2025-11-01 20:43:40.202420,353892.98,6296685.438
PD219,712,SJPC-42,2563,6,10,2025-11-01 20:43:40.202421,353892.98,6296685.438
PD219,D10,SVDD-41,5904,17,21,2025-11-01 20:43:40.202422,353892.98,6296685.438
PD219,D10,SVDF-72,13599,43,60,2025-11-01 20:43:40.202423,353892.98,6296685.438
PC277,406,PFXC-46,1918,4,8,2025-11-01 20:43:42.185644,348394.659,6299200.695
PC277,406,TBFT-86,7868,23,27,2025-11-01 20:43:42.185649,348394.659,6299200.695
PC277,407,PFXB-76,1961,4,8,2025-11-01 20:43:42.185650,348394.659,6299200.695
PC277,407,PFXB-87,8985,28,60,2025-11-01 20:43:42.185651,348394.659,6299200.695
PC277,426,BJFF-49,195,0,3,2025-11-01 20:43:42.185652,348394.659,6299200.695
PC277,426,BJFD-69,3277,8,12,2025-11-01 20:43:42.185653,348394.659,6299200.695
PC277,410,LFGJ-94,1291,0,4,2025-11-01 20:43:42.185654,348394.659,6299200.695
PC277,503,VGVG-53,3625,9,13,2025-11-01 20:43:42.185655,348394.659,6299200.695
PC277,503,VHLR-28,6121,17,21,2025-11-01 20:43:42.185656,348394.659,6299200.695
PC277,B27,FLXT-73,652,0,2,2025-11-01 20:43:42.185657,348394.659,6299200.695
PC277,517,VJBB-50,3081,8,12,2025-11-01 20:43:42.185658,348394.659,6299200.695
PI692,I01,FLXF-15,227,0,3,2025-11-01 20:43:44.342141,338983.386,6292235.911
PI692,I01,FLXK-64,8418,27,60,2025-11-01 20:43:44.342146,338983.386,6292235.911
PF971,F07,SPRY-44,3302,8,12,2025-11-01 20:43:48.110933,353570.02,6281425.836
PF664,F18,SRVF-83,3386,9,13,2025-11-01 20:43:50.138611,352422.159,6279184.365
PF664,F02,SHXF-36,5664,16,20,2025-11-01 20:43:50.138616,352422.159,6279184.365
PH449,H24,VGRB-93,2207,5,9,2025-11-01 20:43:52.147295,345562.429,6292411.758
PG942,G39,SHCV-35,1116,0,4,2025-11-01 20:43:54.113208,344471.13,6282209.44
PG942,228,THTG-83,733,0,2,2025-11-01 20:43:54.113217,344471.13,6282209.44
PG942,228,THTH-35,4617,13,17,2025-11-01 20:43:54.113219,344471.13,6282209.44
PG942,G08,THTD-20,1024,0,3,2025-11-01 20:43:54.113221,344471.13,6282209.44
PG942,G08,THTG-86,4509,12,16,2025-11-01 20:43:54.113223,344471.13,6282209.44
PH431,D07,SVDD-51,4317,12,16,2025-11-01 20:43:56.191378,348555.853,6294248.627
PH431,D07,SVDF-66,11041,35,60,2025-11-01 20:43:56.191385,348555.853,6294248.627
PI875,I03,FLXJ-25,2714,7,11,2025-11-01 20:44:00.217434,334824.892,6289005.461
PI875,I03,FLXG-93,10805,34,60,2025-11-01 20:44:00.217439,334824.892,6289005.461
PI875,I10,FLXL-22,4503,12,16,2025-11-01 20:44:00.217440,334824.892,6289005.461
PI875,I10,FLXL-63,9077,29,60,2025-11-01 20:44:00.217441,334824.892,6289005.461
PI1238,I18,VHTB-32,8142,26,60,2025-11-01 20:44:02.193480,339387.617,6291712.679
PI1238,I04,FLXD-79,10358,33,60,2025-11-01 20:44:02.193486,339387.617,6291712.679
PI1238,I14,FLXF-27,9482,30,60,2025-11-01 20:44:02.193487,339387.617,6291712.679
PC265,542,FLXW-24,5669,16,20,2025-11-01 20:44:05.692563,351584.557,6302821.539
PC265,C03,SGPY-65,358,0,3,2025-11-01 20:44:05.692568,351584.557,6302821.539
PC265,C03,LWTK-59,8223,26,60,2025-11-01 20:44:05.692569,351584.557,6302821.539
PC265,502,GCBD-96,6011,17,21,2025-11-01 20:44:05.692570,351584.557,6302821.539
PC265,405,PFVK-87,5962,17,21,2025-11-01 20:44:05.692571,351584.557,6302821.539
PD922,D01,SVDC-99,1531,3,7,2025-11-01 20:44:07.697518,357328.426,6294100.963
PJ1697,110c,TBFS-48,1877,4,8,2025-11-01 20:44:09.675876,338472.284,6298582.101
PD8,103,PGLD-64,2525,6,10,2025-11-01 20:44:11.654969,350837.15,6297278.57
PD8,117,SPBF-31,2925,7,11,2025-11-01 20:44:11.654974,350837.15,6297278.57
PD8,117,SPBS-65,8224,26,60,2025-11-01 20:44:11.654975,350837.15,6297278.57
PC840,C09,SGPY-73,3694,10,14,2025-11-01 20:44:13.675208,359335.769,6305454.339
PC840,C09,SGPY-23,7599,22,26,2025-11-01 20:44:13.675216,359335.769,6305454.339
PB2099,B13,STHL-95,1350,0,4,2025-11-01 20:44:15.697031,336631.0,6311418.0
PB2099,B13,STHJ-81,5636,16,20,2025-11-01 20:44:15.697036,336631.0,6311418.0
PB2099,B42,VHTB-46,5961,17,21,2025-11-01 20:44:15.697037,336631.0,6311418.0
PC1124,C06,LWTK-62,1434,3,7,2025-11-01 20:44:17.711584,355581.706,6301242.58
PC1124,C06,LWTK-56,5462,15,19,2025-11-01 20:44:17.711589,355581.706,6301242.58
PC1124,503,VGTZ-89,5315,15,19,2025-11-01 20:44:17.711591,355581.706,6301242.58
PC1124,503,VGTX-46,6010,17,21,2025-11-01 20:44:17.711592,355581.706,6301242.58
PC1124,722,STHL-27,5675,16,20,2025-11-01 20:44:17.711593,355581.706,6301242.58
PC1124,722,LDJW-46,12413,39,60,2025-11-01 20:44:17.711594,355581.706,6301242.58
PC1124,517,VHZW-41,2877,7,11,2025-11-01 20:44:17.711596,355581.706,6301242.58
PC1124,517,VJBC-21,3695,10,14,2025-11-01 20:44:17.711597,355581.706,6301242.58
PB1375,B19,SHXF-37,477,0,2,2025-11-01 20:44:19.691448,346130.893,6305274.601
PB1375,B27,FLXS-22,0,0,3,2025-11-01 20:44:19.691454,346130.893,6305274.601
PB1375,B27,FLXT-88,615,0,2,2025-11-01 20:44:19.691455,346130.893,6305274.601
PJ282,J05,TBFR-59,272,0,3,2025-11-01 20:44:21.736075,342599.121,6299851.507
PJ282,J05,TBFW-76,5734,16,20,2025-11-01 20:44:21.736079,342599.121,6299851.507
PJ282,502,TBFX-40,8152,26,60,2025-11-01 20:44:21.736080,342599.121,6299851.507
PG302,G08v,FLXV-22,1642,3,7,2025-11-01 20:44:23.527115,346132.255,6284826.332
PG302,228,THTD-40,809,0,3,2025-11-01 20:44:23.527119,346132.255,6284826.332
PG302,228,THTH-35,1117,0,4,2025-11-01 20:44:23.527120,346132.255,6284826.332
PG302,G08,THTG-98,378,0,3,2025-11-01 20:44:23.527121,346132.255,6284826.332
PG302,G11,THTD-83,1165,0,4,2025-11-01 20:44:23.527122,346132.255,6284826.332
PG302,G11,THTF-11,7629,22,26,2025-11-01 20:44:23.527123,346132.255,6284826.332
PG302,302,BJFZ-28,1867,4,8,2025-11-01 20:44:23.527123,346132.255,6284826.332
PG302,302,CJRB-22,3125,8,12,2025-11-01 20:44:23.527124,346132.255,6284826.332
PG302,F20,SRVJ-25,2547,6,10,2025-11-01 20:44:23.527125,346132.255,6284826.332
PG302,F20,SRVJ-72,4673,13,17,2025-11-01 20:44:23.527126,346132.255,6284826.332
PG302,229,SFWZ-32,0,0,3,2025-11-01 20:44:23.527127,346132.255,6284826.332
PG302,229,SFWZ-23,3081,8,12,2025-11-01 20:44:23.527128,346132.255,6284826.332
PJ1038,511,TBFS-58,1527,3,7,2025-11-01 20:44:25.074616,340699.91,6297433.49
PJ1038,511,PFXB-16,6111,17,21,2025-11-01 20:44:25.074621,340699.91,6297433.49
PJ1038,514,FLXH-85,546,0,2,2025-11-01 20:44:25.074622,340699.91,6297433.49
PJ1038,514,TBFW-14,5321,15,19,2025-11-01 20:44:25.074623,340699.91,6297433.49
PJ1038,J06,FLXZ-84,1661,3,7,2025-11-01 20:44:25.074624,340699.91,6297433.49
PJ1038,J10,VHZX-31,861,0,3,2025-11-01 20:44:25.074625,340699.91,6297433.49
PJ1038,J10,VHZX-51,2312,5,9,2025-11-01 20:44:25.074626,340699.91,6297433.49
PJ1038,J19,VGVF-73,4208,11,15,2025-11-01 20:44:25.074626,340699.91,6297433.49
PJ1713,J08,FLXV-62,5487,15,19,2025-11-01 20:44:27.148672,336570.924,6296463.657
PJ1713,J08,TBFX-81,8323,26,60,2025-11-01 20:44:27.148678,336570.924,6296463.657
PJ1713,111,FLXY-38,3163,8,12,2025-11-01 20:44:27.148679,336570.924,6296463.657
PF70,205,VFRG-35,1432,3,7,2025-11-01 20:44:29.550669,350966.009,6282965.991
PF70,205,VFRB-67,6345,18,22,2025-11-01 20:44:29.550674,350966.009,6282965.991
PF70,F20,SPZY-49,5253,15,19,2025-11-01 20:44:29.550675,350966.009,6282965.991
PF70,F20,SRVJ-25,9055,29,60,2025-11-01 20:44:29.550676,350966.009,6282965.991
PE613,E09,VKJX-99,5049,14,18,2025-11-01 20:44:31.161862,349489.94,6286543.29
PA271,J03,TBFX-21,724,0,2,2025-11-01 20:44:32.930314,345222.28,6298614.47
PA271,J03,TBFT-43,6510,19,23,2025-11-01 20:44:32.930319,345222.28,6298614.47
PA271,119,FLXK-54,1883,4,8,2025-11-01 20:44:32.930320,345222.28,6298614.47
PE204,286,SFGY-14,2796,7,11,2025-11-01 20:44:34.957607,350217.689,6286372.203
PE204,286,SHCV-47,12118,38,60,2025-11-01 20:44:34.957612,350217.689,6286372.203
PE204,225,VJKS-66,9066,29,60,2025-11-01 20:44:34.957613,350217.689,6286372.203
PE204,225,VFKT-58,9493,30,60,2025-11-01 20:44:34.957614,350217.689,6286372.203
PE204,226,VFPZ-98,340,0,3,2025-11-01 20:44:34.957615,350217.689,6286372.203
PE204,226,VFPK-81,1161,0,4,2025-11-01 20:44:34.957616,350217.689,6286372.203
PE204,E18,BJFY-84,3082,8,12,2025-11-01 20:44:34.957617,350217.689,6286372.203
PD400,418,PFYC-43,3354,9,13,2025-11-01 20:44:36.991445,355264.609,6297252.991
PD400,418,PFYC-88,8266,26,60,2025-11-01 20:44:36.991449,355264.609,6297252.991
PD400,425,SGPY-68,1130,0,4,2025-11-01 20:44:36.991450,355264.609,6297252.991
PD400,425,SHCX-42,4377,12,16,2025-11-01 20:44:36.991451,355264.609,6297252.991
PD400,429,SLLZ-40,1130,0,4,2025-11-01 20:44:36.991452,355264.609,6297252.991
PD400,429,SLPB-84,6547,19,23,2025-11-01 20:44:36.991453,355264.609,6297252.991
PB1263,B15,SPCG-72,5260,15,19,2025-11-01 20:44:39.017521,348321.138,6302583.932
PB1263,B14,HRKS-55,264,0,3,2025-11-01 20:44:39.017526,348321.138,6302583.932
PI1581,I05,VHSX-74,6630,19,23,2025-11-01 20:44:43.090584,333202.708,6291101.494
PI1581,I05,VHSX-75,12737,40,60,2025-11-01 20:44:43.090589,333202.708,6291101.494
PI1581,I09,VHSY-31,5009,14,18,2025-11-01 20:44:43.090590,333202.708,6291101.494
PI1581,I09,FLXZ-10,9872,31,60,2025-11-01 20:44:43.090591,333202.708,6291101.494
PI1581,I11,FLXZ-46,1259,0,4,2025-11-01 20:44:43.090592,333202.708,6291101.494
PI1581,I11,VHTB-59,4113,11,15,2025-11-01 20:44:43.090593,333202.708,6291101.494
PI1581,I24,VHSY-37,10197,32,60,2025-11-01 20:44:43.090594,333202.708,6291101.494
PG572,203,SFWZ-17,2133,5,9,2025-11-01 20:44:44.607504,345336.739,6284784.81
PG572,203,VJWZ-95,3241,8,12,2025-11-01 20:44:44.607509,345336.739,6284784.81
PG572,G16,SFPF-77,1445,3,7,2025-11-01 20:44:44.607510,345336.739,6284784.81
PD78,224,VFPV-63,151,0,3,2025-11-01 20:44:48.599917,351288.07,6297223.46
PI1333,I02,FLXZ-40,6537,19,23,2025-11-01 20:44:50.655861,336775.728,6290160.383
PI1333,I02,FLXY-75,7226,21,25,2025-11-01 20:44:50.655867,336775.728,6290160.383
PI1333,I12,FLXX-74,1630,3,7,2025-11-01 20:44:50.655869,336775.728,6290160.383
PI1333,I26,PFYR-87,626,0,2,2025-11-01 20:44:50.655870,336775.728,6290160.383
PI1333,I26,PFYR-85,7710,22,26,2025-11-01 20:44:50.655871,336775.728,6290160.383
PI1333,405,PFTF-82,626,0,2,2025-11-01 20:44:50.655872,336775.728,6290160.383
PI1333,405,PFVK-98,1014,0,3,2025-11-01 20:44:50.655876,336775.728,6290160.383
PI1333,I24,VHTB-21,4429,12,16,2025-11-01 20:44:50.655877,336775.728,6290160.383
PI1333,I24,VHSY-37,7486,22,26,2025-11-01 20:44:50.655878,336775.728,6290160.383
PE477,E05,FLXK-70,5804,16,20,2025-11-01 20:44:52.781228,350854.0,6290709.57
PE477,D13,BJFV-34,3336,9,13,2025-11-01 20:44:52.781233,350854.0,6290709.57
PE477,D13,FLXJ-18,8874,28,60,2025-11-01 20:44:52.781234,350854.0,6290709.57
PI1678,J10,VJBB-40,1791,4,8,2025-11-01 20:44:54.777167,341362.546,6297587.933
PI1678,J10,VJBB-61,3988,11,15,2025-11-01 20:44:54.777172,341362.546,6297587.933
PG1117,G11,THTG-91,2855,7,11,2025-11-01 20:44:56.798839,347264.448,6287960.782
PG1117,G11,THTF-22,3077,8,12,2025-11-01 20:44:56.798844,347264.448,6287960.782
PA640,514,GCBD-17,3752,10,14,2025-11-01 20:44:58.812504,343099.364,6298202.775
PA640,514,PFXC-16,4470,12,16,2025-11-01 20:44:58.812510,343099.364,6298202.775
PD592,511,GCBD-49,5859,17,21,2025-11-01 20:45:00.812272,352341.751,6295975.965
PD592,511,FLXV-84,10464,33,60,2025-11-01 20:45:00.812277,352341.751,6295975.965
PD592,519,PFXB-21,2791,7,11,2025-11-01 20:45:00.812278,352341.751,6295975.965
PD592,519,RKXL-33,4762,13,17,2025-11-01 20:45:00.812279,352341.751,6295975.965
PD592,516,TBFX-52,2361,5,9,2025-11-01 20:45:00.812281,352341.751,6295975.965
PD592,516,PFXB-62,8794,28,60,2025-11-01 20:45:00.812282,352341.751,6295975.965
PD592,506,GCBC-36,6851,43,60,2025-11-01 20:45:00.812283,352341.751,6295975.965
PD592,506,TBFW-66,14476,85,60,2025-11-01 20:45:00.812284,352341.751,6295975.965
PD592,506v,TBFW-24,5563,16,20,2025-11-01 20:45:00.812285,352341.751,6295975.965
PD592,506v,FLXV-94,6851,20,24,2025-11-01 20:45:00.812286,352341.751,6295975.965
PD592,507,FLXV-69,0,0,3,2025-11-01 20:45:00.812287,352341.751,6295975.965
PD592,507,FLXV-98,8386,26,60,2025-11-01 20:45:00.812288,352341.751,6295975.965
PD592,510,PFXC-76,1742,4,8,2025-11-01 20:45:00.812289,352341.751,6295975.965
PD592,510,TBFX-47,5935,17,21,2025-11-01 20:45:00.812290,352341.751,6295975.965
PD46,103,SPBS-50,1448,3,7,2025-11-01 20:45:04.908155,350715.374,6296094.47
PD46,103,PGRZ-80,6513,19,23,2025-11-01 20:45:04.908162,350715.374,6296094.47
PD46,117,SPBL-83,2376,6,10,2025-11-01 20:45:04.908164,350715.374,6296094.47
PD46,117,SPBP-19,9756,31,60,2025-11-01 20:45:04.908166,350715.374,6296094.47
PD46,114,SKWD-25,4020,11,15,2025-11-01 20:45:04.908167,350715.374,6296094.47
PD46,114,LDSV-90,12030,38,60,2025-11-01 20:45:04.908168,350715.374,6296094.47
PF1161,F24,SKJP-44,916,0,3,2025-11-01 20:45:06.965577,352875.0,6281157.0
PJ1809,J07e,VJBB-21,12125,38,60,2025-11-01 20:45:08.987703,332280.207,6306733.67
PJ1809,J07e,VHZY-90,28876,91,60,2025-11-01 20:45:08.987708,332280.207,6306733.67
PF839,F03c,SHXD-57,9463,30,60,2025-11-01 20:45:10.973432,355042.522,6280626.571
PF839,F03c,SHXD-82,11362,36,60,2025-11-01 20:45:10.973437,355042.522,6280626.571
PF839,226,VFRB-54,1161,0,4,2025-11-01 20:45:10.973438,355042.522,6280626.571
PF839,226,VFPW-13,4064,11,15,2025-11-01 20:45:10.973438,355042.522,6280626.571
PF839,F03,FLXG-88,2015,4,8,2025-11-01 20:45:10.973439,355042.522,6280626.571
PF839,F03,SPVT-78,10016,32,60,2025-11-01 20:45:10.973440,355042.522,6280626.571
PC102,C14,SKPP-21,255,0,3,2025-11-01 20:45:13.004678,353774.289,6303871.293
PC102,C14,SKPP-26,5225,15,19,2025-11-01 20:45:13.004683,353774.289,6303871.293
PC102,C07,SPCG-83,5216,14,18,2025-11-01 20:45:13.004685,353774.289,6303871.293
PC382,412,PFVH-12,906,0,3,2025-11-01 20:45:15.080779,352050.251,6300327.642
PC382,412,PFVG-94,5101,14,18,2025-11-01 20:45:15.080783,352050.251,6300327.642
PC382,418,SKPK-42,2267,5,9,2025-11-01 20:45:15.080784,352050.251,6300327.642
PC382,418,SKPK-37,8311,26,60,2025-11-01 20:45:15.080785,352050.251,6300327.642
PC382,429,SLPB-45,6063,17,21,2025-11-01 20:45:15.080786,352050.251,6300327.642
PC382,429,SLLZ-56,11692,37,60,2025-11-01 20:45:15.080787,352050.251,6300327.642
PJ559,J01,FDJX-81,4729,13,17,2025-11-01 20:45:17.124289,339834.934,6298390.451
PJ559,J01,FDJX-80,6720,19,23,2025-11-01 20:45:17.124293,339834.934,6298390.451
PJ559,412,LXWP-60,7949,23,27,2025-11-01 20:45:17.124295,339834.934,6298390.451
PJ559,412,PFTW-48,7806,23,27,2025-11-01 20:45:17.124296,339834.934,6298390.451
PJ559,J08,GCBD-75,3799,10,14,2025-11-01 20:45:17.124296,339834.934,6298390.451
PJ559,J08,TBFR-13,11302,36,60,2025-11-01 20:45:17.124297,339834.934,6298390.451
PJ559,J18,VHXD-57,676,0,2,2025-11-01 20:45:17.124298,339834.934,6298390.451
PJ1940,J03,TBFW-74,167,0,3,2025-11-01 20:45:19.189224,336069.21,6300927.5
PJ1940,J04,TBFT-12,618,0,2,2025-11-01 20:45:19.189230,336069.21,6300927.5
PJ1940,J04,TBFW-91,6094,17,21,2025-11-01 20:45:19.189231,336069.21,6300927.5
PJ1940,J05,TBFW-76,1989,4,8,2025-11-01 20:45:19.189232,336069.21,6300927.5
PJ1940,J05,TBFT-99,3297,8,12,2025-11-01 20:45:19.189233,336069.21,6300927.5
PJ1940,J13,TBFP-56,576,0,2,2025-11-01 20:45:19.189234,336069.21,6300927.5
PA702,J10,VJBB-60,2974,7,11,2025-11-01 20:45:21.220731,344410.404,6299920.326
PA702,J10,VHZX-31,8603,27,60,2025-11-01 20:45:21.220737,344410.404,6299920.326
PF694,F26,SPVV-65,1855,4,8,2025-11-01 20:45:23.231377,357320.41,6281770.566
PF694,F26,SRPJ-92,4186,11,15,2025-11-01 20:45:23.231383,357320.41,6281770.566
PF694,F24,SPRV-81,3099,8,12,2025-11-01 20:45:23.231384,357320.41,6281770.566
PB96,B03,LXDJ-17,8641,27,60,2025-11-01 20:45:25.246909,338343.55,6302235.0
PB96,B03,LXDJ-12,9004,28,60,2025-11-01 20:45:25.246913,338343.55,6302235.0
PB96,105,SHXG-34,167,0,3,2025-11-01 20:45:25.246915,338343.55,6302235.0
PB96,105,SHXC-20,7201,21,25,2025-11-01 20:45:25.246915,338343.55,6302235.0
PB96,B20,SPZX-41,9153,29,60,2025-11-01 20:45:25.246916,338343.55,6302235.0
PB96,B20,SKHG-90,15374,49,60,2025-11-01 20:45:25.246917,338343.55,6302235.0
PB96,110c,TBFR-16,2570,6,10,2025-11-01 20:45:25.246918,338343.55,6302235.0
PB96,110c,SPHF-15,4856,13,17,2025-11-01 20:45:25.246919,338343.55,6302235.0
PC1264,C27,SJPD-57,3993,11,15,2025-11-01 20:45:29.362853,358410.0,6304596.0
PJ1816,J07,VHZY-50,887,0,3,2025-11-01 20:45:31.385413,338590.17,6298379.96
PJ1816,J07,VHZY-71,6625,19,23,2025-11-01 20:45:31.385418,338590.17,6298379.96
PJ1816,J07e2,VHZW-70,4241,11,15,2025-11-01 20:45:31.385419,338590.17,6298379.96
PJ1816,J07e,VHZW-71,1485,3,7,2025-11-01 20:45:31.385420,338590.17,6298379.96
PJ1816,J07e,VHZX-91,15850,50,60,2025-11-01 20:45:31.385420,338590.17,6298379.96
PB1426,B22,SKPS-44,2527,6,10,2025-11-01 20:45:33.411613,344706.203,6305948.627
PB1426,B22,SKPS-47,5770,16,20,2025-11-01 20:45:33.411619,344706.203,6305948.627
PI83,105,SHCY-17,1142,0,4,2025-11-01 20:45:36.934044,342739.892,6297865.178
PI83,105,LXDH-92,3030,8,12,2025-11-01 20:45:36.934049,342739.892,6297865.178
PI83,120,TXZH-33,448,0,3,2025-11-01 20:45:36.934051,342739.892,6297865.178
PI83,120,TXZH-39,1529,3,7,2025-11-01 20:45:36.934051,342739.892,6297865.178
PI83,407,GCBD-48,4681,13,17,2025-11-01 20:45:36.934052,342739.892,6297865.178
PI83,407,PFXB-76,7708,22,26,2025-11-01 20:45:36.934053,342739.892,6297865.178
PB1274,B21,SHCV-81,7129,21,25,2025-11-01 20:45:38.973485,345616.246,6302804.396
PB1274,B21,SKDH-29,7814,23,27,2025-11-01 20:45:38.973490,345616.246,6302804.396
PB1274,B14,HRKS-55,3421,9,13,2025-11-01 20:45:38.973491,345616.246,6302804.396
PB1274,B14,FLXT-52,7207,21,25,2025-11-01 20:45:38.973492,345616.246,6302804.396
PB1274,B25,HYFL-60,1220,0,4,2025-11-01 20:45:38.973493,345616.246,6302804.396
PB1274,B25,FLXS-51,1835,4,8,2025-11-01 20:45:38.973494,345616.246,6302804.396
PB1312,B38,TBFX-70,1052,0,3,2025-11-01 20:45:40.987509,342462.527,6303084.928
PB1312,B38,TBFW-87,9888,31,60,2025-11-01 20:45:40.987514,342462.527,6303084.928
PG2120,G27,THTG-75,1965,4,8,2025-11-01 20:45:43.004936,341134.0,6276675.0
PG2120,G27,THTD-24,7092,20,24,2025-11-01 20:45:43.004940,341134.0,6276675.0
PJ26,101,PGPT-50,2806,7,11,2025-11-01 20:45:45.052692,341605.584,6300004.537
PJ26,101,PGPT-58,8162,26,60,2025-11-01 20:45:45.052697,341605.584,6300004.537
PJ26,J16,TBFS-46,1987,4,8,2025-11-01 20:45:45.052698,341605.584,6300004.537
PJ26,J16,FLXD-33,9318,29,60,2025-11-01 20:45:45.052699,341605.584,6300004.537
PJ26,107,PGRZ-76,333,0,3,2025-11-01 20:45:45.052700,341605.584,6300004.537
PJ26,107,PGTV-28,2592,6,10,2025-11-01 20:45:45.052701,341605.584,6300004.537
PJ26,B38,TBFW-87,3024,8,12,2025-11-01 20:45:45.052701,341605.584,6300004.537
PD66,224,VFPV-63,2963,7,11,2025-11-01 20:45:47.657097,351418.461,6294462.38
PD66,106,PFVG-52,916,0,3,2025-11-01 20:45:47.657102,351418.461,6294462.38
PD66,106,PFVD-55,4505,12,16,2025-11-01 20:45:47.657104,351418.461,6294462.38
PD66,104,SKVD-75,615,0,2,2025-11-01 20:45:47.657105,351418.461,6294462.38
PD66,104,SKWD-75,2639,6,10,2025-11-01 20:45:47.657106,351418.461,6294462.38
PD66,212,SFWB-24,1740,3,7,2025-11-01 20:45:47.657107,351418.461,6294462.38
PD66,212,VJKF-66,3906,10,14,2025-11-01 20:45:47.657108,351418.461,6294462.38
PB561,B06,SKDH-62,4571,12,16,2025-11-01 20:45:49.679107,338575.681,6307714.137
PB561,B06,SPCG-81,8203,26,60,2025-11-01 20:45:49.679113,338575.681,6307714.137
PB561,307,TWPD-30,3272,8,12,2025-11-01 20:45:49.679114,338575.681,6307714.137
PB561,307,TWPD-67,10298,33,60,2025-11-01 20:45:49.679115,338575.681,6307714.137
PB561,307c,VHTB-45,4703,13,17,2025-11-01 20:45:49.679117,338575.681,6307714.137
PH47,385,FLXL-12,7593,22,26,2025-11-01 20:45:51.668598,349521.562,6290710.615
PH47,385,FLXL-84,14867,47,60,2025-11-01 20:45:51.668604,349521.562,6290710.615
PH47,103,PGBY-89,3292,8,12,2025-11-01 20:45:51.668605,349521.562,6290710.615
PH47,103,PGTV-11,7448,22,26,2025-11-01 20:45:51.668606,349521.562,6290710.615
PF531,F11,SKVB-19,5837,16,20,2025-11-01 20:45:53.653841,359447.732,6281381.251
PB1462,B14,FLXT-52,2537,6,10,2025-11-01 20:45:55.655792,349001.228,6303377.276
PJ1065,511,TBFT-34,609,0,2,2025-11-01 20:45:57.653534,339914.404,6297675.867
PJ1065,511,FLXW-50,4900,14,18,2025-11-01 20:45:57.653539,339914.404,6297675.867
PG39,G09,SDSW-57,4765,13,17,2025-11-01 20:45:59.724182,341945.508,6281870.86
PG39,G09,SHCX-13,12601,40,60,2025-11-01 20:45:59.724188,341945.508,6281870.86
PG39,G08v,FLXV-19,1358,0,4,2025-11-01 20:45:59.724189,341945.508,6281870.86
PG39,G08v,FLXV-14,6012,17,21,2025-11-01 20:45:59.724190,341945.508,6281870.86
PG39,F03,SRPJ-78,1839,4,8,2025-11-01 20:45:59.724191,341945.508,6281870.86
PG39,G07,THTD-88,3253,8,12,2025-11-01 20:45:59.724192,341945.508,6281870.86
PG39,G07,THTF-23,9747,31,60,2025-11-01 20:45:59.724193,341945.508,6281870.86
PG39,G08,THTG-86,443,0,3,2025-11-01 20:45:59.724194,341945.508,6281870.86
PF812,F16,SPRV-96,982,0,3,2025-11-01 20:46:01.573653,354026.241,6281751.734
PF812,F16,SPRY-31,5890,17,21,2025-11-01 20:46:01.573658,354026.241,6281751.734
PD1079,412,PFVG-96,1331,0,4,2025-11-01 20:46:03.530397,356810.328,6296830.736
PD1079,D01,SVDD-87,6041,17,21,2025-11-01 20:46:03.530402,356810.328,6296830.736
PD1079,D01,SVDC-52,6839,20,24,2025-11-01 20:46:03.530403,356810.328,6296830.736
PB639,B45,FLXF-70,1714,3,7,2025-11-01 20:46:05.194699,339533.465,6306472.354
PB639,B08,SJPB-20,3924,10,14,2025-11-01 20:46:05.194704,339533.465,6306472.354
PB639,B18,TXZH-32,3109,8,12,2025-11-01 20:46:05.194705,339533.465,6306472.354
PB639,B32,STHB-29,2714,7,11,2025-11-01 20:46:05.194706,339533.465,6306472.354
PB639,B32,STHP-12,5899,17,21,2025-11-01 20:46:05.194706,339533.465,6306472.354
PB639,314,TWPD-31,5459,15,19,2025-11-01 20:46:05.194707,339533.465,6306472.354
PB639,314,TWPD-77,11117,35,60,2025-11-01 20:46:05.194708,339533.465,6306472.354
PI479,405,PFVK-98,2938,7,11,2025-11-01 20:46:06.713714,334507.844,6289839.172
PI479,405,PFTF-82,2938,7,11,2025-11-01 20:46:06.713720,334507.844,6289839.172
PI479,I02,FLXY-75,8159,26,60,2025-11-01 20:46:06.713721,334507.844,6289839.172
PI479,I02,FLXZ-40,8325,26,60,2025-11-01 20:46:06.713722,334507.844,6289839.172
PI479,I26,PFYR-87,2923,7,11,2025-11-01 20:46:06.713723,334507.844,6289839.172
PI479,I26,PFYR-85,9832,31,60,2025-11-01 20:46:06.713724,334507.844,6289839.172
PC111,C07,SPCG-83,9335,29,60,2025-11-01 20:46:08.710658,354498.276,6299876.498
PC111,216,SFWZ-16,2201,5,9,2025-11-01 20:46:08.710664,354498.276,6299876.498
PI551,506,TBFX-26,1195,0,4,2025-11-01 20:46:10.737116,342154.26,6296228.87
PI551,506,TBFX-72,8540,27,60,2025-11-01 20:46:10.737120,342154.26,6296228.87
PI551,506v,PFXC-59,8997,28,60,2025-11-01 20:46:10.737121,342154.26,6296228.87
PI551,506v,PFXC-55,13560,43,60,2025-11-01 20:46:10.737122,342154.26,6296228.87
PI551,509,FLXW-26,4252,11,15,2025-11-01 20:46:10.737123,342154.26,6296228.87
PI551,509,CJRX-40,8048,23,27,2025-11-01 20:46:10.737124,342154.26,6296228.87
PB871,B04,SHXD-91,1792,4,8,2025-11-01 20:46:12.743146,345407.234,6300715.433
PB871,B04,SHXD-86,3474,9,13,2025-11-01 20:46:12.743152,345407.234,6300715.433
PC7,103,PGLD-64,255,0,3,2025-11-01 20:46:14.770457,350503.734,6299216.284
PC7,117,SPBF-31,1838,4,8,2025-11-01 20:46:14.770463,350503.734,6299216.284
PC7,117,SPBS-65,6302,18,22,2025-11-01 20:46:14.770464,350503.734,6299216.284
PJ157,422,PFWZ-59,6730,19,23,2025-11-01 20:46:16.852866,336730.848,6298146.378
PJ157,422,PFXC-74,11729,37,60,2025-11-01 20:46:16.852872,336730.848,6298146.378
PJ157,402,SKPH-70,9091,29,60,2025-11-01 20:46:16.852873,336730.848,6298146.378
PJ157,402,PGTT-95,9741,31,60,2025-11-01 20:46:16.852874,336730.848,6298146.378
PJ157,J07,VJBB-31,0,0,3,2025-11-01 20:46:16.852875,336730.848,6298146.378
PJ157,J07e,VHZY-90,5475,15,19,2025-11-01 20:46:16.852876,336730.848,6298146.378
PJ157,J10,VJBB-40,6839,20,24,2025-11-01 20:46:16.852878,336730.848,6298146.378
PJ157,J10,VJBB-61,8898,28,60,2025-11-01 20:46:16.852879,336730.848,6298146.378
PJ157,406,PFXB-41,0,0,3,2025-11-01 20:46:16.852880,336730.848,6298146.378
PJ157,406,PFXC-78,1427,3,7,2025-11-01 20:46:16.852881,336730.848,6298146.378
PJ157,407,PFXC-71,2317,5,9,2025-11-01 20:46:16.852882,336730.848,6298146.378
PJ157,407,GCBD-44,3036,8,12,2025-11-01 20:46:16.852883,336730.848,6298146.378
PJ157,426,BJFD-41,0,0,3,2025-11-01 20:46:16.852884,336730.848,6298146.378
PJ157,426,BJFF-52,6394,18,22,2025-11-01 20:46:16.852885,336730.848,6298146.378
PF632,F02,SHCY-42,3554,9,13,2025-11-01 20:46:20.897269,352026.947,6279894.231
PF632,F02,SHXF-36,9414,30,60,2025-11-01 20:46:20.897274,352026.947,6279894.231
PF632,F29,SPVV-95,627,0,2,2025-11-01 20:46:20.897275,352026.947,6279894.231
PH517,H05,VFPD-51,1278,0,4,2025-11-01 20:46:22.958170,344463.23,6291118.547
PH517,H05,VFPD-10,6899,20,24,2025-11-01 20:46:22.958175,344463.23,6291118.547
PH517,H09,VGLZ-43,1897,4,8,2025-11-01 20:46:22.958176,344463.23,6291118.547
PJ1637,J07,VHZZ-20,9442,30,60,2025-11-01 20:46:24.917626,330366.977,6298805.03
PJ1637,J07,VHZY-40,15766,50,60,2025-11-01 20:46:24.917631,330366.977,6298805.03
PB856,B10,TXZH-31,2266,5,9,2025-11-01 20:46:26.942585,344981.683,6302162.32
PB856,B10,STHK-36,5346,15,19,2025-11-01 20:46:26.942591,344981.683,6302162.32
PB856,214,GCBB-99,3368,9,13,2025-11-01 20:46:26.942592,344981.683,6302162.32
PG194,207,VJLR-21,4522,12,16,2025-11-01 20:46:28.949378,348949.194,6281909.483
PG194,207,SVPX-54,5902,17,21,2025-11-01 20:46:28.949383,348949.194,6281909.483
PG194,209,VJYX-85,2622,6,10,2025-11-01 20:46:28.949385,348949.194,6281909.483
PG194,209,VJXW-29,4641,13,17,2025-11-01 20:46:28.949386,348949.194,6281909.483
PE520,E06,BJFW-92,5086,14,18,2025-11-01 20:46:31.010517,352461.286,6289967.912
PD916,325,VFHX-21,2334,5,9,2025-11-01 20:46:33.074604,351859.88,6295931.981
PD916,325,VFJD-70,3362,9,13,2025-11-01 20:46:33.074609,351859.88,6295931.981
PB1633,B22,SKPS-32,2184,5,9,2025-11-01 20:46:35.103741,345966.567,6305637.115
PB1633,B22,SKPS-20,5875,17,21,2025-11-01 20:46:35.103746,345966.567,6305637.115
PB1633,117,PGTV-30,2125,5,9,2025-11-01 20:46:35.103748,345966.567,6305637.115
PB1633,117,SPBS-58,7266,21,25,2025-11-01 20:46:35.103748,345966.567,6305637.115
PD1202,D18,SVDD-66,0,0,3,2025-11-01 20:46:37.208930,354277.84,6298614.874
PD1202,D18,SVDF-50,6033,17,21,2025-11-01 20:46:37.208934,354277.84,6298614.874
PD1202,412,PFVH-12,3996,11,15,2025-11-01 20:46:37.208936,354277.84,6298614.874
PD1202,412,PFVG-94,7999,23,27,2025-11-01 20:46:37.208937,354277.84,6298614.874
PI1104,I12,FLXW-88,1617,3,7,2025-11-01 20:46:39.209925,335085.908,6293063.559
PF166,E12,VFKV-81,7156,21,25,2025-11-01 20:46:41.252371,350490.883,6284000.217
PF166,E12,VJZC-15,11374,36,60,2025-11-01 20:46:41.252376,350490.883,6284000.217
PF166,F05,SPZY-78,3466,9,13,2025-11-01 20:46:41.252377,350490.883,6284000.217
PF166,F05,SPZY-65,4837,13,17,2025-11-01 20:46:41.252378,350490.883,6284000.217
PF166,225,VFJD-49,1323,0,4,2025-11-01 20:46:41.252379,350490.883,6284000.217
PF166,225,VFKR-96,1125,0,4,2025-11-01 20:46:41.252380,350490.883,6284000.217
PI1661,102,SPZX-77,2094,5,9,2025-11-01 20:46:43.242255,341514.469,6296675.605
PI1661,102,SPZX-93,2226,5,9,2025-11-01 20:46:43.242260,341514.469,6296675.605
PI1661,I13,FLXX-73,1949,7,11,2025-11-01 20:46:43.242261,341514.469,6296675.605
PI1661,I13,FLXW-84,3618,18,22,2025-11-01 20:46:43.242262,341514.469,6296675.605
PI1661,I14,BJFZ-37,4180,11,15,2025-11-01 20:46:43.242263,341514.469,6296675.605
PF534,F33,SRVJ-39,986,0,3,2025-11-01 20:46:45.273709,350419.475,6278650.805
PF534,F25,SRVG-91,950,0,3,2025-11-01 20:46:45.273714,350419.475,6278650.805
PF534,209,VJYX-85,0,0,3,2025-11-01 20:46:45.273715,350419.475,6278650.805
PF534,209,VJXW-29,1928,4,8,2025-11-01 20:46:45.273716,350419.475,6278650.805
PF534,F13,SRSC-81,759,0,2,2025-11-01 20:46:45.273717,350419.475,6278650.805
PF534,F13,SRRX-22,3864,10,14,2025-11-01 20:46:45.273717,350419.475,6278650.805
PB721,B01,SPZX-56,1060,0,3,2025-11-01 20:46:47.256070,346657.781,6304468.633
PB721,B12,SKDJ-78,3209,8,12,2025-11-01 20:46:47.256075,346657.781,6304468.633
PB721,B12,SKDJ-14,5389,15,19,2025-11-01 20:46:47.256075,346657.781,6304468.633
PB721,B22,SKPS-32,3835,10,14,2025-11-01 20:46:47.256076,346657.781,6304468.633
PB721,B22,SKPS-20,7526,22,26,2025-11-01 20:46:47.256077,346657.781,6304468.633
PB721,272,VFPB-70,1040,0,3,2025-11-01 20:46:47.256078,346657.781,6304468.633
PB721,272,VFPC-80,1114,0,4,2025-11-01 20:46:47.256079,346657.781,6304468.633
PI1566,506v,TBFV-97,1640,3,7,2025-11-01 20:46:49.213371,335440.414,6286739.658
PI1566,506v,TBFW-55,2224,5,9,2025-11-01 20:46:49.213376,335440.414,6286739.658
PF495,F11,SKVB-19,6338,18,22,2025-11-01 20:46:51.236720,359489.458,6281396.387
PH477,H03,CJRW-83,4868,13,17,2025-11-01 20:46:53.241132,343231.925,6291488.267
PH477,H08,CJRZ-73,3674,10,14,2025-11-01 20:46:53.241137,343231.925,6291488.267
PH477,H08,FLXJ-29,3991,11,15,2025-11-01 20:46:53.241138,343231.925,6291488.267
PH477,348,VHSY-33,2370,5,9,2025-11-01 20:46:53.241139,343231.925,6291488.267
PH477,348,VHTB-39,9418,30,60,2025-11-01 20:46:53.241140,343231.925,6291488.267
PG62,223,SDSW-68,0,0,3,2025-11-01 20:46:55.224078,345566.377,6288332.999
PG62,223,SHCX-11,4436,12,16,2025-11-01 20:46:55.224083,345566.377,6288332.999
PG62,E05,BJFZ-12,835,0,3,2025-11-01 20:46:55.224084,345566.377,6288332.999
PG62,201,GCBB-29,3455,9,13,2025-11-01 20:46:55.224085,345566.377,6288332.999
PG62,201,GCBB-87,5438,15,19,2025-11-01 20:46:55.224085,345566.377,6288332.999
PG62,301,CJRB-41,6507,19,23,2025-11-01 20:46:55.224086,345566.377,6288332.999
PG62,229,SFWZ-25,158,0,3,2025-11-01 20:46:55.224087,345566.377,6288332.999
PG62,229,LXWT-95,4312,12,16,2025-11-01 20:46:55.224088,345566.377,6288332.999
PG62,G18,SCRZ-38,609,0,2,2025-11-01 20:46:55.224089,345566.377,6288332.999
PG62,G18,SDSW-70,2477,6,10,2025-11-01 20:46:55.224090,345566.377,6288332.999
PB1459,B22,SKPS-15,164,0,3,2025-11-01 20:46:57.213907,348340.863,6304055.825
PB1459,B22,SKPS-32,6104,17,21,2025-11-01 20:46:57.213912,348340.863,6304055.825
PD399,418,PFYC-43,2270,5,9,2025-11-01 20:46:59.256253,355377.907,6297062.593
PD399,418,PGRZ-67,8209,26,60,2025-11-01 20:46:59.256258,355377.907,6297062.593
PD399,425,SGPY-68,555,0,2,2025-11-01 20:46:59.256260,355377.907,6297062.593
PD399,425,SHCX-42,3577,9,13,2025-11-01 20:46:59.256261,355377.907,6297062.593
PD399,429,SLLZ-40,469,0,3,2025-11-01 20:46:59.256262,355377.907,6297062.593
PD399,429,SLPB-84,5641,16,20,2025-11-01 20:46:59.256262,355377.907,6297062.593
PG219,G11,THTF-11,1118,0,4,2025-11-01 20:47:03.253766,348216.461,6287357.447
PG219,G11,THTG-73,4743,13,17,2025-11-01 20:47:03.253771,348216.461,6287357.447
PG219,118,LXWR-81,784,0,2,2025-11-01 20:47:03.253773,348216.461,6287357.447
PG219,118,FLXK-34,3554,9,13,2025-11-01 20:47:03.253773,348216.461,6287357.447
PG219,211,TBZB-17,4813,13,17,2025-11-01 20:47:03.253774,348216.461,6287357.447
PG219,211,TBYY-61,6417,18,22,2025-11-01 20:47:03.253775,348216.461,6287357.447
PG219,E02,VKJZ-69,4260,11,15,2025-11-01 20:47:03.253776,348216.461,6287357.447
PJ1658,J07e,VJBB-21,2537,6,10,2025-11-01 20:47:05.295981,325958.178,6303929.958
PJ1658,J07e,VHZY-90,19207,61,60,2025-11-01 20:47:05.295986,325958.178,6303929.958
PB92,105,SHXC-20,5310,15,19,2025-11-01 20:47:09.387557,339185.21,6302505.75
PB92,105,SHCY-17,8967,28,60,2025-11-01 20:47:09.387563,339185.21,6302505.75
PB92,110,LZPH-41,1307,5,9,2025-11-01 20:47:09.387564,339185.21,6302505.75
PB92,110,SRTK-46,3376,21,25,2025-11-01 20:47:09.387565,339185.21,6302505.75
PH156,203,SFWB-44,2622,6,10,2025-11-01 20:47:11.439163,347667.39,6292678.18
PH156,203,LZPR-97,4620,13,17,2025-11-01 20:47:11.439169,347667.39,6292678.18
PH156,206,FLXW-70,1334,0,4,2025-11-01 20:47:11.439170,347667.39,6292678.18
PH156,206,FLXY-45,6919,20,24,2025-11-01 20:47:11.439171,347667.39,6292678.18
PH673,385,FLXL-12,7047,20,24,2025-11-01 20:47:13.423042,349486.882,6290860.916
PH673,385,FLXL-84,14161,45,60,2025-11-01 20:47:13.423047,349486.882,6290860.916
PE1407,108,PFVH-95,305,0,3,2025-11-01 20:47:15.401952,355389.73,6289966.068
PE1407,108,PFVJ-24,1046,0,3,2025-11-01 20:47:15.401956,355389.73,6289966.068
PI1246,329,FLXR-35,1047,0,3,2025-11-01 20:47:17.451524,341375.532,6288576.982
PI1246,329,FLXR-59,4247,11,15,2025-11-01 20:47:17.451529,341375.532,6288576.982
PI1246,H03,CJRX-54,8592,27,60,2025-11-01 20:47:17.451531,341375.532,6288576.982
PD931,D10,SVDD-41,1797,4,8,2025-11-01 20:47:21.569489,354316.67,6294698.786
PD931,D10,SVDF-72,10400,33,60,2025-11-01 20:47:21.569494,354316.67,6294698.786
PD931,425,SGPY-72,3612,9,13,2025-11-01 20:47:21.569495,354316.67,6294698.786
PD931,425,SJPC-27,4101,11,15,2025-11-01 20:47:21.569496,354316.67,6294698.786
PD931,D07,SVDF-66,1792,4,8,2025-11-01 20:47:21.569497,354316.67,6294698.786
PD931,D07,SVDC-69,5674,16,20,2025-11-01 20:47:21.569497,354316.67,6294698.786
PE251,226,VFPZ-92,1569,3,7,2025-11-01 20:47:23.598165,351673.646,6286180.464
PE251,226,VFRG-45,3593,9,13,2025-11-01 20:47:23.598171,351673.646,6286180.464
PE251,E01,VKJX-30,1101,0,3,2025-11-01 20:47:23.598172,351673.646,6286180.464
PE251,E01,VKJY-90,1044,0,3,2025-11-01 20:47:23.598173,351673.646,6286180.464
PC1313,C17,SGPX-11,3147,8,12,2025-11-01 20:47:25.604541,360395.26,6308316.1
PC1313,C01,LDJJ-85,647,0,2,2025-11-01 20:47:25.604547,360395.26,6308316.1
PC1313,C01,LCSX-54,4206,11,15,2025-11-01 20:47:25.604548,360395.26,6308316.1
PA155,504,TBFW-83,4170,20,24,2025-11-01 20:47:27.652165,347162.192,6298791.84
PA155,504,TBFT-55,10117,61,60,2025-11-01 20:47:27.652170,347162.192,6298791.84
PB697,B01,SPZX-46,8059,23,27,2025-11-01 20:47:29.644812,342120.009,6303787.802
PB697,B01,SJTD-57,13540,43,60,2025-11-01 20:47:29.644816,342120.009,6303787.802
PB697,B24,STHF-49,1483,3,7,2025-11-01 20:47:29.644818,342120.009,6303787.802
PB697,B17,SHCY-43,4122,11,15,2025-11-01 20:47:29.644819,342120.009,6303787.802
PB697,B17,SHCX-53,4458,12,16,2025-11-01 20:47:29.644820,342120.009,6303787.802
PE1375,E03,BJFX-28,424,0,3,2025-11-01 20:47:31.664445,355901.451,6288317.837
PE1375,E10,FLXK-63,505,0,2,2025-11-01 20:47:31.664450,355901.451,6288317.837
PB1965,B25,FLXS-53,1794,4,8,2025-11-01 20:47:33.237045,345372.001,6302721.266
PB1965,B21,SKDG-52,21,0,3,2025-11-01 20:47:33.237051,345372.001,6302721.266
PB1965,B14,FLXT-51,272,0,3,2025-11-01 20:47:33.237052,345372.001,6302721.266
PB1965,B14,FLXT-53,3384,9,13,2025-11-01 20:47:33.237054,345372.001,6302721.266
PJ315,505,VHZW-11,2716,7,11,2025-11-01 20:47:35.262596,336650.0,6301486.0
PJ315,505,VJBC-20,3724,10,14,2025-11-01 20:47:35.262605,336650.0,6301486.0
PJ315,511,FLXW-40,4642,13,17,2025-11-01 20:47:35.262608,336650.0,6301486.0
PJ315,511,TBFT-34,6775,19,23,2025-11-01 20:47:35.262609,336650.0,6301486.0
PJ315,408,SRTG-92,3935,11,15,2025-11-01 20:47:35.262611,336650.0,6301486.0
PJ315,408,SRTK-31,11978,38,60,2025-11-01 20:47:35.262612,336650.0,6301486.0
PJ315,502,TBFT-37,3330,9,13,2025-11-01 20:47:35.262614,336650.0,6301486.0
PJ315,502,GCBD-36,5961,17,21,2025-11-01 20:47:35.262615,336650.0,6301486.0
PC1117,C01,LCPW-51,2239,5,9,2025-11-01 20:47:37.240957,359129.876,6306514.191
PC1117,C01,LCPW-35,3507,9,13,2025-11-01 20:47:37.240962,359129.876,6306514.191
PC1117,C05,LDTG-59,1742,4,8,2025-11-01 20:47:37.240964,359129.876,6306514.191
PC1117,502,BJFD-44,283,0,3,2025-11-01 20:47:37.240965,359129.876,6306514.191
PC1117,C19,SKPP-25,2103,5,9,2025-11-01 20:47:37.240966,359129.876,6306514.191
PC1117,C28,SGPY-69,3445,9,13,2025-11-01 20:47:37.240967,359129.876,6306514.191
PC1117,C28,SGPY-66,7177,21,25,2025-11-01 20:47:37.240968,359129.876,6306514.191
PC1117,C01c,PGBY-80,733,0,2,2025-11-01 20:47:37.240968,359129.876,6306514.191
PC1117,C01c,PFVG-73,2115,5,9,2025-11-01 20:47:37.240969,359129.876,6306514.191
PE109,204,VFPL-11,3490,9,13,2025-11-01 20:47:39.252393,349282.29,6289554.59
PE109,204,VFPJ-61,6569,19,23,2025-11-01 20:47:39.252398,349282.29,6289554.59
PE109,234,VJJV-57,4004,11,15,2025-11-01 20:47:39.252399,349282.29,6289554.59
PI20,101,PGPT-56,5184,14,18,2025-11-01 20:47:43.259766,340785.907,6291980.928
PI20,101,PGPT-38,9873,31,60,2025-11-01 20:47:43.259772,340785.907,6291980.928
PI20,I04,FLXD-79,5816,16,20,2025-11-01 20:47:43.259774,340785.907,6291980.928
PA48,B26,FLXS-43,2873,7,11,2025-11-01 20:47:45.387729,346301.591,6299532.018
PA48,B26,FLXP-83,9332,29,60,2025-11-01 20:47:45.387733,346301.591,6299532.018
PA48,301,BJFV-32,171,0,3,2025-11-01 20:47:45.387734,346301.591,6299532.018
PA48,301,BJFW-76,2167,5,9,2025-11-01 20:47:45.387735,346301.591,6299532.018
PA48,201,GCBB-98,1190,0,4,2025-11-01 20:47:45.387736,346301.591,6299532.018
PA48,201,GCBB-63,6447,18,22,2025-11-01 20:47:45.387737,346301.591,6299532.018
PJ97,513,VJJV-48,501,0,2,2025-11-01 20:47:47.483269,342809.56,6298869.551
PJ97,513,VJBC-40,4751,13,17,2025-11-01 20:47:47.483275,342809.56,6298869.551
PJ97,J05,TBFR-59,195,0,3,2025-11-01 20:47:47.483276,342809.56,6298869.551
PJ97,J05,FDJX-73,10521,33,60,2025-11-01 20:47:47.483277,342809.56,6298869.551
PJ97,J16,TBFS-46,1096,0,3,2025-11-01 20:47:47.483278,342809.56,6298869.551
PJ97,J16,FLXD-33,1096,0,3,2025-11-01 20:47:47.483279,342809.56,6298869.551
PJ97,109,TBFX-35,3005,12,16,2025-11-01 20:47:47.483280,342809.56,6298869.551
PJ97,505,VHZY-41,2292,5,9,2025-11-01 20:47:47.483281,342809.56,6298869.551
PJ97,505,VHZX-71,7179,21,25,2025-11-01 20:47:47.483281,342809.56,6298869.551
PJ97,508,FLXX-45,840,0,3,2025-11-01 20:47:47.483282,342809.56,6298869.551
PJ97,508,FLXW-61,7699,22,26,2025-11-01 20:47:47.483283,342809.56,6298869.551
PJ97,B28,STHF-42,3638,9,13,2025-11-01 20:47:47.483284,342809.56,6298869.551
PJ97,B28,STHB-50,7524,22,26,2025-11-01 20:47:47.483285,342809.56,6298869.551
PC862,C16,LDTB-95,3773,10,14,2025-11-01 20:47:49.535805,359356.609,6310996.684
PC862,C16,LDTG-62,5528,15,19,2025-11-01 20:47:49.535810,359356.609,6310996.684
PJ1678,J04,TBFW-56,5445,15,19,2025-11-01 20:47:51.548632,339093.872,6299184.974
PG1279,F20,SPZY-81,6599,19,23,2025-11-01 20:47:53.533664,347957.436,6283584.933
PG1279,F20,SPZY-59,10079,32,60,2025-11-01 20:47:53.533669,347957.436,6283584.933
PI888,I04,FLXF-62,8562,27,60,2025-11-01 20:47:55.526295,339399.64,6291665.961
PI888,I04,FLXF-58,11836,37,60,2025-11-01 20:47:55.526301,339399.64,6291665.961
PI888,I18,VHSY-41,9132,29,60,2025-11-01 20:47:55.526302,339399.64,6291665.961
PE565,E08,VKJX-64,584,0,2,2025-11-01 20:47:57.538697,353408.524,6286588.485
PE565,E08,VKJZ-57,1907,4,8,2025-11-01 20:47:57.538702,353408.524,6286588.485
PJ314,513,VHZZ-21,1394,0,4,2025-11-01 20:47:59.549113,336956.424,6301317.616
PJ314,502,TBFT-37,3043,8,12,2025-11-01 20:47:59.549118,336956.424,6301317.616
PJ314,502,GCBD-36,5674,16,20,2025-11-01 20:47:59.549120,336956.424,6301317.616
PJ314,511,FLXW-40,4354,12,16,2025-11-01 20:47:59.549121,336956.424,6301317.616
PJ314,511,TBFT-34,6488,18,22,2025-11-01 20:47:59.549122,336956.424,6301317.616
PG397,302,CJRC-56,4495,12,16,2025-11-01 20:48:01.586788,347334.604,6287373.377
PG397,E18,BJFY-84,6386,18,22,2025-11-01 20:48:01.586810,347334.604,6287373.377
PG397,E18,BJFW-25,10937,35,60,2025-11-01 20:48:01.586811,347334.604,6287373.377
PG397,G11,THTF-11,70,0,3,2025-11-01 20:48:01.586813,347334.604,6287373.377
PG397,G11,THTG-73,3663,10,14,2025-11-01 20:48:01.586814,347334.604,6287373.377
PD656,425,SGPY-72,1358,0,4,2025-11-01 20:48:03.545040,355768.296,6295617.518
PD656,425,SJPC-27,1810,4,8,2025-11-01 20:48:03.545045,355768.296,6295617.518
PD656,429,SLPB-45,11692,37,60,2025-11-01 20:48:03.545047,355768.296,6295617.518
PD656,429,SLLZ-56,17322,55,60,2025-11-01 20:48:03.545048,355768.296,6295617.518
PD656,418,PFYC-90,1511,3,7,2025-11-01 20:48:03.545049,355768.296,6295617.518
PD656,418,SKPK-42,9444,30,60,2025-11-01 20:48:03.545050,355768.296,6295617.518
PD959,D07,SVDC-79,325,0,3,2025-11-01 20:48:05.222185,350726.426,6294670.86
PD959,D07,SVDF-23,6370,18,22,2025-11-01 20:48:05.222190,350726.426,6294670.86
PC964,C20,SHCY-27,107,0,3,2025-11-01 20:48:06.727463,353463.938,6303016.549
PC964,C20,SGPW-40,200,0,3,2025-11-01 20:48:06.727468,353463.938,6303016.549
