bus_stop_code,route_id,bus_id,meters_distance,min_arrival_time,max_arrival_time,date,X,Y
PG210,G08,THTG-94,1819,13,19,2025-10-18 12:00:06.079319,341626.877,6280657.47
PG1226,G39,SHCX-24,865,0,4,2025-10-18 12:00:08.189764,341170.813,6283743.504
PG1226,G39,SCRZ-20,5247,16,22,2025-10-18 12:00:08.189770,341170.813,6283743.504
PG1226,G09,SFGY-15,4635,15,21,2025-10-18 12:00:08.189772,341170.813,6283743.504
PG1226,G09,SFPG-65,4810,16,22,2025-10-18 12:00:08.189773,341170.813,6283743.504
PB491,B18,STHL-27,1296,0,3,2025-10-18 12:00:10.228936,340390.408,6305897.321
PJ20,107,PGBY-53,222,0,3,2025-10-18 12:00:12.190947,341305.954,6298168.453
PJ20,107,PGBY-69,356,0,3,2025-10-18 12:00:12.190953,341305.954,6298168.453
PJ20,101,PGPT-12,1334,4,6,2025-10-18 12:00:12.190954,341305.954,6298168.453
PJ20,101,PFYT-10,5900,13,19,2025-10-18 12:00:12.190955,341305.954,6298168.453
PD496,516,TBFT-27,2014,6,8,2025-10-18 12:00:13.907251,357237.874,6295246.308
PD496,516,PFXB-62,6780,25,60,2025-10-18 12:00:13.907256,357237.874,6295246.308
PD496,D03,SVDD-44,367,0,3,2025-10-18 12:00:13.907258,357237.874,6295246.308
PD496,D03,STKX-48,4371,12,18,2025-10-18 12:00:13.907259,357237.874,6295246.308
PD496,505,VJJV-28,2655,8,10,2025-10-18 12:00:13.907260,357237.874,6295246.308
PD496,505,LZPH-17,2748,8,10,2025-10-18 12:00:13.907261,357237.874,6295246.308
PD496,510,PFWZ-68,934,0,4,2025-10-18 12:00:13.907262,357237.874,6295246.308
PD496,510,GCBC-62,4157,14,20,2025-10-18 12:00:13.907263,357237.874,6295246.308
PD1217,D16,SPBS-39,5757,17,23,2025-10-18 12:00:15.829664,352324.137,6295523.178
PD1217,D16,SPBF-51,8377,25,60,2025-10-18 12:00:15.829669,352324.137,6295523.178
PD1421,D17V,PFZK-78,256,0,3,2025-10-18 12:00:17.763752,353516.102,6293201.679
PF539,124,SRVJ-55,262,0,3,2025-10-18 12:00:19.764366,351900.335,6278597.212
PC381,412,LXWP-59,6267,25,60,2025-10-18 12:00:24.214213,351830.728,6300524.907
PC381,412,PFTW-51,9191,25,60,2025-10-18 12:00:24.214218,351830.728,6300524.907
PC381,418,PFVG-79,941,0,4,2025-10-18 12:00:24.214219,351830.728,6300524.907
PC381,418,PFYC-75,2398,9,13,2025-10-18 12:00:24.214220,351830.728,6300524.907
PC381,429,SLGT-32,288,0,3,2025-10-18 12:00:24.214221,351830.728,6300524.907
PC381,429,SLGS-96,7057,16,24,2025-10-18 12:00:24.214222,351830.728,6300524.907
PJ229,418,LXWP-72,5496,13,17,2025-10-18 12:00:26.194159,335697.242,6298902.527
PJ229,418,SKPL-33,5867,13,19,2025-10-18 12:00:26.194164,335697.242,6298902.527
PB1952,B02,FLXR-76,317,0,3,2025-10-18 12:00:27.951609,346050.495,6300900.199
PB1952,B02,FLXR-89,3358,25,60,2025-10-18 12:00:27.951614,346050.495,6300900.199
PB1952,B14,FLXJ-41,1418,7,9,2025-10-18 12:00:27.951615,346050.495,6300900.199
PB1952,B14,FLXT-46,1597,8,10,2025-10-18 12:00:27.951616,346050.495,6300900.199
PB1952,B27,FLXT-74,1424,5,7,2025-10-18 12:00:27.951617,346050.495,6300900.199
PB1952,B27,FLXT-71,3826,17,25,2025-10-18 12:00:27.951618,346050.495,6300900.199
PB1952,201,GCBB-18,10667,25,60,2025-10-18 12:00:27.951618,346050.495,6300900.199
PB1952,201,GCBB-99,13225,25,60,2025-10-18 12:00:27.951619,346050.495,6300900.199
PB1952,230,GCBB-49,462,0,3,2025-10-18 12:00:27.951620,346050.495,6300900.199
PB1952,230,GCBB-14,998,0,5,2025-10-18 12:00:27.951621,346050.495,6300900.199
PB1952,308,FLXH-96,1584,9,13,2025-10-18 12:00:27.951622,346050.495,6300900.199
PB1952,B26,FLXP-83,944,4,6,2025-10-18 12:00:27.951623,346050.495,6300900.199
PB1952,B26,FLXS-46,3751,17,25,2025-10-18 12:00:27.951624,346050.495,6300900.199
PG1192,G13,SHCX-16,8718,25,60,2025-10-18 12:00:29.616342,345742.464,6286768.334
PG1192,G13,SFPF-91,10705,25,60,2025-10-18 12:00:29.616347,345742.464,6286768.334
PB384,301,BJFS-55,1756,6,8,2025-10-18 12:00:31.628842,345662.826,6300621.411
PB384,B03,LXDH-92,555,0,4,2025-10-18 12:00:31.628848,345662.826,6300621.411
PB384,B03,LXDJ-10,1327,6,8,2025-10-18 12:00:31.628848,345662.826,6300621.411
PB384,B10,STHR-23,694,0,3,2025-10-18 12:00:31.628849,345662.826,6300621.411
PB384,B10,STHK-27,4000,0,5,2025-10-18 12:00:31.628850,345662.826,6300621.411
PB384,B24,STHD-72,3458,11,15,2025-10-18 12:00:31.628851,345662.826,6300621.411
PB384,B24,SJTD-56,4962,15,21,2025-10-18 12:00:31.628852,345662.826,6300621.411
PB1254,B13,STHJ-74,265,0,3,2025-10-18 12:00:33.200061,338951.85,6307896.975
PB1254,B13,STHP-12,3699,14,20,2025-10-18 12:00:33.200067,338951.85,6307896.975
PB1254,315E,TWPD-92,467,0,3,2025-10-18 12:00:33.200069,338951.85,6307896.975
PB1254,B45,TWPC-56,2287,9,13,2025-10-18 12:00:33.200070,338951.85,6307896.975
PI670,I01,FLXF-72,561,0,3,2025-10-18 12:00:34.687206,340575.799,6293053.448
PI670,I01,FLXL-48,6281,17,25,2025-10-18 12:00:34.687211,340575.799,6293053.448
PI670,I18,VHSZ-49,3183,10,14,2025-10-18 12:00:34.687212,340575.799,6293053.448
PI670,I18,VHSX-87,8627,25,60,2025-10-18 12:00:34.687213,340575.799,6293053.448
PD1183,D14,PGBY-38,1119,0,4,2025-10-18 12:00:36.098945,350199.635,6293758.73
PD1183,D14,PGBY-86,4335,12,16,2025-10-18 12:00:36.098962,350199.635,6293758.73
PB1103,B20,LXDJ-31,3540,18,26,2025-10-18 12:00:40.001298,337052.322,6303273.769
PB1103,B20,SKHG-59,5463,25,60,2025-10-18 12:00:40.001304,337052.322,6303273.769
PB1103,B03,LXDJ-16,5079,19,27,2025-10-18 12:00:40.001305,337052.322,6303273.769
PB1103,B03,LXDJ-14,5417,21,29,2025-10-18 12:00:40.001306,337052.322,6303273.769
PB1103,B09,SHCY-33,5218,21,29,2025-10-18 12:00:40.001307,337052.322,6303273.769
PB1103,B09,SHCY-39,11667,25,60,2025-10-18 12:00:40.001308,337052.322,6303273.769
PE613,E09,VKJX-30,8019,25,60,2025-10-18 12:00:41.905772,349489.94,6286543.29
PE320,E02,VKJY-26,5233,15,21,2025-10-18 12:00:43.876716,350420.375,6286942.459
PE320,E12,VFKR-64,1,0,3,2025-10-18 12:00:43.876721,350420.375,6286942.459
PE320,E12,VFJT-76,7010,25,60,2025-10-18 12:00:43.876722,350420.375,6286942.459
PE320,286,SHXB-25,7683,25,60,2025-10-18 12:00:43.876723,350420.375,6286942.459
PE320,286,SHXB-29,7707,25,60,2025-10-18 12:00:43.876724,350420.375,6286942.459
PD1222,D16,SPBP-26,555,0,3,2025-10-18 12:00:45.841966,352530.942,6296614.253
PD1222,D16,SPBS-39,6692,19,27,2025-10-18 12:00:45.841971,352530.942,6296614.253
PD292,D09,SVDD-46,3404,9,13,2025-10-18 12:00:51.860001,355522.257,6296337.522
PD292,D09,STYX-82,6121,25,60,2025-10-18 12:00:51.860006,355522.257,6296337.522
PD292,513,LXWS-34,1953,5,7,2025-10-18 12:00:51.860007,355522.257,6296337.522
PD292,513,VHZX-60,2483,7,9,2025-10-18 12:00:51.860008,355522.257,6296337.522
PD292,225,SFWZ-65,1856,5,7,2025-10-18 12:00:51.860009,355522.257,6296337.522
PD292,225,SFVZ-29,5074,13,17,2025-10-18 12:00:51.860010,355522.257,6296337.522
PJ1614,J07E,VJBB-41,9314,14,20,2025-10-18 12:00:53.762045,333875.834,6306067.743
PJ1614,J07E,VHXJ-44,20794,25,60,2025-10-18 12:00:53.762051,333875.834,6306067.743
PI1037,I08,FLXZ-73,2405,8,10,2025-10-18 12:00:57.578899,335792.497,6292982.587
PF11,104,SKWD-61,537,0,3,2025-10-18 12:00:59.314321,355214.813,6285814.286
PF11,104,SKWD-82,1722,6,8,2025-10-18 12:00:59.314326,355214.813,6285814.286
PF11,E12,VFKT-73,492,0,3,2025-10-18 12:00:59.314327,355214.813,6285814.286
PF11,E12,VFJD-49,4015,0,4,2025-10-18 12:00:59.314328,355214.813,6285814.286
PF11,102,SPZY-58,303,0,3,2025-10-18 12:00:59.314329,355214.813,6285814.286
PF11,102,TXZH-48,5502,12,16,2025-10-18 12:00:59.314330,355214.813,6285814.286
PF11,124,SRVK-97,3202,10,14,2025-10-18 12:00:59.314331,355214.813,6285814.286
PF11,124,SRVG-86,4918,16,22,2025-10-18 12:00:59.314331,355214.813,6285814.286
PF11,712,SHXG-92,239,0,3,2025-10-18 12:00:59.314333,355214.813,6285814.286
PF11,712,SJPD-86,2258,5,7,2025-10-18 12:00:59.314334,355214.813,6285814.286
PB628,B08,SHCY-37,874,0,4,2025-10-18 12:01:01.049239,338081.385,6306741.793
PI150,I03,FLXJ-19,6455,18,26,2025-10-18 12:01:03.001748,336002.67,6290802.63
PI150,I03,FLXL-40,7519,25,60,2025-10-18 12:01:03.001754,336002.67,6290802.63
PI150,I05,VHSY-18,3079,8,12,2025-10-18 12:01:03.001755,336002.67,6290802.63
PI150,I05,VHSY-30,3123,8,12,2025-10-18 12:01:03.001756,336002.67,6290802.63
PI150,I11,SSBV-61,302,0,3,2025-10-18 12:01:03.001757,336002.67,6290802.63
PI150,I11,VHTB-70,8218,18,26,2025-10-18 12:01:03.001758,336002.67,6290802.63
PI150,I18,VHSZ-36,3238,8,12,2025-10-18 12:01:03.001759,336002.67,6290802.63
PI150,I18,VHTB-22,6811,25,60,2025-10-18 12:01:03.001760,336002.67,6290802.63
PI150,108,PFVD-55,4637,12,16,2025-10-18 12:01:03.001761,336002.67,6290802.63
PI150,108,PFYS-34,6029,15,21,2025-10-18 12:01:03.001762,336002.67,6290802.63
PI150,I24,VHTB-29,1401,6,8,2025-10-18 12:01:03.001763,336002.67,6290802.63
PI150,348,VHTB-21,20,0,3,2025-10-18 12:01:03.001764,336002.67,6290802.63
PI150,348,VHTB-56,5572,13,19,2025-10-18 12:01:03.001765,336002.67,6290802.63
PI150,I12,FLXY-47,3229,10,14,2025-10-18 12:01:03.001776,336002.67,6290802.63
PI150,109,PFXB-25,1420,4,6,2025-10-18 12:01:03.001778,336002.67,6290802.63
PI150,109,GCBD-35,4307,11,15,2025-10-18 12:01:03.001778,336002.67,6290802.63
PI150,118,BFKC-96,7229,16,24,2025-10-18 12:01:03.001779,336002.67,6290802.63
PI150,118,FLXX-77,8246,19,27,2025-10-18 12:01:03.001780,336002.67,6290802.63
PD1111,D11,SVDD-73,705,0,3,2025-10-18 12:01:04.936778,358105.532,6295917.121
PD1111,D11,SVDC-39,5837,14,20,2025-10-18 12:01:04.936785,358105.532,6295917.121
PG2113,G27,THTD-49,7186,25,60,2025-10-18 12:01:06.900000,341220.0,6276719.0
PG2113,G27,THTF-33,7236,25,60,2025-10-18 12:01:06.900006,341220.0,6276719.0
PD300,422,TBFX-81,1971,5,7,2025-10-18 12:01:08.899354,356282.906,6297670.465
PD300,D01,SVDF-63,224,0,3,2025-10-18 12:01:08.899358,356282.906,6297670.465
PD300,D01,STYX-81,3540,11,15,2025-10-18 12:01:08.899359,356282.906,6297670.465
PD300,403,PFVG-98,1896,6,8,2025-10-18 12:01:08.899360,356282.906,6297670.465
PD300,517,VHZZ-21,580,0,3,2025-10-18 12:01:08.899361,356282.906,6297670.465
PD300,225,SFWZ-20,2048,5,7,2025-10-18 12:01:08.899362,356282.906,6297670.465
PD300,225,SFWZ-65,4773,13,19,2025-10-18 12:01:08.899363,356282.906,6297670.465
PE288,E01,VKJX-38,3937,13,19,2025-10-18 12:01:10.817769,349893.338,6288168.393
PE288,E01,VKJZ-47,5895,20,28,2025-10-18 12:01:10.817775,349893.338,6288168.393
PE433,E03,CJRW-16,1231,0,5,2025-10-18 12:01:12.299795,347850.61,6289003.167
PE433,E03,BJFX-10,4256,12,16,2025-10-18 12:01:12.299800,347850.61,6289003.167
PA11,119,BJFV-29,1050,0,5,2025-10-18 12:01:13.744168,344571.84,6296166.89
PA11,119,CJRY-81,7258,25,60,2025-10-18 12:01:13.744173,344571.84,6296166.89
PA11,345,CJRB-43,2931,9,11,2025-10-18 12:01:13.744175,344571.84,6296166.89
PA11,345,BJFX-13,7510,25,60,2025-10-18 12:01:13.744176,344571.84,6296166.89
PA11,I18,VHTB-61,57,0,3,2025-10-18 12:01:13.744177,344571.84,6296166.89
PA11,I18,VHSY-47,3405,7,9,2025-10-18 12:01:13.744178,344571.84,6296166.89
PA11,511,GCBF-36,2363,8,10,2025-10-18 12:01:13.744179,344571.84,6296166.89
PA11,511,TBFW-22,4479,17,23,2025-10-18 12:01:13.744180,344571.84,6296166.89
PA11,109,GCBC-70,1793,6,8,2025-10-18 12:01:13.744181,344571.84,6296166.89
PA11,109,FLXW-22,9655,25,60,2025-10-18 12:01:13.744182,344571.84,6296166.89
PH640,H09,VGRG-44,369,0,3,2025-10-18 12:01:15.665249,349125.687,6292763.872
PH640,H09,VGLZ-43,2869,9,13,2025-10-18 12:01:15.665254,349125.687,6292763.872
PG442,E02,VKJZ-51,5683,15,21,2025-10-18 12:01:17.546772,346312.43,6289668.932
PG442,E02,VKJZ-40,8525,25,60,2025-10-18 12:01:17.546778,346312.43,6289668.932
PE1266,E12,VFJD-87,976,0,4,2025-10-18 12:01:21.646479,350761.23,6285103.59
PE1266,E12,VFHX-46,10959,25,60,2025-10-18 12:01:21.646484,350761.23,6285103.59
PE1266,E16,VFJD-79,1591,5,7,2025-10-18 12:01:21.646485,350761.23,6285103.59
PE1266,E16,VFKV-81,4636,14,20,2025-10-18 12:01:21.646485,350761.23,6285103.59
PI1546,I04,FLXF-62,2266,8,10,2025-10-18 12:01:27.606205,335943.088,6286480.339
PD510,516,HYKK-33,899,5,7,2025-10-18 12:01:31.927901,355854.878,6295564.799
PD510,D03,SVDF-65,866,0,4,2025-10-18 12:01:31.927907,355854.878,6295564.799
PD510,D03,SVDD-58,821,4,6,2025-10-18 12:01:31.927909,355854.878,6295564.799
PD510,D10,SVDC-82,2549,6,8,2025-10-18 12:01:31.927910,355854.878,6295564.799
PD510,505,VJJV-18,2215,8,10,2025-10-18 12:01:31.927911,355854.878,6295564.799
PD510,510,GCBD-98,1814,7,9,2025-10-18 12:01:31.927912,355854.878,6295564.799
PD1100,D11,STKP-84,3226,9,13,2025-10-18 12:01:33.633215,355702.019,6296888.596
PD989,D07,SVDC-92,217,0,3,2025-10-18 12:01:35.140603,357404.134,6294530.966
PD989,D07,STPS-21,4331,25,60,2025-10-18 12:01:35.140609,357404.134,6294530.966
PB1438,B22,SKPS-47,4186,16,22,2025-10-18 12:01:37.101058,346540.784,6303807.696
PB1438,B22,SPCG-65,8454,25,60,2025-10-18 12:01:37.101063,346540.784,6303807.696
PH614,H12,CJRY-76,4168,11,15,2025-10-18 12:01:39.055424,342128.565,6290042.722
PH614,H12,FLXF-31,6780,25,60,2025-10-18 12:01:39.055429,342128.565,6290042.722
PD1312,D10,SVDC-88,1605,4,6,2025-10-18 12:01:40.949423,352654.28,6293559.327
PB572,425,SJPC-79,1866,7,9,2025-10-18 12:01:42.947691,337670.56,6307998.68
PB572,425,SJPF-42,2859,11,15,2025-10-18 12:01:42.947696,337670.56,6307998.68
PB572,315E,TWPC-75,933,0,4,2025-10-18 12:01:42.947698,337670.56,6307998.68
PB572,315E,FLXH-14,1177,0,5,2025-10-18 12:01:42.947699,337670.56,6307998.68
PB572,B45,VHSZ-46,1812,8,10,2025-10-18 12:01:42.947700,337670.56,6307998.68
PB572,B45,VHSY-44,6699,25,60,2025-10-18 12:01:42.947701,337670.56,6307998.68
PB572,B06,SKDG-18,2706,11,15,2025-10-18 12:01:42.947702,337670.56,6307998.68
PB572,B06,SKDG-40,8507,25,60,2025-10-18 12:01:42.947703,337670.56,6307998.68
PB2003,B07,FLXS-53,791,0,3,2025-10-18 12:01:44.895969,340518.0,6310009.0
PB2003,B07,LDJP-67,505,0,3,2025-10-18 12:01:44.895974,340518.0,6310009.0
PF151,F03,FLXG-88,2653,8,12,2025-10-18 12:01:46.955063,355669.261,6280695.786
PF151,F03,SPVW-92,2664,8,12,2025-10-18 12:01:46.955068,355669.261,6280695.786
PF151,226,VFPV-83,4257,11,15,2025-10-18 12:01:46.955070,355669.261,6280695.786
PF151,226,VFPZ-78,12480,25,60,2025-10-18 12:01:46.955071,355669.261,6280695.786
PF151,F03C,SHCX-60,669,0,4,2025-10-18 12:01:46.955072,355669.261,6280695.786
PF151,F03C,SHXD-84,3138,13,19,2025-10-18 12:01:46.955072,355669.261,6280695.786
PB419,303,FLXF-40,206,0,3,2025-10-18 12:01:48.963729,342574.77,6304842.36
PB419,303,FLXF-24,5103,10,14,2025-10-18 12:01:48.963734,342574.77,6304842.36
PB419,307,FLXH-35,4169,7,9,2025-10-18 12:01:48.963735,342574.77,6304842.36
PB419,307,TWPC-57,5257,10,14,2025-10-18 12:01:48.963736,342574.77,6304842.36
PB419,314,TWPD-87,5718,11,15,2025-10-18 12:01:48.963737,342574.77,6304842.36
PB419,314,TWPD-31,6338,15,21,2025-10-18 12:01:48.963738,342574.77,6304842.36
PI1431,H05,VFPJ-53,7999,21,29,2025-10-18 12:01:52.854130,341957.648,6290782.11
PI1431,H05,VFRF-15,11358,25,60,2025-10-18 12:01:52.854135,341957.648,6290782.11
PI1431,H09,VGRF-45,4488,11,15,2025-10-18 12:01:52.854136,341957.648,6290782.11
PI1431,H09,VGRG-45,9609,25,60,2025-10-18 12:01:52.854137,341957.648,6290782.11
PI1431,348,VHSX-66,865,0,3,2025-10-18 12:01:52.854138,341957.648,6290782.11
PB1444,B22,SKPS-10,1754,5,7,2025-10-18 12:01:54.765179,345243.603,6304129.464
PI1812,J10,VJJV-58,3979,13,19,2025-10-18 12:01:56.769063,343903.38,6297436.64
PI1812,J10,VJBB-31,7832,25,60,2025-10-18 12:01:56.769068,343903.38,6297436.64
PI1812,I09,FLXZ-25,1,0,3,2025-10-18 12:01:56.769070,343903.38,6297436.64
PI1812,I09,VHTB-26,3325,11,15,2025-10-18 12:01:56.769071,343903.38,6297436.64
PI1812,I14,CJRZ-75,10157,25,60,2025-10-18 12:01:56.769072,343903.38,6297436.64
PI1812,I17,FLXK-74,5446,25,60,2025-10-18 12:01:56.769073,343903.38,6297436.64
PB1440,B22,SKPS-47,4691,19,27,2025-10-18 12:01:58.733191,347214.237,6303833.252
PB1440,B22,SPCG-65,8931,25,60,2025-10-18 12:01:58.733196,347214.237,6303833.252
PB1440,C18,SHXF-21,87,0,3,2025-10-18 12:01:58.733197,347214.237,6303833.252
PA165,106,PFVJ-18,438,0,3,2025-10-18 12:02:00.756583,345605.132,6297951.552
PA165,106,PFVH-92,4439,10,14,2025-10-18 12:02:00.756588,345605.132,6297951.552
PA165,345,FLXD-77,1581,6,8,2025-10-18 12:02:00.756591,345605.132,6297951.552
PA165,345,CJRB-43,5626,21,29,2025-10-18 12:02:00.756592,345605.132,6297951.552
PA165,I09,FLXZ-29,50,0,3,2025-10-18 12:02:00.756593,345605.132,6297951.552
PA165,I09,FLXZ-25,1639,0,5,2025-10-18 12:02:00.756594,345605.132,6297951.552
PA165,385,FLXK-51,5689,17,25,2025-10-18 12:02:00.756595,345605.132,6297951.552
PA165,385,FLXK-92,9691,25,60,2025-10-18 12:02:00.756596,345605.132,6297951.552
PA165,516,SZZY-77,2828,10,14,2025-10-18 12:02:00.756597,345605.132,6297951.552
PA165,516,TBFR-23,4906,15,21,2025-10-18 12:02:00.756598,345605.132,6297951.552
PJ1640,J07E,VHXJ-44,10793,16,24,2025-10-18 12:02:02.642813,327036.767,6304255.057
PJ1640,J07E,VHZZ-40,12984,21,29,2025-10-18 12:02:02.642818,327036.767,6304255.057
PG1109,G11,THTF-61,709,0,3,2025-10-18 12:02:04.049662,347725.998,6289910.55
PA585,H13,CJRX-63,1093,4,6,2025-10-18 12:02:05.952851,347870.558,6298249.806
PA585,H13,BJFZ-36,1664,6,8,2025-10-18 12:02:05.952856,347870.558,6298249.806
PA585,518,FLXS-67,374,0,3,2025-10-18 12:02:05.952857,347870.558,6298249.806
PA585,518,TBFW-77,3325,11,15,2025-10-18 12:02:05.952858,347870.558,6298249.806
PI44,I14,CJRZ-75,6532,19,27,2025-10-18 12:02:08.052802,341452.914,6295838.845
PI44,506,TBFX-37,4573,13,17,2025-10-18 12:02:08.052808,341452.914,6295838.845
PI44,506,TBFW-27,4728,12,18,2025-10-18 12:02:08.052809,341452.914,6295838.845
PI44,506V,TBFW-28,728,0,3,2025-10-18 12:02:08.052810,341452.914,6295838.845
PI44,506V,TBFT-70,7963,25,60,2025-10-18 12:02:08.052810,341452.914,6295838.845
PI44,509,FLXX-90,6361,15,21,2025-10-18 12:02:08.052811,341452.914,6295838.845
PI44,509,FLXV-87,9183,25,60,2025-10-18 12:02:08.052812,341452.914,6295838.845
PI44,101,PFYT-10,2714,5,7,2025-10-18 12:02:08.052813,341452.914,6295838.845
PI44,101,PFYR-62,7402,17,23,2025-10-18 12:02:08.052813,341452.914,6295838.845
PI44,I13,FLXZ-67,1686,0,5,2025-10-18 12:02:08.052814,341452.914,6295838.845
PI44,I13,FLXY-13,4069,12,16,2025-10-18 12:02:08.052824,341452.914,6295838.845
PB1876,B18E,LDJW-37,488,0,3,2025-10-18 12:02:10.150604,339564.39,6305266.47
PD730,D10,STWW-40,4852,13,17,2025-10-18 12:02:12.462092,358112.8,6295092.395
PD730,D10,SVDF-13,6650,21,29,2025-10-18 12:02:12.462097,358112.8,6295092.395
PD730,505,VJJV-18,8,0,3,2025-10-18 12:02:12.462098,358112.8,6295092.395
PD730,513,LXWS-34,4815,13,19,2025-10-18 12:02:12.462099,358112.8,6295092.395
PD730,513,VHZX-60,5684,17,23,2025-10-18 12:02:12.462100,358112.8,6295092.395
PD730,422,TBFT-50,17,0,3,2025-10-18 12:02:12.462102,358112.8,6295092.395
PD730,422,FLXW-44,5622,16,22,2025-10-18 12:02:12.462103,358112.8,6295092.395
PI1605,I17,FLXZ-30,2723,9,13,2025-10-18 12:02:14.387982,342144.707,6295277.976
PJ29,107,PGRZ-87,1,0,3,2025-10-18 12:02:18.839378,341596.363,6301083.939
PJ29,107,PGTV-28,742,0,3,2025-10-18 12:02:18.839384,341596.363,6301083.939
PJ29,101,PFYS-25,846,0,4,2025-10-18 12:02:18.839385,341596.363,6301083.939
PJ29,101,PGPT-12,4421,13,19,2025-10-18 12:02:18.839386,341596.363,6301083.939
PJ29,B38,TBFV-97,253,0,3,2025-10-18 12:02:18.839387,341596.363,6301083.939
PD835,D05,PGLD-80,1,0,3,2025-10-18 12:02:20.766871,349240.11,6295795.811
PD835,D05,SPBF-88,855,0,5,2025-10-18 12:02:20.766876,349240.11,6295795.811
PI1360,I08,FLXZ-60,488,0,3,2025-10-18 12:02:22.799052,336552.182,6292774.12
PI1360,I08,FLXZ-71,6380,14,20,2025-10-18 12:02:22.799057,336552.182,6292774.12
PG1429,214,GCBB-36,260,0,3,2025-10-18 12:02:24.789798,344110.18,6289922.771
PG1429,214,GCBB-54,333,0,3,2025-10-18 12:02:24.789803,344110.18,6289922.771
PD1102,D11,STKP-84,3412,8,12,2025-10-18 12:02:26.761043,355760.967,6297221.821
PI1529,419,PFVK-67,2470,9,13,2025-10-18 12:02:30.714866,335328.58,6288481.633
PI1529,419,PFVL-11,6259,20,28,2025-10-18 12:02:30.714871,335328.58,6288481.633
PI1529,506,FLXW-26,576,0,3,2025-10-18 12:02:30.714873,335328.58,6288481.633
PI1529,506,FLXW-30,681,0,3,2025-10-18 12:02:30.714874,335328.58,6288481.633
PI1529,506V,PFXC-21,812,0,3,2025-10-18 12:02:30.714875,335328.58,6288481.633
PI1529,506V,PFXC-18,1341,0,4,2025-10-18 12:02:30.714876,335328.58,6288481.633
PI1529,509,FLXK-34,1,0,3,2025-10-18 12:02:30.714877,335328.58,6288481.633
PI1529,509,FLXW-51,7804,25,60,2025-10-18 12:02:30.714878,335328.58,6288481.633
PE215,E16,VFJD-79,2119,7,9,2025-10-18 12:02:32.686127,350432.563,6285579.719
PE215,E16,VFKV-81,5144,16,22,2025-10-18 12:02:32.686133,350432.563,6285579.719
PE215,225,SFWZ-82,778,0,3,2025-10-18 12:02:32.686134,350432.563,6285579.719
PE215,225,SFWB-29,2251,6,8,2025-10-18 12:02:32.686135,350432.563,6285579.719
PE215,F05,SRVK-82,650,0,4,2025-10-18 12:02:32.686136,350432.563,6285579.719
PE215,F05,SPZY-44,5198,17,23,2025-10-18 12:02:32.686137,350432.563,6285579.719
PE215,E09,VKJX-30,5773,25,60,2025-10-18 12:02:32.686138,350432.563,6285579.719
PE215,E11,VKJX-63,6617,20,28,2025-10-18 12:02:32.686139,350432.563,6285579.719
PI1606,I17,FLXZ-30,2862,9,13,2025-10-18 12:02:34.105576,342127.516,6295158.237
PI270,111,FLXY-63,2397,7,9,2025-10-18 12:02:36.115255,333366.215,6285837.311
PI270,I11,VHTB-70,1,0,3,2025-10-18 12:02:36.115260,333366.215,6285837.311
PI270,I11,FLXY-91,3373,9,13,2025-10-18 12:02:36.115261,333366.215,6285837.311
PB368,B12,SKDH-29,3023,9,11,2025-10-18 12:02:37.847856,345487.916,6304894.12
PB368,B12,SKDG-96,3101,9,11,2025-10-18 12:02:37.847862,345487.916,6304894.12
PB368,B21,SKDH-69,3632,10,14,2025-10-18 12:02:37.847863,345487.916,6304894.12
PB368,B21,SGPY-90,7587,18,26,2025-10-18 12:02:37.847864,345487.916,6304894.12
PB368,272,VFHV-87,1674,8,10,2025-10-18 12:02:37.847865,345487.916,6304894.12
PB368,272,VGCB-39,4536,12,18,2025-10-18 12:02:37.847865,345487.916,6304894.12
PF424,F25,LBTS-90,468,0,3,2025-10-18 12:02:39.573501,353687.685,6281299.111
PF424,F25,SRVL-45,4468,15,21,2025-10-18 12:02:39.573506,353687.685,6281299.111
PF424,124,LCTG-47,1780,7,9,2025-10-18 12:02:39.573508,353687.685,6281299.111
PF424,124,STHC-95,3297,14,20,2025-10-18 12:02:39.573509,353687.685,6281299.111
PF424,F10,SRPK-66,831,6,8,2025-10-18 12:02:39.573510,353687.685,6281299.111
PF424,F10,SRSC-18,3207,18,26,2025-10-18 12:02:39.573511,353687.685,6281299.111
PF424,F16,SPRY-86,2771,9,13,2025-10-18 12:02:39.573512,353687.685,6281299.111
PF424,F26,SRPJ-88,669,0,3,2025-10-18 12:02:39.573513,353687.685,6281299.111
PF424,F29,SPVW-62,112,0,3,2025-10-18 12:02:39.573514,353687.685,6281299.111
PF424,F29,SPVV-95,2971,10,14,2025-10-18 12:02:39.573515,353687.685,6281299.111
PF424,F09,SPZX-48,382,0,3,2025-10-18 12:02:39.573527,353687.685,6281299.111
PB486,428,SHCV-70,4500,10,14,2025-10-18 12:02:41.513022,337375.93,6305580.81
PB486,428,SJPD-82,13073,25,60,2025-10-18 12:02:41.513027,337375.93,6305580.81
PB354,B12,SKDG-11,131,0,3,2025-10-18 12:02:44.696193,344496.972,6304881.93
PB354,B12,SKDG-29,2975,9,13,2025-10-18 12:02:44.696197,344496.972,6304881.93
PB354,B22,SPCG-65,2801,7,9,2025-10-18 12:02:44.696198,344496.972,6304881.93
PB354,B22,SPCG-88,7815,25,60,2025-10-18 12:02:44.696199,344496.972,6304881.93
PB354,272,VFHT-81,1448,8,10,2025-10-18 12:02:44.696200,344496.972,6304881.93
PB354,272,VFHL-60,7460,25,60,2025-10-18 12:02:44.696201,344496.972,6304881.93
PB354,B01,TXZH-39,1440,8,10,2025-10-18 12:02:44.696201,344496.972,6304881.93
PB354,B01,SKHF-84,5205,20,28,2025-10-18 12:02:44.696202,344496.972,6304881.93
PH17,212,SDGY-17,321,0,3,2025-10-18 12:02:46.686826,348087.857,6291289.275
PH17,212,SVPX-52,1653,5,7,2025-10-18 12:02:46.686831,348087.857,6291289.275
PH17,102,SPZY-50,4149,11,15,2025-10-18 12:02:46.686832,348087.857,6291289.275
PH17,102,SPZX-53,8774,21,29,2025-10-18 12:02:46.686833,348087.857,6291289.275
PH17,107,PGBY-45,1797,0,5,2025-10-18 12:02:46.686834,348087.857,6291289.275
PH17,107,PGTC-60,9045,25,60,2025-10-18 12:02:46.686835,348087.857,6291289.275
PH17,108,PFVG-52,4101,11,15,2025-10-18 12:02:46.686835,348087.857,6291289.275
PH17,108,PFVG-59,11026,25,60,2025-10-18 12:02:46.686836,348087.857,6291289.275
PE768,E13,VFKT-91,2959,11,15,2025-10-18 12:02:48.391870,350456.21,6286142.661
PE768,E13,VFHX-52,5501,25,60,2025-10-18 12:02:48.391876,350456.21,6286142.661
PB3,101,PFYR-72,410,0,3,2025-10-18 12:02:50.051478,348441.669,6303044.997
PH429,D07,SVDD-18,1,0,3,2025-10-18 12:02:51.933583,348978.539,6294363.16
PH429,D07,STVY-74,7382,25,60,2025-10-18 12:02:51.933588,348978.539,6294363.16
PI1050,I08,FLXZ-60,1773,4,6,2025-10-18 12:02:53.842840,335630.836,6292924.287
PI1050,I08,FLXZ-71,7701,17,25,2025-10-18 12:02:53.842845,335630.836,6292924.287
PF272,F06,SPZX-85,244,0,3,2025-10-18 12:02:55.796550,353177.989,6283634.703
PF272,F06,SRVJ-48,4333,17,25,2025-10-18 12:02:55.796556,353177.989,6283634.703
PF272,F15,STHD-12,2687,8,10,2025-10-18 12:02:55.796558,353177.989,6283634.703
PF272,F15,LCPG-39,7939,25,60,2025-10-18 12:02:55.796559,353177.989,6283634.703
PF272,F20,SPZY-51,46,0,3,2025-10-18 12:02:55.796560,353177.989,6283634.703
PF272,F20,SPZY-24,4670,12,18,2025-10-18 12:02:55.796561,353177.989,6283634.703
PF272,F14,SPRX-22,1,0,3,2025-10-18 12:02:55.796571,353177.989,6283634.703
PF272,F14,SPRW-53,2188,7,9,2025-10-18 12:02:55.796572,353177.989,6283634.703
PF272,E16,VFKV-81,1,0,3,2025-10-18 12:02:55.796573,353177.989,6283634.703
PF272,226,VFRB-13,1029,0,3,2025-10-18 12:02:55.796574,353177.989,6283634.703
PF272,226,VFRC-75,5140,15,21,2025-10-18 12:02:55.796574,353177.989,6283634.703
PF272,F05,SPZY-59,262,0,3,2025-10-18 12:02:55.796575,353177.989,6283634.703
PF272,F05,SPZX-59,5639,20,28,2025-10-18 12:02:55.796576,353177.989,6283634.703
PB1043,B16,TXZH-32,1430,0,5,2025-10-18 12:02:57.626500,344533.835,6308952.841
PB1043,B16,STHP-97,2770,9,13,2025-10-18 12:02:57.626506,344533.835,6308952.841
PB1043,B36,STHL-51,1995,0,4,2025-10-18 12:02:57.626507,344533.835,6308952.841
PA635,113,FLXY-67,3459,13,17,2025-10-18 12:02:59.293640,346309.53,6294665.85
PA635,115,PFXB-92,886,0,3,2025-10-18 12:02:59.293645,346309.53,6294665.85
PF186,F01,SRPJ-74,1,0,3,2025-10-18 12:03:01.251914,356858.678,6279862.678
PF186,F01,SPVT-88,4321,13,19,2025-10-18 12:03:01.251918,356858.678,6279862.678
PF186,F11,SKTZ-96,3668,13,19,2025-10-18 12:03:01.251920,356858.678,6279862.678
PF186,F29,SPVW-79,1207,0,3,2025-10-18 12:03:01.251921,356858.678,6279862.678
PF186,F29,SPVW-16,2218,0,5,2025-10-18 12:03:01.251921,356858.678,6279862.678
PF186,712,SHCW-65,6402,25,60,2025-10-18 12:03:01.251922,356858.678,6279862.678
PF186,712,SRVL-70,7733,25,60,2025-10-18 12:03:01.251923,356858.678,6279862.678
PG488,E05,BJFW-19,4805,16,22,2025-10-18 12:03:02.773595,346486.985,6288631.991
PG488,E05,CJRX-36,9413,25,60,2025-10-18 12:03:02.773600,346486.985,6288631.991
PG488,G18,THTH-80,1270,5,7,2025-10-18 12:03:02.773601,346486.985,6288631.991
PG488,G18,THTH-21,2739,9,13,2025-10-18 12:03:02.773602,346486.985,6288631.991
PJ491,508,TBFW-25,4431,9,13,2025-10-18 12:03:04.209601,339569.98,6300391.34
PJ491,J03,TBFT-53,1,0,3,2025-10-18 12:03:04.209606,339569.98,6300391.34
PD757,D15,SVDD-97,1001,0,3,2025-10-18 12:03:06.121527,354574.817,6298331.205
PD757,D15,SVDC-32,8044,20,28,2025-10-18 12:03:06.121533,354574.817,6298331.205
PC1252,C14,SKPL-26,2881,9,11,2025-10-18 12:03:08.015259,353967.22,6302640.16
PC1252,C14,SKPP-21,3055,8,12,2025-10-18 12:03:08.015264,353967.22,6302640.16
PI1875,I35,SCRZ-26,7221,18,26,2025-10-18 12:03:09.927580,333017.0,6285623.0
PF99,F01,SPVW-87,1909,7,9,2025-10-18 12:03:11.922678,353510.468,6281684.605
PF99,F01,SPVW-21,4835,15,21,2025-10-18 12:03:11.922684,353510.468,6281684.605
PF99,F13,SRSC-76,1,0,3,2025-10-18 12:03:11.922686,353510.468,6281684.605
PF99,F13,SRPK-56,1318,4,6,2025-10-18 12:03:11.922687,353510.468,6281684.605
PF99,205,LZRD-75,1713,9,11,2025-10-18 12:03:11.922688,353510.468,6281684.605
PF99,210,RWTP-80,2000,14,20,2025-10-18 12:03:11.922689,353510.468,6281684.605
PF99,F15,STHD-12,625,0,3,2025-10-18 12:03:11.922690,353510.468,6281684.605
PF99,F15,LCPG-39,5830,17,23,2025-10-18 12:03:11.922692,353510.468,6281684.605
PD1045,D09,SVDD-46,4305,12,18,2025-10-18 12:03:13.908808,356959.709,6296280.472
PD1045,D09,STYX-82,6871,25,60,2025-10-18 12:03:13.908813,356959.709,6296280.472
PD1045,D11,SVDC-39,4173,10,14,2025-10-18 12:03:13.908814,356959.709,6296280.472
PD1045,D11,SVDC-50,8731,25,60,2025-10-18 12:03:13.908815,356959.709,6296280.472
PD1045,513,LXWS-34,2736,8,12,2025-10-18 12:03:13.908816,356959.709,6296280.472
PD1045,513,VHZX-60,3705,12,16,2025-10-18 12:03:13.908816,356959.709,6296280.472
PD1045,517,VHZZ-71,12033,25,60,2025-10-18 12:03:13.908817,356959.709,6296280.472
PD1045,517,VJJV-48,16877,25,60,2025-10-18 12:03:13.908818,356959.709,6296280.472
PD1045,D01,SVDD-11,1538,0,4,2025-10-18 12:03:13.908828,356959.709,6296280.472
PD1045,D01,SVDF-66,5077,13,19,2025-10-18 12:03:13.908829,356959.709,6296280.472
PG1306,G18,THTD-29,5686,18,26,2025-10-18 12:03:15.836002,345996.642,6287462.978
PG1306,G18,THTD-79,5707,18,26,2025-10-18 12:03:15.836007,345996.642,6287462.978
PJ986,504,TBFW-70,2260,25,60,2025-10-18 12:03:17.789641,337257.897,6299444.714
PJ986,504,GCBD-63,4345,25,60,2025-10-18 12:03:17.789647,337257.897,6299444.714
PJ986,511,TBFT-51,299,0,3,2025-10-18 12:03:17.789648,337257.897,6299444.714
PA55,201,GCBC-21,834,0,5,2025-10-18 12:03:19.958490,346405.3,6297142.45
PA55,201,GCBC-12,1769,8,10,2025-10-18 12:03:19.958495,346405.3,6297142.45
PA55,214,GCBB-77,2761,12,16,2025-10-18 12:03:19.958496,346405.3,6297142.45
PA55,214,GCBB-74,5466,25,60,2025-10-18 12:03:19.958497,346405.3,6297142.45
PA55,229,SFWZ-62,394,0,3,2025-10-18 12:03:19.958498,346405.3,6297142.45
PA55,301,BJFV-19,1631,6,8,2025-10-18 12:03:19.958499,346405.3,6297142.45
PA55,301,BJFT-85,1646,6,8,2025-10-18 12:03:19.958500,346405.3,6297142.45
PA55,223,SHXB-28,1032,0,5,2025-10-18 12:03:19.958500,346405.3,6297142.45
PD31,103,SPBS-50,1328,0,5,2025-10-18 12:03:21.901224,351082.858,6291717.357
PD31,103,SPBF-62,4874,12,18,2025-10-18 12:03:21.901229,351082.858,6291717.357
PD31,117,SPBF-69,549,0,3,2025-10-18 12:03:21.901230,351082.858,6291717.357
PB1732,B07,STHR-60,5138,12,16,2025-10-18 12:03:23.837830,341185.001,6310705.001
PB102,C06,LWTK-52,225,0,3,2025-10-18 12:03:25.879939,349397.818,6304250.34
PB102,117,PGLD-71,1418,0,5,2025-10-18 12:03:25.879944,349397.818,6304250.34
PB102,117,SPBS-58,5172,16,22,2025-10-18 12:03:25.879945,349397.818,6304250.34
PB102,272,VFHL-60,1173,0,3,2025-10-18 12:03:25.879946,349397.818,6304250.34
PB102,272,VFHV-67,4211,9,11,2025-10-18 12:03:25.879946,349397.818,6304250.34
PB102,C18,SHCX-30,5418,13,19,2025-10-18 12:03:25.879947,349397.818,6304250.34
PB102,C18,SHCW-76,3880,15,21,2025-10-18 12:03:25.879948,349397.818,6304250.34
PI2,107,PGTC-60,51,0,3,2025-10-18 12:03:27.824730,341545.112,6295958.391
PI2,107,PGRZ-91,61,0,3,2025-10-18 12:03:27.824735,341545.112,6295958.391
PI2,I10,FLXG-91,4095,12,18,2025-10-18 12:03:27.824736,341545.112,6295958.391
PI2,102,SPZX-53,1,0,3,2025-10-18 12:03:27.824737,341545.112,6295958.391
PI2,102,FLXS-40,2102,10,14,2025-10-18 12:03:27.824738,341545.112,6295958.391
PA23,115,GCBD-39,3118,9,11,2025-10-18 12:03:29.746895,346335.804,6296611.821
PA23,115,GCBF-23,12928,25,60,2025-10-18 12:03:29.746900,346335.804,6296611.821
PA23,113,FLXW-92,2813,9,13,2025-10-18 12:03:29.746901,346335.804,6296611.821
PA23,113,FLXW-91,13521,25,60,2025-10-18 12:03:29.746902,346335.804,6296611.821
PA23,509,FLXW-33,3441,10,14,2025-10-18 12:03:29.746903,346335.804,6296611.821
PA23,509,FLXX-90,11483,25,60,2025-10-18 12:03:29.746904,346335.804,6296611.821
PG2069,G39,SHCV-49,2866,12,16,2025-10-18 12:03:31.701378,345028.0,6280975.0
PG2069,G39,SFPG-66,8619,25,60,2025-10-18 12:03:31.701383,345028.0,6280975.0
PD1612,210V,VFRD-55,761,0,3,2025-10-18 12:03:34.963636,349612.2,6293563.5
PD1612,210V,VFRB-56,4738,13,19,2025-10-18 12:03:34.963641,349612.2,6293563.5
PD1612,D07,SVDD-66,2459,6,8,2025-10-18 12:03:34.963642,349612.2,6293563.5
PD1612,210,LZRD-61,1139,0,3,2025-10-18 12:03:34.963644,349612.2,6293563.5
PD1612,210,VFRD-65,5693,17,23,2025-10-18 12:03:34.963645,349612.2,6293563.5
PE380,E04,VKJX-94,2476,10,14,2025-10-18 12:03:36.642378,353017.369,6289648.256
PE380,E04,VKJZ-36,3846,13,19,2025-10-18 12:03:36.642384,353017.369,6289648.256
PE380,322,FLXF-53,1074,0,4,2025-10-18 12:03:36.642385,353017.369,6289648.256
PE380,E03,BJFT-98,1225,0,4,2025-10-18 12:03:36.642386,353017.369,6289648.256
PE380,E03,FLXF-41,5416,15,21,2025-10-18 12:03:36.642387,353017.369,6289648.256
PG1174,G16,SFPG-38,4220,9,13,2025-10-18 12:03:38.665451,349532.58,6281580.971
PG1174,G16,SFPG-59,9689,25,60,2025-10-18 12:03:38.665456,349532.58,6281580.971
PG149,302,BJFZ-31,1457,4,6,2025-10-18 12:03:40.635828,345951.523,6283866.994
PG149,G28,BJFX-22,3390,9,13,2025-10-18 12:03:40.635833,345951.523,6283866.994
PG149,G28,BJFW-41,9397,25,60,2025-10-18 12:03:40.635834,345951.523,6283866.994
PG149,G11,THTF-11,79,0,3,2025-10-18 12:03:40.635834,345951.523,6283866.994
PG149,G11,THTD-10,4750,13,17,2025-10-18 12:03:40.635836,345951.523,6283866.994
PG149,G13,SHCX-16,2929,9,13,2025-10-18 12:03:40.635837,345951.523,6283866.994
PG149,G13,SFPF-91,4536,25,60,2025-10-18 12:03:40.635837,345951.523,6283866.994
PG149,F06,SPZX-66,5106,16,22,2025-10-18 12:03:40.635838,345951.523,6283866.994
PG149,F06,SPZY-60,5189,17,23,2025-10-18 12:03:40.635848,345951.523,6283866.994
PG149,F20,SPZX-65,1239,0,5,2025-10-18 12:03:40.635849,345951.523,6283866.994
PG149,F20,SRVL-13,6189,17,25,2025-10-18 12:03:40.635849,345951.523,6283866.994
PC4,117,SPBL-63,622,7,9,2025-10-18 12:03:42.613299,350267.765,6300041.773
PC4,117,PGLD-74,3190,13,19,2025-10-18 12:03:42.613304,350267.765,6300041.773
PJ1788,J07E,VHXJ-44,4633,7,9,2025-10-18 12:03:44.550001,328028.685,6301786.147
PJ1788,J07E,VHZZ-40,6398,9,13,2025-10-18 12:03:44.550007,328028.685,6301786.147
PF206,F11,SKVB-16,3381,9,13,2025-10-18 12:03:46.514823,355375.55,6279987.4
PF206,F11,SKHL-24,7859,25,60,2025-10-18 12:03:46.514828,355375.55,6279987.4
PI1793,210V,VFRB-68,1061,0,5,2025-10-18 12:03:48.465405,342336.61,6296565.38
PI1793,210V,VGKY-72,2860,8,12,2025-10-18 12:03:48.465411,342336.61,6296565.38
PI1793,102,SPZX-84,14788,25,60,2025-10-18 12:03:48.465412,342336.61,6296565.38
PI1793,102,SPZY-85,15109,25,60,2025-10-18 12:03:48.465413,342336.61,6296565.38
PI1793,210,LZRD-86,1071,0,3,2025-10-18 12:03:48.465414,342336.61,6296565.38
PI1793,210,LZRF-11,3765,8,12,2025-10-18 12:03:48.465415,342336.61,6296565.38
PE527,323,BJFX-12,1873,7,9,2025-10-18 12:03:50.149892,351919.524,6288378.563
PE527,E07,BJFX-56,1773,7,9,2025-10-18 12:03:50.149897,351919.524,6288378.563
PG17,201,GCBB-63,3240,8,12,2025-10-18 12:03:52.166244,343962.53,6285185.129
PG17,201,GCBB-57,5813,16,24,2025-10-18 12:03:52.166249,343962.53,6285185.129
PG17,211,FLXL-96,68,0,3,2025-10-18 12:03:52.166250,343962.53,6285185.129
PG17,211,TBYY-66,5186,12,16,2025-10-18 12:03:52.166251,343962.53,6285185.129
PI98,108,PFYS-48,3470,16,24,2025-10-18 12:03:54.139806,335122.932,6289843.507
PI98,419,PFVK-63,5102,25,60,2025-10-18 12:03:54.139811,335122.932,6289843.507
PI98,509,TBFR-37,2160,9,13,2025-10-18 12:03:54.139812,335122.932,6289843.507
PI98,118,FLXW-58,1835,0,5,2025-10-18 12:03:54.139813,335122.932,6289843.507
PI445,404,PFYC-14,2088,5,7,2025-10-18 12:03:56.123674,338291.417,6295451.881
PD1609,H24,VGRF-75,358,0,3,2025-10-18 12:03:57.882828,349510.89,6293675.57
PD1609,H24,VGRF-55,5513,16,22,2025-10-18 12:03:57.882834,349510.89,6293675.57
PG670,G12,THTF-92,2393,7,9,2025-10-18 12:04:01.572218,345351.876,6289260.914
PG670,G01,THTD-76,1335,6,8,2025-10-18 12:04:01.572224,345351.876,6289260.914
PG670,G01,THTD-25,2169,8,12,2025-10-18 12:04:01.572225,345351.876,6289260.914
PD1035,D09,SVDF-51,1997,8,10,2025-10-18 12:04:03.105029,352128.042,6297837.759
PD1035,D09,SVDC-16,4736,14,20,2025-10-18 12:04:03.105035,352128.042,6297837.759
PI356,I24,VHTB-69,4526,11,15,2025-10-18 12:04:04.872715,340680.139,6290204.888
PI356,I24,FLXZ-22,8085,20,28,2025-10-18 12:04:04.872720,340680.139,6290204.888
PI356,H03,CJRW-22,2437,7,9,2025-10-18 12:04:04.872721,340680.139,6290204.888
PI356,H03,CJRB-47,7750,25,60,2025-10-18 12:04:04.872723,340680.139,6290204.888
PI356,348,VHSX-99,1270,0,3,2025-10-18 12:04:04.872724,340680.139,6290204.888
PI356,348,VHSX-69,3477,8,10,2025-10-18 12:04:04.872724,340680.139,6290204.888
PI356,I05,FLXY-99,2351,5,7,2025-10-18 12:04:04.872725,340680.139,6290204.888
PI356,I05,VHTB-20,5456,13,19,2025-10-18 12:04:04.872726,340680.139,6290204.888
PI356,I14,CJRW-25,4625,25,60,2025-10-18 12:04:04.872727,340680.139,6290204.888
PI356,I14,BJFS-53,5551,25,60,2025-10-18 12:04:04.872728,340680.139,6290204.888
PI356,118,BJFD-65,3075,9,11,2025-10-18 12:04:04.872728,340680.139,6290204.888
PI356,118,FLXS-98,3284,9,11,2025-10-18 12:04:04.872729,340680.139,6290204.888
PI356,428,SJPC-72,5822,14,20,2025-10-18 12:04:04.872730,340680.139,6290204.888
PI356,428,SLPB-29,6309,15,21,2025-10-18 12:04:04.872731,340680.139,6290204.888
PI356,444,SKPK-35,1407,0,4,2025-10-18 12:04:04.872732,340680.139,6290204.888
PI356,444,SKPK-31,7037,16,24,2025-10-18 12:04:04.872732,340680.139,6290204.888
PI356,I12,FLXY-19,5644,14,20,2025-10-18 12:04:04.872733,340680.139,6290204.888
PI356,I12,FLXZ-70,8933,25,60,2025-10-18 12:04:04.872734,340680.139,6290204.888
PJ472,505,LXWR-73,4353,9,11,2025-10-18 12:04:06.788254,338020.0,6301562.0
PJ472,505,VHXJ-70,11329,25,60,2025-10-18 12:04:06.788260,338020.0,6301562.0
PJ472,513,VHZX-41,5072,11,15,2025-10-18 12:04:06.788261,338020.0,6301562.0
PJ472,513,VJJV-78,8708,25,60,2025-10-18 12:04:06.788262,338020.0,6301562.0
PA385,412,PFTW-26,1732,4,6,2025-10-18 12:04:08.731937,347066.511,6298453.244
PA385,412,LXWP-87,1745,4,6,2025-10-18 12:04:08.731942,347066.511,6298453.244
PA385,418,SHXF-84,1,0,3,2025-10-18 12:04:08.731943,347066.511,6298453.244
PA385,418,PFVH-15,402,0,3,2025-10-18 12:04:08.731944,347066.511,6298453.244
PA385,516,TBFX-23,2052,5,7,2025-10-18 12:04:08.731945,347066.511,6298453.244
PA385,516,PFWZ-81,4092,12,16,2025-10-18 12:04:08.731946,347066.511,6298453.244
PA385,519,TBFW-44,90,0,3,2025-10-18 12:04:08.731947,347066.511,6298453.244
PA385,519,TBFR-90,4861,14,20,2025-10-18 12:04:08.731948,347066.511,6298453.244
PC104,C07,SGPY-85,1258,0,4,2025-10-18 12:04:12.703799,354107.642,6302722.274
PC104,C07,SPCG-84,5651,13,19,2025-10-18 12:04:12.703804,354107.642,6302722.274
PC104,C14,SKPL-26,2201,5,7,2025-10-18 12:04:12.703805,354107.642,6302722.274
PC104,C14,SKPP-21,2162,5,7,2025-10-18 12:04:12.703806,354107.642,6302722.274
PB448,429,SKPH-68,1083,0,3,2025-10-18 12:04:14.884817,341293.93,6306852.18
PB448,429,SLGT-13,9686,18,26,2025-10-18 12:04:14.884822,341293.93,6306852.18
PB448,303,FLXD-94,1,0,3,2025-10-18 12:04:14.884823,341293.93,6306852.18
PB448,303,FLXJ-30,6015,13,19,2025-10-18 12:04:14.884824,341293.93,6306852.18
PB448,307,TWPD-30,3453,9,13,2025-10-18 12:04:14.884825,341293.93,6306852.18
PB448,307,TWPD-76,7012,18,26,2025-10-18 12:04:14.884825,341293.93,6306852.18
PB448,B08,SHXF-45,2544,8,10,2025-10-18 12:04:14.884826,341293.93,6306852.18
PB448,B08,SHCY-37,4557,25,60,2025-10-18 12:04:14.884827,341293.93,6306852.18
PB448,B06,SKDG-40,3136,9,13,2025-10-18 12:04:14.884828,341293.93,6306852.18
PB448,B06,SKDH-78,5687,18,26,2025-10-18 12:04:14.884829,341293.93,6306852.18
PB448,B21,SKDJ-18,3135,8,10,2025-10-18 12:04:14.884830,341293.93,6306852.18
PB448,B21,SKDJ-74,8687,25,60,2025-10-18 12:04:14.884839,341293.93,6306852.18
PB448,425,SJPB-24,419,0,3,2025-10-18 12:04:14.884840,341293.93,6306852.18
PB448,425,SHCX-64,1830,5,7,2025-10-18 12:04:14.884841,341293.93,6306852.18
PB556,B43,SJPC-47,971,0,4,2025-10-18 12:04:16.419494,339572.282,6308169.804
PB556,B43,SHXG-81,7343,20,28,2025-10-18 12:04:16.419498,339572.282,6308169.804
PB556,307,TWPD-30,6607,17,23,2025-10-18 12:04:16.419499,339572.282,6308169.804
PB556,307,TWPD-76,10167,25,60,2025-10-18 12:04:16.419500,339572.282,6308169.804
PB556,307C,TWPD-17,638,0,4,2025-10-18 12:04:16.419501,339572.282,6308169.804
PB556,307C,TWPD-77,2132,15,21,2025-10-18 12:04:16.419502,339572.282,6308169.804
PB556,315E,TWPD-36,227,0,3,2025-10-18 12:04:16.419503,339572.282,6308169.804
PB556,315E,TWPC-64,3323,10,14,2025-10-18 12:04:16.419504,339572.282,6308169.804
PB820,B20,SKHG-59,605,0,5,2025-10-18 12:04:18.394065,339819.925,6302310.93
PB820,B20,SKHG-80,3063,11,15,2025-10-18 12:04:18.394070,339819.925,6302310.93
PB820,B03,LXDJ-21,5176,13,19,2025-10-18 12:04:18.394071,339819.925,6302310.93
PB820,B03,LXDJ-29,6484,19,27,2025-10-18 12:04:18.394072,339819.925,6302310.93
PI312,111,FLXW-85,541,0,3,2025-10-18 12:04:22.255174,334472.691,6284780.339
PI312,111,FLXW-73,8037,18,26,2025-10-18 12:04:22.255179,334472.691,6284780.339
PI312,113,FLXX-60,3207,8,10,2025-10-18 12:04:22.255181,334472.691,6284780.339
PI312,113,FLXZ-58,13476,25,60,2025-10-18 12:04:22.255182,334472.691,6284780.339
PI312,I11,VHTB-43,8400,25,60,2025-10-18 12:04:22.255183,334472.691,6284780.339
PI312,I11,FLXZ-17,11999,25,60,2025-10-18 12:04:22.255183,334472.691,6284780.339
PJ522,508,TBFW-11,378,0,3,2025-10-18 12:04:24.220120,338243.759,6300486.6
PJ522,508,TBFX-34,6302,13,19,2025-10-18 12:04:24.220126,338243.759,6300486.6
PJ522,J03,TBFT-25,2468,0,3,2025-10-18 12:04:24.220128,338243.759,6300486.6
PJ522,J03,FLXW-50,3851,0,4,2025-10-18 12:04:24.220129,338243.759,6300486.6
PF872,F07,SPRX-21,976,0,4,2025-10-18 12:04:26.228398,352082.414,6282473.181
PF872,F07,SPRY-78,4040,12,16,2025-10-18 12:04:26.228404,352082.414,6282473.181
PF872,F16,SPRW-22,128,0,3,2025-10-18 12:04:26.228405,352082.414,6282473.181
PF872,F16,SPRY-46,1078,0,4,2025-10-18 12:04:26.228406,352082.414,6282473.181
PF355,F07,SPRX-21,1372,0,5,2025-10-18 12:04:28.018177,351636.63,6282392.759
PF355,F07,SPRY-78,4627,12,18,2025-10-18 12:04:28.018181,351636.63,6282392.759
PF355,F16,SPRW-22,586,0,3,2025-10-18 12:04:28.018183,351636.63,6282392.759
PF355,F16,SPRY-46,1666,5,7,2025-10-18 12:04:28.018183,351636.63,6282392.759
PF355,F26,SPVV-51,2710,7,9,2025-10-18 12:04:28.018184,351636.63,6282392.759
PF355,F26,SPVT-70,7985,25,60,2025-10-18 12:04:28.018185,351636.63,6282392.759
PB2091,B42,VHSX-83,1761,5,7,2025-10-18 12:04:29.693755,337338.0,6311703.0
PB2091,B13,FLXS-63,2747,25,60,2025-10-18 12:04:29.693765,337338.0,6311703.0
PJ541,J19,VGVG-55,1560,5,7,2025-10-18 12:04:31.662559,342575.58,6298118.178
PJ541,J19,VGVG-19,4919,14,20,2025-10-18 12:04:31.662565,342575.58,6298118.178
PJ541,I03,FLXF-81,4893,13,19,2025-10-18 12:04:31.662566,342575.58,6298118.178
PJ541,I03,FLXK-93,5357,15,21,2025-10-18 12:04:31.662567,342575.58,6298118.178
PJ541,I10,VHTB-28,818,0,4,2025-10-18 12:04:31.662569,342575.58,6298118.178
PJ541,I10,FLXJ-27,2541,11,15,2025-10-18 12:04:31.662570,342575.58,6298118.178
PJ541,514,PFXC-72,66,0,3,2025-10-18 12:04:31.662571,342575.58,6298118.178
PJ541,514,FLXK-38,5183,17,25,2025-10-18 12:04:31.662572,342575.58,6298118.178
PB644,314,TWPD-28,337,0,3,2025-10-18 12:04:35.015575,337279.346,6306896.115
PB644,314,TWPD-56,11289,25,60,2025-10-18 12:04:35.015581,337279.346,6306896.115
PB644,B08,STHR-18,503,0,5,2025-10-18 12:04:35.015582,337279.346,6306896.115
PB644,B08,SHCY-51,4182,18,26,2025-10-18 12:04:35.015583,337279.346,6306896.115
PB644,B12,SKDH-95,1102,0,3,2025-10-18 12:04:35.015584,337279.346,6306896.115
PB644,B12,SKDF-67,2793,7,9,2025-10-18 12:04:35.015584,337279.346,6306896.115
PG723,G02,CJRP-15,1751,4,6,2025-10-18 12:04:36.421281,343485.422,6276539.555
PB1439,B22,SKPS-47,3700,13,17,2025-10-18 12:04:38.310624,346922.735,6303816.667
PB1439,B22,SPCG-65,7268,25,60,2025-10-18 12:04:38.310630,346922.735,6303816.667
PI1444,I25,FLXL-78,5498,16,22,2025-10-18 12:04:42.214334,340533.572,6293291.558
PI1444,I18,VHSZ-49,3614,13,17,2025-10-18 12:04:42.214339,340533.572,6293291.558
PI1444,I18,VHSX-87,9246,25,60,2025-10-18 12:04:42.214340,340533.572,6293291.558
PF39,F08,SPVV-16,3856,10,14,2025-10-18 12:04:44.206179,354292.962,6283684.721
PF39,F08,SPVT-94,6841,19,27,2025-10-18 12:04:44.206185,354292.962,6283684.721
PF39,F24,SPRV-86,1773,4,6,2025-10-18 12:04:44.206186,354292.962,6283684.721
PF39,F24,SPRV-92,7569,16,22,2025-10-18 12:04:44.206187,354292.962,6283684.721
PF39,F27,SPRZ-29,1816,5,7,2025-10-18 12:04:44.206188,354292.962,6283684.721
PF39,F27,SPRV-96,4271,11,15,2025-10-18 12:04:44.206189,354292.962,6283684.721
PF39,712,SHXG-89,670,0,3,2025-10-18 12:04:44.206190,354292.962,6283684.721
PF39,712,SHCW-74,1514,4,6,2025-10-18 12:04:44.206191,354292.962,6283684.721
PE392,E03,BJFS-70,2377,6,8,2025-10-18 12:04:46.135712,355230.218,6288580.861
PE392,E03,BJFT-98,4150,10,14,2025-10-18 12:04:46.135717,355230.218,6288580.861
PE220,225,SFWZ-82,1728,5,7,2025-10-18 12:04:47.769707,350639.902,6286507.205
PE220,225,SFWB-29,3026,9,13,2025-10-18 12:04:47.769712,350639.902,6286507.205
PJ701,J04,TBFR-25,5012,18,26,2025-10-18 12:04:49.672091,337529.815,6300508.237
PF509,712,LCPG-41,1650,0,5,2025-10-18 12:04:51.610200,354450.307,6279374.463
PF509,712,SJPC-75,4617,11,15,2025-10-18 12:04:51.610206,354450.307,6279374.463
PF694,F24,SPRV-92,3377,8,12,2025-10-18 12:04:53.569093,357320.41,6281770.566
PF694,F26,SPVV-65,3465,9,11,2025-10-18 12:04:53.569099,357320.41,6281770.566
PF694,F26,SRPJ-88,5948,16,24,2025-10-18 12:04:53.569101,357320.41,6281770.566
PB428,B20,SKHG-57,614,0,3,2025-10-18 12:04:55.592585,344190.86,6300758.94
PB428,B20,SPZX-36,7843,25,60,2025-10-18 12:04:55.592590,344190.86,6300758.94
PB428,B29,SKHG-47,545,0,3,2025-10-18 12:04:55.592591,344190.86,6300758.94
PB428,B29,LXDJ-12,10783,25,60,2025-10-18 12:04:55.592592,344190.86,6300758.94
PB428,303,FLXF-40,4055,8,10,2025-10-18 12:04:55.592593,344190.86,6300758.94
PB428,303,FLXF-24,8519,16,22,2025-10-18 12:04:55.592593,344190.86,6300758.94
PB428,307,FLXH-35,7735,13,19,2025-10-18 12:04:55.592594,344190.86,6300758.94
PB428,307,TWPC-57,8657,17,23,2025-10-18 12:04:55.592595,344190.86,6300758.94
PB428,314,TWPD-87,9197,16,22,2025-10-18 12:04:55.592596,344190.86,6300758.94
PB428,314,TWPD-31,9685,17,25,2025-10-18 12:04:55.592597,344190.86,6300758.94
PI1893,I35,SFGY-67,393,0,3,2025-10-18 12:04:57.526515,332038.0,6282690.0
PC77,712,SPZY-56,1940,6,8,2025-10-18 12:04:59.532364,353129.19,6300667.3
PC77,712,TFYL-48,5603,14,20,2025-10-18 12:04:59.532368,353129.19,6300667.3
PC77,C01,LDJJ-76,1474,4,6,2025-10-18 12:04:59.532369,353129.19,6300667.3
PC77,C01,LCPW-43,7763,25,60,2025-10-18 12:04:59.532370,353129.19,6300667.3
PC77,425,SHCY-20,4476,12,16,2025-10-18 12:04:59.532371,353129.19,6300667.3
PC77,425,SHXG-40,8931,25,60,2025-10-18 12:04:59.532372,353129.19,6300667.3
PC77,286,SCRZ-39,4303,13,19,2025-10-18 12:04:59.532372,353129.19,6300667.3
PC77,722,STHK-70,186,0,3,2025-10-18 12:04:59.532373,353129.19,6300667.3
PC77,722,STHK-39,3827,10,14,2025-10-18 12:04:59.532375,353129.19,6300667.3
PB350,B12,SKDG-29,968,0,5,2025-10-18 12:05:01.452283,345561.271,6304904.51
PB350,272,VFHL-60,5273,17,25,2025-10-18 12:05:01.452288,345561.271,6304904.51
PB350,272,VFHV-67,9080,25,60,2025-10-18 12:05:01.452289,345561.271,6304904.51
PG240,G13,SDSW-58,1097,4,6,2025-10-18 12:05:04.037194,346956.169,6282725.856
PG240,G13,SDSW-56,2286,8,12,2025-10-18 12:05:04.037199,346956.169,6282725.856
PD1657,D02,SVDC-75,1061,0,4,2025-10-18 12:05:05.941789,358711.41,6296623.91
PD1657,D18,SPBF-43,2211,6,8,2025-10-18 12:05:05.941794,358711.41,6296623.91
PD99,104,SKVD-57,696,0,3,2025-10-18 12:05:07.935881,351482.46,6296013.906
PD99,104,LDSV-90,3119,9,13,2025-10-18 12:05:07.935886,351482.46,6296013.906
PD99,224,VFPF-54,5280,15,21,2025-10-18 12:05:07.935887,351482.46,6296013.906
PD99,224,VFPL-41,9168,25,60,2025-10-18 12:05:07.935888,351482.46,6296013.906
PD99,212,SVPW-57,328,0,3,2025-10-18 12:05:07.935889,351482.46,6296013.906
PD99,212,RYJG-96,3616,11,15,2025-10-18 12:05:07.935890,351482.46,6296013.906
PI1894,I35,SFGY-67,673,0,3,2025-10-18 12:05:11.894671,331897.0,6282967.0
PH1452,I05,VHTB-25,2263,7,9,2025-10-18 12:05:13.897257,343446.978,6290456.442
PH1452,119,BJFT-65,151,0,3,2025-10-18 12:05:13.897263,343446.978,6290456.442
PH1452,119,BJFT-72,7069,18,26,2025-10-18 12:05:13.897264,343446.978,6290456.442
PC591,C01,LDJJ-71,1,0,3,2025-10-18 12:05:15.821336,359964.697,6308477.853
PC591,C01,LCPW-44,80,0,3,2025-10-18 12:05:15.821341,359964.697,6308477.853
PC591,C17,SGPW-52,6397,17,23,2025-10-18 12:05:15.821342,359964.697,6308477.853
PJ380,407,TBFT-13,8677,25,60,2025-10-18 12:05:17.812238,335402.142,6299750.43
PJ380,407,PFXB-96,10279,25,60,2025-10-18 12:05:17.812243,335402.142,6299750.43
PJ380,504,GCBF-22,2344,6,8,2025-10-18 12:05:17.812244,335402.142,6299750.43
PJ380,514,TBFW-31,7078,17,25,2025-10-18 12:05:17.812245,335402.142,6299750.43
PJ380,514,PFXC-12,9256,25,60,2025-10-18 12:05:17.812246,335402.142,6299750.43
PG1570,G07,THTF-97,2767,6,8,2025-10-18 12:05:19.763682,338798.604,6273232.524
PG1570,G07,THTG-95,10133,25,60,2025-10-18 12:05:19.763688,338798.604,6273232.524
PE512,E06,BJFZ-99,878,0,3,2025-10-18 12:05:21.727435,354960.451,6290180.35
PB1283,B14,FLXJ-41,4324,12,18,2025-10-18 12:05:24.176274,347158.376,6302519.122
PB1283,B14,FLXT-46,4671,14,20,2025-10-18 12:05:24.176279,347158.376,6302519.122
PE1505,D26,SPBG-12,5233,17,25,2025-10-18 12:05:26.191233,356622.529,6290679.482
PH797,511,TBFT-92,5211,25,60,2025-10-18 12:05:27.909413,348890.668,6295062.748
PH797,511,TBFP-72,7430,25,60,2025-10-18 12:05:27.909418,348890.668,6295062.748
PJ180,J13,TBFR-51,32,0,3,2025-10-18 12:05:29.702786,341567.326,6298543.208
PJ180,J13,TBFW-17,3268,11,15,2025-10-18 12:05:29.702791,341567.326,6298543.208
PJ180,406,TBFW-39,3346,9,11,2025-10-18 12:05:29.702792,341567.326,6298543.208
PJ180,407,TBFP-95,3212,10,14,2025-10-18 12:05:29.702793,341567.326,6298543.208
PJ180,407,PFXB-29,8753,25,60,2025-10-18 12:05:29.702794,341567.326,6298543.208
PJ180,422,PFXC-41,4781,13,19,2025-10-18 12:05:29.702795,341567.326,6298543.208
PJ180,422,TBFW-86,8872,25,60,2025-10-18 12:05:29.702795,341567.326,6298543.208
PJ180,426,BJFC-62,1,0,3,2025-10-18 12:05:29.702796,341567.326,6298543.208
PJ180,426,BJFD-41,1073,0,5,2025-10-18 12:05:29.702806,341567.326,6298543.208
PJ180,402,LXWP-73,1,0,3,2025-10-18 12:05:29.702807,341567.326,6298543.208
PJ180,402,PFYC-32,1781,5,7,2025-10-18 12:05:29.702807,341567.326,6298543.208
PJ1692,J07E,VHZZ-20,739,0,5,2025-10-18 12:05:32.035954,338429.914,6299292.922
PJ1692,110C,TBFX-17,2003,7,9,2025-10-18 12:05:32.035959,338429.914,6299292.922
PJ1692,J07,VHZZ-51,641,0,4,2025-10-18 12:05:32.035960,338429.914,6299292.922
PB1402,B21,SKDJ-74,1085,0,5,2025-10-18 12:05:35.536416,345835.456,6303866.291
PB1402,B22,SKPS-10,85,0,3,2025-10-18 12:05:35.536421,345835.456,6303866.291
PD988,D07,STPS-21,3083,10,14,2025-10-18 12:05:39.261846,357400.519,6294473.684
PD988,D07,SVDC-91,7845,25,60,2025-10-18 12:05:39.261851,357400.519,6294473.684
PG958,G08V,FLXV-29,1,0,3,2025-10-18 12:05:41.203641,346492.35,6286676.515
PG958,G08,THTF-17,673,0,3,2025-10-18 12:05:41.203648,346492.35,6286676.515
PD481,518,TBFX-18,1706,0,4,2025-10-18 12:05:43.062448,355440.583,6299895.383
PD481,518,TBFT-40,2535,7,9,2025-10-18 12:05:43.062454,355440.583,6299895.383
PD481,C05,LFGP-24,849,0,3,2025-10-18 12:05:43.062455,355440.583,6299895.383
PD481,D08,SVDF-71,616,0,3,2025-10-18 12:05:43.062456,355440.583,6299895.383
PD481,D08,STRJ-56,5963,14,20,2025-10-18 12:05:43.062457,355440.583,6299895.383
PD481,501,TBFW-48,13,0,3,2025-10-18 12:05:43.062458,355440.583,6299895.383
PD481,501,TBFR-60,4109,12,16,2025-10-18 12:05:43.062459,355440.583,6299895.383
PB814,B03,LXDJ-21,1431,0,4,2025-10-18 12:05:44.744418,342614.944,6302067.98
PB814,B03,LXDJ-29,2891,8,10,2025-10-18 12:05:44.744424,342614.944,6302067.98
PB814,B24,STHD-21,2409,7,9,2025-10-18 12:05:44.744425,342614.944,6302067.98
PB814,B24,STHD-65,4919,16,22,2025-10-18 12:05:44.744426,342614.944,6302067.98
PI1624,I25,FLXL-87,390,0,3,2025-10-18 12:05:46.741089,342380.107,6293705.91
PI1624,I25,FLXF-23,4072,10,14,2025-10-18 12:05:46.741095,342380.107,6293705.91
PI1624,109,FLXW-22,4166,8,12,2025-10-18 12:05:46.741096,342380.107,6293705.91
PI1624,109,FLXW-32,7742,18,26,2025-10-18 12:05:46.741097,342380.107,6293705.91
PD447,D01,STYX-81,3207,10,14,2025-10-18 12:05:48.461787,355453.454,6297558.405
PD447,D01,SVDD-83,6389,25,60,2025-10-18 12:05:48.461792,355453.454,6297558.405
PD447,D02,SVDC-75,6954,17,25,2025-10-18 12:05:48.461793,355453.454,6297558.405
PD447,D15,SVDD-57,2041,5,7,2025-10-18 12:05:48.461794,355453.454,6297558.405
PD447,D15,SPBS-67,6539,25,60,2025-10-18 12:05:48.461795,355453.454,6297558.405
PD447,403,PFVG-98,1962,5,7,2025-10-18 12:05:48.461795,355453.454,6297558.405
PD447,422,TBFX-81,2033,5,7,2025-10-18 12:05:48.461796,355453.454,6297558.405
PC1248,C01,LDJJ-61,2129,5,7,2025-10-18 12:05:50.170190,360666.03,6307567.5
PC1248,C01,LCPW-51,6669,16,22,2025-10-18 12:05:50.170196,360666.03,6307567.5
PJ848,407,PFXB-29,64,0,3,2025-10-18 12:05:52.267164,334883.0,6299690.0
PJ848,428,SJPD-82,4488,11,15,2025-10-18 12:05:52.267169,334883.0,6299690.0
PJ848,428,SLGT-29,4545,11,15,2025-10-18 12:05:52.267171,334883.0,6299690.0
PJ848,555,TBFX-59,5833,9,13,2025-10-18 12:05:52.267172,334883.0,6299690.0
PJ848,555,TBFX-57,5925,9,13,2025-10-18 12:05:52.267173,334883.0,6299690.0
PD465,D10,SVDC-83,2154,10,14,2025-10-18 12:05:53.746387,355002.864,6291980.674
PD465,D10,SVDC-88,6844,25,60,2025-10-18 12:05:53.746392,355002.864,6291980.674
PD465,D20,SVDC-58,3159,9,13,2025-10-18 12:05:53.746393,355002.864,6291980.674
PD465,D20,SVDD-76,10467,25,60,2025-10-18 12:05:53.746394,355002.864,6291980.674
PD465,418,SHXF-31,720,0,4,2025-10-18 12:05:53.746395,355002.864,6291980.674
PD465,418,SKPL-34,1788,8,10,2025-10-18 12:05:53.746396,355002.864,6291980.674
PB948,B06,SKDG-18,2607,9,11,2025-10-18 12:05:55.204547,337367.77,6308441.421
PB948,B06,SKDG-40,8154,25,60,2025-10-18 12:05:55.204553,337367.77,6308441.421
PB948,B43,SJPB-36,920,8,10,2025-10-18 12:05:55.204555,337367.77,6308441.421
PB948,B43,SJPC-47,3841,13,17,2025-10-18 12:05:55.204556,337367.77,6308441.421
PB924,B06,SKDH-30,2120,8,10,2025-10-18 12:05:58.909622,345840.926,6305006.903
PI361,225,SFWZ-20,1497,0,4,2025-10-18 12:06:02.796119,340012.54,6290845.06
PI361,225,SFWZ-65,3685,8,12,2025-10-18 12:06:02.796124,340012.54,6290845.06
PI361,D11,STKP-84,3170,8,12,2025-10-18 12:06:02.796125,340012.54,6290845.06
PI361,517,VHXJ-92,2649,5,7,2025-10-18 12:06:02.796126,340012.54,6290845.06
PB748,B02,FLXR-81,437,0,3,2025-10-18 12:06:04.195164,349430.786,6305450.903
PJ28,107,PFYC-84,71,0,3,2025-10-18 12:06:06.122894,341772.968,6300744.652
PJ28,107,PGBY-53,1382,0,4,2025-10-18 12:06:06.122899,341772.968,6300744.652
PJ28,101,PFYS-25,435,0,3,2025-10-18 12:06:06.122900,341772.968,6300744.652
PJ28,101,PGPT-12,2787,9,11,2025-10-18 12:06:06.122901,341772.968,6300744.652
PJ28,B38,TBFX-32,7475,19,27,2025-10-18 12:06:06.122902,341772.968,6300744.652
PJ524,412,PFTW-61,2748,7,9,2025-10-18 12:06:07.862527,337172.26,6300580.8
PJ524,412,PFTW-41,3170,8,10,2025-10-18 12:06:07.862533,337172.26,6300580.8
PJ524,508,TBFW-11,515,0,3,2025-10-18 12:06:07.862534,337172.26,6300580.8
PJ524,508,TBFX-34,6598,16,22,2025-10-18 12:06:07.862535,337172.26,6300580.8
PJ524,J03,TBFT-25,6287,0,4,2025-10-18 12:06:07.862536,337172.26,6300580.8
PJ524,J03,FLXW-50,9702,0,5,2025-10-18 12:06:07.862536,337172.26,6300580.8
PJ524,J04,TBFR-25,4963,17,25,2025-10-18 12:06:07.862537,337172.26,6300580.8
PJ524,J04,GCBC-82,6760,25,60,2025-10-18 12:06:07.862538,337172.26,6300580.8
PJ524,J16,TBFV-31,4355,6,8,2025-10-18 12:06:07.862539,337172.26,6300580.8
PJ524,J16,TBFP-79,11679,25,60,2025-10-18 12:06:07.862540,337172.26,6300580.8
PJ524,542,TBFW-85,50,0,3,2025-10-18 12:06:07.862541,337172.26,6300580.8
PJ524,542,TBFW-71,12224,25,60,2025-10-18 12:06:07.862542,337172.26,6300580.8
PJ524,B38,TBFW-57,2066,6,8,2025-10-18 12:06:07.862542,337172.26,6300580.8
PJ524,B38,TBFV-97,15188,25,60,2025-10-18 12:06:07.862543,337172.26,6300580.8
PH55,H24,VGRF-85,753,0,3,2025-10-18 12:06:11.081341,343171.78,6292186.382
PH55,H24,VGRB-23,3484,9,11,2025-10-18 12:06:11.081346,343171.78,6292186.382
PH55,125,CJRX-35,251,0,3,2025-10-18 12:06:11.081348,343171.78,6292186.382
PH55,125,BJFW-38,4665,12,18,2025-10-18 12:06:11.081348,343171.78,6292186.382
PH55,H12,FLXF-31,2462,8,10,2025-10-18 12:06:11.081349,343171.78,6292186.382
PH55,H12,FLXF-22,6624,25,60,2025-10-18 12:06:11.081350,343171.78,6292186.382
PH55,105,SHXG-30,342,0,3,2025-10-18 12:06:11.081351,343171.78,6292186.382
PH55,105,SJPC-45,3813,10,14,2025-10-18 12:06:11.081352,343171.78,6292186.382
PH55,120,SKHG-17,1973,6,8,2025-10-18 12:06:11.081352,343171.78,6292186.382
PH55,120,STHB-50,4843,14,20,2025-10-18 12:06:11.081353,343171.78,6292186.382
PG597,G16,SFPG-38,2561,5,7,2025-10-18 12:06:12.852340,349266.642,6281551.734
PG597,G16,SFPG-59,8340,21,29,2025-10-18 12:06:12.852345,349266.642,6281551.734
PI820,I03,FLXL-39,3116,9,13,2025-10-18 12:06:14.474509,338618.517,6291526.687
PI820,I03,FLXJ-28,5194,14,20,2025-10-18 12:06:14.474515,338618.517,6291526.687
PJ381,504,GCBF-22,2068,5,7,2025-10-18 12:06:16.628824,335651.876,6299782.227
PJ381,422,TBFW-86,479,0,3,2025-10-18 12:06:16.628829,335651.876,6299782.227
PF1159,204,VGBS-15,2020,0,4,2025-10-18 12:06:18.629197,352017.0,6281245.0
PF1159,204,VFRF-85,8882,25,60,2025-10-18 12:06:18.629202,352017.0,6281245.0
PD1595,D13,BJFW-68,4582,10,14,2025-10-18 12:06:20.593547,349009.39,6296294.75
PD1595,D13,BJFT-69,9691,25,60,2025-10-18 12:06:20.593552,349009.39,6296294.75
PG1171,G16,SFPG-57,572,0,3,2025-10-18 12:06:25.936198,345802.736,6285975.444
PG1171,G13,SFGY-78,185,0,3,2025-10-18 12:06:25.936203,345802.736,6285975.444
PB38,107,PGRZ-87,4874,12,18,2025-10-18 12:06:27.917734,345774.237,6303586.353
PB38,107,PGTV-28,6032,15,21,2025-10-18 12:06:27.917738,345774.237,6303586.353
PB38,101,PGPT-56,1,0,3,2025-10-18 12:06:27.917740,345774.237,6303586.353
PB38,101,PFYS-25,7364,25,60,2025-10-18 12:06:27.917740,345774.237,6303586.353
PF1169,F24,SPRV-86,4214,12,16,2025-10-18 12:06:29.814803,353134.0,6282620.0
PF1169,F24,SPRV-92,9948,25,60,2025-10-18 12:06:29.814808,353134.0,6282620.0
PH238,H05,VFPG-58,217,0,3,2025-10-18 12:06:33.252557,345340.226,6291213.63
PH238,H05,VGBV-41,5883,25,60,2025-10-18 12:06:33.252562,345340.226,6291213.63
PH238,214,GCBB-31,137,0,3,2025-10-18 12:06:33.252573,345340.226,6291213.63
PD981,D07,STPS-21,93,0,3,2025-10-18 12:06:34.865011,355993.169,6293436.738
PD981,D07,SVDC-91,4989,25,60,2025-10-18 12:06:34.865016,355993.169,6293436.738
PD981,D17,PFZK-79,643,0,3,2025-10-18 12:06:34.865018,355993.169,6293436.738
PD981,D17,PGLD-70,4135,8,12,2025-10-18 12:06:34.865018,355993.169,6293436.738
PD981,D17V,PFZK-78,1556,0,3,2025-10-18 12:06:34.865019,355993.169,6293436.738
PD981,D20,SVDC-58,5480,13,19,2025-10-18 12:06:34.865020,355993.169,6293436.738
PD981,D20,SVDD-76,12964,25,60,2025-10-18 12:06:34.865021,355993.169,6293436.738
PE201,E02,VKJX-31,4362,14,20,2025-10-18 12:06:36.279526,350088.27,6286971.116
PE201,E12,VFHX-21,2485,9,13,2025-10-18 12:06:36.279531,350088.27,6286971.116
PE201,E12,VFKT-73,5347,25,60,2025-10-18 12:06:36.279532,350088.27,6286971.116
PE201,225,SFWZ-70,5399,12,18,2025-10-18 12:06:36.279533,350088.27,6286971.116
PE201,225,SFWB-46,5516,13,19,2025-10-18 12:06:36.279534,350088.27,6286971.116
PE201,286,SFGY-72,1,0,3,2025-10-18 12:06:36.279535,350088.27,6286971.116
PE201,286,SFPG-44,447,0,3,2025-10-18 12:06:36.279536,350088.27,6286971.116
PH1459,113,FLXY-67,2209,7,9,2025-10-18 12:06:37.773942,346327.5,6294424.12
PH1459,115,PFXB-92,157,0,3,2025-10-18 12:06:37.773947,346327.5,6294424.12
PD1391,D16,SPBS-39,5658,14,20,2025-10-18 12:06:39.475569,353153.551,6296917.225
PD1391,D16,SPBF-51,8455,25,60,2025-10-18 12:06:39.475574,353153.551,6296917.225
PD1391,514,FLXS-79,1050,0,5,2025-10-18 12:06:39.475575,353153.551,6296917.225
PD1391,514,PFXC-48,1130,0,5,2025-10-18 12:06:39.475620,353153.551,6296917.225
PE110,204,VFPS-78,5615,17,25,2025-10-18 12:06:41.438319,349236.633,6289877.967
PE110,204,VFRB-63,6218,19,27,2025-10-18 12:06:41.438324,349236.633,6289877.967
PI221,506V,FLXV-45,2428,5,7,2025-10-18 12:06:43.231563,336758.594,6291171.808
PI221,506V,SZZY-69,4805,13,17,2025-10-18 12:06:43.231567,336758.594,6291171.808
PI221,110,TBFW-38,2523,7,9,2025-10-18 12:06:43.231568,336758.594,6291171.808
PI221,110,PFXB-54,8224,25,60,2025-10-18 12:06:43.231569,336758.594,6291171.808
PI221,401,PFVK-97,157,0,3,2025-10-18 12:06:43.231570,336758.594,6291171.808
PI221,401,PDYR-89,9212,25,60,2025-10-18 12:06:43.231571,336758.594,6291171.808
PI221,405,PFYG-68,9823,25,60,2025-10-18 12:06:43.231572,336758.594,6291171.808
PI221,405,PFBG-34,10815,25,60,2025-10-18 12:06:43.231572,336758.594,6291171.808
PI221,I26,PFYT-25,3402,6,8,2025-10-18 12:06:43.231582,336758.594,6291171.808
PI221,I26,PFYR-59,7594,17,23,2025-10-18 12:06:43.231583,336758.594,6291171.808
PI221,506,TBFT-79,4640,11,15,2025-10-18 12:06:43.231584,336758.594,6291171.808
PI221,506,GCBC-42,11929,25,60,2025-10-18 12:06:43.231585,336758.594,6291171.808
PI221,106,PGPT-29,10150,25,60,2025-10-18 12:06:43.231586,336758.594,6291171.808
PI221,106,PFYS-32,10600,25,60,2025-10-18 12:06:43.231586,336758.594,6291171.808
PI221,421,PDYH-31,4528,14,20,2025-10-18 12:06:43.231587,336758.594,6291171.808
PI221,421,PFBG-21,11015,25,60,2025-10-18 12:06:43.231588,336758.594,6291171.808
PI221,111,FLXY-24,3392,8,12,2025-10-18 12:06:43.231589,336758.594,6291171.808
PI221,111,FLXW-70,5117,25,60,2025-10-18 12:06:43.231590,336758.594,6291171.808
PI221,I09,FLXZ-16,2813,7,9,2025-10-18 12:06:43.231591,336758.594,6291171.808
PI221,I09,FLXY-88,4399,11,15,2025-10-18 12:06:43.231591,336758.594,6291171.808
PJ1658,J07E,VHXJ-44,7371,12,16,2025-10-18 12:06:44.924168,325958.178,6303929.958
PJ1658,J07E,VHZZ-40,8966,14,20,2025-10-18 12:06:44.924173,325958.178,6303929.958
PI497,419,PFVK-63,7388,25,60,2025-10-18 12:06:48.871600,335868.683,6292017.227
PI497,I12,FLXY-47,2910,11,15,2025-10-18 12:06:48.871605,335868.683,6292017.227
PI497,I12,FLXY-10,6505,25,60,2025-10-18 12:06:48.871607,335868.683,6292017.227
PI1551,506,FLXW-26,4487,14,20,2025-10-18 12:06:50.796523,333615.538,6288789.113
PI1551,506,FLXW-30,4521,14,20,2025-10-18 12:06:50.796529,333615.538,6288789.113
PB370,272,VFHV-87,2040,7,9,2025-10-18 12:06:52.756420,346153.831,6304849.946
PB370,272,VGCB-39,3074,10,14,2025-10-18 12:06:52.756426,346153.831,6304849.946
PB370,B12,SKDH-29,2272,7,9,2025-10-18 12:06:52.756427,346153.831,6304849.946
PB370,B12,SKDG-96,2799,8,10,2025-10-18 12:06:52.756428,346153.831,6304849.946
PJ653,J18,VJBB-40,2752,9,13,2025-10-18 12:06:54.783562,339841.418,6298728.526
PJ653,J18,VHXK-31,7205,25,60,2025-10-18 12:06:54.783567,339841.418,6298728.526
PJ653,J13,TBFR-54,3769,12,16,2025-10-18 12:06:54.783568,339841.418,6298728.526
PJ653,412,PFTW-47,1702,7,9,2025-10-18 12:06:54.783569,339841.418,6298728.526
PJ653,412,PFVG-94,3555,13,19,2025-10-18 12:06:54.783569,339841.418,6298728.526
PJ653,J02,VHXJ-10,5018,12,18,2025-10-18 12:06:54.783570,339841.418,6298728.526
PA111,208,LZPG-23,1900,0,5,2025-10-18 12:06:56.821682,346910.61,6298894.13
PA111,208,SRTG-97,3276,8,10,2025-10-18 12:06:56.821687,346910.61,6298894.13
PA111,116,LDJJ-86,31,0,3,2025-10-18 12:06:56.821688,346910.61,6298894.13
PA111,116,LDJJ-69,2247,13,17,2025-10-18 12:06:56.821689,346910.61,6298894.13
PA111,203,LZPT-56,3431,12,18,2025-10-18 12:06:56.821690,346910.61,6298894.13
PA111,203,SVPX-47,6549,25,60,2025-10-18 12:06:56.821691,346910.61,6298894.13
PA111,207,LZPS-20,1,0,3,2025-10-18 12:06:56.821692,346910.61,6298894.13
PA111,207,SDGY-27,3752,15,21,2025-10-18 12:06:56.821693,346910.61,6298894.13
PB781,B02,FLXR-83,7792,25,60,2025-10-18 12:06:58.759796,346941.49,6306150.126
PB781,B02,FLXR-76,9603,25,60,2025-10-18 12:06:58.759801,346941.49,6306150.126
PB781,C18,SHXG-91,1321,5,7,2025-10-18 12:06:58.759802,346941.49,6306150.126
PB781,C18,SHCX-31,9109,25,60,2025-10-18 12:06:58.759803,346941.49,6306150.126
PD369,418,PFYC-36,1603,11,15,2025-10-18 12:07:00.731735,355634.798,6295413.667
PD369,418,PFVG-79,7704,25,60,2025-10-18 12:07:00.731740,355634.798,6295413.667
PD369,425,SJPB-23,1169,0,5,2025-10-18 12:07:00.731741,355634.798,6295413.667
PD369,425,SJPB-28,1260,0,5,2025-10-18 12:07:00.731742,355634.798,6295413.667
PD369,429,SLGT-38,845,0,3,2025-10-18 12:07:00.731743,355634.798,6295413.667
PD369,429,SLLZ-39,4282,11,15,2025-10-18 12:07:00.731744,355634.798,6295413.667
PD369,510,GCBD-98,662,0,3,2025-10-18 12:07:00.731745,355634.798,6295413.667
PF407,F08,SPVT-94,1561,5,7,2025-10-18 12:07:02.709740,356544.339,6285472.859
PF407,F08,SPVT-72,5115,15,21,2025-10-18 12:07:02.709745,356544.339,6285472.859
PF407,E11,VKJZ-32,987,0,5,2025-10-18 12:07:02.709746,356544.339,6285472.859
PF407,E11,VKJZ-50,7036,25,60,2025-10-18 12:07:02.709747,356544.339,6285472.859
PF259,F16,SPRV-99,348,0,3,2025-10-18 12:07:04.637887,353581.893,6278079.461
PE867,E13,VFKT-91,1385,6,8,2025-10-18 12:07:06.595260,350432.864,6286784.268
PE867,E13,VFHX-52,4033,17,23,2025-10-18 12:07:06.595265,350432.864,6286784.268
PD520,505,VHZX-61,3547,12,16,2025-10-18 12:07:08.522361,349295.221,6297601.365
PD520,505,LXWS-33,8401,25,60,2025-10-18 12:07:08.522366,349295.221,6297601.365
PD520,508,FLXH-85,5319,16,22,2025-10-18 12:07:08.522368,349295.221,6297601.365
PD520,508,LXWR-67,6790,20,28,2025-10-18 12:07:08.522369,349295.221,6297601.365
PD520,514,FLXJ-43,1309,6,8,2025-10-18 12:07:08.522370,349295.221,6297601.365
PD520,514,FLXS-79,5410,20,28,2025-10-18 12:07:08.522370,349295.221,6297601.365
PB404,428,SHCY-25,287,0,3,2025-10-18 12:07:10.681518,338656.425,6306661.204
PB404,428,SLPB-73,300,0,3,2025-10-18 12:07:10.681523,338656.425,6306661.204
PB404,303,FLXF-83,991,0,4,2025-10-18 12:07:10.681524,338656.425,6306661.204
PB404,B45,TWPD-74,2025,13,17,2025-10-18 12:07:10.681525,338656.425,6306661.204
PB404,B08,SHCY-37,70,0,3,2025-10-18 12:07:10.681526,338656.425,6306661.204
PI1657,I01,FLXG-90,2165,8,10,2025-10-18 12:07:12.780961,336280.99,6289158.26
PI1657,I10,FLXL-33,813,0,4,2025-10-18 12:07:12.780966,336280.99,6289158.26
PI1657,I10,FLXG-12,3919,13,19,2025-10-18 12:07:12.780967,336280.99,6289158.26
PI1657,423,PFVC-50,2907,9,13,2025-10-18 12:07:12.780968,336280.99,6289158.26
PC495,501,FLXW-15,2739,8,10,2025-10-18 12:07:14.751820,350530.09,6298957.845
PC495,501,TBFX-11,6919,19,27,2025-10-18 12:07:14.751825,350530.09,6298957.845
PC495,504,TBFT-67,1118,4,6,2025-10-18 12:07:14.751826,350530.09,6298957.845
PC495,504,GCBD-21,5492,16,22,2025-10-18 12:07:14.751827,350530.09,6298957.845
PC495,518,TBFP-88,2231,6,8,2025-10-18 12:07:14.751828,350530.09,6298957.845
PC495,518,FLXS-89,7179,19,27,2025-10-18 12:07:14.751828,350530.09,6298957.845
PE460,E04,VKJX-94,2818,7,9,2025-10-18 12:07:16.698727,353555.438,6288205.718
PE460,E04,VKJZ-36,4092,13,19,2025-10-18 12:07:16.698732,353555.438,6288205.718
PJ38,109,TBFX-67,2027,6,8,2025-10-18 12:07:18.662078,342704.517,6300158.575
PJ38,109,TBFR-98,8635,25,60,2025-10-18 12:07:18.662084,342704.517,6300158.575
PJ38,105,SHXG-32,3735,11,15,2025-10-18 12:07:18.662086,342704.517,6300158.575
PJ38,105,SJPD-96,3867,12,16,2025-10-18 12:07:18.662087,342704.517,6300158.575
PI488,419,PFVK-63,2244,10,14,2025-10-18 12:07:20.676710,335063.117,6288084.909
PI488,506,TBFS-34,3313,14,20,2025-10-18 12:07:20.676715,335063.117,6288084.909
PG2056,G35,SDSW-78,5090,17,25,2025-10-18 12:07:22.611409,349839.0,6282518.0
PG2056,G35,SFPG-29,11773,25,60,2025-10-18 12:07:22.611414,349839.0,6282518.0
PJ609,J01,TBFT-32,579,0,3,2025-10-18 12:07:24.612315,340190.5,6300242.235
PJ609,J01,SZZH-67,5026,18,26,2025-10-18 12:07:24.612320,340190.5,6300242.235
PJ609,J08,FLXV-65,2829,9,13,2025-10-18 12:07:24.612321,340190.5,6300242.235
PD1013,412,LXWP-60,4381,12,16,2025-10-18 12:07:30.445644,357288.338,6298549.138
PD1013,412,PFVG-89,4661,12,18,2025-10-18 12:07:30.445648,357288.338,6298549.138
PD1013,D08,SVDF-71,3123,9,11,2025-10-18 12:07:30.445649,357288.338,6298549.138
PD1013,D08,STRJ-56,8856,25,60,2025-10-18 12:07:30.445650,357288.338,6298549.138
PD1013,D15,SVDC-32,3777,9,13,2025-10-18 12:07:30.445651,357288.338,6298549.138
PD1013,D15,SVDC-41,4962,12,16,2025-10-18 12:07:30.445652,357288.338,6298549.138
PG593,G28,BJFW-41,4644,13,17,2025-10-18 12:07:32.329851,348629.241,6282883.125
PG593,G28,BJFT-63,12113,25,60,2025-10-18 12:07:32.329856,348629.241,6282883.125
PG593,F06,SPZY-48,4150,12,18,2025-10-18 12:07:32.329858,348629.241,6282883.125
PG593,F06,SPZX-77,6767,25,60,2025-10-18 12:07:32.329859,348629.241,6282883.125
PG593,F20,SRVL-13,1911,5,7,2025-10-18 12:07:32.329860,348629.241,6282883.125
PG593,F20,SPZY-65,5887,17,25,2025-10-18 12:07:32.329860,348629.241,6282883.125
PD1268,D09,SVDF-51,3080,8,12,2025-10-18 12:07:35.241693,350805.853,6297827.808
PD1268,D09,SVDC-16,5278,16,22,2025-10-18 12:07:35.241698,350805.853,6297827.808
PC352,C19,SGPW-40,6141,16,22,2025-10-18 12:07:37.268761,359168.709,6306502.93
PC352,C28,SHCV-75,2229,8,10,2025-10-18 12:07:37.268765,359168.709,6306502.93
PC352,C28,SPCG-59,3766,11,15,2025-10-18 12:07:37.268766,359168.709,6306502.93
PC352,C01C,LXWP-63,1342,0,5,2025-10-18 12:07:37.268767,359168.709,6306502.93
PC352,C01C,PGLD-43,6392,14,20,2025-10-18 12:07:37.268768,359168.709,6306502.93
PC352,411,PGTV-17,2998,7,9,2025-10-18 12:07:37.268769,359168.709,6306502.93
PC352,411,PGTV-36,3931,9,13,2025-10-18 12:07:37.268770,359168.709,6306502.93
PC352,C01,LCPW-51,3116,8,10,2025-10-18 12:07:37.268770,359168.709,6306502.93
PC352,C01,LCPW-35,6379,17,25,2025-10-18 12:07:37.268771,359168.709,6306502.93
PC352,C05,LDTG-62,4248,10,14,2025-10-18 12:07:37.268772,359168.709,6306502.93
PC352,C05,LFGP-24,8363,25,60,2025-10-18 12:07:37.268773,359168.709,6306502.93
PC352,C13,SJPC-21,682,0,3,2025-10-18 12:07:37.268774,359168.709,6306502.93
PC352,C13,SGPX-13,7390,19,27,2025-10-18 12:07:37.268775,359168.709,6306502.93
PG544,F03,FLXT-49,5323,11,15,2025-10-18 12:07:40.757671,348105.911,6279832.437
PG544,F03,FLXJ-38,8789,25,60,2025-10-18 12:07:40.757677,348105.911,6279832.437
PE1267,E12,VFKR-65,886,0,3,2025-10-18 12:07:42.815518,351008.901,6285125.95
PE1267,E16,VFHX-28,1120,0,5,2025-10-18 12:07:42.815523,351008.901,6285125.95
PE1267,E16,VFJS-29,2432,8,10,2025-10-18 12:07:42.815524,351008.901,6285125.95
PI740,I02,FLXZ-26,493,0,3,2025-10-18 12:07:44.766796,337141.425,6296176.266
PI740,I02,FLXZ-34,2397,8,10,2025-10-18 12:07:44.766801,337141.425,6296176.266
PI740,510,TBFR-55,1603,5,7,2025-10-18 12:07:44.766802,337141.425,6296176.266
PI740,516,FLXV-73,813,0,4,2025-10-18 12:07:44.766803,337141.425,6296176.266
PI740,424,GCBD-65,1867,5,7,2025-10-18 12:07:44.766804,337141.425,6296176.266
PI740,424,TBFX-43,6648,15,21,2025-10-18 12:07:44.766805,337141.425,6296176.266
PB1195,B12,SKDJ-88,898,0,3,2025-10-18 12:07:46.759121,342275.807,6309581.197
PB1195,B12,SKDG-11,4892,11,15,2025-10-18 12:07:46.759135,342275.807,6309581.197
PB1280,B14,HRKS-56,222,0,3,2025-10-18 12:07:48.712862,346293.719,6302712.202
PB1280,B14,FLXJ-41,2623,7,9,2025-10-18 12:07:48.712868,346293.719,6302712.202
PB1280,B21,SKDJ-78,1627,7,9,2025-10-18 12:07:48.712869,346293.719,6302712.202
PC338,409,PGLD-41,3451,0,3,2025-10-18 12:07:50.671607,350351.0,6301690.26
PC338,409,PGRZ-68,5075,0,5,2025-10-18 12:07:50.671612,350351.0,6301690.26
PC338,411,PGTV-33,6384,10,14,2025-10-18 12:07:50.671613,350351.0,6301690.26
PC338,411,PGBZ-18,11472,21,29,2025-10-18 12:07:50.671614,350351.0,6301690.26
PC338,502,FLXV-77,1054,0,4,2025-10-18 12:07:50.671615,350351.0,6301690.26
PC338,502,BJFF-54,2769,5,7,2025-10-18 12:07:50.671615,350351.0,6301690.26
PC338,542,TBFT-59,2164,0,5,2025-10-18 12:07:50.671616,350351.0,6301690.26
PC338,542,PFXC-32,6529,13,19,2025-10-18 12:07:50.671617,350351.0,6301690.26
PG1894,211,FLXP-40,1163,5,7,2025-10-18 12:07:52.591967,342284.252,6279243.205
PG1894,211,FLXX-27,3738,13,19,2025-10-18 12:07:52.591972,342284.252,6279243.205
PG1894,G37,THTD-98,9454,19,27,2025-10-18 12:07:52.591973,342284.252,6279243.205
PG1894,G07,THTF-80,2131,6,8,2025-10-18 12:07:52.591974,342284.252,6279243.205
PG1894,G07,THTD-97,8243,15,21,2025-10-18 12:07:52.591974,342284.252,6279243.205
PD1180,D14,PGBY-86,1859,6,8,2025-10-18 12:07:54.361904,350694.87,6293791.582
PD1180,D14,PFYC-18,6539,18,26,2025-10-18 12:07:54.361909,350694.87,6293791.582
PI599,423,PGPT-42,4473,13,19,2025-10-18 12:07:55.806264,338494.951,6293356.131
PI599,I03,FLXL-73,3099,12,18,2025-10-18 12:07:55.806269,338494.951,6293356.131
PI599,I03,FLXG-52,8057,25,60,2025-10-18 12:07:55.806270,338494.951,6293356.131
PI599,I10,FLXX-63,3410,8,10,2025-10-18 12:07:55.806272,338494.951,6293356.131
PI599,I10,FLXG-91,7480,20,28,2025-10-18 12:07:55.806272,338494.951,6293356.131
PI599,I20,FLXK-91,4266,15,21,2025-10-18 12:07:55.806274,338494.951,6293356.131
PI1480,I02,FLXY-78,10643,25,60,2025-10-18 12:07:57.705279,337567.691,6295219.794
PI1480,I02,FLXZ-44,13667,25,60,2025-10-18 12:07:57.705284,337567.691,6295219.794
PB2044,B03,LXDJ-14,3106,12,18,2025-10-18 12:08:03.248311,336762.266,6303066.759
PB2044,B03,LXDJ-16,3129,13,19,2025-10-18 12:08:03.248316,336762.266,6303066.759
PB2044,B09,SHCY-33,2918,15,21,2025-10-18 12:08:03.248317,336762.266,6303066.759
PB2044,B09,SHCY-39,10429,25,60,2025-10-18 12:08:03.248318,336762.266,6303066.759
PB2044,B20,LXDJ-31,1721,10,14,2025-10-18 12:08:03.248319,336762.266,6303066.759
PB2044,B20,SKHG-59,4010,18,26,2025-10-18 12:08:03.248320,336762.266,6303066.759
PB2044,B29,LXDJ-19,107,0,3,2025-10-18 12:08:03.248321,336762.266,6303066.759
PB2044,B29,SHCY-49,1392,5,7,2025-10-18 12:08:03.248322,336762.266,6303066.759
PA63,229,SDGY-21,10256,25,60,2025-10-18 12:08:05.037350,346861.78,6294740.16
PA63,229,SFWB-35,11466,25,60,2025-10-18 12:08:05.037355,346861.78,6294740.16
PA63,301,BJFS-39,1,0,3,2025-10-18 12:08:05.037357,346861.78,6294740.16
PA63,301,BJFY-83,3258,10,14,2025-10-18 12:08:05.037357,346861.78,6294740.16
PA63,H12,FLXD-73,1,0,3,2025-10-18 12:08:05.037358,346861.78,6294740.16
PA63,H12,BJFX-14,2990,10,14,2025-10-18 12:08:05.037359,346861.78,6294740.16
PA63,223,SHXB-15,421,0,3,2025-10-18 12:08:05.037360,346861.78,6294740.16
PA63,223,SDSW-59,1462,4,6,2025-10-18 12:08:05.037361,346861.78,6294740.16
PA63,H14,FLXR-47,1439,0,5,2025-10-18 12:08:05.037361,346861.78,6294740.16
PA63,H14,FLXR-25,7646,25,60,2025-10-18 12:08:05.037362,346861.78,6294740.16
PA63,201,GCBB-18,1468,5,7,2025-10-18 12:08:05.037363,346861.78,6294740.16
PA63,201,GCBB-99,4275,14,20,2025-10-18 12:08:05.037364,346861.78,6294740.16
PA63,214,GCBB-59,1654,4,6,2025-10-18 12:08:05.037373,346861.78,6294740.16
PA63,214,GCBB-31,4350,13,19,2025-10-18 12:08:05.037374,346861.78,6294740.16
PA63,226,VFPS-86,1,0,3,2025-10-18 12:08:05.037374,346861.78,6294740.16
PA63,226,VFPV-63,6642,25,60,2025-10-18 12:08:05.037375,346861.78,6294740.16
PA63,H06,BJFS-36,3875,13,19,2025-10-18 12:08:05.037376,346861.78,6294740.16
PA63,H13,FLXK-72,2112,7,9,2025-10-18 12:08:05.037377,346861.78,6294740.16
PG478,G01,THTF-25,3063,8,12,2025-10-18 12:08:06.986295,347904.571,6288733.126
PG478,G01,THTG-16,6441,17,25,2025-10-18 12:08:06.986300,347904.571,6288733.126
PG478,E05,BJFT-21,300,0,3,2025-10-18 12:08:06.986301,347904.571,6288733.126
PC1016,421,PFYG-88,5160,17,23,2025-10-18 12:08:09.023576,350986.391,6301264.916
PC1016,421,PFTF-81,5811,20,28,2025-10-18 12:08:09.023581,350986.391,6301264.916
PC1016,503,VHLW-27,1402,0,4,2025-10-18 12:08:09.023582,350986.391,6301264.916
PC1016,503,VGTY-68,2632,6,8,2025-10-18 12:08:09.023583,350986.391,6301264.916
PC1016,406,TBFS-45,1961,5,7,2025-10-18 12:08:09.023584,350986.391,6301264.916
PC1016,406,SZZH-66,7576,19,27,2025-10-18 12:08:09.023585,350986.391,6301264.916
PC1016,407,GCBD-45,5589,17,23,2025-10-18 12:08:09.023586,350986.391,6301264.916
PC1016,407,PFXC-23,7502,25,60,2025-10-18 12:08:09.023587,350986.391,6301264.916
PC1016,426,BJFD-69,5853,14,20,2025-10-18 12:08:09.023588,350986.391,6301264.916
PC1016,426,BJFD-66,8493,20,28,2025-10-18 12:08:09.023589,350986.391,6301264.916
PC1016,412,PGBY-83,398,0,3,2025-10-18 12:08:09.023590,350986.391,6301264.916
PC1016,412,PFYC-81,2278,6,8,2025-10-18 12:08:09.023600,350986.391,6301264.916
PC1016,418,SHXF-92,372,0,3,2025-10-18 12:08:09.023601,350986.391,6301264.916
PC1016,418,LXWP-75,4224,11,15,2025-10-18 12:08:09.023602,350986.391,6301264.916
PC1016,401,PFYG-43,275,0,3,2025-10-18 12:08:09.023603,350986.391,6301264.916
PC1016,401,PFYG-41,2543,8,10,2025-10-18 12:08:09.023604,350986.391,6301264.916
PD1137,D13,BJFW-68,2880,8,10,2025-10-18 12:08:14.489621,349475.266,6295862.814
PD1137,D13,BJFT-69,7573,18,26,2025-10-18 12:08:14.489626,349475.266,6295862.814
PE514,E06,BJFZ-99,403,0,3,2025-10-18 12:08:15.912463,354502.808,6289940.303
PC12,103,SPBS-36,103,0,3,2025-10-18 12:08:18.027120,350682.201,6298414.567
PC12,103,SPBP-94,3615,12,16,2025-10-18 12:08:18.027125,350682.201,6298414.567
PC12,117,SPBP-30,192,0,3,2025-10-18 12:08:18.027126,350682.201,6298414.567
PC12,117,SPBF-59,3465,25,60,2025-10-18 12:08:18.027127,350682.201,6298414.567
PD1583,D17,PFZK-79,1344,0,4,2025-10-18 12:08:19.997511,355850.5,6292498.96
PD1583,D17,PGLD-70,4139,10,14,2025-10-18 12:08:19.997517,355850.5,6292498.96
PD1583,D17V,PFZK-78,1946,0,5,2025-10-18 12:08:19.997518,355850.5,6292498.96
PI287,113,FLXY-70,2997,8,10,2025-10-18 12:08:21.938833,339055.327,6290293.351
PI287,113,FLXX-61,10245,25,60,2025-10-18 12:08:21.938839,339055.327,6290293.351
PI287,115,FLXW-18,6675,11,15,2025-10-18 12:08:21.938840,339055.327,6290293.351
PE53,E17,BJFW-26,1360,6,8,2025-10-18 12:08:23.867136,354926.595,6290520.882
PI1659,I24,FLXZ-22,888,0,3,2025-10-18 12:08:26.531333,336928.81,6288494.68
PI1659,I24,VHSY-26,2843,9,13,2025-10-18 12:08:26.531337,336928.81,6288494.68
PI1291,I04,FLXK-98,5506,16,22,2025-10-18 12:08:28.460204,339141.152,6291369.437
PI1291,I04,FLXL-81,7859,25,60,2025-10-18 12:08:28.460209,339141.152,6291369.437
PD65,224,VFPL-46,1173,0,4,2025-10-18 12:08:30.413690,351428.16,6294767.94
PD65,212,LZPR-98,3141,9,13,2025-10-18 12:08:30.413695,351428.16,6294767.94
PD65,212,LZPW-21,5542,16,24,2025-10-18 12:08:30.413696,351428.16,6294767.94
PD65,104,SKVD-54,3068,10,14,2025-10-18 12:08:30.413697,351428.16,6294767.94
PD65,104,LCST-80,3202,10,14,2025-10-18 12:08:30.413697,351428.16,6294767.94
PD65,106,PFYR-69,1,0,3,2025-10-18 12:08:30.413698,351428.16,6294767.94
PD65,106,PFVD-61,6126,20,28,2025-10-18 12:08:30.413699,351428.16,6294767.94
PG335,E18,BJFT-80,1495,6,8,2025-10-18 12:08:32.359083,347273.52,6285983.411
PG335,F05,SPZX-79,1,0,3,2025-10-18 12:08:32.359088,347273.52,6285983.411
PG335,F05,SRVJ-17,3173,13,19,2025-10-18 12:08:32.359089,347273.52,6285983.411
PG335,229,SFWB-35,247,0,3,2025-10-18 12:08:32.359090,347273.52,6285983.411
PG335,229,SFWZ-27,4318,11,15,2025-10-18 12:08:32.359091,347273.52,6285983.411
PG335,302,BJFZ-31,3136,8,12,2025-10-18 12:08:32.359092,347273.52,6285983.411
PI267,111,FLXY-63,203,0,3,2025-10-18 12:08:34.307583,334032.793,6285254.391
PI267,111,FLXW-97,2913,13,19,2025-10-18 12:08:34.307587,334032.793,6285254.391
PI267,113,FLXX-61,1701,5,7,2025-10-18 12:08:34.307589,334032.793,6285254.391
PI267,I11,FLXY-91,803,0,4,2025-10-18 12:08:34.307590,334032.793,6285254.391
PB1906,429,SKPH-77,1495,0,4,2025-10-18 12:08:36.312600,341235.47,6306859.98
PB1906,429,SKPH-81,5570,16,22,2025-10-18 12:08:36.312606,341235.47,6306859.98
PB1906,303,FLXF-24,47,0,3,2025-10-18 12:08:36.312607,341235.47,6306859.98
PB1906,303,FLXF-83,3714,13,19,2025-10-18 12:08:36.312608,341235.47,6306859.98
PB1906,307,TWPC-57,433,0,3,2025-10-18 12:08:36.312609,341235.47,6306859.98
PB1906,307,TWPD-89,3811,11,15,2025-10-18 12:08:36.312610,341235.47,6306859.98
PB1906,B06,SKDJ-86,1861,4,6,2025-10-18 12:08:36.312611,341235.47,6306859.98
PB1906,B06,SPCG-35,5407,16,24,2025-10-18 12:08:36.312612,341235.47,6306859.98
PB1906,B21,SGPY-90,368,0,3,2025-10-18 12:08:36.312613,341235.47,6306859.98
PB1906,B21,SKDJ-25,4884,16,22,2025-10-18 12:08:36.312614,341235.47,6306859.98
PB1906,428,SHCY-25,2855,13,19,2025-10-18 12:08:36.312615,341235.47,6306859.98
PB1906,428,SLPB-73,2858,13,19,2025-10-18 12:08:36.312616,341235.47,6306859.98
PF462,204,VFPS-74,255,0,3,2025-10-18 12:08:37.786355,353906.147,6280788.355
PF462,204,VGBS-15,3992,11,15,2025-10-18 12:08:37.786360,353906.147,6280788.355
PF462,F02,SHCY-65,1,0,3,2025-10-18 12:08:37.786362,353906.147,6280788.355
PF462,F02,SHXF-40,3814,12,18,2025-10-18 12:08:37.786362,353906.147,6280788.355
PF462,F09,SRVK-73,5938,25,60,2025-10-18 12:08:37.786363,353906.147,6280788.355
PF462,F09,SPZX-72,7315,25,60,2025-10-18 12:08:37.786364,353906.147,6280788.355
PI1415,I02,FLXY-78,9100,25,60,2025-10-18 12:08:39.477577,336831.716,6294213.879
PI1415,I02,FLXZ-44,12170,25,60,2025-10-18 12:08:39.477583,336831.716,6294213.879
PI1415,I08,FLXZ-60,3524,8,12,2025-10-18 12:08:39.477584,336831.716,6294213.879
PI1415,I08,FLXZ-71,6984,17,25,2025-10-18 12:08:39.477585,336831.716,6294213.879
PC48,D09,SSXF-31,314,0,3,2025-10-18 12:08:41.445351,349939.09,6299082.61
PC48,D09,SVDF-51,4771,14,20,2025-10-18 12:08:41.445356,349939.09,6299082.61
PC48,106,PGPT-25,1389,5,7,2025-10-18 12:08:41.445358,349939.09,6299082.61
PC48,106,PFYR-86,10841,25,60,2025-10-18 12:08:41.445358,349939.09,6299082.61
PB1346,B18,STHB-36,1183,5,7,2025-10-18 12:08:42.908691,339399.681,6305745.404
PB1346,B18,STHB-29,6792,25,60,2025-10-18 12:08:42.908695,339399.681,6305745.404
PB1346,B18E,FLXS-51,1413,0,4,2025-10-18 12:08:42.908696,339399.681,6305745.404
PB1346,B32,STHB-12,1936,8,10,2025-10-18 12:08:42.908697,339399.681,6305745.404
PB1346,B32,TXZH-30,10502,25,60,2025-10-18 12:08:42.908697,339399.681,6305745.404
PB1064,109,TBFR-98,1526,4,6,2025-10-18 12:08:44.598128,338541.538,6302946.538
PB1064,B09,SHCY-47,3087,6,8,2025-10-18 12:08:44.598134,338541.538,6302946.538
PB1064,B29,LXDJ-13,1546,0,5,2025-10-18 12:08:44.598135,338541.538,6302946.538
PB1064,B29,LXDJ-12,1881,4,6,2025-10-18 12:08:44.598136,338541.538,6302946.538
PF798,F25,STHF-56,2496,13,17,2025-10-18 12:08:46.477706,352810.207,6280015.186
PF798,F25,SRVJ-90,6263,25,60,2025-10-18 12:08:46.477712,352810.207,6280015.186
PF798,F29,SPVW-73,363,0,3,2025-10-18 12:08:46.477713,352810.207,6280015.186
PF798,F29,SPVW-72,2874,8,12,2025-10-18 12:08:46.477714,352810.207,6280015.186
PI770,111,FLXY-30,1842,8,10,2025-10-18 12:08:48.447572,337639.577,6296246.994
PI770,I02,FLXY-80,23,0,3,2025-10-18 12:08:48.447577,337639.577,6296246.994
PI770,110,PFXB-54,520,0,3,2025-10-18 12:08:48.447578,337639.577,6296246.994
PI770,110,CJRX-37,1656,4,6,2025-10-18 12:08:48.447579,337639.577,6296246.994
PI770,110C,PFXC-57,1086,0,5,2025-10-18 12:08:48.447580,337639.577,6296246.994
PI770,110C,GCBF-15,2165,7,9,2025-10-18 12:08:48.447581,337639.577,6296246.994
PD829,D16,SPBP-26,1,0,3,2025-10-18 12:08:50.357073,353064.883,6298046.276
PD829,D16,SPBS-39,6658,18,26,2025-10-18 12:08:50.357078,353064.883,6298046.276
PD537,507,TBFR-44,5016,11,15,2025-10-18 12:08:52.270029,355709.53,6295083.5
PD537,507,TBFX-25,9781,25,60,2025-10-18 12:08:52.270033,355709.53,6295083.5
PD537,511,PFXC-67,1987,7,9,2025-10-18 12:08:52.270035,355709.53,6295083.5
PD537,511,PFXB-74,3035,10,14,2025-10-18 12:08:52.270035,355709.53,6295083.5
PD537,519,GCBC-47,1430,0,5,2025-10-18 12:08:52.270036,355709.53,6295083.5
PD537,519,TBFW-13,3784,10,14,2025-10-18 12:08:52.270037,355709.53,6295083.5
PD537,506,TBFW-65,517,0,3,2025-10-18 12:08:52.270038,355709.53,6295083.5
PD537,506,TBFT-96,9777,25,60,2025-10-18 12:08:52.270039,355709.53,6295083.5
PD537,506V,TBFT-44,8534,20,28,2025-10-18 12:08:52.270039,355709.53,6295083.5
PD537,506V,TBFW-28,14727,25,60,2025-10-18 12:08:52.270040,355709.53,6295083.5
PJ260,513,VHZX-41,5112,12,18,2025-10-18 12:08:53.687596,336972.868,6301175.361
PJ260,513,VJJV-78,8671,25,60,2025-10-18 12:08:53.687601,336972.868,6301175.361
PG231,G13,SHCX-16,258,0,3,2025-10-18 12:08:55.664041,346363.431,6282819.322
PG231,G13,SFPF-91,959,0,5,2025-10-18 12:08:55.664046,346363.431,6282819.322
PG231,212,SDGY-15,6825,19,27,2025-10-18 12:08:55.664047,346363.431,6282819.322
PG231,212,SRTK-45,7615,21,29,2025-10-18 12:08:55.664048,346363.431,6282819.322
PI1180,I16,FLXJ-53,3242,11,15,2025-10-18 12:08:57.600987,343799.316,6296796.833
PG119,207,SFWZ-33,214,0,3,2025-10-18 12:08:59.561244,348689.981,6284397.646
PG119,207,LZPG-19,2662,6,8,2025-10-18 12:08:59.561249,348689.981,6284397.646
PG119,209,LZPT-55,2978,6,8,2025-10-18 12:08:59.561251,348689.981,6284397.646
PG119,209,SFST-34,7152,17,23,2025-10-18 12:08:59.561252,348689.981,6284397.646
PH494,345,CJRW-57,4385,14,20,2025-10-18 12:09:01.492986,344044.147,6293900.997
PH494,345,CJRW-14,8058,25,60,2025-10-18 12:09:01.492991,344044.147,6293900.997
PG979,G08,THTG-68,1199,11,15,2025-10-18 12:09:03.414278,341907.727,6279959.419
PG979,G08,THTG-88,4331,18,26,2025-10-18 12:09:03.414283,341907.727,6279959.419
PG979,G08V,FLXV-13,1161,7,9,2025-10-18 12:09:03.414284,341907.727,6279959.419
PG979,G08V,CJRL-62,7131,25,60,2025-10-18 12:09:03.414285,341907.727,6279959.419
PE196,E13,VFJP-21,3567,12,16,2025-10-18 12:09:05.406702,351053.67,6287794.19
PI1433,I18,VHTB-32,24,0,3,2025-10-18 12:09:07.248986,340965.675,6293038.258
PI1433,I25,FLXL-87,3288,7,9,2025-10-18 12:09:07.248991,340965.675,6293038.258
PI1433,I25,FLXF-23,6383,13,19,2025-10-18 12:09:07.248992,340965.675,6293038.258
PG481,E05,BJFW-19,1520,6,8,2025-10-18 12:09:08.647845,347714.421,6288774.375
PG481,E05,CJRX-36,5902,19,27,2025-10-18 12:09:08.647850,347714.421,6288774.375
PG481,G01,THTF-30,874,0,4,2025-10-18 12:09:08.647851,347714.421,6288774.375
PD453,403,PFVG-98,5110,12,16,2025-10-18 12:09:10.538488,351578.641,6297138.383
PD453,403,PFVG-87,6985,18,26,2025-10-18 12:09:10.538494,351578.641,6297138.383
PD453,422,TBFX-81,5032,12,18,2025-10-18 12:09:10.538495,351578.641,6297138.383
PD453,422,TBFR-50,9465,25,60,2025-10-18 12:09:10.538496,351578.641,6297138.383
PG860,G35,SFPF-89,1885,5,7,2025-10-18 12:09:12.453693,347592.215,6282394.716
PG860,G35,SFPG-41,5102,12,18,2025-10-18 12:09:12.453699,347592.215,6282394.716
PE1367,225,SFVZ-63,975,0,3,2025-10-18 12:09:14.244562,352306.643,6287720.365
PE1367,225,SFWZ-82,4297,7,9,2025-10-18 12:09:14.244567,352306.643,6287720.365
PC340,117,PGLD-71,2834,6,8,2025-10-18 12:09:15.692214,349989.58,6301294.51
PC340,117,SPBS-58,6841,16,22,2025-10-18 12:09:15.692219,349989.58,6301294.51
PC340,502,FLXV-77,1225,0,4,2025-10-18 12:09:15.692220,349989.58,6301294.51
PC340,502,BJFF-54,2930,6,8,2025-10-18 12:09:15.692221,349989.58,6301294.51
PC340,542,TBFT-59,2474,4,6,2025-10-18 12:09:15.692222,349989.58,6301294.51
PC340,542,PFXC-32,6301,13,19,2025-10-18 12:09:15.692224,349989.58,6301294.51
PC340,409,PGRZ-68,5382,8,10,2025-10-18 12:09:15.692225,349989.58,6301294.51
PC340,409,PGLD-41,3093,8,10,2025-10-18 12:09:15.692226,349989.58,6301294.51
PC340,411,PGTV-33,6179,9,13,2025-10-18 12:09:15.692227,349989.58,6301294.51
PC340,411,PGBZ-18,11492,20,28,2025-10-18 12:09:15.692228,349989.58,6301294.51
PD944,D07,STVY-74,2905,9,13,2025-10-18 12:09:17.586053,350463.896,6294659.239
PD944,D07,SVDC-56,3382,11,15,2025-10-18 12:09:17.586058,350463.896,6294659.239
PJ462,505,VHXJ-70,6984,20,28,2025-10-18 12:09:19.585683,341101.571,6301132.167
PJ462,505,LZPH-32,8064,25,60,2025-10-18 12:09:19.585688,341101.571,6301132.167
PJ462,513,VHZX-41,1,0,3,2025-10-18 12:09:19.585689,341101.571,6301132.167
PJ462,513,VJJV-78,3701,9,13,2025-10-18 12:09:19.585690,341101.571,6301132.167
PH501,H24,VGRF-55,1225,0,5,2025-10-18 12:09:21.532237,347434.758,6294192.231
PG293,G18,THTG-70,2888,9,11,2025-10-18 12:09:23.533314,346256.396,6287134.054
PG293,G18,THTD-96,5258,15,21,2025-10-18 12:09:23.533319,346256.396,6287134.054
PG293,F05,SRVJ-17,201,0,3,2025-10-18 12:09:23.533320,346256.396,6287134.054
PD303,D11,STKP-84,1642,0,4,2025-10-18 12:09:25.478711,355813.443,6297854.231
PD303,517,VHXJ-92,490,0,3,2025-10-18 12:09:25.478717,355813.443,6297854.231
PD303,225,SFWZ-20,2,0,3,2025-10-18 12:09:25.478718,355813.443,6297854.231
PD303,225,SFWZ-65,2645,7,9,2025-10-18 12:09:25.478719,355813.443,6297854.231
PG138,233,THTD-86,3287,8,10,2025-10-18 12:09:27.287172,348670.664,6284946.25
PG138,233,THTH-36,3341,8,10,2025-10-18 12:09:27.287177,348670.664,6284946.25
PG138,206,LZRB-86,2548,0,5,2025-10-18 12:09:27.287178,348670.664,6284946.25
PG138,206,LXWT-98,3111,6,8,2025-10-18 12:09:27.287179,348670.664,6284946.25
PG138,212,SDGY-35,2018,0,5,2025-10-18 12:09:27.287180,348670.664,6284946.25
PG138,212,LZPT-39,2524,5,7,2025-10-18 12:09:27.287181,348670.664,6284946.25
PG138,216,LZPG-26,712,0,3,2025-10-18 12:09:27.287182,348670.664,6284946.25
PD1322,519,GCBC-47,578,0,3,2025-10-18 12:09:30.682943,355407.571,6295163.481
PD1322,519,TBFW-13,3008,8,12,2025-10-18 12:09:30.682949,355407.571,6295163.481
PD1322,506,TBFT-96,9126,25,60,2025-10-18 12:09:30.682950,355407.571,6295163.481
PD1322,506,FLXW-45,9833,25,60,2025-10-18 12:09:30.682951,355407.571,6295163.481
PD1322,506V,TBFT-44,7977,20,28,2025-10-18 12:09:30.682952,355407.571,6295163.481
PD1322,506V,TBFW-28,13967,25,60,2025-10-18 12:09:30.682953,355407.571,6295163.481
PD1322,507,TBFR-44,4127,10,14,2025-10-18 12:09:30.682954,355407.571,6295163.481
PD1322,507,TBFX-25,9149,25,60,2025-10-18 12:09:30.682955,355407.571,6295163.481
PD1322,511,PFXC-67,1166,0,5,2025-10-18 12:09:30.682956,355407.571,6295163.481
PD1322,511,PFXB-74,2176,7,9,2025-10-18 12:09:30.682957,355407.571,6295163.481
PC437,C01,LDJJ-67,1522,5,7,2025-10-18 12:09:34.723765,359438.166,6308170.678
PC437,C01,LCSX-48,2074,7,9,2025-10-18 12:09:34.723769,359438.166,6308170.678
PC437,C13,SJPB-67,1604,0,4,2025-10-18 12:09:34.723770,359438.166,6308170.678
PC437,C13,SJPC-21,9104,20,28,2025-10-18 12:09:34.723771,359438.166,6308170.678
PC437,C16,LFGP-23,342,0,3,2025-10-18 12:09:34.723772,359438.166,6308170.678
PD1034,D09,SVDF-51,459,0,3,2025-10-18 12:09:36.135904,352398.288,6297689.739
PD1034,D09,SVDC-16,2426,8,10,2025-10-18 12:09:36.135909,352398.288,6297689.739
PI739,I02,FLXZ-34,1297,0,4,2025-10-18 12:09:37.824353,337097.956,6295975.543
PI739,I02,FLXY-78,12808,25,60,2025-10-18 12:09:37.824358,337097.956,6295975.543
PI739,510,TBFR-55,826,0,3,2025-10-18 12:09:37.824359,337097.956,6295975.543
PI739,516,FLXV-73,101,0,3,2025-10-18 12:09:37.824360,337097.956,6295975.543
PI739,424,GCBD-65,760,0,3,2025-10-18 12:09:37.824361,337097.956,6295975.543
PI739,424,TBFX-43,5982,12,18,2025-10-18 12:09:37.824362,337097.956,6295975.543
PF21,226,VFRC-75,157,0,3,2025-10-18 12:09:39.500346,354612.762,6282061.362
PF21,F20,SPZY-78,116,0,3,2025-10-18 12:09:39.500352,354612.762,6282061.362
PF21,F20,SPZX-71,3616,9,13,2025-10-18 12:09:39.500353,354612.762,6282061.362
PF21,F25,LBTS-90,765,0,5,2025-10-18 12:09:39.500355,354612.762,6282061.362
PF21,F25,SRVL-45,3589,13,19,2025-10-18 12:09:39.500356,354612.762,6282061.362
PF21,712,SHCY-15,2276,8,10,2025-10-18 12:09:39.500357,354612.762,6282061.362
PF21,712,LCPG-41,4476,17,25,2025-10-18 12:09:39.500358,354612.762,6282061.362
PF21,F10,SRPK-66,717,0,3,2025-10-18 12:09:39.500359,354612.762,6282061.362
PF21,F10,SRSC-18,3436,16,24,2025-10-18 12:09:39.500360,354612.762,6282061.362
PI1456,421,PDZS-94,4269,14,20,2025-10-18 12:09:41.488264,333102.863,6288572.359
PI1456,421,PFVK-65,4987,16,22,2025-10-18 12:09:41.488268,333102.863,6288572.359
PH15,107,PGTC-60,5748,16,22,2025-10-18 12:09:43.476336,347570.36,6291328.87
PH15,107,PGRZ-91,6001,18,26,2025-10-18 12:09:43.476341,347570.36,6291328.87
PH15,108,PFVG-52,1128,0,4,2025-10-18 12:09:43.476342,347570.36,6291328.87
PH15,108,PFVG-59,7364,18,26,2025-10-18 12:09:43.476343,347570.36,6291328.87
PH15,102,SPZY-50,1142,0,4,2025-10-18 12:09:43.476344,347570.36,6291328.87
PH15,102,SPZX-53,5807,14,20,2025-10-18 12:09:43.476345,347570.36,6291328.87
PD984,D07,STPS-21,340,0,3,2025-10-18 12:09:45.423061,356442.238,6294477.883
PD984,D07,SVDC-91,5466,25,60,2025-10-18 12:09:45.423067,356442.238,6294477.883
PD984,D20,SVDC-58,5602,14,20,2025-10-18 12:09:45.423068,356442.238,6294477.883
PD984,D20,SVDD-76,13409,25,60,2025-10-18 12:09:45.423069,356442.238,6294477.883
PI1395,J13,TBFR-51,317,0,3,2025-10-18 12:09:47.251569,341836.458,6297088.933
PI1395,J13,TBFW-17,3949,13,19,2025-10-18 12:09:47.251575,341836.458,6297088.933
PI1395,J10,VJBB-31,2328,8,10,2025-10-18 12:09:47.251576,341836.458,6297088.933
PI1395,J10,VHZV-71,7368,25,60,2025-10-18 12:09:47.251577,341836.458,6297088.933
PI1395,511,FLXW-48,1523,0,5,2025-10-18 12:09:47.251578,341836.458,6297088.933
PI1395,511,TBFT-46,5095,16,22,2025-10-18 12:09:47.251578,341836.458,6297088.933
PG1304,302,BJFS-93,5545,11,15,2025-10-18 12:09:49.102310,346860.92,6287204.247
PG1304,302,FLXK-94,7867,16,22,2025-10-18 12:09:49.102315,346860.92,6287204.247
PG1304,G18,THTD-79,2570,7,9,2025-10-18 12:09:49.102316,346860.92,6287204.247
PG1304,G18,THTD-29,2723,8,10,2025-10-18 12:09:49.102317,346860.92,6287204.247
PJ464,505,LXWR-73,212,0,3,2025-10-18 12:09:51.106186,340327.463,6301444.183
PJ464,505,VHXJ-70,7765,25,60,2025-10-18 12:09:51.106190,340327.463,6301444.183
PJ464,513,VHZX-41,840,0,3,2025-10-18 12:09:51.106192,340327.463,6301444.183
PJ464,513,VJJV-78,4405,12,16,2025-10-18 12:09:51.106192,340327.463,6301444.183
PA130,204,VFPY-13,2900,7,9,2025-10-18 12:09:54.219597,348038.358,6296130.894
PA130,204,VFPW-63,4099,9,13,2025-10-18 12:09:54.219602,348038.358,6296130.894
PI1892,I35,SHXB-12,809,0,4,2025-10-18 12:09:55.603009,332133.0,6282499.0
PF344,210V,VFPL-31,297,0,3,2025-10-18 12:09:57.660051,355117.514,6282147.857
PF344,F06,SPZX-78,1087,0,3,2025-10-18 12:09:57.660056,355117.514,6282147.857
PF344,F09,SPZX-48,357,0,3,2025-10-18 12:09:57.660057,355117.514,6282147.857
PF344,F09,SPZX-62,4191,12,18,2025-10-18 12:09:57.660058,355117.514,6282147.857
PF344,124,LCTG-47,2658,8,12,2025-10-18 12:09:57.660058,355117.514,6282147.857
PF344,124,STHC-95,4534,17,23,2025-10-18 12:09:57.660059,355117.514,6282147.857
PA272,119,BJFT-91,684,0,3,2025-10-18 12:09:59.643820,345217.674,6298352.188
PA272,121,CJRW-56,2391,8,12,2025-10-18 12:09:59.643826,345217.674,6298352.188
PA272,J03,TBFX-42,1,0,3,2025-10-18 12:09:59.643827,345217.674,6298352.188
PA272,J03,TBFT-53,1,0,3,2025-10-18 12:09:59.643828,345217.674,6298352.188
PI142,348,VHSX-66,1963,0,5,2025-10-18 12:10:01.809620,338798.851,6290716.407
PI142,I04,FLXK-98,6362,17,25,2025-10-18 12:10:01.809625,338798.851,6290716.407
PI142,I04,FLXL-81,8844,25,60,2025-10-18 12:10:01.809626,338798.851,6290716.407
PI142,I05,VHSY-21,4354,11,15,2025-10-18 12:10:01.809627,338798.851,6290716.407
PI142,I05,VHTB-25,8522,25,60,2025-10-18 12:10:01.809628,338798.851,6290716.407
PI142,I18,VHTB-22,803,0,4,2025-10-18 12:10:01.809629,338798.851,6290716.407
PI142,I18,VHTB-32,5517,19,27,2025-10-18 12:10:01.809630,338798.851,6290716.407
PI142,109,GCBD-94,4955,11,15,2025-10-18 12:10:01.809630,338798.851,6290716.407
PI142,109,GCBD-84,8931,19,27,2025-10-18 12:10:01.809631,338798.851,6290716.407
PI142,118,BFKC-96,1496,0,5,2025-10-18 12:10:01.809632,338798.851,6290716.407
PI142,118,FLXX-77,1811,4,6,2025-10-18 12:10:01.809633,338798.851,6290716.407
PI142,108,PFYS-34,1,0,3,2025-10-18 12:10:01.809633,338798.851,6290716.407
PI142,108,PFVG-47,5252,13,19,2025-10-18 12:10:01.809634,338798.851,6290716.407
PG1106,G11,THTH-11,356,0,3,2025-10-18 12:10:05.323141,347756.981,6290013.414
PG1106,G11,THTD-65,1124,0,5,2025-10-18 12:10:05.323147,347756.981,6290013.414
PC345,409,PGLD-41,4294,13,19,2025-10-18 12:10:07.242868,348502.485,6299606.885
PC345,409,PGRZ-68,7463,15,21,2025-10-18 12:10:07.242873,348502.485,6299606.885
PC345,502,FLXV-77,2777,9,11,2025-10-18 12:10:07.242874,348502.485,6299606.885
PC345,502,BJFF-54,4903,11,15,2025-10-18 12:10:07.242875,348502.485,6299606.885
PC345,542,TBFT-59,4404,10,14,2025-10-18 12:10:07.242876,348502.485,6299606.885
PC345,542,PFXC-32,8068,18,26,2025-10-18 12:10:07.242877,348502.485,6299606.885
PG725,G02,CJRP-15,186,0,3,2025-10-18 12:10:10.537950,342670.928,6276432.499
PB351,B21,SKDJ-74,1129,0,4,2025-10-18 12:10:12.522923,345343.139,6304917.887
PB351,B21,SKDJ-78,5554,25,60,2025-10-18 12:10:12.522930,345343.139,6304917.887
PB351,272,VFHL-60,3994,14,20,2025-10-18 12:10:12.522931,345343.139,6304917.887
PB351,272,VFHV-67,8267,25,60,2025-10-18 12:10:12.522932,345343.139,6304917.887
PA388,210,LZRD-76,1368,0,5,2025-10-18 12:10:14.827268,344236.256,6299497.255
PA388,210,LZRD-68,5140,12,18,2025-10-18 12:10:14.827273,344236.256,6299497.255
PA388,210V,VFPV-73,4684,9,13,2025-10-18 12:10:14.827274,344236.256,6299497.255
PA388,210V,VFPT-64,10090,25,60,2025-10-18 12:10:14.827274,344236.256,6299497.255
PA388,H05,VFPL-71,2142,8,10,2025-10-18 12:10:14.827275,344236.256,6299497.255
PA388,H05,VFPG-58,6141,25,60,2025-10-18 12:10:14.827276,344236.256,6299497.255
PA388,H09,VGLZ-43,2372,5,7,2025-10-18 12:10:14.827277,344236.256,6299497.255
PA388,H09,VGRC-33,7021,20,28,2025-10-18 12:10:14.827278,344236.256,6299497.255
PA388,H24,VGRG-34,3723,11,15,2025-10-18 12:10:14.827279,344236.256,6299497.255
PA388,H24,VGRC-93,4939,15,21,2025-10-18 12:10:14.827279,344236.256,6299497.255
PE563,E08,VKJY-11,1118,0,4,2025-10-18 12:10:16.209950,353663.259,6286014.74
PE563,F25,SRVL-25,747,0,3,2025-10-18 12:10:16.209955,353663.259,6286014.74
PE563,F25,LBTS-90,4822,15,21,2025-10-18 12:10:16.209956,353663.259,6286014.74
PD1295,D09,SVDD-75,2095,7,9,2025-10-18 12:10:19.471560,351222.77,6297704.201
PD1295,D09,SSXF-31,5245,18,26,2025-10-18 12:10:19.471564,351222.77,6297704.201
PG1615,G02,GCWF-72,1,0,3,2025-10-18 12:10:21.472926,341278.964,6276311.505
PG1615,G02,FZZF-95,6370,17,25,2025-10-18 12:10:21.472932,341278.964,6276311.505
PG1615,G46,FLXP-27,12872,20,28,2025-10-18 12:10:21.472933,341278.964,6276311.505
PC107,C07,SHCY-23,724,0,4,2025-10-18 12:10:23.381459,354478.179,6301458.834
PC107,C07,SGPY-85,1285,8,10,2025-10-18 12:10:23.381464,354478.179,6301458.834
PC107,216,LZPT-38,1292,8,12,2025-10-18 12:10:23.381465,354478.179,6301458.834
PF664,F02,SPZX-74,2260,7,9,2025-10-18 12:10:25.342221,352422.159,6279184.365
PF664,F02,SHCY-61,3367,10,14,2025-10-18 12:10:25.342226,352422.159,6279184.365
PF664,F18,SRVJ-43,1882,6,8,2025-10-18 12:10:25.342227,352422.159,6279184.365
PF664,F18,SRVH-73,5976,21,29,2025-10-18 12:10:25.342228,352422.159,6279184.365
PB700,B01,SKHG-14,1795,4,6,2025-10-18 12:10:27.293685,341958.603,6304173.782
PB700,B01,TXZH-39,4225,25,60,2025-10-18 12:10:27.293690,341958.603,6304173.782
PB700,B17,STHF-15,565,0,3,2025-10-18 12:10:27.293692,341958.603,6304173.782
PB700,B17,SHCX-53,1412,5,7,2025-10-18 12:10:27.293692,341958.603,6304173.782
PB700,B38,TBFV-97,1860,8,10,2025-10-18 12:10:27.293693,341958.603,6304173.782
PB700,B38,TBFX-32,9884,25,60,2025-10-18 12:10:27.293694,341958.603,6304173.782
PB1123,B10,STHC-51,1,0,3,2025-10-18 12:10:29.153314,344556.506,6302976.932
PB1123,B10,LDJV-45,4888,12,16,2025-10-18 12:10:29.153319,344556.506,6302976.932
PD420,403,PFTW-44,12,0,3,2025-10-18 12:10:30.865978,357611.728,6297116.863
PD420,403,PFYC-34,2809,8,10,2025-10-18 12:10:30.865984,357611.728,6297116.863
PD420,422,FLXW-44,534,0,4,2025-10-18 12:10:30.865985,357611.728,6297116.863
PD420,422,GCBC-46,2157,8,10,2025-10-18 12:10:30.865986,357611.728,6297116.863
PH1458,H14,FLXR-25,1754,5,7,2025-10-18 12:10:32.637139,347209.298,6290963.494
PJ88,110,PFXC-22,3708,11,15,2025-10-18 12:10:34.084158,338174.29,6299380.462
PJ88,110,CJRW-58,5720,17,25,2025-10-18 12:10:34.084163,338174.29,6299380.462
PJ88,412,PGBY-73,278,0,3,2025-10-18 12:10:34.084164,338174.29,6299380.462
PJ88,412,PFTW-26,11606,25,60,2025-10-18 12:10:34.084165,338174.29,6299380.462
PB1026,B43,SHXG-81,3754,11,15,2025-10-18 12:10:36.094397,339910.566,6308084.112
PB1026,B43,SGPY-68,10099,25,60,2025-10-18 12:10:36.094402,339910.566,6308084.112
PG276,E16,VFHX-28,1,0,3,2025-10-18 12:10:38.007049,350436.543,6285514.249
PG276,E16,VFJS-29,961,0,5,2025-10-18 12:10:38.007054,350436.543,6285514.249
PG276,225,SFWB-46,5643,13,19,2025-10-18 12:10:38.007055,350436.543,6285514.249
PG276,225,SFWZ-70,5750,13,19,2025-10-18 12:10:38.007056,350436.543,6285514.249
PG276,F05,SPZY-67,1,0,3,2025-10-18 12:10:38.007057,350436.543,6285514.249
PG276,F05,SPZX-79,2797,12,16,2025-10-18 12:10:38.007058,350436.543,6285514.249
PG276,E09,VKJZ-42,1649,8,10,2025-10-18 12:10:38.007058,350436.543,6285514.249
PG276,E13,VFKT-91,1438,5,7,2025-10-18 12:10:38.007059,350436.543,6285514.249
PG276,E13,VFHX-52,4425,17,23,2025-10-18 12:10:38.007060,350436.543,6285514.249
PA371,303,FLXF-40,6905,13,19,2025-10-18 12:10:40.830132,347065.746,6298411.123
PA371,303,FLXF-24,11375,25,60,2025-10-18 12:10:40.830136,347065.746,6298411.123
PA371,307,FLXH-35,9974,25,60,2025-10-18 12:10:40.830137,347065.746,6298411.123
PA371,307,TWPC-57,11446,25,60,2025-10-18 12:10:40.830138,347065.746,6298411.123
PA371,314,TWPD-82,2066,6,8,2025-10-18 12:10:40.830139,347065.746,6298411.123
PA371,314,TWPD-87,11942,25,60,2025-10-18 12:10:40.830140,347065.746,6298411.123
PA371,315E,FLXL-27,583,0,3,2025-10-18 12:10:40.830140,347065.746,6298411.123
PA371,315E,TWPD-72,2195,8,12,2025-10-18 12:10:40.830141,347065.746,6298411.123
PA371,406,TBFW-16,399,0,3,2025-10-18 12:10:40.830142,347065.746,6298411.123
PA371,406,GCBD-97,3305,10,14,2025-10-18 12:10:40.830143,347065.746,6298411.123
PA371,426,FLXC-52,44,0,3,2025-10-18 12:10:40.830144,347065.746,6298411.123
PA371,426,BJFC-62,5130,18,26,2025-10-18 12:10:40.830144,347065.746,6298411.123
PA371,B27,FLXT-87,1928,8,10,2025-10-18 12:10:40.830145,347065.746,6298411.123
PA371,B27,FLXS-24,3320,13,19,2025-10-18 12:10:40.830146,347065.746,6298411.123
PA371,405,PFTF-83,3876,13,19,2025-10-18 12:10:40.830147,347065.746,6298411.123
PA371,405,PFTF-89,6797,20,28,2025-10-18 12:10:40.830147,347065.746,6298411.123
PF755,F25,SRVL-45,828,0,4,2025-10-18 12:10:42.777116,353694.973,6280412.62
PF755,F25,SRVL-72,4740,15,21,2025-10-18 12:10:42.777121,353694.973,6280412.62
PF755,F29,SPVV-95,1,0,3,2025-10-18 12:10:42.777122,353694.973,6280412.62
PF755,F29,SRPJ-73,1292,4,6,2025-10-18 12:10:42.777123,353694.973,6280412.62
PF755,F15,LCPG-39,2974,9,13,2025-10-18 12:10:42.777123,353694.973,6280412.62
PF755,F15,LBTS-96,6719,25,60,2025-10-18 12:10:42.777124,353694.973,6280412.62
PE521,E03,CJRX-38,2826,9,13,2025-10-18 12:10:45.183646,352152.534,6290020.875
PE521,E06,BJFZ-99,2581,9,11,2025-10-18 12:10:45.183651,352152.534,6290020.875
PI830,I03,FLXF-77,1,0,3,2025-10-18 12:10:47.129391,340705.147,6295897.87
PI830,I03,FLXK-93,1,0,3,2025-10-18 12:10:47.129396,340705.147,6295897.87
PJ615,J02,VHXJ-81,2466,6,8,2025-10-18 12:10:49.136813,339908.155,6298792.19
PJ615,J02,VHZX-50,3473,8,10,2025-10-18 12:10:49.136819,339908.155,6298792.19
PJ615,J01,TBFT-32,1220,8,10,2025-10-18 12:10:49.136820,339908.155,6298792.19
PJ615,J01,SZZH-67,5567,25,60,2025-10-18 12:10:49.136821,339908.155,6298792.19
PJ615,J08,FLXV-65,3640,13,19,2025-10-18 12:10:49.136822,339908.155,6298792.19
PJ615,J13,TBFR-54,3133,9,13,2025-10-18 12:10:49.136823,339908.155,6298792.19
PI586,509,FLXX-90,932,0,3,2025-10-18 12:10:51.142068,338863.33,6294051.653
PI586,509,FLXV-87,5245,15,21,2025-10-18 12:10:51.142074,338863.33,6294051.653
PI586,I03,FLXL-39,6207,25,60,2025-10-18 12:10:51.142076,338863.33,6294051.653
PI586,I03,FLXJ-28,7229,25,60,2025-10-18 12:10:51.142077,338863.33,6294051.653
PI586,I10,FLXL-49,764,0,4,2025-10-18 12:10:51.142078,338863.33,6294051.653
PI586,I10,FLXY-45,5846,25,60,2025-10-18 12:10:51.142079,338863.33,6294051.653
PD1017,422,FLXW-44,280,0,3,2025-10-18 12:10:52.705047,357468.4,6297020.698
PD1017,422,GCBC-46,1818,7,9,2025-10-18 12:10:52.705053,357468.4,6297020.698
PD1017,D08,SPBS-60,229,0,3,2025-10-18 12:10:52.705054,357468.4,6297020.698
PD1017,D08,SVDF-71,4748,13,17,2025-10-18 12:10:52.705055,357468.4,6297020.698
PD1017,403,PFYC-34,2144,6,8,2025-10-18 12:10:52.705056,357468.4,6297020.698
PD1017,403,PFVG-86,7029,25,60,2025-10-18 12:10:52.705056,357468.4,6297020.698
PE357,E02,VKJX-31,1760,7,9,2025-10-18 12:10:54.297255,351382.469,6286943.322
PE357,E12,VFHX-21,111,0,3,2025-10-18 12:10:54.297260,351382.469,6286943.322
PE357,E12,VFKT-73,3037,12,18,2025-10-18 12:10:54.297261,351382.469,6286943.322
PH113,301,BJFT-85,3543,11,15,2025-10-18 12:10:55.994649,346603.57,6293230.961
PH113,301,BJFV-19,3872,12,16,2025-10-18 12:10:55.994654,346603.57,6293230.961
PH113,H13,CJRZ-65,1997,9,13,2025-10-18 12:10:55.994655,346603.57,6293230.961
PH113,H13,BJFZ-49,5532,25,60,2025-10-18 12:10:55.994656,346603.57,6293230.961
PH113,223,SHCV-40,303,0,3,2025-10-18 12:10:55.994656,346603.57,6293230.961
PH113,223,SHXB-28,2759,10,14,2025-10-18 12:10:55.994657,346603.57,6293230.961
PH113,201,GCBC-18,1359,0,5,2025-10-18 12:10:55.994658,346603.57,6293230.961
PH113,201,GCBC-21,3553,11,15,2025-10-18 12:10:55.994659,346603.57,6293230.961
PH113,214,FLXZ-94,1,0,3,2025-10-18 12:10:55.994660,346603.57,6293230.961
PH113,214,GCBB-77,5402,17,25,2025-10-18 12:10:55.994661,346603.57,6293230.961
PH113,226,VFPF-61,370,0,3,2025-10-18 12:10:55.994661,346603.57,6293230.961
PH113,226,VFPZ-92,5530,21,29,2025-10-18 12:10:55.994662,346603.57,6293230.961
PH113,H09,VGRC-33,2261,5,7,2025-10-18 12:10:55.994663,346603.57,6293230.961
PH113,H09,VGRG-54,5053,13,19,2025-10-18 12:10:55.994672,346603.57,6293230.961
PH113,229,SFWZ-62,2951,8,10,2025-10-18 12:10:55.994673,346603.57,6293230.961
PE114,203,LZPT-49,1952,6,8,2025-10-18 12:10:58.016914,348294.772,6287303.437
PE114,203,LZPT-58,2877,8,12,2025-10-18 12:10:58.016919,348294.772,6287303.437
PE114,206,LZRB-86,4341,9,13,2025-10-18 12:10:58.016920,348294.772,6287303.437
PE114,206,LXWT-98,4803,10,14,2025-10-18 12:10:58.016920,348294.772,6287303.437
PE114,212,SDGY-35,3333,9,13,2025-10-18 12:10:58.016921,348294.772,6287303.437
PE114,212,LZPT-39,4382,12,16,2025-10-18 12:10:58.016922,348294.772,6287303.437
PE114,233,THTH-36,4870,12,18,2025-10-18 12:10:58.016923,348294.772,6287303.437
PE114,233,THTH-31,4947,12,18,2025-10-18 12:10:58.016923,348294.772,6287303.437
PA300,404,PFYC-50,1313,8,10,2025-10-18 12:11:00.278593,346251.461,6299460.066
PA300,404,PFYC-70,2436,13,19,2025-10-18 12:11:00.278598,346251.461,6299460.066
PA300,517,VHZW-91,647,0,5,2025-10-18 12:11:00.278599,346251.461,6299460.066
PA300,517,VHZX-70,8582,25,60,2025-10-18 12:11:00.278600,346251.461,6299460.066
PA300,503,VGVG-41,745,0,3,2025-10-18 12:11:00.278601,346251.461,6299460.066
PA300,503,VGVG-26,3287,9,13,2025-10-18 12:11:00.278602,346251.461,6299460.066
PA300,502,TBFW-26,602,0,4,2025-10-18 12:11:00.278603,346251.461,6299460.066
PA300,502,BJFC-86,8422,25,60,2025-10-18 12:11:00.278603,346251.461,6299460.066
PA300,509,FLXW-33,4594,19,27,2025-10-18 12:11:00.278604,346251.461,6299460.066
PA300,509,FLXX-90,12895,25,60,2025-10-18 12:11:00.278605,346251.461,6299460.066
PG557,F03,SPVW-99,113,0,3,2025-10-18 12:11:02.141590,347935.188,6278365.746
PG557,F03,FLXT-49,8865,18,26,2025-10-18 12:11:02.141596,347935.188,6278365.746
PB1706,B22,SPCG-65,482,0,4,2025-10-18 12:11:03.815022,344684.975,6303974.452
PB1706,B22,SPCG-88,6342,16,22,2025-10-18 12:11:03.815027,344684.975,6303974.452
PB1706,230,GCBB-70,1547,6,8,2025-10-18 12:11:03.815029,344684.975,6303974.452
PB1706,B10,LDJV-45,3138,9,13,2025-10-18 12:11:03.815030,344684.975,6303974.452
PF604,F33,LBTS-89,6862,20,28,2025-10-18 12:11:05.742190,350441.767,6277935.832
PF604,F13,SRRZ-45,2708,9,13,2025-10-18 12:11:05.742196,350441.767,6277935.832
PF604,F13,SRPK-70,3122,10,14,2025-10-18 12:11:05.742197,350441.767,6277935.832
PB1367,C18,SHCX-30,59,0,3,2025-10-18 12:11:07.692358,347766.312,6306704.264
PB1367,C18,SHCW-76,159,0,3,2025-10-18 12:11:07.692363,347766.312,6306704.264
PF227,F03,SPVT-74,2074,6,8,2025-10-18 12:11:09.684960,350373.547,6279162.407
PF227,F03,SPVV-62,4521,15,21,2025-10-18 12:11:09.684965,350373.547,6279162.407
PF227,F13,SRPK-28,3490,13,19,2025-10-18 12:11:09.684966,350373.547,6279162.407
PF227,F13,SRSC-81,7191,25,60,2025-10-18 12:11:09.684967,350373.547,6279162.407
PF227,F03C,SHCY-60,2311,7,9,2025-10-18 12:11:09.684968,350373.547,6279162.407
PF227,F15,SRVG-94,816,0,3,2025-10-18 12:11:09.684969,350373.547,6279162.407
PF227,F15,SRVJ-78,2484,6,8,2025-10-18 12:11:09.684970,350373.547,6279162.407
PF227,F18,SRVL-40,3548,12,18,2025-10-18 12:11:09.684971,350373.547,6279162.407
PF227,F25,LCPG-38,855,0,3,2025-10-18 12:11:09.684981,350373.547,6279162.407
PF227,F25,STHF-56,4930,17,25,2025-10-18 12:11:09.684982,350373.547,6279162.407
PE534,323,BJFX-12,1403,5,7,2025-10-18 12:11:11.641571,353551.569,6288166.951
PE534,323,FLXR-28,3827,14,20,2025-10-18 12:11:11.641577,353551.569,6288166.951
PE534,E07,BJFX-56,1643,6,8,2025-10-18 12:11:11.641578,353551.569,6288166.951
PI966,I24,VHSX-82,1,0,3,2025-10-18 12:11:13.560223,330194.789,6290095.334
PI966,I24,VHTB-59,3481,8,10,2025-10-18 12:11:13.560229,330194.789,6290095.334
PC234,502,BJFJ-29,97,0,3,2025-10-18 12:11:15.516471,357173.44,6305224.55
PC234,502,TBFS-62,4539,12,16,2025-10-18 12:11:15.516476,357173.44,6305224.55
PC234,542,TBFT-16,4561,12,16,2025-10-18 12:11:15.516477,357173.44,6305224.55
PC234,542,TBFT-49,16022,25,60,2025-10-18 12:11:15.516478,357173.44,6305224.55
PC234,405,PFVK-64,2812,7,9,2025-10-18 12:11:15.516479,357173.44,6305224.55
PC234,405,PFVK-86,3065,8,10,2025-10-18 12:11:15.516479,357173.44,6305224.55
PI1876,I35,SCRZ-26,5610,13,19,2025-10-18 12:11:17.201975,332916.0,6285425.0
PI1876,I35,SFPF-84,8662,25,60,2025-10-18 12:11:17.201980,332916.0,6285425.0
PB1576,502,FLXV-77,4432,14,20,2025-10-18 12:11:20.698580,346744.238,6299558.202
PB1576,502,BJFF-54,6621,17,25,2025-10-18 12:11:20.698586,346744.238,6299558.202
PB1576,503,VGTY-32,1594,0,5,2025-10-18 12:11:20.698587,346744.238,6299558.202
PB1576,503,VHLS-18,2386,5,7,2025-10-18 12:11:20.698588,346744.238,6299558.202
PD1607,210,RWTP-82,1,0,3,2025-10-18 12:11:22.718205,348539.33,6296970.71
PD1607,210,LZRD-76,5083,13,17,2025-10-18 12:11:22.718210,348539.33,6296970.71
PD1607,210V,VFRG-35,3305,9,11,2025-10-18 12:11:22.718211,348539.33,6296970.71
PD1607,210V,VFPV-73,8100,18,26,2025-10-18 12:11:22.718212,348539.33,6296970.71
PD1607,227,VFPF-31,2276,7,9,2025-10-18 12:11:22.718213,348539.33,6296970.71
PD1607,227,VFPS-69,3980,12,18,2025-10-18 12:11:22.718213,348539.33,6296970.71
PC813,C09,SGPY-58,3860,11,15,2025-10-18 12:11:24.662593,360262.893,6304949.502
PF764,E09,VKJZ-57,3937,14,20,2025-10-18 12:11:26.615395,353002.503,6284607.61
PF764,E09,VKJZ-42,5693,25,60,2025-10-18 12:11:26.615400,353002.503,6284607.61
PF764,226,VFRB-13,244,0,3,2025-10-18 12:11:26.615401,353002.503,6284607.61
PF764,226,VFRC-75,3588,10,14,2025-10-18 12:11:26.615403,353002.503,6284607.61
PC434,C17,SGPW-52,3912,12,18,2025-10-18 12:11:28.575403,359702.925,6308494.142
PC434,430,SKPH-69,4873,15,21,2025-10-18 12:11:28.575408,359702.925,6308494.142
PC434,430,PFYC-82,6807,20,28,2025-10-18 12:11:28.575409,359702.925,6308494.142
PC434,426,BJFB-46,4923,16,22,2025-10-18 12:11:28.575410,359702.925,6308494.142
PC434,426,FDJX-81,5325,16,24,2025-10-18 12:11:28.575410,359702.925,6308494.142
PH1537,385,FLXY-93,1,0,3,2025-10-18 12:11:30.508909,349130.959,6293033.158
PH1537,385,FLXK-51,12163,25,60,2025-10-18 12:11:30.508915,349130.959,6293033.158
PD1397,106,PFVC-45,1138,0,3,2025-10-18 12:11:32.313886,353646.531,6291198.263
PF1158,F24,SPRV-86,6101,16,22,2025-10-18 12:11:34.218208,351844.001,6281387.001
PF1158,F24,SPRV-92,11562,25,60,2025-10-18 12:11:34.218213,351844.001,6281387.001
PG809,211,FLXP-40,298,0,3,2025-10-18 12:11:36.258177,341938.831,6279395.145
PG809,211,FLXX-27,3388,11,15,2025-10-18 12:11:36.258183,341938.831,6279395.145
PG809,G37,THTD-98,7764,17,25,2025-10-18 12:11:36.258184,341938.831,6279395.145
PG809,G07,THTF-80,1021,0,5,2025-10-18 12:11:36.258185,341938.831,6279395.145
PG809,G07,THTD-97,6273,14,20,2025-10-18 12:11:36.258186,341938.831,6279395.145
PB1602,B22,SKPS-47,794,0,4,2025-10-18 12:11:37.774903,346029.304,6303810.482
PB1602,B22,SPCG-65,4069,17,23,2025-10-18 12:11:37.774939,346029.304,6303810.482
PB1598,B21,SKDJ-78,1993,9,11,2025-10-18 12:11:39.462807,346871.289,6303081.498
PE558,323,FLXR-45,239,0,3,2025-10-18 12:11:41.415424,353111.772,6288173.577
PE558,323,FLXR-51,2281,7,9,2025-10-18 12:11:41.415429,353111.772,6288173.577
PE558,E07,BJFW-92,1,0,3,2025-10-18 12:11:41.415430,353111.772,6288173.577
PE1520,E02,VKJZ-51,539,0,3,2025-10-18 12:11:42.890147,348773.5,6289368.4
PE1520,E02,VKJZ-40,1883,5,7,2025-10-18 12:11:42.890152,348773.5,6289368.4
PE1520,233,THTD-94,4017,17,23,2025-10-18 12:11:42.890153,348773.5,6289368.4
PE1520,233,THTD-95,4971,20,28,2025-10-18 12:11:42.890154,348773.5,6289368.4
PG1042,G09,SFPG-65,4723,11,15,2025-10-18 12:11:44.561521,342038.982,6284899.28
PG1042,G09,SFGY-15,5370,13,17,2025-10-18 12:11:44.561536,342038.982,6284899.28
PG1042,G39,SCRZ-20,4370,12,18,2025-10-18 12:11:44.561538,342038.982,6284899.28
PG1042,G39,SFPG-70,4379,12,18,2025-10-18 12:11:44.561539,342038.982,6284899.28
PC491,501,FLXW-15,335,0,3,2025-10-18 12:11:46.533198,351713.75,6299249.49
PC491,501,TBFX-11,4435,13,17,2025-10-18 12:11:46.533204,351713.75,6299249.49
PC491,504,GCBD-21,2667,8,12,2025-10-18 12:11:46.533205,351713.75,6299249.49
PC491,504,PFXC-10,6907,18,26,2025-10-18 12:11:46.533206,351713.75,6299249.49
PC491,518,TBFP-88,1,0,3,2025-10-18 12:11:46.533207,351713.75,6299249.49
PC491,518,FLXS-89,4832,13,19,2025-10-18 12:11:46.533208,351713.75,6299249.49
PH146,203,LZPG-17,59,0,3,2025-10-18 12:11:48.412503,347791.192,6291347.15
PH146,203,LZPT-69,1100,0,4,2025-10-18 12:11:48.412508,347791.192,6291347.15
PH146,206,SRTK-17,4614,11,15,2025-10-18 12:11:48.412509,347791.192,6291347.15
PH146,206,SDGY-10,7441,25,60,2025-10-18 12:11:48.412510,347791.192,6291347.15
PH146,212,SFWB-58,3412,9,13,2025-10-18 12:11:48.412511,347791.192,6291347.15
PH146,212,SVPX-46,3686,10,14,2025-10-18 12:11:48.412512,347791.192,6291347.15
PB69,408,LXWS-41,4206,16,22,2025-10-18 12:11:50.125584,341463.265,6302500.904
PB69,408,LXWR-92,7065,25,60,2025-10-18 12:11:50.125590,341463.265,6302500.904
PB69,110,PFXC-28,4125,11,15,2025-10-18 12:11:50.125591,341463.265,6302500.904
PB69,110,CJRX-34,4969,14,20,2025-10-18 12:11:50.125592,341463.265,6302500.904
PB69,B03,SHXF-28,6058,25,60,2025-10-18 12:11:50.125593,341463.265,6302500.904
PB69,B03,LXDH-93,6104,25,60,2025-10-18 12:11:50.125594,341463.265,6302500.904
PB69,B20,SPZX-36,2976,9,13,2025-10-18 12:11:50.125595,341463.265,6302500.904
PB69,B29,LXDJ-13,5198,17,25,2025-10-18 12:11:50.125597,341463.265,6302500.904
PB69,B29,LXDJ-12,5584,18,26,2025-10-18 12:11:50.125598,341463.265,6302500.904
PB69,410,LFGW-33,3057,16,22,2025-10-18 12:11:50.125599,341463.265,6302500.904
PB69,410,LFGW-31,3184,16,22,2025-10-18 12:11:50.125600,341463.265,6302500.904
PG823,E18,BJFT-80,954,0,4,2025-10-18 12:11:54.541769,347222.917,6285814.569
PG823,G04,SFGY-83,3136,9,13,2025-10-18 12:11:54.541775,347222.917,6285814.569
PG823,G18,THTG-70,4654,13,19,2025-10-18 12:11:54.541776,347222.917,6285814.569
PG823,G18,THTD-96,6853,19,27,2025-10-18 12:11:54.541777,347222.917,6285814.569
PG823,F05,SRVJ-17,1875,10,14,2025-10-18 12:11:54.541778,347222.917,6285814.569
PB1136,B10,LDJW-40,3867,0,5,2025-10-18 12:11:56.253622,344446.56,6305066.139
PB1136,B10,STHR-23,6962,6,8,2025-10-18 12:11:56.253628,344446.56,6305066.139
PB1136,230,GCBB-49,1926,5,7,2025-10-18 12:11:56.253629,344446.56,6305066.139
PB1136,230,GCBB-14,2386,7,9,2025-10-18 12:11:56.253630,344446.56,6305066.139
PE116,E02,VKJX-31,5737,18,26,2025-10-18 12:11:57.890443,348215.406,6288413.604
PE116,205,RWTP-96,1338,0,4,2025-10-18 12:11:57.890448,348215.406,6288413.604
PE116,205,RWTP-78,3092,9,13,2025-10-18 12:11:57.890449,348215.406,6288413.604
PE116,207,LZPT-41,2204,4,6,2025-10-18 12:11:57.890450,348215.406,6288413.604
PE116,207,SFWB-68,5300,12,16,2025-10-18 12:11:57.890451,348215.406,6288413.604
PE116,209,LZPT-67,27,0,3,2025-10-18 12:11:57.890452,348215.406,6288413.604
PE116,209,LZPT-70,1968,4,6,2025-10-18 12:11:57.890453,348215.406,6288413.604
PB2143,425,SJPB-35,936,6,8,2025-10-18 12:11:59.582322,336634.001,6307906.001
PG1604,G14,FLXX-22,5215,13,19,2025-10-18 12:12:01.480962,344314.342,6277719.253
PG1604,G14,FLXD-19,8167,25,60,2025-10-18 12:12:01.480967,344314.342,6277719.253
PG1604,G24,FLXP-23,4250,10,14,2025-10-18 12:12:01.480968,344314.342,6277719.253
PG1604,G24,GCWF-75,6175,16,22,2025-10-18 12:12:01.480969,344314.342,6277719.253
PJ822,J07E,VHZZ-40,707,0,3,2025-10-18 12:12:03.508391,329948.824,6299353.579
PJ822,J07E,VHZZ-20,9292,25,60,2025-10-18 12:12:03.508396,329948.824,6299353.579
PD144,106,PFVC-45,663,0,3,2025-10-18 12:12:05.505505,353723.781,6291433.139
PD144,514,BJFH-22,1,0,3,2025-10-18 12:12:05.505510,353723.781,6291433.139
PD144,D16,SPBP-19,1120,17,25,2025-10-18 12:12:05.505511,353723.781,6291433.139
PD144,D20,SVDD-76,2343,7,9,2025-10-18 12:12:05.505512,353723.781,6291433.139
PD144,D20,SVDD-95,5045,15,21,2025-10-18 12:12:05.505512,353723.781,6291433.139
PD144,103,SPBF-44,582,7,9,2025-10-18 12:12:05.505513,353723.781,6291433.139
PI214,428,SHCX-57,428,0,3,2025-10-18 12:12:07.337085,336825.791,6294272.72
PI214,428,SLPC-38,7401,15,21,2025-10-18 12:12:07.337090,336825.791,6294272.72
PI214,444,SKPK-31,1,0,3,2025-10-18 12:12:07.337091,336825.791,6294272.72
PI214,444,SKPK-45,5687,13,19,2025-10-18 12:12:07.337092,336825.791,6294272.72
PI214,111,FLXW-70,623,0,4,2025-10-18 12:12:07.337093,336825.791,6294272.72
PI214,111,FLXW-83,5354,25,60,2025-10-18 12:12:07.337093,336825.791,6294272.72
PI214,110,PFXB-54,3752,13,19,2025-10-18 12:12:07.337094,336825.791,6294272.72
PI214,110,CJRX-37,4691,16,22,2025-10-18 12:12:07.337095,336825.791,6294272.72
PC897,C11,SGPW-36,2962,10,14,2025-10-18 12:12:08.705969,355321.107,6304558.592
PC897,C11,SGPY-59,5005,16,22,2025-10-18 12:12:08.705974,355321.107,6304558.592
PC353,C01,LCPW-51,1660,0,5,2025-10-18 12:12:10.692820,359351.656,6306565.795
PC353,C01,LCPW-35,4437,11,15,2025-10-18 12:12:10.692825,359351.656,6306565.795
PC353,C05,LDTG-62,4183,9,13,2025-10-18 12:12:10.692826,359351.656,6306565.795
PC353,C05,LFGP-24,7477,17,25,2025-10-18 12:12:10.692827,359351.656,6306565.795
PC353,C13,SGPX-13,6433,16,22,2025-10-18 12:12:10.692827,359351.656,6306565.795
PC353,C01C,LXWP-63,183,0,3,2025-10-18 12:12:10.692828,359351.656,6306565.795
PC353,C01C,PGLD-43,4866,13,17,2025-10-18 12:12:10.692829,359351.656,6306565.795
PC353,411,PGTV-17,1554,0,5,2025-10-18 12:12:10.692830,359351.656,6306565.795
PC353,411,PGTV-36,3621,9,13,2025-10-18 12:12:10.692831,359351.656,6306565.795
PI1066,I10,FLXY-45,2247,8,12,2025-10-18 12:12:12.715085,337284.842,6292138.844
PI1066,I10,FLXL-33,3404,13,19,2025-10-18 12:12:12.715090,337284.842,6292138.844
PB882,B04,SJPC-34,4846,16,22,2025-10-18 12:12:14.732301,344070.148,6303040.061
PB882,B04,SJPC-33,5896,25,60,2025-10-18 12:12:14.732306,344070.148,6303040.061
PB882,214,GCBB-72,2276,7,9,2025-10-18 12:12:14.732308,344070.148,6303040.061
PB882,214,GCBB-19,5748,25,60,2025-10-18 12:12:14.732308,344070.148,6303040.061
PB882,B26,FLXP-83,2143,9,11,2025-10-18 12:12:14.732309,344070.148,6303040.061
PB882,B26,FLXS-46,5608,25,60,2025-10-18 12:12:14.732310,344070.148,6303040.061
PB124,B25,FLXP-71,10083,25,60,2025-10-18 12:12:16.228603,346175.249,6305604.496
PB124,B05,SKDJ-84,2962,4,6,2025-10-18 12:12:16.228608,346175.249,6305604.496
PB124,425,SJPC-76,3152,8,10,2025-10-18 12:12:16.228610,346175.249,6305604.496
PB124,425,SHCX-42,7900,18,26,2025-10-18 12:12:16.228611,346175.249,6305604.496
PB124,429,SLPC-18,1588,0,4,2025-10-18 12:12:16.228612,346175.249,6305604.496
PB124,429,SKPH-77,6685,13,17,2025-10-18 12:12:16.228613,346175.249,6305604.496
PB124,435,SLGS-99,4586,8,10,2025-10-18 12:12:16.228614,346175.249,6305604.496
PB124,435,SLPC-25,11558,25,60,2025-10-18 12:12:16.228615,346175.249,6305604.496
PB124,B43,SJPB-31,2253,5,7,2025-10-18 12:12:16.228616,346175.249,6305604.496
PB124,B43,SJPC-83,7204,15,21,2025-10-18 12:12:16.228617,346175.249,6305604.496
PB124,B16,STHP-97,4289,12,16,2025-10-18 12:12:16.228618,346175.249,6305604.496
PB124,B18,STHL-27,1826,4,6,2025-10-18 12:12:16.228619,346175.249,6305604.496
PB124,B18,STHJ-89,9230,25,60,2025-10-18 12:12:16.228620,346175.249,6305604.496
PH66,321,BJFS-75,4788,11,15,2025-10-18 12:12:17.872295,342525.34,6289844.96
PH66,125,CJRX-35,1138,0,5,2025-10-18 12:12:17.872300,342525.34,6289844.96
PH66,125,BJFW-38,5138,17,25,2025-10-18 12:12:17.872301,342525.34,6289844.96
PH66,H03,BJFX-55,1783,6,8,2025-10-18 12:12:17.872301,342525.34,6289844.96
PH66,345,CJRX-67,858,0,3,2025-10-18 12:12:17.872302,342525.34,6289844.96
PH66,345,CJRW-57,8842,25,60,2025-10-18 12:12:17.872303,342525.34,6289844.96
PH66,105,SHXG-30,1362,0,5,2025-10-18 12:12:17.872304,342525.34,6289844.96
PH66,105,SJPC-45,4213,12,18,2025-10-18 12:12:17.872305,342525.34,6289844.96
PH66,120,SKHG-17,3068,11,15,2025-10-18 12:12:17.872305,342525.34,6289844.96
PH66,120,STHB-50,5685,17,25,2025-10-18 12:12:17.872306,342525.34,6289844.96
PH66,121,BJFW-86,7628,25,60,2025-10-18 12:12:17.872307,342525.34,6289844.96
PH66,121,FLXF-97,8366,25,60,2025-10-18 12:12:17.872308,342525.34,6289844.96
PJ995,511,TBFP-85,911,0,5,2025-10-18 12:12:19.570492,337297.291,6299557.517
PJ995,511,TBFT-42,6133,20,28,2025-10-18 12:12:19.570497,337297.291,6299557.517
PJ995,J20,TBFW-18,2909,10,14,2025-10-18 12:12:19.570498,337297.291,6299557.517
PJ995,J20,TBFX-26,6937,25,60,2025-10-18 12:12:19.570499,337297.291,6299557.517
PC485,D08,STRJ-56,65,0,3,2025-10-18 12:12:21.559068,353673.528,6299813.66
PC485,D08,SVDB-99,5970,16,24,2025-10-18 12:12:21.559073,353673.528,6299813.66
PC485,501,TBFX-11,2210,7,9,2025-10-18 12:12:21.559074,353673.528,6299813.66
PC485,504,GCBD-21,224,0,3,2025-10-18 12:12:21.559075,353673.528,6299813.66
PC485,504,PFXC-10,4597,11,15,2025-10-18 12:12:21.559076,353673.528,6299813.66
PC485,518,FLXS-89,2366,7,9,2025-10-18 12:12:21.559077,353673.528,6299813.66
PC485,C05,LFSX-97,4048,9,13,2025-10-18 12:12:21.559078,353673.528,6299813.66
PC485,C05,LDTC-13,9300,20,28,2025-10-18 12:12:21.559078,353673.528,6299813.66
PC485,C07,SHCY-23,3140,8,10,2025-10-18 12:12:21.559079,353673.528,6299813.66
PC485,C07,SGPY-85,3513,10,14,2025-10-18 12:12:21.559080,353673.528,6299813.66
PI724,I02,FLXY-78,3717,11,15,2025-10-18 12:12:23.536245,337513.971,6292301.103
PI724,I02,FLXZ-44,4913,14,20,2025-10-18 12:12:23.536250,337513.971,6292301.103
PI724,I10,FLXX-63,3938,13,17,2025-10-18 12:12:23.536252,337513.971,6292301.103
PI724,I10,FLXG-91,8079,25,60,2025-10-18 12:12:23.536253,337513.971,6292301.103
PB936,B11,SKDJ-82,3073,9,13,2025-10-18 12:12:25.533117,343570.186,6306023.731
PB936,B11,SKDH-90,7513,25,60,2025-10-18 12:12:25.533122,343570.186,6306023.731
PB936,B06,SKDH-78,539,0,3,2025-10-18 12:12:25.533123,343570.186,6306023.731
PB936,B06,SKDH-30,2640,10,14,2025-10-18 12:12:25.533124,343570.186,6306023.731
PB936,B21,SKDJ-74,2465,8,10,2025-10-18 12:12:25.533125,343570.186,6306023.731
PB936,B21,SKDJ-78,6966,25,60,2025-10-18 12:12:25.533126,343570.186,6306023.731
PB936,230,GCBB-49,3311,12,16,2025-10-18 12:12:25.533127,343570.186,6306023.731
PB936,230,GCBB-14,3748,13,19,2025-10-18 12:12:25.533128,343570.186,6306023.731
PI349,428,SLPB-29,687,0,3,2025-10-18 12:12:27.597348,337687.127,6292520.537
PI349,428,SHCX-57,2365,0,5,2025-10-18 12:12:27.597353,337687.127,6292520.537
PI349,444,SKPK-31,1993,0,3,2025-10-18 12:12:27.597354,337687.127,6292520.537
PI349,444,SKPK-45,7574,14,20,2025-10-18 12:12:27.597355,337687.127,6292520.537
PF739,F18,STHC-57,1765,6,8,2025-10-18 12:12:29.664064,349296.975,6277635.683
PF739,F18,SRVL-40,6004,19,27,2025-10-18 12:12:29.664069,349296.975,6277635.683
PB985,B06,SKDJ-86,7732,18,26,2025-10-18 12:12:31.604184,346537.852,6304103.494
PB985,B06,SPCG-35,11706,25,60,2025-10-18 12:12:31.604189,346537.852,6304103.494
PF844,F29,SPVW-73,2665,8,12,2025-10-18 12:12:32.959059,352234.155,6280505.693
PF844,F29,SPVW-72,5859,17,25,2025-10-18 12:12:32.959063,352234.155,6280505.693
PF844,204,VGBS-15,1323,0,4,2025-10-18 12:12:32.959065,352234.155,6280505.693
PF844,204,VFRF-85,7771,21,29,2025-10-18 12:12:32.959066,352234.155,6280505.693
PF844,F02,SHXF-40,1070,0,5,2025-10-18 12:12:32.959067,352234.155,6280505.693
PF844,F02,SHXD-57,1294,5,7,2025-10-18 12:12:32.959068,352234.155,6280505.693
PF844,F15,LCPG-39,575,0,3,2025-10-18 12:12:32.959069,352234.155,6280505.693
PF844,F15,LBTS-96,4551,16,24,2025-10-18 12:12:32.959070,352234.155,6280505.693
PJ555,J01,SZZH-70,2174,8,10,2025-10-18 12:12:34.489479,339113.47,6297773.623
PJ555,J01,FLXH-80,2358,8,12,2025-10-18 12:12:34.489484,339113.47,6297773.623
PE217,225,SFVZ-96,2675,8,10,2025-10-18 12:12:35.945774,350298.425,6286107.377
PE217,F05,SPZY-44,2428,8,10,2025-10-18 12:12:35.945779,350298.425,6286107.377
PE217,F05,TXZH-47,9719,25,60,2025-10-18 12:12:35.945781,350298.425,6286107.377
PE217,E09,VKJX-30,4157,16,24,2025-10-18 12:12:35.945782,350298.425,6286107.377
PE217,E11,VKJX-63,4666,17,23,2025-10-18 12:12:35.945783,350298.425,6286107.377
PE217,E16,VFJD-79,228,0,3,2025-10-18 12:12:35.945784,350298.425,6286107.377
PE217,E16,VFKV-81,3589,11,15,2025-10-18 12:12:35.945785,350298.425,6286107.377
PD61,104,SKVD-54,1171,0,5,2025-10-18 12:12:37.946037,351457.4,6295869.674
PD61,104,LCST-80,1300,0,5,2025-10-18 12:12:37.946042,351457.4,6295869.674
PD61,106,PFVD-61,4193,13,17,2025-10-18 12:12:37.946044,351457.4,6295869.674
PD61,106,PFVJ-18,7256,25,60,2025-10-18 12:12:37.946045,351457.4,6295869.674
PD61,212,LZPR-98,1095,0,4,2025-10-18 12:12:37.946046,351457.4,6295869.674
PD61,212,LZPW-21,3285,9,13,2025-10-18 12:12:37.946047,351457.4,6295869.674
PD230,712,SJPC-43,1918,5,7,2025-10-18 12:12:41.949987,353930.756,6296984.358
PD230,712,SPZY-56,3339,9,13,2025-10-18 12:12:41.949992,353930.756,6296984.358
PD230,D02,SVDF-36,326,0,3,2025-10-18 12:12:41.949993,353930.756,6296984.358
PD230,D02,SVDC-75,6725,18,26,2025-10-18 12:12:41.949994,353930.756,6296984.358
PD230,505,LXWS-31,1890,8,10,2025-10-18 12:12:41.949995,353930.756,6296984.358
PD230,505,VJBB-80,2945,10,14,2025-10-18 12:12:41.949996,353930.756,6296984.358
PD230,216,LZPS-24,3658,10,14,2025-10-18 12:12:41.949996,353930.756,6296984.358
PD230,216,LZPT-38,6418,25,60,2025-10-18 12:12:41.949997,353930.756,6296984.358
PD230,286,SCRZ-39,6375,18,26,2025-10-18 12:12:41.949998,353930.756,6296984.358
PD230,286,SCRZ-30,9391,25,60,2025-10-18 12:12:41.949999,353930.756,6296984.358
PG334,G11,THTD-10,4426,13,19,2025-10-18 12:12:45.864551,347154.599,6285361.603
PG334,G11,THTG-73,11526,25,60,2025-10-18 12:12:45.864556,347154.599,6285361.603
PG334,229,SFWZ-27,1935,5,7,2025-10-18 12:12:45.864558,347154.599,6285361.603
PB464,B45,TWPD-34,785,0,3,2025-10-18 12:12:49.738163,337706.81,6306301.85
PB464,B45,TWPD-79,2483,13,17,2025-10-18 12:12:49.738168,337706.81,6306301.85
PD1371,418,SHXF-31,1454,11,15,2025-10-18 12:12:51.793710,355754.564,6295578.495
PD1371,418,SKPL-34,6484,25,60,2025-10-18 12:12:51.793714,355754.564,6295578.495
PD1371,425,SGPW-47,621,0,3,2025-10-18 12:12:51.793716,355754.564,6295578.495
PD1371,425,SHXD-80,2440,12,18,2025-10-18 12:12:51.793717,355754.564,6295578.495
PD1371,429,SLPB-64,463,5,7,2025-10-18 12:12:51.793717,355754.564,6295578.495
PG52,201,GCBB-87,1271,0,4,2025-10-18 12:12:53.758639,344157.207,6285451.826
PG52,201,GCBB-71,1544,0,5,2025-10-18 12:12:53.758646,344157.207,6285451.826
PG52,211,TBYY-75,1897,0,5,2025-10-18 12:12:53.758649,344157.207,6285451.826
PG52,211,TBYY-68,3425,8,10,2025-10-18 12:12:53.758650,344157.207,6285451.826
PG52,G05,SHXB-24,3717,15,21,2025-10-18 12:12:53.758653,344157.207,6285451.826
PG52,G05,SFGY-85,3971,16,22,2025-10-18 12:12:53.758654,344157.207,6285451.826
PG1302,G18,THTD-29,1039,0,4,2025-10-18 12:12:55.709774,346805.307,6286841.222
PG1302,G18,THTD-79,1141,0,5,2025-10-18 12:12:55.709779,346805.307,6286841.222
PG1302,229,SFWB-35,137,0,3,2025-10-18 12:12:55.709781,346805.307,6286841.222
PG1302,229,SFWZ-27,3653,9,13,2025-10-18 12:12:55.709782,346805.307,6286841.222
PG1302,302,BJFZ-31,2811,12,18,2025-10-18 12:12:55.709783,346805.307,6286841.222
PG1302,E18,BJFW-15,2088,16,22,2025-10-18 12:12:55.709784,346805.307,6286841.222
PG1302,E18,BJFZ-59,2994,25,60,2025-10-18 12:12:55.709785,346805.307,6286841.222
PE175,211,SVPW-61,1151,0,3,2025-10-18 12:12:57.675800,349516.639,6287424.258
PE175,211,TBYY-64,1621,0,5,2025-10-18 12:12:57.675804,349516.639,6287424.258
PE175,118,FDJX-72,1978,4,6,2025-10-18 12:12:57.675806,349516.639,6287424.258
PE175,118,BJFD-65,9410,25,60,2025-10-18 12:12:57.675806,349516.639,6287424.258
PE525,325,VFJV-14,2815,12,18,2025-10-18 12:13:01.629210,351844.487,6288812.297
PE525,325,VFKT-50,7017,25,60,2025-10-18 12:13:01.629216,351844.487,6288812.297
PA239,302,BJFV-73,4244,13,19,2025-10-18 12:13:03.638529,346040.53,6296842.09
PA239,302,BJFV-99,12741,25,60,2025-10-18 12:13:03.638535,346040.53,6296842.09
PA239,125,BJFV-75,2734,9,13,2025-10-18 12:13:03.638536,346040.53,6296842.09
PA239,125,FLXF-43,6542,19,27,2025-10-18 12:13:03.638537,346040.53,6296842.09
PI266,111,FLXW-97,1306,0,4,2025-10-18 12:13:05.595779,334270.141,6285052.717
PI266,113,FLXX-61,197,0,3,2025-10-18 12:13:05.595784,334270.141,6285052.717
PE57,E17,BJFW-26,1076,0,5,2025-10-18 12:13:07.561294,354258.706,6290626.824
PE62,E17,BJFW-26,2183,9,11,2025-10-18 12:13:09.528643,353360.537,6290953.694
PA688,422,FLXV-56,2349,9,11,2025-10-18 12:13:11.471936,347966.397,6297952.248
PA688,422,PFXC-81,5816,20,28,2025-10-18 12:13:11.471943,347966.397,6297952.248
PD931,D07,SVDF-64,901,6,8,2025-10-18 12:13:13.465216,354316.67,6294698.786
PD931,D07,SVDF-56,3651,25,60,2025-10-18 12:13:13.465222,354316.67,6294698.786
PD931,D10,SVDC-83,3847,10,14,2025-10-18 12:13:13.465223,354316.67,6294698.786
PD931,D10,SVDC-88,9111,25,60,2025-10-18 12:13:13.465224,354316.67,6294698.786
PD931,425,SJPB-28,753,0,3,2025-10-18 12:13:13.465225,354316.67,6294698.786
PD931,425,SJPC-71,1677,4,6,2025-10-18 12:13:13.465226,354316.67,6294698.786
PD931,429,SLGT-38,262,0,5,2025-10-18 12:13:13.465227,354316.67,6294698.786
PD931,429,SLLZ-39,3146,13,19,2025-10-18 12:13:13.465228,354316.67,6294698.786
PJ1003,J16,TBFW-52,5860,17,23,2025-10-18 12:13:15.071545,341577.735,6299780.279
PE798,E15C,VFJT-92,182,0,3,2025-10-18 12:13:16.756388,352011.442,6287758.754
PE798,E15C,VFJP-44,3026,9,11,2025-10-18 12:13:16.756394,352011.442,6287758.754
PE798,325,VFHW-73,102,0,3,2025-10-18 12:13:16.756396,352011.442,6287758.754
PE798,325,VFJD-82,3181,9,13,2025-10-18 12:13:16.756397,352011.442,6287758.754
PC158,407,TBFT-36,1053,0,3,2025-10-18 12:13:18.747249,352166.55,6301513.68
PC158,407,TBFX-29,2726,7,9,2025-10-18 12:13:18.747254,352166.55,6301513.68
PC158,426,FLXC-52,4885,16,22,2025-10-18 12:13:18.747255,352166.55,6301513.68
PC158,426,BJFC-62,10103,25,60,2025-10-18 12:13:18.747256,352166.55,6301513.68
PC158,430,PGLD-72,2125,10,14,2025-10-18 12:13:18.747257,352166.55,6301513.68
PC158,430,SJPD-76,8731,25,60,2025-10-18 12:13:18.747257,352166.55,6301513.68
PC158,401,PFTV-91,4130,14,20,2025-10-18 12:13:18.747258,352166.55,6301513.68
PC158,401,PDZH-84,4212,14,20,2025-10-18 12:13:18.747259,352166.55,6301513.68
PC158,421,PFYG-99,3307,10,14,2025-10-18 12:13:18.747260,352166.55,6301513.68
PC158,421,PDYS-12,3623,11,15,2025-10-18 12:13:18.747261,352166.55,6301513.68
PC158,406,TBFS-66,2565,11,15,2025-10-18 12:13:18.747262,352166.55,6301513.68
PC158,406,TBFW-16,5617,21,29,2025-10-18 12:13:18.747262,352166.55,6301513.68
PD1188,D15,SPBS-67,2654,6,8,2025-10-18 12:13:20.694559,356439.652,6297132.893
PG1295,G09,SHCX-12,3598,11,15,2025-10-18 12:13:24.555009,345294.231,6282029.189
PG1295,G09,SDSW-55,4034,13,17,2025-10-18 12:13:24.555015,345294.231,6282029.189
PG1295,228,THTD-48,1,0,3,2025-10-18 12:13:24.555016,345294.231,6282029.189
PG1295,228,THTD-60,4206,12,16,2025-10-18 12:13:24.555017,345294.231,6282029.189
PG1295,G08,THTD-30,1721,5,7,2025-10-18 12:13:24.555018,345294.231,6282029.189
PG1295,G08,THTF-17,3596,10,14,2025-10-18 12:13:24.555019,345294.231,6282029.189
PA444,507,TBFT-76,509,0,3,2025-10-18 12:13:26.700308,347893.08,6296874.59
PA444,507,TBFV-29,2669,8,10,2025-10-18 12:13:26.700312,347893.08,6296874.59
PA444,510,GCBD-62,192,0,3,2025-10-18 12:13:26.700314,347893.08,6296874.59
PA444,510,TBFS-42,4078,12,16,2025-10-18 12:13:26.700315,347893.08,6296874.59
PA444,506,TBFV-16,2729,9,11,2025-10-18 12:13:26.700315,347893.08,6296874.59
PA444,506,TBFR-35,6292,21,29,2025-10-18 12:13:26.700316,347893.08,6296874.59
PA444,506V,TBFP-92,104,0,3,2025-10-18 12:13:26.700317,347893.08,6296874.59
PA444,506V,GCBC-83,2851,8,10,2025-10-18 12:13:26.700318,347893.08,6296874.59
PJ968,J13,FLXD-51,3670,18,26,2025-10-18 12:13:32.189931,336964.921,6301150.159
PH403,385,FLXK-51,9027,25,60,2025-10-18 12:13:36.210671,348150.38,6294519.381
PH403,385,FLXL-76,12319,25,60,2025-10-18 12:13:36.210675,348150.38,6294519.381
PH403,E04,VKJZ-41,189,0,3,2025-10-18 12:13:36.210677,348150.38,6294519.381
PG33,211,FLXL-96,1929,6,8,2025-10-18 12:13:37.827573,342072.38,6280937.4
PG33,211,TBYY-66,7158,17,23,2025-10-18 12:13:37.827578,342072.38,6280937.4
PG33,G07,THTD-46,810,0,5,2025-10-18 12:13:37.827579,342072.38,6280937.4
PG33,G07,THTD-81,1009,4,6,2025-10-18 12:13:37.827580,342072.38,6280937.4
PG734,G02,CJRP-15,2737,6,8,2025-10-18 12:13:41.385643,342567.238,6279433.719
PG195,207,LZPG-27,4377,9,13,2025-10-18 12:13:42.959745,348906.251,6282342.251
PG195,209,SFWZ-91,5537,16,22,2025-10-18 12:13:42.959751,348906.251,6282342.251
PG195,209,LZPR-79,8204,25,60,2025-10-18 12:13:42.959752,348906.251,6282342.251
PD1277,D18,SPBS-69,1557,7,9,2025-10-18 12:13:44.633847,352347.29,6297857.101
PJ160,402,SHXG-36,930,0,4,2025-10-18 12:13:46.690435,335619.155,6298222.917
PJ160,402,PFYC-49,4232,15,21,2025-10-18 12:13:46.690440,335619.155,6298222.917
PJ160,J07,VHZZ-51,2834,8,12,2025-10-18 12:13:46.690441,335619.155,6298222.917
PJ160,J07,VHZY-11,7217,25,60,2025-10-18 12:13:46.690442,335619.155,6298222.917
PJ160,J07E,VHZZ-20,2998,10,14,2025-10-18 12:13:46.690442,335619.155,6298222.917
PJ160,514,TBFW-31,2043,5,7,2025-10-18 12:13:46.690443,335619.155,6298222.917
PJ160,514,PFXC-12,5157,12,18,2025-10-18 12:13:46.690444,335619.155,6298222.917
PJ160,406,TBFW-81,1301,0,5,2025-10-18 12:13:46.690445,335619.155,6298222.917
PJ160,406,PFXB-78,2413,11,15,2025-10-18 12:13:46.690446,335619.155,6298222.917
PJ160,407,TBFT-13,4948,14,20,2025-10-18 12:13:46.690447,335619.155,6298222.917
PJ160,407,PFXB-96,5436,15,21,2025-10-18 12:13:46.690448,335619.155,6298222.917
PJ160,426,BJFC-46,255,0,3,2025-10-18 12:13:46.690449,335619.155,6298222.917
PJ160,426,FLXG-47,2009,5,7,2025-10-18 12:13:46.690450,335619.155,6298222.917
PB1457,B22,SKPS-19,3782,12,16,2025-10-18 12:13:48.707467,347984.122,6304240.089
PB1457,B22,SKPS-10,9034,25,60,2025-10-18 12:13:48.707472,347984.122,6304240.089
PE1348,204,VFRF-35,2542,7,9,2025-10-18 12:13:50.668350,349200.921,6289054.926
PE1348,204,LZRB-94,5667,15,21,2025-10-18 12:13:50.668356,349200.921,6289054.926
PD1401,D07,SVDF-56,2280,16,22,2025-10-18 12:13:52.751660,355321.264,6294441.572
PD1401,D10,SVDC-83,2542,5,7,2025-10-18 12:13:52.751666,355321.264,6294441.572
PD1401,D10,SVDC-88,8110,25,60,2025-10-18 12:13:52.751667,355321.264,6294441.572
PD1401,418,SHXF-31,1,0,3,2025-10-18 12:13:52.751668,355321.264,6294441.572
PD1401,418,SKPL-34,4814,25,60,2025-10-18 12:13:52.751669,355321.264,6294441.572
PB560,307,TWPD-30,3691,12,16,2025-10-18 12:13:54.708181,338846.19,6307727.35
PB560,307,TWPD-76,7280,25,60,2025-10-18 12:13:54.708185,338846.19,6307727.35
PB560,307C,TWPD-77,1602,6,8,2025-10-18 12:13:54.708187,338846.19,6307727.35
PJ67,110,FLXW-47,3490,13,17,2025-10-18 12:13:56.644373,338179.73,6298696.05
PJ67,110,TBFS-46,9316,25,60,2025-10-18 12:13:56.644378,338179.73,6298696.05
PC821,C09,SKPJ-78,1281,0,5,2025-10-18 12:13:58.603210,358853.074,6302632.53
PC821,C09,SGPY-58,6755,20,28,2025-10-18 12:13:58.603215,358853.074,6302632.53
PC917,C13,SJPC-21,3175,9,11,2025-10-18 12:14:00.761674,360214.8,6309567.884
PC917,C13,SGPX-13,10557,25,60,2025-10-18 12:14:00.761679,360214.8,6309567.884
PC144,409,SPBF-54,219,0,3,2025-10-18 12:14:02.690259,356330.792,6304555.794
PC144,409,PGTT-84,346,0,3,2025-10-18 12:14:02.690264,356330.792,6304555.794
PC144,411,PGBY-81,7349,19,27,2025-10-18 12:14:02.690265,356330.792,6304555.794
PC144,286,SDSW-61,494,0,3,2025-10-18 12:14:02.690266,356330.792,6304555.794
PC144,286,SCRZ-12,2802,8,12,2025-10-18 12:14:02.690267,356330.792,6304555.794
PA25,D03,SVDD-68,1400,8,12,2025-10-18 12:14:05.981010,346155.88,6297109.735
PA25,D03,SVDD-74,2762,14,20,2025-10-18 12:14:05.981016,346155.88,6297109.735
PA25,113,FLXW-91,9205,25,60,2025-10-18 12:14:05.981018,346155.88,6297109.735
PA25,113,FLXY-70,12490,25,60,2025-10-18 12:14:05.981019,346155.88,6297109.735
PA25,115,GCBD-39,201,0,3,2025-10-18 12:14:05.981020,346155.88,6297109.735
PA25,115,GCBF-23,7755,19,27,2025-10-18 12:14:05.981021,346155.88,6297109.735
PB323,203,SRTK-23,510,0,4,2025-10-18 12:14:08.050648,347194.721,6301958.624
PB323,203,LZPT-56,4327,19,27,2025-10-18 12:14:08.050653,347194.721,6301958.624
PB323,208,SRTH-17,1,0,3,2025-10-18 12:14:08.050654,347194.721,6301958.624
PB323,208,LZPG-23,3644,16,22,2025-10-18 12:14:08.050655,347194.721,6301958.624
PI551,506V,GCBD-85,964,0,4,2025-10-18 12:14:10.063133,342154.26,6296228.87
PI551,506V,TBFP-92,6149,18,26,2025-10-18 12:14:10.063138,342154.26,6296228.87
PI551,509,FDJX-74,1143,4,6,2025-10-18 12:14:10.063139,342154.26,6296228.87
PI551,509,GCBD-68,5914,25,60,2025-10-18 12:14:10.063140,342154.26,6296228.87
PI551,506,TBFP-74,3028,8,12,2025-10-18 12:14:10.063141,342154.26,6296228.87
PI551,506,TBFV-16,8556,25,60,2025-10-18 12:14:10.063142,342154.26,6296228.87
PJ1611,514,FLXD-41,5366,17,23,2025-10-18 12:14:13.132312,341331.784,6297971.148
PJ1611,514,FLXJ-43,10523,25,60,2025-10-18 12:14:13.132317,341331.784,6297971.148
PJ378,504,GCBF-27,2137,5,7,2025-10-18 12:14:15.219369,335396.658,6299329.338
PJ378,514,TBFW-31,3105,7,9,2025-10-18 12:14:15.219375,335396.658,6299329.338
PJ378,514,PFXC-12,6508,15,21,2025-10-18 12:14:15.219376,335396.658,6299329.338
PJ378,407,TBFT-13,6200,17,25,2025-10-18 12:14:15.219377,335396.658,6299329.338
PJ378,407,PFXB-96,6800,19,27,2025-10-18 12:14:15.219378,335396.658,6299329.338
PG156,302,BJFS-93,10542,25,60,2025-10-18 12:14:17.236887,346104.64,6282595.904
PG156,302,FLXK-94,13270,25,60,2025-10-18 12:14:17.236892,346104.64,6282595.904
PI1115,I12,FLXZ-70,5034,13,19,2025-10-18 12:14:21.204881,339216.118,6289482.879
PI1115,I12,FLXY-35,8580,25,60,2025-10-18 12:14:21.204886,339216.118,6289482.879
PD135,D16,PGBY-43,1696,0,5,2025-10-18 12:14:23.702593,354654.49,6291291.76
PD135,D16,PFYC-51,1796,4,6,2025-10-18 12:14:23.702598,354654.49,6291291.76
PD135,D20,SVDD-76,6442,17,23,2025-10-18 12:14:23.702599,354654.49,6291291.76
PD135,D20,SVDD-95,9429,25,60,2025-10-18 12:14:23.702600,354654.49,6291291.76
PD135,D26,SPBL-78,1,0,3,2025-10-18 12:14:23.702601,354654.49,6291291.76
PD135,D26,SPBS-52,7166,16,24,2025-10-18 12:14:23.702602,354654.49,6291291.76
PD135,106,PFYS-30,3256,9,13,2025-10-18 12:14:23.702603,354654.49,6291291.76
PD135,106,PFYR-69,4852,13,17,2025-10-18 12:14:23.702604,354654.49,6291291.76
PD135,514,TBFW-40,5642,17,23,2025-10-18 12:14:23.702605,354654.49,6291291.76
PD135,514,TBFX-69,10841,25,60,2025-10-18 12:14:23.702606,354654.49,6291291.76
PC1093,C06,LDTG-59,27,0,3,2025-10-18 12:14:25.687626,357785.637,6301075.554
PC1093,504,TBFW-32,1,0,3,2025-10-18 12:14:25.687630,357785.637,6301075.554
PA414,517,VJBB-90,329,0,3,2025-10-18 12:14:27.910870,344400.76,6299427.83
PA414,517,VJJV-13,3042,10,14,2025-10-18 12:14:27.910876,344400.76,6299427.83
PA414,503,VGTY-32,2752,11,15,2025-10-18 12:14:27.910877,344400.76,6299427.83
PA414,503,VHLS-18,3977,13,19,2025-10-18 12:14:27.910878,344400.76,6299427.83
PA414,502,FLXV-77,6414,19,27,2025-10-18 12:14:27.910879,344400.76,6299427.83
PA414,502,BJFF-54,7901,25,60,2025-10-18 12:14:27.910879,344400.76,6299427.83
PA414,518,TBFR-48,418,0,3,2025-10-18 12:14:27.910880,344400.76,6299427.83
PA414,518,FLXS-67,3200,12,16,2025-10-18 12:14:27.910881,344400.76,6299427.83
PG577,203,LZPG-11,3598,9,13,2025-10-18 12:14:31.811158,345479.204,6283948.266
PG577,203,SDGY-16,7942,25,60,2025-10-18 12:14:31.811163,345479.204,6283948.266
PG577,G28,BJFT-63,775,0,3,2025-10-18 12:14:31.811165,345479.204,6283948.266
PG577,G28,BJFW-50,6402,17,25,2025-10-18 12:14:31.811166,345479.204,6283948.266
PG577,G13,SFGY-78,1868,0,5,2025-10-18 12:14:31.811167,345479.204,6283948.266
PG577,G13,SHCV-28,4684,13,17,2025-10-18 12:14:31.811168,345479.204,6283948.266
PG577,F06,SPZX-77,317,0,3,2025-10-18 12:14:31.811169,345479.204,6283948.266
PG577,F06,SRVL-59,4286,15,21,2025-10-18 12:14:31.811170,345479.204,6283948.266
PG1567,G07,THTG-95,2968,8,10,2025-10-18 12:14:33.196783,339151.101,6276142.494
PG1567,G07,THTD-46,9434,25,60,2025-10-18 12:14:33.196789,339151.101,6276142.494
PD228,286,SCRZ-39,4500,13,19,2025-10-18 12:14:35.305217,353905.554,6297974.403
PD228,286,SCRZ-30,7936,25,60,2025-10-18 12:14:35.305222,353905.554,6297974.403
PD228,712,SJPC-43,348,0,3,2025-10-18 12:14:35.305223,353905.554,6297974.403
PD228,712,SPZY-56,1303,0,5,2025-10-18 12:14:35.305224,353905.554,6297974.403
PD228,D15,SVDC-32,5333,15,21,2025-10-18 12:14:35.305225,353905.554,6297974.403
PD228,D15,SVDC-41,7286,20,28,2025-10-18 12:14:35.305225,353905.554,6297974.403
PD228,216,LZPS-24,1652,6,8,2025-10-18 12:14:35.305226,353905.554,6297974.403
PD228,216,LZPT-38,5427,19,27,2025-10-18 12:14:35.305227,353905.554,6297974.403
PI395,106,PFVD-57,7848,19,27,2025-10-18 12:14:37.443778,339528.553,6295742.728
PI395,106,PFVD-65,9708,25,60,2025-10-18 12:14:37.443783,339528.553,6295742.728
PI395,419,PFVK-87,2358,4,6,2025-10-18 12:14:37.443784,339528.553,6295742.728
PI395,419,PFVK-63,11234,25,60,2025-10-18 12:14:37.443785,339528.553,6295742.728
PI395,423,PGPT-46,3756,10,14,2025-10-18 12:14:37.443786,339528.553,6295742.728
PI395,423,PFVG-58,8083,25,60,2025-10-18 12:14:37.443787,339528.553,6295742.728
PI395,I09,RWRP-59,2385,5,7,2025-10-18 12:14:37.443787,339528.553,6295742.728
PI395,I09,VHSY-15,5397,12,16,2025-10-18 12:14:37.443788,339528.553,6295742.728
PI395,424,TBFT-88,1816,6,8,2025-10-18 12:14:37.443789,339528.553,6295742.728
PI395,424,TBFR-57,5041,14,20,2025-10-18 12:14:37.443790,339528.553,6295742.728
PI395,404,PFYC-14,344,0,3,2025-10-18 12:14:37.443791,339528.553,6295742.728
PI395,401,PFYG-65,3526,7,9,2025-10-18 12:14:37.443792,339528.553,6295742.728
PI395,405,PFVK-90,2354,5,7,2025-10-18 12:14:37.443793,339528.553,6295742.728
PI395,405,PFTV-90,5454,15,21,2025-10-18 12:14:37.443793,339528.553,6295742.728
PI395,421,PDZS-89,4195,8,12,2025-10-18 12:14:37.443794,339528.553,6295742.728
PI395,421,PFVK-49,12276,25,60,2025-10-18 12:14:37.443795,339528.553,6295742.728
PI395,I08,FLXZ-73,5958,16,22,2025-10-18 12:14:37.443796,339528.553,6295742.728
PI395,I08,FLXW-90,8117,25,60,2025-10-18 12:14:37.443797,339528.553,6295742.728
PI1175,385,FLXL-76,2236,8,10,2025-10-18 12:14:38.877781,343497.578,6296501.346
PI1175,385,FLXK-92,3066,11,15,2025-10-18 12:14:38.877787,343497.578,6296501.346
PI579,I10,FLXY-45,3682,13,19,2025-10-18 12:14:40.795178,338446.734,6292772.439
PI579,I10,FLXL-33,4653,18,26,2025-10-18 12:14:40.795183,338446.734,6292772.439
PG681,G01,THTD-76,2101,7,9,2025-10-18 12:14:44.813470,343818.433,6287289.121
PG681,G01,THTD-25,2261,8,10,2025-10-18 12:14:44.813475,343818.433,6287289.121
PB968,B11,SKDG-28,1,0,3,2025-10-18 12:14:46.745729,343913.0,6305874.0
PB968,B11,SKDG-39,6901,16,24,2025-10-18 12:14:46.745734,343913.0,6305874.0
PB968,B06,SKDJ-86,2671,7,9,2025-10-18 12:14:46.745735,343913.0,6305874.0
PB968,B06,SPCG-35,7364,20,28,2025-10-18 12:14:46.745736,343913.0,6305874.0
PB968,B21,SGPY-90,1348,0,5,2025-10-18 12:14:46.745737,343913.0,6305874.0
PB968,B21,SKDJ-25,6244,17,23,2025-10-18 12:14:46.745738,343913.0,6305874.0
PI1639,I11,VHSX-76,303,0,3,2025-10-18 12:14:48.810861,334896.343,6285055.281
PB1178,B11,SKDJ-87,2288,7,9,2025-10-18 12:14:50.740433,346419.658,6303472.408
PB1178,B11,SKDG-28,3487,10,14,2025-10-18 12:14:50.740438,346419.658,6303472.408
PC227,502,TBFS-62,1218,0,4,2025-10-18 12:14:52.772501,355514.994,6304988.616
PC227,502,BFKC-87,7094,25,60,2025-10-18 12:14:52.772506,355514.994,6304988.616
PC227,542,TBFT-16,1252,0,5,2025-10-18 12:14:52.772507,355514.994,6304988.616
PC227,542,TBFT-49,11737,25,60,2025-10-18 12:14:52.772508,355514.994,6304988.616
PC227,435,SLGT-37,52,0,3,2025-10-18 12:14:52.772509,355514.994,6304988.616
PC227,435,SLPC-12,7950,18,26,2025-10-18 12:14:52.772509,355514.994,6304988.616
PC227,405,PGBB-59,921,0,4,2025-10-18 12:14:52.772510,355514.994,6304988.616
PC227,405,PFVK-84,5299,17,25,2025-10-18 12:14:52.772511,355514.994,6304988.616
PA505,D05,PGKP-65,5445,14,20,2025-10-18 12:14:54.770871,348281.47,6295171.876
PA505,H13,BJFZ-49,561,0,3,2025-10-18 12:14:54.770877,348281.47,6295171.876
PA505,511,PFXB-71,893,0,5,2025-10-18 12:14:54.770879,348281.47,6295171.876
PA505,511,TBFW-90,2838,12,16,2025-10-18 12:14:54.770880,348281.47,6295171.876
PH135,201,GCBB-99,2082,8,10,2025-10-18 12:14:56.833221,346863.102,6294292.879
PH135,201,GCBB-20,5881,25,60,2025-10-18 12:14:56.833226,346863.102,6294292.879
PH135,214,GCBB-31,2353,8,10,2025-10-18 12:14:56.833227,346863.102,6294292.879
PH135,214,GCBB-56,6442,25,60,2025-10-18 12:14:56.833227,346863.102,6294292.879
PH135,226,VFPV-63,4885,18,26,2025-10-18 12:14:56.833228,346863.102,6294292.879
PH135,226,VFPG-91,9148,25,60,2025-10-18 12:14:56.833229,346863.102,6294292.879
PH135,229,SDGY-21,7534,25,60,2025-10-18 12:14:56.833230,346863.102,6294292.879
PH135,229,SFWB-35,8727,25,60,2025-10-18 12:14:56.833231,346863.102,6294292.879
PH135,301,BJFY-83,489,0,3,2025-10-18 12:14:56.833232,346863.102,6294292.879
PH135,301,BJFV-35,2597,6,8,2025-10-18 12:14:56.833232,346863.102,6294292.879
PH135,H12,BJFX-14,509,0,3,2025-10-18 12:14:56.833233,346863.102,6294292.879
PH135,H12,FLXF-36,5294,15,21,2025-10-18 12:14:56.833234,346863.102,6294292.879
PH135,H13,FLXK-72,207,0,3,2025-10-18 12:14:56.833235,346863.102,6294292.879
PH135,H14,FLXR-25,4255,13,17,2025-10-18 12:14:56.833236,346863.102,6294292.879
PH135,223,SFGY-77,2322,8,12,2025-10-18 12:14:56.833237,346863.102,6294292.879
PH135,223,SHCX-23,2627,9,13,2025-10-18 12:14:56.833237,346863.102,6294292.879
PG182,207,LZPR-94,1,0,3,2025-10-18 12:14:58.767653,349100.823,6279344.883
PG182,207,SFWZ-33,3096,8,10,2025-10-18 12:14:58.767659,349100.823,6279344.883
PG182,209,SFWB-14,87,0,3,2025-10-18 12:14:58.767660,349100.823,6279344.883
PG182,209,LZPT-55,5885,12,18,2025-10-18 12:14:58.767661,349100.823,6279344.883
PE119,E12,VFHX-21,5133,16,22,2025-10-18 12:15:00.741458,348037.141,6289803.772
PE119,E12,VFKT-73,8381,25,60,2025-10-18 12:15:00.741464,348037.141,6289803.772
PE119,205,RWTP-96,1961,6,8,2025-10-18 12:15:00.741465,348037.141,6289803.772
PE119,205,RWTP-78,3629,11,15,2025-10-18 12:15:00.741467,348037.141,6289803.772
PE119,207,LZPT-41,2431,7,9,2025-10-18 12:15:00.741478,348037.141,6289803.772
PE119,207,SFWB-68,4807,13,17,2025-10-18 12:15:00.741479,348037.141,6289803.772
PE119,209,LZPT-67,356,0,3,2025-10-18 12:15:00.741480,348037.141,6289803.772
PE119,209,LZPT-70,2429,9,11,2025-10-18 12:15:00.741481,348037.141,6289803.772
PG1307,G18,THTD-29,2451,9,13,2025-10-18 12:15:02.766385,345728.321,6287526.118
PG1307,G18,THTD-79,2511,9,13,2025-10-18 12:15:02.766390,345728.321,6287526.118
PB636,314,TWPD-56,2760,8,10,2025-10-18 12:15:04.412047,340270.929,6306207.272
PB636,314,FLXG-67,5744,14,20,2025-10-18 12:15:04.412052,340270.929,6306207.272
PB636,B08,SJPB-20,696,0,5,2025-10-18 12:15:04.412053,340270.929,6306207.272
PB636,B08,SHCY-35,5764,16,22,2025-10-18 12:15:04.412053,340270.929,6306207.272
PB1261,B14,FLXJ-64,7,0,3,2025-10-18 12:15:06.304685,348986.537,6302572.473
PB770,B02,FLXR-83,2949,11,15,2025-10-18 12:15:07.774564,349510.115,6305645.355
PB770,B02,FLXR-76,3701,17,23,2025-10-18 12:15:07.774569,349510.115,6305645.355
PA621,J03,FLXW-50,1,0,3,2025-10-18 12:15:09.422521,344497.844,6299347.739
PA621,J03,TBFX-42,102,0,3,2025-10-18 12:15:09.422527,344497.844,6299347.739
PJ1751,J01,SZZH-67,481,0,3,2025-10-18 12:15:11.359950,341652.101,6301491.583
PJ1751,J01,FLXS-78,976,0,5,2025-10-18 12:15:11.359954,341652.101,6301491.583
PJ1751,J08,TBFT-15,4459,11,15,2025-10-18 12:15:11.359956,341652.101,6301491.583
PJ1751,J08,RPYP-59,8449,25,60,2025-10-18 12:15:11.359956,341652.101,6301491.583
PJ1751,J16,TBFP-79,3114,9,13,2025-10-18 12:15:11.359957,341652.101,6301491.583
PJ1751,J16,PFXC-70,6267,19,27,2025-10-18 12:15:11.359958,341652.101,6301491.583
PJ1751,B09,SHCY-39,390,0,3,2025-10-18 12:15:11.359959,341652.101,6301491.583
PJ1751,B09,SHCY-47,7991,25,60,2025-10-18 12:15:11.359959,341652.101,6301491.583
PJ1751,B28,SKHG-37,3506,14,20,2025-10-18 12:15:11.359960,341652.101,6301491.583
PJ1751,B28,TXZH-35,6951,25,60,2025-10-18 12:15:11.359961,341652.101,6301491.583
PJ228,418,LXWP-72,127,0,3,2025-10-18 12:15:13.308536,335648.573,6298636.487
PJ228,418,SHXF-84,9925,25,60,2025-10-18 12:15:13.308542,335648.573,6298636.487
PG1293,G09,SHCX-12,2777,8,12,2025-10-18 12:15:15.063693,345525.796,6282107.72
PG1293,G09,SDSW-55,3217,10,14,2025-10-18 12:15:15.063698,345525.796,6282107.72
PG1293,228,THTD-60,3387,9,13,2025-10-18 12:15:15.063700,345525.796,6282107.72
PG1293,228,THTF-31,4534,13,17,2025-10-18 12:15:15.063700,345525.796,6282107.72
PG1293,G08,THTD-30,745,0,3,2025-10-18 12:15:15.063701,345525.796,6282107.72
PG1293,G08,THTF-17,2828,8,10,2025-10-18 12:15:15.063702,345525.796,6282107.72
PA595,511,TBFT-99,204,0,3,2025-10-18 12:15:16.776851,346589.828,6295012.911
PA595,511,PFXB-71,2414,12,16,2025-10-18 12:15:16.776856,346589.828,6295012.911
PA595,H07,CJRX-69,610,0,5,2025-10-18 12:15:16.776857,346589.828,6295012.911
PI433,106,PFYR-84,293,0,3,2025-10-18 12:15:18.784540,333623.526,6289101.603
PI433,106,PFYS-32,12620,25,60,2025-10-18 12:15:18.784545,333623.526,6289101.603
PI433,401,PDZS-76,1878,7,9,2025-10-18 12:15:18.784546,333623.526,6289101.603
PI433,401,PFVK-97,3517,12,16,2025-10-18 12:15:18.784547,333623.526,6289101.603
PI433,421,PDZS-94,1475,0,4,2025-10-18 12:15:18.784548,333623.526,6289101.603
PI433,421,PFVK-65,2478,6,8,2025-10-18 12:15:18.784548,333623.526,6289101.603
PI433,423,PGPT-38,1036,0,5,2025-10-18 12:15:18.784549,333623.526,6289101.603
PI433,423,PFVC-62,2062,6,8,2025-10-18 12:15:18.784550,333623.526,6289101.603
PA309,121,CJRW-56,1,0,3,2025-10-18 12:15:20.705093,344842.992,6299281.414
PI1556,I21,FLXG-60,5114,14,20,2025-10-18 12:15:22.648177,333061.26,6286361.373
PI1556,I21,FLXL-57,5654,15,21,2025-10-18 12:15:22.648182,333061.26,6286361.373
PI374,421,PFVK-49,1794,5,7,2025-10-18 12:15:24.661548,334400.411,6289116.657
PA131,204,VFPY-13,1756,4,6,2025-10-18 12:15:26.626721,347949.74,6296487.5
PA131,204,VFPT-23,2500,6,8,2025-10-18 12:15:26.626726,347949.74,6296487.5
PI96,509,FLXW-31,2354,9,11,2025-10-18 12:15:28.586008,335141.481,6289123.492
PI96,118,FLXX-46,1570,4,6,2025-10-18 12:15:28.586013,335141.481,6289123.492
PI96,108,PFVD-62,6019,25,60,2025-10-18 12:15:28.586014,335141.481,6289123.492
PI96,419,PFVK-63,1348,5,7,2025-10-18 12:15:28.586016,335141.481,6289123.492
PB726,B15,SPCG-95,1542,7,9,2025-10-18 12:15:30.603088,347702.829,6304072.936
PB726,B15,SPCG-99,3056,10,14,2025-10-18 12:15:30.603093,347702.829,6304072.936
PB726,272,VFHV-87,1962,4,6,2025-10-18 12:15:30.603094,347702.829,6304072.936
PB726,272,VGCB-39,2558,5,7,2025-10-18 12:15:30.603095,347702.829,6304072.936
PB726,B01,SPZX-58,6998,25,60,2025-10-18 12:15:30.603096,347702.829,6304072.936
PB726,712,SHCW-81,4757,11,15,2025-10-18 12:15:30.603098,347702.829,6304072.936
PB726,712,SHXD-92,11964,25,60,2025-10-18 12:15:30.603098,347702.829,6304072.936
PD734,D03,SPBL-70,1,0,3,2025-10-18 12:15:32.557336,358235.418,6294858.417
PI1205,I16,FLXJ-53,3258,10,14,2025-10-18 12:15:33.973922,343497.965,6295686.117
PG1133,G12,THTD-62,2907,9,13,2025-10-18 12:15:35.887484,344824.208,6289007.633
PB2133,B20,LXDJ-31,2827,8,10,2025-10-18 12:15:37.824586,335670.0,6301945.0
PB2133,B20,SKHG-59,5300,17,23,2025-10-18 12:15:37.824591,335670.0,6301945.0
PF470,F10,SRRX-22,765,0,3,2025-10-18 12:15:41.724891,350895.585,6278280.993
PF470,209,LZPR-79,881,0,4,2025-10-18 12:15:41.724896,350895.585,6278280.993
PD305,D11,STKP-84,19,0,3,2025-10-18 12:15:43.681191,355744.761,6298325.677
PD305,D11,SVDF-57,4322,11,15,2025-10-18 12:15:43.681196,355744.761,6298325.677
PD305,225,SFWZ-65,277,0,3,2025-10-18 12:15:43.681197,355744.761,6298325.677
PD305,225,SFVZ-29,3968,10,14,2025-10-18 12:15:43.681198,355744.761,6298325.677
PI271,111,FLXY-63,126,0,3,2025-10-18 12:15:49.733164,333714.357,6286183.537
PI271,111,FLXW-97,2503,8,10,2025-10-18 12:15:49.733169,333714.357,6286183.537
PI271,113,FLXX-61,1030,0,4,2025-10-18 12:15:49.733170,333714.357,6286183.537
PI271,I11,VHSX-76,3298,10,14,2025-10-18 12:15:49.733171,333714.357,6286183.537
PI271,I35,SCRZ-36,3627,12,16,2025-10-18 12:15:49.733172,333714.357,6286183.537
PI271,I35,SDSW-87,3943,12,18,2025-10-18 12:15:49.733173,333714.357,6286183.537
PC740,C22,SKPJ-80,699,0,3,2025-10-18 12:15:51.794952,351777.565,6304872.779
PC740,712,SHCW-78,774,0,4,2025-10-18 12:15:51.794957,351777.565,6304872.779
PG1905,G08V,FLXV-24,2988,8,10,2025-10-18 12:15:53.753621,343132.58,6279438.69
PG1905,G08V,FLXX-11,6331,17,23,2025-10-18 12:15:53.753626,343132.58,6279438.69
PG1905,G38,THTD-11,1815,4,6,2025-10-18 12:15:53.753628,343132.58,6279438.69
PG1905,G38,THTF-59,4069,10,14,2025-10-18 12:15:53.753629,343132.58,6279438.69
PG1905,G32,THTF-43,894,0,3,2025-10-18 12:15:53.753630,343132.58,6279438.69
PG1905,G32,THTF-46,10098,25,60,2025-10-18 12:15:53.753631,343132.58,6279438.69
PF40,712,SJPC-40,6058,16,22,2025-10-18 12:15:55.364323,354372.759,6283326.131
PF40,712,SJPF-90,6923,18,26,2025-10-18 12:15:55.364327,354372.759,6283326.131
PF40,F10,SRPJ-80,2315,6,8,2025-10-18 12:15:55.364329,354372.759,6283326.131
PF40,F20,SPZY-24,3248,10,14,2025-10-18 12:15:55.364330,354372.759,6283326.131
PF40,F20,SRVJ-72,3734,12,16,2025-10-18 12:15:55.364330,354372.759,6283326.131
PF40,F25,SRVK-90,5300,14,20,2025-10-18 12:15:55.364331,354372.759,6283326.131
PD1166,D14,PFZK-97,175,0,3,2025-10-18 12:15:59.041472,351175.107,6293813.453
PB1638,B15,SPCG-74,2835,10,14,2025-10-18 12:16:00.966309,348129.858,6302197.084
PC529,503,VGTX-83,806,0,4,2025-10-18 12:16:02.900313,357290.462,6301513.178
PC529,503,VGVC-58,3190,9,13,2025-10-18 12:16:02.900317,357290.462,6301513.178
PC529,722,STHK-70,833,0,4,2025-10-18 12:16:02.900318,357290.462,6301513.178
PC529,722,STHK-39,4220,13,19,2025-10-18 12:16:02.900319,357290.462,6301513.178
PC529,C06,LDTB-93,746,0,5,2025-10-18 12:16:02.900320,357290.462,6301513.178
PC529,C06,LWTK-55,3167,10,14,2025-10-18 12:16:02.900321,357290.462,6301513.178
PI1136,I13,FLXW-88,1,0,3,2025-10-18 12:16:04.315039,339679.626,6293085.288
PI1136,I20,FLXK-91,3836,13,19,2025-10-18 12:16:04.315044,339679.626,6293085.288
PC46,106,PFYR-86,8272,25,60,2025-10-18 12:16:06.228814,350117.07,6298490.29
PC46,106,PFVC-45,9895,25,60,2025-10-18 12:16:06.228819,350117.07,6298490.29
PC46,D09,SVDF-51,1915,6,8,2025-10-18 12:16:06.228820,350117.07,6298490.29
PC46,D09,SVDC-16,4152,13,17,2025-10-18 12:16:06.228821,350117.07,6298490.29
PA435,506,TBFX-37,5351,14,20,2025-10-18 12:16:07.822246,346025.17,6296416.524
PA435,506,TBFW-27,5386,14,20,2025-10-18 12:16:07.822250,346025.17,6296416.524
PA435,506V,TBFW-28,1892,6,8,2025-10-18 12:16:07.822252,346025.17,6296416.524
PA435,506V,TBFT-70,8529,25,60,2025-10-18 12:16:07.822253,346025.17,6296416.524
PA435,507,TBFW-19,3700,13,19,2025-10-18 12:16:07.822253,346025.17,6296416.524
PA435,507,GCBF-20,6547,25,60,2025-10-18 12:16:07.822254,346025.17,6296416.524
PA435,510,GCBF-29,894,0,3,2025-10-18 12:16:07.822255,346025.17,6296416.524
PA435,510,TBFS-23,2197,4,6,2025-10-18 12:16:07.822256,346025.17,6296416.524
PG917,G37,THTD-98,5896,16,22,2025-10-18 12:16:09.483052,341917.702,6279928.526
PG917,G07,THTF-80,619,0,3,2025-10-18 12:16:09.483058,341917.702,6279928.526
PG917,G07,THTD-97,4936,13,19,2025-10-18 12:16:09.483059,341917.702,6279928.526
PG917,211,FLXP-40,53,0,3,2025-10-18 12:16:09.483059,341917.702,6279928.526
PG917,211,FLXX-27,3296,10,14,2025-10-18 12:16:09.483060,341917.702,6279928.526
PI1157,I14,CJRW-83,5157,15,21,2025-10-18 12:16:11.397466,340094.193,6292386.726
PB1605,208,SFWB-50,3157,25,60,2025-10-18 12:16:13.373780,348086.179,6307071.756
PB1605,208,SGCR-39,3956,25,60,2025-10-18 12:16:13.373785,348086.179,6307071.756
PB1359,C18,SHCX-31,2901,8,10,2025-10-18 12:16:15.101639,347794.919,6306701.912
PB1359,C18,SKPH-71,6181,15,21,2025-10-18 12:16:15.101644,347794.919,6306701.912
PD818,D26,SPBS-52,5751,13,19,2025-10-18 12:16:17.564382,354115.466,6291368.924
PD818,D26,SPBG-12,13573,25,60,2025-10-18 12:16:17.564387,354115.466,6291368.924
PD818,D16,PGBY-43,309,0,3,2025-10-18 12:16:17.564388,354115.466,6291368.924
PD818,D16,PFYC-51,561,0,3,2025-10-18 12:16:17.564389,354115.466,6291368.924
PD818,D20,SVDD-95,8117,25,60,2025-10-18 12:16:17.564390,354115.466,6291368.924
PB1579,B06,SKDJ-86,4806,12,18,2025-10-18 12:16:19.512420,345839.57,6304344.617
PB1579,B06,SPCG-35,10165,25,60,2025-10-18 12:16:19.512425,345839.57,6304344.617
PG889,G23,SFWZ-68,229,0,3,2025-10-18 12:16:21.577418,346275.488,6282506.688
PG889,302,BJFS-93,10004,25,60,2025-10-18 12:16:21.577424,346275.488,6282506.688
PG889,302,FLXK-94,12936,25,60,2025-10-18 12:16:21.577425,346275.488,6282506.688
PG889,G05,SHXG-74,535,0,3,2025-10-18 12:16:21.577426,346275.488,6282506.688
PG889,G05,SFPF-95,1599,6,8,2025-10-18 12:16:21.577427,346275.488,6282506.688
PG889,G35,SFPG-29,5681,19,27,2025-10-18 12:16:21.577428,346275.488,6282506.688
PG889,G35,SDSW-83,6241,25,60,2025-10-18 12:16:21.577429,346275.488,6282506.688
PB1920,B06,SPCG-35,1570,6,8,2025-10-18 12:16:23.696461,339109.0,6306822.0
PB1920,435,SLPC-25,1824,8,10,2025-10-18 12:16:23.696467,339109.0,6306822.0
PB1920,B11,SKDG-39,61,0,3,2025-10-18 12:16:23.696468,339109.0,6306822.0
PB1920,B21,SKDJ-25,140,0,3,2025-10-18 12:16:23.696469,339109.0,6306822.0
PB1920,425,SJPB-30,755,4,6,2025-10-18 12:16:23.696470,339109.0,6306822.0
PB1920,425,SHCY-12,1607,11,15,2025-10-18 12:16:23.696471,339109.0,6306822.0
PB1920,429,SKPH-81,1572,6,8,2025-10-18 12:16:23.696473,339109.0,6306822.0
PB1920,430,SJPC-25,2261,9,13,2025-10-18 12:16:23.696474,339109.0,6306822.0
PB1920,308,FLXH-40,1,0,3,2025-10-18 12:16:23.696475,339109.0,6306822.0
PB1920,308,FLXH-37,3145,25,60,2025-10-18 12:16:23.696476,339109.0,6306822.0
PB1920,308C,TWPC-92,1884,8,10,2025-10-18 12:16:23.696477,339109.0,6306822.0
PD819,D20,SVDD-95,8381,25,60,2025-10-18 12:16:26.286325,354409.887,6291326.295
PA509,D05,SPBF-96,450,5,7,2025-10-18 12:16:28.113990,346875.501,6295040.197
PA509,D05,PGKP-65,6303,25,60,2025-10-18 12:16:28.113995,346875.501,6295040.197
PA509,D07,SVDD-29,582,4,6,2025-10-18 12:16:28.113997,346875.501,6295040.197
PA509,D07,SVDD-18,637,5,7,2025-10-18 12:16:28.113998,346875.501,6295040.197
PA509,E04,VKJZ-10,3102,10,14,2025-10-18 12:16:28.113999,346875.501,6295040.197
PA509,E04,VKJY-98,6067,25,60,2025-10-18 12:16:28.114000,346875.501,6295040.197
PA509,H07,CJRX-69,239,0,4,2025-10-18 12:16:28.114001,346875.501,6295040.197
PA509,H13,BJFZ-49,1577,8,12,2025-10-18 12:16:28.114002,346875.501,6295040.197
PA509,511,PFXB-71,1996,9,13,2025-10-18 12:16:28.114003,346875.501,6295040.197
PA509,511,TBFW-90,3653,16,22,2025-10-18 12:16:28.114004,346875.501,6295040.197
PG1584,E05,FLXJ-47,241,0,3,2025-10-18 12:16:31.348922,345513.758,6288070.605
PG1584,G18,THTD-79,2861,9,13,2025-10-18 12:16:31.348928,345513.758,6288070.605
PG1584,G18,THTD-29,2884,9,13,2025-10-18 12:16:31.348929,345513.758,6288070.605
PB795,B03,SHCY-46,664,0,3,2025-10-18 12:16:32.864634,339243.953,6301719.944
PB795,B03,LXDH-93,776,0,5,2025-10-18 12:16:32.864639,339243.953,6301719.944
PG1791,G39,SCRZ-20,2825,8,12,2025-10-18 12:16:34.541643,341876.14,6284958.72
PG1791,G39,SFPG-70,3145,10,14,2025-10-18 12:16:34.541647,341876.14,6284958.72
PG1791,G09,SFPG-65,3234,8,10,2025-10-18 12:16:34.541649,341876.14,6284958.72
PG1791,G09,SFGY-15,3902,9,13,2025-10-18 12:16:34.541650,341876.14,6284958.72
PD445,D01,SVDD-83,2514,8,10,2025-10-18 12:16:36.487783,356895.934,6297603.262
PD445,D01,SVDC-43,6972,25,60,2025-10-18 12:16:36.487788,356895.934,6297603.262
PD445,D08,SVDF-61,602,0,3,2025-10-18 12:16:36.487789,356895.934,6297603.262
PD445,403,SKPK-18,2136,7,9,2025-10-18 12:16:36.487790,356895.934,6297603.262
PD445,422,TBFR-50,1058,0,4,2025-10-18 12:16:36.487791,356895.934,6297603.262
PC645,C03,SKPK-36,89,0,3,2025-10-18 12:16:38.424540,352168.397,6304482.925
PC645,C03,LWTK-61,2293,7,9,2025-10-18 12:16:38.424545,352168.397,6304482.925
PI444,404,PFYC-26,2318,6,8,2025-10-18 12:16:40.339420,338196.668,6295203.607
PB328,203,SRTK-23,801,0,3,2025-10-18 12:16:42.295220,347233.35,6303453.23
PB328,203,LZPT-56,5473,20,28,2025-10-18 12:16:42.295225,347233.35,6303453.23
PB328,208,SGCR-39,1,0,3,2025-10-18 12:16:42.295227,347233.35,6303453.23
PB328,208,SRTH-17,715,5,7,2025-10-18 12:16:42.295227,347233.35,6303453.23
PA69,301,BJFY-83,2254,8,10,2025-10-18 12:16:44.262355,346684.7,6296959.6
PA69,301,BJFV-35,4567,13,19,2025-10-18 12:16:44.262360,346684.7,6296959.6
PA69,223,SHXB-15,495,0,3,2025-10-18 12:16:44.262361,346684.7,6296959.6
PA69,223,SDSW-59,1909,9,13,2025-10-18 12:16:44.262362,346684.7,6296959.6
PA69,201,GCBB-18,1897,6,8,2025-10-18 12:16:44.262363,346684.7,6296959.6
PA69,201,GCBB-99,4404,15,21,2025-10-18 12:16:44.262364,346684.7,6296959.6
PA69,214,GCBB-61,1,0,3,2025-10-18 12:16:44.262365,346684.7,6296959.6
PA69,214,GCBB-59,1852,8,10,2025-10-18 12:16:44.262366,346684.7,6296959.6
PA69,226,VFPS-86,308,0,3,2025-10-18 12:16:44.262367,346684.7,6296959.6
PA69,226,VFPV-63,7149,25,60,2025-10-18 12:16:44.262368,346684.7,6296959.6
PA69,229,SDGY-21,9159,25,60,2025-10-18 12:16:44.262369,346684.7,6296959.6
PA69,229,SFWB-35,11211,25,60,2025-10-18 12:16:44.262370,346684.7,6296959.6
PG2125,G34,THTF-84,5104,15,21,2025-10-18 12:16:46.201169,343042.001,6286374.001
PG2125,G34,THTG-65,6567,20,28,2025-10-18 12:16:46.201174,343042.001,6286374.001
PG565,F06,SRVL-59,1154,4,6,2025-10-18 12:16:47.868258,345517.748,6285815.942
PI1065,I10,FLXL-33,2344,9,13,2025-10-18 12:16:49.911645,337257.767,6291854.54
PI1065,I10,FLXG-12,3710,14,20,2025-10-18 12:16:49.911650,337257.767,6291854.54
PI412,I09,FLXZ-13,6267,17,25,2025-10-18 12:16:52.169158,338842.191,6295297.598
PI412,I09,FLXY-98,8619,25,60,2025-10-18 12:16:52.169163,338842.191,6295297.598
PI412,401,PDYR-89,21,0,3,2025-10-18 12:16:52.169164,338842.191,6295297.598
PI412,401,PFBG-12,1661,0,5,2025-10-18 12:16:52.169165,338842.191,6295297.598
PI412,I08,FLXZ-93,1151,0,3,2025-10-18 12:16:52.169166,338842.191,6295297.598
PI412,I08,FLXY-68,4536,12,16,2025-10-18 12:16:52.169167,338842.191,6295297.598
PI412,405,PFYG-68,2366,4,6,2025-10-18 12:16:52.169168,338842.191,6295297.598
PI412,405,PFBG-34,2595,5,7,2025-10-18 12:16:52.169169,338842.191,6295297.598
PI412,419,PFVL-21,8759,19,27,2025-10-18 12:16:52.169170,338842.191,6295297.598
PI412,421,PFBG-21,2540,5,7,2025-10-18 12:16:52.169171,338842.191,6295297.598
PI412,421,PFYH-10,3691,9,11,2025-10-18 12:16:52.169172,338842.191,6295297.598
PI412,423,PFYS-39,9541,25,60,2025-10-18 12:16:52.169172,338842.191,6295297.598
PI412,404,PFYC-61,2174,4,6,2025-10-18 12:16:52.169173,338842.191,6295297.598
PI412,404,PFYC-37,3877,9,11,2025-10-18 12:16:52.169174,338842.191,6295297.598
PI412,106,PFYS-32,1327,0,4,2025-10-18 12:16:52.169175,338842.191,6295297.598
PI412,106,PGPT-29,2280,4,6,2025-10-18 12:16:52.169176,338842.191,6295297.598
PJ473,505,LXWR-73,1262,0,4,2025-10-18 12:16:54.155514,337376.64,6301528.41
PJ473,505,VHXJ-70,8643,25,60,2025-10-18 12:16:54.155519,337376.64,6301528.41
PJ473,408,LXWR-90,2637,8,12,2025-10-18 12:16:54.155520,337376.64,6301528.41
PJ473,408,LXWR-72,6950,25,60,2025-10-18 12:16:54.155521,337376.64,6301528.41
PJ473,513,VHZX-41,1828,4,6,2025-10-18 12:16:54.155522,337376.64,6301528.41
PJ473,513,VJJV-78,4914,12,16,2025-10-18 12:16:54.155523,337376.64,6301528.41
PE368,E03,BJFW-31,60,7,9,2025-10-18 12:16:56.044228,348894.653,6289004.14
PE368,E02,VKJX-31,5937,16,24,2025-10-18 12:16:56.044233,348894.653,6289004.14
PE368,E02,VKJX-26,8169,25,60,2025-10-18 12:16:56.044234,348894.653,6289004.14
PB488,428,SJPD-82,8356,18,26,2025-10-18 12:16:59.979726,338189.817,6306145.313
PB488,428,SLGT-29,8382,18,26,2025-10-18 12:16:59.979731,338189.817,6306145.313
PI1196,385,FLXL-45,1,0,3,2025-10-18 12:17:01.923457,339158.306,6293977.3
PI1196,385,FLXL-44,1029,0,3,2025-10-18 12:17:01.923462,339158.306,6293977.3
PI1196,I17,FLXZ-30,3782,10,14,2025-10-18 12:17:01.923464,339158.306,6293977.3
PI1196,I17,FLXZ-28,8165,25,60,2025-10-18 12:17:01.923465,339158.306,6293977.3
PB1878,107,PGRZ-87,4735,14,20,2025-10-18 12:17:04.081217,348353.01,6303127.7
PB1878,107,PGTV-28,5844,16,22,2025-10-18 12:17:04.081222,348353.01,6303127.7
PB1878,101,PGPT-12,8741,25,60,2025-10-18 12:17:04.081223,348353.01,6303127.7
PB1878,101,PFYS-25,8837,25,60,2025-10-18 12:17:04.081224,348353.01,6303127.7
PG1772,G11,THTF-11,2953,10,14,2025-10-18 12:17:09.942192,347198.632,6287564.312
PG1772,G11,THTD-10,7880,25,60,2025-10-18 12:17:09.942198,347198.632,6287564.312
PD608,D10,SVDC-88,2243,6,8,2025-10-18 12:17:11.862798,352835.058,6292058.117
PD608,D10,SVDC-69,3968,12,16,2025-10-18 12:17:11.862803,352835.058,6292058.117
PD608,D20,SVDD-95,6300,15,21,2025-10-18 12:17:11.862805,352835.058,6292058.117
PD608,508,PFXC-44,5395,13,19,2025-10-18 12:17:11.862805,352835.058,6292058.117
PD608,508,FLXW-65,10179,25,60,2025-10-18 12:17:11.862806,352835.058,6292058.117
PB1432,B27,FLXT-90,745,0,3,2025-10-18 12:17:13.762384,344749.106,6304402.568
PC654,C03,SHCV-79,93,0,3,2025-10-18 12:17:15.693528,353828.255,6305540.69
PC654,C03,LFSL-97,2830,9,11,2025-10-18 12:17:15.693534,353828.255,6305540.69
PH697,321,BJFS-75,679,0,3,2025-10-18 12:17:18.584008,343824.18,6289337.932
PH697,I05,VHTB-25,487,0,3,2025-10-18 12:17:18.584013,343824.18,6289337.932
PH697,I05,VHSY-36,4475,8,12,2025-10-18 12:17:18.584014,343824.18,6289337.932
PE826,E17,BJFW-26,3025,8,12,2025-10-18 12:17:20.501475,351935.292,6290832.519
PE826,E17,FLXT-30,5292,17,25,2025-10-18 12:17:20.501481,351935.292,6290832.519
PD73,212,LZPR-98,4458,12,16,2025-10-18 12:17:22.482632,351816.62,6292052.17
PD73,212,LZPW-21,6132,16,24,2025-10-18 12:17:22.482637,351816.62,6292052.17
PD73,104,SKVD-54,4154,12,16,2025-10-18 12:17:22.482638,351816.62,6292052.17
PD73,104,LCST-80,4474,12,18,2025-10-18 12:17:22.482639,351816.62,6292052.17
PD73,114,SKVD-68,1833,5,7,2025-10-18 12:17:22.482640,351816.62,6292052.17
PD73,106,PFYR-69,24,0,3,2025-10-18 12:17:22.482640,351816.62,6292052.17
PD73,106,PFVD-61,6769,20,28,2025-10-18 12:17:22.482641,351816.62,6292052.17
PD73,224,VFPL-46,1651,5,7,2025-10-18 12:17:22.482642,351816.62,6292052.17
PD73,224,VGKY-82,4643,13,19,2025-10-18 12:17:22.482643,351816.62,6292052.17
PG382,301,BJFS-58,819,0,3,2025-10-18 12:17:23.897549,344870.325,6285023.788
PG382,301,BJFX-32,3595,12,16,2025-10-18 12:17:23.897554,344870.325,6285023.788
PE157,E04,VKJZ-48,2268,8,10,2025-10-18 12:17:26.009978,350583.0,6290887.0
PE157,E04,VKJX-54,8222,25,60,2025-10-18 12:17:26.009983,350583.0,6290887.0
PA96,385,FLXK-51,5029,18,26,2025-10-18 12:17:28.023608,347121.74,6296427.8
PA96,385,FLXL-76,7425,25,60,2025-10-18 12:17:28.023613,347121.74,6296427.8
PA96,203,LZPR-95,2489,11,15,2025-10-18 12:17:28.023614,347121.74,6296427.8
PA96,203,SXKV-86,4274,18,26,2025-10-18 12:17:28.023615,347121.74,6296427.8
PA96,206,SDGY-10,1341,6,8,2025-10-18 12:17:28.023616,347121.74,6296427.8
PC525,503,VGVC-58,1830,5,7,2025-10-18 12:17:32.205243,356320.852,6301380.236
PC525,503,VGTW-82,6187,17,25,2025-10-18 12:17:32.205248,356320.852,6301380.236
PC525,225,SFWZ-20,2605,7,9,2025-10-18 12:17:32.205249,356320.852,6301380.236
PC525,225,SFWZ-65,3874,12,16,2025-10-18 12:17:32.205249,356320.852,6301380.236
PC525,722,STHK-39,2534,8,10,2025-10-18 12:17:32.205250,356320.852,6301380.236
PC525,722,TXZH-28,6764,20,28,2025-10-18 12:17:32.205251,356320.852,6301380.236
PC525,C06,LWTK-55,1894,5,7,2025-10-18 12:17:32.205252,356320.852,6301380.236
PC525,C06,LWTK-52,6251,25,60,2025-10-18 12:17:32.205253,356320.852,6301380.236
PC525,D11,STKP-84,3710,13,17,2025-10-18 12:17:32.205254,356320.852,6301380.236
PC525,D11,SVDF-57,8062,25,60,2025-10-18 12:17:32.205254,356320.852,6301380.236
PB1244,B06,SKDG-18,1869,6,8,2025-10-18 12:17:33.578121,337079.946,6307610.468
PB1244,B06,SKDG-40,5598,19,27,2025-10-18 12:17:33.578126,337079.946,6307610.468
PG1713,F03,SPVT-74,2620,9,11,2025-10-18 12:17:35.498353,348482.45,6278502.745
PG1713,F03,SPVV-62,6031,18,26,2025-10-18 12:17:35.498367,348482.45,6278502.745
PE542,323,BJFX-12,2136,5,7,2025-10-18 12:17:38.626882,354613.257,6289164.825
PD761,D02,SVDC-75,5889,16,22,2025-10-18 12:17:40.538346,353457.439,6296427.117
PB1232,B22,SPCG-88,1016,0,3,2025-10-18 12:17:42.336159,345659.157,6305780.054
PB1232,B18,FLXP-69,224,0,3,2025-10-18 12:17:42.336165,345659.157,6305780.054
PD161,106,PFYR-86,5040,17,23,2025-10-18 12:17:43.798993,351054.348,6296158.456
PD161,106,PFVC-45,6410,25,60,2025-10-18 12:17:43.798998,351054.348,6296158.456
PD161,508,LXWR-67,1212,0,3,2025-10-18 12:17:43.799000,351054.348,6296158.456
PD161,508,TBFW-68,2525,6,8,2025-10-18 12:17:43.799001,351054.348,6296158.456
PD161,511,TBFW-91,504,0,3,2025-10-18 12:17:43.799002,351054.348,6296158.456
PF969,F08,SPVT-72,542,0,4,2025-10-18 12:17:45.772246,355691.469,6285673.137
PF969,F08,SPVT-96,1209,5,7,2025-10-18 12:17:45.772250,355691.469,6285673.137
PF969,E11,VKJZ-50,3447,15,21,2025-10-18 12:17:45.772252,355691.469,6285673.137
PF969,E11,VKJY-50,10067,25,60,2025-10-18 12:17:45.772253,355691.469,6285673.137
PA497,D05,SPBS-57,860,4,6,2025-10-18 12:17:47.785398,347653.275,6295225.977
PA497,D07,STWB-27,609,0,4,2025-10-18 12:17:47.785403,347653.275,6295225.977
PA497,H07,FLXG-98,377,0,3,2025-10-18 12:17:47.785404,347653.275,6295225.977
PA497,H07,FLXF-50,2755,12,16,2025-10-18 12:17:47.785405,347653.275,6295225.977
PA497,H13,FLXK-72,1127,7,9,2025-10-18 12:17:47.785406,347653.275,6295225.977
PA497,511,TBFT-92,1028,9,11,2025-10-18 12:17:47.785407,347653.275,6295225.977
PA497,511,TBFP-72,2461,13,19,2025-10-18 12:17:47.785407,347653.275,6295225.977
PC1257,212,SVPW-57,2339,8,10,2025-10-18 12:17:49.692185,350605.2,6301375.6
PC1257,212,LZRB-85,2450,8,10,2025-10-18 12:17:49.692190,350605.2,6301375.6
PJ550,J19,VHLS-78,101,0,3,2025-10-18 12:17:51.698743,337790.646,6296679.126
PJ550,510,TBFR-55,90,0,3,2025-10-18 12:17:51.698748,337790.646,6296679.126
PJ550,516,GCBC-95,2231,9,11,2025-10-18 12:17:51.698749,337790.646,6296679.126
PD601,325,VFJP-53,3985,13,19,2025-10-18 12:17:53.710591,352228.314,6293283.295
PD601,325,VFJR-90,7336,25,60,2025-10-18 12:17:53.710596,352228.314,6293283.295
PD601,508,PFXC-44,3146,9,11,2025-10-18 12:17:53.710597,352228.314,6293283.295
PD601,508,FLXW-65,8121,25,60,2025-10-18 12:17:53.710598,352228.314,6293283.295
PJ80,111,FLXY-58,2344,25,60,2025-10-18 12:17:55.342889,337138.117,6296323.511
PJ80,111,FLXX-66,3522,25,60,2025-10-18 12:17:55.342894,337138.117,6296323.511
PJ80,110,FLXW-35,2591,9,13,2025-10-18 12:17:55.342895,337138.117,6296323.511
PJ80,110,FLXG-18,8590,25,60,2025-10-18 12:17:55.342896,337138.117,6296323.511
PF520,F01,SPVT-92,1986,5,7,2025-10-18 12:17:57.001345,355718.109,6279477.265
PF520,F01,SPVT-82,6343,25,60,2025-10-18 12:17:57.001350,355718.109,6279477.265
PF520,F29,SRPJ-73,3032,10,14,2025-10-18 12:17:57.001351,355718.109,6279477.265
PF520,F29,SPVW-98,5409,19,27,2025-10-18 12:17:57.001352,355718.109,6279477.265
PF520,712,SHCW-65,2283,9,11,2025-10-18 12:17:57.001353,355718.109,6279477.265
PF520,712,SRVL-70,2747,10,14,2025-10-18 12:17:57.001354,355718.109,6279477.265
PG698,G02,FZZF-95,542,0,3,2025-10-18 12:17:59.012858,342246.492,6278428.859
PG698,G02,GCWF-73,3525,12,16,2025-10-18 12:17:59.012863,342246.492,6278428.859
PG698,G08V,FLXV-17,166,0,3,2025-10-18 12:17:59.012864,342246.492,6278428.859
PG698,G08V,FLXV-20,250,0,3,2025-10-18 12:17:59.012865,342246.492,6278428.859
PG698,G38,THTD-11,6884,13,19,2025-10-18 12:17:59.012866,342246.492,6278428.859
PG698,G38,THTF-59,8836,19,27,2025-10-18 12:17:59.012867,342246.492,6278428.859
PG698,G07,THTD-46,3135,8,10,2025-10-18 12:17:59.012868,342246.492,6278428.859
PG698,G07,THTD-81,3897,9,13,2025-10-18 12:17:59.012869,342246.492,6278428.859
PG698,211,TBYY-69,121,0,3,2025-10-18 12:17:59.012870,342246.492,6278428.859
PG698,211,TBYY-63,570,0,3,2025-10-18 12:17:59.012871,342246.492,6278428.859
PC1094,C14,SKPJ-40,398,0,3,2025-10-18 12:18:01.052506,356126.61,6309754.391
PG79,F03,FLXJ-36,855,0,5,2025-10-18 12:18:03.154935,341888.835,6282037.305
PG79,F03,SPVV-83,2804,9,13,2025-10-18 12:18:03.154940,341888.835,6282037.305
PG79,201E,VFHS-98,2171,8,10,2025-10-18 12:18:03.154941,341888.835,6282037.305
PG79,G08V,CJRL-62,808,0,3,2025-10-18 12:18:03.154942,341888.835,6282037.305
PG79,G08V,FLXV-29,4982,15,21,2025-10-18 12:18:03.154943,341888.835,6282037.305
PG79,G14,FLXD-19,141,0,3,2025-10-18 12:18:03.154944,341888.835,6282037.305
PG79,G14,CJRP-16,3997,12,16,2025-10-18 12:18:03.154945,341888.835,6282037.305
PG79,G28,BJFX-22,5963,16,24,2025-10-18 12:18:03.154955,341888.835,6282037.305
PG79,G28,BJFW-41,11530,25,60,2025-10-18 12:18:03.154956,341888.835,6282037.305
PC569,B27,FLXT-87,2940,8,10,2025-10-18 12:18:05.128341,349074.41,6299516.65
PC569,B27,FLXS-24,4347,15,21,2025-10-18 12:18:05.128346,349074.41,6299516.65
PI339,401,PFVK-60,44,0,3,2025-10-18 12:18:07.225678,342380.5,6296955.46
PI339,401,PFYG-65,5658,13,19,2025-10-18 12:18:07.225683,342380.5,6296955.46
PI339,421,PDZS-89,5739,12,18,2025-10-18 12:18:07.225685,342380.5,6296955.46
PI339,421,PFTW-10,11281,25,60,2025-10-18 12:18:07.225686,342380.5,6296955.46
PI339,J10,VJBB-31,179,0,3,2025-10-18 12:18:07.225687,342380.5,6296955.46
PI339,J10,VHZV-71,5361,13,19,2025-10-18 12:18:07.225688,342380.5,6296955.46
PI339,511,TBFT-46,3241,10,14,2025-10-18 12:18:07.225689,342380.5,6296955.46
PI339,511,TBFT-51,5424,16,22,2025-10-18 12:18:07.225690,342380.5,6296955.46
PI339,516,TBFR-80,509,0,3,2025-10-18 12:18:07.225691,342380.5,6296955.46
PI339,516,FLXV-73,5062,13,19,2025-10-18 12:18:07.225692,342380.5,6296955.46
PI339,J13,TBFW-17,2666,9,11,2025-10-18 12:18:07.225693,342380.5,6296955.46
PI339,J13,TBFR-54,6039,20,28,2025-10-18 12:18:07.225694,342380.5,6296955.46
PI339,412,PFTW-47,4059,11,15,2025-10-18 12:18:07.225695,342380.5,6296955.46
PI339,412,PFVG-94,4729,13,19,2025-10-18 12:18:07.225696,342380.5,6296955.46
PI339,418,SHXF-29,2021,5,7,2025-10-18 12:18:07.225697,342380.5,6296955.46
PI339,418,PFYC-53,5160,13,19,2025-10-18 12:18:07.225697,342380.5,6296955.46
PI339,405,PFTF-89,85,0,3,2025-10-18 12:18:07.225698,342380.5,6296955.46
PI339,405,PFVK-90,4478,8,12,2025-10-18 12:18:07.225699,342380.5,6296955.46
PI339,510,PFXC-73,2148,5,7,2025-10-18 12:18:07.225701,342380.5,6296955.46
PI339,510,TBFR-55,5457,12,18,2025-10-18 12:18:07.225701,342380.5,6296955.46
PI339,519,TBFV-17,1977,8,12,2025-10-18 12:18:07.225703,342380.5,6296955.46
PD359,418,PFVG-79,962,0,4,2025-10-18 12:18:09.190734,354338.932,6298318.668
PD359,418,PFYC-65,6715,25,60,2025-10-18 12:18:09.190739,354338.932,6298318.668
PD359,425,SHCY-20,3464,11,15,2025-10-18 12:18:09.190740,354338.932,6298318.668
PD359,425,SHXG-40,5015,15,21,2025-10-18 12:18:09.190740,354338.932,6298318.668
PD359,429,SLGS-96,5273,25,60,2025-10-18 12:18:09.190741,354338.932,6298318.668
PD359,429,SLPC-18,12508,25,60,2025-10-18 12:18:09.190742,354338.932,6298318.668
PI1618,113,FLXW-95,422,0,3,2025-10-18 12:18:12.804420,341790.263,6292918.016
PI1618,113,FLXY-67,3715,8,10,2025-10-18 12:18:12.804424,341790.263,6292918.016
PI1618,115,PFXB-92,1626,0,3,2025-10-18 12:18:12.804425,341790.263,6292918.016
PI1618,115,GCBD-14,6934,15,21,2025-10-18 12:18:12.804426,341790.263,6292918.016
PI1618,109,GCBD-84,1201,0,5,2025-10-18 12:18:12.804427,341790.263,6292918.016
PI1618,109,TBFR-32,5677,15,21,2025-10-18 12:18:12.804428,341790.263,6292918.016
PI1618,108,PFTW-68,3323,6,8,2025-10-18 12:18:12.804429,341790.263,6292918.016
PI1618,108,PFYS-38,8490,18,26,2025-10-18 12:18:12.804429,341790.263,6292918.016
PB1095,B09,SHCY-39,2796,8,10,2025-10-18 12:18:14.457289,339400.899,6303360.919
PB1095,B09,SHCY-47,10981,25,60,2025-10-18 12:18:14.457293,339400.899,6303360.919
PB1095,120,TXZK-38,2440,8,12,2025-10-18 12:18:14.457295,339400.899,6303360.919
PB1095,120,TXZH-37,7698,25,60,2025-10-18 12:18:14.457295,339400.899,6303360.919
PB1095,B29,SKHG-95,695,6,8,2025-10-18 12:18:14.457296,339400.899,6303360.919
PB1095,B29,LXDH-84,2212,8,10,2025-10-18 12:18:14.457297,339400.899,6303360.919
PI386,421,PFTW-10,2138,10,14,2025-10-18 12:18:16.477514,336793.18,6290854.28
PI386,421,PFVK-49,5218,25,60,2025-10-18 12:18:16.477519,336793.18,6290854.28
PI386,111,FLXY-63,5618,17,25,2025-10-18 12:18:16.477520,336793.18,6290854.28
PI386,111,FLXW-97,8475,25,60,2025-10-18 12:18:16.477521,336793.18,6290854.28
PI386,I09,FLXY-87,3403,12,16,2025-10-18 12:18:16.477522,336793.18,6290854.28
PI386,110,FLXG-18,719,0,3,2025-10-18 12:18:16.477523,336793.18,6290854.28
PI386,106,PFVD-57,760,0,3,2025-10-18 12:18:16.477524,336793.18,6290854.28
PI386,106,PFVD-65,2558,8,10,2025-10-18 12:18:16.477525,336793.18,6290854.28
PI386,405,PDYH-96,2164,9,13,2025-10-18 12:18:16.477526,336793.18,6290854.28
PA185,412,PFTW-26,234,0,3,2025-10-18 12:18:20.645962,345603.741,6298038.598
PA185,412,LXWP-87,245,0,3,2025-10-18 12:18:20.645968,345603.741,6298038.598
PA185,418,SHXF-92,4500,12,16,2025-10-18 12:18:20.645969,345603.741,6298038.598
PA185,418,PFYC-35,7570,25,60,2025-10-18 12:18:20.645971,345603.741,6298038.598
PA185,345,FLXL-21,1837,7,9,2025-10-18 12:18:20.645972,345603.741,6298038.598
PA185,518,TBFW-77,922,0,4,2025-10-18 12:18:20.645973,345603.741,6298038.598
PA185,518,TBFP-88,4703,15,21,2025-10-18 12:18:20.645974,345603.741,6298038.598
PA185,519,TBFR-90,1420,0,4,2025-10-18 12:18:20.645975,345603.741,6298038.598
PA185,519,FLXV-70,7353,19,27,2025-10-18 12:18:20.645976,345603.741,6298038.598
PA185,210,LZRD-97,902,0,4,2025-10-18 12:18:20.645977,345603.741,6298038.598
PA185,210,RWTP-82,2643,8,10,2025-10-18 12:18:20.645978,345603.741,6298038.598
PA185,210V,VGBW-99,1350,4,6,2025-10-18 12:18:20.645979,345603.741,6298038.598
PA185,210V,VFRG-35,5726,16,22,2025-10-18 12:18:20.645980,345603.741,6298038.598
PA185,385,FLXG-69,2237,7,9,2025-10-18 12:18:20.645981,345603.741,6298038.598
PA185,385,FLXK-96,5046,17,25,2025-10-18 12:18:20.645982,345603.741,6298038.598
PA185,516,PFWZ-81,1397,0,4,2025-10-18 12:18:20.645983,345603.741,6298038.598
PA185,516,GCBD-53,4848,14,20,2025-10-18 12:18:20.645984,345603.741,6298038.598
PJ1712,J08,PFXB-24,2960,8,12,2025-10-18 12:18:22.611354,336196.751,6296539.799
PJ1712,J08,TBFR-13,6288,19,27,2025-10-18 12:18:22.611359,336196.751,6296539.799
PJ1724,J18,VHZW-81,1773,0,5,2025-10-18 12:18:24.582379,334643.668,6299792.931
PJ1724,J18,VHZX-91,5889,17,25,2025-10-18 12:18:24.582384,334643.668,6299792.931
PD270,225,SFVZ-85,4876,8,12,2025-10-18 12:18:26.556418,352380.316,6291671.191
PD270,225,SFWZ-49,5347,10,14,2025-10-18 12:18:26.556423,352380.316,6291671.191
PD270,514,TBFW-40,605,0,3,2025-10-18 12:18:26.556424,352380.316,6291671.191
PD270,514,TBFX-69,6078,16,24,2025-10-18 12:18:26.556425,352380.316,6291671.191
PD270,712,SJPC-43,5884,14,20,2025-10-18 12:18:26.556426,352380.316,6291671.191
PD270,712,SPZY-56,6847,17,23,2025-10-18 12:18:26.556427,352380.316,6291671.191
PI160,108,PFVD-55,2573,8,12,2025-10-18 12:18:30.487986,335371.714,6288540.981
PI160,108,PFYS-34,3547,12,16,2025-10-18 12:18:30.487991,335371.714,6288540.981
PI160,419,PFVL-11,1597,5,7,2025-10-18 12:18:30.487992,335371.714,6288540.981
PI160,419,PFVK-93,4438,12,18,2025-10-18 12:18:30.487993,335371.714,6288540.981
PI160,509,FLXW-51,3995,12,16,2025-10-18 12:18:30.487994,335371.714,6288540.981
PI160,509,FLXH-90,5557,16,22,2025-10-18 12:18:30.487995,335371.714,6288540.981
PI160,118,BFKC-96,4708,15,21,2025-10-18 12:18:30.487996,335371.714,6288540.981
PI160,118,FLXX-77,5269,16,24,2025-10-18 12:18:30.487996,335371.714,6288540.981
PG460,E03,BJFX-10,72,0,3,2025-10-18 12:18:32.292964,346390.542,6289320.571
PG460,E03,BJFW-72,3573,9,11,2025-10-18 12:18:32.292970,346390.542,6289320.571
PF275,F05,SPZX-59,3184,11,15,2025-10-18 12:18:34.260625,354359.187,6283284.444
PF275,F05,SPZY-67,5196,19,27,2025-10-18 12:18:34.260630,354359.187,6283284.444
PI1831,I25,FLXL-87,2409,5,7,2025-10-18 12:18:36.176552,339187.43,6292982.59
PI1831,I25,FLXF-23,5672,13,17,2025-10-18 12:18:36.176557,339187.43,6292982.59
PE74,E12,VFKW-18,60,0,3,2025-10-18 12:18:37.789874,349147.581,6289080.542
PE74,E12,VFHX-21,6022,20,28,2025-10-18 12:18:37.789879,349147.581,6289080.542
PE74,226,VFPH-79,2792,8,12,2025-10-18 12:18:37.789880,349147.581,6289080.542
PE74,226,VFPF-61,6008,19,27,2025-10-18 12:18:37.789881,349147.581,6289080.542
PE764,E13,VFHX-52,509,0,3,2025-10-18 12:18:41.949648,350473.514,6287557.192
PE764,E13,VFKV-37,4301,15,21,2025-10-18 12:18:41.949653,350473.514,6287557.192
PE764,286,SCRZ-39,14792,25,60,2025-10-18 12:18:41.949654,350473.514,6287557.192
PE764,286,SCRZ-30,17669,25,60,2025-10-18 12:18:41.949655,350473.514,6287557.192
PJ481,J20,TBFV-34,1641,6,8,2025-10-18 12:18:43.980872,337244.35,6299793.2
PF199,F29,SPVW-97,1456,0,4,2025-10-18 12:18:45.954351,357667.977,6280213.766
PG266,G12,THTF-71,373,0,3,2025-10-18 12:18:47.911498,343268.784,6287767.338
PG266,223,SCRZ-24,2670,9,13,2025-10-18 12:18:47.911503,343268.784,6287767.338
PF178,F01,SPVT-92,375,0,3,2025-10-18 12:18:49.829106,354760.294,6279796.566
PF178,F01,SPVT-82,4377,17,25,2025-10-18 12:18:49.829110,354760.294,6279796.566
PF178,F11,SKVB-10,1155,6,8,2025-10-18 12:18:49.829112,354760.294,6279796.566
PF178,F29,SRPJ-73,1314,5,7,2025-10-18 12:18:49.829112,354760.294,6279796.566
PF178,F29,SPVW-98,3422,14,20,2025-10-18 12:18:49.829113,354760.294,6279796.566
PC739,C22,SGPY-81,3556,10,14,2025-10-18 12:18:51.711610,351223.153,6304455.801
PB927,B06,SKDH-41,3013,8,12,2025-10-18 12:18:53.660107,345281.942,6305370.325
PB1005,B12,SKDH-59,4718,9,13,2025-10-18 12:18:55.623664,341183.179,6310659.432
PB1005,B12,SKDF-92,6947,18,26,2025-10-18 12:18:55.623669,341183.179,6310659.432
PB1005,B07,STHK-38,4294,8,10,2025-10-18 12:18:55.623670,341183.179,6310659.432
PB1005,B33,SHXD-94,7904,19,27,2025-10-18 12:18:55.623671,341183.179,6310659.432
PC820,C09,SGPY-58,5145,14,20,2025-10-18 12:18:57.581364,359015.738,6302717.626
PJ1706,422,TBFW-62,3912,11,15,2025-10-18 12:18:59.546388,336132.766,6299147.894
PJ1706,422,PFWZ-55,8960,25,60,2025-10-18 12:18:59.546393,336132.766,6299147.894
PC312,C09,SKPJ-78,2286,7,9,2025-10-18 12:19:01.462983,357232.583,6301972.243
PC312,C09,SGPY-58,8087,25,60,2025-10-18 12:19:01.462989,357232.583,6301972.243
PC312,C37,SHXD-67,822,0,3,2025-10-18 12:19:01.462990,357232.583,6301972.243
PC312,C37,SHXD-63,6240,11,15,2025-10-18 12:19:01.462991,357232.583,6301972.243
PC312,407,PFXB-17,653,0,3,2025-10-18 12:19:01.462992,357232.583,6301972.243
PG2131,G28,BJFW-50,1514,0,5,2025-10-18 12:19:03.348914,343745.001,6281841.001
PH134,229,SDGY-21,5189,18,26,2025-10-18 12:19:05.490876,346743.528,6293769.237
PH134,229,SFWB-35,7156,25,60,2025-10-18 12:19:05.490881,346743.528,6293769.237
PH134,301,BJFV-35,631,0,3,2025-10-18 12:19:05.490882,346743.528,6293769.237
PH134,301,BJFX-29,4673,13,19,2025-10-18 12:19:05.490883,346743.528,6293769.237
PH134,223,SFGY-77,667,0,4,2025-10-18 12:19:05.490884,346743.528,6293769.237
PH134,223,SHCX-23,804,0,5,2025-10-18 12:19:05.490885,346743.528,6293769.237
PH134,201,GCBB-99,736,0,5,2025-10-18 12:19:05.490886,346743.528,6293769.237
PH134,201,GCBB-20,4707,18,26,2025-10-18 12:19:05.490886,346743.528,6293769.237
PH134,214,GCBB-31,717,0,3,2025-10-18 12:19:05.490887,346743.528,6293769.237
PH134,214,GCBB-56,4972,16,24,2025-10-18 12:19:05.490888,346743.528,6293769.237
PH134,226,VFPV-63,3351,13,19,2025-10-18 12:19:05.490889,346743.528,6293769.237
PH134,226,VFPG-91,7652,25,60,2025-10-18 12:19:05.490890,346743.528,6293769.237
PI1611,I04,FLXF-91,2461,7,9,2025-10-18 12:19:07.249394,342165.297,6295451.344
PI1611,I04,FLXZ-61,6038,17,23,2025-10-18 12:19:07.249399,342165.297,6295451.344
PG130,F20,SPZY-65,2206,7,9,2025-10-18 12:19:08.669023,349738.797,6282764.113
PG130,F20,SPZY-78,4725,15,21,2025-10-18 12:19:08.669028,349738.797,6282764.113
PG130,205,LZRD-75,2575,8,10,2025-10-18 12:19:08.669029,349738.797,6282764.113
PG130,205,RWTP-88,5938,19,27,2025-10-18 12:19:08.669030,349738.797,6282764.113
PG130,286,SFGY-72,3066,8,10,2025-10-18 12:19:08.669030,349738.797,6282764.113
PG130,286,SFPG-44,3516,8,12,2025-10-18 12:19:08.669031,349738.797,6282764.113
PI364,428,SHXD-59,4299,12,16,2025-10-18 12:19:10.576166,338569.33,6291622.808
PI364,428,SJPD-55,5491,16,22,2025-10-18 12:19:10.576171,338569.33,6291622.808
PI364,444,SHXD-77,7556,19,27,2025-10-18 12:19:10.576173,338569.33,6291622.808
PG844,229,SFWZ-27,1014,0,3,2025-10-18 12:19:12.575130,346678.187,6285921.865
PG844,302,BJFX-46,4315,14,20,2025-10-18 12:19:12.575138,346678.187,6285921.865
PG844,E18,BJFV-82,6479,25,60,2025-10-18 12:19:12.575141,346678.187,6285921.865
PG844,E18,BJFV-22,10692,25,60,2025-10-18 12:19:12.575143,346678.187,6285921.865
PG844,G04,SHXB-18,1285,0,5,2025-10-18 12:19:12.575145,346678.187,6285921.865
PG844,G04,SDSW-76,3735,15,21,2025-10-18 12:19:12.575146,346678.187,6285921.865
PG844,G18,THTF-79,409,0,3,2025-10-18 12:19:12.575148,346678.187,6285921.865
PG844,G18,THTD-92,4778,20,28,2025-10-18 12:19:12.575150,346678.187,6285921.865
PG844,F05,SRVK-82,227,0,5,2025-10-18 12:19:12.575152,346678.187,6285921.865
PG844,F05,SPZY-44,5399,25,60,2025-10-18 12:19:12.575154,346678.187,6285921.865
PH201,227,VGCB-59,1172,0,3,2025-10-18 12:19:14.543626,347682.1,6292562.83
PH201,227,VFPL-81,5471,13,19,2025-10-18 12:19:14.543631,347682.1,6292562.83
PH201,207,LZPT-41,4044,9,13,2025-10-18 12:19:14.543632,347682.1,6292562.83
PH201,207,SFWB-68,6453,15,21,2025-10-18 12:19:14.543633,347682.1,6292562.83
PH201,209,LZPT-67,2100,5,7,2025-10-18 12:19:14.543634,347682.1,6292562.83
PH201,209,LZPT-70,3995,10,14,2025-10-18 12:19:14.543635,347682.1,6292562.83
PH201,205,RWTP-96,3725,9,13,2025-10-18 12:19:14.543636,347682.1,6292562.83
PH201,205,RWTP-78,5451,15,21,2025-10-18 12:19:14.543637,347682.1,6292562.83
PF1067,F27,SPRY-45,4256,12,16,2025-10-18 12:19:16.487683,356117.0,6284269.59
PF1067,F27,SPRY-91,6847,21,29,2025-10-18 12:19:16.487688,356117.0,6284269.59
PH498,H24,VGRD-35,1949,5,7,2025-10-18 12:19:18.440866,346612.379,6294348.569
PH498,H06,BJFS-36,1005,0,3,2025-10-18 12:19:18.440872,346612.379,6294348.569
PF1168,F26,SPVV-65,561,0,3,2025-10-18 12:19:20.354724,356884.0,6282101.0
PF1168,F26,SRPJ-88,4536,9,11,2025-10-18 12:19:20.354729,356884.0,6282101.0
PF1168,102,SPZX-67,9425,25,60,2025-10-18 12:19:20.354731,356884.0,6282101.0
PF1168,102,SRVH-33,9898,25,60,2025-10-18 12:19:20.354732,356884.0,6282101.0
PI540,506,TBFT-30,2836,8,10,2025-10-18 12:19:22.316413,341695.738,6295945.667
PI540,506,FLXW-21,9569,25,60,2025-10-18 12:19:22.316418,341695.738,6295945.667
PI540,506V,TBFT-70,2568,7,9,2025-10-18 12:19:22.316419,341695.738,6295945.667
PI540,506V,TBFR-22,4295,12,18,2025-10-18 12:19:22.316420,341695.738,6295945.667
PI540,509,FLXX-90,1883,0,5,2025-10-18 12:19:22.316421,341695.738,6295945.667
PI540,509,FLXV-87,5997,15,21,2025-10-18 12:19:22.316422,341695.738,6295945.667
PD747,D02,SVDC-71,332,0,3,2025-10-18 12:19:24.231298,356530.765,6298158.93
PD747,D02,SVDD-53,6801,18,26,2025-10-18 12:19:24.231304,356530.765,6298158.93
PA195,214,GCBB-21,24,0,3,2025-10-18 12:19:26.555068,346743.83,6299085.44
PA195,214,GCBB-74,242,0,3,2025-10-18 12:19:26.555073,346743.83,6299085.44
PA195,206,SDGY-18,386,0,3,2025-10-18 12:19:26.555074,346743.83,6299085.44
PA195,208,LZPT-57,5027,18,26,2025-10-18 12:19:26.555075,346743.83,6299085.44
PA195,208,SDGY-33,7219,25,60,2025-10-18 12:19:26.555076,346743.83,6299085.44
PA195,B02,FLXR-73,72,0,3,2025-10-18 12:19:26.555077,346743.83,6299085.44
PA195,B02,FLXR-81,5887,25,60,2025-10-18 12:19:26.555078,346743.83,6299085.44
PA195,116,LDJJ-74,812,0,4,2025-10-18 12:19:26.555079,346743.83,6299085.44
PA195,116,FLXT-53,1158,4,6,2025-10-18 12:19:26.555079,346743.83,6299085.44
PA195,230,GCBC-14,432,0,4,2025-10-18 12:19:26.555080,346743.83,6299085.44
PA195,230,FLXZ-99,4255,20,28,2025-10-18 12:19:26.555081,346743.83,6299085.44
PA195,203,LZPR-95,1,0,3,2025-10-18 12:19:26.555082,346743.83,6299085.44
PA195,203,SXKV-86,1102,7,9,2025-10-18 12:19:26.555082,346743.83,6299085.44
PA195,207,LZPS-20,57,0,3,2025-10-18 12:19:26.555083,346743.83,6299085.44
PA195,B24,STHD-72,1498,8,12,2025-10-18 12:19:26.555084,346743.83,6299085.44
PA195,B24,SJTD-56,1849,10,14,2025-10-18 12:19:26.555085,346743.83,6299085.44
PC27,104,SKWD-34,2084,10,14,2025-10-18 12:19:30.480721,351236.848,6298885.181
PC27,212,LZPR-97,2036,8,10,2025-10-18 12:19:30.480727,351236.848,6298885.181
PB2148,B43,SHXG-81,4729,12,16,2025-10-18 12:19:33.686839,338094.001,6308495.001
PB2148,B43,SGPY-68,7693,25,60,2025-10-18 12:19:33.686844,338094.001,6308495.001
PA603,J10,VHZW-71,156,0,3,2025-10-18 12:19:35.638348,344151.92,6299525.288
PH204,227,VGCB-59,2710,5,7,2025-10-18 12:19:37.615392,347519.754,6293811.424
PH204,227,VFPL-81,6929,17,23,2025-10-18 12:19:37.615397,347519.754,6293811.424
PH204,207,LZPT-41,5351,11,15,2025-10-18 12:19:37.615398,347519.754,6293811.424
PH204,207,SFWB-68,7873,17,25,2025-10-18 12:19:37.615399,347519.754,6293811.424
PH204,209,LZPT-67,3451,8,10,2025-10-18 12:19:37.615400,347519.754,6293811.424
PH204,209,LZPT-70,5262,13,17,2025-10-18 12:19:37.615401,347519.754,6293811.424
PH204,205,RWTP-96,5068,11,15,2025-10-18 12:19:37.615402,347519.754,6293811.424
PH204,205,RWTP-78,6857,17,23,2025-10-18 12:19:37.615402,347519.754,6293811.424
PH103,113,FLXW-66,2878,10,14,2025-10-18 12:19:39.585003,346229.525,6294419.552
PH103,H06,BJFZ-69,459,0,4,2025-10-18 12:19:39.585008,346229.525,6294419.552
PH103,H06,BJFT-10,2768,12,16,2025-10-18 12:19:39.585009,346229.525,6294419.552
PH103,115,GCBD-14,1003,0,5,2025-10-18 12:19:39.585010,346229.525,6294419.552
PH103,H24,VGRG-34,6007,20,28,2025-10-18 12:19:39.585011,346229.525,6294419.552
PH103,H24,VGRC-93,6721,25,60,2025-10-18 12:19:39.585011,346229.525,6294419.552
PJ442,505,LZPH-30,2781,8,10,2025-10-18 12:19:41.595509,339392.5,6301422.68
PJ442,505,VJJX-78,3913,11,15,2025-10-18 12:19:41.595514,339392.5,6301422.68
PJ442,J16,GCBD-12,3373,7,9,2025-10-18 12:19:41.595516,339392.5,6301422.68
PB1252,315E,TWPD-15,209,0,3,2025-10-18 12:19:45.511770,338213.391,6308375.081
PB1252,315E,TWPD-85,2327,6,8,2025-10-18 12:19:45.511775,338213.391,6308375.081
PB1252,B45,FLXF-39,19,0,3,2025-10-18 12:19:45.511776,338213.391,6308375.081
PB1252,B45,TWPC-93,3062,8,12,2025-10-18 12:19:45.511777,338213.391,6308375.081
PB1252,B13,FLXS-63,616,0,4,2025-10-18 12:19:45.511778,338213.391,6308375.081
PB1252,B13,STHJ-72,7278,25,60,2025-10-18 12:19:45.511778,338213.391,6308375.081
PC373,C19,SKPJ-89,653,0,3,2025-10-18 12:19:47.638939,354058.389,6302238.96
PC373,C19,SKPJ-82,4459,11,15,2025-10-18 12:19:47.638944,354058.389,6302238.96
PD1278,D18,SPBS-69,897,0,5,2025-10-18 12:19:49.587412,352657.783,6297866.278
PD1278,D18,SVDC-90,3152,13,19,2025-10-18 12:19:49.587417,352657.783,6297866.278
PB435,303,FLXF-85,1372,0,5,2025-10-18 12:19:51.653244,343908.5,6301501.14
PB435,303,FLXF-10,6065,25,60,2025-10-18 12:19:51.653250,343908.5,6301501.14
PB435,307,TWPD-27,3968,10,14,2025-10-18 12:19:51.653251,343908.5,6301501.14
PB435,307,FLXJ-12,4729,13,19,2025-10-18 12:19:51.653252,343908.5,6301501.14
PB435,314,TWPC-60,3791,13,17,2025-10-18 12:19:51.653254,343908.5,6301501.14
PB435,314,VHSX-72,6243,25,60,2025-10-18 12:19:51.653255,343908.5,6301501.14
PG997,G08V,FLXV-30,4292,12,16,2025-10-18 12:19:53.619921,345140.28,6282697.49
PG997,G08V,FLXV-31,5099,13,19,2025-10-18 12:19:53.619926,345140.28,6282697.49
PG997,G23,SFVZ-56,2208,8,10,2025-10-18 12:19:53.619928,345140.28,6282697.49
PG997,G16,SFPG-57,2678,7,9,2025-10-18 12:19:53.619929,345140.28,6282697.49
PG997,G16,SFGY-70,4809,12,16,2025-10-18 12:19:53.619929,345140.28,6282697.49
PE812,E15C,VFJP-24,2766,9,11,2025-10-18 12:19:55.226174,350915.216,6285586.898
PE812,E15C,VFKS-68,6090,19,27,2025-10-18 12:19:55.226179,350915.216,6285586.898
PE812,325,VFJV-14,6241,19,27,2025-10-18 12:19:55.226181,350915.216,6285586.898
PE812,325,VFKT-50,9832,25,60,2025-10-18 12:19:55.226182,350915.216,6285586.898
PH426,385,FLXF-46,958,0,4,2025-10-18 12:19:56.909631,349145.858,6293002.72
PJ1994,418,SKPK-32,3260,12,18,2025-10-18 12:19:58.897843,335050.0,6298985.0
PJ1994,J18,VHZX-91,2887,11,15,2025-10-18 12:19:58.897849,335050.0,6298985.0
PJ1994,J18,VJBB-71,6069,25,60,2025-10-18 12:19:58.897850,335050.0,6298985.0
PJ1994,514,TBFW-31,2906,7,9,2025-10-18 12:19:58.897851,335050.0,6298985.0
PJ1994,514,PFXC-12,6309,14,20,2025-10-18 12:19:58.897852,335050.0,6298985.0
PF582,F13,SRRZ-87,1084,0,4,2025-10-18 12:20:00.845248,350133.554,6277904.973
PF582,F33,SRVH-71,3,0,3,2025-10-18 12:20:00.845254,350133.554,6277904.973
PI1346,506,FLXW-21,444,0,3,2025-10-18 12:20:02.853095,336793.121,6290252.521
PI1346,506,TBFS-34,3469,10,14,2025-10-18 12:20:02.853100,336793.121,6290252.521
PI1346,506V,TBFW-53,463,0,3,2025-10-18 12:20:02.853101,336793.121,6290252.521
PI1346,506V,GCBF-21,3849,11,15,2025-10-18 12:20:02.853102,336793.121,6290252.521
PC513,C06,LWTK-52,1853,8,12,2025-10-18 12:20:04.396552,352786.298,6300526.205
PC513,C06,LDTG-61,6559,25,60,2025-10-18 12:20:04.396557,352786.298,6300526.205
PC513,517,VJJV-48,2585,7,9,2025-10-18 12:20:04.396558,352786.298,6300526.205
PC513,517,VHZW-91,7038,25,60,2025-10-18 12:20:04.396559,352786.298,6300526.205
PC513,503,VGTW-82,1708,4,6,2025-10-18 12:20:04.396560,352786.298,6300526.205
PC513,503,VGTY-59,2674,8,10,2025-10-18 12:20:04.396561,352786.298,6300526.205
PJ776,J06,FLXT-67,2199,6,8,2025-10-18 12:20:06.324009,341128.881,6298667.258
PH27,107,PGRZ-72,4118,12,16,2025-10-18 12:20:07.809376,348346.781,6291314.871
PH27,107,PGBZ-14,5569,15,21,2025-10-18 12:20:07.809381,348346.781,6291314.871
PH27,108,PFYS-38,507,0,3,2025-10-18 12:20:07.809382,348346.781,6291314.871
PH27,108,PFVG-46,4195,13,17,2025-10-18 12:20:07.809383,348346.781,6291314.871
PH27,212,SFWB-58,1,0,3,2025-10-18 12:20:07.809384,348346.781,6291314.871
PH27,212,SVPX-46,28,0,3,2025-10-18 12:20:07.809384,348346.781,6291314.871
PH27,102,SPZY-85,1,0,3,2025-10-18 12:20:07.809385,348346.781,6291314.871
PH27,102,SPZX-84,1,0,3,2025-10-18 12:20:07.809386,348346.781,6291314.871
PC521,C06,LWTK-52,4527,16,24,2025-10-18 12:20:09.531339,355076.25,6301339.494
PC521,C06,LDTG-61,9131,25,60,2025-10-18 12:20:09.531344,355076.25,6301339.494
PC521,517,VJJV-48,5154,13,19,2025-10-18 12:20:09.531345,355076.25,6301339.494
PC521,517,VHZW-91,9695,25,60,2025-10-18 12:20:09.531346,355076.25,6301339.494
PC521,503,VGTW-82,4430,12,16,2025-10-18 12:20:09.531347,355076.25,6301339.494
PC521,503,VGTY-59,5286,14,20,2025-10-18 12:20:09.531347,355076.25,6301339.494
PC521,722,STHK-39,475,0,3,2025-10-18 12:20:09.531348,355076.25,6301339.494
PC521,722,TXZH-28,4638,16,22,2025-10-18 12:20:09.531349,355076.25,6301339.494
PB437,307,TWPD-27,4822,12,16,2025-10-18 12:20:11.521398,343773.7,6302429.41
PB437,307,FLXJ-12,5557,14,20,2025-10-18 12:20:11.521403,343773.7,6302429.41
PB437,314,TWPC-60,4646,14,20,2025-10-18 12:20:11.521405,343773.7,6302429.41
PB437,314,VHSX-72,7100,25,60,2025-10-18 12:20:11.521405,343773.7,6302429.41
PB437,303,FLXF-68,676,0,3,2025-10-18 12:20:11.521406,343773.7,6302429.41
PB437,303,FLXF-85,2286,5,7,2025-10-18 12:20:11.521407,343773.7,6302429.41
PG934,G08V,FLXV-24,2837,9,11,2025-10-18 12:20:13.435501,342168.102,6279866.537
PG934,G08V,FLXX-11,6042,17,25,2025-10-18 12:20:13.435506,342168.102,6279866.537
PD539,D20,SVDC-58,2580,8,10,2025-10-18 12:20:15.555573,356785.5,6294845.213
PD539,D20,SVDD-95,13446,25,60,2025-10-18 12:20:15.555577,356785.5,6294845.213
PD539,506,TBFT-96,6995,19,27,2025-10-18 12:20:15.555579,356785.5,6294845.213
PD539,506,FLXW-45,7616,21,29,2025-10-18 12:20:15.555580,356785.5,6294845.213
PD539,506V,TBFT-44,5856,16,22,2025-10-18 12:20:15.555580,356785.5,6294845.213
PD539,506V,TBFW-28,12345,25,60,2025-10-18 12:20:15.555581,356785.5,6294845.213
PD539,507,TBFR-44,1867,5,7,2025-10-18 12:20:15.555582,356785.5,6294845.213
PD539,507,TBFX-25,7187,17,25,2025-10-18 12:20:15.555583,356785.5,6294845.213
PD539,511,PFXB-74,1,0,3,2025-10-18 12:20:15.555584,356785.5,6294845.213
PD539,511,TBFT-34,2012,5,7,2025-10-18 12:20:15.555585,356785.5,6294845.213
PD539,519,TBFW-13,613,0,3,2025-10-18 12:20:15.555586,356785.5,6294845.213
PD539,519,PFWZ-92,4308,12,16,2025-10-18 12:20:15.555587,356785.5,6294845.213
PG116,203,LZPG-17,808,0,4,2025-10-18 12:20:17.588361,348267.841,6287444.258
PG116,203,LZPT-69,1235,0,5,2025-10-18 12:20:17.588366,348267.841,6287444.258
PB866,B20,SKHG-57,281,0,3,2025-10-18 12:20:19.560881,346174.599,6299766.992
PB866,B20,SPZX-36,8286,25,60,2025-10-18 12:20:19.560887,346174.599,6299766.992
PB866,B29,SKHG-47,133,0,3,2025-10-18 12:20:19.560888,346174.599,6299766.992
PB866,B29,LXDJ-13,9750,25,60,2025-10-18 12:20:19.560889,346174.599,6299766.992
PB866,B04,SJPC-33,380,0,3,2025-10-18 12:20:19.560890,346174.599,6299766.992
PB866,B04,SHXG-18,4157,21,29,2025-10-18 12:20:19.560891,346174.599,6299766.992
PB866,542,TBFT-59,2542,9,11,2025-10-18 12:20:19.560892,346174.599,6299766.992
PB866,542,PFXC-32,7422,18,26,2025-10-18 12:20:19.560893,346174.599,6299766.992
PI1877,I35,SCRZ-26,2346,5,7,2025-10-18 12:20:21.462997,333155.0,6285183.0
PI1877,I35,SFPF-84,6830,16,22,2025-10-18 12:20:21.463002,333155.0,6285183.0
PF815,F33,LCTG-42,3669,12,18,2025-10-18 12:20:22.848353,351265.18,6278926.375
PB125,B25,FLXP-71,8090,19,27,2025-10-18 12:20:24.699391,346584.34,6305432.637
PB125,B05,SKDJ-84,336,0,3,2025-10-18 12:20:24.699396,346584.34,6305432.637
PB125,425,SJPC-76,1,0,3,2025-10-18 12:20:24.699397,346584.34,6305432.637
PB125,425,SHCX-42,4259,9,13,2025-10-18 12:20:24.699398,346584.34,6305432.637
PB125,429,SKPH-77,3846,8,10,2025-10-18 12:20:24.699399,346584.34,6305432.637
PB125,429,SKPH-81,10459,25,60,2025-10-18 12:20:24.699400,346584.34,6305432.637
PB125,435,SLPC-25,9942,20,28,2025-10-18 12:20:24.699400,346584.34,6305432.637
PB125,B43,SJPC-83,3533,7,9,2025-10-18 12:20:24.699401,346584.34,6305432.637
PB125,B43,SJPC-18,9945,25,60,2025-10-18 12:20:24.699402,346584.34,6305432.637
PB125,B16,STHP-97,2755,7,9,2025-10-18 12:20:24.699403,346584.34,6305432.637
PB125,B16,STHF-78,7169,19,27,2025-10-18 12:20:24.699404,346584.34,6305432.637
PB125,B18,STHJ-89,8156,19,27,2025-10-18 12:20:24.699405,346584.34,6305432.637
PB631,314,TWPC-87,3933,25,60,2025-10-18 12:20:26.652727,339488.126,6306473.266
PB631,B45,TWPD-74,598,0,3,2025-10-18 12:20:26.652733,339488.126,6306473.266
PB631,B08,SHCY-64,1510,7,9,2025-10-18 12:20:26.652734,339488.126,6306473.266
PB631,B08,SJPC-30,3749,13,19,2025-10-18 12:20:26.652735,339488.126,6306473.266
PJ680,J02,VHXJ-81,2819,8,12,2025-10-18 12:20:28.589115,336151.938,6299169.358
PJ680,J02,VHZX-50,3312,10,14,2025-10-18 12:20:28.589121,336151.938,6299169.358
PG2119,G27,THTD-66,2828,8,10,2025-10-18 12:20:32.316290,340814.0,6279510.0
PD77,224,VFPF-54,3762,13,19,2025-10-18 12:20:34.275748,351247.66,6297620.18
PD77,224,VFPL-41,7234,25,60,2025-10-18 12:20:34.275753,351247.66,6297620.18
PD995,D09,SVDD-62,879,0,4,2025-10-18 12:20:36.483952,357250.602,6295227.863
PA140,207,SXKV-97,266,0,3,2025-10-18 12:20:38.633114,346988.281,6297090.093
PA140,207,LZPS-20,1859,7,9,2025-10-18 12:20:38.633120,346988.281,6297090.093
PA140,205,RWTP-85,288,0,3,2025-10-18 12:20:38.633121,346988.281,6297090.093
PA160,208,LZPG-23,72,0,3,2025-10-18 12:20:40.683407,346852.32,6299301.99
PA160,208,SRTG-97,1075,7,9,2025-10-18 12:20:40.683412,346852.32,6299301.99
PA160,B24,SJTD-66,456,0,3,2025-10-18 12:20:40.683413,346852.32,6299301.99
PA160,B24,STHD-47,611,0,3,2025-10-18 12:20:40.683414,346852.32,6299301.99
PA160,116,LDJJ-69,341,0,3,2025-10-18 12:20:40.683415,346852.32,6299301.99
PA160,116,LDJJ-74,2961,16,22,2025-10-18 12:20:40.683416,346852.32,6299301.99
PA160,402,LXWP-73,1761,9,11,2025-10-18 12:20:40.683417,346852.32,6299301.99
PA160,402,PFYC-32,3748,15,21,2025-10-18 12:20:40.683418,346852.32,6299301.99
PA160,404,PFYC-17,3087,12,16,2025-10-18 12:20:40.683419,346852.32,6299301.99
PA160,404,PFYC-58,3471,12,18,2025-10-18 12:20:40.683419,346852.32,6299301.99
PA160,226,VFPS-86,2396,10,14,2025-10-18 12:20:40.683420,346852.32,6299301.99
PA160,226,VFPV-63,8972,25,60,2025-10-18 12:20:40.683421,346852.32,6299301.99
PA160,203,LZPT-56,447,0,5,2025-10-18 12:20:40.683422,346852.32,6299301.99
PA160,203,SVPX-47,1921,10,14,2025-10-18 12:20:40.683422,346852.32,6299301.99
PA160,206,SDGY-32,1892,11,15,2025-10-18 12:20:40.683423,346852.32,6299301.99
PA160,206,SDGY-36,1961,12,16,2025-10-18 12:20:40.683424,346852.32,6299301.99
PD611,D10,SVDC-88,2411,8,12,2025-10-18 12:20:42.622898,354094.858,6291784.251
PD611,D10,SVDC-69,4367,15,21,2025-10-18 12:20:42.622904,354094.858,6291784.251
PD611,508,PFXC-44,5564,16,24,2025-10-18 12:20:42.622923,354094.858,6291784.251
PD611,508,FLXW-65,10537,25,60,2025-10-18 12:20:42.622924,354094.858,6291784.251
PD1425,D01,SVDC-43,2651,8,12,2025-10-18 12:20:46.540372,356624.282,6294855.188
PD1425,D20,SVDC-58,2366,7,9,2025-10-18 12:20:46.540378,356624.282,6294855.188
PD1425,D20,SVDD-95,13064,25,60,2025-10-18 12:20:46.540380,356624.282,6294855.188
PB364,272,VFHT-80,81,0,3,2025-10-18 12:20:48.637984,344628.164,6304899.785
PB364,272,VGBX-59,5969,13,19,2025-10-18 12:20:48.637989,344628.164,6304899.785
PB364,B01,SPZX-58,2194,11,15,2025-10-18 12:20:48.637991,344628.164,6304899.785
PB364,B12,SKDF-99,2246,7,9,2025-10-18 12:20:48.637992,344628.164,6304899.785
PB364,B12,SKDH-59,12094,25,60,2025-10-18 12:20:48.637992,344628.164,6304899.785
PB364,B22,SKPS-10,1,0,3,2025-10-18 12:20:48.637993,344628.164,6304899.785
PB364,B22,SKPS-48,4836,13,19,2025-10-18 12:20:48.637994,344628.164,6304899.785
PI1062,I10,FLXL-33,1217,4,6,2025-10-18 12:20:50.392780,337190.707,6291021.832
PI1062,I10,FLXG-12,1565,6,8,2025-10-18 12:20:50.392785,337190.707,6291021.832
PC414,421,PFTV-88,53,0,3,2025-10-18 12:20:52.982203,358731.632,6303879.218
PC876,C20,SHCV-73,125,0,3,2025-10-18 12:20:55.058508,352693.845,6301656.302
PI68,385,FLXG-69,5537,15,21,2025-10-18 12:20:57.127601,342964.488,6296684.576
PI68,385,FLXK-96,8417,25,60,2025-10-18 12:20:57.127608,342964.488,6296684.576
PI68,105,SJPD-96,3799,11,15,2025-10-18 12:20:57.127610,342964.488,6296684.576
PI68,105,SHXG-32,3881,11,15,2025-10-18 12:20:57.127612,342964.488,6296684.576
PI68,120,SPZX-51,19,0,3,2025-10-18 12:20:57.127614,342964.488,6296684.576
PI68,120,TXZH-33,9704,25,60,2025-10-18 12:20:57.127616,342964.488,6296684.576
PI1896,I35,SHXB-12,887,0,4,2025-10-18 12:20:58.779351,332045.0,6283617.0
PE546,323,FLXR-30,1852,0,5,2025-10-18 12:21:00.719978,355059.482,6289464.248
PJ971,504,GCBC-93,4211,25,60,2025-10-18 12:21:03.040525,339131.175,6300363.424
PJ971,504,PFXB-41,4227,25,60,2025-10-18 12:21:03.040529,339131.175,6300363.424
PJ971,507,GCBF-11,2787,20,28,2025-10-18 12:21:03.040530,339131.175,6300363.424
PJ971,507,GCBF-18,5363,25,60,2025-10-18 12:21:03.040531,339131.175,6300363.424
PJ971,518,GCBD-71,7,0,3,2025-10-18 12:21:03.040532,339131.175,6300363.424
PJ971,518,TBFR-48,4770,25,60,2025-10-18 12:21:03.040533,339131.175,6300363.424
PJ971,J13,FLXD-51,3680,13,19,2025-10-18 12:21:03.040534,339131.175,6300363.424
PB1385,B12,SKDF-99,254,0,3,2025-10-18 12:21:04.501502,343469.441,6305733.392
PB1385,B12,SKDH-59,10089,25,60,2025-10-18 12:21:04.501507,343469.441,6305733.392
PJ685,J03,TBFT-25,1,0,3,2025-10-18 12:21:06.442988,336900.338,6300556.315
PJ685,J03,FLXW-50,6682,0,3,2025-10-18 12:21:06.442993,336900.338,6300556.315
PI372,423,PGPT-57,293,0,3,2025-10-18 12:21:07.830793,333561.61,6289077.128
PD1015,D08,STRJ-56,5634,13,19,2025-10-18 12:21:09.755494,356975.757,6297982.642
PD1015,D08,SVDB-99,11141,25,60,2025-10-18 12:21:09.755499,356975.757,6297982.642
PD1015,412,LXWP-60,1241,0,3,2025-10-18 12:21:09.755500,356975.757,6297982.642
PD1015,412,PFVG-89,1384,0,4,2025-10-18 12:21:09.755501,356975.757,6297982.642
PG879,G05,SHCX-25,2791,8,10,2025-10-18 12:21:11.648381,344644.0,6284121.0
PG879,G35,SFPG-29,1134,4,6,2025-10-18 12:21:11.648387,344644.0,6284121.0
PG879,G35,SDSW-83,1735,6,8,2025-10-18 12:21:11.648388,344644.0,6284121.0
PI1815,I24,VHTB-64,3136,10,14,2025-10-18 12:21:13.735183,334243.0,6291106.0
PI1815,I24,VHTB-69,8492,25,60,2025-10-18 12:21:13.735187,334243.0,6291106.0
PI1815,I05,VHSY-30,1,0,3,2025-10-18 12:21:13.735189,334243.0,6291106.0
PI1815,I05,VHSY-21,3592,12,16,2025-10-18 12:21:13.735189,334243.0,6291106.0
PI1815,I09,FLXZ-16,2503,9,13,2025-10-18 12:21:13.735190,334243.0,6291106.0
PI1815,I09,FLXY-88,3574,13,19,2025-10-18 12:21:13.735191,334243.0,6291106.0
PI1815,I11,VHTB-70,3309,9,13,2025-10-18 12:21:13.735192,334243.0,6291106.0
PI1815,I11,FLXY-91,6926,17,25,2025-10-18 12:21:13.735193,334243.0,6291106.0
PE1270,E08,VKJY-11,2264,7,9,2025-10-18 12:21:15.861650,351927.289,6288779.632
PJ116,J07,VJBB-81,15355,25,60,2025-10-18 12:21:18.117581,335152.387,6298099.73
PJ116,J07,VHZY-71,15582,25,60,2025-10-18 12:21:18.117585,335152.387,6298099.73
PI1483,404,PFYC-26,1307,0,5,2025-10-18 12:21:20.052965,338532.258,6295403.337
PH385,D07,STWB-27,1536,5,7,2025-10-18 12:21:21.993507,348443.11,6294580.363
PH385,385,FLXK-51,7921,25,60,2025-10-18 12:21:21.993512,348443.11,6294580.363
PH385,385,FLXL-76,9788,25,60,2025-10-18 12:21:21.993514,348443.11,6294580.363
PI925,I04,FLXZ-72,2343,7,9,2025-10-18 12:21:24.036119,340476.878,6294719.253
PI925,I17,FLXZ-30,246,0,3,2025-10-18 12:21:24.036125,340476.878,6294719.253
PI925,I17,FLXZ-28,4877,16,22,2025-10-18 12:21:24.036126,340476.878,6294719.253
PJ973,504,GCBC-93,4603,25,60,2025-10-18 12:21:26.064396,339097.72,6299830.902
PJ973,504,PFXB-41,4603,25,60,2025-10-18 12:21:26.064401,339097.72,6299830.902
PJ973,507,GCBF-11,3240,25,60,2025-10-18 12:21:26.064402,339097.72,6299830.902
PJ973,507,GCBF-18,5798,25,60,2025-10-18 12:21:26.064402,339097.72,6299830.902
PJ973,518,GCBD-71,320,0,3,2025-10-18 12:21:26.064403,339097.72,6299830.902
PJ973,518,TBFR-48,5080,25,60,2025-10-18 12:21:26.064404,339097.72,6299830.902
PJ973,J13,FLXD-51,3949,12,18,2025-10-18 12:21:26.064405,339097.72,6299830.902
PH100,115,GCBF-23,1309,0,5,2025-10-18 12:21:30.123564,345705.661,6294379.253
PH100,115,FLXW-18,9763,19,27,2025-10-18 12:21:30.123570,345705.661,6294379.253
PH100,H24,VGRD-35,325,0,3,2025-10-18 12:21:30.123571,345705.661,6294379.253
PH100,125,FLXF-43,1739,4,6,2025-10-18 12:21:30.123572,345705.661,6294379.253
PH100,125,BJFS-77,5462,16,22,2025-10-18 12:21:30.123573,345705.661,6294379.253
PH100,113,FLXW-91,3187,7,9,2025-10-18 12:21:30.123574,345705.661,6294379.253
PH100,113,FLXY-70,6350,13,19,2025-10-18 12:21:30.123575,345705.661,6294379.253
PH242,226,VFPG-91,1551,5,7,2025-10-18 12:21:32.064806,348309.211,6290053.958
PH242,226,VFPS-56,1803,6,8,2025-10-18 12:21:32.064811,348309.211,6290053.958
PB640,314,TWPD-56,667,0,3,2025-10-18 12:21:33.563479,339345.612,6306575.943
PB640,314,FLXG-67,3282,8,12,2025-10-18 12:21:33.563484,339345.612,6306575.943
PB640,B45,TWPC-56,785,0,4,2025-10-18 12:21:33.563485,339345.612,6306575.943
PB640,B45,FLXF-39,2968,13,19,2025-10-18 12:21:33.563486,339345.612,6306575.943
PB640,B08,SJPB-20,101,0,3,2025-10-18 12:21:33.563487,339345.612,6306575.943
PB640,B08,SHCY-35,3893,11,15,2025-10-18 12:21:33.563488,339345.612,6306575.943
PB640,B18,FLXP-69,6249,13,19,2025-10-18 12:21:33.563489,339345.612,6306575.943
PB640,B32,TXZH-30,3819,18,26,2025-10-18 12:21:33.563490,339345.612,6306575.943
PD1432,D17,PGLD-70,1089,0,3,2025-10-18 12:21:34.977350,356679.825,6291237.32
PC977,D08,SVDB-99,1259,5,7,2025-10-18 12:21:36.615826,355548.197,6299937.24
PC977,D08,SVDF-61,2923,11,15,2025-10-18 12:21:36.615831,355548.197,6299937.24
PC977,518,TBFS-67,1438,0,5,2025-10-18 12:21:36.615833,355548.197,6299937.24
PJ62,110,FLXW-47,47,0,3,2025-10-18 12:21:38.598376,338194.593,6300506.63
PJ62,110,CJRW-75,2625,16,22,2025-10-18 12:21:38.598382,338194.593,6300506.63
PJ62,110C,PFXC-65,5923,19,27,2025-10-18 12:21:38.598384,338194.593,6300506.63
PJ1734,503,VHLY-27,5241,16,24,2025-10-18 12:21:40.525860,335706.432,6297758.597
PJ1734,503,VGVG-86,8059,25,60,2025-10-18 12:21:40.525865,335706.432,6297758.597
PG109,G04,SFGY-83,1413,0,5,2025-10-18 12:21:42.451433,348285.544,6285661.908
PG109,G18,THTG-70,2919,8,10,2025-10-18 12:21:42.451439,348285.544,6285661.908
PG109,G18,THTD-96,5393,14,20,2025-10-18 12:21:42.451440,348285.544,6285661.908
PA483,D03,SVDD-51,1217,9,11,2025-10-18 12:21:43.812712,348092.418,6297321.403
PD923,D01,SVDC-43,1385,5,7,2025-10-18 12:21:45.806648,357019.491,6294227.261
PD923,D07,SVDC-81,2154,10,14,2025-10-18 12:21:45.806654,357019.491,6294227.261
PE538,323,FLXR-28,4415,15,21,2025-10-18 12:21:47.705449,354501.579,6288245.906
PE538,E07,BJFX-33,2787,9,13,2025-10-18 12:21:47.705455,354501.579,6288245.906
PB330,208,LZPG-23,4712,25,60,2025-10-18 12:21:51.872672,347251.615,6304100.347
PB330,208,SRTG-97,5817,25,60,2025-10-18 12:21:51.872677,347251.615,6304100.347
PB330,C18,SHCX-35,157,0,3,2025-10-18 12:21:51.872679,347251.615,6304100.347
PB330,B35,SHCX-56,1704,6,8,2025-10-18 12:21:51.872680,347251.615,6304100.347
PB330,203,SRTK-23,10,0,3,2025-10-18 12:21:51.872681,347251.615,6304100.347
PB330,203,LZPT-56,5334,18,26,2025-10-18 12:21:51.872682,347251.615,6304100.347
PF15,102,TXZH-48,905,0,3,2025-10-18 12:21:53.875516,354459.76,6286876.97
PF15,102,SPZY-75,7028,18,26,2025-10-18 12:21:53.875522,354459.76,6286876.97
PF15,124,SRVG-86,726,0,3,2025-10-18 12:21:53.875523,354459.76,6286876.97
PF15,124,LCTG-47,5629,18,26,2025-10-18 12:21:53.875524,354459.76,6286876.97
PF15,712,SHCX-28,964,0,4,2025-10-18 12:21:53.875525,354459.76,6286876.97
PF15,712,SHCY-15,5376,17,23,2025-10-18 12:21:53.875526,354459.76,6286876.97
PF15,104,SKWD-38,814,0,4,2025-10-18 12:21:53.875527,354459.76,6286876.97
PF15,104,SKWD-16,2327,9,13,2025-10-18 12:21:53.875528,354459.76,6286876.97
PF15,114,LDJJ-89,2888,11,15,2025-10-18 12:21:53.875529,354459.76,6286876.97
PF15,E04,VKJX-54,998,0,5,2025-10-18 12:21:53.875530,354459.76,6286876.97
PB1531,430,SJPD-85,5714,0,3,2025-10-18 12:21:55.696129,340604.96,6305972.5
PB1531,430,PFVG-93,3684,0,3,2025-10-18 12:21:55.696134,340604.96,6305972.5
PB1531,435,SLGS-94,10303,25,60,2025-10-18 12:21:55.696135,340604.96,6305972.5
PB1531,435,SLPC-26,15883,25,60,2025-10-18 12:21:55.696136,340604.96,6305972.5
PB1531,315E,VHTB-62,12574,25,60,2025-10-18 12:21:55.696137,340604.96,6305972.5
PB1531,315E,VHSX-80,13607,25,60,2025-10-18 12:21:55.696137,340604.96,6305972.5
PB1531,B18,FLXP-69,4651,10,14,2025-10-18 12:21:55.696138,340604.96,6305972.5
PB1531,B11,SKDJ-82,4123,11,15,2025-10-18 12:21:55.696139,340604.96,6305972.5
PB1531,B11,SKDH-90,9325,25,60,2025-10-18 12:21:55.696140,340604.96,6305972.5
PA208,227,VGCB-59,4212,11,15,2025-10-18 12:21:57.241608,348011.15,6296146.55
PA208,227,VFPL-81,8675,25,60,2025-10-18 12:21:57.241613,348011.15,6296146.55
PG1964,G07,THTF-97,3004,8,12,2025-10-18 12:21:58.641412,338288.05,6273150.42
PB1332,B17,STHF-49,247,0,3,2025-10-18 12:22:00.665021,344168.678,6301520.702
PB1332,B17,STHF-45,3553,9,13,2025-10-18 12:22:00.665025,344168.678,6301520.702
PG2017,G24,FLXX-34,1354,0,5,2025-10-18 12:22:02.619731,343938.01,6280557.01
PG2017,G38,THTG-91,3486,11,15,2025-10-18 12:22:02.619736,343938.01,6280557.01
PI1842,I16,FLXG-62,1331,0,5,2025-10-18 12:22:04.538035,342608.75,6295941.53
PI1842,I16,FLXL-75,5397,18,26,2025-10-18 12:22:04.538041,342608.75,6295941.53
PI1842,I17,FLXZ-28,1599,8,10,2025-10-18 12:22:04.538042,342608.75,6295941.53
PI1842,I17,FLXZ-19,3103,13,17,2025-10-18 12:22:04.538043,342608.75,6295941.53
PH1492,214,FLXZ-94,526,0,3,2025-10-18 12:22:06.521464,344592.15,6290389.96
PH1492,214,GCBB-77,7523,25,60,2025-10-18 12:22:06.521469,344592.15,6290389.96
PH1492,302,BJFV-34,927,0,4,2025-10-18 12:22:06.521470,344592.15,6290389.96
PH1492,302,BJFT-11,6479,17,25,2025-10-18 12:22:06.521471,344592.15,6290389.96
PG1218,G14,FLXP-31,2484,7,9,2025-10-18 12:22:08.471529,342952.296,6280953.979
PG1218,G28,BJFW-99,784,0,3,2025-10-18 12:22:08.471534,342952.296,6280953.979
PG1218,228,THTD-22,641,0,3,2025-10-18 12:22:08.471535,342952.296,6280953.979
PG1218,228,THTD-48,2066,6,8,2025-10-18 12:22:08.471536,342952.296,6280953.979
PG1218,G32,THTF-46,2488,6,8,2025-10-18 12:22:08.471537,342952.296,6280953.979
PA347,424,GCBC-81,545,0,3,2025-10-18 12:22:10.944557,345406.258,6297979.76
PA347,424,HYKK-32,1626,6,8,2025-10-18 12:22:10.944566,345406.258,6297979.76
PA347,405,PDZH-76,1978,6,8,2025-10-18 12:22:10.944570,345406.258,6297979.76
PA347,405,PDZT-12,5352,15,21,2025-10-18 12:22:10.944573,345406.258,6297979.76
PA347,510,TBFS-42,4823,13,19,2025-10-18 12:22:10.944575,345406.258,6297979.76
PA347,510,GCBD-98,9867,25,60,2025-10-18 12:22:10.944578,345406.258,6297979.76
PA347,419,PFVL-21,430,0,3,2025-10-18 12:22:10.944580,345406.258,6297979.76
PA347,421,PFYG-88,8774,25,60,2025-10-18 12:22:10.944582,345406.258,6297979.76
PA347,421,PFTF-81,9710,25,60,2025-10-18 12:22:10.944585,345406.258,6297979.76
PA347,423,PFYS-39,961,0,4,2025-10-18 12:22:10.944587,345406.258,6297979.76
PA347,423,PFYT-11,2187,8,10,2025-10-18 12:22:10.944590,345406.258,6297979.76
PA347,I09,RWRP-62,1306,12,16,2025-10-18 12:22:10.944592,345406.258,6297979.76
PA347,516,PFWZ-81,547,0,3,2025-10-18 12:22:10.944596,345406.258,6297979.76
PA347,516,GCBD-53,4070,12,16,2025-10-18 12:22:10.944598,345406.258,6297979.76
PA347,519,TBFR-90,700,0,3,2025-10-18 12:22:10.944601,345406.258,6297979.76
PA347,519,FLXV-70,5919,16,22,2025-10-18 12:22:10.944603,345406.258,6297979.76
PA347,106,PGPT-25,3723,11,15,2025-10-18 12:22:10.944605,345406.258,6297979.76
PA347,106,PFYR-86,12999,25,60,2025-10-18 12:22:10.944608,345406.258,6297979.76
PA347,401,PFVK-98,2244,6,8,2025-10-18 12:22:10.944610,345406.258,6297979.76
PA347,401,PFYG-43,3776,9,13,2025-10-18 12:22:10.944612,345406.258,6297979.76
PD1653,D16,SPBF-51,990,0,4,2025-10-18 12:22:12.874191,352491.89,6294972.7
PD1653,D16,SPBP-19,4782,14,20,2025-10-18 12:22:12.874196,352491.89,6294972.7
PD1653,325,VFJP-79,1151,0,5,2025-10-18 12:22:12.874197,352491.89,6294972.7
PD1653,325,VFHW-73,5851,17,25,2025-10-18 12:22:12.874198,352491.89,6294972.7
PD1653,508,LXWR-95,3445,10,14,2025-10-18 12:22:12.874199,352491.89,6294972.7
PD1653,508,LXWR-81,6463,20,28,2025-10-18 12:22:12.874200,352491.89,6294972.7
PI1669,I12,FLXY-31,471,0,3,2025-10-18 12:22:14.577952,334198.337,6293400.58
PI1669,I12,FLXY-47,6940,25,60,2025-10-18 12:22:14.577957,334198.337,6293400.58
PC757,712,SHXD-92,1479,25,60,2025-10-18 12:22:15.976182,353829.355,6305301.366
PC757,712,SHCX-33,3496,25,60,2025-10-18 12:22:15.976187,353829.355,6305301.366
PC757,C07,SPCG-68,3126,8,12,2025-10-18 12:22:15.976188,353829.355,6305301.366
PC757,C07,SHCV-77,5934,17,25,2025-10-18 12:22:15.976189,353829.355,6305301.366
PG418,428,SKPH-75,586,0,4,2025-10-18 12:22:17.940479,343782.59,6288083.31
PG418,444,SHXD-77,1,0,3,2025-10-18 12:22:17.940484,343782.59,6288083.31
PA166,125,BJFV-75,952,4,6,2025-10-18 12:22:19.963846,345891.946,6298035.214
PA166,125,FLXF-43,6074,18,26,2025-10-18 12:22:19.963851,345891.946,6298035.214
PB647,B06,SKDH-61,3222,10,14,2025-10-18 12:22:21.891814,338659.458,6307682.693
PC42,D09,SVDF-51,3785,13,19,2025-10-18 12:22:23.871115,349871.47,6298596.25
PC42,D09,SVDC-16,5558,19,27,2025-10-18 12:22:23.871120,349871.47,6298596.25
PC42,106,PFVJ-18,289,0,3,2025-10-18 12:22:23.871121,349871.47,6298596.25
PC42,106,PFVH-92,5113,17,23,2025-10-18 12:22:23.871122,349871.47,6298596.25
PH43,107,PGPV-86,2634,8,10,2025-10-18 12:22:25.903827,343600.744,6293291.54
PH43,107,PFZK-98,2878,8,10,2025-10-18 12:22:25.903832,343600.744,6293291.54
PH43,108,PFYS-38,5025,11,15,2025-10-18 12:22:25.903833,343600.744,6293291.54
PH43,108,PFVG-46,9179,25,60,2025-10-18 12:22:25.903834,343600.744,6293291.54
PH43,102,SPZY-85,4437,9,13,2025-10-18 12:22:25.903835,343600.744,6293291.54
PH43,102,SPZX-84,4501,9,13,2025-10-18 12:22:25.903835,343600.744,6293291.54
PB960,B12,SKDJ-88,3106,5,7,2025-10-18 12:22:27.882069,339059.429,6307150.352
PB960,B12,SKDG-11,9606,16,24,2025-10-18 12:22:27.882074,339059.429,6307150.352
PB960,B06,SPCG-35,1,0,3,2025-10-18 12:22:27.882075,339059.429,6307150.352
PB960,B06,SKDH-61,3953,14,20,2025-10-18 12:22:27.882076,339059.429,6307150.352
PB960,B13,FLXS-63,1528,9,13,2025-10-18 12:22:27.882077,339059.429,6307150.352
PB960,B13,STHJ-72,8243,25,60,2025-10-18 12:22:27.882078,339059.429,6307150.352
PJ965,J13,FLXD-62,712,0,4,2025-10-18 12:22:29.838671,336761.376,6301140.403
PJ965,J13,TBFX-33,1321,4,6,2025-10-18 12:22:29.838677,336761.376,6301140.403
PJ878,J10,VJJX-18,610,0,4,2025-10-18 12:22:31.750034,341095.334,6297535.348
PJ878,J10,VHZZ-90,2483,9,11,2025-10-18 12:22:31.750039,341095.334,6297535.348
PJ878,J19,VHLP-48,1140,0,5,2025-10-18 12:22:31.750040,341095.334,6297535.348
PJ878,511,PFXC-11,1411,0,3,2025-10-18 12:22:31.750042,341095.334,6297535.348
PJ878,511,GCBF-36,4348,12,18,2025-10-18 12:22:31.750042,341095.334,6297535.348
PJ878,514,FLXD-41,4020,11,15,2025-10-18 12:22:31.750043,341095.334,6297535.348
PJ878,514,FLXJ-43,8874,25,60,2025-10-18 12:22:31.750044,341095.334,6297535.348
PG358,301C,CJRB-46,544,0,3,2025-10-18 12:22:33.298459,344270.12,6282312.57
PG358,301C,BJFW-34,5851,17,25,2025-10-18 12:22:33.298464,344270.12,6282312.57
PG358,G28,BJFX-22,1494,0,4,2025-10-18 12:22:33.298465,344270.12,6282312.57
PG358,G28,BJFW-41,6421,17,25,2025-10-18 12:22:33.298466,344270.12,6282312.57
PG358,G38,THTH-12,1751,0,3,2025-10-18 12:22:33.298467,344270.12,6282312.57
PG358,G38,THTG-79,3165,6,8,2025-10-18 12:22:33.298467,344270.12,6282312.57
PG358,G39,SFPG-66,1299,4,6,2025-10-18 12:22:33.298468,344270.12,6282312.57
PG358,G39,SHXB-13,2084,7,9,2025-10-18 12:22:33.298469,344270.12,6282312.57
PG358,G14,CJRP-16,408,0,3,2025-10-18 12:22:33.298470,344270.12,6282312.57
PG358,G43,FLXX-10,1450,17,25,2025-10-18 12:22:33.298471,344270.12,6282312.57
PG358,G24,FZZF-83,300,0,3,2025-10-18 12:22:33.298471,344270.12,6282312.57
PG358,301,BJFW-75,5215,14,20,2025-10-18 12:22:33.298472,344270.12,6282312.57
PG358,301,BJFX-17,5700,16,22,2025-10-18 12:22:33.298473,344270.12,6282312.57
PG2120,G27,THTD-49,3144,10,14,2025-10-18 12:22:34.746535,341134.0,6276675.0
PG2120,G27,THTF-33,3523,12,16,2025-10-18 12:22:34.746541,341134.0,6276675.0
PB1908,B43,SGPY-68,266,0,3,2025-10-18 12:22:38.362741,340297.19,6306673.32
PB1908,B43,SJPF-41,7816,25,60,2025-10-18 12:22:38.362746,340297.19,6306673.32
PB1908,315E,VHTB-62,13521,25,60,2025-10-18 12:22:38.362747,340297.19,6306673.32
PB1908,315E,VHSX-80,14646,25,60,2025-10-18 12:22:38.362748,340297.19,6306673.32
PB1908,425,SJPC-27,264,0,3,2025-10-18 12:22:38.362749,340297.19,6306673.32
PB1908,425,SGPW-37,6391,16,24,2025-10-18 12:22:38.362749,340297.19,6306673.32
PB1908,430,PFVG-93,3751,8,10,2025-10-18 12:22:38.362750,340297.19,6306673.32
PB1908,430,SJPD-85,5926,11,15,2025-10-18 12:22:38.362751,340297.19,6306673.32
PB1908,303,FLXF-68,7218,16,22,2025-10-18 12:22:38.362752,340297.19,6306673.32
PB1908,303,FLXF-85,8632,20,28,2025-10-18 12:22:38.362753,340297.19,6306673.32
PB1908,B32,TXZH-30,1635,7,9,2025-10-18 12:22:38.362754,340297.19,6306673.32
PB1908,B32,STHL-11,5758,25,60,2025-10-18 12:22:38.362755,340297.19,6306673.32
PB1908,B11,SKDJ-82,5007,13,19,2025-10-18 12:22:38.362756,340297.19,6306673.32
PB1908,B11,SKDH-90,10420,25,60,2025-10-18 12:22:38.362757,340297.19,6306673.32
PB1908,B21,SKDJ-74,4614,13,17,2025-10-18 12:22:38.362758,340297.19,6306673.32
PB1908,B21,SKDJ-78,8663,25,60,2025-10-18 12:22:38.362759,340297.19,6306673.32
PB1908,429,SLGT-13,3689,9,13,2025-10-18 12:22:38.362760,340297.19,6306673.32
PB1908,429,SLPC-10,9542,25,60,2025-10-18 12:22:38.362761,340297.19,6306673.32
PB1908,308,FLXH-93,495,0,3,2025-10-18 12:22:38.362762,340297.19,6306673.32
PB1908,308,FLXH-96,5284,12,16,2025-10-18 12:22:38.362763,340297.19,6306673.32
PB1908,B06,SKDH-78,2563,9,13,2025-10-18 12:22:38.362763,340297.19,6306673.32
PB1908,B06,SKDH-30,4311,16,22,2025-10-18 12:22:38.362764,340297.19,6306673.32
PB1908,435,SLPB-83,266,0,3,2025-10-18 12:22:38.362765,340297.19,6306673.32
PB1908,435,SLGS-94,10748,25,60,2025-10-18 12:22:38.362775,340297.19,6306673.32
PB1908,307,TWPD-27,11606,25,60,2025-10-18 12:22:38.362776,340297.19,6306673.32
PB1908,307,FLXJ-12,12459,25,60,2025-10-18 12:22:38.362776,340297.19,6306673.32
PD1003,D15,SVDD-57,3708,12,16,2025-10-18 12:22:40.317781,357436.171,6298788.761
PD1003,D15,SPBS-67,7703,25,60,2025-10-18 12:22:40.317786,357436.171,6298788.761
PH317,H03,CJRX-43,1473,0,4,2025-10-18 12:22:42.252087,342878.804,6288726.523
PH317,223,SHXB-23,3632,10,14,2025-10-18 12:22:42.252092,342878.804,6288726.523
PH317,223,SHCV-40,6877,25,60,2025-10-18 12:22:42.252093,342878.804,6288726.523
PG86,201E,VFHS-98,3916,11,15,2025-10-18 12:22:44.201813,341112.644,6284190.105
PJ870,J08,TBFR-13,4042,13,19,2025-10-18 12:22:46.155045,337705.912,6296182.431
PJ870,J08,FLXV-65,8199,25,60,2025-10-18 12:22:46.155050,337705.912,6296182.431
PH76,I05,VHTB-20,1018,0,3,2025-10-18 12:22:48.207480,342371.579,6289539.362
PH76,I05,VHTB-30,6092,12,16,2025-10-18 12:22:48.207484,342371.579,6289539.362
PH76,105,SJPC-38,1814,6,8,2025-10-18 12:22:48.207485,342371.579,6289539.362
PH76,120,TXZH-38,777,0,4,2025-10-18 12:22:48.207486,342371.579,6289539.362
PH76,121,BJFX-21,974,6,8,2025-10-18 12:22:48.207487,342371.579,6289539.362
PH76,125,FLXK-54,2738,8,10,2025-10-18 12:22:48.207488,342371.579,6289539.362
PH76,H03,CJRX-43,2816,9,11,2025-10-18 12:22:48.207489,342371.579,6289539.362
PJ470,505,VHXJ-70,4703,11,15,2025-10-18 12:22:50.309029,338791.0,6301502.0
PJ470,505,LZPH-32,8083,20,28,2025-10-18 12:22:50.309035,338791.0,6301502.0
PJ470,513,VJJV-78,1065,0,3,2025-10-18 12:22:50.309036,338791.0,6301502.0
PJ470,513,LZPH-33,7461,19,27,2025-10-18 12:22:50.309037,338791.0,6301502.0
PA430,508,TBFW-25,4720,15,21,2025-10-18 12:22:52.178501,344889.08,6298645.61
PA430,508,FLXK-26,7948,25,60,2025-10-18 12:22:52.178506,344889.08,6298645.61
PA430,514,FLXK-38,3190,11,15,2025-10-18 12:22:52.178508,344889.08,6298645.61
PA430,514,TBFS-58,4020,13,19,2025-10-18 12:22:52.178509,344889.08,6298645.61
PA430,505,VJBC-31,535,0,3,2025-10-18 12:22:52.178510,344889.08,6298645.61
PA430,505,VHZZ-80,3996,12,16,2025-10-18 12:22:52.178511,344889.08,6298645.61
PC1243,C01,LCPW-51,1895,5,7,2025-10-18 12:22:53.582141,359989.44,6307620.7
PC1243,C01,LCPW-35,3406,8,12,2025-10-18 12:22:53.582147,359989.44,6307620.7
PC1103,D09,SVDF-51,2641,8,10,2025-10-18 12:22:55.544851,349455.065,6299828.972
PC1103,D09,SVDC-16,4461,13,19,2025-10-18 12:22:55.544856,349455.065,6299828.972
PB1956,201,GCBB-18,5907,25,60,2025-10-18 12:22:57.624622,345898.873,6301445.256
PB1956,201,GCBB-99,9042,25,60,2025-10-18 12:22:57.624627,345898.873,6301445.256
PB1956,230,GCBB-26,1295,0,4,2025-10-18 12:22:57.624628,345898.873,6301445.256
PB1956,230,GCBB-12,3718,19,27,2025-10-18 12:22:57.624629,345898.873,6301445.256
PB1956,B41,GCBC-11,1204,0,3,2025-10-18 12:22:57.624630,345898.873,6301445.256
PB1956,B41,GCBB-37,8297,19,27,2025-10-18 12:22:57.624631,345898.873,6301445.256
PB1956,308,FLXK-17,70,0,3,2025-10-18 12:22:57.624632,345898.873,6301445.256
PB1956,308,FLXJ-96,1876,9,13,2025-10-18 12:22:57.624633,345898.873,6301445.256
PB1956,B25,FLXP-71,1024,0,5,2025-10-18 12:22:57.624634,345898.873,6301445.256
PB1956,B26,HVFH-32,2830,13,19,2025-10-18 12:22:57.624635,345898.873,6301445.256
PB1956,B14,FLXT-56,3133,12,18,2025-10-18 12:22:57.624636,345898.873,6301445.256
PB1956,B14,FLXT-52,5881,25,60,2025-10-18 12:22:57.624636,345898.873,6301445.256
PB1956,B27,FLXT-71,167,0,3,2025-10-18 12:22:57.624637,345898.873,6301445.256
PB1956,B27,FLXS-31,2939,17,23,2025-10-18 12:22:57.624638,345898.873,6301445.256
PJ1764,J19,VGTX-33,4792,14,20,2025-10-18 12:22:59.581881,335752.563,6297508.526
PJ1764,J19,VHLP-48,8237,25,60,2025-10-18 12:22:59.581886,335752.563,6297508.526
PF610,F14,SPRW-90,4061,12,16,2025-10-18 12:23:01.553171,355554.513,6282840.204
PF610,F14,SPRY-79,5393,15,21,2025-10-18 12:23:01.553177,355554.513,6282840.204
PF610,124,TXZH-41,2037,5,7,2025-10-18 12:23:01.553179,355554.513,6282840.204
PF610,124,STHF-57,5386,15,21,2025-10-18 12:23:01.553180,355554.513,6282840.204
PE327,E12,VFJT-76,1657,5,7,2025-10-18 12:23:03.498313,352043.632,6286921.524
PE327,E12,VFKW-18,2881,8,12,2025-10-18 12:23:03.498319,352043.632,6286921.524
PE327,E02,VKJX-86,761,0,4,2025-10-18 12:23:03.498320,352043.632,6286921.524
PE327,E02,VKJY-26,843,0,4,2025-10-18 12:23:03.498321,352043.632,6286921.524
PB654,408,LXWR-92,106,0,3,2025-10-18 12:23:05.514030,338534.76,6302262.13
PB654,408,LZPH-35,1801,7,9,2025-10-18 12:23:05.514035,338534.76,6302262.13
PB654,110,PFXC-22,4847,14,20,2025-10-18 12:23:05.514037,338534.76,6302262.13
PB654,110,CJRW-58,6714,20,28,2025-10-18 12:23:05.514038,338534.76,6302262.13
PB654,410,LFGW-32,1,0,3,2025-10-18 12:23:05.514039,338534.76,6302262.13
PI467,I26,PFVC-42,2315,7,9,2025-10-18 12:23:07.307527,335970.85,6289913.333
PI467,509,FLXW-31,1120,0,4,2025-10-18 12:23:07.307532,335970.85,6289913.333
PJ243,424,TBFR-57,1,0,3,2025-10-18 12:23:08.686031,338517.678,6296013.706
PE529,E07,BJFV-20,136,0,3,2025-10-18 12:23:10.638216,352336.768,6288190.542
PE529,E07,BJFX-33,441,0,3,2025-10-18 12:23:10.638221,352336.768,6288190.542
PE529,323,FLXR-28,2362,9,13,2025-10-18 12:23:10.638222,352336.768,6288190.542
PE529,323,FLXR-46,2610,10,14,2025-10-18 12:23:10.638223,352336.768,6288190.542
PF250,F03C,LBTS-88,170,0,3,2025-10-18 12:23:12.609382,353835.535,6279708.208
PF250,F03C,SHCY-60,5981,25,60,2025-10-18 12:23:12.609386,353835.535,6279708.208
PF250,F33,SRVH-71,6855,25,60,2025-10-18 12:23:12.609388,353835.535,6279708.208
PF250,F10,SRRX-22,2685,6,8,2025-10-18 12:23:12.609388,353835.535,6279708.208
PF250,F13,SRRX-41,3145,11,15,2025-10-18 12:23:12.609389,353835.535,6279708.208
PF250,F13,SRSC-67,4993,16,24,2025-10-18 12:23:12.609390,353835.535,6279708.208
PG1221,F03,FLXJ-36,472,0,3,2025-10-18 12:23:14.347985,341333.89,6282265.845
PG1221,F03,SPVV-83,1466,7,9,2025-10-18 12:23:14.347992,341333.89,6282265.845
PG1221,G09,SFPF-94,2089,9,13,2025-10-18 12:23:14.347993,341333.89,6282265.845
PG1221,G09,SHCX-12,6783,25,60,2025-10-18 12:23:14.347994,341333.89,6282265.845
PA452,506,TBFV-16,2853,10,14,2025-10-18 12:23:15.761865,345373.622,6296824.573
PA452,506,TBFR-35,6877,20,28,2025-10-18 12:23:15.761871,345373.622,6296824.573
PA452,506V,TBFP-92,424,0,3,2025-10-18 12:23:15.761873,345373.622,6296824.573
PA452,506V,GCBC-83,2250,7,9,2025-10-18 12:23:15.761874,345373.622,6296824.573
PA452,509,GCBD-68,88,0,3,2025-10-18 12:23:15.761875,345373.622,6296824.573
PA452,509,FLXV-36,3942,13,19,2025-10-18 12:23:15.761876,345373.622,6296824.573
PD971,D07,SVDD-66,5686,17,23,2025-10-18 12:23:17.728686,353576.824,6295109.601
PD971,D07,STWB-27,10936,25,60,2025-10-18 12:23:17.728690,353576.824,6295109.601
PD971,D10,SVDC-82,1698,6,8,2025-10-18 12:23:17.728692,353576.824,6295109.601
PD971,D10,SVDC-72,1724,6,8,2025-10-18 12:23:17.728692,353576.824,6295109.601
PE378,E04,VKJX-70,4320,12,16,2025-10-18 12:23:19.696413,352557.53,6289641.885
PE378,E04,VKJZ-41,7154,25,60,2025-10-18 12:23:19.696418,352557.53,6289641.885
PE378,322,BJFT-59,1193,6,8,2025-10-18 12:23:19.696420,352557.53,6289641.885
PE378,E03,CJRW-16,8326,25,60,2025-10-18 12:23:19.696421,352557.53,6289641.885
PC244,430,SKPK-17,678,0,3,2025-10-18 12:23:21.818017,357299.104,6305185.255
PC244,430,SKPJ-49,4538,12,16,2025-10-18 12:23:21.818022,357299.104,6305185.255
PC244,426,BJFC-75,1597,0,5,2025-10-18 12:23:21.818023,357299.104,6305185.255
PC244,C13,SJPB-67,2195,4,6,2025-10-18 12:23:21.818024,357299.104,6305185.255
PC244,C13,SJPC-21,8940,19,27,2025-10-18 12:23:21.818025,357299.104,6305185.255
PC244,C19,SGPY-61,1,0,3,2025-10-18 12:23:21.818026,357299.104,6305185.255
PC244,C01C,SPBG-11,180,0,3,2025-10-18 12:23:21.818027,357299.104,6305185.255
PC244,C01C,SPBF-71,3869,9,11,2025-10-18 12:23:21.818027,357299.104,6305185.255
PC244,409,PGLD-79,348,0,3,2025-10-18 12:23:21.818028,357299.104,6305185.255
PC244,409,SPBL-80,2480,5,7,2025-10-18 12:23:21.818029,357299.104,6305185.255
PC244,411,SKJL-64,3187,7,9,2025-10-18 12:23:21.818030,357299.104,6305185.255
PC244,C01,LDJJ-67,6503,16,24,2025-10-18 12:23:21.818031,357299.104,6305185.255
PC244,C01,LCSX-48,6508,16,24,2025-10-18 12:23:21.818032,357299.104,6305185.255
PC244,C05,LDTB-87,1,0,3,2025-10-18 12:23:21.818032,357299.104,6305185.255
PC244,C05,LWTK-57,3628,9,13,2025-10-18 12:23:21.818033,357299.104,6305185.255
PC244,C16,LFGP-23,1,0,3,2025-10-18 12:23:21.818034,357299.104,6305185.255
PC244,C16,SKPJ-41,5603,15,21,2025-10-18 12:23:21.818035,357299.104,6305185.255
PC244,C28,SPCG-94,2505,8,10,2025-10-18 12:23:21.818036,357299.104,6305185.255
PC244,C28,SGPY-74,11466,25,60,2025-10-18 12:23:21.818036,357299.104,6305185.255
PE495,E06,BJFZ-98,83,0,3,2025-10-18 12:23:23.717633,352437.32,6289951.264
PE495,E06,FLXK-63,950,4,6,2025-10-18 12:23:23.717638,352437.32,6289951.264
PA313,121,CJRW-56,1406,4,6,2025-10-18 12:23:25.710661,345263.65,6296500.61
PC519,C06,LWTK-52,3063,12,16,2025-10-18 12:23:27.719220,354483.346,6301414.322
PC519,C06,LDTG-61,7105,25,60,2025-10-18 12:23:27.719224,354483.346,6301414.322
PC519,517,VJJV-48,3847,9,13,2025-10-18 12:23:27.719226,354483.346,6301414.322
PC519,517,VHZW-91,8620,25,60,2025-10-18 12:23:27.719227,354483.346,6301414.322
PC519,503,VGTW-82,2605,8,10,2025-10-18 12:23:27.719228,354483.346,6301414.322
PC519,503,VGTY-59,3584,10,14,2025-10-18 12:23:27.719228,354483.346,6301414.322
PC519,722,TXZH-28,2947,10,14,2025-10-18 12:23:27.719229,354483.346,6301414.322
PC519,722,STHK-36,9523,25,60,2025-10-18 12:23:27.719230,354483.346,6301414.322
PF1189,124,SRVG-76,458,0,3,2025-10-18 12:23:30.133485,351692.43,6278306.73
PC1295,C27,SKPJ-75,1379,0,5,2025-10-18 12:23:32.126096,360382.0,6304685.0
PC1295,C27,SJPD-57,5888,14,20,2025-10-18 12:23:32.126100,360382.0,6304685.0
PJ1690,J07,VHZY-11,1165,0,5,2025-10-18 12:23:33.965147,338460.213,6298998.557
PJ1690,J07E,VJJR-95,1511,5,7,2025-10-18 12:23:33.965152,338460.213,6298998.557
PJ1690,110C,PFXC-65,7239,25,60,2025-10-18 12:23:33.965153,338460.213,6298998.557
PJ1635,J07E,VHZZ-20,11952,19,27,2025-10-18 12:23:37.789485,326034.643,6302744.402
PJ1635,J07E,VJJR-95,17047,25,60,2025-10-18 12:23:37.789490,326034.643,6302744.402
PF1027,F11,SKHL-24,2753,8,10,2025-10-18 12:23:39.766822,354292.25,6280271.76
PF1027,F11,SKTZ-96,9661,25,60,2025-10-18 12:23:39.766828,354292.25,6280271.76
PF1027,F03C,LBTS-88,1098,7,9,2025-10-18 12:23:39.766829,354292.25,6280271.76
PF1027,F03C,SHCY-60,6927,25,60,2025-10-18 12:23:39.766830,354292.25,6280271.76
PG1280,212,SRTK-45,3327,10,14,2025-10-18 12:23:41.880347,345947.493,6282878.443
PG1280,212,SDGY-29,4997,14,20,2025-10-18 12:23:41.880352,345947.493,6282878.443
PG1280,216,SRTK-49,5157,7,9,2025-10-18 12:23:41.880353,345947.493,6282878.443
PG1280,216,SDGY-23,13744,25,60,2025-10-18 12:23:41.880354,345947.493,6282878.443
PG1280,G09,SDSW-55,330,0,3,2025-10-18 12:23:41.880355,345947.493,6282878.443
PG1280,G09,SFGY-22,9138,25,60,2025-10-18 12:23:41.880355,345947.493,6282878.443
PG1280,G11,THTG-73,3571,9,13,2025-10-18 12:23:41.880356,345947.493,6282878.443
PG1280,G11,THTF-61,7748,25,60,2025-10-18 12:23:41.880357,345947.493,6282878.443
PG1280,G16,SFPG-37,817,0,3,2025-10-18 12:23:41.880358,345947.493,6282878.443
PG1280,G16,SFGY-12,1675,6,8,2025-10-18 12:23:41.880359,345947.493,6282878.443
PG1280,206,SFWB-42,1220,4,6,2025-10-18 12:23:41.880359,345947.493,6282878.443
PG1280,206,LZPR-80,1273,4,6,2025-10-18 12:23:41.880360,345947.493,6282878.443
PJ670,412,LXWP-87,7233,19,27,2025-10-18 12:23:45.845702,338942.39,6299000.197
PJ670,412,PFTW-26,7282,20,28,2025-10-18 12:23:45.845707,338942.39,6299000.197
PJ670,J02,VHXF-84,5852,14,20,2025-10-18 12:23:45.845708,338942.39,6299000.197
PJ670,J02,VHXJ-22,8369,25,60,2025-10-18 12:23:45.845709,338942.39,6299000.197
PH384,103,SPBF-44,3329,10,14,2025-10-18 12:23:49.858486,350164.383,6290675.824
PH384,H14,FLXR-52,1147,0,5,2025-10-18 12:23:49.858492,350164.383,6290675.824
PC41,D09,SVDF-51,3352,12,16,2025-10-18 12:23:51.839638,349810.586,6298868.773
PC41,D09,SVDC-16,5325,18,26,2025-10-18 12:23:51.839643,349810.586,6298868.773
PC41,106,PFVH-92,4353,14,20,2025-10-18 12:23:51.839645,349810.586,6298868.773
PC41,106,PFVD-57,17437,25,60,2025-10-18 12:23:51.839646,349810.586,6298868.773
PJ70,110C,PFXC-65,8711,25,60,2025-10-18 12:23:53.775091,338314.669,6297727.564
PJ70,110,FLXW-47,2297,9,11,2025-10-18 12:23:53.775096,338314.669,6297727.564
PJ70,110,CJRW-75,4902,20,28,2025-10-18 12:23:53.775097,338314.669,6297727.564
PC1255,C03,LWTK-42,2957,10,14,2025-10-18 12:23:56.768101,351145.0,6303403.0
PC1255,C03,LWTK-65,3480,12,16,2025-10-18 12:23:56.768107,351145.0,6303403.0
PJ1060,J20,TBFW-18,784,0,3,2025-10-18 12:23:58.769317,336716.67,6300488.327
PJ1060,J20,TBFX-26,4903,15,21,2025-10-18 12:23:58.769322,336716.67,6300488.327
PJ1060,542,TBFW-71,4134,16,24,2025-10-18 12:23:58.769324,336716.67,6300488.327
PJ1060,542,TBFT-59,13936,25,60,2025-10-18 12:23:58.769325,336716.67,6300488.327
PJ1060,J04,TBFR-25,1094,0,4,2025-10-18 12:23:58.769326,336716.67,6300488.327
PJ1060,J04,GCBC-82,1959,6,8,2025-10-18 12:23:58.769327,336716.67,6300488.327
PJ1060,J05,GCBF-30,2352,6,8,2025-10-18 12:23:58.769327,336716.67,6300488.327
PJ1060,J05,TBFX-22,6326,17,23,2025-10-18 12:23:58.769328,336716.67,6300488.327
PJ1060,J16,TBFP-79,6862,13,19,2025-10-18 12:23:58.769329,336716.67,6300488.327
PJ1060,J16,PFXC-70,10446,25,60,2025-10-18 12:23:58.769330,336716.67,6300488.327
PI1462,110,FLXG-18,3164,8,10,2025-10-18 12:24:00.792171,337344.252,6293415.876
PI1462,110,CJRW-76,5141,15,21,2025-10-18 12:24:00.792175,337344.252,6293415.876
PI1462,428,SJPF-92,1,0,3,2025-10-18 12:24:00.792177,337344.252,6293415.876
PI1462,428,SHXD-59,5020,13,19,2025-10-18 12:24:00.792177,337344.252,6293415.876
PI1462,444,SHXD-77,8326,21,29,2025-10-18 12:24:00.792178,337344.252,6293415.876
PI1462,111,FLXY-63,7457,25,60,2025-10-18 12:24:00.792179,337344.252,6293415.876
PI1462,111,FLXW-97,10223,25,60,2025-10-18 12:24:00.792180,337344.252,6293415.876
PI1462,I07,VHTB-38,240,0,3,2025-10-18 12:24:00.792181,337344.252,6293415.876
PI1462,I07,VHTB-39,2297,13,17,2025-10-18 12:24:00.792181,337344.252,6293415.876
PD697,514,BJFH-22,1287,0,4,2025-10-18 12:24:02.787820,352790.457,6294020.246
PD697,514,TBFV-94,4706,12,18,2025-10-18 12:24:02.787825,352790.457,6294020.246
PG1650,G07,THTF-97,1,0,3,2025-10-18 12:24:04.195159,338364.888,6273166.596
PD675,514,TBFW-40,28,0,3,2025-10-18 12:24:06.113903,352309.631,6291340.985
PD675,514,TBFX-69,4932,13,17,2025-10-18 12:24:06.113909,352309.631,6291340.985
PC1302,C01C,PGLD-43,2794,9,13,2025-10-18 12:24:08.009061,360921.0,6307418.0
PC1302,C01C,PGTV-20,5932,17,23,2025-10-18 12:24:08.009066,360921.0,6307418.0
PA31,201,GCBB-44,691,0,3,2025-10-18 12:24:10.021906,346057.491,6297432.382
PA31,201,GCBB-80,1151,0,5,2025-10-18 12:24:10.021911,346057.491,6297432.382
PA31,509,FLXV-36,1764,4,6,2025-10-18 12:24:10.021912,346057.491,6297432.382
PA48,301,BJFT-50,2953,10,14,2025-10-18 12:24:11.733096,346301.591,6299532.018
PA48,B26,FLXS-57,8698,25,60,2025-10-18 12:24:11.733101,346301.591,6299532.018
PA48,B14,FLXT-52,2230,9,13,2025-10-18 12:24:11.733103,346301.591,6299532.018
PA48,B14,FLXJ-64,4839,17,23,2025-10-18 12:24:11.733104,346301.591,6299532.018
PA48,201,GCBB-65,278,0,3,2025-10-18 12:24:11.733105,346301.591,6299532.018
PA48,201,GCBB-98,1324,5,7,2025-10-18 12:24:11.733106,346301.591,6299532.018
PA126,204,VFRG-45,2175,7,9,2025-10-18 12:24:13.684886,348010.109,6295167.939
PA126,204,VGBW-98,2416,8,10,2025-10-18 12:24:13.684892,348010.109,6295167.939
PA126,D07,STWB-27,28,0,3,2025-10-18 12:24:13.684893,348010.109,6295167.939
PI1091,I10,FLXX-63,1591,5,7,2025-10-18 12:24:15.304486,337162.66,6290778.958
PI1091,I10,FLXG-91,6101,16,24,2025-10-18 12:24:15.304491,337162.66,6290778.958
PC466,501,FLXV-69,766,0,3,2025-10-18 12:24:16.965745,349970.8,6298855.64
PC466,504,GCBD-54,2573,8,10,2025-10-18 12:24:16.965751,349970.8,6298855.64
PC466,504,PFXC-78,4553,16,24,2025-10-18 12:24:16.965752,349970.8,6298855.64
PC466,518,TBFT-62,25,0,3,2025-10-18 12:24:16.965753,349970.8,6298855.64
PC466,518,GCBC-85,2567,8,12,2025-10-18 12:24:16.965754,349970.8,6298855.64
PI3,509,GCBD-68,3740,11,15,2025-10-18 12:24:19.044817,341229.104,6295773.682
PI3,509,FLXV-36,8109,25,60,2025-10-18 12:24:19.044822,341229.104,6295773.682
PI3,101,PFYR-67,1582,4,6,2025-10-18 12:24:19.044824,341229.104,6295773.682
PI3,101,PFYR-72,7949,25,60,2025-10-18 12:24:19.044825,341229.104,6295773.682
PI3,I13,FLXZ-67,1807,5,7,2025-10-18 12:24:19.044826,341229.104,6295773.682
PI3,I14,CJRW-18,286,0,3,2025-10-18 12:24:19.044827,341229.104,6295773.682
PI3,I14,CJRW-47,1859,9,13,2025-10-18 12:24:19.044828,341229.104,6295773.682
PI3,506,TBFP-74,1137,0,5,2025-10-18 12:24:19.044829,341229.104,6295773.682
PI3,506,TBFV-16,6913,25,60,2025-10-18 12:24:19.044830,341229.104,6295773.682
PI3,506V,TBFP-92,4432,14,20,2025-10-18 12:24:19.044831,341229.104,6295773.682
PI3,506V,GCBC-83,6557,21,29,2025-10-18 12:24:19.044831,341229.104,6295773.682
PJ1650,J07E,VHXJ-44,8735,14,20,2025-10-18 12:24:20.945571,333431.277,6306368.388
PJ1650,J07E,VHZZ-40,11385,19,27,2025-10-18 12:24:20.945576,333431.277,6306368.388
PG870,G05,SFGY-86,10237,25,60,2025-10-18 12:24:23.021452,344223.556,6284142.729
PG870,G35,SFPF-89,1873,9,13,2025-10-18 12:24:23.021458,344223.556,6284142.729
PG870,G35,SFPG-41,3364,13,19,2025-10-18 12:24:23.021459,344223.556,6284142.729
PI1235,345,CJRW-57,46,0,3,2025-10-18 12:24:27.062357,344484.409,6293521.229
PI1235,345,CJRW-14,5488,19,27,2025-10-18 12:24:27.062363,344484.409,6293521.229
PI492,419,PFVK-63,1274,0,5,2025-10-18 12:24:29.040648,335068.15,6291551.444
PI492,419,PFYH-22,6914,25,60,2025-10-18 12:24:29.040653,335068.15,6291551.444
PI492,I07,VHSY-35,3549,12,16,2025-10-18 12:24:29.040655,335068.15,6291551.444
PC620,C14,SKPL-29,2114,6,8,2025-10-18 12:24:31.034962,353599.161,6302090.728
PC620,C14,SKPP-26,6630,16,24,2025-10-18 12:24:31.034968,353599.161,6302090.728
PG1692,F03,FLXT-49,2720,7,9,2025-10-18 12:24:32.879058,347955.7,6278114.466
PG1692,F03,FLXJ-38,8554,16,24,2025-10-18 12:24:32.879066,347955.7,6278114.466
PB403,429,SHCY-21,2136,8,10,2025-10-18 12:24:35.469132,338299.68,6306549.558
PB403,428,SJPD-82,5099,12,18,2025-10-18 12:24:35.469138,338299.68,6306549.558
PB403,428,SLGT-29,5167,12,18,2025-10-18 12:24:35.469138,338299.68,6306549.558
PC142,D11,SPZK-84,17,0,3,2025-10-18 12:24:36.877416,356292.126,6303924.681
PC142,D11,STKP-84,5026,14,20,2025-10-18 12:24:36.877421,356292.126,6303924.681
PC142,225,SFWZ-20,3763,13,19,2025-10-18 12:24:36.877422,356292.126,6303924.681
PC142,225,SFWZ-65,5803,18,26,2025-10-18 12:24:36.877423,356292.126,6303924.681
PC142,C03,LWTK-47,106,0,3,2025-10-18 12:24:36.877424,356292.126,6303924.681
PC142,C03,LWTK-45,960,0,3,2025-10-18 12:24:36.877425,356292.126,6303924.681
PC142,C05,LFGP-24,327,0,3,2025-10-18 12:24:36.877426,356292.126,6303924.681
PC142,C05,LDTB-98,3908,9,13,2025-10-18 12:24:36.877426,356292.126,6303924.681
PC142,C13,SGPX-13,85,0,3,2025-10-18 12:24:36.877427,356292.126,6303924.681
PC142,C13,SHXF-89,3800,13,19,2025-10-18 12:24:36.877428,356292.126,6303924.681
PC142,C16,LFGP-25,177,0,3,2025-10-18 12:24:36.877429,356292.126,6303924.681
PC142,C16,LDTF-48,1850,5,7,2025-10-18 12:24:36.877430,356292.126,6303924.681
PJ964,J13,TBFT-43,5633,14,20,2025-10-18 12:24:38.835839,338888.33,6300871.269
PJ964,J13,BFKC-97,7147,18,26,2025-10-18 12:24:38.835844,338888.33,6300871.269
PC911,C14,SKPJ-51,1365,0,5,2025-10-18 12:24:43.653729,356155.519,6310222.872
PC911,C14,SKPL-24,3725,8,12,2025-10-18 12:24:43.653734,356155.519,6310222.872
PC911,C28,SHCV-75,2981,6,8,2025-10-18 12:24:43.653735,356155.519,6310222.872
PC911,C28,SPCG-59,4625,11,15,2025-10-18 12:24:43.653736,356155.519,6310222.872
PI1650,404,PFYC-61,71,0,3,2025-10-18 12:24:45.683600,338025.923,6294687.183
PI1650,404,PFYC-37,1842,6,8,2025-10-18 12:24:45.683605,338025.923,6294687.183
PG1580,201,GCBB-75,15,0,3,2025-10-18 12:24:47.685946,342835.924,6281104.818
PG1580,201,GCBB-63,3181,9,13,2025-10-18 12:24:47.685953,342835.924,6281104.818
PG1580,201E,VFHK-69,1591,6,8,2025-10-18 12:24:47.685956,342835.924,6281104.818
PG1580,201E,VFHL-39,7220,17,25,2025-10-18 12:24:47.685957,342835.924,6281104.818
PH617,H08,CJRX-48,301,0,3,2025-10-18 12:24:49.625541,341804.795,6289011.224
PH617,H08,FLXJ-29,4319,13,17,2025-10-18 12:24:49.625546,341804.795,6289011.224
PH617,H12,CJRY-76,2154,7,9,2025-10-18 12:24:49.625548,341804.795,6289011.224
PH617,H12,FLXF-22,10290,25,60,2025-10-18 12:24:49.625549,341804.795,6289011.224
PG1796,G39,SHCV-49,3867,25,60,2025-10-18 12:24:51.750880,343601.908,6283263.364
PG1796,G39,SFPG-66,8693,25,60,2025-10-18 12:24:51.750884,343601.908,6283263.364
PG1796,G07,THTH-61,1005,0,3,2025-10-18 12:24:51.750885,343601.908,6283263.364
PB935,B11,SKDH-90,4388,17,23,2025-10-18 12:24:57.629731,343767.25,6305951.459
PB935,B11,SKDJ-33,7271,25,60,2025-10-18 12:24:57.629736,343767.25,6305951.459
PB935,B06,SKDH-41,2718,10,14,2025-10-18 12:24:57.629737,343767.25,6305951.459
PB935,B21,SKDJ-78,3251,9,13,2025-10-18 12:24:57.629738,343767.25,6305951.459
PB935,B21,SPCG-41,5442,18,26,2025-10-18 12:24:57.629739,343767.25,6305951.459
PB935,230,GCBB-26,6341,20,28,2025-10-18 12:24:57.629740,343767.25,6305951.459
PB935,230,GCBB-12,9152,25,60,2025-10-18 12:24:57.629740,343767.25,6305951.459
PD1121,D13,FLXK-58,2750,8,10,2025-10-18 12:25:03.582988,350272.681,6291664.746
PC1276,C37,SHXD-63,739,0,3,2025-10-18 12:25:05.548956,359362.05,6301901.72
PB1984,B35,SLPC-24,1047,0,3,2025-10-18 12:25:07.367388,342670.2,6306938.0
PB1984,B35,SHCX-56,11185,25,60,2025-10-18 12:25:07.367393,342670.2,6306938.0
PI1064,I10,FLXL-33,1057,0,5,2025-10-18 12:25:12.811629,337236.519,6291643.431
PI1064,I10,FLXG-12,1942,9,11,2025-10-18 12:25:12.811635,337236.519,6291643.431
PH335,H07,BJFT-15,905,0,3,2025-10-18 12:25:14.592846,344692.441,6294500.531
PH335,H07,CJRY-86,8055,25,60,2025-10-18 12:25:14.592851,344692.441,6294500.531
PH335,119,BJFS-87,1987,7,9,2025-10-18 12:25:14.592852,344692.441,6294500.531
PH335,119,FLXG-71,7528,25,60,2025-10-18 12:25:14.592853,344692.441,6294500.531
PH335,121,BJFZ-70,212,0,3,2025-10-18 12:25:14.592854,344692.441,6294500.531
PH335,121,FLXF-52,4949,17,23,2025-10-18 12:25:14.592855,344692.441,6294500.531
PF324,314,TWPC-60,5335,12,16,2025-10-18 12:25:17.859576,352326.657,6282504.875
PF324,314,VHSX-72,7532,25,60,2025-10-18 12:25:17.859582,352326.657,6282504.875
PF324,B01,STHF-62,715,0,3,2025-10-18 12:25:17.859583,352326.657,6282504.875
PF324,303,FLXF-68,1311,0,3,2025-10-18 12:25:17.859584,352326.657,6282504.875
PF324,303,FLXF-85,2456,6,8,2025-10-18 12:25:17.859585,352326.657,6282504.875
PF324,307,TWPD-27,5932,14,20,2025-10-18 12:25:17.859586,352326.657,6282504.875
PF324,307,FLXJ-12,6914,18,26,2025-10-18 12:25:17.859587,352326.657,6282504.875
PJ1720,J18,VHZX-91,4688,12,16,2025-10-18 12:25:19.584205,334924.991,6299928.862
PJ1720,J18,VJBB-71,7211,25,60,2025-10-18 12:25:19.584210,334924.991,6299928.862
PJ1720,508,FLXX-47,301,0,3,2025-10-18 12:25:19.584211,334924.991,6299928.862
PJ1720,444,SKPK-62,422,0,3,2025-10-18 12:25:19.584212,334924.991,6299928.862
PJ1720,J07E,VJBB-41,5059,8,10,2025-10-18 12:25:19.584213,334924.991,6299928.862
PJ1720,J07E,VHXJ-44,17737,25,60,2025-10-18 12:25:19.584214,334924.991,6299928.862
PJ367,J18,VHZW-31,2535,8,12,2025-10-18 12:25:21.539011,337138.0,6298960.193
PJ367,503,VHLY-27,1826,9,11,2025-10-18 12:25:21.539016,337138.0,6298960.193
PJ367,503,VGVG-86,4012,14,20,2025-10-18 12:25:21.539017,337138.0,6298960.193
PJ367,511,TBFW-43,4953,16,24,2025-10-18 12:25:21.539018,337138.0,6298960.193
PJ367,J20,TBFV-34,1037,0,4,2025-10-18 12:25:21.539019,337138.0,6298960.193
PD497,D03,STKX-48,1,0,3,2025-10-18 12:25:23.499706,357501.439,6295185.765
PD497,D03,SVDD-56,1773,6,8,2025-10-18 12:25:23.499710,357501.439,6295185.765
PD497,D15,STWB-31,4278,25,60,2025-10-18 12:25:23.499712,357501.439,6295185.765
PD497,D15,SVDD-97,4969,25,60,2025-10-18 12:25:23.499712,357501.439,6295185.765
PD497,505,LXWS-31,5698,15,21,2025-10-18 12:25:23.499713,357501.439,6295185.765
PD497,505,VJBB-80,6226,17,23,2025-10-18 12:25:23.499714,357501.439,6295185.765
PD497,510,TBFX-14,6023,20,28,2025-10-18 12:25:23.499715,357501.439,6295185.765
PD497,510,TBFT-31,7406,25,60,2025-10-18 12:25:23.499715,357501.439,6295185.765
PD497,516,PFXB-62,617,0,3,2025-10-18 12:25:23.499716,357501.439,6295185.765
PD497,516,PFXC-76,3972,14,20,2025-10-18 12:25:23.499717,357501.439,6295185.765
PG1157,G12,THTF-94,2798,12,16,2025-10-18 12:25:25.444796,345098.721,6288753.173
PG1157,G12,THTF-71,5413,25,60,2025-10-18 12:25:25.444801,345098.721,6288753.173
PE218,225,SFWZ-13,2528,9,11,2025-10-18 12:25:27.375221,350241.169,6286331.419
PE218,E18,BJFY-95,4852,25,60,2025-10-18 12:25:27.375227,350241.169,6286331.419
PE218,286,SHXB-31,5643,0,5,2025-10-18 12:25:27.375228,350241.169,6286331.419
PE218,286,SHCX-18,7593,10,14,2025-10-18 12:25:27.375229,350241.169,6286331.419
PE218,E01,VKJX-29,3898,13,17,2025-10-18 12:25:27.375229,350241.169,6286331.419
PA164,106,PFVD-57,11099,25,60,2025-10-18 12:25:29.030853,345078.935,6297818.729
PA164,106,PFVD-65,12271,25,60,2025-10-18 12:25:29.030858,345078.935,6297818.729
PA164,385,FLXL-76,1734,6,8,2025-10-18 12:25:29.030859,345078.935,6297818.729
PA164,385,FLXK-92,1922,7,9,2025-10-18 12:25:29.030860,345078.935,6297818.729
PA164,516,TBFR-80,1171,4,6,2025-10-18 12:25:29.030861,345078.935,6297818.729
PA164,516,FLXV-73,5562,16,22,2025-10-18 12:25:29.030861,345078.935,6297818.729
PA164,519,TBFV-17,2361,7,9,2025-10-18 12:25:29.030862,345078.935,6297818.729
PA164,422,PFXC-81,105,0,3,2025-10-18 12:25:29.030863,345078.935,6297818.729
PA164,422,PFXC-41,4875,15,21,2025-10-18 12:25:29.030864,345078.935,6297818.729
PA164,404,PFYC-69,464,0,3,2025-10-18 12:25:29.030865,345078.935,6297818.729
PA164,404,PFYC-14,2288,6,8,2025-10-18 12:25:29.030866,345078.935,6297818.729
PA164,513,LZPH-41,1485,8,10,2025-10-18 12:25:29.030866,345078.935,6297818.729
PA164,513,LZPH-21,1819,8,12,2025-10-18 12:25:29.030867,345078.935,6297818.729
PA164,345,CJRB-43,958,5,7,2025-10-18 12:25:29.030868,345078.935,6297818.729
PA164,345,BJFX-13,2320,14,20,2025-10-18 12:25:29.030869,345078.935,6297818.729
PA164,I09,RWRP-59,3587,11,15,2025-10-18 12:25:29.030869,345078.935,6297818.729
PA164,I09,VHSY-15,6911,17,25,2025-10-18 12:25:29.030870,345078.935,6297818.729
PA164,510,PFXC-73,3136,9,13,2025-10-18 12:25:29.030871,345078.935,6297818.729
PA164,510,TBFR-55,6841,16,24,2025-10-18 12:25:29.030872,345078.935,6297818.729
PE537,323,FLXR-28,3479,11,15,2025-10-18 12:25:30.969229,354176.179,6288229.67
PE537,323,FLXR-46,4497,16,24,2025-10-18 12:25:30.969234,354176.179,6288229.67
PE537,E07,BJFX-33,2058,7,9,2025-10-18 12:25:30.969235,354176.179,6288229.67
PE537,E07,BJFV-20,2805,9,13,2025-10-18 12:25:30.969236,354176.179,6288229.67
PG368,301,BJFS-57,1,0,3,2025-10-18 12:25:33.002235,343997.654,6281031.363
PG368,G09,SFGY-22,4499,15,21,2025-10-18 12:25:33.002240,343997.654,6281031.363
PG368,G09,SHCV-38,5212,19,27,2025-10-18 12:25:33.002241,343997.654,6281031.363
PG924,G22,THTD-26,2052,17,25,2025-10-18 12:25:35.264135,341952.309,6279018.59
PG924,G22,THTG-11,2137,17,25,2025-10-18 12:25:35.264139,341952.309,6279018.59
PB104,C06,LWTK-54,6261,15,21,2025-10-18 12:25:37.361917,349253.272,6303877.535
PB104,C06,LDTG-59,12333,25,60,2025-10-18 12:25:37.361922,349253.272,6303877.535
PB104,B05,SPCG-49,388,0,3,2025-10-18 12:25:37.361923,349253.272,6303877.535
PB104,B05,SKDJ-84,4782,13,17,2025-10-18 12:25:37.361924,349253.272,6303877.535
PB104,107,PGRZ-92,1540,0,5,2025-10-18 12:25:37.361925,349253.272,6303877.535
PB104,117,FLXJ-62,3001,7,9,2025-10-18 12:25:37.361926,349253.272,6303877.535
PB104,272,VFHV-87,2783,6,8,2025-10-18 12:25:37.361926,349253.272,6303877.535
PB104,272,VGCB-39,3654,8,10,2025-10-18 12:25:37.361927,349253.272,6303877.535
PB104,C18,SHCW-76,638,0,3,2025-10-18 12:25:37.361928,349253.272,6303877.535
PB104,C18,SHCX-30,1484,0,4,2025-10-18 12:25:37.361929,349253.272,6303877.535
PB104,116,LCSX-53,1,0,3,2025-10-18 12:25:37.361930,349253.272,6303877.535
PD825,D10,SVDD-94,1884,5,7,2025-10-18 12:25:39.279465,352976.021,6293471.851
PD825,D10,SVDC-72,11044,25,60,2025-10-18 12:25:39.279470,352976.021,6293471.851
PD825,D16,SPBP-19,1670,0,5,2025-10-18 12:25:39.279471,352976.021,6293471.851
PD825,D16,SPBS-40,5685,25,60,2025-10-18 12:25:39.279472,352976.021,6293471.851
PB1342,B18,STHJ-89,3829,9,13,2025-10-18 12:25:41.359283,345013.844,6306068.272
PB1342,B19,TPWW-72,720,0,3,2025-10-18 12:25:41.359288,345013.844,6306068.272
PB1342,B22,SKPS-10,714,0,3,2025-10-18 12:25:41.359289,345013.844,6306068.272
PB1342,B22,SKPS-48,5497,16,22,2025-10-18 12:25:41.359290,345013.844,6306068.272
PG606,303,FLXF-68,1108,0,3,2025-10-18 12:25:42.905591,350111.317,6282068.949
PG606,303,FLXF-85,2305,5,7,2025-10-18 12:25:42.905595,350111.317,6282068.949
PG606,307,TWPD-27,5658,13,19,2025-10-18 12:25:42.905596,350111.317,6282068.949
PG606,307,FLXJ-12,6807,17,25,2025-10-18 12:25:42.905597,350111.317,6282068.949
PG606,314,TWPC-60,5276,12,16,2025-10-18 12:25:42.905598,350111.317,6282068.949
PG606,314,VHSX-72,7489,25,60,2025-10-18 12:25:42.905599,350111.317,6282068.949
PG606,B01,STHF-62,661,0,3,2025-10-18 12:25:42.905600,350111.317,6282068.949
PG331,229,SFVZ-87,1116,6,8,2025-10-18 12:25:44.639486,347067.571,6285871.939
PG331,229,SFWZ-62,8194,25,60,2025-10-18 12:25:44.639491,347067.571,6285871.939
PG331,302,BJFS-93,2418,7,9,2025-10-18 12:25:44.639492,347067.571,6285871.939
PG331,302,FLXK-94,5596,13,19,2025-10-18 12:25:44.639493,347067.571,6285871.939
PG331,E18,BJFY-95,1369,6,8,2025-10-18 12:25:44.639494,347067.571,6285871.939
PG331,F05,SPZX-81,844,5,7,2025-10-18 12:25:44.639495,347067.571,6285871.939
PI527,J08,GCBD-47,4594,10,14,2025-10-18 12:25:46.627953,339148.14,6296239.415
PI527,424,GCBC-81,6980,17,25,2025-10-18 12:25:46.627959,339148.14,6296239.415
PI527,424,HYKK-32,8228,25,60,2025-10-18 12:25:46.627960,339148.14,6296239.415
PI1508,I22,FLXY-22,1060,0,5,2025-10-18 12:25:48.369278,337124.74,6293269.605
PD9,103,PGLD-73,482,0,3,2025-10-18 12:25:50.050453,350779.955,6296775.803
PD9,103,PGBY-36,2121,8,10,2025-10-18 12:25:50.050458,350779.955,6296775.803
PD9,117,PGLD-74,782,0,5,2025-10-18 12:25:50.050459,350779.955,6296775.803
PD9,117,PGLD-71,3242,13,19,2025-10-18 12:25:50.050460,350779.955,6296775.803
PJ914,J19,VHLS-78,3592,9,13,2025-10-18 12:25:51.957906,341946.231,6297970.684
PJ914,514,TBFS-58,226,0,3,2025-10-18 12:25:51.957912,341946.231,6297970.684
PJ914,514,FLXK-42,4953,15,21,2025-10-18 12:25:51.957913,341946.231,6297970.684
PB421,303,FLXF-83,2747,5,7,2025-10-18 12:25:55.814370,343340.43,6303197.48
PB421,303,FLXF-70,7093,16,22,2025-10-18 12:25:55.814376,343340.43,6303197.48
PB421,307,TWPD-89,4026,8,10,2025-10-18 12:25:55.814377,343340.43,6303197.48
PB421,307,TWPD-80,8815,25,60,2025-10-18 12:25:55.814378,343340.43,6303197.48
PB421,314,TWPC-87,9396,25,60,2025-10-18 12:25:55.814378,343340.43,6303197.48
PB923,B06,SKDH-41,46,0,3,2025-10-18 12:25:57.744562,345857.692,6304859.655
PB923,B25,FLXP-71,4496,12,16,2025-10-18 12:25:57.744567,345857.692,6304859.655
PB923,B25,FLXP-75,12696,25,60,2025-10-18 12:25:57.744568,345857.692,6304859.655
PD304,D11,SVDF-57,766,0,3,2025-10-18 12:25:59.709222,355801.658,6298145.413
PD304,D11,SVDD-49,1554,0,5,2025-10-18 12:25:59.709226,355801.658,6298145.413
PD304,517,VHXJ-40,3013,6,8,2025-10-18 12:25:59.709228,355801.658,6298145.413
PD304,225,SFWZ-73,2109,4,6,2025-10-18 12:25:59.709228,355801.658,6298145.413
PD304,225,SFWZ-81,9384,25,60,2025-10-18 12:25:59.709229,355801.658,6298145.413
PC1110,C28,SHCV-75,3107,6,8,2025-10-18 12:26:01.753586,356452.68,6310821.895
PC1110,C28,SPCG-59,4861,10,14,2025-10-18 12:26:01.753591,356452.68,6310821.895
PC1110,C14,SKPJ-51,1510,0,5,2025-10-18 12:26:01.753592,356452.68,6310821.895
PC1110,C14,SKPL-24,3681,9,11,2025-10-18 12:26:01.753593,356452.68,6310821.895
PA61,201,GCBB-44,2703,11,15,2025-10-18 12:26:03.894258,346714.91,6295039.2
PA61,201,GCBB-80,3450,14,20,2025-10-18 12:26:03.894263,346714.91,6295039.2
PA61,214,GCBB-77,1,0,3,2025-10-18 12:26:03.894264,346714.91,6295039.2
PA61,214,GCBB-21,3809,13,19,2025-10-18 12:26:03.894265,346714.91,6295039.2
PA61,226,VFPZ-92,1,0,3,2025-10-18 12:26:03.894266,346714.91,6295039.2
PA61,226,VFPJ-68,2276,8,10,2025-10-18 12:26:03.894267,346714.91,6295039.2
PA61,229,SFST-31,1,0,3,2025-10-18 12:26:03.894268,346714.91,6295039.2
PA61,301,BJFS-71,117,0,3,2025-10-18 12:26:03.894269,346714.91,6295039.2
PA61,301,BJFS-55,3119,8,10,2025-10-18 12:26:03.894270,346714.91,6295039.2
PA61,223,SFGY-66,270,0,3,2025-10-18 12:26:03.894270,346714.91,6295039.2
PA61,223,SFPG-67,2551,10,14,2025-10-18 12:26:03.894271,346714.91,6295039.2
PJ1566,B26,FLXP-70,542,0,3,2025-10-18 12:26:05.287762,344411.92,6300052.33
PJ1566,B26,FLXS-57,10168,25,60,2025-10-18 12:26:05.287768,344411.92,6300052.33
PH16,107,PGRZ-91,1502,0,5,2025-10-18 12:26:07.204507,347722.172,6291287.275
PH16,107,PGTC-60,1506,0,5,2025-10-18 12:26:07.204512,347722.172,6291287.275
PH16,108,PFVG-59,2686,8,10,2025-10-18 12:26:07.204514,347722.172,6291287.275
PH16,108,PGPT-49,5658,15,21,2025-10-18 12:26:07.204515,347722.172,6291287.275
PH16,102,SPZX-53,1573,4,6,2025-10-18 12:26:07.204516,347722.172,6291287.275
PH16,102,FLXS-40,3050,9,11,2025-10-18 12:26:07.204517,347722.172,6291287.275
PG512,F03,SPVT-74,5104,10,14,2025-10-18 12:26:09.155369,347529.183,6279893.613
PG512,F03,SPVV-62,8483,20,28,2025-10-18 12:26:09.155374,347529.183,6279893.613
PD1286,D18,SVDF-46,949,0,4,2025-10-18 12:26:11.086074,356295.98,6298841.632
PD1286,D18,SPBS-69,4347,14,20,2025-10-18 12:26:11.086079,356295.98,6298841.632
PD1286,412,LXWP-59,6186,25,60,2025-10-18 12:26:11.086080,356295.98,6298841.632
PD1286,412,PFTW-51,8764,25,60,2025-10-18 12:26:11.086081,356295.98,6298841.632
PG105,229,SFVZ-39,3852,8,12,2025-10-18 12:26:13.061269,347249.429,6285805.255
PC208,C03,LWTK-42,663,0,3,2025-10-18 12:26:14.586066,350855.945,6301497.38
PC208,C03,LWTK-65,845,0,5,2025-10-18 12:26:14.586071,350855.945,6301497.38
PC208,405,PFTF-83,5527,17,23,2025-10-18 12:26:14.586072,350855.945,6301497.38
PC208,405,PFTF-89,8653,25,60,2025-10-18 12:26:14.586072,350855.945,6301497.38
PE252,E01,VKJX-29,2399,8,10,2025-10-18 12:26:15.940512,351329.546,6286159.849
PE252,226,VFRC-75,1906,6,8,2025-10-18 12:26:15.940526,351329.546,6286159.849
PE252,226,VFPV-53,5647,16,22,2025-10-18 12:26:15.940528,351329.546,6286159.849
PB1888,410,LFGW-22,5530,12,18,2025-10-18 12:26:17.843881,342710.79,6301485.33
PH1502,H09,VGRG-44,4210,16,22,2025-10-18 12:26:19.767855,345629.002,6293190.94
PH1502,H12,FLXD-73,197,0,3,2025-10-18 12:26:19.767861,345629.002,6293190.94
PH1502,H13,CJRZ-65,1,0,3,2025-10-18 12:26:19.767862,345629.002,6293190.94
PH1502,H13,BJFZ-49,3524,15,21,2025-10-18 12:26:19.767863,345629.002,6293190.94
PJ288,J03,TBFX-42,1,0,3,2025-10-18 12:26:21.871056,343716.85,6299364.08
PJ288,J03,TBFT-53,1,0,3,2025-10-18 12:26:21.871061,343716.85,6299364.08
PJ288,502,FLXV-77,3582,10,14,2025-10-18 12:26:21.871062,343716.85,6299364.08
PJ288,502,BJFF-54,4410,13,19,2025-10-18 12:26:21.871063,343716.85,6299364.08
PJ288,508,TBFS-59,1320,6,8,2025-10-18 12:26:21.871064,343716.85,6299364.08
PJ288,508,FDJX-79,3262,12,18,2025-10-18 12:26:21.871065,343716.85,6299364.08
PB1828,408,LZPH-35,23,0,3,2025-10-18 12:26:23.912931,337788.5,6301753.68
PB1828,110,PFXC-22,3153,10,14,2025-10-18 12:26:23.912936,337788.5,6301753.68
PB1828,110,CJRW-58,4783,15,21,2025-10-18 12:26:23.912937,337788.5,6301753.68
PB1828,110C,TBFR-15,1040,0,3,2025-10-18 12:26:23.912939,337788.5,6301753.68
PB1828,110C,SZZY-84,4415,15,21,2025-10-18 12:26:23.912940,337788.5,6301753.68
PI170,109,TBFR-32,381,0,3,2025-10-18 12:26:25.857236,344029.754,6297012.185
PI170,109,TBFX-67,832,0,4,2025-10-18 12:26:25.857241,344029.754,6297012.185
PB240,201,GCBB-42,642,0,4,2025-10-18 12:26:29.823157,343459.182,6307601.291
PB240,201,GCBB-18,13307,25,60,2025-10-18 12:26:29.823163,343459.182,6307601.291
PB240,214,GCBB-69,540,0,3,2025-10-18 12:26:29.823164,343459.182,6307601.291
PB240,214,GCBB-72,6206,17,25,2025-10-18 12:26:29.823165,343459.182,6307601.291
PB240,230,GCBB-49,2457,8,12,2025-10-18 12:26:29.823166,343459.182,6307601.291
PB240,230,GCBB-14,2508,9,13,2025-10-18 12:26:29.823167,343459.182,6307601.291
PB240,272,VFHT-81,1274,0,4,2025-10-18 12:26:29.823168,343459.182,6307601.291
PB240,272,VFHL-60,7210,25,60,2025-10-18 12:26:29.823169,343459.182,6307601.291
PG1211,G14,FLXX-22,1094,0,3,2025-10-18 12:26:31.758403,344197.1,6277996.644
PG1211,G14,FLXD-19,4415,11,15,2025-10-18 12:26:31.758408,344197.1,6277996.644
PG1211,G24,FLXX-14,1579,0,4,2025-10-18 12:26:31.758410,344197.1,6277996.644
PG1211,G24,FZZF-83,3251,7,9,2025-10-18 12:26:31.758410,344197.1,6277996.644
PJ233,508,FLXX-47,1850,6,8,2025-10-18 12:26:33.657082,336256.514,6299902.317
PJ233,422,GCBD-79,177,0,4,2025-10-18 12:26:33.657087,336256.514,6299902.317
PC1056,C15,SGPY-93,594,0,3,2025-10-18 12:26:35.022952,357383.364,6304587.09
PC1056,C15,SKPK-29,818,0,4,2025-10-18 12:26:35.022958,357383.364,6304587.09
PB1962,B21,SKDH-69,2795,11,15,2025-10-18 12:26:36.987831,345505.898,6302394.856
PB1962,B21,SGPY-90,5813,20,28,2025-10-18 12:26:36.987836,345505.898,6302394.856
PE1318,216,SVPW-59,5583,13,19,2025-10-18 12:26:40.809518,348310.34,6287309.4
PD909,325,VFHW-73,1524,5,7,2025-10-18 12:26:42.721283,351757.586,6291834.435
PD909,325,VFJD-82,4888,13,19,2025-10-18 12:26:42.721289,351757.586,6291834.435
PE1498,210V,VFPT-64,1980,0,5,2025-10-18 12:26:44.787660,350358.0,6291109.0
PE1498,210V,VFPL-31,8199,20,28,2025-10-18 12:26:44.787666,350358.0,6291109.0
PE1498,210,RWTP-86,2406,5,7,2025-10-18 12:26:44.787667,350358.0,6291109.0
PE1498,210,RWTP-80,6937,18,26,2025-10-18 12:26:44.787668,350358.0,6291109.0
PI223,348,VFZK-51,7700,17,25,2025-10-18 12:26:46.784085,338228.892,6290446.888
PC560,504,GCBD-21,2296,8,10,2025-10-18 12:26:48.825055,348465.881,6298803.967
PC560,504,PFXC-10,5685,19,27,2025-10-18 12:26:48.825060,348465.881,6298803.967
PI631,D16,SPBL-74,36,0,3,2025-10-18 12:26:50.722137,352409.352,6296017.149
PI631,D16,SPBL-65,3918,12,18,2025-10-18 12:26:50.722143,352409.352,6296017.149
PJ423,J02,VHXJ-81,2125,7,9,2025-10-18 12:26:52.866949,335375.928,6299115.905
PJ423,J02,VHZX-50,2539,8,10,2025-10-18 12:26:52.866954,335375.928,6299115.905
PJ423,J18,VHZX-91,667,0,5,2025-10-18 12:26:52.866955,335375.928,6299115.905
PJ423,J18,VJBB-71,3153,13,19,2025-10-18 12:26:52.866956,335375.928,6299115.905
PJ423,514,FLXK-31,574,0,3,2025-10-18 12:26:52.866957,335375.928,6299115.905
PD844,D05,PFYC-42,37,0,3,2025-10-18 12:26:54.806074,351201.885,6295030.174
PD844,D05,SPBS-57,4239,13,17,2025-10-18 12:26:54.806080,351201.885,6295030.174
PC1117,C01,LCSX-48,3169,9,11,2025-10-18 12:26:56.798340,359129.876,6306514.191
PC1117,C01,LDJJ-67,3444,9,13,2025-10-18 12:26:56.798345,359129.876,6306514.191
PC1117,C05,LWTK-57,132,0,3,2025-10-18 12:26:56.798346,359129.876,6306514.191
PC1117,C19,LDTB-84,4965,9,13,2025-10-18 12:26:56.798347,359129.876,6306514.191
PC1117,C28,SGPY-74,7773,20,28,2025-10-18 12:26:56.798348,359129.876,6306514.191
PC1117,C28,SGPY-71,10248,25,60,2025-10-18 12:26:56.798349,359129.876,6306514.191
PC1117,C01C,SPBF-71,738,0,4,2025-10-18 12:26:56.798350,359129.876,6306514.191
PC1117,409,PGTV-35,2009,5,7,2025-10-18 12:26:56.798350,359129.876,6306514.191
PC1117,542,TBFT-47,182,0,3,2025-10-18 12:26:56.798351,359129.876,6306514.191
PC370,117,SPBS-58,89,5,7,2025-10-18 12:26:58.763549,350023.813,6300397.637
PC370,117,FLXJ-62,7141,25,60,2025-10-18 12:26:58.763553,350023.813,6300397.637
PC370,412,PFVG-90,2431,7,9,2025-10-18 12:26:58.763555,350023.813,6300397.637
PC370,412,LXWP-64,3891,17,23,2025-10-18 12:26:58.763555,350023.813,6300397.637
PC370,418,PFYC-66,381,0,3,2025-10-18 12:26:58.763556,350023.813,6300397.637
PC370,418,SKPK-63,5867,17,23,2025-10-18 12:26:58.763557,350023.813,6300397.637
PE209,325,VFJR-16,2081,8,10,2025-10-18 12:27:00.732120,350576.84,6284713.7
PE209,325,VFJV-14,6224,21,29,2025-10-18 12:27:00.732125,350576.84,6284713.7
PE209,225,SFWB-46,853,0,3,2025-10-18 12:27:00.732127,350576.84,6284713.7
PE209,225,SFWZ-70,949,0,4,2025-10-18 12:27:00.732133,350576.84,6284713.7
PE209,F05,SPZX-79,1,0,3,2025-10-18 12:27:00.732135,350576.84,6284713.7
PE209,F05,SRVJ-17,1930,8,12,2025-10-18 12:27:00.732137,350576.84,6284713.7
PE209,E12,VFHX-46,4736,16,22,2025-10-18 12:27:00.732139,350576.84,6284713.7
PE209,E12,VFKR-64,8049,25,60,2025-10-18 12:27:00.732140,350576.84,6284713.7
PE209,E13,VFHX-52,481,0,3,2025-10-18 12:27:00.732142,350576.84,6284713.7
PE209,E13,VFKV-37,5609,25,60,2025-10-18 12:27:00.732144,350576.84,6284713.7
PE209,E15C,VFJP-24,2263,0,5,2025-10-18 12:27:00.732146,350576.84,6284713.7
PE209,E15C,VFKS-68,5309,14,20,2025-10-18 12:27:00.732147,350576.84,6284713.7
PF41,F10,SRPK-12,2822,8,10,2025-10-18 12:27:02.706306,354418.271,6283061.748
PF41,F20,SPZY-24,550,0,3,2025-10-18 12:27:02.706312,354418.271,6283061.748
PF41,F20,SRVJ-72,1443,4,6,2025-10-18 12:27:02.706313,354418.271,6283061.748
PF41,F25,SRVK-90,2643,8,10,2025-10-18 12:27:02.706314,354418.271,6283061.748
PF41,F25,TXZH-42,6542,17,25,2025-10-18 12:27:02.706315,354418.271,6283061.748
PF41,712,SJPC-40,3060,8,10,2025-10-18 12:27:02.706316,354418.271,6283061.748
PF41,712,SJPF-90,3829,9,13,2025-10-18 12:27:02.706317,354418.271,6283061.748
PF811,712,SJPC-40,5711,16,22,2025-10-18 12:27:06.619595,354209.602,6280856.955
PF811,712,SJPF-90,6511,17,25,2025-10-18 12:27:06.619600,354209.602,6280856.955
PC623,C09,SGPY-58,1411,0,5,2025-10-18 12:27:08.345560,359594.468,6303194.176
PC623,C09,SGPY-73,8232,25,60,2025-10-18 12:27:08.345564,359594.468,6303194.176
PC953,C15,SKPP-20,1158,0,4,2025-10-18 12:27:10.032649,352869.38,6303021.93
PC953,C15,SGPY-93,6138,19,27,2025-10-18 12:27:10.032654,352869.38,6303021.93
PC953,286,SDSW-62,194,0,3,2025-10-18 12:27:10.032655,352869.38,6303021.93
PC953,286,SDSW-61,3849,10,14,2025-10-18 12:27:10.032656,352869.38,6303021.93
PH604,H08,BJFS-91,1901,4,6,2025-10-18 12:27:12.047170,342465.935,6291410.983
PH604,348,VHSX-69,155,0,3,2025-10-18 12:27:12.047176,342465.935,6291410.983
PH604,348,VHSY-32,9210,25,60,2025-10-18 12:27:12.047177,342465.935,6291410.983
PC913,C28,SHCV-75,2473,5,7,2025-10-18 12:27:14.120858,356466.569,6311012.762
PC913,C28,SPCG-59,4565,9,13,2025-10-18 12:27:14.120864,356466.569,6311012.762
PC913,C14,SKPJ-51,1342,0,4,2025-10-18 12:27:14.120866,356466.569,6311012.762
PC913,C14,SKPL-24,3410,9,11,2025-10-18 12:27:14.120867,356466.569,6311012.762
PG1289,G09,SFGY-22,6378,20,28,2025-10-18 12:27:15.505772,345264.205,6282026.438
PG1289,G09,SHCV-38,7251,25,60,2025-10-18 12:27:15.505777,345264.205,6282026.438
PG1289,228,THTD-64,3163,10,14,2025-10-18 12:27:15.505779,345264.205,6282026.438
PG1289,G08,THTG-94,1159,0,4,2025-10-18 12:27:15.505780,345264.205,6282026.438
PG1289,G08,THTG-13,2348,7,9,2025-10-18 12:27:15.505780,345264.205,6282026.438
PF356,F07,SPRX-11,3413,9,13,2025-10-18 12:27:17.483500,351489.52,6282367.305
PF356,F07,SPRY-65,7330,25,60,2025-10-18 12:27:17.483505,351489.52,6282367.305
PF356,F16,SPRY-86,2175,7,9,2025-10-18 12:27:17.483506,351489.52,6282367.305
PF356,F16,SPRV-99,6438,25,60,2025-10-18 12:27:17.483507,351489.52,6282367.305
PF356,F26,SPVT-70,3655,11,15,2025-10-18 12:27:17.483508,351489.52,6282367.305
PF356,F26,SPVV-65,7235,25,60,2025-10-18 12:27:17.483508,351489.52,6282367.305
PE716,E11,VKJX-63,2217,10,14,2025-10-18 12:27:18.988439,349150.618,6286273.122
PE716,E11,VKJZ-32,7981,25,60,2025-10-18 12:27:18.988443,349150.618,6286273.122
PE716,E18,BJFV-82,1194,0,5,2025-10-18 12:27:18.988444,349150.618,6286273.122
PE716,E18,BJFV-22,4803,14,20,2025-10-18 12:27:18.988445,349150.618,6286273.122
PE716,F05,SPZY-44,577,0,3,2025-10-18 12:27:18.988446,349150.618,6286273.122
PE716,F05,SPZY-45,2869,9,13,2025-10-18 12:27:18.988447,349150.618,6286273.122
PD1158,D13,BJFZ-19,2219,5,7,2025-10-18 12:27:22.880967,350646.909,6292639.264
PA112,116,LDJJ-74,1498,9,13,2025-10-18 12:27:24.924627,346873.86,6299150.2
PA112,116,FLXT-53,1675,10,14,2025-10-18 12:27:24.924632,346873.86,6299150.2
PA112,230,GCBB-12,292,0,3,2025-10-18 12:27:24.924633,346873.86,6299150.2
PA112,230,GCBC-14,1448,6,8,2025-10-18 12:27:24.924634,346873.86,6299150.2
PA112,203,SVPX-47,379,0,4,2025-10-18 12:27:24.924635,346873.86,6299150.2
PA112,203,LZPW-18,1791,8,12,2025-10-18 12:27:24.924635,346873.86,6299150.2
PA112,207,SDGY-27,177,0,3,2025-10-18 12:27:24.924636,346873.86,6299150.2
PA112,207,SFWZ-74,275,0,3,2025-10-18 12:27:24.924637,346873.86,6299150.2
PA112,208,SRTG-97,182,0,5,2025-10-18 12:27:24.924638,346873.86,6299150.2
PA112,208,LZPT-57,5557,25,60,2025-10-18 12:27:24.924639,346873.86,6299150.2
PA112,B02,FLXR-73,971,9,11,2025-10-18 12:27:24.924640,346873.86,6299150.2
PA112,B02,FLXR-81,6759,25,60,2025-10-18 12:27:24.924640,346873.86,6299150.2
PI1012,I07,VHTB-38,1707,7,9,2025-10-18 12:27:30.738830,337760.687,6294694.818
PI1012,I07,VHTB-39,4067,15,21,2025-10-18 12:27:30.738835,337760.687,6294694.818
PI1034,I02,FLXY-78,4065,16,22,2025-10-18 12:27:32.718497,335842.768,6293509.226
PI1034,I02,FLXZ-44,6246,25,60,2025-10-18 12:27:32.718503,335842.768,6293509.226
PI1034,I08,FLXZ-71,141,0,3,2025-10-18 12:27:32.718504,335842.768,6293509.226
PI1034,I08,FLXZ-93,4334,12,18,2025-10-18 12:27:32.718505,335842.768,6293509.226
PC944,C14,SKPP-26,915,0,5,2025-10-18 12:27:34.524234,354056.898,6305449.301
PC944,C14,SKPJ-40,4688,10,14,2025-10-18 12:27:34.524239,354056.898,6305449.301
PD1130,D10,SVDD-94,4571,14,20,2025-10-18 12:27:35.913182,350514.885,6293153.185
PD1130,D10,SVDC-82,13840,25,60,2025-10-18 12:27:35.913187,350514.885,6293153.185
PD1130,D13,FLXK-58,4656,10,14,2025-10-18 12:27:35.913189,350514.885,6293153.185
PC617,C14,SKPL-31,1,0,3,2025-10-18 12:27:37.915495,352930.736,6301811.197
PC617,C14,SKPL-29,1598,5,7,2025-10-18 12:27:37.915500,352930.736,6301811.197
PC1245,C01,LCPW-51,1,0,3,2025-10-18 12:27:39.629478,360232.88,6307532.05
PC1245,C01,LCPW-35,2035,5,7,2025-10-18 12:27:39.629482,360232.88,6307532.05
PG588,206,LZPT-53,3065,11,15,2025-10-18 12:27:41.327466,347719.531,6283318.185
PG588,G28,BJFT-63,1,0,3,2025-10-18 12:27:41.327470,347719.531,6283318.185
PG588,G28,BJFW-50,5830,16,24,2025-10-18 12:27:41.327471,347719.531,6283318.185
PG588,F06,SPZX-77,1,0,3,2025-10-18 12:27:41.327472,347719.531,6283318.185
PG588,F06,SRVL-59,4063,14,20,2025-10-18 12:27:41.327473,347719.531,6283318.185
PD1094,D11,SVDF-40,214,0,3,2025-10-18 12:27:42.699016,358328.192,6295864.507
PH628,H12,FLXF-36,279,0,3,2025-10-18 12:27:44.366046,346236.794,6293904.697
PH628,H09,VGRC-23,5038,13,19,2025-10-18 12:27:44.366052,346236.794,6293904.697
PF671,F33,LCTG-42,2776,12,16,2025-10-18 12:27:46.276404,350430.612,6278692.35
PF671,F33,SRVF-74,5080,25,60,2025-10-18 12:27:46.276410,350430.612,6278692.35
PH187,227,VFPD-61,3145,10,14,2025-10-18 12:27:49.832952,347624.95,6292882.466
PH187,227,VGKX-62,7177,25,60,2025-10-18 12:27:49.832957,347624.95,6292882.466
PH187,207,SXKV-97,3122,8,12,2025-10-18 12:27:49.832958,347624.95,6292882.466
PH187,207,LZPS-20,4992,15,21,2025-10-18 12:27:49.832959,347624.95,6292882.466
PH187,209,SVPX-54,5282,12,18,2025-10-18 12:27:49.832960,347624.95,6292882.466
PH187,205,RWTP-85,2682,7,9,2025-10-18 12:27:49.832961,347624.95,6292882.466
PH187,205,SXKV-95,5051,13,19,2025-10-18 12:27:49.832962,347624.95,6292882.466
PF429,F09,SPZY-64,1726,6,8,2025-10-18 12:27:51.787603,355062.093,6281452.393
PF429,124,SRVJ-55,1494,6,8,2025-10-18 12:27:51.787608,355062.093,6281452.393
PF429,124,LCPG-42,5303,19,27,2025-10-18 12:27:51.787609,355062.093,6281452.393
PF429,F14,SPRY-50,53,0,3,2025-10-18 12:27:51.787610,355062.093,6281452.393
PF429,F26,SPVV-69,1783,7,9,2025-10-18 12:27:51.787611,355062.093,6281452.393
PF429,F26,SPVW-14,4186,16,22,2025-10-18 12:27:51.787612,355062.093,6281452.393
PF429,F29,SPVW-73,2927,8,12,2025-10-18 12:27:51.787613,355062.093,6281452.393
PF429,F29,SPVW-72,7033,25,60,2025-10-18 12:27:51.787613,355062.093,6281452.393
PG864,G05,SHXB-20,3525,9,13,2025-10-18 12:27:53.816896,346292.987,6282515.398
PG864,G35,SFGY-13,1628,0,4,2025-10-18 12:27:53.816902,346292.987,6282515.398
PA346,106,PGPT-25,1110,0,5,2025-10-18 12:27:57.850214,345854.908,6298112.929
PA346,106,PFYR-86,11089,25,60,2025-10-18 12:27:57.850218,345854.908,6298112.929
PA346,401,PFVK-98,177,0,3,2025-10-18 12:27:57.850219,345854.908,6298112.929
PA346,401,PFYG-43,1790,5,7,2025-10-18 12:27:57.850220,345854.908,6298112.929
PA346,405,PDZT-12,3212,10,14,2025-10-18 12:27:57.850221,345854.908,6298112.929
PA346,405,PFBD-53,5156,16,22,2025-10-18 12:27:57.850222,345854.908,6298112.929
PA346,419,PFYG-45,2067,5,7,2025-10-18 12:27:57.850223,345854.908,6298112.929
PA346,421,PFYG-88,6485,19,27,2025-10-18 12:27:57.850224,345854.908,6298112.929
PA346,421,PFTF-81,6569,19,27,2025-10-18 12:27:57.850225,345854.908,6298112.929
PA346,423,PFYT-11,38,0,3,2025-10-18 12:27:57.850225,345854.908,6298112.929
PF503,F29,SPVW-97,386,0,3,2025-10-18 12:27:59.807790,356321.595,6279657.911
PF163,E09,VKJZ-57,25,0,3,2025-10-18 12:28:01.740946,352798.255,6284485.143
PF163,E09,VKJZ-42,1072,0,4,2025-10-18 12:28:01.740951,352798.255,6284485.143
PF163,E16,VFKR-96,4864,15,21,2025-10-18 12:28:01.740952,352798.255,6284485.143
PC242,C05,LWTK-57,1369,0,4,2025-10-18 12:28:04.069463,357669.94,6305546.27
PC242,C16,SKPJ-41,3709,9,13,2025-10-18 12:28:04.069468,357669.94,6305546.27
PC242,C16,LDTC-16,6960,17,25,2025-10-18 12:28:04.069469,357669.94,6305546.27
PC242,C01,LCSX-48,4586,12,16,2025-10-18 12:28:04.069470,357669.94,6305546.27
PC242,C01,LDJJ-67,5024,12,18,2025-10-18 12:28:04.069471,357669.94,6305546.27
PC242,430,SKPJ-49,2814,6,8,2025-10-18 12:28:04.069472,357669.94,6305546.27
PC242,542,TBFT-47,1437,0,5,2025-10-18 12:28:04.069473,357669.94,6305546.27
PC242,C19,LDTB-84,6261,12,18,2025-10-18 12:28:04.069474,357669.94,6305546.27
PC242,411,SKJL-64,282,0,3,2025-10-18 12:28:04.069475,357669.94,6305546.27
PC242,406,GCBD-96,849,0,3,2025-10-18 12:28:04.069475,357669.94,6305546.27
PC242,426,BJFB-68,4227,12,18,2025-10-18 12:28:04.069476,357669.94,6305546.27
PC242,C13,SJPC-21,6321,15,21,2025-10-18 12:28:04.069477,357669.94,6305546.27
PC242,C13,SGPX-13,17052,25,60,2025-10-18 12:28:04.069478,357669.94,6305546.27
PC242,C28,SGPY-74,9005,25,60,2025-10-18 12:28:04.069479,357669.94,6305546.27
PC242,C28,SGPY-71,11260,25,60,2025-10-18 12:28:04.069479,357669.94,6305546.27
PC242,C01C,SPBF-71,2272,5,7,2025-10-18 12:28:04.069480,357669.94,6305546.27
PC242,409,SPBL-80,9,0,3,2025-10-18 12:28:04.069481,357669.94,6305546.27
PC242,409,PGTV-35,3426,8,10,2025-10-18 12:28:04.069482,357669.94,6305546.27
PG302,F20,SPZX-76,2264,9,11,2025-10-18 12:28:06.100937,346132.255,6284826.332
PG302,229,SFVZ-87,2293,5,7,2025-10-18 12:28:06.100942,346132.255,6284826.332
PG302,229,SFWZ-62,9435,25,60,2025-10-18 12:28:06.100943,346132.255,6284826.332
PG302,302,BJFS-93,4083,10,14,2025-10-18 12:28:06.100944,346132.255,6284826.332
PG302,302,FLXK-94,6303,15,21,2025-10-18 12:28:06.100945,346132.255,6284826.332
PG302,G11,THTF-61,3911,13,17,2025-10-18 12:28:06.100946,346132.255,6284826.332
PG302,G08,THTH-15,2830,9,13,2025-10-18 12:28:06.100946,346132.255,6284826.332
PI234,106,PFVD-57,45,0,3,2025-10-18 12:28:08.220234,336761.97,6292399.95
PI234,106,PFVD-65,1313,0,4,2025-10-18 12:28:08.220239,336761.97,6292399.95
PI234,401,PFVL-15,6515,20,28,2025-10-18 12:28:08.220240,336761.97,6292399.95
PI234,405,PDYH-96,2081,10,14,2025-10-18 12:28:08.220241,336761.97,6292399.95
PI234,405,PFYG-48,6130,25,60,2025-10-18 12:28:08.220242,336761.97,6292399.95
PI234,419,PFVK-63,2671,8,12,2025-10-18 12:28:08.220242,336761.97,6292399.95
PI234,419,PFYH-22,8974,25,60,2025-10-18 12:28:08.220243,336761.97,6292399.95
PI234,506,FLXW-21,665,0,3,2025-10-18 12:28:08.220244,336761.97,6292399.95
PI234,506,TBFS-34,3361,9,13,2025-10-18 12:28:08.220245,336761.97,6292399.95
PI234,110,FLXG-18,592,0,3,2025-10-18 12:28:08.220246,336761.97,6292399.95
PI234,110,CJRW-76,2546,9,13,2025-10-18 12:28:08.220246,336761.97,6292399.95
PI234,421,PFVK-49,3983,17,23,2025-10-18 12:28:08.220247,336761.97,6292399.95
PI234,421,PFYG-61,7963,25,60,2025-10-18 12:28:08.220248,336761.97,6292399.95
PI234,111,FLXY-63,4373,16,22,2025-10-18 12:28:08.220249,336761.97,6292399.95
PI234,111,FLXW-97,6984,25,60,2025-10-18 12:28:08.220250,336761.97,6292399.95
PI234,I07,VHTB-39,67,0,3,2025-10-18 12:28:08.220250,336761.97,6292399.95
PI234,I07,VHSY-35,5663,19,27,2025-10-18 12:28:08.220251,336761.97,6292399.95
PI234,I12,FLXY-10,817,5,7,2025-10-18 12:28:08.220252,336761.97,6292399.95
PI234,I35,SDSW-87,9329,25,60,2025-10-18 12:28:08.220253,336761.97,6292399.95
PI234,I35,SCRZ-36,9408,25,60,2025-10-18 12:28:08.220254,336761.97,6292399.95
PI234,506V,TBFW-53,377,0,3,2025-10-18 12:28:08.220255,336761.97,6292399.95
PI234,506V,GCBF-21,3383,11,15,2025-10-18 12:28:08.220255,336761.97,6292399.95
PF1096,F27,SPRY-45,2147,7,9,2025-10-18 12:28:10.147982,356559.25,6284016.88
PF1096,F27,SPRY-91,5536,16,22,2025-10-18 12:28:10.147987,356559.25,6284016.88
PA424,402,LXWP-73,2991,25,60,2025-10-18 12:28:12.220805,345469.34,6298991.98
PA424,402,PFYC-32,3741,25,60,2025-10-18 12:28:12.220811,345469.34,6298991.98
PA424,505,VHZZ-91,158,0,3,2025-10-18 12:28:12.220812,345469.34,6298991.98
PA424,505,VHZX-61,3736,15,21,2025-10-18 12:28:12.220813,345469.34,6298991.98
PA424,504,TBFT-67,1358,6,8,2025-10-18 12:28:12.220814,345469.34,6298991.98
PA424,504,GCBD-21,5263,18,26,2025-10-18 12:28:12.220815,345469.34,6298991.98
PA424,508,FDJX-79,365,0,3,2025-10-18 12:28:12.220816,345469.34,6298991.98
PA424,508,FLXH-85,4824,19,27,2025-10-18 12:28:12.220817,345469.34,6298991.98
PA424,514,FLXJ-43,2095,7,9,2025-10-18 12:28:12.220818,345469.34,6298991.98
PA424,514,PFXC-48,4278,13,19,2025-10-18 12:28:12.220819,345469.34,6298991.98
PJ210,418,SKPK-32,3722,8,10,2025-10-18 12:28:13.925622,337241.652,6297413.265
PJ210,514,FLXK-31,3281,10,14,2025-10-18 12:28:13.925627,337241.652,6297413.265
PI202,I09,VHSX-75,1270,5,7,2025-10-18 12:28:15.927000,334921.36,6290859.43
PI202,I11,RWRP-71,1455,5,7,2025-10-18 12:28:15.927004,334921.36,6290859.43
PI202,109,PFXC-75,633,0,3,2025-10-18 12:28:15.927006,334921.36,6290859.43
PI202,I24,VHSZ-45,2994,7,9,2025-10-18 12:28:15.927007,334921.36,6290859.43
PI202,I05,VHSY-10,957,0,5,2025-10-18 12:28:15.927007,334921.36,6290859.43
PE279,E08,VKJZ-62,5446,14,20,2025-10-18 12:28:17.984430,355103.875,6285584.36
PE279,E08,VKJX-59,6041,17,25,2025-10-18 12:28:17.984435,355103.875,6285584.36
PE279,E11,VKJZ-50,467,0,3,2025-10-18 12:28:17.984436,355103.875,6285584.36
PE279,E11,VKJY-50,6417,25,60,2025-10-18 12:28:17.984437,355103.875,6285584.36
PI587,I03,FLXJ-28,564,0,3,2025-10-18 12:28:19.997846,339146.274,6294226.421
PI587,I03,FLXL-39,1613,4,6,2025-10-18 12:28:19.997852,339146.274,6294226.421
PI587,I10,FLXY-45,2307,8,12,2025-10-18 12:28:19.997853,339146.274,6294226.421
PI587,I10,FLXL-33,4662,17,25,2025-10-18 12:28:19.997854,339146.274,6294226.421
PI587,509,FLXV-87,159,0,3,2025-10-18 12:28:19.997855,339146.274,6294226.421
PI587,509,TBFR-37,4422,12,16,2025-10-18 12:28:19.997856,339146.274,6294226.421
PD1046,517,VHZZ-71,4070,10,14,2025-10-18 12:28:21.989555,357262.945,6296190.842
PD1046,517,VJJV-48,10735,25,60,2025-10-18 12:28:21.989560,357262.945,6296190.842
PD1046,D09,STYX-82,1129,0,4,2025-10-18 12:28:21.989561,357262.945,6296190.842
PD1046,D09,SVDC-74,1441,4,6,2025-10-18 12:28:21.989562,357262.945,6296190.842
PD1046,D10,STWH-39,2419,9,13,2025-10-18 12:28:21.989563,357262.945,6296190.842
PD1046,D10,SVDC-83,7571,25,60,2025-10-18 12:28:21.989564,357262.945,6296190.842
PD1046,D11,SVDC-50,1325,0,4,2025-10-18 12:28:21.989565,357262.945,6296190.842
PD1046,D11,SVDC-26,5723,15,21,2025-10-18 12:28:21.989566,357262.945,6296190.842
PD1046,513,LXWS-40,7360,25,60,2025-10-18 12:28:21.989567,357262.945,6296190.842
PD1046,513,LXWS-35,12683,25,60,2025-10-18 12:28:21.989568,357262.945,6296190.842
PG91,203,SXKV-86,10398,25,60,2025-10-18 12:28:24.060649,348085.649,6289202.159
PG91,203,SRTK-16,11363,25,60,2025-10-18 12:28:24.060654,348085.649,6289202.159
PG91,206,SRTK-17,2110,5,7,2025-10-18 12:28:24.060655,348085.649,6289202.159
PG91,206,SDGY-10,6021,14,20,2025-10-18 12:28:24.060656,348085.649,6289202.159
PG91,212,SFWB-58,1,0,3,2025-10-18 12:28:24.060657,348085.649,6289202.159
PG91,212,SVPX-46,1,0,3,2025-10-18 12:28:24.060658,348085.649,6289202.159
PG91,233,THTD-94,1,0,3,2025-10-18 12:28:24.060658,348085.649,6289202.159
PG91,233,THTD-95,508,0,3,2025-10-18 12:28:24.060659,348085.649,6289202.159
PF76,F01,TFSZ-92,795,0,4,2025-10-18 12:28:26.107512,352671.05,6283267.1
PF76,F27,SPRY-91,19,0,3,2025-10-18 12:28:26.107517,352671.05,6283267.1
PF76,F05,SPZY-67,186,0,3,2025-10-18 12:28:26.107518,352671.05,6283267.1
PF76,F05,SPZX-79,3584,12,16,2025-10-18 12:28:26.107519,352671.05,6283267.1
PF76,F20,SPZY-87,370,0,3,2025-10-18 12:28:26.107520,352671.05,6283267.1
PF76,F20,SPZY-57,3829,14,20,2025-10-18 12:28:26.107521,352671.05,6283267.1
PF76,F08,SPVV-85,348,0,3,2025-10-18 12:28:26.107522,352671.05,6283267.1
PF76,F14,SPRY-67,3463,11,15,2025-10-18 12:28:26.107522,352671.05,6283267.1
PF76,E16,VFJK-84,1,0,3,2025-10-18 12:28:26.107523,352671.05,6283267.1
PF76,205,RYJG-90,1926,6,8,2025-10-18 12:28:26.107524,352671.05,6283267.1
PF76,205,LZRD-95,7270,25,60,2025-10-18 12:28:26.107525,352671.05,6283267.1
PF76,F06,SPZY-37,375,0,3,2025-10-18 12:28:26.107526,352671.05,6283267.1
PF76,F06,SPZY-48,5225,25,60,2025-10-18 12:28:26.107527,352671.05,6283267.1
PF101,210,SXKV-89,2152,7,9,2025-10-18 12:28:28.116145,353397.391,6282323.508
PF101,210,LZRB-91,2595,13,19,2025-10-18 12:28:28.116151,353397.391,6282323.508
PF101,F15,LCPG-39,1034,0,4,2025-10-18 12:28:28.116153,353397.391,6282323.508
PF101,F15,LBTS-96,3729,12,16,2025-10-18 12:28:28.116154,353397.391,6282323.508
PF101,F01,SPVV-38,2543,8,12,2025-10-18 12:28:28.116163,353397.391,6282323.508
PF101,F01,SRPJ-78,7981,25,60,2025-10-18 12:28:28.116164,353397.391,6282323.508
PF101,F13,SRSC-39,120,0,3,2025-10-18 12:28:28.116165,353397.391,6282323.508
PF101,F13,SRRX-41,4599,15,21,2025-10-18 12:28:28.116166,353397.391,6282323.508
PF101,205,LZRD-80,2650,11,15,2025-10-18 12:28:28.116167,353397.391,6282323.508
PH371,H24,VGRC-83,2325,6,8,2025-10-18 12:28:30.132665,344568.584,6292006.692
PH371,121,FLXF-52,590,0,3,2025-10-18 12:28:30.132670,344568.584,6292006.692
PH371,121,BJFX-21,3392,10,14,2025-10-18 12:28:30.132671,344568.584,6292006.692
PH371,H05,VFPJ-71,2020,7,9,2025-10-18 12:28:30.132672,344568.584,6292006.692
PH371,H09,VGRC-23,1622,5,7,2025-10-18 12:28:30.132673,344568.584,6292006.692
PG2087,G39,SCRZ-20,1192,0,3,2025-10-18 12:28:32.078978,340656.0,6285885.0
PG2087,G39,SFPG-70,1777,0,5,2025-10-18 12:28:32.078983,340656.0,6285885.0
PH278,302,BJFV-99,3886,9,11,2025-10-18 12:28:34.034391,345548.928,6292767.248
PH278,302,BJFZ-31,8688,19,27,2025-10-18 12:28:34.034396,345548.928,6292767.248
PD306,D11,SVDF-57,716,0,3,2025-10-18 12:28:35.934767,355631.16,6298573.303
PD306,D11,SVDD-49,850,0,3,2025-10-18 12:28:35.934772,355631.16,6298573.303
PD306,517,VHXJ-40,2939,7,9,2025-10-18 12:28:35.934773,355631.16,6298573.303
PD306,225,SFVZ-29,1,0,3,2025-10-18 12:28:35.934774,355631.16,6298573.303
PD306,225,SFWZ-73,1754,4,6,2025-10-18 12:28:35.934775,355631.16,6298573.303
PD1303,D10,SVDD-94,2837,6,8,2025-10-18 12:28:37.885933,351524.273,6292909.741
PD1303,D10,SVDC-82,12057,25,60,2025-10-18 12:28:37.885939,351524.273,6292909.741
PJ59,110,CJRW-75,179,0,3,2025-10-18 12:28:41.795424,337971.128,6301482.523
PJ59,110,TBFS-46,2704,15,21,2025-10-18 12:28:41.795429,337971.128,6301482.523
PJ59,110C,PFXC-65,2613,9,13,2025-10-18 12:28:41.795430,337971.128,6301482.523
PJ59,110C,PFXB-56,9154,25,60,2025-10-18 12:28:41.795431,337971.128,6301482.523
PG279,226,VFPZ-92,5307,17,23,2025-10-18 12:28:43.845563,345975.927,6290425.217
PG279,226,VFPJ-68,7671,25,60,2025-10-18 12:28:43.845568,345975.927,6290425.217
PG279,227,VFPK-64,1567,0,5,2025-10-18 12:28:43.845569,345975.927,6290425.217
PB1451,B22,SKPS-48,3812,11,15,2025-10-18 12:28:45.768397,344743.875,6305546.607
PH766,E04,VKJZ-48,3538,13,19,2025-10-18 12:28:47.228182,348263.67,6292935.35
PH766,E04,VKJX-54,9886,25,60,2025-10-18 12:28:47.228187,348263.67,6292935.35
PI1432,I01,FLXL-48,1,0,3,2025-10-18 12:28:48.923243,341908.56,6294094.5
PI1432,I01,FLXG-58,6318,16,24,2025-10-18 12:28:48.923249,341908.56,6294094.5
PI1432,I18,VHSX-87,3721,10,14,2025-10-18 12:28:48.923251,341908.56,6294094.5
PI1432,I18,VHSX-96,8915,25,60,2025-10-18 12:28:48.923252,341908.56,6294094.5
PJ142,402,PFTW-57,2260,7,9,2025-10-18 12:28:50.905165,342125.973,6299023.229
PJ142,402,SJPF-43,2447,8,10,2025-10-18 12:28:50.905170,342125.973,6299023.229
PJ142,406,SZZH-68,800,0,3,2025-10-18 12:28:50.905171,342125.973,6299023.229
PJ142,406,GCBD-83,3999,13,17,2025-10-18 12:28:50.905172,342125.973,6299023.229
PJ142,422,PFXC-27,4077,12,16,2025-10-18 12:28:50.905173,342125.973,6299023.229
PJ142,422,TBFW-61,5694,16,24,2025-10-18 12:28:50.905174,342125.973,6299023.229
PJ142,426,FLXS-69,5457,17,25,2025-10-18 12:28:50.905175,342125.973,6299023.229
PJ142,426,BJFD-69,11674,25,60,2025-10-18 12:28:50.905175,342125.973,6299023.229
PB1382,B19,SHCY-56,649,0,4,2025-10-18 12:28:52.869973,343572.103,6306586.38
PA349,106,PGPT-25,2335,8,10,2025-10-18 12:28:55.550765,344534.915,6297691.371
PA349,106,PFYR-86,12347,25,60,2025-10-18 12:28:55.550771,344534.915,6297691.371
PA349,419,PFYG-45,2819,9,11,2025-10-18 12:28:55.550772,344534.915,6297691.371
PA349,421,PFYG-88,7729,25,60,2025-10-18 12:28:55.550773,344534.915,6297691.371
PA349,421,PFTF-81,7765,25,60,2025-10-18 12:28:55.550773,344534.915,6297691.371
PA349,J10,VHZW-71,1074,5,7,2025-10-18 12:28:55.550774,344534.915,6297691.371
PA349,510,GCBD-62,47,0,3,2025-10-18 12:28:55.550775,344534.915,6297691.371
PA349,510,TBFS-42,4026,11,15,2025-10-18 12:28:55.550776,344534.915,6297691.371
PA349,516,GCBD-53,3160,10,14,2025-10-18 12:28:55.550777,344534.915,6297691.371
PA349,516,HYKK-33,8015,25,60,2025-10-18 12:28:55.550778,344534.915,6297691.371
PA349,404,PFYC-50,1850,6,8,2025-10-18 12:28:55.550778,344534.915,6297691.371
PA349,404,PFYC-70,3190,12,16,2025-10-18 12:28:55.550779,344534.915,6297691.371
PA349,401,PFVK-98,1497,4,6,2025-10-18 12:28:55.550780,344534.915,6297691.371
PA349,401,PFYG-43,2736,8,10,2025-10-18 12:28:55.550781,344534.915,6297691.371
PA349,405,PDZH-76,663,0,3,2025-10-18 12:28:55.550782,344534.915,6297691.371
PA349,405,PDZT-12,4145,13,17,2025-10-18 12:28:55.550782,344534.915,6297691.371
PA349,423,PFYS-39,1,0,3,2025-10-18 12:28:55.550783,344534.915,6297691.371
PA349,423,PFYT-11,1086,0,4,2025-10-18 12:28:55.550784,344534.915,6297691.371
PA349,519,FLXV-70,5306,12,18,2025-10-18 12:28:55.550785,344534.915,6297691.371
PA349,519,PFXB-19,12374,25,60,2025-10-18 12:28:55.550786,344534.915,6297691.371
PA349,424,HYKK-32,640,0,3,2025-10-18 12:28:55.550786,344534.915,6297691.371
PC187,412,SKPK-27,2713,9,11,2025-10-18 12:28:58.782552,350696.499,6301094.965
PC187,412,PFYC-46,3972,13,17,2025-10-18 12:28:58.782557,350696.499,6301094.965
PC187,418,PFYC-60,5509,17,25,2025-10-18 12:28:58.782558,350696.499,6301094.965
PC187,418,SHXF-31,6305,18,26,2025-10-18 12:28:58.782559,350696.499,6301094.965
PC187,401,PFYG-86,4446,12,18,2025-10-18 12:28:58.782560,350696.499,6301094.965
PC187,401,PDYH-93,9580,25,60,2025-10-18 12:28:58.782561,350696.499,6301094.965
PC187,405,PFYH-12,2231,9,13,2025-10-18 12:28:58.782562,350696.499,6301094.965
PC187,405,PFBD-52,4252,14,20,2025-10-18 12:28:58.782562,350696.499,6301094.965
PC187,421,PFYG-88,489,0,3,2025-10-18 12:28:58.782563,350696.499,6301094.965
PC187,421,PFTF-81,524,0,3,2025-10-18 12:28:58.782564,350696.499,6301094.965
PC187,503,VGVG-35,499,0,3,2025-10-18 12:28:58.782565,350696.499,6301094.965
PC187,503,VHLL-38,5372,15,21,2025-10-18 12:28:58.782566,350696.499,6301094.965
PC187,212,LZPG-13,1,0,3,2025-10-18 12:28:58.782567,350696.499,6301094.965
PI74,H07,CJRX-60,1629,0,5,2025-10-18 12:29:00.695337,343187.384,6293722.611
PI74,H07,CJRX-69,4723,12,16,2025-10-18 12:29:00.695342,343187.384,6293722.611
PG1694,F03,FLXJ-38,4180,9,11,2025-10-18 12:29:02.645601,347499.976,6279245.959
PG1694,F03,FLXG-80,12426,25,60,2025-10-18 12:29:02.645607,347499.976,6279245.959
PF192,F29,SRPJ-73,4496,12,16,2025-10-18 12:29:06.678197,358607.295,6280240.955
PF192,F29,SPVW-98,6760,20,28,2025-10-18 12:29:06.678202,358607.295,6280240.955
PF192,712,SHCW-65,3073,8,10,2025-10-18 12:29:06.678204,358607.295,6280240.955
PF192,712,SRVL-70,3464,9,11,2025-10-18 12:29:06.678204,358607.295,6280240.955
PC256,502,GCBC-79,2952,8,10,2025-10-18 12:29:08.651972,353806.365,6304340.548
PC256,542,TBFT-87,489,0,3,2025-10-18 12:29:08.651978,353806.365,6304340.548
PC256,542,TBFT-47,5513,17,23,2025-10-18 12:29:08.651979,353806.365,6304340.548
PC256,405,PFVK-99,1823,5,7,2025-10-18 12:29:08.651979,353806.365,6304340.548
PC256,405,PFVL-13,3806,11,15,2025-10-18 12:29:08.651980,353806.365,6304340.548
PB1331,B17,STHF-45,2061,6,8,2025-10-18 12:29:10.965740,344471.672,6301466.24
PB1331,B17,SHCY-62,5105,25,60,2025-10-18 12:29:10.965745,344471.672,6301466.24
PG967,G39,SHCV-49,314,0,3,2025-10-18 12:29:12.939430,344686.831,6282168.463
PG967,G39,SFPG-66,4996,17,25,2025-10-18 12:29:12.939435,344686.831,6282168.463
PG967,228,THTD-60,197,0,3,2025-10-18 12:29:12.939437,344686.831,6282168.463
PG967,G08,THTH-15,6320,17,23,2025-10-18 12:29:12.939438,344686.831,6282168.463
PG690,G02,FLXC-99,1461,8,10,2025-10-18 12:29:15.143160,342260.77,6281206.58
PG885,G05,SHCX-25,1875,12,16,2025-10-18 12:29:17.109782,345610.298,6283464.203
PG885,G05,SFPG-62,4967,19,27,2025-10-18 12:29:17.109788,345610.298,6283464.203
PG885,G35,SDSW-83,1028,4,6,2025-10-18 12:29:17.109789,345610.298,6283464.203
PG885,G35,SFPG-29,1347,6,8,2025-10-18 12:29:17.109790,345610.298,6283464.203
PE12,712,SJPC-43,6131,12,16,2025-10-18 12:29:19.081776,353611.132,6289008.346
PE12,712,SPZY-56,6492,12,18,2025-10-18 12:29:19.081781,353611.132,6289008.346
PE12,104,SKVD-54,4789,14,20,2025-10-18 12:29:19.081782,353611.132,6289008.346
PE12,104,LCST-80,4972,15,21,2025-10-18 12:29:19.081783,353611.132,6289008.346
PE12,114,SKVD-68,2246,8,12,2025-10-18 12:29:19.081783,353611.132,6289008.346
PE12,114,SKWD-69,7625,25,60,2025-10-18 12:29:19.081784,353611.132,6289008.346
PE12,102,SPZY-50,2192,6,8,2025-10-18 12:29:19.081785,353611.132,6289008.346
PE12,102,SPZX-53,7864,25,60,2025-10-18 12:29:19.081786,353611.132,6289008.346
PH329,119,FLXG-71,5266,14,20,2025-10-18 12:29:22.977947,344247.35,6292630.34
PH329,H12,FLXF-73,419,0,4,2025-10-18 12:29:22.977952,344247.35,6292630.34
PI962,I24,VHTB-64,6956,16,22,2025-10-18 12:29:24.927437,330575.425,6290837.584
PI962,I24,VHTB-69,8987,25,60,2025-10-18 12:29:24.927441,330575.425,6290837.584
PE522,E06,CJRB-16,1927,8,10,2025-10-18 12:29:26.866303,351939.862,6290161.352
PE522,E03,BJFS-78,2280,8,10,2025-10-18 12:29:26.866312,351939.862,6290161.352
PF1025,124,SRVJ-34,450,0,3,2025-10-18 12:29:28.823905,351932.13,6277827.0
PF1025,124,SPZX-70,4854,18,26,2025-10-18 12:29:28.823909,351932.13,6277827.0
PI597,I03,FLXG-52,204,0,3,2025-10-18 12:29:30.762394,338589.9,6293922.2
PI597,I03,FLXJ-24,5861,13,19,2025-10-18 12:29:30.762399,338589.9,6293922.2
PI597,I10,FLXG-91,1,0,3,2025-10-18 12:29:30.762400,338589.9,6293922.2
PI597,I10,FLXJ-22,5077,14,20,2025-10-18 12:29:30.762401,338589.9,6293922.2
PI597,509,FDJX-74,1,0,3,2025-10-18 12:29:30.762402,338589.9,6293922.2
PI597,509,GCBD-68,5019,12,18,2025-10-18 12:29:30.762403,338589.9,6293922.2
PJ1551,B26,FLXP-70,200,0,3,2025-10-18 12:29:32.704310,343760.73,6299505.0
PJ1551,B26,FLXS-57,10297,25,60,2025-10-18 12:29:32.704315,343760.73,6299505.0
PC1046,C16,LDTF-44,284,0,3,2025-10-18 12:29:34.747388,357340.686,6300678.328
PC1046,401,PDYH-93,477,0,3,2025-10-18 12:29:34.747395,357340.686,6300678.328
PC1046,504,PFXB-51,1533,9,13,2025-10-18 12:29:34.747396,357340.686,6300678.328
PA687,422,PFXC-81,2559,10,14,2025-10-18 12:29:36.658554,348045.704,6297613.591
PA687,422,PFXC-41,7587,25,60,2025-10-18 12:29:36.658559,348045.704,6297613.591
PA95,203,SXKV-86,2792,8,12,2025-10-18 12:29:38.634539,347060.224,6296763.518
PA95,203,SRTK-16,3806,14,20,2025-10-18 12:29:38.634545,347060.224,6296763.518
PA95,206,SDGY-18,878,4,6,2025-10-18 12:29:38.634547,347060.224,6296763.518
PA95,385,FLXK-51,1660,8,10,2025-10-18 12:29:38.634548,347060.224,6296763.518
PA95,385,FLXL-76,4215,17,23,2025-10-18 12:29:38.634549,347060.224,6296763.518
PJ735,513,VJJV-78,1058,0,4,2025-10-18 12:29:42.569475,337027.44,6300917.727
PJ735,513,VHXJ-91,7620,19,27,2025-10-18 12:29:42.569479,337027.44,6300917.727
PJ735,511,TBFW-43,1713,6,8,2025-10-18 12:29:42.569480,337027.44,6300917.727
PJ735,J05,GCBF-30,33,0,3,2025-10-18 12:29:42.569481,337027.44,6300917.727
PJ735,J05,TBFX-22,3580,10,14,2025-10-18 12:29:42.569482,337027.44,6300917.727
PB870,B04,SHXG-18,3767,19,27,2025-10-18 12:29:44.508109,345494.592,6300439.364
PB870,B04,SHXF-43,6163,25,60,2025-10-18 12:29:44.508114,345494.592,6300439.364
PH513,H05,VFPL-87,3817,10,14,2025-10-18 12:29:46.388371,345808.435,6291225.125
PB1542,110C,TBFR-15,4707,13,17,2025-10-18 12:29:47.976705,335991.875,6303371.407
PB1542,110C,SZZY-84,8362,25,60,2025-10-18 12:29:47.976710,335991.875,6303371.407
PB1542,B09,SHCY-39,5386,25,60,2025-10-18 12:29:47.976711,335991.875,6303371.407
PB1542,B09,SHCY-47,12829,25,60,2025-10-18 12:29:47.976712,335991.875,6303371.407
PB1542,B29,SKHG-74,1658,0,4,2025-10-18 12:29:47.976713,335991.875,6303371.407
PB1542,B29,LXDH-84,4460,11,15,2025-10-18 12:29:47.976714,335991.875,6303371.407
PJ1713,J08,TBFR-13,3892,13,17,2025-10-18 12:29:49.904710,336570.924,6296463.657
PJ1713,J08,FLXV-65,7965,25,60,2025-10-18 12:29:49.904716,336570.924,6296463.657
PJ1713,111,FLXW-87,3555,14,20,2025-10-18 12:29:49.904717,336570.924,6296463.657
PA323,121,BJFZ-70,3976,17,25,2025-10-18 12:29:51.912742,344901.667,6298881.952
PA323,121,FLXF-52,9157,25,60,2025-10-18 12:29:51.912747,344901.667,6298881.952
PA323,J03,TBFX-42,1,0,3,2025-10-18 12:29:51.912748,344901.667,6298881.952
PA323,J03,TBFT-53,1,0,3,2025-10-18 12:29:51.912749,344901.667,6298881.952
PA323,J10,VJBB-31,1685,8,12,2025-10-18 12:29:51.912750,344901.667,6298881.952
PA323,J10,VHZV-71,5930,25,60,2025-10-18 12:29:51.912750,344901.667,6298881.952
PJ1749,J11,TBFP-78,7210,17,25,2025-10-18 12:29:53.956680,334190.214,6297992.717
PI195,348,VHTB-21,2869,9,13,2025-10-18 12:29:55.496711,333699.498,6290667.207
PI413,404,PFYC-50,7951,25,60,2025-10-18 12:29:57.385630,338545.741,6295041.965
PI413,404,PFYC-70,9711,25,60,2025-10-18 12:29:57.385635,338545.741,6295041.965
PI413,405,PFBG-38,158,0,3,2025-10-18 12:29:57.385636,338545.741,6295041.965
PI413,405,PDZH-76,6533,16,22,2025-10-18 12:29:57.385637,338545.741,6295041.965
PI413,423,PFYS-39,6204,12,18,2025-10-18 12:29:57.385638,338545.741,6295041.965
PI413,423,PFYT-11,6987,15,21,2025-10-18 12:29:57.385639,338545.741,6295041.965
PI413,I09,FLXZ-13,1791,4,6,2025-10-18 12:29:57.385640,338545.741,6295041.965
PI413,I09,FLXY-98,4949,13,19,2025-10-18 12:29:57.385641,338545.741,6295041.965
PI413,106,PFYR-61,3075,7,9,2025-10-18 12:29:57.385642,338545.741,6295041.965
PI413,106,PGPT-25,8759,25,60,2025-10-18 12:29:57.385642,338545.741,6295041.965
PI413,401,PFVK-98,7902,21,29,2025-10-18 12:29:57.385643,338545.741,6295041.965
PI413,401,PFYG-43,9188,25,60,2025-10-18 12:29:57.385644,338545.741,6295041.965
PI413,419,PFVL-21,5700,11,15,2025-10-18 12:29:57.385645,338545.741,6295041.965
PI413,419,PFYG-45,9168,21,29,2025-10-18 12:29:57.385646,338545.741,6295041.965
PI413,421,PFYG-88,14137,25,60,2025-10-18 12:29:57.385647,338545.741,6295041.965
PI413,421,PFTF-81,14205,25,60,2025-10-18 12:29:57.385647,338545.741,6295041.965
PI413,I08,FLXY-68,97,0,3,2025-10-18 12:29:57.385648,338545.741,6295041.965
PI413,I08,FLXW-84,1871,0,4,2025-10-18 12:29:57.385649,338545.741,6295041.965
PC1014,C19,SGPW-40,3662,9,13,2025-10-18 12:30:01.895622,357822.273,6310792.104
PC1014,C19,SKPJ-42,6609,16,24,2025-10-18 12:30:01.895626,357822.273,6310792.104
PH1451,204,VGBX-49,2241,5,7,2025-10-18 12:30:03.868513,349057.293,6290835.23
PH1451,204,VFRG-45,5375,14,20,2025-10-18 12:30:03.868518,349057.293,6290835.23
PF170,F08,SPVV-85,1634,5,7,2025-10-18 12:30:05.830849,353147.74,6283949.677
PF170,F14,SPRY-67,4063,12,16,2025-10-18 12:30:05.830854,353147.74,6283949.677
PF170,F24,SPRW-86,3966,12,18,2025-10-18 12:30:05.830856,353147.74,6283949.677
PF170,F27,SPRY-91,504,0,3,2025-10-18 12:30:05.830857,353147.74,6283949.677
PF170,F05,SPZY-67,876,0,5,2025-10-18 12:30:05.830858,353147.74,6283949.677
PF170,F05,SPZX-79,4512,15,21,2025-10-18 12:30:05.830859,353147.74,6283949.677
PF170,F06,SPZY-37,1179,4,6,2025-10-18 12:30:05.830860,353147.74,6283949.677
PF170,F06,SPZY-48,6339,25,60,2025-10-18 12:30:05.830861,353147.74,6283949.677
PF170,F20,SPZY-87,1234,0,4,2025-10-18 12:30:05.830862,353147.74,6283949.677
PF170,F20,SPZY-57,4417,13,19,2025-10-18 12:30:05.830863,353147.74,6283949.677
PI826,I03,FLXJ-28,1323,0,5,2025-10-18 12:30:07.746859,339792.152,6295375.973
PI826,I03,FLXL-39,2969,9,11,2025-10-18 12:30:07.746864,339792.152,6295375.973
PC1058,401,PDYH-93,349,0,3,2025-10-18 12:30:09.723072,357594.137,6300689.435
PC1058,504,PFXB-51,1112,9,11,2025-10-18 12:30:09.723078,357594.137,6300689.435
PE343,210V,VFRB-15,2856,11,15,2025-10-18 12:30:13.639212,353800.386,6285295.119
PB622,307,TWPD-27,10306,25,60,2025-10-18 12:30:15.571130,339898.263,6307932.951
PB622,307,FLXJ-12,12360,25,60,2025-10-18 12:30:15.571135,339898.263,6307932.951
PB622,307C,VHSX-95,116,0,3,2025-10-18 12:30:15.571136,339898.263,6307932.951
PB622,307C,TWPD-10,3070,25,60,2025-10-18 12:30:15.571137,339898.263,6307932.951
PB622,315E,VHTB-62,13810,25,60,2025-10-18 12:30:15.571138,339898.263,6307932.951
PB622,315E,VHSX-80,14393,25,60,2025-10-18 12:30:15.571138,339898.263,6307932.951
PI279,111,FLXW-97,1328,0,4,2025-10-18 12:30:17.593859,336290.675,6288364.971
PI279,111,FLXY-27,7725,25,60,2025-10-18 12:30:17.593864,336290.675,6288364.971
PI279,113,FLXW-78,1758,0,5,2025-10-18 12:30:17.593865,336290.675,6288364.971
PI279,I04,FLXL-15,3908,9,13,2025-10-18 12:30:17.593866,336290.675,6288364.971
PI279,I11,VHSX-76,1299,0,3,2025-10-18 12:30:17.593867,336290.675,6288364.971
PI279,I11,JZPY-41,7555,17,25,2025-10-18 12:30:17.593868,336290.675,6288364.971
PI279,I35,SCRZ-36,3641,9,11,2025-10-18 12:30:17.593869,336290.675,6288364.971
PI279,I35,SFGY-67,5079,13,19,2025-10-18 12:30:17.593870,336290.675,6288364.971
PI279,115,TBFR-19,3829,10,14,2025-10-18 12:30:17.593871,336290.675,6288364.971
PH1447,214,GCBB-77,4095,12,18,2025-10-18 12:30:18.943262,345035.147,6291021.557
PH1447,214,GCBB-21,8806,25,60,2025-10-18 12:30:18.943267,345035.147,6291021.557
PI32,I14,CJRW-83,385,0,3,2025-10-18 12:30:20.948191,339997.939,6292855.759
PI32,I04,FLXF-63,3406,11,15,2025-10-18 12:30:20.948196,339997.939,6292855.759
PI32,I04,FLXF-62,4637,14,20,2025-10-18 12:30:20.948197,339997.939,6292855.759
PG376,301,BJFS-57,686,0,4,2025-10-18 12:30:23.010191,344485.843,6283207.399
PG376,301C,CJRY-66,1517,6,8,2025-10-18 12:30:23.010197,344485.843,6283207.399
PG376,G28,BJFW-50,532,0,3,2025-10-18 12:30:23.010198,344485.843,6283207.399
PG376,G28,BJFW-99,4832,14,20,2025-10-18 12:30:23.010199,344485.843,6283207.399
PG376,G16,SFPG-37,1465,5,7,2025-10-18 12:30:23.010200,344485.843,6283207.399
PG376,G16,SFGY-12,1899,16,22,2025-10-18 12:30:23.010201,344485.843,6283207.399
PG376,G07,THTF-80,4592,11,15,2025-10-18 12:30:23.010202,344485.843,6283207.399
PG376,G07,THTD-97,9200,25,60,2025-10-18 12:30:23.010203,344485.843,6283207.399
PG376,G14,FLXX-24,1356,0,4,2025-10-18 12:30:23.010204,344485.843,6283207.399
PG376,G14,FLXC-91,4123,9,13,2025-10-18 12:30:23.010205,344485.843,6283207.399
PG376,G43,FLXD-13,79,0,3,2025-10-18 12:30:23.010206,344485.843,6283207.399
PG376,G24,FLXX-34,2318,7,9,2025-10-18 12:30:23.010207,344485.843,6283207.399
PG128,286,SHCX-18,1568,6,8,2025-10-18 12:30:25.248545,350414.262,6282864.381
PG128,G05,SHXG-74,849,0,3,2025-10-18 12:30:25.248550,350414.262,6282864.381
PG128,G05,SFPF-95,1650,5,7,2025-10-18 12:30:25.248551,350414.262,6282864.381
PG128,G35,SDSW-83,6852,25,60,2025-10-18 12:30:25.248552,350414.262,6282864.381
PG128,G35,SFPG-29,7236,25,60,2025-10-18 12:30:25.248553,350414.262,6282864.381
PG128,F20,SPZY-57,843,0,3,2025-10-18 12:30:25.248554,350414.262,6282864.381
PG128,F20,SPZY-81,3416,13,17,2025-10-18 12:30:25.248555,350414.262,6282864.381
PG128,205,LZRD-95,4500,13,17,2025-10-18 12:30:25.248556,350414.262,6282864.381
PG128,205,LZRD-92,7078,18,26,2025-10-18 12:30:25.248556,350414.262,6282864.381
PG128,G23,SFWZ-68,1,0,3,2025-10-18 12:30:25.248557,350414.262,6282864.381
PG128,G23,SFVZ-56,5176,25,60,2025-10-18 12:30:25.248558,350414.262,6282864.381
PI192,I26,PFYT-25,1771,6,8,2025-10-18 12:30:31.184139,333673.341,6289735.395
PI192,I26,PFYR-59,4378,15,21,2025-10-18 12:30:31.184144,333673.341,6289735.395
PI192,109,GCBD-94,3811,11,15,2025-10-18 12:30:31.184145,333673.341,6289735.395
PI192,109,GCBD-84,6939,20,28,2025-10-18 12:30:31.184146,333673.341,6289735.395
PI192,405,PFBG-34,4465,19,27,2025-10-18 12:30:31.184147,333673.341,6289735.395
PI192,405,PFYG-68,5725,25,60,2025-10-18 12:30:31.184148,333673.341,6289735.395
PA115,204,VFPY-13,764,0,3,2025-10-18 12:30:32.780952,347004.55,6298381.13
PA115,204,VFPT-23,807,0,3,2025-10-18 12:30:32.780957,347004.55,6298381.13
PE72,204,VGBX-49,3138,9,11,2025-10-18 12:30:34.374527,349222.163,6289923.991
PE72,204,VFRG-45,6110,16,24,2025-10-18 12:30:34.374531,349222.163,6289923.991
PA338,406,TBFW-39,2577,9,13,2025-10-18 12:30:36.091397,346106.659,6298104.188
PA338,406,GCBD-19,4883,17,25,2025-10-18 12:30:36.091402,346106.659,6298104.188
PA338,407,TBFP-95,2485,9,11,2025-10-18 12:30:36.091403,346106.659,6298104.188
PA338,407,PFXB-29,8418,25,60,2025-10-18 12:30:36.091404,346106.659,6298104.188
PA338,426,BJFC-62,1,0,3,2025-10-18 12:30:36.091405,346106.659,6298104.188
PA338,426,BJFD-41,356,0,3,2025-10-18 12:30:36.091406,346106.659,6298104.188
PA338,412,PFTW-47,4925,14,20,2025-10-18 12:30:36.091407,346106.659,6298104.188
PA338,412,PFVG-94,5413,15,21,2025-10-18 12:30:36.091407,346106.659,6298104.188
PA338,418,SHXF-29,2997,9,11,2025-10-18 12:30:36.091408,346106.659,6298104.188
PA338,418,PFYC-53,3539,10,14,2025-10-18 12:30:36.091409,346106.659,6298104.188
PA338,401,PFVK-60,2966,8,12,2025-10-18 12:30:36.091410,346106.659,6298104.188
PA338,401,PFYG-65,5241,15,21,2025-10-18 12:30:36.091411,346106.659,6298104.188
PA338,405,PFTF-83,108,0,3,2025-10-18 12:30:36.091412,346106.659,6298104.188
PA338,405,PFTF-89,1177,0,3,2025-10-18 12:30:36.091412,346106.659,6298104.188
PA338,421,PDZS-89,4761,17,23,2025-10-18 12:30:36.091413,346106.659,6298104.188
PA338,421,PFVK-49,14870,25,60,2025-10-18 12:30:36.091414,346106.659,6298104.188
PB1650,B12,SKDJ-14,3763,12,16,2025-10-18 12:30:37.995881,342657.949,6307781.427
PE13,104,SKVD-54,4734,14,20,2025-10-18 12:30:40.015044,353753.183,6288621.648
PE13,104,LCST-80,5135,15,21,2025-10-18 12:30:40.015049,353753.183,6288621.648
PE13,114,SKVD-68,2057,7,9,2025-10-18 12:30:40.015050,353753.183,6288621.648
PE13,114,SKWD-69,7734,25,60,2025-10-18 12:30:40.015051,353753.183,6288621.648
PE13,102,SPZY-50,2256,5,7,2025-10-18 12:30:40.015052,353753.183,6288621.648
PE13,102,SPZX-53,7893,25,60,2025-10-18 12:30:40.015053,353753.183,6288621.648
PE13,124,SRVJ-64,3672,13,17,2025-10-18 12:30:40.015054,353753.183,6288621.648
PE13,712,SPZY-56,5658,12,16,2025-10-18 12:30:40.015055,353753.183,6288621.648
PE13,712,SJPC-43,5904,12,16,2025-10-18 12:30:40.015056,353753.183,6288621.648
PH114,201,GCBB-44,3850,13,17,2025-10-18 12:30:42.086801,346552.403,6292971.493
PH114,201,GCBB-80,4617,16,22,2025-10-18 12:30:42.086806,346552.403,6292971.493
PH114,226,VFPZ-92,1004,0,5,2025-10-18 12:30:42.086807,346552.403,6292971.493
PH114,226,VFPJ-68,3629,13,17,2025-10-18 12:30:42.086808,346552.403,6292971.493
PH114,H09,VGRG-44,2242,8,10,2025-10-18 12:30:42.086809,346552.403,6292971.493
PH114,229,SFST-31,1194,0,4,2025-10-18 12:30:42.086809,346552.403,6292971.493
PH114,229,SFWB-31,4353,13,19,2025-10-18 12:30:42.086810,346552.403,6292971.493
PH114,H14,FLXR-47,73,0,3,2025-10-18 12:30:42.086811,346552.403,6292971.493
PH114,223,SFGY-66,1788,5,7,2025-10-18 12:30:42.086812,346552.403,6292971.493
PH114,223,SFPG-67,4080,14,20,2025-10-18 12:30:42.086813,346552.403,6292971.493
PH114,214,GCBB-77,559,0,3,2025-10-18 12:30:42.086813,346552.403,6292971.493
PH114,214,GCBB-21,5382,18,26,2025-10-18 12:30:42.086814,346552.403,6292971.493
PH114,301,BJFS-71,801,0,3,2025-10-18 12:30:42.086815,346552.403,6292971.493
PH114,301,BJFS-55,4211,11,15,2025-10-18 12:30:42.086816,346552.403,6292971.493
PH114,H13,BJFZ-49,1120,4,6,2025-10-18 12:30:42.086816,346552.403,6292971.493
PH114,H13,CJRX-63,4319,25,60,2025-10-18 12:30:42.086817,346552.403,6292971.493
PB515,B05,SPCG-66,2837,6,8,2025-10-18 12:30:44.091573,344602.121,6306338.366
PB515,425,SJPB-32,8532,20,28,2025-10-18 12:30:44.091578,344602.121,6306338.366
PB515,425,SJPB-38,8965,25,60,2025-10-18 12:30:44.091579,344602.121,6306338.366
PB515,429,SLPC-10,645,0,3,2025-10-18 12:30:44.091580,344602.121,6306338.366
PB515,429,SLPB-66,2330,6,8,2025-10-18 12:30:44.091581,344602.121,6306338.366
PB2074,B14,FLXJ-41,2198,0,5,2025-10-18 12:30:46.033830,347758.01,6305285.01
PB2074,B14,FLXT-46,3158,7,9,2025-10-18 12:30:46.033836,347758.01,6305285.01
PB2074,116,LDJJ-62,2994,8,10,2025-10-18 12:30:46.033838,347758.01,6305285.01
PB2074,116,LCPW-37,4234,9,13,2025-10-18 12:30:46.033839,347758.01,6305285.01
PI305,111,FLXY-24,3399,9,13,2025-10-18 12:30:48.160902,333981.011,6286446.93
PI305,111,FLXW-70,5553,16,22,2025-10-18 12:30:48.160907,333981.011,6286446.93
PI305,113,FLXZ-58,951,0,3,2025-10-18 12:30:48.160908,333981.011,6286446.93
PI305,113,FLXW-95,4361,10,14,2025-10-18 12:30:48.160909,333981.011,6286446.93
PI305,I11,FLXZ-17,3795,9,13,2025-10-18 12:30:48.160910,333981.011,6286446.93
PI305,I11,FLXY-85,5954,16,24,2025-10-18 12:30:48.160910,333981.011,6286446.93
PI305,I35,SFPF-84,1329,0,4,2025-10-18 12:30:48.160911,333981.011,6286446.93
PI305,I35,SDSW-49,5626,13,19,2025-10-18 12:30:48.160912,333981.011,6286446.93
PH225,H05,VFPL-74,8,0,3,2025-10-18 12:30:50.114584,344958.599,6290816.185
PH225,H05,VFPL-87,4885,13,19,2025-10-18 12:30:50.114589,344958.599,6290816.185
PH225,214,GCBB-77,4307,13,19,2025-10-18 12:30:50.114590,344958.599,6290816.185
PH225,214,GCBB-21,8956,25,60,2025-10-18 12:30:50.114591,344958.599,6290816.185
PC443,C05,LDTC-13,1163,0,4,2025-10-18 12:30:52.044075,355559.39,6300849.963
PC443,C05,LDTB-87,1865,4,6,2025-10-18 12:30:52.044081,355559.39,6300849.963
PC443,225,SFWB-75,2762,7,9,2025-10-18 12:30:52.044083,355559.39,6300849.963
PC443,225,SFWZ-55,3006,8,10,2025-10-18 12:30:52.044084,355559.39,6300849.963
PE1515,E10,BJFZ-27,396,0,3,2025-10-18 12:30:54.000293,350503.0,6289248.0
PE1515,E10,BJFW-83,4931,12,18,2025-10-18 12:30:54.000299,350503.0,6289248.0
PF382,F24,SPRV-92,5165,17,23,2025-10-18 12:30:55.978141,352828.429,6282308.604
PF382,F24,SPRV-91,8562,25,60,2025-10-18 12:30:55.978146,352828.429,6282308.604
PJ1697,110C,PFXB-98,2988,10,14,2025-10-18 12:30:59.823362,338472.284,6298582.101
PB925,B06,SKDH-73,2119,6,8,2025-10-18 12:31:01.745576,345828.868,6305209.168
PB925,B25,FLXP-71,3521,9,13,2025-10-18 12:31:01.745581,345828.868,6305209.168
PB925,B25,FLXP-75,11800,25,60,2025-10-18 12:31:01.745582,345828.868,6305209.168
PB1272,B14,HRKS-55,4120,17,25,2025-10-18 12:31:03.623587,346324.432,6302725.891
PB1272,B21,SKDH-69,323,0,3,2025-10-18 12:31:03.623593,346324.432,6302725.891
PB1272,B21,SGPY-90,2376,17,23,2025-10-18 12:31:03.623594,346324.432,6302725.891
PJ465,J16,TBFP-79,365,0,3,2025-10-18 12:31:05.139513,340140.391,6301579.961
PJ465,J16,PFXC-70,4287,11,15,2025-10-18 12:31:05.139518,340140.391,6301579.961
PJ465,505,VHXJ-70,515,0,3,2025-10-18 12:31:05.139519,340140.391,6301579.961
PJ465,505,LZPH-32,4106,11,15,2025-10-18 12:31:05.139520,340140.391,6301579.961
PJ465,513,VHXJ-91,3299,8,12,2025-10-18 12:31:05.139521,340140.391,6301579.961
PJ465,513,LZPH-33,3507,9,13,2025-10-18 12:31:05.139522,340140.391,6301579.961
PA281,119,BJFT-13,2934,13,17,2025-10-18 12:31:07.150450,344489.246,6295925.967
PA281,345,CJRW-14,1809,9,11,2025-10-18 12:31:07.150455,344489.246,6295925.967
PA281,345,FLXL-21,2077,9,13,2025-10-18 12:31:07.150456,344489.246,6295925.967
PA281,511,TBFT-89,1519,5,7,2025-10-18 12:31:07.150457,344489.246,6295925.967
PA281,511,FLXW-48,1928,7,9,2025-10-18 12:31:07.150458,344489.246,6295925.967
PC138,C09,SKPJ-78,320,0,3,2025-10-18 12:31:09.160488,356717.219,6302678.475
PC138,C09,SGPY-58,5712,17,23,2025-10-18 12:31:09.160496,356717.219,6302678.475
PC138,C27,SJPB-65,3830,11,15,2025-10-18 12:31:09.160499,356717.219,6302678.475
PC138,C37,SHXD-63,3167,7,9,2025-10-18 12:31:09.160501,356717.219,6302678.475
PC138,421,PDYS-12,3299,12,16,2025-10-18 12:31:09.160503,356717.219,6302678.475
PC138,421,PFYG-99,3891,14,20,2025-10-18 12:31:09.160505,356717.219,6302678.475
PC138,407,TBFT-36,1706,4,6,2025-10-18 12:31:09.160506,356717.219,6302678.475
PC138,407,TBFX-29,3121,9,13,2025-10-18 12:31:09.160508,356717.219,6302678.475
PC138,C02,LDJJ-80,1907,7,9,2025-10-18 12:31:09.160510,356717.219,6302678.475
PC138,C02,LDJJ-66,2740,8,12,2025-10-18 12:31:09.160512,356717.219,6302678.475
PD630,325,VFHW-73,749,0,4,2025-10-18 12:31:11.053937,352104.553,6292463.755
PD630,325,VFJD-82,3470,12,16,2025-10-18 12:31:11.053944,352104.553,6292463.755
PD630,508,LXWR-81,1935,5,7,2025-10-18 12:31:11.053945,352104.553,6292463.755
PD1047,D09,STYX-82,397,0,3,2025-10-18 12:31:13.138565,357511.688,6296109.672
PD1047,D09,SVDC-74,973,0,4,2025-10-18 12:31:13.138570,357511.688,6296109.672
PD1047,D10,SVDF-13,658,0,4,2025-10-18 12:31:13.138571,357511.688,6296109.672
PD1047,D10,STWH-39,2554,9,13,2025-10-18 12:31:13.138572,357511.688,6296109.672
PD1047,D11,SVDC-50,912,0,4,2025-10-18 12:31:13.138573,357511.688,6296109.672
PD1047,D11,SVDC-26,5103,14,20,2025-10-18 12:31:13.138574,357511.688,6296109.672
PD1047,513,LXWS-40,7195,25,60,2025-10-18 12:31:13.138574,357511.688,6296109.672
PD1047,513,LXWS-35,12425,25,60,2025-10-18 12:31:13.138575,357511.688,6296109.672
PD1047,517,VHZZ-71,3844,10,14,2025-10-18 12:31:13.138576,357511.688,6296109.672
PD1047,517,VJJV-48,10143,25,60,2025-10-18 12:31:13.138577,357511.688,6296109.672
PE291,E01,VKJX-29,5213,17,23,2025-10-18 12:31:15.129303,349179.339,6288132.5
PJ1735,J08,GCBD-47,2499,5,7,2025-10-18 12:31:19.348296,339000.687,6296228.527
PJ1735,424,GCBC-81,5754,14,20,2025-10-18 12:31:19.348301,339000.687,6296228.527
PJ1735,424,HYKK-32,6534,16,22,2025-10-18 12:31:19.348303,339000.687,6296228.527
PA241,302,BJFV-99,7887,25,60,2025-10-18 12:31:21.242750,345803.49,6297607.52
PA241,302,BJFZ-31,12868,25,60,2025-10-18 12:31:21.242754,345803.49,6297607.52
PI78,120,TXZH-34,2653,9,11,2025-10-18 12:31:22.722896,343099.369,6296285.362
PI78,120,TXZH-38,5724,17,25,2025-10-18 12:31:22.722901,343099.369,6296285.362
PJ1981,418,PFYC-55,759,0,5,2025-10-18 12:31:24.418491,335184.0,6298259.0
PJ1981,444,SKPL-28,508,0,3,2025-10-18 12:31:24.418496,335184.0,6298259.0
PJ1981,444,SJPF-44,3097,7,9,2025-10-18 12:31:24.418497,335184.0,6298259.0
PG1076,G09,SFGY-22,3196,9,13,2025-10-18 12:31:26.411305,343717.525,6281123.782
PG1076,G09,SHCV-38,3942,14,20,2025-10-18 12:31:26.411310,343717.525,6281123.782
PG1076,228,THTF-31,1502,0,5,2025-10-18 12:31:26.411311,343717.525,6281123.782
PG1076,228,THTD-60,1942,5,7,2025-10-18 12:31:26.411312,343717.525,6281123.782
PG304,G08,THTH-15,2591,8,10,2025-10-18 12:31:30.419840,346041.065,6284399.532
PG304,F20,SPZX-76,1776,5,7,2025-10-18 12:31:30.419846,346041.065,6284399.532
PG304,229,SFVZ-87,1669,0,5,2025-10-18 12:31:30.419847,346041.065,6284399.532
PG304,229,SFWZ-62,9267,25,60,2025-10-18 12:31:30.419848,346041.065,6284399.532
PG304,302,BJFS-93,3411,8,10,2025-10-18 12:31:30.419849,346041.065,6284399.532
PG304,302,FLXK-94,5340,13,17,2025-10-18 12:31:30.419850,346041.065,6284399.532
PG304,G11,THTF-61,3597,10,14,2025-10-18 12:31:30.419851,346041.065,6284399.532
PG304,G11,THTG-53,14563,25,60,2025-10-18 12:31:30.419852,346041.065,6284399.532
PC589,C01,LCPW-51,51,0,3,2025-10-18 12:31:32.193471,359545.726,6307902.32
PC589,C01,LCPW-35,1798,6,8,2025-10-18 12:31:32.193476,359545.726,6307902.32
PC589,C13,SGPX-13,4370,11,15,2025-10-18 12:31:32.193477,359545.726,6307902.32
PC589,C13,SHXF-89,8552,25,60,2025-10-18 12:31:32.193478,359545.726,6307902.32
PC589,C16,LFGP-25,4407,11,15,2025-10-18 12:31:32.193479,359545.726,6307902.32
PC589,C16,LDTF-48,6106,16,22,2025-10-18 12:31:32.193480,359545.726,6307902.32
PJ425,J07E,VJBB-70,1,0,3,2025-10-18 12:31:33.710272,335405.468,6298670.173
PJ425,J07E,VJBB-41,1865,5,7,2025-10-18 12:31:33.710277,335405.468,6298670.173
PJ425,507,FLXV-82,1107,0,4,2025-10-18 12:31:33.710278,335405.468,6298670.173
PJ425,514,PFXB-83,2478,8,10,2025-10-18 12:31:33.710279,335405.468,6298670.173
PC703,517,VHZZ-21,1968,0,5,2025-10-18 12:31:35.090558,351036.141,6299913.395
PC703,517,VHXJ-92,3913,9,13,2025-10-18 12:31:35.090563,351036.141,6299913.395
PD649,D13,FLXK-58,5919,13,19,2025-10-18 12:31:38.916970,350037.205,6295647.185
PD649,511,TBFT-92,1562,0,5,2025-10-18 12:31:38.916975,350037.205,6295647.185
PD649,511,TBFP-72,2918,9,11,2025-10-18 12:31:38.916976,350037.205,6295647.185
PB1081,B24,STHD-65,1,0,3,2025-10-18 12:31:40.858362,342254.0,6304468.0
PB1081,B24,SKHG-39,1768,5,7,2025-10-18 12:31:40.858368,342254.0,6304468.0
PB1081,B28,SKHG-37,3120,10,14,2025-10-18 12:31:40.858369,342254.0,6304468.0
PB1081,B28,TXZH-35,6675,25,60,2025-10-18 12:31:40.858370,342254.0,6304468.0
PI1521,I04,FLXK-98,9385,25,60,2025-10-18 12:31:42.850985,336356.871,6286960.227
PI1521,I04,FLXL-81,10946,25,60,2025-10-18 12:31:42.850990,336356.871,6286960.227
PH172,204,VFRG-45,1220,0,4,2025-10-18 12:31:44.773537,348300.108,6294293.843
PH172,204,VGBW-98,1640,0,5,2025-10-18 12:31:44.773543,348300.108,6294293.843
PF487,F25,SRVK-90,447,0,3,2025-10-18 12:31:46.728984,354205.491,6283894.166
PF487,F25,TXZH-42,4430,11,15,2025-10-18 12:31:46.728988,354205.491,6283894.166
PF487,F10,SRPK-12,451,0,3,2025-10-18 12:31:46.728989,354205.491,6283894.166
PI771,111,FLXW-87,2236,8,12,2025-10-18 12:31:48.715857,337438.662,6296285.985
PI771,J08,TBFR-13,2436,6,8,2025-10-18 12:31:48.715862,337438.662,6296285.985
PI771,J08,FLXV-65,6485,17,25,2025-10-18 12:31:48.715863,337438.662,6296285.985
PI771,110,FLXW-47,3140,10,14,2025-10-18 12:31:48.715864,337438.662,6296285.985
PI771,110,CJRW-75,6170,21,29,2025-10-18 12:31:48.715865,337438.662,6296285.985
PI771,110C,TBFX-17,479,0,3,2025-10-18 12:31:48.715866,337438.662,6296285.985
PI771,110C,PFXC-65,8898,25,60,2025-10-18 12:31:48.715867,337438.662,6296285.985
PD1176,D14,PGBY-87,4912,13,19,2025-10-18 12:31:50.353807,351451.259,6294117.74
PC176,401,PDYH-93,4330,14,20,2025-10-18 12:31:52.383062,354862.956,6302458.27
PC176,421,PDZH-83,108,0,3,2025-10-18 12:31:52.383067,354862.956,6302458.27
PC176,421,PFTV-88,1619,9,13,2025-10-18 12:31:52.383068,354862.956,6302458.27
PC176,407,PFXB-17,1149,0,5,2025-10-18 12:31:52.383069,354862.956,6302458.27
PC176,C02,LCPW-50,1664,9,11,2025-10-18 12:31:52.383070,354862.956,6302458.27
