bus_stop_code,route_id,bus_id,meters_distance,min_arrival_time,max_arrival_time,date,X,Y
PE57,126,FLXH-10,34,0,3,2025-10-22 16:00:04.486114,354258.706,6290626.824
PE57,126,BJFW-13,1266,0,5,2025-10-22 16:00:04.486121,354258.706,6290626.824
PE57,E17,FLXT-32,106,0,3,2025-10-22 16:00:04.486123,354258.706,6290626.824
PE57,118,FDJX-64,1067,0,5,2025-10-22 16:00:04.486125,354258.706,6290626.824
PH716,321,BJFS-75,1479,5,7,2025-10-22 16:00:06.365403,343690.511,6290552.901
PH716,I05,VHSX-97,2940,8,10,2025-10-22 16:00:06.365409,343690.511,6290552.901
PH716,I05,VHSY-17,10332,25,60,2025-10-22 16:00:06.365410,343690.511,6290552.901
PH339,121,BJFW-28,737,0,3,2025-10-22 16:00:08.307574,345335.816,6293568.194
PH339,121,BJFV-78,4344,14,20,2025-10-22 16:00:08.307579,345335.816,6293568.194
PH339,H06,FLXF-37,1094,0,5,2025-10-22 16:00:08.307580,345335.816,6293568.194
PH339,H06,CJRW-57,4245,19,27,2025-10-22 16:00:08.307581,345335.816,6293568.194
PI1446,I25,FLXK-87,1,0,3,2025-10-22 16:00:10.193907,341172.645,6292812.259
PI1446,I25,FLXL-76,1,0,3,2025-10-22 16:00:10.193913,341172.645,6292812.259
PI1446,I18,VHTB-43,1163,0,4,2025-10-22 16:00:10.193915,341172.645,6292812.259
PI1446,I18,VHTB-58,5733,13,19,2025-10-22 16:00:10.193916,341172.645,6292812.259
PF1175,204,VGBV-29,1070,0,5,2025-10-22 16:00:12.412353,352038.0,6281310.0
PF1175,204,VFPS-56,2826,12,16,2025-10-22 16:00:12.412359,352038.0,6281310.0
PF1175,F24,SPRY-38,788,0,5,2025-10-22 16:00:12.412361,352038.0,6281310.0
PF1175,F24,SPRV-91,4259,25,60,2025-10-22 16:00:12.412362,352038.0,6281310.0
PF531,F11,FLXS-35,3839,10,14,2025-10-22 16:00:14.362945,359447.732,6281381.251
PF531,F11,SKTZ-76,4264,12,16,2025-10-22 16:00:14.362950,359447.732,6281381.251
PG1384,G22,THTD-86,181,0,3,2025-10-22 16:00:16.308445,341317.61,6281618.95
PG1384,G22,THTD-76,3562,11,15,2025-10-22 16:00:16.308451,341317.61,6281618.95
PB725,272,VFHV-57,4246,16,24,2025-10-22 16:00:18.399750,347488.748,6304120.62
PB725,272,GCBB-14,6724,25,60,2025-10-22 16:00:18.399755,347488.748,6304120.62
PB725,B01,LDJW-31,2708,7,9,2025-10-22 16:00:18.399756,347488.748,6304120.62
PB725,B01,STHF-62,5396,14,20,2025-10-22 16:00:18.399757,347488.748,6304120.62
PB725,B15,SPCG-42,2077,9,11,2025-10-22 16:00:18.399758,347488.748,6304120.62
PB725,B15,SPCG-89,9467,25,60,2025-10-22 16:00:18.399759,347488.748,6304120.62
PE1,212,GCBF-52,2444,6,8,2025-10-22 16:00:20.203876,350197.0,6291188.0
PE1,212,SVPX-53,2858,7,9,2025-10-22 16:00:20.203880,350197.0,6291188.0
PE1,H14,FLXR-25,1114,0,4,2025-10-22 16:00:20.203881,350197.0,6291188.0
PE1,103,SPBL-83,2496,6,8,2025-10-22 16:00:20.203882,350197.0,6291188.0
PE1,103,SPBR-29,3364,8,12,2025-10-22 16:00:20.203883,350197.0,6291188.0
PI204,I01,FLXL-61,344,0,3,2025-10-22 16:00:21.918092,342887.531,6294393.223
PI204,I01,FLXG-12,5562,15,21,2025-10-22 16:00:21.918097,342887.531,6294393.223
PI204,I18,FLXY-93,4877,12,16,2025-10-22 16:00:21.918098,342887.531,6294393.223
PI204,I18,VHSX-89,10854,25,60,2025-10-22 16:00:21.918099,342887.531,6294393.223
PI204,109,GCBC-70,8,0,3,2025-10-22 16:00:21.918100,342887.531,6294393.223
PI204,109,FLXC-46,83,0,3,2025-10-22 16:00:21.918100,342887.531,6294393.223
PD398,418,SKPL-34,1197,0,4,2025-10-22 16:00:23.901244,355617.76,6296660.99
PD398,418,SHXF-87,3062,13,19,2025-10-22 16:00:23.901250,355617.76,6296660.99
PD398,425,SGPY-72,1727,0,5,2025-10-22 16:00:23.901251,355617.76,6296660.99
PD398,425,SJPC-51,3088,8,12,2025-10-22 16:00:23.901252,355617.76,6296660.99
PD398,429,SKPH-77,2270,9,13,2025-10-22 16:00:23.901253,355617.76,6296660.99
PD398,429,SLPB-86,5317,25,60,2025-10-22 16:00:23.901254,355617.76,6296660.99
PG1342,229,RYJG-96,4023,13,17,2025-10-22 16:00:25.890458,346763.902,6286630.266
PG1342,229,LZPT-38,5327,17,23,2025-10-22 16:00:25.890464,346763.902,6286630.266
PG1342,302,BJFS-93,589,0,4,2025-10-22 16:00:25.890465,346763.902,6286630.266
PG1342,302,CJRB-22,801,4,6,2025-10-22 16:00:25.890466,346763.902,6286630.266
PG1342,E18,BJFX-61,1776,6,8,2025-10-22 16:00:25.890467,346763.902,6286630.266
PG1342,G18,SCRZ-17,1957,8,10,2025-10-22 16:00:25.890469,346763.902,6286630.266
PG1342,G18,SHXB-33,4719,17,23,2025-10-22 16:00:25.890470,346763.902,6286630.266
PB1128,B10,STHK-20,1196,0,5,2025-10-22 16:00:27.531609,346942.641,6300383.66
PB1128,B10,STHB-36,2642,10,14,2025-10-22 16:00:27.531614,346942.641,6300383.66
PB1128,B24,STHD-72,3321,12,16,2025-10-22 16:00:27.531615,346942.641,6300383.66
PB1128,B24,SKHF-92,6537,21,29,2025-10-22 16:00:27.531616,346942.641,6300383.66
PH169,204,VFPW-23,6201,17,25,2025-10-22 16:00:29.403179,348802.578,6292135.364
PH169,204,VFPV-83,6270,17,25,2025-10-22 16:00:29.403184,348802.578,6292135.364
PF244,F03C,SHXF-22,3425,13,19,2025-10-22 16:00:31.449310,352183.249,6279446.882
PF244,F03C,SHCY-42,5876,25,60,2025-10-22 16:00:31.449316,352183.249,6279446.882
PF244,F15,LCTG-37,3838,12,18,2025-10-22 16:00:31.449317,352183.249,6279446.882
PF244,F25,SRVK-97,1869,12,16,2025-10-22 16:00:31.449319,352183.249,6279446.882
PF244,F33,SRVG-91,1634,5,7,2025-10-22 16:00:31.449320,352183.249,6279446.882
PF244,F10,SRSC-39,1263,0,5,2025-10-22 16:00:31.449321,352183.249,6279446.882
PF244,F10,SRRX-41,3245,8,12,2025-10-22 16:00:31.449322,352183.249,6279446.882
PF244,F13,SRSC-78,1845,8,10,2025-10-22 16:00:31.449323,352183.249,6279446.882
PF244,F13,SRRX-13,5231,19,27,2025-10-22 16:00:31.449324,352183.249,6279446.882
PF244,F29,SPVW-99,3373,9,11,2025-10-22 16:00:31.449326,352183.249,6279446.882
PF244,F29,SPVV-95,7268,25,60,2025-10-22 16:00:31.449327,352183.249,6279446.882
PG376,301,BJFW-95,172,0,3,2025-10-22 16:00:34.441210,344485.843,6283207.399
PG376,301,BJFW-50,2454,10,14,2025-10-22 16:00:34.441216,344485.843,6283207.399
PG376,301C,BJFX-44,1228,5,7,2025-10-22 16:00:34.441217,344485.843,6283207.399
PG376,G28,BJFW-71,2,0,3,2025-10-22 16:00:34.441219,344485.843,6283207.399
PG376,G28,BJFS-96,3090,8,12,2025-10-22 16:00:34.441220,344485.843,6283207.399
PG376,G16,SFPG-36,654,0,4,2025-10-22 16:00:34.441221,344485.843,6283207.399
PG376,G16,SFPG-38,4388,12,16,2025-10-22 16:00:34.441222,344485.843,6283207.399
PG376,G07,THTG-68,5240,16,24,2025-10-22 16:00:34.441223,344485.843,6283207.399
PG376,G07,THTG-73,7565,25,60,2025-10-22 16:00:34.441224,344485.843,6283207.399
PG376,G14,FLXX-25,3220,9,11,2025-10-22 16:00:34.441225,344485.843,6283207.399
PG376,G14,FLXX-12,5729,19,27,2025-10-22 16:00:34.441226,344485.843,6283207.399
PG376,G43,FLXC-85,1764,5,7,2025-10-22 16:00:34.441227,344485.843,6283207.399
PG376,G24,CJRP-14,5164,17,23,2025-10-22 16:00:34.441229,344485.843,6283207.399
PG376,G24,FLXP-30,6738,20,28,2025-10-22 16:00:34.441229,344485.843,6283207.399
PH167,204,VFPW-23,5418,16,22,2025-10-22 16:00:35.922244,348651.713,6292848.946
PH167,204,VFPV-83,5431,16,22,2025-10-22 16:00:35.922248,348651.713,6292848.946
PJ496,508,FLXV-42,3093,10,14,2025-10-22 16:00:37.558376,340906.454,6300045.186
PJ496,508,FLXX-79,4166,13,17,2025-10-22 16:00:37.558381,340906.454,6300045.186
PJ496,J03,FLXS-89,3050,9,13,2025-10-22 16:00:37.558383,340906.454,6300045.186
PI481,109,PFXC-81,2252,6,8,2025-10-22 16:00:39.730689,333370.132,6289667.687
PI481,109,FLXS-80,8167,25,60,2025-10-22 16:00:39.730694,333370.132,6289667.687
PI481,405,PFYG-61,1706,7,9,2025-10-22 16:00:39.730696,333370.132,6289667.687
PI481,405,PFYH-14,4108,16,22,2025-10-22 16:00:39.730697,333370.132,6289667.687
PI481,481,PFVG-61,4521,13,17,2025-10-22 16:00:39.730699,333370.132,6289667.687
PI481,481,PGPT-30,6431,19,27,2025-10-22 16:00:39.730700,333370.132,6289667.687
PI481,I26,PFYS-33,3408,10,14,2025-10-22 16:00:39.730701,333370.132,6289667.687
PI481,I26,PGPT-25,4020,12,16,2025-10-22 16:00:39.730702,333370.132,6289667.687
PI481,348,VHSX-86,1061,0,4,2025-10-22 16:00:39.730703,333370.132,6289667.687
PI481,348,VHSY-21,4369,15,21,2025-10-22 16:00:39.730704,333370.132,6289667.687
PI481,I02,FLXY-81,1594,5,7,2025-10-22 16:00:39.730705,333370.132,6289667.687
PI481,I02,FLXY-73,5704,18,26,2025-10-22 16:00:39.730706,333370.132,6289667.687
PI481,506,PFXC-28,1773,5,7,2025-10-22 16:00:39.730707,333370.132,6289667.687
PI481,506,TBFR-30,3307,10,14,2025-10-22 16:00:39.730708,333370.132,6289667.687
PI1085,I10,FLXJ-14,2606,8,10,2025-10-22 16:00:41.635477,340666.737,6295144.212
PI1085,I10,FLXW-72,2631,8,10,2025-10-22 16:00:41.635482,340666.737,6295144.212
PD230,216,SRTK-26,606,0,3,2025-10-22 16:00:43.668283,353930.756,6296984.358
PD230,216,LZPW-10,7352,25,60,2025-10-22 16:00:43.668289,353930.756,6296984.358
PD230,286,SHCV-33,1610,5,7,2025-10-22 16:00:43.668290,353930.756,6296984.358
PD230,286,SHCV-34,7031,25,60,2025-10-22 16:00:43.668291,353930.756,6296984.358
PD230,712,SHCW-67,795,0,4,2025-10-22 16:00:43.668292,353930.756,6296984.358
PD230,712,LBTT-15,1515,5,7,2025-10-22 16:00:43.668293,353930.756,6296984.358
PD230,D02,SVDF-23,2784,8,10,2025-10-22 16:00:43.668294,353930.756,6296984.358
PD230,D02,SVDD-53,3049,8,10,2025-10-22 16:00:43.668294,353930.756,6296984.358
PD230,505,VHZW-21,965,0,5,2025-10-22 16:00:43.668295,353930.756,6296984.358
PD230,505,VHZX-30,5812,25,60,2025-10-22 16:00:43.668296,353930.756,6296984.358
PB1027,B43,SHXG-83,91,0,3,2025-10-22 16:00:45.670381,339131.642,6308482.83
PB1027,B43,SJPF-41,3117,12,18,2025-10-22 16:00:45.670387,339131.642,6308482.83
PB1027,B12,SKDH-97,2747,13,17,2025-10-22 16:00:45.670388,339131.642,6308482.83
PG423,E01,VKJZ-24,2101,7,9,2025-10-22 16:00:47.664102,348258.113,6287502.858
PG423,E01,VKJX-64,2298,7,9,2025-10-22 16:00:47.664107,348258.113,6287502.858
PG423,E02,VKJZ-42,2510,6,8,2025-10-22 16:00:47.664108,348258.113,6287502.858
PG423,E02,VKJY-50,5028,15,21,2025-10-22 16:00:47.664109,348258.113,6287502.858
PH155,203,LZPR-92,1,0,3,2025-10-22 16:00:51.853365,347700.52,6292398.963
PH155,203,SFWZ-64,5086,12,18,2025-10-22 16:00:51.853370,347700.52,6292398.963
PH155,206,LZPR-80,2790,4,6,2025-10-22 16:00:51.853371,347700.52,6292398.963
PH155,206,LZPT-67,2790,4,6,2025-10-22 16:00:51.853372,347700.52,6292398.963
PJ609,J01,FLXD-32,1822,7,9,2025-10-22 16:00:53.567840,340190.5,6300242.235
PJ609,J01,FLXG-47,4024,13,19,2025-10-22 16:00:53.567844,340190.5,6300242.235
PJ609,J08,FLXT-59,909,0,4,2025-10-22 16:00:53.567846,340190.5,6300242.235
PH234,G12,SDSW-84,3004,7,9,2025-10-22 16:00:55.214503,342758.339,6287991.609
PH234,G12,SCRZ-32,5317,14,20,2025-10-22 16:00:55.214508,342758.339,6287991.609
PH234,223,SHCV-40,4267,13,19,2025-10-22 16:00:55.214509,342758.339,6287991.609
PH234,223,SCRZ-19,5417,16,24,2025-10-22 16:00:55.214510,342758.339,6287991.609
PF2,E08,VKJY-57,626,0,3,2025-10-22 16:00:57.370410,355634.593,6285104.997
PF2,E08,VKJX-78,4194,13,19,2025-10-22 16:00:57.370416,355634.593,6285104.997
PF2,102,SPZX-96,2588,9,13,2025-10-22 16:00:57.370418,355634.593,6285104.997
PF2,102,LBTS-88,6246,20,28,2025-10-22 16:00:57.370419,355634.593,6285104.997
PF2,124,SRVJ-39,585,0,3,2025-10-22 16:00:57.370420,355634.593,6285104.997
PF2,124,LCPG-50,3574,12,16,2025-10-22 16:00:57.370421,355634.593,6285104.997
PF2,712,LBTT-13,3247,10,14,2025-10-22 16:00:57.370422,355634.593,6285104.997
PF2,712,SHCX-28,4883,15,21,2025-10-22 16:00:57.370423,355634.593,6285104.997
PF2,104,SKWD-62,38,0,3,2025-10-22 16:00:57.370424,355634.593,6285104.997
PF2,104,SKWD-23,2430,9,11,2025-10-22 16:00:57.370425,355634.593,6285104.997
PF2,114,SKWD-20,4960,15,21,2025-10-22 16:00:57.370426,355634.593,6285104.997
PF2,114,SKVD-63,5686,16,24,2025-10-22 16:00:57.370427,355634.593,6285104.997
PF2,F08,SPVW-82,3328,9,13,2025-10-22 16:00:57.370428,355634.593,6285104.997
PF2,F08,SPVW-83,5355,15,21,2025-10-22 16:00:57.370429,355634.593,6285104.997
PC324,C15,SGPW-36,25,0,3,2025-10-22 16:01:01.663103,354253.596,6303617.623
PC324,C15,SGPY-63,2708,7,9,2025-10-22 16:01:01.663108,354253.596,6303617.623
PC324,409,PFZK-93,4801,11,15,2025-10-22 16:01:01.663111,354253.596,6303617.623
PC324,409,PGLD-41,5041,13,17,2025-10-22 16:01:01.663112,354253.596,6303617.623
PC324,411,PFYC-74,3074,12,16,2025-10-22 16:01:01.663113,354253.596,6303617.623
PC324,286,SHCX-25,1254,0,3,2025-10-22 16:01:01.663114,354253.596,6303617.623
PC324,286,SHCV-32,3632,10,14,2025-10-22 16:01:01.663115,354253.596,6303617.623
PA412,517,VJBB-90,1789,4,6,2025-10-22 16:01:04.937406,344874.18,6299468.89
PA412,517,VHXK-63,3611,12,16,2025-10-22 16:01:04.937411,344874.18,6299468.89
PA412,503,VGVF-43,1,0,3,2025-10-22 16:01:04.937413,344874.18,6299468.89
PA412,503,VGVF-84,2237,6,8,2025-10-22 16:01:04.937414,344874.18,6299468.89
PA412,502,FLXS-85,1885,5,7,2025-10-22 16:01:04.937415,344874.18,6299468.89
PA412,502,BFKC-97,8328,25,60,2025-10-22 16:01:04.937416,344874.18,6299468.89
PA412,504,SZZH-69,960,5,7,2025-10-22 16:01:04.937417,344874.18,6299468.89
PA412,504,TBFP-65,2501,12,18,2025-10-22 16:01:04.937418,344874.18,6299468.89
PA412,518,BJFB-24,1670,9,11,2025-10-22 16:01:04.937419,344874.18,6299468.89
PA412,518,TBFP-80,4518,19,27,2025-10-22 16:01:04.937420,344874.18,6299468.89
PG1427,G22,THTD-76,2841,9,13,2025-10-22 16:01:06.852976,341434.72,6281955.72
PG1427,G22,THTG-80,3276,10,14,2025-10-22 16:01:06.852980,341434.72,6281955.72
PI1143,I13,FLXY-15,4210,12,18,2025-10-22 16:01:08.759594,340491.52,6294395.834
PI1143,I13,FLXL-55,6614,25,60,2025-10-22 16:01:08.759599,340491.52,6294395.834
PD20,114,LFGR-91,3167,10,14,2025-10-22 16:01:10.863037,350900.867,6293174.91
PD20,D10,SVDC-44,1230,5,7,2025-10-22 16:01:10.863042,350900.867,6293174.91
PD20,103,SPBS-65,1452,0,5,2025-10-22 16:01:10.863043,350900.867,6293174.91
PD20,103,SPBL-67,4269,12,18,2025-10-22 16:01:10.863044,350900.867,6293174.91
PD20,117,PGRZ-64,1986,6,8,2025-10-22 16:01:10.863045,350900.867,6293174.91
PD20,117,PGLD-80,2321,8,10,2025-10-22 16:01:10.863058,350900.867,6293174.91
PF370,F10,SRRW-61,1227,4,6,2025-10-22 16:01:12.899430,353614.821,6281311.299
PF370,F10,SRRZ-26,2249,8,10,2025-10-22 16:01:12.899435,353614.821,6281311.299
PF370,F26,SPVT-70,2292,8,10,2025-10-22 16:01:12.899436,353614.821,6281311.299
PF370,F26,SPVT-65,2360,9,11,2025-10-22 16:01:12.899437,353614.821,6281311.299
PF370,F29,SPVV-95,636,0,3,2025-10-22 16:01:12.899437,353614.821,6281311.299
PF370,F29,SPVW-62,1681,4,6,2025-10-22 16:01:12.899438,353614.821,6281311.299
PF370,F09,SPZY-16,1895,6,8,2025-10-22 16:01:12.899439,353614.821,6281311.299
PF370,F25,LCPG-37,908,0,5,2025-10-22 16:01:12.899440,353614.821,6281311.299
PF370,F25,SRVG-49,2740,10,14,2025-10-22 16:01:12.899441,353614.821,6281311.299
PF370,124,LCTG-23,1,0,3,2025-10-22 16:01:12.899441,353614.821,6281311.299
PF370,124,SRVG-98,3591,13,19,2025-10-22 16:01:12.899442,353614.821,6281311.299
PF370,F07,SPRV-96,6924,21,29,2025-10-22 16:01:12.899443,353614.821,6281311.299
PF370,F07,SPRY-45,9970,25,60,2025-10-22 16:01:12.899444,353614.821,6281311.299
PD1170,D14,PGWV-11,2398,7,9,2025-10-22 16:01:14.783667,352074.489,6293696.745
PD1170,D14,PFZK-78,3949,11,15,2025-10-22 16:01:14.783672,352074.489,6293696.745
PD358,429,SLLZ-36,1082,0,3,2025-10-22 16:01:18.827644,354192.271,6298474.835
PD358,429,SLPC-40,1107,0,3,2025-10-22 16:01:18.827649,354192.271,6298474.835
PD358,418,PFTW-49,418,0,3,2025-10-22 16:01:18.827650,354192.271,6298474.835
PD358,418,SKPK-28,6410,25,60,2025-10-22 16:01:18.827651,354192.271,6298474.835
PD358,425,SJPC-83,1,0,3,2025-10-22 16:01:18.827651,354192.271,6298474.835
PD358,425,SJPB-24,3399,16,24,2025-10-22 16:01:18.827652,354192.271,6298474.835
PH763,E04,VKJY-92,1559,5,7,2025-10-22 16:01:20.728180,348628.665,6292011.175
PH763,E04,VKJX-84,3153,9,13,2025-10-22 16:01:20.728185,348628.665,6292011.175
PE719,E11,VKJY-54,147,0,3,2025-10-22 16:01:22.636860,348788.637,6286219.808
PE719,E11,VKJX-25,1398,7,9,2025-10-22 16:01:22.636865,348788.637,6286219.808
PF573,F12,LCTG-35,2667,10,14,2025-10-22 16:01:24.147034,351863.285,6278851.22
PF573,F12,SRVJ-78,6160,25,60,2025-10-22 16:01:24.147040,351863.285,6278851.22
PI1130,I12,FLXY-33,13762,25,60,2025-10-22 16:01:25.827375,334781.396,6293192.34
PI1130,I12,FLXY-47,15311,25,60,2025-10-22 16:01:25.827381,334781.396,6293192.34
PD1057,D10,SVDC-54,3736,14,20,2025-10-22 16:01:27.775854,356822.613,6295651.516
PD1057,D10,SVDF-64,7166,25,60,2025-10-22 16:01:27.775860,356822.613,6295651.516
PF559,F12,SRVJ-78,2245,8,10,2025-10-22 16:01:31.753006,353399.925,6278566.366
PF559,124,SRVK-11,565,0,3,2025-10-22 16:01:31.753011,353399.925,6278566.366
PF559,124,LCTG-23,3343,16,24,2025-10-22 16:01:31.753012,353399.925,6278566.366
PI183,I09,RWRP-59,113,0,3,2025-10-22 16:01:33.890338,334680.0,6290939.0
PI183,I09,FLXY-91,630,0,3,2025-10-22 16:01:33.890344,334680.0,6290939.0
PI183,I11,RWRP-40,541,0,3,2025-10-22 16:01:33.890345,334680.0,6290939.0
PI183,I11,FLXY-85,9269,25,60,2025-10-22 16:01:33.890346,334680.0,6290939.0
PI183,109,FLXS-80,5219,14,20,2025-10-22 16:01:33.890348,334680.0,6290939.0
PI183,109,CJRW-81,5748,16,22,2025-10-22 16:01:33.890349,334680.0,6290939.0
PI183,I24,VHSX-69,285,0,3,2025-10-22 16:01:33.890350,334680.0,6290939.0
PI183,I24,VHSX-92,2908,12,16,2025-10-22 16:01:33.890350,334680.0,6290939.0
PI183,I05,FLXY-74,652,0,4,2025-10-22 16:01:33.890352,334680.0,6290939.0
PI183,I05,VHSX-66,1963,7,9,2025-10-22 16:01:33.890353,334680.0,6290939.0
PB46,107,PGBY-69,2324,7,9,2025-10-22 16:01:35.460974,347678.27,6303372.64
PB46,107,PGBY-45,4290,12,18,2025-10-22 16:01:35.460979,347678.27,6303372.64
PB46,101,PFVC-40,10946,25,60,2025-10-22 16:01:35.460980,347678.27,6303372.64
PB46,101,PGPT-39,13432,25,60,2025-10-22 16:01:35.460981,347678.27,6303372.64
PA672,511,TBFX-72,3801,13,19,2025-10-22 16:01:36.848105,345791.544,6295331.079
PA672,511,TBFV-95,3835,13,19,2025-10-22 16:01:36.848110,345791.544,6295331.079
PC416,421C,LDJT-65,1,0,3,2025-10-22 16:01:38.760757,358162.179,6303924.68
PC416,421,PDZH-71,3144,12,18,2025-10-22 16:01:38.760762,358162.179,6303924.68
PC111,C07,SKPP-20,2211,7,9,2025-10-22 16:01:40.758094,354498.276,6299876.498
PC111,C07,SKPP-24,2568,9,11,2025-10-22 16:01:40.758099,354498.276,6299876.498
PC111,216,LZPW-10,3218,12,16,2025-10-22 16:01:40.758100,354498.276,6299876.498
PC111,216,LZPT-45,3998,16,22,2025-10-22 16:01:40.758101,354498.276,6299876.498
PI953,I24,FLXZ-45,2219,4,6,2025-10-22 16:01:44.943246,333316.12,6291118.25
PI953,I05,VHSX-75,138,0,3,2025-10-22 16:01:44.943251,333316.12,6291118.25
PI953,I07,VHSY-32,239,0,3,2025-10-22 16:01:44.943253,333316.12,6291118.25
PI953,I09,FLXZ-16,737,0,4,2025-10-22 16:01:44.943255,333316.12,6291118.25
PD598,D16,SPBF-51,1693,5,7,2025-10-22 16:01:46.885860,352393.953,6294402.707
PD598,D16,SPBP-26,5393,20,28,2025-10-22 16:01:46.885866,352393.953,6294402.707
PD598,325,VFJV-28,2462,11,15,2025-10-22 16:01:46.885867,352393.953,6294402.707
PD598,508,TBFR-49,1261,5,7,2025-10-22 16:01:46.885869,352393.953,6294402.707
PD598,508,FLXX-84,5887,18,26,2025-10-22 16:01:46.885870,352393.953,6294402.707
PG969,228,THTD-48,885,0,3,2025-10-22 16:01:48.936314,343863.178,6282115.182
PG969,228,THTF-98,1899,5,7,2025-10-22 16:01:48.936320,343863.178,6282115.182
PG969,G08,THTF-47,1110,0,5,2025-10-22 16:01:48.936321,343863.178,6282115.182
PG969,G08,THTF-25,1400,4,6,2025-10-22 16:01:48.936322,343863.178,6282115.182
PE556,323,BJFZ-57,195,0,3,2025-10-22 16:01:50.886452,353601.403,6288181.457
PE556,323,BJFV-88,1854,6,8,2025-10-22 16:01:50.886458,353601.403,6288181.457
PE556,E07,BJFX-10,1901,7,9,2025-10-22 16:01:50.886460,353601.403,6288181.457
PB1201,B12,SKDJ-76,9500,25,60,2025-10-22 16:01:53.133461,339543.39,6310996.7
PB1201,B12,SKDG-96,12118,25,60,2025-10-22 16:01:53.133465,339543.39,6310996.7
PI1886,I35,SHXG-66,77,0,3,2025-10-22 16:01:55.056055,332064.0,6282614.0
PI1886,I35,SDSW-67,617,0,3,2025-10-22 16:01:55.056060,332064.0,6282614.0
PF472,F10,SRRX-41,975,0,3,2025-10-22 16:01:56.961417,350834.54,6278735.454
PG88,201E,VFHK-16,1562,5,7,2025-10-22 16:01:58.677716,341258.809,6285364.83
PG88,201E,VFHL-33,5204,15,21,2025-10-22 16:01:58.677721,341258.809,6285364.83
PC1066,C28,SKPJ-87,1240,6,8,2025-10-22 16:02:00.178578,354055.162,6302211.523
PC1066,C01C,SPBS-46,835,0,4,2025-10-22 16:02:00.178583,354055.162,6302211.523
PC1066,406C,SKWD-78,826,0,5,2025-10-22 16:02:00.178584,354055.162,6302211.523
PC1066,430,PGLD-68,3565,14,20,2025-10-22 16:02:00.178585,354055.162,6302211.523
PC1066,430,PGBF-42,11969,25,60,2025-10-22 16:02:00.178586,354055.162,6302211.523
PC1066,406,FLXW-15,1530,5,7,2025-10-22 16:02:00.178586,354055.162,6302211.523
PC1066,406,GCBD-96,1628,6,8,2025-10-22 16:02:00.178587,354055.162,6302211.523
PC1066,426,CJRW-72,433,0,3,2025-10-22 16:02:00.178588,354055.162,6302211.523
PC1066,426,CJRW-79,444,0,3,2025-10-22 16:02:00.178589,354055.162,6302211.523
PC1066,C01,LDJJ-81,1295,0,4,2025-10-22 16:02:00.178590,354055.162,6302211.523
PF614,F05,SPZY-37,1567,5,7,2025-10-22 16:02:02.175235,355506.867,6282514.627
PF614,F05,SPZY-61,2074,8,10,2025-10-22 16:02:02.175240,355506.867,6282514.627
PF614,F14,SPRY-72,899,0,4,2025-10-22 16:02:02.175241,355506.867,6282514.627
PF614,F14,SPRY-98,2204,7,9,2025-10-22 16:02:02.175242,355506.867,6282514.627
PG566,G16,SFPG-31,3773,11,15,2025-10-22 16:02:04.492497,345748.861,6285752.446
PG566,G16,SFPG-36,4733,13,19,2025-10-22 16:02:04.492502,345748.861,6285752.446
PG566,F06,SPZY-59,2577,12,16,2025-10-22 16:02:04.492518,345748.861,6285752.446
PD771,D02,SVDD-53,6558,25,60,2025-10-22 16:02:06.427272,350230.182,6296817.72
PD771,D02,SVDF-23,6628,25,60,2025-10-22 16:02:06.427276,350230.182,6296817.72
PF1030,F29,SPVW-99,360,0,3,2025-10-22 16:02:08.284160,351376.77,6279791.54
PF1030,F29,SPVV-95,4003,15,21,2025-10-22 16:02:08.284164,351376.77,6279791.54
PI496,419,PFYG-96,3406,9,13,2025-10-22 16:02:10.543736,335650.46,6291950.542
PI496,419,PFVG-59,5424,15,21,2025-10-22 16:02:10.543740,335650.46,6291950.542
PI496,I07,VHSY-33,1755,4,6,2025-10-22 16:02:10.543742,335650.46,6291950.542
PI496,I07,VHSY-32,5719,20,28,2025-10-22 16:02:10.543742,335650.46,6291950.542
PI106,108,PFVC-49,3815,12,16,2025-10-22 16:02:12.296955,336880.89,6290719.56
PI106,108,PFVC-60,4663,15,21,2025-10-22 16:02:12.296959,336880.89,6290719.56
PI106,423,PGPS-97,588,0,4,2025-10-22 16:02:12.296961,336880.89,6290719.56
PI106,423,PFVJ-19,3897,14,20,2025-10-22 16:02:12.296961,336880.89,6290719.56
PI106,109,FLXV-62,1016,0,3,2025-10-22 16:02:12.296962,336880.89,6290719.56
PI106,109,PFXB-56,3355,8,12,2025-10-22 16:02:12.296963,336880.89,6290719.56
PI106,118,FLXW-53,1688,9,13,2025-10-22 16:02:12.296964,336880.89,6290719.56
PI106,118,FLXW-58,4958,17,25,2025-10-22 16:02:12.296965,336880.89,6290719.56
PB1083,B24,LDJV-50,2741,7,9,2025-10-22 16:02:13.932626,342091.386,6304629.483
PB1083,B28,STHB-50,188,0,3,2025-10-22 16:02:13.932632,342091.386,6304629.483
PB850,214,GCBB-57,2110,10,14,2025-10-22 16:02:15.789281,343909.155,6303337.299
PB850,214,GCBC-14,6122,25,60,2025-10-22 16:02:15.789286,343909.155,6303337.299
PB850,B26,FLXS-48,1646,5,7,2025-10-22 16:02:15.789287,343909.155,6303337.299
PB850,B26,FLXS-63,4482,14,20,2025-10-22 16:02:15.789288,343909.155,6303337.299
PB850,B04,SHXD-95,1876,7,9,2025-10-22 16:02:15.789289,343909.155,6303337.299
PB850,B04,SHCW-77,3265,11,15,2025-10-22 16:02:15.789289,343909.155,6303337.299
PI13,101,PFVC-62,834,0,3,2025-10-22 16:02:17.916104,339758.886,6293539.378
PI13,101,PFYR-62,1864,4,6,2025-10-22 16:02:17.916109,339758.886,6293539.378
PI13,481,PGPT-57,615,0,3,2025-10-22 16:02:17.916110,339758.886,6293539.378
PI13,481,PFVJ-23,4598,17,23,2025-10-22 16:02:17.916111,339758.886,6293539.378
PI13,I04,FLXY-40,1669,5,7,2025-10-22 16:02:17.916112,339758.886,6293539.378
PI13,I04,FLXF-61,5173,18,26,2025-10-22 16:02:17.916112,339758.886,6293539.378
PI13,I13,FLXX-97,2720,8,10,2025-10-22 16:02:17.916113,339758.886,6293539.378
PI13,I14,CJRB-47,5371,25,60,2025-10-22 16:02:17.916114,339758.886,6293539.378
PG1290,G08,THTG-77,1036,0,4,2025-10-22 16:02:20.278586,345526.408,6282068.752
PG1290,G08,THTF-92,2953,9,13,2025-10-22 16:02:20.278591,345526.408,6282068.752
PG1290,G09,SHCX-12,1813,8,10,2025-10-22 16:02:20.278592,345526.408,6282068.752
PG1290,G09,SCRZ-20,2972,12,18,2025-10-22 16:02:20.278593,345526.408,6282068.752
PG1290,228,THTD-64,591,0,3,2025-10-22 16:02:20.278594,345526.408,6282068.752
PG1290,228,THTF-58,1800,7,9,2025-10-22 16:02:20.278595,345526.408,6282068.752
PB514,425,SJPC-70,1152,0,3,2025-10-22 16:02:22.195903,345097.892,6306126.144
PB514,425,SGPW-41,1269,0,3,2025-10-22 16:02:22.195909,345097.892,6306126.144
PB514,429,SHXD-70,1319,0,5,2025-10-22 16:02:22.195910,345097.892,6306126.144
PB514,429,SLGT-37,1456,0,5,2025-10-22 16:02:22.195911,345097.892,6306126.144
PB514,B16,FLXP-86,2200,0,5,2025-10-22 16:02:22.195912,345097.892,6306126.144
PB514,B05,SPCG-68,4144,11,15,2025-10-22 16:02:22.195913,345097.892,6306126.144
PB514,B05,SPCG-88,6753,17,25,2025-10-22 16:02:22.195914,345097.892,6306126.144
PC426,C09,SGPY-58,1545,0,5,2025-10-22 16:02:24.182040,359044.862,6307497.871
PC426,C09,SHCV-71,1953,6,8,2025-10-22 16:02:24.182044,359044.862,6307497.871
PC426,C19,SHCV-75,1169,4,6,2025-10-22 16:02:24.182046,359044.862,6307497.871
PC426,C19,SGPY-93,3995,13,19,2025-10-22 16:02:24.182046,359044.862,6307497.871
PC426,C28,SKPK-29,1145,5,7,2025-10-22 16:02:24.182047,359044.862,6307497.871
PC426,C28,SGPY-87,2162,9,13,2025-10-22 16:02:24.182048,359044.862,6307497.871
PC426,406C,SKWD-78,8884,25,60,2025-10-22 16:02:24.182049,359044.862,6307497.871
PC426,430,PGBY-74,1387,6,8,2025-10-22 16:02:24.182050,359044.862,6307497.871
PC426,430,PGBY-92,5126,18,26,2025-10-22 16:02:24.182060,359044.862,6307497.871
PC426,426,BJFC-75,154,0,3,2025-10-22 16:02:24.182061,359044.862,6307497.871
PC426,426,BJFH-46,481,0,3,2025-10-22 16:02:24.182061,359044.862,6307497.871
PC180,406C,SKWD-78,24710,25,60,2025-10-22 16:02:26.910895,353493.357,6302026.13
PC180,430,PGLD-72,1067,0,4,2025-10-22 16:02:26.910899,353493.357,6302026.13
PC180,430,SKPK-60,1400,0,5,2025-10-22 16:02:26.910900,353493.357,6302026.13
PC180,401,PDZH-87,2124,9,11,2025-10-22 16:02:26.910901,353493.357,6302026.13
PC180,401,PFVK-49,4214,15,21,2025-10-22 16:02:26.910902,353493.357,6302026.13
PC180,406,TBFS-69,2027,5,7,2025-10-22 16:02:26.910903,353493.357,6302026.13
PC180,406,TBFR-26,4272,12,16,2025-10-22 16:02:26.910904,353493.357,6302026.13
PC180,C28,SGPY-66,2060,5,7,2025-10-22 16:02:26.910904,353493.357,6302026.13
PC180,C28,SGPY-76,2080,5,7,2025-10-22 16:02:26.910933,353493.357,6302026.13
PC180,426,BJFJ-25,3863,11,15,2025-10-22 16:02:26.910934,353493.357,6302026.13
PC180,426,FDJX-70,6273,16,24,2025-10-22 16:02:26.910935,353493.357,6302026.13
PC180,421,PFYH-22,405,0,3,2025-10-22 16:02:26.910936,353493.357,6302026.13
PC180,421,PGBB-65,5058,19,27,2025-10-22 16:02:26.910937,353493.357,6302026.13
PC180,C01,LDJJ-68,888,0,5,2025-10-22 16:02:26.910938,353493.357,6302026.13
PC180,C01,LCSX-49,8367,25,60,2025-10-22 16:02:26.910939,353493.357,6302026.13
PC180,C02,LCPW-45,273,0,3,2025-10-22 16:02:26.910940,353493.357,6302026.13
PC180,C02,LCSX-54,1408,4,6,2025-10-22 16:02:26.910940,353493.357,6302026.13
PC180,C14,SKPL-25,2543,10,14,2025-10-22 16:02:26.910958,353493.357,6302026.13
PC180,C14,SKPP-15,3083,12,16,2025-10-22 16:02:26.910959,353493.357,6302026.13
PC180,C19,SGPW-40,1,0,3,2025-10-22 16:02:26.910960,353493.357,6302026.13
PC180,C19,SKPJ-86,4936,14,20,2025-10-22 16:02:26.910961,353493.357,6302026.13
PC180,C01C,PGRZ-63,569,0,3,2025-10-22 16:02:26.910962,353493.357,6302026.13
PC180,C01C,SPBS-56,1364,5,7,2025-10-22 16:02:26.910963,353493.357,6302026.13
PC180,407,GCBC-50,1,0,3,2025-10-22 16:02:26.910964,353493.357,6302026.13
PC180,407,PFXC-44,102,0,3,2025-10-22 16:02:26.910964,353493.357,6302026.13
PC16,103,PGBY-87,1633,8,10,2025-10-22 16:02:28.753628,350458.809,6299457.121
PC16,103,PLHK-83,1713,9,11,2025-10-22 16:02:28.753633,350458.809,6299457.121
PC16,117,SPBF-62,1720,9,11,2025-10-22 16:02:28.753636,350458.809,6299457.121
PC16,117,PGBY-64,5981,25,60,2025-10-22 16:02:28.753637,350458.809,6299457.121
PF94,F16,SPRY-86,48,0,3,2025-10-22 16:02:30.763395,353918.156,6279870.955
PF94,F16,SPRZ-29,2342,6,8,2025-10-22 16:02:30.763400,353918.156,6279870.955
PJ1637,J07,VHZX-11,6815,12,16,2025-10-22 16:02:32.835650,330366.977,6298805.03
PJ1637,J07,VHXJ-44,9488,16,22,2025-10-22 16:02:32.835655,330366.977,6298805.03
PJ34,511,TBFW-78,737,0,4,2025-10-22 16:02:34.898350,341715.869,6297973.123
PJ34,511,TBFT-51,3212,12,16,2025-10-22 16:02:34.898355,341715.869,6297973.123
PJ34,514,FLXK-42,49,0,3,2025-10-22 16:02:34.898356,341715.869,6297973.123
PJ34,514,GCBD-28,1803,6,8,2025-10-22 16:02:34.898357,341715.869,6297973.123
PJ34,J10,VHZZ-51,786,0,4,2025-10-22 16:02:34.898358,341715.869,6297973.123
PJ34,J10,VHZW-70,3448,11,15,2025-10-22 16:02:34.898359,341715.869,6297973.123
PJ34,J19,VGVC-45,3896,13,17,2025-10-22 16:02:34.898360,341715.869,6297973.123
PJ34,J19,VHLV-17,7044,21,29,2025-10-22 16:02:34.898361,341715.869,6297973.123
PC122,C02,LCPW-50,1305,5,7,2025-10-22 16:02:36.430362,355973.64,6302400.25
PC122,421,PGBB-65,2581,8,12,2025-10-22 16:02:36.430368,355973.64,6302400.25
PC122,421,PDZH-71,6279,25,60,2025-10-22 16:02:36.430369,355973.64,6302400.25
PC122,407,TBFT-33,364,0,3,2025-10-22 16:02:36.430370,355973.64,6302400.25
PI1862,I26,PFYS-20,2837,9,11,2025-10-22 16:02:38.378745,341952.0,6291406.0
PI1862,I26,PGPT-49,7359,18,26,2025-10-22 16:02:38.378751,341952.0,6291406.0
PG1412,G22,THTD-98,1,0,3,2025-10-22 16:02:40.036391,343983.686,6286508.833
PG1412,G22,THTH-16,2064,6,8,2025-10-22 16:02:40.036396,343983.686,6286508.833
PB883,214,GCBB-96,3190,13,19,2025-10-22 16:02:41.931634,343953.675,6303285.323
PB883,214,GCBB-84,3542,15,21,2025-10-22 16:02:41.931640,343953.675,6303285.323
PB883,B26,FLXP-80,175,0,3,2025-10-22 16:02:41.931641,343953.675,6303285.323
PB883,B26,FLXP-73,870,0,5,2025-10-22 16:02:41.931642,343953.675,6303285.323
PB883,B04,SJPC-31,4433,15,21,2025-10-22 16:02:41.931644,343953.675,6303285.323
PB883,B04,SHXF-43,8446,25,60,2025-10-22 16:02:41.931645,343953.675,6303285.323
PB931,B06,SKDH-69,1361,5,7,2025-10-22 16:02:43.399600,344547.286,6305434.203
PB1495,116,FLXT-47,1396,6,8,2025-10-22 16:02:45.121328,347878.136,6306025.872
PB1495,116,LCPW-34,3117,9,13,2025-10-22 16:02:45.121333,347878.136,6306025.872
PB1495,B05,SPCG-68,203,0,3,2025-10-22 16:02:45.121334,347878.136,6306025.872
PB1495,B05,SPCG-88,2735,9,11,2025-10-22 16:02:45.121335,347878.136,6306025.872
PB1495,117,PGBY-70,6085,20,28,2025-10-22 16:02:45.121336,347878.136,6306025.872
PB1495,117,SPBP-96,6901,25,60,2025-10-22 16:02:45.121337,347878.136,6306025.872
PC594,C01,LCPW-40,38,0,3,2025-10-22 16:02:47.143858,360341.946,6307914.802
PC594,C01,LDJJ-75,518,0,3,2025-10-22 16:02:47.143863,360341.946,6307914.802
PE1505,D26,SPBF-31,1787,4,6,2025-10-22 16:02:49.272442,356622.529,6290679.482
PH209,210,RYJG-91,228,0,3,2025-10-22 16:02:51.381453,349287.84,6294451.68
PH209,210,LZRF-15,2789,10,14,2025-10-22 16:02:51.381458,349287.84,6294451.68
PH209,210V,VGBW-39,1703,7,9,2025-10-22 16:02:51.381459,349287.84,6294451.68
PH209,210V,VGKX-82,4839,17,23,2025-10-22 16:02:51.381460,349287.84,6294451.68
PH209,213E,SRVH-45,1183,0,3,2025-10-22 16:02:51.381461,349287.84,6294451.68
PH209,213E,LBTS-85,4522,13,17,2025-10-22 16:02:51.381462,349287.84,6294451.68
PB511,B05,SPCG-36,1288,0,3,2025-10-22 16:02:56.635767,345813.794,6305752.585
PB511,B05,SKDH-79,3478,12,16,2025-10-22 16:02:56.635771,345813.794,6305752.585
PB511,425,SJPC-32,461,0,3,2025-10-22 16:02:56.635772,345813.794,6305752.585
PB511,425,SHCX-42,1343,0,5,2025-10-22 16:02:56.635773,345813.794,6305752.585
PB511,429,SLPC-54,394,0,3,2025-10-22 16:02:56.635775,345813.794,6305752.585
PB511,429,SLGS-92,10064,25,60,2025-10-22 16:02:56.635776,345813.794,6305752.585
PB511,429C,SLPC-50,10056,18,26,2025-10-22 16:02:56.635776,345813.794,6305752.585
PB511,430,PGBF-42,1,0,3,2025-10-22 16:02:56.635777,345813.794,6305752.585
PB511,430,SKPH-79,197,0,3,2025-10-22 16:02:56.635778,345813.794,6305752.585
PB511,435,SHXD-59,6301,12,16,2025-10-22 16:02:56.635779,345813.794,6305752.585
PB511,435,SHXD-69,9502,25,60,2025-10-22 16:02:56.635780,345813.794,6305752.585
PB511,B43,SJPF-42,4385,10,14,2025-10-22 16:02:56.635781,345813.794,6305752.585
PB511,B43,SJPB-31,6849,17,23,2025-10-22 16:02:56.635781,345813.794,6305752.585
PB511,B16,STHL-29,1331,4,6,2025-10-22 16:02:56.635782,345813.794,6305752.585
PB511,B16,FLXP-66,3917,13,19,2025-10-22 16:02:56.635783,345813.794,6305752.585
PC328,C15,SGPW-36,1100,5,7,2025-10-22 16:02:58.615991,355757.789,6304273.553
PC328,C15,SGPY-63,3737,15,21,2025-10-22 16:02:58.615996,355757.789,6304273.553
PC328,409,PGTV-15,1056,0,4,2025-10-22 16:02:58.615997,355757.789,6304273.553
PC328,409,PFZK-93,5080,14,20,2025-10-22 16:02:58.615998,355757.789,6304273.553
PC328,411,PFYC-74,2754,9,13,2025-10-22 16:02:58.615999,355757.789,6304273.553
PC328,411,PGBY-59,7579,25,60,2025-10-22 16:02:58.616000,355757.789,6304273.553
PC328,286,SHCX-25,2015,7,9,2025-10-22 16:02:58.616001,355757.789,6304273.553
PC328,286,SHCV-32,4558,14,20,2025-10-22 16:02:58.616002,355757.789,6304273.553
PI450,418,PFYC-75,962,0,3,2025-10-22 16:03:01.014440,342308.02,6296981.67
PI450,418,SHXF-85,1773,5,7,2025-10-22 16:03:01.014445,342308.02,6296981.67
PI450,I09,VHTB-67,2437,7,9,2025-10-22 16:03:01.014447,342308.02,6296981.67
PI450,I09,FLXZ-17,4049,13,17,2025-10-22 16:03:01.014448,342308.02,6296981.67
PI450,510,TBFX-23,205,0,3,2025-10-22 16:03:01.014449,342308.02,6296981.67
PI450,510,TBFW-61,748,0,3,2025-10-22 16:03:01.014450,342308.02,6296981.67
PI450,516,GCBC-51,602,0,3,2025-10-22 16:03:01.014452,342308.02,6296981.67
PI450,516,GCBD-57,2320,8,10,2025-10-22 16:03:01.014452,342308.02,6296981.67
PI450,519,RKXL-31,3200,9,13,2025-10-22 16:03:01.014454,342308.02,6296981.67
PI450,519,RKXL-27,3480,10,14,2025-10-22 16:03:01.014455,342308.02,6296981.67
PI450,424,PFXB-27,265,0,3,2025-10-22 16:03:01.014456,342308.02,6296981.67
PI450,404,PFYC-17,1474,5,7,2025-10-22 16:03:01.014457,342308.02,6296981.67
PI450,404,LXWP-60,5550,20,28,2025-10-22 16:03:01.014458,342308.02,6296981.67
PI450,412,PFTW-55,4094,13,17,2025-10-22 16:03:01.014459,342308.02,6296981.67
PI450,412,PFVG-75,5428,16,22,2025-10-22 16:03:01.014460,342308.02,6296981.67
PI1165,385,FLXL-75,2251,9,13,2025-10-22 16:03:02.982296,342649.447,6295484.539
PI1165,385,FLXK-92,4225,15,21,2025-10-22 16:03:02.982300,342649.447,6295484.539
PF87,F10,SRRY-53,199,0,3,2025-10-22 16:03:07.511619,353712.052,6280456.939
PF87,F10,SRRW-61,1890,7,9,2025-10-22 16:03:07.511624,353712.052,6280456.939
PF87,F13,SRSC-54,1651,6,8,2025-10-22 16:03:07.511625,353712.052,6280456.939
PF87,F13,SRRW-90,3278,10,14,2025-10-22 16:03:07.511626,353712.052,6280456.939
PF87,F16,SPRW-83,4423,15,21,2025-10-22 16:03:07.511627,353712.052,6280456.939
PF87,205,LZRD-98,5044,20,28,2025-10-22 16:03:07.511628,353712.052,6280456.939
PF87,205,SXKV-87,6644,25,60,2025-10-22 16:03:07.511628,353712.052,6280456.939
PF87,210,LZRD-71,6674,25,60,2025-10-22 16:03:07.511629,353712.052,6280456.939
PF87,210,RWTP-87,6776,25,60,2025-10-22 16:03:07.511630,353712.052,6280456.939
PF87,124,LCTG-23,1025,6,8,2025-10-22 16:03:07.511631,353712.052,6280456.939
PF87,124,SRVG-98,4174,16,24,2025-10-22 16:03:07.511632,353712.052,6280456.939
PF87,F01,SPVT-74,2170,7,9,2025-10-22 16:03:07.511632,353712.052,6280456.939
PF87,F01,SPVV-83,4495,13,19,2025-10-22 16:03:07.511633,353712.052,6280456.939
PI654,423,PFVJ-19,2720,10,14,2025-10-22 16:03:09.650181,336235.931,6290415.771
PI654,I01,FLXL-22,1951,7,9,2025-10-22 16:03:09.650186,336235.931,6290415.771
PI654,I01,FLXG-59,4382,12,16,2025-10-22 16:03:09.650187,336235.931,6290415.771
PI654,I10,FLXL-49,1947,6,8,2025-10-22 16:03:09.650188,336235.931,6290415.771
PI654,I10,FLXJ-23,4869,14,20,2025-10-22 16:03:09.650189,336235.931,6290415.771
PI654,421,PFBF-98,3577,13,19,2025-10-22 16:03:09.650190,336235.931,6290415.771
PG1040,G09,SHXB-23,7419,25,60,2025-10-22 16:03:11.629648,342401.916,6284596.214
PG1040,G09,SDSW-68,7803,25,60,2025-10-22 16:03:11.629654,342401.916,6284596.214
PG1040,G22,THTF-57,3158,10,14,2025-10-22 16:03:11.629655,342401.916,6284596.214
PG1040,G22,THTF-86,3313,11,15,2025-10-22 16:03:11.629656,342401.916,6284596.214
PI831,I03,FLXJ-27,3563,11,15,2025-10-22 16:03:13.547975,340717.909,6295975.169
PI831,I03,FLXJ-28,4674,13,19,2025-10-22 16:03:13.547980,340717.909,6295975.169
PE549,322,BJFZ-12,1703,6,8,2025-10-22 16:03:15.497641,354715.359,6288857.593
PE549,322,BJFV-89,3854,13,19,2025-10-22 16:03:15.497646,354715.359,6288857.593
PE549,323,BJFW-26,372,0,3,2025-10-22 16:03:15.497647,354715.359,6288857.593
PI1238,I04,FLXD-89,917,0,5,2025-10-22 16:03:17.592532,339387.617,6291712.679
PI1238,I04,FLXZ-67,4592,14,20,2025-10-22 16:03:17.592536,339387.617,6291712.679
PI1238,I14,CJRZ-73,1768,9,13,2025-10-22 16:03:17.592538,339387.617,6291712.679
PI1238,I14,CJRB-47,7666,25,60,2025-10-22 16:03:17.592538,339387.617,6291712.679
PI1238,I18,VHTB-43,2759,8,12,2025-10-22 16:03:17.592540,339387.617,6291712.679
PI1238,I18,VHTB-58,7450,18,26,2025-10-22 16:03:17.592540,339387.617,6291712.679
PC651,C03,SKDF-77,2914,8,10,2025-10-22 16:03:19.500565,353231.237,6304467.376
PC651,C03,LWTK-55,4059,12,16,2025-10-22 16:03:19.500570,353231.237,6304467.376
PC651,712,SJPC-40,3625,12,16,2025-10-22 16:03:19.500572,353231.237,6304467.376
PC651,712,SHXD-89,5441,17,25,2025-10-22 16:03:19.500573,353231.237,6304467.376
PE1338,E06,BJFT-81,167,0,3,2025-10-22 16:03:21.415665,356241.413,6290606.367
PE1338,E06,BJFV-20,37,0,3,2025-10-22 16:03:21.415670,356241.413,6290606.367
PE1338,E17,FLXF-53,36,0,3,2025-10-22 16:03:21.415671,356241.413,6290606.367
PE1338,E17,FLXT-30,2076,6,8,2025-10-22 16:03:21.415672,356241.413,6290606.367
PI957,I24,VHSX-69,791,0,5,2025-10-22 16:03:23.569013,333380.314,6291164.127
PI957,I24,VHSX-92,3626,15,21,2025-10-22 16:03:23.569017,333380.314,6291164.127
PI957,I05,FLXY-74,1233,4,6,2025-10-22 16:03:23.569018,333380.314,6291164.127
PI957,I05,VHSX-66,2855,9,13,2025-10-22 16:03:23.569019,333380.314,6291164.127
PI957,I09,RWRP-59,718,0,4,2025-10-22 16:03:23.569020,333380.314,6291164.127
PI957,I09,FLXY-91,1120,0,5,2025-10-22 16:03:23.569021,333380.314,6291164.127
PI957,I11,RWRP-40,1171,0,5,2025-10-22 16:03:23.569021,333380.314,6291164.127
PI957,I11,FLXY-85,9753,25,60,2025-10-22 16:03:23.569022,333380.314,6291164.127
PC500,501,GCBD-69,328,0,3,2025-10-22 16:03:25.524122,348966.942,6298625.357
PC500,501,GCBD-50,1839,9,11,2025-10-22 16:03:25.524128,348966.942,6298625.357
PC500,504,TBFW-77,1,0,3,2025-10-22 16:03:25.524129,348966.942,6298625.357
PC500,504,TBFW-73,3365,12,16,2025-10-22 16:03:25.524129,348966.942,6298625.357
PC500,518,BJFC-86,2338,7,9,2025-10-22 16:03:25.524130,348966.942,6298625.357
PC500,518,FLXG-18,2451,7,9,2025-10-22 16:03:25.524131,348966.942,6298625.357
PJ435,J13,BJFD-51,1115,0,5,2025-10-22 16:03:27.386046,336414.51,6301354.94
PJ435,J13,BJFB-33,3228,11,15,2025-10-22 16:03:27.386051,336414.51,6301354.94
PJ435,J15C,TBFT-59,488,0,3,2025-10-22 16:03:27.386052,336414.51,6301354.94
PJ435,505,VHZY-41,166,0,3,2025-10-22 16:03:27.386053,336414.51,6301354.94
PJ435,505,VJJV-78,1866,4,6,2025-10-22 16:03:27.386054,336414.51,6301354.94
PJ435,408,LXWR-88,273,0,3,2025-10-22 16:03:27.386055,336414.51,6301354.94
PJ435,J03,FLXK-84,5097,14,20,2025-10-22 16:03:27.386056,336414.51,6301354.94
PJ435,J03,CJRZ-82,8621,25,60,2025-10-22 16:03:27.386057,336414.51,6301354.94
PI763,510,TBFX-23,3557,9,11,2025-10-22 16:03:31.458547,338700.774,6297124.185
PI763,510,TBFW-61,4393,10,14,2025-10-22 16:03:31.458552,338700.774,6297124.185
PI763,514,GCBC-48,87,0,3,2025-10-22 16:03:31.458553,338700.774,6297124.185
PI763,514,FLXX-95,5928,16,22,2025-10-22 16:03:31.458554,338700.774,6297124.185
PI763,516,PFXB-68,68,0,3,2025-10-22 16:03:31.458555,338700.774,6297124.185
PI763,516,GCBD-37,2492,6,8,2025-10-22 16:03:31.458556,338700.774,6297124.185
PI763,J08,FLXT-64,1825,5,7,2025-10-22 16:03:31.458557,338700.774,6297124.185
PI763,J08,FLXT-59,4563,16,24,2025-10-22 16:03:31.458558,338700.774,6297124.185
PI763,418,SHXF-88,1677,0,5,2025-10-22 16:03:31.458559,338700.774,6297124.185
PI763,418,SHCX-39,3286,7,9,2025-10-22 16:03:31.458560,338700.774,6297124.185
PI763,J19,VGVG-61,533,0,3,2025-10-22 16:03:31.458561,338700.774,6297124.185
PI763,J19,VHLP-18,3114,8,10,2025-10-22 16:03:31.458562,338700.774,6297124.185
PI763,111,SHXF-88,1677,0,5,2025-10-22 16:03:31.458563,338700.774,6297124.185
PI763,111,SHCX-39,3286,7,9,2025-10-22 16:03:31.458563,338700.774,6297124.185
PD709,D02,STRJ-56,2939,12,16,2025-10-22 16:03:33.542328,354021.281,6297945.542
PD709,D02,SVDD-51,6584,25,60,2025-10-22 16:03:33.542333,354021.281,6297945.542
PD709,D15,SVDC-18,6616,19,27,2025-10-22 16:03:33.542334,354021.281,6297945.542
PD709,D15,SVDD-55,7148,25,60,2025-10-22 16:03:33.542335,354021.281,6297945.542
PA61,201,GCBB-80,2933,12,16,2025-10-22 16:03:35.409805,346714.91,6295039.2
PA61,201,GCBB-52,4531,18,26,2025-10-22 16:03:35.409809,346714.91,6295039.2
PA61,214,GCBB-89,2203,7,9,2025-10-22 16:03:35.409812,346714.91,6295039.2
PA61,214,GCBB-77,3878,13,19,2025-10-22 16:03:35.409813,346714.91,6295039.2
PA61,226,VGBV-99,2136,6,8,2025-10-22 16:03:35.409813,346714.91,6295039.2
PA61,226,VFPT-65,4202,15,21,2025-10-22 16:03:35.409814,346714.91,6295039.2
PA61,229,LZPS-10,1943,7,9,2025-10-22 16:03:35.409815,346714.91,6295039.2
PA61,271,FLXX-23,2915,10,14,2025-10-22 16:03:35.409816,346714.91,6295039.2
PA61,301,BJFX-17,209,0,3,2025-10-22 16:03:35.409817,346714.91,6295039.2
PA61,301,BJFZ-83,2531,9,11,2025-10-22 16:03:35.409818,346714.91,6295039.2
PA61,223,SDSW-55,558,0,4,2025-10-22 16:03:35.409818,346714.91,6295039.2
PD26,103,SPBP-30,72,0,3,2025-10-22 16:03:36.859695,351311.5,6291893.557
PD26,103,SPBS-65,2426,9,13,2025-10-22 16:03:36.859701,351311.5,6291893.557
PD26,117,PGRZ-64,3042,10,14,2025-10-22 16:03:36.859702,351311.5,6291893.557
PD26,117,PGLD-80,3321,11,15,2025-10-22 16:03:36.859703,351311.5,6291893.557
PD26,D13,BJFR-75,1827,6,8,2025-10-22 16:03:36.859703,351311.5,6291893.557
PD26,D13,CJRB-14,6053,17,25,2025-10-22 16:03:36.859704,351311.5,6291893.557
PC593,C01,LDJJ-75,1,0,3,2025-10-22 16:03:38.779998,360378.111,6308233.505
PC593,C01,LCPW-51,946,4,6,2025-10-22 16:03:38.780003,360378.111,6308233.505
PE743,E12,VFKW-18,3053,6,8,2025-10-22 16:03:40.641783,354836.152,6285877.675
PE743,E12,VFJS-16,3784,8,10,2025-10-22 16:03:40.641788,354836.152,6285877.675
PI631,D16,SPBP-26,3216,12,16,2025-10-22 16:03:42.570835,352409.352,6296017.149
PG1599,271,FLXP-18,1369,0,5,2025-10-22 16:03:44.572378,341911.167,6281752.541
PG1599,211C,THTG-83,501,0,3,2025-10-22 16:03:44.572383,341911.167,6281752.541
PG1599,211C,THTF-96,1290,5,7,2025-10-22 16:03:44.572384,341911.167,6281752.541
PG1599,201,GCBB-54,389,0,3,2025-10-22 16:03:44.572385,341911.167,6281752.541
PG1599,201,GCBB-69,1592,5,7,2025-10-22 16:03:44.572386,341911.167,6281752.541
PG1599,201E,VFHL-33,660,0,3,2025-10-22 16:03:44.572387,341911.167,6281752.541
PG1599,201E,VFHJ-77,1435,0,4,2025-10-22 16:03:44.572388,341911.167,6281752.541
PG1599,211,FLXC-90,400,0,3,2025-10-22 16:03:44.572389,341911.167,6281752.541
PG1599,211,TBYY-61,1994,8,10,2025-10-22 16:03:44.572390,341911.167,6281752.541
PJ1775,518,FLXV-56,3272,9,11,2025-10-22 16:03:46.524267,342307.371,6299562.675
PJ1775,518,PFXC-61,3835,17,25,2025-10-22 16:03:46.524272,342307.371,6299562.675
PJ1775,B28,TXZH-34,423,0,5,2025-10-22 16:03:46.524273,342307.371,6299562.675
PJ1775,B28,SKHG-17,4947,17,25,2025-10-22 16:03:46.524274,342307.371,6299562.675
PJ1775,517,VHXK-53,678,0,3,2025-10-22 16:03:46.524275,342307.371,6299562.675
PJ1775,517,VJJX-48,2723,9,11,2025-10-22 16:03:46.524276,342307.371,6299562.675
PJ1775,J02,VHXJ-22,567,0,3,2025-10-22 16:03:46.524277,342307.371,6299562.675
PJ1775,J02,VHXF-84,4316,12,16,2025-10-22 16:03:46.524277,342307.371,6299562.675
PJ1775,503,VGVB-79,104,0,3,2025-10-22 16:03:46.524278,342307.371,6299562.675
PJ1775,503,LZPG-45,2467,9,13,2025-10-22 16:03:46.524279,342307.371,6299562.675
PJ1775,504,TBFT-63,599,0,3,2025-10-22 16:03:46.524280,342307.371,6299562.675
PJ1775,504,TBFS-30,3766,18,26,2025-10-22 16:03:46.524281,342307.371,6299562.675
PJ1775,507,GCBC-88,928,0,4,2025-10-22 16:03:46.524282,342307.371,6299562.675
PJ1775,507,TBFW-25,2759,13,17,2025-10-22 16:03:46.524282,342307.371,6299562.675
PA15,345,BJFZ-49,1,0,3,2025-10-22 16:03:51.303330,344279.18,6297518.61
PA15,345,FLXD-64,841,6,8,2025-10-22 16:03:51.303335,344279.18,6297518.61
PA15,I18,FLXY-93,8079,25,60,2025-10-22 16:03:51.303336,344279.18,6297518.61
PA15,I18,VHSX-89,13744,25,60,2025-10-22 16:03:51.303337,344279.18,6297518.61
PA15,507,FLXV-91,0,0,3,2025-10-22 16:03:51.303338,344279.18,6297518.61
PA15,507,TBFP-63,65,0,3,2025-10-22 16:03:51.303338,344279.18,6297518.61
PA15,511,GCBD-82,287,0,3,2025-10-22 16:03:51.303339,344279.18,6297518.61
PA15,511,GCBC-77,4584,16,22,2025-10-22 16:03:51.303340,344279.18,6297518.61
PA15,109,TBFS-55,1,0,3,2025-10-22 16:03:51.303341,344279.18,6297518.61
PA15,109,FLXW-22,1,0,3,2025-10-22 16:03:51.303342,344279.18,6297518.61
PA15,B26,FLXP-81,96,0,3,2025-10-22 16:03:51.303343,344279.18,6297518.61
PB119,425,SJPB-32,1398,0,3,2025-10-22 16:03:53.534129,347713.943,6304802.849
PB119,425,SJPC-80,6256,14,20,2025-10-22 16:03:53.534134,347713.943,6304802.849
PB119,429,SHCV-84,6499,25,60,2025-10-22 16:03:53.534135,347713.943,6304802.849
PB119,429,SLPB-69,10475,25,60,2025-10-22 16:03:53.534136,347713.943,6304802.849
PB119,435,SJPF-97,2823,0,3,2025-10-22 16:03:53.534136,347713.943,6304802.849
PB119,435,SLPC-58,7662,8,10,2025-10-22 16:03:53.534137,347713.943,6304802.849
PB119,722,STHC-54,563,0,3,2025-10-22 16:03:53.534138,347713.943,6304802.849
PB119,722,STHK-69,6720,17,25,2025-10-22 16:03:53.534139,347713.943,6304802.849
PI578,I10,FLXF-15,399,0,3,2025-10-22 16:03:55.537204,338310.514,6292793.116
PI578,I10,FLXL-57,1281,6,8,2025-10-22 16:03:55.537209,338310.514,6292793.116
PI578,509,BJFH-30,2057,7,9,2025-10-22 16:03:55.537211,338310.514,6292793.116
PI578,509,FLXW-54,4432,14,20,2025-10-22 16:03:55.537211,338310.514,6292793.116
PF283,F14,SPRY-72,877,0,4,2025-10-22 16:03:57.247411,355654.125,6282926.326
PF283,F14,SPRY-98,2068,7,9,2025-10-22 16:03:57.247419,355654.125,6282926.326
PF283,F05,SPZY-37,1558,5,7,2025-10-22 16:03:57.247420,355654.125,6282926.326
PF283,F05,SPZY-61,2274,8,12,2025-10-22 16:03:57.247421,355654.125,6282926.326
PF283,124,STHD-50,741,0,3,2025-10-22 16:03:57.247422,355654.125,6282926.326
PF283,124,TXZH-45,5572,21,29,2025-10-22 16:03:57.247423,355654.125,6282926.326
PC1082,405,PGBB-60,551,0,3,2025-10-22 16:03:59.764421,354177.97,6304543.459
PC1082,405,PFYG-81,753,0,3,2025-10-22 16:03:59.764426,354177.97,6304543.459
PC1082,502,BJFC-59,1029,0,5,2025-10-22 16:03:59.764427,354177.97,6304543.459
PC1082,502,BFKC-92,3902,14,20,2025-10-22 16:03:59.764428,354177.97,6304543.459
PC1082,542,TBFT-57,2492,8,12,2025-10-22 16:03:59.764429,354177.97,6304543.459
PC1082,542,TBFS-40,5960,25,60,2025-10-22 16:03:59.764430,354177.97,6304543.459
PF569,F12,LCTG-35,796,0,4,2025-10-22 16:04:01.207523,352175.705,6278129.438
PF569,F12,SRVJ-78,4754,17,23,2025-10-22 16:04:01.207528,352175.705,6278129.438
PF569,124,SRVK-11,2475,8,10,2025-10-22 16:04:01.207530,352175.705,6278129.438
PF569,124,LCTG-23,6118,25,60,2025-10-22 16:04:01.207531,352175.705,6278129.438
PI286,113,FLXW-85,7648,16,22,2025-10-22 16:04:03.883655,338459.624,6289907.689
PI286,113,FLXX-75,9031,19,27,2025-10-22 16:04:03.883660,338459.624,6289907.689
PI286,115,FLXV-63,1610,0,4,2025-10-22 16:04:03.883662,338459.624,6289907.689
PI286,115,PFXC-37,4501,7,9,2025-10-22 16:04:03.883662,338459.624,6289907.689
PI1881,I35,SHXB-34,954,0,3,2025-10-22 16:04:05.823913,332714.0,6284283.0
PI1881,I35,SHXG-69,2221,7,9,2025-10-22 16:04:05.823918,332714.0,6284283.0
PI1469,I21,FLXJ-19,1069,0,5,2025-10-22 16:04:12.801716,333844.485,6289406.686
PB868,B04,SJPC-31,20,0,3,2025-10-22 16:04:14.281803,345910.296,6300225.956
PB868,B04,SHXF-43,3688,20,28,2025-10-22 16:04:14.281808,345910.296,6300225.956
PC1035,C07,LDTC-10,1213,0,4,2025-10-22 16:04:16.282099,353755.383,6304124.836
PC1035,C14,SKPP-15,1,0,3,2025-10-22 16:04:16.282104,353755.383,6304124.836
PC1035,C14,SKPJ-42,3921,12,16,2025-10-22 16:04:16.282106,353755.383,6304124.836
PB1694,B24,SKHF-92,1,0,3,2025-10-22 16:04:19.340369,342672.713,6302382.479
PB1694,B24,SJTD-57,2414,6,8,2025-10-22 16:04:19.340373,342672.713,6302382.479
PF801,F29,SPVW-99,3649,10,14,2025-10-22 16:04:21.216046,352790.35,6279978.616
PF801,F29,SPVV-95,7454,25,60,2025-10-22 16:04:21.216051,352790.35,6279978.616
PF801,F25,SRVK-97,1516,9,11,2025-10-22 16:04:21.216052,352790.35,6279978.616
PF801,F25,SRVG-70,4594,20,28,2025-10-22 16:04:21.216053,352790.35,6279978.616
PC1233,411,SPBF-33,1795,7,9,2025-10-22 16:04:24.197954,358625.93,6306843.94
PC1233,430,PGBY-61,616,0,3,2025-10-22 16:04:24.197960,358625.93,6306843.94
PC1233,430,PFZK-88,2357,11,15,2025-10-22 16:04:24.197961,358625.93,6306843.94
PC1233,426,FLXS-92,168,0,3,2025-10-22 16:04:24.197962,358625.93,6306843.94
PC1233,426,BJFC-24,1181,0,5,2025-10-22 16:04:24.197963,358625.93,6306843.94
PB1097,B09,SHCY-55,5733,21,29,2025-10-22 16:04:26.124395,339099.477,6302928.878
PB1097,B09,SHCY-49,11250,25,60,2025-10-22 16:04:26.124400,339099.477,6302928.878
PB1097,120,SJTD-66,614,0,3,2025-10-22 16:04:26.124402,339099.477,6302928.878
PB1097,120,LDSW-88,7678,25,60,2025-10-22 16:04:26.124402,339099.477,6302928.878
PB1097,B29,LXDH-86,2995,10,14,2025-10-22 16:04:26.124403,339099.477,6302928.878
PB1097,B29,LXDJ-10,3185,11,15,2025-10-22 16:04:26.124404,339099.477,6302928.878
PI1661,I13,FLXY-32,1570,7,9,2025-10-22 16:04:29.080959,341514.469,6296675.605
PI1661,I13,FLXX-73,9387,25,60,2025-10-22 16:04:29.080964,341514.469,6296675.605
PI1661,I14,CJRX-39,985,0,4,2025-10-22 16:04:29.080965,341514.469,6296675.605
PI1661,I14,CJRZ-70,2130,7,9,2025-10-22 16:04:29.080966,341514.469,6296675.605
PI1661,102,SPZX-98,1,0,3,2025-10-22 16:04:29.080967,341514.469,6296675.605
PI1661,102,SRVL-70,14928,25,60,2025-10-22 16:04:29.080968,341514.469,6296675.605
PI1661,481,PFYR-96,2711,11,15,2025-10-22 16:04:29.080968,341514.469,6296675.605
PI1661,481,PFYR-69,7101,25,60,2025-10-22 16:04:29.080969,341514.469,6296675.605
PI640,I24,VHSX-64,3565,6,8,2025-10-22 16:04:31.156425,340183.4,6290022.517
PI640,I24,VHTB-61,4650,8,12,2025-10-22 16:04:31.156430,340183.4,6290022.517
PI640,H03,CJRW-50,3032,5,7,2025-10-22 16:04:31.156431,340183.4,6290022.517
PI640,H03,BJFS-53,6686,18,26,2025-10-22 16:04:31.156432,340183.4,6290022.517
PI640,I12,FLXY-20,190,0,3,2025-10-22 16:04:31.156433,340183.4,6290022.517
PI640,I12,FLXW-94,6400,16,24,2025-10-22 16:04:31.156434,340183.4,6290022.517
PI937,I04,FLXD-89,1805,6,8,2025-10-22 16:04:32.787194,338985.759,6291415.143
PI937,I04,FLXZ-67,5243,17,23,2025-10-22 16:04:32.787200,338985.759,6291415.143
PC104,C07,SGPW-46,991,0,5,2025-10-22 16:04:34.762144,354107.642,6302722.274
PC104,C07,LDTC-10,2529,11,15,2025-10-22 16:04:34.762149,354107.642,6302722.274
PC104,C14,SKPL-25,1152,0,4,2025-10-22 16:04:34.762150,354107.642,6302722.274
PC104,C14,SKPP-15,1408,0,5,2025-10-22 16:04:34.762151,354107.642,6302722.274
PC104,216,LZPT-45,55,0,3,2025-10-22 16:04:34.762152,354107.642,6302722.274
PC104,216,LZPW-10,25,0,3,2025-10-22 16:04:34.762153,354107.642,6302722.274
PG2113,G27,THTD-10,4112,11,15,2025-10-22 16:04:36.673820,341220.0,6276719.0
PG2113,G27,THTF-10,10382,25,60,2025-10-22 16:04:36.673826,341220.0,6276719.0
PC1227,430,PGLD-82,409,5,7,2025-10-22 16:04:38.928743,350688.78,6301468.39
PC1227,430,SJPC-29,853,7,9,2025-10-22 16:04:38.928749,350688.78,6301468.39
PC1227,C06,LWTK-50,2066,9,13,2025-10-22 16:04:38.928750,350688.78,6301468.39
PC1227,C06,LWTK-62,4638,17,25,2025-10-22 16:04:38.928751,350688.78,6301468.39
PC1227,117,SPBF-88,968,6,8,2025-10-22 16:04:38.928752,350688.78,6301468.39
PC1227,117,SPBF-62,4083,25,60,2025-10-22 16:04:38.928753,350688.78,6301468.39
PC1227,117C,SPBF-54,8799,25,60,2025-10-22 16:04:38.928754,350688.78,6301468.39
PC1227,429,SHCV-84,1041,5,7,2025-10-22 16:04:38.928755,350688.78,6301468.39
PC1227,429,SLGT-34,5063,18,26,2025-10-22 16:04:38.928757,350688.78,6301468.39
PJ334,518,FLXV-56,1693,0,3,2025-10-22 16:04:40.980488,341033.87,6299438.13
PJ334,518,PFXC-61,2324,5,7,2025-10-22 16:04:40.980493,341033.87,6299438.13
PJ334,B38,TBFT-43,5696,17,23,2025-10-22 16:04:40.980494,341033.87,6299438.13
PJ334,517,VJJX-48,988,0,4,2025-10-22 16:04:40.980495,341033.87,6299438.13
PJ334,503,LZPG-45,913,0,4,2025-10-22 16:04:40.980496,341033.87,6299438.13
PJ334,503,VGVG-35,2357,8,10,2025-10-22 16:04:40.980496,341033.87,6299438.13
PJ334,504,TBFS-30,2314,14,20,2025-10-22 16:04:40.980497,341033.87,6299438.13
PJ334,504,GCBD-36,4446,20,28,2025-10-22 16:04:40.980498,341033.87,6299438.13
PJ334,507,TBFW-25,1060,7,9,2025-10-22 16:04:40.980499,341033.87,6299438.13
PJ334,507,TBFX-25,4476,20,28,2025-10-22 16:04:40.980509,341033.87,6299438.13
PG474,E05,BJFT-80,2662,8,12,2025-10-22 16:04:42.829647,346925.773,6288663.449
PG1000,G08V,FLXV-22,3806,11,15,2025-10-22 16:04:44.244801,345532.054,6282632.224
PG1000,G08V,FLXV-20,5985,19,27,2025-10-22 16:04:44.244806,345532.054,6282632.224
PG1000,G23,SFWZ-77,3736,13,17,2025-10-22 16:04:44.244808,345532.054,6282632.224
PG1000,G16,SFPG-38,1167,5,7,2025-10-22 16:04:44.244809,345532.054,6282632.224
PG1000,G16,SFPG-58,3040,9,11,2025-10-22 16:04:44.244809,345532.054,6282632.224
PI552,506,PFXB-71,1372,5,7,2025-10-22 16:04:46.378395,341803.338,6296028.29
PI552,506,PFXB-24,1491,6,8,2025-10-22 16:04:46.378400,341803.338,6296028.29
PI552,506V,PFXC-22,232,0,3,2025-10-22 16:04:46.378401,341803.338,6296028.29
PI552,506V,SZZY-86,1501,7,9,2025-10-22 16:04:46.378402,341803.338,6296028.29
PI552,509,FLXX-90,1598,8,10,2025-10-22 16:04:46.378403,341803.338,6296028.29
PI552,509,FLXS-98,4857,21,29,2025-10-22 16:04:46.378403,341803.338,6296028.29
PI1407,I21,FLXF-72,2636,7,9,2025-10-22 16:04:48.338312,333245.189,6286522.861
PI1407,I21,FLXJ-19,5578,15,21,2025-10-22 16:04:48.338318,333245.189,6286522.861
PC713,517,VJBC-20,1465,6,8,2025-10-22 16:04:50.432130,350534.2,6300096.251
PC713,517,VHZX-21,7332,25,60,2025-10-22 16:04:50.432136,350534.2,6300096.251
PB1497,116,HPFJ-99,1892,5,7,2025-10-22 16:04:53.022761,347226.626,6300269.31
PB1497,116,LCPW-37,2624,6,8,2025-10-22 16:04:53.022766,347226.626,6300269.31
PD477,C07,SKPJ-83,1,0,3,2025-10-22 16:04:58.271837,353224.841,6299763.934
PD477,D08,SVDC-43,2490,9,11,2025-10-22 16:04:58.271842,353224.841,6299763.934
PD477,D08,SPBS-49,4035,12,16,2025-10-22 16:04:58.271843,353224.841,6299763.934
PD477,501,GCBD-48,1,0,3,2025-10-22 16:04:58.271844,353224.841,6299763.934
PD477,501,PFXC-36,36,0,3,2025-10-22 16:04:58.271845,353224.841,6299763.934
PD477,504,GCBF-32,1022,0,5,2025-10-22 16:04:58.271846,353224.841,6299763.934
PD477,504,PFWZ-69,1121,0,5,2025-10-22 16:04:58.271847,353224.841,6299763.934
PD477,518,BJFB-78,6089,25,60,2025-10-22 16:04:58.271848,353224.841,6299763.934
PD477,518,GCBC-67,6393,25,60,2025-10-22 16:04:58.271848,353224.841,6299763.934
PI443,404,PFYC-80,496,0,3,2025-10-22 16:04:59.721613,337922.944,6295212.103
PI443,404,PFYC-79,1316,0,3,2025-10-22 16:04:59.721617,337922.944,6295212.103
PI443,I20,FLXL-77,1379,0,3,2025-10-22 16:04:59.721619,337922.944,6295212.103
PH161,203,LZPR-92,46,0,3,2025-10-22 16:05:01.848325,347464.288,6294521.127
PH161,203,SFWZ-64,6115,14,20,2025-10-22 16:05:01.848329,347464.288,6294521.127
PH161,206,LZPR-80,3160,7,9,2025-10-22 16:05:01.848331,347464.288,6294521.127
PH161,206,LZPT-67,3348,7,9,2025-10-22 16:05:01.848332,347464.288,6294521.127
PA697,D05,SPBS-40,4383,13,17,2025-10-22 16:05:03.892816,348725.75,6295981.16
PA697,D05,PGTV-19,4844,13,19,2025-10-22 16:05:03.892822,348725.75,6295981.16
PA697,227,VFPF-51,387,0,3,2025-10-22 16:05:03.892823,348725.75,6295981.16
PA697,227,VFPL-74,8212,25,60,2025-10-22 16:05:03.892824,348725.75,6295981.16
PG400,229,RYJG-96,1975,5,7,2025-10-22 16:05:05.879938,347242.584,6287009.112
PG400,229,LZPT-38,2552,6,8,2025-10-22 16:05:05.879943,347242.584,6287009.112
PG400,302,BJFS-93,62,0,3,2025-10-22 16:05:05.879944,347242.584,6287009.112
PG400,302,CJRB-22,768,0,4,2025-10-22 16:05:05.879945,347242.584,6287009.112
PG400,E18,BJFX-61,1155,5,7,2025-10-22 16:05:05.879946,347242.584,6287009.112
PB1211,B12,SKDH-97,3995,13,19,2025-10-22 16:05:07.984319,339260.77,6310335.285
PB1211,B12C,SPCG-82,6198,25,60,2025-10-22 16:05:07.984324,339260.77,6310335.285
PI391,405,PFYG-60,326,0,3,2025-10-22 16:05:10.181125,338343.809,6294677.318
PI391,405,PFYG-97,4402,12,16,2025-10-22 16:05:10.181130,338343.809,6294677.318
PI391,419,PFYG-96,7004,19,27,2025-10-22 16:05:10.181132,338343.809,6294677.318
PI391,419,PFVG-59,8930,25,60,2025-10-22 16:05:10.181133,338343.809,6294677.318
PI391,421,PFYG-86,3161,9,11,2025-10-22 16:05:10.181134,338343.809,6294677.318
PI391,421,PFBF-98,8519,25,60,2025-10-22 16:05:10.181135,338343.809,6294677.318
PI391,423,PGPT-40,437,0,3,2025-10-22 16:05:10.181136,338343.809,6294677.318
PI391,423,PFYR-77,5392,17,23,2025-10-22 16:05:10.181137,338343.809,6294677.318
PI391,I08,FLXY-68,242,0,3,2025-10-22 16:05:10.181138,338343.809,6294677.318
PI391,I08,FLXZ-59,878,0,3,2025-10-22 16:05:10.181139,338343.809,6294677.318
PI391,I09,VHTB-51,450,0,3,2025-10-22 16:05:10.181140,338343.809,6294677.318
PI391,I09,VHSZ-44,1939,4,6,2025-10-22 16:05:10.181141,338343.809,6294677.318
PI391,106,PFYS-38,1897,5,7,2025-10-22 16:05:10.181142,338343.809,6294677.318
PI391,401,PFBG-41,4372,11,15,2025-10-22 16:05:10.181152,338343.809,6294677.318
PI391,401,PDZS-80,8516,25,60,2025-10-22 16:05:10.181153,338343.809,6294677.318
PB1206,B12,SKDJ-76,13164,25,60,2025-10-22 16:05:14.329444,339085.799,6307460.912
PB1206,B12,SKDG-96,15514,25,60,2025-10-22 16:05:14.329449,339085.799,6307460.912
PB1206,B13,STHF-70,2689,9,11,2025-10-22 16:05:14.329451,339085.799,6307460.912
PB1206,B13,STHR-80,5805,25,60,2025-10-22 16:05:14.329452,339085.799,6307460.912
PJ653,J18,VJBC-80,1161,0,4,2025-10-22 16:05:17.005000,339841.418,6298728.526
PJ653,J18,VJJX-18,4099,12,18,2025-10-22 16:05:17.005005,339841.418,6298728.526
PJ653,J13,BJFD-46,1,0,3,2025-10-22 16:05:17.005006,339841.418,6298728.526
PJ653,J13,GCBD-76,4645,15,21,2025-10-22 16:05:17.005007,339841.418,6298728.526
PJ653,J13C,TBFT-37,3831,11,15,2025-10-22 16:05:17.005008,339841.418,6298728.526
PJ653,412,LXWP-80,4748,17,25,2025-10-22 16:05:17.005008,339841.418,6298728.526
PJ653,412,PFVG-94,7062,25,60,2025-10-22 16:05:17.005009,339841.418,6298728.526
PJ653,J02,VHXF-84,426,0,3,2025-10-22 16:05:17.005010,339841.418,6298728.526
PJ653,J02,VHXJ-10,5066,13,17,2025-10-22 16:05:17.005011,339841.418,6298728.526
PG26,201,GCBB-68,461,0,3,2025-10-22 16:05:19.929315,342215.962,6282484.365
PG26,201,GCBB-27,923,0,4,2025-10-22 16:05:19.929319,342215.962,6282484.365
PG26,211,TBYY-60,1786,7,9,2025-10-22 16:05:19.929320,342215.962,6282484.365
PG26,211,TBYY-68,3365,9,13,2025-10-22 16:05:19.929321,342215.962,6282484.365
PG26,271,FLXL-96,1001,0,4,2025-10-22 16:05:19.929322,342215.962,6282484.365
PG26,271,TBYY-67,4465,11,15,2025-10-22 16:05:19.929323,342215.962,6282484.365
PG26,211C,THTD-16,1875,6,8,2025-10-22 16:05:19.929324,342215.962,6282484.365
PG26,G07,THTD-46,1620,5,7,2025-10-22 16:05:19.929324,342215.962,6282484.365
PG26,G07,THTG-72,5907,25,60,2025-10-22 16:05:19.929325,342215.962,6282484.365
PG26,G08,THTF-47,2145,6,8,2025-10-22 16:05:19.929326,342215.962,6282484.365
PG26,G08,THTF-25,2290,7,9,2025-10-22 16:05:19.929327,342215.962,6282484.365
PJ1009,J16,FLXD-62,9052,25,60,2025-10-22 16:05:23.544341,340444.228,6301611.709
PJ1009,J16,FLXG-37,10485,25,60,2025-10-22 16:05:23.544346,340444.228,6301611.709
PJ88,412,PFYC-50,2330,9,11,2025-10-22 16:05:25.647645,338174.29,6299380.462
PJ88,412,PFTW-55,9692,25,60,2025-10-22 16:05:25.647650,338174.29,6299380.462
PJ88,110,CJRZ-89,2928,8,12,2025-10-22 16:05:25.647652,338174.29,6299380.462
PJ88,110,CJRW-65,5128,15,21,2025-10-22 16:05:25.647653,338174.29,6299380.462
PG2079,G07,THTG-68,2414,9,13,2025-10-22 16:05:27.664941,344159.0,6282774.0
PG2079,G07,THTG-73,4923,16,24,2025-10-22 16:05:27.664946,344159.0,6282774.0
PG303,G08V,FLXV-22,1270,0,5,2025-10-22 16:05:29.754193,346086.732,6284616.865
PG303,G08V,FLXV-20,3289,10,14,2025-10-22 16:05:29.754199,346086.732,6284616.865
PG303,302,BJFS-93,3202,9,13,2025-10-22 16:05:29.754200,346086.732,6284616.865
PG303,302,CJRB-22,3918,12,16,2025-10-22 16:05:29.754201,346086.732,6284616.865
PG303,G11,THTG-95,2601,9,13,2025-10-22 16:05:29.754202,346086.732,6284616.865
PG303,G11,THTG-53,3095,10,14,2025-10-22 16:05:29.754203,346086.732,6284616.865
PG303,228,THTD-52,3221,11,15,2025-10-22 16:05:29.754204,346086.732,6284616.865
PG303,G08,THTG-81,407,0,3,2025-10-22 16:05:29.754205,346086.732,6284616.865
PG303,G08,THTH-85,2742,9,11,2025-10-22 16:05:29.754207,346086.732,6284616.865
PG303,F20,SPZY-53,1543,6,8,2025-10-22 16:05:29.754208,346086.732,6284616.865
PG303,229,RYJG-96,4853,13,19,2025-10-22 16:05:29.754209,346086.732,6284616.865
PG303,229,LZPT-38,5762,16,22,2025-10-22 16:05:29.754210,346086.732,6284616.865
PC708,517,VHZW-51,3872,13,17,2025-10-22 16:05:31.704539,349835.388,6299587.872
PC708,517,LXWS-40,5069,16,24,2025-10-22 16:05:31.704545,349835.388,6299587.872
PH202,205,LZRD-95,1965,5,7,2025-10-22 16:05:34.281801,347633.926,6292926.859
PH202,205,RWTP-84,2185,6,8,2025-10-22 16:05:34.281805,347633.926,6292926.859
PH202,227,VFRF-55,3423,8,12,2025-10-22 16:05:34.281806,347633.926,6292926.859
PH202,227,VFHT-73,5494,16,22,2025-10-22 16:05:34.281807,347633.926,6292926.859
PH202,207,LZPT-43,521,0,3,2025-10-22 16:05:34.281808,347633.926,6292926.859
PH202,207,LZPW-19,1555,0,4,2025-10-22 16:05:34.281809,347633.926,6292926.859
PH202,209,SDGY-20,4441,12,16,2025-10-22 16:05:34.281810,347633.926,6292926.859
PH202,209,LZPS-14,4791,13,17,2025-10-22 16:05:34.281810,347633.926,6292926.859
PB1323,B17,SHCX-53,511,0,3,2025-10-22 16:05:36.219077,346755.486,6301166.75
PB1323,B17,SHCY-62,2397,13,19,2025-10-22 16:05:36.219082,346755.486,6301166.75
PB1323,B02,FLXR-73,4323,25,60,2025-10-22 16:05:36.219083,346755.486,6301166.75
PB1323,B02,FLXR-79,6411,25,60,2025-10-22 16:05:36.219084,346755.486,6301166.75
PF459,F09,SPZY-16,483,0,3,2025-10-22 16:05:38.461714,354129.514,6281370.715
PF459,F25,SRVG-49,549,0,3,2025-10-22 16:05:38.461719,354129.514,6281370.715
PF459,F25,SRVG-65,7506,25,60,2025-10-22 16:05:38.461720,354129.514,6281370.715
PF459,124,SRVG-98,2554,8,12,2025-10-22 16:05:38.461721,354129.514,6281370.715
PF459,124,LCPG-40,3295,11,15,2025-10-22 16:05:38.461721,354129.514,6281370.715
PF459,F10,SRRZ-26,466,0,3,2025-10-22 16:05:38.461722,354129.514,6281370.715
PF459,F10,SRRW-69,1372,0,5,2025-10-22 16:05:38.461723,354129.514,6281370.715
PF459,F26,SPVT-65,296,0,3,2025-10-22 16:05:38.461724,354129.514,6281370.715
PF459,F26,SPVT-70,1042,0,5,2025-10-22 16:05:38.461725,354129.514,6281370.715
PF459,F29,SPVW-62,1,0,3,2025-10-22 16:05:38.461725,354129.514,6281370.715
PB1503,B25,FLXS-59,920,0,3,2025-10-22 16:05:39.879690,345782.629,6303106.134
PC241,C13,SGPW-51,465,0,3,2025-10-22 16:05:43.269003,357802.1,6305712.26
PC241,C13,SGPX-11,5718,19,27,2025-10-22 16:05:43.269009,357802.1,6305712.26
PC241,406C,SKWD-78,17303,25,60,2025-10-22 16:05:43.269010,357802.1,6305712.26
PC241,426,FLXS-92,1697,6,8,2025-10-22 16:05:43.269011,357802.1,6305712.26
PC241,426,BJFC-24,2485,8,12,2025-10-22 16:05:43.269012,357802.1,6305712.26
PC241,C01,LCSX-49,2046,8,10,2025-10-22 16:05:43.269013,357802.1,6305712.26
PC241,C01,LDJJ-67,3661,13,19,2025-10-22 16:05:43.269014,357802.1,6305712.26
PC241,C28,SKPJ-50,2430,9,13,2025-10-22 16:05:43.269015,357802.1,6305712.26
PC241,C28,SHCV-69,5858,20,28,2025-10-22 16:05:43.269016,357802.1,6305712.26
PC241,405C,PFVG-73,516,0,3,2025-10-22 16:05:43.269017,357802.1,6305712.26
PC241,C16,SKPP-16,1053,0,3,2025-10-22 16:05:43.269018,357802.1,6305712.26
PC241,C16,LFSL-97,4207,16,22,2025-10-22 16:05:43.269019,357802.1,6305712.26
PC241,409,SKWD-99,2816,8,10,2025-10-22 16:05:43.269020,357802.1,6305712.26
PC241,502,BJFH-63,1248,4,6,2025-10-22 16:05:43.269021,357802.1,6305712.26
PC241,411,SPBG-27,1061,0,4,2025-10-22 16:05:43.269022,357802.1,6305712.26
PC241,411,SPBF-33,3233,10,14,2025-10-22 16:05:43.269023,357802.1,6305712.26
PC241,430,PFVG-93,1,0,3,2025-10-22 16:05:43.269023,357802.1,6305712.26
PC241,430,PGBY-61,1969,8,10,2025-10-22 16:05:43.269025,357802.1,6305712.26
PC241,542,TBFS-40,596,0,4,2025-10-22 16:05:43.269026,357802.1,6305712.26
PC241,C05,LDTB-88,1403,0,4,2025-10-22 16:05:43.269027,357802.1,6305712.26
PC241,C19,SKPJ-81,1426,0,4,2025-10-22 16:05:43.269028,357802.1,6305712.26
PC241,C19,FLXT-87,3684,17,25,2025-10-22 16:05:43.269029,357802.1,6305712.26
PC241,C01C,PGRZ-68,2008,6,8,2025-10-22 16:05:43.269030,357802.1,6305712.26
PC241,C01C,PGTV-20,3148,12,18,2025-10-22 16:05:43.269030,357802.1,6305712.26
PH459,H24,VGLZ-43,1373,5,7,2025-10-22 16:05:45.154146,348433.222,6292542.276
PH459,H24,VGLZ-33,5505,19,27,2025-10-22 16:05:45.154151,348433.222,6292542.276
PH459,E04,VKJZ-27,5323,25,60,2025-10-22 16:05:45.154152,348433.222,6292542.276
PB1178,B11,SKDG-85,2646,8,10,2025-10-22 16:05:47.122463,346419.658,6303472.408
PB1178,B11,SKDG-81,8261,25,60,2025-10-22 16:05:47.122468,346419.658,6303472.408
PD1411,D15,SVDF-19,18,0,3,2025-10-22 16:05:49.264625,357035.57,6298559.616
PD1411,D15,SVDD-62,4473,13,19,2025-10-22 16:05:49.264631,357035.57,6298559.616
PI1167,385,FLXL-75,2054,9,11,2025-10-22 16:05:51.285020,342703.474,6294918.855
PI1167,385,FLXK-92,3684,13,19,2025-10-22 16:05:51.285025,342703.474,6294918.855
PI1167,I16,FLXL-35,3670,14,20,2025-10-22 16:05:51.285026,342703.474,6294918.855
PI1167,I16,FLXK-88,6344,25,60,2025-10-22 16:05:51.285027,342703.474,6294918.855
PJ324,503,LZPG-47,1745,5,7,2025-10-22 16:05:53.345658,337503.93,6299473.0
PJ324,503,VHLS-18,3186,10,14,2025-10-22 16:05:53.345663,337503.93,6299473.0
PJ324,504,GCBD-36,255,0,3,2025-10-22 16:05:53.345664,337503.93,6299473.0
PJ324,504,PFXC-35,3525,10,14,2025-10-22 16:05:53.345665,337503.93,6299473.0
PB1028,B43,SJPF-41,2322,9,13,2025-10-22 16:05:55.401942,338848.58,6308543.459
PB1028,B43,SJPC-81,3462,14,20,2025-10-22 16:05:55.401947,338848.58,6308543.459
PC96,216,LZPR-88,5156,16,22,2025-10-22 16:05:56.809912,354154.432,6302666.749
PC96,216,SVPX-54,5260,16,22,2025-10-22 16:05:56.809918,354154.432,6302666.749
PC96,C07,LDTF-50,1606,8,10,2025-10-22 16:05:56.809920,354154.432,6302666.749
PC96,C07,SKPJ-83,4241,16,22,2025-10-22 16:05:56.809920,354154.432,6302666.749
PB140,B05,SKDG-69,487,0,3,2025-10-22 16:05:58.743616,349560.195,6305032.569
PB140,B05,SPCG-36,5811,17,25,2025-10-22 16:05:58.743621,349560.195,6305032.569
PB140,C18,SKPH-71,293,0,3,2025-10-22 16:05:58.743623,349560.195,6305032.569
PB140,C18,SHCW-75,1181,5,7,2025-10-22 16:05:58.743624,349560.195,6305032.569
PH149,203,LZPR-94,238,0,3,2025-10-22 16:06:00.206481,347988.669,6290114.345
PH149,203,SXKV-98,3970,8,10,2025-10-22 16:06:00.206486,347988.669,6290114.345
PH149,206,RYJG-99,555,0,3,2025-10-22 16:06:00.206488,347988.669,6290114.345
PH149,206,GCBF-45,7466,25,60,2025-10-22 16:06:00.206489,347988.669,6290114.345
PH149,212,LZPW-13,4944,12,16,2025-10-22 16:06:00.206490,347988.669,6290114.345
PH149,212,LZPG-18,5326,13,19,2025-10-22 16:06:00.206490,347988.669,6290114.345
PH637,H09,VGRD-25,1954,6,8,2025-10-22 16:06:02.247641,348609.892,6292947.306
PH637,H09,VGRF-55,5195,17,25,2025-10-22 16:06:02.247646,348609.892,6292947.306
PE242,E01,VKJX-73,2347,8,10,2025-10-22 16:06:04.764988,351926.124,6286180.925
PE242,226,VFPW-63,547,0,4,2025-10-22 16:06:04.764993,351926.124,6286180.925
PE242,226,VFPJ-25,1422,7,9,2025-10-22 16:06:04.764994,351926.124,6286180.925
PC710,517,VHZW-51,4735,17,23,2025-10-22 16:06:06.729855,349252.936,6299804.952
PC710,517,LXWS-40,5719,19,27,2025-10-22 16:06:06.729860,349252.936,6299804.952
PG1227,G09,SHXB-23,5379,18,26,2025-10-22 16:06:08.687273,341347.967,6284154.17
PG1227,G09,SDSW-68,5549,19,27,2025-10-22 16:06:08.687278,341347.967,6284154.17
PI444,404,PFYC-80,455,0,3,2025-10-22 16:06:10.675989,338196.668,6295203.607
PI444,404,PFYC-79,1351,0,5,2025-10-22 16:06:10.675994,338196.668,6295203.607
PJ318,503,VHLS-18,902,0,4,2025-10-22 16:06:12.547790,336952.184,6297660.292
PG679,G01,THTF-82,4051,15,21,2025-10-22 16:06:14.225274,344296.823,6287566.845
PG679,G01,THTH-19,4356,17,23,2025-10-22 16:06:14.225278,344296.823,6287566.845
PE317,E02,VKJZ-42,2592,7,9,2025-10-22 16:06:15.837841,349641.723,6287067.858
PE317,E02,VKJY-50,5427,16,22,2025-10-22 16:06:15.837847,349641.723,6287067.858
PC449,C13,SHXD-64,3661,14,20,2025-10-22 16:06:20.235594,357340.02,6300670.62
PC449,C13,SGPW-51,7006,25,60,2025-10-22 16:06:20.235599,357340.02,6300670.62
PC449,C16,LDTF-43,645,0,3,2025-10-22 16:06:20.235600,357340.02,6300670.62
PC449,C16,LDTF-45,2421,9,13,2025-10-22 16:06:20.235601,357340.02,6300670.62
PC449,401,PFYG-48,7081,21,29,2025-10-22 16:06:20.235601,357340.02,6300670.62
PC449,401,PDZS-89,10298,25,60,2025-10-22 16:06:20.235602,357340.02,6300670.62
PC449,501,PFXC-16,25,0,3,2025-10-22 16:06:20.235603,357340.02,6300670.62
PC449,501,PFWZ-72,2067,7,9,2025-10-22 16:06:20.235604,357340.02,6300670.62
PC449,518,FLXK-30,872,0,3,2025-10-22 16:06:20.235605,357340.02,6300670.62
PC449,518,GCBD-15,1903,4,6,2025-10-22 16:06:20.235606,357340.02,6300670.62
PC449,C03,LWTK-43,1264,5,7,2025-10-22 16:06:20.235607,357340.02,6300670.62
PC449,C03,SKDJ-75,2486,9,13,2025-10-22 16:06:20.235607,357340.02,6300670.62
PH178,204,VFPT-23,815,0,3,2025-10-22 16:06:21.645451,348635.317,6293129.745
PH178,204,VFPZ-92,2335,7,9,2025-10-22 16:06:21.645456,348635.317,6293129.745
PH397,385,FLXF-46,1,0,3,2025-10-22 16:06:23.547696,349421.974,6291274.831
PH397,385,FLXG-69,6327,25,60,2025-10-22 16:06:23.547702,349421.974,6291274.831
PJ364,503,VHLY-27,1109,0,5,2025-10-22 16:06:25.466713,337528.898,6299537.33
PJ364,503,VGVB-66,2446,8,12,2025-10-22 16:06:25.466719,337528.898,6299537.33
PC356,C01,LDJJ-76,1,0,3,2025-10-22 16:06:27.757628,360244.595,6306831.506
PC356,C01,LDJJ-83,750,0,4,2025-10-22 16:06:27.757634,360244.595,6306831.506
PC356,C05,LDTG-55,1694,6,8,2025-10-22 16:06:27.757635,360244.595,6306831.506
PC356,C05,LDJW-53,6148,17,25,2025-10-22 16:06:27.757636,360244.595,6306831.506
PC356,411,PGLD-78,3392,10,14,2025-10-22 16:06:27.757637,360244.595,6306831.506
PC356,411,PFYC-74,6787,19,27,2025-10-22 16:06:27.757638,360244.595,6306831.506
PB838,214,GCBC-14,1743,5,7,2025-10-22 16:06:29.833702,342834.619,6305657.672
PB838,272,VFHW-46,295,0,3,2025-10-22 16:06:29.833707,342834.619,6305657.672
PB838,B26,FLXS-63,1160,0,5,2025-10-22 16:06:29.833708,342834.619,6305657.672
PJ146,426,FLXK-82,2951,8,12,2025-10-22 16:06:31.828270,340794.716,6298314.586
PJ146,426,FLXD-50,3533,12,16,2025-10-22 16:06:31.828275,340794.716,6298314.586
PJ146,402,SKPK-44,79,0,3,2025-10-22 16:06:31.828276,340794.716,6298314.586
PJ146,402,PFYC-36,365,0,3,2025-10-22 16:06:31.828277,340794.716,6298314.586
PJ146,J13,TBFT-86,227,0,3,2025-10-22 16:06:31.828278,340794.716,6298314.586
PJ146,J13,BJFD-37,2598,9,11,2025-10-22 16:06:31.828279,340794.716,6298314.586
PJ146,406,TBFP-61,1219,0,5,2025-10-22 16:06:31.828280,340794.716,6298314.586
PJ146,406,FLXV-49,1374,4,6,2025-10-22 16:06:31.828281,340794.716,6298314.586
PJ146,407,TBFS-31,985,0,5,2025-10-22 16:06:31.828282,340794.716,6298314.586
PJ146,407,TBFW-55,1164,5,7,2025-10-22 16:06:31.828282,340794.716,6298314.586
PJ146,422,TBFX-51,458,0,3,2025-10-22 16:06:31.828283,340794.716,6298314.586
PJ146,422,TBFW-69,3648,11,15,2025-10-22 16:06:31.828284,340794.716,6298314.586
PJ236,424,FLXX-41,709,0,3,2025-10-22 16:06:34.259732,337162.284,6296356.198
PJ236,510,TBFX-23,5229,15,21,2025-10-22 16:06:34.259737,337162.284,6296356.198
PJ236,510,TBFW-61,6086,16,24,2025-10-22 16:06:34.259738,337162.284,6296356.198
PJ236,516,PFXB-68,2111,5,7,2025-10-22 16:06:34.259739,337162.284,6296356.198
PJ236,516,GCBD-37,3349,9,11,2025-10-22 16:06:34.259740,337162.284,6296356.198
PG1401,G22,THTD-72,1661,0,5,2025-10-22 16:06:35.896458,341443.54,6281530.271
PI514,506,GCBC-78,4348,12,18,2025-10-22 16:06:37.642110,334615.497,6288223.427
PI514,506,GCBC-92,5334,16,22,2025-10-22 16:06:37.642115,334615.497,6288223.427
PI514,419,PDYR-97,1,0,3,2025-10-22 16:06:37.642116,334615.497,6288223.427
PI514,419,PFTV-86,3257,10,14,2025-10-22 16:06:37.642117,334615.497,6288223.427
PI514,I03,FLXG-56,3219,8,10,2025-10-22 16:06:37.642118,334615.497,6288223.427
PI514,I03,FLXG-48,3529,9,11,2025-10-22 16:06:37.642119,334615.497,6288223.427
PI514,I10,FLXL-23,6160,25,60,2025-10-22 16:06:37.642120,334615.497,6288223.427
PI514,I10,FLXJ-24,6166,25,60,2025-10-22 16:06:37.642121,334615.497,6288223.427
PD652,D05,PFYC-21,1923,6,8,2025-10-22 16:06:39.267688,350020.4,6295406.576
PD652,511,FLXW-23,3311,10,14,2025-10-22 16:06:39.267693,350020.4,6295406.576
PD652,511,TBFX-22,6553,18,26,2025-10-22 16:06:39.267694,350020.4,6295406.576
PB1719,B45,TWPD-34,1,0,3,2025-10-22 16:06:40.691282,337452.558,6307545.285
PC290,405,PFVK-87,1,0,3,2025-10-22 16:06:43.498682,358827.313,6306288.272
PC290,405,PFVL-13,2584,11,15,2025-10-22 16:06:43.498687,358827.313,6306288.272
PC290,406,PFXB-78,1,0,3,2025-10-22 16:06:43.498688,358827.313,6306288.272
PC290,406,TBFR-77,255,0,3,2025-10-22 16:06:43.498689,358827.313,6306288.272
PC290,426,CJRW-72,5580,16,22,2025-10-22 16:06:43.498690,358827.313,6306288.272
PC290,426,CJRW-79,5584,17,23,2025-10-22 16:06:43.498691,358827.313,6306288.272
PC290,409,PGTV-15,3452,10,14,2025-10-22 16:06:43.498692,358827.313,6306288.272
PC290,409,PFZK-93,6424,17,25,2025-10-22 16:06:43.498693,358827.313,6306288.272
PC290,405C,SKJL-64,19503,25,60,2025-10-22 16:06:43.498694,358827.313,6306288.272
PC290,405C,SPBL-80,22567,25,60,2025-10-22 16:06:43.498695,358827.313,6306288.272
PC290,430,PGBY-92,2729,9,11,2025-10-22 16:06:43.498696,358827.313,6306288.272
PC290,430,PGLD-60,2806,8,12,2025-10-22 16:06:43.498696,358827.313,6306288.272
PE1383,108,PGPT-18,799,0,3,2025-10-22 16:06:46.721268,353226.758,6289998.388
PE1383,E06,FLXT-39,1182,0,5,2025-10-22 16:06:46.721273,353226.758,6289998.388
PE1383,E06,BJFZ-22,4136,16,22,2025-10-22 16:06:46.721274,353226.758,6289998.388
PE1383,102,SRVL-59,1642,5,7,2025-10-22 16:06:46.721275,353226.758,6289998.388
PE1383,102,LCPW-28,3497,11,15,2025-10-22 16:06:46.721276,353226.758,6289998.388
PE1383,124,LBTT-21,1577,5,7,2025-10-22 16:06:46.721277,353226.758,6289998.388
PE1383,124,STHD-50,8529,25,60,2025-10-22 16:06:46.721278,353226.758,6289998.388
PE1383,712,SHCW-70,1927,5,7,2025-10-22 16:06:46.721278,353226.758,6289998.388
PE1383,712,SHCW-65,4762,12,18,2025-10-22 16:06:46.721279,353226.758,6289998.388
PE1383,104,SKWD-34,1694,5,7,2025-10-22 16:06:46.721280,353226.758,6289998.388
PE1383,104,SKVD-54,5042,14,20,2025-10-22 16:06:46.721281,353226.758,6289998.388
PE1383,114,LDSV-91,4627,13,19,2025-10-22 16:06:46.721282,353226.758,6289998.388
PF928,F29,SPVW-97,2202,8,10,2025-10-22 16:06:48.952778,355587.318,6281049.599
PF928,F29,SPVW-11,8022,25,60,2025-10-22 16:06:48.952782,355587.318,6281049.599
PF928,210V,VFPL-46,6057,20,28,2025-10-22 16:06:48.952784,355587.318,6281049.599
PF928,210V,VFPD-41,6063,20,28,2025-10-22 16:06:48.952784,355587.318,6281049.599
PF928,F05,SPZY-86,606,0,4,2025-10-22 16:06:48.952785,355587.318,6281049.599
PF928,F05,SRVK-25,1312,7,9,2025-10-22 16:06:48.952786,355587.318,6281049.599
PF928,F06,SRVL-81,2802,13,19,2025-10-22 16:06:48.952787,355587.318,6281049.599
PF928,F06,SRVJ-48,4964,19,27,2025-10-22 16:06:48.952787,355587.318,6281049.599
PF928,F20,SPZY-18,379,0,3,2025-10-22 16:06:48.952788,355587.318,6281049.599
PF928,F20,SPZY-55,4741,14,20,2025-10-22 16:06:48.952789,355587.318,6281049.599
PF928,102,SPZX-67,2956,7,9,2025-10-22 16:06:48.952790,355587.318,6281049.599
PF928,102,SPZX-96,6784,14,20,2025-10-22 16:06:48.952799,355587.318,6281049.599
PJ171,J07,VJBB-60,5556,13,17,2025-10-22 16:06:52.633537,337336.261,6298065.858
PJ171,J07,VHZX-11,16170,25,60,2025-10-22 16:06:52.633542,337336.261,6298065.858
PJ171,J07E,VHZZ-41,1875,5,7,2025-10-22 16:06:52.633544,337336.261,6298065.858
PJ171,J07E,VJBC-90,2233,6,8,2025-10-22 16:06:52.633545,337336.261,6298065.858
PJ171,J15C,TBFT-59,3524,11,15,2025-10-22 16:06:52.633546,337336.261,6298065.858
PJ171,J15C,FLXW-38,5006,15,21,2025-10-22 16:06:52.633547,337336.261,6298065.858
PJ171,406,GCBC-98,75,0,3,2025-10-22 16:06:52.633548,337336.261,6298065.858
PJ171,406,PFXC-46,2008,6,8,2025-10-22 16:06:52.633549,337336.261,6298065.858
PJ171,422,TBFW-24,131,0,3,2025-10-22 16:06:52.633550,337336.261,6298065.858
PJ171,511,TBFT-92,260,0,3,2025-10-22 16:06:52.633551,337336.261,6298065.858
PJ171,511,TBFT-15,2710,11,15,2025-10-22 16:06:52.633552,337336.261,6298065.858
PJ171,J20,TBFV-31,2881,12,16,2025-10-22 16:06:52.633553,337336.261,6298065.858
PJ171,407,VJBB-60,5304,12,16,2025-10-22 16:06:52.633554,337336.261,6298065.858
PJ171,407,VHZX-11,16085,25,60,2025-10-22 16:06:52.633555,337336.261,6298065.858
PJ171,426,FDJX-85,21,0,3,2025-10-22 16:06:52.633555,337336.261,6298065.858
PJ171,426,BJFD-64,2469,16,22,2025-10-22 16:06:52.633556,337336.261,6298065.858
PC462,504,PFXC-10,932,0,5,2025-10-22 16:06:54.759784,348732.575,6298702.668
PC462,504,PFXC-80,1862,7,9,2025-10-22 16:06:54.759789,348732.575,6298702.668
PC462,518,BJFB-78,930,0,3,2025-10-22 16:06:54.759790,348732.575,6298702.668
PC462,518,GCBC-67,1315,0,5,2025-10-22 16:06:54.759791,348732.575,6298702.668
PH238,214,GCBB-55,2712,8,10,2025-10-22 16:06:57.584255,345340.226,6291213.63
PH238,H05,VGKY-12,1507,7,9,2025-10-22 16:06:57.584261,345340.226,6291213.63
PH238,H05,VFPS-65,6493,25,60,2025-10-22 16:06:57.584262,345340.226,6291213.63
PE506,418,PFVH-11,1785,5,7,2025-10-22 16:07:02.445718,356345.646,6290033.52
PE506,418,SHCV-78,1907,6,8,2025-10-22 16:07:02.445723,356345.646,6290033.52
PE506,E06,BJFZ-22,40,0,3,2025-10-22 16:07:02.445724,356345.646,6290033.52
PC390,412,PFTW-35,3961,10,14,2025-10-22 16:07:04.136598,352103.135,6300307.376
PC390,412,PFVG-85,4086,11,15,2025-10-22 16:07:04.136603,352103.135,6300307.376
PC390,418,SKPL-34,4954,13,19,2025-10-22 16:07:04.136604,352103.135,6300307.376
PC390,418,SHXF-87,6938,18,26,2025-10-22 16:07:04.136605,352103.135,6300307.376
PC390,429,SLPB-69,2369,8,10,2025-10-22 16:07:04.136606,352103.135,6300307.376
PC390,429,SLGT-34,2491,9,11,2025-10-22 16:07:04.136606,352103.135,6300307.376
PA128,204,VFPJ-51,1495,0,5,2025-10-22 16:07:05.740547,348171.2,6295587.34
PA128,204,VFPT-23,2995,8,10,2025-10-22 16:07:05.740553,348171.2,6295587.34
PA551,516,GCBD-57,1,0,3,2025-10-22 16:07:07.812072,344307.4,6297613.13
PA551,516,SZZY-84,2270,8,10,2025-10-22 16:07:07.812077,344307.4,6297613.13
PA551,519,RKXL-31,159,0,3,2025-10-22 16:07:07.812078,344307.4,6297613.13
PA551,519,RKXL-27,574,0,3,2025-10-22 16:07:07.812079,344307.4,6297613.13
PA551,J05,GCBD-38,121,0,3,2025-10-22 16:07:07.812080,344307.4,6297613.13
PA551,J05,FLXD-57,3726,15,21,2025-10-22 16:07:07.812080,344307.4,6297613.13
PA551,J02,VHXJ-22,3593,15,21,2025-10-22 16:07:07.812081,344307.4,6297613.13
PA551,J02,VHXF-84,6882,25,60,2025-10-22 16:07:07.812082,344307.4,6297613.13
PA551,345,CJRW-14,1774,7,9,2025-10-22 16:07:07.812083,344307.4,6297613.13
PA551,510,TBFW-84,2347,10,14,2025-10-22 16:07:07.812084,344307.4,6297613.13
PA551,510,GCBD-30,5803,20,28,2025-10-22 16:07:07.812085,344307.4,6297613.13
PI270,111,FLXX-66,1,0,3,2025-10-22 16:07:09.852880,333366.215,6285837.311
PI270,111,FLXX-58,409,0,3,2025-10-22 16:07:09.852885,333366.215,6285837.311
PI270,113,FLXW-85,23,0,3,2025-10-22 16:07:09.852886,333366.215,6285837.311
PI270,113,FLXX-75,1365,0,5,2025-10-22 16:07:09.852887,333366.215,6285837.311
PI270,I11,RWRP-77,1962,7,9,2025-10-22 16:07:09.852888,333366.215,6285837.311
PG312,G11,THTF-97,3378,10,14,2025-10-22 16:07:17.349585,346221.599,6285167.831
PG312,G11,THTD-27,5171,15,21,2025-10-22 16:07:17.349591,346221.599,6285167.831
PG312,228,THTD-64,2568,8,10,2025-10-22 16:07:17.349592,346221.599,6285167.831
PG312,228,THTF-58,3608,11,15,2025-10-22 16:07:17.349593,346221.599,6285167.831
PB706,B17,SHXF-83,21,0,3,2025-10-22 16:07:20.080445,342409.998,6303839.742
PB706,B38,TBFX-47,3973,15,21,2025-10-22 16:07:20.080450,342409.998,6303839.742
PB706,B38,TBFT-43,12161,25,60,2025-10-22 16:07:20.080451,342409.998,6303839.742
PB706,B01,LDJV-46,382,0,3,2025-10-22 16:07:20.080452,342409.998,6303839.742
PG732,G07,THTH-15,1628,0,5,2025-10-22 16:07:22.085084,342376.395,6278819.325
PG732,G07,THTF-68,10628,20,28,2025-10-22 16:07:22.085090,342376.395,6278819.325
PG732,211,TBYY-64,1702,0,5,2025-10-22 16:07:22.085091,342376.395,6278819.325
PG732,G02,FLXP-34,269,0,3,2025-10-22 16:07:22.085092,342376.395,6278819.325
PG732,G02,GCWF-72,1440,0,4,2025-10-22 16:07:22.085092,342376.395,6278819.325
PG732,G46,CJRL-20,10860,17,25,2025-10-22 16:07:22.085093,342376.395,6278819.325
PB1223,B21,SKDG-39,1458,4,6,2025-10-22 16:07:24.538192,345525.219,6304645.322
PB1223,B21,SKDJ-88,6319,17,25,2025-10-22 16:07:24.538197,345525.219,6304645.322
PB1223,B41,GCBB-37,731,0,3,2025-10-22 16:07:24.538199,345525.219,6304645.322
PI490,419,PFYG-96,494,0,3,2025-10-22 16:07:26.332234,335073.521,6291090.985
PI490,419,PFVG-59,2499,8,10,2025-10-22 16:07:26.332239,335073.521,6291090.985
PI490,I07,VHSY-32,2383,9,13,2025-10-22 16:07:26.332240,335073.521,6291090.985
PB1418,B14,FLXT-53,4005,13,17,2025-10-22 16:07:27.977489,349044.183,6303366.965
PB1418,B14,FLXJ-64,8143,25,60,2025-10-22 16:07:27.977495,349044.183,6303366.965
PD617,D26,SPBF-31,5363,14,20,2025-10-22 16:07:30.132134,355136.79,6290907.42
PD617,D26,SPBP-90,12224,25,60,2025-10-22 16:07:30.132140,355136.79,6290907.42
PD617,508,TBFT-48,33,0,3,2025-10-22 16:07:30.132141,355136.79,6290907.42
PB1862,B08,SHCY-51,3502,9,11,2025-10-22 16:07:32.118611,344221.58,6306443.7
PB1862,B08,SJPB-20,8278,25,60,2025-10-22 16:07:32.118616,344221.58,6306443.7
PI1066,I10,FLXL-49,3325,9,13,2025-10-22 16:07:34.300106,337284.842,6292138.844
PI1066,I10,FLXJ-23,5726,16,24,2025-10-22 16:07:34.300111,337284.842,6292138.844
PI145,108,PFYS-24,933,0,3,2025-10-22 16:07:36.122293,337760.781,6290763.195
PI145,108,PFYR-71,2425,7,9,2025-10-22 16:07:36.122298,337760.781,6290763.195
PI145,109,FLXS-80,231,0,3,2025-10-22 16:07:36.122299,337760.781,6290763.195
PI145,109,PFXB-84,877,0,4,2025-10-22 16:07:36.122300,337760.781,6290763.195
PI145,118,FLXV-33,6831,15,21,2025-10-22 16:07:36.122301,337760.781,6290763.195
PI145,118,FLXW-60,11547,25,60,2025-10-22 16:07:36.122302,337760.781,6290763.195
PI145,I04,FLXD-89,3315,8,12,2025-10-22 16:07:36.122302,337760.781,6290763.195
PI145,I04,FLXZ-67,6920,20,28,2025-10-22 16:07:36.122303,337760.781,6290763.195
PI145,I05,VHTB-59,7239,18,26,2025-10-22 16:07:36.122304,337760.781,6290763.195
PI145,I05,VHSX-74,9671,25,60,2025-10-22 16:07:36.122305,337760.781,6290763.195
PI145,I18,VHTB-76,1226,0,3,2025-10-22 16:07:36.122306,337760.781,6290763.195
PI145,I18,VHTB-43,5410,16,22,2025-10-22 16:07:36.122306,337760.781,6290763.195
PI145,481,PGPT-14,45,0,3,2025-10-22 16:07:36.122307,337760.781,6290763.195
PI145,481,PGPT-42,11,0,3,2025-10-22 16:07:36.122308,337760.781,6290763.195
PI145,I26,PFYS-20,5511,16,22,2025-10-22 16:07:36.122309,337760.781,6290763.195
PI145,I26,PGPT-49,11543,25,60,2025-10-22 16:07:36.122310,337760.781,6290763.195
PI145,I01,FLXL-52,3001,9,11,2025-10-22 16:07:36.122310,337760.781,6290763.195
PI145,I01,FLXL-43,8115,25,60,2025-10-22 16:07:36.122320,337760.781,6290763.195
PI145,I03,FLXL-65,4523,15,21,2025-10-22 16:07:36.122321,337760.781,6290763.195
PI145,I03,FLXG-60,10891,25,60,2025-10-22 16:07:36.122321,337760.781,6290763.195
PB1681,B43,SHXG-84,425,0,3,2025-10-22 16:07:37.766762,339917.939,6308312.177
PB1681,B43,SJPC-18,4001,13,19,2025-10-22 16:07:37.766768,339917.939,6308312.177
PD91,126,FLXH-10,2698,7,9,2025-10-22 16:07:39.717811,351417.65,6293732.2
PD91,126,BJFW-13,3747,10,14,2025-10-22 16:07:39.717816,351417.65,6293732.2
PD91,104,LDJJ-87,94,0,3,2025-10-22 16:07:39.717818,351417.65,6293732.2
PD91,104,SKVD-53,74,0,3,2025-10-22 16:07:39.717818,351417.65,6293732.2
PD91,106,PFVD-55,648,0,3,2025-10-22 16:07:39.717819,351417.65,6293732.2
PD91,106,PFYS-99,2045,0,5,2025-10-22 16:07:39.717820,351417.65,6293732.2
PD91,224,VFPX-83,2663,8,10,2025-10-22 16:07:39.717821,351417.65,6293732.2
PD91,224,VFPS-86,4923,16,22,2025-10-22 16:07:39.717822,351417.65,6293732.2
PD91,212,LZPS-23,846,0,4,2025-10-22 16:07:39.717822,351417.65,6293732.2
PD91,212,LZPR-81,1489,4,6,2025-10-22 16:07:39.717823,351417.65,6293732.2
PG1210,G14,FLXX-22,5340,20,28,2025-10-22 16:07:41.424753,344042.541,6278558.276
PG1210,G14,CJRP-13,7576,25,60,2025-10-22 16:07:41.424758,344042.541,6278558.276
PG1210,G24,FLXP-35,6190,16,22,2025-10-22 16:07:41.424759,344042.541,6278558.276
PB1168,B21,SKDG-39,433,0,3,2025-10-22 16:07:45.263016,344869.712,6304986.612
PB1168,B21,SKDJ-88,5124,15,21,2025-10-22 16:07:45.263022,344869.712,6304986.612
PB1168,B11,SKDG-81,4964,14,20,2025-10-22 16:07:45.263024,344869.712,6304986.612
PB1168,B11,SKDJ-78,8535,25,60,2025-10-22 16:07:45.263025,344869.712,6304986.612
PJ1753,B28,SPZX-42,1033,0,5,2025-10-22 16:07:47.257888,341770.614,6301950.002
PJ1753,J01,FLXK-44,1605,4,6,2025-10-22 16:07:47.257893,341770.614,6301950.002
PJ1753,J01,FDJX-80,4220,15,21,2025-10-22 16:07:47.257894,341770.614,6301950.002
PJ1753,J08,FLXT-65,90,0,3,2025-10-22 16:07:47.257895,341770.614,6301950.002
PJ1753,J16,FLXS-76,1596,0,4,2025-10-22 16:07:47.257896,341770.614,6301950.002
PJ1753,J16,TBFT-87,5550,14,20,2025-10-22 16:07:47.257897,341770.614,6301950.002
PJ1753,B09,SHCY-49,4261,25,60,2025-10-22 16:07:47.257898,341770.614,6301950.002
PJ1753,B09,SHCY-32,7631,25,60,2025-10-22 16:07:47.257899,341770.614,6301950.002
PB720,272,VFHV-57,1253,0,4,2025-10-22 16:07:49.535487,346481.136,6304541.146
PB720,272,GCBB-14,3614,17,23,2025-10-22 16:07:49.535491,346481.136,6304541.146
PB720,B01,STHF-62,1707,6,8,2025-10-22 16:07:49.535492,346481.136,6304541.146
PB720,B01,LDJV-46,6138,19,27,2025-10-22 16:07:49.535493,346481.136,6304541.146
PJ717,505,LZPH-31,27,0,3,2025-10-22 16:07:52.287718,336489.989,6300460.859
PJ717,505,VHZY-60,1350,0,5,2025-10-22 16:07:52.287723,336489.989,6300460.859
PC973,D16,SPBL-98,369,0,3,2025-10-22 16:07:54.174978,352349.822,6299340.464
PC973,D16,FLXJ-62,3352,13,17,2025-10-22 16:07:54.174984,352349.822,6299340.464
PD1385,D18,SVDF-40,3762,13,17,2025-10-22 16:07:56.301096,358064.221,6296750.541
PD1385,D18,SVDC-52,3859,12,18,2025-10-22 16:07:56.301101,358064.221,6296750.541
PB783,B35,SHCV-85,3288,9,11,2025-10-22 16:07:58.400030,346527.129,6306164.872
PB783,B35,SJPD-56,11904,25,60,2025-10-22 16:07:58.400035,346527.129,6306164.872
PB783,C18,SHXF-21,2601,8,12,2025-10-22 16:07:58.400037,346527.129,6306164.872
PB783,C18,SHCX-27,3962,12,18,2025-10-22 16:07:58.400038,346527.129,6306164.872
PE614,E09,VKJZ-57,7738,25,60,2025-10-22 16:07:59.999090,349133.52,6286575.873
PE614,E16,VFJP-12,3815,12,18,2025-10-22 16:07:59.999095,349133.52,6286575.873
PE614,E16,VFJD-72,4385,14,20,2025-10-22 16:07:59.999096,349133.52,6286575.873
PG1410,G22,THTH-16,227,0,3,2025-10-22 16:08:02.015962,343649.371,6286558.644
PG1410,G22,THTF-57,5108,14,20,2025-10-22 16:08:02.015967,343649.371,6286558.644
PE1345,225,SFWB-96,8610,25,60,2025-10-22 16:08:05.462839,352414.581,6287350.79
PE1345,225,SFWZ-10,10110,25,60,2025-10-22 16:08:05.462843,352414.581,6287350.79
PH271,302,BJFV-73,45,0,3,2025-10-22 16:08:07.485763,344904.3,6291208.07
PH271,302,BJFT-66,819,0,3,2025-10-22 16:08:07.485768,344904.3,6291208.07
PI398,I09,VHTB-51,2054,5,7,2025-10-22 16:08:10.641376,340601.676,6296365.235
PI398,I09,VHSZ-44,3632,9,13,2025-10-22 16:08:10.641381,340601.676,6296365.235
PI398,424,FLXV-47,4008,12,16,2025-10-22 16:08:10.641382,340601.676,6296365.235
PI398,424,TBFX-20,4069,12,16,2025-10-22 16:08:10.641383,340601.676,6296365.235
PI398,404,PFYC-80,3195,8,12,2025-10-22 16:08:10.641384,340601.676,6296365.235
PI398,404,PFYC-79,3994,11,15,2025-10-22 16:08:10.641385,340601.676,6296365.235
PI398,106,PFYR-80,953,0,3,2025-10-22 16:08:10.641386,340601.676,6296365.235
PI398,106,PFYS-38,3697,8,10,2025-10-22 16:08:10.641387,340601.676,6296365.235
PI398,423,PGPT-40,2136,5,7,2025-10-22 16:08:10.641388,340601.676,6296365.235
PI398,423,PFYR-77,7323,19,27,2025-10-22 16:08:10.641388,340601.676,6296365.235
PI398,I08,FLXY-68,1995,4,6,2025-10-22 16:08:10.641389,340601.676,6296365.235
PI398,I08,FLXZ-59,2455,5,7,2025-10-22 16:08:10.641390,340601.676,6296365.235
PI398,401,PFBG-41,6597,15,21,2025-10-22 16:08:10.641391,340601.676,6296365.235
PI398,401,PDZS-80,10422,25,60,2025-10-22 16:08:10.641392,340601.676,6296365.235
PI398,405,PFYG-60,2055,0,5,2025-10-22 16:08:10.641393,340601.676,6296365.235
PI398,405,PFYG-97,6254,16,22,2025-10-22 16:08:10.641394,340601.676,6296365.235
PI398,419,PFYG-96,9151,25,60,2025-10-22 16:08:10.641395,340601.676,6296365.235
PI398,419,PFVG-59,11354,25,60,2025-10-22 16:08:10.641395,340601.676,6296365.235
PI398,421,PFYG-86,5250,13,19,2025-10-22 16:08:10.641396,340601.676,6296365.235
PI398,421,PFBF-98,10721,25,60,2025-10-22 16:08:10.641397,340601.676,6296365.235
PI1904,I35,SDSW-81,534,0,4,2025-10-22 16:08:12.570502,333271.0,6285077.0
PI1904,I35,SDSW-82,2772,11,15,2025-10-22 16:08:12.570507,333271.0,6285077.0
PG466,E05,BJFT-80,104,0,3,2025-10-22 16:08:14.257920,345617.358,6288332.281
PG466,G18,SDSW-96,1996,8,10,2025-10-22 16:08:14.257925,345617.358,6288332.281
PG466,G18,SDSW-48,7624,25,60,2025-10-22 16:08:14.257926,345617.358,6288332.281
PJ353,507,FLXV-91,4902,17,23,2025-10-22 16:08:16.111905,340859.534,6299443.574
PJ353,507,TBFP-63,5053,16,24,2025-10-22 16:08:16.111909,340859.534,6299443.574
PJ353,518,PFXB-63,294,0,3,2025-10-22 16:08:16.111910,340859.534,6299443.574
PJ353,518,TBFP-56,1892,6,8,2025-10-22 16:08:16.111911,340859.534,6299443.574
PJ353,B38,TBFR-10,1724,6,8,2025-10-22 16:08:16.111912,340859.534,6299443.574
PJ353,B38,TBFX-47,9890,25,60,2025-10-22 16:08:16.111913,340859.534,6299443.574
PJ353,517,VJBB-90,3583,13,17,2025-10-22 16:08:16.111914,340859.534,6299443.574
PJ353,517,VHXK-63,6350,25,60,2025-10-22 16:08:16.111915,340859.534,6299443.574
PJ353,503,VGVF-43,2741,9,11,2025-10-22 16:08:16.111915,340859.534,6299443.574
PJ353,503,VGVF-84,4104,12,16,2025-10-22 16:08:16.111916,340859.534,6299443.574
PG1441,G38,THTD-19,1783,6,8,2025-10-22 16:08:18.079304,343197.211,6278659.737
PG1441,G08,THTD-29,27,0,3,2025-10-22 16:08:18.079308,343197.211,6278659.737
PD963,D07,SVDD-94,1769,6,8,2025-10-22 16:08:21.437326,351403.305,6294408.465
PD963,D07,SVDF-60,4118,12,18,2025-10-22 16:08:21.437330,351403.305,6294408.465
PE105,E03,FLXK-70,2253,7,9,2025-10-22 16:08:23.784535,349641.173,6289119.948
PE105,E03,BJFZ-39,2626,9,13,2025-10-22 16:08:23.784540,349641.173,6289119.948
PE105,204,VFPV-53,828,0,3,2025-10-22 16:08:23.784541,349641.173,6289119.948
PE105,204,VFRB-81,4856,13,19,2025-10-22 16:08:23.784542,349641.173,6289119.948
PD1137,D13,BJFS-46,1867,6,8,2025-10-22 16:08:25.931298,349475.266,6295862.814
PD1137,D13,FLXR-42,3891,11,15,2025-10-22 16:08:25.931303,349475.266,6295862.814
PF1000,F26,SPVT-65,770,0,5,2025-10-22 16:08:29.680080,353082.507,6280941.439
PF1000,F26,SPVT-70,1144,5,7,2025-10-22 16:08:29.680085,353082.507,6280941.439
PG1152,G12,SCRZ-31,2783,9,13,2025-10-22 16:08:31.727751,343991.931,6288682.643
PG1152,G12,SFGY-68,5503,19,27,2025-10-22 16:08:31.727757,343991.931,6288682.643
PH731,321,FLXR-10,2903,8,10,2025-10-22 16:08:34.500953,343983.102,6289552.274
PH731,I05,VHSY-17,5551,13,17,2025-10-22 16:08:34.500959,343983.102,6289552.274
PH731,I05,VHSX-75,9903,25,60,2025-10-22 16:08:34.500960,343983.102,6289552.274
PH352,121,CJRX-64,2524,9,11,2025-10-22 16:08:36.784933,342688.971,6289730.56
PH352,121,BJFW-28,3746,13,19,2025-10-22 16:08:36.784938,342688.971,6289730.56
PH352,H06,CJRZ-85,2893,9,13,2025-10-22 16:08:36.784940,342688.971,6289730.56
PH352,H12,FLXH-16,4095,12,18,2025-10-22 16:08:36.784941,342688.971,6289730.56
PH352,H12,CJRW-82,7831,25,60,2025-10-22 16:08:36.784941,342688.971,6289730.56
PH352,I05,VHSY-17,3657,9,11,2025-10-22 16:08:36.784942,342688.971,6289730.56
PH352,I05,VHSX-75,8007,19,27,2025-10-22 16:08:36.784943,342688.971,6289730.56
PD74,D16,SPBL-73,1306,0,5,2025-10-22 16:08:38.777910,352145.597,6291537.374
PD74,D16,SPBF-51,3989,11,15,2025-10-22 16:08:38.777915,352145.597,6291537.374
PD74,106,PFVG-29,1525,0,5,2025-10-22 16:08:38.777916,352145.597,6291537.374
PD74,106,PGPT-51,1820,5,7,2025-10-22 16:08:38.777917,352145.597,6291537.374
PD74,224,VFPH-79,1174,0,4,2025-10-22 16:08:38.777918,352145.597,6291537.374
PD74,224,VGKX-52,3270,10,14,2025-10-22 16:08:38.777919,352145.597,6291537.374
PD74,212,SDGY-27,565,0,3,2025-10-22 16:08:38.777920,352145.597,6291537.374
PD74,212,SRTG-94,678,0,3,2025-10-22 16:08:38.777920,352145.597,6291537.374
PD74,126,FLXT-33,1420,0,4,2025-10-22 16:08:38.777921,352145.597,6291537.374
PD74,126,BJFV-76,4097,11,15,2025-10-22 16:08:38.777922,352145.597,6291537.374
PD74,104,SKWD-84,3058,11,15,2025-10-22 16:08:38.777923,352145.597,6291537.374
PD74,104,SKWD-13,4998,19,27,2025-10-22 16:08:38.777924,352145.597,6291537.374
PD74,114,LFGR-91,3310,11,15,2025-10-22 16:08:38.777924,352145.597,6291537.374
PG1908,G08V,FLXL-94,3789,10,14,2025-10-22 16:08:40.733524,343124.87,6279269.09
PG1908,G08V,FLXV-28,4054,11,15,2025-10-22 16:08:40.733529,343124.87,6279269.09
PE1270,E08,VKJY-74,2346,7,9,2025-10-22 16:08:42.691796,351927.289,6288779.632
PF973,F05,SPZY-43,4484,15,21,2025-10-22 16:08:44.366841,355517.575,6281975.195
PF973,F05,SPZX-65,6166,25,60,2025-10-22 16:08:44.366846,355517.575,6281975.195
PF973,F07,SPRV-96,2213,8,10,2025-10-22 16:08:44.366847,355517.575,6281975.195
PF973,F07,SPRY-45,5846,17,25,2025-10-22 16:08:44.366848,355517.575,6281975.195
PB765,B05,SKDG-69,2161,6,8,2025-10-22 16:08:46.117424,348954.72,6304084.05
PB765,B05,SPCG-36,7210,25,60,2025-10-22 16:08:46.117429,348954.72,6304084.05
PB765,B15,SPCG-42,2170,7,9,2025-10-22 16:08:46.117430,348954.72,6304084.05
PB765,B15,SPCG-89,9666,25,60,2025-10-22 16:08:46.117431,348954.72,6304084.05
PB765,B22,SPCG-50,2802,9,13,2025-10-22 16:08:46.117432,348954.72,6304084.05
PB765,B22,SGPY-59,6111,17,25,2025-10-22 16:08:46.117433,348954.72,6304084.05
PB765,B02,FLXR-74,1657,13,19,2025-10-22 16:08:46.117434,348954.72,6304084.05
PB765,B02,FLXR-89,5269,25,60,2025-10-22 16:08:46.117435,348954.72,6304084.05
PB765,B14,FLXT-53,4550,13,19,2025-10-22 16:08:46.117436,348954.72,6304084.05
PB765,B14,FLXJ-64,8604,25,60,2025-10-22 16:08:46.117436,348954.72,6304084.05
PB765,C06,LWTK-50,7132,19,27,2025-10-22 16:08:46.117437,348954.72,6304084.05
PB765,C06,LWTK-62,10095,25,60,2025-10-22 16:08:46.117438,348954.72,6304084.05
PJ225,418,SHXF-88,2713,6,8,2025-10-22 16:08:48.128104,335660.39,6297876.214
PJ225,418,SHCX-39,5374,13,17,2025-10-22 16:08:48.128117,335660.39,6297876.214
PJ225,503,VGTZ-83,1,0,3,2025-10-22 16:08:48.128118,335660.39,6297876.214
PJ225,503,VHLY-27,4219,13,19,2025-10-22 16:08:48.128119,335660.39,6297876.214
PC733,C05,LDTG-55,2600,5,7,2025-10-22 16:08:50.507452,360569.62,6307379.39
PC733,C05,LDJW-53,6997,17,23,2025-10-22 16:08:50.507457,360569.62,6307379.39
PC733,C01C,SPBL-76,1,0,3,2025-10-22 16:08:50.507459,360569.62,6307379.39
PC242,C01C,PGRZ-68,1395,0,5,2025-10-22 16:08:53.978989,357669.94,6305546.27
PC242,C01C,PGTV-20,2671,10,14,2025-10-22 16:08:53.978994,357669.94,6305546.27
PC242,411,SPBG-27,166,0,3,2025-10-22 16:08:53.978995,357669.94,6305546.27
PC242,411,SPBF-33,2602,8,12,2025-10-22 16:08:53.978996,357669.94,6305546.27
PC242,502,BJFH-63,68,0,3,2025-10-22 16:08:53.978997,357669.94,6305546.27
PC242,C01,LCSX-49,1426,0,5,2025-10-22 16:08:53.978998,357669.94,6305546.27
PC242,C01,LDJJ-67,3341,12,16,2025-10-22 16:08:53.978999,357669.94,6305546.27
PC242,C05,LDTB-88,293,0,3,2025-10-22 16:08:53.979000,357669.94,6305546.27
PC242,C19,SKPJ-81,310,0,3,2025-10-22 16:08:53.979000,357669.94,6305546.27
PC242,C19,FLXT-87,3261,15,21,2025-10-22 16:08:53.979001,357669.94,6305546.27
PC242,406C,SKWD-78,15943,25,60,2025-10-22 16:08:53.979002,357669.94,6305546.27
PC242,C16,SKPP-16,19,0,3,2025-10-22 16:08:53.979003,357669.94,6305546.27
PC242,C16,LFSL-97,3599,12,16,2025-10-22 16:08:53.979004,357669.94,6305546.27
PC242,409,SKWD-99,2239,7,9,2025-10-22 16:08:53.979005,357669.94,6305546.27
PC242,406,TBFV-98,65,0,3,2025-10-22 16:08:53.979006,357669.94,6305546.27
PC242,406,SZZY-79,35,0,3,2025-10-22 16:08:53.979007,357669.94,6305546.27
PC242,C13,SGPX-11,4686,17,23,2025-10-22 16:08:53.979008,357669.94,6305546.27
PC242,C13,SJPB-67,6434,25,60,2025-10-22 16:08:53.979009,357669.94,6305546.27
PC242,C28,SKPJ-50,1752,5,7,2025-10-22 16:08:53.979009,357669.94,6305546.27
PC242,C28,SHCV-69,5364,20,28,2025-10-22 16:08:53.979010,357669.94,6305546.27
PC242,430,PGBY-61,1517,5,7,2025-10-22 16:08:53.979011,357669.94,6305546.27
PC242,430,PFZK-88,3277,11,15,2025-10-22 16:08:53.979012,357669.94,6305546.27
PC242,426,FLXS-92,1309,0,5,2025-10-22 16:08:53.979013,357669.94,6305546.27
PC242,426,BJFC-24,1525,5,7,2025-10-22 16:08:53.979013,357669.94,6305546.27
PJ1682,418,PGLD-67,815,0,3,2025-10-22 16:08:55.965011,338341.784,6297180.719
PJ1682,418,PFVH-12,862,0,3,2025-10-22 16:08:55.965017,338341.784,6297180.719
PJ1682,514,FLXD-46,105,0,3,2025-10-22 16:08:55.965018,338341.784,6297180.719
PJ1682,514,TBFV-24,2813,9,11,2025-10-22 16:08:55.965019,338341.784,6297180.719
PJ1682,J17,FLXD-61,1584,0,4,2025-10-22 16:08:55.965020,338341.784,6297180.719
PJ1682,J17,FLXT-95,5616,17,23,2025-10-22 16:08:55.965021,338341.784,6297180.719
PD664,514,PFWZ-84,5230,19,27,2025-10-22 16:08:57.658665,352847.954,6294266.126
PD664,514,FDJX-65,5280,19,27,2025-10-22 16:08:57.658671,352847.954,6294266.126
PI1244,H03,BJFS-53,3872,12,18,2025-10-22 16:08:59.628892,340461.49,6288967.181
PC157,421,PDZS-78,3740,14,20,2025-10-22 16:09:01.634679,351764.17,6301411.789
PC157,421,PFYG-86,17230,25,60,2025-10-22 16:09:01.634684,351764.17,6301411.789
PC157,406,TBFS-52,2312,15,21,2025-10-22 16:09:01.634685,351764.17,6301411.789
PC157,406,GCBC-59,3805,21,29,2025-10-22 16:09:01.634686,351764.17,6301411.789
PC157,407,GCBC-93,1566,6,8,2025-10-22 16:09:01.634687,351764.17,6301411.789
PC157,407,TBFW-58,3305,12,16,2025-10-22 16:09:01.634688,351764.17,6301411.789
PC157,426,BJFC-78,1691,9,13,2025-10-22 16:09:01.634688,351764.17,6301411.789
PC157,426,FLXD-25,1712,9,13,2025-10-22 16:09:01.634689,351764.17,6301411.789
PC157,430,PGLD-68,52,0,3,2025-10-22 16:09:01.634690,351764.17,6301411.789
PC157,430,PGBF-42,6502,25,60,2025-10-22 16:09:01.634691,351764.17,6301411.789
PC157,401,PDZS-89,2240,12,16,2025-10-22 16:09:01.634692,351764.17,6301411.789
PC157,401,PFVK-99,4798,25,60,2025-10-22 16:09:01.634701,351764.17,6301411.789
PB348,272,VFHL-81,188,0,3,2025-10-22 16:09:04.916867,345893.419,6304613.492
PB348,272,VGBX-78,3443,13,19,2025-10-22 16:09:04.916873,345893.419,6304613.492
PB348,B01,SJTD-56,92,0,3,2025-10-22 16:09:04.916874,345893.419,6304613.492
PB348,B01,TXZH-39,4069,8,10,2025-10-22 16:09:04.916875,345893.419,6304613.492
PB84,120,STHF-15,4306,13,19,2025-10-22 16:09:07.078987,341004.53,6302707.94
PB84,120,LDSW-88,4371,13,19,2025-10-22 16:09:07.078992,341004.53,6302707.94
PB84,B20,SPZX-34,106,0,3,2025-10-22 16:09:07.078993,341004.53,6302707.94
PB84,B20,LXDH-99,3107,10,14,2025-10-22 16:09:07.078994,341004.53,6302707.94
PB84,B29,SKHG-80,479,0,3,2025-10-22 16:09:07.078995,341004.53,6302707.94
PB84,B29,SKHG-92,8095,18,26,2025-10-22 16:09:07.078995,341004.53,6302707.94
PB84,B03,SKHG-47,452,0,3,2025-10-22 16:09:07.078996,341004.53,6302707.94
PB84,B03,LXDH-85,4542,14,20,2025-10-22 16:09:07.078997,341004.53,6302707.94
PB84,105,SHXG-17,3140,10,14,2025-10-22 16:09:07.078998,341004.53,6302707.94
PB84,105,SHXF-27,7456,25,60,2025-10-22 16:09:07.078999,341004.53,6302707.94
PB84,B09,SHCY-55,1810,6,8,2025-10-22 16:09:07.078999,341004.53,6302707.94
PB84,B09,SHCY-49,7657,25,60,2025-10-22 16:09:07.079000,341004.53,6302707.94
PB84,408,LZPH-27,3647,18,26,2025-10-22 16:09:07.079001,341004.53,6302707.94
PB84,408,LXWR-90,6940,25,60,2025-10-22 16:09:07.079002,341004.53,6302707.94
PB84,109,FLXW-22,6750,25,60,2025-10-22 16:09:07.079003,341004.53,6302707.94
PB84,109,TBFS-55,6807,25,60,2025-10-22 16:09:07.079009,341004.53,6302707.94
PB84,410,LFGW-31,1713,7,9,2025-10-22 16:09:07.079010,341004.53,6302707.94
PB84,410,LDTG-65,5735,15,21,2025-10-22 16:09:07.079011,341004.53,6302707.94
PG939,G08,THTF-63,266,0,3,2025-10-22 16:09:08.947472,343625.416,6282225.707
PG939,G08,THTF-79,3294,11,15,2025-10-22 16:09:08.947477,343625.416,6282225.707
PD168,D09,SVDF-41,919,0,4,2025-10-22 16:09:10.913091,350262.76,6297988.11
PD168,D09,SVDD-39,3091,10,14,2025-10-22 16:09:10.913096,350262.76,6297988.11
PD168,106,PGPT-10,685,0,5,2025-10-22 16:09:10.913097,350262.76,6297988.11
PD168,106,PFVD-55,5321,19,27,2025-10-22 16:09:10.913098,350262.76,6297988.11
PD168,126,FLXK-63,880,0,4,2025-10-22 16:09:10.913099,350262.76,6297988.11
PD168,126,FLXK-46,2423,9,11,2025-10-22 16:09:10.913100,350262.76,6297988.11
PI999,348,VHSY-21,1222,5,7,2025-10-22 16:09:13.764810,333681.896,6290649.997
PI999,348,VHSY-46,4720,18,26,2025-10-22 16:09:13.764815,333681.896,6290649.997
PI999,I07,VHSY-23,2658,13,19,2025-10-22 16:09:13.764816,333681.896,6290649.997
PI999,I07,VHSX-71,7516,25,60,2025-10-22 16:09:13.764817,333681.896,6290649.997
PB318,203,LZPT-44,91,0,3,2025-10-22 16:09:15.780312,346800.41,6299653.18
PB318,203,SDGY-19,2655,5,7,2025-10-22 16:09:15.780317,346800.41,6299653.18
PB318,208,SFWB-68,756,0,3,2025-10-22 16:09:15.780318,346800.41,6299653.18
PB318,208,LZPV-98,5503,15,21,2025-10-22 16:09:15.780319,346800.41,6299653.18
PB318,B24,STHD-72,1841,8,12,2025-10-22 16:09:15.780320,346800.41,6299653.18
PB318,B24,SKHF-92,4480,17,25,2025-10-22 16:09:15.780320,346800.41,6299653.18
PB318,116,LDJJ-69,5020,19,27,2025-10-22 16:09:15.780321,346800.41,6299653.18
PB318,116,FLXT-51,5021,19,27,2025-10-22 16:09:15.780322,346800.41,6299653.18
PA334,517,VHZX-21,1704,7,9,2025-10-22 16:09:17.866904,346990.37,6298939.06
PA334,517,VHXK-53,5053,16,24,2025-10-22 16:09:17.866924,346990.37,6298939.06
PA334,504,GCBD-97,630,0,3,2025-10-22 16:09:17.866926,346990.37,6298939.06
PA334,504,SZZH-66,3418,12,16,2025-10-22 16:09:17.866926,346990.37,6298939.06
PA334,508,FLXX-91,434,0,4,2025-10-22 16:09:17.866927,346990.37,6298939.06
PA334,508,LXWR-67,3235,13,19,2025-10-22 16:09:17.866928,346990.37,6298939.06
PA334,514,CJRZ-81,2053,7,9,2025-10-22 16:09:17.866929,346990.37,6298939.06
PA334,514,FLXK-42,3815,12,18,2025-10-22 16:09:17.866930,346990.37,6298939.06
PA334,505,LZPH-30,688,0,5,2025-10-22 16:09:17.866931,346990.37,6298939.06
PA334,505,LXWR-70,3520,14,20,2025-10-22 16:09:17.866932,346990.37,6298939.06
PE720,E11,VKJX-63,154,0,3,2025-10-22 16:09:19.983051,349152.295,6286260.948
PE720,E11,VKJX-56,1768,8,10,2025-10-22 16:09:19.983056,349152.295,6286260.948
PE720,E18,BJFX-61,848,14,20,2025-10-22 16:09:19.983057,349152.295,6286260.948
PE720,F05,SPZX-77,1649,12,16,2025-10-22 16:09:19.983058,349152.295,6286260.948
PA305,121,BJFX-60,561,0,3,2025-10-22 16:09:21.654645,345135.01,6299774.67
PA305,B26,FLXP-71,4711,17,23,2025-10-22 16:09:21.654651,345135.01,6299774.67
PA305,B26,FLXS-48,6555,25,60,2025-10-22 16:09:21.654652,345135.01,6299774.67
PB1623,B12,SKDF-92,3473,9,11,2025-10-22 16:09:24.033797,342846.492,6307186.522
PB1623,B12,SKDF-67,3884,9,13,2025-10-22 16:09:24.033802,342846.492,6307186.522
PB1623,B05,SPCG-87,1364,5,7,2025-10-22 16:09:24.033803,342846.492,6307186.522
PB1623,B05,SPCG-47,1608,5,7,2025-10-22 16:09:24.033804,342846.492,6307186.522
PB1623,B35,SHCV-85,8593,20,28,2025-10-22 16:09:24.033805,342846.492,6307186.522
PB1623,B35,SJPD-56,16785,25,60,2025-10-22 16:09:24.033805,342846.492,6307186.522
PB1623,B36,LDJP-71,6467,25,60,2025-10-22 16:09:24.033806,342846.492,6307186.522
PB1623,B36,FLXS-55,9899,25,60,2025-10-22 16:09:24.033807,342846.492,6307186.522
PI29,481,PFYR-69,216,0,3,2025-10-22 16:09:26.198691,340406.564,6292222.195
PI29,481,PGPS-92,2864,9,13,2025-10-22 16:09:26.198696,340406.564,6292222.195
PI29,I04,FLXF-58,1529,7,9,2025-10-22 16:09:26.198698,340406.564,6292222.195
PI29,I04,FLXF-59,2548,10,14,2025-10-22 16:09:26.198699,340406.564,6292222.195
PI29,101,PFYS-39,678,0,4,2025-10-22 16:09:26.198700,340406.564,6292222.195
PB1727,B14,FLXT-53,2694,9,13,2025-10-22 16:09:27.665871,349148.153,6302856.285
PB1727,B14,FLXJ-64,6689,25,60,2025-10-22 16:09:27.665876,349148.153,6302856.285
PC1261,C27,SGPW-50,2309,7,9,2025-10-22 16:09:29.569254,359512.0,6304480.0
PG1718,G02,CJRK-98,1607,5,7,2025-10-22 16:09:31.487764,342510.632,6279172.591
PG1718,G02,FLXP-27,4479,16,22,2025-10-22 16:09:31.487769,342510.632,6279172.591
PD647,D13,BJFS-46,227,0,3,2025-10-22 16:09:33.487675,350079.205,6295109.689
PD647,D13,FLXR-42,2279,8,10,2025-10-22 16:09:33.487680,350079.205,6295109.689
PD647,511,FLXV-72,162,0,3,2025-10-22 16:09:33.487681,350079.205,6295109.689
PD647,511,PFXB-98,1027,0,3,2025-10-22 16:09:33.487682,350079.205,6295109.689
PI1656,348,VHTB-69,3960,13,19,2025-10-22 16:09:35.310093,341029.875,6290147.22
PE688,225,SFWB-90,195,0,3,2025-10-22 16:09:36.682881,352187.456,6287328.788
PE688,225,TBYY-56,6595,19,27,2025-10-22 16:09:36.682886,352187.456,6287328.788
PE688,E10,BJFT-70,3352,11,15,2025-10-22 16:09:36.682887,352187.456,6287328.788
PE688,E10,CJRW-16,6466,20,28,2025-10-22 16:09:36.682888,352187.456,6287328.788
PD875,D05,SPBP-28,2462,8,10,2025-10-22 16:09:38.648650,352087.544,6295070.304
PD875,D05,SPBP-94,6415,25,60,2025-10-22 16:09:38.648655,352087.544,6295070.304
PJ351,507,FLXV-91,3917,13,19,2025-10-22 16:09:40.520824,341384.451,6299481.264
PJ351,507,TBFP-63,4021,13,19,2025-10-22 16:09:40.520829,341384.451,6299481.264
PJ351,518,TBFP-56,834,0,3,2025-10-22 16:09:40.520830,341384.451,6299481.264
PJ351,518,BJFB-24,3297,11,15,2025-10-22 16:09:40.520831,341384.451,6299481.264
PJ351,517,VJBB-90,2720,9,13,2025-10-22 16:09:40.520832,341384.451,6299481.264
PJ351,517,VHXK-63,5577,18,26,2025-10-22 16:09:40.520833,341384.451,6299481.264
PJ351,503,VGVF-43,1570,6,8,2025-10-22 16:09:40.520834,341384.451,6299481.264
PJ351,503,VGVF-84,2927,9,13,2025-10-22 16:09:40.520835,341384.451,6299481.264
PE67,203,LZPT-69,1763,5,7,2025-10-22 16:09:42.467167,348226.129,6288328.48
PE67,203,SRTK-27,3954,12,16,2025-10-22 16:09:42.467172,348226.129,6288328.48
PE67,206,SDGY-43,1,0,3,2025-10-22 16:09:42.467173,348226.129,6288328.48
PE67,206,LZPR-93,2621,8,10,2025-10-22 16:09:42.467174,348226.129,6288328.48
PE67,212,LXWT-91,1768,0,5,2025-10-22 16:09:42.467174,348226.129,6288328.48
PE67,212,SRTK-17,4530,11,15,2025-10-22 16:09:42.467175,348226.129,6288328.48
PE67,233,SHXG-70,852,0,4,2025-10-22 16:09:42.467176,348226.129,6288328.48
PE67,233,SCRW-48,3209,11,15,2025-10-22 16:09:42.467177,348226.129,6288328.48
PE67,G01,THTF-95,1252,0,5,2025-10-22 16:09:42.467178,348226.129,6288328.48
PE67,G01,THTF-17,3318,10,14,2025-10-22 16:09:42.467178,348226.129,6288328.48
PI71,120,TXZH-38,2942,11,15,2025-10-22 16:09:44.415206,343101.66,6295762.92
PI71,120,SKHG-39,4586,16,24,2025-10-22 16:09:44.415211,343101.66,6295762.92
PI71,385,FLXD-98,623,0,4,2025-10-22 16:09:44.415212,343101.66,6295762.92
PI71,385,FLXL-44,1164,6,8,2025-10-22 16:09:44.415213,343101.66,6295762.92
PI71,105,LXDJ-11,2370,8,10,2025-10-22 16:09:44.415214,343101.66,6295762.92
PI71,105,SJPC-36,8428,25,60,2025-10-22 16:09:44.415214,343101.66,6295762.92
PB739,B35,SJPD-56,4514,10,14,2025-10-22 16:09:46.505250,346821.13,6305887.468
PB739,C18,SHXF-21,3892,12,16,2025-10-22 16:09:46.505255,346821.13,6305887.468
PB739,C18,SHCX-27,5192,16,22,2025-10-22 16:09:46.505256,346821.13,6305887.468
PF620,F18,LBTS-92,777,0,4,2025-10-22 16:09:48.854655,350218.266,6277770.842
PE1375,E10,BJFW-57,358,0,3,2025-10-22 16:09:51.752901,355901.451,6288317.837
PC276,517,VHZW-51,5171,17,23,2025-10-22 16:09:53.972405,348613.273,6299325.905
PC276,517,LXWS-40,5439,17,25,2025-10-22 16:09:53.972410,348613.273,6299325.905
PC276,503,VGVG-86,331,0,3,2025-10-22 16:09:53.972411,348613.273,6299325.905
PC276,503,VHLS-68,338,0,3,2025-10-22 16:09:53.972412,348613.273,6299325.905
PC276,406,TBFX-31,15,0,3,2025-10-22 16:09:53.972413,348613.273,6299325.905
PC276,406,GCBD-11,1836,5,7,2025-10-22 16:09:53.972414,348613.273,6299325.905
PC276,407,TBFX-29,293,0,3,2025-10-22 16:09:53.972415,348613.273,6299325.905
PC276,407,GCBD-58,1425,0,5,2025-10-22 16:09:53.972416,348613.273,6299325.905
PC276,426,BJFD-62,1080,0,5,2025-10-22 16:09:53.972417,348613.273,6299325.905
PC276,426,BJFH-61,1645,6,8,2025-10-22 16:09:53.972418,348613.273,6299325.905
PC276,405C,SKJL-64,2185,9,13,2025-10-22 16:09:53.972419,348613.273,6299325.905
PC276,405C,SPBL-80,5006,25,60,2025-10-22 16:09:53.972419,348613.273,6299325.905
PG82,201E,VFHL-33,1257,0,5,2025-10-22 16:09:55.633776,341000.679,6282916.683
PG82,201E,VFHJ-77,2194,7,9,2025-10-22 16:09:55.633781,341000.679,6282916.683
PG82,G09,SHXB-23,2561,10,14,2025-10-22 16:09:55.633783,341000.679,6282916.683
PG82,G09,SDSW-68,2836,11,15,2025-10-22 16:09:55.633784,341000.679,6282916.683
PG859,G23,SFWB-72,1594,6,8,2025-10-22 16:09:57.199128,349726.846,6282710.342
PG859,G05,SHCV-31,201,0,3,2025-10-22 16:09:57.199133,349726.846,6282710.342
PG859,G35,SFGY-70,856,0,4,2025-10-22 16:09:57.199134,349726.846,6282710.342
PH1534,385,FLXF-38,315,0,3,2025-10-22 16:09:58.860719,349361.709,6291743.042
PH1534,385,FLXL-84,2200,8,10,2025-10-22 16:09:58.860725,349361.709,6291743.042
PB312,203,SDGY-19,689,0,3,2025-10-22 16:10:00.702209,347154.84,6301254.93
PB312,203,LZPT-52,3012,10,14,2025-10-22 16:10:00.702214,347154.84,6301254.93
PB312,208,LZPV-98,3733,12,18,2025-10-22 16:10:00.702215,347154.84,6301254.93
PB312,208,LZPW-22,4049,14,20,2025-10-22 16:10:00.702216,347154.84,6301254.93
PD1043,D09,SVDC-30,3338,12,16,2025-10-22 16:10:03.291533,356542.624,6296253.315
PD1043,D09,SVDD-79,3414,13,17,2025-10-22 16:10:03.291538,356542.624,6296253.315
PD1043,D11,SVDC-16,5412,17,25,2025-10-22 16:10:03.291540,356542.624,6296253.315
PD1043,D11,SVDD-33,5969,20,28,2025-10-22 16:10:03.291542,356542.624,6296253.315
PD1043,513,LZPH-28,1,0,3,2025-10-22 16:10:03.291543,356542.624,6296253.315
PD1043,513,VJBB-51,1225,5,7,2025-10-22 16:10:03.291544,356542.624,6296253.315
PD878,D05,SPBS-40,1,0,3,2025-10-22 16:10:05.537951,351100.708,6295033.115
PD878,D05,PGTV-19,184,0,3,2025-10-22 16:10:05.537957,351100.708,6295033.115
PF408,F08,SPVW-83,1046,0,3,2025-10-22 16:10:07.529241,356547.783,6285503.411
PF408,F08,SPCG-76,4834,15,21,2025-10-22 16:10:07.529246,356547.783,6285503.411
PJ540,I03,FLXG-96,76,0,3,2025-10-22 16:10:09.446971,342357.515,6298020.995
PJ540,I03,FLXJ-27,4770,17,23,2025-10-22 16:10:09.446976,342357.515,6298020.995
PJ540,I10,FLXG-49,487,0,3,2025-10-22 16:10:09.446978,342357.515,6298020.995
PJ540,I10,FLXG-90,2968,12,18,2025-10-22 16:10:09.446979,342357.515,6298020.995
PI150,109,FLXS-80,1273,5,7,2025-10-22 16:10:11.657918,336002.67,6290802.63
PI150,109,PFXB-84,1628,6,8,2025-10-22 16:10:11.657922,336002.67,6290802.63
PI150,118,BJFH-22,688,0,3,2025-10-22 16:10:11.657924,336002.67,6290802.63
PI150,118,FLXV-33,7544,20,28,2025-10-22 16:10:11.657924,336002.67,6290802.63
PI150,I24,VHTB-53,1531,7,9,2025-10-22 16:10:11.657925,336002.67,6290802.63
PI150,I24,FLXZ-33,8960,25,60,2025-10-22 16:10:11.657926,336002.67,6290802.63
PI150,I03,FLXL-65,5740,25,60,2025-10-22 16:10:11.657927,336002.67,6290802.63
PI150,I03,FLXG-60,12053,25,60,2025-10-22 16:10:11.657928,336002.67,6290802.63
PI150,I11,FLXY-85,4557,12,16,2025-10-22 16:10:11.657929,336002.67,6290802.63
PI150,I11,RWRP-39,5719,14,20,2025-10-22 16:10:11.657930,336002.67,6290802.63
PI150,I12,FLXY-33,1554,6,8,2025-10-22 16:10:11.657930,336002.67,6290802.63
PI150,I12,FLXY-47,2888,10,14,2025-10-22 16:10:11.657931,336002.67,6290802.63
PI150,108,PFYS-24,1774,7,9,2025-10-22 16:10:11.657932,336002.67,6290802.63
PI150,108,PFYR-71,3363,10,14,2025-10-22 16:10:11.657933,336002.67,6290802.63
PI150,348,VHSY-46,1763,8,10,2025-10-22 16:10:11.657934,336002.67,6290802.63
PI150,348,VHSY-15,3709,13,17,2025-10-22 16:10:11.657935,336002.67,6290802.63
PI150,I05,VHSY-40,1,0,3,2025-10-22 16:10:11.657935,336002.67,6290802.63
PI150,I05,VHTB-59,8336,25,60,2025-10-22 16:10:11.657936,336002.67,6290802.63
PI150,I18,VHTB-76,1737,7,9,2025-10-22 16:10:11.657937,336002.67,6290802.63
PI150,I18,VHTB-43,6735,25,60,2025-10-22 16:10:11.657938,336002.67,6290802.63
PB826,B03,SKHG-47,3643,13,17,2025-10-22 16:10:13.904245,338925.357,6301769.992
PB826,B03,LXDH-85,7549,25,60,2025-10-22 16:10:13.904251,338925.357,6301769.992
PC112,501,TBFX-18,370,0,3,2025-10-22 16:10:15.860644,354086.76,6299834.325
PC112,501,PFXB-17,1736,0,5,2025-10-22 16:10:15.860648,354086.76,6299834.325
PC112,504,GCBD-44,5273,20,28,2025-10-22 16:10:15.860649,354086.76,6299834.325
PC112,504,GCBF-25,6188,25,60,2025-10-22 16:10:15.860650,354086.76,6299834.325
PC112,518,FLXV-77,639,0,3,2025-10-22 16:10:15.860651,354086.76,6299834.325
PC112,518,TBFT-98,2568,8,10,2025-10-22 16:10:15.860652,354086.76,6299834.325
PC112,C05,LDJW-50,1600,0,4,2025-10-22 16:10:15.860653,354086.76,6299834.325
PC112,C05,LDTB-95,4065,12,18,2025-10-22 16:10:15.860653,354086.76,6299834.325
PC112,C07,SKPP-20,448,0,3,2025-10-22 16:10:15.860654,354086.76,6299834.325
PC112,C07,SKPP-24,490,0,3,2025-10-22 16:10:15.860655,354086.76,6299834.325
PC112,D08,SPBS-49,356,0,3,2025-10-22 16:10:15.860656,354086.76,6299834.325
PC112,D08,SVDC-99,1049,0,4,2025-10-22 16:10:15.860657,354086.76,6299834.325
PC112,216,LZPW-10,2273,7,9,2025-10-22 16:10:15.860658,354086.76,6299834.325
PC112,216,LZPT-45,2313,8,10,2025-10-22 16:10:15.860659,354086.76,6299834.325
PJ966,J13,BJFB-33,833,0,3,2025-10-22 16:10:17.816813,336586.103,6301103.501
PJ966,J13,TBFP-88,5282,16,24,2025-10-22 16:10:17.816818,336586.103,6301103.501
PJ966,J13C,FLXG-38,450,0,3,2025-10-22 16:10:17.816820,336586.103,6301103.501
PJ966,J13C,FLXG-45,2675,9,13,2025-10-22 16:10:17.816820,336586.103,6301103.501
PC881,C11,SGPY-24,3776,13,19,2025-10-22 16:10:19.318776,355284.232,6304524.343
PI1334,I24,VHSY-41,2373,11,15,2025-10-22 16:10:22.868371,336783.965,6289855.155
PI1334,I24,FLXZ-45,3573,17,23,2025-10-22 16:10:22.868377,336783.965,6289855.155
PI1334,I12,FLXY-31,3603,15,21,2025-10-22 16:10:22.868379,336783.965,6289855.155
PI1334,I12,FLXW-67,7270,25,60,2025-10-22 16:10:22.868380,336783.965,6289855.155
PE463,E04,VKJZ-17,196,0,3,2025-10-22 16:10:24.882070,354205.247,6287322.41
PE463,E04,VKJX-60,7184,25,60,2025-10-22 16:10:24.882076,354205.247,6287322.41
PI597,I03,FLXG-60,5020,19,27,2025-10-22 16:10:26.834439,338589.9,6293922.2
PI597,I03,FLXK-62,5301,20,28,2025-10-22 16:10:26.834444,338589.9,6293922.2
PI597,I10,FLXW-72,2783,9,11,2025-10-22 16:10:26.834446,338589.9,6293922.2
PI597,I10,FLXJ-14,4281,12,18,2025-10-22 16:10:26.834447,338589.9,6293922.2
PI597,509,FLXD-60,1809,6,8,2025-10-22 16:10:26.834448,338589.9,6293922.2
PI597,509,FLXX-90,4947,17,25,2025-10-22 16:10:26.834449,338589.9,6293922.2
PE750,E13,VFKR-86,1448,5,7,2025-10-22 16:10:28.217495,350471.454,6286494.273
PG249,G12,SFGY-19,1993,7,9,2025-10-22 16:10:32.280296,345100.76,6287272.51
PG249,G12,SCRZ-22,6709,20,28,2025-10-22 16:10:32.280300,345100.76,6287272.51
PG249,223,SCRZ-19,21,0,3,2025-10-22 16:10:32.280301,345100.76,6287272.51
PG249,223,SFGY-73,4036,16,22,2025-10-22 16:10:32.280302,345100.76,6287272.51
PG249,428,SLPC-10,133,0,3,2025-10-22 16:10:32.280303,345100.76,6287272.51
PG249,G34,THTD-94,4932,16,22,2025-10-22 16:10:32.280304,345100.76,6287272.51
PF865,F16,SPRY-86,820,4,6,2025-10-22 16:10:35.182568,353814.633,6281764.216
PF865,F16,SPRZ-29,2789,11,15,2025-10-22 16:10:35.182572,353814.633,6281764.216
PF681,F16,SPRW-83,1143,4,6,2025-10-22 16:10:37.360221,353225.221,6281550.538
PG637,G13,SHCV-37,304,0,3,2025-10-22 16:10:41.344329,345750.36,6285450.554
PG637,G13,SHXB-16,683,0,3,2025-10-22 16:10:41.344334,345750.36,6285450.554
PG637,F06,SPZX-64,2579,6,8,2025-10-22 16:10:41.344335,345750.36,6285450.554
PG637,F06,SPZY-66,7657,25,60,2025-10-22 16:10:41.344336,345750.36,6285450.554
PB1460,B22,SPCG-50,1738,5,7,2025-10-22 16:10:43.286677,348637.07,6303856.85
PB1460,B22,SGPY-59,4869,14,20,2025-10-22 16:10:43.286682,348637.07,6303856.85
PI805,I03,FLXJ-21,961,0,3,2025-10-22 16:10:45.805478,333823.205,6288249.495
PI805,I10,FLXG-72,1358,0,3,2025-10-22 16:10:45.805483,333823.205,6288249.495
PG1929,G39,FLXH-61,2656,10,14,2025-10-22 16:10:47.929691,344927.47,6282080.29
PG1929,G39,SHXB-15,4404,19,27,2025-10-22 16:10:47.929697,344927.47,6282080.29
PG1929,G09,SCRZ-20,754,0,5,2025-10-22 16:10:47.929699,344927.47,6282080.29
PG1929,G09,SDSW-59,1995,10,14,2025-10-22 16:10:47.929700,344927.47,6282080.29
PJ406,517,VJBB-90,2107,8,10,2025-10-22 16:10:50.411501,341594.22,6299500.76
PJ406,517,VHXK-63,5038,16,22,2025-10-22 16:10:50.411506,341594.22,6299500.76
PJ406,503,VGVF-43,1074,4,6,2025-10-22 16:10:50.411507,341594.22,6299500.76
PJ406,503,VGVF-84,2345,9,11,2025-10-22 16:10:50.411508,341594.22,6299500.76
PJ406,507,FLXV-91,3404,11,15,2025-10-22 16:10:50.411509,341594.22,6299500.76
PJ406,507,TBFP-63,3531,13,17,2025-10-22 16:10:50.411509,341594.22,6299500.76
PJ406,518,TBFP-56,463,0,3,2025-10-22 16:10:50.411510,341594.22,6299500.76
PJ406,518,BJFB-24,2737,9,13,2025-10-22 16:10:50.411511,341594.22,6299500.76
PJ260,513,VJJV-13,1311,4,6,2025-10-22 16:10:52.511776,336972.868,6301175.361
PJ260,513,VHZX-70,7451,25,60,2025-10-22 16:10:52.511781,336972.868,6301175.361
PJ260,511,TBFR-48,2184,8,10,2025-10-22 16:10:52.511783,336972.868,6301175.361
PJ260,J15C,FLXW-38,234,0,3,2025-10-22 16:10:52.511784,336972.868,6301175.361
PJ581,J01,FLXK-44,2019,5,7,2025-10-22 16:10:54.890857,342132.335,6300991.215
PJ581,J01,FDJX-80,4613,16,22,2025-10-22 16:10:54.890862,342132.335,6300991.215
PJ581,J16,FLXS-76,1832,5,7,2025-10-22 16:10:54.890863,342132.335,6300991.215
PJ581,J16,TBFT-87,5941,16,22,2025-10-22 16:10:54.890863,342132.335,6300991.215
PJ581,B28,SKHG-17,229,0,3,2025-10-22 16:10:54.890864,342132.335,6300991.215
PJ581,B28,SPZX-42,1868,5,7,2025-10-22 16:10:54.890865,342132.335,6300991.215
PH51,204,VFPV-53,2881,8,10,2025-10-22 16:10:56.854790,348987.447,6291201.372
PH51,204,VFRB-81,7025,19,27,2025-10-22 16:10:56.854794,348987.447,6291201.372
PI1031,I18,FLXZ-57,1611,7,9,2025-10-22 16:10:58.329426,332956.886,6290727.969
PI1031,I18,VHTB-76,5088,25,60,2025-10-22 16:10:58.329431,332956.886,6290727.969
PI1031,I07,VHSY-23,3758,25,60,2025-10-22 16:10:58.329432,332956.886,6290727.969
PI1031,I07,VHSX-71,8398,25,60,2025-10-22 16:10:58.329433,332956.886,6290727.969
PD1432,D17,PGLD-64,2234,7,9,2025-10-22 16:10:59.958857,356679.825,6291237.32
PD1432,D17,PGBY-71,4468,13,19,2025-10-22 16:10:59.958863,356679.825,6291237.32
PG672,G12,SDSW-87,2153,6,8,2025-10-22 16:11:05.158475,344848.466,6289223.195
PG672,G12,SHXG-72,3511,12,16,2025-10-22 16:11:05.158480,344848.466,6289223.195
PG672,G01,THTF-82,1051,0,4,2025-10-22 16:11:05.158481,344848.466,6289223.195
PG672,G01,THTH-19,1153,0,5,2025-10-22 16:11:05.158482,344848.466,6289223.195
PF1115,124,SRVG-86,583,4,6,2025-10-22 16:11:07.329972,350875.59,6277856.47
PJ198,507,PFXB-90,1209,0,4,2025-10-22 16:11:09.716962,336185.795,6299629.919
PJ198,507,GCBD-61,2216,8,12,2025-10-22 16:11:09.716968,336185.795,6299629.919
PF79,205,LZRD-98,1201,4,6,2025-10-22 16:11:13.744491,353270.134,6282993.375
PF79,205,SXKV-87,1581,6,8,2025-10-22 16:11:13.744496,353270.134,6282993.375
PF79,210,LZRD-71,1946,10,14,2025-10-22 16:11:13.744498,353270.134,6282993.375
PF79,210,RWTP-87,2374,12,16,2025-10-22 16:11:13.744499,353270.134,6282993.375
PF79,F15,STHF-56,3369,13,19,2025-10-22 16:11:13.744500,353270.134,6282993.375
PF79,F01,SPVW-61,518,0,3,2025-10-22 16:11:13.744501,353270.134,6282993.375
PF79,F13,SRPK-36,742,0,3,2025-10-22 16:11:13.744502,353270.134,6282993.375
PF79,F13,SRPK-19,1819,9,11,2025-10-22 16:11:13.744503,353270.134,6282993.375
PD456,429,SLLY-78,3717,25,60,2025-10-22 16:11:15.205630,353329.94,6299211.423
PD456,429,SLPC-54,8953,25,60,2025-10-22 16:11:15.205636,353329.94,6299211.423
PD456,412,PFTW-59,2935,12,16,2025-10-22 16:11:15.205637,353329.94,6299211.423
PD456,412,PFVG-77,8010,25,60,2025-10-22 16:11:15.205638,353329.94,6299211.423
PD456,418,SKPK-28,1363,13,19,2025-10-22 16:11:15.205639,353329.94,6299211.423
PD456,418,SHXD-79,7403,25,60,2025-10-22 16:11:15.205640,353329.94,6299211.423
PG719,G24,CJRP-15,554,0,3,2025-10-22 16:11:17.320949,344873.149,6276620.892
PB912,B35,SHCV-85,7131,16,22,2025-10-22 16:11:19.280003,343251.671,6307632.613
PB912,B35,SJPD-56,15321,25,60,2025-10-22 16:11:19.280007,343251.671,6307632.613
PB912,B36,LDJP-71,5188,20,28,2025-10-22 16:11:19.280008,343251.671,6307632.613
PB912,B36,FLXS-55,8805,25,60,2025-10-22 16:11:19.280009,343251.671,6307632.613
PB912,B05,SPCG-47,153,0,3,2025-10-22 16:11:19.280010,343251.671,6307632.613
PB912,B05,SPCG-87,143,0,3,2025-10-22 16:11:19.280011,343251.671,6307632.613
PG162,229,LZPT-74,1012,0,3,2025-10-22 16:11:21.217304,345919.63,6283840.535
PG162,G08V,FLXV-29,15,0,3,2025-10-22 16:11:21.217310,345919.63,6283840.535
PG162,G08V,FLXV-23,53,0,3,2025-10-22 16:11:21.217311,345919.63,6283840.535
PG162,228,THTD-64,169,0,3,2025-10-22 16:11:21.217312,345919.63,6283840.535
PG162,228,THTF-58,1182,0,4,2025-10-22 16:11:21.217312,345919.63,6283840.535
PG162,G08,THTG-77,258,0,3,2025-10-22 16:11:21.217313,345919.63,6283840.535
PG162,G08,THTF-92,1979,7,9,2025-10-22 16:11:21.217314,345919.63,6283840.535
PE1274,E15C,VFJL-67,197,0,3,2025-10-22 16:11:23.414016,352132.837,6288169.777
PE1274,E15C,VFJP-22,5226,12,18,2025-10-22 16:11:23.414021,352132.837,6288169.777
PE1274,325,VFJV-39,318,0,3,2025-10-22 16:11:23.414022,352132.837,6288169.777
PE1274,325,VFJS-29,5237,17,25,2025-10-22 16:11:23.414023,352132.837,6288169.777
PE1274,225,SFWZ-52,1,0,3,2025-10-22 16:11:23.414024,352132.837,6288169.777
PE1274,225,SFWB-90,760,0,4,2025-10-22 16:11:23.414025,352132.837,6288169.777
PE1274,F25,LCPG-36,2509,9,13,2025-10-22 16:11:23.414026,352132.837,6288169.777
PE1274,F25,SPZY-68,5569,18,26,2025-10-22 16:11:23.414026,352132.837,6288169.777
PI1091,I10,FLXW-72,6782,25,60,2025-10-22 16:11:25.325231,337162.66,6290778.958
PI1091,I10,FLXJ-14,8252,25,60,2025-10-22 16:11:25.325236,337162.66,6290778.958
PE387,108,PGPS-95,1860,11,15,2025-10-22 16:11:27.401460,354824.118,6289702.711
PE387,108,PGPT-34,2068,12,16,2025-10-22 16:11:27.401465,354824.118,6289702.711
PE387,322,BJFV-89,333,0,3,2025-10-22 16:11:27.401466,354824.118,6289702.711
PE387,322,BJFW-98,3214,13,19,2025-10-22 16:11:27.401467,354824.118,6289702.711
PE387,E03,BJFZ-27,6743,25,60,2025-10-22 16:11:27.401468,354824.118,6289702.711
PE387,E03,BJFV-25,7699,25,60,2025-10-22 16:11:27.401469,354824.118,6289702.711
PG633,G13,SHXB-16,1,0,3,2025-10-22 16:11:30.230345,345388.731,6285024.816
PG633,G13,SHXG-80,3042,10,14,2025-10-22 16:11:30.230350,345388.731,6285024.816
PG633,G16,SFPG-36,175,0,3,2025-10-22 16:11:30.230351,345388.731,6285024.816
PG633,G16,SFPG-38,3234,10,14,2025-10-22 16:11:30.230352,345388.731,6285024.816
PA200,227,VFPL-74,5719,25,60,2025-10-22 16:11:32.161792,348360.37,6296962.89
PA200,227,VFPG-48,6629,25,60,2025-10-22 16:11:32.161797,348360.37,6296962.89
PF935,F25,SRVG-65,1696,5,7,2025-10-22 16:11:36.089037,354048.673,6284643.818
PF935,F25,SRVG-68,5529,16,22,2025-10-22 16:11:36.089042,354048.673,6284643.818
PB1162,B11,SKDG-81,599,0,3,2025-10-22 16:11:38.140179,343524.031,6306582.71
PB1162,B11,SKDJ-78,5275,13,19,2025-10-22 16:11:38.140184,343524.031,6306582.71
PB1162,230,GCBB-24,512,0,3,2025-10-22 16:11:38.140185,343524.031,6306582.71
PI745,111,FLXY-59,3629,25,60,2025-10-22 16:11:41.196670,338241.527,6296093.603
PI745,111,FLXW-76,4245,25,60,2025-10-22 16:11:41.196675,338241.527,6296093.603
PI745,I02,FLXZ-41,479,0,3,2025-10-22 16:11:41.196677,338241.527,6296093.603
PI745,I02,FLXZ-38,5091,25,60,2025-10-22 16:11:41.196678,338241.527,6296093.603
PI745,110,CJRW-58,1324,5,7,2025-10-22 16:11:41.196679,338241.527,6296093.603
PI745,110,FLXS-97,4028,16,22,2025-10-22 16:11:41.196680,338241.527,6296093.603
PI745,110C,TBFX-30,1395,6,8,2025-10-22 16:11:41.196683,338241.527,6296093.603
PD1379,225,SFWZ-40,1534,5,7,2025-10-22 16:11:43.165933,356185.237,6296329.514
PD1379,225,SFWZ-58,1955,6,8,2025-10-22 16:11:43.165937,356185.237,6296329.514
PH96,125,FLXG-74,299,0,3,2025-10-22 16:11:45.094164,344207.79,6294398.42
PH96,125,BJFW-38,7512,25,60,2025-10-22 16:11:45.094169,344207.79,6294398.42
PH96,113,FLXX-60,1858,4,6,2025-10-22 16:11:45.094170,344207.79,6294398.42
PH96,113,FLXW-85,12259,25,60,2025-10-22 16:11:45.094171,344207.79,6294398.42
PH96,115,SZZY-76,601,0,3,2025-10-22 16:11:45.094172,344207.79,6294398.42
PH96,115,FLXV-63,5509,14,20,2025-10-22 16:11:45.094172,344207.79,6294398.42
PG1101,G11,THTF-54,892,0,4,2025-10-22 16:11:47.062797,347405.65,6288557.417
PG1101,G11,THTC-94,4670,18,26,2025-10-22 16:11:47.062802,347405.65,6288557.417
PA155,504,GCBD-97,540,0,3,2025-10-22 16:11:49.135081,347162.192,6298791.84
PA155,504,SZZH-66,3190,12,16,2025-10-22 16:11:49.135086,347162.192,6298791.84
PG1235,G15,THTF-62,50,0,3,2025-10-22 16:11:51.898412,344287.392,6285452.271
PJ870,J08,PFXB-82,107,0,3,2025-10-22 16:11:53.634096,337705.912,6296182.431
PJ870,J08,FLXT-64,3499,12,18,2025-10-22 16:11:53.634101,337705.912,6296182.431
PB917,B06,SKDH-34,78,0,3,2025-10-22 16:11:55.413458,346825.264,6304090.966
PG1406,G22,THTF-57,2676,8,10,2025-10-22 16:11:59.314871,342961.569,6286125.177
PG1406,G22,THTF-86,3047,9,11,2025-10-22 16:11:59.314876,342961.569,6286125.177
PH577,H06,FLXF-19,2333,5,7,2025-10-22 16:12:01.211551,342880.605,6289157.254
PH577,H06,FLXF-37,4433,12,16,2025-10-22 16:12:01.211556,342880.605,6289157.254
PD106,104,SKVD-53,3367,15,21,2025-10-22 16:12:02.967136,351395.435,6298060.112
PD106,104,LDJJ-87,3538,16,22,2025-10-22 16:12:02.967141,351395.435,6298060.112
PD106,212,LZPS-23,4282,19,27,2025-10-22 16:12:02.967143,351395.435,6298060.112
PD106,212,LZPR-81,4336,19,27,2025-10-22 16:12:02.967144,351395.435,6298060.112
PD748,D02,STRJ-56,4801,16,22,2025-10-22 16:12:05.112426,356539.673,6298360.472
PD748,D02,SVDD-51,7604,25,60,2025-10-22 16:12:05.112432,356539.673,6298360.472
PG1627,G04,SFPF-85,2928,10,14,2025-10-22 16:12:07.079619,348509.78,6285643.137
PG1627,G18,SDSW-48,205,0,3,2025-10-22 16:12:07.079625,348509.78,6285643.137
PG1627,G18,SCRZ-28,1237,5,7,2025-10-22 16:12:07.079626,348509.78,6285643.137
PB10,107,PFZK-80,893,0,4,2025-10-22 16:12:08.993035,346592.333,6303623.843
PB10,107,PFYC-47,3610,13,19,2025-10-22 16:12:08.993040,346592.333,6303623.843
PJ511,508,GCBF-11,1829,6,8,2025-10-22 16:12:10.912922,340625.171,6300120.746
PJ511,508,FLXX-50,2834,9,13,2025-10-22 16:12:10.912927,340625.171,6300120.746
PJ511,J03,CJRZ-82,1579,0,5,2025-10-22 16:12:10.912929,340625.171,6300120.746
PJ511,J03,FLXS-84,6202,25,60,2025-10-22 16:12:10.912930,340625.171,6300120.746
PG1195,G14,FLXX-25,1362,9,13,2025-10-22 16:12:13.043994,342655.78,6283671.76
PG1195,G14,FLXX-12,3958,15,21,2025-10-22 16:12:13.043999,342655.78,6283671.76
PG1195,G23,SFWB-44,485,0,3,2025-10-22 16:12:13.044000,342655.78,6283671.76
PG1195,G23,SFWZ-70,4445,17,25,2025-10-22 16:12:13.044001,342655.78,6283671.76
PG1195,G43,FLXC-85,1272,10,14,2025-10-22 16:12:13.044002,342655.78,6283671.76
PG1195,G43,FLXC-94,5342,25,60,2025-10-22 16:12:13.044003,342655.78,6283671.76
PG1195,G39,SHXB-13,353,0,5,2025-10-22 16:12:13.044004,342655.78,6283671.76
PG1195,G39,SHCX-23,2996,25,60,2025-10-22 16:12:13.044005,342655.78,6283671.76
PF882,F29,SPVW-16,1,0,3,2025-10-22 16:12:15.060341,352430.419,6279569.219
PF882,F29,SPVT-98,1363,5,7,2025-10-22 16:12:15.060346,352430.419,6279569.219
PF882,F25,LCPG-37,1420,6,8,2025-10-22 16:12:15.060348,352430.419,6279569.219
PF882,F25,SRVG-49,1971,8,12,2025-10-22 16:12:15.060349,352430.419,6279569.219
PC247,542,TBFS-40,168,0,3,2025-10-22 16:12:17.330060,356498.441,6305468.158
PC247,C11,SGPY-84,855,4,6,2025-10-22 16:12:17.330065,356498.441,6305468.158
PC247,C11,SGPY-24,5940,20,28,2025-10-22 16:12:17.330066,356498.441,6305468.158
PC247,405C,PFVG-73,84,0,3,2025-10-22 16:12:17.330067,356498.441,6305468.158
PC247,405,PGBB-56,9,0,3,2025-10-22 16:12:17.330069,356498.441,6305468.158
PC247,405,PFYG-55,1956,8,10,2025-10-22 16:12:17.330069,356498.441,6305468.158
PC247,502,BJFH-63,781,0,3,2025-10-22 16:12:17.330070,356498.441,6305468.158
PC247,502,BJFD-45,4046,14,20,2025-10-22 16:12:17.330071,356498.441,6305468.158
PB1108,214,GCBB-83,1418,0,5,2025-10-22 16:12:19.357054,344197.978,6307115.646
PB1108,214,GCBB-96,7652,25,60,2025-10-22 16:12:19.357059,344197.978,6307115.646
PD169,D26,SPBF-31,4146,9,13,2025-10-22 16:12:20.868411,354786.279,6290923.264
PD169,D26,SPBP-90,10757,25,60,2025-10-22 16:12:20.868417,354786.279,6290923.264
PG970,228,THTD-52,6350,25,60,2025-10-22 16:12:22.798949,343682.304,6281843.818
PG970,228,THTD-61,8797,25,60,2025-10-22 16:12:22.798955,343682.304,6281843.818
PD462,D20,SVDD-95,4436,15,21,2025-10-22 16:12:25.073560,355007.532,6291422.702
PD462,418,PFYC-43,827,0,3,2025-10-22 16:12:25.073565,355007.532,6291422.702
PD462,418,PFTW-49,4388,25,60,2025-10-22 16:12:25.073567,355007.532,6291422.702
PD462,508,TBFR-49,3506,18,26,2025-10-22 16:12:25.073568,355007.532,6291422.702
PD462,508,FLXX-84,8226,25,60,2025-10-22 16:12:25.073569,355007.532,6291422.702
PH368,121,CJRZ-65,6409,25,60,2025-10-22 16:12:26.738111,344224.101,6291363.36
PH368,H06,BJFS-86,1699,6,8,2025-10-22 16:12:26.738116,344224.101,6291363.36
PH368,H06,CJRZ-85,4788,15,21,2025-10-22 16:12:26.738117,344224.101,6291363.36
PH368,H13,CJRB-13,6,0,3,2025-10-22 16:12:26.738118,344224.101,6291363.36
PH368,H13,FLXF-52,2810,9,13,2025-10-22 16:12:26.738119,344224.101,6291363.36
PF817,F33,LCTG-30,3236,10,14,2025-10-22 16:12:28.958070,351262.198,6278813.417
PH511,H05,VFPL-87,1476,7,9,2025-10-22 16:12:31.958270,347779.114,6291964.865
PH587,H07,CJRX-52,1,0,3,2025-10-22 16:12:33.376009,343583.672,6291748.851
PG748,211,TBYY-60,3805,12,18,2025-10-22 16:12:35.138154,341905.586,6279394.458
PG748,211,TBYY-68,4815,15,21,2025-10-22 16:12:35.138159,341905.586,6279394.458
PG748,G07,THTD-46,3450,13,19,2025-10-22 16:12:35.138160,341905.586,6279394.458
PG748,G07,THTG-72,7840,25,60,2025-10-22 16:12:35.138161,341905.586,6279394.458
PE346,E02,VKJY-57,173,0,3,2025-10-22 16:12:37.083239,353004.312,6285574.449
PE346,E11,VKJZ-78,139,0,3,2025-10-22 16:12:37.083244,353004.312,6285574.449
PE346,E11,VKJX-28,244,0,3,2025-10-22 16:12:37.083246,353004.312,6285574.449
PE346,E12,VFJS-16,2918,7,9,2025-10-22 16:12:37.083247,353004.312,6285574.449
PE346,E12,VFKW-18,3027,7,9,2025-10-22 16:12:37.083248,353004.312,6285574.449
PE1353,E14,VKJY-98,249,0,3,2025-10-22 16:12:39.087798,353425.263,6286925.747
PE1353,E12,VFJS-65,1500,0,5,2025-10-22 16:12:39.087807,353425.263,6286925.747
PE1353,E12,VFJV-14,5384,13,19,2025-10-22 16:12:39.087809,353425.263,6286925.747
PG417,444,SHXF-29,1529,0,5,2025-10-22 16:12:41.072070,343661.853,6287739.9
PG417,G34,THTD-94,5654,17,25,2025-10-22 16:12:41.072076,343661.853,6287739.9
PG417,G12,SCRZ-32,97,0,3,2025-10-22 16:12:41.072077,343661.853,6287739.9
PG417,G12,SFGY-19,2798,8,10,2025-10-22 16:12:41.072077,343661.853,6287739.9
PG417,223,SHCV-40,241,0,3,2025-10-22 16:12:41.072078,343661.853,6287739.9
PG417,223,SCRZ-19,691,0,4,2025-10-22 16:12:41.072079,343661.853,6287739.9
PG417,428,SHCY-54,451,0,3,2025-10-22 16:12:41.072080,343661.853,6287739.9
PG417,428,SLPC-10,948,0,3,2025-10-22 16:12:41.072081,343661.853,6287739.9
PJ1038,J10,VJBB-11,2338,7,9,2025-10-22 16:12:43.269020,340699.91,6297433.49
PJ1038,J10,VJJW-18,6447,20,28,2025-10-22 16:12:43.269025,340699.91,6297433.49
PJ1038,J19,VHLV-17,1231,5,7,2025-10-22 16:12:43.269026,340699.91,6297433.49
PJ1038,J19,VGTX-67,9799,25,60,2025-10-22 16:12:43.269027,340699.91,6297433.49
PJ1038,511,TBFT-92,2289,8,12,2025-10-22 16:12:43.269028,340699.91,6297433.49
PJ1038,511,TBFT-15,5591,20,28,2025-10-22 16:12:43.269029,340699.91,6297433.49
PJ1038,514,BJFB-15,1,0,3,2025-10-22 16:12:43.269029,340699.91,6297433.49
PJ1038,514,TBFV-24,4118,13,19,2025-10-22 16:12:43.269030,340699.91,6297433.49
PE548,322,BJFV-89,1100,4,6,2025-10-22 16:12:44.926893,354620.284,6289193.217
PE548,322,BJFW-98,3949,15,21,2025-10-22 16:12:44.926897,354620.284,6289193.217
PE548,323,FLXR-54,2138,5,7,2025-10-22 16:12:44.926898,354620.284,6289193.217
PH23,E04,VKJX-86,1861,0,5,2025-10-22 16:12:49.818308,349640.198,6291241.193
PH23,E04,VKJZ-75,4754,14,20,2025-10-22 16:12:49.818313,349640.198,6291241.193
PH23,212,SDGY-27,2166,7,9,2025-10-22 16:12:49.818314,349640.198,6291241.193
PH23,212,SRTG-94,2499,8,10,2025-10-22 16:12:49.818315,349640.198,6291241.193
PH23,102,SRVL-70,2427,7,9,2025-10-22 16:12:49.818316,349640.198,6291241.193
PH23,102,SRVL-59,3874,13,17,2025-10-22 16:12:49.818316,349640.198,6291241.193
PH23,103,SPBP-30,1,0,3,2025-10-22 16:12:49.818317,349640.198,6291241.193
PH23,103,SPBS-65,1795,9,11,2025-10-22 16:12:49.818318,349640.198,6291241.193
PH23,107,PFZK-70,1,0,3,2025-10-22 16:12:49.818319,349640.198,6291241.193
PH23,107,PFYC-84,342,0,3,2025-10-22 16:12:49.818320,349640.198,6291241.193
PH23,108,PFYR-75,103,0,3,2025-10-22 16:12:49.818321,349640.198,6291241.193
PH23,108,PGPT-19,612,0,3,2025-10-22 16:12:49.818321,349640.198,6291241.193
PC772,C10E,SPCG-64,845,0,4,2025-10-22 16:12:51.885729,356455.65,6309045.62
PC772,C10E,SPCG-48,5128,17,23,2025-10-22 16:12:51.885733,356455.65,6309045.62
PC772,C14,SKPL-35,1,0,3,2025-10-22 16:12:51.885734,356455.65,6309045.62
PC772,C14,SJPD-83,1846,7,9,2025-10-22 16:12:51.885735,356455.65,6309045.62
PC772,C17,SGPW-52,285,0,3,2025-10-22 16:12:51.885736,356455.65,6309045.62
PC772,C28,SGPY-74,1425,4,6,2025-10-22 16:12:51.885737,356455.65,6309045.62
PC772,C30E,SHXG-41,1,0,3,2025-10-22 16:12:51.885738,356455.65,6309045.62
PC772,C30E,SHCY-14,2410,9,13,2025-10-22 16:12:51.885739,356455.65,6309045.62
PH760,E04,VKJZ-27,4674,17,25,2025-10-22 16:12:53.495079,348640.919,6291754.832
PH760,E04,VKJX-31,6388,25,60,2025-10-22 16:12:53.495085,348640.919,6291754.832
PB1880,109,FLXK-33,527,0,3,2025-10-22 16:12:55.183172,341328.38,6302573.14
PB1880,109,GCBD-12,3248,8,12,2025-10-22 16:12:55.183177,341328.38,6302573.14
PB1880,105,SJPC-36,1,0,3,2025-10-22 16:12:55.183178,341328.38,6302573.14
PB1880,105,SHXG-32,1523,8,10,2025-10-22 16:12:55.183179,341328.38,6302573.14
PB1880,B09,SHCY-49,1886,9,11,2025-10-22 16:12:55.183180,341328.38,6302573.14
PB1880,B09,SHCY-32,5351,25,60,2025-10-22 16:12:55.183180,341328.38,6302573.14
PB1880,120,SJTD-61,2213,8,10,2025-10-22 16:12:55.183181,341328.38,6302573.14
PD296,412,PFVG-83,1771,5,7,2025-10-22 16:12:57.191372,356826.294,6297114.455
PD296,517,VHZX-61,1344,0,4,2025-10-22 16:12:57.191377,356826.294,6297114.455
PD296,225,SFWZ-45,1491,4,6,2025-10-22 16:12:57.191378,356826.294,6297114.455
PD296,225,SFWB-77,4098,13,17,2025-10-22 16:12:57.191378,356826.294,6297114.455
PI1317,481,PGPT-57,4081,11,15,2025-10-22 16:13:01.235726,339253.301,6290706.615
PI1317,481,PFVJ-23,7967,25,60,2025-10-22 16:13:01.235731,339253.301,6290706.615
PI1317,I04,FLXD-89,161,0,3,2025-10-22 16:13:01.235733,339253.301,6290706.615
PI1317,I04,FLXZ-67,4559,13,19,2025-10-22 16:13:01.235734,339253.301,6290706.615
PI1317,I18,VHTB-43,2438,9,13,2025-10-22 16:13:01.235734,339253.301,6290706.615
PI1317,I18,VHTB-58,6010,20,28,2025-10-22 16:13:01.235735,339253.301,6290706.615
PC703,517,VHZW-51,1463,0,5,2025-10-22 16:13:02.793269,351036.141,6299913.395
PC703,517,LXWS-40,1766,5,7,2025-10-22 16:13:02.793276,351036.141,6299913.395
PD19,114,LFGR-91,1,0,3,2025-10-22 16:13:05.347063,350769.211,6293383.274
PD19,103,SPBL-67,905,0,5,2025-10-22 16:13:05.347068,350769.211,6293383.274
PD19,103,SPBG-34,2311,8,10,2025-10-22 16:13:05.347069,350769.211,6293383.274
PD19,117,PGBY-36,874,0,5,2025-10-22 16:13:05.347070,350769.211,6293383.274
PD19,117,PGTV-30,7743,25,60,2025-10-22 16:13:05.347071,350769.211,6293383.274
PF391,F07,SPRW-22,1507,5,7,2025-10-22 16:13:07.253175,354622.828,6281879.962
PF391,F07,SPRX-22,2052,8,10,2025-10-22 16:13:07.253180,354622.828,6281879.962
PD790,D03,SVDF-66,2645,11,15,2025-10-22 16:13:09.204189,354427.454,6296141.18
PD790,D03,SVDF-69,4521,18,26,2025-10-22 16:13:09.204194,354427.454,6296141.18
PD790,D10,SVDF-64,1244,6,8,2025-10-22 16:13:09.204195,354427.454,6296141.18
PD790,D10,SVDD-29,1288,6,8,2025-10-22 16:13:09.204196,354427.454,6296141.18
PG2055,G35,SFPF-79,855,7,9,2025-10-22 16:13:11.144025,349993.0,6282546.0
PG2055,G35,SDSW-83,1575,9,13,2025-10-22 16:13:11.144031,349993.0,6282546.0
PI1517,I04,FLXF-89,1685,5,7,2025-10-22 16:13:13.089954,336124.222,6286525.457
PI1517,I04,FLXD-89,8453,25,60,2025-10-22 16:13:13.089958,336124.222,6286525.457
PD785,D03,SVDF-66,1329,5,7,2025-10-22 16:13:15.058993,354249.111,6297148.213
PD785,D03,SVDF-69,3213,13,17,2025-10-22 16:13:15.058997,354249.111,6297148.213
PD785,D09,SVDD-79,1,0,3,2025-10-22 16:13:15.058998,354249.111,6297148.213
PD785,D09,SVDC-46,1,0,3,2025-10-22 16:13:15.058999,354249.111,6297148.213
PD785,513,VJJW-78,5306,21,29,2025-10-22 16:13:15.059000,354249.111,6297148.213
PD785,513,VJJX-78,7016,25,60,2025-10-22 16:13:15.059001,354249.111,6297148.213
PI889,I14,CJRB-47,5554,25,60,2025-10-22 16:13:17.075670,339660.732,6291594.993
PI889,I14,CJRW-66,11343,25,60,2025-10-22 16:13:17.075675,339660.732,6291594.993
PI889,481,PGPS-92,326,0,3,2025-10-22 16:13:17.075676,339660.732,6291594.993
PI889,I26,PGPT-44,8247,25,60,2025-10-22 16:13:17.075677,339660.732,6291594.993
PI889,I04,FLXY-37,5867,15,21,2025-10-22 16:13:17.075678,339660.732,6291594.993
PI889,I04,FLXF-62,7502,17,25,2025-10-22 16:13:17.075679,339660.732,6291594.993
PJ1711,412,PGBY-73,942,9,11,2025-10-22 16:13:18.918744,336060.87,6299919.064
PJ1711,412,PFTW-26,2474,14,20,2025-10-22 16:13:18.918750,336060.87,6299919.064
PJ1711,422,GCBD-42,1772,7,9,2025-10-22 16:13:18.918752,336060.87,6299919.064
PI833,I03,FLXJ-27,657,0,3,2025-10-22 16:13:20.413423,340659.267,6296328.807
PI833,I03,FLXJ-28,1165,4,6,2025-10-22 16:13:20.413428,340659.267,6296328.807
PG1793,229,RYJG-96,213,0,3,2025-10-22 16:13:22.163157,346829.35,6287062.28
PG1793,229,LZPT-38,318,0,5,2025-10-22 16:13:22.163162,346829.35,6287062.28
PG1793,302,CJRC-46,1194,6,8,2025-10-22 16:13:22.163163,346829.35,6287062.28
PG1793,302,BJFX-40,1562,8,10,2025-10-22 16:13:22.163164,346829.35,6287062.28
PG1793,E18,BJFW-66,1259,13,17,2025-10-22 16:13:22.163165,346829.35,6287062.28
PG1793,E18,BJFV-87,3445,25,60,2025-10-22 16:13:22.163166,346829.35,6287062.28
PB1365,C18,SHXF-44,115,0,3,2025-10-22 16:13:24.026862,347430.177,6306642.631
PB1365,C18,SHXD-91,2322,4,6,2025-10-22 16:13:24.026867,347430.177,6306642.631
PG1276,G28,BJFX-15,270,0,3,2025-10-22 16:13:26.477492,344971.738,6284061.218
PG1276,G28,FLXK-47,5247,17,23,2025-10-22 16:13:26.477496,344971.738,6284061.218
PG1276,G13,SHXG-80,763,0,3,2025-10-22 16:13:26.477498,344971.738,6284061.218
PG1276,G13,SDSW-64,2650,9,13,2025-10-22 16:13:26.477498,344971.738,6284061.218
PG1276,G16,SFPG-30,7,0,3,2025-10-22 16:13:26.477499,344971.738,6284061.218
PG1276,G16,SFPG-29,2294,12,16,2025-10-22 16:13:26.477500,344971.738,6284061.218
PH290,118,FLXW-60,3322,9,13,2025-10-22 16:13:29.122391,342540.836,6289284.356
PH290,118,FLXX-87,6295,17,23,2025-10-22 16:13:29.122396,342540.836,6289284.356
PH290,120,LDJV-51,1444,0,5,2025-10-22 16:13:29.122397,342540.836,6289284.356
PH290,428,SKPH-72,1412,0,4,2025-10-22 16:13:29.122398,342540.836,6289284.356
PH290,428,SHCY-54,2851,8,10,2025-10-22 16:13:29.122399,342540.836,6289284.356
PH290,444,SHXF-29,3881,10,14,2025-10-22 16:13:29.122400,342540.836,6289284.356
PH290,119,BJFW-47,37,0,3,2025-10-22 16:13:29.122401,342540.836,6289284.356
PH290,119,CJRX-60,1858,0,4,2025-10-22 16:13:29.122402,342540.836,6289284.356
PH290,H06,FLXF-19,2426,5,7,2025-10-22 16:13:29.122404,342540.836,6289284.356
PH290,H06,FLXF-37,4410,11,15,2025-10-22 16:13:29.122405,342540.836,6289284.356
PG876,G05,SCRZ-11,1282,0,4,2025-10-22 16:13:31.201817,343873.434,6284404.261
PG876,G05,SFGY-14,3614,10,14,2025-10-22 16:13:31.201823,343873.434,6284404.261
PG876,G35,SFPF-80,2836,11,15,2025-10-22 16:13:31.201824,343873.434,6284404.261
PG876,G35,SFPF-86,6818,25,60,2025-10-22 16:13:31.201825,343873.434,6284404.261
PB1918,307,VHSX-88,7225,17,25,2025-10-22 16:13:33.019691,341113.13,6306854.79
PB1918,307,TWPD-98,13598,25,60,2025-10-22 16:13:33.019696,341113.13,6306854.79
PB1918,B32,STHC-51,265,0,3,2025-10-22 16:13:33.019697,341113.13,6306854.79
PB1918,B06,SKDH-69,3366,12,18,2025-10-22 16:13:33.019699,341113.13,6306854.79
PB1918,B06,SKDH-34,8025,25,60,2025-10-22 16:13:33.019700,341113.13,6306854.79
PB1918,B21,SKDJ-25,1113,4,6,2025-10-22 16:13:33.019701,341113.13,6306854.79
PB1918,B21,SKDG-26,3276,12,16,2025-10-22 16:13:33.019702,341113.13,6306854.79
PB1918,425,SJPC-70,1665,0,5,2025-10-22 16:13:33.019703,341113.13,6306854.79
PB1918,425,SGPW-41,2425,7,9,2025-10-22 16:13:33.019704,341113.13,6306854.79
PB1918,428,SLGT-10,1,0,3,2025-10-22 16:13:33.019705,341113.13,6306854.79
PB1918,428,SJPF-93,1696,9,11,2025-10-22 16:13:33.019706,341113.13,6306854.79
PB1918,429,SLGT-37,2210,8,10,2025-10-22 16:13:33.019707,341113.13,6306854.79
PB1918,429,SHXD-70,2337,8,10,2025-10-22 16:13:33.019708,341113.13,6306854.79
PB1918,303,FLXL-59,154,0,3,2025-10-22 16:13:33.019709,341113.13,6306854.79
PB1918,303,FLXF-16,2200,5,7,2025-10-22 16:13:33.019710,341113.13,6306854.79
PG136,206,SDGY-25,2370,7,9,2025-10-22 16:13:35.308504,348733.493,6284064.956
PG136,212,SRTK-16,428,0,3,2025-10-22 16:13:35.308510,348733.493,6284064.956
PG136,212,LZPG-14,475,0,3,2025-10-22 16:13:35.308511,348733.493,6284064.956
PG136,216,LXWT-98,3409,12,16,2025-10-22 16:13:35.308512,348733.493,6284064.956
PG136,216,SDGY-40,3700,12,18,2025-10-22 16:13:35.308513,348733.493,6284064.956
PG136,233,SFPG-39,3115,12,16,2025-10-22 16:13:35.308514,348733.493,6284064.956
PG136,233,SHXB-38,4462,20,28,2025-10-22 16:13:35.308515,348733.493,6284064.956
PD262,225,SFVZ-80,154,0,3,2025-10-22 16:13:37.285900,354189.537,6296600.298
PD262,225,SFWZ-40,3022,10,14,2025-10-22 16:13:37.285905,354189.537,6296600.298
PB443,303,FLXF-40,890,0,3,2025-10-22 16:13:39.317306,342678.94,6304940.25
PB443,303,FLXD-70,7110,20,28,2025-10-22 16:13:39.317310,342678.94,6304940.25
PB443,307,VHSX-88,3645,9,13,2025-10-22 16:13:39.317311,342678.94,6304940.25
PB443,307,TWPD-98,10030,25,60,2025-10-22 16:13:39.317312,342678.94,6304940.25
PB443,314,VFZK-51,2831,6,8,2025-10-22 16:13:39.317313,342678.94,6304940.25
PB443,314,TWPD-17,3457,7,9,2025-10-22 16:13:39.317314,342678.94,6304940.25
PJ303,502,FLXS-85,4353,12,16,2025-10-22 16:13:41.277776,339505.872,6300786.397
PJ303,502,BFKC-97,9991,25,60,2025-10-22 16:13:41.277781,339505.872,6300786.397
PJ303,J05,BJFF-48,3765,13,19,2025-10-22 16:13:41.277782,339505.872,6300786.397
PJ303,J05,GCBD-38,6182,25,60,2025-10-22 16:13:41.277783,339505.872,6300786.397
PJ303,542,TBFT-89,6091,25,60,2025-10-22 16:13:41.277784,339505.872,6300786.397
PJ303,542,TBFV-34,10876,25,60,2025-10-22 16:13:41.277785,339505.872,6300786.397
PI290,113,FLXW-96,684,0,3,2025-10-22 16:13:43.223873,339336.198,6290499.575
PI290,113,FLXW-66,1642,0,5,2025-10-22 16:13:43.223877,339336.198,6290499.575
PI290,115,PFXC-18,986,0,3,2025-10-22 16:13:43.223879,339336.198,6290499.575
PI290,115,PFXB-91,4452,9,13,2025-10-22 16:13:43.223879,339336.198,6290499.575
PB1267,B14,HPFL-22,85,0,3,2025-10-22 16:13:45.202268,347405.241,6302494.108
PF464,F11,SKHL-24,259,0,3,2025-10-22 16:13:47.179672,354455.707,6280884.432
PF464,F11,SKVB-10,1994,7,9,2025-10-22 16:13:47.179677,354455.707,6280884.432
PF464,204,VFPH-51,522,0,3,2025-10-22 16:13:47.179678,354455.707,6280884.432
PF464,204,VGBX-58,947,0,4,2025-10-22 16:13:47.179679,354455.707,6280884.432
PF464,F02,SHXD-57,5566,20,28,2025-10-22 16:13:47.179680,354455.707,6280884.432
PF464,F02,SHCY-60,8539,25,60,2025-10-22 16:13:47.179680,354455.707,6280884.432
PF464,F09,SPZY-16,149,0,3,2025-10-22 16:13:47.179681,354455.707,6280884.432
PF464,F09,LBTT-25,7803,25,60,2025-10-22 16:13:47.179682,354455.707,6280884.432
PF464,712,SHXD-92,259,0,3,2025-10-22 16:13:47.179683,354455.707,6280884.432
PF464,712,SHCW-68,820,0,3,2025-10-22 16:13:47.179684,354455.707,6280884.432
PG972,G28,CJRB-42,83,0,3,2025-10-22 16:13:49.205730,342841.858,6281768.989
PG972,G28,BJFX-15,4700,16,22,2025-10-22 16:13:49.205735,342841.858,6281768.989
PG972,G08V,FLXV-22,4477,14,20,2025-10-22 16:13:49.205736,342841.858,6281768.989
PG972,G08V,FLXV-20,6243,19,27,2025-10-22 16:13:49.205737,342841.858,6281768.989
PG972,G14,CJRL-19,2820,10,14,2025-10-22 16:13:49.205738,342841.858,6281768.989
PG32,271,FLXL-96,428,0,3,2025-10-22 16:13:51.411469,342019.77,6281250.03
PG32,271,TBYY-67,3490,11,15,2025-10-22 16:13:51.411474,342019.77,6281250.03
PG32,G27,THTG-85,3358,9,13,2025-10-22 16:13:51.411476,342019.77,6281250.03
PG32,G07,THTD-46,1065,6,8,2025-10-22 16:13:51.411477,342019.77,6281250.03
PG32,G07,THTG-72,5405,25,60,2025-10-22 16:13:51.411477,342019.77,6281250.03
PG32,201,GCBB-68,49,0,3,2025-10-22 16:13:51.411478,342019.77,6281250.03
PG32,201,GCBB-27,93,0,3,2025-10-22 16:13:51.411479,342019.77,6281250.03
PG32,211,TBYY-60,1209,5,7,2025-10-22 16:13:51.411480,342019.77,6281250.03
PG32,211,TBYY-68,1942,7,9,2025-10-22 16:13:51.411481,342019.77,6281250.03
PG32,G02,FLXP-27,769,0,5,2025-10-22 16:13:51.411482,342019.77,6281250.03
PG32,211C,THTD-16,1253,0,5,2025-10-22 16:13:51.411483,342019.77,6281250.03
PG32,211C,THTF-72,6757,19,27,2025-10-22 16:13:51.411483,342019.77,6281250.03
PG32,201E,VFHJ-43,2030,4,6,2025-10-22 16:13:51.411484,342019.77,6281250.03
PG32,201E,VFHL-46,7614,20,28,2025-10-22 16:13:51.411485,342019.77,6281250.03
PG32,G14,FLXX-22,119,0,3,2025-10-22 16:13:51.411486,342019.77,6281250.03
PG32,G14,CJRP-13,1404,7,9,2025-10-22 16:13:51.411487,342019.77,6281250.03
PG32,G28,FLXT-31,682,0,3,2025-10-22 16:13:51.411488,342019.77,6281250.03
PG32,G28,BJFZ-63,892,0,3,2025-10-22 16:13:51.411489,342019.77,6281250.03
PC936,C14,SKPJ-51,1117,5,7,2025-10-22 16:13:53.330662,354049.75,6305192.467
PC936,C14,SKPJ-47,2527,11,15,2025-10-22 16:13:53.330666,354049.75,6305192.467
PD137,117,PFYC-18,435,14,20,2025-10-22 16:13:55.729715,355037.169,6291039.841
PD137,418,PFYC-43,562,0,3,2025-10-22 16:13:55.729720,355037.169,6291039.841
PD137,418,PFTW-49,4670,25,60,2025-10-22 16:13:55.729721,355037.169,6291039.841
PD137,508,TBFR-49,3289,25,60,2025-10-22 16:13:55.729722,355037.169,6291039.841
PD137,508,FLXX-84,8481,25,60,2025-10-22 16:13:55.729723,355037.169,6291039.841
PD137,514,FLXW-64,449,0,3,2025-10-22 16:13:55.729724,355037.169,6291039.841
PD137,514,FLXK-31,592,0,5,2025-10-22 16:13:55.729724,355037.169,6291039.841
PG101,203,SRTK-48,3417,13,17,2025-10-22 16:13:57.226657,347734.48,6285331.912
PG101,203,LZPR-94,4536,16,22,2025-10-22 16:13:57.226662,347734.48,6285331.912
PG101,203C,LZPT-64,2428,9,13,2025-10-22 16:13:57.226663,347734.48,6285331.912
PG101,203C,SVPW-60,4565,16,22,2025-10-22 16:13:57.226664,347734.48,6285331.912
PG101,G11,THTG-58,1480,5,7,2025-10-22 16:13:57.226665,347734.48,6285331.912
PG101,G11,THTG-94,3076,12,16,2025-10-22 16:13:57.226666,347734.48,6285331.912
PC544,225,LXWT-86,1568,5,7,2025-10-22 16:13:58.708318,356354.538,6301402.596
PC544,225,SFWZ-55,3370,9,13,2025-10-22 16:13:58.708323,356354.538,6301402.596
PC544,722,STHJ-72,549,0,3,2025-10-22 16:13:58.708324,356354.538,6301402.596
PC544,C06,LWTK-60,3333,10,14,2025-10-22 16:13:58.708325,356354.538,6301402.596
PC544,D11,SVDD-48,1688,6,8,2025-10-22 16:13:58.708326,356354.538,6301402.596
PC544,D11,SVDF-63,3782,25,60,2025-10-22 16:13:58.708327,356354.538,6301402.596
PC544,503,VGTZ-27,286,0,3,2025-10-22 16:13:58.708327,356354.538,6301402.596
PC544,503,LZPG-51,1928,7,9,2025-10-22 16:13:58.708328,356354.538,6301402.596
PF670,F33,LCTG-31,1589,9,11,2025-10-22 16:14:00.603743,350603.56,6278735.195
PF670,F33,LCTG-28,5263,25,60,2025-10-22 16:14:00.603748,350603.56,6278735.195
PD1402,D05,SPBP-94,2194,25,60,2025-10-22 16:14:03.360054,355562.203,6295090.982
PD1402,D07,SVDD-45,1157,0,4,2025-10-22 16:14:03.360059,355562.203,6295090.982
PD1402,D07,SVDD-22,3236,9,11,2025-10-22 16:14:03.360060,355562.203,6295090.982
PD1402,D10,SVDD-35,6319,25,60,2025-10-22 16:14:03.360061,355562.203,6295090.982
PD1402,D10,SVDC-44,10066,25,60,2025-10-22 16:14:03.360061,355562.203,6295090.982
PD1402,418,SKPK-34,168,0,3,2025-10-22 16:14:03.360062,355562.203,6295090.982
PD1402,418,PFYC-28,4241,25,60,2025-10-22 16:14:03.360063,355562.203,6295090.982
PE1512,E10,CJRW-16,209,0,3,2025-10-22 16:14:05.753971,350794.0,6289580.0
PE1512,233,SHXG-70,3281,8,12,2025-10-22 16:14:05.753977,350794.0,6289580.0
PE1512,233,SCRW-48,5145,14,20,2025-10-22 16:14:05.753978,350794.0,6289580.0
PE1512,103,SPBG-22,249,0,3,2025-10-22 16:14:05.753979,350794.0,6289580.0
PE1512,103,SPBP-30,2893,17,25,2025-10-22 16:14:05.753980,350794.0,6289580.0
PC295,C01C,PGRZ-68,2010,7,9,2025-10-22 16:14:07.755217,356005.54,6303834.87
PC295,C01C,PGTV-20,4217,13,17,2025-10-22 16:14:07.755222,356005.54,6303834.87
PC295,406C,SKWD-78,16790,25,60,2025-10-22 16:14:07.755223,356005.54,6303834.87
PC295,406C,SKWD-68,21214,25,60,2025-10-22 16:14:07.755224,356005.54,6303834.87
PC295,430,PFVG-93,285,0,3,2025-10-22 16:14:07.755225,356005.54,6303834.87
PC295,430,PGBY-61,2587,6,8,2025-10-22 16:14:07.755226,356005.54,6303834.87
PC295,406,SZZY-79,985,0,4,2025-10-22 16:14:07.755227,356005.54,6303834.87
PC295,406,TBFV-98,995,0,4,2025-10-22 16:14:07.755227,356005.54,6303834.87
PC295,426,FDJX-70,46,0,3,2025-10-22 16:14:07.755228,356005.54,6303834.87
PC295,426,FLXS-92,1732,5,7,2025-10-22 16:14:07.755229,356005.54,6303834.87
PC295,C01,LCSX-49,2153,8,10,2025-10-22 16:14:07.755230,356005.54,6303834.87
PC295,C01,LDJJ-67,4696,16,22,2025-10-22 16:14:07.755231,356005.54,6303834.87
PC295,C19,SKPJ-81,1067,0,4,2025-10-22 16:14:07.755231,356005.54,6303834.87
PC295,C19,FLXT-87,4453,13,19,2025-10-22 16:14:07.755232,356005.54,6303834.87
PC295,C28,SGPY-79,1,0,3,2025-10-22 16:14:07.755233,356005.54,6303834.87
PC295,C28,SKPJ-50,2060,9,11,2025-10-22 16:14:07.755234,356005.54,6303834.87
PB1633,117,PGBY-70,4171,11,15,2025-10-22 16:14:09.687440,345966.567,6305637.115
PB1633,117,SPBP-96,4484,12,16,2025-10-22 16:14:09.687445,345966.567,6305637.115
PB1633,B22,SKPS-22,1785,6,8,2025-10-22 16:14:09.687446,345966.567,6305637.115
PB1633,B22,SKPS-19,4778,17,25,2025-10-22 16:14:09.687447,345966.567,6305637.115
PB1068,B09,SHCY-32,2434,14,20,2025-10-22 16:14:11.691136,339520.645,6303439.106
PB1068,B09,SHCY-34,9601,25,60,2025-10-22 16:14:11.691140,339520.645,6303439.106
PB1068,B29,SKHG-74,156,0,3,2025-10-22 16:14:11.691142,339520.645,6303439.106
PB1068,B29,SKHG-85,5399,17,25,2025-10-22 16:14:11.691143,339520.645,6303439.106
PJ932,J10,VHZX-51,98,0,3,2025-10-22 16:14:13.592173,336589.473,6298450.571
PJ932,J10,VHXF-24,475,0,3,2025-10-22 16:14:13.592178,336589.473,6298450.571
PB1184,B11,SKDG-85,4115,25,60,2025-10-22 16:14:15.455975,348313.399,6303012.265
PB1184,B11,SKDG-81,8375,25,60,2025-10-22 16:14:15.455980,348313.399,6303012.265
PB1184,B15,LDTB-87,871,0,3,2025-10-22 16:14:15.455981,348313.399,6303012.265
PF190,712,SJPD-86,9301,25,60,2025-10-22 16:14:17.607007,357955.551,6280215.252
PF190,712,LBTT-13,12225,25,60,2025-10-22 16:14:17.607012,357955.551,6280215.252
PF190,F01,SPVW-85,786,0,3,2025-10-22 16:14:17.607013,357955.551,6280215.252
PF190,F01,SPVT-74,6320,25,60,2025-10-22 16:14:17.607014,357955.551,6280215.252
PF190,F24,SPVT-92,1742,0,4,2025-10-22 16:14:17.607015,357955.551,6280215.252
PF190,F24,SPRV-91,5154,13,19,2025-10-22 16:14:17.607016,357955.551,6280215.252
PF190,F29,SRPJ-75,2161,8,10,2025-10-22 16:14:17.607017,357955.551,6280215.252
PF190,F29,SPVW-99,7481,25,60,2025-10-22 16:14:17.607017,357955.551,6280215.252
PI986,I24,FLXZ-33,2155,6,8,2025-10-22 16:14:19.405490,338729.256,6287882.473
PD1039,D09,SVDF-41,7423,25,60,2025-10-22 16:14:24.776420,352337.199,6297708.326
PD1039,D09,SVDD-39,9453,25,60,2025-10-22 16:14:24.776427,352337.199,6297708.326
PD1649,D01,SVDF-56,393,0,3,2025-10-22 16:14:26.746631,357881.0,6294037.0
PE33,108,PGPT-18,1,0,3,2025-10-22 16:14:28.915035,352658.105,6290998.657
PE33,102,SRVL-59,523,0,4,2025-10-22 16:14:28.915040,352658.105,6290998.657
PE33,102,LCPW-28,2271,8,10,2025-10-22 16:14:28.915041,352658.105,6290998.657
PI1336,I24,VHSY-41,2009,9,13,2025-10-22 16:14:32.006102,336802.739,6289136.479
PI1336,I24,FLXZ-45,3060,12,18,2025-10-22 16:14:32.006107,336802.739,6289136.479
PI1336,111,FLXY-62,2893,10,14,2025-10-22 16:14:32.006108,336802.739,6289136.479
PI1336,111,FLXZ-76,6630,25,60,2025-10-22 16:14:32.006109,336802.739,6289136.479
PI1336,I04,FLXD-89,3908,12,16,2025-10-22 16:14:32.006110,336802.739,6289136.479
PI1336,I04,FLXZ-67,8201,25,60,2025-10-22 16:14:32.006111,336802.739,6289136.479
PI1336,I11,RWRP-55,251,0,3,2025-10-22 16:14:32.006112,336802.739,6289136.479
PI1336,I11,FLXY-98,2643,11,15,2025-10-22 16:14:32.006113,336802.739,6289136.479
PI1336,I12,FLXY-31,3323,14,20,2025-10-22 16:14:32.006114,336802.739,6289136.479
PI1336,I12,FLXW-67,6744,25,60,2025-10-22 16:14:32.006115,336802.739,6289136.479
PI1336,I35,SHXB-39,2486,9,11,2025-10-22 16:14:32.006116,336802.739,6289136.479
PI1336,I35,SDSW-94,2706,9,13,2025-10-22 16:14:32.006117,336802.739,6289136.479
PG107,203,SRTK-45,4208,20,28,2025-10-22 16:14:33.647618,347966.851,6285709.882
PG107,E18,BJFX-61,363,5,7,2025-10-22 16:14:33.647624,347966.851,6285709.882
PG107,G04,SDSW-62,648,0,3,2025-10-22 16:14:33.647625,347966.851,6285709.882
PG107,G04,SFPF-93,2015,7,9,2025-10-22 16:14:33.647626,347966.851,6285709.882
PG107,G18,SCRZ-17,688,0,4,2025-10-22 16:14:33.647627,347966.851,6285709.882
PG107,G18,SHXB-33,3958,14,20,2025-10-22 16:14:33.647628,347966.851,6285709.882
PG107,F05,SPZX-77,1,0,3,2025-10-22 16:14:33.647629,347966.851,6285709.882
PF156,F14,SPRY-39,1,0,3,2025-10-22 16:14:37.433111,354735.295,6281151.75
PF156,F14,SPRX-20,1895,8,12,2025-10-22 16:14:37.433116,354735.295,6281151.75
PF156,712,SHXD-92,164,0,3,2025-10-22 16:14:37.433117,354735.295,6281151.75
PF156,712,SHCW-68,1143,0,5,2025-10-22 16:14:37.433118,354735.295,6281151.75
PJ1774,513,VHZY-30,1323,7,9,2025-10-22 16:14:40.806373,342660.819,6299632.266
PJ1774,513,VJJR-39,1353,7,9,2025-10-22 16:14:40.806377,342660.819,6299632.266
PJ1774,109,GCBC-80,362,0,3,2025-10-22 16:14:40.806378,342660.819,6299632.266
PJ1774,109,FLXK-33,4032,14,20,2025-10-22 16:14:40.806379,342660.819,6299632.266
PJ1774,105,SJPC-36,3435,9,13,2025-10-22 16:14:40.806380,342660.819,6299632.266
PJ1774,105,SHXG-32,4819,15,21,2025-10-22 16:14:40.806381,342660.819,6299632.266
PJ1774,120,SJTD-64,1894,5,7,2025-10-22 16:14:40.806382,342660.819,6299632.266
PJ1774,120,SPZX-46,2114,6,8,2025-10-22 16:14:40.806383,342660.819,6299632.266
PJ1774,505,VHXJ-34,3146,12,16,2025-10-22 16:14:40.806384,342660.819,6299632.266
PJ1774,505,LXWR-85,3916,14,20,2025-10-22 16:14:40.806384,342660.819,6299632.266
PI310,111,FLXZ-80,1714,5,7,2025-10-22 16:14:42.821927,334203.566,6285023.286
PI310,111,FLXW-95,3264,9,11,2025-10-22 16:14:42.821932,334203.566,6285023.286
PI310,113,FLXY-63,3102,8,10,2025-10-22 16:14:42.821933,334203.566,6285023.286
PI310,113,FLXW-96,8835,19,27,2025-10-22 16:14:42.821934,334203.566,6285023.286
PI310,I11,FLXY-84,1973,7,9,2025-10-22 16:14:42.821936,334203.566,6285023.286
PI310,I11,FLXZ-19,2529,8,10,2025-10-22 16:14:42.821937,334203.566,6285023.286
PB678,272,VGBX-78,352,0,3,2025-10-22 16:14:44.274258,348014.23,6303966.738
PB678,272,VFHV-57,7042,25,60,2025-10-22 16:14:44.274264,348014.23,6303966.738
PB678,B01,TXZH-39,568,0,3,2025-10-22 16:14:44.274265,348014.23,6303966.738
PB678,B01,LDJW-31,3056,10,14,2025-10-22 16:14:44.274266,348014.23,6303966.738
PF1003,F26,SRPJ-92,1,0,3,2025-10-22 16:14:46.187731,352435.45,6281594.0
PG2077,G34,THTD-94,9403,25,60,2025-10-22 16:14:48.182659,341623.0,6284563.0
PG2077,G34,THTD-40,13541,25,60,2025-10-22 16:14:48.182664,341623.0,6284563.0
PG2077,G39,SHCX-24,1394,0,5,2025-10-22 16:14:48.182665,341623.0,6284563.0
PG2077,G39,SHXB-19,5161,14,20,2025-10-22 16:14:48.182666,341623.0,6284563.0
PG2077,G01,THTD-25,1477,5,7,2025-10-22 16:14:48.182667,341623.0,6284563.0
PG2077,G01,THTF-82,7654,25,60,2025-10-22 16:14:48.182667,341623.0,6284563.0
PD1047,D09,SVDC-30,2828,11,15,2025-10-22 16:14:50.761332,357511.688,6296109.672
PD1047,D09,SVDD-79,3269,12,16,2025-10-22 16:14:50.761338,357511.688,6296109.672
PD1047,D10,SVDC-54,2469,8,10,2025-10-22 16:14:50.761339,357511.688,6296109.672
PD1047,D10,SVDF-64,4937,19,27,2025-10-22 16:14:50.761340,357511.688,6296109.672
PD1047,D11,SVDC-16,5274,18,26,2025-10-22 16:14:50.761340,357511.688,6296109.672
PD1047,D11,SVDD-33,6201,20,28,2025-10-22 16:14:50.761341,357511.688,6296109.672
PD1047,513,VJBB-51,935,0,3,2025-10-22 16:14:50.761342,357511.688,6296109.672
PD1047,513,LZPH-34,1696,6,8,2025-10-22 16:14:50.761343,357511.688,6296109.672
PD1047,517,VJJV-98,2266,8,10,2025-10-22 16:14:50.761344,357511.688,6296109.672
PD1047,517,VJJR-36,6697,25,60,2025-10-22 16:14:50.761345,357511.688,6296109.672
PI1554,I08,FLXX-74,207,0,3,2025-10-22 16:14:52.719577,335132.732,6293019.787
PI1554,I12,FLXY-33,8394,25,60,2025-10-22 16:14:52.719582,335132.732,6293019.787
PI1554,I12,FLXY-47,9155,25,60,2025-10-22 16:14:52.719584,335132.732,6293019.787
PI1554,I22,FLXY-14,146,0,3,2025-10-22 16:14:52.719585,335132.732,6293019.787
PI1554,I02,FLXY-76,4385,25,60,2025-10-22 16:14:52.719586,335132.732,6293019.787
PI1554,I02,FLXZ-47,5410,25,60,2025-10-22 16:14:52.719587,335132.732,6293019.787
PB1494,116,HRKT-53,1971,6,8,2025-10-22 16:14:54.736421,348660.66,6305715.3
PB1494,116,HPFJ-99,9099,25,60,2025-10-22 16:14:54.736426,348660.66,6305715.3
PB1494,B05,SPCG-69,1656,5,7,2025-10-22 16:14:54.736427,348660.66,6305715.3
PB1494,117,PGBY-70,13,0,3,2025-10-22 16:14:54.736428,348660.66,6305715.3
PB1494,117,SPBP-96,347,0,3,2025-10-22 16:14:54.736429,348660.66,6305715.3
PB1494,117C,SPBF-54,12222,25,60,2025-10-22 16:14:54.736430,348660.66,6305715.3
PB1494,C18,SHXF-42,7387,25,60,2025-10-22 16:14:54.736431,348660.66,6305715.3
PB1494,C18,SHXD-86,9135,25,60,2025-10-22 16:14:54.736432,348660.66,6305715.3
PF460,F09,LBTT-25,6727,25,60,2025-10-22 16:14:56.804697,353632.65,6280887.31
PF460,F15,STHF-56,4178,15,21,2025-10-22 16:14:56.804703,353632.65,6280887.31
PF460,F25,SRVG-65,5893,21,29,2025-10-22 16:14:56.804704,353632.65,6280887.31
PF460,F25,SRVG-68,9728,25,60,2025-10-22 16:14:56.804705,353632.65,6280887.31
PF460,124,SRVG-98,2102,9,13,2025-10-22 16:14:56.804706,353632.65,6280887.31
PF460,124,LCPG-40,2340,10,14,2025-10-22 16:14:56.804707,353632.65,6280887.31
PF460,F01,SPVV-83,406,0,3,2025-10-22 16:14:56.804708,353632.65,6280887.31
PF460,F01,SPVW-61,1042,0,5,2025-10-22 16:14:56.804709,353632.65,6280887.31
PF460,F10,SRRW-69,1,0,3,2025-10-22 16:14:56.804710,353632.65,6280887.31
PF460,F10,SRRX-58,1524,6,8,2025-10-22 16:14:56.804711,353632.65,6280887.31
PF460,F13,SRPK-36,1787,7,9,2025-10-22 16:14:56.804712,353632.65,6280887.31
PF460,F13,SRPK-19,3212,14,20,2025-10-22 16:14:56.804713,353632.65,6280887.31
PF460,F16,SPRW-83,1301,0,4,2025-10-22 16:14:56.804714,353632.65,6280887.31
PJ1725,J02,VHXJ-10,96,0,3,2025-10-22 16:14:58.208793,338148.96,6298969.46
PJ1725,J02,VHXD-95,3708,10,14,2025-10-22 16:14:58.208799,338148.96,6298969.46
PJ1725,J18,VJBB-70,1144,0,5,2025-10-22 16:14:58.208800,338148.96,6298969.46
PJ1725,J18,VHZW-81,5250,17,25,2025-10-22 16:14:58.208801,338148.96,6298969.46
PF632,F29,SPVV-95,266,0,3,2025-10-22 16:15:00.137747,352026.947,6279894.231
PF632,F29,SPVW-62,1209,4,6,2025-10-22 16:15:00.137752,352026.947,6279894.231
PF632,F02,SHXD-57,1621,5,7,2025-10-22 16:15:00.137754,352026.947,6279894.231
PF632,F02,SHCY-60,4730,16,22,2025-10-22 16:15:00.137755,352026.947,6279894.231
PF632,F15,LCTG-37,665,0,3,2025-10-22 16:15:00.137756,352026.947,6279894.231
PF632,F15,LCPG-52,2531,8,10,2025-10-22 16:15:00.137756,352026.947,6279894.231
PJ1060,542,TBFT-64,1336,5,7,2025-10-22 16:15:02.807222,336716.67,6300488.327
PJ1060,542,TBFT-89,8362,25,60,2025-10-22 16:15:02.807227,336716.67,6300488.327
PJ1060,J04,FLXW-40,2328,7,9,2025-10-22 16:15:02.807229,336716.67,6300488.327
PJ1060,J04,GCBC-71,5319,17,25,2025-10-22 16:15:02.807229,336716.67,6300488.327
PJ1060,J05,GCBC-49,1320,7,9,2025-10-22 16:15:02.807230,336716.67,6300488.327
PJ1060,J05,BJFF-48,7271,25,60,2025-10-22 16:15:02.807231,336716.67,6300488.327
PJ1060,J16,FLXD-35,25,0,3,2025-10-22 16:15:02.807232,336716.67,6300488.327
PJ1060,J16,TBFW-72,2115,6,8,2025-10-22 16:15:02.807233,336716.67,6300488.327
PJ1060,J20,FLXS-73,3413,12,16,2025-10-22 16:15:02.807233,336716.67,6300488.327
PJ1060,J20,TBFV-31,7683,25,60,2025-10-22 16:15:02.807234,336716.67,6300488.327
PJ1604,J07,VJBB-81,569,0,4,2025-10-22 16:15:06.612547,338110.927,6298072.327
PJ1604,J07E,VHZZ-81,289,0,3,2025-10-22 16:15:06.612553,338110.927,6298072.327
PJ1604,511,TBFR-25,1779,0,5,2025-10-22 16:15:06.612554,338110.927,6298072.327
PJ1604,511,TBFW-51,1784,0,5,2025-10-22 16:15:06.612555,338110.927,6298072.327
PJ1604,J20,TBFV-31,3762,9,13,2025-10-22 16:15:06.612555,338110.927,6298072.327
PG624,206,LZPT-62,756,0,4,2025-10-22 16:15:08.770177,346373.237,6283418.658
PG624,206,LZPW-20,3697,12,18,2025-10-22 16:15:08.770183,346373.237,6283418.658
PG624,G28,FLXK-47,2600,9,11,2025-10-22 16:15:08.770185,346373.237,6283418.658
PG624,G28,BJFS-57,4677,12,16,2025-10-22 16:15:08.770187,346373.237,6283418.658
PG624,F06,SPZY-66,2930,11,15,2025-10-22 16:15:08.770189,346373.237,6283418.658
PG624,F06,SPZX-95,4039,16,22,2025-10-22 16:15:08.770190,346373.237,6283418.658
PG1600,G14,CJRP-12,1229,0,3,2025-10-22 16:15:10.720711,344317.86,6277731.179
PG1600,G24,CJRP-15,270,0,3,2025-10-22 16:15:10.720716,344317.86,6277731.179
PB368,B12,SKDF-92,5902,18,26,2025-10-22 16:15:12.765204,345487.916,6304894.12
PB368,B12,SKDF-67,6706,20,28,2025-10-22 16:15:12.765209,345487.916,6304894.12
PB368,B21,SKDJ-88,3197,12,16,2025-10-22 16:15:12.765210,345487.916,6304894.12
PB368,B21,SKDH-71,6619,19,27,2025-10-22 16:15:12.765211,345487.916,6304894.12
PB368,272,GCBB-14,606,0,3,2025-10-22 16:15:12.765212,345487.916,6304894.12
PB368,272,VFHW-46,2558,16,22,2025-10-22 16:15:12.765213,345487.916,6304894.12
PA14,109,FLXS-86,201,0,3,2025-10-22 16:15:15.280740,344339.11,6297247.12
PA14,109,TBFX-26,4878,12,18,2025-10-22 16:15:15.280745,344339.11,6297247.12
PA14,345,CJRX-58,5675,16,22,2025-10-22 16:15:15.280746,344339.11,6297247.12
PA14,345,FLXD-99,9187,25,60,2025-10-22 16:15:15.280747,344339.11,6297247.12
PA14,I18,FLXY-93,4541,13,17,2025-10-22 16:15:15.280748,344339.11,6297247.12
PA14,I18,VHSX-89,6949,25,60,2025-10-22 16:15:15.280748,344339.11,6297247.12
PA14,507,GCBC-86,3006,11,15,2025-10-22 16:15:15.280749,344339.11,6297247.12
PA14,507,GCBD-79,5931,25,60,2025-10-22 16:15:15.280750,344339.11,6297247.12
PA14,511,GCBC-77,1293,7,9,2025-10-22 16:15:15.280751,344339.11,6297247.12
PA14,511,TBFV-13,1704,9,13,2025-10-22 16:15:15.280752,344339.11,6297247.12
PA496,H07,CJRW-26,1073,4,6,2025-10-22 16:15:17.580941,347391.14,6295202.758
PA496,H07,CJRX-52,8293,25,60,2025-10-22 16:15:17.580946,347391.14,6295202.758
PA496,H13,BJFZ-92,1860,8,10,2025-10-22 16:15:17.580948,347391.14,6295202.758
PA496,H13,CJRB-13,5407,19,27,2025-10-22 16:15:17.580949,347391.14,6295202.758
PA496,511,TBFV-95,2071,9,11,2025-10-22 16:15:17.580950,347391.14,6295202.758
PA496,511,TBFX-72,2307,9,13,2025-10-22 16:15:17.580951,347391.14,6295202.758
PA496,D05,SPBS-58,821,0,5,2025-10-22 16:15:17.580952,347391.14,6295202.758
PH473,223,SHCV-40,1416,5,7,2025-10-22 16:15:19.379387,342760.581,6288809.889
PH473,223,SCRZ-19,1812,6,8,2025-10-22 16:15:19.379392,342760.581,6288809.889
PH473,H03,CJRW-47,1,0,3,2025-10-22 16:15:19.379393,342760.581,6288809.889
PG684,G01,THTF-82,3428,12,18,2025-10-22 16:15:21.638890,343691.12,6286818.648
PG684,G01,THTH-19,3762,14,20,2025-10-22 16:15:21.638895,343691.12,6286818.648
PG584,G28,BJFS-96,2594,9,13,2025-10-22 16:15:23.900803,346912.159,6283332.423
PG584,G28,BJFZ-32,7741,25,60,2025-10-22 16:15:23.900807,346912.159,6283332.423
PG584,F06,SPZY-48,702,0,3,2025-10-22 16:15:23.900809,346912.159,6283332.423
PG584,F06,SPZY-59,4152,15,21,2025-10-22 16:15:23.900809,346912.159,6283332.423
PI961,I24,VHSX-69,1,0,3,2025-10-22 16:15:27.918430,330517.82,6291793.636
PI961,I24,VHSX-92,4880,14,20,2025-10-22 16:15:27.918435,330517.82,6291793.636
PG481,E05,FLXJ-47,1962,10,14,2025-10-22 16:15:30.951549,347714.421,6288774.375
PG481,E05,BJFV-10,5133,20,28,2025-10-22 16:15:30.951554,347714.421,6288774.375
PG481,G01,THTF-95,676,0,4,2025-10-22 16:15:30.951556,347714.421,6288774.375
PG481,G01,THTF-17,2543,9,11,2025-10-22 16:15:30.951557,347714.421,6288774.375
PG600,233,SHXG-73,1238,0,5,2025-10-22 16:15:33.072070,349759.15,6282023.295
PG600,233,SDSW-74,5351,13,19,2025-10-22 16:15:33.072075,349759.15,6282023.295
PG600,F06,SPZX-63,1458,9,11,2025-10-22 16:15:33.072077,349759.15,6282023.295
PG600,F06,SRVL-13,2263,12,16,2025-10-22 16:15:33.072078,349759.15,6282023.295
PG1804,G34,THTD-40,1405,0,3,2025-10-22 16:15:36.607687,342881.0,6285905.0
PG1804,G22,THTF-57,1313,0,3,2025-10-22 16:15:36.607692,342881.0,6285905.0
PG1804,G22,THTF-86,1757,0,3,2025-10-22 16:15:36.607693,342881.0,6285905.0
PG1804,G01,THTD-18,1201,0,3,2025-10-22 16:15:36.607694,342881.0,6285905.0
PI390,I09,RWRP-74,4117,11,15,2025-10-22 16:15:38.924296,338154.1,6294353.43
PI390,I09,RWRP-60,4629,12,18,2025-10-22 16:15:38.924301,338154.1,6294353.43
PI390,106,PGPT-29,8327,25,60,2025-10-22 16:15:38.924302,338154.1,6294353.43
PI390,401,PFBG-41,933,0,3,2025-10-22 16:15:38.924303,338154.1,6294353.43
PI390,401,PDZS-80,5514,17,23,2025-10-22 16:15:38.924304,338154.1,6294353.43
PI390,405,PFYG-97,535,0,3,2025-10-22 16:15:38.924305,338154.1,6294353.43
PI390,405,PFVK-80,7864,25,60,2025-10-22 16:15:38.924306,338154.1,6294353.43
PI390,419,PFYG-96,4393,13,19,2025-10-22 16:15:38.924307,338154.1,6294353.43
PI390,419,PFVG-59,5777,15,21,2025-10-22 16:15:38.924307,338154.1,6294353.43
PI390,421,PFBF-98,5219,25,60,2025-10-22 16:15:38.924308,338154.1,6294353.43
PI390,421,PFYH-11,8176,25,60,2025-10-22 16:15:38.924309,338154.1,6294353.43
PI390,I08,FLXX-62,1057,0,4,2025-10-22 16:15:38.924310,338154.1,6294353.43
PI390,I08,FLXW-86,1898,6,8,2025-10-22 16:15:38.924310,338154.1,6294353.43
PJ287,503,LZPG-45,541,0,3,2025-10-22 16:15:43.228869,343642.284,6299439.638
PJ287,503,VGVG-35,1675,5,7,2025-10-22 16:15:43.228874,343642.284,6299439.638
PJ287,502,TBFW-66,1737,6,8,2025-10-22 16:15:43.228875,343642.284,6299439.638
PJ287,502,BJFD-73,2072,7,9,2025-10-22 16:15:43.228876,343642.284,6299439.638
PJ287,504,TBFS-30,1958,8,10,2025-10-22 16:15:43.228877,343642.284,6299439.638
PJ287,504,GCBD-36,2909,11,15,2025-10-22 16:15:43.228878,343642.284,6299439.638
PJ287,518,FLXV-56,1405,7,9,2025-10-22 16:15:43.228879,343642.284,6299439.638
PJ287,518,PFXC-61,1560,7,9,2025-10-22 16:15:43.228879,343642.284,6299439.638
PJ287,J03,FLXS-89,1943,7,9,2025-10-22 16:15:43.228880,343642.284,6299439.638
PJ287,J03,FDJX-73,4889,15,21,2025-10-22 16:15:43.228881,343642.284,6299439.638
PJ287,517,VJJX-48,247,0,3,2025-10-22 16:15:43.228882,343642.284,6299439.638
PJ287,517,VHZX-60,5799,17,25,2025-10-22 16:15:43.228883,343642.284,6299439.638
PJ294,J05,BJFF-48,280,0,3,2025-10-22 16:15:44.852964,342394.843,6300180.361
PJ294,J05,GCBD-38,2724,11,15,2025-10-22 16:15:44.852968,342394.843,6300180.361
PJ294,542,TBFT-89,1494,0,5,2025-10-22 16:15:44.852969,342394.843,6300180.361
PJ294,542,TBFV-34,7821,25,60,2025-10-22 16:15:44.852970,342394.843,6300180.361
PJ294,502,FLXS-85,1067,0,5,2025-10-22 16:15:44.852971,342394.843,6300180.361
PJ294,502,BFKC-97,6649,25,60,2025-10-22 16:15:44.852972,342394.843,6300180.361
PB1234,B22,SKPS-34,1,0,3,2025-10-22 16:15:49.289631,345214.059,6305968.062
PB1234,B41,GCBB-35,45,0,3,2025-10-22 16:15:49.289637,345214.059,6305968.062
PB1234,B41,GCBB-92,6212,17,25,2025-10-22 16:15:49.289638,345214.059,6305968.062
PB1234,B18,LDJW-49,41,0,3,2025-10-22 16:15:49.289640,345214.059,6305968.062
PJ1562,B26,FLXP-71,4315,12,18,2025-10-22 16:15:51.315129,344018.14,6300151.38
PJ1562,B26,FLXS-48,6189,19,27,2025-10-22 16:15:51.315135,344018.14,6300151.38
PF909,F03C,SHXD-84,5612,20,28,2025-10-22 16:15:53.255967,349405.406,6279670.636
PE312,E14,VKJX-74,6722,25,60,2025-10-22 16:15:55.227883,354730.972,6286358.665
PE312,E01,VKJY-90,900,0,4,2025-10-22 16:15:55.227889,354730.972,6286358.665
PE312,E01,VKJX-73,2835,12,16,2025-10-22 16:15:55.227890,354730.972,6286358.665
PF3,F08,SPVW-82,1,0,3,2025-10-22 16:15:57.692895,355682.113,6284530.968
PF3,F08,SPVW-83,2007,7,9,2025-10-22 16:15:57.692900,355682.113,6284530.968
PF3,102,LBTS-88,2627,9,13,2025-10-22 16:15:57.692901,355682.113,6284530.968
PF3,102,SPZY-28,7798,25,60,2025-10-22 16:15:57.692902,355682.113,6284530.968
PF3,124,LCPG-50,899,0,3,2025-10-22 16:15:57.692903,355682.113,6284530.968
PF3,124,SRVL-21,4278,13,19,2025-10-22 16:15:57.692904,355682.113,6284530.968
PF3,712,SHCX-28,1,0,3,2025-10-22 16:15:57.692904,355682.113,6284530.968
PF3,712,SHCW-67,9958,25,60,2025-10-22 16:15:57.692905,355682.113,6284530.968
PF3,104,SKWD-75,630,0,3,2025-10-22 16:15:57.692906,355682.113,6284530.968
PF3,104,SKWD-93,4008,12,16,2025-10-22 16:15:57.692907,355682.113,6284530.968
PF3,114,SKWD-20,1601,0,5,2025-10-22 16:15:57.692908,355682.113,6284530.968
PF3,114,SKVD-63,2092,5,7,2025-10-22 16:15:57.692908,355682.113,6284530.968
PF3,F07,SPRY-45,763,0,4,2025-10-22 16:15:57.692909,355682.113,6284530.968
PF3,F07,SPRW-22,5641,19,27,2025-10-22 16:15:57.692910,355682.113,6284530.968
PD219,225,SFWB-77,107,0,3,2025-10-22 16:16:00.635985,353892.98,6296685.438
PD219,225,GCBF-53,179,0,3,2025-10-22 16:16:00.635990,353892.98,6296685.438
PD219,286,SCRZ-38,402,0,3,2025-10-22 16:16:00.635991,353892.98,6296685.438
PD219,286,SFPG-63,11816,25,60,2025-10-22 16:16:00.635992,353892.98,6296685.438
PD219,712,SHCW-70,5734,14,20,2025-10-22 16:16:00.635993,353892.98,6296685.438
PD219,712,SHCW-65,9088,25,60,2025-10-22 16:16:00.635993,353892.98,6296685.438
PD219,D10,SVDD-29,1,0,3,2025-10-22 16:16:00.635994,353892.98,6296685.438
PD219,D10,SVDD-35,8981,25,60,2025-10-22 16:16:00.635995,353892.98,6296685.438
PD219,505,LXWR-69,1,0,3,2025-10-22 16:16:00.635996,353892.98,6296685.438
PD219,505,LXWS-39,1,0,3,2025-10-22 16:16:00.635997,353892.98,6296685.438
PD219,216,SRTK-49,8427,25,60,2025-10-22 16:16:00.635998,353892.98,6296685.438
PD219,216,SFST-36,8635,25,60,2025-10-22 16:16:00.635999,353892.98,6296685.438
PB1117,B22,SKPS-34,2722,8,12,2025-10-22 16:16:04.129492,344601.318,6304340.457
PB1117,230,GCBB-22,27,0,3,2025-10-22 16:16:04.129497,344601.318,6304340.457
PB1117,230,GCBB-24,1978,8,10,2025-10-22 16:16:04.129498,344601.318,6304340.457
PB1117,272,VFHL-81,630,8,10,2025-10-22 16:16:04.129499,344601.318,6304340.457
PB1117,272,VFPC-31,3134,17,25,2025-10-22 16:16:04.129500,344601.318,6304340.457
PB1117,B01,SJTD-56,263,0,3,2025-10-22 16:16:04.129501,344601.318,6304340.457
PB1117,B01,TXZH-39,4476,9,13,2025-10-22 16:16:04.129501,344601.318,6304340.457
PB1117,B10,TXZH-31,1029,0,4,2025-10-22 16:16:04.129502,344601.318,6304340.457
PE1261,E18,BJFX-61,419,4,6,2025-10-22 16:16:07.359760,348936.453,6286211.303
PE1261,F05,SPZX-77,101,0,3,2025-10-22 16:16:07.359765,348936.453,6286211.303
PE1261,E11,VKJZ-15,622,0,4,2025-10-22 16:16:07.359766,348936.453,6286211.303
PE1261,E11,VKJX-56,1537,8,10,2025-10-22 16:16:07.359767,348936.453,6286211.303
PG1106,G11,THTF-54,1275,0,5,2025-10-22 16:16:09.302550,347756.981,6290013.414
PG1106,G11,THTC-94,5041,19,27,2025-10-22 16:16:09.302554,347756.981,6290013.414
PE148,210,RWTP-94,1966,0,5,2025-10-22 16:16:11.541569,352097.142,6288226.154
PE148,210,LZRD-89,2405,5,7,2025-10-22 16:16:11.541574,352097.142,6288226.154
PE148,210V,VFPS-89,2883,7,9,2025-10-22 16:16:11.541575,352097.142,6288226.154
PE148,210V,RYJG-94,3530,10,14,2025-10-22 16:16:11.541576,352097.142,6288226.154
PE148,213E,SRVH-22,6310,16,22,2025-10-22 16:16:11.541577,352097.142,6288226.154
PE148,213E,SRVG-83,8527,25,60,2025-10-22 16:16:11.541578,352097.142,6288226.154
PA40,508,LXWR-67,2980,14,20,2025-10-22 16:16:13.756120,347639.797,6299068.384
PA40,508,FLXX-47,3129,15,21,2025-10-22 16:16:13.756124,347639.797,6299068.384
PA40,514,CJRZ-81,1314,0,4,2025-10-22 16:16:13.756125,347639.797,6299068.384
PA40,514,FLXK-42,3324,11,15,2025-10-22 16:16:13.756126,347639.797,6299068.384
PA40,505,VHZW-91,3041,11,15,2025-10-22 16:16:13.756127,347639.797,6299068.384
PA40,505,LXWR-70,3050,11,15,2025-10-22 16:16:13.756127,347639.797,6299068.384
PA40,517,VHZX-21,912,0,3,2025-10-22 16:16:13.756128,347639.797,6299068.384
PA40,517,VHXK-53,3749,12,18,2025-10-22 16:16:13.756129,347639.797,6299068.384
PJ822,J07E,VHZZ-81,8605,25,60,2025-10-22 16:16:19.324402,329948.824,6299353.579
PJ259,511,TBFR-48,327,0,3,2025-10-22 16:16:21.342699,336679.95,6301394.52
PJ259,505,VJBC-50,2294,4,6,2025-10-22 16:16:21.342705,336679.95,6301394.52
PJ259,408,LXWR-71,14,0,3,2025-10-22 16:16:21.342706,336679.95,6301394.52
PJ259,502,TBFS-45,189,0,3,2025-10-22 16:16:21.342708,336679.95,6301394.52
PJ259,502,GCBC-65,832,0,3,2025-10-22 16:16:21.342709,336679.95,6301394.52
PI1800,I03,FLXF-42,1163,0,5,2025-10-22 16:16:22.920975,342640.28,6297528.44
PI428,106,PFVC-58,347,0,3,2025-10-22 16:16:24.920264,335537.978,6289129.827
PI428,106,PFVJ-22,7907,25,60,2025-10-22 16:16:24.920269,335537.978,6289129.827
PI428,401,PDYH-96,206,0,3,2025-10-22 16:16:24.920270,335537.978,6289129.827
PI428,401,PFYG-83,681,0,4,2025-10-22 16:16:24.920271,335537.978,6289129.827
PI428,421,PFVK-95,6550,25,60,2025-10-22 16:16:24.920272,335537.978,6289129.827
PI428,421,PDZH-82,13263,25,60,2025-10-22 16:16:24.920273,335537.978,6289129.827
PI428,423,PGPT-31,1076,0,4,2025-10-22 16:16:24.920274,335537.978,6289129.827
PI428,423,PFYR-76,4213,16,22,2025-10-22 16:16:24.920274,335537.978,6289129.827
PI428,I10,FLXJ-24,1411,5,7,2025-10-22 16:16:24.920275,335537.978,6289129.827
PI428,I10,FLXL-23,2125,7,9,2025-10-22 16:16:24.920276,335537.978,6289129.827
PG454,E03,BJFZ-28,794,0,3,2025-10-22 16:16:26.503828,345758.102,6289447.556
PJ578,J01,FDJX-80,990,0,5,2025-10-22 16:16:28.483241,341593.878,6301661.552
PJ578,J01,FLXD-29,2073,9,13,2025-10-22 16:16:28.483246,341593.878,6301661.552
PJ578,J16,TBFT-87,1991,6,8,2025-10-22 16:16:28.483247,341593.878,6301661.552
PJ578,J16,TBFW-82,6970,20,28,2025-10-22 16:16:28.483248,341593.878,6301661.552
PD98,104,SKWD-28,1,0,3,2025-10-22 16:16:30.459353,351475.53,6295794.27
PD98,104,LDJJ-87,86,0,3,2025-10-22 16:16:30.459357,351475.53,6295794.27
PD98,106,PFVD-55,160,0,3,2025-10-22 16:16:30.459358,351475.53,6295794.27
PD98,106,PFYS-99,1277,0,5,2025-10-22 16:16:30.459359,351475.53,6295794.27
PD98,224,VFPX-83,1830,5,7,2025-10-22 16:16:30.459360,351475.53,6295794.27
PD98,224,VFPS-86,5054,15,21,2025-10-22 16:16:30.459361,351475.53,6295794.27
PD98,212,LZPS-23,555,0,4,2025-10-22 16:16:30.459362,351475.53,6295794.27
PD98,212,LZPR-81,668,0,5,2025-10-22 16:16:30.459363,351475.53,6295794.27
PD98,126,FLXH-10,1882,6,8,2025-10-22 16:16:30.459364,351475.53,6295794.27
PD98,126,BJFW-13,2665,8,12,2025-10-22 16:16:30.459364,351475.53,6295794.27
PI812,I03,FLXJ-21,2697,9,11,2025-10-22 16:16:32.366103,335538.911,6289869.586
PJ1983,508,FLXY-16,1979,10,14,2025-10-22 16:16:34.424775,335732.0,6300101.0
PJ1983,422,GCBD-42,1,0,3,2025-10-22 16:16:34.424780,335732.0,6300101.0
PJ1983,422,GCBF-27,1,0,3,2025-10-22 16:16:34.424781,335732.0,6300101.0
PJ1983,412,PFTW-26,900,4,6,2025-10-22 16:16:34.424782,335732.0,6300101.0
PJ1983,418,SKPL-36,2363,10,14,2025-10-22 16:16:34.424783,335732.0,6300101.0
PE274,514,FLXW-64,844,0,4,2025-10-22 16:16:36.017610,355691.789,6290854.686
PE274,514,FLXK-31,902,0,4,2025-10-22 16:16:36.017615,355691.789,6290854.686
PE274,D26,SPBP-90,3170,11,15,2025-10-22 16:16:36.017616,355691.789,6290854.686
PJ603,J01,FLXH-80,184,0,3,2025-10-22 16:16:37.624872,340656.186,6301582.459
PJ603,J01,FLXD-30,3028,10,14,2025-10-22 16:16:37.624877,340656.186,6301582.459
PE570,E08,VKJY-74,1242,0,3,2025-10-22 16:16:39.253405,352615.449,6288164.2
PH281,H09,VGRC-33,3333,11,15,2025-10-22 16:16:41.426357,345989.202,6293939.1
PH281,302,BJFS-49,731,0,3,2025-10-22 16:16:41.426362,345989.202,6293939.1
PH281,302,BJFW-81,1381,0,4,2025-10-22 16:16:41.426363,345989.202,6293939.1
PH281,H12,CJRW-15,605,0,3,2025-10-22 16:16:41.426364,345989.202,6293939.1
PH281,H12,FLXD-67,4764,17,25,2025-10-22 16:16:41.426365,345989.202,6293939.1
PH281,H13,CJRB-13,2353,8,10,2025-10-22 16:16:41.426365,345989.202,6293939.1
PH281,H13,FLXF-52,4776,15,21,2025-10-22 16:16:41.426366,345989.202,6293939.1
PH466,227,VFPS-39,57,0,3,2025-10-22 16:16:43.402863,342973.817,6291600.51
PH466,227,VFPL-71,3813,13,19,2025-10-22 16:16:43.402868,342973.817,6291600.51
PH466,H03,CJRW-46,1078,0,5,2025-10-22 16:16:43.402869,342973.817,6291600.51
PH466,H03,CJRX-46,2512,8,10,2025-10-22 16:16:43.402870,342973.817,6291600.51
PH466,H08,FLXF-22,2266,9,11,2025-10-22 16:16:43.402871,342973.817,6291600.51
PH466,348,VHSX-87,1583,6,8,2025-10-22 16:16:43.402872,342973.817,6291600.51
PF225,F12,SRVJ-78,3990,14,20,2025-10-22 16:16:45.413850,351274.128,6279307.616
PF225,F12,STHF-69,8063,25,60,2025-10-22 16:16:45.413855,351274.128,6279307.616
PF225,F15,STHD-26,4499,16,22,2025-10-22 16:16:45.413857,351274.128,6279307.616
PF225,F15,LBTS-94,5121,18,26,2025-10-22 16:16:45.413858,351274.128,6279307.616
PF225,F18,SRVJ-43,550,0,3,2025-10-22 16:16:45.413859,351274.128,6279307.616
PF225,F25,LCPG-37,1477,0,5,2025-10-22 16:16:45.413860,351274.128,6279307.616
PF225,F25,SRVG-49,1787,5,7,2025-10-22 16:16:45.413861,351274.128,6279307.616
PF225,F03,SPVW-79,424,0,3,2025-10-22 16:16:45.413861,351274.128,6279307.616
PF225,F03,SPVV-66,3693,14,20,2025-10-22 16:16:45.413863,351274.128,6279307.616
PF225,F10,SRRY-53,452,0,3,2025-10-22 16:16:45.413864,351274.128,6279307.616
PF225,F10,SRRW-61,2929,9,13,2025-10-22 16:16:45.413865,351274.128,6279307.616
PF225,F13,SRSC-54,2800,8,12,2025-10-22 16:16:45.413866,351274.128,6279307.616
PF225,F13,SRRW-90,3296,11,15,2025-10-22 16:16:45.413867,351274.128,6279307.616
PF225,F03C,SHXD-84,2268,7,9,2025-10-22 16:16:45.413868,351274.128,6279307.616
PH403,385,FLXK-68,1013,0,5,2025-10-22 16:16:49.720053,348150.38,6294519.381
PH403,385,FLXK-61,5174,25,60,2025-10-22 16:16:49.720058,348150.38,6294519.381
PH403,E04,VKJX-31,1681,9,13,2025-10-22 16:16:49.720059,348150.38,6294519.381
PE55,118,FLXX-37,1482,5,7,2025-10-22 16:16:51.843628,354596.237,6290552.511
PE55,126,BJFV-82,1364,5,7,2025-10-22 16:16:51.843633,354596.237,6290552.511
PE55,126,FLXT-36,1676,6,8,2025-10-22 16:16:51.843634,354596.237,6290552.511
PE55,E17,FLXT-30,2296,9,13,2025-10-22 16:16:51.843635,354596.237,6290552.511
PD270,225,SFWB-96,755,0,3,2025-10-22 16:16:53.509562,352380.316,6291671.191
PD270,225,SFWZ-10,2101,4,6,2025-10-22 16:16:53.509567,352380.316,6291671.191
PD270,514,FLXH-92,6244,25,60,2025-10-22 16:16:53.509568,352380.316,6291671.191
PD270,514,PFWZ-84,6269,25,60,2025-10-22 16:16:53.509569,352380.316,6291671.191
PD270,712,SHCW-67,1721,0,4,2025-10-22 16:16:53.509570,352380.316,6291671.191
PD270,712,LBTT-15,2511,5,7,2025-10-22 16:16:53.509570,352380.316,6291671.191
PC1244,C01,LCPW-44,1236,0,5,2025-10-22 16:16:55.176822,360181.59,6307548.51
PC1244,C01,LDJJ-78,5188,17,23,2025-10-22 16:16:55.176827,360181.59,6307548.51
PC1244,409,PGTV-15,3046,11,15,2025-10-22 16:16:55.176828,360181.59,6307548.51
PC1244,409,PFZK-93,7734,25,60,2025-10-22 16:16:55.176829,360181.59,6307548.51
PH67,105,LXDJ-11,8130,25,60,2025-10-22 16:16:56.944250,342365.707,6289551.91
PH67,105,SJPC-36,13534,25,60,2025-10-22 16:16:56.944255,342365.707,6289551.91
PH67,120,SKHG-14,608,0,3,2025-10-22 16:16:56.944257,342365.707,6289551.91
PH67,120,TXZH-38,8232,25,60,2025-10-22 16:16:56.944258,342365.707,6289551.91
PH67,321,BJFS-91,1034,0,4,2025-10-22 16:16:56.944259,342365.707,6289551.91
PH67,321,FLXP-95,5122,16,22,2025-10-22 16:16:56.944260,342365.707,6289551.91
PH67,125,CJRX-42,3574,13,17,2025-10-22 16:16:56.944261,342365.707,6289551.91
PH67,125,BJFX-20,7122,25,60,2025-10-22 16:16:56.944262,342365.707,6289551.91
PH67,H03,CJRW-46,3423,11,15,2025-10-22 16:16:56.944263,342365.707,6289551.91
PH67,H03,CJRX-46,4853,15,21,2025-10-22 16:16:56.944264,342365.707,6289551.91
PH67,H08,BJFX-14,2395,8,12,2025-10-22 16:16:56.944265,342365.707,6289551.91
PH67,H08,CJRX-67,2575,9,13,2025-10-22 16:16:56.944266,342365.707,6289551.91
PH67,345,CJRX-68,1471,5,7,2025-10-22 16:16:56.944267,342365.707,6289551.91
PH67,345,CJRW-14,10594,25,60,2025-10-22 16:16:56.944268,342365.707,6289551.91
PH67,I05,VHSX-74,1607,7,9,2025-10-22 16:16:56.944269,342365.707,6289551.91
PH67,I05,VHSY-42,6239,20,28,2025-10-22 16:16:56.944270,342365.707,6289551.91
PB423,303,FLXD-74,5155,9,13,2025-10-22 16:16:58.753626,343739.77,6302287.92
PB423,303,FLXK-69,8640,20,28,2025-10-22 16:16:58.753631,343739.77,6302287.92
PB423,307,VHSX-96,2282,0,5,2025-10-22 16:16:58.753632,343739.77,6302287.92
PB423,307,TWPD-28,3259,5,7,2025-10-22 16:16:58.753633,343739.77,6302287.92
PB423,314,TWPC-57,1947,0,5,2025-10-22 16:16:58.753634,343739.77,6302287.92
PB423,314,VHTB-40,2107,0,5,2025-10-22 16:16:58.753634,343739.77,6302287.92
PC745,712,SJPF-90,882,0,4,2025-10-22 16:17:00.660637,353924.538,6305468.167
PC745,C07,SGPY-69,1556,4,6,2025-10-22 16:17:00.660642,353924.538,6305468.167
PD650,511,FLXW-23,456,0,3,2025-10-22 16:17:02.591550,349906.419,6296113.203
PD650,511,TBFX-22,1869,4,6,2025-10-22 16:17:02.591556,349906.419,6296113.203
PD61,126,FLXT-38,3639,11,15,2025-10-22 16:17:04.654274,351457.4,6295869.674
PD61,104,LDSV-96,238,0,3,2025-10-22 16:17:04.654279,351457.4,6295869.674
PD61,104,LDSV-99,742,0,5,2025-10-22 16:17:04.654280,351457.4,6295869.674
PD61,106,PFYR-95,2749,8,10,2025-10-22 16:17:04.654281,351457.4,6295869.674
PD61,106,PFVD-62,4190,12,18,2025-10-22 16:17:04.654282,351457.4,6295869.674
PD61,224,VGBV-35,1338,6,8,2025-10-22 16:17:04.654283,351457.4,6295869.674
PD61,212,SVPX-44,288,0,3,2025-10-22 16:17:04.654283,351457.4,6295869.674
PD61,212,SDGY-15,1834,8,12,2025-10-22 16:17:04.654284,351457.4,6295869.674
PI989,I24,FLXZ-33,3504,9,11,2025-10-22 16:17:06.439532,337374.83,6288123.37
PI1444,I18,FLXZ-37,8307,18,26,2025-10-22 16:17:08.388485,340533.572,6293291.558
PI1444,I18,VHTB-70,8603,19,27,2025-10-22 16:17:08.388489,340533.572,6293291.558
PI1444,I25,FLXL-70,1,0,3,2025-10-22 16:17:08.388491,340533.572,6293291.558
PI1444,I25,FLXL-17,1,0,3,2025-10-22 16:17:08.388491,340533.572,6293291.558
PG379,301,BJFW-87,1,0,3,2025-10-22 16:17:10.385533,344691.0,6284160.0
PG379,301,BJFW-99,638,0,4,2025-10-22 16:17:10.385539,344691.0,6284160.0
PA347,419,PDZH-84,1019,0,4,2025-10-22 16:17:12.815395,345406.258,6297979.76
PA347,421,PFVK-81,3466,12,18,2025-10-22 16:17:12.815400,345406.258,6297979.76
PA347,421,PDYS-12,4563,17,23,2025-10-22 16:17:12.815401,345406.258,6297979.76
PA347,I09,FLXZ-15,780,0,4,2025-10-22 16:17:12.815402,345406.258,6297979.76
PA347,I09,FLXY-89,1088,4,6,2025-10-22 16:17:12.815403,345406.258,6297979.76
PA347,510,GCBD-30,2401,8,10,2025-10-22 16:17:12.815403,345406.258,6297979.76
PA347,510,TBFS-34,5590,16,24,2025-10-22 16:17:12.815404,345406.258,6297979.76
PA347,516,TBFR-29,1453,4,6,2025-10-22 16:17:12.815405,345406.258,6297979.76
PA347,516,GCBF-15,1808,6,8,2025-10-22 16:17:12.815406,345406.258,6297979.76
PA347,519,FLXW-11,1588,6,8,2025-10-22 16:17:12.815406,345406.258,6297979.76
PA347,519,PFXC-27,2728,10,14,2025-10-22 16:17:12.815407,345406.258,6297979.76
PA347,401,PDYR-94,453,0,3,2025-10-22 16:17:12.815408,345406.258,6297979.76
PA347,401,PFTF-84,3388,15,21,2025-10-22 16:17:12.815409,345406.258,6297979.76
PA347,405,PDYR-98,44,0,3,2025-10-22 16:17:12.815410,345406.258,6297979.76
PA347,405,PFVK-88,4504,25,60,2025-10-22 16:17:12.815411,345406.258,6297979.76
PA347,424,FLXK-39,1316,4,6,2025-10-22 16:17:12.815412,345406.258,6297979.76
PA347,106,PFVC-45,71,0,3,2025-10-22 16:17:12.815412,345406.258,6297979.76
PA347,106,PFVJ-17,531,0,3,2025-10-22 16:17:12.815413,345406.258,6297979.76
PC99,C07,LDTF-50,714,0,4,2025-10-22 16:17:14.798200,353813.41,6303824.817
PC99,C07,SKPJ-83,3202,13,19,2025-10-22 16:17:14.798204,353813.41,6303824.817
PC99,C11,SGPY-24,1,0,3,2025-10-22 16:17:14.798206,353813.41,6303824.817
PC99,C11,SLYB-61,3049,11,15,2025-10-22 16:17:14.798206,353813.41,6303824.817
PC99,C14,SKPJ-47,1,0,3,2025-10-22 16:17:14.798207,353813.41,6303824.817
PC99,C14,SKPH-80,1559,7,9,2025-10-22 16:17:14.798208,353813.41,6303824.817
PC99,216,LZPR-88,3988,10,14,2025-10-22 16:17:14.798209,353813.41,6303824.817
PC99,216,SVPX-54,4080,11,15,2025-10-22 16:17:14.798210,353813.41,6303824.817
PJ649,412,LXWP-80,1287,5,7,2025-10-22 16:17:17.291076,338918.628,6298991.925
PJ649,412,PFVG-94,2350,9,13,2025-10-22 16:17:17.291081,338918.628,6298991.925
PJ649,J02,VHXJ-10,185,0,3,2025-10-22 16:17:17.291082,338918.628,6298991.925
PJ649,J02,VHXD-95,3586,9,13,2025-10-22 16:17:17.291083,338918.628,6298991.925
PJ649,J18,VJJX-18,1,0,3,2025-10-22 16:17:17.291084,338918.628,6298991.925
PJ649,J18,VJBB-70,1090,0,5,2025-10-22 16:17:17.291085,338918.628,6298991.925
PJ322,J18,VJJX-58,384,0,3,2025-10-22 16:17:19.257096,337210.488,6299205.993
PJ322,J18,VHZY-11,3573,12,16,2025-10-22 16:17:19.257100,337210.488,6299205.993
PJ322,503,VGTZ-70,1264,5,7,2025-10-22 16:17:19.257102,337210.488,6299205.993
PJ322,503,VHLP-48,3114,12,16,2025-10-22 16:17:19.257102,337210.488,6299205.993
PJ322,511,TBFR-25,2533,9,13,2025-10-22 16:17:19.257103,337210.488,6299205.993
PJ322,511,TBFW-51,2769,10,14,2025-10-22 16:17:19.257104,337210.488,6299205.993
PJ322,J15C,TBFX-27,56,0,3,2025-10-22 16:17:19.257105,337210.488,6299205.993
PJ322,J20,FLXS-73,931,0,4,2025-10-22 16:17:19.257106,337210.488,6299205.993
PJ322,J20,TBFV-31,5077,17,25,2025-10-22 16:17:19.257106,337210.488,6299205.993
PF183,F01,SPVT-74,3823,13,17,2025-10-22 16:17:22.820821,355863.14,6279990.97
PF183,F01,SPVV-83,4361,16,22,2025-10-22 16:17:22.820826,355863.14,6279990.97
PF183,F11,SKVB-16,3087,11,15,2025-10-22 16:17:22.820827,355863.14,6279990.97
PF183,F11,SKVB-31,4403,17,23,2025-10-22 16:17:22.820828,355863.14,6279990.97
PI752,111,FLXZ-58,378,0,3,2025-10-22 16:17:24.829288,339252.903,6296982.986
PI752,111,FLXW-99,462,0,3,2025-10-22 16:17:24.829292,339252.903,6296982.986
PI752,510,TBFX-79,861,0,3,2025-10-22 16:17:24.829293,339252.903,6296982.986
PI752,510,PFXC-54,3101,9,13,2025-10-22 16:17:24.829294,339252.903,6296982.986
PI752,514,FLXD-46,1,0,3,2025-10-22 16:17:24.829295,339252.903,6296982.986
PI752,514,TBFV-24,1053,5,7,2025-10-22 16:17:24.829296,339252.903,6296982.986
PI752,516,PFXB-95,844,0,3,2025-10-22 16:17:24.829297,339252.903,6296982.986
PI752,516,PFXB-80,4106,10,14,2025-10-22 16:17:24.829297,339252.903,6296982.986
PI752,J11,FLXT-62,2211,6,8,2025-10-22 16:17:24.829298,339252.903,6296982.986
PI752,J12,TBFP-78,1015,0,4,2025-10-22 16:17:24.829299,339252.903,6296982.986
PI752,J12,TBFR-90,8984,25,60,2025-10-22 16:17:24.829300,339252.903,6296982.986
PI752,J17,FLXD-61,632,0,3,2025-10-22 16:17:24.829301,339252.903,6296982.986
PI752,J17,FLXT-95,6288,17,23,2025-10-22 16:17:24.829301,339252.903,6296982.986
PI752,418,PGLD-67,856,0,4,2025-10-22 16:17:24.829302,339252.903,6296982.986
PI752,418,PFVH-12,965,0,5,2025-10-22 16:17:24.829303,339252.903,6296982.986
PH1507,H03,BJFS-53,100,0,3,2025-10-22 16:17:26.495125,341709.522,6288433.514
PH1507,H03,CJRW-46,6077,25,60,2025-10-22 16:17:26.495131,341709.522,6288433.514
PD515,505,VHZY-61,1811,5,7,2025-10-22 16:17:28.242381,354783.556,6295341.774
PD515,505,VHZY-31,2392,7,9,2025-10-22 16:17:28.242386,354783.556,6295341.774
PD515,516,TBFR-53,448,0,3,2025-10-22 16:17:28.242387,354783.556,6295341.774
PD515,516,TBFW-38,601,0,3,2025-10-22 16:17:28.242388,354783.556,6295341.774
PC163,430,PGLD-68,72,0,3,2025-10-22 16:17:30.428050,353770.496,6302109.18
PC163,430,PGBF-42,3404,13,19,2025-10-22 16:17:30.428055,353770.496,6302109.18
PC163,401,PDZS-89,2527,9,13,2025-10-22 16:17:30.428056,353770.496,6302109.18
PC163,401,PFVK-99,4346,19,27,2025-10-22 16:17:30.428057,353770.496,6302109.18
PC163,421,PDZS-78,3911,16,24,2025-10-22 16:17:30.428058,353770.496,6302109.18
PC163,421,PFYG-86,16847,25,60,2025-10-22 16:17:30.428059,353770.496,6302109.18
PC163,406,TBFS-52,2476,9,11,2025-10-22 16:17:30.428060,353770.496,6302109.18
PC163,406,GCBC-59,3744,16,22,2025-10-22 16:17:30.428060,353770.496,6302109.18
PC163,407,GCBC-93,2127,5,7,2025-10-22 16:17:30.428061,353770.496,6302109.18
PC163,407,TBFV-94,3746,11,15,2025-10-22 16:17:30.428062,353770.496,6302109.18
PC163,426,FLXD-25,1982,6,8,2025-10-22 16:17:30.428063,353770.496,6302109.18
PC163,426,BJFC-78,2453,8,10,2025-10-22 16:17:30.428064,353770.496,6302109.18
PC163,C01,LDJJ-84,2037,8,10,2025-10-22 16:17:30.428065,353770.496,6302109.18
PC163,C02,LCSX-54,249,0,3,2025-10-22 16:17:30.428065,353770.496,6302109.18
PC163,C02,LCPW-50,3645,15,21,2025-10-22 16:17:30.428066,353770.496,6302109.18
PF525,F11,SKVB-11,870,0,3,2025-10-22 16:17:32.272673,357798.8,6280898.804
PF525,F11,SKVB-16,5531,15,21,2025-10-22 16:17:32.272678,357798.8,6280898.804
PF525,F24,SPRW-86,392,0,3,2025-10-22 16:17:32.272680,357798.8,6280898.804
PC1016,426,BJFJ-25,2929,10,14,2025-10-22 16:17:35.031687,350986.391,6301264.916
PC1016,426,FDJX-70,4987,16,24,2025-10-22 16:17:35.031693,350986.391,6301264.916
PC1016,412,PFVG-85,2268,5,7,2025-10-22 16:17:35.031694,350986.391,6301264.916
PC1016,412,PFTW-35,2682,6,8,2025-10-22 16:17:35.031695,350986.391,6301264.916
PC1016,418,SKPL-34,2767,8,12,2025-10-22 16:17:35.031696,350986.391,6301264.916
PC1016,418,SHXF-87,5246,15,21,2025-10-22 16:17:35.031697,350986.391,6301264.916
PC1016,401,PDZT-12,1,0,3,2025-10-22 16:17:35.031698,350986.391,6301264.916
PC1016,401,PDZH-87,856,4,6,2025-10-22 16:17:35.031699,350986.391,6301264.916
PC1016,421,PGBB-65,4133,18,26,2025-10-22 16:17:35.031700,350986.391,6301264.916
PC1016,421,PDZH-71,9076,25,60,2025-10-22 16:17:35.031701,350986.391,6301264.916
PC1016,503,VGVG-37,456,0,3,2025-10-22 16:17:35.031702,350986.391,6301264.916
PC1016,503,VGVB-45,2666,7,9,2025-10-22 16:17:35.031703,350986.391,6301264.916
PC1016,406,TBFS-69,817,0,3,2025-10-22 16:17:35.031704,350986.391,6301264.916
PC1016,406,TBFR-26,3062,8,12,2025-10-22 16:17:35.031705,350986.391,6301264.916
PC1016,407,PFXB-29,600,0,3,2025-10-22 16:17:35.031706,350986.391,6301264.916
PC1016,407,TBFT-33,1211,0,5,2025-10-22 16:17:35.031707,350986.391,6301264.916
PC790,C10E,SPCG-73,2062,5,7,2025-10-22 16:17:39.606744,356774.42,6308346.69
PC790,C10E,LDTG-57,9872,25,60,2025-10-22 16:17:39.606749,356774.42,6308346.69
PC790,C14,SKPP-26,214,0,3,2025-10-22 16:17:39.606750,356774.42,6308346.69
PC790,C14,SKPK-61,3706,7,9,2025-10-22 16:17:39.606751,356774.42,6308346.69
PC790,C17,SJPB-27,2693,7,9,2025-10-22 16:17:39.606752,356774.42,6308346.69
PC790,C28,SKPK-29,609,0,3,2025-10-22 16:17:39.606753,356774.42,6308346.69
PC790,C28,SGPY-87,1788,0,5,2025-10-22 16:17:39.606754,356774.42,6308346.69
PC790,C30E,SJPD-78,5094,17,23,2025-10-22 16:17:39.606754,356774.42,6308346.69
PC790,C30E,SKPH-69,12883,25,60,2025-10-22 16:17:39.606755,356774.42,6308346.69
PF600,207,LZPR-82,1869,7,9,2025-10-22 16:17:41.592528,349222.496,6277738.532
PF600,207,LZPT-41,2871,9,11,2025-10-22 16:17:41.592532,349222.496,6277738.532
PI253,506,PFXB-71,3799,12,16,2025-10-22 16:17:44.302597,337219.545,6293153.279
PI253,506,PFXB-23,4170,13,19,2025-10-22 16:17:44.302602,337219.545,6293153.279
PI253,506V,PFXC-22,2985,9,11,2025-10-22 16:17:44.302603,337219.545,6293153.279
PI253,506V,SZZY-86,3943,11,15,2025-10-22 16:17:44.302604,337219.545,6293153.279
PI253,110,TBFT-76,2054,0,5,2025-10-22 16:17:44.302605,337219.545,6293153.279
PI253,110,CJRW-73,2419,6,8,2025-10-22 16:17:44.302606,337219.545,6293153.279
PI253,106,PFVJ-22,2181,4,6,2025-10-22 16:17:44.302606,337219.545,6293153.279
PI253,106,PFYS-48,6561,16,22,2025-10-22 16:17:44.302607,337219.545,6293153.279
PI253,401,PFBG-21,8275,25,60,2025-10-22 16:17:44.302608,337219.545,6293153.279
PI253,401,PFBG-38,8785,25,60,2025-10-22 16:17:44.302609,337219.545,6293153.279
PI253,419,PFVJ-21,1092,0,4,2025-10-22 16:17:44.302609,337219.545,6293153.279
PI253,419,PFVJ-18,4320,11,15,2025-10-22 16:17:44.302610,337219.545,6293153.279
PI253,I09,FLXZ-20,69,0,3,2025-10-22 16:17:44.302611,337219.545,6293153.279
PI253,I09,VHSZ-36,2808,9,13,2025-10-22 16:17:44.302612,337219.545,6293153.279
PI253,405,PDYR-98,9756,25,60,2025-10-22 16:17:44.302613,337219.545,6293153.279
PI253,405,PFVK-88,14366,25,60,2025-10-22 16:17:44.302614,337219.545,6293153.279
PI253,421,PFVK-95,498,0,3,2025-10-22 16:17:44.302615,337219.545,6293153.279
PI253,421,PDZH-82,7312,17,25,2025-10-22 16:17:44.302615,337219.545,6293153.279
PI253,111,FLXZ-76,1979,8,12,2025-10-22 16:17:44.302616,337219.545,6293153.279
PI253,111,FLXX-69,4152,15,21,2025-10-22 16:17:44.302617,337219.545,6293153.279
PD746,D02,STRJ-56,3015,8,10,2025-10-22 16:17:46.221045,356517.597,6297868.709
PD746,D02,SVDD-51,5452,18,26,2025-10-22 16:17:46.221050,356517.597,6297868.709
PD287,D09,SVDC-46,1,0,3,2025-10-22 16:17:48.372019,354478.931,6296469.473
PD287,D09,SVDF-41,9858,25,60,2025-10-22 16:17:48.372024,354478.931,6296469.473
PD287,513,VJJW-78,4951,20,28,2025-10-22 16:17:48.372025,354478.931,6296469.473
PD287,513,VJJX-78,6506,25,60,2025-10-22 16:17:48.372026,354478.931,6296469.473
PD287,225,SFWB-77,355,0,3,2025-10-22 16:17:48.372026,354478.931,6296469.473
PD287,225,GCBF-53,583,0,3,2025-10-22 16:17:48.372027,354478.931,6296469.473
PG1039,G22,THTG-52,152,0,3,2025-10-22 16:17:50.588970,342344.761,6284440.656
PG1039,G22,THTD-72,1308,4,6,2025-10-22 16:17:50.588974,342344.761,6284440.656
PG1039,G09,SHXB-23,4280,12,16,2025-10-22 16:17:50.588975,342344.761,6284440.656
PG1039,G09,SDSW-68,4330,13,17,2025-10-22 16:17:50.588976,342344.761,6284440.656
PC251,405C,PGLD-75,2336,9,13,2025-10-22 16:17:54.410041,355272.447,6304912.903
PC251,435,SLGT-29,222,0,3,2025-10-22 16:17:54.410047,355272.447,6304912.903
PC251,435,SHXG-35,255,0,3,2025-10-22 16:17:54.410048,355272.447,6304912.903
PC251,405,PFYG-55,1804,8,10,2025-10-22 16:17:54.410049,355272.447,6304912.903
PC251,405,PFYH-10,2383,11,15,2025-10-22 16:17:54.410050,355272.447,6304912.903
PC251,502,BJFH-63,416,0,3,2025-10-22 16:17:54.410052,355272.447,6304912.903
PC251,502,BJFD-45,4328,13,19,2025-10-22 16:17:54.410052,355272.447,6304912.903
PC251,542,TBFS-40,29,0,3,2025-10-22 16:17:54.410054,355272.447,6304912.903
PJ671,J18,VHZY-11,1299,0,5,2025-10-22 16:17:56.676570,338696.71,6298993.658
PJ671,412,PFTW-55,5309,17,25,2025-10-22 16:17:56.676574,338696.71,6298993.658
PJ671,412,PFVG-75,6761,25,60,2025-10-22 16:17:56.676575,338696.71,6298993.658
PJ671,J02,VHXJ-81,4067,12,16,2025-10-22 16:17:56.676576,338696.71,6298993.658
PJ671,J02,VHXJ-20,4285,12,16,2025-10-22 16:17:56.676577,338696.71,6298993.658
PH283,428,SLPB-45,10535,25,60,2025-10-22 16:18:00.506509,342066.826,6289558.328
PH283,428,SKPJ-43,11598,25,60,2025-10-22 16:18:00.506514,342066.826,6289558.328
PH283,444,SJPB-21,7178,15,21,2025-10-22 16:18:00.506515,342066.826,6289558.328
PH283,444,SKPL-33,8486,17,25,2025-10-22 16:18:00.506516,342066.826,6289558.328
PH283,I05,VHSX-75,4864,11,15,2025-10-22 16:18:00.506517,342066.826,6289558.328
PH283,I05,VHSY-38,10269,25,60,2025-10-22 16:18:00.506518,342066.826,6289558.328
PH283,118,FLXW-53,2792,8,10,2025-10-22 16:18:00.506519,342066.826,6289558.328
PH283,118,FLXW-58,6485,21,29,2025-10-22 16:18:00.506520,342066.826,6289558.328
PJ1000,J16,TBFT-87,894,0,3,2025-10-22 16:18:02.241775,340593.428,6301753.039
PJ1000,J16,TBFW-82,5092,13,19,2025-10-22 16:18:02.241780,340593.428,6301753.039
PI1537,423,PGPS-97,858,0,4,2025-10-22 16:18:06.880620,338105.46,6292964.79
PI1537,423,PFVJ-19,4162,17,23,2025-10-22 16:18:06.880625,338105.46,6292964.79
PI418,401,PFBG-21,7912,25,60,2025-10-22 16:18:09.034618,337508.689,6293452.926
PI418,401,PFBG-38,8281,25,60,2025-10-22 16:18:09.034623,337508.689,6293452.926
PI418,405,PDYR-98,9352,25,60,2025-10-22 16:18:09.034624,337508.689,6293452.926
PI418,405,PDZH-78,13770,25,60,2025-10-22 16:18:09.034625,337508.689,6293452.926
PI418,421,PFVK-95,1,0,3,2025-10-22 16:18:09.034625,337508.689,6293452.926
PI418,421,PDZH-82,6722,16,24,2025-10-22 16:18:09.034626,337508.689,6293452.926
PI418,506V,PFXC-22,2546,7,9,2025-10-22 16:18:09.034627,337508.689,6293452.926
PI418,506V,SZZY-86,3478,9,13,2025-10-22 16:18:09.034628,337508.689,6293452.926
PI418,106,PFVJ-22,1655,4,6,2025-10-22 16:18:09.034629,337508.689,6293452.926
PI418,106,PFYS-48,5910,16,22,2025-10-22 16:18:09.034629,337508.689,6293452.926
PI418,419,PFVJ-21,374,0,3,2025-10-22 16:18:09.034630,337508.689,6293452.926
PI418,419,PFVJ-18,3807,9,13,2025-10-22 16:18:09.034631,337508.689,6293452.926
PI418,I08,FLXX-71,1094,0,3,2025-10-22 16:18:09.034632,337508.689,6293452.926
PI418,I08,FLXX-64,1478,0,4,2025-10-22 16:18:09.034632,337508.689,6293452.926
PI418,I09,VHSZ-36,2103,7,9,2025-10-22 16:18:09.034633,337508.689,6293452.926
PI418,I09,VHTB-67,3622,11,15,2025-10-22 16:18:09.034634,337508.689,6293452.926
PI418,506,PFXB-71,3343,10,14,2025-10-22 16:18:09.034635,337508.689,6293452.926
PI418,506,GCBC-94,3457,11,15,2025-10-22 16:18:09.034636,337508.689,6293452.926
PG329,302,BJFV-73,5618,19,27,2025-10-22 16:18:11.027678,347152.27,6286426.923
PG329,302,BJFT-66,5782,19,27,2025-10-22 16:18:11.027683,347152.27,6286426.923
PG329,229,LZPT-60,4936,16,24,2025-10-22 16:18:11.027684,347152.27,6286426.923
PG329,229,SFWZ-66,5026,17,25,2025-10-22 16:18:11.027685,347152.27,6286426.923
PB845,214,GCBC-19,3331,13,19,2025-10-22 16:18:13.033968,343387.34,6304170.495
PB845,B04,SHCX-26,2496,11,15,2025-10-22 16:18:13.033974,343387.34,6304170.495
PB233,201,GCBB-95,616,0,3,2025-10-22 16:18:15.054446,343176.267,6305925.635
PB233,201,GCBB-31,76,0,3,2025-10-22 16:18:15.054451,343176.267,6305925.635
PB233,308,FLXK-10,2667,10,14,2025-10-22 16:18:15.054452,343176.267,6305925.635
PB233,308,FLXH-36,6803,25,60,2025-10-22 16:18:15.054453,343176.267,6305925.635
PB233,B19,SHCY-41,3064,9,13,2025-10-22 16:18:15.054454,343176.267,6305925.635
PB233,B19,SHCY-56,5365,17,25,2025-10-22 16:18:15.054455,343176.267,6305925.635
PI1040,I08,FLXX-74,886,0,4,2025-10-22 16:18:17.036989,336869.34,6293259.89
PI1040,I08,FLXW-90,4977,15,21,2025-10-22 16:18:17.036994,336869.34,6293259.89
PI747,111,FLXY-59,2525,10,14,2025-10-22 16:18:19.012354,338462.724,6296519.91
PI747,111,FLXW-76,4623,25,60,2025-10-22 16:18:19.012359,338462.724,6296519.91
PI747,J08,FLXG-31,933,0,4,2025-10-22 16:18:19.012360,338462.724,6296519.91
PI747,J08,GCBD-98,3734,11,15,2025-10-22 16:18:19.012361,338462.724,6296519.91
PI747,110,CJRW-58,389,0,3,2025-10-22 16:18:19.012362,338462.724,6296519.91
PI747,110,FLXS-97,3958,15,21,2025-10-22 16:18:19.012363,338462.724,6296519.91
PI747,110C,TBFX-30,1,0,3,2025-10-22 16:18:19.012363,338462.724,6296519.91
PI747,110C,SPHF-15,2508,8,12,2025-10-22 16:18:19.012364,338462.724,6296519.91
PA182,210,LZRD-68,2523,8,10,2025-10-22 16:18:21.112003,347003.909,6298434.286
PA182,210,LZRD-90,2842,8,12,2025-10-22 16:18:21.112008,347003.909,6298434.286
PA182,210V,VGBV-36,975,0,5,2025-10-22 16:18:21.112009,347003.909,6298434.286
PA182,210V,VGBW-29,6120,17,25,2025-10-22 16:18:21.112010,347003.909,6298434.286
PA182,518,BJFC-86,784,0,4,2025-10-22 16:18:21.112011,347003.909,6298434.286
PA182,518,FLXG-18,1272,5,7,2025-10-22 16:18:21.112012,347003.909,6298434.286
PA182,403,PFTW-38,436,0,3,2025-10-22 16:18:21.112013,347003.909,6298434.286
PA182,403,SKPK-25,5188,13,19,2025-10-22 16:18:21.112014,347003.909,6298434.286
PA182,513,VHZY-70,854,0,4,2025-10-22 16:18:21.112014,347003.909,6298434.286
PA182,513,VJBB-20,3999,13,19,2025-10-22 16:18:21.112015,347003.909,6298434.286
PJ644,J02,VHXD-95,1735,5,7,2025-10-22 16:18:23.029278,337427.761,6298950.982
PJ644,J18,VHZW-81,3468,11,15,2025-10-22 16:18:23.029283,337427.761,6298950.982
PJ644,J18,VHZX-50,4579,14,20,2025-10-22 16:18:23.029284,337427.761,6298950.982
PF227,F25,LCPG-37,1978,7,9,2025-10-22 16:18:25.169240,350373.547,6279162.407
PF227,F25,SRVG-49,2224,8,10,2025-10-22 16:18:25.169245,350373.547,6279162.407
PF227,F03,SPVW-79,373,0,3,2025-10-22 16:18:25.169246,350373.547,6279162.407
PF227,F03,SPVV-66,4526,18,26,2025-10-22 16:18:25.169247,350373.547,6279162.407
PF227,F13,SRSC-54,3425,12,16,2025-10-22 16:18:25.169248,350373.547,6279162.407
PF227,F13,SRRW-90,4024,14,20,2025-10-22 16:18:25.169249,350373.547,6279162.407
PF227,F03C,SHXD-84,2496,8,10,2025-10-22 16:18:25.169249,350373.547,6279162.407
PF227,F12,LCTG-35,206,0,3,2025-10-22 16:18:25.169250,350373.547,6279162.407
PF227,F12,SRVJ-78,4336,13,19,2025-10-22 16:18:25.169251,350373.547,6279162.407
PF227,F15,STHD-26,5081,17,25,2025-10-22 16:18:25.169252,350373.547,6279162.407
PF227,F15,LBTS-94,5666,19,27,2025-10-22 16:18:25.169253,350373.547,6279162.407
PF227,F18,LBTS-83,1,0,3,2025-10-22 16:18:25.169254,350373.547,6279162.407
PF227,F18,SRVJ-43,1211,5,7,2025-10-22 16:18:25.169255,350373.547,6279162.407
PB581,B11,SKDG-52,2720,8,12,2025-10-22 16:18:27.336560,340570.0,6306690.389
PB581,430,PGLD-59,86,0,3,2025-10-22 16:18:27.336566,340570.0,6306690.389
PB581,430,PGBY-82,2249,7,9,2025-10-22 16:18:27.336567,340570.0,6306690.389
PB581,B43,SHXG-84,541,0,3,2025-10-22 16:18:27.336569,340570.0,6306690.389
PB581,B43,SJPC-18,3328,13,19,2025-10-22 16:18:27.336569,340570.0,6306690.389
PB581,308,FLXK-16,2504,25,60,2025-10-22 16:18:27.336570,340570.0,6306690.389
PB581,315E,VHSX-84,2156,8,12,2025-10-22 16:18:27.336571,340570.0,6306690.389
PB581,315E,VHTB-50,2345,9,13,2025-10-22 16:18:27.336572,340570.0,6306690.389
PE343,210V,VFRB-63,2102,9,11,2025-10-22 16:18:29.386651,353800.386,6285295.119
PE343,210V,VFPZ-38,5554,19,27,2025-10-22 16:18:29.386656,353800.386,6285295.119
PC624,1102 C0,SGPY-55,17,0,3,2025-10-22 16:18:31.311081,359563.824,6303363.528
PC624,1102 C0,SKDH-85,2807,9,11,2025-10-22 16:18:31.311086,359563.824,6303363.528
PH109,113,FLXW-82,2134,6,8,2025-10-22 16:18:33.228005,343288.598,6294435.019
PH109,113,FLXW-97,5195,16,22,2025-10-22 16:18:33.228010,343288.598,6294435.019
PH109,I01,FLXL-47,277,0,3,2025-10-22 16:18:33.228012,343288.598,6294435.019
PH109,I01,FLXL-53,4289,11,15,2025-10-22 16:18:33.228013,343288.598,6294435.019
PH109,115,PFXC-74,5153,15,21,2025-10-22 16:18:33.228014,343288.598,6294435.019
PI1616,108,PFYT-22,165,0,3,2025-10-22 16:18:39.522903,342197.535,6293508.929
PI1616,108,PFVH-95,289,0,3,2025-10-22 16:18:39.522929,342197.535,6293508.929
PI1616,113,FLXW-82,3672,9,13,2025-10-22 16:18:39.522930,342197.535,6293508.929
PI1616,113,FLXW-97,6726,19,27,2025-10-22 16:18:39.522931,342197.535,6293508.929
PI1616,115,GCBC-61,201,0,3,2025-10-22 16:18:39.522932,342197.535,6293508.929
PI1616,115,PFXC-74,6684,16,24,2025-10-22 16:18:39.522933,342197.535,6293508.929
PI1616,109,TBFW-54,627,0,4,2025-10-22 16:18:39.522934,342197.535,6293508.929
PI1616,109,GCBF-14,2473,8,10,2025-10-22 16:18:39.522935,342197.535,6293508.929
PI773,510,TBFX-23,546,0,3,2025-10-22 16:18:41.542930,337127.841,6296197.215
PI773,510,TBFW-61,1735,5,7,2025-10-22 16:18:41.542936,337127.841,6296197.215
PI773,516,GCBC-60,1163,0,4,2025-10-22 16:18:41.542937,337127.841,6296197.215
PI773,516,GCBC-51,1263,0,5,2025-10-22 16:18:41.542938,337127.841,6296197.215
PI773,424,TBFW-98,1290,6,8,2025-10-22 16:18:41.542939,337127.841,6296197.215
PC15,103,SPBF-44,2171,9,11,2025-10-22 16:18:43.493928,350531.69,6299182.189
PC15,103,SPBR-29,6182,25,60,2025-10-22 16:18:43.493933,350531.69,6299182.189
PC15,117,PGBY-64,1846,9,11,2025-10-22 16:18:43.493934,350531.69,6299182.189
PC15,117,SPBP-12,2127,9,13,2025-10-22 16:18:43.493934,350531.69,6299182.189
PD344,514,PFWZ-84,117,0,3,2025-10-22 16:18:45.387496,353100.389,6296531.319
PD344,514,FLXH-92,377,0,4,2025-10-22 16:18:45.387502,353100.389,6296531.319
PB394,301,BJFW-93,1615,9,13,2025-10-22 16:18:47.302070,344515.46,6301027.9
PB394,301,BJFS-41,1701,10,14,2025-10-22 16:18:47.302074,344515.46,6301027.9
PB394,B03,LXDJ-25,81,0,3,2025-10-22 16:18:47.302076,344515.46,6301027.9
PB394,B03,SPZX-41,6020,25,60,2025-10-22 16:18:47.302077,344515.46,6301027.9
PB394,B24,SPZX-56,1026,0,4,2025-10-22 16:18:47.302077,344515.46,6301027.9
PB394,B24,LDJW-48,2374,9,13,2025-10-22 16:18:47.302078,344515.46,6301027.9
PB1289,B14,FLXT-53,1285,4,6,2025-10-22 16:18:49.240316,349210.158,6302960.51
PB1289,B14,FLXJ-64,4598,19,27,2025-10-22 16:18:49.240321,349210.158,6302960.51
PJ846,428,SLLZ-98,1321,5,7,2025-10-22 16:18:51.246491,334583.778,6299910.189
PJ846,428,SKPH-81,2134,9,11,2025-10-22 16:18:51.246495,334583.778,6299910.189
PJ846,444,SKPK-39,1655,0,3,2025-10-22 16:18:51.246496,334583.778,6299910.189
PJ846,J07E,VJJR-95,11289,25,60,2025-10-22 16:18:51.246497,334583.778,6299910.189
PJ846,J07E,VHZZ-10,13116,25,60,2025-10-22 16:18:51.246498,334583.778,6299910.189
PJ846,555,TBFX-57,3016,0,3,2025-10-22 16:18:51.246499,334583.778,6299910.189
PF775,F18,SPZX-52,494,0,4,2025-10-22 16:18:53.237009,353679.602,6280279.38
PF223,F03C,SHXD-84,653,0,3,2025-10-22 16:18:55.625853,352215.719,6279459.583
PF223,F15,STHD-26,3031,11,15,2025-10-22 16:18:55.625859,352215.719,6279459.583
PF223,F15,LBTS-94,3660,13,19,2025-10-22 16:18:55.625860,352215.719,6279459.583
PF223,F25,LCPG-37,23,0,3,2025-10-22 16:18:55.625861,352215.719,6279459.583
PF223,F25,SRVG-49,149,0,3,2025-10-22 16:18:55.625862,352215.719,6279459.583
PF223,F33,LCTG-28,2263,9,11,2025-10-22 16:18:55.625863,352215.719,6279459.583
PF223,F10,SRRW-61,1428,5,7,2025-10-22 16:18:55.625864,352215.719,6279459.583
PF223,F10,SRRZ-26,2124,8,10,2025-10-22 16:18:55.625865,352215.719,6279459.583
PF223,F13,SRSC-54,1543,5,7,2025-10-22 16:18:55.625866,352215.719,6279459.583
PF223,F13,SRRW-90,2030,7,9,2025-10-22 16:18:55.625867,352215.719,6279459.583
PF223,F29,SRPJ-78,2087,7,9,2025-10-22 16:18:55.625868,352215.719,6279459.583
PF223,F29,SPVW-72,6628,25,60,2025-10-22 16:18:55.625869,352215.719,6279459.583
PI1176,385,FLXL-75,1892,7,9,2025-10-22 16:18:57.346686,343501.435,6296739.435
PI1176,385,FLXK-92,2716,9,13,2025-10-22 16:18:57.346691,343501.435,6296739.435
PI1176,I16,FLXL-30,1928,6,8,2025-10-22 16:18:57.346693,343501.435,6296739.435
PJ1704,422,GCBF-27,1963,4,6,2025-10-22 16:18:58.936107,336018.262,6298341.963
PJ1704,422,GCBD-42,1991,4,6,2025-10-22 16:18:58.936112,336018.262,6298341.963
PB2044,B20,SPZX-34,3036,17,23,2025-10-22 16:19:00.396204,336762.266,6303066.759
PB2044,B20,LXDH-99,5881,25,60,2025-10-22 16:19:00.396209,336762.266,6303066.759
PB2044,B29,LXDH-86,3674,12,16,2025-10-22 16:19:00.396211,336762.266,6303066.759
PB2044,B29,LXDJ-10,3802,13,17,2025-10-22 16:19:00.396212,336762.266,6303066.759
PB2044,B03,SKHG-47,5555,25,60,2025-10-22 16:19:00.396213,336762.266,6303066.759
PB2044,B03,LXDH-85,9171,25,60,2025-10-22 16:19:00.396213,336762.266,6303066.759
PB2044,B09,SHCY-55,5221,25,60,2025-10-22 16:19:00.396214,336762.266,6303066.759
PB2044,B09,SHCY-49,10403,25,60,2025-10-22 16:19:00.396215,336762.266,6303066.759
PD895,D16,SPBP-26,243,0,3,2025-10-22 16:19:02.312647,352361.963,6295116.49
PD895,D16,SPBP-86,4990,20,28,2025-10-22 16:19:02.312653,352361.963,6295116.49
PD895,325,VFKT-91,1638,7,9,2025-10-22 16:19:02.312654,352361.963,6295116.49
PD895,325,VFKT-48,5008,20,28,2025-10-22 16:19:02.312655,352361.963,6295116.49
PB1950,214,GCBB-39,354,0,3,2025-10-22 16:19:04.515830,346178.318,6300283.488
PB1950,214,FLXZ-97,824,0,4,2025-10-22 16:19:04.515836,346178.318,6300283.488
PB1950,230,GCBB-20,4669,16,24,2025-10-22 16:19:04.515837,346178.318,6300283.488
PB1950,230,GCBB-22,4767,17,25,2025-10-22 16:19:04.515839,346178.318,6300283.488
PB1950,308,FLXH-30,4781,20,28,2025-10-22 16:19:04.515840,346178.318,6300283.488
PB1950,308,FLXK-13,8136,25,60,2025-10-22 16:19:04.515841,346178.318,6300283.488
PB1950,B26,FLXP-71,371,0,3,2025-10-22 16:19:04.515842,346178.318,6300283.488
PB1950,B26,FLXS-48,1794,8,10,2025-10-22 16:19:04.515842,346178.318,6300283.488
PB1950,B02,FLXR-73,4669,25,60,2025-10-22 16:19:04.515844,346178.318,6300283.488
PB1950,B02,FLXR-79,4968,25,60,2025-10-22 16:19:04.515844,346178.318,6300283.488
PB1950,B14,HPFL-22,3481,13,19,2025-10-22 16:19:04.515846,346178.318,6300283.488
PB1950,B14,FLXT-47,8586,25,60,2025-10-22 16:19:04.515846,346178.318,6300283.488
PB1950,B27,FLXS-22,509,0,3,2025-10-22 16:19:04.515847,346178.318,6300283.488
PB1950,B27,FLXT-75,4873,16,22,2025-10-22 16:19:04.515848,346178.318,6300283.488
PB1950,201,GCBC-17,2596,9,11,2025-10-22 16:19:04.515849,346178.318,6300283.488
PB1950,201,GCBB-64,2840,8,12,2025-10-22 16:19:04.515850,346178.318,6300283.488
PD13,103,SPBL-74,2286,9,11,2025-10-22 16:19:06.277921,350708.893,6295467.716
PD13,103,SPBF-96,4702,18,26,2025-10-22 16:19:06.277925,350708.893,6295467.716
PD13,117,PFYC-45,4998,20,28,2025-10-22 16:19:06.277926,350708.893,6295467.716
PD13,117,PGTV-30,5023,20,28,2025-10-22 16:19:06.277927,350708.893,6295467.716
PD13,114,SKVD-48,1218,7,9,2025-10-22 16:19:06.277928,350708.893,6295467.716
PH111,201,GCBB-80,537,0,4,2025-10-22 16:19:08.408018,346745.396,6293891.495
PH111,201,GCBB-52,3071,13,17,2025-10-22 16:19:08.408022,346745.396,6293891.495
PH111,214,GCBB-89,76,0,3,2025-10-22 16:19:08.408023,346745.396,6293891.495
PH111,214,FLXZ-94,1214,0,4,2025-10-22 16:19:08.408024,346745.396,6293891.495
PH111,223,SHCV-38,1911,8,10,2025-10-22 16:19:08.408025,346745.396,6293891.495
PH111,223,SFPG-67,3022,11,15,2025-10-22 16:19:08.408026,346745.396,6293891.495
PH111,H13,FLXK-53,1038,0,5,2025-10-22 16:19:08.408027,346745.396,6293891.495
PH111,H13,BJFS-77,2380,9,11,2025-10-22 16:19:08.408027,346745.396,6293891.495
PH111,H14,FLXR-37,1,0,3,2025-10-22 16:19:08.408028,346745.396,6293891.495
PH111,226,VGBV-99,1,0,3,2025-10-22 16:19:08.408029,346745.396,6293891.495
PH111,226,VFPT-65,600,0,3,2025-10-22 16:19:08.408030,346745.396,6293891.495
PH111,229,LZPS-10,1,0,3,2025-10-22 16:19:08.408031,346745.396,6293891.495
PH111,229,LXWT-92,2141,9,11,2025-10-22 16:19:08.408032,346745.396,6293891.495
PH111,271,FLXP-21,4987,17,25,2025-10-22 16:19:08.408033,346745.396,6293891.495
PH111,301,BJFZ-83,101,0,3,2025-10-22 16:19:08.408033,346745.396,6293891.495
PH111,301,BJFX-36,2172,9,13,2025-10-22 16:19:08.408034,346745.396,6293891.495
PD1184,D10,SVDD-96,2549,13,19,2025-10-22 16:19:10.430273,350165.81,6293116.43
PD1184,D10,SVDC-92,10170,25,60,2025-10-22 16:19:10.430278,350165.81,6293116.43
PD1184,D14,PGBY-86,1322,5,7,2025-10-22 16:19:10.430280,350165.81,6293116.43
PD1184,D14,FLXJ-60,2687,11,15,2025-10-22 16:19:10.430280,350165.81,6293116.43
PB2132,B20,SPZX-34,5811,25,60,2025-10-22 16:19:11.824121,335962.0,6301915.0
PB2132,B20,LXDH-99,8742,25,60,2025-10-22 16:19:11.824127,335962.0,6301915.0
PH1478,H05,VGBV-41,305,0,3,2025-10-22 16:19:16.388806,343434.535,6291196.846
PH1478,H05,VFPL-57,5931,20,28,2025-10-22 16:19:16.388811,343434.535,6291196.846
PH1478,H09,VGRB-23,134,0,3,2025-10-22 16:19:16.388812,343434.535,6291196.846
PH1478,H09,VGRF-85,1981,7,9,2025-10-22 16:19:16.388813,343434.535,6291196.846
PH1478,121,BJFV-78,2666,10,14,2025-10-22 16:19:16.388814,343434.535,6291196.846
PH1478,121,BJFX-21,5913,20,28,2025-10-22 16:19:16.388814,343434.535,6291196.846
PH1478,H06,CJRW-57,3796,13,19,2025-10-22 16:19:16.388815,343434.535,6291196.846
PH1478,345,CJRW-14,8003,25,60,2025-10-22 16:19:16.388816,343434.535,6291196.846
PH1478,345,CJRX-63,12452,25,60,2025-10-22 16:19:16.388817,343434.535,6291196.846
PD282,D07,SVDF-45,253,0,5,2025-10-22 16:19:18.389949,353490.889,6295259.801
PD282,D07,SVDD-45,1413,9,13,2025-10-22 16:19:18.389954,353490.889,6295259.801
PD282,D10,SVDD-35,6916,25,60,2025-10-22 16:19:18.389955,353490.889,6295259.801
PD282,D10,SVDC-44,10658,25,60,2025-10-22 16:19:18.389956,353490.889,6295259.801
PD282,225,SFWZ-52,5642,13,19,2025-10-22 16:19:18.389957,353490.889,6295259.801
PD282,225,SFWB-90,5858,14,20,2025-10-22 16:19:18.389958,353490.889,6295259.801
PD282,712,SHCW-70,2488,7,9,2025-10-22 16:19:18.389959,353490.889,6295259.801
PD282,712,SHCW-65,6034,13,19,2025-10-22 16:19:18.389959,353490.889,6295259.801
PC299,426,FDJX-70,186,0,3,2025-10-22 16:19:20.632222,355205.77,6302799.66
PC299,426,FLXS-92,1529,4,6,2025-10-22 16:19:20.632227,355205.77,6302799.66
PC299,C01,LCSX-49,1926,6,8,2025-10-22 16:19:20.632228,355205.77,6302799.66
PC299,C01,LDJJ-67,4868,13,19,2025-10-22 16:19:20.632229,355205.77,6302799.66
PC299,C19,SKPJ-81,1094,0,5,2025-10-22 16:19:20.632230,355205.77,6302799.66
PC299,C19,FLXT-87,3563,11,15,2025-10-22 16:19:20.632230,355205.77,6302799.66
PC299,C28,SGPY-79,9,0,3,2025-10-22 16:19:20.632231,355205.77,6302799.66
PC299,C28,SKPJ-50,2118,9,11,2025-10-22 16:19:20.632232,355205.77,6302799.66
PC299,C01C,PGRZ-68,2000,5,7,2025-10-22 16:19:20.632233,355205.77,6302799.66
PC299,C01C,PGTV-20,3839,12,16,2025-10-22 16:19:20.632233,355205.77,6302799.66
PC299,406C,SKWD-78,15102,25,60,2025-10-22 16:19:20.632234,355205.77,6302799.66
PC299,406C,SKWD-68,21089,25,60,2025-10-22 16:19:20.632235,355205.77,6302799.66
PC299,430,PGBY-61,1877,5,7,2025-10-22 16:19:20.632236,355205.77,6302799.66
PC299,430,PFZK-88,4716,12,18,2025-10-22 16:19:20.632237,355205.77,6302799.66
PC299,406,TBFV-98,836,0,3,2025-10-22 16:19:20.632237,355205.77,6302799.66
PC299,406,SZZY-79,989,0,3,2025-10-22 16:19:20.632238,355205.77,6302799.66
PD877,D05,SPBP-28,761,0,3,2025-10-22 16:19:22.540587,351466.128,6295061.4
PD877,D05,SPBP-94,4303,25,60,2025-10-22 16:19:22.540593,351466.128,6295061.4
PF482,F13,SRSC-51,1,0,3,2025-10-22 16:19:24.235361,355380.299,6284813.139
PF438,210V,VFRB-63,1,0,3,2025-10-22 16:19:26.216574,354593.101,6284685.809
PF438,210V,VFPZ-38,3305,11,15,2025-10-22 16:19:26.216578,354593.101,6284685.809
PG1437,E05,FLXF-49,2497,9,13,2025-10-22 16:19:28.157654,346968.911,6288853.618
PE809,325,VFJR-90,200,0,3,2025-10-22 16:19:32.127421,350933.293,6286170.14
PE809,325,VFKR-64,3756,15,21,2025-10-22 16:19:32.127425,350933.293,6286170.14
PE809,E15C,VFHW-97,580,0,3,2025-10-22 16:19:32.127426,350933.293,6286170.14
PE809,E15C,VFKS-68,3470,10,14,2025-10-22 16:19:32.127427,350933.293,6286170.14
PJ151,402,SHXF-97,1904,6,8,2025-10-22 16:19:34.664176,338795.325,6298088.431
PJ151,402,PFTW-50,2558,8,10,2025-10-22 16:19:34.664180,338795.325,6298088.431
PJ151,511,GCBD-82,4903,16,22,2025-10-22 16:19:34.664181,338795.325,6298088.431
PJ151,511,GCBC-77,7738,25,60,2025-10-22 16:19:34.664182,338795.325,6298088.431
PJ151,406,FLXV-83,1935,6,8,2025-10-22 16:19:34.664183,338795.325,6298088.431
PJ151,406,GCBF-10,2892,8,12,2025-10-22 16:19:34.664184,338795.325,6298088.431
PJ151,407,TBFW-11,1236,0,5,2025-10-22 16:19:34.664185,338795.325,6298088.431
PJ151,407,TBFP-68,1879,5,7,2025-10-22 16:19:34.664185,338795.325,6298088.431
PJ151,422,TBFW-45,1598,4,6,2025-10-22 16:19:34.664186,338795.325,6298088.431
PJ151,422,TBFW-69,2496,8,10,2025-10-22 16:19:34.664187,338795.325,6298088.431
PJ151,426,FLXK-82,1605,6,8,2025-10-22 16:19:34.664188,338795.325,6298088.431
PJ151,426,FLXD-50,2054,7,9,2025-10-22 16:19:34.664189,338795.325,6298088.431
PD977,429,SLLZ-36,136,0,3,2025-10-22 16:19:36.988256,354433.442,6294296.169
PD977,429,SLGT-32,3369,16,22,2025-10-22 16:19:36.988261,354433.442,6294296.169
PD977,D07,SVDD-94,4566,21,29,2025-10-22 16:19:36.988262,354433.442,6294296.169
PD977,D07,SVDF-60,6974,25,60,2025-10-22 16:19:36.988263,354433.442,6294296.169
PD977,425,SJPB-34,1,0,3,2025-10-22 16:19:36.988264,354433.442,6294296.169
PD977,425,SJPC-83,1738,10,14,2025-10-22 16:19:36.988265,354433.442,6294296.169
PB1038,B08,SHCY-51,788,0,4,2025-10-22 16:19:39.027690,344577.93,6307767.68
PB1038,B08,SJPB-20,5477,13,19,2025-10-22 16:19:39.027694,344577.93,6307767.68
PB1038,B16,LDJP-67,2178,8,10,2025-10-22 16:19:39.027695,344577.93,6307767.68
PC645,C03,SGPW-38,4160,17,23,2025-10-22 16:19:40.698435,352168.397,6304482.925
PC645,C03,LWTK-53,4988,25,60,2025-10-22 16:19:40.698441,352168.397,6304482.925
PC404,421C,LDJT-65,2639,5,7,2025-10-22 16:19:42.621264,359218.182,6303904.496
PC404,421C,LCSX-48,5847,16,24,2025-10-22 16:19:42.621269,359218.182,6303904.496
PC404,421,PFTV-97,2687,7,9,2025-10-22 16:19:42.621271,359218.182,6303904.496
PC404,421,PFYG-88,3102,8,10,2025-10-22 16:19:42.621272,359218.182,6303904.496
PG1700,216,SRTK-46,747,0,4,2025-10-22 16:19:44.567383,347929.677,6283332.088
PG1700,216,LZPW-15,4099,13,17,2025-10-22 16:19:44.567389,347929.677,6283332.088
PG1700,F20,SPZY-69,6458,25,60,2025-10-22 16:19:44.567390,347929.677,6283332.088
PH80,H03,CJRW-47,1227,5,7,2025-10-22 16:19:47.051974,342767.534,6290427.763
PH80,H03,FLXR-39,5032,20,28,2025-10-22 16:19:47.051979,342767.534,6290427.763
PH80,345,CJRB-43,127,0,3,2025-10-22 16:19:47.051981,342767.534,6290427.763
PH80,105,SHXF-28,487,0,3,2025-10-22 16:19:47.051982,342767.534,6290427.763
PH80,120,LDJV-51,767,0,3,2025-10-22 16:19:47.051983,342767.534,6290427.763
PH80,121,CJRZ-65,2324,12,16,2025-10-22 16:19:47.051984,342767.534,6290427.763
PH80,121,CJRW-12,4169,25,60,2025-10-22 16:19:47.051984,342767.534,6290427.763
PH80,321,FLXP-46,1,0,3,2025-10-22 16:19:47.051985,342767.534,6290427.763
PH80,125,BJFW-38,1140,0,5,2025-10-22 16:19:47.051987,342767.534,6290427.763
PH80,125,FLXG-66,3671,12,18,2025-10-22 16:19:47.051987,342767.534,6290427.763
PE408,E03,CJRB-17,756,0,3,2025-10-22 16:19:48.915570,355238.377,6288601.75
PG839,E18,BJFZ-77,3120,12,16,2025-10-22 16:19:50.910586,347825.0,6285743.0
PG839,E18,BJFT-89,8858,25,60,2025-10-22 16:19:50.910591,347825.0,6285743.0
PG839,G04,SFPG-34,1715,9,11,2025-10-22 16:19:50.910593,347825.0,6285743.0
PG839,G04,SFPF-99,2299,10,14,2025-10-22 16:19:50.910594,347825.0,6285743.0
PG839,G18,SCRZ-28,390,0,3,2025-10-22 16:19:50.910595,347825.0,6285743.0
PG839,G18,SDSW-54,1820,9,11,2025-10-22 16:19:50.910596,347825.0,6285743.0
PG839,F05,SPZX-68,660,4,6,2025-10-22 16:19:50.910597,347825.0,6285743.0
PG839,F05,SPZX-85,5336,21,29,2025-10-22 16:19:50.910598,347825.0,6285743.0
PC330,C16,LFSL-97,2878,7,9,2025-10-22 16:19:52.964466,356372.33,6304630.92
PC330,C16,LDTB-89,2934,7,9,2025-10-22 16:19:52.964471,356372.33,6304630.92
PC330,409,SKWD-99,1593,0,5,2025-10-22 16:19:52.964473,356372.33,6304630.92
PC330,409,SKVB-35,3269,9,13,2025-10-22 16:19:52.964474,356372.33,6304630.92
PC330,411,SPBF-33,1521,0,4,2025-10-22 16:19:52.964475,356372.33,6304630.92
PC330,411,PGTV-36,3630,9,13,2025-10-22 16:19:52.964476,356372.33,6304630.92
PC330,286,SHCX-25,351,0,3,2025-10-22 16:19:52.964477,356372.33,6304630.92
PC330,C13,SGPX-11,3845,11,15,2025-10-22 16:19:52.964478,356372.33,6304630.92
PC330,C13,SJPB-67,4764,15,21,2025-10-22 16:19:52.964479,356372.33,6304630.92
PH401,E04,VKJX-31,317,0,3,2025-10-22 16:19:54.378121,347548.204,6294604.419
PH401,E04,VKJX-62,1750,11,15,2025-10-22 16:19:54.378126,347548.204,6294604.419
PH401,385,FLXK-61,4199,17,25,2025-10-22 16:19:54.378128,347548.204,6294604.419
PH401,385,FLXL-75,10177,25,60,2025-10-22 16:19:54.378129,347548.204,6294604.419
PH684,H13,CJRX-61,3688,12,18,2025-10-22 16:19:56.536095,344373.156,6290768.284
PH684,H13,FLXK-53,6789,25,60,2025-10-22 16:19:56.536099,344373.156,6290768.284
PH684,I05,VHSY-42,415,0,3,2025-10-22 16:19:56.536101,344373.156,6290768.284
PB393,301,BJFW-93,1050,4,6,2025-10-22 16:19:58.658936,344780.559,6300893.669
PB393,301,BJFS-41,1217,5,7,2025-10-22 16:19:58.658941,344780.559,6300893.669
PB393,B03,SPZX-41,5546,25,60,2025-10-22 16:19:58.658942,344780.559,6300893.669
PB393,B03,LXDH-93,6621,25,60,2025-10-22 16:19:58.658943,344780.559,6300893.669
PB393,B24,SPZX-56,556,0,3,2025-10-22 16:19:58.658944,344780.559,6300893.669
PB393,B24,LDJW-48,1714,8,10,2025-10-22 16:19:58.658945,344780.559,6300893.669
PA278,506,TBFR-97,3710,13,17,2025-10-22 16:20:02.016775,344481.62,6296648.04
PA278,506,PFXC-50,3728,13,17,2025-10-22 16:20:02.016781,344481.62,6296648.04
PA278,506V,GCBC-36,1,0,3,2025-10-22 16:20:02.016782,344481.62,6296648.04
PA278,506V,PFXC-21,1832,6,8,2025-10-22 16:20:02.016783,344481.62,6296648.04
PA278,507,GCBC-86,670,0,4,2025-10-22 16:20:02.016784,344481.62,6296648.04
PA278,507,GCBD-79,3746,16,22,2025-10-22 16:20:02.016784,344481.62,6296648.04
PA278,509,FLXX-45,1929,8,10,2025-10-22 16:20:02.016785,344481.62,6296648.04
PA278,509,FLXV-36,2224,9,13,2025-10-22 16:20:02.016786,344481.62,6296648.04
PD859,429,SHXD-73,304,6,8,2025-10-22 16:20:05.574602,355258.491,6294660.5
PD859,429,SHCX-38,2644,17,25,2025-10-22 16:20:05.574607,355258.491,6294660.5
PD859,D05,SPBS-50,612,0,3,2025-10-22 16:20:05.574609,355258.491,6294660.5
PD859,D05,SPBP-16,845,0,4,2025-10-22 16:20:05.574610,355258.491,6294660.5
PD859,D07,SVDD-94,4910,25,60,2025-10-22 16:20:05.574611,355258.491,6294660.5
PD859,D07,SVDF-60,7472,25,60,2025-10-22 16:20:05.574611,355258.491,6294660.5
PD859,D10,SVDD-70,2045,12,18,2025-10-22 16:20:05.574612,355258.491,6294660.5
PD859,D10,SVDC-57,5273,25,60,2025-10-22 16:20:05.574613,355258.491,6294660.5
PD859,425,SJPB-22,988,7,9,2025-10-22 16:20:05.574614,355258.491,6294660.5
PA221,119,CJRZ-62,324,0,3,2025-10-22 16:20:08.256353,346329.725,6299378.705
PA221,119,CJRY-81,466,0,4,2025-10-22 16:20:08.256367,346329.725,6299378.705
PA221,121,BJFZ-36,3316,12,16,2025-10-22 16:20:08.256368,346329.725,6299378.705
PA221,121,FLXJ-11,5495,25,60,2025-10-22 16:20:08.256369,346329.725,6299378.705
PI454,407,PFXC-82,2504,8,10,2025-10-22 16:20:11.607895,343617.905,6297366.668
PI454,407,TBFX-29,3062,9,13,2025-10-22 16:20:11.607900,343617.905,6297366.668
PI454,412,PFVG-85,10181,25,60,2025-10-22 16:20:11.607901,343617.905,6297366.668
PI454,412,PFTW-35,10732,25,60,2025-10-22 16:20:11.607902,343617.905,6297366.668
PI454,418,PFYC-90,314,0,3,2025-10-22 16:20:11.607903,343617.905,6297366.668
PI454,418,SKPK-45,4798,17,23,2025-10-22 16:20:11.607904,343617.905,6297366.668
PI454,510,TBFW-84,240,0,3,2025-10-22 16:20:11.607904,343617.905,6297366.668
PI454,510,GCBD-30,3766,16,22,2025-10-22 16:20:11.607905,343617.905,6297366.668
PI454,511,GCBC-77,1136,6,8,2025-10-22 16:20:11.607906,343617.905,6297366.668
PI454,511,TBFV-13,1271,7,9,2025-10-22 16:20:11.607907,343617.905,6297366.668
PI454,516,TBFR-29,2743,9,13,2025-10-22 16:20:11.607908,343617.905,6297366.668
PI454,516,GCBF-15,2912,9,13,2025-10-22 16:20:11.607908,343617.905,6297366.668
PI454,519,FLXW-11,2947,11,15,2025-10-22 16:20:11.607909,343617.905,6297366.668
PI454,519,PFXC-27,4038,16,22,2025-10-22 16:20:11.607910,343617.905,6297366.668
PI454,424,FLXL-92,942,0,4,2025-10-22 16:20:11.607911,343617.905,6297366.668
PI454,424,FLXK-39,2438,8,12,2025-10-22 16:20:11.607911,343617.905,6297366.668
PD864,D05,SPBP-94,1,0,3,2025-10-22 16:20:16.255306,354965.124,6294737.007
PD864,D05,PGLD-47,2744,25,60,2025-10-22 16:20:16.255311,354965.124,6294737.007
PD864,425,SJPB-19,4320,16,22,2025-10-22 16:20:16.255312,354965.124,6294737.007
PD864,425,SJPB-24,4527,17,23,2025-10-22 16:20:16.255313,354965.124,6294737.007
PD1112,D11,SVDC-16,4971,15,21,2025-10-22 16:20:18.169845,358403.703,6295817.468
PD1112,D11,SVDD-33,5761,17,25,2025-10-22 16:20:18.169850,358403.703,6295817.468
PJ695,J04,GCBC-71,145,0,3,2025-10-22 16:20:20.636676,339145.559,6299359.408
PJ695,J13,BJFD-37,869,0,4,2025-10-22 16:20:20.636681,339145.559,6299359.408
PJ695,J13,TBFT-55,1289,4,6,2025-10-22 16:20:20.636682,339145.559,6299359.408
PJ695,J13C,BJFC-36,1302,0,5,2025-10-22 16:20:20.636683,339145.559,6299359.408
PD649,D13,BJFZ-93,3612,9,13,2025-10-22 16:20:22.602607,350037.205,6295647.185
PD649,511,TBFV-95,4541,13,19,2025-10-22 16:20:22.602612,350037.205,6295647.185
PD649,511,TBFX-72,4671,14,20,2025-10-22 16:20:22.602613,350037.205,6295647.185
PF224,F10,SRRW-61,1133,5,7,2025-10-22 16:20:24.404244,351966.919,6279417.816
PF224,F10,SRRZ-26,2121,9,13,2025-10-22 16:20:24.404249,351966.919,6279417.816
PF224,F13,SRSC-54,1301,5,7,2025-10-22 16:20:24.404251,351966.919,6279417.816
PF224,F13,SRRW-90,2061,8,10,2025-10-22 16:20:24.404252,351966.919,6279417.816
PF224,F29,SRPJ-78,1916,8,10,2025-10-22 16:20:24.404253,351966.919,6279417.816
PF224,F29,SPVW-72,6351,25,60,2025-10-22 16:20:24.404253,351966.919,6279417.816
PF224,F03C,SHXD-84,572,0,3,2025-10-22 16:20:24.404254,351966.919,6279417.816
PF224,F15,STHD-26,3006,9,13,2025-10-22 16:20:24.404255,351966.919,6279417.816
PF224,F15,LBTS-94,3765,13,17,2025-10-22 16:20:24.404256,351966.919,6279417.816
PF224,F25,SRVG-49,207,0,3,2025-10-22 16:20:24.404257,351966.919,6279417.816
PF224,F25,LCPG-37,127,0,3,2025-10-22 16:20:24.404258,351966.919,6279417.816
PF224,F33,LCTG-28,2279,8,12,2025-10-22 16:20:24.404259,351966.919,6279417.816
PF224,F33,SRVG-91,3162,13,17,2025-10-22 16:20:24.404259,351966.919,6279417.816
PB1450,B27,FLXS-24,1104,0,5,2025-10-22 16:20:26.070403,344808.731,6305349.332
PB1450,B27,FLXT-88,2447,8,12,2025-10-22 16:20:26.070408,344808.731,6305349.332
PB1450,B22,SKPS-19,1650,5,7,2025-10-22 16:20:26.070410,344808.731,6305349.332
PB1450,B22,SKPS-49,3613,13,19,2025-10-22 16:20:26.070411,344808.731,6305349.332
PI358,348,VHTB-38,1786,0,5,2025-10-22 16:20:28.518057,341288.387,6289998.303
PI358,348,VHSX-93,9671,25,60,2025-10-22 16:20:28.518062,341288.387,6289998.303
PI358,I05,VHSX-74,1745,0,4,2025-10-22 16:20:28.518063,341288.387,6289998.303
PI358,I05,VHSY-42,6396,17,25,2025-10-22 16:20:28.518064,341288.387,6289998.303
PI358,118,FLXW-60,3494,8,10,2025-10-22 16:20:28.518065,341288.387,6289998.303
PI358,118,FLXX-87,5892,14,20,2025-10-22 16:20:28.518066,341288.387,6289998.303
PI358,428,SKPH-72,600,0,3,2025-10-22 16:20:28.518067,341288.387,6289998.303
PI358,428,SHCY-54,2687,6,8,2025-10-22 16:20:28.518067,341288.387,6289998.303
PI358,444,SHXF-29,3316,7,9,2025-10-22 16:20:28.518068,341288.387,6289998.303
PI1625,109,FLXV-62,3019,7,9,2025-10-22 16:20:31.328949,342173.873,6293453.116
PI1625,109,PFXB-56,5561,13,19,2025-10-22 16:20:31.328955,342173.873,6293453.116
PI1625,108,PFVC-49,6478,14,20,2025-10-22 16:20:31.328956,342173.873,6293453.116
PI1625,108,PFVC-60,7330,19,27,2025-10-22 16:20:31.328957,342173.873,6293453.116
PI1625,I26,PFVC-43,679,0,3,2025-10-22 16:20:31.328958,342173.873,6293453.116
PI1625,I26,PGPT-44,9768,25,60,2025-10-22 16:20:31.328959,342173.873,6293453.116
PI1625,I25,FLXL-54,9543,5,7,2025-10-22 16:20:31.328960,342173.873,6293453.116
PI1625,I25,FLXL-70,12133,6,8,2025-10-22 16:20:31.328961,342173.873,6293453.116
PI1625,113,FLXW-85,5766,10,14,2025-10-22 16:20:31.328961,342173.873,6293453.116
PI1625,113,FLXX-75,8241,14,20,2025-10-22 16:20:31.328962,342173.873,6293453.116
PI1625,115,FLXV-63,653,0,3,2025-10-22 16:20:31.328963,342173.873,6293453.116
PI1625,115,PFXC-37,1393,0,5,2025-10-22 16:20:31.328964,342173.873,6293453.116
PH61,H09,VGRF-85,2294,7,9,2025-10-22 16:20:35.825898,342942.08,6290900.94
PH61,H09,VGRD-35,8175,25,60,2025-10-22 16:20:35.825903,342942.08,6290900.94
PH61,121,BJFV-78,3101,11,15,2025-10-22 16:20:35.825905,342942.08,6290900.94
PH61,121,BJFX-21,6234,25,60,2025-10-22 16:20:35.825905,342942.08,6290900.94
PH61,125,CJRX-42,1249,5,7,2025-10-22 16:20:35.825906,342942.08,6290900.94
PH61,125,BJFX-20,4464,16,24,2025-10-22 16:20:35.825907,342942.08,6290900.94
PH61,H03,CJRW-46,906,0,5,2025-10-22 16:20:35.825908,342942.08,6290900.94
PH61,H03,CJRX-46,1958,8,10,2025-10-22 16:20:35.825909,342942.08,6290900.94
PH61,345,CJRW-14,8724,25,60,2025-10-22 16:20:35.825910,342942.08,6290900.94
PH61,345,CJRX-63,13207,25,60,2025-10-22 16:20:35.825911,342942.08,6290900.94
PH61,105,LXDJ-11,6143,18,26,2025-10-22 16:20:35.825912,342942.08,6290900.94
PH61,105,SJPC-36,10788,25,60,2025-10-22 16:20:35.825912,342942.08,6290900.94
PH61,120,TXZH-38,6080,20,28,2025-10-22 16:20:35.825913,342942.08,6290900.94
PH61,120,SKHG-39,7120,25,60,2025-10-22 16:20:35.825914,342942.08,6290900.94
PC313,C09,SKPJ-79,6055,25,60,2025-10-22 16:20:37.768330,357139.323,6302240.926
PC313,C09,SGPY-73,6825,25,60,2025-10-22 16:20:37.768334,357139.323,6302240.926
PC313,C37,SHXF-89,743,0,3,2025-10-22 16:20:37.768335,357139.323,6302240.926
PC313,C37,SHXD-63,1923,6,8,2025-10-22 16:20:37.768336,357139.323,6302240.926
PC313,407,TBFW-81,1,0,3,2025-10-22 16:20:37.768337,357139.323,6302240.926
PC313,407,TBFW-16,1291,0,5,2025-10-22 16:20:37.768338,357139.323,6302240.926
PG51,211,TBYY-61,1546,0,4,2025-10-22 16:20:39.491506,343986.909,6285182.858
PG51,211,TBYY-59,2947,8,10,2025-10-22 16:20:39.491510,343986.909,6285182.858
PG51,271,CJRL-65,42,0,3,2025-10-22 16:20:39.491512,343986.909,6285182.858
PG51,271,FLXP-18,1742,0,5,2025-10-22 16:20:39.491512,343986.909,6285182.858
PG51,211C,THTF-28,1385,0,4,2025-10-22 16:20:39.491513,343986.909,6285182.858
PG51,211C,THTD-60,4733,12,18,2025-10-22 16:20:39.491514,343986.909,6285182.858
PG51,G05,SCRZ-12,2257,6,8,2025-10-22 16:20:39.491515,343986.909,6285182.858
PG51,G05,SDSW-65,2508,8,10,2025-10-22 16:20:39.491516,343986.909,6285182.858
PG51,201,GCBB-69,1025,0,3,2025-10-22 16:20:39.491516,343986.909,6285182.858
PG51,201,GCBC-16,3037,9,11,2025-10-22 16:20:39.491517,343986.909,6285182.858
PI137,108,PFVC-47,1221,0,5,2025-10-22 16:20:41.516174,340320.009,6291019.64
PI137,108,PFYT-22,2144,6,8,2025-10-22 16:20:41.516178,340320.009,6291019.64
PI137,113,FLXW-82,6532,14,20,2025-10-22 16:20:41.516179,340320.009,6291019.64
PI137,113,FLXW-97,9585,25,60,2025-10-22 16:20:41.516180,340320.009,6291019.64
PI137,I14,CJRB-47,5022,25,60,2025-10-22 16:20:41.516181,340320.009,6291019.64
PI137,115,PFXB-91,531,0,3,2025-10-22 16:20:41.516182,340320.009,6291019.64
PI137,115,GCBC-61,1638,0,5,2025-10-22 16:20:41.516183,340320.009,6291019.64
PI137,109,FLXC-45,1710,4,6,2025-10-22 16:20:41.516184,340320.009,6291019.64
PI137,109,TBFW-54,3332,9,11,2025-10-22 16:20:41.516184,340320.009,6291019.64
PB1489,C18,SHXF-42,2376,8,10,2025-10-22 16:20:43.472911,349680.878,6304415.894
PB1489,C18,SHXD-86,5588,16,22,2025-10-22 16:20:43.472916,349680.878,6304415.894
PI885,I04,FLXY-37,2468,6,8,2025-10-22 16:20:45.431426,338919.304,6291555.118
PI885,I04,FLXF-62,3514,8,12,2025-10-22 16:20:45.431432,338919.304,6291555.118
PI885,I18,FLXZ-37,3409,8,10,2025-10-22 16:20:45.431433,338919.304,6291555.118
PI885,I18,VHTB-70,3407,8,10,2025-10-22 16:20:45.431434,338919.304,6291555.118
PC1058,504,GCBD-33,1,0,3,2025-10-22 16:20:47.383649,357594.137,6300689.435
PC1058,504,GCBD-93,2078,18,26,2025-10-22 16:20:47.383655,357594.137,6300689.435
PB1928,308C,TWPD-46,3137,17,23,2025-10-22 16:20:49.643951,338325.811,6307135.913
PB1928,308,FLXH-94,2104,8,10,2025-10-22 16:20:49.643956,338325.811,6307135.913
PB1928,308,FLXJ-93,2495,8,12,2025-10-22 16:20:49.643957,338325.811,6307135.913
PE815,E16,VFJP-12,1421,0,5,2025-10-22 16:20:51.675005,349132.261,6286887.191
PE815,E16,VFJD-72,1929,5,7,2025-10-22 16:20:51.675010,349132.261,6286887.191
PB1306,B15,SKDJ-84,2915,12,16,2025-10-22 16:20:53.607532,348626.732,6302036.375
PB1306,B15,SKPS-47,4176,17,23,2025-10-22 16:20:53.607539,348626.732,6302036.375
PG2120,G27,THTF-10,6266,18,26,2025-10-22 16:20:55.481238,341134.0,6276675.0
PG2120,G27,THTG-85,8110,25,60,2025-10-22 16:20:55.481243,341134.0,6276675.0
PE757,E13,VFKR-86,2717,9,13,2025-10-22 16:20:57.202561,351481.866,6288955.556
PE757,E13,VFKT-58,5757,20,28,2025-10-22 16:20:57.202567,351481.866,6288955.556
PG1090,G11,THTF-97,2224,5,7,2025-10-22 16:20:58.933543,348300.839,6285628.32
PG1090,G11,THTD-27,3829,9,13,2025-10-22 16:20:58.933548,348300.839,6285628.32
PF126,213E,LCTG-42,1031,0,3,2025-10-22 16:21:00.941624,353932.951,6279795.205
PF126,213E,SRVG-44,2696,8,10,2025-10-22 16:21:00.941628,353932.951,6279795.205
PF126,124,SRVH-11,1160,6,8,2025-10-22 16:21:00.941630,353932.951,6279795.205
PF126,124,SRVG-86,5802,25,60,2025-10-22 16:21:00.941630,353932.951,6279795.205
PG15,211C,THTD-68,948,0,5,2025-10-22 16:21:03.233498,344200.69,6285560.74
PG15,G05,SFGY-14,396,0,3,2025-10-22 16:21:03.233503,344200.69,6285560.74
PG15,G15,THTH-20,221,0,3,2025-10-22 16:21:03.233504,344200.69,6285560.74
PG15,F20,SPZY-69,568,0,4,2025-10-22 16:21:03.233505,344200.69,6285560.74
PG15,201,GCBB-58,107,0,3,2025-10-22 16:21:03.233506,344200.69,6285560.74
PG15,201,GCBB-91,3243,12,18,2025-10-22 16:21:03.233507,344200.69,6285560.74
PG15,211,TBYY-73,147,0,3,2025-10-22 16:21:03.233508,344200.69,6285560.74
PG15,211,FLXX-19,1614,4,6,2025-10-22 16:21:03.233509,344200.69,6285560.74
PG15,271,FLXX-23,8051,25,60,2025-10-22 16:21:03.233510,344200.69,6285560.74
PG15,271,FLXP-21,13582,25,60,2025-10-22 16:21:03.233510,344200.69,6285560.74
PI350,428,SLPB-45,4670,17,23,2025-10-22 16:21:07.559068,337796.941,6292301.653
PI350,428,SKPJ-43,6362,25,60,2025-10-22 16:21:07.559073,337796.941,6292301.653
PI350,444,SJPB-21,116,0,3,2025-10-22 16:21:07.559074,337796.941,6292301.653
PI350,444,SKPL-33,2837,6,8,2025-10-22 16:21:07.559075,337796.941,6292301.653
PI350,I13,FLXL-55,19,0,3,2025-10-22 16:21:07.559076,337796.941,6292301.653
PD1028,D09,SVDC-12,3103,8,12,2025-10-22 16:21:09.561993,357007.863,6296291.765
PD1028,D10,SVDF-65,376,0,3,2025-10-22 16:21:09.561997,357007.863,6296291.765
PD1028,D11,SVDF-11,933,0,3,2025-10-22 16:21:09.561998,357007.863,6296291.765
PD1028,D11,SVDF-46,2904,8,10,2025-10-22 16:21:09.561999,357007.863,6296291.765
PD1028,513,VHZX-81,244,0,3,2025-10-22 16:21:09.562000,357007.863,6296291.765
PG222,212,LZPG-18,7860,17,25,2025-10-22 16:21:11.502221,348341.965,6282974.316
PG222,212,LZPW-13,8419,19,27,2025-10-22 16:21:11.502227,348341.965,6282974.316
PH454,H24,VGLZ-33,97,0,3,2025-10-22 16:21:15.150148,347115.407,6292747.625
PH454,H24,VGRC-13,3219,12,16,2025-10-22 16:21:15.150152,347115.407,6292747.625
PI1149,I13,FLXW-88,1325,4,6,2025-10-22 16:21:17.086633,339820.295,6293971.984
PI1149,I13,FLXX-96,1830,7,9,2025-10-22 16:21:17.086638,339820.295,6293971.984
PG626,G28,FLXK-47,1193,0,5,2025-10-22 16:21:19.967315,346162.631,6283612.722
PG626,G28,BJFS-57,2856,9,13,2025-10-22 16:21:19.967320,346162.631,6283612.722
PG626,G11,THTG-95,1584,4,6,2025-10-22 16:21:19.967321,346162.631,6283612.722
PG626,G11,THTG-53,2343,7,9,2025-10-22 16:21:19.967322,346162.631,6283612.722
PG626,G13,SFPF-95,1439,6,8,2025-10-22 16:21:19.967323,346162.631,6283612.722
PG626,G13,SFGY-72,3011,12,16,2025-10-22 16:21:19.967323,346162.631,6283612.722
PG626,F06,SPZY-66,1875,7,9,2025-10-22 16:21:19.967324,346162.631,6283612.722
PG626,F06,SPZX-95,3154,11,15,2025-10-22 16:21:19.967325,346162.631,6283612.722
PI258,111,FLXY-57,994,8,12,2025-10-22 16:21:21.971937,337503.375,6294689.933
PI258,111,FLXX-58,6177,25,60,2025-10-22 16:21:21.971941,337503.375,6294689.933
PI258,I07,VHSY-33,1676,6,8,2025-10-22 16:21:21.971942,337503.375,6294689.933
PI258,I07,VHSY-32,5371,25,60,2025-10-22 16:21:21.971943,337503.375,6294689.933
PB696,B01,SJTD-56,4531,11,15,2025-10-22 16:21:23.994991,342308.536,6303769.536
PB696,B01,TXZH-39,4072,25,60,2025-10-22 16:21:23.994997,342308.536,6303769.536
PB696,B17,SHCX-53,3411,11,15,2025-10-22 16:21:23.994998,342308.536,6303769.536
PB696,B17,SHCY-62,4676,15,21,2025-10-22 16:21:23.994999,342308.536,6303769.536
PB696,B28,STHF-13,737,0,3,2025-10-22 16:21:23.995000,342308.536,6303769.536
PH425,385,FLXF-46,4407,16,22,2025-10-22 16:21:26.436737,349163.183,6292744.088
PA141,205,RWTP-92,739,0,4,2025-10-22 16:21:28.717746,347076.87,6296681.401
PA141,205,LZRD-93,1194,5,7,2025-10-22 16:21:28.717752,347076.87,6296681.401
PA141,207,LZPG-20,204,0,3,2025-10-22 16:21:28.717753,347076.87,6296681.401
PH657,H09,VGRD-35,4886,16,22,2025-10-22 16:21:34.291899,344293.62,6291356.608
PH657,H09,VGRG-34,7817,25,60,2025-10-22 16:21:34.291903,344293.62,6291356.608
PD984,D07,SVDF-29,92,0,3,2025-10-22 16:21:35.908814,356442.238,6294477.883
PD984,D07,SVDF-80,72,0,3,2025-10-22 16:21:35.908819,356442.238,6294477.883
PD984,D20,SVDF-81,1960,6,8,2025-10-22 16:21:35.908820,356442.238,6294477.883
PD984,D20,SVDF-61,1960,7,9,2025-10-22 16:21:35.908821,356442.238,6294477.883
PJ696,J04,FLXV-59,2684,8,10,2025-10-22 16:21:37.961976,339131.958,6299630.474
PJ696,J13,BJFD-37,777,0,4,2025-10-22 16:21:37.961981,339131.958,6299630.474
PJ696,J13,TBFX-74,4711,14,20,2025-10-22 16:21:37.961982,339131.958,6299630.474
PB1914,B11,SKDH-90,1,0,3,2025-10-22 16:21:40.253065,339773.0,6306776.0
PB1914,B11,SKDJ-82,2328,9,11,2025-10-22 16:21:40.253079,339773.0,6306776.0
PB1914,B21,SKDJ-25,320,0,3,2025-10-22 16:21:40.253081,339773.0,6306776.0
PB1914,B21,SKDG-26,1398,4,6,2025-10-22 16:21:40.253082,339773.0,6306776.0
PB1914,430,SKPJ-45,14,0,3,2025-10-22 16:21:40.253083,339773.0,6306776.0
PB1914,430,PGTV-13,23,0,3,2025-10-22 16:21:40.253083,339773.0,6306776.0
PB1914,308,FLXH-94,127,0,3,2025-10-22 16:21:40.253084,339773.0,6306776.0
PB1914,308,FLXJ-93,755,0,3,2025-10-22 16:21:40.253085,339773.0,6306776.0
PB1914,308C,TWPD-46,1345,7,9,2025-10-22 16:21:40.253086,339773.0,6306776.0
PB1914,B06,SKDH-69,1740,7,9,2025-10-22 16:21:40.253087,339773.0,6306776.0
PB1914,B06,SKDH-34,7504,25,60,2025-10-22 16:21:40.253088,339773.0,6306776.0
PB1914,425,SJPC-70,590,0,3,2025-10-22 16:21:40.253088,339773.0,6306776.0
PB1914,425,SGPW-41,711,0,3,2025-10-22 16:21:40.253089,339773.0,6306776.0
PB1914,429,SLGT-37,373,0,3,2025-10-22 16:21:40.253090,339773.0,6306776.0
PB1914,429,SHXD-70,842,0,3,2025-10-22 16:21:40.253091,339773.0,6306776.0
PB1914,435,SJPF-97,1013,0,5,2025-10-22 16:21:40.253092,339773.0,6306776.0
PB1914,435,SLPC-58,8697,25,60,2025-10-22 16:21:40.253092,339773.0,6306776.0
PF218,F10,SRRZ-26,307,0,3,2025-10-22 16:21:41.995473,353213.157,6279447.172
PF218,F10,SRRW-69,774,0,3,2025-10-22 16:21:41.995478,353213.157,6279447.172
PF218,F13,SRRW-90,307,0,3,2025-10-22 16:21:41.995479,353213.157,6279447.172
PF218,F13,SRPK-36,2470,12,16,2025-10-22 16:21:41.995480,353213.157,6279447.172
PF218,F16,SPRW-83,1680,6,8,2025-10-22 16:21:41.995481,353213.157,6279447.172
PF218,F16,SPRW-90,5634,19,27,2025-10-22 16:21:41.995482,353213.157,6279447.172
PF218,F33,LCTG-28,327,0,3,2025-10-22 16:21:41.995483,353213.157,6279447.172
PF218,F33,SRVG-91,1412,6,8,2025-10-22 16:21:41.995483,353213.157,6279447.172
PF218,213E,LCTG-45,1904,6,8,2025-10-22 16:21:41.995484,353213.157,6279447.172
PF218,213E,SRVJ-10,3303,10,14,2025-10-22 16:21:41.995485,353213.157,6279447.172
PF218,F03,SPVV-66,1084,6,8,2025-10-22 16:21:41.995486,353213.157,6279447.172
PF218,F03,FLXJ-38,2757,12,16,2025-10-22 16:21:41.995487,353213.157,6279447.172
PG967,G39,FLXH-61,159,0,3,2025-10-22 16:21:43.976507,344686.831,6282168.463
PG967,G39,SHXB-15,1784,7,9,2025-10-22 16:21:43.976512,344686.831,6282168.463
PG967,228,THTD-52,2261,9,11,2025-10-22 16:21:43.976513,344686.831,6282168.463
PG967,228,THTD-61,4357,15,21,2025-10-22 16:21:43.976514,344686.831,6282168.463
PG967,G08,THTH-85,1803,5,7,2025-10-22 16:21:43.976515,344686.831,6282168.463
PD985,D01,SVDD-54,1804,5,7,2025-10-22 16:21:45.929160,356655.791,6294391.998
PD985,D01,SVDD-18,8053,25,60,2025-10-22 16:21:45.929164,356655.791,6294391.998
PD985,D07,SVDF-80,168,0,3,2025-10-22 16:21:45.929166,356655.791,6294391.998
PD985,D07,SVDF-29,214,0,3,2025-10-22 16:21:45.929167,356655.791,6294391.998
PB14,107,PFZK-80,114,0,3,2025-10-22 16:21:47.894720,345477.905,6303538.202
PB14,107,PFYC-47,2951,9,13,2025-10-22 16:21:47.894725,345477.905,6303538.202
PB14,101,PGRR-78,3077,9,13,2025-10-22 16:21:47.894726,345477.905,6303538.202
PG1347,206,LZPW-21,538,0,3,2025-10-22 16:21:51.473100,346113.905,6282614.465
PG1347,G23,SFWB-87,2172,11,15,2025-10-22 16:21:51.473106,346113.905,6282614.465
PG1347,G09,SDSW-59,664,0,3,2025-10-22 16:21:51.473107,346113.905,6282614.465
PG1347,G09,SHCX-11,984,0,4,2025-10-22 16:21:51.473108,346113.905,6282614.465
PG1347,G11,THTG-95,404,0,3,2025-10-22 16:21:51.473109,346113.905,6282614.465
PG1347,G11,THTG-53,1048,0,4,2025-10-22 16:21:51.473109,346113.905,6282614.465
PG1347,G16,SFPF-89,2063,0,4,2025-10-22 16:21:51.473110,346113.905,6282614.465
PG1347,G16,SDSW-86,5256,25,60,2025-10-22 16:21:51.473111,346113.905,6282614.465
PH203,205,LZRD-72,696,0,3,2025-10-22 16:21:53.473972,347577.47,6293368.54
PH203,205,SXKV-90,3100,8,10,2025-10-22 16:21:53.473977,347577.47,6293368.54
PH203,227,VFHT-73,738,0,3,2025-10-22 16:21:53.473978,347577.47,6293368.54
PH203,227,VFPL-61,4815,12,18,2025-10-22 16:21:53.473979,347577.47,6293368.54
PH203,207,LZPT-48,972,0,3,2025-10-22 16:21:53.473980,347577.47,6293368.54
PH203,207,SFST-37,3809,8,12,2025-10-22 16:21:53.473981,347577.47,6293368.54
PH203,209,LZPG-27,2880,8,10,2025-10-22 16:21:53.473981,347577.47,6293368.54
PH203,209,LZPG-17,3230,9,11,2025-10-22 16:21:53.473982,347577.47,6293368.54
PC1107,C06,SKDF-79,2835,12,16,2025-10-22 16:21:55.379475,351117.325,6301186.571
PC1107,C06,LDTB-93,3216,12,18,2025-10-22 16:21:55.379480,351117.325,6301186.571
PC1107,429,SLGT-34,100,0,3,2025-10-22 16:21:55.379481,351117.325,6301186.571
PC1107,429,SLPB-69,50,0,3,2025-10-22 16:21:55.379482,351117.325,6301186.571
PE328,E02,VKJZ-42,1027,0,5,2025-10-22 16:21:57.278488,352215.381,6286919.505
PE328,E02,VKJY-50,3544,11,15,2025-10-22 16:21:57.278494,352215.381,6286919.505
PE328,E12,VFJD-60,908,0,4,2025-10-22 16:21:57.278495,352215.381,6286919.505
PE328,E12,VFKV-40,6586,17,25,2025-10-22 16:21:57.278496,352215.381,6286919.505
PJ145,422,TBFT-75,6267,20,28,2025-10-22 16:21:59.234277,341328.272,6298479.313
PJ145,422,PFXB-38,6814,25,60,2025-10-22 16:21:59.234282,341328.272,6298479.313
PJ145,426,FLXK-28,2917,9,13,2025-10-22 16:21:59.234283,341328.272,6298479.313
PJ145,426,BJFD-62,7931,25,60,2025-10-22 16:21:59.234284,341328.272,6298479.313
PJ145,402,SKPK-63,4958,17,23,2025-10-22 16:21:59.234284,341328.272,6298479.313
PJ145,402,SJPF-43,6145,25,60,2025-10-22 16:21:59.234285,341328.272,6298479.313
PJ145,J13,TBFX-74,1007,0,4,2025-10-22 16:21:59.234286,341328.272,6298479.313
PJ145,J13,TBFX-33,3001,10,14,2025-10-22 16:21:59.234287,341328.272,6298479.313
PJ145,406,GCBD-27,1856,7,9,2025-10-22 16:21:59.234288,341328.272,6298479.313
PJ145,406,TBFR-60,2779,10,14,2025-10-22 16:21:59.234288,341328.272,6298479.313
PJ145,407,PFXC-82,5845,17,25,2025-10-22 16:21:59.234289,341328.272,6298479.313
PJ145,407,TBFX-29,6797,21,29,2025-10-22 16:21:59.234290,341328.272,6298479.313
PE599,210V,VFRB-63,1866,8,10,2025-10-22 16:22:01.218367,353186.568,6285152.341
PE599,210V,VFPZ-38,5443,17,25,2025-10-22 16:22:01.218372,353186.568,6285152.341
PC2,426,FLXD-52,1816,9,11,2025-10-22 16:22:05.118036,349772.437,6300216.427
PC2,426,FDJX-81,2801,12,16,2025-10-22 16:22:05.118041,349772.437,6300216.427
PC2,401,PDYR-95,5478,19,27,2025-10-22 16:22:05.118042,349772.437,6300216.427
PC2,401,PFBG-41,11902,25,60,2025-10-22 16:22:05.118043,349772.437,6300216.427
PC2,405,PFYG-98,2459,10,14,2025-10-22 16:22:05.118043,349772.437,6300216.427
PC2,405,PFYG-60,7773,25,60,2025-10-22 16:22:05.118044,349772.437,6300216.427
PC2,517,VHZX-21,2073,8,10,2025-10-22 16:22:05.118045,349772.437,6300216.427
PC2,517,VHXK-53,5027,20,28,2025-10-22 16:22:05.118046,349772.437,6300216.427
PC2,407,TBFR-41,3456,12,18,2025-10-22 16:22:05.118047,349772.437,6300216.427
PC2,407,GCBD-25,3587,13,19,2025-10-22 16:22:05.118047,349772.437,6300216.427
PC2,503,LZPH-11,3406,14,20,2025-10-22 16:22:05.118048,349772.437,6300216.427
PC2,503,VGVB-79,3817,17,23,2025-10-22 16:22:05.118049,349772.437,6300216.427
PC2,406,GCBC-52,35,0,3,2025-10-22 16:22:05.118050,349772.437,6300216.427
PC2,406,GCBD-81,2091,9,11,2025-10-22 16:22:05.118051,349772.437,6300216.427
PC2,405C,SKJL-64,2722,9,11,2025-10-22 16:22:05.118052,349772.437,6300216.427
PC2,405C,SPBL-80,5761,20,28,2025-10-22 16:22:05.118052,349772.437,6300216.427
PC2,412,PFVG-77,1475,5,7,2025-10-22 16:22:05.118053,349772.437,6300216.427
PC2,412,PFTW-20,4902,25,60,2025-10-22 16:22:05.118054,349772.437,6300216.427
PC2,418,SHXD-79,355,0,3,2025-10-22 16:22:05.118055,349772.437,6300216.427
PC2,418,LXWP-66,471,0,4,2025-10-22 16:22:05.118056,349772.437,6300216.427
PC2,421,PFYG-86,10675,25,60,2025-10-22 16:22:05.118057,349772.437,6300216.427
PC2,421,PFBF-98,17401,25,60,2025-10-22 16:22:05.118058,349772.437,6300216.427
PB426,303,FLXD-74,2843,7,9,2025-10-22 16:22:06.790014,343866.72,6301334.9
PB426,303,FLXK-69,8415,17,25,2025-10-22 16:22:06.790019,343866.72,6301334.9
PB426,307,VHSX-96,393,0,3,2025-10-22 16:22:06.790020,343866.72,6301334.9
PB426,307,TWPD-28,1676,0,5,2025-10-22 16:22:06.790021,343866.72,6301334.9
PB426,314,VHTB-40,530,0,3,2025-10-22 16:22:06.790022,343866.72,6301334.9
PB426,314,TWPC-57,391,0,4,2025-10-22 16:22:06.790023,343866.72,6301334.9
PI1189,385,FLXL-44,419,0,3,2025-10-22 16:22:09.454131,342440.166,6295640.688
PI1189,385,FLXL-74,9778,25,60,2025-10-22 16:22:09.454136,342440.166,6295640.688
PI1189,I17,FLXK-89,2588,12,16,2025-10-22 16:22:09.454138,342440.166,6295640.688
PE810,E15C,VFHW-97,188,0,3,2025-10-22 16:22:11.395261,350807.111,6286043.737
PE810,E15C,VFKS-68,2995,10,14,2025-10-22 16:22:11.395266,350807.111,6286043.737
PE810,325,VFJR-90,1,0,3,2025-10-22 16:22:11.395267,350807.111,6286043.737
PE810,325,VFKR-64,3048,13,19,2025-10-22 16:22:11.395268,350807.111,6286043.737
PG574,G16,SFPF-78,2688,13,17,2025-10-22 16:22:12.977226,345238.551,6284305.782
PG574,F06,SPZY-59,115,0,3,2025-10-22 16:22:12.977231,345238.551,6284305.782
PG574,F06,SPZX-48,2976,12,18,2025-10-22 16:22:12.977232,345238.551,6284305.782
PG574,203,SRTK-48,4379,15,21,2025-10-22 16:22:12.977233,345238.551,6284305.782
PG574,203,LZPR-94,5755,20,28,2025-10-22 16:22:12.977233,345238.551,6284305.782
PG574,203C,LZPT-64,3544,11,15,2025-10-22 16:22:12.977234,345238.551,6284305.782
PG574,203C,SVPW-60,5736,19,27,2025-10-22 16:22:12.977235,345238.551,6284305.782
PG574,G13,SCRZ-30,1380,5,7,2025-10-22 16:22:12.977236,345238.551,6284305.782
PG574,G13,SFPG-69,1704,7,9,2025-10-22 16:22:12.977236,345238.551,6284305.782
PI405,401,PFBG-21,140,0,3,2025-10-22 16:22:15.797878,342918.394,6297157.773
PI405,401,PFBG-38,100,0,3,2025-10-22 16:22:15.797883,342918.394,6297157.773
PI405,405,PDYR-98,1239,7,9,2025-10-22 16:22:15.797884,342918.394,6297157.773
PI405,405,PFVK-88,5554,25,60,2025-10-22 16:22:15.797885,342918.394,6297157.773
PI405,419,PDZH-84,2351,8,10,2025-10-22 16:22:15.797886,342918.394,6297157.773
PI405,419,PDYR-96,4995,16,24,2025-10-22 16:22:15.797887,342918.394,6297157.773
PI405,421,PFVK-81,5370,19,27,2025-10-22 16:22:15.797887,342918.394,6297157.773
PI405,421,PDYS-12,5560,20,28,2025-10-22 16:22:15.797888,342918.394,6297157.773
PI405,423,PFVJ-27,5716,20,28,2025-10-22 16:22:15.797889,342918.394,6297157.773
PI405,106,PFVC-45,929,0,3,2025-10-22 16:22:15.797890,342918.394,6297157.773
PI405,106,PFVJ-17,1522,0,5,2025-10-22 16:22:15.797891,342918.394,6297157.773
PF304,F14,SPRY-39,3080,10,14,2025-10-22 16:22:18.747445,354646.792,6283314.862
PF304,F14,SPRX-20,4435,14,20,2025-10-22 16:22:18.747451,354646.792,6283314.862
PF304,F05,SPZY-67,1,0,3,2025-10-22 16:22:18.747453,354646.792,6283314.862
PF304,F05,SPZX-84,4339,13,19,2025-10-22 16:22:18.747454,354646.792,6283314.862
PI1137,I25,FLXK-87,1,0,3,2025-10-22 16:22:20.665535,339719.364,6293070.868
PI1137,I13,FLXX-73,835,0,4,2025-10-22 16:22:20.665541,339719.364,6293070.868
PI1137,I13,FLXL-55,3100,14,20,2025-10-22 16:22:20.665543,339719.364,6293070.868
PI1137,I20,FLXL-77,1675,0,5,2025-10-22 16:22:20.665544,339719.364,6293070.868
PG1053,G39,SHXB-19,524,0,3,2025-10-22 16:22:22.611464,340932.749,6285461.267
PG1053,G39,SCRZ-13,4108,12,18,2025-10-22 16:22:22.611470,340932.749,6285461.267
PG1053,G09,SFPG-66,3756,7,9,2025-10-22 16:22:22.611471,340932.749,6285461.267
PB1839,425,SGPY-77,248,0,3,2025-10-22 16:22:24.515767,336788.001,6307264.001
PB1839,425,SJPC-70,5561,25,60,2025-10-22 16:22:24.515773,336788.001,6307264.001
PD1451,D10,SVDD-29,1034,6,8,2025-10-22 16:22:26.561627,356018.98,6295520.43
PD1451,D10,SVDF-64,1137,7,9,2025-10-22 16:22:26.561632,356018.98,6295520.43
PD1451,D03,SVDF-66,2398,10,14,2025-10-22 16:22:26.561633,356018.98,6295520.43
PD1451,D03,SVDF-69,3776,17,23,2025-10-22 16:22:26.561633,356018.98,6295520.43
PI40,101,PFYS-39,364,0,3,2025-10-22 16:22:29.957964,340495.113,6295286.236
PI40,101,PFVD-64,4638,16,22,2025-10-22 16:22:29.957969,340495.113,6295286.236
PI40,481,PFYR-69,342,0,3,2025-10-22 16:22:29.957970,340495.113,6295286.236
PI40,481,PGPS-92,2761,9,13,2025-10-22 16:22:29.957971,340495.113,6295286.236
PI40,I10,FLXJ-22,653,0,3,2025-10-22 16:22:29.957972,340495.113,6295286.236
PI40,I10,FLXL-49,5150,15,21,2025-10-22 16:22:29.957973,340495.113,6295286.236
PI40,I13,FLXY-15,604,0,3,2025-10-22 16:22:29.957974,340495.113,6295286.236
PI40,I13,FLXL-55,6633,25,60,2025-10-22 16:22:29.957974,340495.113,6295286.236
PI40,I14,BJFS-89,1924,6,8,2025-10-22 16:22:29.957975,340495.113,6295286.236
PI40,506,PFXC-34,458,0,3,2025-10-22 16:22:29.957976,340495.113,6295286.236
PI40,506,TBFX-71,6025,17,25,2025-10-22 16:22:29.957977,340495.113,6295286.236
PI40,506V,PFXB-93,2013,7,9,2025-10-22 16:22:29.957978,340495.113,6295286.236
PI40,506V,FLXW-45,6018,17,23,2025-10-22 16:22:29.957979,340495.113,6295286.236
PI40,509,BJFH-30,194,0,3,2025-10-22 16:22:29.957979,340495.113,6295286.236
PI40,509,FLXW-54,2472,6,8,2025-10-22 16:22:29.957980,340495.113,6295286.236
PI819,I03,FLXJ-21,5562,17,23,2025-10-22 16:22:32.841437,338501.4,6291466.93
PI819,I03,FLXL-73,7862,25,60,2025-10-22 16:22:32.841441,338501.4,6291466.93
PG592,G13,SFPG-55,269,0,3,2025-10-22 16:22:34.380303,348577.351,6282570.635
PG592,G13,SHXG-77,3933,16,24,2025-10-22 16:22:34.380308,348577.351,6282570.635
PG592,F06,SPZY-48,990,0,5,2025-10-22 16:22:34.380310,348577.351,6282570.635
PG592,F06,SPZY-59,4872,16,24,2025-10-22 16:22:34.380311,348577.351,6282570.635
PG592,F20,SPZY-69,7366,25,60,2025-10-22 16:22:34.380312,348577.351,6282570.635
PG592,G23,SFWZ-85,1442,6,8,2025-10-22 16:22:34.380313,348577.351,6282570.635
PG592,G23,SFWB-87,4906,20,28,2025-10-22 16:22:34.380314,348577.351,6282570.635
PG592,G28,BJFW-71,190,0,3,2025-10-22 16:22:34.380315,348577.351,6282570.635
PG592,G28,BJFS-96,2632,8,10,2025-10-22 16:22:34.380317,348577.351,6282570.635
PG592,G05,SFPG-68,538,0,3,2025-10-22 16:22:34.380318,348577.351,6282570.635
PG592,G05,SHCV-43,843,0,4,2025-10-22 16:22:34.380319,348577.351,6282570.635
PG592,G35,SFPF-83,914,0,5,2025-10-22 16:22:34.380320,348577.351,6282570.635
PG592,G35,SFPF-80,7531,25,60,2025-10-22 16:22:34.380321,348577.351,6282570.635
PG827,G01,THTH-21,1623,7,9,2025-10-22 16:22:35.975964,349267.71,6285633.87
PG827,G01,THTD-70,2392,9,13,2025-10-22 16:22:35.975969,349267.71,6285633.87
PG827,G18,SCRZ-17,1,0,3,2025-10-22 16:22:35.975970,349267.71,6285633.87
PG827,G18,SHXB-33,3133,11,15,2025-10-22 16:22:35.975971,349267.71,6285633.87
PG827,G04,SDSW-62,436,0,3,2025-10-22 16:22:35.975972,349267.71,6285633.87
PG827,G04,SFPF-93,1253,7,9,2025-10-22 16:22:35.975972,349267.71,6285633.87
PF665,F02,SHXD-82,1389,5,7,2025-10-22 16:22:37.660347,352474.319,6278562.517
PI1378,I01,FLXJ-31,2044,5,7,2025-10-22 16:22:39.199250,341801.595,6293940.236
PI1378,I01,FLXL-22,5241,16,22,2025-10-22 16:22:39.199255,341801.595,6293940.236
PF487,F10,SRRY-13,1949,5,7,2025-10-22 16:22:40.609710,354205.491,6283894.166
PF487,F24,SRPJ-74,2325,13,17,2025-10-22 16:22:40.609715,354205.491,6283894.166
PF487,F24,SPRW-86,7483,25,60,2025-10-22 16:22:40.609715,354205.491,6283894.166
PF487,F25,SRVG-68,3466,11,15,2025-10-22 16:22:40.609716,354205.491,6283894.166
PJ1759,J07E,VHZZ-81,13182,25,60,2025-10-22 16:22:42.532195,325926.138,6303221.321
PJ1759,J07E,VJBB-71,17555,25,60,2025-10-22 16:22:42.532199,325926.138,6303221.321
PI1494,I02,FLXY-76,2855,10,14,2025-10-22 16:22:44.520707,335889.863,6292782.854
PI1494,I02,FLXZ-53,5403,25,60,2025-10-22 16:22:44.520711,335889.863,6292782.854
PI1494,I12,FLXY-28,1508,5,7,2025-10-22 16:22:44.520712,335889.863,6292782.854
PA448,507C,TBFT-60,5068,15,21,2025-10-22 16:22:46.574001,346770.52,6296575.19
PA448,507C,FLXV-93,9385,25,60,2025-10-22 16:22:46.574006,346770.52,6296575.19
PA448,510,TBFS-34,1400,5,7,2025-10-22 16:22:46.574008,346770.52,6296575.19
PA448,510,GCBC-97,4591,13,19,2025-10-22 16:22:46.574009,346770.52,6296575.19
PA448,506,PFXC-50,279,0,3,2025-10-22 16:22:46.574010,346770.52,6296575.19
PA448,506,TBFR-97,349,0,3,2025-10-22 16:22:46.574010,346770.52,6296575.19
PA448,506V,TBFS-39,1300,0,5,2025-10-22 16:22:46.574011,346770.52,6296575.19
PA448,506V,FLXV-94,5997,17,25,2025-10-22 16:22:46.574012,346770.52,6296575.19
PA448,507,GCBD-79,422,0,3,2025-10-22 16:22:46.574013,346770.52,6296575.19
PA448,507,FLXV-52,744,0,4,2025-10-22 16:22:46.574014,346770.52,6296575.19
PG1778,228,THTD-48,1671,0,5,2025-10-22 16:22:48.482515,343649.583,6280671.982
PG1566,G37,THTD-38,3170,7,9,2025-10-22 16:22:50.526641,339020.923,6275457.803
PG1566,G07,THTG-60,3244,7,9,2025-10-22 16:22:50.526646,339020.923,6275457.803
PG1566,G07,THTD-46,8180,25,60,2025-10-22 16:22:50.526647,339020.923,6275457.803
PB160,116,LDJJ-69,5513,12,16,2025-10-22 16:22:52.373519,346863.515,6299771.827
PB160,116,FLXT-51,5588,13,17,2025-10-22 16:22:52.373525,346863.515,6299771.827
PG1339,G18,SFPG-33,3981,13,19,2025-10-22 16:22:54.244425,346556.953,6288100.266
PG1339,G18,SFGY-84,6388,25,60,2025-10-22 16:22:54.244430,346556.953,6288100.266
PG1243,G15,THTH-20,2607,11,15,2025-10-22 16:22:56.092009,346990.104,6285009.278
PG1243,G15,THTF-15,4989,21,29,2025-10-22 16:22:56.092014,346990.104,6285009.278
PD609,D10,SVDC-44,2897,11,15,2025-10-22 16:22:58.048111,353266.69,6291967.327
PD609,D10,SVDC-75,4550,17,25,2025-10-22 16:22:58.048115,353266.69,6291967.327
PD609,D20,SVDF-62,251,0,3,2025-10-22 16:22:58.048116,353266.69,6291967.327
PD609,D20,SVDD-95,5181,16,24,2025-10-22 16:22:58.048117,353266.69,6291967.327
PD609,508,FLXX-84,3416,11,15,2025-10-22 16:22:58.048118,353266.69,6291967.327
PD609,508,GCBF-20,5106,16,24,2025-10-22 16:22:58.048119,353266.69,6291967.327
PG2009,G43,FLXC-88,1812,6,8,2025-10-22 16:22:59.922770,344359.01,6279344.01
PG2009,G43,FLXC-98,5466,25,60,2025-10-22 16:22:59.922775,344359.01,6279344.01
PE1313,205,SXKV-93,1334,5,7,2025-10-22 16:23:01.991751,348518.048,6286073.077
PE1313,205,LZRD-63,3428,10,14,2025-10-22 16:23:01.991757,348518.048,6286073.077
PE1313,207,SDGY-35,5297,16,22,2025-10-22 16:23:01.991758,348518.048,6286073.077
PE1313,207,CJRL-16,7276,21,29,2025-10-22 16:23:01.991759,348518.048,6286073.077
PE1313,209,GCBF-46,158,0,3,2025-10-22 16:23:01.991760,348518.048,6286073.077
PE1313,209,LZPT-71,205,0,3,2025-10-22 16:23:01.991761,348518.048,6286073.077
PG1634,G39,SCRZ-13,286,0,3,2025-10-22 16:23:04.056617,341530.752,6287251.784
PG1634,G09,SFPG-66,270,0,3,2025-10-22 16:23:04.056622,341530.752,6287251.784
PF560,F12,STHF-69,1605,6,8,2025-10-22 16:23:06.118439,353271.913,6278539.676
PF560,124,SRVG-98,2880,14,20,2025-10-22 16:23:06.118444,353271.913,6278539.676
PF560,124,LCPG-40,3415,17,25,2025-10-22 16:23:06.118445,353271.913,6278539.676
PG1311,G18,SDSW-96,340,0,3,2025-10-22 16:23:08.032403,347240.437,6287934.447
PG1311,G18,SDSW-48,5409,20,28,2025-10-22 16:23:08.032408,347240.437,6287934.447
PB1586,107,PGRZ-92,2854,8,10,2025-10-22 16:23:10.045538,344453.603,6303129.418
PB1586,107,PGPV-83,3046,9,11,2025-10-22 16:23:10.045543,344453.603,6303129.418
PB1586,101,PFVC-40,2860,7,9,2025-10-22 16:23:10.045544,344453.603,6303129.418
PB1586,101,PGPT-39,4690,14,20,2025-10-22 16:23:10.045545,344453.603,6303129.418
PC93,C07,LDTC-11,1149,5,7,2025-10-22 16:23:12.931483,354531.389,6301402.628
PC93,C07,SKPP-24,2498,10,14,2025-10-22 16:23:12.931488,354531.389,6301402.628
PC93,216,SVPX-54,1,0,3,2025-10-22 16:23:12.931489,354531.389,6301402.628
PC93,216,LZPT-63,2013,6,8,2025-10-22 16:23:12.931490,354531.389,6301402.628
PB1605,208,LZPS-21,1872,16,22,2025-10-22 16:23:14.967347,348086.179,6307071.756
PB1605,208,LZPS-19,3337,25,60,2025-10-22 16:23:14.967352,348086.179,6307071.756
PB1605,208C,GCBC-34,400,0,3,2025-10-22 16:23:14.967353,348086.179,6307071.756
PB1605,208C,SFWB-31,6645,25,60,2025-10-22 16:23:14.967354,348086.179,6307071.756
PC692,C03,LWTK-56,289,0,3,2025-10-22 16:23:16.882620,352137.855,6304454.655
PC692,C03,LFGK-10,2265,7,9,2025-10-22 16:23:16.882624,352137.855,6304454.655
PF102,F15,SPZY-41,26,0,3,2025-10-22 16:23:19.864488,353349.464,6282594.297
PF102,F15,LCTG-37,4393,16,22,2025-10-22 16:23:19.864492,353349.464,6282594.297
PF102,F01,SPVW-78,1,0,3,2025-10-22 16:23:19.864493,353349.464,6282594.297
PF102,F01,SPVT-75,2181,8,10,2025-10-22 16:23:19.864494,353349.464,6282594.297
PF102,F13,SRSC-78,783,0,3,2025-10-22 16:23:19.864495,353349.464,6282594.297
PF102,F13,SRRX-13,4071,17,23,2025-10-22 16:23:19.864496,353349.464,6282594.297
PF102,205,LZRD-96,938,0,3,2025-10-22 16:23:19.864497,353349.464,6282594.297
PF102,210,RWTP-93,859,0,3,2025-10-22 16:23:19.864498,353349.464,6282594.297
PF102,210,LZRB-95,901,0,3,2025-10-22 16:23:19.864498,353349.464,6282594.297
PE338,E11,VKJY-54,2032,6,8,2025-10-22 16:23:21.810788,354401.552,6285422.273
PE338,E11,VKJX-25,2810,9,13,2025-10-22 16:23:21.810793,354401.552,6285422.273
PE338,210V,VFPJ-77,471,0,3,2025-10-22 16:23:21.810794,354401.552,6285422.273
PE338,210V,VGBW-39,7028,25,60,2025-10-22 16:23:21.810796,354401.552,6285422.273
PE338,E02,VKJZ-42,5577,19,27,2025-10-22 16:23:21.810797,354401.552,6285422.273
PE338,E02,VKJY-50,7992,25,60,2025-10-22 16:23:21.810798,354401.552,6285422.273
PE338,E08,VKJZ-46,5484,17,23,2025-10-22 16:23:21.810799,354401.552,6285422.273
PE338,E09,VKJZ-50,3596,11,15,2025-10-22 16:23:21.810800,354401.552,6285422.273
PE338,E09,VKJY-11,4019,12,16,2025-10-22 16:23:21.810801,354401.552,6285422.273
PJ218,418,PFYC-90,5755,16,22,2025-10-22 16:23:23.639669,337544.638,6297369.793
PJ218,418,SKPK-45,10756,25,60,2025-10-22 16:23:23.639674,337544.638,6297369.793
PJ218,514,FLXX-95,1670,0,5,2025-10-22 16:23:23.639675,337544.638,6297369.793
PJ218,514,TBFX-69,2659,6,8,2025-10-22 16:23:23.639676,337544.638,6297369.793
PJ930,503,VHLV-57,1121,0,5,2025-10-22 16:23:25.123992,336972.122,6297880.51
PH1513,121,CJRW-12,1773,9,13,2025-10-22 16:23:28.098816,342241.117,6289240.408
PH1513,H03,FLXR-39,2513,8,10,2025-10-22 16:23:28.098821,342241.117,6289240.408
PH1513,H12,FLXD-71,638,0,3,2025-10-22 16:23:28.098822,342241.117,6289240.408
PH325,119,FLXF-43,58,0,3,2025-10-22 16:23:30.975100,343679.888,6291282.231
PH325,119,CJRY-80,2455,8,10,2025-10-22 16:23:30.975105,343679.888,6291282.231
PG654,G01,THTF-20,1,0,3,2025-10-22 16:23:32.871317,344697.215,6288939.254
PG654,G01,THTD-18,2674,9,11,2025-10-22 16:23:32.871322,344697.215,6288939.254
PH39,107,PFYC-84,2593,13,19,2025-10-22 16:23:36.044381,344737.0,6292262.0
PH39,107,PFZK-70,2606,14,20,2025-10-22 16:23:36.044386,344737.0,6292262.0
PH39,108,PFYR-75,2256,11,15,2025-10-22 16:23:36.044387,344737.0,6292262.0
PH39,108,PGPT-19,2625,12,18,2025-10-22 16:23:36.044388,344737.0,6292262.0
PH39,102,SRVL-59,6385,21,29,2025-10-22 16:23:36.044389,344737.0,6292262.0
PH39,102,LCPW-28,7995,25,60,2025-10-22 16:23:36.044390,344737.0,6292262.0
PB1461,B14,FLXT-47,88,0,3,2025-10-22 16:23:37.760720,348779.521,6303507.321
PH344,H09,VGRD-35,3072,10,14,2025-10-22 16:23:39.496280,344714.273,6292324.703
PH344,H09,VGRG-34,5888,25,60,2025-10-22 16:23:39.496284,344714.273,6292324.703
PH344,H24,VGRC-53,2251,7,9,2025-10-22 16:23:39.496286,344714.273,6292324.703
PH344,H24,VGRF-65,3282,10,14,2025-10-22 16:23:39.496286,344714.273,6292324.703
PH344,121,BJFX-21,2197,8,10,2025-10-22 16:23:39.496287,344714.273,6292324.703
PH344,121,BJFX-60,5732,18,26,2025-10-22 16:23:39.496288,344714.273,6292324.703
PH344,H06,CJRW-57,210,0,3,2025-10-22 16:23:39.496289,344714.273,6292324.703
PH344,H13,CJRX-61,1032,0,5,2025-10-22 16:23:39.496290,344714.273,6292324.703
PH344,H13,FLXK-53,3519,12,18,2025-10-22 16:23:39.496291,344714.273,6292324.703
PJ597,B28,SKHF-49,1373,6,8,2025-10-22 16:23:41.658639,341836.495,6301506.691
PJ597,B28,TXZH-37,1950,9,11,2025-10-22 16:23:41.658644,341836.495,6301506.691
PJ597,J01,FDJX-82,1877,7,9,2025-10-22 16:23:41.658645,341836.495,6301506.691
PJ597,J01,FLXD-53,5087,25,60,2025-10-22 16:23:41.658646,341836.495,6301506.691
PJ597,J08,FLXT-98,1171,0,3,2025-10-22 16:23:41.658647,341836.495,6301506.691
PJ597,J08,GCBC-83,6559,17,25,2025-10-22 16:23:41.658647,341836.495,6301506.691
PJ597,J16,FLXD-62,1851,6,8,2025-10-22 16:23:41.658648,341836.495,6301506.691
PJ597,J16,FLXG-37,4754,13,19,2025-10-22 16:23:41.658649,341836.495,6301506.691
PJ597,B09,SHCY-49,1597,0,5,2025-10-22 16:23:41.658650,341836.495,6301506.691
PJ597,B09,SHCY-32,4484,13,19,2025-10-22 16:23:41.658650,341836.495,6301506.691
PC1088,C01,LDJJ-78,1279,0,3,2025-10-22 16:23:43.632044,359510.581,6308550.402
PC1088,C01,LDJJ-62,3695,10,14,2025-10-22 16:23:43.632049,359510.581,6308550.402
PC1088,430,PGBY-74,1,0,3,2025-10-22 16:23:43.632050,359510.581,6308550.402
PJ457,505,VJJV-48,269,0,3,2025-10-22 16:23:45.611769,342886.321,6300440.814
PJ457,505,VHXJ-70,1176,0,5,2025-10-22 16:23:45.611774,342886.321,6300440.814
PJ457,513,LXWS-33,2674,10,14,2025-10-22 16:23:45.611775,342886.321,6300440.814
PJ457,513,VHZW-41,4127,15,21,2025-10-22 16:23:45.611776,342886.321,6300440.814
PJ457,J01,FDJX-82,1,0,3,2025-10-22 16:23:45.611777,342886.321,6300440.814
PJ457,J01,FLXD-53,3169,17,23,2025-10-22 16:23:45.611778,342886.321,6300440.814
PH405,E04,VKJX-31,159,0,3,2025-10-22 16:23:47.497633,348205.604,6294257.861
PH405,E04,VKJX-62,2226,11,15,2025-10-22 16:23:47.497638,348205.604,6294257.861
PH592,H07,BJFZ-91,1870,7,9,2025-10-22 16:23:49.546008,342963.88,6292614.962
PA639,H07,CJRW-26,780,0,4,2025-10-22 16:23:51.645575,348781.617,6295393.346
PA639,H07,BJFW-48,842,0,4,2025-10-22 16:23:51.645580,348781.617,6295393.346
PA639,H13,BJFZ-92,1434,4,6,2025-10-22 16:23:51.645581,348781.617,6295393.346
PA639,H13,CJRB-13,4142,15,21,2025-10-22 16:23:51.645582,348781.617,6295393.346
PA639,511,TBFV-95,1278,0,5,2025-10-22 16:23:51.645583,348781.617,6295393.346
PA639,511,TBFX-72,1725,5,7,2025-10-22 16:23:51.645583,348781.617,6295393.346
PH286,120,SKHG-14,33,0,3,2025-10-22 16:23:55.734064,342886.163,6288958.684
PH286,120,TXZH-38,7674,25,60,2025-10-22 16:23:55.734069,342886.163,6288958.684
PH286,428,SLPB-45,10334,25,60,2025-10-22 16:23:55.734071,342886.163,6288958.684
PH286,428,SKPJ-43,12424,25,60,2025-10-22 16:23:55.734071,342886.163,6288958.684
PH286,444,SJPB-21,3711,8,10,2025-10-22 16:23:55.734072,342886.163,6288958.684
PH286,444,SKPL-33,8656,17,25,2025-10-22 16:23:55.734073,342886.163,6288958.684
PH286,118,FLXW-53,1269,0,4,2025-10-22 16:23:55.734074,342886.163,6288958.684
PH286,118,FLXW-58,5842,14,20,2025-10-22 16:23:55.734075,342886.163,6288958.684
PJ1787,J07,VHZZ-20,1578,0,4,2025-10-22 16:23:57.383471,328042.362,6301755.23
PJ1787,J07,VHZZ-61,4122,8,10,2025-10-22 16:23:57.383476,328042.362,6301755.23
PI1482,I03,FLXG-60,4996,25,60,2025-10-22 16:23:58.886143,338546.808,6291757.975
PI1482,I03,FLXK-62,5107,25,60,2025-10-22 16:23:58.886147,338546.808,6291757.975
PD1373,D09,SVDC-12,4299,13,19,2025-10-22 16:24:00.328457,355381.061,6296353.264
PD1373,225,SRTK-34,1335,5,7,2025-10-22 16:24:00.328462,355381.061,6296353.264
PD1373,225,SFWZ-25,3541,10,14,2025-10-22 16:24:00.328464,355381.061,6296353.264
PB131,425,SJPB-35,4373,9,13,2025-10-22 16:24:01.799170,348431.569,6304115.696
PB131,425,SHCX-55,4717,10,14,2025-10-22 16:24:01.799175,348431.569,6304115.696
PB131,429,SLGS-92,7606,16,24,2025-10-22 16:24:01.799176,348431.569,6304115.696
PB131,429,SLGS-90,13084,25,60,2025-10-22 16:24:01.799177,348431.569,6304115.696
PB131,429C,SLPC-50,4308,9,11,2025-10-22 16:24:01.799178,348431.569,6304115.696
PC656,C03,LWTK-55,1923,4,6,2025-10-22 16:24:03.601786,355572.824,6305328.302
PC656,C03,SKDF-77,2897,7,9,2025-10-22 16:24:03.601791,355572.824,6305328.302
PE658,225,SFWB-96,4468,17,23,2025-10-22 16:24:05.497980,351936.66,6287345.443
PE658,225,SFWZ-10,4823,17,25,2025-10-22 16:24:05.497985,351936.66,6287345.443
PE658,E10,BJFW-57,1737,8,10,2025-10-22 16:24:05.497986,351936.66,6287345.443
PE658,E10,BJFW-83,5105,18,26,2025-10-22 16:24:05.497987,351936.66,6287345.443
PB442,303,FLXD-70,1822,0,5,2025-10-22 16:24:08.301067,342885.47,6304207.45
PB442,303,FLXD-97,4578,11,15,2025-10-22 16:24:08.301072,342885.47,6304207.45
PB442,307,TWPD-98,7039,19,27,2025-10-22 16:24:08.301074,342885.47,6304207.45
PB442,307,FLXJ-15,7316,20,28,2025-10-22 16:24:08.301075,342885.47,6304207.45
PB442,314,VHSZ-49,3482,7,9,2025-10-22 16:24:08.301076,342885.47,6304207.45
PB442,314,TWPD-36,6037,14,20,2025-10-22 16:24:08.301076,342885.47,6304207.45
PB442,B01,LDJV-48,1184,0,5,2025-10-22 16:24:08.301077,342885.47,6304207.45
PE316,E02,VKJY-50,1,0,3,2025-10-22 16:24:10.238967,349162.551,6287170.719
PE316,E02,VKJY-49,816,0,4,2025-10-22 16:24:10.238972,349162.551,6287170.719
PB1967,B27,FLXT-75,842,0,3,2025-10-22 16:24:12.222064,345072.909,6303013.444
PB1967,B27,FLXT-85,3898,13,19,2025-10-22 16:24:12.222069,345072.909,6303013.444
PB1967,201,GCBB-87,1764,7,9,2025-10-22 16:24:12.222071,345072.909,6303013.444
PB1967,201,GCBB-48,4397,14,20,2025-10-22 16:24:12.222072,345072.909,6303013.444
PB1967,230,GCBB-20,419,0,3,2025-10-22 16:24:12.222073,345072.909,6303013.444
PB1967,230,GCBB-22,739,0,3,2025-10-22 16:24:12.222084,345072.909,6303013.444
PB1967,B41,GCBB-12,1334,5,7,2025-10-22 16:24:12.222085,345072.909,6303013.444
PB1967,B41,GCBB-66,4910,16,24,2025-10-22 16:24:12.222086,345072.909,6303013.444
PB1967,308,FLXH-30,2165,5,7,2025-10-22 16:24:12.222087,345072.909,6303013.444
PB1967,308,FLXK-13,3164,8,10,2025-10-22 16:24:12.222087,345072.909,6303013.444
PJ1611,J19,VGVG-55,785,0,3,2025-10-22 16:24:14.125952,341331.784,6297971.148
PJ1611,514,TBFX-41,509,0,3,2025-10-22 16:24:14.125957,341331.784,6297971.148
PJ1611,514,FLXW-63,2878,10,14,2025-10-22 16:24:14.125958,341331.784,6297971.148
PH136,201E,VFHS-95,5104,0,3,2025-10-22 16:24:18.021566,345625.28,6293127.73
PH136,201E,VFHL-62,225,0,3,2025-10-22 16:24:18.021571,345625.28,6293127.73
PH136,302,BJFX-41,4209,13,19,2025-10-22 16:24:18.021572,345625.28,6293127.73
PH136,302,BJFT-51,6256,25,60,2025-10-22 16:24:18.021573,345625.28,6293127.73
PG1954,286,SCRZ-39,819,0,3,2025-10-22 16:24:19.766047,349971.769,6285747.694
PG1954,286,SHCV-33,2659,5,7,2025-10-22 16:24:19.766053,349971.769,6285747.694
PC481,504,GCBD-93,659,6,8,2025-10-22 16:24:21.545377,357680.757,6300961.559
PB81,105,SHXF-27,2793,8,12,2025-10-22 16:24:23.636807,341798.36,6302372.69
PB81,105,SJPC-67,6863,25,60,2025-10-22 16:24:23.636812,341798.36,6302372.69
PB81,120,SHXF-25,1,0,3,2025-10-22 16:24:23.636813,341798.36,6302372.69
PB81,120,STHF-49,6892,18,26,2025-10-22 16:24:23.636814,341798.36,6302372.69
PB81,B20,LXDH-92,13428,25,60,2025-10-22 16:24:23.636815,341798.36,6302372.69
PB81,B20,SKHG-73,17510,25,60,2025-10-22 16:24:23.636816,341798.36,6302372.69
PB81,B29,SKHG-92,2715,6,8,2025-10-22 16:24:23.636817,341798.36,6302372.69
PB81,B29,SKHG-74,12547,25,60,2025-10-22 16:24:23.636818,341798.36,6302372.69
PB81,410,LFGJ-89,788,0,5,2025-10-22 16:24:23.636819,341798.36,6302372.69
PB81,410,LFGW-32,7282,25,60,2025-10-22 16:24:23.636820,341798.36,6302372.69
PB81,109,TBFS-55,1260,0,5,2025-10-22 16:24:23.636821,341798.36,6302372.69
PB81,109,FLXW-22,1275,0,5,2025-10-22 16:24:23.636822,341798.36,6302372.69
PB81,B03,LXDH-85,4,0,3,2025-10-22 16:24:23.636823,341798.36,6302372.69
PB81,B03,SKHG-59,1210,4,6,2025-10-22 16:24:23.636824,341798.36,6302372.69
PJ445,505,VJJV-78,1,0,3,2025-10-22 16:24:25.690543,340087.146,6301587.843
PJ445,505,VJBC-50,2477,6,8,2025-10-22 16:24:25.690548,340087.146,6301587.843
PJ445,513,VHZX-80,491,0,4,2025-10-22 16:24:25.690550,340087.146,6301587.843
PC195,445C,SPBP-32,3012,17,25,2025-10-22 16:24:29.399759,348545.766,6299284.309
PC195,445C,SPBS-47,3458,19,27,2025-10-22 16:24:29.399764,348545.766,6299284.309
PC195,106,PGPT-10,985,0,3,2025-10-22 16:24:29.399765,348545.766,6299284.309
PC195,106,PFVD-55,4659,16,24,2025-10-22 16:24:29.399766,348545.766,6299284.309
PC195,514,GCBD-16,1105,6,8,2025-10-22 16:24:29.399767,348545.766,6299284.309
PC195,514,LXWR-81,1500,7,9,2025-10-22 16:24:29.399767,348545.766,6299284.309
PC195,412,PFVG-85,3634,15,21,2025-10-22 16:24:29.399768,348545.766,6299284.309
PC195,412,PFTW-35,3994,16,22,2025-10-22 16:24:29.399769,348545.766,6299284.309
PC195,418,PFYC-49,1,0,3,2025-10-22 16:24:29.399770,348545.766,6299284.309
PC195,418,SKPL-34,4082,16,22,2025-10-22 16:24:29.399771,348545.766,6299284.309
PC195,401,PDZT-12,2013,7,9,2025-10-22 16:24:29.399772,348545.766,6299284.309
PC195,401,PDZH-87,2788,10,14,2025-10-22 16:24:29.399773,348545.766,6299284.309
PC195,405,PDYH-31,1808,6,8,2025-10-22 16:24:29.399773,348545.766,6299284.309
PC195,405,PGBB-60,3426,12,16,2025-10-22 16:24:29.399774,348545.766,6299284.309
PC195,421,PFYH-22,1752,7,9,2025-10-22 16:24:29.399775,348545.766,6299284.309
PC195,421,PGBB-65,5597,25,60,2025-10-22 16:24:29.399776,348545.766,6299284.309
PC195,505,VHZV-61,1082,0,5,2025-10-22 16:24:29.399777,348545.766,6299284.309
PC195,505,VHZZ-11,1103,0,5,2025-10-22 16:24:29.399778,348545.766,6299284.309
PC195,508,LXWR-94,1522,7,9,2025-10-22 16:24:29.399778,348545.766,6299284.309
PC195,508,BJFH-66,2167,9,13,2025-10-22 16:24:29.399779,348545.766,6299284.309
PI288,113,FLXW-85,4965,12,16,2025-10-22 16:24:31.077521,342852.272,6294081.304
PI288,113,FLXX-75,6831,15,21,2025-10-22 16:24:31.077526,342852.272,6294081.304
PI288,115,FLXV-63,239,0,3,2025-10-22 16:24:31.077528,342852.272,6294081.304
PI288,115,PFXC-37,488,0,3,2025-10-22 16:24:31.077529,342852.272,6294081.304
PI790,I21,FLXF-96,1276,0,5,2025-10-22 16:24:33.218606,335323.604,6289501.97
PH608,H12,CJRW-82,1596,6,8,2025-10-22 16:24:34.641372,342479.489,6291464.105
PH608,348,VHTB-30,3438,11,15,2025-10-22 16:24:34.641378,342479.489,6291464.105
PH608,H08,FLXF-22,389,0,3,2025-10-22 16:24:34.641380,342479.489,6291464.105
PI1439,I25,FLXL-54,10987,0,5,2025-10-22 16:24:37.026047,340990.785,6293548.341
PI1439,I25,FLXL-70,11467,0,5,2025-10-22 16:24:37.026051,340990.785,6293548.341
PI1439,I18,FLXZ-44,2580,6,8,2025-10-22 16:24:37.026053,340990.785,6293548.341
PC128,C05,LDTB-88,2812,8,12,2025-10-22 16:24:40.050669,355495.963,6299954.172
PC128,C05,LDTG-62,7348,25,60,2025-10-22 16:24:40.050674,355495.963,6299954.172
PC128,D11,SVDD-48,1368,5,7,2025-10-22 16:24:40.050676,355495.963,6299954.172
PC128,D11,SVDF-63,4040,14,20,2025-10-22 16:24:40.050676,355495.963,6299954.172
PC128,517,VJBC-20,3944,17,25,2025-10-22 16:24:40.050677,355495.963,6299954.172
PC128,517,VHZX-21,9088,25,60,2025-10-22 16:24:40.050678,355495.963,6299954.172
PC128,225,LXWT-86,1472,5,7,2025-10-22 16:24:40.050679,355495.963,6299954.172
PC128,225,SFWZ-55,2743,9,11,2025-10-22 16:24:40.050680,355495.963,6299954.172
PC128,501,PFXB-41,449,0,4,2025-10-22 16:24:40.050681,355495.963,6299954.172
PC128,504,GCBD-44,1,0,3,2025-10-22 16:24:40.050681,355495.963,6299954.172
PC128,504,GCBF-25,263,0,3,2025-10-22 16:24:40.050682,355495.963,6299954.172
PJ300,502,FLXS-85,898,0,4,2025-10-22 16:24:41.444709,340299.47,6300636.55
PJ300,502,BFKC-97,6970,20,28,2025-10-22 16:24:41.444714,340299.47,6300636.55
PJ300,J05,BJFF-48,527,0,3,2025-10-22 16:24:41.444715,340299.47,6300636.55
PJ300,J05,GCBD-38,2291,9,11,2025-10-22 16:24:41.444716,340299.47,6300636.55
PJ300,J08,RPYP-59,1727,6,8,2025-10-22 16:24:41.444717,340299.47,6300636.55
PJ300,542,TBFT-89,1064,16,22,2025-10-22 16:24:41.444718,340299.47,6300636.55
PJ300,542,TBFV-34,8446,25,60,2025-10-22 16:24:41.444719,340299.47,6300636.55
PI527,J08,GCBD-98,1458,0,5,2025-10-22 16:24:43.509255,339148.14,6296239.415
PI527,J08,FLXT-99,4343,12,16,2025-10-22 16:24:43.509261,339148.14,6296239.415
PI527,424,FLXL-92,5254,11,15,2025-10-22 16:24:43.509262,339148.14,6296239.415
PI527,424,FLXK-39,6842,15,21,2025-10-22 16:24:43.509263,339148.14,6296239.415
PE160,103,PGLD-73,1,0,3,2025-10-22 16:24:45.613080,351625.748,6289763.999
PE160,103,SPBL-65,1223,6,8,2025-10-22 16:24:45.613085,351625.748,6289763.999
PE160,325,VFJV-28,2444,12,16,2025-10-22 16:24:45.613086,351625.748,6289763.999
PE160,325,VFKT-91,7245,25,60,2025-10-22 16:24:45.613087,351625.748,6289763.999
PE160,211,FLXX-30,218,0,3,2025-10-22 16:24:45.613089,351625.748,6289763.999
PE160,225,SFWB-96,1016,5,7,2025-10-22 16:24:45.613090,351625.748,6289763.999
PE160,225,SFWZ-10,1636,7,9,2025-10-22 16:24:45.613091,351625.748,6289763.999
PE160,E18,BJFZ-30,313,0,3,2025-10-22 16:24:45.613092,351625.748,6289763.999
PE160,E03,BJFT-93,1160,0,5,2025-10-22 16:24:45.613093,351625.748,6289763.999
PE160,E03,CJRC-37,1931,7,9,2025-10-22 16:24:45.613094,351625.748,6289763.999
PE160,118,FLXX-40,249,0,3,2025-10-22 16:24:45.613095,351625.748,6289763.999
PE160,118,FLXX-37,3896,13,19,2025-10-22 16:24:45.613096,351625.748,6289763.999
PB1126,B10,STGZ-85,2677,11,15,2025-10-22 16:24:47.596939,346466.498,6300555.894
PB1126,B10,TXZH-31,5090,19,27,2025-10-22 16:24:47.596944,346466.498,6300555.894
PB1126,B24,SJTD-57,1173,7,9,2025-10-22 16:24:47.596945,346466.498,6300555.894
PB1126,B24,LDJV-50,5163,19,27,2025-10-22 16:24:47.596946,346466.498,6300555.894
PE88,224,VFPX-93,5897,16,24,2025-10-22 16:24:49.980647,351357.7,6285646.14
PE88,224,VFPH-79,7076,25,60,2025-10-22 16:24:49.980652,351357.7,6285646.14
PE88,204,VFPJ-61,7352,19,27,2025-10-22 16:24:49.980653,351357.7,6285646.14
PE88,204,VFPV-83,7490,19,27,2025-10-22 16:24:49.980654,351357.7,6285646.14
PB1942,B45,TWPD-44,1045,5,7,2025-10-22 16:24:51.941834,339658.92,6307745.3
PB1942,B45,TWPD-41,5616,25,60,2025-10-22 16:24:51.941839,339658.92,6307745.3
PB107,116,HPFJ-98,2224,12,16,2025-10-22 16:24:55.990898,348594.581,6303353.926
PB107,107,PGBZ-17,714,0,5,2025-10-22 16:24:55.990903,348594.581,6303353.926
PB107,107,PGRZ-93,1900,8,12,2025-10-22 16:24:55.990904,348594.581,6303353.926
PB107,B02,FLXR-93,1543,6,8,2025-10-22 16:24:55.990905,348594.581,6303353.926
PB107,B02,FLXR-77,2437,13,17,2025-10-22 16:24:55.990942,348594.581,6303353.926
PD797,D15,SVDC-82,54,0,3,2025-10-22 16:24:57.447619,357633.848,6295169.642
PE598,210V,VFRB-63,663,0,3,2025-10-22 16:24:59.419115,353451.858,6285212.731
PE598,210V,VFPZ-38,3978,13,19,2025-10-22 16:24:59.419121,353451.858,6285212.731
PC756,C07,LDTF-50,73,0,3,2025-10-22 16:25:03.485079,353601.899,6304978.488
PC756,C07,SKPJ-83,3321,13,17,2025-10-22 16:25:03.485085,353601.899,6304978.488
PC756,712,SHCY-15,3471,11,15,2025-10-22 16:25:03.485086,353601.899,6304978.488
PC756,712,SHCW-62,4326,13,19,2025-10-22 16:25:03.485087,353601.899,6304978.488
PI1460,I02,FLXY-76,3935,12,16,2025-10-22 16:25:05.555374,336862.181,6292319.638
PI1460,I02,FLXZ-47,5171,18,26,2025-10-22 16:25:05.555379,336862.181,6292319.638
PF703,102,LBTS-88,1703,0,5,2025-10-22 16:25:09.792066,356600.502,6282763.625
PF703,102,SPZY-28,6732,20,28,2025-10-22 16:25:09.792071,356600.502,6282763.625
PF703,104,SKWD-93,3547,9,13,2025-10-22 16:25:09.792072,356600.502,6282763.625
PF703,104,SKWD-84,9284,25,60,2025-10-22 16:25:09.792073,356600.502,6282763.625
PF703,114,SKVD-63,112,0,3,2025-10-22 16:25:09.792073,356600.502,6282763.625
PF703,114,SKWD-20,1008,0,3,2025-10-22 16:25:09.792074,356600.502,6282763.625
PF703,F24,SPVW-71,2026,11,15,2025-10-22 16:25:09.792075,356600.502,6282763.625
PF703,F24,SRPJ-74,4833,25,60,2025-10-22 16:25:09.792076,356600.502,6282763.625
PB798,B03,SKHG-89,2429,13,17,2025-10-22 16:25:11.721604,339379.419,6302284.216
PB798,B03,LXDJ-22,2491,12,18,2025-10-22 16:25:11.721608,339379.419,6302284.216
PG739,G02,FLXD-22,6151,14,20,2025-10-22 16:25:13.638389,342467.259,6281120.518
PG1938,G09,SHCV-48,1407,0,4,2025-10-22 16:25:17.487967,342497.92,6281574.82
PG1938,G09,SHCX-15,1602,0,5,2025-10-22 16:25:17.487971,342497.92,6281574.82
PG2092,211C,THTG-75,151,0,3,2025-10-22 16:25:19.142988,341418.0,6279603.0
PG2092,211C,THTG-99,2418,15,21,2025-10-22 16:25:19.142993,341418.0,6279603.0
PD404,418,SKPK-34,645,0,3,2025-10-22 16:25:21.101707,354400.88,6298267.96
PD404,418,PFYC-28,4464,17,23,2025-10-22 16:25:21.101711,354400.88,6298267.96
PD404,425,SJPC-15,1128,0,5,2025-10-22 16:25:21.101712,354400.88,6298267.96
PD404,425,SJPB-22,4205,12,16,2025-10-22 16:25:21.101713,354400.88,6298267.96
PD404,429,SLPB-86,264,0,3,2025-10-22 16:25:21.101714,354400.88,6298267.96
PD404,429,SHXD-73,2999,7,9,2025-10-22 16:25:21.101715,354400.88,6298267.96
PJ1757,J02,VHXJ-10,3845,11,15,2025-10-22 16:25:23.325543,343790.042,6299157.628
PJ1757,J02,VHXD-95,6483,18,26,2025-10-22 16:25:23.325548,343790.042,6299157.628
PJ1757,507,TBFX-25,1377,6,8,2025-10-22 16:25:23.325549,343790.042,6299157.628
PJ1757,507,GCBC-85,3992,18,26,2025-10-22 16:25:23.325550,343790.042,6299157.628
PJ1757,B26,FLXP-71,3614,9,13,2025-10-22 16:25:23.325551,343790.042,6299157.628
PJ1757,B26,FLXS-48,4341,13,17,2025-10-22 16:25:23.325552,343790.042,6299157.628
PA690,121,BJFT-65,691,0,3,2025-10-22 16:25:25.319417,345027.443,6294910.538
PA690,121,CJRZ-65,7829,25,60,2025-10-22 16:25:25.319423,345027.443,6294910.538
PF497,F11,SKVB-11,1852,6,8,2025-10-22 16:25:27.628726,358738.35,6281365.5
PF497,F11,SKVB-16,8026,25,60,2025-10-22 16:25:27.628730,358738.35,6281365.5
PC1032,421C,LDJT-65,10,0,3,2025-10-22 16:25:29.971776,358705.06,6303870.14
PC1032,421C,LCSX-48,4025,11,15,2025-10-22 16:25:29.971781,358705.06,6303870.14
PC1032,421,PFYG-88,415,0,3,2025-10-22 16:25:29.971782,358705.06,6303870.14
PC1032,421,PDZS-78,8657,25,60,2025-10-22 16:25:29.971783,358705.06,6303870.14
PJ1592,J07,VHZZ-20,772,0,3,2025-10-22 16:25:34.856144,328121.848,6301653.594
PJ1592,J07,VHZZ-61,3046,6,8,2025-10-22 16:25:34.856149,328121.848,6301653.594
PD1304,D10,SVDC-92,6444,25,60,2025-10-22 16:25:36.768114,351414.41,6292897.348
PD1304,D10,SVDD-70,10886,25,60,2025-10-22 16:25:36.768119,351414.41,6292897.348
PG1622,E11,VKJY-86,191,0,3,2025-10-22 16:25:38.713246,348398.509,6286371.795
PG1622,E11,VKJX-64,1048,4,6,2025-10-22 16:25:38.713251,348398.509,6286371.795
PJ422,514,FDJX-84,1114,4,6,2025-10-22 16:25:40.396069,335389.454,6299353.728
PI947,I24,VHSY-37,124,0,3,2025-10-22 16:25:43.992403,331437.984,6291706.277
PC107,C07,SHCV-79,2680,13,19,2025-10-22 16:25:45.875805,354478.179,6301458.834
PC107,C07,SKPP-23,2712,14,20,2025-10-22 16:25:45.875810,354478.179,6301458.834
PJ131,J13,GCBD-76,1222,5,7,2025-10-22 16:25:47.998313,341007.892,6298356.917
PJ131,J13,TBFT-55,2747,13,17,2025-10-22 16:25:47.998317,341007.892,6298356.917
PJ131,406,PFXC-46,999,0,4,2025-10-22 16:25:47.998318,341007.892,6298356.917
PJ131,406,SZZH-70,1021,0,4,2025-10-22 16:25:47.998319,341007.892,6298356.917
PJ131,407,TBFW-31,614,0,4,2025-10-22 16:25:47.998320,341007.892,6298356.917
PJ131,407,GCBF-13,907,0,5,2025-10-22 16:25:47.998321,341007.892,6298356.917
PJ131,422,GCBF-27,5314,17,23,2025-10-22 16:25:47.998322,341007.892,6298356.917
PJ131,422,GCBD-42,5335,17,23,2025-10-22 16:25:47.998323,341007.892,6298356.917
PJ131,426,BJFD-64,611,0,3,2025-10-22 16:25:47.998324,341007.892,6298356.917
PJ131,426,FDJX-83,3371,11,15,2025-10-22 16:25:47.998324,341007.892,6298356.917
PI1414,I02,FLXZ-43,545,0,3,2025-10-22 16:25:50.021028,336520.46,6294056.869
PI1414,I02,FLXY-75,3614,11,15,2025-10-22 16:25:50.021034,336520.46,6294056.869
PI1414,I08,FLXZ-60,214,0,3,2025-10-22 16:25:50.021035,336520.46,6294056.869
PI1414,I08,FLXW-79,592,0,3,2025-10-22 16:25:50.021036,336520.46,6294056.869
PJ885,412,LXWP-80,1648,5,7,2025-10-22 16:25:52.078157,339876.647,6297045.838
PJ885,412,PFVG-94,3034,9,13,2025-10-22 16:25:52.078163,339876.647,6297045.838
PJ885,514,TBFX-41,2299,8,10,2025-10-22 16:25:52.078165,339876.647,6297045.838
PJ885,514,FLXW-63,4785,15,21,2025-10-22 16:25:52.078166,339876.647,6297045.838
PF295,F14,SPRW-68,3446,10,14,2025-10-22 16:25:54.041272,355573.596,6283330.83
PF295,F14,SPVW-14,4779,15,21,2025-10-22 16:25:54.041277,355573.596,6283330.83
PF295,124,LCPG-50,73,0,3,2025-10-22 16:25:54.041278,355573.596,6283330.83
PF295,124,SRVL-21,3728,12,16,2025-10-22 16:25:54.041279,355573.596,6283330.83
PA101,D11,SVDF-11,2582,9,11,2025-10-22 16:25:55.926362,347421.521,6295180.168
PA101,D11,SVDF-46,3854,11,15,2025-10-22 16:25:55.926367,347421.521,6295180.168
PA101,225,SFWB-77,3540,10,14,2025-10-22 16:25:55.926368,347421.521,6295180.168
PA101,225,GCBF-53,3751,11,15,2025-10-22 16:25:55.926369,347421.521,6295180.168
PG361,G14,FLXP-29,1965,9,11,2025-10-22 16:25:58.329905,344139.959,6281682.658
PG361,G24,FLXX-26,425,0,3,2025-10-22 16:25:58.329910,344139.959,6281682.658
PG361,301,BJFW-94,3770,11,15,2025-10-22 16:25:58.329911,344139.959,6281682.658
PG361,301,BJFS-84,5286,14,20,2025-10-22 16:25:58.329912,344139.959,6281682.658
PG361,301C,FLXT-15,1520,7,9,2025-10-22 16:25:58.329913,344139.959,6281682.658
PG361,301C,BJFX-24,5292,25,60,2025-10-22 16:25:58.329913,344139.959,6281682.658
PG361,G28,FLXK-47,4310,14,20,2025-10-22 16:25:58.329914,344139.959,6281682.658
PG361,G28,BJFS-57,5552,18,26,2025-10-22 16:25:58.329915,344139.959,6281682.658
PG361,G38,THTG-78,3163,7,9,2025-10-22 16:25:58.329916,344139.959,6281682.658
PG361,G38,THTH-11,7987,25,60,2025-10-22 16:25:58.329917,344139.959,6281682.658
PE371,E03,BJFW-72,1149,0,4,2025-10-22 16:26:00.274324,350754.834,6289325.414
PE371,E03,BJFZ-28,3216,9,13,2025-10-22 16:26:00.274329,350754.834,6289325.414
PB1235,B41,GCBB-92,3984,12,16,2025-10-22 16:26:03.792596,345054.822,6306065.438
PB1235,B41,GCBB-43,8245,25,60,2025-10-22 16:26:03.792601,345054.822,6306065.438
PB1235,B18,TXZH-26,575,0,4,2025-10-22 16:26:03.792602,345054.822,6306065.438
PB1235,B18,STHB-62,1709,7,9,2025-10-22 16:26:03.792603,345054.822,6306065.438
PB1235,B19,TPWW-72,843,0,3,2025-10-22 16:26:03.792604,345054.822,6306065.438
PD545,507C,FLXV-61,843,4,6,2025-10-22 16:26:10.505772,357721.063,6294645.088
PD594,508,FLXT-11,1993,8,10,2025-10-22 16:26:12.405919,352558.466,6295456.775
PD594,508,FLXX-42,2662,9,13,2025-10-22 16:26:12.405924,352558.466,6295456.775
PB1938,308,FLXT-16,1599,13,17,2025-10-22 16:26:14.161366,337254.211,6307121.584
PB1938,308C,VHSX-79,98,0,3,2025-10-22 16:26:14.161371,337254.211,6307121.584
PB1938,308C,TWPC-93,433,0,3,2025-10-22 16:26:14.161372,337254.211,6307121.584
PG1942,G43,FLXC-94,2628,17,25,2025-10-22 16:26:16.341699,342415.65,6283797.71
PG1942,G43,FLXX-14,3545,20,28,2025-10-22 16:26:16.341705,342415.65,6283797.71
PG1942,G14,FLXX-12,178,0,3,2025-10-22 16:26:16.341706,342415.65,6283797.71
PG1942,G14,CJRP-16,4662,16,22,2025-10-22 16:26:16.341708,342415.65,6283797.71
PG1942,G23,SFWZ-70,745,0,5,2025-10-22 16:26:16.341709,342415.65,6283797.71
PG1942,G23,SFWZ-77,787,0,5,2025-10-22 16:26:16.341710,342415.65,6283797.71
PG1043,G39,SFGY-75,1,0,3,2025-10-22 16:26:20.281347,341633.707,6284991.998
PG1043,G39,SHXB-13,1547,5,7,2025-10-22 16:26:20.281352,341633.707,6284991.998
PG1043,G09,SHXB-23,2783,8,12,2025-10-22 16:26:20.281353,341633.707,6284991.998
PG1043,G09,SDSW-68,2844,8,12,2025-10-22 16:26:20.281354,341633.707,6284991.998
PC736,C01C,PGRZ-77,1,0,3,2025-10-22 16:26:22.229070,359890.339,6307311.974
PJ64,412,PGBY-73,828,0,5,2025-10-22 16:26:24.321088,338162.147,6299727.99
PJ64,412,PFTW-26,2205,9,11,2025-10-22 16:26:24.321093,338162.147,6299727.99
PJ64,110,CJRW-75,741,0,4,2025-10-22 16:26:24.321094,338162.147,6299727.99
PJ64,110,CJRX-37,2149,8,12,2025-10-22 16:26:24.321095,338162.147,6299727.99
PJ64,110C,TBFX-43,106,0,3,2025-10-22 16:26:24.321096,338162.147,6299727.99
PJ64,110C,BFKC-89,4757,20,28,2025-10-22 16:26:24.321097,338162.147,6299727.99
PE375,E04,VKJZ-27,6341,25,60,2025-10-22 16:26:26.191246,351806.283,6289616.935
PE375,E04,VKJX-31,7778,25,60,2025-10-22 16:26:26.191252,351806.283,6289616.935
PC709,517,VHZW-51,1,0,3,2025-10-22 16:26:28.110900,349472.258,6299469.889
PC709,517,LXWS-40,234,0,3,2025-10-22 16:26:28.110929,349472.258,6299469.889
PE145,210,RWTP-93,4483,15,21,2025-10-22 16:26:30.322023,352616.207,6286895.595
PE145,210,LZRB-95,4524,16,22,2025-10-22 16:26:30.322028,352616.207,6286895.595
PE145,210V,VFRB-63,2899,9,11,2025-10-22 16:26:30.322029,352616.207,6286895.595
PE145,210V,VFPZ-38,5822,18,26,2025-10-22 16:26:30.322030,352616.207,6286895.595
PE145,213E,SRVH-22,345,0,3,2025-10-22 16:26:30.322031,352616.207,6286895.595
PE145,213E,SRVG-83,4246,10,14,2025-10-22 16:26:30.322031,352616.207,6286895.595
PJ1785,518,BJFD-48,1117,8,10,2025-10-22 16:26:32.398164,337322.369,6299747.279
PB1953,201,GCBC-17,144,0,3,2025-10-22 16:26:34.421825,345997.14,6301149.893
PB1953,201,GCBB-87,3333,11,15,2025-10-22 16:26:34.421831,345997.14,6301149.893
PB1953,230,GCBB-20,1815,7,9,2025-10-22 16:26:34.421832,345997.14,6301149.893
PB1953,230,GCBB-22,2303,9,11,2025-10-22 16:26:34.421833,345997.14,6301149.893
PB1953,308,FLXH-30,3535,13,17,2025-10-22 16:26:34.421834,345997.14,6301149.893
PB1953,308,FLXK-13,4298,14,20,2025-10-22 16:26:34.421835,345997.14,6301149.893
PB1953,B26,FLXS-63,1908,6,8,2025-10-22 16:26:34.421836,345997.14,6301149.893
PB1953,B02,FLXR-73,2601,25,60,2025-10-22 16:26:34.421837,345997.14,6301149.893
PB1953,B02,FLXR-79,2771,25,60,2025-10-22 16:26:34.421838,345997.14,6301149.893
PB1953,B14,HPFL-22,691,0,3,2025-10-22 16:26:34.421839,345997.14,6301149.893
PB1953,B14,FLXT-47,6204,25,60,2025-10-22 16:26:34.421840,345997.14,6301149.893
PB1953,B27,FLXT-75,2503,8,12,2025-10-22 16:26:34.421841,345997.14,6301149.893
PB1953,B27,FLXT-85,5510,20,28,2025-10-22 16:26:34.421842,345997.14,6301149.893
PG277,E16,VFKV-91,1895,6,8,2025-10-22 16:26:35.957936,350500.402,6285266.246
PG277,325,VFKR-64,3241,14,20,2025-10-22 16:26:35.957942,350500.402,6285266.246
PG277,325,VFHW-92,5502,25,60,2025-10-22 16:26:35.957943,350500.402,6285266.246
PG277,225,SFWB-96,8055,25,60,2025-10-22 16:26:35.957944,350500.402,6285266.246
PG277,225,SFWZ-10,8614,25,60,2025-10-22 16:26:35.957945,350500.402,6285266.246
PG277,F05,SPZX-77,154,0,3,2025-10-22 16:26:35.957946,350500.402,6285266.246
PG277,F05,SPZX-82,6162,25,60,2025-10-22 16:26:35.957947,350500.402,6285266.246
PG277,E11,VKJZ-15,14,0,3,2025-10-22 16:26:35.957948,350500.402,6285266.246
PG277,E11,VKJX-56,987,0,4,2025-10-22 16:26:35.957949,350500.402,6285266.246
PG277,E13,VFJD-31,2738,11,15,2025-10-22 16:26:35.957950,350500.402,6285266.246
PG277,E13,VFJD-87,4779,18,26,2025-10-22 16:26:35.957951,350500.402,6285266.246
PG277,E15C,VFHW-97,503,0,3,2025-10-22 16:26:35.957952,350500.402,6285266.246
PG277,E15C,VFKS-68,2857,9,13,2025-10-22 16:26:35.957953,350500.402,6285266.246
PE511,418,SHXD-75,102,0,3,2025-10-22 16:26:37.927824,355580.993,6290281.728
PE511,E06,BJFV-20,57,0,3,2025-10-22 16:26:37.927829,355580.993,6290281.728
PE511,E17,FLXT-43,47,0,3,2025-10-22 16:26:37.927831,355580.993,6290281.728
PG407,302,CJRC-46,72,0,3,2025-10-22 16:26:40.020163,344900.758,6288130.848
PG407,302,BJFT-57,3034,9,11,2025-10-22 16:26:40.020168,344900.758,6288130.848
PG407,118,FDJX-64,5438,13,19,2025-10-22 16:26:40.020169,344900.758,6288130.848
PG407,118,FLXX-40,8075,20,28,2025-10-22 16:26:40.020170,344900.758,6288130.848
PE590,E08,VKJZ-46,2569,7,9,2025-10-22 16:26:41.933367,353372.653,6286607.91
PE337,E02,VKJZ-42,4136,15,21,2025-10-22 16:26:43.987721,354027.779,6285338.391
PE337,E02,VKJY-50,6611,25,60,2025-10-22 16:26:43.987726,354027.779,6285338.391
PE337,E08,VKJZ-46,4258,12,16,2025-10-22 16:26:43.987727,354027.779,6285338.391
PE337,E09,VKJZ-50,1900,7,9,2025-10-22 16:26:43.987728,354027.779,6285338.391
PE337,E09,VKJY-11,2919,10,14,2025-10-22 16:26:43.987729,354027.779,6285338.391
PE337,E11,VKJY-54,745,0,4,2025-10-22 16:26:43.987730,354027.779,6285338.391
PE337,E11,VKJX-25,1442,5,7,2025-10-22 16:26:43.987730,354027.779,6285338.391
PE337,210V,VGBW-39,5842,20,28,2025-10-22 16:26:43.987731,354027.779,6285338.391
PE337,210V,VGKX-82,9625,25,60,2025-10-22 16:26:43.987732,354027.779,6285338.391
PC849,C09,SGPY-62,8476,25,60,2025-10-22 16:26:45.659899,358423.224,6309714.46
PC849,C09,SGPY-23,11271,25,60,2025-10-22 16:26:45.659904,358423.224,6309714.46
PC849,C19,FLXT-76,3286,10,14,2025-10-22 16:26:45.659905,358423.224,6309714.46
PC849,C19,LDTB-41,7323,25,60,2025-10-22 16:26:45.659906,358423.224,6309714.46
PB1548,B35,SJPD-56,1206,4,6,2025-10-22 16:26:49.682051,347420.451,6303889.41
PB1548,208C,SFWB-31,1779,8,10,2025-10-22 16:26:49.682056,347420.451,6303889.41
PJ1058,J17,FLXT-95,1,0,3,2025-10-22 16:26:51.602036,334189.179,6297846.524
PE1329,E10,FLXJ-48,304,0,3,2025-10-22 16:26:53.527211,348495.125,6288290.491
PE1329,E10,BJFT-21,4357,16,24,2025-10-22 16:26:53.527215,348495.125,6288290.491
PA340,412,PFTW-20,316,0,4,2025-10-22 16:26:55.510597,346955.878,6298376.318
PA340,412,PFVG-89,2997,18,26,2025-10-22 16:26:55.510602,346955.878,6298376.318
PA340,418,PGLD-67,5531,19,27,2025-10-22 16:26:55.510603,346955.878,6298376.318
PA340,418,PFVH-12,8708,25,60,2025-10-22 16:26:55.510604,346955.878,6298376.318
PA340,401,PDYR-95,284,0,3,2025-10-22 16:26:55.510605,346955.878,6298376.318
PA340,401,PFBG-41,6905,19,27,2025-10-22 16:26:55.510606,346955.878,6298376.318
PA340,421,PFYG-86,5743,25,60,2025-10-22 16:26:55.510607,346955.878,6298376.318
PA340,421,PFBF-98,12946,25,60,2025-10-22 16:26:55.510608,346955.878,6298376.318
PA340,407,FLXW-16,231,0,4,2025-10-22 16:26:55.510609,346955.878,6298376.318
PA340,407,TBFV-32,249,0,4,2025-10-22 16:26:55.510610,346955.878,6298376.318
PG325,G16,SFPG-38,2914,6,8,2025-10-22 16:26:57.717074,345291.382,6286896.982
PG325,G16,SFPG-58,3916,9,13,2025-10-22 16:26:57.717079,345291.382,6286896.982
PG325,228,THTD-64,1400,0,5,2025-10-22 16:26:57.717080,345291.382,6286896.982
PG325,228,THTF-58,1531,0,5,2025-10-22 16:26:57.717081,345291.382,6286896.982
PG325,G08,THTF-92,1107,0,5,2025-10-22 16:26:57.717082,345291.382,6286896.982
PG325,G08,THTF-63,3123,11,15,2025-10-22 16:26:57.717082,345291.382,6286896.982
PG325,F05,SPZX-68,2584,19,27,2025-10-22 16:26:57.717083,345291.382,6286896.982
PG325,F05,SPZX-85,6022,25,60,2025-10-22 16:26:57.717084,345291.382,6286896.982
PG325,G08V,FLXV-30,423,0,3,2025-10-22 16:26:57.717085,345291.382,6286896.982
PG325,G08V,FLXV-32,5312,12,18,2025-10-22 16:26:57.717086,345291.382,6286896.982
PG325,G04,SFPF-99,3573,10,14,2025-10-22 16:26:57.717086,345291.382,6286896.982
PG325,G04,SFPG-34,3650,10,14,2025-10-22 16:26:57.717087,345291.382,6286896.982
PG325,G13,SDSW-64,4109,12,18,2025-10-22 16:26:57.717088,345291.382,6286896.982
PG325,G13,SFPF-95,6318,20,28,2025-10-22 16:26:57.717089,345291.382,6286896.982
PI251,111,FLXW-92,2899,10,14,2025-10-22 16:26:59.423171,337161.542,6294223.85
PI251,111,FLXY-70,5987,25,60,2025-10-22 16:26:59.423176,337161.542,6294223.85
PI251,I02,FLXZ-53,178,0,3,2025-10-22 16:26:59.423177,337161.542,6294223.85
PI251,I02,FLXZ-39,3174,13,17,2025-10-22 16:26:59.423178,337161.542,6294223.85
PI251,I07,VHSY-28,1,0,3,2025-10-22 16:26:59.423179,337161.542,6294223.85
PJ235,510,FLXV-50,78,0,3,2025-10-22 16:27:01.364698,337219.0,6296631.86
PJ235,510,TBFW-84,5728,15,21,2025-10-22 16:27:01.364703,337219.0,6296631.86
PJ235,516,GCBD-57,1232,0,4,2025-10-22 16:27:01.364705,337219.0,6296631.86
PJ235,516,SZZY-84,5068,12,18,2025-10-22 16:27:01.364706,337219.0,6296631.86
PJ235,424,PFWZ-85,1357,9,11,2025-10-22 16:27:01.364707,337219.0,6296631.86
PB1540,109,FLXW-22,7066,19,27,2025-10-22 16:27:03.840677,336492.637,6303155.379
PB1540,109,TBFS-55,7167,20,28,2025-10-22 16:27:03.840682,336492.637,6303155.379
PB1540,110C,GCBD-22,2775,10,14,2025-10-22 16:27:03.840683,336492.637,6303155.379
PB1540,110C,GCBC-74,5461,16,22,2025-10-22 16:27:03.840684,336492.637,6303155.379
PB1540,B03,SKHG-47,3503,16,22,2025-10-22 16:27:03.840685,336492.637,6303155.379
PB1540,B03,LXDH-85,8080,25,60,2025-10-22 16:27:03.840686,336492.637,6303155.379
PB1540,105,SHXG-17,4799,18,26,2025-10-22 16:27:03.840687,336492.637,6303155.379
PB1540,105,SHXF-27,8754,25,60,2025-10-22 16:27:03.840687,336492.637,6303155.379
PB1540,B09,SHCY-55,3287,25,60,2025-10-22 16:27:03.840688,336492.637,6303155.379
PB1540,B09,SHCY-49,9258,25,60,2025-10-22 16:27:03.840689,336492.637,6303155.379
PB1540,B20,SPZX-34,1981,11,15,2025-10-22 16:27:03.840690,336492.637,6303155.379
PB1540,B20,LXDH-99,3960,17,25,2025-10-22 16:27:03.840691,336492.637,6303155.379
PB1540,B29,LXDH-86,1774,5,7,2025-10-22 16:27:03.840691,336492.637,6303155.379
PB1540,B29,LXDJ-10,2235,5,7,2025-10-22 16:27:03.840692,336492.637,6303155.379
PE170,211,TBYY-65,788,0,3,2025-10-22 16:27:06.115333,349160.994,6287430.124
PE170,211,FLXX-30,3396,7,9,2025-10-22 16:27:06.115338,349160.994,6287430.124
PE170,216,LZPT-45,13251,25,60,2025-10-22 16:27:06.115339,349160.994,6287430.124
PE170,216,LZPW-10,13345,25,60,2025-10-22 16:27:06.115340,349160.994,6287430.124
PE170,118,FDJX-64,751,0,3,2025-10-22 16:27:06.115341,349160.994,6287430.124
PE170,118,FLXX-40,3536,9,11,2025-10-22 16:27:06.115342,349160.994,6287430.124
PI990,I24,VHTB-61,4486,20,28,2025-10-22 16:27:09.954080,337826.53,6287733.98
PA341,401,PDYR-95,945,0,3,2025-10-22 16:27:12.639476,347446.86,6298640.47
PA341,401,PFBG-41,7625,21,29,2025-10-22 16:27:12.639481,347446.86,6298640.47
PA341,405,PFYG-60,3698,16,22,2025-10-22 16:27:12.639482,347446.86,6298640.47
PA341,405,PFYG-97,5901,25,60,2025-10-22 16:27:12.639483,347446.86,6298640.47
PA341,421,PFYG-86,6276,25,60,2025-10-22 16:27:12.639484,347446.86,6298640.47
PA341,421,PFBF-98,13534,25,60,2025-10-22 16:27:12.639485,347446.86,6298640.47
PA341,516,TBFS-22,461,0,3,2025-10-22 16:27:12.639486,347446.86,6298640.47
PA341,516,GCBF-31,1022,7,9,2025-10-22 16:27:12.639486,347446.86,6298640.47
PA341,519,FLXV-64,831,6,8,2025-10-22 16:27:12.639487,347446.86,6298640.47
PA341,519,RKXL-33,1371,10,14,2025-10-22 16:27:12.639488,347446.86,6298640.47
PA341,406,TBFX-16,637,0,3,2025-10-22 16:27:12.639489,347446.86,6298640.47
PA341,406,GCBD-35,713,0,3,2025-10-22 16:27:12.639490,347446.86,6298640.47
PA341,426,FLXS-91,564,0,4,2025-10-22 16:27:12.639491,347446.86,6298640.47
PA341,426,BJFD-69,1035,6,8,2025-10-22 16:27:12.639491,347446.86,6298640.47
PA341,418,PGLD-67,6238,25,60,2025-10-22 16:27:12.639492,347446.86,6298640.47
PA341,418,PFVH-12,9280,25,60,2025-10-22 16:27:12.639493,347446.86,6298640.47
PA341,407,FLXW-16,832,4,6,2025-10-22 16:27:12.639494,347446.86,6298640.47
PA341,407,TBFV-32,901,5,7,2025-10-22 16:27:12.639495,347446.86,6298640.47
PA341,412,PFTW-20,967,0,5,2025-10-22 16:27:12.639496,347446.86,6298640.47
PA341,412,SKPK-26,3495,18,26,2025-10-22 16:27:12.639497,347446.86,6298640.47
PD694,D16,SPBS-62,38,0,3,2025-10-22 16:27:14.282461,352913.357,6293414.66
PD694,D16,SPBL-88,1637,5,7,2025-10-22 16:27:14.282466,352913.357,6293414.66
PD694,514,PFWZ-64,1441,5,7,2025-10-22 16:27:14.282467,352913.357,6293414.66
PD694,514,TBFV-11,5252,13,19,2025-10-22 16:27:14.282468,352913.357,6293414.66
PD694,D10,SVDC-92,3065,11,15,2025-10-22 16:27:14.282469,352913.357,6293414.66
PD694,D10,SVDD-70,7261,25,60,2025-10-22 16:27:14.282469,352913.357,6293414.66
PI806,I03,FLXG-76,790,0,3,2025-10-22 16:27:17.436527,333971.848,6288238.194
PI806,I10,FLXG-53,1097,0,4,2025-10-22 16:27:17.436532,333971.848,6288238.194
PD6,117,PFYC-45,555,0,3,2025-10-22 16:27:19.373989,350753.241,6297848.795
PD6,117,PGTV-30,868,0,5,2025-10-22 16:27:19.373994,350753.241,6297848.795
PD6,103,SPBF-96,272,0,3,2025-10-22 16:27:19.373996,350753.241,6297848.795
PD6,103,FLXX-35,1864,8,10,2025-10-22 16:27:19.373997,350753.241,6297848.795
PJ385,504,GCBD-19,2594,8,10,2025-10-22 16:27:21.314961,336161.807,6299610.016
PD1614,D17V,PFZK-97,7436,19,27,2025-10-22 16:27:22.809410,358184.01,6292345.81
PF894,F18,SPZX-52,68,0,3,2025-10-22 16:27:24.124100,353606.979,6279251.129
PF894,F18,LBTS-95,1445,6,8,2025-10-22 16:27:24.124107,353606.979,6279251.129
PD391,D05,PGLD-47,26,0,3,2025-10-22 16:27:25.822756,355247.743,6294417.88
PD391,D05,SPBL-75,447,14,20,2025-10-22 16:27:25.822761,355247.743,6294417.88
PD391,D10,SVDD-35,2452,6,8,2025-10-22 16:27:25.822763,355247.743,6294417.88
PD391,D10,SVDC-44,6465,25,60,2025-10-22 16:27:25.822763,355247.743,6294417.88
PD391,418,PFYC-88,3492,25,60,2025-10-22 16:27:25.822764,355247.743,6294417.88
PD391,418,LXWP-67,3836,25,60,2025-10-22 16:27:25.822765,355247.743,6294417.88
PD391,429,SHCX-38,543,7,9,2025-10-22 16:27:25.822766,355247.743,6294417.88
PE1491,E04,VKJZ-27,5324,17,25,2025-10-22 16:27:27.303649,351447.3,6289674.31
PE1491,E04,VKJX-31,6577,25,60,2025-10-22 16:27:27.303654,351447.3,6289674.31
PH713,321,FLXP-46,725,0,3,2025-10-22 16:27:31.070440,343874.149,6290007.451
PA272,J03,FLXS-89,2455,11,15,2025-10-22 16:27:32.933969,345217.674,6298352.188
PA272,J03,FDJX-73,4030,16,22,2025-10-22 16:27:32.933975,345217.674,6298352.188
PA272,119,BJFZ-53,1583,9,13,2025-10-22 16:27:32.933977,345217.674,6298352.188
PA272,121,FLXF-87,539,0,4,2025-10-22 16:27:32.933978,345217.674,6298352.188
PB1900,110,CJRZ-89,2243,8,10,2025-10-22 16:27:34.425674,338490.06,6302092.06
PB1900,110,CJRW-65,3198,13,17,2025-10-22 16:27:34.425678,338490.06,6302092.06
PB1900,110C,GCBD-22,1,0,3,2025-10-22 16:27:34.425680,338490.06,6302092.06
PB1900,110C,GCBC-74,2624,7,9,2025-10-22 16:27:34.425680,338490.06,6302092.06
PB1900,B03,SKHG-47,295,0,3,2025-10-22 16:27:34.425681,338490.06,6302092.06
PB1900,B03,LXDH-85,4853,17,25,2025-10-22 16:27:34.425682,338490.06,6302092.06
PB1900,410,SJPF-88,1315,7,9,2025-10-22 16:27:34.425683,338490.06,6302092.06
PB118,429,SLPB-69,4707,16,22,2025-10-22 16:27:36.172313,348195.261,6304393.821
PB118,429,SLGT-34,4718,16,22,2025-10-22 16:27:36.172318,348195.261,6304393.821
PB118,722,STHK-62,6119,17,25,2025-10-22 16:27:36.172319,348195.261,6304393.821
PB118,722,STHJ-72,8784,25,60,2025-10-22 16:27:36.172320,348195.261,6304393.821
PB118,425,SJPC-71,2918,7,9,2025-10-22 16:27:36.172321,348195.261,6304393.821
PB118,425,SJPB-36,5567,13,19,2025-10-22 16:27:36.172322,348195.261,6304393.821
PE10,104,SKWD-84,701,0,3,2025-10-22 16:27:40.155266,353337.494,6289733.205
PE10,104,SKWD-13,2965,12,18,2025-10-22 16:27:40.155271,353337.494,6289733.205
PE10,114,LFGR-91,906,0,5,2025-10-22 16:27:40.155272,353337.494,6289733.205
PE10,114,SKVD-48,6611,25,60,2025-10-22 16:27:40.155273,353337.494,6289733.205
PE10,108,PFYS-32,1876,8,10,2025-10-22 16:27:40.155274,353337.494,6289733.205
PE10,108,PFVC-52,3036,12,16,2025-10-22 16:27:40.155274,353337.494,6289733.205
PE10,E06,CJRB-44,1321,5,7,2025-10-22 16:27:40.155275,353337.494,6289733.205
PE10,102,SHCW-81,3657,13,17,2025-10-22 16:27:40.155276,353337.494,6289733.205
PE10,102,SPZX-66,6841,25,60,2025-10-22 16:27:40.155277,353337.494,6289733.205
PE10,712,SHCW-67,591,0,3,2025-10-22 16:27:40.155278,353337.494,6289733.205
PE10,712,LBTT-15,1504,5,7,2025-10-22 16:27:40.155278,353337.494,6289733.205
PI637,D18,SVDD-73,982,0,5,2025-10-22 16:27:42.080418,350691.824,6298170.81
PI35,I04,FLXY-37,4990,14,20,2025-10-22 16:27:44.103365,339904.347,6294353.161
PI35,I04,FLXF-62,5105,14,20,2025-10-22 16:27:44.103370,339904.347,6294353.161
PI35,I14,CJRW-77,6790,20,28,2025-10-22 16:27:44.103371,339904.347,6294353.161
PI35,101,PFVD-64,1925,6,8,2025-10-22 16:27:44.103372,339904.347,6294353.161
PI35,481,PGPS-92,154,0,3,2025-10-22 16:27:44.103373,339904.347,6294353.161
PI35,481,PGPT-45,9592,25,60,2025-10-22 16:27:44.103374,339904.347,6294353.161
PI293,113,FLXW-82,7290,14,20,2025-10-22 16:27:48.000225,337688.21,6289427.635
PI293,113,FLXW-97,11066,25,60,2025-10-22 16:27:48.000229,337688.21,6289427.635
PI293,I12,FLXY-20,365,0,3,2025-10-22 16:27:48.000231,337688.21,6289427.635
PI293,115,PFXB-91,1054,0,3,2025-10-22 16:27:48.000231,337688.21,6289427.635
PI293,115,GCBC-61,1214,0,3,2025-10-22 16:27:48.000232,337688.21,6289427.635
PH564,H06,CJRY-76,2369,6,8,2025-10-22 16:27:49.909880,343228.233,6290549.827
PE874,107,PGRZ-72,1,0,3,2025-10-22 16:27:51.907550,352252.968,6290995.782
PE874,107,PGTV-29,464,0,3,2025-10-22 16:27:51.907557,352252.968,6290995.782
PA492,D03,STSR-49,1482,10,14,2025-10-22 16:27:53.400302,346677.279,6297161.95
PA492,D03,SVDD-36,2588,14,20,2025-10-22 16:27:53.400308,346677.279,6297161.95
PB568,314,TWPD-43,1076,14,20,2025-10-22 16:27:55.551649,336520.482,6307183.216
PB568,314,VFZK-51,5021,25,60,2025-10-22 16:27:55.551654,336520.482,6307183.216
PB568,315E,VHSX-91,1773,6,8,2025-10-22 16:27:55.551655,336520.482,6307183.216
PB568,315E,VHTB-62,2665,11,15,2025-10-22 16:27:55.551656,336520.482,6307183.216
PB568,B45,TWPD-85,332,0,3,2025-10-22 16:27:55.551657,336520.482,6307183.216
PB568,B45,FLXD-63,2269,5,7,2025-10-22 16:27:55.551658,336520.482,6307183.216
PB568,B12,SKDJ-76,10222,25,60,2025-10-22 16:27:55.551659,336520.482,6307183.216
PB568,B12,SKDG-96,11406,25,60,2025-10-22 16:27:55.551660,336520.482,6307183.216
PB568,B43,SJPF-41,924,8,12,2025-10-22 16:27:55.551661,336520.482,6307183.216
PB568,B43,SJPC-81,1604,12,18,2025-10-22 16:27:55.551662,336520.482,6307183.216
PB568,307C,TWPD-70,1286,4,6,2025-10-22 16:27:55.551663,336520.482,6307183.216
PB568,307C,TWPD-56,4005,13,19,2025-10-22 16:27:55.551664,336520.482,6307183.216
PB568,B06,SKDG-29,2758,12,16,2025-10-22 16:27:55.551665,336520.482,6307183.216
PB568,B06,SKDH-69,5703,25,60,2025-10-22 16:27:55.551666,336520.482,6307183.216
PB568,308,FLXH-94,1990,12,16,2025-10-22 16:27:55.551667,336520.482,6307183.216
PB568,308,FLXJ-93,3267,15,21,2025-10-22 16:27:55.551668,336520.482,6307183.216
PB568,308C,TWPD-46,3986,21,29,2025-10-22 16:27:55.551669,336520.482,6307183.216
PB568,308C,VHSX-79,6432,25,60,2025-10-22 16:27:55.551670,336520.482,6307183.216
PB568,B08,SHCY-59,2721,14,20,2025-10-22 16:27:55.551671,336520.482,6307183.216
PB568,B08,SHXF-45,8351,25,60,2025-10-22 16:27:55.551672,336520.482,6307183.216
PB568,B21,SGPY-82,1027,0,3,2025-10-22 16:27:55.551673,336520.482,6307183.216
PB568,B21,SKDJ-25,4554,15,21,2025-10-22 16:27:55.551674,336520.482,6307183.216
PB568,425,SJPC-70,4663,25,60,2025-10-22 16:27:55.551675,336520.482,6307183.216
PB568,425,SGPW-41,4723,25,60,2025-10-22 16:27:55.551676,336520.482,6307183.216
PB568,307,VHSX-88,7945,25,60,2025-10-22 16:27:55.551677,336520.482,6307183.216
PB568,307,FLXJ-15,17374,25,60,2025-10-22 16:27:55.551678,336520.482,6307183.216
PB568,B11,SKDH-29,304,0,3,2025-10-22 16:27:55.551679,336520.482,6307183.216
PB568,B11,SKDH-90,1307,6,8,2025-10-22 16:27:55.551680,336520.482,6307183.216
PJ588,J01,FLXK-44,1,0,3,2025-10-22 16:27:59.430388,343026.444,6299239.988
PJ588,J01,FDJX-80,1539,8,10,2025-10-22 16:27:59.430392,343026.444,6299239.988
PI1072,I10,FLXJ-22,263,0,3,2025-10-22 16:28:03.009087,341571.618,6295442.283
PI1072,I10,FLXL-49,5609,15,21,2025-10-22 16:28:03.009093,341571.618,6295442.283
PI1072,385,FLXK-74,1998,6,8,2025-10-22 16:28:03.009094,341571.618,6295442.283
PD1444,107,PGRZ-74,1058,4,6,2025-10-22 16:28:05.119058,352228.756,6291047.066
PD1444,107,PGPV-86,1367,5,7,2025-10-22 16:28:05.119063,352228.756,6291047.066
PD1444,117,SPBG-12,2849,8,12,2025-10-22 16:28:05.119064,352228.756,6291047.066
PD1444,108,PFTW-66,3653,10,14,2025-10-22 16:28:05.119065,352228.756,6291047.066
PD1444,E17,FLXT-30,3446,13,19,2025-10-22 16:28:05.119066,352228.756,6291047.066
PD1444,E17,FLXT-43,3672,14,20,2025-10-22 16:28:05.119067,352228.756,6291047.066
PD1444,102,LBTS-75,389,0,3,2025-10-22 16:28:05.119068,352228.756,6291047.066
PD1444,102,LBTS-98,2704,8,10,2025-10-22 16:28:05.119068,352228.756,6291047.066
PB557,315E,VHTB-65,2191,6,8,2025-10-22 16:28:07.215764,339137.193,6308266.789
PB557,315E,TWPD-64,4293,12,18,2025-10-22 16:28:07.215768,339137.193,6308266.789
PB557,B43,SGPY-91,951,0,5,2025-10-22 16:28:07.215769,339137.193,6308266.789
PB557,B43,SJPB-23,8047,25,60,2025-10-22 16:28:07.215770,339137.193,6308266.789
PB557,307,VHSX-88,4790,14,20,2025-10-22 16:28:07.215771,339137.193,6308266.789
PB557,307,FLXJ-15,14062,25,60,2025-10-22 16:28:07.215772,339137.193,6308266.789
PB557,307C,TWPD-56,685,0,3,2025-10-22 16:28:07.215773,339137.193,6308266.789
PH126,271,TBYY-66,302,0,3,2025-10-22 16:28:09.544665,346244.373,6291448.429
PH126,271,CJRL-65,4024,13,17,2025-10-22 16:28:09.544670,346244.373,6291448.429
PH126,H14,FLXR-25,5496,16,24,2025-10-22 16:28:09.544671,346244.373,6291448.429
PH126,214,GCBB-67,1477,6,8,2025-10-22 16:28:09.544672,346244.373,6291448.429
PH126,214,FLXZ-99,4104,14,20,2025-10-22 16:28:09.544673,346244.373,6291448.429
PH126,226,VFPL-92,23,0,3,2025-10-22 16:28:09.544674,346244.373,6291448.429
PH126,226,VFRG-35,2005,8,12,2025-10-22 16:28:09.544675,346244.373,6291448.429
PH126,H05,VFPD-61,2152,8,10,2025-10-22 16:28:09.544675,346244.373,6291448.429
PH126,H05,VFPS-65,2740,10,14,2025-10-22 16:28:09.544676,346244.373,6291448.429
PH126,223,SHCV-42,2718,10,14,2025-10-22 16:28:09.544677,346244.373,6291448.429
PH126,223,SDSW-57,5904,25,60,2025-10-22 16:28:09.544678,346244.373,6291448.429
PH126,201,GCBB-54,3718,12,16,2025-10-22 16:28:09.544679,346244.373,6291448.429
PH126,201,GCBB-69,5681,17,25,2025-10-22 16:28:09.544679,346244.373,6291448.429
PH126,229,LZPT-74,7050,16,24,2025-10-22 16:28:09.544680,346244.373,6291448.429
PH126,229,LZPS-20,10668,25,60,2025-10-22 16:28:09.544681,346244.373,6291448.429
PH126,301,BJFW-95,1,0,3,2025-10-22 16:28:09.544682,346244.373,6291448.429
PH126,301,BJFR-72,174,0,3,2025-10-22 16:28:09.544682,346244.373,6291448.429
PE553,323,FLXR-44,3824,12,16,2025-10-22 16:28:10.946940,354181.778,6288240.18
PE553,E07,BJFW-92,469,0,3,2025-10-22 16:28:10.946956,354181.778,6288240.18
PE553,E07,FLXF-41,1941,8,10,2025-10-22 16:28:10.946957,354181.778,6288240.18
PJ430,511,TBFR-25,668,0,3,2025-10-22 16:28:13.158676,337160.272,6300337.526
PJ430,511,TBFW-51,900,0,4,2025-10-22 16:28:13.158681,337160.272,6300337.526
PJ430,518,TBFP-56,477,0,3,2025-10-22 16:28:13.158682,337160.272,6300337.526
PJ430,518,BJFB-24,1880,13,17,2025-10-22 16:28:13.158683,337160.272,6300337.526
PJ430,J15C,TBFW-85,3869,17,23,2025-10-22 16:28:13.158684,337160.272,6300337.526
PJ430,J20,TBFV-31,3284,12,18,2025-10-22 16:28:13.158685,337160.272,6300337.526
PJ430,J20,TBFR-51,7301,25,60,2025-10-22 16:28:13.158686,337160.272,6300337.526
PJ430,412,PFTW-60,3591,17,25,2025-10-22 16:28:13.158687,337160.272,6300337.526
PJ430,508,FLXY-16,261,0,3,2025-10-22 16:28:13.158688,337160.272,6300337.526
PJ430,508,TBFW-29,1140,0,5,2025-10-22 16:28:13.158689,337160.272,6300337.526
PG2102,G02,FLXP-15,1248,0,4,2025-10-22 16:28:15.096535,340976.0,6281464.0
PG2102,G02,FLXD-22,7631,21,29,2025-10-22 16:28:15.096539,340976.0,6281464.0
PG2102,G27,THTG-85,1618,6,8,2025-10-22 16:28:15.096541,340976.0,6281464.0
PG2102,G27,THTD-15,3562,17,25,2025-10-22 16:28:15.096541,340976.0,6281464.0
PG1218,G14,CJRP-12,616,0,3,2025-10-22 16:28:17.115715,342952.296,6280953.979
PG1218,G14,FLXX-13,3164,11,15,2025-10-22 16:28:17.115720,342952.296,6280953.979
PG1218,G28,BJFS-71,782,0,3,2025-10-22 16:28:17.115721,342952.296,6280953.979
PG1218,228,THTD-52,4306,12,18,2025-10-22 16:28:17.115722,342952.296,6280953.979
PG1218,228,THTD-61,6571,21,29,2025-10-22 16:28:17.115723,342952.296,6280953.979
PG1218,G32,THTF-42,1413,5,7,2025-10-22 16:28:17.115724,342952.296,6280953.979
PG1218,G32,THTF-55,1520,5,7,2025-10-22 16:28:17.115725,342952.296,6280953.979
PF400,F08,SPVT-72,643,0,4,2025-10-22 16:28:19.071965,351430.679,6282804.838
PF400,F27,SPRY-67,450,0,3,2025-10-22 16:28:19.071972,351430.679,6282804.838
PB1487,C18,SHCW-61,3650,0,3,2025-10-22 16:28:21.002258,349442.853,6304088.556
PB1487,C18,SHXD-86,2630,0,3,2025-10-22 16:28:21.002264,349442.853,6304088.556
PE213,E15C,VFJP-79,1296,0,5,2025-10-22 16:28:22.966704,350546.889,6285028.275
PE213,225,SFVZ-70,841,0,4,2025-10-22 16:28:22.966709,350546.889,6285028.275
PE213,F05,SPZY-37,4145,14,20,2025-10-22 16:28:22.966710,350546.889,6285028.275
PE213,F05,SPZY-61,4775,16,24,2025-10-22 16:28:22.966711,350546.889,6285028.275
PE213,E12,VFJD-26,162,0,3,2025-10-22 16:28:22.966712,350546.889,6285028.275
PE213,E13,VFKT-60,1809,7,9,2025-10-22 16:28:22.966713,350546.889,6285028.275
PI28,481,PGPT-45,6744,25,60,2025-10-22 16:28:25.101484,340563.833,6292091.291
PI28,481,PFTW-71,9978,25,60,2025-10-22 16:28:25.101489,340563.833,6292091.291
PI28,I04,FLXY-37,2245,6,8,2025-10-22 16:28:25.101491,340563.833,6292091.291
PI28,I04,FLXF-62,2282,7,9,2025-10-22 16:28:25.101492,340563.833,6292091.291
PI28,I14,CJRB-47,1563,9,13,2025-10-22 16:28:25.101493,340563.833,6292091.291
PI28,I14,CJRW-66,10407,25,60,2025-10-22 16:28:25.101494,340563.833,6292091.291
PF642,F29,SPVV-95,1061,0,5,2025-10-22 16:28:27.005714,353172.69,6280242.889
PF642,F29,SPVW-62,1667,5,7,2025-10-22 16:28:27.005719,353172.69,6280242.889
PF642,F15,LCTG-37,103,0,3,2025-10-22 16:28:27.005720,353172.69,6280242.889
PF642,F15,LBTT-23,4755,11,15,2025-10-22 16:28:27.005721,353172.69,6280242.889
PF642,F25,TXZH-41,3147,13,19,2025-10-22 16:28:27.005722,353172.69,6280242.889
PF642,F25,SRVL-72,3611,15,21,2025-10-22 16:28:27.005723,353172.69,6280242.889
PI736,I02,FLXZ-38,719,10,14,2025-10-22 16:28:29.050406,337472.954,6294713.49
PI736,I02,FLXZ-42,1045,12,16,2025-10-22 16:28:29.050411,337472.954,6294713.49
PA591,345,CJRX-63,3297,13,19,2025-10-22 16:28:30.968795,344279.7,6296906.302
PA591,345,BJFZ-49,4002,17,23,2025-10-22 16:28:30.968799,344279.7,6296906.302
PG257,212,LZPG-18,6802,17,23,2025-10-22 16:28:32.985069,347873.697,6282593.461
PG257,212,LZPW-13,6990,16,24,2025-10-22 16:28:32.985076,347873.697,6282593.461
PG257,216,LZPW-17,1663,6,8,2025-10-22 16:28:32.985078,347873.697,6282593.461
PG257,216,LZPW-15,1884,7,9,2025-10-22 16:28:32.985079,347873.697,6282593.461
PG257,G23,SFWB-73,2507,12,16,2025-10-22 16:28:32.985081,347873.697,6282593.461
PG257,G05,SFPG-48,1180,5,7,2025-10-22 16:28:32.985083,347873.697,6282593.461
PG257,G05,SFPG-60,1522,7,9,2025-10-22 16:28:32.985084,347873.697,6282593.461
PG257,G35,SCRZ-25,4441,14,20,2025-10-22 16:28:32.985086,347873.697,6282593.461
PG257,G13,SCRZ-34,102,0,3,2025-10-22 16:28:32.985088,347873.697,6282593.461
PG257,G13,SDSW-56,1778,25,60,2025-10-22 16:28:32.985089,347873.697,6282593.461
PD893,325,VFKT-48,1799,5,7,2025-10-22 16:28:34.413851,352040.723,6295541.241
PJ284,J02,VHXJ-10,1172,0,4,2025-10-22 16:28:36.131441,342641.949,6299557.278
PJ284,J02,VHXD-95,3775,8,12,2025-10-22 16:28:36.131446,342641.949,6299557.278
PJ284,502,FLXW-35,3283,9,13,2025-10-22 16:28:36.131447,342641.949,6299557.278
PJ284,502,TBFS-45,3489,10,14,2025-10-22 16:28:36.131448,342641.949,6299557.278
PJ284,508,FLXD-58,406,0,3,2025-10-22 16:28:36.131449,342641.949,6299557.278
PJ284,508,FLXX-51,1342,4,6,2025-10-22 16:28:36.131450,342641.949,6299557.278
PJ284,J03,FLXG-46,3135,9,13,2025-10-22 16:28:36.131451,342641.949,6299557.278
PJ284,B28,STHB-50,3713,12,16,2025-10-22 16:28:36.131451,342641.949,6299557.278
PJ284,B28,STHF-13,6790,21,29,2025-10-22 16:28:36.131452,342641.949,6299557.278
PG797,G07,THTF-74,2335,16,24,2025-10-22 16:28:37.830502,343067.367,6282550.24
PF746,F24,SPRW-86,2861,8,12,2025-10-22 16:28:41.806134,353105.944,6283780.673
PF746,F24,SPRV-81,7802,25,60,2025-10-22 16:28:41.806140,353105.944,6283780.673
PF746,226,VFPZ-27,4773,16,22,2025-10-22 16:28:41.806142,353105.944,6283780.673
PF746,226,VFPC-69,6437,25,60,2025-10-22 16:28:41.806143,353105.944,6283780.673
PG834,286,SHXG-74,2401,7,9,2025-10-22 16:28:43.410640,350047.946,6285531.471
PG834,286,SCRZ-35,5886,25,60,2025-10-22 16:28:43.410645,350047.946,6285531.471
PG834,G04,SFPF-73,832,0,3,2025-10-22 16:28:43.410647,350047.946,6285531.471
PI561,I01,FLXL-52,898,0,3,2025-10-22 16:28:45.131879,335935.166,6288766.229
PI561,I01,FLXL-43,5401,16,22,2025-10-22 16:28:45.131884,335935.166,6288766.229
PI561,506,PFXB-71,4822,15,21,2025-10-22 16:28:45.131885,335935.166,6288766.229
PI561,506,GCBC-94,4982,15,21,2025-10-22 16:28:45.131886,335935.166,6288766.229
PI561,506V,SZZY-86,5061,17,23,2025-10-22 16:28:45.131887,335935.166,6288766.229
PI561,506V,PFXC-22,5233,16,24,2025-10-22 16:28:45.131888,335935.166,6288766.229
PC510,C06,SKDF-78,1069,5,7,2025-10-22 16:28:47.131415,352088.582,6300363.165
PC510,C06,LWTK-59,1859,9,13,2025-10-22 16:28:47.131420,352088.582,6300363.165
PC510,517,VHZX-21,3304,12,16,2025-10-22 16:28:47.131421,352088.582,6300363.165
PC510,517,VHXK-53,6202,25,60,2025-10-22 16:28:47.131422,352088.582,6300363.165
PC510,503,LZPH-14,1,0,3,2025-10-22 16:28:47.131422,352088.582,6300363.165
PC510,503,VGTX-46,3171,14,20,2025-10-22 16:28:47.131423,352088.582,6300363.165
PB88,109,FLXW-22,2450,8,10,2025-10-22 16:28:49.118066,339668.62,6302946.17
PB88,109,TBFS-55,2538,8,10,2025-10-22 16:28:49.118071,339668.62,6302946.17
PB88,110,FDJX-69,408,0,3,2025-10-22 16:28:49.118072,339668.62,6302946.17
PB88,105,SHXF-27,3274,12,16,2025-10-22 16:28:49.118073,339668.62,6302946.17
PB88,105,SJPC-67,8120,25,60,2025-10-22 16:28:49.118074,339668.62,6302946.17
PH79,121,CJRW-12,1320,4,6,2025-10-22 16:28:51.170699,342674.52,6290189.47
PH79,125,FLXG-66,506,0,3,2025-10-22 16:28:51.170704,342674.52,6290189.47
PH79,125,BJFT-96,3376,13,17,2025-10-22 16:28:51.170705,342674.52,6290189.47
PH79,H03,FLXR-39,1966,8,10,2025-10-22 16:28:51.170706,342674.52,6290189.47
PH79,345,FLXD-73,1,0,3,2025-10-22 16:28:51.170707,342674.52,6290189.47
PH79,105,SHCY-17,2858,8,10,2025-10-22 16:28:51.170708,342674.52,6290189.47
PH79,120,STHF-45,3242,8,12,2025-10-22 16:28:51.170709,342674.52,6290189.47
PG997,G16,SFPG-29,480,0,3,2025-10-22 16:28:54.789228,345140.28,6282697.49
PG997,G16,SFPF-78,3427,11,15,2025-10-22 16:28:54.789233,345140.28,6282697.49
PG997,G08V,FLXV-16,4871,13,19,2025-10-22 16:28:54.789235,345140.28,6282697.49
PG997,G08V,FLXV-31,8576,25,60,2025-10-22 16:28:54.789236,345140.28,6282697.49
PG362,G24,FLXX-26,210,0,3,2025-10-22 16:28:56.786056,344066.18,6281289.49
PG362,301,BJFW-94,3461,12,16,2025-10-22 16:28:56.786061,344066.18,6281289.49
PG362,301,BJFS-84,4730,15,21,2025-10-22 16:28:56.786062,344066.18,6281289.49
PG362,301C,FLXT-15,884,0,5,2025-10-22 16:28:56.786063,344066.18,6281289.49
PG362,301C,BJFX-24,4947,16,24,2025-10-22 16:28:56.786063,344066.18,6281289.49
PG362,G38,THTG-67,1369,0,4,2025-10-22 16:28:56.786064,344066.18,6281289.49
PG362,G38,THTG-78,2685,0,5,2025-10-22 16:28:56.786065,344066.18,6281289.49
PG362,G43,FLXC-98,1301,4,6,2025-10-22 16:28:56.786066,344066.18,6281289.49
PC809,C09,SHXF-99,1952,8,10,2025-10-22 16:28:58.624005,359690.616,6305629.505
PH166,204,VFPG-91,155,0,3,2025-10-22 16:29:00.031778,348629.527,6293190.767
PH166,204,VFPK-81,2454,6,8,2025-10-22 16:29:00.031784,348629.527,6293190.767
PH312,119,FLXF-31,1128,0,5,2025-10-22 16:29:02.255749,342719.889,6288819.305
PH312,119,CJRB-48,4606,12,16,2025-10-22 16:29:02.255755,342719.889,6288819.305
PH312,H03,CJRW-46,1426,5,7,2025-10-22 16:29:02.255756,342719.889,6288819.305
PH312,H03,CJRX-46,2531,9,13,2025-10-22 16:29:02.255757,342719.889,6288819.305
PH312,H12,FLXH-16,1575,6,8,2025-10-22 16:29:02.255758,342719.889,6288819.305
PH312,H12,CJRW-82,4731,16,22,2025-10-22 16:29:02.255758,342719.889,6288819.305
PD1046,D09,SVDF-41,11081,25,60,2025-10-22 16:29:04.266850,357262.945,6296190.842
PD1046,D09,SVDD-39,12104,25,60,2025-10-22 16:29:04.266854,357262.945,6296190.842
PD1046,D10,SVDD-29,1575,6,8,2025-10-22 16:29:04.266856,357262.945,6296190.842
PD1046,D10,SVDF-64,2246,8,10,2025-10-22 16:29:04.266857,357262.945,6296190.842
PD1046,D11,SVDC-16,1634,5,7,2025-10-22 16:29:04.266857,357262.945,6296190.842
PD1046,D11,SVDD-33,2661,9,11,2025-10-22 16:29:04.266858,357262.945,6296190.842
PD1046,513,VJJW-78,5362,19,27,2025-10-22 16:29:04.266859,357262.945,6296190.842
PD1046,513,VJJX-78,5490,20,28,2025-10-22 16:29:04.266860,357262.945,6296190.842
PD1046,517,VJJR-36,3479,11,15,2025-10-22 16:29:04.266861,357262.945,6296190.842
PD1046,517,VJBB-91,3513,11,15,2025-10-22 16:29:04.266862,357262.945,6296190.842
PJ291,505,VHZX-71,2351,9,11,2025-10-22 16:29:07.144140,342691.85,6299656.806
PJ291,505,VHZV-91,6030,25,60,2025-10-22 16:29:07.144145,342691.85,6299656.806
PJ291,513,LXWS-33,218,0,3,2025-10-22 16:29:07.144146,342691.85,6299656.806
PJ291,513,VHZW-41,2137,6,8,2025-10-22 16:29:07.144147,342691.85,6299656.806
PJ291,502,BFKC-97,2187,7,9,2025-10-22 16:29:07.144147,342691.85,6299656.806
PJ291,502,BJFB-27,6110,19,27,2025-10-22 16:29:07.144148,342691.85,6299656.806
PJ291,J05,FLXD-57,1772,4,6,2025-10-22 16:29:07.144149,342691.85,6299656.806
PJ291,J05,GCBC-91,3775,13,19,2025-10-22 16:29:07.144150,342691.85,6299656.806
PC89,C07,SKPP-24,146,0,3,2025-10-22 16:29:08.900707,354546.956,6300001.834
PC89,216,LXWT-84,703,0,4,2025-10-22 16:29:08.900712,354546.956,6300001.834
PC89,216,SRTK-49,3522,14,20,2025-10-22 16:29:08.900713,354546.956,6300001.834
PJ27,107,SKVD-78,3737,13,17,2025-10-22 16:29:10.602167,341675.229,6300306.399
PJ27,107,PGTV-28,3988,13,19,2025-10-22 16:29:10.602173,341675.229,6300306.399
PJ27,101,PFVJ-24,2352,8,10,2025-10-22 16:29:10.602174,341675.229,6300306.399
PJ27,101,PFYS-39,4081,15,21,2025-10-22 16:29:10.602175,341675.229,6300306.399
PJ27,J16,FLXG-37,1010,0,4,2025-10-22 16:29:10.602176,341675.229,6300306.399
PJ27,J16,TBFT-46,4157,13,19,2025-10-22 16:29:10.602177,341675.229,6300306.399
PF858,F15,STHF-56,3962,14,20,2025-10-22 16:29:12.553906,351843.325,6280223.404
PF858,F15,SRVF-74,6186,25,60,2025-10-22 16:29:12.553911,351843.325,6280223.404
PG601,G05,SFGY-76,3254,13,17,2025-10-22 16:29:14.171948,349934.424,6282043.118
PG601,G05,SCRZ-11,5535,18,26,2025-10-22 16:29:14.171953,349934.424,6282043.118
PG601,F06,SPZY-48,1965,9,13,2025-10-22 16:29:14.171954,349934.424,6282043.118
PG601,F06,SPZY-59,6145,25,60,2025-10-22 16:29:14.171955,349934.424,6282043.118
PB1949,B14,HPFL-22,1194,5,7,2025-10-22 16:29:16.116298,346273.877,6299952.554
PB1949,B14,FLXT-47,6838,25,60,2025-10-22 16:29:16.116303,346273.877,6299952.554
PB1949,B27,FLXT-75,3042,11,15,2025-10-22 16:29:16.116304,346273.877,6299952.554
PB1949,B27,FLXT-85,6125,25,60,2025-10-22 16:29:16.116304,346273.877,6299952.554
PB1949,214,GCBC-14,1946,9,11,2025-10-22 16:29:16.116305,346273.877,6299952.554
PB1949,214,GCBC-19,6266,25,60,2025-10-22 16:29:16.116306,346273.877,6299952.554
PB1949,230,GCBB-20,2022,9,13,2025-10-22 16:29:16.116307,346273.877,6299952.554
PB1949,230,GCBB-22,3026,13,19,2025-10-22 16:29:16.116308,346273.877,6299952.554
PB1949,B02,FLXR-79,3610,25,60,2025-10-22 16:29:16.116308,346273.877,6299952.554
PB1949,B02,FLXR-73,3329,25,60,2025-10-22 16:29:16.116319,346273.877,6299952.554
PB1581,116,LCPW-37,2220,7,9,2025-10-22 16:29:18.222582,349029.529,6303924.734
PB1581,116,HPFJ-99,2391,8,10,2025-10-22 16:29:18.222587,349029.529,6303924.734
PB1581,107,PGRZ-82,3795,12,16,2025-10-22 16:29:18.222588,349029.529,6303924.734
PB1581,107,PGRZ-92,5684,18,26,2025-10-22 16:29:18.222589,349029.529,6303924.734
PB1581,272,GCBB-14,726,0,3,2025-10-22 16:29:18.222590,349029.529,6303924.734
PB1581,272,VFHW-46,3325,10,14,2025-10-22 16:29:18.222590,349029.529,6303924.734
PA25,D03,STSR-49,1570,10,14,2025-10-22 16:29:20.165775,346155.88,6297109.735
PA25,D03,SVDC-85,2570,15,21,2025-10-22 16:29:20.165781,346155.88,6297109.735
PA25,113,FLXX-60,682,0,4,2025-10-22 16:29:20.165782,346155.88,6297109.735
PA25,113,FLXW-85,9633,25,60,2025-10-22 16:29:20.165783,346155.88,6297109.735
PA25,115,SZZY-76,1,0,3,2025-10-22 16:29:20.165784,346155.88,6297109.735
PA25,115,PFXC-37,5577,17,23,2025-10-22 16:29:20.165785,346155.88,6297109.735
PE435,E03,FLXJ-44,1937,5,7,2025-10-22 16:29:22.170397,347339.938,6289087.216
PE435,E03,BJFT-93,5161,17,23,2025-10-22 16:29:22.170402,347339.938,6289087.216
PI551,506,PFXC-50,3395,10,14,2025-10-22 16:29:24.239454,342154.26,6296228.87
PI551,506,TBFR-97,3989,12,16,2025-10-22 16:29:24.239459,342154.26,6296228.87
PI551,506V,PFXC-21,1094,0,5,2025-10-22 16:29:24.239460,342154.26,6296228.87
PI551,506V,TBFS-39,5019,17,25,2025-10-22 16:29:24.239461,342154.26,6296228.87
PI551,509,FLXX-45,1046,5,7,2025-10-22 16:29:24.239462,342154.26,6296228.87
PI551,509,FLXV-36,2402,9,13,2025-10-22 16:29:24.239462,342154.26,6296228.87
PC1224,411,PGTV-33,799,5,7,2025-10-22 16:29:25.939415,355110.81,6303987.59
PC1224,411,SPBF-42,5916,25,60,2025-10-22 16:29:25.939421,355110.81,6303987.59
PC1224,286,SFGY-85,1796,6,8,2025-10-22 16:29:25.939422,355110.81,6303987.59
PC1224,286,SCRZ-38,6044,20,28,2025-10-22 16:29:25.939423,355110.81,6303987.59
PC1224,C15,SGPY-71,2150,8,12,2025-10-22 16:29:25.939424,355110.81,6303987.59
PC1224,409,PGRZ-81,229,0,3,2025-10-22 16:29:25.939425,355110.81,6303987.59
PC1224,409,PGPV-79,481,0,4,2025-10-22 16:29:25.939425,355110.81,6303987.59
PG2121,G11,THTF-99,16,0,3,2025-10-22 16:29:27.441633,344884.301,6290611.101
PG500,G11,THTG-96,1183,0,5,2025-10-22 16:29:29.051662,348328.174,6286148.498
PG500,G11,THTG-89,5482,25,60,2025-10-22 16:29:29.051667,348328.174,6286148.498
PB548,B43,SKPK-30,552,0,4,2025-10-22 16:29:34.189103,339884.585,6307791.75
PB548,B43,SJPB-30,6560,25,60,2025-10-22 16:29:34.189108,339884.585,6307791.75
PB548,307,VHTB-45,1,0,3,2025-10-22 16:29:34.189109,339884.585,6307791.75
PB548,307,VHTB-31,4147,16,22,2025-10-22 16:29:34.189110,339884.585,6307791.75
PB548,307C,FLXL-27,2804,12,16,2025-10-22 16:29:34.189110,339884.585,6307791.75
PB548,315E,TWPC-92,312,0,3,2025-10-22 16:29:34.189111,339884.585,6307791.75
PB548,315E,VHSY-35,4636,13,17,2025-10-22 16:29:34.189112,339884.585,6307791.75
PC488,418,LXWP-66,2772,14,20,2025-10-22 16:29:36.152461,352612.269,6299692.591
PC488,418,SHXD-79,2795,14,20,2025-10-22 16:29:36.152466,352612.269,6299692.591
PC488,429,SLPC-54,1910,6,8,2025-10-22 16:29:36.152467,352612.269,6299692.591
PC488,429,SLGS-92,13051,25,60,2025-10-22 16:29:36.152468,352612.269,6299692.591
PC488,501,PFXC-52,28,0,3,2025-10-22 16:29:36.152468,352612.269,6299692.591
PC488,501,PFXB-41,1732,7,9,2025-10-22 16:29:36.152469,352612.269,6299692.591
PC488,504,GCBF-25,1290,4,6,2025-10-22 16:29:36.152470,352612.269,6299692.591
PC488,504,GCBD-44,1329,4,6,2025-10-22 16:29:36.152471,352612.269,6299692.591
PC488,518,FLXV-43,2946,8,10,2025-10-22 16:29:36.152472,352612.269,6299692.591
PC488,518,GCBD-24,4555,12,18,2025-10-22 16:29:36.152472,352612.269,6299692.591
PC488,412,PFVG-77,3918,17,25,2025-10-22 16:29:36.152473,352612.269,6299692.591
PC488,412,PFTW-20,7485,25,60,2025-10-22 16:29:36.152474,352612.269,6299692.591
PG1103,G11,THTH-12,184,0,3,2025-10-22 16:29:38.061124,347569.45,6289001.121
PG1103,G11,THTC-94,57,0,3,2025-10-22 16:29:38.061128,347569.45,6289001.121
PH554,H06,CJRY-76,1,0,3,2025-10-22 16:29:40.215159,342587.484,6289550.768
PH554,H12,FLXD-71,767,0,3,2025-10-22 16:29:40.215164,342587.484,6289550.768
PA160,B24,STHD-72,1581,9,11,2025-10-22 16:29:42.361087,346852.32,6299301.99
PA160,B24,SKHF-92,2720,14,20,2025-10-22 16:29:42.361092,346852.32,6299301.99
PA160,116,LDJJ-69,3870,6,8,2025-10-22 16:29:42.361093,346852.32,6299301.99
PA160,116,FLXT-51,3961,6,8,2025-10-22 16:29:42.361094,346852.32,6299301.99
PA160,402,SKPH-70,1372,15,21,2025-10-22 16:29:42.361095,346852.32,6299301.99
PA160,402,SHCV-83,1606,16,22,2025-10-22 16:29:42.361096,346852.32,6299301.99
PA160,404,PGBY-83,1129,0,5,2025-10-22 16:29:42.361096,346852.32,6299301.99
PA160,404,PFYC-25,1663,6,8,2025-10-22 16:29:42.361097,346852.32,6299301.99
PA160,226,VFPX-63,1215,4,6,2025-10-22 16:29:42.361098,346852.32,6299301.99
PA160,226,VFPT-27,2254,8,12,2025-10-22 16:29:42.361099,346852.32,6299301.99
PA160,203,SFWZ-64,2227,10,14,2025-10-22 16:29:42.361100,346852.32,6299301.99
PA160,203,LZPT-69,6839,25,60,2025-10-22 16:29:42.361100,346852.32,6299301.99
PA160,206,LZPR-80,596,0,4,2025-10-22 16:29:42.361101,346852.32,6299301.99
PA160,206,LZPT-67,634,0,4,2025-10-22 16:29:42.361102,346852.32,6299301.99
PA160,208,LZPV-98,2754,16,22,2025-10-22 16:29:42.361103,346852.32,6299301.99
PA160,208,LZPW-22,4176,25,60,2025-10-22 16:29:42.361103,346852.32,6299301.99
PJ1672,424,FLXL-92,6795,15,21,2025-10-22 16:29:46.170659,337057.102,6295741.238
PJ1672,424,FLXK-39,8390,19,27,2025-10-22 16:29:46.170664,337057.102,6295741.238
PG657,G01,THTD-18,988,0,4,2025-10-22 16:29:48.260963,345052.634,6289371.679
PG657,G01,THTF-66,4241,12,16,2025-10-22 16:29:48.260971,345052.634,6289371.679
PJ1751,J16,FLXD-62,1,0,3,2025-10-22 16:29:50.497410,341652.101,6301491.583
PJ1751,J16,FLXG-37,3237,8,12,2025-10-22 16:29:50.497415,341652.101,6301491.583
PJ1751,B09,SHCY-49,619,0,3,2025-10-22 16:29:50.497416,341652.101,6301491.583
PJ1751,B09,SHCY-32,2895,10,14,2025-10-22 16:29:50.497417,341652.101,6301491.583
PJ1751,B28,SKHF-49,61,0,3,2025-10-22 16:29:50.497418,341652.101,6301491.583
PJ1751,B28,TXZH-37,377,0,3,2025-10-22 16:29:50.497418,341652.101,6301491.583
PJ1751,J01,FDJX-82,165,0,3,2025-10-22 16:29:50.497419,341652.101,6301491.583
PJ1751,J01,FLXD-53,3785,14,20,2025-10-22 16:29:50.497420,341652.101,6301491.583
PJ1751,J08,GCBC-83,5247,14,20,2025-10-22 16:29:50.497421,341652.101,6301491.583
PJ1751,J08,FLXG-31,6989,19,27,2025-10-22 16:29:50.497422,341652.101,6301491.583
PF830,124,SRVG-98,4278,14,20,2025-10-22 16:29:52.269337,352291.575,6277575.041
PF830,124,LCPG-40,4320,15,21,2025-10-22 16:29:52.269342,352291.575,6277575.041
PF830,F12,STHF-69,1849,7,9,2025-10-22 16:29:52.269343,352291.575,6277575.041
PB1732,B07,STHC-69,138,0,3,2025-10-22 16:29:54.198710,341185.001,6310705.001
PB1732,B07,LDJW-41,3940,8,12,2025-10-22 16:29:54.198715,341185.001,6310705.001
PA471,510,TBFS-34,1662,6,8,2025-10-22 16:29:55.828787,345575.85,6297316.0
PA471,510,GCBC-97,4025,14,20,2025-10-22 16:29:55.828792,345575.85,6297316.0
PC663,C03,LWTK-55,4163,13,19,2025-10-22 16:29:58.032748,356732.228,6301868.133
PC663,C03,SKDF-77,4532,14,20,2025-10-22 16:29:58.032753,356732.228,6301868.133
PC663,C13,SGPX-11,3971,13,19,2025-10-22 16:29:58.032754,356732.228,6301868.133
PC663,C13,SJPB-67,4804,16,22,2025-10-22 16:29:58.032754,356732.228,6301868.133
PC663,C16,SKPP-16,87,0,3,2025-10-22 16:29:58.032755,356732.228,6301868.133
PC663,C16,LDTF-48,27,0,3,2025-10-22 16:29:58.032756,356732.228,6301868.133
PC663,D11,SVDF-63,63,0,3,2025-10-22 16:29:58.032757,356732.228,6301868.133
PC663,D11,SVDD-44,1549,5,7,2025-10-22 16:29:58.032758,356732.228,6301868.133
PC663,225,LZPR-84,35,0,3,2025-10-22 16:29:58.032759,356732.228,6301868.133
PC663,225,LZPT-50,3356,11,15,2025-10-22 16:29:58.032760,356732.228,6301868.133
PH372,H09,VGRB-93,2534,8,12,2025-10-22 16:30:01.464873,344690.195,6292256.439
PH372,H24,VGRB-33,1059,0,4,2025-10-22 16:30:01.464879,344690.195,6292256.439
PH372,H24,VGRB-24,5078,15,21,2025-10-22 16:30:01.464880,344690.195,6292256.439
PH372,121,CJRZ-65,2628,9,11,2025-10-22 16:30:01.464881,344690.195,6292256.439
PH372,121,CJRW-12,4703,14,20,2025-10-22 16:30:01.464882,344690.195,6292256.439
PH372,H06,CJRZ-85,564,0,3,2025-10-22 16:30:01.464884,344690.195,6292256.439
PH372,H06,CJRY-76,4093,12,18,2025-10-22 16:30:01.464885,344690.195,6292256.439
PH372,H13,BJFS-92,2259,7,9,2025-10-22 16:30:01.464886,344690.195,6292256.439
PC997,D18,STWW-40,676,0,3,2025-10-22 16:30:02.992073,349181.639,6298134.717
PC997,D18,SVDD-75,653,0,3,2025-10-22 16:30:02.992077,349181.639,6298134.717
PE1278,E14,VKJX-74,364,0,3,2025-10-22 16:30:07.330476,352827.497,6288206.929
PG2053,G35,SFPF-80,7596,25,60,2025-10-22 16:30:09.568606,350340.0,6282610.0
PG2053,G35,SFPF-86,10826,25,60,2025-10-22 16:30:09.568611,350340.0,6282610.0
PI927,I04,FLXF-47,356,0,3,2025-10-22 16:30:11.504412,340186.772,6295033.343
PI927,I04,FLXF-91,2670,9,13,2025-10-22 16:30:11.504416,340186.772,6295033.343
PI927,I17,FLXH-13,558,0,3,2025-10-22 16:30:11.504418,340186.772,6295033.343
PI927,I17,FLXK-89,3476,12,16,2025-10-22 16:30:11.504418,340186.772,6295033.343
PB508,425,SJPC-27,714,0,4,2025-10-22 16:30:13.544878,344472.596,6306318.875
PB508,425,SGPW-35,3564,8,10,2025-10-22 16:30:13.544883,344472.596,6306318.875
PB508,429,SLGS-92,1147,0,3,2025-10-22 16:30:13.544885,344472.596,6306318.875
PB508,429,SLGS-90,7282,19,27,2025-10-22 16:30:13.544886,344472.596,6306318.875
PB508,B43,SHXG-84,970,0,3,2025-10-22 16:30:13.544887,344472.596,6306318.875
PB508,B43,SJPC-18,5443,13,17,2025-10-22 16:30:13.544888,344472.596,6306318.875
PB508,B18,STHF-31,4687,10,14,2025-10-22 16:30:13.544889,344472.596,6306318.875
PA52,314,TWPC-57,746,0,3,2025-10-22 16:30:15.677889,345902.69,6298484.49
PA52,314,VHTB-40,1384,0,5,2025-10-22 16:30:15.677893,345902.69,6298484.49
PA52,315E,TWPC-89,1,0,3,2025-10-22 16:30:15.677894,345902.69,6298484.49
PA52,315E,TWPD-30,1253,5,7,2025-10-22 16:30:15.677895,345902.69,6298484.49
PA52,518,PFXC-61,588,0,3,2025-10-22 16:30:15.677896,345902.69,6298484.49
PA52,518,FLXV-56,760,0,3,2025-10-22 16:30:15.677897,345902.69,6298484.49
PA52,201,GCBB-64,2295,10,14,2025-10-22 16:30:15.677898,345902.69,6298484.49
PA52,201,GCBC-17,2541,11,15,2025-10-22 16:30:15.677898,345902.69,6298484.49
PA52,301,BJFW-49,38,0,3,2025-10-22 16:30:15.677899,345902.69,6298484.49
PA52,301,BJFS-90,1758,9,13,2025-10-22 16:30:15.677900,345902.69,6298484.49
PA52,303,FLXD-74,2220,6,8,2025-10-22 16:30:15.677901,345902.69,6298484.49
PA52,303,FLXG-99,4962,12,16,2025-10-22 16:30:15.677902,345902.69,6298484.49
PD911,D16,PFYC-51,2264,15,21,2025-10-22 16:30:17.669739,352046.405,6292111.501
PD911,325,VFJV-39,35,0,3,2025-10-22 16:30:17.669744,352046.405,6292111.501
PD911,325,VFJS-29,6041,17,25,2025-10-22 16:30:17.669745,352046.405,6292111.501
PI248,404,PFYC-14,628,0,3,2025-10-22 16:30:19.456874,337375.986,6295425.962
PI248,111,FLXW-92,205,0,3,2025-10-22 16:30:19.456879,337375.986,6295425.962
PI248,111,FLXY-70,3295,14,20,2025-10-22 16:30:19.456880,337375.986,6295425.962
PI248,I02,FLXZ-39,575,0,4,2025-10-22 16:30:19.456881,337375.986,6295425.962
PG150,228,THTF-83,1464,0,5,2025-10-22 16:30:21.325788,345869.441,6283665.917
PG150,228,THTF-75,1566,4,6,2025-10-22 16:30:21.325793,345869.441,6283665.917
PG150,G08,THTF-24,3244,9,13,2025-10-22 16:30:21.325794,345869.441,6283665.917
PG150,203,SRTK-48,3282,8,10,2025-10-22 16:30:21.325795,345869.441,6283665.917
PG150,203,LZPR-94,4725,13,17,2025-10-22 16:30:21.325796,345869.441,6283665.917
PG150,203C,LZPT-64,2522,8,10,2025-10-22 16:30:21.325796,345869.441,6283665.917
PG150,203C,LZPT-75,4598,13,19,2025-10-22 16:30:21.325797,345869.441,6283665.917
PG150,229,SFWZ-66,4964,17,23,2025-10-22 16:30:21.325798,345869.441,6283665.917
PG150,229,LZPT-60,5224,17,25,2025-10-22 16:30:21.325799,345869.441,6283665.917
PG150,G08V,FLXV-13,17,0,3,2025-10-22 16:30:21.325800,345869.441,6283665.917
PI843,I03,FLXF-42,469,0,3,2025-10-22 16:30:22.826275,341382.416,6296489.432
PI843,I03,FLXK-96,1927,9,11,2025-10-22 16:30:22.826281,341382.416,6296489.432
PJ731,J04,GCBD-59,3836,16,22,2025-10-22 16:30:24.708365,339097.452,6298696.311
PJ731,J04,TBFT-44,5422,20,28,2025-10-22 16:30:24.708369,339097.452,6298696.311
PJ149,402,SKPK-63,4703,15,21,2025-10-22 16:30:28.261491,339764.437,6298136.23
PJ149,402,SJPF-43,5842,17,25,2025-10-22 16:30:28.261496,339764.437,6298136.23
PJ149,406,GCBD-27,1081,0,4,2025-10-22 16:30:28.261498,339764.437,6298136.23
PJ149,406,TBFR-60,2174,6,8,2025-10-22 16:30:28.261498,339764.437,6298136.23
PJ149,407,PFXC-82,4865,13,19,2025-10-22 16:30:28.261499,339764.437,6298136.23
PJ149,407,TBFX-29,5839,16,22,2025-10-22 16:30:28.261500,339764.437,6298136.23
PJ149,422,TBFT-75,5350,17,25,2025-10-22 16:30:28.261501,339764.437,6298136.23
PJ149,422,PFXB-38,6085,20,28,2025-10-22 16:30:28.261501,339764.437,6298136.23
PJ149,426,FLXK-28,2408,9,13,2025-10-22 16:30:28.261502,339764.437,6298136.23
PJ149,426,FLXS-69,7212,25,60,2025-10-22 16:30:28.261503,339764.437,6298136.23
PF32,F08,TFTB-24,2943,9,11,2025-10-22 16:30:30.469424,355698.847,6283948.479
PF32,F08,SPVT-72,5805,19,27,2025-10-22 16:30:30.469429,355698.847,6283948.479
PF32,F24,SRPJ-74,2090,14,20,2025-10-22 16:30:30.469431,355698.847,6283948.479
PF32,F24,SPRW-86,6553,25,60,2025-10-22 16:30:30.469432,355698.847,6283948.479
PF32,F27,SPRY-89,2858,8,12,2025-10-22 16:30:30.469433,355698.847,6283948.479
PF32,F27,SPRW-93,3059,9,13,2025-10-22 16:30:30.469433,355698.847,6283948.479
PF32,712,SHCY-19,2451,8,10,2025-10-22 16:30:30.469434,355698.847,6283948.479
PF32,712,SJPC-43,3851,11,15,2025-10-22 16:30:30.469435,355698.847,6283948.479
PJ118,J07E,VJJR-95,8887,25,60,2025-10-22 16:30:32.376173,335983.368,6298295.993
PJ118,J07E,VHZZ-10,8993,25,60,2025-10-22 16:30:32.376178,335983.368,6298295.993
PJ118,406,SZZH-68,377,0,3,2025-10-22 16:30:32.376179,335983.368,6298295.993
PJ118,406,GCBD-10,425,0,3,2025-10-22 16:30:32.376179,335983.368,6298295.993
PJ118,407,VJBB-60,96,0,3,2025-10-22 16:30:32.376180,335983.368,6298295.993
PJ118,407,VHXJ-44,2501,6,8,2025-10-22 16:30:32.376181,335983.368,6298295.993
PJ118,426,FLXK-37,970,6,8,2025-10-22 16:30:32.376182,335983.368,6298295.993
PJ118,402,PFVG-98,984,0,5,2025-10-22 16:30:32.376183,335983.368,6298295.993
PJ118,J07,VJBB-60,96,0,3,2025-10-22 16:30:32.376184,335983.368,6298295.993
PJ118,J07,VHXJ-44,2501,6,8,2025-10-22 16:30:32.376184,335983.368,6298295.993
PG526,F03,SPVV-62,849,0,5,2025-10-22 16:30:34.289112,342299.992,6281884.602
PG526,G14,CJRP-12,2712,11,15,2025-10-22 16:30:34.289117,342299.992,6281884.602
PG526,G14,FLXX-13,5349,20,28,2025-10-22 16:30:34.289118,342299.992,6281884.602
PG526,G09,SCRZ-20,3147,11,15,2025-10-22 16:30:34.289119,342299.992,6281884.602
PG526,G09,SHCX-12,3173,11,15,2025-10-22 16:30:34.289120,342299.992,6281884.602
PI804,108,PFYS-24,5471,18,26,2025-10-22 16:30:35.973837,333495.77,6288248.532
PI804,108,PFYR-71,5624,18,26,2025-10-22 16:30:35.973843,333495.77,6288248.532
PI804,419,PFTV-86,38,0,3,2025-10-22 16:30:35.973852,333495.77,6288248.532
PI804,419,PFVL-21,1094,0,5,2025-10-22 16:30:35.973853,333495.77,6288248.532
PI804,506,GCBC-78,146,0,3,2025-10-22 16:30:35.973854,333495.77,6288248.532
PI804,506,GCBC-92,1361,0,5,2025-10-22 16:30:35.973855,333495.77,6288248.532
PF571,124,LCTG-23,159,0,3,2025-10-22 16:30:39.480094,351989.757,6278352.282
PF571,124,SRVG-98,5192,17,25,2025-10-22 16:30:39.480100,351989.757,6278352.282
PF571,F12,STHF-69,2567,8,12,2025-10-22 16:30:39.480102,351989.757,6278352.282
PC439,C01,LDJJ-78,516,0,3,2025-10-22 16:30:41.492092,359565.923,6307735.897
PC439,C01,LDJJ-62,2664,9,13,2025-10-22 16:30:41.492098,359565.923,6307735.897
PC439,C13,SJPD-74,6649,19,27,2025-10-22 16:30:41.492099,359565.923,6307735.897
PC439,C13,SHXF-95,8287,25,60,2025-10-22 16:30:41.492100,359565.923,6307735.897
PC439,C16,LWTK-57,56,0,3,2025-10-22 16:30:41.492101,359565.923,6307735.897
PC439,C16,LDTC-15,2514,8,10,2025-10-22 16:30:41.492102,359565.923,6307735.897
PC439,426,BJFH-46,1,0,3,2025-10-22 16:30:41.492103,359565.923,6307735.897
PC935,C14,SKPH-80,132,0,3,2025-10-22 16:30:43.436056,353926.847,6304827.815
PC935,C14,SKPL-25,2286,11,15,2025-10-22 16:30:43.436061,353926.847,6304827.815
PE183,224,VGBX-29,2153,6,8,2025-10-22 16:30:46.137657,351407.444,6289444.311
PE183,224,VFPZ-74,5119,14,20,2025-10-22 16:30:46.137663,351407.444,6289444.311
PE183,211,FLXC-90,5827,15,21,2025-10-22 16:30:46.137664,351407.444,6289444.311
PE183,211,TBYY-61,7865,20,28,2025-10-22 16:30:46.137664,351407.444,6289444.311
PE183,118,BJFH-69,2466,4,6,2025-10-22 16:30:46.137665,351407.444,6289444.311
PE183,118,FLXS-65,5264,13,19,2025-10-22 16:30:46.137666,351407.444,6289444.311
PB981,722,STHR-60,725,0,3,2025-10-22 16:30:48.133836,345799.711,6305310.371
PB981,722,STHF-54,794,0,3,2025-10-22 16:30:48.133840,345799.711,6305310.371
PH31,102,SRVL-70,1,0,3,2025-10-22 16:30:50.121458,347252.514,6291425.918
PH31,102,SRVL-59,1588,6,8,2025-10-22 16:30:50.121463,347252.514,6291425.918
PH31,107,PGBY-53,1711,5,7,2025-10-22 16:30:50.121465,347252.514,6291425.918
PH31,107,PGPV-86,5498,18,26,2025-10-22 16:30:50.121466,347252.514,6291425.918
PH31,108,PGPT-18,1480,5,7,2025-10-22 16:30:50.121467,347252.514,6291425.918
PH31,108,PFTW-66,8064,25,60,2025-10-22 16:30:50.121468,347252.514,6291425.918
PC641,C03,LWTK-53,39,0,3,2025-10-22 16:30:52.507040,351395.658,6303182.759
PC641,C03,LWTK-56,4922,20,28,2025-10-22 16:30:52.507046,351395.658,6303182.759
PA315,121,BJFX-60,655,0,3,2025-10-22 16:30:54.587310,345278.75,6295791.55
PE721,E11,VKJY-86,448,0,3,2025-10-22 16:30:56.534465,349192.909,6286093.105
PE721,E11,VKJX-64,1123,5,7,2025-10-22 16:30:56.534469,349192.909,6286093.105
PE721,E18,BJFX-11,3424,17,25,2025-10-22 16:30:56.534470,349192.909,6286093.105
PE721,F05,SPZX-82,3108,21,29,2025-10-22 16:30:56.534471,349192.909,6286093.105
PG845,G04,SFPF-99,329,0,3,2025-10-22 16:30:58.448947,346425.825,6285956.827
PG845,G04,SFPG-34,431,0,3,2025-10-22 16:30:58.448952,346425.825,6285956.827
PI1457,421,PFVK-95,5753,25,60,2025-10-22 16:31:03.287582,333337.404,6288580.331
PI1457,421,PDZH-82,11304,25,60,2025-10-22 16:31:03.287587,333337.404,6288580.331
PE244,E01,VKJZ-24,4296,15,21,2025-10-22 16:31:05.963397,352443.845,6286216.94
PE244,226,VFPZ-27,1305,5,7,2025-10-22 16:31:05.963401,352443.845,6286216.94
PE244,226,VFPC-69,2846,11,15,2025-10-22 16:31:05.963402,352443.845,6286216.94
PF626,F02,SHXD-82,1241,0,5,2025-10-22 16:31:08.912551,352510.251,6278518.349
PF626,F02,SHXF-40,8099,25,60,2025-10-22 16:31:08.912556,352510.251,6278518.349
PE247,E01,VKJX-11,2378,8,10,2025-10-22 16:31:11.001150,352774.892,6286245.914
PE247,226,LZRD-88,1,0,3,2025-10-22 16:31:11.001155,352774.892,6286245.914
PE247,226,VFPZ-78,2720,6,8,2025-10-22 16:31:11.001156,352774.892,6286245.914
PH1538,385,FLXK-68,163,0,3,2025-10-22 16:31:15.552535,349054.127,6293391.219
PH1538,385,FLXK-61,5084,16,24,2025-10-22 16:31:15.552540,349054.127,6293391.219
PI65,I03,FLXG-96,1639,5,7,2025-10-22 16:31:17.549330,342678.14,6297612.24
PI65,407,TBFW-31,2111,7,9,2025-10-22 16:31:17.549336,342678.14,6297612.24
PI65,407,GCBF-13,2347,9,11,2025-10-22 16:31:17.549338,342678.14,6297612.24
PI65,105,SJPC-36,807,0,4,2025-10-22 16:31:17.549339,342678.14,6297612.24
PI65,105,SHXG-32,1989,8,10,2025-10-22 16:31:17.549340,342678.14,6297612.24
PI65,120,LFGJ-94,397,0,3,2025-10-22 16:31:17.549341,342678.14,6297612.24
PI65,120,SJTD-61,5089,19,27,2025-10-22 16:31:17.549341,342678.14,6297612.24
PH485,H24,VGLZ-43,1467,9,11,2025-10-22 16:31:19.459506,346889.355,6294550.611
PH485,H24,VGLZ-33,5120,19,27,2025-10-22 16:31:19.459511,346889.355,6294550.611
PG632,G13,SFPF-95,2138,6,8,2025-10-22 16:31:21.611646,345345.745,6284781.881
PG632,G13,SCRZ-34,4813,15,21,2025-10-22 16:31:21.611652,345345.745,6284781.881
PG632,G16,SFPF-89,3708,10,14,2025-10-22 16:31:21.611653,345345.745,6284781.881
PG632,G16,SDSW-86,6565,25,60,2025-10-22 16:31:21.611654,345345.745,6284781.881
PG632,F06,SPZY-66,1096,0,5,2025-10-22 16:31:21.611654,345345.745,6284781.881
PG632,F06,SPZX-95,1810,7,9,2025-10-22 16:31:21.611655,345345.745,6284781.881
PJ338,518,FLXS-87,681,0,4,2025-10-22 16:31:23.685752,342112.59,6299548.3
PJ338,518,TBFP-72,1237,5,7,2025-10-22 16:31:23.685757,342112.59,6299548.3
PJ338,B28,STHB-50,3606,15,21,2025-10-22 16:31:23.685758,342112.59,6299548.3
PJ338,B28,STHF-13,6125,25,60,2025-10-22 16:31:23.685759,342112.59,6299548.3
PJ338,517,VHZX-60,542,0,3,2025-10-22 16:31:23.685760,342112.59,6299548.3
PJ338,517,VHXJ-40,983,0,4,2025-10-22 16:31:23.685760,342112.59,6299548.3
PJ338,J02,VHXD-95,2371,6,8,2025-10-22 16:31:23.685761,342112.59,6299548.3
PJ338,J02,VHXD-57,7266,17,25,2025-10-22 16:31:23.685762,342112.59,6299548.3
PJ338,503,LZPG-47,484,0,3,2025-10-22 16:31:23.685763,342112.59,6299548.3
PJ338,503,VHLS-18,818,0,4,2025-10-22 16:31:23.685764,342112.59,6299548.3
PJ338,504,PFXC-35,824,0,4,2025-10-22 16:31:23.685765,342112.59,6299548.3
PJ338,504,TBFT-67,3577,19,27,2025-10-22 16:31:23.685765,342112.59,6299548.3
PJ338,507,GCBC-85,651,0,3,2025-10-22 16:31:23.685766,342112.59,6299548.3
PJ338,507,FLXW-12,3236,18,26,2025-10-22 16:31:23.685767,342112.59,6299548.3
PB1479,B26,FLXP-81,2200,12,16,2025-10-22 16:31:25.587335,345027.339,6302140.204
PB1479,B26,FLXP-68,2313,13,17,2025-10-22 16:31:25.587342,345027.339,6302140.204
PC1275,C37,SKPH-76,218,0,3,2025-10-22 16:31:27.231815,359601.75,6302135.94
PG381,301,BJFW-11,1286,0,4,2025-10-22 16:31:28.938528,344791.857,6284650.608
PG381,301,FLXK-49,3670,13,17,2025-10-22 16:31:28.938534,344791.857,6284650.608
PG381,301C,BJFX-49,1338,0,4,2025-10-22 16:31:28.938536,344791.857,6284650.608
PA692,518,BJFJ-29,1038,0,4,2025-10-22 16:31:30.893189,347427.166,6298665.619
PA692,518,TBFT-98,3055,13,19,2025-10-22 16:31:30.893195,347427.166,6298665.619
PA692,422,TBFT-83,1163,5,7,2025-10-22 16:31:30.893196,347427.166,6298665.619
PA692,422,PFXB-19,2479,11,15,2025-10-22 16:31:30.893196,347427.166,6298665.619
PE460,E04,VKJX-60,1025,0,5,2025-10-22 16:31:32.835279,353555.438,6288205.718
PE460,E04,VKJZ-27,7767,25,60,2025-10-22 16:31:32.835282,353555.438,6288205.718
PI676,I01,FLXL-53,3143,8,10,2025-10-22 16:31:34.729416,341305.98,6292939.363
PI676,I01,FLXJ-26,6121,16,22,2025-10-22 16:31:34.729421,341305.98,6292939.363
PB1616,272,VFHV-57,4354,19,27,2025-10-22 16:31:36.674338,345724.602,6304892.408
PB1616,272,GCBB-14,7028,25,60,2025-10-22 16:31:36.674343,345724.602,6304892.408
PG1615,G02,FLXP-27,1220,0,4,2025-10-22 16:31:38.628418,341278.964,6276311.505
PG1615,G02,FLXC-87,6440,17,25,2025-10-22 16:31:38.628424,341278.964,6276311.505
PG1615,211,FLXP-33,166,0,3,2025-10-22 16:31:38.628425,341278.964,6276311.505
PG53,G05,SHCV-31,4944,19,27,2025-10-22 16:31:40.300427,344272.484,6285633.158
PG53,G05,SFPG-48,8034,25,60,2025-10-22 16:31:40.300432,344272.484,6285633.158
PG53,201,GCBB-49,2400,7,9,2025-10-22 16:31:40.300433,344272.484,6285633.158
PG53,201,GCBB-86,4975,13,19,2025-10-22 16:31:40.300434,344272.484,6285633.158
PG53,211,TBYY-64,2398,5,7,2025-10-22 16:31:40.300434,344272.484,6285633.158
PG53,211,TBYY-77,4756,13,17,2025-10-22 16:31:40.300435,344272.484,6285633.158
PG53,271,GCWF-73,4762,12,16,2025-10-22 16:31:40.300436,344272.484,6285633.158
PG53,211C,THTD-67,2167,4,6,2025-10-22 16:31:40.300437,344272.484,6285633.158
PG53,211C,THTD-60,2484,5,7,2025-10-22 16:31:40.300438,344272.484,6285633.158
PE222,204,VFPT-63,4608,12,18,2025-10-22 16:31:41.763558,351129.744,6287566.144
PE222,204,VGBX-49,6953,21,29,2025-10-22 16:31:41.763563,351129.744,6287566.144
PE222,224,VGBX-29,24,0,3,2025-10-22 16:31:41.763564,351129.744,6287566.144
PE222,224,VFPZ-74,2621,8,10,2025-10-22 16:31:41.763565,351129.744,6287566.144
PE222,E10,BJFW-57,819,0,3,2025-10-22 16:31:41.763566,351129.744,6287566.144
PE222,E10,BJFW-83,4039,14,20,2025-10-22 16:31:41.763567,351129.744,6287566.144
PE222,E15C,VFJK-37,1821,5,7,2025-10-22 16:31:41.763568,351129.744,6287566.144
PE222,E15C,VFJP-79,4295,12,18,2025-10-22 16:31:41.763569,351129.744,6287566.144
PE222,325,VFJK-65,1836,6,8,2025-10-22 16:31:41.763569,351129.744,6287566.144
PE222,325,VFKV-90,5232,18,26,2025-10-22 16:31:41.763570,351129.744,6287566.144
PJ945,J11,FLXT-68,7297,19,27,2025-10-22 16:31:43.643980,330491.973,6297170.271
PJ50,542,TBFS-62,1572,0,5,2025-10-22 16:31:45.731147,342833.769,6300812.31
PJ50,542,TBFX-56,4249,10,14,2025-10-22 16:31:45.731152,342833.769,6300812.31
PJ50,109,GCBC-70,1309,4,6,2025-10-22 16:31:45.731154,342833.769,6300812.31
PJ50,109,FLXC-46,1322,4,6,2025-10-22 16:31:45.731154,342833.769,6300812.31
PJ50,105,SJPC-41,3140,11,15,2025-10-22 16:31:45.731155,342833.769,6300812.31
PJ50,105,SJPC-67,3193,11,15,2025-10-22 16:31:45.731156,342833.769,6300812.31
PJ50,120,STHF-49,1981,6,8,2025-10-22 16:31:45.731157,342833.769,6300812.31
PJ50,120,TXZH-35,5077,12,18,2025-10-22 16:31:45.731158,342833.769,6300812.31
PA494,D03,STSR-49,1566,10,14,2025-10-22 16:31:47.707869,346018.61,6297217.353
PA494,D03,SVDC-85,2245,13,19,2025-10-22 16:31:47.707875,346018.61,6297217.353
PB722,272,VFHW-46,105,0,3,2025-10-22 16:31:49.786217,346893.152,6304345.92
PB722,272,VFPD-84,660,0,3,2025-10-22 16:31:49.786223,346893.152,6304345.92
PB722,B01,LDJV-46,269,0,3,2025-10-22 16:31:49.786224,346893.152,6304345.92
PB722,B01,LDJV-52,2367,8,10,2025-10-22 16:31:49.786225,346893.152,6304345.92
PB722,B12,SKDF-92,3116,9,13,2025-10-22 16:31:49.786226,346893.152,6304345.92
PB722,B12,SKDF-67,3336,11,15,2025-10-22 16:31:49.786226,346893.152,6304345.92
PB722,B22,SKPS-19,3262,8,10,2025-10-22 16:31:49.786227,346893.152,6304345.92
PB722,B22,SKPS-49,4827,12,16,2025-10-22 16:31:49.786228,346893.152,6304345.92
PG84,201E,VFHT-45,2722,8,10,2025-10-22 16:31:51.681565,341084.479,6283723.768
PG1762,201E,VFHL-56,611,0,3,2025-10-22 16:31:53.599246,341198.357,6284920.375
PG1762,201E,VFHT-45,4081,11,15,2025-10-22 16:31:53.599251,341198.357,6284920.375
PB1937,B11,SKDJ-82,1696,8,12,2025-10-22 16:31:57.535798,337299.194,6307144.484
PB1937,B11,LDTF-42,11015,25,60,2025-10-22 16:31:57.535803,337299.194,6307144.484
PB1937,308,FLXJ-93,1294,4,6,2025-10-22 16:31:57.535804,337299.194,6307144.484
PB1937,308,FLXK-10,7482,25,60,2025-10-22 16:31:57.535805,337299.194,6307144.484
PB1937,308C,TWPD-46,1808,9,11,2025-10-22 16:31:57.535806,337299.194,6307144.484
PB1937,308C,TWPC-93,4276,25,60,2025-10-22 16:31:57.535807,337299.194,6307144.484
PJ400,518,FLXS-87,1,0,3,2025-10-22 16:31:59.514997,341546.534,6299487.805
PJ400,518,TBFP-72,300,0,3,2025-10-22 16:31:59.515002,341546.534,6299487.805
PJ400,517,VHXJ-40,26,0,3,2025-10-22 16:31:59.515003,341546.534,6299487.805
PJ400,J02,VHXD-95,1342,0,4,2025-10-22 16:31:59.515004,341546.534,6299487.805
PJ400,J02,VHXD-57,6435,15,21,2025-10-22 16:31:59.515005,341546.534,6299487.805
PJ400,503,VHLS-18,34,0,3,2025-10-22 16:31:59.515006,341546.534,6299487.805
PJ400,503,VGTZ-70,2835,11,15,2025-10-22 16:31:59.515007,341546.534,6299487.805
PJ400,504,PFXC-35,53,0,3,2025-10-22 16:31:59.515008,341546.534,6299487.805
PJ400,504,TBFT-67,2756,17,23,2025-10-22 16:31:59.515009,341546.534,6299487.805
PJ400,507,GCBC-85,1,0,3,2025-10-22 16:31:59.515010,341546.534,6299487.805
PJ400,507,FLXW-12,2466,15,21,2025-10-22 16:31:59.515010,341546.534,6299487.805
PI1471,I21,FLXF-72,1,0,3,2025-10-22 16:32:02.715830,333348.334,6289365.17
PI1471,I21,FLXJ-19,3956,11,15,2025-10-22 16:32:02.715835,333348.334,6289365.17
PC376,435,SHXD-58,449,0,3,2025-10-22 16:32:04.700087,355441.78,6304975.434
PB427,307,VHSY-47,1,0,3,2025-10-22 16:32:06.817905,343907.32,6301103.26
PB427,307,VHSX-83,4865,9,13,2025-10-22 16:32:06.817910,343907.32,6301103.26
PB427,314,VHSZ-50,1,0,3,2025-10-22 16:32:06.817912,343907.32,6301103.26
PB427,314,VHSX-80,10143,25,60,2025-10-22 16:32:06.817913,343907.32,6301103.26
PB427,303,FLXG-99,501,0,3,2025-10-22 16:32:06.817914,343907.32,6301103.26
PB427,303,FLXK-69,4032,9,11,2025-10-22 16:32:06.817915,343907.32,6301103.26
PF910,F03C,SHXD-84,1414,6,8,2025-10-22 16:32:08.802788,349187.686,6279695.16
PI355,428,SLPB-45,6926,19,27,2025-10-22 16:32:12.730327,340178.32,6290580.802
PI355,428,SKPJ-43,8243,25,60,2025-10-22 16:32:12.730332,340178.32,6290580.802
PI355,444,SKPL-33,2771,0,5,2025-10-22 16:32:12.730333,340178.32,6290580.802
PI355,348,VHSX-93,4175,14,20,2025-10-22 16:32:12.730334,340178.32,6290580.802
PI355,348,VHTB-49,5299,18,26,2025-10-22 16:32:12.730334,340178.32,6290580.802
PI355,I05,VHSY-38,3275,8,12,2025-10-22 16:32:12.730335,340178.32,6290580.802
PI355,I14,CJRB-47,3143,25,60,2025-10-22 16:32:12.730336,340178.32,6290580.802
PI355,I14,CJRW-66,12932,25,60,2025-10-22 16:32:12.730337,340178.32,6290580.802
PI355,118,FLXW-58,1,0,3,2025-10-22 16:32:12.730338,340178.32,6290580.802
PI355,118,FLXV-41,4523,14,20,2025-10-22 16:32:12.730339,340178.32,6290580.802
PJ16,107,PGBZ-14,109,0,3,2025-10-22 16:32:14.148175,341332.798,6297612.367
PJ16,107,PFYC-41,3302,12,16,2025-10-22 16:32:14.148180,341332.798,6297612.367
PJ16,101,PFVC-56,385,0,3,2025-10-22 16:32:14.148181,341332.798,6297612.367
PJ16,101,PGRR-78,10284,25,60,2025-10-22 16:32:14.148182,341332.798,6297612.367
PG364,G43,FLXC-98,970,0,3,2025-10-22 16:32:15.848706,343940.634,6280650.429
PG364,G43,FLXC-85,4677,25,60,2025-10-22 16:32:15.848710,343940.634,6280650.429
PG364,G24,CJRP-14,5793,17,25,2025-10-22 16:32:15.848711,343940.634,6280650.429
PG364,301,BJFV-77,1,0,3,2025-10-22 16:32:15.848712,343940.634,6280650.429
PG364,301,BJFW-94,3430,12,16,2025-10-22 16:32:15.848713,343940.634,6280650.429
PG364,301C,FLXT-15,1032,0,3,2025-10-22 16:32:15.848714,343940.634,6280650.429
PG364,301C,BJFX-24,4684,14,20,2025-10-22 16:32:15.848715,343940.634,6280650.429
PG364,G38,THTG-67,893,0,3,2025-10-22 16:32:15.848715,343940.634,6280650.429
PG364,G38,THTD-19,3848,8,10,2025-10-22 16:32:15.848716,343940.634,6280650.429
PG1431,I24,VHSY-41,812,0,4,2025-10-22 16:32:17.712900,338758.773,6287900.382
PG1431,I24,FLXZ-45,1526,4,6,2025-10-22 16:32:17.712904,338758.773,6287900.382
PE1305,E12,VFJS-16,1859,6,8,2025-10-22 16:32:19.451330,350493.08,6284320.36
PE1305,E12,VFKW-18,2299,8,10,2025-10-22 16:32:19.451336,350493.08,6284320.36
PE1305,225,SFWB-96,7974,25,60,2025-10-22 16:32:19.451337,350493.08,6284320.36
PE1305,225,SFWZ-10,8722,25,60,2025-10-22 16:32:19.451338,350493.08,6284320.36
PE1305,F05,SPZX-77,109,0,3,2025-10-22 16:32:19.451339,350493.08,6284320.36
PE1305,F05,SPZX-82,5894,25,60,2025-10-22 16:32:19.451340,350493.08,6284320.36
PI630,D16,SPBP-86,984,0,4,2025-10-22 16:32:21.340762,352470.573,6296348.156
PI630,D16,SPBL-98,3703,15,21,2025-10-22 16:32:21.340767,352470.573,6296348.156
PB788,110C,BJFC-37,2680,7,9,2025-10-22 16:32:22.868685,337684.28,6302405.331
PB788,110C,SZZY-77,6302,16,22,2025-10-22 16:32:22.868690,337684.28,6302405.331
PB788,B03,SKHG-93,657,0,3,2025-10-22 16:32:22.868691,337684.28,6302405.331
PB788,B03,SJPC-52,3029,11,15,2025-10-22 16:32:22.868692,337684.28,6302405.331
PC722,C01C,SPBS-46,660,0,3,2025-10-22 16:32:24.800147,360490.57,6307355.51
PC722,C01C,PGLD-79,3760,15,21,2025-10-22 16:32:24.800152,360490.57,6307355.51
PG570,G13,SFPF-76,1083,4,6,2025-10-22 16:32:26.766904,345563.742,6284916.489
PG570,F06,SPZX-48,341,0,3,2025-10-22 16:32:26.766947,345563.742,6284916.489
PG570,F06,SPZY-65,2735,12,16,2025-10-22 16:32:26.766948,345563.742,6284916.489
PD2,107,PGRZ-74,989,5,7,2025-10-22 16:32:28.735621,351576.752,6291113.399
PD2,107,PGPV-86,1044,6,8,2025-10-22 16:32:28.735626,351576.752,6291113.399
PD2,108,PFTW-66,3460,12,16,2025-10-22 16:32:28.735627,351576.752,6291113.399
PD2,224,VFPT-47,1011,0,4,2025-10-22 16:32:28.735628,351576.752,6291113.399
PD2,224,VGBV-35,4412,15,21,2025-10-22 16:32:28.735629,351576.752,6291113.399
PD2,212,SGCR-39,168,0,3,2025-10-22 16:32:28.735629,351576.752,6291113.399
PD2,212,SVPX-44,2698,8,12,2025-10-22 16:32:28.735630,351576.752,6291113.399
PD2,102,LBTS-75,717,0,4,2025-10-22 16:32:28.735631,351576.752,6291113.399
PD2,102,LBTS-98,2096,9,13,2025-10-22 16:32:28.735632,351576.752,6291113.399
PJ1804,B38,TBFR-10,527,0,3,2025-10-22 16:32:32.609126,336340.0,6300449.0
PJ1804,B38,TBFX-47,9777,25,60,2025-10-22 16:32:32.609131,336340.0,6300449.0
PJ1804,J05,BJFF-48,2703,11,15,2025-10-22 16:32:32.609133,336340.0,6300449.0
PJ1804,J05,GCBD-38,4333,16,22,2025-10-22 16:32:32.609134,336340.0,6300449.0
PJ1804,J16,FLXD-62,5812,19,27,2025-10-22 16:32:32.609135,336340.0,6300449.0
PJ1804,J16,FLXG-37,9369,25,60,2025-10-22 16:32:32.609136,336340.0,6300449.0
PJ1804,J20,TBFV-31,2852,9,13,2025-10-22 16:32:32.609137,336340.0,6300449.0
PJ1804,J20,TBFR-51,7117,25,60,2025-10-22 16:32:32.609138,336340.0,6300449.0
PJ1804,542,TBFT-89,3494,12,16,2025-10-22 16:32:32.609139,336340.0,6300449.0
PJ1804,542,TBFV-34,8028,25,60,2025-10-22 16:32:32.609140,336340.0,6300449.0
PE1495,E12,VFJD-79,856,0,4,2025-10-22 16:32:34.536462,355000.67,6285882.49
PE1495,E12,VFKS-86,2263,8,10,2025-10-22 16:32:34.536467,355000.67,6285882.49
PB382,301,CJRB-49,307,0,3,2025-10-22 16:32:36.477594,345383.551,6300724.536
PB382,B03,SKHG-70,623,0,3,2025-10-22 16:32:36.477601,345383.551,6300724.536
PB382,B03,LXDJ-14,3017,10,14,2025-10-22 16:32:36.477603,345383.551,6300724.536
PB382,B24,LDJV-50,2320,7,9,2025-10-22 16:32:36.477605,345383.551,6300724.536
PB382,B24,SKHF-84,3483,11,15,2025-10-22 16:32:36.477606,345383.551,6300724.536
PH38,107,PFZK-70,559,0,3,2025-10-22 16:32:38.430029,345158.54,6292031.271
PH38,107,PFYC-84,654,0,3,2025-10-22 16:32:38.430034,345158.54,6292031.271
PH38,108,PFYR-75,171,0,3,2025-10-22 16:32:38.430036,345158.54,6292031.271
PH38,108,PGPT-19,1151,0,4,2025-10-22 16:32:38.430036,345158.54,6292031.271
PH38,H24,VGRF-65,221,0,3,2025-10-22 16:32:38.430037,345158.54,6292031.271
PH38,H24,VGRC-93,3412,10,14,2025-10-22 16:32:38.430038,345158.54,6292031.271
PH38,102,SRVL-70,1642,4,6,2025-10-22 16:32:38.430039,345158.54,6292031.271
PH38,102,SRVL-59,3566,10,14,2025-10-22 16:32:38.430040,345158.54,6292031.271
PA20,113,FLXW-85,6351,16,24,2025-10-22 16:32:40.027575,346460.224,6295587.174
PA20,113,FLXX-75,7888,20,28,2025-10-22 16:32:40.027580,346460.224,6295587.174
PA20,115,FLXV-63,2631,8,12,2025-10-22 16:32:40.027581,346460.224,6295587.174
PA20,115,PFXC-37,2666,8,12,2025-10-22 16:32:40.027582,346460.224,6295587.174
PC613,C01,LDJJ-78,3268,11,15,2025-10-22 16:32:41.636075,360051.134,6306746.213
PC613,C01,LDJJ-62,5401,17,25,2025-10-22 16:32:41.636082,360051.134,6306746.213
PC613,409,PFYC-67,25,0,3,2025-10-22 16:32:41.636083,360051.134,6306746.213
PB161,116,LDJJ-69,3406,4,6,2025-10-22 16:32:43.695517,346913.127,6299951.733
PB161,116,FLXT-51,4234,6,8,2025-10-22 16:32:43.695522,346913.127,6299951.733
PB161,203,SFWZ-64,2252,10,14,2025-10-22 16:32:43.695523,346913.127,6299951.733
PB161,203,LZPT-69,6309,25,60,2025-10-22 16:32:43.695524,346913.127,6299951.733
PB161,208,LZPV-98,2790,8,10,2025-10-22 16:32:43.695524,346913.127,6299951.733
PB161,208,LZPS-12,3750,10,14,2025-10-22 16:32:43.695525,346913.127,6299951.733
PB161,B03,SPZX-41,58,0,3,2025-10-22 16:32:43.695526,346913.127,6299951.733
PB161,B03,LXDJ-17,806,6,8,2025-10-22 16:32:43.695527,346913.127,6299951.733
PG336,229,LZPS-20,1586,0,5,2025-10-22 16:32:45.797947,347311.167,6286234.118
PG336,229,GCBC-25,4481,11,15,2025-10-22 16:32:45.797953,347311.167,6286234.118
PG336,302,BJFT-12,700,4,6,2025-10-22 16:32:45.797954,347311.167,6286234.118
PG336,E18,BJFX-11,846,0,3,2025-10-22 16:32:45.797955,347311.167,6286234.118
PG336,F05,SPZX-82,1438,9,13,2025-10-22 16:32:45.797956,347311.167,6286234.118
PG336,F05,SPZY-60,3654,18,26,2025-10-22 16:32:45.797957,347311.167,6286234.118
PB1324,B41,GCBB-43,1018,0,4,2025-10-22 16:32:47.766098,346348.28,6301207.844
PB1324,B41,GCBB-37,2686,9,11,2025-10-22 16:32:47.766103,346348.28,6301207.844
PB1324,B17,SHCY-10,943,0,4,2025-10-22 16:32:47.766104,346348.28,6301207.844
PB1324,B17,SHXD-83,2776,15,21,2025-10-22 16:32:47.766105,346348.28,6301207.844
PB1324,B02,FLXR-79,1008,16,22,2025-10-22 16:32:47.766106,346348.28,6301207.844
PB1324,B02,FLXR-93,3208,25,60,2025-10-22 16:32:47.766107,346348.28,6301207.844
PC75,286,SHCX-25,3100,10,14,2025-10-22 16:32:49.768597,352805.18,6301234.22
PC75,286,SHXB-24,4602,14,20,2025-10-22 16:32:49.768602,352805.18,6301234.22
PC75,722,STHF-88,141,0,3,2025-10-22 16:32:49.768603,352805.18,6301234.22
PC75,722,STHJ-86,1749,5,7,2025-10-22 16:32:49.768604,352805.18,6301234.22
PC75,712,SHXG-95,417,0,3,2025-10-22 16:32:49.768605,352805.18,6301234.22
PC75,712,SJPF-90,1702,5,7,2025-10-22 16:32:49.768606,352805.18,6301234.22
PC75,C01,LCSX-49,1928,7,9,2025-10-22 16:32:49.768607,352805.18,6301234.22
PC75,C01,LDJJ-67,4718,15,21,2025-10-22 16:32:49.768608,352805.18,6301234.22
PC75,420,SVDF-68,12294,25,60,2025-10-22 16:32:49.768609,352805.18,6301234.22
PC75,425,SJPC-16,324,0,3,2025-10-22 16:32:49.768609,352805.18,6301234.22
PC75,425,SHCX-42,4,0,3,2025-10-22 16:32:49.768610,352805.18,6301234.22
PD733,D03,SVDD-59,134,0,3,2025-10-22 16:32:53.413514,358263.731,6294791.179
PD733,422,GCBD-52,510,0,3,2025-10-22 16:32:53.413520,358263.731,6294791.179
PG193,207,LZPT-42,2875,8,10,2025-10-22 16:32:55.479972,348973.155,6281641.044
PG193,207,TBYY-57,3254,9,13,2025-10-22 16:32:55.479978,348973.155,6281641.044
PG1648,G07,THTF-33,459,0,3,2025-10-22 16:32:57.375931,339313.515,6276708.926
PG1648,G07,THTH-26,6781,15,21,2025-10-22 16:32:57.375936,339313.515,6276708.926
PD1259,412,PGBY-72,1891,7,9,2025-10-22 16:32:59.450754,355137.57,6298984.05
PD1259,412,PFZK-91,3859,13,17,2025-10-22 16:32:59.450760,355137.57,6298984.05
PD1259,D18,SVDF-43,1778,6,8,2025-10-22 16:32:59.450762,355137.57,6298984.05
PD1259,D18,SPBF-27,6207,25,60,2025-10-22 16:32:59.450763,355137.57,6298984.05
PG217,211,TBYY-61,2194,6,8,2025-10-22 16:33:01.419838,347439.427,6287469.428
PG217,211,TBYY-59,3824,12,16,2025-10-22 16:33:01.419843,347439.427,6287469.428
PG217,G11,THTG-89,1999,6,8,2025-10-22 16:33:01.419845,347439.427,6287469.428
PG217,G11,THTF-78,3293,10,14,2025-10-22 16:33:01.419846,347439.427,6287469.428
PG217,118,FLXW-53,2501,7,9,2025-10-22 16:33:01.419847,347439.427,6287469.428
PG217,118,FLXW-58,7498,18,26,2025-10-22 16:33:01.419847,347439.427,6287469.428
PH1650,345,CJRW-14,467,0,3,2025-10-22 16:33:02.906518,343983.49,6294375.87
PH1650,345,CJRX-63,5477,18,26,2025-10-22 16:33:02.906523,343983.49,6294375.87
PH1650,H07,BJFZ-91,1265,0,4,2025-10-22 16:33:02.906524,343983.49,6294375.87
PH1650,H07,BJFV-29,6544,25,60,2025-10-22 16:33:02.906525,343983.49,6294375.87
PI1902,I35,SHXB-12,1763,7,9,2025-10-22 16:33:04.941995,333057.0,6284657.0
PI1902,I35,SHXG-62,3327,13,19,2025-10-22 16:33:04.942000,333057.0,6284657.0
PF530,F11,SKVB-16,3688,8,12,2025-10-22 16:33:06.877501,358888.816,6281349.951
PF530,F11,SKVB-31,4633,11,15,2025-10-22 16:33:06.877506,358888.816,6281349.951
PC152,421,PFYG-86,8221,25,60,2025-10-22 16:33:08.896558,350192.31,6300525.81
PC152,421,PFBF-98,15064,25,60,2025-10-22 16:33:08.896563,350192.31,6300525.81
PC152,407,TBFR-41,956,4,6,2025-10-22 16:33:08.896565,350192.31,6300525.81
PC152,407,GCBD-25,1418,6,8,2025-10-22 16:33:08.896565,350192.31,6300525.81
PC152,117,SPBP-12,477,0,3,2025-10-22 16:33:08.896566,350192.31,6300525.81
PC152,117,PGBY-64,592,0,4,2025-10-22 16:33:08.896567,350192.31,6300525.81
PC152,401,PDYR-95,3768,13,17,2025-10-22 16:33:08.896568,350192.31,6300525.81
PC152,401,PFBG-41,9112,25,60,2025-10-22 16:33:08.896568,350192.31,6300525.81
PG280,226,VFPT-65,1733,8,12,2025-10-22 16:33:13.052755,346135.121,6290387.72
PG280,226,VGBV-99,1936,9,13,2025-10-22 16:33:13.052760,346135.121,6290387.72
PG280,227,VGBW-68,1621,7,9,2025-10-22 16:33:13.052762,346135.121,6290387.72
PG280,227,VFPJ-66,4969,15,21,2025-10-22 16:33:13.052763,346135.121,6290387.72
PG280,G11,THTF-99,95,0,3,2025-10-22 16:33:13.052764,346135.121,6290387.72
PG280,G11,THTH-61,2076,7,9,2025-10-22 16:33:13.052765,346135.121,6290387.72
PI1360,I22,FLXY-14,168,0,3,2025-10-22 16:33:15.006855,336552.182,6292774.12
PI1360,I08,FLXZ-73,87,0,3,2025-10-22 16:33:15.006861,336552.182,6292774.12
PI1360,I08,FLXZ-70,3026,9,11,2025-10-22 16:33:15.006862,336552.182,6292774.12
PB762,B02,FLXR-88,1112,4,6,2025-10-22 16:33:16.992127,347286.823,6301327.43
PB762,B02,FLXR-92,3217,15,21,2025-10-22 16:33:16.992132,347286.823,6301327.43
PJ424,514,TBFR-19,1541,6,8,2025-10-22 16:33:18.739167,335339.179,6298882.122
PJ424,407,GCBD-68,531,0,3,2025-10-22 16:33:18.739173,335339.179,6298882.122
PE1502,D17,PGBY-71,188,0,3,2025-10-22 16:33:22.615526,358113.868,6290613.606
PE1502,D17,PFZK-89,728,0,3,2025-10-22 16:33:22.615531,358113.868,6290613.606
PB863,B04,SHCX-26,2572,4,6,2025-10-22 16:33:24.137738,345564.579,6300175.754
PB863,B04,SHXG-91,5726,12,16,2025-10-22 16:33:24.137743,345564.579,6300175.754
PH15,107,PGRZ-86,295,0,3,2025-10-22 16:33:26.052327,347570.36,6291328.87
PH15,107,PGRZ-87,3809,13,19,2025-10-22 16:33:26.052333,347570.36,6291328.87
PH15,108,PFVC-49,8139,25,60,2025-10-22 16:33:26.052334,347570.36,6291328.87
PH15,108,PFVC-60,10093,25,60,2025-10-22 16:33:26.052335,347570.36,6291328.87
PH15,102,SPZX-98,9234,25,60,2025-10-22 16:33:26.052336,347570.36,6291328.87
PB1243,B06,SKDG-29,278,0,3,2025-10-22 16:33:27.990770,336987.768,6307899.968
PB1243,B06,SKDH-69,3121,13,19,2025-10-22 16:33:27.990776,336987.768,6307899.968
PB346,B22,SPCG-42,3645,18,26,2025-10-22 16:33:29.961039,346523.269,6304555.062
PB346,272,VFHV-57,3235,17,23,2025-10-22 16:33:29.961044,346523.269,6304555.062
PB346,272,GCBB-14,5381,25,60,2025-10-22 16:33:29.961045,346523.269,6304555.062
PB346,B01,STHF-62,1042,0,3,2025-10-22 16:33:29.961046,346523.269,6304555.062
PB346,B01,LDJW-31,1,0,3,2025-10-22 16:33:29.961047,346523.269,6304555.062
PG888,G05,SFGY-14,1866,8,10,2025-10-22 16:33:32.073658,346075.977,6282536.548
PG888,G05,SCRZ-23,6889,25,60,2025-10-22 16:33:32.073663,346075.977,6282536.548
PG888,G35,SFPF-80,1852,7,9,2025-10-22 16:33:32.073665,346075.977,6282536.548
PG888,G35,SFPF-86,5157,17,25,2025-10-22 16:33:32.073666,346075.977,6282536.548
PH35,107,PFYC-48,353,0,3,2025-10-22 16:33:33.977956,346042.454,6291756.825
PH35,107,PGRZ-70,343,0,3,2025-10-22 16:33:33.977960,346042.454,6291756.825
PH35,108,PGPT-18,2021,8,12,2025-10-22 16:33:33.977962,346042.454,6291756.825
PH35,108,PFTW-66,8898,25,60,2025-10-22 16:33:33.977962,346042.454,6291756.825
PH35,102,SRVL-70,703,0,4,2025-10-22 16:33:33.977963,346042.454,6291756.825
PH35,102,SRVL-59,2481,8,12,2025-10-22 16:33:33.977964,346042.454,6291756.825
PJ1003,J16,TBFW-82,5693,14,20,2025-10-22 16:33:35.932258,341577.735,6299780.279
PE72,204,VFPG-91,1372,0,5,2025-10-22 16:33:37.870320,349222.163,6289923.991
PE72,204,VFPK-81,3986,10,14,2025-10-22 16:33:37.870325,349222.163,6289923.991
PB1723,B27,FLXS-31,1794,6,8,2025-10-22 16:33:39.519304,344844.857,6304015.196
PB1723,B27,FLXT-70,5220,17,25,2025-10-22 16:33:39.519308,344844.857,6304015.196
PG2017,G24,FLXP-32,337,0,3,2025-10-22 16:33:41.791005,343938.01,6280557.01
PG2017,G24,FLXP-40,2898,9,11,2025-10-22 16:33:41.791010,343938.01,6280557.01
PG2017,G38,THTH-11,856,0,5,2025-10-22 16:33:41.791011,343938.01,6280557.01
PG2017,G38,THTD-69,3063,11,15,2025-10-22 16:33:41.791012,343938.01,6280557.01
PF779,F15,STHF-56,114,0,3,2025-10-22 16:33:46.058584,353703.98,6280446.256
PF779,F15,SRVF-74,2123,7,9,2025-10-22 16:33:46.058589,353703.98,6280446.256
PF779,F25,SRVG-65,793,8,10,2025-10-22 16:33:46.058590,353703.98,6280446.256
PF779,F25,SRVG-68,4284,17,25,2025-10-22 16:33:46.058591,353703.98,6280446.256
PE1391,D13,BJFR-75,163,0,3,2025-10-22 16:33:48.759706,351568.567,6289821.347
PE1391,D13,CJRB-14,1999,9,11,2025-10-22 16:33:48.759711,351568.567,6289821.347
PE1391,E05,BJFZ-19,380,0,4,2025-10-22 16:33:48.759712,351568.567,6289821.347
PE1391,E05,BJFT-80,4035,15,21,2025-10-22 16:33:48.759712,351568.567,6289821.347
PE1391,E06,BJFV-20,4402,17,23,2025-10-22 16:33:48.759713,351568.567,6289821.347
PE1391,E17,FLXT-30,3769,16,22,2025-10-22 16:33:48.759714,351568.567,6289821.347
PE1391,E17,FLXT-43,5146,21,29,2025-10-22 16:33:48.759715,351568.567,6289821.347
PG1927,G39,SCRZ-10,811,0,4,2025-10-22 16:33:51.356244,344903.45,6281832.29
PG1927,G39,SHCX-24,4444,14,20,2025-10-22 16:33:51.356249,344903.45,6281832.29
PG1927,G09,SHCX-11,1,0,3,2025-10-22 16:33:51.356250,344903.45,6281832.29
PG1927,G09,SDSW-59,1433,0,5,2025-10-22 16:33:51.356251,344903.45,6281832.29
PJ103,402,PFVG-98,584,0,4,2025-10-22 16:33:53.863125,334310.09,6298101.579
PJ103,402,SHCY-28,1673,4,6,2025-10-22 16:33:53.863129,334310.09,6298101.579
PJ103,418,SHXF-88,1020,8,10,2025-10-22 16:33:53.863131,334310.09,6298101.579
PJ103,418,PFYC-75,1538,8,12,2025-10-22 16:33:53.863131,334310.09,6298101.579
PJ103,428,SLLZ-98,938,0,3,2025-10-22 16:33:53.863132,334310.09,6298101.579
PJ103,428,SKPH-74,138,0,3,2025-10-22 16:33:53.863133,334310.09,6298101.579
PJ103,428E,SHCX-56,14477,25,60,2025-10-22 16:33:53.863134,334310.09,6298101.579
PJ103,J01,FLXS-94,331,0,3,2025-10-22 16:33:53.863135,334310.09,6298101.579
PJ103,J01,FDJX-76,1244,5,7,2025-10-22 16:33:53.863136,334310.09,6298101.579
PJ103,426,FLXK-37,416,0,4,2025-10-22 16:33:53.863140,334310.09,6298101.579
PF273,F08,TFTB-24,183,0,3,2025-10-22 16:33:55.832757,353733.207,6283650.155
PF273,F08,SPVT-72,2891,11,15,2025-10-22 16:33:55.832762,353733.207,6283650.155
PF273,F14,SPVW-14,656,0,3,2025-10-22 16:33:55.832763,353733.207,6283650.155
PF273,F14,SPRX-16,2353,9,11,2025-10-22 16:33:55.832764,353733.207,6283650.155
PF273,F24,SPRW-65,2283,7,9,2025-10-22 16:33:55.832765,353733.207,6283650.155
PF273,F24,SPRY-38,6009,17,25,2025-10-22 16:33:55.832766,353733.207,6283650.155
PF273,F27,SPRY-89,1,0,3,2025-10-22 16:33:55.832767,353733.207,6283650.155
PF273,F27,SPRW-93,252,0,3,2025-10-22 16:33:55.832768,353733.207,6283650.155
PF273,F05,SPZX-77,5153,18,26,2025-10-22 16:33:55.832769,353733.207,6283650.155
PF273,F05,SPZX-82,10983,25,60,2025-10-22 16:33:55.832769,353733.207,6283650.155
PF273,F06,SPZY-58,1,0,3,2025-10-22 16:33:55.832770,353733.207,6283650.155
PF273,F06,SPZX-63,3162,12,18,2025-10-22 16:33:55.832772,353733.207,6283650.155
PF273,F20,SPZY-53,2270,7,9,2025-10-22 16:33:55.832772,353733.207,6283650.155
PF273,F20,SPZY-69,10004,25,60,2025-10-22 16:33:55.832773,353733.207,6283650.155
PH709,I05,VHSX-75,1430,5,7,2025-10-22 16:33:57.778366,343622.96,6289387.57
PH709,I05,VHSY-38,7182,19,27,2025-10-22 16:33:57.778372,343622.96,6289387.57
PJ1729,505,VJBC-50,2580,8,10,2025-10-22 16:34:00.023765,342308.661,6300601.9
PJ1729,505,VHZY-60,4847,12,16,2025-10-22 16:34:00.023770,342308.661,6300601.9
PJ1729,513,VHZX-80,934,4,6,2025-10-22 16:34:00.023771,342308.661,6300601.9
PJ1729,513,VHZX-41,2968,13,17,2025-10-22 16:34:00.023772,342308.661,6300601.9
PJ1729,J01,FLXK-27,4708,14,20,2025-10-22 16:34:00.023773,342308.661,6300601.9
PJ1729,J01,CJRZ-83,14200,25,60,2025-10-22 16:34:00.023774,342308.661,6300601.9
PJ1729,B28,STHB-50,695,0,3,2025-10-22 16:34:00.023774,342308.661,6300601.9
PJ1729,B28,STHF-13,3283,12,16,2025-10-22 16:34:00.023775,342308.661,6300601.9
PF297,F14,SPRW-68,1987,5,7,2025-10-22 16:34:02.028817,355629.774,6282866.511
PF297,F14,SPVW-14,3287,9,13,2025-10-22 16:34:02.028822,355629.774,6282866.511
PF297,124,SRVL-21,3272,11,15,2025-10-22 16:34:02.028823,355629.774,6282866.511
PF297,124,STHC-95,3642,12,16,2025-10-22 16:34:02.028824,355629.774,6282866.511
PI115,108,PFVC-42,2440,7,9,2025-10-22 16:34:04.308762,339390.477,6290635.392
PI115,108,PFVC-57,2554,8,10,2025-10-22 16:34:04.308767,339390.477,6290635.392
PI115,348,VHSX-93,2764,9,11,2025-10-22 16:34:04.308768,339390.477,6290635.392
PI115,348,VHTB-49,3717,12,18,2025-10-22 16:34:04.308768,339390.477,6290635.392
PI115,I05,VHSY-38,2117,4,6,2025-10-22 16:34:04.308769,339390.477,6290635.392
PI115,109,PFXB-51,573,0,3,2025-10-22 16:34:04.308770,339390.477,6290635.392
PI115,109,TBFT-96,2470,5,7,2025-10-22 16:34:04.308771,339390.477,6290635.392
PI115,118,FLXV-41,3344,9,13,2025-10-22 16:34:04.308772,339390.477,6290635.392
PI115,118,BJFD-43,5658,18,26,2025-10-22 16:34:04.308772,339390.477,6290635.392
PA633,115,FLXV-84,251,0,3,2025-10-22 16:34:06.204092,346243.481,6295363.225
PA633,113,FLXY-44,2793,13,19,2025-10-22 16:34:06.204097,346243.481,6295363.225
PB163,116,FLXT-51,3132,6,8,2025-10-22 16:34:08.222998,346996.49,6300323.3
PB163,116,LDJJ-69,3609,6,8,2025-10-22 16:34:08.223003,346996.49,6300323.3
PB163,203,SFWZ-64,2257,9,13,2025-10-22 16:34:08.223004,346996.49,6300323.3
PB163,203,LZPT-69,6035,25,60,2025-10-22 16:34:08.223005,346996.49,6300323.3
PB163,208,LZPV-98,2983,10,14,2025-10-22 16:34:08.223006,346996.49,6300323.3
PB163,208,LZPS-12,3837,12,16,2025-10-22 16:34:08.223006,346996.49,6300323.3
PB163,B03,SPZX-41,390,0,3,2025-10-22 16:34:08.223007,346996.49,6300323.3
PB163,B03,LXDJ-17,1028,7,9,2025-10-22 16:34:08.223008,346996.49,6300323.3
PB2054,B29,SKHG-57,2713,10,14,2025-10-22 16:34:10.155856,337362.0,6303378.0
PE225,E13,VFHX-52,3319,12,16,2025-10-22 16:34:12.042588,350595.318,6287955.489
PG1445,G08V,FLXV-13,3305,9,13,2025-10-22 16:34:13.960221,343235.461,6281933.36
PG1445,G28,FLXK-47,2834,9,11,2025-10-22 16:34:13.960226,343235.461,6281933.36
PG1445,G28,BJFS-57,3977,12,16,2025-10-22 16:34:13.960227,343235.461,6281933.36
PI1618,109,FLXG-40,4290,12,16,2025-10-22 16:34:17.926758,341790.263,6292918.016
PI1618,109,GCBC-80,5398,15,21,2025-10-22 16:34:17.926762,341790.263,6292918.016
PI1618,108,PFYR-75,3940,10,14,2025-10-22 16:34:17.926763,341790.263,6292918.016
PI1618,108,PGPT-19,4709,12,16,2025-10-22 16:34:17.926764,341790.263,6292918.016
PI1618,113,FLXW-97,4145,10,14,2025-10-22 16:34:17.926765,341790.263,6292918.016
PI1618,113,FLXX-55,5441,16,22,2025-10-22 16:34:17.926766,341790.263,6292918.016
PI1618,115,PFXC-74,4051,9,13,2025-10-22 16:34:17.926767,341790.263,6292918.016
PI1618,115,GCBD-39,4993,12,16,2025-10-22 16:34:17.926767,341790.263,6292918.016
PI1618,115C,GCBC-44,14734,25,60,2025-10-22 16:34:17.926768,341790.263,6292918.016
