bus_stop_code,route_id,bus_id,meters_distance,min_arrival_time,max_arrival_time,date,X,Y
PG1780,G09,SHCV-42,9599,18,22,2025-11-06 16:00:45.141087,341244.43,6282881.96
PG1780,G09,SDSW-60,18303,59,60,2025-11-06 16:00:45.141094,341244.43,6282881.96
PC1113,C17,SGPW-54,7675,22,26,2025-11-06 16:02:58.279083,360343.283,6308122.852
PC1113,C01,LDJJ-77,137,0,3,2025-11-06 16:02:58.279088,360343.283,6308122.852
PC1113,C01,LCPW-32,1857,4,8,2025-11-06 16:02:58.279089,360343.283,6308122.852
PI1452,419,PFTV-88,855,0,3,2025-11-06 16:03:15.113434,333092.746,6288673.68
PI1452,419,PFYG-98,1005,0,3,2025-11-06 16:03:15.113439,333092.746,6288673.68
PI1452,421,PDZS-94,1178,0,4,2025-11-06 16:03:15.113441,333092.746,6288673.68
PI1452,421,PFBG-12,1178,0,4,2025-11-06 16:03:15.113442,333092.746,6288673.68
PI1452,I21,FLXF-89,791,0,2,2025-11-06 16:03:15.113443,333092.746,6288673.68
PI1452,I21,FLXJ-19,3790,10,14,2025-11-06 16:03:15.113444,333092.746,6288673.68
PI1452,108,PGPS-95,1065,0,3,2025-11-06 16:03:15.113446,333092.746,6288673.68
PI1452,108,PGPT-10,1178,0,4,2025-11-06 16:03:15.113447,333092.746,6288673.68
PG878,G05,SCRZ-34,810,0,3,2025-11-06 16:04:28.022919,344378.314,6284219.998
PG878,G35,SFGY-89,2761,7,11,2025-11-06 16:04:28.022924,344378.314,6284219.998
PG878,G35,SFPF-83,8635,27,60,2025-11-06 16:04:28.022925,344378.314,6284219.998
PF593,F09,LCPG-46,284,0,3,2025-11-06 16:05:22.705440,353449.321,6284532.355
PF593,F09,SPZX-82,4363,12,16,2025-11-06 16:05:22.705446,353449.321,6284532.355
PE592,F25,LCTG-44,252,0,3,2025-11-06 16:05:49.038497,353632.962,6286052.322
PE592,E08,VKJX-64,1681,3,7,2025-11-06 16:05:49.038503,353632.962,6286052.322
PE592,E08,VKJX-95,4765,13,17,2025-11-06 16:05:49.038504,353632.962,6286052.322
PA600,402,PFYC-90,7170,21,25,2025-11-06 16:06:20.907627,345201.33,6299266.81
PA600,402,SKPK-45,8588,27,60,2025-11-06 16:06:20.907632,345201.33,6299266.81
PA600,121,BJFV-75,628,0,2,2025-11-06 16:06:20.907633,345201.33,6299266.81
PA600,121,BJFW-50,4828,13,17,2025-11-06 16:06:20.907634,345201.33,6299266.81
PD1653,508,TBFP-68,316,0,3,2025-11-06 16:06:59.028811,352491.89,6294972.7
PD1653,508,PFXB-54,2550,6,10,2025-11-06 16:06:59.028815,352491.89,6294972.7
PD1653,325,VFJT-92,4717,13,17,2025-11-06 16:06:59.028817,352491.89,6294972.7
PD1653,325,VFHX-26,9017,28,60,2025-11-06 16:06:59.028818,352491.89,6294972.7
PD1653,D16,SPBS-52,3572,9,13,2025-11-06 16:06:59.028818,352491.89,6294972.7
PG1360,F05,SPZX-63,2564,6,10,2025-11-06 16:07:26.414013,347898.66,6286168.45
PG1360,F05,SPZY-70,7482,22,26,2025-11-06 16:07:26.414019,347898.66,6286168.45
PG1360,E18,BJFV-76,1787,4,8,2025-11-06 16:07:26.414021,347898.66,6286168.45
PG1360,E18,FLXF-41,3380,9,13,2025-11-06 16:07:26.414022,347898.66,6286168.45
PA290,506,TBFS-55,2604,12,16,2025-11-06 16:07:48.575259,344932.08,6296704.44
PA290,506,TBFX-38,3285,16,20,2025-11-06 16:07:48.575264,344932.08,6296704.44
PA290,506v,TBFS-33,2816,7,11,2025-11-06 16:07:48.575265,344932.08,6296704.44
PA290,506v,TBFS-54,3194,8,12,2025-11-06 16:07:48.575266,344932.08,6296704.44
PA290,509,FLXV-34,0,0,3,2025-11-06 16:07:48.575267,344932.08,6296704.44
PA290,509,FLXX-41,2604,6,10,2025-11-06 16:07:48.575268,344932.08,6296704.44
PJ880,511,TBFW-18,318,0,3,2025-11-06 16:08:17.832136,340635.644,6297431.147
PJ880,511,TBFV-31,865,0,3,2025-11-06 16:08:17.832141,340635.644,6297431.147
PJ880,514,PFXB-17,3633,9,13,2025-11-06 16:08:17.832142,340635.644,6297431.147
PJ880,514,GCBC-93,4781,13,17,2025-11-06 16:08:17.832143,340635.644,6297431.147
PJ880,J10,VHZY-51,1754,4,8,2025-11-06 16:08:17.832144,340635.644,6297431.147
PJ880,J10,VHZX-11,4158,11,15,2025-11-06 16:08:17.832145,340635.644,6297431.147
PJ880,J19,VGVB-79,1645,3,7,2025-11-06 16:08:17.832146,340635.644,6297431.147
PJ880,J19,VGVG-57,3828,10,14,2025-11-06 16:08:17.832146,340635.644,6297431.147
PD345,D02,SVDC-28,838,0,3,2025-11-06 16:08:40.029260,352770.739,6296598.517
PD345,D02,SVDF-79,1277,0,4,2025-11-06 16:08:40.029265,352770.739,6296598.517
PA207,227,VFHK-89,1714,3,7,2025-11-06 16:09:14.555890,347753.307,6296103.221
PA207,227,VFPS-47,3714,10,14,2025-11-06 16:09:14.555896,347753.307,6296103.221
PC33,212,LZPW-11,1291,0,4,2025-11-06 16:09:59.136027,351011.578,6299878.266
PC33,212,LZPG-12,2581,6,10,2025-11-06 16:09:59.136033,351011.578,6299878.266
PC33,104,SKVD-57,4405,12,16,2025-11-06 16:09:59.136034,351011.578,6299878.266
PC33,104,SKWD-64,5867,17,21,2025-11-06 16:09:59.136035,351011.578,6299878.266
PJ1667,505,LZPH-20,6530,19,23,2025-11-06 16:10:17.803898,339118.0,6301459.0
PJ1667,505,SRTK-45,7031,20,24,2025-11-06 16:10:17.803904,339118.0,6301459.0
PJ1667,513,SRTG-97,878,0,3,2025-11-06 16:10:17.803905,339118.0,6301459.0
PJ1667,513,VJJW-98,1080,0,3,2025-11-06 16:10:17.803907,339118.0,6301459.0
PJ1667,J16,FLXD-47,1076,0,3,2025-11-06 16:10:17.803908,339118.0,6301459.0
PJ1667,J16,FLXG-46,2056,4,8,2025-11-06 16:10:17.803909,339118.0,6301459.0
PI1462,428,SJPD-80,765,0,2,2025-11-06 16:10:39.917990,337344.252,6293415.876
PI1462,428,SHCY-25,4985,14,18,2025-11-06 16:10:39.917996,337344.252,6293415.876
PI1462,110,LXWS-33,3005,7,11,2025-11-06 16:10:39.917998,337344.252,6293415.876
PI1462,444,SHXF-87,7619,22,26,2025-11-06 16:10:39.917999,337344.252,6293415.876
PI1462,111,FLXY-64,622,0,2,2025-11-06 16:10:39.918000,337344.252,6293415.876
PI1462,111,FLXZ-53,3187,8,12,2025-11-06 16:10:39.918001,337344.252,6293415.876
PI1462,I07,VHTB-49,0,0,3,2025-11-06 16:10:39.918003,337344.252,6293415.876
PI1462,I07,VHTB-76,4329,12,16,2025-11-06 16:10:39.918004,337344.252,6293415.876
PB416,307,FLXJ-51,363,0,3,2025-11-06 16:13:00.894788,341959.831,6306379.251
PB416,307,FLXG-99,2181,5,9,2025-11-06 16:13:00.894806,341959.831,6306379.251
PB416,314,VHSZ-49,299,0,3,2025-11-06 16:13:00.894807,341959.831,6306379.251
PB416,314,TWPD-70,4926,14,18,2025-11-06 16:13:00.894808,341959.831,6306379.251
PB416,B07,TXZH-26,3479,9,13,2025-11-06 16:13:00.894809,341959.831,6306379.251
PB416,B07,FLXS-51,9032,29,60,2025-11-06 16:13:00.894810,341959.831,6306379.251
PB416,B08,SHCX-43,706,0,2,2025-11-06 16:13:00.894811,341959.831,6306379.251
PB416,B08,SHCY-64,2933,7,11,2025-11-06 16:13:00.894812,341959.831,6306379.251
PB416,B06,SKDG-29,1651,3,7,2025-11-06 16:13:00.894813,341959.831,6306379.251
PB416,B06,SKDH-73,2135,5,9,2025-11-06 16:13:00.894813,341959.831,6306379.251
PB416,B21,SPCG-40,1397,0,4,2025-11-06 16:13:00.894814,341959.831,6306379.251
PB416,B21,SKDH-61,3297,8,12,2025-11-06 16:13:00.894815,341959.831,6306379.251
PB416,429,SLLZ-46,411,0,3,2025-11-06 16:13:00.894816,341959.831,6306379.251
PB416,429,SLPC-29,3090,8,12,2025-11-06 16:13:00.894817,341959.831,6306379.251
PB416,303,FLXD-98,1981,4,8,2025-11-06 16:13:00.894818,341959.831,6306379.251
PB416,303,FLXJ-30,3192,8,12,2025-11-06 16:13:00.894818,341959.831,6306379.251
PI1660,I24,VHSY-27,2517,6,10,2025-11-06 16:14:43.283363,337157.01,6288298.03
PI1660,I24,VHSY-43,4369,12,16,2025-11-06 16:14:43.283368,337157.01,6288298.03
PG2124,G34,THTH-52,688,0,2,2025-11-06 16:15:31.893392,343118.001,6286584.001
PG2124,G34,THTH-18,3790,10,14,2025-11-06 16:15:31.893397,343118.001,6286584.001
PB1274,B21,SKDG-96,1551,3,7,2025-11-06 16:16:04.318934,345616.246,6302804.396
PB1274,B21,SKDF-82,5014,14,18,2025-11-06 16:16:04.318940,345616.246,6302804.396
PB1274,B14,FLXT-52,1049,0,3,2025-11-06 16:16:04.318942,345616.246,6302804.396
PB1274,B14,FLXT-46,3343,9,13,2025-11-06 16:16:04.318943,345616.246,6302804.396
PB1274,B25,FLXP-83,4103,11,15,2025-11-06 16:16:04.318945,345616.246,6302804.396
PH11,102,SPZX-78,3228,8,12,2025-11-06 16:17:20.724558,346209.349,6291674.75
PH11,102,LBTS-97,4052,11,15,2025-11-06 16:17:20.724563,346209.349,6291674.75
PH11,107,PFYC-84,5981,17,21,2025-11-06 16:17:20.724564,346209.349,6291674.75
PH11,107,PGBY-37,6038,17,21,2025-11-06 16:17:20.724565,346209.349,6291674.75
PH11,108,PFVC-52,2660,6,10,2025-11-06 16:17:20.724566,346209.349,6291674.75
PH11,108,PFVG-59,3228,8,12,2025-11-06 16:17:20.724567,346209.349,6291674.75
PF522,F29,SPVT-79,2403,6,10,2025-11-06 16:17:37.277908,356028.363,6279802.902
PF522,F29,SPVW-15,3381,9,13,2025-11-06 16:17:37.277912,356028.363,6279802.902
PF522,712,SHCW-67,1284,0,4,2025-11-06 16:17:37.277913,356028.363,6279802.902
PF522,712,LBTS-78,2244,5,9,2025-11-06 16:17:37.277914,356028.363,6279802.902
PJ574,J01,FLXH-79,732,0,2,2025-11-06 16:18:54.130959,341030.312,6301787.959
PJ574,J01,FLXH-88,902,0,3,2025-11-06 16:18:54.130964,341030.312,6301787.959
PC438,C16,LDTB-91,212,0,3,2025-11-06 16:19:26.893389,359503.153,6307969.995
PC438,C16,LFGP-26,2382,6,10,2025-11-06 16:19:26.893393,359503.153,6307969.995
PC438,C13,SHXF-94,6771,19,23,2025-11-06 16:19:26.893395,359503.153,6307969.995
PC438,C13,SHXD-61,8423,27,60,2025-11-06 16:19:26.893396,359503.153,6307969.995
PC438,430,SJPC-28,406,0,3,2025-11-06 16:19:26.893396,359503.153,6307969.995
PC438,426,FDJX-70,591,0,2,2025-11-06 16:19:26.893397,359503.153,6307969.995
PC438,C01,LCPW-43,591,0,2,2025-11-06 16:19:26.893398,359503.153,6307969.995
PC438,C01,LDJJ-67,1770,4,8,2025-11-06 16:19:26.893399,359503.153,6307969.995
PF1149,F26,SPCG-76,1016,0,3,2025-11-06 16:19:57.583946,356441.44,6281606.44
PF1149,F26,SPVT-94,3203,8,12,2025-11-06 16:19:57.583951,356441.44,6281606.44
PF2,F10,SRPK-86,148,0,3,2025-11-06 16:20:44.648405,355634.593,6285104.997
PF2,712,SHCY-19,1556,3,7,2025-11-06 16:20:44.648409,355634.593,6285104.997
PF2,712,SHCW-62,17589,56,60,2025-11-06 16:20:44.648410,355634.593,6285104.997
PF2,124,SRVG-92,1760,4,8,2025-11-06 16:20:44.648412,355634.593,6285104.997
PF2,124,LBTS-89,7023,20,24,2025-11-06 16:20:44.648412,355634.593,6285104.997
PF2,102,SPZY-67,4805,13,17,2025-11-06 16:20:44.648413,355634.593,6285104.997
PF2,102,LBTS-75,10281,32,60,2025-11-06 16:20:44.648414,355634.593,6285104.997
PF2,104,LDJJ-89,676,0,2,2025-11-06 16:20:44.648415,355634.593,6285104.997
PF2,104,SKWD-59,2698,7,11,2025-11-06 16:20:44.648415,355634.593,6285104.997
PF2,114,LFGR-88,1345,0,4,2025-11-06 16:20:44.648416,355634.593,6285104.997
PF2,114,LDSV-91,6220,18,22,2025-11-06 16:20:44.648417,355634.593,6285104.997
PF2,F08,SPVV-92,303,0,3,2025-11-06 16:20:44.648426,355634.593,6285104.997
PF2,F08,SPVV-69,4149,11,15,2025-11-06 16:20:44.648427,355634.593,6285104.997
PF2,E08,VKJX-64,0,0,3,2025-11-06 16:20:44.648428,355634.593,6285104.997
PF2,E08,VKJX-95,3569,9,13,2025-11-06 16:20:44.648429,355634.593,6285104.997
PG1967,G16,SFPF-79,137,0,3,2025-11-06 16:21:17.164433,346245.88,6282018.42
PG1967,G16,SFPG-57,1634,3,7,2025-11-06 16:21:17.164438,346245.88,6282018.42
PB839,B04,SHCW-61,1663,3,7,2025-11-06 16:21:46.431047,342921.666,6305506.132
PB839,214,GCBB-27,1017,0,3,2025-11-06 16:21:46.431052,342921.666,6305506.132
PB839,214,GCBB-37,2454,6,10,2025-11-06 16:21:46.431053,342921.666,6305506.132
PJ28,101,PFYR-78,1785,4,8,2025-11-06 16:22:13.205046,341772.968,6300744.652
PJ28,101,PFTW-78,3571,9,13,2025-11-06 16:22:13.205052,341772.968,6300744.652
PJ28,107,PGRZ-70,450,0,3,2025-11-06 16:22:13.205053,341772.968,6300744.652
PJ28,107,PGBZ-17,1293,0,4,2025-11-06 16:22:13.205054,341772.968,6300744.652
PJ28,B38,TBFS-65,3785,10,14,2025-11-06 16:22:13.205055,341772.968,6300744.652
PG1427,G22,THTF-54,2089,5,9,2025-11-06 16:22:50.376054,341434.72,6281955.72
PG1427,G22,THTF-26,5877,17,21,2025-11-06 16:22:50.376059,341434.72,6281955.72
PD983,D07,SVDC-32,2868,7,11,2025-11-06 16:23:18.200828,356290.18,6294010.355
PD983,D07,SVDF-53,7883,23,27,2025-11-06 16:23:18.200833,356290.18,6294010.355
PD983,D20,SVDC-82,484,0,2,2025-11-06 16:23:18.200834,356290.18,6294010.355
PD983,D20,SVDC-56,1936,4,8,2025-11-06 16:23:18.200835,356290.18,6294010.355
PH3,108,PFYR-98,1948,4,8,2025-11-06 16:23:34.049614,343911.864,6292954.956
PH3,108,PFVD-55,3609,9,13,2025-11-06 16:23:34.049652,343911.864,6292954.956
PH3,102,SPZX-75,4202,11,15,2025-11-06 16:23:34.049653,343911.864,6292954.956
PH3,102,LCPG-33,5990,17,21,2025-11-06 16:23:34.049655,343911.864,6292954.956
PH3,107,PGBY-37,1089,0,3,2025-11-06 16:23:34.049656,343911.864,6292954.956
PH3,107,PFYC-84,1502,3,7,2025-11-06 16:23:34.049657,343911.864,6292954.956
PI1606,I04,FLXD-89,0,0,3,2025-11-06 16:23:47.167725,342127.516,6295158.237
PI1606,I04,FLXF-61,1926,4,8,2025-11-06 16:23:47.167730,342127.516,6295158.237
PI1606,I17,FLXL-54,1961,4,8,2025-11-06 16:23:47.167731,342127.516,6295158.237
PH1537,385,FLXL-17,6853,20,24,2025-11-06 16:25:53.991814,349130.959,6293033.158
PH1537,385,FLXK-61,8327,26,60,2025-11-06 16:25:53.991819,349130.959,6293033.158
PG1906,G38,THTF-74,3461,9,13,2025-11-06 16:26:26.263981,342781.51,6279615.36
PG1906,G38,THTG-76,8658,29,60,2025-11-06 16:26:26.263986,342781.51,6279615.36
PG1906,G08v,FLXV-31,0,0,3,2025-11-06 16:26:26.263987,342781.51,6279615.36
PG1906,G08v,FLXV-21,1989,4,8,2025-11-06 16:26:26.263988,342781.51,6279615.36
PG1906,G32,THTF-37,1884,4,8,2025-11-06 16:26:26.263989,342781.51,6279615.36
PG1906,G32,THTF-43,2609,6,10,2025-11-06 16:26:26.263989,342781.51,6279615.36
PG125,286,SHXB-16,2706,7,11,2025-11-06 16:26:59.775749,349274.349,6282658.139
PG125,F20,SPZY-59,1208,0,4,2025-11-06 16:26:59.775754,349274.349,6282658.139
PG125,F20,SPZX-68,5422,15,19,2025-11-06 16:26:59.775755,349274.349,6282658.139
PG125,205,RWTP-80,3083,8,12,2025-11-06 16:26:59.775756,349274.349,6282658.139
PG125,205,RWTP-85,3135,8,12,2025-11-06 16:26:59.775757,349274.349,6282658.139
PG125,G23,VJKD-85,1141,0,4,2025-11-06 16:26:59.775757,349274.349,6282658.139
PG125,G23,SFWB-10,2867,7,11,2025-11-06 16:26:59.775758,349274.349,6282658.139
PB1488,C18,SHXF-20,2039,4,8,2025-11-06 16:27:33.221313,349704.526,6304067.334
PB1488,C18,SHCW-77,5200,14,18,2025-11-06 16:27:33.221334,349704.526,6304067.334
PG1192,G13,SHCV-46,544,0,2,2025-11-06 16:28:03.061188,345742.464,6286768.334
PG1192,G13,SHXG-76,3262,8,12,2025-11-06 16:28:03.061193,345742.464,6286768.334
PI487,419,PFVK-86,4326,12,16,2025-11-06 16:29:32.685325,334836.335,6287856.669
PI487,419,PFVL-17,4326,12,16,2025-11-06 16:29:32.685331,334836.335,6287856.669
PI487,509,FLXH-83,1124,0,4,2025-11-06 16:29:32.685332,334836.335,6287856.669
PI487,509,FLXV-34,1124,0,4,2025-11-06 16:29:32.685333,334836.335,6287856.669
PI487,I01,FLXL-53,1107,0,3,2025-11-06 16:29:32.685334,334836.335,6287856.669
PI487,I01,FLXF-51,1124,0,4,2025-11-06 16:29:32.685335,334836.335,6287856.669
PI487,506,TBFT-45,1126,3,7,2025-11-06 16:29:32.685336,334836.335,6287856.669
PI487,506,TBFS-55,4757,21,25,2025-11-06 16:29:32.685336,334836.335,6287856.669
PI487,506e,LZPH-33,1124,0,4,2025-11-06 16:29:32.685337,334836.335,6287856.669
PI487,506e,LXWR-77,1124,0,4,2025-11-06 16:29:32.685338,334836.335,6287856.669
PJ930,503,LZPH-14,400,0,3,2025-11-06 16:29:54.301745,336972.122,6297880.51
PJ930,503,VGVB-47,1449,3,7,2025-11-06 16:29:54.301750,336972.122,6297880.51
PJ930,J10,VHZY-51,118,0,3,2025-11-06 16:29:54.301752,336972.122,6297880.51
PJ930,J10,VHZX-11,2365,5,9,2025-11-06 16:29:54.301753,336972.122,6297880.51
PA450,506v,TBFV-34,1316,0,4,2025-11-06 16:31:30.951709,346022.133,6296456.412
PA450,506v,FLXV-91,2257,5,9,2025-11-06 16:31:30.951714,346022.133,6296456.412
PA450,507,FLXV-50,0,0,3,2025-11-06 16:31:30.951715,346022.133,6296456.412
PA450,507,PFXC-79,2731,7,11,2025-11-06 16:31:30.951716,346022.133,6296456.412
PA450,507c,FLXW-33,1658,3,7,2025-11-06 16:31:30.951716,346022.133,6296456.412
PA450,507c,GCBD-49,5330,15,19,2025-11-06 16:31:30.951717,346022.133,6296456.412
PA450,509,FLXV-42,0,0,3,2025-11-06 16:31:30.951718,346022.133,6296456.412
PA450,509,FLXV-36,1942,4,8,2025-11-06 16:31:30.951719,346022.133,6296456.412
PA450,510,TBFR-55,1316,0,4,2025-11-06 16:31:30.951720,346022.133,6296456.412
PA450,510,PFXB-68,5846,16,20,2025-11-06 16:31:30.951720,346022.133,6296456.412
PA450,506,PFWZ-66,1616,3,7,2025-11-06 16:31:30.951721,346022.133,6296456.412
PA450,506,GCBD-89,5340,15,19,2025-11-06 16:31:30.951723,346022.133,6296456.412
PA450,506e,VJJX-68,4497,12,16,2025-11-06 16:31:30.951723,346022.133,6296456.412
PG488,G18,SHCX-16,4780,13,17,2025-11-06 16:31:44.782052,346486.985,6288631.991
PG488,G18,SHXB-33,6398,18,22,2025-11-06 16:31:44.782057,346486.985,6288631.991
PG488,E05,FLXF-49,1788,4,8,2025-11-06 16:31:44.782058,346486.985,6288631.991
PG488,E05,BJFV-85,7706,22,26,2025-11-06 16:31:44.782058,346486.985,6288631.991
PB2073,B36,STHP-12,3345,9,13,2025-11-06 16:32:21.561131,344014.0,6307774.0
PB2073,B36,STHK-10,3731,10,14,2025-11-06 16:32:21.561136,344014.0,6307774.0
PC284,426,BJFC-72,99,0,3,2025-11-06 16:33:20.257413,356223.86,6303900.89
PC284,426,BJFC-53,418,0,3,2025-11-06 16:33:20.257418,356223.86,6303900.89
PC284,C01c,PGLD-69,2837,7,11,2025-11-06 16:33:20.257419,356223.86,6303900.89
PC284,C01c,PGPV-79,4416,12,16,2025-11-06 16:33:20.257419,356223.86,6303900.89
PC284,406c,SKWD-94,3488,9,13,2025-11-06 16:33:20.257420,356223.86,6303900.89
PC284,C01,LCPW-38,3139,8,12,2025-11-06 16:33:20.257421,356223.86,6303900.89
PC284,C01,LDJJ-76,5913,17,21,2025-11-06 16:33:20.257422,356223.86,6303900.89
PC284,C19,SKPJ-51,0,0,3,2025-11-06 16:33:20.257423,356223.86,6303900.89
PC284,C19,SLYB-62,2408,6,10,2025-11-06 16:33:20.257424,356223.86,6303900.89
PC284,C28,SKPJ-85,2863,7,11,2025-11-06 16:33:20.257424,356223.86,6303900.89
PC284,C28,SHCY-23,3936,10,14,2025-11-06 16:33:20.257425,356223.86,6303900.89
PC284,430,SJPD-76,1938,4,8,2025-11-06 16:33:20.257426,356223.86,6303900.89
PC284,430,PGBF-42,6402,18,22,2025-11-06 16:33:20.257427,356223.86,6303900.89
PC284,406,SZZH-69,896,5,9,2025-11-06 16:33:20.257427,356223.86,6303900.89
PC284,406,PFXC-81,1855,11,15,2025-11-06 16:33:20.257428,356223.86,6303900.89
PJ164,J07,VJBB-11,17,0,3,2025-11-06 16:34:01.819789,335372.344,6298152.163
PJ164,J07,VJJR-56,19241,61,60,2025-11-06 16:34:01.819794,335372.344,6298152.163
PJ164,406,TBFR-60,228,0,3,2025-11-06 16:34:01.819795,335372.344,6298152.163
PJ164,406,TBFS-47,301,0,4,2025-11-06 16:34:01.819796,335372.344,6298152.163
PJ164,426,FLXD-48,1784,4,8,2025-11-06 16:34:01.819797,335372.344,6298152.163
PJ164,402,SKPH-70,1839,4,8,2025-11-06 16:34:01.819798,335372.344,6298152.163
PJ164,402,PFVG-79,1839,4,8,2025-11-06 16:34:01.819799,335372.344,6298152.163
PH21,102,SPZX-78,505,0,2,2025-11-06 16:35:10.415460,349409.81,6291221.88
PH21,102,LBTS-97,2828,7,11,2025-11-06 16:35:10.415465,349409.81,6291221.88
PH21,212,LZPG-18,1680,3,7,2025-11-06 16:35:10.415467,349409.81,6291221.88
PH21,212,LZPT-49,2185,5,9,2025-11-06 16:35:10.415468,349409.81,6291221.88
PH21,103,SPBF-31,318,0,3,2025-11-06 16:35:10.415469,349409.81,6291221.88
PH21,103,SPBP-28,4685,13,17,2025-11-06 16:35:10.415470,349409.81,6291221.88
PH21,107,PGTV-29,3972,11,15,2025-11-06 16:35:10.415471,349409.81,6291221.88
PH21,107,PFYC-84,4012,11,15,2025-11-06 16:35:10.415471,349409.81,6291221.88
PH21,H14,FLXP-46,3346,9,13,2025-11-06 16:35:10.415472,349409.81,6291221.88
PH21,H14,FLXR-24,7247,21,25,2025-11-06 16:35:10.415473,349409.81,6291221.88
PH21,E04,VKJX-80,0,0,3,2025-11-06 16:35:10.415474,349409.81,6291221.88
PH21,E04,VKJZ-51,3987,11,15,2025-11-06 16:35:10.415475,349409.81,6291221.88
PH21,108,PFVC-52,729,0,2,2025-11-06 16:35:10.415476,349409.81,6291221.88
PH21,108,PFYR-98,4480,12,16,2025-11-06 16:35:10.415477,349409.81,6291221.88
PG861,G05,SFPG-59,3506,9,13,2025-11-06 16:35:45.195379,347214.472,6282423.164
PG861,G05,SCRZ-28,3793,10,14,2025-11-06 16:35:45.195384,347214.472,6282423.164
PG861,G35,SDSW-76,533,0,2,2025-11-06 16:35:45.195386,347214.472,6282423.164
PG861,G35,SFPF-75,4356,12,16,2025-11-06 16:35:45.195386,347214.472,6282423.164
PI1437,I25,FLXL-88,7611,22,26,2025-11-06 16:36:40.946751,340837.714,6293424.138
PI1437,I25,FLXK-67,7827,23,27,2025-11-06 16:36:40.946757,340837.714,6293424.138
PI1437,I18,VHSY-21,4226,11,15,2025-11-06 16:36:40.946758,340837.714,6293424.138
PI1437,I18,VHTB-59,6961,20,24,2025-11-06 16:36:40.946759,340837.714,6293424.138
PI1675,385,FLXK-77,1937,4,8,2025-11-06 16:37:23.018439,343164.33,6295087.5
PA474,B28,STHF-35,682,0,2,2025-11-06 16:37:45.505447,344318.73,6297893.64
PA474,B28,STHF-45,4577,12,16,2025-11-06 16:37:45.505452,344318.73,6297893.64
PA474,J02,VHXD-57,4492,12,16,2025-11-06 16:37:45.505453,344318.73,6297893.64
PA474,J02,VHXJ-20,6319,18,22,2025-11-06 16:37:45.505454,344318.73,6297893.64
PA474,J05,TBFX-78,1631,3,7,2025-11-06 16:37:45.505455,344318.73,6297893.64
PA474,J05,FLXG-20,2221,5,9,2025-11-06 16:37:45.505455,344318.73,6297893.64
PD1218,D16,SPBF-59,429,0,3,2025-11-06 16:38:27.666887,352362.373,6295721.628
PD1218,D16,PFYC-51,4639,13,17,2025-11-06 16:38:27.666892,352362.373,6295721.628
PE44,118,FLXX-89,2655,6,10,2025-11-06 16:39:35.745714,353684.969,6290623.674
PE44,118,FLXX-90,6300,18,22,2025-11-06 16:39:35.745719,353684.969,6290623.674
PE44,126,FLXT-37,1702,3,7,2025-11-06 16:39:35.745720,353684.969,6290623.674
PE44,126,FLXK-70,5279,15,19,2025-11-06 16:39:35.745721,353684.969,6290623.674
PE44,E17,BJFZ-77,719,0,2,2025-11-06 16:39:35.745722,353684.969,6290623.674
PE44,E17,BJFS-46,576,0,2,2025-11-06 16:39:35.745723,353684.969,6290623.674
PC1116,542,GCBF-12,4049,11,15,2025-11-06 16:39:56.371884,352787.656,6303578.314
PC1116,542,FLXV-45,7320,21,25,2025-11-06 16:39:56.371890,352787.656,6303578.314
PC1116,435,SLGS-92,1701,3,7,2025-11-06 16:39:56.371891,352787.656,6303578.314
PC1116,435,SLPC-24,3752,10,14,2025-11-06 16:39:56.371892,352787.656,6303578.314
PC1116,405c,PGWV-12,2038,4,8,2025-11-06 16:39:56.371893,352787.656,6303578.314
PC1116,405c,PGBY-57,5121,14,18,2025-11-06 16:39:56.371893,352787.656,6303578.314
PC1116,502,GCBC-95,4049,11,15,2025-11-06 16:39:56.371894,352787.656,6303578.314
PC1116,502,GCBD-79,4222,11,15,2025-11-06 16:39:56.371895,352787.656,6303578.314
PC1116,405,PFBD-65,2267,5,9,2025-11-06 16:39:56.371896,352787.656,6303578.314
PC1116,405,PDYR-89,7080,20,24,2025-11-06 16:39:56.371897,352787.656,6303578.314
PE869,E10,FLXD-80,3663,10,14,2025-11-06 16:42:16.382177,351138.685,6288934.175
PI342,424,PFXB-49,755,0,2,2025-11-06 16:42:31.209915,343763.69,6297361.06
PI342,424,TBFT-42,4554,12,16,2025-11-06 16:42:31.209920,343763.69,6297361.06
PI342,106,PFYR-86,2824,7,11,2025-11-06 16:42:31.209921,343763.69,6297361.06
PI342,106,PFVD-28,5370,15,19,2025-11-06 16:42:31.209922,343763.69,6297361.06
PI342,510,GCBD-75,1440,3,7,2025-11-06 16:42:31.209923,343763.69,6297361.06
PI342,510,TBFP-95,3275,8,12,2025-11-06 16:42:31.209924,343763.69,6297361.06
PI342,404,PFYC-17,1853,4,8,2025-11-06 16:42:31.209925,343763.69,6297361.06
PI342,404,PFYC-68,5056,14,18,2025-11-06 16:42:31.209926,343763.69,6297361.06
PI342,J13,GCBC-42,4451,12,16,2025-11-06 16:42:31.209927,343763.69,6297361.06
PI342,J13,TBFT-44,6070,17,21,2025-11-06 16:42:31.209928,343763.69,6297361.06
PI342,423,PFVD-56,2357,5,9,2025-11-06 16:42:31.209929,343763.69,6297361.06
PI342,423,PFVD-61,5656,16,20,2025-11-06 16:42:31.209930,343763.69,6297361.06
PI342,481,PGPS-92,1256,0,4,2025-11-06 16:42:31.209931,343763.69,6297361.06
PI342,481,PGPT-56,6043,17,21,2025-11-06 16:42:31.209932,343763.69,6297361.06
PI342,I16,FLXK-99,1252,0,4,2025-11-06 16:42:31.209933,343763.69,6297361.06
PI342,I16,FLXL-86,5400,15,19,2025-11-06 16:42:31.209934,343763.69,6297361.06
PI342,419,PFBG-13,1166,0,4,2025-11-06 16:42:31.209935,343763.69,6297361.06
PI342,419,PFVL-17,6546,19,23,2025-11-06 16:42:31.209935,343763.69,6297361.06
PH330,119,CJRX-41,2172,5,9,2025-11-06 16:43:06.446730,344402.124,6293027.877
PH330,119,BJFW-96,3941,10,14,2025-11-06 16:43:06.446735,344402.124,6293027.877
PH330,H12,FLXD-99,3443,9,13,2025-11-06 16:43:06.446737,344402.124,6293027.877
PH330,H12,CJRW-57,8881,28,60,2025-11-06 16:43:06.446737,344402.124,6293027.877
PH330,345,FLXD-77,3706,10,14,2025-11-06 16:43:06.446738,344402.124,6293027.877
PH330,345,FLXJ-29,4859,13,17,2025-11-06 16:43:06.446739,344402.124,6293027.877
PG885,G35,SFPF-89,2633,6,10,2025-11-06 16:43:48.805276,345610.298,6283464.203
PG885,G35,SFPF-83,5749,16,20,2025-11-06 16:43:48.805282,345610.298,6283464.203
PG885,G24,FLXL-97,1438,3,7,2025-11-06 16:43:48.805284,345610.298,6283464.203
PG885,G07,THTD-75,3147,8,12,2025-11-06 16:43:48.805285,345610.298,6283464.203
PG885,G07,THTD-84,6873,20,24,2025-11-06 16:43:48.805286,345610.298,6283464.203
PG147,F20,SPZX-85,3853,10,14,2025-11-06 16:45:43.480842,346704.553,6283752.594
PG147,F20,SPZY-31,6856,20,24,2025-11-06 16:45:43.480848,346704.553,6283752.594
PI1377,I01,FLXL-44,2152,5,9,2025-11-06 16:46:04.759775,340744.99,6292980.599
PI1377,I18,VHSX-69,574,0,2,2025-11-06 16:46:04.759782,340744.99,6292980.599
PI1377,I18,VHTB-37,1013,0,3,2025-11-06 16:46:04.759783,340744.99,6292980.599
PD866,D05,SPBF-69,1001,0,3,2025-11-06 16:47:31.215510,354544.898,6294868.15
PD866,D05,SPBS-64,1514,3,7,2025-11-06 16:47:31.215514,354544.898,6294868.15
PD281,D10,SVDC-55,2848,7,11,2025-11-06 16:48:03.933538,353460.833,6295066.138
PD281,D10,SVDF-54,6693,19,23,2025-11-06 16:48:03.933543,353460.833,6295066.138
PD281,712,SHCW-63,1388,0,4,2025-11-06 16:48:03.933544,353460.833,6295066.138
PD281,712,SHXD-92,2211,5,9,2025-11-06 16:48:03.933544,353460.833,6295066.138
PD281,D07,SVDF-81,2756,7,11,2025-11-06 16:48:03.933545,353460.833,6295066.138
PD281,D07,STRJ-56,3560,9,13,2025-11-06 16:48:03.933546,353460.833,6295066.138
PG2039,G37,THTG-55,2284,5,9,2025-11-06 16:49:45.164547,338210.0,6272016.0
PJ808,J07,VJBB-31,9264,29,60,2025-11-06 16:50:14.956099,326237.228,6302721.753
PJ808,J07,VHZZ-81,19465,61,60,2025-11-06 16:50:14.956104,326237.228,6302721.753
PE1511,D17,PFYC-71,504,0,2,2025-11-06 16:51:15.725603,357199.18,6290786.7
PE1511,D17,PFYC-23,5073,14,18,2025-11-06 16:51:15.725609,357199.18,6290786.7
PF948,F07,SPRW-68,2248,5,9,2025-11-06 16:51:37.320820,351346.298,6281966.204
PF948,F07,SPRV-93,7164,21,25,2025-11-06 16:51:37.320826,351346.298,6281966.204
PF948,F16,SPRW-91,1993,4,8,2025-11-06 16:51:37.320827,351346.298,6281966.204
PF948,F16,SPRZ-22,2533,6,10,2025-11-06 16:51:37.320828,351346.298,6281966.204
PF948,F27,SPRY-86,489,0,2,2025-11-06 16:51:37.320829,351346.298,6281966.204
PF948,F27,SPRY-44,2974,7,11,2025-11-06 16:51:37.320830,351346.298,6281966.204
PG490,E05,BJFV-85,907,0,3,2025-11-06 16:51:50.881144,346355.957,6288155.993
PG490,E05,CJRC-56,4136,11,15,2025-11-06 16:51:50.881150,346355.957,6288155.993
PD415,D02,SVDC-28,3688,10,14,2025-11-06 16:52:22.515600,355588.427,6297557.842
PD415,D02,SVDF-79,5442,15,19,2025-11-06 16:52:22.515605,355588.427,6297557.842
PD415,227,VFPS-47,1370,0,4,2025-11-06 16:52:22.515606,355588.427,6297557.842
PD415,227,VFHK-89,1476,3,7,2025-11-06 16:52:22.515607,355588.427,6297557.842
PD415,422,GCBC-46,3211,8,12,2025-11-06 16:52:22.515608,355588.427,6297557.842
PD415,422,GCBD-77,4630,13,17,2025-11-06 16:52:22.515608,355588.427,6297557.842
PD415,D15,SVDC-88,2286,5,9,2025-11-06 16:52:22.515609,355588.427,6297557.842
PD415,D15,STVY-74,2286,5,9,2025-11-06 16:52:22.515610,355588.427,6297557.842
PD415,403,PFVG-98,1558,3,7,2025-11-06 16:52:22.515611,355588.427,6297557.842
PD415,403,PFTW-40,2540,6,10,2025-11-06 16:52:22.515620,355588.427,6297557.842
PD415,D01,SVDC-57,487,0,2,2025-11-06 16:52:22.515621,355588.427,6297557.842
PD415,D01,SVDC-93,1452,3,7,2025-11-06 16:52:22.515621,355588.427,6297557.842
PD91,104,SKWD-75,872,0,3,2025-11-06 16:52:38.939908,351417.65,6293732.2
PD91,104,SKWD-23,1514,3,7,2025-11-06 16:52:38.939913,351417.65,6293732.2
PD91,212,LZPG-18,2348,5,9,2025-11-06 16:52:38.939914,351417.65,6293732.2
PD91,212,LZPT-49,2620,6,10,2025-11-06 16:52:38.939915,351417.65,6293732.2
PD91,224,VFPL-92,2182,5,9,2025-11-06 16:52:38.939916,351417.65,6293732.2
PD91,224,VFPL-21,3093,8,12,2025-11-06 16:52:38.939917,351417.65,6293732.2
PD91,126,FLXT-41,3537,9,13,2025-11-06 16:52:38.939918,351417.65,6293732.2
PD91,126,BJFV-84,6068,17,21,2025-11-06 16:52:38.939919,351417.65,6293732.2
PD91,106,PFVD-64,3938,10,14,2025-11-06 16:52:38.939920,351417.65,6293732.2
PH115,301,BJFX-15,0,0,3,2025-11-06 16:53:43.377284,346480.689,6292625.183
PH115,301,BJFZ-65,1005,0,3,2025-11-06 16:53:43.377290,346480.689,6292625.183
PH115,214,GCBB-38,820,0,3,2025-11-06 16:53:43.377291,346480.689,6292625.183
PH115,214,GCBB-36,1940,4,8,2025-11-06 16:53:43.377292,346480.689,6292625.183
PH115,226,VFPW-23,810,0,3,2025-11-06 16:53:43.377294,346480.689,6292625.183
PH115,226,VFPS-74,1778,4,8,2025-11-06 16:53:43.377295,346480.689,6292625.183
PH115,229,VJZB-57,835,0,3,2025-11-06 16:53:43.377296,346480.689,6292625.183
PH115,229,SFWB-96,2004,4,8,2025-11-06 16:53:43.377297,346480.689,6292625.183
PH115,271,TBYY-68,1169,0,4,2025-11-06 16:53:43.377298,346480.689,6292625.183
PH115,271,TBYY-69,1169,0,4,2025-11-06 16:53:43.377299,346480.689,6292625.183
PH115,223,SHCX-14,2127,5,9,2025-11-06 16:53:43.377300,346480.689,6292625.183
PH115,223,SHXB-19,2875,7,11,2025-11-06 16:53:43.377301,346480.689,6292625.183
PH115,201,GCBB-58,867,0,3,2025-11-06 16:53:43.377302,346480.689,6292625.183
PH115,201,GCBB-18,832,0,3,2025-11-06 16:53:43.377303,346480.689,6292625.183
PE62,118,FLXV-35,2575,6,10,2025-11-06 16:56:35.806590,353360.537,6290953.694
PE62,126,BJFV-84,892,0,3,2025-11-06 16:56:35.806596,353360.537,6290953.694
PE62,126,CJRB-44,3063,8,12,2025-11-06 16:56:35.806597,353360.537,6290953.694
PE62,E17,BJFT-57,2300,5,9,2025-11-06 16:56:35.806598,353360.537,6290953.694
PE289,E01,VKJY-65,1796,4,8,2025-11-06 16:58:56.132484,349726.128,6288187.07
PE289,E01,VKJX-62,4986,14,18,2025-11-06 16:58:56.132488,349726.128,6288187.07
PA495,511,FLXW-48,287,0,3,2025-11-06 17:00:09.899274,347097.308,6295173.706
PA495,511,TBFT-61,1210,0,4,2025-11-06 17:00:09.899279,347097.308,6295173.706
PA495,D05,SPBF-88,490,0,2,2025-11-06 17:00:09.899280,347097.308,6295173.706
PA495,D05,PFYC-42,667,0,2,2025-11-06 17:00:09.899281,347097.308,6295173.706
PA495,H07,BJFV-28,1554,3,7,2025-11-06 17:00:09.899282,347097.308,6295173.706
PA495,H07,CJRX-69,4891,13,17,2025-11-06 17:00:09.899282,347097.308,6295173.706
PA495,H13,CJRY-66,151,0,3,2025-11-06 17:00:09.899283,347097.308,6295173.706
PA495,H13,CJRW-53,3138,8,12,2025-11-06 17:00:09.899284,347097.308,6295173.706
PA199,227,VFPB-75,2585,6,10,2025-11-06 17:00:31.574283,348132.439,6297235.964
PA199,227,VFPL-74,3554,9,13,2025-11-06 17:00:31.574288,348132.439,6297235.964
PA199,H13,CJRX-71,1084,0,3,2025-11-06 17:00:31.574289,348132.439,6297235.964
PA199,H13,BJFX-13,1163,0,4,2025-11-06 17:00:31.574290,348132.439,6297235.964
PJ785,J06,FLXZ-87,4258,11,15,2025-11-06 17:00:49.772156,339124.684,6298674.914
PC159,401,PFTV-86,1417,0,4,2025-11-06 17:01:33.069967,352412.88,6301579.83
PC159,401,PFTF-85,2249,5,9,2025-11-06 17:01:33.069972,352412.88,6301579.83
PC159,421,PDYR-98,1831,4,8,2025-11-06 17:01:33.069973,352412.88,6301579.83
PC159,421,PFYH-21,4137,11,15,2025-11-06 17:01:33.069973,352412.88,6301579.83
PC159,430,PGBY-92,537,0,2,2025-11-06 17:01:33.069974,352412.88,6301579.83
PC159,430,SJPD-85,986,0,3,2025-11-06 17:01:33.069975,352412.88,6301579.83
PC159,406,GCBC-79,986,0,4,2025-11-06 17:01:33.069976,352412.88,6301579.83
PC159,406,PFXB-25,1417,4,8,2025-11-06 17:01:33.069977,352412.88,6301579.83
PC159,407,PFXB-43,669,0,2,2025-11-06 17:01:33.069977,352412.88,6301579.83
PC159,407,TBFT-19,1417,0,4,2025-11-06 17:01:33.069978,352412.88,6301579.83
PC159,426,BJFD-59,0,0,3,2025-11-06 17:01:33.069979,352412.88,6301579.83
PC159,426,FLXH-87,255,0,3,2025-11-06 17:01:33.069980,352412.88,6301579.83
PA688,422,GCBD-35,321,0,3,2025-11-06 17:01:57.890598,347966.397,6297952.248
PA688,422,TBFX-18,2248,5,9,2025-11-06 17:01:57.890604,347966.397,6297952.248
PA688,H13,BJFX-13,229,0,3,2025-11-06 17:01:57.890605,347966.397,6297952.248
PA688,H13,CJRX-71,193,0,3,2025-11-06 17:01:57.890606,347966.397,6297952.248
PD327,403,SJPD-44,1920,4,8,2025-11-06 17:02:51.207145,348450.697,6297424.747
PD327,403,SKPK-27,4126,11,15,2025-11-06 17:02:51.207150,348450.697,6297424.747
PD327,513,VJBC-20,2955,7,11,2025-11-06 17:02:51.207151,348450.697,6297424.747
PD327,513,VJBC-40,2955,7,11,2025-11-06 17:02:51.207152,348450.697,6297424.747
PD327,D03,SVDF-61,619,0,2,2025-11-06 17:02:51.207153,348450.697,6297424.747
PD327,D03,SVDF-59,6014,17,21,2025-11-06 17:02:51.207153,348450.697,6297424.747
PD327,227,VFPB-75,1615,3,7,2025-11-06 17:02:51.207154,348450.697,6297424.747
PD327,227,VFPL-74,2902,7,11,2025-11-06 17:02:51.207155,348450.697,6297424.747
PD327,422,TBFS-35,4648,13,17,2025-11-06 17:02:51.207156,348450.697,6297424.747
PD327,422,GCBD-67,6148,17,21,2025-11-06 17:02:51.207157,348450.697,6297424.747
PD992,505,VJBB-51,259,0,3,2025-11-06 17:03:11.316929,357520.935,6295168.183
PD992,505,VHZZ-30,2847,7,11,2025-11-06 17:03:11.316934,357520.935,6295168.183
PD992,D03,SVDC-49,1403,0,4,2025-11-06 17:03:11.316935,357520.935,6295168.183
PD992,D07,SVDC-61,708,0,2,2025-11-06 17:03:11.316936,357520.935,6295168.183
PD992,D07,SPCK-65,1535,3,7,2025-11-06 17:03:11.316937,357520.935,6295168.183
PD992,D10,SVDF-63,1101,0,3,2025-11-06 17:03:11.316938,357520.935,6295168.183
PD992,D10,SVDC-58,1371,0,4,2025-11-06 17:03:11.316939,357520.935,6295168.183
PH149,203,LZPT-66,0,0,3,2025-11-06 17:03:38.804449,347988.669,6290114.345
PH149,203,LZPW-18,2269,5,9,2025-11-06 17:03:38.804454,347988.669,6290114.345
PH149,203e,SFWZ-34,90,0,3,2025-11-06 17:03:38.804455,347988.669,6290114.345
PH149,203e,SFWZ-29,867,0,3,2025-11-06 17:03:38.804456,347988.669,6290114.345
PH149,206,FLXW-70,1656,3,7,2025-11-06 17:03:38.804457,347988.669,6290114.345
PH149,206,FLXZ-76,1683,3,7,2025-11-06 17:03:38.804458,347988.669,6290114.345
PH149,206c,SFWB-16,1122,0,4,2025-11-06 17:03:38.804459,347988.669,6290114.345
PH149,206c,LZPG-13,2243,5,9,2025-11-06 17:03:38.804459,347988.669,6290114.345
PH149,212,LZPR-86,1739,3,7,2025-11-06 17:03:38.804460,347988.669,6290114.345
PH149,212,LZPV-99,1533,3,7,2025-11-06 17:03:38.804461,347988.669,6290114.345
PH779,E04,VKJZ-62,2011,4,8,2025-11-06 17:03:55.729293,348690.442,6291346.67
PH779,E04,VKJX-59,5670,16,20,2025-11-06 17:03:55.729299,348690.442,6291346.67
PE141,213e,LCTG-36,1923,4,8,2025-11-06 17:04:15.901037,352835.642,6285518.646
PE141,213e,SRVL-15,3611,9,13,2025-11-06 17:04:15.901043,352835.642,6285518.646
PE141,210,RWTP-92,1546,3,7,2025-11-06 17:04:15.901044,352835.642,6285518.646
PE141,210,RWTR-10,2319,5,9,2025-11-06 17:04:15.901044,352835.642,6285518.646
PE141,210v,VFRG-25,1620,3,7,2025-11-06 17:04:15.901045,352835.642,6285518.646
PE141,210v,VFPZ-55,3894,10,14,2025-11-06 17:04:15.901046,352835.642,6285518.646
PG179,207,SDGY-37,989,0,3,2025-11-06 17:04:57.565353,349018.28,6281012.666
PG179,207,SVPW-57,2530,6,10,2025-11-06 17:04:57.565358,349018.28,6281012.666
PG179,209,SDGY-10,2171,5,9,2025-11-06 17:04:57.565359,349018.28,6281012.666
PG179,209,RYJG-99,4645,13,17,2025-11-06 17:04:57.565360,349018.28,6281012.666
PG624,F06,SPZX-62,155,0,3,2025-11-06 17:05:37.965578,346373.237,6283418.658
PG624,F06,SPZY-57,589,0,2,2025-11-06 17:05:37.965583,346373.237,6283418.658
PG624,206,FLXY-66,337,0,3,2025-11-06 17:05:37.965585,346373.237,6283418.658
PG624,206,FLXY-61,2188,5,9,2025-11-06 17:05:37.965585,346373.237,6283418.658
PG624,206c,LZPG-27,1742,4,8,2025-11-06 17:05:37.965586,346373.237,6283418.658
PG624,206c,LZPR-92,4334,12,16,2025-11-06 17:05:37.965587,346373.237,6283418.658
PG624,G28,BJFX-32,3439,9,13,2025-11-06 17:05:37.965588,346373.237,6283418.658
PG624,G28,BJFR-72,5583,16,20,2025-11-06 17:05:37.965589,346373.237,6283418.658
PC912,C10e,LDTG-61,387,0,3,2025-11-06 17:07:52.440233,356328.841,6310563.373
PC912,C10e,SPCG-89,2058,4,8,2025-11-06 17:07:52.440239,356328.841,6310563.373
PC912,C14,SKPP-14,1053,0,3,2025-11-06 17:07:52.440240,356328.841,6310563.373
PC912,C14,SKPL-35,2546,6,10,2025-11-06 17:07:52.440241,356328.841,6310563.373
PC912,C28,SKPJ-85,3936,10,14,2025-11-06 17:07:52.440242,356328.841,6310563.373
PC912,C28,SHCY-23,4323,12,16,2025-11-06 17:07:52.440242,356328.841,6310563.373
PG170,206,FLXW-91,1866,4,8,2025-11-06 17:08:34.254964,348381.846,6283565.239
PG170,206,FLXW-99,3673,10,14,2025-11-06 17:08:34.254969,348381.846,6283565.239
PG170,206c,LZPS-20,2950,7,11,2025-11-06 17:08:34.254970,348381.846,6283565.239
PG170,206c,LZPT-69,3430,9,13,2025-11-06 17:08:34.254971,348381.846,6283565.239
PA159,B24,TXZH-33,896,0,3,2025-11-06 17:08:54.501123,346886.001,6299018.001
PA159,B24,STHD-72,4771,13,17,2025-11-06 17:08:54.501128,346886.001,6299018.001
PA159,402,SKPK-45,0,0,3,2025-11-06 17:08:54.501130,346886.001,6299018.001
PA159,402,SKPH-70,3973,11,15,2025-11-06 17:08:54.501131,346886.001,6299018.001
PA159,404,PFYC-68,2200,5,9,2025-11-06 17:08:54.501132,346886.001,6299018.001
PA159,404,PFYC-37,2949,7,11,2025-11-06 17:08:54.501133,346886.001,6299018.001
PA159,203e,VJKG-75,4240,11,15,2025-11-06 17:08:54.501134,346886.001,6299018.001
PA159,203e,VJKT-83,6360,18,22,2025-11-06 17:08:54.501134,346886.001,6299018.001
PA159,206,FLXZ-58,546,0,2,2025-11-06 17:08:54.501136,346886.001,6299018.001
PA159,206,FLXY-39,6428,18,22,2025-11-06 17:08:54.501137,346886.001,6299018.001
PA159,226,VFPS-99,2665,6,10,2025-11-06 17:08:54.501138,346886.001,6299018.001
PA159,226,VGKY-72,5256,15,19,2025-11-06 17:08:54.501138,346886.001,6299018.001
PH1458,H14,FLXP-46,4791,13,17,2025-11-06 17:09:36.561470,347209.298,6290963.494
PF504,712,SJPF-90,4148,11,15,2025-11-06 17:10:00.213364,355944.234,6279559.759
PF504,712,SJPC-40,4835,13,17,2025-11-06 17:10:00.213369,355944.234,6279559.759
PF504,F29,SPVV-62,3282,8,12,2025-11-06 17:10:00.213370,355944.234,6279559.759
PD58,224,VFRD-75,407,0,3,2025-11-06 17:11:09.477426,351482.103,6296687.297
PD58,224,VFPZ-98,744,0,2,2025-11-06 17:11:09.477431,351482.103,6296687.297
PD58,325,VFKT-28,1673,3,7,2025-11-06 17:11:09.477432,351482.103,6296687.297
PD58,104,SKWD-64,1105,0,3,2025-11-06 17:11:09.477433,351482.103,6296687.297
PD58,104,SKWD-81,1978,4,8,2025-11-06 17:11:09.477433,351482.103,6296687.297
PD58,212,LZPG-12,870,0,3,2025-11-06 17:11:09.477434,351482.103,6296687.297
PD58,212,LZPG-17,1956,4,8,2025-11-06 17:11:09.477435,351482.103,6296687.297
PA244,302,BJFX-63,1513,3,7,2025-11-06 17:11:39.799264,345742.928,6298877.548
PA244,302,BJFS-42,2558,6,10,2025-11-06 17:11:39.799269,345742.928,6298877.548
PH1453,102,LBTT-10,4713,13,17,2025-11-06 17:12:10.144285,344927.997,6292123.507
PH1453,102,LBTT-25,5722,16,20,2025-11-06 17:12:10.144290,344927.997,6292123.507
PH1453,107,PGBZ-16,252,0,3,2025-11-06 17:12:10.144291,344927.997,6292123.507
PH1453,107,PFYC-48,2888,7,11,2025-11-06 17:12:10.144292,344927.997,6292123.507
PH1453,108,PFTW-66,2705,7,11,2025-11-06 17:12:10.144293,344927.997,6292123.507
PH1453,108,PFYS-94,4051,11,15,2025-11-06 17:12:10.144294,344927.997,6292123.507
PG2002,G32,THTF-42,2422,6,10,2025-11-06 17:12:28.472598,343368.0,6277738.0
PG2002,G32,THTF-56,7040,20,24,2025-11-06 17:12:28.472603,343368.0,6277738.0
PE1287,108,PFYS-32,0,0,3,2025-11-06 17:13:08.305278,353336.956,6289847.88
PE1287,712,SJPC-42,1066,0,3,2025-11-06 17:13:08.305283,353336.956,6289847.88
PE1287,712,SHCW-81,6519,19,23,2025-11-06 17:13:08.305284,353336.956,6289847.88
PE1287,124,SRVF-96,3626,9,13,2025-11-06 17:13:08.305285,353336.956,6289847.88
PE1287,124,TXZH-43,4198,11,15,2025-11-06 17:13:08.305286,353336.956,6289847.88
PE1287,102,LBTT-13,229,0,3,2025-11-06 17:13:08.305286,353336.956,6289847.88
PE1287,102,SPZX-72,7510,22,26,2025-11-06 17:13:08.305287,353336.956,6289847.88
PE1287,104,SKWD-59,2196,5,9,2025-11-06 17:13:08.305288,353336.956,6289847.88
PE1287,104,SKWD-67,5085,14,18,2025-11-06 17:13:08.305289,353336.956,6289847.88
PE1287,114,LDSV-91,5469,15,19,2025-11-06 17:13:08.305290,353336.956,6289847.88
PE1287,E06,FLXT-33,1245,0,4,2025-11-06 17:13:08.305291,353336.956,6289847.88
PA109,B02,FLXR-75,2201,5,9,2025-11-06 17:13:23.706216,346992.03,6298380.44
PA109,B02,FLXR-78,2791,7,11,2025-11-06 17:13:23.706221,346992.03,6298380.44
PA109,203,LZPT-48,2485,6,10,2025-11-06 17:13:23.706222,346992.03,6298380.44
PA109,203,LZRB-82,3771,10,14,2025-11-06 17:13:23.706223,346992.03,6298380.44
PA109,203e,VJKT-83,4477,12,16,2025-11-06 17:13:23.706223,346992.03,6298380.44
PA109,203e,VJKV-14,6820,20,24,2025-11-06 17:13:23.706224,346992.03,6298380.44
PA109,208,GCBF-49,10,0,3,2025-11-06 17:13:23.706225,346992.03,6298380.44
PA109,208,LZPT-62,468,0,3,2025-11-06 17:13:23.706226,346992.03,6298380.44
PA109,116,LDJJ-68,102,0,3,2025-11-06 17:13:23.706227,346992.03,6298380.44
PA109,116,HRKS-55,0,0,3,2025-11-06 17:13:23.706227,346992.03,6298380.44
PD839,D05,PFZK-89,780,0,2,2025-11-06 17:14:15.467936,350031.577,6295163.399
PD839,D05,SPBL-65,2483,6,10,2025-11-06 17:14:15.467941,350031.577,6295163.399
PD703,514,GCBD-95,501,0,2,2025-11-06 17:16:07.551795,352976.769,6295455.726
PD703,514,FLXX-54,4564,12,16,2025-11-06 17:16:07.551800,352976.769,6295455.726
PA628,511,TBFT-84,285,0,3,2025-11-06 17:16:35.152865,346704.2,6295115.561
PA628,511,TBFW-74,4951,14,18,2025-11-06 17:16:35.152870,346704.2,6295115.561
PF703,114,LDSV-97,3673,10,14,2025-11-06 17:16:56.666428,356600.502,6282763.625
PF703,114,LDSV-96,8412,27,60,2025-11-06 17:16:56.666433,356600.502,6282763.625
PF703,F24,SPRV-91,3602,9,13,2025-11-06 17:16:56.666434,356600.502,6282763.625
PF703,F24,SPVW-87,6396,18,22,2025-11-06 17:16:56.666435,356600.502,6282763.625
PF703,102,SPZX-78,1797,4,8,2025-11-06 17:16:56.666435,356600.502,6282763.625
PF703,102,LBTS-97,5356,15,19,2025-11-06 17:16:56.666436,356600.502,6282763.625
PF703,104,SKVD-68,1542,3,7,2025-11-06 17:16:56.666437,356600.502,6282763.625
PF703,104,SKWD-56,2835,7,11,2025-11-06 17:16:56.666438,356600.502,6282763.625
PI344,481,PGPS-92,4590,12,16,2025-11-06 17:18:55.659653,343687.24,6297385.97
PI344,210,LZRD-64,1934,4,8,2025-11-06 17:18:55.659658,343687.24,6297385.97
PI344,210,LZRD-79,1803,4,8,2025-11-06 17:18:55.659659,343687.24,6297385.97
PI344,210v,VGBW-58,1350,0,4,2025-11-06 17:18:55.659660,343687.24,6297385.97
PI344,210v,VFPZ-78,3510,9,13,2025-11-06 17:18:55.659661,343687.24,6297385.97
PI344,313e,FLXD-66,1428,3,7,2025-11-06 17:18:55.659662,343687.24,6297385.97
PI344,I09,FLXZ-48,1272,0,4,2025-11-06 17:18:55.659663,343687.24,6297385.97
PI344,I09,VHTB-43,1109,0,4,2025-11-06 17:18:55.659664,343687.24,6297385.97
PI344,I14,BJFT-10,1814,4,8,2025-11-06 17:18:55.659665,343687.24,6297385.97
PI344,404,PFYC-69,1984,4,8,2025-11-06 17:18:55.659674,343687.24,6297385.97
PI344,404,PFYC-17,4048,11,15,2025-11-06 17:18:55.659675,343687.24,6297385.97
PC1078,C14,SKPH-80,500,0,2,2025-11-06 17:19:43.815395,354780.52,6305956.171
PC1078,C14,SKPP-15,2495,6,10,2025-11-06 17:19:43.815400,354780.52,6305956.171
PE314,E04,VKJZ-51,2046,4,8,2025-11-06 17:20:15.842683,354830.484,6285528.547
PE314,E04,VKJZ-50,4691,13,17,2025-11-06 17:20:15.842688,354830.484,6285528.547
PE314,E11,VKJY-54,2039,4,8,2025-11-06 17:20:15.842689,354830.484,6285528.547
PE314,E14,VKJZ-71,1008,0,3,2025-11-06 17:20:15.842690,354830.484,6285528.547
PE314,E01,VKJX-84,3599,9,13,2025-11-06 17:20:15.842691,354830.484,6285528.547
PE314,E01,VKJX-78,6209,18,22,2025-11-06 17:20:15.842692,354830.484,6285528.547
PI1823,I25,FLXK-90,1784,4,8,2025-11-06 17:20:47.893139,340492.83,6294198.65
PI1823,I25,FLXL-76,2336,5,9,2025-11-06 17:20:47.893144,340492.83,6294198.65
PB850,B04,SHXF-43,4259,11,15,2025-11-06 17:22:52.937291,343909.155,6303337.299
PB850,B26,HVFH-32,1331,0,4,2025-11-06 17:22:52.937297,343909.155,6303337.299
PB850,B26,FLXS-44,3338,9,13,2025-11-06 17:22:52.937298,343909.155,6303337.299
PB850,214,GCBB-43,357,0,3,2025-11-06 17:22:52.937299,343909.155,6303337.299
PB850,214,GCBB-71,2777,7,11,2025-11-06 17:22:52.937300,343909.155,6303337.299
PD916,325,VFJP-21,1156,0,4,2025-11-06 17:23:28.961950,351859.88,6295931.981
PD916,325,VFKT-48,3972,11,15,2025-11-06 17:23:28.961955,351859.88,6295931.981
PI1077,I10,FLXG-55,1675,3,7,2025-11-06 17:23:48.486659,343096.222,6297468.901
PI1077,385,FLXK-91,867,0,3,2025-11-06 17:23:48.486664,343096.222,6297468.901
PI1077,385,FLXG-13,5093,14,18,2025-11-06 17:23:48.486665,343096.222,6297468.901
PI1077,I16,FLXL-80,959,0,3,2025-11-06 17:23:48.486666,343096.222,6297468.901
PI1077,I17,FLXL-78,1017,0,3,2025-11-06 17:23:48.486667,343096.222,6297468.901
PI1077,I17,FLXK-74,1886,4,8,2025-11-06 17:23:48.486668,343096.222,6297468.901
PI1178,385,FLXL-75,693,0,2,2025-11-06 17:24:07.499746,343412.754,6297231.686
PI1178,385,FLXL-84,2837,7,11,2025-11-06 17:24:07.499751,343412.754,6297231.686
PI1178,I16,FLXL-80,253,0,3,2025-11-06 17:24:07.499752,343412.754,6297231.686
PI1178,I17,FLXK-52,790,0,2,2025-11-06 17:24:07.499753,343412.754,6297231.686
PI1178,I17,FLXF-96,2674,6,10,2025-11-06 17:24:07.499754,343412.754,6297231.686
PD976,D07,SVDF-52,1734,3,7,2025-11-06 17:24:19.967496,354491.328,6294617.684
PD976,D07,SVDD-95,1755,4,8,2025-11-06 17:24:19.967500,354491.328,6294617.684
PD976,D10,SVDF-69,1614,3,7,2025-11-06 17:24:19.967502,354491.328,6294617.684
PD976,D10,SVDF-63,3586,9,13,2025-11-06 17:24:19.967502,354491.328,6294617.684
PD342,514c,FLXS-91,1586,3,7,2025-11-06 17:26:07.530042,353071.468,6297185.6
PD342,514c,FLXS-96,3572,9,13,2025-11-06 17:26:07.530047,353071.468,6297185.6
PD342,D03,SVDC-83,222,0,3,2025-11-06 17:26:07.530048,353071.468,6297185.6
PD342,D03,SVDC-25,5048,14,18,2025-11-06 17:26:07.530049,353071.468,6297185.6
PD342,227,VFPL-81,1143,0,4,2025-11-06 17:26:07.530050,353071.468,6297185.6
PD342,227,VFPH-66,2857,7,11,2025-11-06 17:26:07.530051,353071.468,6297185.6
PD342,422,GCBD-35,963,0,3,2025-11-06 17:26:07.530052,353071.468,6297185.6
PD342,422,TBFX-18,2890,7,11,2025-11-06 17:26:07.530052,353071.468,6297185.6
PD342,505,VJBC-21,1630,3,7,2025-11-06 17:26:07.530053,353071.468,6297185.6
PD342,505,VJJV-33,1661,3,7,2025-11-06 17:26:07.530054,353071.468,6297185.6
PD342,403,PFVG-83,1255,0,4,2025-11-06 17:26:07.530055,353071.468,6297185.6
PD342,403,SKPJ-90,2154,5,9,2025-11-06 17:26:07.530056,353071.468,6297185.6
PD342,513,VHZY-30,222,0,3,2025-11-06 17:26:07.530056,353071.468,6297185.6
PD342,513,SRTK-46,1661,3,7,2025-11-06 17:26:07.530057,353071.468,6297185.6
PD342,514,FLXD-41,108,0,3,2025-11-06 17:26:07.530058,353071.468,6297185.6
PD342,514,FLXK-38,1255,0,4,2025-11-06 17:26:07.530059,353071.468,6297185.6
PJ552,J01,FLXD-36,723,0,2,2025-11-06 17:26:50.119926,338386.634,6296561.119
PJ552,J01,FLXD-31,3768,10,14,2025-11-06 17:26:50.119931,338386.634,6296561.119
PJ552,516,PFXB-79,1383,0,4,2025-11-06 17:26:50.119932,338386.634,6296561.119
PJ552,516,FLXV-54,2150,5,9,2025-11-06 17:26:50.119933,338386.634,6296561.119
PJ552,J19,VHLP-58,4560,12,16,2025-11-06 17:26:50.119934,338386.634,6296561.119
PJ552,J19,VGVG-61,4869,13,17,2025-11-06 17:26:50.119936,338386.634,6296561.119
PB1719,B45,VHSX-79,1296,0,4,2025-11-06 17:27:31.679091,337452.558,6307545.285
PB1719,B45,TWPC-75,1737,3,7,2025-11-06 17:27:31.679096,337452.558,6307545.285
PC1153,D18,SVDC-75,1153,0,4,2025-11-06 17:27:56.729764,350255.25,6298071.813
PC1153,D18,SVDD-35,1982,4,8,2025-11-06 17:27:56.729769,350255.25,6298071.813
PI172,109,PFXC-72,331,0,3,2025-11-06 17:29:00.653998,343999.684,6296312.596
PI172,109,FLXS-70,1534,3,7,2025-11-06 17:29:00.654004,343999.684,6296312.596
PH723,H12,BJFS-91,7884,23,27,2025-11-06 17:31:25.172793,343886.961,6292288.942
PH723,H12,BJFZ-36,7890,23,27,2025-11-06 17:31:25.172798,343886.961,6292288.942
PH723,H24,VGRC-53,3559,9,13,2025-11-06 17:31:25.172799,343886.961,6292288.942
PH723,H24,VGRC-83,3426,9,13,2025-11-06 17:31:25.172800,343886.961,6292288.942
PJ146,422,GCBC-53,1263,0,4,2025-11-06 17:32:13.462235,340794.716,6298314.586
PJ146,422,TBFX-76,1455,3,7,2025-11-06 17:32:13.462241,340794.716,6298314.586
PJ146,402,SKPK-45,5011,14,18,2025-11-06 17:32:13.462242,340794.716,6298314.586
PJ146,402,SKPH-70,7597,22,26,2025-11-06 17:32:13.462243,340794.716,6298314.586
PJ146,J13,GCBC-42,559,0,2,2025-11-06 17:32:13.462244,340794.716,6298314.586
PJ146,J13,TBFT-44,982,0,3,2025-11-06 17:32:13.462244,340794.716,6298314.586
PJ146,406,TBFX-33,1455,3,7,2025-11-06 17:32:13.462245,340794.716,6298314.586
PJ146,406,TBFT-62,1800,4,8,2025-11-06 17:32:13.462246,340794.716,6298314.586
PJ146,407,PFXC-74,1570,3,7,2025-11-06 17:32:13.462247,340794.716,6298314.586
PJ146,407,GCBC-96,1619,3,7,2025-11-06 17:32:13.462247,340794.716,6298314.586
PJ146,426,BJFB-15,4253,11,15,2025-11-06 17:32:13.462248,340794.716,6298314.586
PJ146,426,BJFB-68,6219,18,22,2025-11-06 17:32:13.462249,340794.716,6298314.586
PA492,D03,SVDF-59,652,0,2,2025-11-06 17:42:01.428468,346677.279,6297161.95
PA492,D03,STRJ-57,535,0,2,2025-11-06 17:42:01.428473,346677.279,6297161.95
PB2089,B13,LDJW-42,1080,0,3,2025-11-06 17:42:45.341241,337384.0,6311476.0
PB2089,B13,STHR-36,1675,3,7,2025-11-06 17:42:45.341247,337384.0,6311476.0
PF219,F03c,SHXF-36,1662,3,7,2025-11-06 17:43:12.792093,352984.417,6279395.298
PF219,F10c,LCTG-35,5830,16,20,2025-11-06 17:43:12.792099,352984.417,6279395.298
PF219,F33,SRVH-11,1239,0,4,2025-11-06 17:43:12.792100,352984.417,6279395.298
PF219,F03,SRPJ-75,0,0,3,2025-11-06 17:43:12.792101,352984.417,6279395.298
PF219,F13,SRRZ-16,2127,5,9,2025-11-06 17:43:12.792102,352984.417,6279395.298
PF219,F13,SRRY-13,4137,11,15,2025-11-06 17:43:12.792104,352984.417,6279395.298
PF219,F16,SPRZ-22,1239,0,4,2025-11-06 17:43:12.792105,352984.417,6279395.298
PF219,F16,SPRX-21,3665,10,14,2025-11-06 17:43:12.792105,352984.417,6279395.298
PF219,F10,SRSC-78,234,0,3,2025-11-06 17:43:12.792107,352984.417,6279395.298
PF219,F10,SRSC-67,983,0,3,2025-11-06 17:43:12.792108,352984.417,6279395.298
PE421,322,FLXR-51,639,0,2,2025-11-06 17:43:46.940630,352524.418,6289650.584
PE421,322,BJFR-75,1991,4,8,2025-11-06 17:43:46.940635,352524.418,6289650.584
PE421,E03,BJFT-23,1388,0,4,2025-11-06 17:43:46.940636,352524.418,6289650.584
PE421,E03,BJFZ-98,5187,14,18,2025-11-06 17:43:46.940637,352524.418,6289650.584
PE421,E04,VKJX-80,1139,0,4,2025-11-06 17:43:46.940638,352524.418,6289650.584
PE421,E04,VKJW-93,4920,14,18,2025-11-06 17:43:46.940639,352524.418,6289650.584
PB1222,B19,SHXF-37,589,0,2,2025-11-06 17:45:30.242566,343252.188,6306116.417
PB1222,B19,TPWW-72,4770,13,17,2025-11-06 17:45:30.242571,343252.188,6306116.417
PB1222,B12,SKDJ-10,620,0,2,2025-11-06 17:45:30.242573,343252.188,6306116.417
PB1222,B12,SKDJ-94,3955,10,14,2025-11-06 17:45:30.242574,343252.188,6306116.417
PI180,115,SZZY-76,2880,7,11,2025-11-06 17:48:16.336080,342614.144,6294066.439
PI180,115,PFXB-23,4461,12,16,2025-11-06 17:48:16.336085,342614.144,6294066.439
PI180,109,TBFV-21,337,0,3,2025-11-06 17:48:16.336087,342614.144,6294066.439
PI180,109,FLXC-46,4901,13,17,2025-11-06 17:48:16.336088,342614.144,6294066.439
PI180,113,FLXW-85,2475,6,10,2025-11-06 17:48:16.336089,342614.144,6294066.439
PI180,113,BJFW-79,4359,12,16,2025-11-06 17:48:16.336089,342614.144,6294066.439
PI180,I01,FLXG-95,0,0,3,2025-11-06 17:48:16.336090,342614.144,6294066.439
PI180,I01,FLXF-51,2516,6,10,2025-11-06 17:48:16.336091,342614.144,6294066.439
PI180,I18,VHTB-21,2459,6,10,2025-11-06 17:48:16.336092,342614.144,6294066.439
PI1844,108,PFVG-38,651,0,2,2025-11-06 17:50:27.164308,334475.87,6288148.76
PI1844,108,PFVJ-22,3013,8,12,2025-11-06 17:50:27.164313,334475.87,6288148.76
PI1844,118,FLXX-37,489,0,2,2025-11-06 17:50:27.164314,334475.87,6288148.76
PI1844,118,FLXW-64,1445,3,7,2025-11-06 17:50:27.164315,334475.87,6288148.76
PH491,H24,VGRD-25,1651,3,7,2025-11-06 17:50:50.427970,344654.429,6293830.763
PH491,H24,VGRC-53,3062,8,12,2025-11-06 17:50:50.427975,344654.429,6293830.763
PG370,G38,THTF-96,0,0,3,2025-11-06 17:51:27.426239,344158.788,6281672.931
PG370,G38,THTF-27,1074,0,3,2025-11-06 17:51:27.426244,344158.788,6281672.931
PG370,301c,BJFT-60,64,0,3,2025-11-06 17:51:27.426246,344158.788,6281672.931
PG370,G28,BJFT-27,4335,12,16,2025-11-06 17:51:27.426247,344158.788,6281672.931
PG370,G14,FLXP-16,3012,8,12,2025-11-06 17:51:27.426248,344158.788,6281672.931
PG370,G14,FLXP-40,4769,13,17,2025-11-06 17:51:27.426249,344158.788,6281672.931
PG370,G43,CJRL-60,1013,0,3,2025-11-06 17:51:27.426249,344158.788,6281672.931
PG370,G43,FLXX-33,2052,4,8,2025-11-06 17:51:27.426250,344158.788,6281672.931
PG370,G24,FLXP-19,120,0,3,2025-11-06 17:51:27.426251,344158.788,6281672.931
PG370,G24,FLXC-88,1232,0,4,2025-11-06 17:51:27.426252,344158.788,6281672.931
PD1157,D13,BJFX-65,944,0,3,2025-11-06 17:51:53.344583,350746.151,6292801.624
PD1157,D13,BJFZ-59,5125,14,18,2025-11-06 17:51:53.344588,350746.151,6292801.624
PF440,F10,SRPK-36,910,0,3,2025-11-06 17:52:50.260735,354077.786,6284631.309
PF440,F09,LBTT-11,1587,3,7,2025-11-06 17:52:50.260740,354077.786,6284631.309
PF440,F09,SPZX-82,3928,10,14,2025-11-06 17:52:50.260741,354077.786,6284631.309
PF440,F13,SRPJ-99,910,0,3,2025-11-06 17:52:50.260742,354077.786,6284631.309
PF440,F13c,SRSC-76,910,0,3,2025-11-06 17:52:50.260743,354077.786,6284631.309
PG1200,G09,SCRZ-19,1590,3,7,2025-11-06 17:53:33.549054,341249.54,6283136.762
PG1200,G09,SDSW-60,1971,4,8,2025-11-06 17:53:33.549061,341249.54,6283136.762
PG1200,G39,SHCX-19,293,0,3,2025-11-06 17:53:33.549062,341249.54,6283136.762
PG1200,G39,SHCV-49,3979,11,15,2025-11-06 17:53:33.549063,341249.54,6283136.762
PH630,H09,VGRC-23,2608,6,10,2025-11-06 17:54:44.576206,346712.69,6293791.485
PH630,H09,VGRB-93,5928,17,21,2025-11-06 17:54:44.576211,346712.69,6293791.485
PH630,H12,CJRW-14,5997,17,21,2025-11-06 17:54:44.576213,346712.69,6293791.485
PH630,H12,BJFZ-36,7482,22,26,2025-11-06 17:54:44.576213,346712.69,6293791.485
PH630,H13,CJRX-51,3444,9,13,2025-11-06 17:54:44.576214,346712.69,6293791.485
PH630,H13,BJFT-97,7045,20,24,2025-11-06 17:54:44.576215,346712.69,6293791.485
PC707,517,VHZX-30,499,0,2,2025-11-06 17:55:38.769632,350153.21,6299667.69
PC707,517,VHZY-21,2050,4,8,2025-11-06 17:55:38.769637,350153.21,6299667.69
PB1041,B16,LDJW-36,298,0,3,2025-11-06 17:56:06.962237,344565.666,6309017.16
PB1041,B16,LDJW-49,544,0,2,2025-11-06 17:56:06.962242,344565.666,6309017.16
PB1041,B36,STHP-12,751,0,2,2025-11-06 17:56:06.962243,344565.666,6309017.16
PB1041,B36,FLXS-49,1214,0,4,2025-11-06 17:56:06.962244,344565.666,6309017.16
PI1161,385,FLXG-11,2697,7,11,2025-11-06 17:56:31.917249,340960.686,6295056.545
PE791,E15c,VJWY-21,2852,7,11,2025-11-06 17:57:20.417800,350892.47,6285736.39
PE791,325,VJWY-71,600,0,2,2025-11-06 17:57:20.417805,350892.47,6285736.39
PD1247,D17v,PGPV-76,2158,5,9,2025-11-06 17:57:45.337897,354999.35,6292294.169
PI948,I24,VHSY-12,1548,3,7,2025-11-06 17:58:59.925252,331959.413,6291250.622
PI948,I24,VHTB-36,3823,10,14,2025-11-06 17:58:59.925257,331959.413,6291250.622
PI1509,I22,FLXY-22,3059,8,12,2025-11-06 18:01:28.173677,336922.208,6293152.53
PH195,205,LZRB-91,1312,0,4,2025-11-06 18:02:30.311220,347985.34,6290275.39
PH195,205,RWTP-88,1346,0,4,2025-11-06 18:02:30.311225,347985.34,6290275.39
PH195,207,SVPX-48,55,0,3,2025-11-06 18:02:30.311226,347985.34,6290275.39
PH195,207,SFST-36,789,0,3,2025-11-06 18:02:30.311226,347985.34,6290275.39
PH195,209,SFST-32,936,0,3,2025-11-06 18:02:30.311227,347985.34,6290275.39
PH195,209,RYJG-96,936,0,3,2025-11-06 18:02:30.311228,347985.34,6290275.39
PH195,227,VGCB-59,1714,3,7,2025-11-06 18:02:30.311229,347985.34,6290275.39
PH195,227,VGKY-12,4158,11,15,2025-11-06 18:02:30.311230,347985.34,6290275.39
PA81,125,CJRX-61,3858,10,14,2025-11-06 18:03:49.642720,345677.753,6297928.893
PA81,125,FLXT-35,6253,18,22,2025-11-06 18:03:49.642723,345677.753,6297928.893
PA81,113,FLXZ-78,260,0,3,2025-11-06 18:03:49.642724,345677.753,6297928.893
PA81,113,FLXW-66,4057,11,15,2025-11-06 18:03:49.642725,345677.753,6297928.893
PA81,201e,VFHH-49,1369,0,4,2025-11-06 18:03:49.642726,345677.753,6297928.893
PA81,201e,VFHJ-77,1803,4,8,2025-11-06 18:03:49.642727,345677.753,6297928.893
PA81,115,PFXC-18,4059,11,15,2025-11-06 18:03:49.642728,345677.753,6297928.893
PA81,115,PFXB-65,7035,20,24,2025-11-06 18:03:49.642729,345677.753,6297928.893
PA81,302,BJFX-33,0,0,3,2025-11-06 18:03:49.642730,345677.753,6297928.893
PA81,302,BJFV-20,1569,3,7,2025-11-06 18:03:49.642730,345677.753,6297928.893
PC1109,C06,LWTK-54,7238,21,25,2025-11-06 18:04:50.976419,355738.897,6301275.228
PC1109,503,LZPH-14,1423,0,4,2025-11-06 18:04:50.976424,355738.897,6301275.228
PC1109,503,VGVB-47,2448,6,10,2025-11-06 18:04:50.976425,355738.897,6301275.228
PC1109,722,STHL-29,145,0,3,2025-11-06 18:04:50.976426,355738.897,6301275.228
PC1109,722,STGZ-62,2701,7,11,2025-11-06 18:04:50.976427,355738.897,6301275.228
PC1109,D11,SVDF-53,205,0,3,2025-11-06 18:04:50.976428,355738.897,6301275.228
PC1109,D11,SVDD-49,4739,13,17,2025-11-06 18:04:50.976429,355738.897,6301275.228
PD1121,D13,CJRX-36,2409,6,10,2025-11-06 18:06:37.374047,350272.681,6291664.746
PB1576,502,TBFR-54,149,0,3,2025-11-06 18:07:00.863061,346744.238,6299558.202
PB1576,502,BJFJ-29,476,0,2,2025-11-06 18:07:00.863065,346744.238,6299558.202
PB1576,503,VHLV-57,944,0,3,2025-11-06 18:07:00.863066,346744.238,6299558.202
PB1576,503,VGVG-41,3918,10,14,2025-11-06 18:07:00.863067,346744.238,6299558.202
PJ203,507,GCBC-61,1426,3,7,2025-11-06 18:09:03.251657,335567.85,6298225.68
PJ203,507,PFXB-38,4787,13,17,2025-11-06 18:09:03.251662,335567.85,6298225.68
PJ203,418,SHCV-83,986,0,3,2025-11-06 18:09:03.251663,335567.85,6298225.68
PJ203,418,SKPK-37,5154,14,18,2025-11-06 18:09:03.251663,335567.85,6298225.68
PB852,B04,SHCW-79,681,0,2,2025-11-06 18:09:34.836634,344169.858,6302798.684
PB852,B04,SHCW-61,4884,13,17,2025-11-06 18:09:34.836638,344169.858,6302798.684
PB852,214,GCBC-22,178,0,3,2025-11-06 18:09:34.836639,344169.858,6302798.684
PB852,214,GCBB-91,1784,4,8,2025-11-06 18:09:34.836640,344169.858,6302798.684
PH168,204,VFRB-56,1069,0,3,2025-11-06 18:10:08.766195,348713.987,6292581.734
PH168,204,VFPY-23,1363,0,4,2025-11-06 18:10:08.766200,348713.987,6292581.734
PH168,234,SDGY-29,5309,15,19,2025-11-06 18:10:08.766201,348713.987,6292581.734
PH168,234,SVPX-51,6290,18,22,2025-11-06 18:10:08.766202,348713.987,6292581.734
PI1036,I22,FLXZ-90,899,0,3,2025-11-06 18:10:53.369245,335647.725,6293176.701
PF983,712,SHCY-15,1016,0,3,2025-11-06 18:11:34.489113,354745.305,6279232.671
PF983,712,SHCW-74,2279,5,9,2025-11-06 18:11:34.489118,354745.305,6279232.671
PD76,D09,SVDD-72,10515,33,60,2025-11-06 18:13:31.748423,351334.38,6297909.64
PD76,D18,SVDF-62,3933,10,14,2025-11-06 18:13:31.748428,351334.38,6297909.64
PD76,D18,SPBP-91,5749,16,20,2025-11-06 18:13:31.748429,351334.38,6297909.64
PD76,224,VGBV-55,1206,0,4,2025-11-06 18:13:31.748430,351334.38,6297909.64
PD76,224,VFPZ-56,2637,6,10,2025-11-06 18:13:31.748430,351334.38,6297909.64
PB1351,B19,SHCY-41,1351,0,4,2025-11-06 18:15:14.364299,344042.936,6306306.644
PB1351,B19,SHCY-56,5826,16,20,2025-11-06 18:15:14.364304,344042.936,6306306.644
PB1351,230,GCBB-44,2093,5,9,2025-11-06 18:15:14.364305,344042.936,6306306.644
PG299,G08v,FLXV-22,439,0,3,2025-11-06 18:15:35.573968,346289.339,6285618.126
PG299,228,THTG-77,3031,8,12,2025-11-06 18:15:35.573974,346289.339,6285618.126
PG299,G08,THTD-26,2070,5,9,2025-11-06 18:15:35.573975,346289.339,6285618.126
PG294,F05,SPZY-16,220,0,3,2025-11-06 18:15:57.041429,346572.671,6287085.802
PG294,G18,SCRZ-21,2282,5,9,2025-11-06 18:15:57.041434,346572.671,6287085.802
PG294,G18,SHXB-14,4963,14,18,2025-11-06 18:15:57.041435,346572.671,6287085.802
PG294,228,THTG-77,1469,3,7,2025-11-06 18:15:57.041436,346572.671,6287085.802
PG294,G08,THTD-26,328,0,3,2025-11-06 18:15:57.041437,346572.671,6287085.802
PG294,E18,BJFW-42,1726,3,7,2025-11-06 18:15:57.041438,346572.671,6287085.802
PD1312,D10,SVDD-89,1117,0,4,2025-11-06 18:16:16.356854,352654.28,6293559.327
PD1312,D10,STWW-40,1665,3,7,2025-11-06 18:16:16.356859,352654.28,6293559.327
PJ628,510,TBFR-30,925,0,3,2025-11-06 18:17:13.057131,338145.241,6296629.728
PJ628,510,TBFR-26,3782,10,14,2025-11-06 18:17:13.057136,338145.241,6296629.728
PJ628,J01,FLXK-28,294,0,3,2025-11-06 18:17:13.057138,338145.241,6296629.728
PJ628,J01,FLXD-42,1051,0,3,2025-11-06 18:17:13.057139,338145.241,6296629.728
PJ628,516,GCBF-11,885,0,3,2025-11-06 18:17:13.057140,338145.241,6296629.728
PJ628,516,TBFX-44,3060,8,12,2025-11-06 18:17:13.057141,338145.241,6296629.728
PJ628,J19,VGVB-75,1371,0,4,2025-11-06 18:17:13.057142,338145.241,6296629.728
PJ628,J19,VGVF-95,3236,8,12,2025-11-06 18:17:13.057143,338145.241,6296629.728
PC547,D11,SVDC-82,1673,3,7,2025-11-06 18:19:14.689674,355688.102,6301298.957
PC547,D11,SVDD-39,1811,4,8,2025-11-06 18:19:14.689680,355688.102,6301298.957
PC547,225,VFJP-25,2195,5,9,2025-11-06 18:19:14.689681,355688.102,6301298.957
PC547,225,VFKT-73,3849,10,14,2025-11-06 18:19:14.689682,355688.102,6301298.957
PC547,C06,LWTK-53,4088,11,15,2025-11-06 18:19:14.689683,355688.102,6301298.957
PC547,C06,SKDH-85,4678,13,17,2025-11-06 18:19:14.689684,355688.102,6301298.957
PC547,503,VGTX-58,1242,0,4,2025-11-06 18:19:14.689685,355688.102,6301298.957
PC547,503,VGVB-66,3202,8,12,2025-11-06 18:19:14.689686,355688.102,6301298.957
PC547,722,STHJ-74,2225,5,9,2025-11-06 18:19:14.689687,355688.102,6301298.957
PH6,108,PFYR-83,1931,4,8,2025-11-06 18:19:56.977385,344676.076,6292309.536
PH6,108,PFVG-38,8785,28,60,2025-11-06 18:19:56.977390,344676.076,6292309.536
PH6,102,FLXS-40,984,0,3,2025-11-06 18:19:56.977391,344676.076,6292309.536
PH6,102,SPZX-96,2228,5,9,2025-11-06 18:19:56.977392,344676.076,6292309.536
PH6,107,PGRZ-86,3458,9,13,2025-11-06 18:19:56.977393,344676.076,6292309.536
PH6,107,PFZK-82,3564,9,13,2025-11-06 18:19:56.977395,344676.076,6292309.536
PC178,426,FLXD-32,553,0,2,2025-11-06 18:21:13.402760,354101.33,6302253.805
PC178,426,FLXH-87,3160,8,12,2025-11-06 18:21:13.402765,354101.33,6302253.805
PC178,C01,LCPW-45,1241,0,4,2025-11-06 18:21:13.402767,354101.33,6302253.805
PC178,C01,LCPW-44,3971,11,15,2025-11-06 18:21:13.402767,354101.33,6302253.805
PC178,C19,SKPP-24,2145,5,9,2025-11-06 18:21:13.402768,354101.33,6302253.805
PC178,C19,SGPW-36,6860,20,24,2025-11-06 18:21:13.402769,354101.33,6302253.805
PC178,C28,SKPJ-85,793,0,3,2025-11-06 18:21:13.402770,354101.33,6302253.805
PC178,C28,SHCY-23,1358,0,4,2025-11-06 18:21:13.402771,354101.33,6302253.805
PC178,401c,SJPD-41,3753,10,14,2025-11-06 18:21:13.402772,354101.33,6302253.805
PC178,407,TBFW-71,0,0,3,2025-11-06 18:21:13.402783,354101.33,6302253.805
PC178,407,TBFT-19,0,0,3,2025-11-06 18:21:13.402784,354101.33,6302253.805
PC178,401,PFYG-41,5518,15,19,2025-11-06 18:21:13.402785,354101.33,6302253.805
PC178,401,PFTV-85,5904,17,21,2025-11-06 18:21:13.402786,354101.33,6302253.805
PC178,421,PFVK-80,1372,0,4,2025-11-06 18:21:13.402786,354101.33,6302253.805
PC178,421,PGPT-10,2383,6,10,2025-11-06 18:21:13.402787,354101.33,6302253.805
PC178,430,SKPJ-48,416,0,3,2025-11-06 18:21:13.402788,354101.33,6302253.805
PC178,430,PGBY-92,1444,3,7,2025-11-06 18:21:13.402789,354101.33,6302253.805
PC178,406,TBFR-60,0,0,3,2025-11-06 18:21:13.402813,354101.33,6302253.805
PC178,406,PFXC-24,378,0,3,2025-11-06 18:21:13.402814,354101.33,6302253.805
PC178,C01c,PGLD-78,0,0,3,2025-11-06 18:21:13.402815,354101.33,6302253.805
PC178,C01c,SPBF-22,2879,7,11,2025-11-06 18:21:13.402815,354101.33,6302253.805
PC178,406c,SKWD-73,1241,0,4,2025-11-06 18:21:13.402816,354101.33,6302253.805
PC178,406c,SKWD-83,5185,14,18,2025-11-06 18:21:13.402817,354101.33,6302253.805
PC178,C02,LDJJ-85,388,0,3,2025-11-06 18:21:13.402818,354101.33,6302253.805
PC178,C02,LCSX-53,394,0,3,2025-11-06 18:21:13.402819,354101.33,6302253.805
PF1118,124,LBTS-89,371,0,3,2025-11-06 18:21:40.614605,350848.53,6277857.19
PF1118,124,LCPG-51,1105,0,3,2025-11-06 18:21:40.614610,350848.53,6277857.19
PF1118,F12,LCTG-47,6969,20,24,2025-11-06 18:21:40.614611,350848.53,6277857.19
PF1118,F12,LCPG-50,7154,21,25,2025-11-06 18:21:40.614612,350848.53,6277857.19
PJ786,J06,FLXZ-87,2085,5,9,2025-11-06 18:21:52.108258,338947.268,6298627.143
PF359,F07,SPRY-39,0,0,3,2025-11-06 18:23:31.096645,355207.349,6283851.924
PF359,F07,SPRX-22,592,0,2,2025-11-06 18:23:31.096650,355207.349,6283851.924
PF999,F26,SRPJ-88,506,0,2,2025-11-06 18:24:23.264645,353287.285,6280974.313
PF999,F26,SPVV-51,1403,0,4,2025-11-06 18:24:23.264651,353287.285,6280974.313
PJ886,514,PFXC-82,5229,15,19,2025-11-06 18:26:06.356392,336185.809,6297734.005
PJ886,514,GCBD-95,8416,27,60,2025-11-06 18:26:06.356397,336185.809,6297734.005
PF361,F07,SPRX-22,476,0,2,2025-11-06 18:26:20.270553,355327.699,6283391.128
PF361,F07,SPRY-91,4991,14,18,2025-11-06 18:26:20.270559,355327.699,6283391.128
PJ2014,J07,VJBB-71,45,0,3,2025-11-06 18:27:29.673833,334916.981,6305434.011
PJ2014,J07,VJBB-61,2043,4,8,2025-11-06 18:27:29.673839,334916.981,6305434.011
PG699,G37,THTG-55,472,0,3,2025-11-06 18:27:49.660011,342157.648,6278166.697
PG699,G38,THTF-74,1151,0,4,2025-11-06 18:27:49.660016,342157.648,6278166.697
PG699,G38,THTD-49,2367,5,9,2025-11-06 18:27:49.660017,342157.648,6278166.697
PG699,211,TBZB-21,3820,10,14,2025-11-06 18:27:49.660018,342157.648,6278166.697
PG699,211,TBYY-71,4639,13,17,2025-11-06 18:27:49.660019,342157.648,6278166.697
PG699,G02,CJRP-12,1461,3,7,2025-11-06 18:27:49.660020,342157.648,6278166.697
PG699,G02,FLXC-87,1651,3,7,2025-11-06 18:27:49.660020,342157.648,6278166.697
PG699,G08v,FLXV-21,2709,7,11,2025-11-06 18:27:49.660021,342157.648,6278166.697
PG699,G08v,FLXV-32,4487,12,16,2025-11-06 18:27:49.660031,342157.648,6278166.697
PG699,G07,THTD-84,736,0,2,2025-11-06 18:27:49.660032,342157.648,6278166.697
PG699,G07,THTD-10,4014,11,15,2025-11-06 18:27:49.660032,342157.648,6278166.697
PG920,G37,THTF-67,14448,46,60,2025-11-06 18:29:42.611025,342180.525,6280827.308
PG920,G07,THTG-95,1846,4,8,2025-11-06 18:29:42.611030,342180.525,6280827.308
PG920,G07,THTH-30,8594,27,60,2025-11-06 18:29:42.611031,342180.525,6280827.308
PE1286,107,PGRZ-85,1673,3,7,2025-11-06 18:30:23.891190,354074.203,6290920.604
PE1286,107,PFZK-70,6500,19,23,2025-11-06 18:30:23.891195,354074.203,6290920.604
PE1286,117,SPBP-86,5514,15,19,2025-11-06 18:30:23.891196,354074.203,6290920.604
PE1286,117,SPBF-25,7277,21,25,2025-11-06 18:30:23.891197,354074.203,6290920.604
PJ801,J07,VJBB-71,7336,21,25,2025-11-06 18:31:00.133971,328154.763,6303896.751
PJ801,J07,VJBB-61,11036,35,60,2025-11-06 18:31:00.133976,328154.763,6303896.751
PB1505,B02,FLXR-75,0,0,3,2025-11-06 18:31:43.099017,348785.38,6305862.43
PB1505,B02,FLXR-73,2558,6,10,2025-11-06 18:31:43.099022,348785.38,6305862.43
PF1123,F33,LCTG-39,610,0,2,2025-11-06 18:32:50.476383,348964.329,6277956.193
PF1123,207,SDGY-16,473,0,3,2025-11-06 18:32:50.476389,348964.329,6277956.193
PF1123,207c,VJJX-17,359,0,3,2025-11-06 18:32:50.476390,348964.329,6277956.193
PD362,418,SHXF-92,2880,7,11,2025-11-06 18:33:10.114134,355078.172,6297527.912
PD362,418,PFVG-79,5387,15,19,2025-11-06 18:33:10.114140,355078.172,6297527.912
PD362,425,SJPB-31,2420,6,10,2025-11-06 18:33:10.114141,355078.172,6297527.912
PD362,425,SHXG-96,5984,17,21,2025-11-06 18:33:10.114142,355078.172,6297527.912
PD362,429,SLLZ-36,12251,39,60,2025-11-06 18:33:10.114143,355078.172,6297527.912
PD362,429,SLLY-52,14005,44,60,2025-11-06 18:33:10.114144,355078.172,6297527.912
PD362,420,SVDF-36,1085,0,3,2025-11-06 18:33:10.114145,355078.172,6297527.912
PD362,420,SPBL-70,4956,14,18,2025-11-06 18:33:10.114146,355078.172,6297527.912
PJ1715,J08,RPYP-60,1692,3,7,2025-11-06 18:33:34.722838,338542.411,6296046.254
PJ1715,J08,FLXT-64,3539,9,13,2025-11-06 18:33:34.722843,338542.411,6296046.254
PJ726,J04,GCBC-59,867,0,3,2025-11-06 18:34:30.780960,337482.708,6299720.898
PJ726,J04,TBFW-89,4246,11,15,2025-11-06 18:34:30.780966,337482.708,6299720.898
PJ941,J11,FLXG-36,500,0,2,2025-11-06 18:34:58.917294,330697.461,6296746.372
PD1060,517,VJJX-48,349,0,3,2025-11-06 18:36:04.483790,356773.992,6296541.613
PD1060,D01,STPS-21,1354,0,4,2025-11-06 18:36:04.483797,356773.992,6296541.613
PD1060,D01,SVDD-70,4077,11,15,2025-11-06 18:36:04.483798,356773.992,6296541.613
PB1179,B11,SKDJ-18,1228,0,4,2025-11-06 18:36:32.158566,346553.868,6303351.534
PB1179,B11,SKDJ-67,6204,18,22,2025-11-06 18:36:32.158571,346553.868,6303351.534
PC93,C07,SHCV-82,2961,7,11,2025-11-06 18:36:50.369356,354531.389,6301402.628
PC93,C07,SGPW-43,2731,7,11,2025-11-06 18:36:50.369361,354531.389,6301402.628
PC93,216,LZPT-42,680,0,2,2025-11-06 18:36:50.369362,354531.389,6301402.628
PC93,216,LZRB-84,2510,6,10,2025-11-06 18:36:50.369363,354531.389,6301402.628
PC274,406,PFXB-25,320,0,3,2025-11-06 18:40:34.717960,349215.69,6299901.87
PC274,406,GCBD-12,2549,6,10,2025-11-06 18:40:34.717965,349215.69,6299901.87
PC274,407,FLXV-63,830,0,3,2025-11-06 18:40:34.717966,349215.69,6299901.87
PC274,407,GCBD-56,1677,3,7,2025-11-06 18:40:34.717967,349215.69,6299901.87
PC274,426,BJFJ-25,1994,4,8,2025-11-06 18:40:34.717968,349215.69,6299901.87
PC274,426,BJFC-78,1994,4,8,2025-11-06 18:40:34.717969,349215.69,6299901.87
PC274,410,LFGW-21,886,0,3,2025-11-06 18:40:34.717970,349215.69,6299901.87
PC274,410,LDSX-94,1128,0,4,2025-11-06 18:40:34.717971,349215.69,6299901.87
PC274,405c,SPBF-42,673,0,2,2025-11-06 18:40:34.717972,349215.69,6299901.87
PC274,405c,PGPV-92,3795,10,14,2025-11-06 18:40:34.717972,349215.69,6299901.87
PC274,503,VGVB-45,750,0,2,2025-11-06 18:40:34.717973,349215.69,6299901.87
PC274,503,VHLH-86,1477,3,7,2025-11-06 18:40:34.717974,349215.69,6299901.87
PD926,D07,STKS-99,1421,0,4,2025-11-06 18:41:20.495035,356319.529,6294086.543
PD926,D07,SVDF-77,3560,9,13,2025-11-06 18:41:20.495040,356319.529,6294086.543
PD494,505,SRTH-10,0,0,3,2025-11-06 18:41:51.573957,356735.393,6295352.986
PD494,505,VHXJ-92,552,0,2,2025-11-06 18:41:51.573962,356735.393,6295352.986
PD494,510,TBFX-55,286,0,3,2025-11-06 18:41:51.573964,356735.393,6295352.986
PD494,510,TBFR-13,1029,0,3,2025-11-06 18:41:51.573965,356735.393,6295352.986
PD494,516,TBFS-45,0,0,3,2025-11-06 18:41:51.573966,356735.393,6295352.986
PD494,516,TBFP-90,552,0,2,2025-11-06 18:41:51.573966,356735.393,6295352.986
PD494,D03,STRJ-57,4170,11,15,2025-11-06 18:41:51.573967,356735.393,6295352.986
PD494,D03,SVDF-59,4738,13,17,2025-11-06 18:41:51.573968,356735.393,6295352.986
PD494,D03c,SVDD-76,1364,0,4,2025-11-06 18:41:51.573969,356735.393,6295352.986
PD494,D03c,SSXF-31,6276,18,22,2025-11-06 18:41:51.573970,356735.393,6295352.986
PD494,D10,SVDD-87,286,0,3,2025-11-06 18:41:51.573971,356735.393,6295352.986
PD494,D10,SVDF-78,286,0,3,2025-11-06 18:41:51.573972,356735.393,6295352.986
PD867,D05,SPBP-26,1143,0,4,2025-11-06 18:42:09.685933,354397.986,6295093.744
PD867,D05,SPBL-78,3527,9,13,2025-11-06 18:42:09.685938,354397.986,6295093.744
PH309,H13,CJRY-66,2300,5,9,2025-11-06 18:42:28.152554,343931.954,6289562.885
PH309,H13,CJRW-53,4708,13,17,2025-11-06 18:42:28.152560,343931.954,6289562.885
PH309,I05,VHSY-14,3238,8,12,2025-11-06 18:42:28.152561,343931.954,6289562.885
PH309,I05,VHTB-33,4308,12,16,2025-11-06 18:42:28.152562,343931.954,6289562.885
PH309,214,GCBB-53,0,0,3,2025-11-06 18:42:28.152563,343931.954,6289562.885
PH309,214,GCBB-61,535,0,2,2025-11-06 18:42:28.152564,343931.954,6289562.885
PH309,119,BJFW-96,3656,10,14,2025-11-06 18:42:28.152565,343931.954,6289562.885
PH309,119,CJRX-41,5307,15,19,2025-11-06 18:42:28.152566,343931.954,6289562.885
PH309,321,FLXR-45,2549,6,10,2025-11-06 18:42:28.152567,343931.954,6289562.885
PH309,329,FLXR-21,1309,0,4,2025-11-06 18:42:28.152568,343931.954,6289562.885
PH309,329,FLXR-59,2374,5,9,2025-11-06 18:42:28.152569,343931.954,6289562.885
PE309,E14,VKJX-50,1272,0,4,2025-11-06 18:43:17.788770,353939.358,6286300.972
PE309,E14,VKJX-86,2798,7,11,2025-11-06 18:43:17.788775,353939.358,6286300.972
PE309,E01,VKJY-93,0,0,3,2025-11-06 18:43:17.788777,353939.358,6286300.972
PE309,E01,VKJZ-46,754,0,2,2025-11-06 18:43:17.788777,353939.358,6286300.972
PG576,G28,BJFW-71,337,0,3,2025-11-06 18:43:42.430367,345275.314,6283988.794
PG576,G28,BJFT-63,1180,0,4,2025-11-06 18:43:42.430372,345275.314,6283988.794
PG576,F06,SPZY-71,378,0,3,2025-11-06 18:43:42.430373,345275.314,6283988.794
PG576,F06,SPZX-67,868,0,3,2025-11-06 18:43:42.430374,345275.314,6283988.794
PG576,G13,SHXG-64,574,0,2,2025-11-06 18:43:42.430375,345275.314,6283988.794
PG576,G13,SHCX-10,5559,16,20,2025-11-06 18:43:42.430376,345275.314,6283988.794
PG576,G13c,SHCV-46,1736,4,8,2025-11-06 18:43:42.430377,345275.314,6283988.794
PG576,G13c,SCRZ-30,5112,14,18,2025-11-06 18:43:42.430377,345275.314,6283988.794
PG576,203,LZPT-51,162,0,3,2025-11-06 18:43:42.430378,345275.314,6283988.794
PG576,203,LZPW-16,972,0,3,2025-11-06 18:43:42.430379,345275.314,6283988.794
PG576,203c,SFWB-82,4299,12,16,2025-11-06 18:43:42.430380,345275.314,6283988.794
PG576,203c,SFVZ-40,5158,14,18,2025-11-06 18:43:42.430381,345275.314,6283988.794
PC1242,409,SKHL-35,4511,12,16,2025-11-06 18:44:01.355008,359893.28,6307574.87
PC1242,409,PGLD-41,5774,16,20,2025-11-06 18:44:01.355013,359893.28,6307574.87
PC1242,C01,LCPW-38,241,0,3,2025-11-06 18:44:01.355014,359893.28,6307574.87
PC1242,C01,LDJJ-71,1111,0,4,2025-11-06 18:44:01.355015,359893.28,6307574.87
PA496,H13,BJFX-13,1869,4,8,2025-11-06 18:44:25.479320,347391.14,6295202.758
PA496,H13,CJRX-71,3456,9,13,2025-11-06 18:44:25.479325,347391.14,6295202.758
PA496,511,TBFR-51,295,0,3,2025-11-06 18:44:25.479326,347391.14,6295202.758
PA496,511,TBFW-18,1618,3,7,2025-11-06 18:44:25.479327,347391.14,6295202.758
PA496,D05,SPBF-45,726,0,2,2025-11-06 18:44:25.479328,347391.14,6295202.758
PA496,D05,SPBS-36,724,0,2,2025-11-06 18:44:25.479328,347391.14,6295202.758
PA496,D07,SVDD-50,582,0,2,2025-11-06 18:44:25.479329,347391.14,6295202.758
PA496,H07,CJRY-86,1152,0,4,2025-11-06 18:44:25.479330,347391.14,6295202.758
PA496,H07,CJRY-80,3658,10,14,2025-11-06 18:44:25.479331,347391.14,6295202.758
PF43,F20,SPZY-86,684,0,2,2025-11-06 18:47:07.915982,354520.28,6282387.497
PF43,F20,SRVL-70,3543,9,13,2025-11-06 18:47:07.915987,354520.28,6282387.497
PF43,226,VFPL-88,0,0,3,2025-11-06 18:47:07.915988,354520.28,6282387.497
PF43,226,VFPL-41,194,0,3,2025-11-06 18:47:07.915989,354520.28,6282387.497
PF43,F10,SRRW-90,1854,4,8,2025-11-06 18:47:07.915989,354520.28,6282387.497
PF43,F10,SRPK-86,3852,10,14,2025-11-06 18:47:07.915990,354520.28,6282387.497
PF43,712,SHXG-95,1628,3,7,2025-11-06 18:47:07.915991,354520.28,6282387.497
PF43,712,SJPD-86,4098,11,15,2025-11-06 18:47:07.915992,354520.28,6282387.497
PF43,F25,SRVG-88,0,0,3,2025-11-06 18:47:07.915993,354520.28,6282387.497
PF43,F25,LCPG-49,5963,17,21,2025-11-06 18:47:07.915994,354520.28,6282387.497
PI391,401,PFBG-33,1616,3,7,2025-11-06 18:47:37.222307,338343.809,6294677.318
PI391,419,PGBB-60,906,0,3,2025-11-06 18:47:37.222313,338343.809,6294677.318
PI391,419,PFYG-68,3983,11,15,2025-11-06 18:47:37.222314,338343.809,6294677.318
PI391,431c,PFVH-97,1616,3,7,2025-11-06 18:47:37.222315,338343.809,6294677.318
PI391,431c,PFYR-59,2217,5,9,2025-11-06 18:47:37.222316,338343.809,6294677.318
PI391,I09c,FLXZ-50,5718,16,20,2025-11-06 18:47:37.222317,338343.809,6294677.318
PI391,I09c,RWRP-78,8758,28,60,2025-11-06 18:47:37.222318,338343.809,6294677.318
PI391,106,PFVH-95,1738,3,7,2025-11-06 18:47:37.222319,338343.809,6294677.318
PI391,106,PFVH-98,5988,17,21,2025-11-06 18:47:37.222320,338343.809,6294677.318
PI391,I09e,RWRP-64,541,0,2,2025-11-06 18:47:37.222321,338343.809,6294677.318
PI391,I09e,RWRP-73,1019,0,3,2025-11-06 18:47:37.222322,338343.809,6294677.318
PI391,405,PFBG-21,376,0,3,2025-11-06 18:47:37.222323,338343.809,6294677.318
PI391,405,PFTF-83,6184,18,22,2025-11-06 18:47:37.222323,338343.809,6294677.318
PI391,421,PFTV-92,11235,35,60,2025-11-06 18:47:37.222324,338343.809,6294677.318
PI391,423,PFYT-25,2339,5,9,2025-11-06 18:47:37.222325,338343.809,6294677.318
PI391,423,PGPT-37,4435,12,16,2025-11-06 18:47:37.222326,338343.809,6294677.318
PI391,I08,FLXZ-59,199,0,3,2025-11-06 18:47:37.222327,338343.809,6294677.318
PI391,I08,FLXW-67,291,0,3,2025-11-06 18:47:37.222328,338343.809,6294677.318
PI391,I09,VHSY-23,1616,3,7,2025-11-06 18:47:37.222329,338343.809,6294677.318
PI391,I09,RWRP-69,2852,7,11,2025-11-06 18:47:37.222330,338343.809,6294677.318
PC342,546e,TBFP-71,263,0,3,2025-11-06 18:47:59.251498,349628.61,6300901.12
PC342,546e,TBFR-25,3444,9,13,2025-11-06 18:47:59.251503,349628.61,6300901.12
PC342,409,SKWD-19,2688,6,10,2025-11-06 18:47:59.251504,349628.61,6300901.12
PC342,409,SKWD-24,5821,16,20,2025-11-06 18:47:59.251505,349628.61,6300901.12
PC342,502,FLXV-48,156,0,3,2025-11-06 18:47:59.251506,349628.61,6300901.12
PC342,502,TBFX-46,2747,7,11,2025-11-06 18:47:59.251507,349628.61,6300901.12
PC342,542,TBFW-85,807,0,3,2025-11-06 18:47:59.251510,349628.61,6300901.12
PC342,542,TBFT-99,3311,8,12,2025-11-06 18:47:59.251511,349628.61,6300901.12
PC310,504,FLXW-15,3994,30,60,2025-11-06 18:48:24.853157,357391.832,6301473.18
PC310,504,FDJX-69,4440,31,60,2025-11-06 18:48:24.853163,357391.832,6301473.18
PC310,401c,SJPD-43,4143,11,15,2025-11-06 18:48:24.853164,357391.832,6301473.18
PC310,401,PFVL-11,2451,6,10,2025-11-06 18:48:24.853165,357391.832,6301473.18
PC310,401,PFVK-98,4411,12,16,2025-11-06 18:48:24.853166,357391.832,6301473.18
PC629,C02c,SJPD-57,566,0,2,2025-11-06 18:48:51.195007,358352.863,6303176.635
PC629,C02c,SHCY-31,1861,4,8,2025-11-06 18:48:51.195012,358352.863,6303176.635
PC629,C02,LCPW-47,3239,8,12,2025-11-06 18:48:51.195013,358352.863,6303176.635
PC629,C02,LCPW-30,3847,10,14,2025-11-06 18:48:51.195014,358352.863,6303176.635
PJ809,J07,VJBB-71,3351,9,13,2025-11-06 18:50:41.391956,326683.371,6302695.346
PJ809,J07,VJBB-61,6787,19,23,2025-11-06 18:50:41.391960,326683.371,6302695.346
PE179,286,SHXB-26,1897,4,8,2025-11-06 18:51:44.969211,350529.395,6287852.314
PE179,286,SFPG-44,5561,16,20,2025-11-06 18:51:44.969216,350529.395,6287852.314
PE179,118,FLXX-87,683,0,2,2025-11-06 18:51:44.969217,350529.395,6287852.314
PE179,118,FDJX-64,5844,16,20,2025-11-06 18:51:44.969218,350529.395,6287852.314
PE179,211,TBYY-57,118,0,3,2025-11-06 18:51:44.969219,350529.395,6287852.314
PE179,211,FZZF-94,356,0,3,2025-11-06 18:51:44.969220,350529.395,6287852.314
PE179,E13,VFJD-26,451,0,3,2025-11-06 18:51:44.969221,350529.395,6287852.314
PE179,E13,VFJD-72,2047,4,8,2025-11-06 18:51:44.969222,350529.395,6287852.314
PC808,C09,SKPJ-75,2862,7,11,2025-11-06 18:52:11.617490,359806.47,6305737.985
PI1406,I21,FLXF-89,4892,13,17,2025-11-06 18:52:51.336962,333921.957,6287109.333
PI1406,I21,FLXJ-19,6724,19,23,2025-11-06 18:52:51.336967,333921.957,6287109.333
PD371,418,SHXF-92,2465,6,10,2025-11-06 18:53:13.380067,355323.731,6294729.133
PD371,418,PFVG-79,4419,12,16,2025-11-06 18:53:13.380073,355323.731,6294729.133
PD371,425,SJPB-31,1117,0,4,2025-11-06 18:53:13.380075,355323.731,6294729.133
PD371,425,SGPY-78,1170,0,4,2025-11-06 18:53:13.380076,355323.731,6294729.133
PD371,429,SLPB-83,1711,3,7,2025-11-06 18:53:13.380077,355323.731,6294729.133
PD371,429,SLLZ-38,7055,20,24,2025-11-06 18:53:13.380078,355323.731,6294729.133
PD371,420,SVDF-73,955,0,3,2025-11-06 18:53:13.380079,355323.731,6294729.133
PD371,420,SVDC-90,3189,8,12,2025-11-06 18:53:13.380080,355323.731,6294729.133
PB643,B12,SKDJ-33,0,0,3,2025-11-06 18:53:55.420596,337474.299,6306862.845
PB643,B12,SKDJ-76,1379,0,4,2025-11-06 18:53:55.420601,337474.299,6306862.845
PB643,B12c,SKDG-85,1673,3,7,2025-11-06 18:53:55.420602,337474.299,6306862.845
PB643,B12c,SKDF-92,2876,7,11,2025-11-06 18:53:55.420603,337474.299,6306862.845
PB643,314c,VHSX-89,1705,3,7,2025-11-06 18:53:55.420604,337474.299,6306862.845
PB643,314c,VHSX-88,2213,5,9,2025-11-06 18:53:55.420605,337474.299,6306862.845
PB643,314,FLXH-38,625,0,2,2025-11-06 18:53:55.420606,337474.299,6306862.845
PB643,314,TWPD-80,7534,22,26,2025-11-06 18:53:55.420607,337474.299,6306862.845
PB643,B45,VHSZ-40,1100,0,3,2025-11-06 18:53:55.420608,337474.299,6306862.845
PB643,B45,FLXD-86,1109,0,4,2025-11-06 18:53:55.420609,337474.299,6306862.845
PB643,B08,SHXF-45,0,0,3,2025-11-06 18:53:55.420610,337474.299,6306862.845
PB643,B08,SHCY-35,909,0,3,2025-11-06 18:53:55.420611,337474.299,6306862.845
PI1669,I12,FLXY-33,8319,26,60,2025-11-06 18:54:31.129693,334198.337,6293400.58
PI1669,I12,FLXY-19,8582,27,60,2025-11-06 18:54:31.129699,334198.337,6293400.58
PB726,B01,LDJV-43,2678,6,10,2025-11-06 18:55:29.179054,347702.829,6304072.936
PB726,B01,SKHG-37,5636,16,20,2025-11-06 18:55:29.179060,347702.829,6304072.936
PB726,B15,SPCG-53,3463,9,13,2025-11-06 18:55:29.179061,347702.829,6304072.936
PB726,B15,SPCG-72,3934,10,14,2025-11-06 18:55:29.179062,347702.829,6304072.936
PB726,272,VFHT-81,553,0,2,2025-11-06 18:55:29.179062,347702.829,6304072.936
PB726,272,VFHW-46,4163,11,15,2025-11-06 18:55:29.179063,347702.829,6304072.936
PC511,C06,SKDH-85,2954,7,11,2025-11-06 18:56:25.778458,352327.759,6300394.882
PC511,C06,LDTB-41,4877,13,17,2025-11-06 18:56:25.778463,352327.759,6300394.882
PC511,503,LZPG-52,1344,0,4,2025-11-06 18:56:25.778464,352327.759,6300394.882
PC511,503,VGVF-89,1741,3,7,2025-11-06 18:56:25.778465,352327.759,6300394.882
PC511,517,VJJW-68,235,0,3,2025-11-06 18:56:25.778466,352327.759,6300394.882
PC511,517,LZPH-17,2953,7,11,2025-11-06 18:56:25.778467,352327.759,6300394.882
PG712,G02,CJRP-12,186,0,3,2025-11-06 18:58:11.955704,345361.233,6276017.613
PG712,G02,FLXP-10,974,0,3,2025-11-06 18:58:11.955709,345361.233,6276017.613
PG712,G14,CJRL-62,107,0,3,2025-11-06 18:58:11.955710,345361.233,6276017.613
PG712,G14,GCWF-72,1038,0,3,2025-11-06 18:58:11.955711,345361.233,6276017.613
PG712,G24,FLXX-26,2670,6,10,2025-11-06 18:58:11.955712,345361.233,6276017.613
PG712,G24,FLXX-11,2465,6,10,2025-11-06 18:58:11.955713,345361.233,6276017.613
PG382,301,BJFT-50,1239,0,4,2025-11-06 18:58:44.642483,344870.325,6285023.788
PG382,301,BJFS-90,2464,6,10,2025-11-06 18:58:44.642487,344870.325,6285023.788
PG382,301c,BJFZ-63,1861,4,8,2025-11-06 18:58:44.642488,344870.325,6285023.788
PG382,301c,BJFV-10,3978,11,15,2025-11-06 18:58:44.642489,344870.325,6285023.788
PA144,207,SDGY-31,174,0,3,2025-11-06 18:59:29.179861,347234.321,6295385.171
PA144,207,VJKP-16,1212,0,4,2025-11-06 18:59:29.179866,347234.321,6295385.171
PA144,209,SFST-32,582,0,2,2025-11-06 18:59:29.179867,347234.321,6295385.171
PA144,209,VJKB-12,3392,9,13,2025-11-06 18:59:29.179868,347234.321,6295385.171
PA144,227,VFPD-61,2262,5,9,2025-11-06 18:59:29.179869,347234.321,6295385.171
PA144,227,VFPL-81,5364,15,19,2025-11-06 18:59:29.179869,347234.321,6295385.171
PA144,205,LZRD-78,965,0,3,2025-11-06 18:59:29.179870,347234.321,6295385.171
PA144,205,LZRF-13,3259,8,12,2025-11-06 18:59:29.179871,347234.321,6295385.171
PD1008,518,TBFT-21,733,0,2,2025-11-06 19:00:13.136287,356864.618,6300075.273
PD1008,518,BJFH-63,955,0,3,2025-11-06 19:00:13.136292,356864.618,6300075.273
PD1008,D08,SVDF-74,0,0,3,2025-11-06 19:00:13.136293,356864.618,6300075.273
PD1008,D08,SVDD-53,3301,8,12,2025-11-06 19:00:13.136294,356864.618,6300075.273
PI687,I01,FLXL-73,266,0,3,2025-11-06 19:04:35.888056,339529.943,6292747.711
PI687,I01,FLXJ-17,2593,6,10,2025-11-06 19:04:35.888060,339529.943,6292747.711
PI687,I18,VHSY-25,2423,6,10,2025-11-06 19:04:35.888061,339529.943,6292747.711
PI687,I18,VHSY-17,3033,8,12,2025-11-06 19:04:35.888062,339529.943,6292747.711
PC224,502,PFXB-96,566,0,2,2025-11-06 19:05:13.835751,354689.916,6304811.667
PC224,502,TBFS-30,4949,14,18,2025-11-06 19:05:13.835756,354689.916,6304811.667
PC224,405,PFVK-89,4978,14,18,2025-11-06 19:05:13.835757,354689.916,6304811.667
PC224,405,PFVL-14,5536,15,19,2025-11-06 19:05:13.835758,354689.916,6304811.667
PC224,542,TBFT-27,1050,0,3,2025-11-06 19:05:13.835760,354689.916,6304811.667
PC224,542,TBFX-22,1644,3,7,2025-11-06 19:05:13.835760,354689.916,6304811.667
PC224,435,SLPC-25,0,0,3,2025-11-06 19:05:13.835761,354689.916,6304811.667
PC224,435,SLPB-49,2784,7,11,2025-11-06 19:05:13.835762,354689.916,6304811.667
PC224,405c,PGWV-12,3447,9,13,2025-11-06 19:05:13.835764,354689.916,6304811.667
PC224,405c,SPBS-55,3677,10,14,2025-11-06 19:05:13.835764,354689.916,6304811.667
PD515,505,VJBC-60,1385,0,4,2025-11-06 19:05:40.954938,354783.556,6295341.774
PD515,505,SRTH-13,4000,11,15,2025-11-06 19:05:40.954944,354783.556,6295341.774
PD515,516,GCBD-65,4293,12,16,2025-11-06 19:05:40.954946,354783.556,6295341.774
PD515,516,GCBC-66,4293,12,16,2025-11-06 19:05:40.954947,354783.556,6295341.774
PG114,205,RWTP-81,722,0,2,2025-11-06 19:07:30.281142,348191.27,6288465.687
PG114,205,LZRD-84,530,0,2,2025-11-06 19:07:30.281147,348191.27,6288465.687
PG114,207,SDGY-33,185,0,3,2025-11-06 19:07:30.281149,348191.27,6288465.687
PG114,207,SVPX-49,698,0,2,2025-11-06 19:07:30.281150,348191.27,6288465.687
PG114,209,RYJG-96,1783,4,8,2025-11-06 19:07:30.281151,348191.27,6288465.687
PG114,209,SFST-32,5714,16,20,2025-11-06 19:07:30.281152,348191.27,6288465.687
PG114,E02,VKJY-26,724,0,2,2025-11-06 19:07:30.281153,348191.27,6288465.687
PG114,E02,VKJX-77,4977,14,18,2025-11-06 19:07:30.281153,348191.27,6288465.687
PG2072,G39,FLXH-28,3054,8,12,2025-11-06 19:08:30.867024,344629.0,6280860.0
PG2072,G39,SDSW-59,5478,15,19,2025-11-06 19:08:30.867029,344629.0,6280860.0
PB2,101,PFYR-96,403,0,3,2025-11-06 19:08:58.815684,348731.7,6302912.63
PB2,101,PFYS-39,537,0,2,2025-11-06 19:08:58.815689,348731.7,6302912.63
PG659,G01,THTG-98,515,0,2,2025-11-06 19:09:52.121301,345683.534,6289115.166
PG659,G01,THTH-18,1898,4,8,2025-11-06 19:09:52.121306,345683.534,6289115.166
PG659,G01c,THTD-16,778,0,2,2025-11-06 19:09:52.121307,345683.534,6289115.166
PG659,G01c,THTD-61,1841,4,8,2025-11-06 19:09:52.121308,345683.534,6289115.166
PG659,G18,SHXB-40,366,0,3,2025-11-06 19:09:52.121309,345683.534,6289115.166
PG659,G18,SFPF-95,1323,0,4,2025-11-06 19:09:52.121310,345683.534,6289115.166
PG659,329,FLXR-35,326,0,3,2025-11-06 19:09:52.121311,345683.534,6289115.166
PG659,329,FLXR-18,168,0,3,2025-11-06 19:09:52.121312,345683.534,6289115.166
PI1105,I22,FLXY-50,564,0,2,2025-11-06 19:11:14.057214,334639.47,6292958.37
PI1105,I22,FLXZ-90,1525,3,7,2025-11-06 19:11:14.057220,334639.47,6292958.37
PI1105,I12,FLXY-33,2120,5,9,2025-11-06 19:11:14.057222,334639.47,6292958.37
PI1105,I12,FLXY-19,2576,6,10,2025-11-06 19:11:14.057223,334639.47,6292958.37
PI249,I07,VHSY-31,482,0,2,2025-11-06 19:12:57.018997,337473.286,6294456.493
PB1213,B12,SKDF-67,2882,7,11,2025-11-06 19:13:22.464917,339684.627,6310580.76
PB1213,B12,SPCG-80,4739,13,17,2025-11-06 19:13:22.464922,339684.627,6310580.76
PB1213,B12c,SKDG-18,1419,0,4,2025-11-06 19:13:22.464923,339684.627,6310580.76
PB1213,B12c,SKDJ-19,4256,11,15,2025-11-06 19:13:22.464924,339684.627,6310580.76
PB1213,B33,SHCX-26,2835,7,11,2025-11-06 19:13:22.464925,339684.627,6310580.76
PB1213,B33,SHCX-34,3485,9,13,2025-11-06 19:13:22.464926,339684.627,6310580.76
PD1081,227,VFPH-35,571,0,2,2025-11-06 19:15:39.324301,356748.299,6296399.934
PD1081,227,VGCB-59,3645,10,14,2025-11-06 19:15:39.324306,356748.299,6296399.934
PD1081,517,SRTH-21,0,0,3,2025-11-06 19:15:39.324307,356748.299,6296399.934
PD1081,517,VJJW-68,6399,18,22,2025-11-06 19:15:39.324308,356748.299,6296399.934
PD1081,D01,SVDF-24,0,0,3,2025-11-06 19:15:39.324309,356748.299,6296399.934
PD1081,D01,SVDD-96,0,0,3,2025-11-06 19:15:39.324310,356748.299,6296399.934
PG1281,G24,FLXX-24,1576,3,7,2025-11-06 19:16:43.353129,345759.517,6282906.263
PG1281,G24,FLXP-31,2969,7,11,2025-11-06 19:16:43.353134,345759.517,6282906.263
PG1281,G09,SHXB-23,1850,4,8,2025-11-06 19:16:43.353136,345759.517,6282906.263
PG1281,G09,SFPF-94,6239,18,22,2025-11-06 19:16:43.353137,345759.517,6282906.263
PG1281,G11,THTD-93,7709,22,26,2025-11-06 19:16:43.353138,345759.517,6282906.263
PG1281,G11,THTD-80,8208,26,60,2025-11-06 19:16:43.353139,345759.517,6282906.263
PG1281,206,FLXW-91,2861,7,11,2025-11-06 19:16:43.353140,345759.517,6282906.263
PG1281,206,FLXY-21,3534,9,13,2025-11-06 19:16:43.353141,345759.517,6282906.263
PG1281,206c,LZPT-69,861,0,3,2025-11-06 19:16:43.353142,345759.517,6282906.263
PG1281,206c,LZPG-16,3231,8,12,2025-11-06 19:16:43.353143,345759.517,6282906.263
PG1281,212,LZPS-17,8223,26,60,2025-11-06 19:16:43.353144,345759.517,6282906.263
PG1281,212,GCBF-53,8634,27,60,2025-11-06 19:16:43.353145,345759.517,6282906.263
PG1281,216,SXKV-97,1375,0,4,2025-11-06 19:16:43.353146,345759.517,6282906.263
PG1281,216,LZPR-94,9858,31,60,2025-11-06 19:16:43.353147,345759.517,6282906.263
PG1281,216y,SFVZ-81,6663,19,23,2025-11-06 19:16:43.353148,345759.517,6282906.263
PG1281,216y,SFVZ-96,8604,27,60,2025-11-06 19:16:43.353159,345759.517,6282906.263
PG1281,G16,SFPG-34,1659,3,7,2025-11-06 19:16:43.353160,345759.517,6282906.263
PG1281,G16,SFPF-86,3406,9,13,2025-11-06 19:16:43.353161,345759.517,6282906.263
PE475,385,FLXG-11,4575,12,16,2025-11-06 19:17:46.087648,350552.0,6290618.0
PE475,385,FLXK-78,5265,15,19,2025-11-06 19:17:46.087653,350552.0,6290618.0
PE475,E05,FLXF-49,3725,10,14,2025-11-06 19:17:46.087654,350552.0,6290618.0
PE475,E05,BJFV-85,6381,18,22,2025-11-06 19:17:46.087655,350552.0,6290618.0
PG1977,G16,SFPF-86,0,0,3,2025-11-06 19:18:24.706751,346898.14,6281975.08
PG1977,G16,SFPG-61,2368,5,9,2025-11-06 19:18:24.706756,346898.14,6281975.08
PB744,B02,FLXR-85,429,0,3,2025-11-06 19:18:49.609691,347703.608,6305992.553
PB744,B02,FLXR-78,520,0,2,2025-11-06 19:18:49.609696,347703.608,6305992.553
PA673,121,BJFV-75,2309,5,9,2025-11-06 19:19:54.311100,345272.618,6294947.415
PA673,121,BJFW-50,2683,6,10,2025-11-06 19:19:54.311105,345272.618,6294947.415
PG322,G04,SDSW-62,1564,3,7,2025-11-06 19:20:34.926400,345968.043,6286789.137
PG322,G16,SFPG-36,1140,0,4,2025-11-06 19:20:34.926405,345968.043,6286789.137
PG322,228,THTG-65,3442,9,13,2025-11-06 19:20:34.926406,345968.043,6286789.137
PG322,228,THTH-33,4005,11,15,2025-11-06 19:20:34.926407,345968.043,6286789.137
PG322,E18,BJFV-33,980,0,3,2025-11-06 19:20:34.926408,345968.043,6286789.137
PG322,E18,CJRB-19,6061,17,21,2025-11-06 19:20:34.926409,345968.043,6286789.137
PE2,102,SPZX-93,1974,4,8,2025-11-06 19:21:38.964530,350695.59,6291167.38
PE2,102,LBTT-25,1750,4,8,2025-11-06 19:21:38.964535,350695.59,6291167.38
PE2,212,LZPR-85,253,0,3,2025-11-06 19:21:38.964536,350695.59,6291167.38
PE2,212,LZPR-98,430,0,3,2025-11-06 19:21:38.964537,350695.59,6291167.38
PE2,103,PGBY-89,209,0,3,2025-11-06 19:21:38.964538,350695.59,6291167.38
PE2,103,SPBS-61,1411,0,4,2025-11-06 19:21:38.964539,350695.59,6291167.38
PE2,107,PGPV-82,1974,4,8,2025-11-06 19:21:38.964539,350695.59,6291167.38
PE2,107,PGBY-53,3800,10,14,2025-11-06 19:21:38.964540,350695.59,6291167.38
PE2,224,VGBW-48,618,0,2,2025-11-06 19:21:38.964541,350695.59,6291167.38
PE2,224,VFPS-48,2679,6,10,2025-11-06 19:21:38.964542,350695.59,6291167.38
PE2,329,FLXR-18,3549,9,13,2025-11-06 19:21:38.964542,350695.59,6291167.38
PE2,329,FLXR-35,4497,12,16,2025-11-06 19:21:38.964543,350695.59,6291167.38
PE2,H14,FLXR-38,1900,4,8,2025-11-06 19:21:38.964544,350695.59,6291167.38
PE2,H14,FLXR-26,5074,14,18,2025-11-06 19:21:38.964545,350695.59,6291167.38
PE2,108,PFVJ-17,1974,4,8,2025-11-06 19:21:38.964546,350695.59,6291167.38
PE2,108,PFVG-36,3697,10,14,2025-11-06 19:21:38.964546,350695.59,6291167.38
PC748,C07,SKPJ-83,1394,0,4,2025-11-06 19:22:42.869996,353391.34,6304726.557
PC748,C07,LDSW-90,4346,12,16,2025-11-06 19:22:42.870001,353391.34,6304726.557
PC748,712,SHCW-81,1233,0,4,2025-11-06 19:22:42.870002,353391.34,6304726.557
PJ1065,511,TBFX-75,2660,6,10,2025-11-06 19:23:25.094712,339914.404,6297675.867
PJ1065,511,FLXV-95,3099,8,12,2025-11-06 19:23:25.094717,339914.404,6297675.867
PD1585,106,PFYS-20,2341,5,9,2025-11-06 19:24:08.421837,350449.27,6297138.78
PD1585,106,PFVH-95,5396,15,19,2025-11-06 19:24:08.421842,350449.27,6297138.78
PD1585,126,FLXK-59,2332,5,9,2025-11-06 19:24:08.421843,350449.27,6297138.78
PD1585,126,FLXK-46,2538,6,10,2025-11-06 19:24:08.421844,350449.27,6297138.78
PC812,C09,LDTB-87,855,0,3,2025-11-06 19:25:19.133666,359809.12,6305246.68
PC812,C09,SKPJ-44,4212,11,15,2025-11-06 19:25:19.133671,359809.12,6305246.68
PB769,B02,FLXR-86,1771,4,8,2025-11-06 19:25:59.498944,349307.537,6305298.601
PB769,B02,FLXR-74,3986,11,15,2025-11-06 19:25:59.498948,349307.537,6305298.601
PD726,D15,SPBS-49,3598,9,13,2025-11-06 19:27:27.016717,357751.42,6296381.506
PD726,D15,SPBS-60,4795,13,17,2025-11-06 19:27:27.016722,357751.42,6296381.506
PD726,403,SKPK-27,857,0,3,2025-11-06 19:27:27.016724,357751.42,6296381.506
PD726,403,SKPK-18,1140,0,4,2025-11-06 19:27:27.016725,357751.42,6296381.506
PD726,412,PFVG-90,849,0,3,2025-11-06 19:27:27.016726,357751.42,6296381.506
PD726,412,PFTW-55,1044,0,3,2025-11-06 19:27:27.016727,357751.42,6296381.506
PD726,D08,SVDD-53,1868,4,8,2025-11-06 19:27:27.016728,357751.42,6296381.506
PD726,D08,SVDC-93,2788,7,11,2025-11-06 19:27:27.016729,357751.42,6296381.506
PD726,422,FLXV-59,2361,5,9,2025-11-06 19:27:27.016730,357751.42,6296381.506
PD726,422,TBFP-79,3426,9,13,2025-11-06 19:27:27.016731,357751.42,6296381.506
PC415,421c,LDJJ-84,387,0,3,2025-11-06 19:27:59.343300,358444.945,6303902.423
PA320,121,BJFV-75,1158,0,4,2025-11-06 19:30:05.432730,345399.77,6296070.97
PA320,121,BJFW-50,1158,0,4,2025-11-06 19:30:05.432736,345399.77,6296070.97
PH796,G09,SHXB-28,83,0,3,2025-11-06 19:30:38.085052,342024.804,6288726.52
PH796,G09,HVFH-31,49,0,3,2025-11-06 19:30:38.085058,342024.804,6288726.52
PH796,125,BJFT-72,2130,5,9,2025-11-06 19:30:38.085059,342024.804,6288726.52
PH796,125,FLXK-53,2565,6,10,2025-11-06 19:30:38.085060,342024.804,6288726.52
PH796,223,SHXB-13,351,0,3,2025-11-06 19:30:38.085061,342024.804,6288726.52
PH796,223,SFGY-15,222,0,3,2025-11-06 19:30:38.085062,342024.804,6288726.52
PH796,329,FLXR-21,1932,4,8,2025-11-06 19:30:38.085063,342024.804,6288726.52
PH796,329,FLXR-31,2431,6,10,2025-11-06 19:30:38.085064,342024.804,6288726.52
PH796,H12,BJFZ-36,2802,7,11,2025-11-06 19:30:38.085065,342024.804,6288726.52
PH796,H12,CJRW-14,5047,14,18,2025-11-06 19:30:38.085066,342024.804,6288726.52
PH796,105,SJPD-92,1728,3,7,2025-11-06 19:30:38.085067,342024.804,6288726.52
PH796,105,SJPD-95,1908,4,8,2025-11-06 19:30:38.085068,342024.804,6288726.52
PH796,105c,LXDJ-25,1671,3,7,2025-11-06 19:30:38.085069,342024.804,6288726.52
PH796,105c,LXDJ-14,1974,4,8,2025-11-06 19:30:38.085070,342024.804,6288726.52
PE779,E14,VKJX-50,1207,0,4,2025-11-06 19:31:01.449008,352194.731,6289008.671
PF397,F07,SPRY-39,1648,3,7,2025-11-06 19:31:22.483376,355236.157,6283786.371
PF397,F07,SPRX-22,5681,16,20,2025-11-06 19:31:22.483381,355236.157,6283786.371
PE310,E01,VKJY-90,5754,16,20,2025-11-06 19:33:32.183992,354179.623,6286316.719
PE310,E01,VKJX-78,6215,18,22,2025-11-06 19:33:32.183997,354179.623,6286316.719
PE310,E14,VKJX-95,2427,6,10,2025-11-06 19:33:32.183998,354179.623,6286316.719
PE310,E14,VKJX-26,5641,16,20,2025-11-06 19:33:32.183999,354179.623,6286316.719
PB1878,101,PFVG-48,1316,0,4,2025-11-06 19:34:10.252369,348353.01,6303127.7
PB1878,101,PFYR-67,2249,5,9,2025-11-06 19:34:10.252375,348353.01,6303127.7
PB1878,107,PGLD-61,3267,8,12,2025-11-06 19:34:10.252376,348353.01,6303127.7
PB1878,107,PGTV-28,5064,14,18,2025-11-06 19:34:10.252377,348353.01,6303127.7
PB1878,107c,SPBS-59,1609,3,7,2025-11-06 19:34:10.252378,348353.01,6303127.7
PB1878,107c,PFYC-56,7799,23,27,2025-11-06 19:34:10.252379,348353.01,6303127.7
PC497,501,TBFT-33,0,0,3,2025-11-06 19:35:44.297717,349861.249,6298851.815
PC497,501,TBFR-19,1389,0,4,2025-11-06 19:35:44.297723,349861.249,6298851.815
PC497,504,SZZH-68,201,0,3,2025-11-06 19:35:44.297724,349861.249,6298851.815
PC497,504,FLXW-15,9173,29,60,2025-11-06 19:35:44.297725,349861.249,6298851.815
PC497,518,BJFD-51,1654,3,7,2025-11-06 19:35:44.297726,349861.249,6298851.815
PC497,518,BJFB-27,2956,7,11,2025-11-06 19:35:44.297726,349861.249,6298851.815
PI838,I03,FLXK-64,4379,12,16,2025-11-06 19:37:08.692440,342339.602,6297630.599
PI838,I03,FLXF-94,7488,22,26,2025-11-06 19:37:08.692446,342339.602,6297630.599
PI838,I10,FLXJ-27,3018,8,12,2025-11-06 19:37:08.692447,342339.602,6297630.599
PI838,I10,FLXJ-22,4800,13,17,2025-11-06 19:37:08.692447,342339.602,6297630.599
PG271,214,GCBB-28,155,0,3,2025-11-06 19:37:51.925254,344399.3,6289717.58
PG271,G12,SFGY-19,1293,0,4,2025-11-06 19:37:51.925260,344399.3,6289717.58
PG271,G12,SHXG-68,4104,11,15,2025-11-06 19:37:51.925262,344399.3,6289717.58
PG271,302,BJFX-63,2665,6,10,2025-11-06 19:37:51.925264,344399.3,6289717.58
PG271,302,BJFS-42,5272,15,19,2025-11-06 19:37:51.925265,344399.3,6289717.58
PB591,308,FLXH-32,227,0,3,2025-11-06 19:38:09.971763,340526.946,6306308.963
PB591,308,FLXH-35,2755,7,11,2025-11-06 19:38:09.971768,340526.946,6306308.963
PB591,315e,TWPD-32,0,0,3,2025-11-06 19:38:09.971769,340526.946,6306308.963
PB591,315e,FLXL-14,7982,23,27,2025-11-06 19:38:09.971770,340526.946,6306308.963
PB591,B08,SHCY-36,450,0,3,2025-11-06 19:38:09.971771,340526.946,6306308.963
PB591,B08,SJPB-20,1042,0,3,2025-11-06 19:38:09.971772,340526.946,6306308.963
PB591,B11,SKDJ-18,3197,8,12,2025-11-06 19:38:09.971773,340526.946,6306308.963
PB591,B11,SHCV-81,6467,18,22,2025-11-06 19:38:09.971774,340526.946,6306308.963
PB591,430,PGBY-92,0,0,3,2025-11-06 19:38:09.971775,340526.946,6306308.963
PB591,430,PFZK-87,5181,14,18,2025-11-06 19:38:09.971776,340526.946,6306308.963
PB591,435,SLPC-25,4891,13,17,2025-11-06 19:38:09.971777,340526.946,6306308.963
PB591,435,SLPC-10,9273,29,60,2025-11-06 19:38:09.971778,340526.946,6306308.963
PB591,B43,SJPC-16,2184,5,9,2025-11-06 19:38:09.971779,340526.946,6306308.963
PB591,B43,SGPW-47,3224,8,12,2025-11-06 19:38:09.971779,340526.946,6306308.963
PG162,G08,THTG-16,1305,0,4,2025-11-06 19:38:53.123178,345919.63,6283840.535
PG162,G08,THTD-72,6059,17,21,2025-11-06 19:38:53.123182,345919.63,6283840.535
PG162,229,SFVZ-49,505,0,2,2025-11-06 19:38:53.123183,345919.63,6283840.535
PG162,G08v,FLXV-19,7665,22,26,2025-11-06 19:38:53.123184,345919.63,6283840.535
PG162,G08v,FLXX-22,8686,27,60,2025-11-06 19:38:53.123185,345919.63,6283840.535
PG162,228,THTC-29,5199,14,18,2025-11-06 19:38:53.123187,345919.63,6283840.535
PG162,228,THTD-79,5800,16,20,2025-11-06 19:38:53.123187,345919.63,6283840.535
PH35,102,LCPG-46,3041,8,12,2025-11-06 19:39:12.922742,346042.454,6291756.825
PH35,102,LCPW-28,3643,10,14,2025-11-06 19:39:12.922747,346042.454,6291756.825
PH35,107,PFZK-70,5506,15,19,2025-11-06 19:39:12.922749,346042.454,6291756.825
PH35,107,PGRZ-70,7199,21,25,2025-11-06 19:39:12.922750,346042.454,6291756.825
PH35,108,PGPT-43,4312,12,16,2025-11-06 19:39:12.922751,346042.454,6291756.825
PH35,108,PFYS-19,6504,19,23,2025-11-06 19:39:12.922752,346042.454,6291756.825
PD679,D16,SPBS-40,1892,4,8,2025-11-06 19:39:46.809852,353182.571,6291484.35
PD679,D16,FLXJ-67,4927,14,18,2025-11-06 19:39:46.809857,353182.571,6291484.35
PD679,514,FLXC-47,227,0,3,2025-11-06 19:39:46.809858,353182.571,6291484.35
PD679,514,FLXS-99,6303,18,22,2025-11-06 19:39:46.809859,353182.571,6291484.35
PD679,514c,FDJX-79,1277,0,4,2025-11-06 19:39:46.809860,353182.571,6291484.35
PD679,514c,FLXS-65,8312,26,60,2025-11-06 19:39:46.809861,353182.571,6291484.35
PD679,103,SPBL-83,1354,0,4,2025-11-06 19:39:46.809862,353182.571,6291484.35
PD679,103,SPBL-85,3330,9,13,2025-11-06 19:39:46.809863,353182.571,6291484.35
PD679,D26,FLXJ-62,202,0,3,2025-11-06 19:39:46.809864,353182.571,6291484.35
PD679,D26,SPBS-39,2571,6,10,2025-11-06 19:39:46.809865,353182.571,6291484.35
PC44,126,FLXT-39,1537,3,7,2025-11-06 19:45:18.895512,349987.36,6298023.49
PC44,106,PFVH-98,4008,11,15,2025-11-06 19:45:18.895517,349987.36,6298023.49
PC44,106,PFYR-61,8195,26,60,2025-11-06 19:45:18.895518,349987.36,6298023.49
PC44,D09,SVDF-11,7654,22,26,2025-11-06 19:45:18.895519,349987.36,6298023.49
PC44,D09,SVDF-67,9095,29,60,2025-11-06 19:45:18.895520,349987.36,6298023.49
PE839,329,FLXR-31,3616,9,13,2025-11-06 19:45:30.747847,349460.82,6290459.556
PE839,329,FLXR-23,3366,9,13,2025-11-06 19:45:30.747853,349460.82,6290459.556
PA239,302,CJRW-16,1535,3,7,2025-11-06 19:46:03.920841,346040.53,6296842.09
PA239,302,BJFX-63,6906,20,24,2025-11-06 19:46:03.920845,346040.53,6296842.09
PA239,125,BJFT-96,1354,0,4,2025-11-06 19:46:03.920846,346040.53,6296842.09
PA239,125,CJRX-52,3265,8,12,2025-11-06 19:46:03.920847,346040.53,6296842.09
PI1547,I04,FLXF-20,2415,6,10,2025-11-06 19:46:33.216862,336564.796,6286850.442
PI1547,I04,FLXL-13,3395,9,13,2025-11-06 19:46:33.216868,336564.796,6286850.442
PI1547,I04c,FLXL-81,4120,11,15,2025-11-06 19:46:33.216870,336564.796,6286850.442
PI1547,I04c,FLXL-11,6254,18,22,2025-11-06 19:46:33.216871,336564.796,6286850.442
PG463,E03,BJFV-15,2042,4,8,2025-11-06 19:47:09.405149,345661.676,6289586.431
PG463,E03,FLXH-12,5218,14,18,2025-11-06 19:47:09.405154,345661.676,6289586.431
PI1151,I20,FLXL-72,491,0,2,2025-11-06 19:47:50.874308,339633.934,6293273.313
PC1280,C37,SHXD-63,3364,9,13,2025-11-06 19:49:36.315569,358883.0,6301993.0
PC1280,C37,SHXF-15,4555,12,16,2025-11-06 19:49:36.315574,358883.0,6301993.0
PC468,501,GCBF-34,0,0,3,2025-11-06 19:49:53.491153,350639.173,6298960.475
PC468,501,TBFT-33,1702,3,7,2025-11-06 19:49:53.491158,350639.173,6298960.475
PC468,504,PFXC-16,2798,10,14,2025-11-06 19:49:53.491159,350639.173,6298960.475
PC468,504,TBFW-54,3660,14,18,2025-11-06 19:49:53.491160,350639.173,6298960.475
PC468,518,BJFC-39,3269,8,12,2025-11-06 19:49:53.491161,350639.173,6298960.475
PC468,518,FLXW-25,4175,11,15,2025-11-06 19:49:53.491161,350639.173,6298960.475
PE499,E06,BJFZ-19,0,0,3,2025-11-06 19:50:29.198940,354504.162,6289931.683
PE499,E06,BJFX-40,2850,7,11,2025-11-06 19:50:29.198945,354504.162,6289931.683
PJ486,J16,FLXD-47,0,0,3,2025-11-06 19:50:48.791525,337883.257,6300530.475
PJ486,508,GCBF-28,376,0,3,2025-11-06 19:50:48.791531,337883.257,6300530.475
PJ486,508,FLXX-51,1517,3,7,2025-11-06 19:50:48.791532,337883.257,6300530.475
PJ486,412,PFVG-75,3266,8,12,2025-11-06 19:50:48.791533,337883.257,6300530.475
PJ486,412,PFVG-96,6061,17,21,2025-11-06 19:50:48.791534,337883.257,6300530.475
PJ486,J03,BJFC-31,651,0,2,2025-11-06 19:50:48.791535,337883.257,6300530.475
PJ486,J03,FLXG-38,3034,8,12,2025-11-06 19:50:48.791536,337883.257,6300530.475
PG731,G38,THTF-74,339,0,3,2025-11-06 19:51:04.943611,342250.867,6278411.728
PG731,G38,THTH-82,1229,0,4,2025-11-06 19:51:04.943616,342250.867,6278411.728
PG731,211,TBYY-56,1070,0,3,2025-11-06 19:51:04.943617,342250.867,6278411.728
PG731,211,FLXX-16,802,0,3,2025-11-06 19:51:04.943618,342250.867,6278411.728
PG731,G02,CJRP-13,892,0,3,2025-11-06 19:51:04.943619,342250.867,6278411.728
PG731,G08v,FLXV-26,1189,0,4,2025-11-06 19:51:04.943620,342250.867,6278411.728
PG731,G07,THTD-10,2748,7,11,2025-11-06 19:51:04.943621,342250.867,6278411.728
PG731,G07,THTH-30,11788,37,60,2025-11-06 19:51:04.943622,342250.867,6278411.728
PF241,F03,SPVV-83,244,0,3,2025-11-06 19:51:35.828633,350714.373,6279211.304
PF241,F03,FLXT-48,12678,40,60,2025-11-06 19:51:35.828638,350714.373,6279211.304
PF241,F13,SRPJ-91,856,0,3,2025-11-06 19:51:35.828639,350714.373,6279211.304
PF241,F13,SRRW-69,4377,12,16,2025-11-06 19:51:35.828640,350714.373,6279211.304
PF241,F03c,SHXF-18,396,0,3,2025-11-06 19:51:35.828641,350714.373,6279211.304
PF241,F03c,SHCY-63,823,0,3,2025-11-06 19:51:35.828642,350714.373,6279211.304
PF241,F12,TXZH-42,1714,3,7,2025-11-06 19:51:35.828642,350714.373,6279211.304
PF241,F18,SRVL-21,2408,6,10,2025-11-06 19:51:35.828643,350714.373,6279211.304
PF241,F18,SRVG-25,3777,10,14,2025-11-06 19:51:35.828644,350714.373,6279211.304
PF241,F25,TXZH-40,856,0,3,2025-11-06 19:51:35.828645,350714.373,6279211.304
PF241,F25e,LBTS-81,0,0,3,2025-11-06 19:51:35.828646,350714.373,6279211.304
PG1599,201e,VFHG-99,534,0,2,2025-11-06 19:51:50.565356,341911.167,6281752.541
PG1599,211,TBLT-54,535,0,2,2025-11-06 19:51:50.565361,341911.167,6281752.541
PG1599,211,FLXX-16,4278,12,16,2025-11-06 19:51:50.565362,341911.167,6281752.541
PG1599,271,TBYY-63,1000,0,3,2025-11-06 19:51:50.565363,341911.167,6281752.541
PG1599,211c,THTH-26,521,0,2,2025-11-06 19:51:50.565364,341911.167,6281752.541
PG1599,211c,THTD-86,1134,0,4,2025-11-06 19:51:50.565364,341911.167,6281752.541
PG1599,201,GCBB-16,530,0,2,2025-11-06 19:51:50.565365,341911.167,6281752.541
PF96,F10c,SRVJ-34,864,0,3,2025-11-06 19:52:18.260069,353688.306,6280716.162
PF96,F10c,SRVH-11,4953,14,18,2025-11-06 19:52:18.260074,353688.306,6280716.162
PF96,F15,SRVJ-10,3730,10,14,2025-11-06 19:52:18.260075,353688.306,6280716.162
PF96,F15,LBTS-85,5798,16,20,2025-11-06 19:52:18.260076,353688.306,6280716.162
PF96,205c,VFPH-81,2216,5,9,2025-11-06 19:52:18.260077,353688.306,6280716.162
PF96,F13,SRPJ-99,1435,3,7,2025-11-06 19:52:18.260078,353688.306,6280716.162
PF96,F13,SRRZ-87,3865,10,14,2025-11-06 19:52:18.260079,353688.306,6280716.162
PF96,F29,SPVV-57,3265,8,12,2025-11-06 19:52:18.260079,353688.306,6280716.162
PF96,F29,SPVW-76,6419,18,22,2025-11-06 19:52:18.260080,353688.306,6280716.162
PF96,F10,SRSC-18,1451,3,7,2025-11-06 19:52:18.260081,353688.306,6280716.162
PF96,F10,SRRW-58,2377,6,10,2025-11-06 19:52:18.260082,353688.306,6280716.162
PF96,124,SRVL-24,2499,6,10,2025-11-06 19:52:18.260083,353688.306,6280716.162
PF96,124,LCTG-45,3578,9,13,2025-11-06 19:52:18.260083,353688.306,6280716.162
PF96,F25,LCTG-37,1977,4,8,2025-11-06 19:52:18.260093,353688.306,6280716.162
PF96,F25,TXZH-40,4536,12,16,2025-11-06 19:52:18.260093,353688.306,6280716.162
PF96,210,LZRD-77,258,0,3,2025-11-06 19:52:18.260094,353688.306,6280716.162
PF96,F01,SPVW-98,1846,4,8,2025-11-06 19:52:18.260095,353688.306,6280716.162
PF96,F16,SPRY-45,1422,0,4,2025-11-06 19:52:18.260096,353688.306,6280716.162
PE315,E02,VKJZ-85,4415,12,16,2025-11-06 19:53:00.852424,348973.78,6287215.5
PE315,E02,VKJZ-47,7423,21,25,2025-11-06 19:53:00.852430,348973.78,6287215.5
PE315,E16,VFJJ-50,610,0,2,2025-11-06 19:53:00.852431,348973.78,6287215.5
PE375,E04,VKJW-93,0,0,3,2025-11-06 19:53:33.190525,351806.283,6289616.935
PE375,E04,VKJX-94,588,0,2,2025-11-06 19:53:33.190530,351806.283,6289616.935
PE369,E02,VKJZ-41,2210,5,9,2025-11-06 19:54:25.873448,349135.456,6289048.756
PE369,E02,VKJX-90,3196,8,12,2025-11-06 19:54:25.873454,349135.456,6289048.756
PE369,E03,FLXD-80,1307,0,4,2025-11-06 19:54:25.873455,349135.456,6289048.756
PA167,513,VHZV-81,2928,7,11,2025-11-06 19:54:48.846131,346552.232,6298256.639
PA167,513,VJJX-78,4098,11,15,2025-11-06 19:54:48.846136,346552.232,6298256.639
PA167,412,PFTW-39,0,0,3,2025-11-06 19:54:48.846137,346552.232,6298256.639
PA167,412,PFTW-41,4633,13,17,2025-11-06 19:54:48.846138,346552.232,6298256.639
PA167,518,FLXG-45,1247,0,4,2025-11-06 19:54:48.846139,346552.232,6298256.639
PA167,518,GCBD-79,3106,8,12,2025-11-06 19:54:48.846140,346552.232,6298256.639
PA167,418,SKPK-31,3038,8,12,2025-11-06 19:54:48.846141,346552.232,6298256.639
PA167,418,SHXG-38,3038,8,12,2025-11-06 19:54:48.846142,346552.232,6298256.639
PA167,345,FLXF-19,1140,0,4,2025-11-06 19:54:48.846142,346552.232,6298256.639
PA167,345,FLXF-74,3781,10,14,2025-11-06 19:54:48.846143,346552.232,6298256.639
PA167,403,PFVG-82,115,0,3,2025-11-06 19:54:48.846144,346552.232,6298256.639
PA167,403,PFVG-83,1255,0,4,2025-11-06 19:54:48.846145,346552.232,6298256.639
PA167,210,RWTP-97,247,0,3,2025-11-06 19:54:48.846146,346552.232,6298256.639
PA167,210,LZRD-94,1074,0,3,2025-11-06 19:54:48.846146,346552.232,6298256.639
PA167,210e,VGBX-58,3459,9,13,2025-11-06 19:54:48.846147,346552.232,6298256.639
PA167,I09,VHSX-94,881,0,3,2025-11-06 19:54:48.846148,346552.232,6298256.639
PA167,I09,RWRP-81,1806,4,8,2025-11-06 19:54:48.846149,346552.232,6298256.639
PA167,385,FLXF-96,2014,4,8,2025-11-06 19:54:48.846150,346552.232,6298256.639
PA167,385,FLXK-78,11916,38,60,2025-11-06 19:54:48.846151,346552.232,6298256.639
PA167,210v,VGKY-22,251,0,3,2025-11-06 19:54:48.846152,346552.232,6298256.639
PA167,422,TBFS-35,2890,7,11,2025-11-06 19:54:48.846153,346552.232,6298256.639
PA167,422,TBFW-40,4495,12,16,2025-11-06 19:54:48.846154,346552.232,6298256.639
PA167,I09e,FLXZ-16,5919,17,21,2025-11-06 19:54:48.846154,346552.232,6298256.639
PA167,I09e,FLXY-99,10481,33,60,2025-11-06 19:54:48.846155,346552.232,6298256.639
PG649,G01,THTH-20,2225,5,9,2025-11-06 19:55:10.875223,344350.613,6287477.308
PG649,G01c,THTD-94,3197,8,12,2025-11-06 19:55:10.875228,344350.613,6287477.308
PI1484,423,PFVG-41,1291,0,4,2025-11-06 19:55:51.385105,338205.417,6294343.681
PI1484,423,PGPT-30,5952,17,21,2025-11-06 19:55:51.385110,338205.417,6294343.681
PI1484,I20,FLXL-72,2901,7,11,2025-11-06 19:55:51.385111,338205.417,6294343.681
PJ651,412,PFVG-75,3579,9,13,2025-11-06 19:57:35.859349,339428.447,6298912.563
PJ651,412,PFVG-96,6486,18,22,2025-11-06 19:57:35.859354,339428.447,6298912.563
PJ651,J02,VHXD-47,3273,8,12,2025-11-06 19:57:35.859355,339428.447,6298912.563
PJ651,J02,VHXF-84,3651,10,14,2025-11-06 19:57:35.859356,339428.447,6298912.563
PJ651,J18,VHXJ-22,1283,0,4,2025-11-06 19:57:35.859357,339428.447,6298912.563
PJ651,J18,VHZY-11,1699,3,7,2025-11-06 19:57:35.859357,339428.447,6298912.563
PJ1654,J07e,VHZY-50,6225,18,22,2025-11-06 19:58:05.069999,325865.478,6303041.192
PJ1654,J07e,VHZY-81,12271,39,60,2025-11-06 19:58:05.070004,325865.478,6303041.192
PE387,322,FLXK-63,1169,0,4,2025-11-06 19:58:50.399108,354824.118,6289702.711
PE387,322,BJFV-82,3462,9,13,2025-11-06 19:58:50.399113,354824.118,6289702.711
PE387,E03,BJFV-22,1946,4,8,2025-11-06 19:58:50.399114,354824.118,6289702.711
PE387,E03,BJFT-81,1804,4,8,2025-11-06 19:58:50.399115,354824.118,6289702.711
PE387,108,PFVG-36,588,0,2,2025-11-06 19:58:50.399116,354824.118,6289702.711
PE387,108,PFYR-69,2019,4,8,2025-11-06 19:58:50.399117,354824.118,6289702.711
PC214,542,GCBF-12,0,0,3,2025-11-06 20:00:08.142299,351951.465,6303197.157
PC214,542,FLXV-45,1820,4,8,2025-11-06 20:00:08.142304,351951.465,6303197.157
PC214,405c,SPBL-80,347,0,3,2025-11-06 20:00:08.142305,351951.465,6303197.157
PC214,405c,PGPV-92,2467,6,10,2025-11-06 20:00:08.142306,351951.465,6303197.157
PC214,445c,SPBS-44,8773,28,60,2025-11-06 20:00:08.142307,351951.465,6303197.157
PC214,445c,PGLD-77,8773,28,60,2025-11-06 20:00:08.142308,351951.465,6303197.157
PC214,502,BJFD-74,540,0,2,2025-11-06 20:00:08.142308,351951.465,6303197.157
PC214,502,BJFB-24,1898,4,8,2025-11-06 20:00:08.142309,351951.465,6303197.157
PC214,405,PDZH-78,347,0,3,2025-11-06 20:00:08.142310,351951.465,6303197.157
PC214,405,PFYH-11,652,0,2,2025-11-06 20:00:08.142311,351951.465,6303197.157
PC711,517,VHXK-73,120,0,3,2025-11-06 20:01:37.705611,349963.31,6300148.186
PC711,517,VJJW-18,2586,6,10,2025-11-06 20:01:37.705615,349963.31,6300148.186
PJ123,426,FDJX-80,3579,9,13,2025-11-06 20:03:36.808378,337809.777,6298042.43
PJ123,422,FLXV-86,3211,8,12,2025-11-06 20:03:36.808383,337809.777,6298042.43
PJ123,422,FLXV-89,6452,18,22,2025-11-06 20:03:36.808384,337809.777,6298042.43
PJ123,511,TBFR-20,1627,3,7,2025-11-06 20:03:36.808385,337809.777,6298042.43
PJ123,511,PFXC-55,1627,3,7,2025-11-06 20:03:36.808386,337809.777,6298042.43
PJ123,422c,LXWP-72,2673,6,10,2025-11-06 20:03:36.808387,337809.777,6298042.43
PJ123,J07e,VHZZ-41,3391,9,13,2025-11-06 20:03:36.808388,337809.777,6298042.43
PJ123,J07e,VHZX-41,16475,52,60,2025-11-06 20:03:36.808388,337809.777,6298042.43
PJ123,J15c,GCBD-36,1280,0,4,2025-11-06 20:03:36.808389,337809.777,6298042.43
PJ123,J15c,TBFT-31,4905,13,17,2025-11-06 20:03:36.808390,337809.777,6298042.43
PJ123,486,PGRZ-67,1012,0,3,2025-11-06 20:03:36.808399,337809.777,6298042.43
PJ123,486,LXWP-66,2462,6,10,2025-11-06 20:03:36.808400,337809.777,6298042.43
PJ123,402,PFYC-57,1853,4,8,2025-11-06 20:03:36.808401,337809.777,6298042.43
PJ123,402,PFTW-50,4121,11,15,2025-11-06 20:03:36.808401,337809.777,6298042.43
PJ123,J07,VHZZ-10,1500,3,7,2025-11-06 20:03:36.808402,337809.777,6298042.43
PJ123,J07,VJBB-31,1854,4,8,2025-11-06 20:03:36.808403,337809.777,6298042.43
PJ123,J20,TBFT-37,2479,6,10,2025-11-06 20:03:36.808404,337809.777,6298042.43
PJ123,406,TBFW-39,0,0,3,2025-11-06 20:03:36.808405,337809.777,6298042.43
PJ123,406,TBFW-70,1597,6,10,2025-11-06 20:03:36.808405,337809.777,6298042.43
PJ123,407,TBFW-80,3900,10,14,2025-11-06 20:03:36.808406,337809.777,6298042.43
PI1512,I04,FLXY-36,836,0,3,2025-11-06 20:04:49.911732,336265.541,6286735.431
PI1512,I04,FLXZ-67,2656,6,10,2025-11-06 20:04:49.911737,336265.541,6286735.431
PI1512,I04c,FLXL-11,863,0,3,2025-11-06 20:04:49.911738,336265.541,6286735.431
PI1512,I04c,FLXF-47,4163,11,15,2025-11-06 20:04:49.911739,336265.541,6286735.431
PA451,506,PFWZ-81,521,0,2,2025-11-06 20:06:03.164698,345602.03,6296850.71
PA451,506,GCBC-65,963,0,3,2025-11-06 20:06:03.164703,345602.03,6296850.71
PA451,506v,TBFW-24,4032,11,15,2025-11-06 20:06:03.164704,345602.03,6296850.71
PA451,506v,TBFV-17,4796,13,17,2025-11-06 20:06:03.164705,345602.03,6296850.71
PA451,509,FLXS-93,470,0,3,2025-11-06 20:06:03.164706,345602.03,6296850.71
PA451,509,FLXV-36,3697,10,14,2025-11-06 20:06:03.164707,345602.03,6296850.71
PG1692,F03,FLXT-48,2794,7,11,2025-11-06 20:06:47.777598,347955.7,6278114.466
PG1692,F03,FLXT-49,6212,18,22,2025-11-06 20:06:47.777603,347955.7,6278114.466
PJ676,J02,VHXD-47,1497,3,7,2025-11-06 20:07:24.849698,337438.389,6298959.594
PJ676,J02,VHZX-50,2409,6,10,2025-11-06 20:07:24.849703,337438.389,6298959.594
PJ676,J18,VJJX-28,344,0,3,2025-11-06 20:07:24.849704,337438.389,6298959.594
PJ676,J18,VHZZ-90,3369,9,13,2025-11-06 20:07:24.849705,337438.389,6298959.594
PJ676,J18c,VHZY-90,1734,3,7,2025-11-06 20:07:24.849706,337438.389,6298959.594
PJ676,J18c,VJJX-68,3542,9,13,2025-11-06 20:07:24.849706,337438.389,6298959.594
PA368,511,GCBD-86,1391,0,4,2025-11-06 20:08:31.662402,344122.807,6297496.837
PA368,511,PFXB-34,4806,13,17,2025-11-06 20:08:31.662407,344122.807,6297496.837
PA368,404,PFYC-70,2139,5,9,2025-11-06 20:08:31.662408,344122.807,6297496.837
PA368,404,PFYC-16,7489,22,26,2025-11-06 20:08:31.662409,344122.807,6297496.837
PA368,406,TBFW-39,6266,43,60,2025-11-06 20:08:31.662410,344122.807,6297496.837
PA368,406,TBFW-70,9026,61,60,2025-11-06 20:08:31.662411,344122.807,6297496.837
PA368,422,PFXC-57,5459,15,19,2025-11-06 20:08:31.662412,344122.807,6297496.837
PA368,422,FLXV-86,9633,30,60,2025-11-06 20:08:31.662413,344122.807,6297496.837
PA368,510,CJRW-75,382,0,3,2025-11-06 20:08:31.662414,344122.807,6297496.837
PA368,510,PFXB-29,1822,4,8,2025-11-06 20:08:31.662415,344122.807,6297496.837
PA368,513,SRTK-48,473,0,3,2025-11-06 20:08:31.662416,344122.807,6297496.837
PA368,513,VHXK-63,3800,10,14,2025-11-06 20:08:31.662422,344122.807,6297496.837
PA368,519,RKXL-27,1760,4,8,2025-11-06 20:08:31.662423,344122.807,6297496.837
PA368,519,GCBD-49,3800,10,14,2025-11-06 20:08:31.662424,344122.807,6297496.837
PA368,516,PFXC-59,1003,0,3,2025-11-06 20:08:31.662425,344122.807,6297496.837
PA368,516,GCBC-44,1391,0,4,2025-11-06 20:08:31.662426,344122.807,6297496.837
PA368,J13,TBFW-75,3499,9,13,2025-11-06 20:08:31.662427,344122.807,6297496.837
PA368,J13,TBFP-72,3395,9,13,2025-11-06 20:08:31.662428,344122.807,6297496.837
PA368,424,PFXB-87,330,0,3,2025-11-06 20:08:31.662429,344122.807,6297496.837
PA368,424,FLXV-55,7170,21,25,2025-11-06 20:08:31.662430,344122.807,6297496.837
PA368,426,FLXS-69,3362,9,13,2025-11-06 20:08:31.662431,344122.807,6297496.837
PA368,426,FDJX-80,9573,30,60,2025-11-06 20:08:31.662432,344122.807,6297496.837
PA368,507,GCBD-23,4199,11,15,2025-11-06 20:08:31.662433,344122.807,6297496.837
PA368,507,TBFV-29,4502,12,16,2025-11-06 20:08:31.662434,344122.807,6297496.837
PB16,B27,FLXT-89,661,0,2,2025-11-06 20:09:04.885997,344776.818,6303393.161
PB16,B27,FLXT-87,1581,3,7,2025-11-06 20:09:04.886003,344776.818,6303393.161
PB16,107,PFYC-84,445,0,3,2025-11-06 20:09:04.886004,344776.818,6303393.161
PB16,107,PGRZ-82,2953,7,11,2025-11-06 20:09:04.886005,344776.818,6303393.161
PB16,107c,SPBR-18,2713,7,11,2025-11-06 20:09:04.886006,344776.818,6303393.161
PB16,B41,GCBB-62,245,0,3,2025-11-06 20:09:04.886007,344776.818,6303393.161
PB16,101,PFVG-48,1111,0,4,2025-11-06 20:09:04.886008,344776.818,6303393.161
PB16,101,PFYT-11,3061,8,12,2025-11-06 20:09:04.886010,344776.818,6303393.161
PB16,B10,STHL-42,0,0,3,2025-11-06 20:09:04.886011,344776.818,6303393.161
PB16,B10,STHF-84,215,0,3,2025-11-06 20:09:04.886012,344776.818,6303393.161
PA101,206,LZPT-67,2574,6,10,2025-11-06 20:09:28.651920,347421.521,6295180.168
PA101,206,FLXW-70,4853,13,17,2025-11-06 20:09:28.651925,347421.521,6295180.168
PA101,385,FLXK-77,2735,7,11,2025-11-06 20:09:28.651926,347421.521,6295180.168
PA101,385,FLXG-11,5897,17,21,2025-11-06 20:09:28.651927,347421.521,6295180.168
PA101,203,LZPS-20,1982,4,8,2025-11-06 20:09:28.651928,347421.521,6295180.168
PA101,203,VJWZ-74,1934,4,8,2025-11-06 20:09:28.651928,347421.521,6295180.168
PA101,203e,VJKW-68,157,0,3,2025-11-06 20:09:28.651929,347421.521,6295180.168
PA101,203e,SFWZ-54,1228,0,4,2025-11-06 20:09:28.651930,347421.521,6295180.168
PI1129,I22,FLXY-47,1043,0,3,2025-11-06 20:09:59.405791,334842.145,6292869.022
PI1129,I12,FLXY-35,2423,6,10,2025-11-06 20:09:59.405796,334842.145,6292869.022
PE413,322,BJFR-75,2063,5,9,2025-11-06 20:10:38.671162,354865.59,6289718.53
PE413,E03,BJFZ-12,1974,4,8,2025-11-06 20:10:38.671167,354865.59,6289718.53
PI526,J08,PFXC-70,3957,10,14,2025-11-06 20:11:10.892857,339151.552,6295861.681
PI526,424,GCBC-80,2594,6,10,2025-11-06 20:11:10.892862,339151.552,6295861.681
PI526,424,FLXW-27,4030,11,15,2025-11-06 20:11:10.892864,339151.552,6295861.681
PI1050,I08,FLXZ-89,1929,4,8,2025-11-06 20:11:46.814810,335630.836,6292924.287
PI1050,I08,FLXX-74,2894,7,11,2025-11-06 20:11:46.814815,335630.836,6292924.287
PF304,F14,SPRY-43,271,0,3,2025-11-06 20:12:17.113555,354646.792,6283314.862
PF304,F14,SPRY-86,1094,0,3,2025-11-06 20:12:17.113562,354646.792,6283314.862
PF304,F05,SPZY-25,2024,4,8,2025-11-06 20:12:17.113565,354646.792,6283314.862
PH718,I05,VHSY-20,4515,12,16,2025-11-06 20:12:36.412174,344030.721,6290629.512
PH718,I05,VHSY-14,9188,29,60,2025-11-06 20:12:36.412179,344030.721,6290629.512
PC483,C05,LWTK-57,1041,0,3,2025-11-06 20:13:16.560788,355010.74,6299890.486
PC483,C05,LFGP-20,2961,7,11,2025-11-06 20:13:16.560803,355010.74,6299890.486
PC483,501,GCBD-34,1123,0,4,2025-11-06 20:13:16.560804,355010.74,6299890.486
PC483,501,TBFW-43,1733,3,7,2025-11-06 20:13:16.560805,355010.74,6299890.486
PC483,504,TBFX-74,1140,0,4,2025-11-06 20:13:16.560806,355010.74,6299890.486
PC483,504,PFWZ-69,1987,4,8,2025-11-06 20:13:16.560807,355010.74,6299890.486
PC483,518,GCBD-92,1770,4,8,2025-11-06 20:13:16.560807,355010.74,6299890.486
PC483,518,FLXV-84,2065,5,9,2025-11-06 20:13:16.560808,355010.74,6299890.486
PC483,D08,SVDC-62,2719,7,11,2025-11-06 20:13:16.560809,355010.74,6299890.486
PC483,D08,SVDC-93,7983,23,27,2025-11-06 20:13:16.560810,355010.74,6299890.486
PB738,C18,SKPP-55,642,0,2,2025-11-06 20:13:46.376870,346476.469,6306168.082
PB738,C18,SHCW-64,3829,10,14,2025-11-06 20:13:46.376874,346476.469,6306168.082
PB738,B35,SLGT-31,2146,5,9,2025-11-06 20:13:46.376876,346476.469,6306168.082
PB738,B35,SHCY-53,4792,13,17,2025-11-06 20:13:46.376876,346476.469,6306168.082
PC222,405,PDZH-78,362,0,3,2025-11-06 20:14:30.446319,354202.707,6304538.645
PC222,405,PFYH-11,921,0,3,2025-11-06 20:14:30.446324,354202.707,6304538.645
PC222,542,GCBF-12,0,0,3,2025-11-06 20:14:30.446325,354202.707,6304538.645
PC222,542,FLXV-45,2257,5,9,2025-11-06 20:14:30.446326,354202.707,6304538.645
PC222,435,SLGS-92,2306,5,9,2025-11-06 20:14:30.446327,354202.707,6304538.645
PC222,435,SLPC-58,7395,21,25,2025-11-06 20:14:30.446328,354202.707,6304538.645
PC222,405c,SPBL-80,262,0,3,2025-11-06 20:14:30.446328,354202.707,6304538.645
PC222,405c,PGPV-92,2496,6,10,2025-11-06 20:14:30.446329,354202.707,6304538.645
PC222,502,BJFD-74,632,0,2,2025-11-06 20:14:30.446330,354202.707,6304538.645
PC222,502,BJFB-24,2257,5,9,2025-11-06 20:14:30.446331,354202.707,6304538.645
PC652,C03,SKDF-79,1930,4,8,2025-11-06 20:15:19.807366,353148.324,6304922.289
PC652,C03,SKDF-77,1930,4,8,2025-11-06 20:15:19.807372,353148.324,6304922.289
PC14,103,PFZK-89,608,0,2,2025-11-06 20:16:46.172385,350574.498,6299011.714
PC14,103,SPBS-54,1242,0,4,2025-11-06 20:16:46.172389,350574.498,6299011.714
PC14,117,SPBP-31,1870,4,8,2025-11-06 20:16:46.172391,350574.498,6299011.714
PC14,117,PGLD-54,2300,5,9,2025-11-06 20:16:46.172391,350574.498,6299011.714
PE169,118,CJRW-76,3518,9,13,2025-11-06 20:17:31.393793,349306.322,6287455.471
PE169,118,FLXX-87,5445,15,19,2025-11-06 20:17:31.393798,349306.322,6287455.471
PE169,211,FLXX-18,986,0,3,2025-11-06 20:17:31.393800,349306.322,6287455.471
PE169,211,FLXX-17,1910,4,8,2025-11-06 20:17:31.393801,349306.322,6287455.471
PE169,216,LZPT-47,1725,3,7,2025-11-06 20:17:31.393802,349306.322,6287455.471
PE169,216,LZPT-42,1706,3,7,2025-11-06 20:17:31.393802,349306.322,6287455.471
PF528,F11,SKTZ-90,5080,14,18,2025-11-06 20:19:27.903517,358455.19,6281322.07
PF528,F11,SKVB-31,5926,17,21,2025-11-06 20:19:27.903521,358455.19,6281322.07
PI773,510,PFXB-75,5288,15,19,2025-11-06 20:20:22.279822,337127.841,6296197.215
PI773,510,GCBD-75,5982,17,21,2025-11-06 20:20:22.279827,337127.841,6296197.215
PI773,516,GCBD-65,5288,15,19,2025-11-06 20:20:22.279828,337127.841,6296197.215
PI773,516,GCBC-66,5982,17,21,2025-11-06 20:20:22.279828,337127.841,6296197.215
PI773,424,GCBD-52,3366,9,13,2025-11-06 20:20:22.279829,337127.841,6296197.215
PB433,314,TWPD-15,2829,7,11,2025-11-06 20:20:48.347809,343990.378,6301058.639
PB433,314,VHSZ-46,2829,7,11,2025-11-06 20:20:48.347814,343990.378,6301058.639
PB433,303,FLXF-21,0,0,3,2025-11-06 20:20:48.347815,343990.378,6301058.639
PB433,303,FLXF-71,1023,0,3,2025-11-06 20:20:48.347816,343990.378,6301058.639
PB433,307,VHTB-28,1372,0,4,2025-11-06 20:20:48.347817,343990.378,6301058.639
PB433,307,VHTB-71,2552,6,10,2025-11-06 20:20:48.347817,343990.378,6301058.639
PE17,712,SHCW-68,1601,3,7,2025-11-06 20:21:16.772719,354364.942,6286951.167
PE17,712,SHXD-89,1783,4,8,2025-11-06 20:21:16.772723,354364.942,6286951.167
PE17,124,SRVG-70,1261,0,4,2025-11-06 20:21:16.772724,354364.942,6286951.167
PE17,124,LCTG-38,3499,9,13,2025-11-06 20:21:16.772725,354364.942,6286951.167
PE17,102,LBTT-12,213,0,3,2025-11-06 20:21:16.772726,354364.942,6286951.167
PE17,102,SHCX-28,211,0,3,2025-11-06 20:21:16.772727,354364.942,6286951.167
PE17,104,SKVD-53,443,0,3,2025-11-06 20:21:16.772728,354364.942,6286951.167
PE17,104,SKWD-82,918,0,3,2025-11-06 20:21:16.772729,354364.942,6286951.167
PE17,114,LDSV-96,1307,0,4,2025-11-06 20:21:16.772729,354364.942,6286951.167
PE17,114,SKWD-36,3730,10,14,2025-11-06 20:21:16.772730,354364.942,6286951.167
PE17,E04,VKJY-65,4768,13,17,2025-11-06 20:21:16.772731,354364.942,6286951.167
PE17,E04,VKJY-74,7535,22,26,2025-11-06 20:21:16.772732,354364.942,6286951.167
PC228,502,BJFB-24,345,0,3,2025-11-06 20:24:46.801814,355827.276,6305136.452
PC228,502,GCBC-95,4672,13,17,2025-11-06 20:24:46.801820,355827.276,6305136.452
PC228,405,PDZH-78,214,0,3,2025-11-06 20:24:46.801821,355827.276,6305136.452
PC228,405,PFYH-11,360,0,3,2025-11-06 20:24:46.801822,355827.276,6305136.452
PC228,542,FLXV-45,215,0,3,2025-11-06 20:24:46.801823,355827.276,6305136.452
PC228,542,TBFP-84,2151,5,9,2025-11-06 20:24:46.801824,355827.276,6305136.452
PC228,405c,PGLD-53,893,0,3,2025-11-06 20:24:46.801825,355827.276,6305136.452
PC228,405c,PGPV-92,1467,3,7,2025-11-06 20:24:46.801826,355827.276,6305136.452
PF728,F18,SRVL-21,1304,0,4,2025-11-06 20:26:21.816158,353518.994,6279872.304
PI1419,101,PFVC-50,239,0,3,2025-11-06 20:26:47.674189,339816.756,6294045.132
PI1419,101,PGPT-53,3826,10,14,2025-11-06 20:26:47.674194,339816.756,6294045.132
PI1419,481,PFVC-56,6958,20,24,2025-11-06 20:26:47.674195,339816.756,6294045.132
PI1419,481,PFVG-58,10033,32,60,2025-11-06 20:26:47.674196,339816.756,6294045.132
PI1419,I04,FLXF-62,4678,13,17,2025-11-06 20:26:47.674197,339816.756,6294045.132
PI1419,I04,FLXF-90,5514,15,19,2025-11-06 20:26:47.674197,339816.756,6294045.132
PI1419,I14,BJFZ-37,226,0,3,2025-11-06 20:26:47.674198,339816.756,6294045.132
PI1419,I14,CJRX-32,2795,7,11,2025-11-06 20:26:47.674199,339816.756,6294045.132
PI1158,I04,FLXK-97,3593,9,13,2025-11-06 20:27:23.551814,339464.952,6292085.327
PI1158,I04,FLXF-92,3541,9,13,2025-11-06 20:27:23.551820,339464.952,6292085.327
PI1158,I14,BJFZ-41,920,0,3,2025-11-06 20:27:23.551821,339464.952,6292085.327
PI1158,I14,FLXD-67,6177,18,22,2025-11-06 20:27:23.551822,339464.952,6292085.327
PB170,B15,SPCG-72,0,0,3,2025-11-06 20:28:28.023452,347645.886,6301644.934
PB170,B15,SPCG-44,2399,6,10,2025-11-06 20:28:28.023457,347645.886,6301644.934
PB170,116,LDJJ-69,1435,3,7,2025-11-06 20:28:28.023459,347645.886,6301644.934
PB170,116,LCPW-33,3633,9,13,2025-11-06 20:28:28.023459,347645.886,6301644.934
PG455,E03,BJFW-55,331,0,3,2025-11-06 20:29:33.122781,346079.262,6289365.736
PG455,E03,BJFZ-93,1711,3,7,2025-11-06 20:29:33.122786,346079.262,6289365.736
PI805,I03,FLXG-60,1496,3,7,2025-11-06 20:30:31.935202,333823.205,6288249.495
PI805,I03,FLXJ-26,1731,3,7,2025-11-06 20:30:31.935208,333823.205,6288249.495
PI805,I10,FLXD-88,592,0,2,2025-11-06 20:30:31.935210,333823.205,6288249.495
PI805,I10,FLXW-83,1745,4,8,2025-11-06 20:30:31.935211,333823.205,6288249.495
PF933,F03c,SHXF-18,335,0,3,2025-11-06 20:30:58.990842,354254.207,6280465.452
PF933,F03c,SHXF-39,5189,14,18,2025-11-06 20:30:58.990847,354254.207,6280465.452
PF933,F03,FLXT-48,3048,8,12,2025-11-06 20:30:58.990848,354254.207,6280465.452
PF933,F03,FLXT-49,3499,9,13,2025-11-06 20:30:58.990849,354254.207,6280465.452
PF933,F14,SPRZ-12,0,0,3,2025-11-06 20:30:58.990850,354254.207,6280465.452
PJ1074,514,FLXC-52,1531,3,7,2025-11-06 20:31:28.823780,342338.471,6298070.561
PJ1074,514,PFWZ-68,7807,23,27,2025-11-06 20:31:28.823785,342338.471,6298070.561
PJ1074,J19,VGVC-45,1633,3,7,2025-11-06 20:31:28.823786,342338.471,6298070.561
PJ1074,J19,VHLS-28,1764,4,8,2025-11-06 20:31:28.823786,342338.471,6298070.561
PG136,216,LZPS-19,916,0,3,2025-11-06 20:33:36.536613,348733.493,6284064.956
PG136,216,LZPS-23,2481,6,10,2025-11-06 20:33:36.536618,348733.493,6284064.956
PG136,233,SFGY-81,1314,0,4,2025-11-06 20:33:36.536619,348733.493,6284064.956
PG136,233,SHXB-21,2998,8,12,2025-11-06 20:33:36.536620,348733.493,6284064.956
PG136,206,FLXY-21,1879,4,8,2025-11-06 20:33:36.536621,348733.493,6284064.956
PG136,206,FLXW-82,4121,11,15,2025-11-06 20:33:36.536621,348733.493,6284064.956
PG136,206c,LZPG-10,1246,0,4,2025-11-06 20:33:36.536622,348733.493,6284064.956
PG136,206c,LZPT-50,3025,8,12,2025-11-06 20:33:36.536623,348733.493,6284064.956
PG136,212,LZPT-53,1961,4,8,2025-11-06 20:33:36.536624,348733.493,6284064.956
PG136,212,LZPG-18,2838,7,11,2025-11-06 20:33:36.536625,348733.493,6284064.956
PI1215,I16,FLXG-62,0,0,3,2025-11-06 20:34:10.961886,342666.524,6295514.765
PI1215,I16,FLXJ-53,2550,6,10,2025-11-06 20:34:10.961891,342666.524,6295514.765
PD1010,D08,SVDC-71,1767,4,8,2025-11-06 20:34:53.529383,357092.414,6299386.246
PD1010,D08,SVDC-89,2177,5,9,2025-11-06 20:34:53.529388,357092.414,6299386.246
PH159,203,LXWT-86,1934,4,8,2025-11-06 20:35:53.680011,347509.06,6293902.53
PH159,203,SFWZ-70,2035,4,8,2025-11-06 20:35:53.680016,347509.06,6293902.53
PH159,206,FLXW-82,4266,11,15,2025-11-06 20:35:53.680017,347509.06,6293902.53
PH159,206,LZPR-87,6808,19,23,2025-11-06 20:35:53.680018,347509.06,6293902.53
PH159,206c,VJKG-37,2136,5,9,2025-11-06 20:35:53.680019,347509.06,6293902.53
PH159,206c,LZPG-10,4876,13,17,2025-11-06 20:35:53.680019,347509.06,6293902.53
PG287,G11,THTD-65,931,0,3,2025-11-06 20:37:10.337422,347737.876,6290034.852
PG287,G11,THTH-15,2584,6,10,2025-11-06 20:37:10.337427,347737.876,6290034.852
PG287,226,VFPZ-97,1926,4,8,2025-11-06 20:37:10.337429,347737.876,6290034.852
PG287,226,VFRF-65,2129,5,9,2025-11-06 20:37:10.337430,347737.876,6290034.852
PG287,227,VFPL-81,2285,5,9,2025-11-06 20:37:10.337431,347737.876,6290034.852
PG287,227,VFHK-89,5870,17,21,2025-11-06 20:37:10.337432,347737.876,6290034.852
PG287,329,FLXR-41,4138,11,15,2025-11-06 20:37:10.337433,347737.876,6290034.852
PG287,329,BJFX-55,6771,19,23,2025-11-06 20:37:10.337434,347737.876,6290034.852
PB809,B24,LDJV-48,1925,4,8,2025-11-06 20:37:51.411994,343800.431,6301584.632
PB809,B24,LDJV-43,2862,7,11,2025-11-06 20:37:51.412000,343800.431,6301584.632
PB809,B03,LXDH-96,9259,29,60,2025-11-06 20:37:51.412001,343800.431,6301584.632
PB809,B03,SKHG-55,9504,30,60,2025-11-06 20:37:51.412003,343800.431,6301584.632
PJ151,406,PFXC-10,969,0,3,2025-11-06 20:41:06.131693,338795.325,6298088.431
PJ151,406,TBFS-47,969,0,3,2025-11-06 20:41:06.131697,338795.325,6298088.431
PJ151,407,TBFS-67,1431,3,7,2025-11-06 20:41:06.131699,338795.325,6298088.431
PJ151,407,TBFT-87,2774,7,11,2025-11-06 20:41:06.131699,338795.325,6298088.431
PJ151,426,FLXG-26,251,0,3,2025-11-06 20:41:06.131700,338795.325,6298088.431
PJ151,426,FLXD-50,6107,17,21,2025-11-06 20:41:06.131701,338795.325,6298088.431
PJ151,422,TBFX-18,2572,6,10,2025-11-06 20:41:06.131702,338795.325,6298088.431
PJ151,422,PFXB-82,4468,12,16,2025-11-06 20:41:06.131703,338795.325,6298088.431
PJ151,402,SHXG-36,1184,0,4,2025-11-06 20:41:06.131704,338795.325,6298088.431
PJ151,402,PFVG-99,7642,22,26,2025-11-06 20:41:06.131704,338795.325,6298088.431
PJ151,511,TBFW-74,4674,13,17,2025-11-06 20:41:06.131705,338795.325,6298088.431
PJ151,511,TBFT-88,5543,16,20,2025-11-06 20:41:06.131706,338795.325,6298088.431
PJ151,486,LXWP-67,859,0,3,2025-11-06 20:41:06.131707,338795.325,6298088.431
PB382,B03,SKHG-95,0,0,3,2025-11-06 20:42:36.921142,345383.551,6300724.536
PB382,B03,SHCY-34,5987,17,21,2025-11-06 20:42:36.921147,345383.551,6300724.536
PB382,B24,LDJV-46,1592,3,7,2025-11-06 20:42:36.921148,345383.551,6300724.536
PB382,B24,SJTD-66,2779,7,11,2025-11-06 20:42:36.921149,345383.551,6300724.536
PB382,301,CJRB-22,1361,0,4,2025-11-06 20:42:36.921150,345383.551,6300724.536
PB382,301,BJFV-17,2369,5,9,2025-11-06 20:42:36.921150,345383.551,6300724.536
PB670,502,TBFS-30,2622,6,10,2025-11-06 20:44:59.500011,347004.937,6299538.597
PB670,502,TBFT-47,6639,19,23,2025-11-06 20:44:59.500016,347004.937,6299538.597
PB670,B04,SHCW-76,287,0,3,2025-11-06 20:44:59.500018,347004.937,6299538.597
PB670,B04,SHXD-87,4254,11,15,2025-11-06 20:44:59.500019,347004.937,6299538.597
PB670,503,VGVF-88,0,0,3,2025-11-06 20:44:59.500020,347004.937,6299538.597
PB670,503,VGVB-14,3276,8,12,2025-11-06 20:44:59.500021,347004.937,6299538.597
PB670,542,TBFW-22,1611,3,7,2025-11-06 20:44:59.500022,347004.937,6299538.597
PB670,542,TBFW-91,3862,10,14,2025-11-06 20:44:59.500023,347004.937,6299538.597
PB670,409,PGBY-59,613,0,2,2025-11-06 20:44:59.500024,347004.937,6299538.597
PB670,409,PGWV-13,551,0,2,2025-11-06 20:44:59.500025,347004.937,6299538.597
PH106,115,PFXC-25,3075,8,12,2025-11-06 20:45:32.012933,345349.221,6294413.369
PH106,125,FLXG-71,1085,0,3,2025-11-06 20:45:32.012938,345349.221,6294413.369
PH106,125,BJFV-80,5478,15,19,2025-11-06 20:45:32.012939,345349.221,6294413.369
PH106,H24,VGRG-24,4798,13,17,2025-11-06 20:45:32.012940,345349.221,6294413.369
PH106,H24,VGRB-63,7108,20,24,2025-11-06 20:45:32.012941,345349.221,6294413.369
PB1666,315e,VHTB-26,3006,7,11,2025-11-06 20:47:46.943943,335783.215,6307002.485
PB1666,315e,VHSY-36,8335,26,60,2025-11-06 20:47:46.943948,335783.215,6307002.485
PB1666,B45,FLXH-14,301,0,3,2025-11-06 20:47:46.943950,335783.215,6307002.485
PB1666,B45,TWPD-28,301,0,3,2025-11-06 20:47:46.943951,335783.215,6307002.485
PB1666,314c,TWPD-87,2761,7,11,2025-11-06 20:47:46.943952,335783.215,6307002.485
PB1666,314c,FLXF-31,3572,9,13,2025-11-06 20:47:46.943953,335783.215,6307002.485
PB1666,307,VHSX-71,1826,4,8,2025-11-06 20:47:46.943954,335783.215,6307002.485
PB1666,307,VHTB-28,5964,17,21,2025-11-06 20:47:46.943955,335783.215,6307002.485
PB1666,307c,VHSY-34,1542,3,7,2025-11-06 20:47:46.943956,335783.215,6307002.485
PB1666,307c,TWPD-44,3407,9,13,2025-11-06 20:47:46.943957,335783.215,6307002.485
PB1666,308,FLXK-11,386,0,3,2025-11-06 20:47:46.943958,335783.215,6307002.485
PB1666,308,FLXT-19,555,0,2,2025-11-06 20:47:46.943959,335783.215,6307002.485
PB1666,308c,TWPD-67,4005,11,15,2025-11-06 20:47:46.943960,335783.215,6307002.485
PB1666,308c,VHTB-65,7286,21,25,2025-11-06 20:47:46.943961,335783.215,6307002.485
PB1666,314,TWPC-56,2564,6,10,2025-11-06 20:47:46.943962,335783.215,6307002.485
PB1666,314,TWPD-15,4481,12,16,2025-11-06 20:47:46.943963,335783.215,6307002.485
PI777,I08,FLXY-51,310,0,3,2025-11-06 20:48:11.354839,335457.853,6293298.309
PI777,I08,FLXW-67,3003,7,11,2025-11-06 20:48:11.354844,335457.853,6293298.309
PI777,I02,FLXY-78,3607,9,13,2025-11-06 20:48:11.354846,335457.853,6293298.309
PI777,I02,FLXY-83,3579,9,13,2025-11-06 20:48:11.354847,335457.853,6293298.309
PE283,E14,VKJX-95,1699,3,7,2025-11-06 20:49:15.613637,353918.244,6286314.528
PE213,F05,SRVK-82,7711,22,26,2025-11-06 20:49:39.126313,350546.889,6285028.275
PE213,F05,SPZX-93,10841,34,60,2025-11-06 20:49:39.126318,350546.889,6285028.275
PE213,E13,VFJV-28,1996,4,8,2025-11-06 20:49:39.126319,350546.889,6285028.275
PA480,D03,SVDF-40,1298,0,4,2025-11-06 20:50:15.508697,347190.804,6297112.747
PE367,E02,VKJY-54,1819,4,8,2025-11-06 20:50:42.704605,348577.668,6288948.291
PE367,E02,VKJX-14,6754,19,23,2025-11-06 20:50:42.704610,348577.668,6288948.291
PE367,E03,BJFS-95,4037,11,15,2025-11-06 20:50:42.704612,348577.668,6288948.291
PF975,F20,SPZX-98,1231,0,4,2025-11-06 20:51:26.720571,355602.435,6282185.538
PF975,F20,SPZY-65,2753,7,11,2025-11-06 20:51:26.720575,355602.435,6282185.538
PF975,F07,SPRW-12,2846,7,11,2025-11-06 20:51:26.720576,355602.435,6282185.538
PF975,F07,SPRW-77,4222,11,15,2025-11-06 20:51:26.720577,355602.435,6282185.538
PF564,F02,SHXD-84,1746,4,8,2025-11-06 20:51:50.414721,352527.672,6277928.332
PF564,F02,SPZX-62,7039,20,24,2025-11-06 20:51:50.414725,352527.672,6277928.332
PF564,F12,SRVG-88,239,0,3,2025-11-06 20:51:50.414726,352527.672,6277928.332
PF564,F12,SRVG-92,239,0,3,2025-11-06 20:51:50.414727,352527.672,6277928.332
PF564,124,SRVH-73,1301,0,4,2025-11-06 20:51:50.414728,352527.672,6277928.332
PF564,124,STHF-57,2184,5,9,2025-11-06 20:51:50.414729,352527.672,6277928.332
PH40,102,SHCW-78,1052,0,3,2025-11-06 20:52:08.856698,344532.874,6292457.879
PH40,102,SPZX-83,2834,7,11,2025-11-06 20:52:08.856705,344532.874,6292457.879
PH40,107,SKWD-90,4148,11,15,2025-11-06 20:52:08.856707,344532.874,6292457.879
PH40,107,PGBY-53,6005,17,21,2025-11-06 20:52:08.856708,344532.874,6292457.879
PH40,108,PFVJ-17,3223,8,12,2025-11-06 20:52:08.856710,344532.874,6292457.879
PH40,108,PFYR-69,5487,15,19,2025-11-06 20:52:08.856711,344532.874,6292457.879
PC188,445c,PGLD-52,1107,0,3,2025-11-06 20:52:34.555300,350359.84,6300826.2
PC188,445c,SKWD-70,1107,0,3,2025-11-06 20:52:34.555304,350359.84,6300826.2
PC188,401,PDYH-31,690,0,2,2025-11-06 20:52:34.555305,350359.84,6300826.2
PC188,401,PFYH-14,5174,14,18,2025-11-06 20:52:34.555306,350359.84,6300826.2
PC188,503,VHLT-57,435,0,3,2025-11-06 20:52:34.555307,350359.84,6300826.2
PC188,503,VHLP-48,2593,6,10,2025-11-06 20:52:34.555308,350359.84,6300826.2
PC188,405,PFVK-89,3616,9,13,2025-11-06 20:52:34.555308,350359.84,6300826.2
PC188,405,PFYH-17,3984,11,15,2025-11-06 20:52:34.555309,350359.84,6300826.2
PC188,412,PFYC-81,0,0,3,2025-11-06 20:52:34.555310,350359.84,6300826.2
PC188,412,PFTW-55,1985,4,8,2025-11-06 20:52:34.555311,350359.84,6300826.2
PC188,418,SHXF-92,665,0,2,2025-11-06 20:52:34.555312,350359.84,6300826.2
PC188,418,PFVH-13,821,0,3,2025-11-06 20:52:34.555313,350359.84,6300826.2
PC188,421,PFYG-91,3086,8,12,2025-11-06 20:52:34.555313,350359.84,6300826.2
PC188,421,PDYS-16,6459,18,22,2025-11-06 20:52:34.555314,350359.84,6300826.2
PI1544,I04,FLXY-36,1455,3,7,2025-11-06 20:54:01.234036,336287.971,6286759.993
PI1544,I04,FLXF-66,1703,3,7,2025-11-06 20:54:01.234041,336287.971,6286759.993
PI1526,I20,FLXL-72,927,0,3,2025-11-06 20:56:23.903792,338963.206,6293006.861
PI1526,I20,FLXL-85,2837,7,11,2025-11-06 20:56:23.903797,338963.206,6293006.861
PH618,H12,BJFV-29,2657,6,10,2025-11-06 20:56:46.764952,341796.788,6289145.136
PH618,H12,CJRX-58,9036,29,60,2025-11-06 20:56:46.764958,341796.788,6289145.136
PH618,H08,FLXG-17,974,0,3,2025-11-06 20:56:46.764959,341796.788,6289145.136
PH618,H08,BJFS-40,5084,14,18,2025-11-06 20:56:46.764960,341796.788,6289145.136
PG1125,F05,SPZY-56,167,0,3,2025-11-06 20:57:45.564843,348162.606,6286120.156
PG1125,F05,SPZX-65,2673,6,10,2025-11-06 20:57:45.564848,348162.606,6286120.156
PG1125,E18,BJFT-67,1288,0,4,2025-11-06 20:57:45.564849,348162.606,6286120.156
PG1125,E18,BJFY-83,3046,8,12,2025-11-06 20:57:45.564850,348162.606,6286120.156
PH57,105,SJPD-89,3729,10,14,2025-11-06 20:58:33.113209,342967.955,6291669.406
PH57,105,FLXS-56,5645,16,20,2025-11-06 20:58:33.113214,342967.955,6291669.406
PH57,105c,LXDJ-25,4452,12,16,2025-11-06 20:58:33.113215,342967.955,6291669.406
PH57,105c,LXDJ-10,8281,26,60,2025-11-06 20:58:33.113215,342967.955,6291669.406
PH57,120,SKHF-84,557,0,2,2025-11-06 20:58:33.113216,342967.955,6291669.406
PH57,120,STHD-35,3185,8,12,2025-11-06 20:58:33.113217,342967.955,6291669.406
PH57,125,FLXG-71,1626,3,7,2025-11-06 20:58:33.113218,342967.955,6291669.406
PH57,125,BJFV-80,8517,27,60,2025-11-06 20:58:33.113219,342967.955,6291669.406
PH57,H12,CJRX-58,1518,3,7,2025-11-06 20:58:33.113219,342967.955,6291669.406
PH57,H12,FLXD-99,3516,9,13,2025-11-06 20:58:33.113220,342967.955,6291669.406
PH57,H24,VGRD-55,393,0,3,2025-11-06 20:58:33.113221,342967.955,6291669.406
PH57,H24,VGRF-55,2199,5,9,2025-11-06 20:58:33.113222,342967.955,6291669.406
PE1507,D17,PGBZ-19,324,0,3,2025-11-06 20:59:54.401678,357726.973,6291019.485
PE1507,D17,PGLD-80,5329,15,19,2025-11-06 20:59:54.401683,357726.973,6291019.485
PJ481,511,FLXV-66,3385,9,13,2025-11-06 21:02:22.223233,337244.35,6299793.2
PJ481,J15c,GCBD-36,239,0,3,2025-11-06 21:02:22.223238,337244.35,6299793.2
PJ571,J01,BJFH-22,0,0,3,2025-11-06 21:05:18.926678,340447.619,6301350.408
PJ571,J01,FLXD-32,4651,13,17,2025-11-06 21:05:18.926682,340447.619,6301350.408
PB794,B03,SKHG-92,100,0,3,2025-11-06 21:05:46.204203,338922.127,6301762.839
PB794,B03,SKHG-59,4998,14,18,2025-11-06 21:05:46.204208,338922.127,6301762.839
PB2093,B42,FLXK-13,3791,10,14,2025-11-06 21:07:59.043743,337280.0,6311878.0
PB2093,B42,FLXH-33,10079,32,60,2025-11-06 21:07:59.043748,337280.0,6311878.0
PB2093,B13,STHJ-61,2160,5,9,2025-11-06 21:07:59.043749,337280.0,6311878.0
PB2093,B13,STHK-70,4315,12,16,2025-11-06 21:07:59.043750,337280.0,6311878.0
PC927,C14,SKPP-14,329,0,3,2025-11-06 21:09:10.538612,352988.236,6301925.796
PC927,C14,SKPJ-47,314,0,3,2025-11-06 21:09:10.538625,352988.236,6301925.796
PH536,H05,VFPG-58,1561,3,7,2025-11-06 21:11:46.960455,344414.791,6291043.608
PI1096,113,FLXW-92,1295,0,4,2025-11-06 21:12:29.497961,335105.134,6284723.975
PI1096,113,FLXZ-91,1276,0,4,2025-11-06 21:12:29.497966,335105.134,6284723.975
PI1096,I11,VHTB-20,1401,0,4,2025-11-06 21:12:29.497968,335105.134,6284723.975
PA697,D05,PGKD-19,219,0,3,2025-11-06 21:13:19.992136,348725.75,6295981.16
PA697,D05,SPBF-88,4605,13,17,2025-11-06 21:13:19.992141,348725.75,6295981.16
PA697,227,VFPF-31,636,0,2,2025-11-06 21:13:19.992142,348725.75,6295981.16
PA697,227,VFPL-74,646,0,2,2025-11-06 21:13:19.992143,348725.75,6295981.16
PD862,D26,PGBY-71,0,0,3,2025-11-06 21:13:47.947762,356168.409,6290847.838
PD862,D26,SPBS-39,4468,12,16,2025-11-06 21:13:47.947766,356168.409,6290847.838
PD766,D02,SVDF-69,5568,16,20,2025-11-06 21:14:41.855963,351529.116,6296677.436
PD766,D02,SPBS-60,5953,17,21,2025-11-06 21:14:41.855969,351529.116,6296677.436
PD707,514,FLXW-59,2936,7,11,2025-11-06 21:15:20.373274,353107.222,6296473.211
PD707,514,FLXV-51,9205,29,60,2025-11-06 21:15:20.373279,353107.222,6296473.211
PJ1629,J12,TBFS-57,283,0,3,2025-11-06 21:16:12.304148,328215.81,6296904.69
PJ1629,J12,RYPP-22,180,0,3,2025-11-06 21:16:12.304153,328215.81,6296904.69
PB648,B12,SKDJ-19,808,0,3,2025-11-06 21:16:44.098181,339119.732,6307686.136
PD702,514,FLXW-59,1213,0,4,2025-11-06 21:17:12.686777,353031.983,6295205.464
PD702,514,FLXV-51,7494,22,26,2025-11-06 21:17:12.686782,353031.983,6295205.464
PD702,D07,SVDC-29,1340,0,4,2025-11-06 21:17:12.686783,353031.983,6295205.464
PD702,D07,SVDC-82,7065,20,24,2025-11-06 21:17:12.686784,353031.983,6295205.464
PB1947,B33,SHXF-43,5805,16,20,2025-11-06 21:17:46.194827,342581.45,6307559.99
PB1947,B33,SHCX-61,10671,34,60,2025-11-06 21:17:46.194833,342581.45,6307559.99
PB1947,B42,FLXT-18,4470,12,16,2025-11-06 21:17:46.194834,342581.45,6307559.99
PB1947,B42,FLXT-26,11575,37,60,2025-11-06 21:17:46.194835,342581.45,6307559.99
PC817,C27,SGPW-51,2265,5,9,2025-11-06 21:19:11.089112,359952.98,6303890.92
PC817,C27,SHXD-66,6417,18,22,2025-11-06 21:19:11.089117,359952.98,6303890.92
PC817,C09,SKPJ-44,3740,10,14,2025-11-06 21:19:11.089121,359952.98,6303890.92
PC817,C09,LDTB-87,9132,29,60,2025-11-06 21:19:11.089122,359952.98,6303890.92
PB547,307,FLXJ-13,0,0,3,2025-11-06 21:19:52.795101,339722.61,6308130.64
PB547,307,VHSX-98,383,0,3,2025-11-06 21:19:52.795106,339722.61,6308130.64
PB547,307c,VHSY-47,4737,13,17,2025-11-06 21:19:52.795107,339722.61,6308130.64
PB547,307e,TWPD-88,1004,0,3,2025-11-06 21:19:52.795108,339722.61,6308130.64
PB547,313e,FLXD-65,4798,13,17,2025-11-06 21:19:52.795109,339722.61,6308130.64
PB547,313e,FLXD-63,7378,21,25,2025-11-06 21:19:52.795109,339722.61,6308130.64
PB547,B43,SJPC-80,2329,5,9,2025-11-06 21:19:52.795110,339722.61,6308130.64
PI98,419,PFVK-90,1055,0,3,2025-11-06 21:20:34.920749,335122.932,6289843.507
PI98,118,CJRY-79,384,0,3,2025-11-06 21:20:34.920755,335122.932,6289843.507
PI98,108,PFYS-24,6875,20,24,2025-11-06 21:20:34.920756,335122.932,6289843.507
PI98,108,PFVC-55,7225,21,25,2025-11-06 21:20:34.920757,335122.932,6289843.507
PG1102,G11,THTG-96,396,0,3,2025-11-06 21:21:02.211664,347456.256,6288787.259
PG1102,G11,THTD-80,3637,9,13,2025-11-06 21:21:02.211669,347456.256,6288787.259
PC1294,C37,SGPX-13,2315,5,9,2025-11-06 21:22:28.819758,359349.0,6301593.0
PC283,430,SJPD-85,1332,0,4,2025-11-06 21:23:18.688516,355959.39,6303777.37
PC283,430,PFZK-87,5618,16,20,2025-11-06 21:23:18.688520,355959.39,6303777.37
PC283,406,TBFW-46,1586,11,15,2025-11-06 21:23:18.688522,355959.39,6303777.37
PC283,406,SZZH-70,5285,35,60,2025-11-06 21:23:18.688522,355959.39,6303777.37
PC283,426,FDJX-80,1814,4,8,2025-11-06 21:23:18.688523,355959.39,6303777.37
PC283,426,FLXK-37,7465,22,26,2025-11-06 21:23:18.688524,355959.39,6303777.37
PC283,C01c,SPBS-48,1800,4,8,2025-11-06 21:23:18.688525,355959.39,6303777.37
PC283,C01c,SPBL-77,3959,11,15,2025-11-06 21:23:18.688526,355959.39,6303777.37
PC283,406c,SKWD-78,3639,9,13,2025-11-06 21:23:18.688527,355959.39,6303777.37
PC283,C01,LCPW-48,1596,3,7,2025-11-06 21:23:18.688527,355959.39,6303777.37
PC283,C01,LJDL-47,2000,4,8,2025-11-06 21:23:18.688528,355959.39,6303777.37
PC283,C19,SGPW-36,1989,4,8,2025-11-06 21:23:18.688529,355959.39,6303777.37
PC283,C19,SKPJ-85,3491,9,13,2025-11-06 21:23:18.688530,355959.39,6303777.37
PC283,C28,SPCG-83,930,0,3,2025-11-06 21:23:18.688531,355959.39,6303777.37
PC283,C28,SGPY-69,1431,3,7,2025-11-06 21:23:18.688531,355959.39,6303777.37
PI1138,I25,FLXK-67,2471,6,10,2025-11-06 21:24:18.560225,339844.105,6293142.593
PI1138,I13,FLXG-69,820,4,8,2025-11-06 21:24:18.560231,339844.105,6293142.593
PI1138,I13,FLXY-13,1366,9,13,2025-11-06 21:24:18.560232,339844.105,6293142.593
PI1138,I20,FLXL-54,4682,13,17,2025-11-06 21:24:18.560233,339844.105,6293142.593
PI1138,I20,FLXK-68,6841,20,24,2025-11-06 21:24:18.560234,339844.105,6293142.593
PJ121,402,PFVG-87,1266,0,4,2025-11-06 21:24:58.384576,337048.197,6298092.615
PJ121,402,PFVG-99,3165,8,12,2025-11-06 21:24:58.384581,337048.197,6298092.615
PJ121,406,TBFW-39,2108,12,16,2025-11-06 21:24:58.384582,337048.197,6298092.615
PJ121,407,TBFT-19,1702,3,7,2025-11-06 21:24:58.384583,337048.197,6298092.615
PJ121,426,FLXH-87,1491,3,7,2025-11-06 21:24:58.384584,337048.197,6298092.615
PJ121,426,BJFD-59,2819,7,11,2025-11-06 21:24:58.384585,337048.197,6298092.615
PJ121,422,GCBD-77,5848,16,20,2025-11-06 21:24:58.384585,337048.197,6298092.615
PE603,E09,VKJW-94,37,0,3,2025-11-06 21:25:28.122063,351821.803,6284869.211
PE603,E09,VKJZ-75,1064,0,3,2025-11-06 21:25:28.122068,351821.803,6284869.211
PE603,E16,VFKT-58,821,0,3,2025-11-06 21:25:28.122069,351821.803,6284869.211
PE603,E16,VJWY-21,3403,9,13,2025-11-06 21:25:28.122070,351821.803,6284869.211
PD857,425,SGPY-83,1803,4,8,2025-11-06 21:26:46.238453,354739.416,6294770.596
PD857,D05,SPBL-73,506,0,2,2025-11-06 21:26:46.238458,354739.416,6294770.596
PD857,D05,SPBS-64,2086,5,9,2025-11-06 21:26:46.238459,354739.416,6294770.596
PE247,226,VFPW-23,316,0,3,2025-11-06 21:27:13.152414,352774.892,6286245.914
PE247,226,VFPD-41,3280,8,12,2025-11-06 21:27:13.152419,352774.892,6286245.914
PH1450,H14,FLXR-24,1070,0,3,2025-11-06 21:27:34.152862,349074.44,6290570.31
PF1183,F26,SPVV-69,168,0,3,2025-11-06 21:27:59.129260,357157.0,6281874.0
PF1183,F26,SPVW-82,4046,11,15,2025-11-06 21:27:59.129265,357157.0,6281874.0
PA466,509,CJRZ-88,4789,13,17,2025-11-06 21:28:32.818104,346268.59,6297189.836
PA466,509,FLXD-60,11495,36,60,2025-11-06 21:28:32.818108,346268.59,6297189.836
PG1279,F20,SPZX-67,3218,8,12,2025-11-06 21:29:04.831055,347957.436,6283584.933
PG1279,F20,SPZY-69,3552,9,13,2025-11-06 21:29:04.831059,347957.436,6283584.933
PG1279,206,FLXX-56,1120,0,4,2025-11-06 21:29:04.831060,347957.436,6283584.933
PG1279,206c,LZPG-26,1602,3,7,2025-11-06 21:29:04.831061,347957.436,6283584.933
PH1517,H24,VGRF-65,1453,3,7,2025-11-06 21:29:39.278352,344930.922,6292128.747
PH1517,H24,VGRF-75,5161,14,18,2025-11-06 21:29:39.278357,344930.922,6292128.747
PJ967,502c,TBFX-34,1318,0,4,2025-11-06 21:30:58.895962,336753.544,6301130.51
PJ967,502c,GCBD-28,1318,0,4,2025-11-06 21:30:58.895967,336753.544,6301130.51
PJ967,J13,TBFS-40,1416,0,4,2025-11-06 21:30:58.895968,336753.544,6301130.51
PJ967,J13,GCBC-42,1872,4,8,2025-11-06 21:30:58.895969,336753.544,6301130.51
PJ967,J13c,TBFX-32,556,0,2,2025-11-06 21:30:58.895970,336753.544,6301130.51
PJ967,J13c,PFXC-21,1263,0,4,2025-11-06 21:30:58.895970,336753.544,6301130.51
PJ1744,428,SLLY-91,9063,29,60,2025-11-06 21:31:38.779918,334040.153,6299086.047
PJ1744,428,SLPC-27,13667,43,60,2025-11-06 21:31:38.779922,334040.153,6299086.047
PJ1744,555,TBFX-60,622,0,2,2025-11-06 21:31:38.779923,334040.153,6299086.047
PJ1744,555,TBFX-57,3066,8,12,2025-11-06 21:31:38.779924,334040.153,6299086.047
PH561,321,CJRW-13,4246,11,15,2025-11-06 21:32:28.359808,343205.208,6290052.976
PH561,H06,FLXH-16,3915,10,14,2025-11-06 21:32:28.359813,343205.208,6290052.976
PH561,H06,CJRZ-73,3915,10,14,2025-11-06 21:32:28.359814,343205.208,6290052.976
PC1272,C27,SGPX-11,6623,19,23,2025-11-06 21:32:53.328318,359860.87,6303604.66
PC1272,C27,SGPW-48,11535,36,60,2025-11-06 21:32:53.328322,359860.87,6303604.66
PC1272,421,PFVL-13,3532,9,13,2025-11-06 21:32:53.328323,359860.87,6303604.66
PC1272,421,PFBD-65,11209,35,60,2025-11-06 21:32:53.328324,359860.87,6303604.66
PF1099,F27,SPRY-31,359,0,3,2025-11-06 21:33:26.507601,357025.32,6283881.48
PF1099,F27,SPRX-11,1751,4,8,2025-11-06 21:33:26.507606,357025.32,6283881.48
PI728,I02,FLXZ-39,726,0,2,2025-11-06 21:33:56.145508,335863.745,6292806.513
PI728,I02,FLXZ-36,4293,12,16,2025-11-06 21:33:56.145514,335863.745,6292806.513
PI728,I12,FLXY-33,9840,31,60,2025-11-06 21:33:56.145516,335863.745,6292806.513
PI728,I12,FLXY-28,10227,32,60,2025-11-06 21:33:56.145517,335863.745,6292806.513
PC579,505,VJJV-68,0,0,3,2025-11-06 21:34:25.746439,348820.57,6299416.85
PC579,505,SRTK-45,198,0,3,2025-11-06 21:34:25.746444,348820.57,6299416.85
PC579,508,TBFW-78,152,0,3,2025-11-06 21:34:25.746445,348820.57,6299416.85
PC579,508,PFXB-92,2781,7,11,2025-11-06 21:34:25.746445,348820.57,6299416.85
PC579,514,FLXW-59,4707,13,17,2025-11-06 21:34:25.746446,348820.57,6299416.85
PC579,514,FLXV-51,10191,32,60,2025-11-06 21:34:25.746447,348820.57,6299416.85
PE547,322,FLXK-63,677,0,2,2025-11-06 21:35:16.355355,354845.194,6289228.884
PE547,322,BJFV-82,3311,8,12,2025-11-06 21:35:16.355359,354845.194,6289228.884
PF725,F18,LCPG-39,7151,21,25,2025-11-06 21:35:58.098363,353757.967,6280042.428
PF725,F18,LBTS-87,8522,27,60,2025-11-06 21:35:58.098369,353757.967,6280042.428
PF31,712,LBTS-76,4412,12,16,2025-11-06 21:39:00.918488,355458.183,6283838.401
PF31,712,SHXG-92,7328,21,25,2025-11-06 21:39:00.918493,355458.183,6283838.401
PF31,F08,SPVV-16,1509,3,7,2025-11-06 21:39:00.918494,355458.183,6283838.401
PF31,F24,SPRV-81,5403,15,19,2025-11-06 21:39:00.918495,355458.183,6283838.401
PF31,F24,SPRW-66,5298,15,19,2025-11-06 21:39:00.918496,355458.183,6283838.401
PF31,F27,SPRV-88,5117,14,18,2025-11-06 21:39:00.918497,355458.183,6283838.401
PF31,F27,SPRZ-29,6285,18,22,2025-11-06 21:39:00.918498,355458.183,6283838.401
PB1859,B07,STHL-51,6149,17,21,2025-11-06 21:39:27.183384,341105.001,6310907.001
PB1859,B07,TXZH-26,6160,17,21,2025-11-06 21:39:27.183390,341105.001,6310907.001
PC1252,C14,SKPL-35,174,0,3,2025-11-06 21:39:50.345777,353967.22,6302640.16
PC1252,C14,SKPJ-40,9911,31,60,2025-11-06 21:39:50.345783,353967.22,6302640.16
PG1704,105,SJPD-95,2578,6,10,2025-11-06 21:40:42.297804,341758.337,6287549.184
PG1704,105,SJPC-36,5165,14,18,2025-11-06 21:40:42.297809,341758.337,6287549.184
PG1704,G39,SDSW-55,1027,0,3,2025-11-06 21:40:42.297810,341758.337,6287549.184
PG1704,G09,SHXB-15,1963,4,8,2025-11-06 21:40:42.297812,341758.337,6287549.184
PC195,505,SRTK-26,2177,5,9,2025-11-06 21:41:14.312408,348545.766,6299284.309
PC195,505,SRTK-25,3672,10,14,2025-11-06 21:41:14.312414,348545.766,6299284.309
PC195,405,PFVK-94,1584,3,7,2025-11-06 21:41:14.312415,348545.766,6299284.309
PC195,405,PDZH-78,3502,9,13,2025-11-06 21:41:14.312416,348545.766,6299284.309
PC195,412,SKPK-22,3054,8,12,2025-11-06 21:41:14.312417,348545.766,6299284.309
PC195,412,PFVG-95,13759,43,60,2025-11-06 21:41:14.312418,348545.766,6299284.309
PC195,418,PFYC-60,2395,6,10,2025-11-06 21:41:14.312419,348545.766,6299284.309
PC195,418,PFYC-75,6262,18,22,2025-11-06 21:41:14.312420,348545.766,6299284.309
PC195,421,PDZS-83,1584,3,7,2025-11-06 21:41:14.312421,348545.766,6299284.309
PC195,421,PFYG-45,6818,20,24,2025-11-06 21:41:14.312421,348545.766,6299284.309
PC195,106,PFVH-95,4232,11,15,2025-11-06 21:41:14.312422,348545.766,6299284.309
PC195,106,PFVH-98,5579,16,20,2025-11-06 21:41:14.312423,348545.766,6299284.309
PC195,401,PFTF-86,3029,8,12,2025-11-06 21:41:14.312424,348545.766,6299284.309
PC195,401,PFYG-69,6699,19,23,2025-11-06 21:41:14.312425,348545.766,6299284.309
PC195,508,PFXB-92,906,0,3,2025-11-06 21:41:14.312426,348545.766,6299284.309
PC195,508,GCBD-13,1873,4,8,2025-11-06 21:41:14.312427,348545.766,6299284.309
PC195,514,FLXW-59,3485,9,13,2025-11-06 21:41:14.312428,348545.766,6299284.309
PC195,514,FLXV-51,8096,26,60,2025-11-06 21:41:14.312428,348545.766,6299284.309
PF425,F10,SRSC-39,1272,0,4,2025-11-06 21:41:51.728065,353894.389,6281323.331
PF425,F10,SRRY-79,4010,11,15,2025-11-06 21:41:51.728070,353894.389,6281323.331
PF425,F09,LBTT-13,357,0,3,2025-11-06 21:41:51.728071,353894.389,6281323.331
PF425,F09,SHCW-62,2857,7,11,2025-11-06 21:41:51.728072,353894.389,6281323.331
PF425,124,LBTS-91,208,0,3,2025-11-06 21:41:51.728072,353894.389,6281323.331
PF425,124,LCTG-42,7602,22,26,2025-11-06 21:41:51.728073,353894.389,6281323.331
PF425,F25,SRVK-61,3464,9,13,2025-11-06 21:41:51.728074,353894.389,6281323.331
PF425,F25,LCTG-41,3958,10,14,2025-11-06 21:41:51.728075,353894.389,6281323.331
PF425,F26,SPVT-65,522,0,2,2025-11-06 21:41:51.728076,353894.389,6281323.331
PF425,F26,SPVT-99,3098,8,12,2025-11-06 21:41:51.728077,353894.389,6281323.331
PF425,F29,SPVV-63,208,0,3,2025-11-06 21:41:51.728077,353894.389,6281323.331
PF425,F29,SPVV-95,2440,6,10,2025-11-06 21:41:51.728078,353894.389,6281323.331
PE243,226,VFPX-63,1893,4,8,2025-11-06 21:42:32.691272,352157.141,6286194.904
PE243,226,VGBX-49,3677,10,14,2025-11-06 21:42:32.691276,352157.141,6286194.904
PE243,E01,VKJX-84,4610,13,17,2025-11-06 21:42:32.691277,352157.141,6286194.904
PE243,E01,VKJY-86,4634,13,17,2025-11-06 21:42:32.691278,352157.141,6286194.904
PJ110,J01,FLXL-91,5457,15,19,2025-11-06 21:44:31.774068,335294.762,6297232.855
PJ110,J01,CJRZ-87,5799,16,20,2025-11-06 21:44:31.774073,335294.762,6297232.855
PJ110,428,SJPD-80,4018,11,15,2025-11-06 21:44:31.774074,335294.762,6297232.855
PJ110,428,SJPD-55,10809,34,60,2025-11-06 21:44:31.774075,335294.762,6297232.855
PJ110,444,SKPH-73,10788,34,60,2025-11-06 21:44:31.774076,335294.762,6297232.855
PJ110,444,SHXD-77,15665,49,60,2025-11-06 21:44:31.774077,335294.762,6297232.855
PI1345,506,TBFR-31,1867,10,14,2025-11-06 21:44:34.704468,336821.46,6289144.671
PI1345,506,FLXV-61,2156,10,14,2025-11-06 21:44:34.704472,336821.46,6289144.671
PI1345,506e,LXWS-41,640,0,2,2025-11-06 21:44:34.704474,336821.46,6289144.671
PI1345,506e,LXWS-38,3705,10,14,2025-11-06 21:44:34.704474,336821.46,6289144.671
PI1345,506v,TBFV-13,2048,4,8,2025-11-06 21:44:34.704475,336821.46,6289144.671
PB1071,B09,SHCY-33,9493,30,60,2025-11-06 21:44:36.617585,339877.634,6303062.243
PB1071,B09,SHCY-39,9487,30,60,2025-11-06 21:44:36.617591,339877.634,6303062.243
PB1071,120,TXZK-38,1587,3,7,2025-11-06 21:44:36.617592,339877.634,6303062.243
PE239,E01,VKJX-84,2778,7,11,2025-11-06 21:44:38.716138,351040.816,6286135.934
PE239,E01,VKJY-86,3077,8,12,2025-11-06 21:44:38.716143,351040.816,6286135.934
PE239,226,VFPX-63,581,0,2,2025-11-06 21:44:38.716144,351040.816,6286135.934
PE239,226,VGBX-49,2516,6,10,2025-11-06 21:44:38.716145,351040.816,6286135.934
PG426,G18,SDSW-54,521,0,2,2025-11-06 21:44:40.479069,345468.848,6289943.374
PG426,G18,SCRW-48,945,0,3,2025-11-06 21:44:40.479074,345468.848,6289943.374
PI1658,I24,VHSX-75,311,0,3,2025-11-06 21:44:42.442751,336923.1,6288514.8
PI1658,I24,VHSY-37,5535,15,19,2025-11-06 21:44:42.442755,336923.1,6288514.8
PB933,B11,SKDJ-93,374,0,3,2025-11-06 21:44:44.163400,344190.349,6305692.442
PB933,B11,SGPY-82,5097,14,18,2025-11-06 21:44:44.163404,344190.349,6305692.442
PB933,B06,SKDJ-82,1225,0,4,2025-11-06 21:44:44.163405,344190.349,6305692.442
PB933,B21,SGPY-90,5020,14,18,2025-11-06 21:44:44.163406,344190.349,6305692.442
PB933,230,GCBC-23,3652,10,14,2025-11-06 21:44:44.163407,344190.349,6305692.442
PB933,230,GCBB-35,7871,23,27,2025-11-06 21:44:44.163408,344190.349,6305692.442
PB1727,B14,FLXJ-64,7240,21,25,2025-11-06 21:44:46.545814,349148.153,6302856.285
PB1727,B14,FLXJ-42,11702,37,60,2025-11-06 21:44:46.545819,349148.153,6302856.285
PJ490,508,FLXV-65,4050,11,15,2025-11-06 21:44:48.229476,339112.469,6300408.811
PJ490,J03,FLXG-38,3929,10,14,2025-11-06 21:44:48.229481,339112.469,6300408.811
PH740,H14,FLXR-38,1650,3,7,2025-11-06 21:44:52.136514,348269.464,6290405.79
PD56,104,SKWD-82,1565,3,7,2025-11-06 21:44:56.319947,351455.46,6297529.73
PD56,104,SKWD-67,3584,9,13,2025-11-06 21:44:56.319952,351455.46,6297529.73
PD56,212,LZPT-72,1645,3,7,2025-11-06 21:44:56.319953,351455.46,6297529.73
PD56,212,LZPR-95,2261,5,9,2025-11-06 21:44:56.319954,351455.46,6297529.73
PE1351,226,VFPF-21,6193,18,22,2025-11-06 21:44:58.382956,348449.492,6290057.587
PE1351,226,VFRF-35,7354,21,25,2025-11-06 21:44:58.382962,348449.492,6290057.587
PE1351,329,FLXR-35,2680,6,10,2025-11-06 21:44:58.382963,348449.492,6290057.587
PE1351,329,FLXR-17,7781,23,27,2025-11-06 21:44:58.382964,348449.492,6290057.587
PE1351,E12,VFJS-61,999,0,3,2025-11-06 21:44:58.382965,348449.492,6290057.587
PE1351,E12,VFKR-65,5483,15,19,2025-11-06 21:44:58.382966,348449.492,6290057.587
PH263,302,BJFW-68,3997,11,15,2025-11-06 21:45:00.457993,345828.84,6293666.33
PH263,302,BJFW-98,5077,14,18,2025-11-06 21:45:00.457998,345828.84,6293666.33
PD1108,D11,STRJ-57,424,0,3,2025-11-06 21:45:02.230069,355655.965,6296789.259
PD1108,D11,SVDC-23,1698,3,7,2025-11-06 21:45:02.230075,355655.965,6296789.259
PI226,509,CJRW-48,3449,9,13,2025-11-06 21:45:04.040659,337715.733,6290407.866
PI226,423,PFVC-59,5228,15,19,2025-11-06 21:45:04.040664,337715.733,6290407.866
PI226,110,LXWS-33,932,0,3,2025-11-06 21:45:04.040665,337715.733,6290407.866
PI226,110,LXWR-82,953,0,3,2025-11-06 21:45:04.040666,337715.733,6290407.866
PI226,348,VHTB-75,446,0,3,2025-11-06 21:45:04.040667,337715.733,6290407.866
PI226,348,VHSY-18,5234,15,19,2025-11-06 21:45:04.040667,337715.733,6290407.866
PI72,105,SHXD-76,2149,5,9,2025-11-06 21:45:06.577912,343108.699,6295316.767
PI72,105,SJPC-44,2361,5,9,2025-11-06 21:45:06.577918,343108.699,6295316.767
PI72,120,STHF-15,4827,13,17,2025-11-06 21:45:06.577919,343108.699,6295316.767
PI72,120,TXZH-39,7636,22,26,2025-11-06 21:45:06.577920,343108.699,6295316.767
PI72,385,FLXL-29,4056,11,15,2025-11-06 21:45:06.577921,343108.699,6295316.767
PI72,385,FLXK-52,5341,15,19,2025-11-06 21:45:06.577922,343108.699,6295316.767
PE1298,325,VFKV-80,4245,11,15,2025-11-06 21:45:08.515894,351463.49,6287776.039
PE1298,325,VFJD-31,5667,16,20,2025-11-06 21:45:08.515899,351463.49,6287776.039
PE1298,E15c,VFJF-17,1194,0,4,2025-11-06 21:45:08.515900,351463.49,6287776.039
PE1298,E15c,VFJS-19,1886,4,8,2025-11-06 21:45:08.515901,351463.49,6287776.039
PG65,201,GCBB-42,1423,0,4,2025-11-06 21:45:12.710181,345721.115,6289065.633
PG65,201,GCBB-14,4065,11,15,2025-11-06 21:45:12.710185,345721.115,6289065.633
PG65,301,BJFZ-67,6,0,3,2025-11-06 21:45:12.710186,345721.115,6289065.633
PG65,301,CJRB-42,1262,0,4,2025-11-06 21:45:12.710187,345721.115,6289065.633
PG65,229,VJKT-63,1278,0,4,2025-11-06 21:45:12.710188,345721.115,6289065.633
PG65,229,VJKF-44,3428,9,13,2025-11-06 21:45:12.710189,345721.115,6289065.633
PG65,271,FYTS-89,400,0,3,2025-11-06 21:45:12.710190,345721.115,6289065.633
PG65,271,FLXL-89,1117,0,4,2025-11-06 21:45:12.710191,345721.115,6289065.633
PG65,G18,SCRZ-15,0,0,3,2025-11-06 21:45:12.710191,345721.115,6289065.633
PG65,G18,SDSW-62,3994,11,15,2025-11-06 21:45:12.710192,345721.115,6289065.633
PG65,223,SHCV-35,6955,20,24,2025-11-06 21:45:12.710193,345721.115,6289065.633
PH292,428,SJPD-79,3052,8,12,2025-11-06 21:45:14.805376,342111.814,6289630.608
PH292,428,SHCV-84,4915,14,18,2025-11-06 21:45:14.805380,342111.814,6289630.608
PH292,444,SHXD-77,4915,14,18,2025-11-06 21:45:14.805381,342111.814,6289630.608
PH292,118,FLXX-46,1561,3,7,2025-11-06 21:45:14.805382,342111.814,6289630.608
PH292,118,CJRX-40,1849,4,8,2025-11-06 21:45:14.805383,342111.814,6289630.608
PH292,I05,VHSY-28,1025,0,3,2025-11-06 21:45:14.805384,342111.814,6289630.608
PH292,I05,VHTB-49,6455,18,22,2025-11-06 21:45:14.805384,342111.814,6289630.608
PB1328,B17,LDJP-73,6950,20,24,2025-11-06 21:45:16.902917,345270.824,6301404.512
PB1328,B17,SHCY-62,7592,22,26,2025-11-06 21:45:16.902922,345270.824,6301404.512
PB982,B06,SKDG-90,3523,9,13,2025-11-06 21:45:18.880306,345895.245,6304125.561
PB982,B06,SKDF-92,5486,15,19,2025-11-06 21:45:18.880312,345895.245,6304125.561
PB1251,B45,FLXF-45,1859,4,8,2025-11-06 21:45:20.476749,338220.423,6308203.239
PB1251,B45,FLXD-86,3769,10,14,2025-11-06 21:45:20.476754,338220.423,6308203.239
PB1251,315e,VHSX-80,683,0,2,2025-11-06 21:45:20.476755,338220.423,6308203.239
PI271,111,FLXZ-92,949,0,3,2025-11-06 21:45:22.608561,333714.357,6286183.537
PI271,I35,SFGY-67,57,0,3,2025-11-06 21:45:22.608566,333714.357,6286183.537
PI271,I35,SHXG-72,1496,3,7,2025-11-06 21:45:22.608567,333714.357,6286183.537
PI271,I11,FLXZ-25,936,0,3,2025-11-06 21:45:22.608568,333714.357,6286183.537
PG1103,G11,THTG-81,638,0,2,2025-11-06 21:45:24.734951,347569.45,6289001.121
PG1103,G11,THTD-65,1498,3,7,2025-11-06 21:45:24.734956,347569.45,6289001.121
PB1625,B05,SPCG-55,4660,13,17,2025-11-06 21:45:26.812320,343548.229,6307311.027
PB1625,B05,SPCG-47,10162,32,60,2025-11-06 21:45:26.812325,343548.229,6307311.027
PB846,B04,SHXD-94,2406,6,10,2025-11-06 21:45:28.882958,343449.112,6303980.718
PB846,B26,FLXS-57,3247,8,12,2025-11-06 21:45:28.882964,343449.112,6303980.718
PB846,214,GCBB-46,0,0,3,2025-11-06 21:45:28.882965,343449.112,6303980.718
PB846,214,GCBB-67,2979,7,11,2025-11-06 21:45:28.882966,343449.112,6303980.718
PE1520,233,SFPG-45,1820,4,8,2025-11-06 21:45:30.964402,348773.5,6289368.4
PE1520,233,SHXB-11,6355,18,22,2025-11-06 21:45:30.964407,348773.5,6289368.4
PE1520,E02,VKJX-86,4678,13,17,2025-11-06 21:45:30.964408,348773.5,6289368.4
PD1310,D10,STRJ-56,903,0,3,2025-11-06 21:45:33.056741,352219.264,6293249.217
PE455,E04,VKJX-32,538,0,2,2025-11-06 21:45:35.113094,353203.26,6289306.368
PE455,E04,VKJX-80,3858,10,14,2025-11-06 21:45:35.113099,353203.26,6289306.368
PB1472,B26,HVFH-33,2195,5,9,2025-11-06 21:45:37.161645,344237.227,6302140.154
PB1472,B26,FLXS-57,5791,16,20,2025-11-06 21:45:37.161651,344237.227,6302140.154
PJ306,J13c,PFXC-21,1121,0,4,2025-11-06 21:45:39.092140,338705.265,6300936.539
PJ306,J13c,FLXD-57,4102,11,15,2025-11-06 21:45:39.092144,338705.265,6300936.539
PJ306,542,FLXV-45,1821,4,8,2025-11-06 21:45:39.092145,338705.265,6300936.539
PJ306,542,TBFP-84,8770,28,60,2025-11-06 21:45:39.092146,338705.265,6300936.539
PJ306,502,BJFD-74,5754,16,20,2025-11-06 21:45:39.092147,338705.265,6300936.539
PJ306,502,BJFD-37,6440,18,22,2025-11-06 21:45:39.092148,338705.265,6300936.539
PJ306,J05,TBFX-78,1619,3,7,2025-11-06 21:45:39.092149,338705.265,6300936.539
PJ306,J05,GCBC-91,8588,27,60,2025-11-06 21:45:39.092149,338705.265,6300936.539
PJ306,J13,TBFW-66,2559,6,10,2025-11-06 21:45:39.092150,338705.265,6300936.539
PJ306,J13,TBFT-49,2987,7,11,2025-11-06 21:45:39.092151,338705.265,6300936.539
PD539,507,TBFW-68,643,0,2,2025-11-06 21:45:40.677557,356785.5,6294845.213
PD539,507,PFXB-88,3945,10,14,2025-11-06 21:45:40.677562,356785.5,6294845.213
PD539,511,TBFR-18,5591,16,20,2025-11-06 21:45:40.677563,356785.5,6294845.213
PD539,511,PFWZ-54,7451,22,26,2025-11-06 21:45:40.677564,356785.5,6294845.213
PD539,519,PFXC-32,5518,15,19,2025-11-06 21:45:40.677565,356785.5,6294845.213
PD539,519,FLXW-21,5552,16,20,2025-11-06 21:45:40.677566,356785.5,6294845.213
PD539,506,PFXB-98,193,0,2,2025-11-06 21:45:40.677566,356785.5,6294845.213
PD539,506,TBFR-97,3945,19,23,2025-11-06 21:45:40.677567,356785.5,6294845.213
PD539,506e,LZPH-33,1227,0,4,2025-11-06 21:45:40.677568,356785.5,6294845.213
PD539,506e,LXWR-71,17548,55,60,2025-11-06 21:45:40.677569,356785.5,6294845.213
PD539,506v,TBFX-43,3345,9,13,2025-11-06 21:45:40.677570,356785.5,6294845.213
PD539,506v,TBFR-44,4003,11,15,2025-11-06 21:45:40.677570,356785.5,6294845.213
PG657,G01,THTF-95,706,0,2,2025-11-06 21:45:42.744891,345052.634,6289371.679
PG657,G01,THTD-94,3058,8,12,2025-11-06 21:45:42.744896,345052.634,6289371.679
PG657,329,FLXR-17,3216,8,12,2025-11-06 21:45:42.744897,345052.634,6289371.679
PG657,329,FLXR-31,8653,27,60,2025-11-06 21:45:42.744898,345052.634,6289371.679
PG1907,G38,THTF-18,1649,3,7,2025-11-06 21:45:44.788773,343149.83,6279421.62
PG1907,G38,THTG-76,3596,9,13,2025-11-06 21:45:44.788779,343149.83,6279421.62
PG1907,G08v,FLXV-18,1936,4,8,2025-11-06 21:45:44.788780,343149.83,6279421.62
PG1907,G08v,FLXV-32,2465,6,10,2025-11-06 21:45:44.788781,343149.83,6279421.62
PG1907,G32,THTF-43,1655,3,7,2025-11-06 21:45:44.788782,343149.83,6279421.62
PG1907,G32,THTC-30,3514,9,13,2025-11-06 21:45:44.788782,343149.83,6279421.62
PB1206,B13,STHK-70,4934,14,18,2025-11-06 21:45:46.885375,339085.799,6307460.912
PB1206,B12,SPCG-80,284,0,3,2025-11-06 21:45:46.885380,339085.799,6307460.912
PB1206,B12,SKDH-90,3790,10,14,2025-11-06 21:45:46.885381,339085.799,6307460.912
PJ1714,J08,TBFT-42,810,0,3,2025-11-06 21:45:48.715220,336729.98,6296410.236
PJ1714,J08,PFXC-73,2970,7,11,2025-11-06 21:45:48.715224,336729.98,6296410.236
PG1430,I24,VHSY-43,2451,6,10,2025-11-06 21:45:50.511468,338391.335,6287361.8
PG1430,I24,VHSY-42,4995,14,18,2025-11-06 21:45:50.511473,338391.335,6287361.8
PJ313,502,BJFJ-15,299,0,3,2025-11-06 21:45:52.704127,336999.534,6301155.687
PJ313,502,BJFD-74,7494,22,26,2025-11-06 21:45:52.704131,336999.534,6301155.687
PJ313,J05,TBFX-78,3122,8,12,2025-11-06 21:45:52.704132,336999.534,6301155.687
PJ313,J05,GCBC-91,10329,33,60,2025-11-06 21:45:52.704133,336999.534,6301155.687
PJ313,J13,TBFW-66,4299,12,16,2025-11-06 21:45:52.704134,336999.534,6301155.687
PJ313,J13,TBFT-49,4453,12,16,2025-11-06 21:45:52.704135,336999.534,6301155.687
PJ313,J13c,PFXC-21,2796,7,11,2025-11-06 21:45:52.704136,336999.534,6301155.687
PJ313,J13c,FLXD-57,5842,17,21,2025-11-06 21:45:52.704136,336999.534,6301155.687
PB290,B11,SKDJ-93,1678,3,7,2025-11-06 21:45:54.775135,342919.587,6306518.875
PB290,B11,SGPY-82,6581,19,23,2025-11-06 21:45:54.775140,342919.587,6306518.875
PB290,B12,SKDJ-76,1268,0,4,2025-11-06 21:45:54.775142,342919.587,6306518.875
PB290,B12,SKDG-24,4786,13,17,2025-11-06 21:45:54.775142,342919.587,6306518.875
PB290,230,GCBB-35,8980,28,60,2025-11-06 21:45:54.775143,342919.587,6306518.875
PB290,230,GCBB-53,10130,32,60,2025-11-06 21:45:54.775144,342919.587,6306518.875
PB290,308,FLXH-35,1101,0,3,2025-11-06 21:45:54.775145,342919.587,6306518.875
PB290,308,FLXH-96,5171,14,18,2025-11-06 21:45:54.775146,342919.587,6306518.875
PB290,201,GCBB-26,1857,4,8,2025-11-06 21:45:54.775147,342919.587,6306518.875
PB290,201,GCBB-30,2033,4,8,2025-11-06 21:45:54.775148,342919.587,6306518.875
PI599,I03,FLXL-44,2250,5,9,2025-11-06 21:45:56.853836,338494.951,6293356.131
PI599,I03,FLXL-33,6587,19,23,2025-11-06 21:45:56.853841,338494.951,6293356.131
PI599,I10,FLXG-53,2067,5,9,2025-11-06 21:45:56.853843,338494.951,6293356.131
PI599,I10,FLXL-49,6098,17,21,2025-11-06 21:45:56.853844,338494.951,6293356.131
PI599,I20,FLXL-25,152,0,3,2025-11-06 21:45:56.853845,338494.951,6293356.131
PI599,423,PGPT-30,543,0,2,2025-11-06 21:45:56.853846,338494.951,6293356.131
PI599,423,PFVC-58,5771,16,20,2025-11-06 21:45:56.853847,338494.951,6293356.131
PH165,204,VFPW-73,2337,5,9,2025-11-06 21:45:58.945816,348608.209,6293518.846
PH165,234,SFST-38,3513,9,13,2025-11-06 21:45:58.945820,348608.209,6293518.846
PH165,234,SFST-18,5342,15,19,2025-11-06 21:45:58.945821,348608.209,6293518.846
PC403,421,PFBD-65,6923,20,24,2025-11-06 21:46:03.143808,358892.758,6303860.164
PC403,421,PFVK-84,12183,38,60,2025-11-06 21:46:03.143814,358892.758,6303860.164
PC106,C07,SGPW-43,383,0,3,2025-11-06 21:46:05.126211,354421.221,6301671.366
PC106,C07,SKPP-16,2552,6,10,2025-11-06 21:46:05.126217,354421.221,6301671.366
PC106,216,LZPW-19,321,0,3,2025-11-06 21:46:05.126218,354421.221,6301671.366
PI1254,I10,FLXG-76,1071,0,3,2025-11-06 21:46:08.849239,336232.734,6289931.543
PI1254,I10,FLXL-32,5292,15,19,2025-11-06 21:46:08.849244,336232.734,6289931.543
PI1254,423,PFVC-59,2347,5,9,2025-11-06 21:46:08.849245,336232.734,6289931.543
PI1254,I21,FLXL-46,1811,4,8,2025-11-06 21:46:08.849246,336232.734,6289931.543
PI1254,I01,FLXJ-14,984,0,3,2025-11-06 21:46:08.849247,336232.734,6289931.543
PE262,E12,VFJK-37,2772,7,11,2025-11-06 21:46:12.427773,349938.126,6287756.158
PE262,E12,VJKS-46,6554,19,23,2025-11-06 21:46:12.427778,349938.126,6287756.158
PE262,226,VFPD-41,2870,7,11,2025-11-06 21:46:12.427780,349938.126,6287756.158
PE262,226,VFRG-35,3156,8,12,2025-11-06 21:46:12.427780,349938.126,6287756.158
PE262,E18,BJFT-69,2069,5,9,2025-11-06 21:46:12.427781,349938.126,6287756.158
PE262,E01,VKJY-92,3044,8,12,2025-11-06 21:46:12.427782,349938.126,6287756.158
PF251,F03c,SHXF-36,718,0,2,2025-11-06 21:46:14.530091,354268.767,6280127.391
PF251,F03c,LBTT-12,1237,0,4,2025-11-06 21:46:14.530096,354268.767,6280127.391
PF251,F03,FLXG-88,0,0,3,2025-11-06 21:46:14.530097,354268.767,6280127.391
PF251,F03,SPVT-75,4438,12,16,2025-11-06 21:46:14.530098,354268.767,6280127.391
PE1314,385,FLXL-74,1447,3,7,2025-11-06 21:46:16.661504,349991.872,6290447.763
PE1314,385,FLXK-78,1520,3,7,2025-11-06 21:46:16.661509,349991.872,6290447.763
PG232,216,LZPW-20,0,0,3,2025-11-06 21:46:18.214016,346169.677,6282847.729
PG232,216,LZPT-77,2201,5,9,2025-11-06 21:46:18.214021,346169.677,6282847.729
PG232,G23,SFWZ-66,1993,4,8,2025-11-06 21:46:18.214022,346169.677,6282847.729
PG232,G23,SFWB-10,6819,20,24,2025-11-06 21:46:18.214023,346169.677,6282847.729
PG232,G13,SCRZ-35,3102,8,12,2025-11-06 21:46:18.214024,346169.677,6282847.729
PG232,G13,SDSW-61,3161,8,12,2025-11-06 21:46:18.214024,346169.677,6282847.729
PG232,212,LZPR-89,2572,6,10,2025-11-06 21:46:18.214025,346169.677,6282847.729
PG232,212,LZPS-14,4817,13,17,2025-11-06 21:46:18.214026,346169.677,6282847.729
PC616,C13,SHXF-94,680,0,2,2025-11-06 21:46:20.321448,358962.55,6306447.843
PC616,C13,SHXG-37,596,0,2,2025-11-06 21:46:20.321454,358962.55,6306447.843
PC616,C19,SGPY-63,902,0,3,2025-11-06 21:46:20.321455,358962.55,6306447.843
PC616,C28,SGPW-46,3980,11,15,2025-11-06 21:46:20.321456,358962.55,6306447.843
PC616,C28,SHCV-75,8322,26,60,2025-11-06 21:46:20.321457,358962.55,6306447.843
PC616,C01c,SPBL-76,1835,4,8,2025-11-06 21:46:20.321459,358962.55,6306447.843
PC616,C01c,LXWP-63,2818,7,11,2025-11-06 21:46:20.321459,358962.55,6306447.843
PC616,409,SKWD-80,52,0,3,2025-11-06 21:46:20.321461,358962.55,6306447.843
PC616,409,SKWD-68,2260,5,9,2025-11-06 21:46:20.321462,358962.55,6306447.843
PC616,C01,LDJJ-60,4093,11,15,2025-11-06 21:46:20.321463,358962.55,6306447.843
PC616,C01,LCPW-38,5240,15,19,2025-11-06 21:46:20.321464,358962.55,6306447.843
PC616,C16,LDTC-11,1377,0,4,2025-11-06 21:46:20.321465,358962.55,6306447.843
PC616,C05,LDSX-93,1922,4,8,2025-11-06 21:46:20.321466,358962.55,6306447.843
PC616,C05,LDSW-89,1921,4,8,2025-11-06 21:46:20.321467,358962.55,6306447.843
PG1459,G22,THTH-80,2130,5,9,2025-11-06 21:46:22.446305,343285.27,6286457.84
PG328,302,BJFW-15,802,0,3,2025-11-06 21:46:24.540106,347213.493,6286821.972
PG328,302,BJFV-20,1422,0,4,2025-11-06 21:46:24.540111,347213.493,6286821.972
PG328,229,VJXC-42,1393,0,4,2025-11-06 21:46:24.540112,347213.493,6286821.972
PG328,229,VJKD-70,2478,6,10,2025-11-06 21:46:24.540113,347213.493,6286821.972
PJ835,J07e,VJBB-60,12181,38,60,2025-11-06 21:46:26.659371,327724.115,6303986.709
PJ835,J07e,VJBB-31,18243,58,60,2025-11-06 21:46:26.659375,327724.115,6303986.709
PJ254,510,GCBC-43,1009,0,3,2025-11-06 21:46:28.472437,337270.827,6296777.925
PJ254,510,GCBD-46,2548,6,10,2025-11-06 21:46:28.472441,337270.827,6296777.925
PJ254,516,PFXB-56,2615,6,10,2025-11-06 21:46:28.472442,337270.827,6296777.925
PJ254,424,GCBD-52,1065,0,3,2025-11-06 21:46:28.472443,337270.827,6296777.925
PJ254,424,TBFX-71,9019,28,60,2025-11-06 21:46:28.472444,337270.827,6296777.925
PG2108,G27,THTF-74,672,0,2,2025-11-06 21:46:30.036189,341020.0,6281149.0
PG2108,G27,THTF-28,9020,28,60,2025-11-06 21:46:30.036193,341020.0,6281149.0
PG2108,G02,FLXP-22,1932,4,8,2025-11-06 21:46:30.036194,341020.0,6281149.0
PG2108,G02,CJRP-13,5224,14,18,2025-11-06 21:46:30.036195,341020.0,6281149.0
PH454,H24,VGRF-45,848,0,3,2025-11-06 21:46:32.090895,347115.407,6292747.625
PH454,H24,VGRB-23,6772,19,23,2025-11-06 21:46:32.090900,347115.407,6292747.625
PG2131,G28,BJFT-56,1565,3,7,2025-11-06 21:46:36.269378,343745.001,6281841.001
PG143,216,LZPV-99,898,0,3,2025-11-06 21:46:38.222513,347970.666,6283617.197
PG143,216,LZPG-13,3464,9,13,2025-11-06 21:46:38.222518,347970.666,6283617.197
PD643,510,TBFR-13,606,0,2,2025-11-06 21:46:39.736195,349123.737,6296669.983
PD643,510,PFXB-75,5400,15,19,2025-11-06 21:46:39.736200,349123.737,6296669.983
PD643,519,FLXW-43,5152,14,18,2025-11-06 21:46:39.736201,349123.737,6296669.983
PD643,519,PFXC-64,6820,20,24,2025-11-06 21:46:39.736202,349123.737,6296669.983
PD643,516,GCBD-65,1119,0,4,2025-11-06 21:46:39.736203,349123.737,6296669.983
PD643,516,GCBD-75,5647,16,20,2025-11-06 21:46:39.736204,349123.737,6296669.983
PJ1703,422c,LXWP-74,2949,7,11,2025-11-06 21:46:41.776390,336057.774,6298750.769
PJ1703,422,PFXC-58,963,0,3,2025-11-06 21:46:41.776396,336057.774,6298750.769
PG202,118,CJRY-74,1983,4,8,2025-11-06 21:46:43.888514,345881.793,6287808.308
PG202,118,FLXS-99,4797,13,17,2025-11-06 21:46:43.888520,345881.793,6287808.308
PG202,302,BJFZ-31,3030,8,12,2025-11-06 21:46:43.888521,345881.793,6287808.308
PG202,302,BJFW-66,7656,22,26,2025-11-06 21:46:43.888522,345881.793,6287808.308
PG202,211,TBYY-72,1637,3,7,2025-11-06 21:46:43.888523,345881.793,6287808.308
PG202,229,VJKT-63,0,0,3,2025-11-06 21:46:43.888524,345881.793,6287808.308
PG202,229,VJKF-44,2236,5,9,2025-11-06 21:46:43.888525,345881.793,6287808.308
PE784,F25,SRVH-10,1838,4,8,2025-11-06 21:46:45.987118,352589.637,6288830.943
PA152,205,LZRD-61,9,0,3,2025-11-06 21:46:47.910933,347218.513,6297212.453
PA152,205,LZRD-89,9,0,3,2025-11-06 21:46:47.910939,347218.513,6297212.453
PA152,207,VJKR-68,3872,10,14,2025-11-06 21:46:47.910940,347218.513,6297212.453
PA152,207,VJXW-29,4687,13,17,2025-11-06 21:46:47.910941,347218.513,6297212.453
PA152,209,VJKP-74,122,0,3,2025-11-06 21:46:47.910942,347218.513,6297212.453
PA152,209,VJYX-85,1873,4,8,2025-11-06 21:46:47.910943,347218.513,6297212.453
PG1089,G11,THTD-80,6048,17,21,2025-11-06 21:46:52.044254,348255.252,6285298.182
PG1089,G11,THTF-97,8101,26,60,2025-11-06 21:46:52.044259,348255.252,6285298.182
PG261,G02,FLXD-22,487,0,2,2025-11-06 21:46:54.130125,342528.513,6280147.537
PG261,G02,SFWZ-91,3310,8,12,2025-11-06 21:46:54.130130,342528.513,6280147.537
PG24,271,TBYY-70,2922,7,11,2025-11-06 21:46:56.603109,342792.363,6283285.11
PG24,271,TBYY-64,3896,10,14,2025-11-06 21:46:56.603114,342792.363,6283285.11
PG24,201,GCBB-82,1096,0,3,2025-11-06 21:46:56.603115,342792.363,6283285.11
PG24,201,FLXZ-96,3119,8,12,2025-11-06 21:46:56.603116,342792.363,6283285.11
PG24,211,FLXX-16,2183,5,9,2025-11-06 21:46:56.603116,342792.363,6283285.11
PG24,211,TBZB-19,3634,9,13,2025-11-06 21:46:56.603117,342792.363,6283285.11
PC929,C14,SKPL-27,1091,0,3,2025-11-06 21:46:58.828610,353323.218,6302284.632
PC929,C14,SKPP-21,1091,0,3,2025-11-06 21:46:58.828615,353323.218,6302284.632
PI1607,I04,FLXF-20,2159,5,9,2025-11-06 21:47:00.468509,342091.489,6294928.603
PI1607,I17,FLXK-89,2832,7,11,2025-11-06 21:47:00.468513,342091.489,6294928.603
PI1607,I17,FLXK-61,5283,15,19,2025-11-06 21:47:00.468514,342091.489,6294928.603
PB698,B01,SKHG-47,515,0,2,2025-11-06 21:47:02.235205,341835.891,6303808.527
PB698,B01,SJTD-62,5182,14,18,2025-11-06 21:47:02.235211,341835.891,6303808.527
PB698,B17,SHXF-83,1272,0,4,2025-11-06 21:47:02.235212,341835.891,6303808.527
PB698,B17,SHCY-62,5097,14,18,2025-11-06 21:47:02.235213,341835.891,6303808.527
PB698,B28,TXZH-33,292,0,3,2025-11-06 21:47:02.235214,341835.891,6303808.527
PB698,B28,LDJW-29,1163,0,4,2025-11-06 21:47:02.235215,341835.891,6303808.527
PB1651,B12,LDTF-51,656,0,2,2025-11-06 21:47:04.023128,346027.394,6304872.448
PB1651,B12,SKDF-82,1917,4,8,2025-11-06 21:47:04.023133,346027.394,6304872.448
PB799,B03,SKHG-69,0,0,3,2025-11-06 21:47:06.143816,339529.482,6302306.673
PB799,B03,LXDJ-19,2300,5,9,2025-11-06 21:47:06.143820,339529.482,6302306.673
PB799,B20,SKHG-80,5656,16,20,2025-11-06 21:47:06.143822,339529.482,6302306.673
PB799,B20,LXDH-93,6698,19,23,2025-11-06 21:47:06.143822,339529.482,6302306.673
PI846,I03,FLXL-33,911,0,3,2025-11-06 21:47:08.628798,340919.587,6296277.641
PA724,121,CJRX-50,1169,0,4,2025-11-06 21:47:10.726834,344890.27,6298804.17
PA222,402,PFVG-87,0,0,3,2025-11-06 21:47:16.275075,343993.97,6299155.86
PA222,402,SKPH-70,10500,33,60,2025-11-06 21:47:16.275080,343993.97,6299155.86
PJ276,502,TBFV-97,3551,9,13,2025-11-06 21:47:18.380190,341393.786,6300391.713
PJ276,J05,TBFX-48,5676,16,20,2025-11-06 21:47:18.380195,341393.786,6300391.713
PJ276,J05,TBFX-29,8049,23,27,2025-11-06 21:47:18.380195,341393.786,6300391.713
PJ276,J08,PFXB-80,2712,7,11,2025-11-06 21:47:18.380196,341393.786,6300391.713
PJ276,J08,FLXT-65,6753,19,23,2025-11-06 21:47:18.380197,341393.786,6300391.713
PH1445,214,GCBB-40,598,0,2,2025-11-06 21:47:20.489977,345962.709,6291270.34
PC832,C09,SKPJ-44,2236,5,9,2025-11-06 21:47:22.595023,358825.137,6302603.275
PC832,C09,SKPJ-75,4152,11,15,2025-11-06 21:47:22.595027,358825.137,6302603.275
PD594,508,FLXW-56,6032,17,21,2025-11-06 21:47:24.730888,352558.466,6295456.775
PD594,508,FLXS-66,11282,36,60,2025-11-06 21:47:24.730893,352558.466,6295456.775
PE53,118,FLXX-93,1395,0,4,2025-11-06 21:47:26.809416,354926.595,6290520.882
PE53,E17,FLXT-15,1110,0,4,2025-11-06 21:47:26.809421,354926.595,6290520.882
PG1772,G11,THTG-72,874,0,3,2025-11-06 21:47:28.467008,347198.632,6287564.312
PG1772,G11,THTH-15,2913,7,11,2025-11-06 21:47:28.467013,347198.632,6287564.312
PI1017,404,PFYC-58,1159,0,4,2025-11-06 21:47:30.041288,337590.313,6295240.785
PI1017,404,LXWP-58,8714,28,60,2025-11-06 21:47:30.041294,337590.313,6295240.785
PI1017,I20,FLXG-65,3495,9,13,2025-11-06 21:47:30.041295,337590.313,6295240.785
PI1017,I20,FLXK-87,7171,21,25,2025-11-06 21:47:30.041296,337590.313,6295240.785
PG364,G38,THTD-98,2035,4,8,2025-11-06 21:47:32.189399,343940.634,6280650.429
PG364,G38,THTD-49,7353,23,27,2025-11-06 21:47:32.189404,343940.634,6280650.429
PG364,301,BJFS-55,2320,5,9,2025-11-06 21:47:32.189405,343940.634,6280650.429
PG364,301,BJFX-58,2144,5,9,2025-11-06 21:47:32.189406,343940.634,6280650.429
PG364,301c,BJFZ-63,5127,14,18,2025-11-06 21:47:32.189407,343940.634,6280650.429
PG364,G43,FLXP-36,3607,9,13,2025-11-06 21:47:32.189408,343940.634,6280650.429
PG364,G24,FLXP-29,616,0,2,2025-11-06 21:47:32.189409,343940.634,6280650.429
PG364,G24,FLXX-24,940,0,3,2025-11-06 21:47:32.189410,343940.634,6280650.429
PH99,H06,BJFS-75,8548,27,60,2025-11-06 21:47:36.092910,345549.697,6294384.965
PH99,H24,VGRG-24,1487,3,7,2025-11-06 21:47:36.092915,345549.697,6294384.965
PH99,115,FLXW-18,2554,6,10,2025-11-06 21:47:36.092917,345549.697,6294384.965
PH99,115,GCBD-76,5459,15,19,2025-11-06 21:47:36.092918,345549.697,6294384.965
PH99,125,CJRX-64,5125,14,18,2025-11-06 21:47:36.092919,345549.697,6294384.965
PH99,125,BJFT-96,8647,27,60,2025-11-06 21:47:36.092920,345549.697,6294384.965
PH99,113,FLXW-71,2508,6,10,2025-11-06 21:47:36.092921,345549.697,6294384.965
PH99,113,FLXX-59,8469,27,60,2025-11-06 21:47:36.092922,345549.697,6294384.965
PI1454,I02,FLXZ-39,2485,6,10,2025-11-06 21:47:37.901324,337039.301,6295698.855
PI1454,I02,FLXZ-36,6059,17,21,2025-11-06 21:47:37.901329,337039.301,6295698.855
PI695,101,PFYR-78,3618,9,13,2025-11-06 21:47:40.049261,338814.831,6291517.66
PI695,101,PFTW-78,9483,30,60,2025-11-06 21:47:40.049266,338814.831,6291517.66
PI695,481,PGPT-46,172,0,3,2025-11-06 21:47:40.049267,338814.831,6291517.66
PI695,481,PGPT-56,1808,4,8,2025-11-06 21:47:40.049268,338814.831,6291517.66
PI695,I18,VHTB-39,10141,32,60,2025-11-06 21:47:40.049269,338814.831,6291517.66
PE464,E05,BJFZ-30,221,0,3,2025-11-06 21:47:42.161091,348284.876,6289761.525
PF628,F02,SHCY-63,4521,12,16,2025-11-06 21:47:44.216337,352472.531,6278962.912
PF628,F02,SHCY-42,6564,19,23,2025-11-06 21:47:44.216342,352472.531,6278962.912
PF628,F12,LBTS-83,0,0,3,2025-11-06 21:47:44.216343,352472.531,6278962.912
PD453,403,PFTW-41,2110,5,9,2025-11-06 21:47:46.255594,351578.641,6297138.383
PD453,403,PFVG-98,7514,22,26,2025-11-06 21:47:46.255600,351578.641,6297138.383
PD453,422,TBFX-51,5037,14,18,2025-11-06 21:47:46.255601,351578.641,6297138.383
PD453,422,TBFX-53,9247,29,60,2025-11-06 21:47:46.255602,351578.641,6297138.383
PI1609,I04,FLXL-11,2504,6,10,2025-11-06 21:47:48.556886,342173.714,6295937.189
PI1609,I04,FLXZ-67,11124,35,60,2025-11-06 21:47:48.556891,342173.714,6295937.189
PF990,F25e,LBTS-81,6255,18,22,2025-11-06 21:47:50.122059,351651.297,6279832.976
PF990,F29,SPVT-89,3725,10,14,2025-11-06 21:47:50.122064,351651.297,6279832.976
PF990,F29,SPVV-62,5589,16,20,2025-11-06 21:47:50.122065,351651.297,6279832.976
PI1673,I10,FLXG-72,1289,0,4,2025-11-06 21:47:52.230451,335777.13,6289116.97
PI1673,I10,FLXW-83,5723,16,20,2025-11-06 21:47:52.230456,335777.13,6289116.97
PI1673,106,PFYS-49,2605,6,10,2025-11-06 21:47:52.230457,335777.13,6289116.97
PI1673,106,PFTW-81,5904,17,21,2025-11-06 21:47:52.230458,335777.13,6289116.97
PI1673,401,PFVK-98,658,0,2,2025-11-06 21:47:52.230459,335777.13,6289116.97
PI1673,401,PFVK-49,2069,5,9,2025-11-06 21:47:52.230460,335777.13,6289116.97
PI1673,421,PFYG-91,8825,28,60,2025-11-06 21:47:52.230460,335777.13,6289116.97
PI1673,421,PDYS-16,10417,33,60,2025-11-06 21:47:52.230461,335777.13,6289116.97
PI1673,423,PFYR-94,487,0,2,2025-11-06 21:47:52.230462,335777.13,6289116.97
PI1673,423,PGPT-30,8799,28,60,2025-11-06 21:47:52.230463,335777.13,6289116.97
PB1929,B11,SKDH-34,997,0,3,2025-11-06 21:47:54.323186,338148.849,6307175.812
PB1929,B11,SKDJ-93,7448,22,26,2025-11-06 21:47:54.323191,338148.849,6307175.812
PB1929,308,FLXT-22,524,0,2,2025-11-06 21:47:54.323192,338148.849,6307175.812
PB1929,308,FLXJ-99,3527,9,13,2025-11-06 21:47:54.323193,338148.849,6307175.812
PB1929,308c,TWPC-94,2106,5,9,2025-11-06 21:47:54.323193,338148.849,6307175.812
PB1929,308c,VHTB-65,5877,17,21,2025-11-06 21:47:54.323194,338148.849,6307175.812
PF8,F10,SRPK-56,639,0,2,2025-11-06 21:47:56.454721,355660.313,6285061.684
PF8,F10,SRRY-30,869,0,3,2025-11-06 21:47:56.454725,355660.313,6285061.684
PF8,712,LBTS-76,2568,6,10,2025-11-06 21:47:56.454727,355660.313,6285061.684
PF8,712,SHXG-92,6044,17,21,2025-11-06 21:47:56.454727,355660.313,6285061.684
PF8,124,LBTS-91,4597,13,17,2025-11-06 21:47:56.454728,355660.313,6285061.684
PF8,124,TXZH-43,11444,36,60,2025-11-06 21:47:56.454729,355660.313,6285061.684
PF8,102,LBTS-78,5587,16,20,2025-11-06 21:47:56.454730,355660.313,6285061.684
PF8,104,SKWD-79,344,0,3,2025-11-06 21:47:56.454731,355660.313,6285061.684
PF8,114,SKWD-25,2684,6,10,2025-11-06 21:47:56.454732,355660.313,6285061.684
PF8,F08,SPVV-16,59,0,3,2025-11-06 21:47:56.454732,355660.313,6285061.684
PF8,F08,SPVT-96,5806,16,20,2025-11-06 21:47:56.454733,355660.313,6285061.684
PF8,F13,SRSC-78,532,0,2,2025-11-06 21:47:56.454734,355660.313,6285061.684
PF8,F13,SRRY-93,1337,0,4,2025-11-06 21:47:56.454735,355660.313,6285061.684
PB561,B06,SKDH-95,2233,5,9,2025-11-06 21:47:58.811351,338575.681,6307714.137
PB561,B06,SKDJ-82,7223,21,25,2025-11-06 21:47:58.811356,338575.681,6307714.137
PB561,307,TWPD-98,2556,6,10,2025-11-06 21:47:58.811357,338575.681,6307714.137
PB561,307,VHSY-11,6464,18,22,2025-11-06 21:47:58.811358,338575.681,6307714.137
PB1604,201,FLXZ-99,1649,3,7,2025-11-06 21:48:00.668021,344680.338,6303301.963
PB1604,201,GCBB-41,3951,10,14,2025-11-06 21:48:00.668025,344680.338,6303301.963
PB1604,B10,STHJ-81,1821,4,8,2025-11-06 21:48:00.668027,344680.338,6303301.963
PB1604,B10,LDJP-71,2598,6,10,2025-11-06 21:48:00.668028,344680.338,6303301.963
PB1604,B22,SPCG-44,294,0,3,2025-11-06 21:48:00.668029,344680.338,6303301.963
PB1604,B22,SKPS-21,2974,7,11,2025-11-06 21:48:00.668030,344680.338,6303301.963
PB1604,B27,FLXT-88,2010,4,8,2025-11-06 21:48:00.668031,344680.338,6303301.963
PB1604,B27,FLXT-73,3100,8,12,2025-11-06 21:48:00.668031,344680.338,6303301.963
PB1604,230,GCBB-77,5517,15,19,2025-11-06 21:48:00.668032,344680.338,6303301.963
PB1604,308,FLXT-19,9291,29,60,2025-11-06 21:48:00.668033,344680.338,6303301.963
PB1604,308,FLXK-16,12455,39,60,2025-11-06 21:48:00.668034,344680.338,6303301.963
PB1217,B12,SKDJ-74,8246,26,60,2025-11-06 21:48:04.139994,342231.994,6309911.107
PB1217,B12,SKDH-59,11455,36,60,2025-11-06 21:48:04.139999,342231.994,6309911.107
PB1217,B33,SHXG-90,4212,11,15,2025-11-06 21:48:04.140000,342231.994,6309911.107
PB1217,B33,SHXF-43,11662,37,60,2025-11-06 21:48:04.140001,342231.994,6309911.107
PB1217,B42,FLXT-14,2494,6,10,2025-11-06 21:48:04.140001,342231.994,6309911.107
PB1217,B42,FLXJ-89,8977,28,60,2025-11-06 21:48:04.140002,342231.994,6309911.107
PF591,F33,STHF-57,1087,0,3,2025-11-06 21:48:06.234237,350392.911,6278212.535
PF591,F25e,LBTS-81,2106,5,9,2025-11-06 21:48:06.234241,350392.911,6278212.535
PF591,F13,SRPK-36,2457,6,10,2025-11-06 21:48:06.234242,350392.911,6278212.535
PF591,F13,SRRX-58,4385,12,16,2025-11-06 21:48:06.234243,350392.911,6278212.535
PJ1812,505,SRTG-97,411,0,3,2025-11-06 21:48:08.638903,341537.102,6300852.56
PJ1812,505,VHZV-91,335,0,3,2025-11-06 21:48:08.638907,341537.102,6300852.56
PJ1812,513,VHZX-21,2227,5,9,2025-11-06 21:48:08.638908,341537.102,6300852.56
PJ1812,513,VHZX-20,5081,14,18,2025-11-06 21:48:08.638909,341537.102,6300852.56
PE1282,322,FLXR-44,0,0,3,2025-11-06 21:48:10.793502,351553.502,6290027.302
PE1282,322,BJFV-94,3312,8,12,2025-11-06 21:48:10.793507,351553.502,6290027.302
PE1282,E05,BJFV-85,0,0,3,2025-11-06 21:48:10.793509,351553.502,6290027.302
PE1282,E05,BJFT-52,1677,3,7,2025-11-06 21:48:10.793510,351553.502,6290027.302
PE1282,F25,STHC-95,2354,5,9,2025-11-06 21:48:10.793511,351553.502,6290027.302
PE1282,F25,SRVK-61,11457,36,60,2025-11-06 21:48:10.793512,351553.502,6290027.302
PE1282,F25e,LBTS-81,16729,53,60,2025-11-06 21:48:10.793513,351553.502,6290027.302
PE1282,E06,BJFV-34,2093,5,9,2025-11-06 21:48:10.793513,351553.502,6290027.302
PE1282,E06,BJFT-11,4761,13,17,2025-11-06 21:48:10.793514,351553.502,6290027.302
PE1282,323,FLXP-47,486,0,2,2025-11-06 21:48:10.793515,351553.502,6290027.302
PE1282,323,FLXR-48,7524,22,26,2025-11-06 21:48:10.793516,351553.502,6290027.302
PE1282,D13,BJFV-33,0,0,3,2025-11-06 21:48:10.793517,351553.502,6290027.302
PE1282,D13,BJFT-70,0,0,3,2025-11-06 21:48:10.793518,351553.502,6290027.302
PE1282,E18,BJFS-83,0,0,3,2025-11-06 21:48:10.793519,351553.502,6290027.302
PE1282,E18,CJRB-18,3931,10,14,2025-11-06 21:48:10.793520,351553.502,6290027.302
PE1282,E14,VKJX-53,4775,13,17,2025-11-06 21:48:10.793521,351553.502,6290027.302
PE1282,E17,CJRW-60,229,0,3,2025-11-06 21:48:10.793522,351553.502,6290027.302
PE1282,E17,FLXT-15,5236,15,19,2025-11-06 21:48:10.793523,351553.502,6290027.302
PE1282,E07,FLXF-55,1867,4,8,2025-11-06 21:48:10.793524,351553.502,6290027.302
PE1282,E08,VKJY-12,8065,23,27,2025-11-06 21:48:10.793525,351553.502,6290027.302
PE1282,E08,VKJZ-79,8010,23,27,2025-11-06 21:48:10.793526,351553.502,6290027.302
PE1282,E13,VJXW-66,809,0,3,2025-11-06 21:48:10.793527,351553.502,6290027.302
PE1282,E13,VFHX-28,6169,17,21,2025-11-06 21:48:10.793528,351553.502,6290027.302
PE1282,E15c,VFJF-17,3279,8,12,2025-11-06 21:48:10.793529,351553.502,6290027.302
PE1282,E15c,VFJS-19,4491,12,16,2025-11-06 21:48:10.793530,351553.502,6290027.302
PG318,228,THTG-80,1825,4,8,2025-11-06 21:48:12.860312,346605.862,6286873.205
PG318,228,THTD-20,5058,14,18,2025-11-06 21:48:12.860317,346605.862,6286873.205
PF1012,E13,VFKV-90,1997,4,8,2025-11-06 21:48:14.965403,350734.82,6283741.7
PF1012,E13,VFJP-12,4641,13,17,2025-11-06 21:48:14.965409,350734.82,6283741.7
PF1012,E15c,VFJJ-50,5366,15,19,2025-11-06 21:48:14.965410,350734.82,6283741.7
PF1012,325,VFKS-86,1057,0,3,2025-11-06 21:48:14.965411,350734.82,6283741.7
PF1012,325,VFKV-81,4451,12,16,2025-11-06 21:48:14.965412,350734.82,6283741.7
PB873,B04,SHCW-76,2384,6,10,2025-11-06 21:48:19.217674,345190.729,6301597.993
PB873,B04,SHCX-35,5796,16,20,2025-11-06 21:48:19.217679,345190.729,6301597.993
PB873,B10,LDJP-71,631,0,2,2025-11-06 21:48:19.217680,345190.729,6301597.993
PB873,B10,FLXS-50,9499,30,60,2025-11-06 21:48:19.217681,345190.729,6301597.993
PB873,214,GCBC-16,399,0,3,2025-11-06 21:48:19.217682,345190.729,6301597.993
PB873,214,GCBB-70,784,0,2,2025-11-06 21:48:19.217682,345190.729,6301597.993
PE1375,322,BJFW-55,249,0,3,2025-11-06 21:48:21.312840,355901.451,6288317.837
PE1375,323,FLXR-48,201,0,3,2025-11-06 21:48:21.312845,355901.451,6288317.837
PG787,G07,THTG-95,1904,4,8,2025-11-06 21:48:23.394723,345074.777,6283094.901
PG787,G24,CJRL-65,3492,9,13,2025-11-06 21:48:23.394728,345074.777,6283094.901
PG787,G24,FLXP-19,6162,17,21,2025-11-06 21:48:23.394729,345074.777,6283094.901
PJ2016,B09,SHCY-33,1185,0,4,2025-11-06 21:48:25.452846,334784.017,6305481.991
PJ2016,B09,SHCY-39,1437,3,7,2025-11-06 21:48:25.452851,334784.017,6305481.991
PJ2016,J07e,VHZY-40,5324,15,19,2025-11-06 21:48:25.452852,334784.017,6305481.991
PJ2016,J07e,VJBB-60,20704,65,60,2025-11-06 21:48:25.452853,334784.017,6305481.991
PG126,F20,SPZY-85,0,0,3,2025-11-06 21:48:27.501823,349631.24,6282719.33
PG126,F20,SRVK-73,3952,10,14,2025-11-06 21:48:27.501828,349631.24,6282719.33
PG126,205,LZRD-65,0,0,3,2025-11-06 21:48:27.501829,349631.24,6282719.33
PG126,205,RWTP-84,3550,9,13,2025-11-06 21:48:27.501830,349631.24,6282719.33
PG126,205c,VFPL-31,0,0,3,2025-11-06 21:48:27.501831,349631.24,6282719.33
PG126,205c,VFPS-89,121,0,3,2025-11-06 21:48:27.501831,349631.24,6282719.33
PG126,286,SFPG-46,255,0,3,2025-11-06 21:48:27.501832,349631.24,6282719.33
PF94,205,LZRD-82,293,0,3,2025-11-06 21:48:31.673881,353918.156,6279870.955
PF94,205c,VFPJ-25,1411,0,4,2025-11-06 21:48:31.673886,353918.156,6279870.955
PF94,F16,SPRW-91,3876,10,14,2025-11-06 21:48:31.673887,353918.156,6279870.955
PD320,505,LZPH-42,727,0,2,2025-11-06 21:48:33.763487,350642.773,6297242.285
PD320,505,VHZV-61,2953,7,11,2025-11-06 21:48:33.763492,350642.773,6297242.285
PD320,403,PFVG-82,375,0,3,2025-11-06 21:48:33.763493,350642.773,6297242.285
PD320,403,PFTW-41,2906,7,11,2025-11-06 21:48:33.763494,350642.773,6297242.285
PD320,513,VJJW-18,746,0,2,2025-11-06 21:48:33.763495,350642.773,6297242.285
PD320,513,VJBB-20,815,0,3,2025-11-06 21:48:33.763496,350642.773,6297242.285
PD320,514,FLXV-51,2304,5,9,2025-11-06 21:48:33.763497,350642.773,6297242.285
PD320,514,PFXC-34,6114,17,21,2025-11-06 21:48:33.763497,350642.773,6297242.285
PD320,D03,SVDF-66,2986,7,11,2025-11-06 21:48:33.763498,350642.773,6297242.285
PD320,D03,SVDD-53,6715,19,23,2025-11-06 21:48:33.763499,350642.773,6297242.285
PD320,227,VFPL-63,795,0,3,2025-11-06 21:48:33.763500,350642.773,6297242.285
PD320,227,VFPJ-53,4794,13,17,2025-11-06 21:48:33.763501,350642.773,6297242.285
PD320,325,VJLS-11,2957,7,11,2025-11-06 21:48:33.763502,350642.773,6297242.285
PD320,325,VJXX-54,8109,26,60,2025-11-06 21:48:33.763503,350642.773,6297242.285
PD320,422,TBFX-51,5977,17,21,2025-11-06 21:48:33.763504,350642.773,6297242.285
PI651,423,PFVC-59,393,0,3,2025-11-06 21:48:35.836477,336268.105,6289534.156
PI651,423,PGPT-52,4089,11,15,2025-11-06 21:48:35.836482,336268.105,6289534.156
PI651,I01,FLXJ-16,4076,11,15,2025-11-06 21:48:35.836483,336268.105,6289534.156
PI651,I10,FLXK-62,4892,13,17,2025-11-06 21:48:35.836484,336268.105,6289534.156
PI651,I10,FLXL-32,5715,16,20,2025-11-06 21:48:35.836484,336268.105,6289534.156
PG1357,G11,THTF-12,890,0,3,2025-11-06 21:48:37.911703,348052.403,6286694.61
PG1357,G11,THTF-68,6782,19,23,2025-11-06 21:48:37.911707,348052.403,6286694.61
PI1891,I35,SCRZ-36,890,0,3,2025-11-06 21:48:39.467936,332193.0,6282380.0
PD633,325,VJXX-54,2805,7,11,2025-11-06 21:48:41.600429,352229.977,6293083.79
PD633,325,VFKV-80,9896,31,60,2025-11-06 21:48:41.600433,352229.977,6293083.79
PA456,507,PFXB-39,0,0,3,2025-11-06 21:48:43.631621,344819.353,6297308.628
PA456,507,FLXV-64,5217,14,18,2025-11-06 21:48:43.631626,344819.353,6297308.628
PC804,C09,SKPJ-76,1531,3,7,2025-11-06 21:48:45.456147,358350.405,6309160.758
PC804,C09,SHXF-98,2641,6,10,2025-11-06 21:48:45.456152,358350.405,6309160.758
PC804,C19,SPCG-78,1016,0,3,2025-11-06 21:48:45.456153,358350.405,6309160.758
PA698,503,VGVF-95,0,0,3,2025-11-06 21:48:47.543874,347616.425,6299138.77
PA698,503,VGTW-91,1384,0,4,2025-11-06 21:48:47.543879,347616.425,6299138.77
PA698,B15,SPCG-84,1797,4,8,2025-11-06 21:48:47.543880,347616.425,6299138.77
PB1560,117,SPBP-19,438,0,3,2025-11-06 21:48:49.637447,349633.118,6304399.847
PB1560,117,PGLD-47,980,0,3,2025-11-06 21:48:49.637452,349633.118,6304399.847
PB1560,117c,SPBS-59,1964,4,8,2025-11-06 21:48:49.637453,349633.118,6304399.847
PB1560,C06,SKPK-36,3132,8,12,2025-11-06 21:48:49.637454,349633.118,6304399.847
PB1560,C06,LWTK-53,5743,16,20,2025-11-06 21:48:49.637454,349633.118,6304399.847
PB1560,219e,VJWZ-95,1749,4,8,2025-11-06 21:48:49.637455,349633.118,6304399.847
PB1560,219e,SFWB-51,2074,5,9,2025-11-06 21:48:49.637456,349633.118,6304399.847
PD298,412,PFVG-76,2852,7,11,2025-11-06 21:48:51.790337,356872.977,6297549.229
PD298,412,LXWP-59,2911,7,11,2025-11-06 21:48:51.790343,356872.977,6297549.229
PG943,G39,SHXB-13,1337,0,4,2025-11-06 21:48:53.870305,344635.941,6282169.637
PG943,G39,SFPG-65,9952,31,60,2025-11-06 21:48:53.870311,344635.941,6282169.637
PG943,228,THTC-29,2108,5,9,2025-11-06 21:48:53.870312,344635.941,6282169.637
PG943,G08,THTF-72,2066,5,9,2025-11-06 21:48:53.870313,344635.941,6282169.637
PG943,G08,THTF-94,5273,15,19,2025-11-06 21:48:53.870314,344635.941,6282169.637
PA285,511,FLXV-66,4590,12,16,2025-11-06 21:48:55.989613,345259.976,6295005.181
PA285,511,TBFX-75,8521,27,60,2025-11-06 21:48:55.989618,345259.976,6295005.181
PA285,119,CJRB-48,2777,7,11,2025-11-06 21:48:55.989620,345259.976,6295005.181
PA285,119,FLXF-50,6394,18,22,2025-11-06 21:48:55.989621,345259.976,6295005.181
PB1417,B14,FLXG-79,0,0,3,2025-11-06 21:48:57.908614,349325.166,6303209.746
PB1417,B14,HPFJ-99,1956,4,8,2025-11-06 21:48:57.908618,349325.166,6303209.746
PI444,404,PFYC-37,883,0,3,2025-11-06 21:49:00.021681,338196.668,6295203.607
PI444,I20,FLXL-31,652,0,2,2025-11-06 21:49:00.021686,338196.668,6295203.607
PI444,I20,FLXL-54,1786,4,8,2025-11-06 21:49:00.021687,338196.668,6295203.607
PB1881,B04,SHCW-79,3071,8,12,2025-11-06 21:49:02.203657,342636.857,6306792.782
PB1881,B04,SHCW-76,8428,27,60,2025-11-06 21:49:02.203662,342636.857,6306792.782
PB1881,B26,FLXS-45,860,0,3,2025-11-06 21:49:02.203663,342636.857,6306792.782
PB1881,B26,FLXP-79,5674,16,20,2025-11-06 21:49:02.203664,342636.857,6306792.782
PB1881,214,GCBB-75,3588,9,13,2025-11-06 21:49:02.203665,342636.857,6306792.782
PB1881,214,GCBB-65,3788,10,14,2025-11-06 21:49:02.203666,342636.857,6306792.782
PB1881,272,VFHW-51,1960,4,8,2025-11-06 21:49:02.203666,342636.857,6306792.782
PB1881,272,VFHV-67,3872,10,14,2025-11-06 21:49:02.203667,342636.857,6306792.782
PB1210,B12,SKDJ-74,2934,7,11,2025-11-06 21:49:04.287722,339377.87,6310016.343
PB1210,B12,SKDH-59,5663,16,20,2025-11-06 21:49:04.287726,339377.87,6310016.343
PI871,I03,FLXG-96,0,0,3,2025-11-06 21:49:08.398669,335519.264,6290155.974
PI871,I03,FLXL-48,4407,12,16,2025-11-06 21:49:08.398674,335519.264,6290155.974
PJ229,507,TBFX-50,2787,7,11,2025-11-06 21:49:10.440783,335697.242,6298902.527
PJ229,507,PFXC-45,3261,8,12,2025-11-06 21:49:10.440787,335697.242,6298902.527
PJ229,418,SHXF-92,740,0,2,2025-11-06 21:49:10.440788,335697.242,6298902.527
PJ229,418,PFVH-13,1050,0,3,2025-11-06 21:49:10.440789,335697.242,6298902.527
PE237,226,VGBX-49,1161,0,4,2025-11-06 21:49:12.544184,350592.449,6286118.889
PE237,226,VFPC-66,1935,4,8,2025-11-06 21:49:12.544198,350592.449,6286118.889
PE237,E01,VKJX-84,1199,0,4,2025-11-06 21:49:12.544199,350592.449,6286118.889
PE237,E01,VKJY-86,1199,0,4,2025-11-06 21:49:12.544200,350592.449,6286118.889
PG525,G28,BJFT-27,525,0,2,2025-11-06 21:49:14.694105,342254.708,6281945.156
PG525,G28,BJFT-94,4206,11,15,2025-11-06 21:49:14.694110,342254.708,6281945.156
PG525,G08v,FLXV-24,2792,7,11,2025-11-06 21:49:14.694111,342254.708,6281945.156
PG525,G08v,FLXV-23,5270,15,19,2025-11-06 21:49:14.694112,342254.708,6281945.156
PG525,G14,CJRP-11,4329,12,16,2025-11-06 21:49:14.694112,342254.708,6281945.156
PG525,F03,SPVV-41,930,0,3,2025-11-06 21:49:14.694113,342254.708,6281945.156
PG525,F03,FLXT-49,9674,31,60,2025-11-06 21:49:14.694114,342254.708,6281945.156
PG33,211,TBZB-21,342,0,3,2025-11-06 21:49:16.730048,342072.38,6280937.4
PG33,211,TBZB-23,238,0,3,2025-11-06 21:49:16.730053,342072.38,6280937.4
PG33,G07,THTD-66,1991,4,8,2025-11-06 21:49:16.730054,342072.38,6280937.4
PG33,G07,THTG-73,2806,7,11,2025-11-06 21:49:16.730055,342072.38,6280937.4
PG33,211c,THTD-92,731,0,2,2025-11-06 21:49:16.730056,342072.38,6280937.4
PG33,211c,THTF-29,6998,20,24,2025-11-06 21:49:16.730056,342072.38,6280937.4
PG43,201,GCBB-95,81,0,3,2025-11-06 21:49:18.474113,342584.311,6282887.941
PG43,211,FLXX-18,43,0,3,2025-11-06 21:49:18.474118,342584.311,6282887.941
PG43,211,TBYY-56,2674,6,10,2025-11-06 21:49:18.474119,342584.311,6282887.941
PG43,211c,THTH-19,1847,4,8,2025-11-06 21:49:18.474120,342584.311,6282887.941
PG43,211c,THTG-86,4325,12,16,2025-11-06 21:49:18.474120,342584.311,6282887.941
PE786,E14,VKJX-76,923,0,3,2025-11-06 21:49:20.578364,353390.476,6286949.791
PJ180,402,SHXG-36,8111,26,60,2025-11-06 21:49:23.041189,341567.326,6298543.208
PJ180,J13,TBFS-40,2907,7,11,2025-11-06 21:49:23.041194,341567.326,6298543.208
PJ180,J13,TBFX-22,6131,17,21,2025-11-06 21:49:23.041195,341567.326,6298543.208
PJ180,406,TBFW-52,501,0,2,2025-11-06 21:49:23.041196,341567.326,6298543.208
PJ180,406,PFXC-81,2466,14,18,2025-11-06 21:49:23.041197,341567.326,6298543.208
PJ180,407,TBFT-63,366,0,3,2025-11-06 21:49:23.041198,341567.326,6298543.208
PJ180,407,FLXV-71,4275,12,16,2025-11-06 21:49:23.041199,341567.326,6298543.208
PJ180,426,FDJX-81,4679,13,17,2025-11-06 21:49:23.041199,341567.326,6298543.208
PJ180,426,BJFB-15,8100,26,60,2025-11-06 21:49:23.041200,341567.326,6298543.208
PJ180,422,GCBD-77,1658,3,7,2025-11-06 21:49:23.041201,341567.326,6298543.208
PJ180,422,PFXC-58,6422,18,22,2025-11-06 21:49:23.041202,341567.326,6298543.208
PB1154,B11,SGPY-82,2963,7,11,2025-11-06 21:49:25.133361,345239.157,6304606.443
PG361,G24,FLXX-11,11,0,3,2025-11-06 21:49:27.223970,344139.959,6281682.658
PG361,G24,FLXC-85,1473,3,7,2025-11-06 21:49:27.223975,344139.959,6281682.658
PG361,G38,THTD-98,2450,3,7,2025-11-06 21:49:27.223976,344139.959,6281682.658
PG361,G38,THTD-49,5458,17,21,2025-11-06 21:49:27.223977,344139.959,6281682.658
PG361,301,BJFS-55,1025,0,3,2025-11-06 21:49:27.223978,344139.959,6281682.658
PG361,301,BJFX-58,928,0,3,2025-11-06 21:49:27.223978,344139.959,6281682.658
PG361,301c,BJFZ-63,3066,8,12,2025-11-06 21:49:27.223979,344139.959,6281682.658
PG361,G28,BJFT-94,2128,5,9,2025-11-06 21:49:27.223980,344139.959,6281682.658
PG361,G28,BJFW-24,4059,11,15,2025-11-06 21:49:27.223981,344139.959,6281682.658
PG361,G14,CJRP-11,2077,5,9,2025-11-06 21:49:27.223982,344139.959,6281682.658
PG361,G43,FLXP-36,2224,5,9,2025-11-06 21:49:27.223983,344139.959,6281682.658
PD1385,D18,SVDC-41,4201,11,15,2025-11-06 21:49:28.980088,358064.221,6296750.541
PD1385,D18,SVDC-32,7713,22,26,2025-11-06 21:49:28.980092,358064.221,6296750.541
PG1029,G22,THTH-29,773,0,2,2025-11-06 21:49:31.090758,341594.977,6282355.575
PG1029,G22,THTD-56,3772,10,14,2025-11-06 21:49:31.090763,341594.977,6282355.575
PE686,E10,BJFV-22,2205,5,9,2025-11-06 21:49:33.187188,351443.967,6287372.465
PE686,E10,BJFX-67,7021,20,24,2025-11-06 21:49:33.187192,351443.967,6287372.465
PI280,115,GCBC-45,2056,4,8,2025-11-06 21:49:35.241556,336585.285,6288614.785
PJ249,J08,PFXC-70,20,0,3,2025-11-06 21:49:37.328140,338332.581,6295491.836
PJ249,J08,FLXZ-85,2268,5,9,2025-11-06 21:49:37.328145,338332.581,6295491.836
PJ249,424,TBFX-71,5879,17,21,2025-11-06 21:49:37.328146,338332.581,6295491.836
PJ249,424,PFWZ-80,8942,28,60,2025-11-06 21:49:37.328147,338332.581,6295491.836
PF650,F02,SHCY-42,1523,3,7,2025-11-06 21:49:38.937189,352703.203,6280614.145
PF650,F02,SHXD-84,2799,7,11,2025-11-06 21:49:38.937194,352703.203,6280614.145
PF650,F15,SRVG-10,3434,9,13,2025-11-06 21:49:38.937195,352703.203,6280614.145
PF650,204,VFRB-63,2178,5,9,2025-11-06 21:49:38.937197,352703.203,6280614.145
PF650,F29,SPVT-89,1487,3,7,2025-11-06 21:49:38.937198,352703.203,6280614.145
PF650,F29,SPVV-62,3707,10,14,2025-11-06 21:49:38.937198,352703.203,6280614.145
PB627,B12,SKDH-59,1005,0,3,2025-11-06 21:49:41.013023,337839.343,6306778.563
PB627,B45,FLXL-59,124,0,3,2025-11-06 21:49:41.013029,337839.343,6306778.563
PD1447,412,PFVG-92,5489,15,19,2025-11-06 21:49:43.147064,353352.5,6298520.28
PD1447,412,PFTW-19,6404,18,22,2025-11-06 21:49:43.147068,353352.5,6298520.28
PD1447,418,PFYC-72,3929,10,14,2025-11-06 21:49:43.147069,353352.5,6298520.28
PD1447,418,LXWP-79,5882,17,21,2025-11-06 21:49:43.147070,353352.5,6298520.28
PD1447,429,SLPC-14,394,0,3,2025-11-06 21:49:43.147071,353352.5,6298520.28
PD1447,429,SHCX-37,5421,15,19,2025-11-06 21:49:43.147072,353352.5,6298520.28
PD1447,D16,PGTV-19,960,0,3,2025-11-06 21:49:43.147073,353352.5,6298520.28
PF732,F18,LCTG-36,522,0,2,2025-11-06 21:49:45.277254,353086.307,6279122.9
PI826,I03,FLXL-63,5044,14,18,2025-11-06 21:49:49.451353,339792.152,6295375.973
PI826,I03,FLXL-71,8315,26,60,2025-11-06 21:49:49.451358,339792.152,6295375.973
PD1323,519,PFXC-32,3089,8,12,2025-11-06 21:49:51.607156,358711.41,6296623.91
PD1323,519,FLXW-21,3689,10,14,2025-11-06 21:49:51.607160,358711.41,6296623.91
PD1323,506,TBFR-97,2786,11,15,2025-11-06 21:49:51.607161,358711.41,6296623.91
PD1323,506,PFXB-99,5492,26,60,2025-11-06 21:49:51.607162,358711.41,6296623.91
PD1323,506e,LXWS-41,10027,32,60,2025-11-06 21:49:51.607163,358711.41,6296623.91
PD1323,506e,LXWR-71,15895,50,60,2025-11-06 21:49:51.607164,358711.41,6296623.91
PD1323,506v,TBFR-44,1878,4,8,2025-11-06 21:49:51.607165,358711.41,6296623.91
PD1323,506v,TBFX-43,2444,6,10,2025-11-06 21:49:51.607165,358711.41,6296623.91
PD1323,507,PFWZ-84,2234,5,9,2025-11-06 21:49:51.607166,358711.41,6296623.91
PD1323,507,GCBF-24,2461,6,10,2025-11-06 21:49:51.607167,358711.41,6296623.91
PD1323,511,TBFR-18,4109,11,15,2025-11-06 21:49:51.607168,358711.41,6296623.91
PD1323,511,FLXW-10,5719,16,20,2025-11-06 21:49:51.607168,358711.41,6296623.91
PJ1632,J12,TBFP-59,9658,30,60,2025-11-06 21:49:53.712569,328456.087,6296565.075
PJ1632,J12,TBFR-14,15119,48,60,2025-11-06 21:49:53.712574,328456.087,6296565.075
PG506,F03,SPVW-62,5289,15,19,2025-11-06 21:49:55.787997,348036.434,6279337.87
PG506,F03,FLXG-78,7421,21,25,2025-11-06 21:49:55.788002,348036.434,6279337.87
PB1404,B21,SGPY-90,457,0,3,2025-11-06 21:49:57.864265,345575.387,6304101.276
PB1404,B21,SKDH-69,5318,15,19,2025-11-06 21:49:57.864270,345575.387,6304101.276
PB1404,B41,GCBB-93,2033,4,8,2025-11-06 21:49:57.864274,345575.387,6304101.276
PB1404,B41,GCBB-62,3998,11,15,2025-11-06 21:49:57.864275,345575.387,6304101.276
PJ253,424,TBFX-71,7940,23,27,2025-11-06 21:49:59.928151,337232.36,6296603.44
PJ253,424,PFWZ-80,11060,35,60,2025-11-06 21:49:59.928156,337232.36,6296603.44
PJ253,510,PFXB-87,2243,5,9,2025-11-06 21:49:59.928157,337232.36,6296603.44
PJ253,510,GCBD-46,2304,5,9,2025-11-06 21:49:59.928158,337232.36,6296603.44
PJ253,516,GCBC-84,1679,3,7,2025-11-06 21:49:59.928159,337232.36,6296603.44
PB1517,109,PFXC-72,674,0,2,2025-11-06 21:50:04.131075,336476.578,6303136.695
PB1517,B03,SPZX-34,1645,3,7,2025-11-06 21:50:04.131079,336476.578,6303136.695
PB1517,B03,SKHG-95,1791,4,8,2025-11-06 21:50:04.131080,336476.578,6303136.695
PB1517,105,SHXG-34,338,0,3,2025-11-06 21:50:04.131081,336476.578,6303136.695
PB1517,105,SHXG-32,2681,6,10,2025-11-06 21:50:04.131082,336476.578,6303136.695
PB1517,B09,SHCY-33,3964,11,15,2025-11-06 21:50:04.131083,336476.578,6303136.695
PB1517,B09,SHCY-39,5401,15,19,2025-11-06 21:50:04.131084,336476.578,6303136.695
PB1517,B20,SKHG-80,1816,4,8,2025-11-06 21:50:04.131085,336476.578,6303136.695
PB1517,B20,LXDH-93,2956,7,11,2025-11-06 21:50:04.131086,336476.578,6303136.695
PC6,103,SPBP-16,981,0,3,2025-11-06 21:50:06.284398,350438.728,6299462.799
PC6,117,PGBY-43,1219,0,4,2025-11-06 21:50:06.284404,350438.728,6299462.799
PC6,117,PGLD-54,5551,16,20,2025-11-06 21:50:06.284405,350438.728,6299462.799
PC945,C14,SKPL-26,6472,18,22,2025-11-06 21:50:08.568549,354012.748,6305121.787
PC945,C14,SKPJ-40,7251,21,25,2025-11-06 21:50:08.568554,354012.748,6305121.787
PG1323,G18,SDSW-62,1759,4,8,2025-11-06 21:50:10.669397,345667.196,6288714.496
PG1323,G18,SDSW-48,2954,7,11,2025-11-06 21:50:10.669402,345667.196,6288714.496
PE30,108,PFYT-24,2830,7,11,2025-11-06 21:50:12.840072,353098.834,6290123.527
PE30,712,SPZY-44,2618,6,10,2025-11-06 21:50:12.840077,353098.834,6290123.527
PE30,712,LBTS-76,7382,21,25,2025-11-06 21:50:12.840078,353098.834,6290123.527
PE30,124,LBTS-91,9694,31,60,2025-11-06 21:50:12.840079,353098.834,6290123.527
PE30,124,TXZH-43,16039,51,60,2025-11-06 21:50:12.840080,353098.834,6290123.527
PE30,102,SHXG-89,3418,9,13,2025-11-06 21:50:12.840081,353098.834,6290123.527
PE30,102,LBTS-78,10985,35,60,2025-11-06 21:50:12.840082,353098.834,6290123.527
PE30,104,SKWD-59,2127,5,9,2025-11-06 21:50:12.840082,353098.834,6290123.527
PE30,104,SKWD-79,4562,12,16,2025-11-06 21:50:12.840083,353098.834,6290123.527
PE30,114,LDJJ-87,1292,0,4,2025-11-06 21:50:12.840084,353098.834,6290123.527
PE30,114,SKWD-25,6281,18,22,2025-11-06 21:50:12.840085,353098.834,6290123.527
PF42,F25,LBTT-17,2322,5,9,2025-11-06 21:50:17.021905,354469.277,6282721.236
PF42,F25,SRVH-10,8280,26,60,2025-11-06 21:50:17.021910,354469.277,6282721.236
PF42,F20,SRVJ-48,345,0,3,2025-11-06 21:50:17.021911,354469.277,6282721.236
PF42,F20,SPZY-85,5741,16,20,2025-11-06 21:50:17.021912,354469.277,6282721.236
PF42,226,VFPY-33,387,0,3,2025-11-06 21:50:17.021913,354469.277,6282721.236
PF42,226,VFPY-13,1184,0,4,2025-11-06 21:50:17.021913,354469.277,6282721.236
PF42,F10,SRRY-62,1585,3,7,2025-11-06 21:50:17.021914,354469.277,6282721.236
PF42,712,SJPF-90,4770,13,17,2025-11-06 21:50:17.021915,354469.277,6282721.236
PF42,712,SHCW-70,5388,15,19,2025-11-06 21:50:17.021916,354469.277,6282721.236
PB773,B02,FLXR-93,2791,7,11,2025-11-06 21:50:18.878394,348645.475,6305728.152
PB773,B02,FLXR-74,5842,16,20,2025-11-06 21:50:18.878399,348645.475,6305728.152
PJ327,507,TBFR-47,803,0,3,2025-11-06 21:50:20.447292,338628.348,6299751.757
PJ327,507,TBFX-50,6281,18,22,2025-11-06 21:50:20.447296,338628.348,6299751.757
PJ327,517,LZPH-17,1530,3,7,2025-11-06 21:50:20.447298,338628.348,6299751.757
PJ327,J04,TBFT-92,487,0,2,2025-11-06 21:50:20.447299,338628.348,6299751.757
PJ327,503,VHLS-18,487,0,2,2025-11-06 21:50:20.447299,338628.348,6299751.757
PJ327,503,VGTW-85,4616,13,17,2025-11-06 21:50:20.447300,338628.348,6299751.757
PJ327,504,PFXB-73,413,0,2,2025-11-06 21:50:20.447301,338628.348,6299751.757
PJ675,J02,VHXD-95,8329,26,60,2025-11-06 21:50:22.556566,337782.918,6298983.131
PJ675,J02,VHZX-50,13460,43,60,2025-11-06 21:50:22.556571,337782.918,6298983.131
PJ675,J18,VHZW-31,410,0,3,2025-11-06 21:50:22.556572,337782.918,6298983.131
PD1264,D18,SVDC-39,2388,6,10,2025-11-06 21:50:24.655202,352735.566,6298076.875
PD1264,D18,SVDF-21,3638,9,13,2025-11-06 21:50:24.655207,352735.566,6298076.875
PH101,115,FLXW-18,1964,4,8,2025-11-06 21:50:26.750045,345940.163,6294385.218
PH101,115,GCBD-76,5155,14,18,2025-11-06 21:50:26.750050,345940.163,6294385.218
PH101,125,CJRX-64,4173,11,15,2025-11-06 21:50:26.750051,345940.163,6294385.218
PH101,125,BJFT-96,8119,26,60,2025-11-06 21:50:26.750052,345940.163,6294385.218
PH101,113,FLXW-71,1621,3,7,2025-11-06 21:50:26.750053,345940.163,6294385.218
PH101,113,FLXX-59,6648,19,23,2025-11-06 21:50:26.750054,345940.163,6294385.218
PH101,H06,BJFS-75,7499,22,26,2025-11-06 21:50:26.750055,345940.163,6294385.218
PH101,H24,VGRG-24,1488,3,7,2025-11-06 21:50:26.750056,345940.163,6294385.218
PH565,H06,BJFS-75,2142,5,9,2025-11-06 21:50:28.866915,343274.535,6290770.64
PB1040,B16,STHK-28,10,0,3,2025-11-06 21:50:30.450762,344571.426,6308239.715
PB1040,B16,STHF-54,1944,4,8,2025-11-06 21:50:30.450766,344571.426,6308239.715
PB1040,B08,SHCY-35,1550,3,7,2025-11-06 21:50:30.450768,344571.426,6308239.715
PB1040,B08,SJPB-20,4609,13,17,2025-11-06 21:50:30.450768,344571.426,6308239.715
PC161,C19,SLYB-62,761,0,2,2025-11-06 21:50:32.582098,353286.702,6301926.284
PC161,C28,SHCY-30,0,0,3,2025-11-06 21:50:32.582103,353286.702,6301926.284
PC161,406,TBFR-79,1228,6,10,2025-11-06 21:50:32.582104,353286.702,6301926.284
PC161,406,GCBD-27,1192,6,10,2025-11-06 21:50:32.582105,353286.702,6301926.284
PC161,401,PDZS-94,13073,41,60,2025-11-06 21:50:32.582106,353286.702,6301926.284
PC161,401,PFVK-80,19048,60,60,2025-11-06 21:50:32.582107,353286.702,6301926.284
PC161,430,PGBY-85,7949,23,27,2025-11-06 21:50:32.582108,353286.702,6301926.284
PC161,430,PGBZ-15,14743,47,60,2025-11-06 21:50:32.582108,353286.702,6301926.284
PC161,407,GCBD-56,490,0,2,2025-11-06 21:50:32.582109,353286.702,6301926.284
PC161,407,TBFP-80,1923,4,8,2025-11-06 21:50:32.582110,353286.702,6301926.284
PC161,426,BJFF-49,1923,4,8,2025-11-06 21:50:32.582111,353286.702,6301926.284
PC161,426,BJFH-46,4423,12,16,2025-11-06 21:50:32.582111,353286.702,6301926.284
PC161,C01c,SPBF-22,761,0,2,2025-11-06 21:50:32.582112,353286.702,6301926.284
PC161,C01c,PGPV-74,761,0,2,2025-11-06 21:50:32.582113,353286.702,6301926.284
PC161,C01,LDJJ-77,957,0,3,2025-11-06 21:50:32.582114,353286.702,6301926.284
PC161,C01,LCSX-49,2870,7,11,2025-11-06 21:50:32.582115,353286.702,6301926.284
PC161,C02,LCSX-50,1277,0,4,2025-11-06 21:50:32.582116,353286.702,6301926.284
PC161,C02,LDJJ-85,4276,12,16,2025-11-06 21:50:32.582117,353286.702,6301926.284
PC161,421,PFVK-84,4553,12,16,2025-11-06 21:50:32.582117,353286.702,6301926.284
PC161,421,PFTV-91,20645,65,60,2025-11-06 21:50:32.582118,353286.702,6301926.284
PJ682,514,FLXV-37,376,0,3,2025-11-06 21:50:34.676490,335216.438,6299301.873
PJ682,412,LXWP-59,2091,5,9,2025-11-06 21:50:34.676495,335216.438,6299301.873
PJ682,412,PFYC-27,2831,7,11,2025-11-06 21:50:34.676497,335216.438,6299301.873
PJ682,J02,VHXF-94,1347,0,4,2025-11-06 21:50:34.676498,335216.438,6299301.873
PJ682,J02,VHXD-95,11264,36,60,2025-11-06 21:50:34.676499,335216.438,6299301.873
PJ682,J07,VHZW-90,2086,5,9,2025-11-06 21:50:34.676500,335216.438,6299301.873
PJ682,444,SKPH-73,9725,31,60,2025-11-06 21:50:34.676501,335216.438,6299301.873
PJ682,444,SHXD-77,17930,57,60,2025-11-06 21:50:34.676502,335216.438,6299301.873
PJ982,510,GCBF-29,3720,10,14,2025-11-06 21:50:36.770127,336698.295,6295810.63
PJ982,510,TBFR-55,9256,29,60,2025-11-06 21:50:36.770132,336698.295,6295810.63
PJ982,516,GCBC-81,323,0,3,2025-11-06 21:50:36.770134,336698.295,6295810.63
PJ982,516,TBFX-19,5681,16,20,2025-11-06 21:50:36.770135,336698.295,6295810.63
PC855,C13,SHXG-37,3817,10,14,2025-11-06 21:50:38.470463,359455.938,6309146.9
PC855,C16,LDTB-89,6011,17,21,2025-11-06 21:50:38.470468,359455.938,6309146.9
PC25,104,SKWD-67,413,0,3,2025-11-06 21:50:40.533588,351109.6,6299408.28
PC25,104,LDSV-90,684,0,2,2025-11-06 21:50:40.533593,351109.6,6299408.28
PC25,212,LZPR-95,206,0,3,2025-11-06 21:50:40.533595,351109.6,6299408.28
PC25,212,LZPG-21,1027,0,3,2025-11-06 21:50:40.533595,351109.6,6299408.28
PF492,F10,SRPK-86,1146,0,4,2025-11-06 21:50:42.627085,350881.524,6278326.275
PF492,F10,SRRZ-45,3824,10,14,2025-11-06 21:50:42.627091,350881.524,6278326.275
PF492,F10c,SRVG-81,2082,5,9,2025-11-06 21:50:42.627092,350881.524,6278326.275
PF492,F10c,LCTG-43,4181,11,15,2025-11-06 21:50:42.627093,350881.524,6278326.275
PG1703,G09,SFGY-24,3776,10,14,2025-11-06 21:50:44.749521,341785.557,6287571.482
PG1703,G09,SHCV-49,13810,17,21,2025-11-06 21:50:44.749526,341785.557,6287571.482
PG1703,G39,SFPF-94,4265,11,15,2025-11-06 21:50:44.749528,341785.557,6287571.482
PG1703,G39,SHCV-48,7855,23,27,2025-11-06 21:50:44.749528,341785.557,6287571.482
PD180,216,LZPR-81,1309,0,4,2025-11-06 21:50:46.799372,353897.216,6298206.788
PD180,216,LZPT-67,1699,3,7,2025-11-06 21:50:46.799377,353897.216,6298206.788
PD180,D18,SVDC-32,670,0,2,2025-11-06 21:50:46.799378,353897.216,6298206.788
PD180,D18,SVDD-40,3510,9,13,2025-11-06 21:50:46.799379,353897.216,6298206.788
PD180,286,SHCV-30,1353,0,4,2025-11-06 21:50:46.799380,353897.216,6298206.788
PD180,286,SFPG-46,7103,21,25,2025-11-06 21:50:46.799380,353897.216,6298206.788
PD180,712,SJPC-43,3921,10,14,2025-11-06 21:50:46.799381,353897.216,6298206.788
PD180,712,SPZY-44,11211,35,60,2025-11-06 21:50:46.799382,353897.216,6298206.788
PG2084,G39,SHCV-48,2935,7,11,2025-11-06 21:50:48.915812,342053.0,6284658.0
PG2084,G39,SDSW-73,7930,23,27,2025-11-06 21:50:48.915817,342053.0,6284658.0
PE36,107,PGTV-28,2844,7,11,2025-11-06 21:50:51.018624,353289.311,6290991.174
PE36,107,PFZK-98,7993,23,27,2025-11-06 21:50:51.018630,353289.311,6290991.174
PE36,117,SPBP-30,1313,0,4,2025-11-06 21:50:51.018631,353289.311,6290991.174
PE36,117,SPBL-88,2957,7,11,2025-11-06 21:50:51.018632,353289.311,6290991.174
PE36,106,PFVH-99,1621,3,7,2025-11-06 21:50:51.018633,353289.311,6290991.174
PE36,106,PFYS-50,6614,19,23,2025-11-06 21:50:51.018634,353289.311,6290991.174
PI1863,I25,FLXK-67,6420,18,22,2025-11-06 21:50:53.117988,341798.0,6291215.0
PI1863,I25,FLXL-35,13815,44,60,2025-11-06 21:50:53.117993,341798.0,6291215.0
PG1722,206c,LZPT-59,3368,9,13,2025-11-06 21:50:55.223016,348184.172,6283584.865
PG1722,206,FLXX-57,3096,8,12,2025-11-06 21:50:55.223021,348184.172,6283584.865
PG212,118,CJRY-79,197,0,3,2025-11-06 21:51:01.169928,345570.962,6287828.283
PG212,118,FLXX-39,8565,27,60,2025-11-06 21:51:01.169933,345570.962,6287828.283
PG212,302,BJFT-59,4622,13,17,2025-11-06 21:51:01.169934,345570.962,6287828.283
PG212,302,BJFW-68,8520,27,60,2025-11-06 21:51:01.169935,345570.962,6287828.283
PG212,211,FLXX-18,4278,12,16,2025-11-06 21:51:01.169935,345570.962,6287828.283
PG212,211,TBYY-56,6689,19,23,2025-11-06 21:51:01.169936,345570.962,6287828.283
PG212,219e,SFWB-21,7343,21,25,2025-11-06 21:51:01.169937,345570.962,6287828.283
PG212,219e,VJKD-94,7936,23,27,2025-11-06 21:51:01.169938,345570.962,6287828.283
PG212,229,VJKD-70,343,0,3,2025-11-06 21:51:01.169939,345570.962,6287828.283
PG212,229,VJKT-55,2655,6,10,2025-11-06 21:51:01.169940,345570.962,6287828.283
PG212,E05,BJFT-21,1507,3,7,2025-11-06 21:51:01.169940,345570.962,6287828.283
PG212,E05,BJFW-83,5895,17,21,2025-11-06 21:51:01.169941,345570.962,6287828.283
PD752,D15,SVDD-79,1375,0,4,2025-11-06 21:51:05.664488,355921.754,6298664.926
PD752,D15,STWB-31,2551,6,10,2025-11-06 21:51:05.664494,355921.754,6298664.926
PC355,H06,BJFS-75,8398,27,60,2025-11-06 21:51:07.629458,360028.593,6306715.499
PC355,H24,VGRG-24,2089,5,9,2025-11-06 21:51:07.629462,360028.593,6306715.499
PH345,121,CJRX-50,6742,19,23,2025-11-06 21:51:09.460690,344586.546,6292045.359
PH345,121,BJFZ-55,10104,32,60,2025-11-06 21:51:09.460695,344586.546,6292045.359
PH345,H06,FLXH-16,4687,13,17,2025-11-06 21:51:09.460696,344586.546,6292045.359
PH345,H06,CJRZ-73,4687,13,17,2025-11-06 21:51:09.460697,344586.546,6292045.359
PH345,H09,VGRC-73,1305,0,4,2025-11-06 21:51:09.460698,344586.546,6292045.359
PH345,H09,VGRD-25,5408,15,19,2025-11-06 21:51:09.460699,344586.546,6292045.359
PH345,H13,CJRX-71,2037,4,8,2025-11-06 21:51:09.460700,344586.546,6292045.359
PH345,H13,BJFX-13,6377,18,22,2025-11-06 21:51:09.460700,344586.546,6292045.359
PH345,H24,VGRB-73,2534,6,10,2025-11-06 21:51:09.460701,344586.546,6292045.359
PH345,H24,VGRG-34,7000,20,24,2025-11-06 21:51:09.460702,344586.546,6292045.359
PF991,F15,LBTS-95,918,0,3,2025-11-06 21:51:11.232046,351839.194,6279864.937
PF991,F15,SRVG-10,4319,12,16,2025-11-06 21:51:11.232051,351839.194,6279864.937
PB298,B05,SPCG-47,3559,9,13,2025-11-06 21:51:13.330348,347601.686,6305633.369
PB298,208,SKPP-18,1972,4,8,2025-11-06 21:51:13.330353,347601.686,6305633.369
PB298,208,LZPG-25,1775,4,8,2025-11-06 21:51:13.330354,347601.686,6305633.369
PB298,117,SPBP-19,2819,7,11,2025-11-06 21:51:13.330355,347601.686,6305633.369
PB298,117,PGLD-47,3708,10,14,2025-11-06 21:51:13.330356,347601.686,6305633.369
PB298,117c,SPBS-59,4849,13,17,2025-11-06 21:51:13.330357,347601.686,6305633.369
PB298,116,FLXT-56,492,0,2,2025-11-06 21:51:13.330358,347601.686,6305633.369
PB298,116,HRKS-56,3208,8,12,2025-11-06 21:51:13.330359,347601.686,6305633.369
PD1602,D13,BJFX-65,1197,0,4,2025-11-06 21:51:15.396536,349449.81,6295308.07
PD1602,D13,BJFV-33,1999,4,8,2025-11-06 21:51:15.396541,349449.81,6295308.07
PB715,B01,SPZX-56,1326,0,4,2025-11-06 21:51:17.461772,345124.183,6304639.431
PB715,B01,SKHG-47,2472,6,10,2025-11-06 21:51:17.461777,345124.183,6304639.431
PG2066,G39,SHCV-38,596,0,2,2025-11-06 21:51:19.562310,341553.0,6283571.0
PG2066,G39,SCRZ-20,734,0,2,2025-11-06 21:51:19.562316,341553.0,6283571.0
PC561,504,TBFT-75,278,0,3,2025-11-06 21:51:21.662385,348409.831,6299075.269
PC561,504,TBFW-54,4932,14,18,2025-11-06 21:51:21.662390,348409.831,6299075.269
PE385,322,FLXP-48,2735,7,11,2025-11-06 21:51:23.777318,354238.755,6289687.76
PE385,E03,BJFZ-12,891,0,3,2025-11-06 21:51:23.777322,354238.755,6289687.76
PE385,E03,BJFW-72,1291,0,4,2025-11-06 21:51:23.777323,354238.755,6289687.76
PE385,108,PFVC-46,3678,10,14,2025-11-06 21:51:23.777324,354238.755,6289687.76
PE385,108,PFVD-29,4566,12,16,2025-11-06 21:51:23.777325,354238.755,6289687.76
PE230,226,VFPF-21,6774,19,23,2025-11-06 21:51:28.249287,349282.8,6288584.21
PE230,226,VFRF-35,7712,22,26,2025-11-06 21:51:28.249292,349282.8,6288584.21
PE230,E18,BJFY-83,3351,9,13,2025-11-06 21:51:28.249293,349282.8,6288584.21
PE230,E18,FLXH-17,3478,9,13,2025-11-06 21:51:28.249294,349282.8,6288584.21
PE230,E12,VFJS-61,898,0,3,2025-11-06 21:51:28.249294,349282.8,6288584.21
PE230,E12,VFKR-65,5779,16,20,2025-11-06 21:51:28.249295,349282.8,6288584.21
PJ334,503,VHLS-18,2466,6,10,2025-11-06 21:51:32.109261,341033.87,6299438.13
PJ334,503,VGTW-85,6143,17,21,2025-11-06 21:51:32.109266,341033.87,6299438.13
PJ334,504,PFXB-73,2466,13,17,2025-11-06 21:51:32.109267,341033.87,6299438.13
PJ334,504,TBFT-52,9562,65,60,2025-11-06 21:51:32.109268,341033.87,6299438.13
PJ334,507,TBFR-47,2953,7,11,2025-11-06 21:51:32.109269,341033.87,6299438.13
PJ334,507,TBFX-50,8027,23,27,2025-11-06 21:51:32.109270,341033.87,6299438.13
PJ334,517,VHZW-60,572,0,2,2025-11-06 21:51:32.109271,341033.87,6299438.13
PJ334,517,LZPH-17,3996,11,15,2025-11-06 21:51:32.109271,341033.87,6299438.13
PJ334,518,TBFT-21,1294,0,4,2025-11-06 21:51:32.109272,341033.87,6299438.13
PI1617,115,FLXW-41,233,0,3,2025-11-06 21:51:34.244937,341995.378,6293231.542
PI1617,115,FLXV-67,5860,17,21,2025-11-06 21:51:34.244941,341995.378,6293231.542
PI1617,109,GCBF-32,2865,12,16,2025-11-06 21:51:34.244943,341995.378,6293231.542
PI1617,109,PFXB-51,5698,27,60,2025-11-06 21:51:34.244944,341995.378,6293231.542
PI1617,113,FLXZ-57,3516,9,13,2025-11-06 21:51:34.244945,341995.378,6293231.542
PI1617,113,FLXZ-30,3921,10,14,2025-11-06 21:51:34.244945,341995.378,6293231.542
PI1617,113c,FLXZ-24,1492,3,7,2025-11-06 21:51:34.244946,341995.378,6293231.542
PI1617,108,PFVD-62,2817,7,11,2025-11-06 21:51:34.244947,341995.378,6293231.542
PI1617,108,PFVD-64,9337,29,60,2025-11-06 21:51:34.244948,341995.378,6293231.542
PJ991,402,SKPL-34,5955,17,21,2025-11-06 21:51:36.337313,339046.464,6298095.17
PJ991,402,SJPD-71,6113,17,21,2025-11-06 21:51:36.337318,339046.464,6298095.17
PJ991,511,TBFX-27,4286,12,16,2025-11-06 21:51:36.337319,339046.464,6298095.17
PJ991,511,TBFV-19,8983,28,60,2025-11-06 21:51:36.337320,339046.464,6298095.17
PJ991,406,TBFR-77,2777,7,11,2025-11-06 21:51:36.337321,339046.464,6298095.17
PJ991,406,TBFV-98,4422,12,16,2025-11-06 21:51:36.337321,339046.464,6298095.17
PJ991,407,PFXC-28,4272,11,15,2025-11-06 21:51:36.337322,339046.464,6298095.17
PJ991,407,GCBC-96,4922,14,18,2025-11-06 21:51:36.337323,339046.464,6298095.17
PJ991,426,BJFD-64,1155,0,4,2025-11-06 21:51:36.337324,339046.464,6298095.17
PJ991,426,FLXD-29,1497,3,7,2025-11-06 21:51:36.337325,339046.464,6298095.17
PJ991,422,GCBD-97,2011,4,8,2025-11-06 21:51:36.337325,339046.464,6298095.17
PJ991,422,FLXV-59,2321,5,9,2025-11-06 21:51:36.337326,339046.464,6298095.17
PB503,B07,STHL-51,8531,27,60,2025-11-06 21:51:40.004363,342159.78,6306804.877
PB503,B07,TXZH-26,12656,40,60,2025-11-06 21:51:40.004368,342159.78,6306804.877
PB503,B08,SHCY-36,3298,8,12,2025-11-06 21:51:40.004369,342159.78,6306804.877
PB503,B08,SHCY-51,8030,23,27,2025-11-06 21:51:40.004370,342159.78,6306804.877
PB503,429,SLPC-54,3372,9,13,2025-11-06 21:51:40.004371,342159.78,6306804.877
PB503,429,SLLZ-46,7908,23,27,2025-11-06 21:51:40.004372,342159.78,6306804.877
PE792,325,VFJD-31,3192,8,12,2025-11-06 21:51:42.082011,350837.165,6285967.342
PE792,325,VJWY-71,3192,8,12,2025-11-06 21:51:42.082016,350837.165,6285967.342
PE792,E15c,VFJP-23,3183,8,12,2025-11-06 21:51:42.082017,350837.165,6285967.342
PE792,E15c,VJWY-31,3147,8,12,2025-11-06 21:51:42.082018,350837.165,6285967.342
PB749,B02,FLXS-32,2147,5,9,2025-11-06 21:51:44.205294,349296.236,6305301.309
PB749,B02,FLXR-78,3891,10,14,2025-11-06 21:51:44.205299,349296.236,6305301.309
PJ201,418,PFYC-28,3665,10,14,2025-11-06 21:51:46.274079,335822.557,6299436.189
PJ201,418,SKPK-31,3647,10,14,2025-11-06 21:51:46.274084,335822.557,6299436.189
PJ201,J18,VHZY-80,181,0,3,2025-11-06 21:51:46.274085,335822.557,6299436.189
PJ201,J18,VHZW-31,2732,7,11,2025-11-06 21:51:46.274086,335822.557,6299436.189
PI95,419,PGBB-58,3594,9,13,2025-11-06 21:51:48.247378,335191.452,6288798.456
PI95,118,CJRW-51,1972,4,8,2025-11-06 21:51:48.247383,335191.452,6288798.456
PI95,I03,FLXL-34,911,0,3,2025-11-06 21:51:48.247384,335191.452,6288798.456
PI95,I10,FLXK-62,2196,5,9,2025-11-06 21:51:48.247385,335191.452,6288798.456
PI95,108,PFYS-38,342,0,3,2025-11-06 21:51:48.247386,335191.452,6288798.456
PI95,108,PFYR-70,4771,13,17,2025-11-06 21:51:48.247387,335191.452,6288798.456
PJ223,503,VGTY-85,1149,0,4,2025-11-06 21:51:49.803205,336259.661,6297642.255
PJ223,503,VHLP-48,3514,9,13,2025-11-06 21:51:49.803210,336259.661,6297642.255
PJ223,418,PFVG-79,2491,6,10,2025-11-06 21:51:49.803212,336259.661,6297642.255
PJ223,418,PFYC-53,9440,30,60,2025-11-06 21:51:49.803212,336259.661,6297642.255
PB1527,B35,SLPC-41,5965,17,21,2025-11-06 21:51:51.906654,343705.803,6307568.186
PB1527,B35,SHCX-56,13867,44,60,2025-11-06 21:51:51.906659,343705.803,6307568.186
PB1527,B36,STHR-80,1457,3,7,2025-11-06 21:51:51.906660,343705.803,6307568.186
PB1527,B36,STHK-10,2264,5,9,2025-11-06 21:51:51.906661,343705.803,6307568.186
PB539,B21,SKDG-39,1666,3,7,2025-11-06 21:52:00.200541,337818.7,6307476.08
PB539,307,VHSZ-38,1746,4,8,2025-11-06 21:52:00.200547,337818.7,6307476.08
PA78,302,BJFT-80,253,0,3,2025-11-06 21:52:04.422013,345675.463,6298799.66
PE11,712,SHCW-65,5333,15,19,2025-11-06 21:52:06.489944,353486.818,6289339.401
PE11,712,SHXG-93,8180,26,60,2025-11-06 21:52:06.489949,353486.818,6289339.401
PE11,102,LBTT-22,5009,14,18,2025-11-06 21:52:06.489950,353486.818,6289339.401
PE11,102,LCPG-47,9892,31,60,2025-11-06 21:52:06.489951,353486.818,6289339.401
PE11,104,LFGR-91,422,0,3,2025-11-06 21:52:06.489952,353486.818,6289339.401
PE11,104,SKVD-54,2118,5,9,2025-11-06 21:52:06.489953,353486.818,6289339.401
PE11,114,SKWD-38,2035,4,8,2025-11-06 21:52:06.489954,353486.818,6289339.401
PE11,114,SKWD-69,4524,12,16,2025-11-06 21:52:06.489955,353486.818,6289339.401
PJ1793,J04,PFXC-23,405,0,3,2025-11-06 21:52:10.295399,336069.717,6300760.337
PG413,428,SLPB-45,6381,18,22,2025-11-06 21:52:12.220065,344309.44,6287333.16
PG413,428,SHXD-59,7752,22,26,2025-11-06 21:52:12.220070,344309.44,6287333.16
PG413,428e,SLLZ-63,8262,26,60,2025-11-06 21:52:12.220071,344309.44,6287333.16
PG413,428e,SJPF-98,15749,50,60,2025-11-06 21:52:12.220072,344309.44,6287333.16
PG413,444,SKPL-28,4961,14,18,2025-11-06 21:52:12.220073,344309.44,6287333.16
PG413,444,SHXD-85,12675,40,60,2025-11-06 21:52:12.220074,344309.44,6287333.16
PG413,223,SHCV-35,1947,4,8,2025-11-06 21:52:12.220075,344309.44,6287333.16
PG1182,G13,SFGY-86,2783,7,11,2025-11-06 21:52:14.125404,348342.884,6282621.951
PG1182,G23,SFWB-10,2068,5,9,2025-11-06 21:52:14.125410,348342.884,6282621.951
PE561,323,FLXR-48,4757,13,17,2025-11-06 21:52:16.240684,352377.645,6288196.487
PE561,E07,BJFW-25,3343,9,13,2025-11-06 21:52:16.240689,352377.645,6288196.487
PF355,F06,SPZY-58,1010,0,3,2025-11-06 21:52:18.353169,351636.63,6282392.759
PF355,F06,SPZX-98,1994,4,8,2025-11-06 21:52:18.353174,351636.63,6282392.759
PF355,F01,SPVT-78,613,0,2,2025-11-06 21:52:18.353175,351636.63,6282392.759
PF355,F01,SPVW-98,8205,26,60,2025-11-06 21:52:18.353176,351636.63,6282392.759
PF355,F07,SPRY-91,1981,4,8,2025-11-06 21:52:18.353177,351636.63,6282392.759
PF355,F07,SPRX-22,3099,8,12,2025-11-06 21:52:18.353177,351636.63,6282392.759
PF355,F16,SPVV-85,237,0,3,2025-11-06 21:52:18.353178,351636.63,6282392.759
PF355,F16,SPRW-91,7940,23,27,2025-11-06 21:52:18.353179,351636.63,6282392.759
PF355,F26,SPVT-99,2075,5,9,2025-11-06 21:52:18.353180,351636.63,6282392.759
PF355,F26,SPVV-69,3297,8,12,2025-11-06 21:52:18.353180,351636.63,6282392.759
PD1452,107,PGTV-29,935,0,3,2025-11-06 21:52:20.404908,354922.48,6291625.83
PD1452,107,PGTV-28,4883,13,17,2025-11-06 21:52:20.404913,354922.48,6291625.83
PD1452,117,SPBP-30,2888,7,11,2025-11-06 21:52:20.404914,354922.48,6291625.83
PD1452,117,SPBL-88,3939,10,14,2025-11-06 21:52:20.404915,354922.48,6291625.83
PD1452,D16,PFZK-78,3330,9,13,2025-11-06 21:52:20.404916,354922.48,6291625.83
PD1452,D16,SPBL-74,6151,17,21,2025-11-06 21:52:20.404917,354922.48,6291625.83
PD1452,508,FLXX-45,925,0,3,2025-11-06 21:52:20.404918,354922.48,6291625.83
PD1452,D10,SVDF-23,3052,8,12,2025-11-06 21:52:20.404919,354922.48,6291625.83
PD1452,D10,SVDC-58,7529,22,26,2025-11-06 21:52:20.404920,354922.48,6291625.83
PD1452,103,PFZK-89,2362,5,9,2025-11-06 21:52:20.404921,354922.48,6291625.83
PD1452,103,SPBS-54,3809,10,14,2025-11-06 21:52:20.404922,354922.48,6291625.83
PD1452,D26,PGBY-70,6173,17,21,2025-11-06 21:52:20.404923,354922.48,6291625.83
PD1452,D26,SPBP-96,11664,37,60,2025-11-06 21:52:20.404924,354922.48,6291625.83
PJ331,503,VHLS-18,940,0,3,2025-11-06 21:52:22.490622,339777.749,6299730.726
PJ331,503,VGTW-85,4578,12,16,2025-11-06 21:52:22.490626,339777.749,6299730.726
PJ331,504,PFXB-73,887,0,4,2025-11-06 21:52:22.490627,339777.749,6299730.726
PJ331,504,TBFT-52,7802,54,60,2025-11-06 21:52:22.490628,339777.749,6299730.726
PJ331,507,TBFR-47,1610,3,7,2025-11-06 21:52:22.490629,339777.749,6299730.726
PJ331,507,TBFX-50,6385,18,22,2025-11-06 21:52:22.490630,339777.749,6299730.726
PE18,E12,VFKR-65,6226,18,22,2025-11-06 21:52:24.604647,354569.657,6286638.455
PE18,E12,VFJS-61,7565,22,26,2025-11-06 21:52:24.604652,354569.657,6286638.455
PE18,712,SHCX-33,1291,0,4,2025-11-06 21:52:24.604653,354569.657,6286638.455
PE18,712,SHCW-80,1764,4,8,2025-11-06 21:52:24.604654,354569.657,6286638.455
PE18,124,SRVL-24,1646,3,7,2025-11-06 21:52:24.604655,354569.657,6286638.455
PE18,124,LBTS-90,5922,17,21,2025-11-06 21:52:24.604656,354569.657,6286638.455
PE18,102,LCPW-28,1032,0,3,2025-11-06 21:52:24.604657,354569.657,6286638.455
PE18,102,LBTT-22,7716,22,26,2025-11-06 21:52:24.604658,354569.657,6286638.455
PE18,104,LFGR-91,3345,9,13,2025-11-06 21:52:24.604659,354569.657,6286638.455
PE18,104,SKVD-54,4915,14,18,2025-11-06 21:52:24.604660,354569.657,6286638.455
PE18,114,SKWD-38,4958,14,18,2025-11-06 21:52:24.604661,354569.657,6286638.455
PE18,114,SKWD-69,7093,20,24,2025-11-06 21:52:24.604662,354569.657,6286638.455
PE18,E04,VKJY-52,0,0,3,2025-11-06 21:52:24.604663,354569.657,6286638.455
PE18,E04,VKJX-32,1637,3,7,2025-11-06 21:52:24.604664,354569.657,6286638.455
PA66,271,FYTS-89,3150,8,12,2025-11-06 21:52:26.731902,346794.7,6295798.02
PA66,271,FLXL-89,3987,11,15,2025-11-06 21:52:26.731907,346794.7,6295798.02
PA66,223,SDSW-66,2935,7,11,2025-11-06 21:52:26.731908,346794.7,6295798.02
PA66,223,SHCV-35,11850,37,60,2025-11-06 21:52:26.731909,346794.7,6295798.02
PA66,H06,FLXF-52,401,0,3,2025-11-06 21:52:26.731910,346794.7,6295798.02
PA66,H06,BJFS-75,9682,31,60,2025-11-06 21:52:26.731910,346794.7,6295798.02
PA66,201,GCBB-20,813,0,3,2025-11-06 21:52:26.731911,346794.7,6295798.02
PA66,201,GCBB-42,4477,12,16,2025-11-06 21:52:26.731915,346794.7,6295798.02
PA66,301,BJFX-24,78,0,3,2025-11-06 21:52:26.731916,346794.7,6295798.02
PA66,301,BJFX-17,2478,6,10,2025-11-06 21:52:26.731917,346794.7,6295798.02
PA66,214,GCBB-32,1105,0,3,2025-11-06 21:52:26.731918,346794.7,6295798.02
PA66,214,GCBB-40,3523,9,13,2025-11-06 21:52:26.731918,346794.7,6295798.02
PA66,226,VFRB-68,2967,7,11,2025-11-06 21:52:26.731919,346794.7,6295798.02
PA66,226,VFPW-23,4305,12,16,2025-11-06 21:52:26.731920,346794.7,6295798.02
PA66,229,VJKT-63,2968,7,11,2025-11-06 21:52:26.731921,346794.7,6295798.02
PA66,229,VJKF-44,4631,13,17,2025-11-06 21:52:26.731922,346794.7,6295798.02
PD818,D16,PFZK-78,2041,4,8,2025-11-06 21:52:28.548841,354115.466,6291368.924
PD818,D16,SPBL-74,4862,13,17,2025-11-06 21:52:28.548846,354115.466,6291368.924
PD818,103,PFZK-89,1072,0,3,2025-11-06 21:52:28.548847,354115.466,6291368.924
PD818,103,SPBS-54,2519,6,10,2025-11-06 21:52:28.548848,354115.466,6291368.924
PD818,D26,PGBY-70,4883,13,17,2025-11-06 21:52:28.548848,354115.466,6291368.924
PD818,D26,SPBP-96,10374,33,60,2025-11-06 21:52:28.548849,354115.466,6291368.924
PF116,F18,SRVG-25,2649,6,10,2025-11-06 21:52:30.121961,349031.611,6278430.198
PF116,207,VJYW-75,2389,6,10,2025-11-06 21:52:30.121967,349031.611,6278430.198
PF116,207c,VJXV-86,1294,0,4,2025-11-06 21:52:30.121968,349031.611,6278430.198
PF116,207e,VJJX-37,1643,3,7,2025-11-06 21:52:30.121969,349031.611,6278430.198
PF116,207e,VJKP-16,1648,3,7,2025-11-06 21:52:30.121970,349031.611,6278430.198
PG14,211c,THTF-29,171,0,3,2025-11-06 21:52:32.253997,344357.408,6285808.23
PG14,201,GCBB-68,3245,8,12,2025-11-06 21:52:32.254002,344357.408,6285808.23
PG14,201,GCBB-61,5823,16,20,2025-11-06 21:52:32.254003,344357.408,6285808.23
PG14,G05,SFGY-78,697,0,2,2025-11-06 21:52:32.254004,344357.408,6285808.23
PG14,F20,SRVL-70,0,0,3,2025-11-06 21:52:32.254005,344357.408,6285808.23
PG14,211,TBYY-72,2358,5,9,2025-11-06 21:52:32.254006,344357.408,6285808.23
PG14,211,TBZB-17,8186,26,60,2025-11-06 21:52:32.254007,344357.408,6285808.23
PG14,G15,THTF-66,2339,5,9,2025-11-06 21:52:32.254008,344357.408,6285808.23
PG14,271,TBYY-64,1048,0,3,2025-11-06 21:52:32.254009,344357.408,6285808.23
PG14,271,TBZB-16,3116,8,12,2025-11-06 21:52:32.254009,344357.408,6285808.23
PD1236,D17,PFYC-23,3014,8,12,2025-11-06 21:52:34.683926,356692.733,6291225.563
PD1236,D17,PFYC-71,6303,18,22,2025-11-06 21:52:34.683931,356692.733,6291225.563
PC384,412,PFVG-92,2337,5,9,2025-11-06 21:52:36.830266,352484.63,6299896.85
PC384,412,PFTW-19,4240,11,15,2025-11-06 21:52:36.830270,352484.63,6299896.85
PC384,418,PFYC-72,1508,3,7,2025-11-06 21:52:36.830271,352484.63,6299896.85
PC384,418,LXWP-79,3557,9,13,2025-11-06 21:52:36.830272,352484.63,6299896.85
PC384,429,SHCX-37,3175,8,12,2025-11-06 21:52:36.830273,352484.63,6299896.85
PC384,429,SHXD-70,5088,14,18,2025-11-06 21:52:36.830273,352484.63,6299896.85
PE335,E12,VFJT-76,948,0,3,2025-11-06 21:52:38.436047,353688.47,6285675.288
PE335,E12,VFJK-22,1378,0,4,2025-11-06 21:52:38.436052,353688.47,6285675.288
PE335,E02,VKJX-14,7229,21,25,2025-11-06 21:52:38.436053,353688.47,6285675.288
PE335,E02,VKJZ-25,7565,22,26,2025-11-06 21:52:38.436054,353688.47,6285675.288
PE335,E11,VKJX-44,0,0,3,2025-11-06 21:52:38.436055,353688.47,6285675.288
PE335,E11,VKJW-94,7300,21,25,2025-11-06 21:52:38.436056,353688.47,6285675.288
PE1491,E04,VKJX-64,8228,26,60,2025-11-06 21:52:40.483007,351447.3,6289674.31
PG1228,G09,SHCV-49,8285,0,2,2025-11-06 21:52:42.540058,341913.491,6284212.623
PG1228,G09,FLXJ-81,2107,5,9,2025-11-06 21:52:42.540063,341913.491,6284212.623
PJ1009,J16,FLXG-37,5887,17,21,2025-11-06 21:52:44.623027,340444.228,6301611.709
PJ1009,J16,FLXD-51,12701,40,60,2025-11-06 21:52:44.623032,340444.228,6301611.709
PH385,D07,SVDC-19,1463,3,7,2025-11-06 21:52:46.786268,348443.11,6294580.363
PH385,385,FLXL-75,3689,10,14,2025-11-06 21:52:46.786273,348443.11,6294580.363
PH385,385,FLXK-92,17225,54,60,2025-11-06 21:52:46.786274,348443.11,6294580.363
PG1062,G22,THTH-80,3806,10,14,2025-11-06 21:52:48.735931,342086.937,6283760.955
PG1062,G22,THTG-91,4700,13,17,2025-11-06 21:52:48.735936,342086.937,6283760.955
PG1062,G39,SDSW-73,3812,10,14,2025-11-06 21:52:48.735937,342086.937,6283760.955
PG1062,G39,SHXB-13,7721,22,26,2025-11-06 21:52:48.735938,342086.937,6283760.955
PG1062,G09,SFGY-24,1210,0,4,2025-11-06 21:52:48.735938,342086.937,6283760.955
PG1062,G09,SHXB-15,2985,7,11,2025-11-06 21:52:48.735939,342086.937,6283760.955
PB286,B01,LDJV-49,1760,4,8,2025-11-06 21:52:50.838493,343485.71,6305170.97
PB286,B01,STHF-62,6569,19,23,2025-11-06 21:52:50.838498,343485.71,6305170.97
PB286,201,GCBB-97,1659,3,7,2025-11-06 21:52:50.838499,343485.71,6305170.97
PB286,201,GCBB-39,3049,8,12,2025-11-06 21:52:50.838500,343485.71,6305170.97
PB286,308,FLXH-96,1265,0,4,2025-11-06 21:52:50.838500,343485.71,6305170.97
PB286,308,FLXT-25,4902,13,17,2025-11-06 21:52:50.838501,343485.71,6305170.97
PB286,272,VFHV-67,643,0,2,2025-11-06 21:52:50.838502,343485.71,6305170.97
PB286,272,VFPC-80,2133,5,9,2025-11-06 21:52:50.838503,343485.71,6305170.97
PB1494,C18,SHCW-64,1705,3,7,2025-11-06 21:52:52.992121,348660.66,6305715.3
PB1494,C18,SHCW-77,6239,18,22,2025-11-06 21:52:52.992126,348660.66,6305715.3
PB1494,B05,SPCG-47,1716,3,7,2025-11-06 21:52:52.992127,348660.66,6305715.3
PB1494,B05,SPCG-43,3693,10,14,2025-11-06 21:52:52.992128,348660.66,6305715.3
PB1494,117,PGLD-47,186,0,3,2025-11-06 21:52:52.992129,348660.66,6305715.3
PB1494,117,SPBP-19,910,0,3,2025-11-06 21:52:52.992129,348660.66,6305715.3
PB1494,117c,SPBS-59,10715,34,60,2025-11-06 21:52:52.992130,348660.66,6305715.3
PB1494,116,HRKS-56,728,0,2,2025-11-06 21:52:52.992131,348660.66,6305715.3
PB1494,116,LDJT-66,4905,13,17,2025-11-06 21:52:52.992132,348660.66,6305715.3
PF586,207,VJYW-75,1671,3,7,2025-11-06 21:52:57.243999,348941.63,6277737.45
PF586,207c,VJXV-86,584,0,2,2025-11-06 21:52:57.244004,348941.63,6277737.45
PF586,F13,SRPJ-99,2213,5,9,2025-11-06 21:52:57.244006,348941.63,6277737.45
PE669,E10,BJFW-92,3342,9,13,2025-11-06 21:52:59.272419,349338.596,6288556.468
PE669,E10,BJFV-88,8844,28,60,2025-11-06 21:52:59.272425,349338.596,6288556.468
PC615,C01,LDJJ-60,605,0,2,2025-11-06 21:53:01.109451,359323.247,6306592.484
PC615,C01,LCPW-38,3111,8,12,2025-11-06 21:53:01.109456,359323.247,6306592.484
PC615,C05,LDSW-89,843,0,3,2025-11-06 21:53:01.109457,359323.247,6306592.484
PC615,C05,LWTK-57,1535,3,7,2025-11-06 21:53:01.109458,359323.247,6306592.484
PC615,C13,SHXF-94,7120,20,24,2025-11-06 21:53:01.109458,359323.247,6306592.484
PC615,C13,SJPB-67,14517,46,60,2025-11-06 21:53:01.109459,359323.247,6306592.484
PC615,C19,SPCG-78,2126,5,9,2025-11-06 21:53:01.109460,359323.247,6306592.484
PC615,C19,SGPY-87,4755,13,17,2025-11-06 21:53:01.109461,359323.247,6306592.484
PC615,C28,SGPW-46,1358,0,4,2025-11-06 21:53:01.109461,359323.247,6306592.484
PC615,C28,SHCV-75,6109,17,21,2025-11-06 21:53:01.109462,359323.247,6306592.484
PC615,C01c,SPBL-76,0,0,3,2025-11-06 21:53:01.109463,359323.247,6306592.484
PC615,C01c,PGBY-78,1880,4,8,2025-11-06 21:53:01.109464,359323.247,6306592.484
PC615,409,PGBY-57,2029,4,8,2025-11-06 21:53:01.109465,359323.247,6306592.484
PJ158,406,GCBD-55,1196,0,4,2025-11-06 21:53:03.489926,336369.94,6298276.67
PJ158,406,TBFR-77,4712,13,17,2025-11-06 21:53:03.489931,336369.94,6298276.67
PJ158,407,PFXC-28,6629,19,23,2025-11-06 21:53:03.489932,336369.94,6298276.67
PJ158,407,GCBC-96,7278,21,25,2025-11-06 21:53:03.489932,336369.94,6298276.67
PJ158,426,BJFH-51,722,0,2,2025-11-06 21:53:03.489933,336369.94,6298276.67
PJ158,426,BJFD-64,3420,9,13,2025-11-06 21:53:03.489934,336369.94,6298276.67
PJ158,422,PFXC-66,1220,0,4,2025-11-06 21:53:03.489935,336369.94,6298276.67
PJ158,422,GCBD-97,3856,10,14,2025-11-06 21:53:03.489936,336369.94,6298276.67
PJ158,402,SKPL-34,8322,26,60,2025-11-06 21:53:03.489936,336369.94,6298276.67
PJ158,402,SJPD-71,8322,26,60,2025-11-06 21:53:03.489937,336369.94,6298276.67
PJ158,J07e,VJBB-61,1766,4,8,2025-11-06 21:53:03.489938,336369.94,6298276.67
PI1357,I18,VHTB-38,1682,3,7,2025-11-06 21:53:05.724066,332488.695,6290857.75
PI1357,I18,VHSX-86,5188,14,18,2025-11-06 21:53:05.724071,332488.695,6290857.75
PI1357,I24,VHSX-87,699,0,2,2025-11-06 21:53:05.724072,332488.695,6290857.75
PI1357,I24,VHSX-75,4017,11,15,2025-11-06 21:53:05.724073,332488.695,6290857.75
PI1357,348,VHSX-66,2745,7,11,2025-11-06 21:53:05.724074,332488.695,6290857.75
PI1357,348,VHSX-65,3294,8,12,2025-11-06 21:53:05.724074,332488.695,6290857.75
PI1357,I02,FLXZ-55,931,0,3,2025-11-06 21:53:05.724075,332488.695,6290857.75
PI1357,I02,FLXZ-37,962,0,3,2025-11-06 21:53:05.724076,332488.695,6290857.75
PI1357,I05,VHSY-14,2311,5,9,2025-11-06 21:53:05.724077,332488.695,6290857.75
PI1357,I05,VHSX-97,3885,10,14,2025-11-06 21:53:05.724077,332488.695,6290857.75
PI1357,I07,VHTB-68,2724,7,11,2025-11-06 21:53:05.724078,332488.695,6290857.75
PI1357,I07,FLXY-75,5273,15,19,2025-11-06 21:53:05.724079,332488.695,6290857.75
PI1357,I09,FLXZ-48,2311,5,9,2025-11-06 21:53:05.724080,332488.695,6290857.75
PI1357,I09,VHTB-31,2662,6,10,2025-11-06 21:53:05.724080,332488.695,6290857.75
PI1357,I11,GCBF-41,696,0,2,2025-11-06 21:53:05.724081,332488.695,6290857.75
PI1357,I11,FLXZ-12,1214,0,4,2025-11-06 21:53:05.724082,332488.695,6290857.75
PI1878,I35,SFPF-88,2750,7,11,2025-11-06 21:53:07.602480,333348.0,6284986.0
PI1878,I35,SFGY-69,3292,8,12,2025-11-06 21:53:07.602485,333348.0,6284986.0
PI960,I24,VHSX-87,2039,4,8,2025-11-06 21:53:09.406172,331453.994,6291704.783
PI960,I24,VHSX-75,5358,15,19,2025-11-06 21:53:09.406177,331453.994,6291704.783
PF787,F16,SPRW-91,885,0,3,2025-11-06 21:53:11.241507,352826.38,6279296.922
PB614,429,SLLZ-43,2344,5,9,2025-11-06 21:53:13.391737,336553.161,6305268.639
PB614,429,SJPF-84,4959,14,18,2025-11-06 21:53:13.391742,336553.161,6305268.639
PB1200,B12,SKDJ-76,5972,17,21,2025-11-06 21:53:15.510136,339729.75,6310509.197
PB1200,B12,SKDG-24,9763,31,60,2025-11-06 21:53:15.510140,339729.75,6310509.197
PD954,D07,SVDC-19,4478,12,16,2025-11-06 21:53:17.648357,350182.399,6293725.881
PD954,D07,STKP-84,5935,17,21,2025-11-06 21:53:17.648363,350182.399,6293725.881
PD954,D14,PGBS-47,1353,0,4,2025-11-06 21:53:17.648364,350182.399,6293725.881
PD954,D14,PGWV-11,2030,4,8,2025-11-06 21:53:17.648366,350182.399,6293725.881
PD954,D13,FLXR-30,4657,13,17,2025-11-06 21:53:17.648367,350182.399,6293725.881
PD1595,D13,FLXR-30,8069,23,27,2025-11-06 21:53:19.385181,349009.39,6296294.75
PD1355,D17v,PGPV-76,2428,6,10,2025-11-06 21:53:20.965756,354075.62,6292669.41
PD1355,D17v,PGLD-70,3289,8,12,2025-11-06 21:53:20.965760,354075.62,6292669.41
PD1355,D17,PGLD-56,1549,3,7,2025-11-06 21:53:20.965761,354075.62,6292669.41
PD1355,D17,PGRZ-64,4780,13,17,2025-11-06 21:53:20.965762,354075.62,6292669.41
PG1796,G39,SDSW-73,2028,4,8,2025-11-06 21:53:23.070210,343601.908,6283263.364
PG1796,G39,SHXB-13,6120,17,21,2025-11-06 21:53:23.070215,343601.908,6283263.364
PH34,102,SHXG-89,9845,31,60,2025-11-06 21:53:25.150507,346361.759,6291655.996
PH34,102,LBTS-78,17289,55,60,2025-11-06 21:53:25.150512,346361.759,6291655.996
PH34,107,PFTW-24,48,0,3,2025-11-06 21:53:25.150513,346361.759,6291655.996
PH34,107,PFYC-48,2707,7,11,2025-11-06 21:53:25.150513,346361.759,6291655.996
PH34,108,PFVD-64,2945,7,11,2025-11-06 21:53:25.150514,346361.759,6291655.996
PH34,108,PGPT-47,6146,17,21,2025-11-06 21:53:25.150515,346361.759,6291655.996
PD358,418,PFYC-72,4143,11,15,2025-11-06 21:53:27.309608,354192.271,6298474.835
PD358,418,LXWP-79,6420,18,22,2025-11-06 21:53:27.309613,354192.271,6298474.835
PD358,425,SHXG-40,534,0,2,2025-11-06 21:53:27.309614,354192.271,6298474.835
PD358,425,SJPF-42,4425,12,16,2025-11-06 21:53:27.309615,354192.271,6298474.835
PD358,429,SJPD-82,0,0,3,2025-11-06 21:53:27.309616,354192.271,6298474.835
PD358,429,SLGS-87,113,0,3,2025-11-06 21:53:27.309617,354192.271,6298474.835
PD358,420,SVDF-73,7638,22,26,2025-11-06 21:53:27.309618,354192.271,6298474.835
PD358,420,SVDD-46,9012,28,60,2025-11-06 21:53:27.309619,354192.271,6298474.835
PD700,D07,SVDF-74,3585,9,13,2025-11-06 21:53:28.752116,352973.815,6294679.636
PD700,D07,SVDC-19,8509,27,60,2025-11-06 21:53:28.752121,352973.815,6294679.636
PI739,424,TBFX-71,6315,18,22,2025-11-06 21:53:30.305421,337097.956,6295975.543
PI739,424,PFWZ-80,9427,30,60,2025-11-06 21:53:30.305426,337097.956,6295975.543
PI739,I02,FLXZ-39,0,0,3,2025-11-06 21:53:30.305427,337097.956,6295975.543
PI739,I02,FLXZ-36,4212,11,15,2025-11-06 21:53:30.305428,337097.956,6295975.543
PI739,510,PFXB-87,565,0,2,2025-11-06 21:53:30.305428,337097.956,6295975.543
PI739,510,GCBD-46,1725,3,7,2025-11-06 21:53:30.305429,337097.956,6295975.543
PI739,516,GCBC-84,561,0,2,2025-11-06 21:53:30.305430,337097.956,6295975.543
PB1543,B29,SKHG-89,4215,11,15,2025-11-06 21:53:32.367726,336109.15,6303830.16
PB1543,B29,LXDJ-11,5396,15,19,2025-11-06 21:53:32.367730,336109.15,6303830.16
PI1183,385,FLXL-29,1938,4,8,2025-11-06 21:53:34.512087,342981.663,6294788.843
PI1183,385,FLXK-52,3191,8,12,2025-11-06 21:53:34.512091,342981.663,6294788.843
PC287,C19,LDJW-53,2001,4,8,2025-11-06 21:53:36.612801,356919.44,6304746.43
PC287,C19,SGPY-87,5512,15,19,2025-11-06 21:53:36.612806,356919.44,6304746.43
PC287,426,BJFF-49,5865,17,21,2025-11-06 21:53:36.612807,356919.44,6304746.43
PC287,426,BJFH-46,7860,23,27,2025-11-06 21:53:36.612808,356919.44,6304746.43
PC287,C01c,PGTV-33,1797,4,8,2025-11-06 21:53:36.612809,356919.44,6304746.43
PC287,C01c,SPBF-22,5512,15,19,2025-11-06 21:53:36.612809,356919.44,6304746.43
PC287,C01,LCPW-51,968,0,3,2025-11-06 21:53:36.612810,356919.44,6304746.43
PC287,C01,LDJJ-77,4584,12,16,2025-11-06 21:53:36.612811,356919.44,6304746.43
PC287,C05,LDTB-95,1133,0,4,2025-11-06 21:53:36.612812,356919.44,6304746.43
PC287,C05,LDSX-93,5500,15,19,2025-11-06 21:53:36.612813,356919.44,6304746.43
PC287,C13,SJPB-67,1462,3,7,2025-11-06 21:53:36.612813,356919.44,6304746.43
PC287,C13,SHXF-16,3855,10,14,2025-11-06 21:53:36.612814,356919.44,6304746.43
PC287,C28,SGPY-88,1431,3,7,2025-11-06 21:53:36.612815,356919.44,6304746.43
PC287,C28,SHCY-30,4230,11,15,2025-11-06 21:53:36.612816,356919.44,6304746.43
PC287,430,SKPJ-48,1514,3,7,2025-11-06 21:53:36.612816,356919.44,6304746.43
PC287,430,PGBY-85,11330,36,60,2025-11-06 21:53:36.612817,356919.44,6304746.43
PC287,406,TBFW-69,4235,26,60,2025-11-06 21:53:36.612818,356919.44,6304746.43
PC287,406,GCBD-27,4751,30,60,2025-11-06 21:53:36.612819,356919.44,6304746.43
PD1351,505,SRTK-48,1398,0,4,2025-11-06 21:53:38.223650,353837.115,6296285.87
PD1351,505,VHZZ-70,4702,13,17,2025-11-06 21:53:38.223655,353837.115,6296285.87
PE68,206,FLXY-57,2278,5,9,2025-11-06 21:53:39.827249,348145.948,6288848.718
PE68,206,FLXX-57,7519,22,26,2025-11-06 21:53:39.827253,348145.948,6288848.718
PE68,212,LZPT-63,1706,3,7,2025-11-06 21:53:39.827254,348145.948,6288848.718
PE68,233,SHXB-11,242,0,3,2025-11-06 21:53:39.827255,348145.948,6288848.718
PE68,233,SFPG-45,1427,3,7,2025-11-06 21:53:39.827256,348145.948,6288848.718
PE68,203,LZPW-16,3545,9,13,2025-11-06 21:53:39.827257,348145.948,6288848.718
PE68,203,LXWT-91,6249,18,22,2025-11-06 21:53:39.827258,348145.948,6288848.718
PE68,203e,VJYH-63,748,0,2,2025-11-06 21:53:39.827259,348145.948,6288848.718
PI171,109,PFXB-51,1344,0,4,2025-11-06 21:53:41.949529,344017.505,6296711.405
PI171,109,FDJX-63,7766,31,60,2025-11-06 21:53:41.949534,344017.505,6296711.405
PI1928,I35,SFGY-82,10,0,3,2025-11-06 21:53:45.277283,331654.0,6283316.0
PI1928,I35,SDSW-81,3306,8,12,2025-11-06 21:53:45.277288,331654.0,6283316.0
PI1902,I35,SHXG-71,959,0,3,2025-11-06 21:53:47.112668,333057.0,6284657.0
PI1902,I35,SFGY-80,4832,13,17,2025-11-06 21:53:47.112673,333057.0,6284657.0
PA423,303,FLXF-40,943,0,3,2025-11-06 21:53:48.946654,346107.48,6299078.11
PA423,307,TWPD-76,0,0,3,2025-11-06 21:53:48.946660,346107.48,6299078.11
PA423,307,FLXG-64,3048,8,12,2025-11-06 21:53:48.946661,346107.48,6299078.11
PA423,314,TWPC-60,2390,6,10,2025-11-06 21:53:48.946663,346107.48,6299078.11
PA423,314,TWPD-59,9491,30,60,2025-11-06 21:53:48.946664,346107.48,6299078.11
PF335,F05,SPZX-65,0,0,3,2025-11-06 21:53:52.966853,355419.541,6281532.409
PF335,F05,SPZY-42,5906,17,21,2025-11-06 21:53:52.966858,355419.541,6281532.409
PF335,F06,SPZY-70,753,0,2,2025-11-06 21:53:52.966859,355419.541,6281532.409
PF335,F06,SPZY-60,2163,5,9,2025-11-06 21:53:52.966860,355419.541,6281532.409
PF335,124,LCTG-28,1315,0,4,2025-11-06 21:53:52.966861,355419.541,6281532.409
PF335,124,SRVL-24,7678,22,26,2025-11-06 21:53:52.966862,355419.541,6281532.409
PF335,210v,VFPS-94,3763,10,14,2025-11-06 21:53:52.966862,355419.541,6281532.409
PF335,210v,VFRD-75,8280,26,60,2025-11-06 21:53:52.966863,355419.541,6281532.409
PF335,F14,SPRY-72,2562,6,10,2025-11-06 21:53:52.966864,355419.541,6281532.409
PF335,F14,SPRW-53,5249,15,19,2025-11-06 21:53:52.966865,355419.541,6281532.409
PD925,D01,SVDC-25,1517,3,7,2025-11-06 21:53:55.069830,356461.78,6294507.454
PD925,D07,SVDF-76,1074,0,3,2025-11-06 21:53:55.069836,356461.78,6294507.454
PD925,D07,SVDD-78,3381,9,13,2025-11-06 21:53:55.069837,356461.78,6294507.454
PB65,B03,LXDJ-19,1430,3,7,2025-11-06 21:53:57.249593,340426.56,6302833.33
PB65,B03,SHCY-34,2358,5,9,2025-11-06 21:53:57.249598,340426.56,6302833.33
PB65,105,SJPD-99,894,0,3,2025-11-06 21:53:57.249599,340426.56,6302833.33
PB65,105,SHXG-34,4262,11,15,2025-11-06 21:53:57.249600,340426.56,6302833.33
PB65,B09,SHCY-33,7297,21,25,2025-11-06 21:53:57.249601,340426.56,6302833.33
PB65,B09,SHCY-39,10157,32,60,2025-11-06 21:53:57.249602,340426.56,6302833.33
PB65,120,TXZH-34,250,0,3,2025-11-06 21:53:57.249602,340426.56,6302833.33
PB65,120,STHF-49,2251,5,9,2025-11-06 21:53:57.249603,340426.56,6302833.33
PB65,B20,LXDH-98,1673,3,7,2025-11-06 21:53:57.249604,340426.56,6302833.33
PB65,B20,SKHG-80,6966,20,24,2025-11-06 21:53:57.249605,340426.56,6302833.33
PB65,408,SRTK-27,847,0,3,2025-11-06 21:53:57.249606,340426.56,6302833.33
PB65,408,SRTG-98,5130,14,18,2025-11-06 21:53:57.249607,340426.56,6302833.33
PB65,410,LDSX-95,2737,7,11,2025-11-06 21:53:57.249607,340426.56,6302833.33
PB65,410,LDSW-88,3234,8,12,2025-11-06 21:53:57.249608,340426.56,6302833.33
PB65,B29,SKHG-65,4111,11,15,2025-11-06 21:53:57.249609,340426.56,6302833.33
PB65,B29,LXDJ-17,5996,17,21,2025-11-06 21:53:57.249610,340426.56,6302833.33
PB65,109,TBFR-16,502,0,4,2025-11-06 21:53:57.249611,340426.56,6302833.33
PB65,109,PFXC-72,4459,22,26,2025-11-06 21:53:57.249611,340426.56,6302833.33
PB65,110,LXWS-31,3387,9,13,2025-11-06 21:53:57.249612,340426.56,6302833.33
PB65,110,LXWS-34,4758,13,17,2025-11-06 21:53:57.249613,340426.56,6302833.33
PC416,421,PFVL-10,2057,4,8,2025-11-06 21:53:58.763096,358162.179,6303924.68
PB1564,201,GCBB-26,1220,0,4,2025-11-06 21:54:00.931499,343171.703,6307512.752
PB1564,201,GCBB-30,1220,0,4,2025-11-06 21:54:00.931505,343171.703,6307512.752
PB1564,B35,SHCX-56,858,0,3,2025-11-06 21:54:00.931506,343171.703,6307512.752
PB1564,B35,SLGT-31,1162,0,4,2025-11-06 21:54:00.931507,343171.703,6307512.752
PB1564,214,GCBB-65,3788,10,14,2025-11-06 21:54:00.931508,343171.703,6307512.752
PB1564,214,GCBB-75,3788,10,14,2025-11-06 21:54:00.931509,343171.703,6307512.752
PB1564,230,GCBC-17,7502,22,26,2025-11-06 21:54:00.931510,343171.703,6307512.752
PB1564,230,GCBB-35,8998,28,60,2025-11-06 21:54:00.931511,343171.703,6307512.752
PB1564,272,VFHT-81,1660,3,7,2025-11-06 21:54:00.931512,343171.703,6307512.752
PB1564,272,VFHW-51,2213,5,9,2025-11-06 21:54:00.931513,343171.703,6307512.752
PG761,G02,FLXX-29,1218,0,4,2025-11-06 21:54:03.035088,340973.177,6281400.481
PF365,F20,SPZY-51,1693,3,7,2025-11-06 21:54:05.120691,354947.247,6281930.891
PF365,F20,SPZY-55,2447,6,10,2025-11-06 21:54:05.120696,354947.247,6281930.891
PF365,F07,SPRW-12,3586,9,13,2025-11-06 21:54:05.120697,354947.247,6281930.891
PF365,F07,SPRY-91,11626,37,60,2025-11-06 21:54:05.120698,354947.247,6281930.891
PG1283,G13,SHXB-16,1845,4,8,2025-11-06 21:54:07.212985,344711.0,6284102.0
PG1283,G28,BJFT-27,6231,18,22,2025-11-06 21:54:07.212991,344711.0,6284102.0
PG1283,G28,BJFT-75,7935,23,27,2025-11-06 21:54:07.212992,344711.0,6284102.0
PG1283,G16,SFPG-61,6229,18,22,2025-11-06 21:54:07.212993,344711.0,6284102.0
PB544,B12,SKDH-59,2296,5,9,2025-11-06 21:54:09.386657,339119.619,6307922.832
PB544,307,VHSZ-41,129,0,3,2025-11-06 21:54:09.386663,339119.619,6307922.832
PB544,307,VHSZ-38,2760,7,11,2025-11-06 21:54:09.386664,339119.619,6307922.832
PB544,307c,VHSY-34,447,0,3,2025-11-06 21:54:09.386665,339119.619,6307922.832
PB544,307c,TWPD-94,3320,8,12,2025-11-06 21:54:09.386666,339119.619,6307922.832
PB544,315e,VHSY-29,2609,6,10,2025-11-06 21:54:09.386667,339119.619,6307922.832
PA120,234,SFST-18,1513,3,7,2025-11-06 21:54:11.482259,347538.179,6297138.643
PI390,I08,FLXY-15,0,0,3,2025-11-06 21:54:13.641430,338154.1,6294353.43
PI390,I08,FLXZ-93,0,0,3,2025-11-06 21:54:13.641435,338154.1,6294353.43
PI390,I09,RWRP-57,2077,5,9,2025-11-06 21:54:13.641436,338154.1,6294353.43
PI390,I09,VHTB-47,3470,9,13,2025-11-06 21:54:13.641437,338154.1,6294353.43
PI390,106,PFYT-22,0,0,3,2025-11-06 21:54:13.641438,338154.1,6294353.43
PI390,106,PGPS-95,3617,9,13,2025-11-06 21:54:13.641439,338154.1,6294353.43
PI390,401,PFVK-80,4086,11,15,2025-11-06 21:54:13.641440,338154.1,6294353.43
PI390,401,PFBG-33,10025,32,60,2025-11-06 21:54:13.641441,338154.1,6294353.43
PI390,405,PFVL-16,8900,28,60,2025-11-06 21:54:13.641442,338154.1,6294353.43
PI390,419,PFTV-98,6792,19,23,2025-11-06 21:54:13.641443,338154.1,6294353.43
PI390,419,PGBB-58,10425,33,60,2025-11-06 21:54:13.641444,338154.1,6294353.43
PI390,421,PFTV-91,2077,5,9,2025-11-06 21:54:13.641445,338154.1,6294353.43
PC240,C05,LDSW-89,1937,4,8,2025-11-06 21:54:15.917764,358019.53,6305948.0
PC240,C05,LWTK-57,2987,7,11,2025-11-06 21:54:15.917769,358019.53,6305948.0
PC240,405,PFYG-43,916,0,3,2025-11-06 21:54:15.917770,358019.53,6305948.0
PC240,426,FLXK-27,3738,10,14,2025-11-06 21:54:15.917771,358019.53,6305948.0
PC240,411,PFYC-52,1300,0,4,2025-11-06 21:54:15.917772,358019.53,6305948.0
PC240,411,SKVD-95,2481,6,10,2025-11-06 21:54:15.917772,358019.53,6305948.0
PC240,C01,LDJJ-60,1452,3,7,2025-11-06 21:54:15.917773,358019.53,6305948.0
PC240,C01,LCPW-38,4267,11,15,2025-11-06 21:54:15.917774,358019.53,6305948.0
PC240,C13,SHXF-94,8288,26,60,2025-11-06 21:54:15.917775,358019.53,6305948.0
PC240,C13,SJPB-67,15722,50,60,2025-11-06 21:54:15.917776,358019.53,6305948.0
PC240,C19,SPCG-78,2868,7,11,2025-11-06 21:54:15.917777,358019.53,6305948.0
PC240,C19,SGPY-87,6207,18,22,2025-11-06 21:54:15.917777,358019.53,6305948.0
PC240,C28,SGPW-46,2830,7,11,2025-11-06 21:54:15.917778,358019.53,6305948.0
PC240,C28,SHCV-75,7467,22,26,2025-11-06 21:54:15.917779,358019.53,6305948.0
PC240,430,SJPD-85,3087,8,12,2025-11-06 21:54:15.917780,358019.53,6305948.0
PC240,C01c,SPBL-76,1030,0,3,2025-11-06 21:54:15.917781,358019.53,6305948.0
PC240,C01c,PGBY-78,3106,8,12,2025-11-06 21:54:15.917782,358019.53,6305948.0
PC240,409,PGBY-57,3481,9,13,2025-11-06 21:54:15.917782,358019.53,6305948.0
PE805,325,VFKS-68,0,0,3,2025-11-06 21:54:17.934843,352042.133,6287774.199
PE805,325,VFKV-50,5663,16,20,2025-11-06 21:54:17.934848,352042.133,6287774.199
PJ367,503,VHLP-48,869,0,3,2025-11-06 21:54:20.003164,337138.0,6298960.193
PJ367,503,VHLT-18,2145,5,9,2025-11-06 21:54:20.003169,337138.0,6298960.193
PJ367,511,TBFT-61,3574,9,13,2025-11-06 21:54:20.003178,337138.0,6298960.193
PJ367,J15c,TBFW-12,1887,4,8,2025-11-06 21:54:20.003179,337138.0,6298960.193
PJ367,J18,VHZY-11,4862,13,17,2025-11-06 21:54:20.003180,337138.0,6298960.193
PJ367,J20,TBFR-17,1613,3,7,2025-11-06 21:54:20.003181,337138.0,6298960.193
PJ367,J20,TBFT-77,2358,5,9,2025-11-06 21:54:20.003182,337138.0,6298960.193
PE618,E09,VKJZ-85,1550,3,7,2025-11-06 21:54:22.119843,348597.31,6287093.287
PE618,E09,VKJY-90,4182,11,15,2025-11-06 21:54:22.119849,348597.31,6287093.287
PF916,F02,SHXD-84,1688,3,7,2025-11-06 21:54:24.278607,355406.796,6281002.544
PF916,F02,SHCY-63,8297,26,60,2025-11-06 21:54:24.278612,355406.796,6281002.544
PF916,F09,SHXG-95,1752,4,8,2025-11-06 21:54:24.278613,355406.796,6281002.544
PF916,F09,SPZY-16,2222,5,9,2025-11-06 21:54:24.278614,355406.796,6281002.544
PF916,204,VFPZ-38,195,0,3,2025-11-06 21:54:24.278615,355406.796,6281002.544
PF916,204,VFPV-93,1987,4,8,2025-11-06 21:54:24.278616,355406.796,6281002.544
PF916,F11,SKVB-26,2213,5,9,2025-11-06 21:54:24.278617,355406.796,6281002.544
PF916,F11,SKVB-31,9414,30,60,2025-11-06 21:54:24.278618,355406.796,6281002.544
PH207,210,LZRF-15,0,0,3,2025-11-06 21:54:26.419365,349095.0,6295277.42
PH207,210,RWTP-86,2223,5,9,2025-11-06 21:54:26.419370,349095.0,6295277.42
PH207,210v,VGBV-36,2509,6,10,2025-11-06 21:54:26.419371,349095.0,6295277.42
PH207,210v,VGKY-22,6022,17,21,2025-11-06 21:54:26.419372,349095.0,6295277.42
PB1022,B43,SJPC-15,2384,6,10,2025-11-06 21:54:28.152987,340331.361,6308317.655
PB1022,B43,SHXD-74,10446,33,60,2025-11-06 21:54:28.152993,340331.361,6308317.655
PH712,321,CJRX-63,4278,12,16,2025-11-06 21:54:29.677832,344038.754,6289777.465
PG1135,G12,SHXB-39,760,0,2,2025-11-06 21:54:31.775849,344990.903,6288364.671
PG1135,G12,SDSW-67,3971,11,15,2025-11-06 21:54:31.775855,344990.903,6288364.671
PD620,107,PGTV-29,1064,0,3,2025-11-06 21:54:33.813268,354688.531,6291683.639
PD620,107,PGTV-28,3479,9,13,2025-11-06 21:54:33.813272,354688.531,6291683.639
PD620,508,FLXX-45,776,0,2,2025-11-06 21:54:33.813273,354688.531,6291683.639
PD620,D05,SPBF-69,2452,6,10,2025-11-06 21:54:33.813274,354688.531,6291683.639
PD620,D05,SPBS-62,4801,13,17,2025-11-06 21:54:33.813275,354688.531,6291683.639
PD620,D10,SVDF-23,2849,7,11,2025-11-06 21:54:33.813275,354688.531,6291683.639
PD620,D10,SVDD-82,4477,12,16,2025-11-06 21:54:33.813276,354688.531,6291683.639
PD620,103,PFZK-89,1699,3,7,2025-11-06 21:54:33.813277,354688.531,6291683.639
PD620,103,SPBS-54,3820,10,14,2025-11-06 21:54:33.813278,354688.531,6291683.639
PD620,D26,SPBF-50,2245,5,9,2025-11-06 21:54:33.813279,354688.531,6291683.639
PD620,D26,PGBY-70,5736,16,20,2025-11-06 21:54:33.813279,354688.531,6291683.639
PD620,420,SVDD-22,3594,9,13,2025-11-06 21:54:33.813280,354688.531,6291683.639
PD620,420,SPCK-65,3696,10,14,2025-11-06 21:54:33.813281,354688.531,6291683.639
PD620,117,SPBP-30,2797,7,11,2025-11-06 21:54:33.813282,354688.531,6291683.639
PD620,117,SPBL-88,3413,9,13,2025-11-06 21:54:33.813282,354688.531,6291683.639
PD620,D16,PFZK-78,3350,9,13,2025-11-06 21:54:33.813284,354688.531,6291683.639
PD620,D16,SPBL-74,5408,15,19,2025-11-06 21:54:33.813284,354688.531,6291683.639
PB818,B03,LXDH-96,542,0,2,2025-11-06 21:54:35.956800,340070.375,6302568.52
PB818,B03,SKHG-73,4567,12,16,2025-11-06 21:54:35.956805,340070.375,6302568.52
PB818,B20,SKHG-93,1239,0,4,2025-11-06 21:54:35.956806,340070.375,6302568.52
PB818,B20,SKHG-57,8259,26,60,2025-11-06 21:54:35.956807,340070.375,6302568.52
PD449,D01,SVDD-75,164,0,3,2025-11-06 21:54:38.343844,354812.595,6297457.445
PD449,D01,SVDC-28,2750,7,11,2025-11-06 21:54:38.343849,354812.595,6297457.445
PD449,D02,SVDF-82,639,0,2,2025-11-06 21:54:38.343850,354812.595,6297457.445
PD449,D02,SVDC-46,6387,18,22,2025-11-06 21:54:38.343851,354812.595,6297457.445
PD449,422,TBFX-53,3470,9,13,2025-11-06 21:54:38.343852,354812.595,6297457.445
PD449,422,PFXC-44,6451,18,22,2025-11-06 21:54:38.343852,354812.595,6297457.445
PD449,D15,SVDF-45,1963,4,8,2025-11-06 21:54:38.343853,354812.595,6297457.445
PD449,D15,SVDC-92,2215,5,9,2025-11-06 21:54:38.343854,354812.595,6297457.445
PD449,403,PFVG-98,1776,4,8,2025-11-06 21:54:38.343855,354812.595,6297457.445
PC71,C18,SHCX-30,2234,5,9,2025-11-06 21:54:40.457873,352462.927,6302666.611
PC71,C18,SJPC-31,10284,32,60,2025-11-06 21:54:40.457878,352462.927,6302666.611
PC71,286,SCRZ-30,882,0,3,2025-11-06 21:54:40.457879,352462.927,6302666.611
PC71,286,SFPG-69,5134,14,18,2025-11-06 21:54:40.457879,352462.927,6302666.611
PC71,722,STHB-29,2466,6,10,2025-11-06 21:54:40.457880,352462.927,6302666.611
PC71,722,STHC-51,7400,21,25,2025-11-06 21:54:40.457881,352462.927,6302666.611
PC71,425,SJPB-38,2711,7,11,2025-11-06 21:54:40.457882,352462.927,6302666.611
PC71,425,SJPC-76,2967,7,11,2025-11-06 21:54:40.457882,352462.927,6302666.611
PC71,712,LBTS-97,1683,3,7,2025-11-06 21:54:40.457883,352462.927,6302666.611
PC71,C15,SGPY-75,2667,6,10,2025-11-06 21:54:40.457887,352462.927,6302666.611
PC71,C15,SKPJ-81,4082,11,15,2025-11-06 21:54:40.457888,352462.927,6302666.611
PG1043,G39,SFPF-94,1462,3,7,2025-11-06 21:54:44.627115,341633.707,6284991.998
PG1043,G39,SHCV-38,3613,9,13,2025-11-06 21:54:44.627120,341633.707,6284991.998
PG1043,G09,SHCV-49,10034,5,9,2025-11-06 21:54:44.627121,341633.707,6284991.998
PG1043,G09,SFGY-74,3234,8,12,2025-11-06 21:54:44.627122,341633.707,6284991.998
PG876,G05,SFGY-78,1952,4,8,2025-11-06 21:54:46.732322,343873.434,6284404.261
PG876,G35,SDSW-77,176,0,3,2025-11-06 21:54:46.732327,343873.434,6284404.261
PG876,G35,SFPF-79,6166,17,21,2025-11-06 21:54:46.732329,343873.434,6284404.261
PB434,314,VHSX-81,1278,0,4,2025-11-06 21:54:48.873401,343932.452,6301305.156
PB434,314,TWPC-60,5675,16,20,2025-11-06 21:54:48.873406,343932.452,6301305.156
PB434,303,FLXL-66,2427,6,10,2025-11-06 21:54:48.873408,343932.452,6301305.156
PB434,303,FLXF-40,4042,11,15,2025-11-06 21:54:48.873409,343932.452,6301305.156
PB434,307,TWPD-76,3315,8,12,2025-11-06 21:54:48.873410,343932.452,6301305.156
PB434,307,VHSZ-43,3083,8,12,2025-11-06 21:54:48.873411,343932.452,6301305.156
PG1594,201e,VFHL-46,756,0,2,2025-11-06 21:54:50.862379,342062.559,6286443.883
PG1594,201e,VFHV-82,2095,5,9,2025-11-06 21:54:50.862385,342062.559,6286443.883
PG535,G14,FLXX-30,3765,10,14,2025-11-06 21:54:52.969435,343557.491,6281544.967
PG535,F03,FLXJ-38,2156,5,9,2025-11-06 21:54:52.969441,343557.491,6281544.967
PC494,504,TBFW-54,444,0,3,2025-11-06 21:54:55.109765,350861.39,6299035.39
PC494,504,SZZH-69,3271,8,12,2025-11-06 21:54:55.109770,350861.39,6299035.39
PC494,518,TBFW-51,4154,11,15,2025-11-06 21:54:55.109772,350861.39,6299035.39
PC494,518,FLXG-45,6501,19,23,2025-11-06 21:54:55.109773,350861.39,6299035.39
PC494,501,PFXC-41,1167,0,4,2025-11-06 21:54:55.109774,350861.39,6299035.39
PC104,C07,LDJX-68,1967,4,8,2025-11-06 21:54:57.200631,354107.642,6302722.274
PC104,C07,SHCV-79,6413,18,22,2025-11-06 21:54:57.200635,354107.642,6302722.274
PC104,C14,SKPP-15,2238,5,9,2025-11-06 21:54:57.200637,354107.642,6302722.274
PC104,C14,SKPL-26,6423,18,22,2025-11-06 21:54:57.200637,354107.642,6302722.274
PH612,H08,FLXF-37,5090,14,18,2025-11-06 21:54:59.002491,342053.127,6290382.559
PH612,H08,CJRX-35,5021,14,18,2025-11-06 21:54:59.002495,342053.127,6290382.559
PH612,H12,CJRW-57,1470,3,7,2025-11-06 21:54:59.002496,342053.127,6290382.559
PH612,H12,BJFZ-36,3422,9,13,2025-11-06 21:54:59.002497,342053.127,6290382.559
PC1240,C16,LDTB-89,2388,6,10,2025-11-06 21:55:00.857765,359603.09,6307476.51
PC1240,409,PGTV-35,1705,3,7,2025-11-06 21:55:00.857769,359603.09,6307476.51
PC1240,409,SKWD-33,4809,13,17,2025-11-06 21:55:00.857770,359603.09,6307476.51
PB1624,201,GCBB-26,1423,0,4,2025-11-06 21:55:03.009948,343521.413,6307349.587
PB1624,201,GCBB-30,1753,4,8,2025-11-06 21:55:03.009953,343521.413,6307349.587
PB1624,B05,SPCG-52,2844,7,11,2025-11-06 21:55:03.009954,343521.413,6307349.587
PB1624,230,GCBC-23,4454,12,16,2025-11-06 21:55:03.009955,343521.413,6307349.587
PB1624,230,GCBC-17,7907,23,27,2025-11-06 21:55:03.009956,343521.413,6307349.587
PB1624,272,VFHT-81,2213,5,9,2025-11-06 21:55:03.009957,343521.413,6307349.587
PB1624,272,VFHW-51,2489,6,10,2025-11-06 21:55:03.009958,343521.413,6307349.587
PD329,403,PFTW-46,3800,10,14,2025-11-06 21:55:05.048286,348765.939,6297367.577
PD329,403,PFTW-28,4798,13,17,2025-11-06 21:55:05.048290,348765.939,6297367.577
PD329,513,VHZX-30,1338,0,4,2025-11-06 21:55:05.048291,348765.939,6297367.577
PD329,513,VHZZ-60,3323,8,12,2025-11-06 21:55:05.048292,348765.939,6297367.577
PD329,D03,SVDD-11,710,0,2,2025-11-06 21:55:05.048293,348765.939,6297367.577
PD329,227,VFPJ-71,7142,21,25,2025-11-06 21:55:05.048294,348765.939,6297367.577
PD329,227,VFPD-51,10489,33,60,2025-11-06 21:55:05.048294,348765.939,6297367.577
PD329,422,FLXV-80,2442,6,10,2025-11-06 21:55:05.048295,348765.939,6297367.577
PD329,422,GCBD-77,6911,20,24,2025-11-06 21:55:05.048296,348765.939,6297367.577
PJ781,J06,FLXZ-84,4331,12,16,2025-11-06 21:55:07.164283,340135.387,6298519.434
PF145,226,VFPX-63,1548,3,7,2025-11-06 21:55:08.898153,354162.146,6283018.261
PF145,226,VGBX-49,3613,9,13,2025-11-06 21:55:08.898159,354162.146,6283018.261
PB2043,109,PFXC-72,521,0,2,2025-11-06 21:55:10.422911,336821.482,6303213.621
PB2043,B03,SPZX-34,1961,4,8,2025-11-06 21:55:10.422916,336821.482,6303213.621
PB2043,B03,SKHG-95,2148,5,9,2025-11-06 21:55:10.422917,336821.482,6303213.621
PB2043,105,SJPC-45,2649,6,10,2025-11-06 21:55:10.422918,336821.482,6303213.621
PB2043,105,SJPC-56,2988,7,11,2025-11-06 21:55:10.422919,336821.482,6303213.621
PB2043,B09,SHCY-33,2528,6,10,2025-11-06 21:55:10.422919,336821.482,6303213.621
PB2043,B09,SHCY-39,5795,16,20,2025-11-06 21:55:10.422920,336821.482,6303213.621
PB2043,B20,LXDH-93,1614,3,7,2025-11-06 21:55:10.422921,336821.482,6303213.621
PB2043,B20,SKHG-80,2209,5,9,2025-11-06 21:55:10.422922,336821.482,6303213.621
PA202,D05,SPBP-92,0,0,3,2025-11-06 21:55:12.524094,348469.827,6295939.363
PA202,D05,SPBS-52,3210,8,12,2025-11-06 21:55:12.524098,348469.827,6295939.363
PA202,227,VFPL-63,3231,8,12,2025-11-06 21:55:12.524100,348469.827,6295939.363
PA202,227,VFPJ-53,6785,19,23,2025-11-06 21:55:12.524100,348469.827,6295939.363
PB1419,B14,FLXJ-42,479,0,2,2025-11-06 21:55:14.583651,348788.17,6303515.251
PB1419,B14,FLXT-50,1018,0,3,2025-11-06 21:55:14.583657,348788.17,6303515.251
PJ502,508,FLXV-65,4117,11,15,2025-11-06 21:55:16.669776,342564.936,6299632.113
PJ502,508,TBFR-49,9503,30,60,2025-11-06 21:55:16.669781,342564.936,6299632.113
PJ502,J03,FLXD-33,6106,17,21,2025-11-06 21:55:16.669782,342564.936,6299632.113
PJ502,J03,FLXG-25,6106,17,21,2025-11-06 21:55:16.669783,342564.936,6299632.113
PI1417,303,FLXL-19,1658,3,7,2025-11-06 21:55:18.416300,336239.92,6293127.181
PI1417,303,FLXL-66,5401,15,19,2025-11-06 21:55:18.416307,336239.92,6293127.181
PI1417,307,VHSZ-43,6082,17,21,2025-11-06 21:55:18.416309,336239.92,6293127.181
PI1417,307,TWPD-76,6210,18,22,2025-11-06 21:55:18.416311,336239.92,6293127.181
PI1417,314,TWPC-56,1950,4,8,2025-11-06 21:55:18.416312,336239.92,6293127.181
PI1417,314,VHSX-81,4405,12,16,2025-11-06 21:55:18.416314,336239.92,6293127.181
PA119,234,SFST-18,1302,0,4,2025-11-06 21:55:20.496418,347493.583,6297344.352
PA119,234,RYJG-98,1125,0,4,2025-11-06 21:55:20.496423,347493.583,6297344.352
PD183,420,SVDD-46,7335,21,25,2025-11-06 21:55:22.564795,353650.141,6299472.701
PD183,286,SHXB-27,994,0,3,2025-11-06 21:55:22.564800,353650.141,6299472.701
PD183,286,SCRZ-30,4416,12,16,2025-11-06 21:55:22.564801,353650.141,6299472.701
PD183,425,SJPF-42,2427,6,10,2025-11-06 21:55:22.564802,353650.141,6299472.701
PD183,425,SJPC-76,4811,13,17,2025-11-06 21:55:22.564802,353650.141,6299472.701
PD183,712,LBTS-97,5041,14,18,2025-11-06 21:55:22.564803,353650.141,6299472.701
PD183,216,LZPW-19,825,0,3,2025-11-06 21:55:22.564804,353650.141,6299472.701
PD183,216,LXWT-92,2476,6,10,2025-11-06 21:55:22.564805,353650.141,6299472.701
PG1963,G07,THTG-94,3615,9,13,2025-11-06 21:55:24.969035,338042.68,6273157.55
PG347,301,BJFS-39,121,0,3,2025-11-06 21:55:27.057756,344989.54,6285656.74
PG347,301,BJFT-49,1569,3,7,2025-11-06 21:55:27.057762,344989.54,6285656.74
PG347,301c,FLXK-47,1850,4,8,2025-11-06 21:55:27.057763,344989.54,6285656.74
PG347,G16,SDSW-78,1718,3,7,2025-11-06 21:55:27.057764,344989.54,6285656.74
PI1674,I10,FLXK-62,2165,5,9,2025-11-06 21:55:29.173929,335841.37,6289094.34
PI1674,106,PFVJ-21,1763,4,8,2025-11-06 21:55:29.173935,335841.37,6289094.34
PI1674,106,PFVH-99,3681,10,14,2025-11-06 21:55:29.173936,335841.37,6289094.34
PI1674,401,PFBG-33,4010,11,15,2025-11-06 21:55:29.173938,335841.37,6289094.34
PI1674,401,PFTF-88,4010,11,15,2025-11-06 21:55:29.173938,335841.37,6289094.34
PI1674,423,PGPT-52,1763,4,8,2025-11-06 21:55:29.173939,335841.37,6289094.34
PD1363,D16,SPBF-45,1657,3,7,2025-11-06 21:55:30.737026,352515.977,6293627.198
PD1363,D16,SPBF-59,5670,16,20,2025-11-06 21:55:30.737032,352515.977,6293627.198
PB560,307,TWPD-98,439,0,3,2025-11-06 21:55:35.297728,338846.19,6307727.35
PB560,307,TWPD-30,3572,9,13,2025-11-06 21:55:35.297734,338846.19,6307727.35
PB560,307c,TWPC-64,1742,4,8,2025-11-06 21:55:35.297735,338846.19,6307727.35
PB560,307e,TWPC-74,174,0,3,2025-11-06 21:55:35.297736,338846.19,6307727.35
PB560,307e,TWPC-92,330,0,3,2025-11-06 21:55:35.297737,338846.19,6307727.35
PG1768,G07,THTD-66,5970,17,21,2025-11-06 21:55:37.382351,340217.156,6276839.605
PG1768,G07,THTG-73,7497,22,26,2025-11-06 21:55:37.382356,340217.156,6276839.605
PG79,F03,FLXT-49,8548,27,60,2025-11-06 21:55:38.924068,341888.835,6282037.305
PG79,F03,SPVW-62,13558,43,60,2025-11-06 21:55:38.924071,341888.835,6282037.305
PG79,201e,VFHJ-59,503,0,2,2025-11-06 21:55:38.924073,341888.835,6282037.305
PG79,201e,VFHH-65,2247,5,9,2025-11-06 21:55:38.924073,341888.835,6282037.305
PG79,G28,BJFT-56,2314,5,9,2025-11-06 21:55:38.924074,341888.835,6282037.305
PG79,G28,BJFW-24,4707,13,17,2025-11-06 21:55:38.924075,341888.835,6282037.305
PG79,G08v,FLXV-24,688,0,2,2025-11-06 21:55:38.924076,341888.835,6282037.305
PG79,G08v,FLXV-23,3328,9,13,2025-11-06 21:55:38.924076,341888.835,6282037.305
PG79,G14,CJRP-11,2077,5,9,2025-11-06 21:55:38.924077,341888.835,6282037.305
PF47,712,SHCW-70,4208,11,15,2025-11-06 21:55:41.039396,354671.387,6281442.675
PF47,712,SJPF-90,4249,11,15,2025-11-06 21:55:41.039401,354671.387,6281442.675
PF47,F25,LBTT-17,1920,4,8,2025-11-06 21:55:41.039402,354671.387,6281442.675
PF47,F25,SRVH-10,7829,23,27,2025-11-06 21:55:41.039403,354671.387,6281442.675
PF47,226,VFPY-33,0,0,3,2025-11-06 21:55:41.039404,354671.387,6281442.675
PF47,226,VFPY-13,1073,0,3,2025-11-06 21:55:41.039404,354671.387,6281442.675
PF47,F10,SRRY-62,677,0,2,2025-11-06 21:55:41.039405,354671.387,6281442.675
PF47,F10,SRSC-67,4942,14,18,2025-11-06 21:55:41.039406,354671.387,6281442.675
PG617,G28,BJFT-94,5431,15,19,2025-11-06 21:55:43.223209,347783.953,6283336.287
PG617,G28,CJRB-46,7449,22,26,2025-11-06 21:55:43.223214,347783.953,6283336.287
PG617,F06,SRVJ-72,301,0,3,2025-11-06 21:55:43.223215,347783.953,6283336.287
PG617,F06,SPZY-58,5265,15,19,2025-11-06 21:55:43.223216,347783.953,6283336.287
PG617,206,FLXW-82,1922,4,8,2025-11-06 21:55:43.223217,347783.953,6283336.287
PG617,206,FLXW-72,3103,8,12,2025-11-06 21:55:43.223218,347783.953,6283336.287
PG617,206c,LZPT-50,1499,3,7,2025-11-06 21:55:43.223219,347783.953,6283336.287
PG617,206c,LZPT-59,5661,16,20,2025-11-06 21:55:43.223219,347783.953,6283336.287
PI442,404,PFYC-70,653,0,2,2025-11-06 21:55:45.281093,336471.992,6295789.372
PI442,I20,FLXG-65,3113,8,12,2025-11-06 21:55:45.281098,336471.992,6295789.372
PI442,I20,FLXK-87,7726,22,26,2025-11-06 21:55:45.281099,336471.992,6295789.372
PI1933,I35,SDSW-81,259,0,3,2025-11-06 21:55:47.400706,331428.0,6284070.0
PI1933,I35,SFPF-88,3837,10,14,2025-11-06 21:55:47.400711,331428.0,6284070.0
PA205,227,VFPL-71,585,0,2,2025-11-06 21:55:49.479158,347412.188,6295782.285
PA205,227,VFPL-63,4050,11,15,2025-11-06 21:55:49.479162,347412.188,6295782.285
PB526,429c,SLPC-51,1968,4,8,2025-11-06 21:55:51.552571,338014.833,6306241.217
PB526,430,PGBY-61,326,0,3,2025-11-06 21:55:51.552576,338014.833,6306241.217
PB526,430,PGLD-63,1968,4,8,2025-11-06 21:55:51.552577,338014.833,6306241.217
PB526,435,SKPH-79,1968,4,8,2025-11-06 21:55:51.552578,338014.833,6306241.217
PB526,435,SLGS-92,1968,4,8,2025-11-06 21:55:51.552579,338014.833,6306241.217
PD99,104,SKWD-88,677,0,2,2025-11-06 21:55:53.649554,351482.46,6296013.906
PD99,104,SKWD-59,6816,20,24,2025-11-06 21:55:53.649559,351482.46,6296013.906
PD99,212,LZPR-94,2797,7,11,2025-11-06 21:55:53.649560,351482.46,6296013.906
PD99,212,LZPG-24,6054,17,21,2025-11-06 21:55:53.649561,351482.46,6296013.906
PD99,224,VFPH-21,1627,3,7,2025-11-06 21:55:53.649562,351482.46,6296013.906
PD99,224,VFPS-56,4126,11,15,2025-11-06 21:55:53.649562,351482.46,6296013.906
PD572,506v,FLXW-24,1518,3,7,2025-11-06 21:55:55.728030,354701.232,6295318.915
PD572,506v,TBFR-25,6413,18,22,2025-11-06 21:55:55.728034,354701.232,6295318.915
PD572,507,FLXV-73,1527,3,7,2025-11-06 21:55:55.728035,354701.232,6295318.915
PD572,507,TBFS-66,7206,21,25,2025-11-06 21:55:55.728036,354701.232,6295318.915
PD572,511,FLXW-10,1211,0,4,2025-11-06 21:55:55.728037,354701.232,6295318.915
PD572,511,PFWZ-54,1811,4,8,2025-11-06 21:55:55.728037,354701.232,6295318.915
PD572,519,RKXL-31,2324,5,9,2025-11-06 21:55:55.728038,354701.232,6295318.915
PD572,519,FLXW-43,9001,28,60,2025-11-06 21:55:55.728039,354701.232,6295318.915
PD572,506,PFXB-99,2218,8,12,2025-11-06 21:55:55.728040,354701.232,6295318.915
PD572,506,PFWZ-57,7255,36,60,2025-11-06 21:55:55.728040,354701.232,6295318.915
PD572,506e,LXWS-41,7000,20,24,2025-11-06 21:55:55.728041,354701.232,6295318.915
PD572,506e,LXWR-71,11631,37,60,2025-11-06 21:55:55.728042,354701.232,6295318.915
PG264,302,BJFT-59,2487,6,10,2025-11-06 21:55:57.876270,345341.865,6287906.239
PG264,302,BJFW-68,6479,18,22,2025-11-06 21:55:57.876275,345341.865,6287906.239
PG264,120,TXZH-35,4303,12,16,2025-11-06 21:55:57.876276,345341.865,6287906.239
PG264,120,STHF-15,11453,37,60,2025-11-06 21:55:57.876277,345341.865,6287906.239
PG264,G12,SFGY-20,442,0,3,2025-11-06 21:55:57.876278,345341.865,6287906.239
PG264,G12,SHXB-39,4570,12,16,2025-11-06 21:55:57.876278,345341.865,6287906.239
PG264,118,FLXX-39,6822,20,24,2025-11-06 21:55:57.876279,345341.865,6287906.239
PG264,118,FLXW-53,10467,33,60,2025-11-06 21:55:57.876280,345341.865,6287906.239
PF74,F14,SPRW-68,1707,3,7,2025-11-06 21:55:59.422775,352206.184,6283184.472
PF74,E16,VFHW-73,587,0,2,2025-11-06 21:55:59.422780,352206.184,6283184.472
PF74,F27,SPRY-75,639,0,2,2025-11-06 21:55:59.422781,352206.184,6283184.472
PF74,F27,SPRZ-29,2316,5,9,2025-11-06 21:55:59.422782,352206.184,6283184.472
PF74,F05,SPZY-28,4372,12,16,2025-11-06 21:55:59.422783,352206.184,6283184.472
PF74,F20,SPZY-85,0,0,3,2025-11-06 21:55:59.422783,352206.184,6283184.472
PF74,F20,SRVK-73,4563,12,16,2025-11-06 21:55:59.422784,352206.184,6283184.472
PF74,205,LZRD-65,226,0,3,2025-11-06 21:55:59.422785,352206.184,6283184.472
PF74,205,RWTP-84,3437,9,13,2025-11-06 21:55:59.422786,352206.184,6283184.472
PF74,205c,VFPL-31,0,0,3,2025-11-06 21:55:59.422787,352206.184,6283184.472
PF74,205c,VFPT-65,352,0,3,2025-11-06 21:55:59.422788,352206.184,6283184.472
PF663,F02,SHXD-82,4336,12,16,2025-11-06 21:56:01.534084,352392.112,6279490.913
PF663,F15,LBTS-95,913,0,3,2025-11-06 21:56:01.534090,352392.112,6279490.913
PF663,F15,SRVG-10,4226,11,15,2025-11-06 21:56:01.534090,352392.112,6279490.913
PF663,F25,LBTT-17,5336,15,19,2025-11-06 21:56:01.534091,352392.112,6279490.913
PF663,F25,SRVH-10,11515,36,60,2025-11-06 21:56:01.534092,352392.112,6279490.913
PI810,I03,FLXG-58,3387,9,13,2025-11-06 21:56:03.611684,335585.935,6289161.372
PI810,I03,FLXJ-20,3800,10,14,2025-11-06 21:56:03.611689,335585.935,6289161.372
PF373,F07,SPRV-93,563,0,2,2025-11-06 21:56:05.713760,352968.513,6281544.448
PF373,F07,SPRW-12,5587,16,20,2025-11-06 21:56:05.713765,352968.513,6281544.448
PF373,F24,SPRV-91,2161,5,9,2025-11-06 21:56:05.713766,352968.513,6281544.448
PH451,119,CJRB-48,2930,7,11,2025-11-06 21:56:07.638823,346124.711,6292209.565
PH451,H24,VGRG-14,3733,10,14,2025-11-06 21:56:07.638828,346124.711,6292209.565
PH451,H24,VGRF-45,8383,26,60,2025-11-06 21:56:07.638829,346124.711,6292209.565
PI1364,I22,FLXZ-79,357,0,3,2025-11-06 21:56:11.226443,336254.577,6293076.213
PI1364,I08,FLXY-51,1251,0,4,2025-11-06 21:56:11.226448,336254.577,6293076.213
PI1364,I08,FLXW-90,1635,3,7,2025-11-06 21:56:11.226449,336254.577,6293076.213
PG214,211,FLXX-18,3175,8,12,2025-11-06 21:56:13.288683,346316.244,6287666.515
PG214,211,TBYY-56,5668,16,20,2025-11-06 21:56:13.288688,346316.244,6287666.515
PG214,229,VJKD-70,268,0,3,2025-11-06 21:56:13.288689,346316.244,6287666.515
PG214,229,VJKT-55,2227,5,9,2025-11-06 21:56:13.288690,346316.244,6287666.515
PG214,118,FLXX-39,7685,22,26,2025-11-06 21:56:13.288691,346316.244,6287666.515
PG214,118,FLXW-53,11470,36,60,2025-11-06 21:56:13.288692,346316.244,6287666.515
PG214,302,BJFT-59,3490,9,13,2025-11-06 21:56:13.288692,346316.244,6287666.515
PG214,302,BJFW-68,7482,22,26,2025-11-06 21:56:13.288693,346316.244,6287666.515
PH152,203,LZPS-12,322,0,3,2025-11-06 21:56:15.393115,347885.121,6290929.82
PH152,203,LZPW-16,4028,11,15,2025-11-06 21:56:15.393120,347885.121,6290929.82
PH152,206,FLXX-56,337,0,3,2025-11-06 21:56:15.393122,347885.121,6290929.82
PH152,206,FLXY-57,2104,5,9,2025-11-06 21:56:15.393122,347885.121,6290929.82
PA128,204,VFRB-67,1437,3,7,2025-11-06 21:56:17.498540,348171.2,6295587.34
PA128,204,VFRD-55,3237,8,12,2025-11-06 21:56:17.498545,348171.2,6295587.34
PA128,234,SVPX-50,3660,10,14,2025-11-06 21:56:17.498546,348171.2,6295587.34
PA128,234,SDGY-19,8222,26,60,2025-11-06 21:56:17.498547,348171.2,6295587.34
PC1041,C05,LDTF-47,2133,5,9,2025-11-06 21:56:20.001477,360584.02,6307050.25
PC1041,C05,LDTB-95,3922,10,14,2025-11-06 21:56:20.001483,360584.02,6307050.25
PC1041,411,PGBY-80,4977,14,18,2025-11-06 21:56:20.001484,360584.02,6307050.25
PC1041,411,SPBL-69,12951,41,60,2025-11-06 21:56:20.001485,360584.02,6307050.25
PC1041,C01,LDJJ-67,187,0,3,2025-11-06 21:56:20.001486,360584.02,6307050.25
PC1041,C01,LCPW-32,593,0,2,2025-11-06 21:56:20.001487,360584.02,6307050.25
PF718,F12,LCTG-34,2997,7,11,2025-11-06 21:56:22.099335,352894.594,6279074.714
PF718,F18,LBTS-87,1445,3,7,2025-11-06 21:56:22.099340,352894.594,6279074.714
PF718,F18,SRVG-25,6020,17,21,2025-11-06 21:56:22.099341,352894.594,6279074.714
PJ1976,412,PFYC-27,3134,8,12,2025-11-06 21:56:23.748323,335171.0,6299611.0
PA459,507,GCBD-35,1957,4,8,2025-11-06 21:56:25.548119,345509.489,6296839.209
PA459,507,PFXB-11,3872,10,14,2025-11-06 21:56:25.548124,345509.489,6296839.209
PD528,106,PFVG-46,15,0,3,2025-11-06 21:56:27.598521,350438.89,6296323.771
PD528,106,PGPT-55,2709,7,11,2025-11-06 21:56:27.598526,350438.89,6296323.771
PD528,508,FLXW-56,1434,3,7,2025-11-06 21:56:27.598527,350438.89,6296323.771
PD528,508,FLXS-66,6336,18,22,2025-11-06 21:56:27.598528,350438.89,6296323.771
PG1263,G15,THTD-52,4354,12,16,2025-11-06 21:56:29.411203,346970.184,6285035.691
PG1263,G15,THTF-66,4520,12,16,2025-11-06 21:56:29.411208,346970.184,6285035.691
PG151,203,LZPR-82,2107,5,9,2025-11-06 21:56:31.590170,345813.56,6283394.97
PG151,203,LZPR-90,4982,14,18,2025-11-06 21:56:31.590176,345813.56,6283394.97
PG151,203c,VJKX-78,430,0,3,2025-11-06 21:56:31.590177,345813.56,6283394.97
PG151,203c,VJXC-75,6878,20,24,2025-11-06 21:56:31.590178,345813.56,6283394.97
PG151,229,VJKD-70,3988,11,15,2025-11-06 21:56:31.590179,345813.56,6283394.97
PG151,229,VJKT-55,5881,17,21,2025-11-06 21:56:31.590180,345813.56,6283394.97
PG151,G08v,FLXV-27,2147,5,9,2025-11-06 21:56:31.590181,345813.56,6283394.97
PG151,228,THTH-22,132,0,3,2025-11-06 21:56:31.590181,345813.56,6283394.97
PG151,228,THTG-65,277,0,3,2025-11-06 21:56:31.590182,345813.56,6283394.97
PG151,G08,THTH-84,509,0,2,2025-11-06 21:56:31.590183,345813.56,6283394.97
PA615,D03,SVDD-11,38,0,3,2025-11-06 21:56:33.715168,348203.722,6297427.175
PA615,H13,CJRW-78,3261,8,12,2025-11-06 21:56:33.715173,348203.722,6297427.175
PA615,H13,CJRY-66,5263,15,19,2025-11-06 21:56:33.715174,348203.722,6297427.175
PF565,F02,SHXD-82,5589,16,20,2025-11-06 21:56:35.751825,352542.792,6277759.531
PF565,F12,SRVL-21,2459,6,10,2025-11-06 21:56:35.751831,352542.792,6277759.531
PF565,124,SRVL-35,1637,3,7,2025-11-06 21:56:35.751832,352542.792,6277759.531
PF565,124,LBTS-94,4264,11,15,2025-11-06 21:56:35.751832,352542.792,6277759.531
PJ1788,J07e,VJBB-31,8793,28,60,2025-11-06 21:56:37.821395,328028.685,6301786.147
PJ1788,J07e,VHZX-31,10841,34,60,2025-11-06 21:56:37.821400,328028.685,6301786.147
PD205,210,LZRB-91,2373,5,9,2025-11-06 21:56:39.366489,348769.58,6296084.84
PD205,210,RWTR-10,2576,6,10,2025-11-06 21:56:39.366495,348769.58,6296084.84
PD205,210v,VFRB-13,2803,7,11,2025-11-06 21:56:39.366497,348769.58,6296084.84
PD205,210v,VGKZ-62,4054,11,15,2025-11-06 21:56:39.366498,348769.58,6296084.84
PJ1588,B09,SHCY-39,622,0,2,2025-11-06 21:56:41.455853,335522.492,6305249.636
PB1526,B12,SKDG-24,2866,7,11,2025-11-06 21:56:43.507041,342716.068,6307598.006
PB1526,B12,LDTF-51,3553,9,13,2025-11-06 21:56:43.507046,342716.068,6307598.006
PB1952,B14,FLXG-79,7057,20,24,2025-11-06 21:56:45.545408,346050.495,6300900.199
PB1952,B14,FLXJ-42,10744,34,60,2025-11-06 21:56:45.545413,346050.495,6300900.199
PB1952,201,GCBB-63,2033,4,8,2025-11-06 21:56:45.545414,346050.495,6300900.199
PB1952,201,GCBB-10,2439,6,10,2025-11-06 21:56:45.545415,346050.495,6300900.199
PB1952,B02,FLXR-77,2088,5,9,2025-11-06 21:56:45.545416,346050.495,6300900.199
PB1952,B02,FLXS-32,9057,29,60,2025-11-06 21:56:45.545417,346050.495,6300900.199
PB1952,B26,FLXP-78,2428,6,10,2025-11-06 21:56:45.545417,346050.495,6300900.199
PB1952,B26,FLXS-47,6549,19,23,2025-11-06 21:56:45.545418,346050.495,6300900.199
PB1952,B27,FLXS-23,1314,0,4,2025-11-06 21:56:45.545419,346050.495,6300900.199
PB1952,B27,FLXT-71,4729,13,17,2025-11-06 21:56:45.545420,346050.495,6300900.199
PB1952,230,GCBB-53,998,0,3,2025-11-06 21:56:45.545421,346050.495,6300900.199
PB1952,230,FLXZ-98,3176,8,12,2025-11-06 21:56:45.545421,346050.495,6300900.199
PB1952,308,FLXK-17,681,0,2,2025-11-06 21:56:45.545422,346050.495,6300900.199
PG1621,G11,THTF-68,4934,14,18,2025-11-06 21:56:47.633271,348459.061,6286092.929
PG1621,G11,THTG-75,5264,15,19,2025-11-06 21:56:47.633276,348459.061,6286092.929
PG1621,F05,SPZY-25,4284,12,16,2025-11-06 21:56:47.633277,348459.061,6286092.929
PG1621,E18,BJFV-76,142,0,3,2025-11-06 21:56:47.633278,348459.061,6286092.929
PG1621,E18,BJFS-83,4903,13,17,2025-11-06 21:56:47.633279,348459.061,6286092.929
PG1642,301,BJFW-34,0,0,3,2025-11-06 21:56:49.242974,343735.921,6281098.65
PA53,201,GCBB-85,688,0,2,2025-11-06 21:56:51.285343,345939.188,6298180.18
PA53,201,GCBB-71,1456,3,7,2025-11-06 21:56:51.285348,345939.188,6298180.18
PG1161,G12,SFPF-84,2912,7,11,2025-11-06 21:56:53.324250,344481.245,6289294.699
PG1161,G12,SFGY-17,4517,12,16,2025-11-06 21:56:53.324255,344481.245,6289294.699
PB85,B09,SHCY-47,2245,5,9,2025-11-06 21:56:55.235103,340782.6,6302789.02
PB85,B09,SHCY-11,4382,12,16,2025-11-06 21:56:55.235108,340782.6,6302789.02
PB85,120,SKHG-14,224,0,3,2025-11-06 21:56:55.235109,340782.6,6302789.02
PB85,120,SJTD-65,3744,10,14,2025-11-06 21:56:55.235110,340782.6,6302789.02
PB85,B20,SKHG-93,0,0,3,2025-11-06 21:56:55.235111,340782.6,6302789.02
PB85,B20,SKHG-57,7097,20,24,2025-11-06 21:56:55.235112,340782.6,6302789.02
PB85,110,LXWR-72,381,0,3,2025-11-06 21:56:55.235113,340782.6,6302789.02
PB85,110,LZPH-37,1174,0,4,2025-11-06 21:56:55.235113,340782.6,6302789.02
PB85,410,LFGJ-89,964,0,3,2025-11-06 21:56:55.235114,340782.6,6302789.02
PB85,410,LDTG-64,1585,3,7,2025-11-06 21:56:55.235115,340782.6,6302789.02
PB85,105,SHXG-30,1251,0,4,2025-11-06 21:56:55.235116,340782.6,6302789.02
PB85,105,SHXF-28,3919,10,14,2025-11-06 21:56:55.235117,340782.6,6302789.02
PB85,B29,LXDH-85,6837,20,24,2025-11-06 21:56:55.235117,340782.6,6302789.02
PB85,B29,SKHG-55,11973,38,60,2025-11-06 21:56:55.235118,340782.6,6302789.02
PB85,408,SRTH-16,2656,6,10,2025-11-06 21:56:55.235119,340782.6,6302789.02
PB85,408,SRTH-20,6331,18,22,2025-11-06 21:56:55.235120,340782.6,6302789.02
PB85,109,BJFD-43,235,0,3,2025-11-06 21:56:55.235120,340782.6,6302789.02
PB85,109,FLXK-35,719,0,2,2025-11-06 21:56:55.235121,340782.6,6302789.02
PB85,B03,SKHG-59,8085,26,60,2025-11-06 21:56:55.235122,340782.6,6302789.02
PB85,B03,LXDH-92,9262,29,60,2025-11-06 21:56:55.235123,340782.6,6302789.02
PC1301,C13,SJPB-67,6769,19,23,2025-11-06 21:56:57.029438,359855.0,6307074.0
PC1301,C01c,PGTT-84,310,0,3,2025-11-06 21:56:57.029443,359855.0,6307074.0
PC1301,C01c,PGTV-33,5032,14,18,2025-11-06 21:56:57.029445,359855.0,6307074.0
PI1880,I35,SFPF-88,1401,0,4,2025-11-06 21:56:59.420383,332974.0,6284589.0
PI1880,I35,SFGY-69,2641,6,10,2025-11-06 21:56:59.420388,332974.0,6284589.0
PB1118,B22,SKPS-34,3968,11,15,2025-11-06 21:57:01.501162,344649.199,6304128.16
PB1118,230,GCBB-77,1411,0,4,2025-11-06 21:57:01.501167,344649.199,6304128.16
PB1118,230,GCBB-33,4729,13,17,2025-11-06 21:57:01.501168,344649.199,6304128.16
PJ734,J04,TBFT-92,274,0,3,2025-11-06 21:57:03.612688,339102.71,6297844.654
PJ734,J04,PFXC-23,6578,19,23,2025-11-06 21:57:03.612693,339102.71,6297844.654
PJ734,J15c,TBFP-85,1169,0,4,2025-11-06 21:57:03.612694,339102.71,6297844.654
PJ734,J15c,TBFW-12,4572,12,16,2025-11-06 21:57:03.612695,339102.71,6297844.654
PA103,203,LZPS-12,2034,4,8,2025-11-06 21:57:05.700418,347374.24,6295994.19
PA103,203,LZPW-16,5962,17,21,2025-11-06 21:57:05.700423,347374.24,6295994.19
PA103,206,FLXX-56,5153,14,18,2025-11-06 21:57:05.700424,347374.24,6295994.19
PA103,206,FLXY-57,7101,20,24,2025-11-06 21:57:05.700425,347374.24,6295994.19
PA103,I01,FLXL-73,854,0,3,2025-11-06 21:57:05.700426,347374.24,6295994.19
PA103,I01,FLXL-40,1645,3,7,2025-11-06 21:57:05.700427,347374.24,6295994.19
PA103,385,FLXG-13,1363,0,4,2025-11-06 21:57:05.700428,347374.24,6295994.19
PC905,C11,SGPY-74,2327,5,9,2025-11-06 21:57:09.409797,352938.013,6302730.804
PC905,C11,SGPY-66,11991,38,60,2025-11-06 21:57:09.409802,352938.013,6302730.804
PC905,C20,SKPP-25,1652,3,7,2025-11-06 21:57:09.409803,352938.013,6302730.804
PC905,C20,SKPJ-79,1808,4,8,2025-11-06 21:57:09.409804,352938.013,6302730.804
PB2086,B13,STHB-21,1080,0,3,2025-11-06 21:57:11.232383,337446.0,6311161.0
PJ394,504,TBFT-52,6160,45,60,2025-11-06 21:57:13.297535,339393.722,6299804.657
PJ394,507,TBFX-50,4887,13,17,2025-11-06 21:57:13.297541,339393.722,6299804.657
PJ394,517,LZPH-17,2311,5,9,2025-11-06 21:57:13.297542,339393.722,6299804.657
PJ394,518,BJFD-51,3780,10,14,2025-11-06 21:57:13.297543,339393.722,6299804.657
PJ394,503,VGTW-85,2947,7,11,2025-11-06 21:57:13.297544,339393.722,6299804.657
PJ394,503,VGVB-14,6314,18,22,2025-11-06 21:57:13.297545,339393.722,6299804.657
PA608,H13,CJRW-78,1452,3,7,2025-11-06 21:57:15.382174,348675.63,6295928.173
PA608,H13,CJRY-66,3295,8,12,2025-11-06 21:57:15.382179,348675.63,6295928.173
PC249,542,TBFW-85,1022,0,3,2025-11-06 21:57:17.434587,356028.37,6305247.357
PC249,542,TBFS-65,924,0,3,2025-11-06 21:57:17.434591,356028.37,6305247.357
PC249,C11,SGPY-66,7646,22,26,2025-11-06 21:57:17.434593,356028.37,6305247.357
PC249,405,PFVL-15,345,0,3,2025-11-06 21:57:17.434593,356028.37,6305247.357
PC249,405,PFYG-43,3057,8,12,2025-11-06 21:57:17.434594,356028.37,6305247.357
PD24,117,PGRZ-80,386,0,3,2025-11-06 21:57:19.567227,351149.87,6292283.125
PD24,117,SPBP-12,1050,0,3,2025-11-06 21:57:19.567232,351149.87,6292283.125
PD24,103,SPBP-94,1199,0,4,2025-11-06 21:57:19.567233,351149.87,6292283.125
PD24,103,SPBP-16,7331,21,25,2025-11-06 21:57:19.567234,351149.87,6292283.125
PF294,124,SRVL-24,3860,10,14,2025-11-06 21:57:21.686364,355740.024,6283391.062
PF294,124,LBTS-90,8755,28,60,2025-11-06 21:57:21.686369,355740.024,6283391.062
PF294,F14,SPRY-59,1008,0,3,2025-11-06 21:57:21.686370,355740.024,6283391.062
PF294,F14,SPRY-35,4051,11,15,2025-11-06 21:57:21.686371,355740.024,6283391.062
PF294,F26,SRPJ-92,15165,48,60,2025-11-06 21:57:21.686372,355740.024,6283391.062
PF294,F05,SPZY-65,3589,9,13,2025-11-06 21:57:21.686373,355740.024,6283391.062
PG862,G05,SHCV-43,1156,0,4,2025-11-06 21:57:23.765316,346907.954,6282449.779
PG862,G35,SFPF-89,3482,9,13,2025-11-06 21:57:23.765322,346907.954,6282449.779
PA822,508,GCBD-13,244,0,3,2025-11-06 21:57:25.977855,345266.68,6298852.3
PA822,508,GCBD-18,8499,27,60,2025-11-06 21:57:25.977860,345266.68,6298852.3
PA822,514,FLXW-59,2432,6,10,2025-11-06 21:57:25.977861,345266.68,6298852.3
PA822,514,FLXV-51,6550,19,23,2025-11-06 21:57:25.977862,345266.68,6298852.3
PC966,C17,SGPW-54,6613,19,23,2025-11-06 21:57:27.912429,359755.463,6308774.161
PC966,430,PFZK-87,1887,4,8,2025-11-06 21:57:27.912434,359755.463,6308774.161
PC966,430,SJPD-76,2171,5,9,2025-11-06 21:57:27.912435,359755.463,6308774.161
PC966,426,FLXK-37,3508,9,13,2025-11-06 21:57:27.912435,359755.463,6308774.161
PC966,426,BJFF-49,9949,31,60,2025-11-06 21:57:27.912436,359755.463,6308774.161
PJ258,505,LXWR-70,3739,10,14,2025-11-06 21:57:30.029015,336331.438,6301382.706
PJ258,505,VJJV-78,3739,10,14,2025-11-06 21:57:30.029021,336331.438,6301382.706
PJ258,J13,TBFT-44,1221,0,4,2025-11-06 21:57:30.029022,336331.438,6301382.706
PJ258,502,TBFW-82,464,0,3,2025-11-06 21:57:30.029023,336331.438,6301382.706
PG368,G09,SHXB-23,3789,10,14,2025-11-06 21:57:32.082428,343997.654,6281031.363
PG368,G09,SFGY-75,5621,16,20,2025-11-06 21:57:32.082434,343997.654,6281031.363
PG368,301,BJFW-34,194,0,3,2025-11-06 21:57:32.082435,343997.654,6281031.363
PA294,121,FLXT-35,2947,7,11,2025-11-06 21:57:34.170127,344957.401,6297668.32
PA294,121,FLXF-87,3601,9,13,2025-11-06 21:57:34.170133,344957.401,6297668.32
PA294,119,FLXG-98,4457,12,16,2025-11-06 21:57:34.170135,344957.401,6297668.32
PA294,119,CJRF-17,6473,18,22,2025-11-06 21:57:34.170136,344957.401,6297668.32
PE144,210,RWTP-90,1030,0,3,2025-11-06 21:57:36.249776,352674.557,6286565.85
PE144,210,LZRB-95,1030,0,3,2025-11-06 21:57:36.249782,352674.557,6286565.85
PE144,210v,VFPT-27,1080,0,3,2025-11-06 21:57:36.249783,352674.557,6286565.85
PE144,210v,VFRD-85,3780,10,14,2025-11-06 21:57:36.249784,352674.557,6286565.85
PI490,419,PGBB-58,4125,11,15,2025-11-06 21:57:38.201873,335073.521,6291090.985
PI490,I07,VHTB-41,1386,0,4,2025-11-06 21:57:38.201879,335073.521,6291090.985
PI490,I07,VHTB-76,4523,12,16,2025-11-06 21:57:38.201880,335073.521,6291090.985
PF879,F05,SPZY-42,5720,16,20,2025-11-06 21:57:39.759606,355738.131,6280728.535
PF879,F05,SPZY-28,10851,34,60,2025-11-06 21:57:39.759611,355738.131,6280728.535
PF879,F06,SPZY-70,626,0,2,2025-11-06 21:57:39.759613,355738.131,6280728.535
PF879,F06,SPZY-60,1374,0,4,2025-11-06 21:57:39.759613,355738.131,6280728.535
PF879,F09,SHXG-95,1329,0,4,2025-11-06 21:57:39.759614,355738.131,6280728.535
PF879,F09,SPZY-16,2229,5,9,2025-11-06 21:57:39.759615,355738.131,6280728.535
PF879,102,SRVJ-25,626,0,2,2025-11-06 21:57:39.759616,355738.131,6280728.535
PF879,102,LCPG-32,3339,9,13,2025-11-06 21:57:39.759617,355738.131,6280728.535
PF879,F20,SRVJ-48,1681,3,7,2025-11-06 21:57:39.759618,355738.131,6280728.535
PF879,F20,SPZY-85,6601,19,23,2025-11-06 21:57:39.759619,355738.131,6280728.535
PF879,210v,VFPS-94,3431,9,13,2025-11-06 21:57:39.759619,355738.131,6280728.535
PF879,210v,VFRD-75,8671,27,60,2025-11-06 21:57:39.759620,355738.131,6280728.535
PF879,F11,SKVB-26,1907,4,8,2025-11-06 21:57:39.759621,355738.131,6280728.535
PF879,F11,SKTZ-96,1935,4,8,2025-11-06 21:57:39.759622,355738.131,6280728.535
PF879,F02,SHXD-84,1531,3,7,2025-11-06 21:57:39.759623,355738.131,6280728.535
PF879,F02,SHCY-63,7655,22,26,2025-11-06 21:57:39.759624,355738.131,6280728.535
PF879,204,VFPZ-38,120,0,3,2025-11-06 21:57:39.759625,355738.131,6280728.535
PF879,204,VFPV-93,1132,0,4,2025-11-06 21:57:39.759626,355738.131,6280728.535
PF879,F29,SPVV-95,1033,0,3,2025-11-06 21:57:39.759626,355738.131,6280728.535
PF879,F29,SRPJ-73,3715,10,14,2025-11-06 21:57:39.759627,355738.131,6280728.535
PB436,303,FLXL-66,1511,3,7,2025-11-06 21:57:41.949506,343821.3,6302088.4
PB436,303,FLXF-40,4380,12,16,2025-11-06 21:57:41.949511,343821.3,6302088.4
PB436,307,VHSZ-43,3248,8,12,2025-11-06 21:57:41.949512,343821.3,6302088.4
PB436,307,TWPD-76,3370,9,13,2025-11-06 21:57:41.949513,343821.3,6302088.4
PB436,314,VHSX-81,1152,0,4,2025-11-06 21:57:41.949514,343821.3,6302088.4
PB436,314,TWPC-60,6468,18,22,2025-11-06 21:57:41.949515,343821.3,6302088.4
PA460,J03,FLXD-62,2254,5,9,2025-11-06 21:57:44.053717,345484.42,6298866.3
PA460,J03,FLXD-33,9155,29,60,2025-11-06 21:57:44.053721,345484.42,6298866.3
PB837,214,GCBC-22,1071,0,3,2025-11-06 21:57:46.162066,342732.671,6305838.473
PB837,B04,SHXF-20,1604,3,7,2025-11-06 21:57:46.162071,342732.671,6305838.473
PD324,325,VJLS-11,1701,3,7,2025-11-06 21:57:48.575973,349418.349,6297283.163
PD324,325,VJXX-54,6533,19,23,2025-11-06 21:57:48.575978,349418.349,6297283.163
PD324,422,TBFX-51,5033,14,18,2025-11-06 21:57:48.575980,349418.349,6297283.163
PD324,422,TBFX-53,8052,23,27,2025-11-06 21:57:48.575980,349418.349,6297283.163
PD324,505,LXWR-90,2129,5,9,2025-11-06 21:57:48.575982,349418.349,6297283.163
PD324,505,VHZV-61,2068,5,9,2025-11-06 21:57:48.575983,349418.349,6297283.163
PD324,403,PFTW-41,1979,4,8,2025-11-06 21:57:48.575984,349418.349,6297283.163
PD324,403,PFVG-98,6544,19,23,2025-11-06 21:57:48.575985,349418.349,6297283.163
PD324,513,VJBC-20,4131,11,15,2025-11-06 21:57:48.575986,349418.349,6297283.163
PD324,513,VHZY-70,6156,17,21,2025-11-06 21:57:48.575987,349418.349,6297283.163
PD324,514,FLXV-51,251,0,3,2025-11-06 21:57:48.575988,349418.349,6297283.163
PD324,514,PFXC-34,4259,11,15,2025-11-06 21:57:48.575988,349418.349,6297283.163
PD324,D03,SVDF-66,999,0,3,2025-11-06 21:57:48.575989,349418.349,6297283.163
PD324,D03,SVDD-53,4561,12,16,2025-11-06 21:57:48.575990,349418.349,6297283.163
PD324,227,VFPJ-53,3554,9,13,2025-11-06 21:57:48.575991,349418.349,6297283.163
PH169,204,VFPW-73,1365,0,4,2025-11-06 21:57:50.130311,348802.578,6292135.364
PH169,234,SFST-38,1075,0,3,2025-11-06 21:57:50.130316,348802.578,6292135.364
PH169,234,RYJG-98,6033,17,21,2025-11-06 21:57:50.130317,348802.578,6292135.364
PB1323,B02,FLXR-93,164,0,3,2025-11-06 21:57:52.248978,346755.486,6301166.75
PB1323,B02,FLXS-32,3781,10,14,2025-11-06 21:57:52.248984,346755.486,6301166.75
PB1323,B17,LDJP-73,2374,5,9,2025-11-06 21:57:52.248986,346755.486,6301166.75
PB1323,B17,SHXF-83,5854,16,20,2025-11-06 21:57:52.248987,346755.486,6301166.75
PB1927,B11,SKDJ-11,0,0,3,2025-11-06 21:57:54.101818,338381.123,6307101.513
PB1927,308,FLXH-38,2557,6,10,2025-11-06 21:57:54.101824,338381.123,6307101.513
PH199,227,VFPJ-71,571,0,2,2025-11-06 21:57:56.268761,347766.16,6291761.38
PH199,227,VFPD-51,3793,10,14,2025-11-06 21:57:56.268766,347766.16,6291761.38
PH199,205,LZRD-99,500,0,2,2025-11-06 21:57:56.268767,347766.16,6291761.38
PH199,205,LZRD-72,3624,9,13,2025-11-06 21:57:56.268768,347766.16,6291761.38
PH199,207,VJKL-93,2392,6,10,2025-11-06 21:57:56.268770,347766.16,6291761.38
PH199,207,SVPW-57,9522,30,60,2025-11-06 21:57:56.268770,347766.16,6291761.38
PH199,209,VJJV-47,746,0,2,2025-11-06 21:57:56.268772,347766.16,6291761.38
PH199,209,RYJG-97,900,0,3,2025-11-06 21:57:56.268772,347766.16,6291761.38
PG383,301c,BJFS-48,851,0,3,2025-11-06 21:57:58.185128,344933.0,6285311.0
PG383,301c,BJFT-25,4868,13,17,2025-11-06 21:57:58.185133,344933.0,6285311.0
PG383,301,BJFX-49,2586,6,10,2025-11-06 21:57:58.185134,344933.0,6285311.0
PG383,301,BJFW-95,3432,9,13,2025-11-06 21:57:58.185135,344933.0,6285311.0
PD692,D10,SVDF-23,5702,16,20,2025-11-06 21:57:59.750134,352622.254,6292900.134
PD692,D10,SVDD-82,5843,16,20,2025-11-06 21:57:59.750139,352622.254,6292900.134
PD692,D16,SPBF-59,3018,8,12,2025-11-06 21:57:59.750140,352622.254,6292900.134
PC233,502,TBFX-46,8127,26,60,2025-11-06 21:58:01.691914,357049.675,6305426.852
PC233,502,FLXV-48,12656,40,60,2025-11-06 21:58:01.691918,357049.675,6305426.852
PC233,405,PGBB-63,168,0,3,2025-11-06 21:58:01.691919,357049.675,6305426.852
PC233,405,PDYR-93,2433,6,10,2025-11-06 21:58:01.691920,357049.675,6305426.852
PC233,405c,PGBY-81,0,0,3,2025-11-06 21:58:01.691921,357049.675,6305426.852
PC233,405c,PFZK-95,395,0,3,2025-11-06 21:58:01.691922,357049.675,6305426.852
PG1443,G38,THTF-27,743,0,2,2025-11-06 21:58:03.504940,343066.154,6278269.93
PG1443,G38,THTD-15,1991,4,8,2025-11-06 21:58:03.504945,343066.154,6278269.93
PG1443,G08,THTG-58,193,0,3,2025-11-06 21:58:03.504946,343066.154,6278269.93
PB1046,B08,SJPB-20,1736,3,7,2025-11-06 21:58:05.619264,344197.359,6308330.759
PB1046,B08,SHCY-36,5980,17,21,2025-11-06 21:58:05.619269,344197.359,6308330.759
PB1046,B16,STHF-54,1740,3,7,2025-11-06 21:58:05.619270,344197.359,6308330.759
PB1046,B16,STHK-38,4130,11,15,2025-11-06 21:58:05.619271,344197.359,6308330.759
PB1046,B36,FLXS-44,5940,17,21,2025-11-06 21:58:05.619272,344197.359,6308330.759
PD251,227,VFPH-66,1428,3,7,2025-11-06 21:58:07.676266,356841.682,6297343.265
PD251,227,VFRF-15,4427,12,16,2025-11-06 21:58:07.676271,356841.682,6297343.265
PD251,517,VHZZ-21,7338,21,25,2025-11-06 21:58:07.676272,356841.682,6297343.265
PD251,517,VJJV-88,9029,29,60,2025-11-06 21:58:07.676273,356841.682,6297343.265
PD251,412,LXWP-60,1981,4,8,2025-11-06 21:58:07.676274,356841.682,6297343.265
PD251,412,PFVG-92,8437,27,60,2025-11-06 21:58:07.676275,356841.682,6297343.265
PD251,225,VJKR-86,205,0,3,2025-11-06 21:58:07.676276,356841.682,6297343.265
PD251,225,VJKR-85,2267,5,9,2025-11-06 21:58:07.676277,356841.682,6297343.265
PD1373,D09,SVDD-60,1576,3,7,2025-11-06 21:58:09.439701,355381.061,6296353.264
PD1373,225,VJKR-86,2469,6,10,2025-11-06 21:58:09.439706,355381.061,6296353.264
PD1373,225,VJKR-85,4531,12,16,2025-11-06 21:58:09.439707,355381.061,6296353.264
PA237,302,BJFT-89,4299,12,16,2025-11-06 21:58:11.278040,346084.846,6296165.162
PA237,302,BJFZ-31,9283,29,60,2025-11-06 21:58:11.278046,346084.846,6296165.162
PA237,125,CJRX-64,2875,7,11,2025-11-06 21:58:11.278047,346084.846,6296165.162
PA237,125,BJFT-96,7627,22,26,2025-11-06 21:58:11.278048,346084.846,6296165.162
PJ341,507,TBFR-47,2707,7,11,2025-11-06 21:58:13.348313,343139.26,6299463.28
PJ341,507,TBFX-50,8376,26,60,2025-11-06 21:58:13.348319,343139.26,6299463.28
PB1723,B27,FLXS-23,3374,9,13,2025-11-06 21:58:15.436423,344844.857,6304015.196
PB1723,B27,FLXT-71,8251,26,60,2025-11-06 21:58:15.436428,344844.857,6304015.196
PJ573,J01,FLXD-43,4098,11,15,2025-11-06 21:58:19.584112,340971.544,6301618.176
PJ573,J01,FDJX-70,8114,26,60,2025-11-06 21:58:19.584117,340971.544,6301618.176
PE304,E01,VKJX-84,110,0,3,2025-11-06 21:58:21.637691,352786.295,6286231.171
PE304,E01,VKJY-86,110,0,3,2025-11-06 21:58:21.637697,352786.295,6286231.171
PH254,227,VFPL-57,0,0,3,2025-11-06 21:58:23.795077,344320.604,6291078.2
PH254,227,VFPS-47,3326,9,13,2025-11-06 21:58:23.795082,344320.604,6291078.2
PH254,H07,FLXC-49,216,0,3,2025-11-06 21:58:23.795083,344320.604,6291078.2
PH254,H08,BJFS-36,1857,4,8,2025-11-06 21:58:23.795084,344320.604,6291078.2
PH254,H08,FLXF-37,1796,4,8,2025-11-06 21:58:23.795085,344320.604,6291078.2
PH254,H09,VGRC-73,1566,3,7,2025-11-06 21:58:23.795086,344320.604,6291078.2
PH254,H09,VGRD-25,6264,18,22,2025-11-06 21:58:23.795086,344320.604,6291078.2
PA279,511,FLXV-66,155,0,3,2025-11-06 21:58:25.898740,344360.511,6296524.502
PA279,511,TBFX-75,3765,10,14,2025-11-06 21:58:25.898745,344360.511,6296524.502
PA279,I18,VHSY-46,1436,3,7,2025-11-06 21:58:25.898746,344360.511,6296524.502
PD1449,212,LZPT-45,411,0,3,2025-11-06 21:58:27.893156,351385.493,6293532.27
PD1449,212,LZPT-72,1439,3,7,2025-11-06 21:58:27.893161,351385.493,6293532.27
PD1449,126,FLXT-37,1137,0,4,2025-11-06 21:58:27.893162,351385.493,6293532.27
PD1449,106,PFYS-50,261,0,3,2025-11-06 21:58:27.893163,351385.493,6293532.27
PD1449,106,PGPT-39,762,0,2,2025-11-06 21:58:27.893164,351385.493,6293532.27
PD1449,104,SKWD-82,1428,3,7,2025-11-06 21:58:27.893165,351385.493,6293532.27
PD1449,104,LDSV-90,3796,10,14,2025-11-06 21:58:27.893166,351385.493,6293532.27
PI824,I03,FLXL-71,1407,0,4,2025-11-06 21:58:29.440790,338726.468,6292589.334
PI824,I03,FLXL-34,5492,15,19,2025-11-06 21:58:29.440795,338726.468,6292589.334
PI824,I13,FLXY-11,2310,18,22,2025-11-06 21:58:29.440796,338726.468,6292589.334
PI824,I13,FLXZ-89,2314,18,22,2025-11-06 21:58:29.440797,338726.468,6292589.334
PI824,I20,FLXK-87,1829,4,8,2025-11-06 21:58:29.440798,338726.468,6292589.334
PJ504,J03,FLXS-89,0,0,3,2025-11-06 21:58:31.580353,342354.381,6299335.861
PJ504,J03,FLXS-84,4270,11,15,2025-11-06 21:58:31.580357,342354.381,6299335.861
PJ504,508,TBFW-78,2030,4,8,2025-11-06 21:58:31.580359,342354.381,6299335.861
PJ504,508,PFXB-92,2915,7,11,2025-11-06 21:58:31.580359,342354.381,6299335.861
PE163,118,FLXX-94,1010,0,3,2025-11-06 21:58:33.687823,350907.871,6288716.875
PE163,118,FLXX-93,3441,9,13,2025-11-06 21:58:33.687828,350907.871,6288716.875
PE163,211,TBYY-58,1556,3,7,2025-11-06 21:58:33.687829,350907.871,6288716.875
PE163,211,TBZB-17,1910,4,8,2025-11-06 21:58:33.687830,350907.871,6288716.875
PD644,510,PFXB-75,3036,8,12,2025-11-06 21:58:36.299899,349584.351,6296379.39
PD644,510,FLXS-83,4271,11,15,2025-11-06 21:58:36.299906,349584.351,6296379.39
PD644,519,FLXW-43,1971,4,8,2025-11-06 21:58:36.299909,349584.351,6296379.39
PD644,519,PFXC-64,3802,10,14,2025-11-06 21:58:36.299910,349584.351,6296379.39
PD644,516,GCBD-75,3006,7,11,2025-11-06 21:58:36.299912,349584.351,6296379.39
PD644,516,TBFS-69,5049,14,18,2025-11-06 21:58:36.299914,349584.351,6296379.39
PD644,506,PFWZ-57,1044,5,9,2025-11-06 21:58:36.299916,349584.351,6296379.39
PD644,506,GCBC-83,4696,31,60,2025-11-06 21:58:36.299918,349584.351,6296379.39
PD644,506e,LXWR-71,5176,14,18,2025-11-06 21:58:36.299919,349584.351,6296379.39
PD644,506e,LXWS-41,7829,23,27,2025-11-06 21:58:36.299921,349584.351,6296379.39
PD644,506v,TBFR-25,916,0,3,2025-11-06 21:58:36.299923,349584.351,6296379.39
PD644,506v,GCBF-21,5110,14,18,2025-11-06 21:58:36.299924,349584.351,6296379.39
PD644,507,TBFS-66,1172,0,4,2025-11-06 21:58:36.299926,349584.351,6296379.39
PD644,507,PFXB-39,2577,6,10,2025-11-06 21:58:36.299928,349584.351,6296379.39
PE1313,205,LZRD-72,995,0,3,2025-11-06 21:58:38.216628,348518.048,6286073.077
PE1313,205,RWTP-91,4423,12,16,2025-11-06 21:58:38.216633,348518.048,6286073.077
PE1313,205c,VFPJ-77,565,0,2,2025-11-06 21:58:38.216635,348518.048,6286073.077
PE1313,205c,VFPL-11,2424,6,10,2025-11-06 21:58:38.216636,348518.048,6286073.077
PE1313,207,SVPW-57,3761,10,14,2025-11-06 21:58:38.216637,348518.048,6286073.077
PE1313,207,SFST-33,4196,11,15,2025-11-06 21:58:38.216637,348518.048,6286073.077
PE1313,209,VJLR-81,4885,13,17,2025-11-06 21:58:38.216638,348518.048,6286073.077
PE1313,209c,VJJX-77,4196,11,15,2025-11-06 21:58:38.216639,348518.048,6286073.077
PE1313,209c,VJKC-97,4428,12,16,2025-11-06 21:58:38.216640,348518.048,6286073.077
PG1107,H08,CJRX-35,4511,12,16,2025-11-06 21:58:39.828815,345564.594,6290402.958
PG1107,348,VHTB-67,3512,9,13,2025-11-06 21:58:39.828821,345564.594,6290402.958
PG1107,348,VHSY-22,4925,14,18,2025-11-06 21:58:39.828822,345564.594,6290402.958
PG1107,I05,VHTB-33,3415,9,13,2025-11-06 21:58:39.828823,345564.594,6290402.958
PG1107,I05,VHSX-74,10057,32,60,2025-11-06 21:58:39.828824,345564.594,6290402.958
PG1107,G11,THTD-65,0,0,3,2025-11-06 21:58:39.828825,345564.594,6290402.958
PG1107,G11,THTF-68,3596,9,13,2025-11-06 21:58:39.828826,345564.594,6290402.958
PG1107,321,FLXR-45,1342,0,4,2025-11-06 21:58:39.828827,345564.594,6290402.958
PG1107,321,CJRX-63,7200,21,25,2025-11-06 21:58:39.828828,345564.594,6290402.958
PG1107,H03,CJRW-46,10175,32,60,2025-11-06 21:58:39.828829,345564.594,6290402.958
PG1107,H07,BJFT-15,5640,16,20,2025-11-06 21:58:39.828830,345564.594,6290402.958
PG1107,H07,BJFV-28,9830,31,60,2025-11-06 21:58:39.828831,345564.594,6290402.958
PD608,508,FLXW-56,7431,21,25,2025-11-06 21:58:41.917674,352835.058,6292058.117
PD608,508,FLXS-66,12544,40,60,2025-11-06 21:58:41.917679,352835.058,6292058.117
PD608,D10,STRJ-56,636,0,2,2025-11-06 21:58:41.917680,352835.058,6292058.117
PD608,D10,SVDD-18,4522,12,16,2025-11-06 21:58:41.917681,352835.058,6292058.117
PE397,323,FLXF-53,2541,6,10,2025-11-06 21:58:43.481507,355308.146,6288234.882
PE397,323,FLXR-54,4572,12,16,2025-11-06 21:58:43.481513,355308.146,6288234.882
PB420,303,FLXF-14,2035,4,8,2025-11-06 21:58:45.563757,342809.7,6304249.15
PB420,303,FLXD-74,3632,9,13,2025-11-06 21:58:45.563761,342809.7,6304249.15
PB420,307,FLXD-85,4673,13,17,2025-11-06 21:58:45.563762,342809.7,6304249.15
PB420,307,VHSZ-38,9672,31,60,2025-11-06 21:58:45.563763,342809.7,6304249.15
PB420,314,VHSZ-48,4617,13,17,2025-11-06 21:58:45.563764,342809.7,6304249.15
PD1290,D08,SVDD-41,1500,3,7,2025-11-06 21:58:47.620427,357338.184,6298666.644
PD1290,D08,SVDD-24,6360,18,22,2025-11-06 21:58:47.620432,357338.184,6298666.644
PD1290,D18,SVDC-41,0,0,3,2025-11-06 21:58:47.620433,357338.184,6298666.644
PD1290,D18,SVDC-32,3145,8,12,2025-11-06 21:58:47.620434,357338.184,6298666.644
PD1290,412,LXWP-60,0,0,3,2025-11-06 21:58:47.620435,357338.184,6298666.644
PD1290,412,PFVG-92,6828,20,24,2025-11-06 21:58:47.620436,357338.184,6298666.644
PD1290,D02,SPBF-43,3353,9,13,2025-11-06 21:58:47.620437,357338.184,6298666.644
PD1290,D02,SVDF-57,4951,14,18,2025-11-06 21:58:47.620438,357338.184,6298666.644
PC810,C09,SHXF-98,6798,19,23,2025-11-06 21:58:49.198308,359484.687,6305515.281
PJ268,502,TBFW-82,2137,5,9,2025-11-06 21:58:51.262326,338872.678,6300889.532
PJ268,502c,PFXB-76,2343,5,9,2025-11-06 21:58:51.262341,338872.678,6300889.532
PJ268,J05,TBFX-78,2653,6,10,2025-11-06 21:58:51.262342,338872.678,6300889.532
PJ268,J13,TBFT-44,3926,10,14,2025-11-06 21:58:51.262343,338872.678,6300889.532
PJ268,J13c,PFXC-40,1003,0,3,2025-11-06 21:58:51.262344,338872.678,6300889.532
PH707,329,FLXR-39,6399,18,22,2025-11-06 21:58:53.388714,343332.529,6289775.544
PH707,329,FLXR-58,11512,36,60,2025-11-06 21:58:53.388720,343332.529,6289775.544
PH707,I05,VHSY-20,3599,9,13,2025-11-06 21:58:53.388721,343332.529,6289775.544
PD1660,D02,STWH-39,615,0,2,2025-11-06 21:58:55.458514,358455.55,6295934.61
PD1660,D02,SPBF-43,4890,13,17,2025-11-06 21:58:55.458519,358455.55,6295934.61
PD1660,D18,SVDC-41,3477,9,13,2025-11-06 21:58:55.458520,358455.55,6295934.61
PD1660,D18,SVDC-32,6622,19,23,2025-11-06 21:58:55.458521,358455.55,6295934.61
PB88,105,SHXG-30,2090,5,9,2025-11-06 21:58:57.550126,339668.62,6302946.17
PB88,105,SHXF-28,4357,12,16,2025-11-06 21:58:57.550131,339668.62,6302946.17
PB88,109,BJFD-43,358,0,3,2025-11-06 21:58:57.550132,339668.62,6302946.17
PB88,109,FLXK-35,1513,3,7,2025-11-06 21:58:57.550133,339668.62,6302946.17
PB88,110,LXWR-72,1191,0,4,2025-11-06 21:58:57.550133,339668.62,6302946.17
PB88,110,LZPH-37,2291,5,9,2025-11-06 21:58:57.550134,339668.62,6302946.17
PB161,B03,SKHG-59,13,0,3,2025-11-06 21:58:59.645738,346913.127,6299951.733
PB161,B03,LXDH-92,756,0,2,2025-11-06 21:58:59.645741,346913.127,6299951.733
PB161,203,LZPT-46,322,0,3,2025-11-06 21:58:59.645743,346913.127,6299951.733
PB161,203,LZPS-12,3706,10,14,2025-11-06 21:58:59.645743,346913.127,6299951.733
PB161,208,LZPT-75,739,0,2,2025-11-06 21:58:59.645744,346913.127,6299951.733
PB161,208,GCBF-45,2794,7,11,2025-11-06 21:58:59.645745,346913.127,6299951.733
PB161,116,LCPW-41,0,0,3,2025-11-06 21:58:59.645746,346913.127,6299951.733
PB161,116,LDJJ-69,1571,3,7,2025-11-06 21:58:59.645747,346913.127,6299951.733
PI396,421,PFTV-91,2274,5,9,2025-11-06 21:59:01.762090,339920.728,6295991.819
PI396,421,PDZH-71,12848,41,60,2025-11-06 21:59:01.762094,339920.728,6295991.819
PI396,423,PGPT-44,646,0,2,2025-11-06 21:59:01.762095,339920.728,6295991.819
PI396,423,PFVC-59,7758,22,26,2025-11-06 21:59:01.762096,339920.728,6295991.819
PI396,424,GCBD-53,3454,9,13,2025-11-06 21:59:01.762097,339920.728,6295991.819
PI396,424,PFXB-27,3756,10,14,2025-11-06 21:59:01.762098,339920.728,6295991.819
PI396,405,PFVL-16,11356,36,60,2025-11-06 21:59:01.762099,339920.728,6295991.819
PI396,419,PFTV-98,7408,21,25,2025-11-06 21:59:01.762100,339920.728,6295991.819
PI396,419,PGBB-58,11065,35,60,2025-11-06 21:59:01.762100,339920.728,6295991.819
PI396,404,PFYC-70,3353,9,13,2025-11-06 21:59:01.762101,339920.728,6295991.819
PI396,106,PFYT-22,624,0,2,2025-11-06 21:59:01.762102,339920.728,6295991.819
PI396,106,PGPS-95,3696,10,14,2025-11-06 21:59:01.762103,339920.728,6295991.819
PI396,401,PFVK-80,3008,7,11,2025-11-06 21:59:01.762104,339920.728,6295991.819
PI396,401,PDZT-12,12030,38,60,2025-11-06 21:59:01.762104,339920.728,6295991.819
PI396,I08,FLXY-15,465,0,3,2025-11-06 21:59:01.762105,339920.728,6295991.819
PI396,I08,FLXW-88,2371,5,9,2025-11-06 21:59:01.762106,339920.728,6295991.819
PI396,I09,RWRP-57,2609,6,10,2025-11-06 21:59:01.762107,339920.728,6295991.819
PI396,I09,VHTB-47,4243,11,15,2025-11-06 21:59:01.762107,339920.728,6295991.819
PF754,F02,SHXD-82,299,0,3,2025-11-06 21:59:05.823746,353735.101,6280757.467
PF754,F02,SHXD-84,1523,3,7,2025-11-06 21:59:05.823751,353735.101,6280757.467
PF754,204,VFPT-64,1344,0,4,2025-11-06 21:59:05.823752,353735.101,6280757.467
PF754,204,VGBW-19,4090,11,15,2025-11-06 21:59:05.823753,353735.101,6280757.467
PB754,B02,FLXS-32,3105,8,12,2025-11-06 21:59:07.895706,347444.816,6301612.752
PB754,B02,FLXR-75,7299,21,25,2025-11-06 21:59:07.895711,347444.816,6301612.752
PB754,B17,LDJP-73,1464,3,7,2025-11-06 21:59:07.895712,347444.816,6301612.752
PB754,B17,SHXF-83,4862,13,17,2025-11-06 21:59:07.895713,347444.816,6301612.752
PB395,B24,STHF-35,455,0,3,2025-11-06 21:59:09.945025,344207.356,6301256.127
PB395,B24,LDJV-50,2676,6,10,2025-11-06 21:59:09.945030,344207.356,6301256.127
PB395,301,BJFV-17,992,0,3,2025-11-06 21:59:09.945031,344207.356,6301256.127
PB395,301,BJFZ-61,6112,17,21,2025-11-06 21:59:09.945032,344207.356,6301256.127
PB395,B03,SKHG-59,3799,10,14,2025-11-06 21:59:09.945033,344207.356,6301256.127
PB395,B03,LXDH-92,4542,12,16,2025-11-06 21:59:09.945033,344207.356,6301256.127
PG1609,227,VFPL-71,5492,15,19,2025-11-06 21:59:12.052487,347715.444,6289643.744
PG1609,227,VFPL-63,9045,29,60,2025-11-06 21:59:12.052492,347715.444,6289643.744
PF745,226,VGBX-49,1161,0,4,2025-11-06 21:59:14.152637,353074.382,6283962.642
PF745,226,VFPC-66,2129,5,9,2025-11-06 21:59:14.152644,353074.382,6283962.642
PF745,E16,VFHX-26,3595,9,13,2025-11-06 21:59:14.152647,353074.382,6283962.642
PF745,E16,VFKT-60,6771,19,23,2025-11-06 21:59:14.152648,353074.382,6283962.642
PI367,444,SHXD-77,7653,22,26,2025-11-06 21:59:16.216366,337713.939,6292567.464
PI367,428,SJPD-79,2789,7,11,2025-11-06 21:59:16.216371,337713.939,6292567.464
PI367,428,SLGS-86,6869,20,24,2025-11-06 21:59:16.216372,337713.939,6292567.464
PF882,F25,LBTT-17,4281,12,16,2025-11-06 21:59:18.272327,352430.419,6279569.219
PF882,F25,SRVH-10,10547,33,60,2025-11-06 21:59:18.272332,352430.419,6279569.219
PF882,F29,SPVT-98,2360,5,9,2025-11-06 21:59:18.272333,352430.419,6279569.219
PF882,F29,SPVV-57,5551,16,20,2025-11-06 21:59:18.272334,352430.419,6279569.219
PA353,502,TBFV-97,3937,10,14,2025-11-06 21:59:20.313910,346790.462,6299364.281
PA353,502,TBFW-82,10869,34,60,2025-11-06 21:59:20.313914,346790.462,6299364.281
PA353,502c,PFXB-76,11028,35,60,2025-11-06 21:59:20.313916,346790.462,6299364.281
PA353,503,VHLS-18,5401,15,19,2025-11-06 21:59:20.313917,346790.462,6299364.281
PA353,503,VGTW-85,9260,29,60,2025-11-06 21:59:20.313918,346790.462,6299364.281
PA353,119,FLXG-98,6831,20,24,2025-11-06 21:59:20.313919,346790.462,6299364.281
PA353,119,CJRF-17,9080,29,60,2025-11-06 21:59:20.313919,346790.462,6299364.281
PA353,121,FLXF-95,430,0,3,2025-11-06 21:59:20.313920,346790.462,6299364.281
PA353,121,BJFV-74,504,0,2,2025-11-06 21:59:20.313921,346790.462,6299364.281
PE316,E02,VKJZ-38,5485,15,19,2025-11-06 21:59:24.547503,349162.551,6287170.719
PE316,E16,VJXX-62,999,0,3,2025-11-06 21:59:24.547508,349162.551,6287170.719
PG1898,G22,THTG-90,789,0,2,2025-11-06 21:59:26.633989,341697.83,6279152.0
PG1898,211c,THTD-88,830,0,3,2025-11-06 21:59:26.633995,341697.83,6279152.0
PI898,I04,FLXZ-67,4698,13,17,2025-11-06 21:59:28.458734,341308.101,6294632.493
PI898,I04,FLXF-91,7259,21,25,2025-11-06 21:59:28.458739,341308.101,6294632.493
PJ837,J07e,VJBB-60,4751,13,17,2025-11-06 21:59:30.251519,328873.506,6304516.685
PJ837,J07e,VJBB-31,15554,49,60,2025-11-06 21:59:30.251524,328873.506,6304516.685
PD1658,D02,STWH-39,266,0,3,2025-11-06 21:59:32.346077,358700.81,6296519.31
PD1658,D02,SPBF-43,4303,12,16,2025-11-06 21:59:32.346082,358700.81,6296519.31
PD1658,D18,SVDC-41,2747,7,11,2025-11-06 21:59:32.346083,358700.81,6296519.31
PD1658,D18,SVDC-32,5895,17,21,2025-11-06 21:59:32.346084,358700.81,6296519.31
PD293,513,VJBC-11,0,0,3,2025-11-06 21:59:34.503459,355779.753,6296337.601
PD293,513,VHXJ-70,5236,15,19,2025-11-06 21:59:34.503465,355779.753,6296337.601
PD293,D09,SVDF-62,2352,5,9,2025-11-06 21:59:34.503466,355779.753,6296337.601
PD293,D09,SVDC-78,2958,7,11,2025-11-06 21:59:34.503467,355779.753,6296337.601
PB1465,B26,FLXP-78,5218,14,18,2025-11-06 21:59:36.609524,344170.691,6302775.849
PB1465,B26,FLXS-47,9503,30,60,2025-11-06 21:59:36.609529,344170.691,6302775.849
PE570,E08,VKJZ-79,1997,4,8,2025-11-06 21:59:38.472724,352615.449,6288164.2
PD202,213e,LCTG-26,2851,7,11,2025-11-06 21:59:40.031241,349288.13,6294494.53
PD202,213e,SRVG-76,4300,12,16,2025-11-06 21:59:40.031246,349288.13,6294494.53
PD202,210,LZRB-91,710,0,2,2025-11-06 21:59:40.031247,349288.13,6294494.53
PD202,210,RWTR-10,773,0,2,2025-11-06 21:59:40.031248,349288.13,6294494.53
PD202,210v,VFRB-13,1193,0,4,2025-11-06 21:59:40.031249,349288.13,6294494.53
PD202,210v,VGKZ-62,2366,5,9,2025-11-06 21:59:40.031249,349288.13,6294494.53
PH302,119,BJFT-14,607,0,2,2025-11-06 21:59:42.132722,343872.474,6291771.945
PH302,119,CJRB-48,3900,10,14,2025-11-06 21:59:42.132726,343872.474,6291771.945
PH302,345,FLXD-71,4339,12,16,2025-11-06 21:59:42.132727,343872.474,6291771.945
PH302,345,FLXD-76,7442,22,26,2025-11-06 21:59:42.132728,343872.474,6291771.945
PA86,509,CJRZ-88,1847,4,8,2025-11-06 21:59:44.203687,345945.354,6298097.69
PA86,509,FDJX-84,2270,5,9,2025-11-06 21:59:44.203692,345945.354,6298097.69
PG683,G01,THTF-84,1999,4,8,2025-11-06 21:59:46.248572,343655.931,6286923.53
PG683,G01,THTD-99,9994,32,60,2025-11-06 21:59:46.248577,343655.931,6286923.53
PI260,307,FLXD-85,4634,13,17,2025-11-06 21:59:48.550509,337358.39,6295250.966
PI260,307,VHSY-11,5302,15,19,2025-11-06 21:59:48.550514,337358.39,6295250.966
PI260,314,VHSZ-46,6198,18,22,2025-11-06 21:59:48.550515,337358.39,6295250.966
PI260,303,FLXF-14,1664,3,7,2025-11-06 21:59:48.550516,337358.39,6295250.966
PI260,303,FLXD-74,2298,5,9,2025-11-06 21:59:48.550516,337358.39,6295250.966
PG421,105,SJPC-44,5046,14,18,2025-11-06 21:59:50.118229,342031.508,6288290.726
PG421,105,SHXD-76,5486,15,19,2025-11-06 21:59:50.118234,342031.508,6288290.726
PG421,121,FLXG-66,2641,6,10,2025-11-06 21:59:50.118235,342031.508,6288290.726
PG421,121,CJRX-50,10888,34,60,2025-11-06 21:59:50.118236,342031.508,6288290.726
PG421,125,BJFX-60,3027,8,12,2025-11-06 21:59:50.118237,342031.508,6288290.726
PG421,125,BJFW-38,7981,23,27,2025-11-06 21:59:50.118238,342031.508,6288290.726
PG421,H03,CJRW-46,2384,6,10,2025-11-06 21:59:50.118238,342031.508,6288290.726
PE725,E18,BJFV-76,347,0,3,2025-11-06 21:59:51.860386,349896.591,6286000.849
PE725,E11,VKJW-94,1639,3,7,2025-11-06 21:59:51.860391,349896.591,6286000.849
PE725,E16,VFKT-60,1671,3,7,2025-11-06 21:59:51.860392,349896.591,6286000.849
PE725,E16,VJXX-62,2971,7,11,2025-11-06 21:59:51.860393,349896.591,6286000.849
PE725,F05,SPZY-25,4558,12,16,2025-11-06 21:59:51.860394,349896.591,6286000.849
PD697,514,PFWZ-90,6599,19,23,2025-11-06 21:59:53.730102,352790.457,6294020.246
PF758,213e,LBTS-82,321,0,3,2025-11-06 21:59:55.849515,353139.931,6283725.514
PF758,213e,LCTG-46,2869,7,11,2025-11-06 21:59:55.849521,353139.931,6283725.514
PF758,210,RYJG-91,2964,7,11,2025-11-06 21:59:55.849522,353139.931,6283725.514
PF758,210,VFPJ-28,2908,7,11,2025-11-06 21:59:55.849523,353139.931,6283725.514
PF758,F13,SRRX-41,2640,6,10,2025-11-06 21:59:55.849524,353139.931,6283725.514
PI535,506e,LZPH-33,9697,31,60,2025-11-06 21:59:57.890609,338568.867,6294454.255
PI535,506e,LXWS-38,9697,31,60,2025-11-06 21:59:57.890613,338568.867,6294454.255
PI535,506v,TBFV-13,3883,10,14,2025-11-06 21:59:57.890615,338568.867,6294454.255
PI535,506v,TBFW-55,8126,26,60,2025-11-06 21:59:57.890615,338568.867,6294454.255
PI535,506,TBFR-31,4182,16,20,2025-11-06 21:59:57.890616,338568.867,6294454.255
PI535,506,FLXV-61,4169,16,20,2025-11-06 21:59:57.890617,338568.867,6294454.255
PI1531,I21,FLXF-81,1522,3,7,2025-11-06 21:59:59.946824,333448.604,6288305.614
PI1531,108,PGPT-33,1836,4,8,2025-11-06 21:59:59.946829,333448.604,6288305.614
PH218,212,LZPW-11,1082,0,3,2025-11-06 22:00:02.114464,348293.82,6291665.5
PH218,212,LZPG-17,2776,7,11,2025-11-06 22:00:02.114469,348293.82,6291665.5
PD499,505,VHZY-60,5771,16,20,2025-11-06 22:00:04.116282,357663.579,6295800.704
PD499,505,SRTH-19,6577,19,23,2025-11-06 22:00:04.116287,357663.579,6295800.704
PD499,510,CJRW-75,452,0,3,2025-11-06 22:00:04.116288,357663.579,6295800.704
PD499,513,VJBC-10,1518,3,7,2025-11-06 22:00:04.116289,357663.579,6295800.704
PD499,513,SRTK-33,1883,4,8,2025-11-06 22:00:04.116290,357663.579,6295800.704
PB1456,B22,SKPS-47,519,0,2,2025-11-06 22:00:05.720677,347826.267,6304375.495
PE112,216,VJKG-37,4458,12,16,2025-11-06 22:00:07.540405,348418.645,6286573.511
PE112,216,LZRB-85,7358,21,25,2025-11-06 22:00:07.540409,348418.645,6286573.511
PE112,E11,VKJZ-42,3430,9,13,2025-11-06 22:00:07.540410,348418.645,6286573.511
PE112,E11,VKJX-45,7016,20,24,2025-11-06 22:00:07.540411,348418.645,6286573.511
PE112,233,SFPG-45,556,0,2,2025-11-06 22:00:07.540412,348418.645,6286573.511
PE112,233,SCRZ-39,890,0,3,2025-11-06 22:00:07.540413,348418.645,6286573.511
PE112,G01,THTD-99,3109,8,12,2025-11-06 22:00:07.540414,348418.645,6286573.511
PE112,203,LZPW-16,1772,4,8,2025-11-06 22:00:07.540414,348418.645,6286573.511
PE112,203,LXWT-91,4445,12,16,2025-11-06 22:00:07.540415,348418.645,6286573.511
PE112,206,FLXX-57,3312,8,12,2025-11-06 22:00:07.540416,348418.645,6286573.511
PE112,206,FLXY-45,4657,13,17,2025-11-06 22:00:07.540417,348418.645,6286573.511
PE112,212,LZPT-54,3964,11,15,2025-11-06 22:00:07.540417,348418.645,6286573.511
PC41,D09,SVDF-80,1197,0,4,2025-11-06 22:00:09.134560,349810.586,6298868.773
PC41,D09,SVDD-58,7407,21,25,2025-11-06 22:00:09.134566,349810.586,6298868.773
PC41,106,PFVH-92,1803,4,8,2025-11-06 22:00:09.134567,349810.586,6298868.773
PC41,106,PFVD-55,6178,18,22,2025-11-06 22:00:09.134568,349810.586,6298868.773
PA542,H13,CJRW-78,3372,9,13,2025-11-06 22:00:11.230157,347555.77,6298157.52
PA542,H13,CJRY-66,5516,15,19,2025-11-06 22:00:11.230162,347555.77,6298157.52
PI1016,404,PFYC-37,3565,9,13,2025-11-06 22:00:13.306418,337952.661,6295231.725
PI1016,404,LXWP-58,4456,12,16,2025-11-06 22:00:13.306422,337952.661,6295231.725
PI1016,I20,FLXK-87,4765,13,17,2025-11-06 22:00:13.306423,337952.661,6295231.725
PI160,509,FLXX-44,3267,8,12,2025-11-06 22:00:15.409831,335371.714,6288540.981
PI160,509,CJRW-73,7466,22,26,2025-11-06 22:00:15.409836,335371.714,6288540.981
PI160,118,CJRX-40,4317,12,16,2025-11-06 22:00:15.409837,335371.714,6288540.981
PI160,118,FLXX-46,5298,15,19,2025-11-06 22:00:15.409838,335371.714,6288540.981
PI160,108,PFYS-20,0,0,3,2025-11-06 22:00:15.409838,335371.714,6288540.981
PI160,108,PFVG-51,2914,7,11,2025-11-06 22:00:15.409839,335371.714,6288540.981
PI160,419,PFBG-12,1290,0,4,2025-11-06 22:00:15.409840,335371.714,6288540.981
PI160,419,PDZH-82,4565,12,16,2025-11-06 22:00:15.409841,335371.714,6288540.981
PG584,F06,SPZY-48,371,0,3,2025-11-06 22:00:18.027574,346912.159,6283332.423
PG584,F06,TXZH-47,4907,13,17,2025-11-06 22:00:18.027579,346912.159,6283332.423
PG584,G28,CJRB-46,3565,9,13,2025-11-06 22:00:18.027580,346912.159,6283332.423
PG584,G28,BJFT-75,9294,29,60,2025-11-06 22:00:18.027581,346912.159,6283332.423
PB1441,B22,SPCG-44,783,0,2,2025-11-06 22:00:19.611648,346565.552,6303819.544
PC313,C09,SKPJ-44,1469,3,7,2025-11-06 22:00:21.391693,357139.323,6302240.926
PC313,C09,SKPJ-75,2704,7,11,2025-11-06 22:00:21.391697,357139.323,6302240.926
PC313,C37,SGPX-13,3806,10,14,2025-11-06 22:00:21.391698,357139.323,6302240.926
PC313,C37,SHXF-15,3806,10,14,2025-11-06 22:00:21.391699,357139.323,6302240.926
PD194,210,LZRD-93,1014,0,3,2025-11-06 22:00:23.506016,350011.0,6291670.0
PD194,210,RWTP-90,3864,10,14,2025-11-06 22:00:23.506022,350011.0,6291670.0
PD194,210v,VGKZ-62,394,0,3,2025-11-06 22:00:23.506024,350011.0,6291670.0
PD194,210v,VGKY-22,1053,0,3,2025-11-06 22:00:23.506025,350011.0,6291670.0
PD194,D14,PGWV-11,226,0,3,2025-11-06 22:00:23.506026,350011.0,6291670.0
PC1084,C03,LWTK-44,583,0,2,2025-11-06 22:00:25.329106,354085.029,6305631.596
PC1084,C03,LWTK-48,1010,0,3,2025-11-06 22:00:25.329111,354085.029,6305631.596
PI221,421,PDYS-16,1029,0,3,2025-11-06 22:00:29.718371,336758.594,6291171.808
PI221,421,PFYG-91,901,0,3,2025-11-06 22:00:29.718376,336758.594,6291171.808
PI221,481,PGPT-50,480,0,2,2025-11-06 22:00:29.718377,336758.594,6291171.808
PI221,481,PGPT-46,918,0,3,2025-11-06 22:00:29.718378,336758.594,6291171.808
PI221,506e,LXWS-36,15430,49,60,2025-11-06 22:00:29.718378,336758.594,6291171.808
PI221,506e,LZPH-29,17183,54,60,2025-11-06 22:00:29.718379,336758.594,6291171.808
PI221,106,PFYS-41,224,0,3,2025-11-06 22:00:29.718380,336758.594,6291171.808
PI221,106,PFYR-90,6903,20,24,2025-11-06 22:00:29.718381,336758.594,6291171.808
PI221,401,PFVL-11,0,0,3,2025-11-06 22:00:29.718382,336758.594,6291171.808
PI221,401,PFVL-21,3239,8,12,2025-11-06 22:00:29.718383,336758.594,6291171.808
PI221,405,PFVL-14,1214,0,4,2025-11-06 22:00:29.718384,336758.594,6291171.808
PI221,405,PFYH-17,3226,8,12,2025-11-06 22:00:29.718385,336758.594,6291171.808
PI221,110,LZPH-38,5012,14,18,2025-11-06 22:00:29.718386,336758.594,6291171.808
PI221,110,LZPH-35,6290,18,22,2025-11-06 22:00:29.718387,336758.594,6291171.808
PI221,111,FLXY-93,1824,4,8,2025-11-06 22:00:29.718388,336758.594,6291171.808
PI221,111,FLXZ-78,5880,17,21,2025-11-06 22:00:29.718388,336758.594,6291171.808
PI221,506,TBFR-45,1150,0,4,2025-11-06 22:00:29.718389,336758.594,6291171.808
PI221,506,TBFX-36,2220,5,9,2025-11-06 22:00:29.718390,336758.594,6291171.808
PI221,506v,PFXC-39,4534,12,16,2025-11-06 22:00:29.718391,336758.594,6291171.808
PI221,506v,FLXW-49,6195,18,22,2025-11-06 22:00:29.718392,336758.594,6291171.808
PI221,I35,SCRZ-31,2011,4,8,2025-11-06 22:00:29.718393,336758.594,6291171.808
PI221,I35,SDSW-82,1995,4,8,2025-11-06 22:00:29.718393,336758.594,6291171.808
PI221,I09,VHTB-42,769,0,2,2025-11-06 22:00:29.718394,336758.594,6291171.808
PI221,I09,RWRP-49,1017,0,3,2025-11-06 22:00:29.718395,336758.594,6291171.808
PI221,I26,PFYR-59,4311,12,16,2025-11-06 22:00:29.718396,336758.594,6291171.808
PI221,I26,PFYT-21,6543,19,23,2025-11-06 22:00:29.718397,336758.594,6291171.808
PG2012,G43,FLXX-31,550,0,2,2025-11-06 22:00:31.812506,344640.01,6279775.01
PA164,345,FLXD-64,4655,13,17,2025-11-06 22:00:33.967195,345078.935,6297818.729
PA164,345,FLXF-19,8230,26,60,2025-11-06 22:00:33.967200,345078.935,6297818.729
PA164,I09,RWRP-61,182,0,3,2025-11-06 22:00:33.967201,345078.935,6297818.729
PA164,I09,VHTB-43,1582,3,7,2025-11-06 22:00:33.967202,345078.935,6297818.729
PA164,106,PFVD-55,104,0,3,2025-11-06 22:00:33.967203,345078.935,6297818.729
PA164,106,PFYT-22,5764,16,20,2025-11-06 22:00:33.967204,345078.935,6297818.729
PA164,510,GCBC-43,5128,14,18,2025-11-06 22:00:33.967205,345078.935,6297818.729
PA164,510,PFXB-87,7864,23,27,2025-11-06 22:00:33.967206,345078.935,6297818.729
PA164,404,PFYC-85,1895,4,8,2025-11-06 22:00:33.967207,345078.935,6297818.729
PA164,404,PFYC-70,8318,26,60,2025-11-06 22:00:33.967208,345078.935,6297818.729
PA164,516,TBFR-50,2029,4,8,2025-11-06 22:00:33.967209,345078.935,6297818.729
PA164,516,GCBC-84,7915,23,27,2025-11-06 22:00:33.967210,345078.935,6297818.729
PA164,422,GCBD-77,1228,0,4,2025-11-06 22:00:33.967211,345078.935,6297818.729
PA164,422,PFXC-58,6003,17,21,2025-11-06 22:00:33.967212,345078.935,6297818.729
PA164,385,FLXK-45,10401,33,60,2025-11-06 22:00:33.967213,345078.935,6297818.729
PA164,385,FLXK-96,10391,33,60,2025-11-06 22:00:33.967214,345078.935,6297818.729
PA164,513,VJBC-60,3929,10,14,2025-11-06 22:00:33.967215,345078.935,6297818.729
PA164,513,SRTK-46,12324,39,60,2025-11-06 22:00:33.967216,345078.935,6297818.729
PA164,519,GCBF-18,435,0,3,2025-11-06 22:00:33.967217,345078.935,6297818.729
PA164,519,PFXB-18,4689,13,17,2025-11-06 22:00:33.967219,345078.935,6297818.729
PB976,B06,SKDG-29,6757,19,23,2025-11-06 22:00:36.041329,345503.563,6305319.737
PB976,B06,SKDH-41,10248,32,60,2025-11-06 22:00:36.041335,345503.563,6305319.737
PB976,B27,FLXT-89,1396,0,4,2025-11-06 22:00:36.041336,345503.563,6305319.737
PB976,B27,FLXS-26,1231,0,4,2025-11-06 22:00:36.041336,345503.563,6305319.737
PA346,401,PFTF-86,249,0,3,2025-11-06 22:00:37.918876,345854.908,6298112.929
PA346,401,PFYG-69,4373,12,16,2025-11-06 22:00:37.918881,345854.908,6298112.929
PA346,405,PDZH-78,763,0,2,2025-11-06 22:00:37.918882,345854.908,6298112.929
PA346,405,PFYH-11,3682,10,14,2025-11-06 22:00:37.918883,345854.908,6298112.929
PA346,419,PFTF-75,1584,3,7,2025-11-06 22:00:37.918884,345854.908,6298112.929
PA346,421,PFYG-45,4115,11,15,2025-11-06 22:00:37.918884,345854.908,6298112.929
PA346,421,PDYR-95,4458,12,16,2025-11-06 22:00:37.918885,345854.908,6298112.929
PA346,423,PFTW-76,2043,4,8,2025-11-06 22:00:37.918886,345854.908,6298112.929
PA346,106,PFVH-95,1749,4,8,2025-11-06 22:00:37.918887,345854.908,6298112.929
PA346,106,PFVH-98,2250,5,9,2025-11-06 22:00:37.918887,345854.908,6298112.929
PB659,408,SRTH-16,1197,0,4,2025-11-06 22:00:40.056716,339983.574,6302731.909
PB659,408,SRTH-20,6317,18,22,2025-11-06 22:00:40.056722,339983.574,6302731.909
PB659,410,LDTG-64,1038,0,3,2025-11-06 22:00:40.056723,339983.574,6302731.909
PB659,410,LFGJ-89,1158,0,4,2025-11-06 22:00:40.056724,339983.574,6302731.909
PE493,E05,BJFS-46,2252,5,9,2025-11-06 22:00:42.139115,348059.652,6289739.516
PE493,E12,VFKR-65,0,0,3,2025-11-06 22:00:42.139120,348059.652,6289739.516
PE493,E12,VJKS-46,5611,16,20,2025-11-06 22:00:42.139121,348059.652,6289739.516
PC806,C09,SGPY-62,2127,5,9,2025-11-06 22:00:44.201113,358685.03,6308591.581
PC806,C09,SHXF-98,3302,8,12,2025-11-06 22:00:44.201119,358685.03,6308591.581
PC806,C19,SKPJ-85,2485,6,10,2025-11-06 22:00:44.201120,358685.03,6308591.581
PJ124,422,PFXB-82,5909,17,21,2025-11-06 22:00:46.241781,338158.27,6298049.268
PJ124,402,SHXG-36,4647,13,17,2025-11-06 22:00:46.241787,338158.27,6298049.268
PJ124,406,PFXC-81,1513,7,11,2025-11-06 22:00:46.241788,338158.27,6298049.268
PJ124,406,TBFR-93,2142,10,14,2025-11-06 22:00:46.241789,338158.27,6298049.268
PJ124,407,GCBD-83,4765,13,17,2025-11-06 22:00:46.241790,338158.27,6298049.268
PJ124,426,FLXH-90,4596,13,17,2025-11-06 22:00:46.241791,338158.27,6298049.268
PJ124,426,BJFB-15,4645,13,17,2025-11-06 22:00:46.241792,338158.27,6298049.268
PJ86,110,LXWS-35,250,0,3,2025-11-06 22:00:50.729095,338190.813,6298771.348
PJ86,110,LZPH-22,4257,11,15,2025-11-06 22:00:50.729100,338190.813,6298771.348
PI608,509,CJRW-73,2161,5,9,2025-11-06 22:00:52.482940,337791.948,6291366.84
PI608,509,CJRW-54,6692,19,23,2025-11-06 22:00:52.482946,337791.948,6291366.84
PI608,423,PFYT-20,1336,0,4,2025-11-06 22:00:52.482947,337791.948,6291366.84
PI608,423,PFVC-58,5289,15,19,2025-11-06 22:00:52.482948,337791.948,6291366.84
PI608,I02,FLXY-79,652,0,2,2025-11-06 22:00:52.482949,337791.948,6291366.84
PI608,I02,FLXZ-41,2267,5,9,2025-11-06 22:00:52.482950,337791.948,6291366.84
PI924,I04,FLXL-13,3229,8,12,2025-11-06 22:00:54.052037,340628.148,6294582.106
PI924,I17,FLXK-89,1462,3,7,2025-11-06 22:00:54.052043,340628.148,6294582.106
PI924,I17,FLXL-78,5585,16,20,2025-11-06 22:00:54.052044,340628.148,6294582.106
PC1249,409,SKHL-35,235,0,3,2025-11-06 22:00:57.402253,360738.71,6307582.05
PC1249,409,SKWD-33,3722,10,14,2025-11-06 22:00:57.402258,360738.71,6307582.05
PC1249,C01,LDJJ-62,1952,4,8,2025-11-06 22:00:57.402260,360738.71,6307582.05
PC1249,C01,LDJJ-71,2491,6,10,2025-11-06 22:00:57.402260,360738.71,6307582.05
PJ386,J18,VHZY-11,1750,4,8,2025-11-06 22:00:59.042679,336521.637,6299531.552
PJ386,J18,VHZW-81,3801,10,14,2025-11-06 22:00:59.042684,336521.637,6299531.552
PJ386,J10,VHZY-81,1493,3,7,2025-11-06 22:00:59.042685,336521.637,6299531.552
PB777,B02,FLXR-74,4950,14,18,2025-11-06 22:01:01.130988,347880.27,6306375.203
PB777,B02,FLXR-81,5548,16,20,2025-11-06 22:01:01.130993,347880.27,6306375.203
PB777,C18,SHCW-64,240,0,3,2025-11-06 22:01:01.130994,347880.27,6306375.203
PB777,C18,SHCW-77,4776,13,17,2025-11-06 22:01:01.130995,347880.27,6306375.203
PF1186,F01,SPVT-88,2286,5,9,2025-11-06 22:01:03.233236,358186.0,6279600.0
PF1186,F01,SPVW-11,4568,12,16,2025-11-06 22:01:03.233241,358186.0,6279600.0
PH631,H09,VGRF-55,8298,26,60,2025-11-06 22:01:05.316779,346655.857,6293157.257
PB465,303,FLXF-13,2787,7,11,2025-11-06 22:01:07.349204,337876.76,6306257.75
PB465,303,FLXK-85,3192,8,12,2025-11-06 22:01:07.349208,337876.76,6306257.75
PB465,B45,FLXJ-50,845,0,3,2025-11-06 22:01:07.349210,337876.76,6306257.75
PB465,B45,FLXF-45,4447,12,16,2025-11-06 22:01:07.349210,337876.76,6306257.75
PJ1819,514,FLXW-59,6334,18,22,2025-11-06 22:01:08.934220,341290.94,6297574.25
PJ1819,514,FLXV-51,9812,31,60,2025-11-06 22:01:08.934225,341290.94,6297574.25
PJ1819,J19,VGVF-43,3158,8,12,2025-11-06 22:01:08.934227,341290.94,6297574.25
PE1299,E16,VFHW-73,1361,0,4,2025-11-06 22:01:10.772982,352235.62,6284399.43
PB119,722,STHJ-74,8303,26,60,2025-11-06 22:01:12.824373,347713.943,6304802.849
PB119,722,STHL-27,12282,39,60,2025-11-06 22:01:12.824378,347713.943,6304802.849
PB119,425,SHXD-80,3976,11,15,2025-11-06 22:01:12.824379,347713.943,6304802.849
PB119,425,SGPY-83,4837,13,17,2025-11-06 22:01:12.824380,347713.943,6304802.849
PB119,429,SHCV-70,1027,0,3,2025-11-06 22:01:12.824381,347713.943,6304802.849
PB119,429,SLLY-86,3835,10,14,2025-11-06 22:01:12.824382,347713.943,6304802.849
PB119,435,SLLY-78,2713,7,11,2025-11-06 22:01:12.824383,347713.943,6304802.849
PB119,435,SLPC-25,5714,16,20,2025-11-06 22:01:12.824384,347713.943,6304802.849
PC820,C09,SGPY-73,1177,0,4,2025-11-06 22:01:14.828462,359015.738,6302717.626
PC820,C09,SKPJ-76,5213,14,18,2025-11-06 22:01:14.828467,359015.738,6302717.626
PJ84,110,LZPH-22,3756,10,14,2025-11-06 22:01:16.537363,338221.337,6298031.473
PJ84,110,LXWR-83,5770,16,20,2025-11-06 22:01:16.537368,338221.337,6298031.473
PJ84,110c,PFXB-74,1970,4,8,2025-11-06 22:01:16.537370,338221.337,6298031.473
PD709,D15,SVDF-45,5225,15,19,2025-11-06 22:01:17.915170,354021.281,6297945.542
PD709,D02,SVDF-69,1844,4,8,2025-11-06 22:01:17.915176,354021.281,6297945.542
PI511,419,PDZH-82,1253,0,4,2025-11-06 22:01:19.966683,335062.813,6291135.726
PI511,419,PFBG-13,2866,7,11,2025-11-06 22:01:19.966688,335062.813,6291135.726
PI511,I07,VHSX-78,633,0,2,2025-11-06 22:01:19.966689,335062.813,6291135.726
PI511,I07,VHSX-82,2907,7,11,2025-11-06 22:01:19.966690,335062.813,6291135.726
